
╍╍╍╍╍╍╍╍╍╍╍╍╍╍╍╍╍╍╍╍╍╍╍╍╍╍╍ Process settings ╍╍╍╍╍╍╍╍╍╍╍╍╍╍╍╍╍╍╍╍╍╍╍╍╍╍╍
   proton-proton collisions at sqrt(s) = 13000 GeV 
   Computing NNLO+NNLL resummed cross section
   W+ ->  nu(p3)+e+(p4) production 

╍╍╍╍╍╍╍╍╍╍╍╍╍╍╍╍╍╍╍╍╍╍╍╍╍╍╍╍╍╍ CKM matrix ╍╍╍╍╍╍╍╍╍╍╍╍╍╍╍╍╍╍╍╍╍╍╍╍╍╍╍╍╍╍
     | Vud Vus Vub |   |   0.97427   0.2253  0.00351 | 
     | Vcd Vcs Vcb | = |    0.2252  0.97344   0.0412 | 
     | Vtd Vts Vtb |   |         0        0        0 | 

╍╍╍╍╍╍╍╍╍╍╍╍╍╍╍╍╍╍╍╍╍╍╍╍╍╍╍╍╍ EW parameters ╍╍╍╍╍╍╍╍╍╍╍╍╍╍╍╍╍╍╍╍╍╍╍╍╍╍╍╍
                                         Gf =  1.1663787e-05      GeV^-2
                                    1/alpha =  132.233229791            
                                 sin(thW)^2 = 0.222897222524            
                                     W mass =         80.385         GeV
                                     Z mass =        91.1876         GeV
                                    W width =          2.091         GeV
                                    Z width =          2.495         GeV

╍╍╍╍╍╍╍╍╍╍╍╍╍╍╍╍╍╍╍╍╍╍╍╍╍╍╍╍╍ QCD settings ╍╍╍╍╍╍╍╍╍╍╍╍╍╍╍╍╍╍╍╍╍╍╍╍╍╍╍╍╍
   Renormalization scale:     dynamic muren =              1      * m_ll
     Factorization scale:     dynamic mufac =              2      * m_ll
       Resummation scale:     dynamic mures =              1      * m_ll
          Strong coupling       alpha_s(MZ) =       0.118001            
                              running order =              3       -loop
         Non-perturbative     form factor g =            0.7       GeV^2

╍╍╍╍╍╍╍╍╍╍╍╍╍╍╍╍╍╍╍╍╍╍╍╍╍╍╍╍╍ PDF settings ╍╍╍╍╍╍╍╍╍╍╍╍╍╍╍╍╍╍╍╍╍╍╍╍╍╍╍╍╍
                                     PDF set:MSHT20nnlo_as118            
                                  PDF member:              0            
  Mellin moments of PDFs:                    Numerical integration            
                         nodes for the quadrature:            200            
                         Intervals for the quadrature:              1            

╍╍╍╍╍╍╍╍╍╍╍╍╍╍╍╍╍╍╍╍╍╍╍╍╍╍╍╍╍╍╍ qT recoil ╍╍╍╍╍╍╍╍╍╍╍╍╍╍╍╍╍╍╍╍╍╍╍╍╍╍╍╍╍╍
  qt-recoil prescription:       Collins-Soper kt1 = p_V(x)/2; kt2 = p_V(y)/2            

╍╍╍╍╍╍╍╍╍╍╍╍╍╍╍╍╍╍╍╍╍╍╍╍╍╍╍╍╍╍╍╍╍ Cuts ╍╍╍╍╍╍╍╍╍╍╍╍╍╍╍╍╍╍╍╍╍╍╍╍╍╍╍╍╍╍╍╍╍
                                  apply cuts:           true            
                                      pt_l >               0            
                                   |eta_l| <            1000            
                                    pt_lep >              25            
                                 |eta_lep| <             2.4            
                                   pt_alep >              25            
                                |eta_alep| <             2.4            
                                  user cuts:            true            

╍╍╍╍╍╍╍╍╍╍╍╍╍╍╍╍╍╍╍╍╍╍╍╍╍╍╍╍ ResummationDamp ╍╍╍╍╍╍╍╍╍╍╍╍╍╍╍╍╍╍╍╍╍╍╍╍╍╍╍
                                    damping :             on            
                                damping mode:              1            
                                  damp above:        60.2888         GeV
                               damping width:        20.0963         GeV
                          resummation cutoff:             20         MeV

╍╍╍╍╍╍╍╍╍╍╍╍╍╍╍╍╍╍╍╍╍╍╍╍╍╍╍╍ Debug settings ╍╍╍╍╍╍╍╍╍╍╍╍╍╍╍╍╍╍╍╍╍╍╍╍╍╍╍╍
                                 timeprofile:          false            
                                     verbose:          false            
                               cubaverbosity:              2            

╍╍╍╍╍╍╍╍╍╍╍╍╍╍╍╍╍╍╍╍╍╍╍╍╍╍╍╍╍╍╍╍╍╍╍╍╍╍╍╍╍╍╍╍╍╍╍╍╍╍╍╍╍╍╍╍╍╍╍╍╍╍╍╍╍╍╍╍╍╍╍╍

Warning: Histogram `a1_qt` contains non-integrable observable and will be deleted 
Warning: Histogram `a1_qt_vs_y` contains non-integrable observable and will be deleted 
Warning: Histogram `s_biganswer` contains non-integrable observable and will be deleted 
Warning: Histogram `wgt_a1_qt` contains non-integrable observable and will be deleted 

╍╍╍╍╍╍╍╍╍╍╍╍╍╍╍╍╍╍╍╍╍╍╍╍╍ Integration settings ╍╍╍╍╍╍╍╍╍╍╍╍╍╍╍╍╍╍╍╍╍╍╍╍╍
             Random seeds              123456                           
           Parallel cores                   1                           

             Resummation:     cuhre (dm, dpt)         iter =           5
                                   gauss (dy)        nodes =          64
                                                 intervals =           1
            Counter term:      cuhre (dm, dy)         iter =           5
                                  gauss (dpt)        nodes =          20
                                                 intervals =           5
                V+J Real:               vegas       ncalls =    50000000
             V+J Virtual:               vegas       ncalls =     5000000

Mellin inverse transform:           gaussian         nodes =          30
                                                 intervals =           1
                               imaginary axis         zmax =           2
  Angular variable costh:     semi-analytical      ncstart =         100
   Angular variables phi:            gaussian    intervals =          20

      Constant boundaries                  q2          low =          80
                                                      high =         100
                                            y          low =          -6
                                                      high =           6
                                        costh          low =          -1
                                                      high =           1
                                       eta(l)          low =         -10
                                                      high =          10

┏━━━━━━━━━━━━━━┰━━━━━━━━━━━━━━┰━━━━━━━━━━━━━━━━━━━━━━━━━━━━━━━━━━┰━━━━━━━━━━━━━━━━━━━━━━━━━━━━━━━━━━┰━━━━━━━━━━━━━━━━━━━━━━━━━━━━━━━━━━┰━━━━━━━━━━━━━━━━━━━━━━━━━━━━━━━━━━┰━━━━━━━━━━━━━━━━━━━━━━━━━━━━━━━━━━┓
┃           qT ┃        pT(l) ┃                      Resummation ┃                     Counter term ┃                         V+J Real ┃                      V+J Virtual ┃                            TOTAL ┃
┣━━━━━━━━━━━━━━╋━━━━━━━━━━━━━━╋━━━━━━━━━━━━━━━━━━━━━━━━━━━━━━━━━━╋━━━━━━━━━━━━━━━━━━━━━━━━━━━━━━━━━━╋━━━━━━━━━━━━━━━━━━━━━━━━━━━━━━━━━━╋━━━━━━━━━━━━━━━━━━━━━━━━━━━━━━━━━━╋━━━━━━━━━━━━━━━━━━━━━━━━━━━━━━━━━━┫
┃   92 -    94 ┃   25 -    26 ┃   2.539 ± 0.0012        (12.9mi) ┃ -2.0862 ± 0.0011        (  32mi) ┃Vegas input parameters:
  ndim 10
  ncomp 1
  nvec 1
  epsrel 0
  epsabs 0
  flags 10
  seed 123456
  mineval 50000000
  maxeval 50000000
  nstart 1000000
  nincrease 1000000
  nbatch 5000
  gridno 0
  statefile ""

Iteration 1:  1000000 integrand evaluations so far
[1] 1127.82 +- 995.911  	chisq 0 (0 df)

Iteration 2:  3000000 integrand evaluations so far
[1] 8.73732 +- 10.4459  	chisq 1.26279 (1 df)

Iteration 3:  6000000 integrand evaluations so far
[1] 10.5142 +- 10.1129  	chisq 1.72393 (2 df)

Iteration 4:  10000000 integrand evaluations so far
[1] 0.0393857 +- 1.72132  	chisq 2.8288 (3 df)

Iteration 5:  15000000 integrand evaluations so far
[1] 0.0454273 +- 1.72129  	chisq 3.27163 (4 df)

Iteration 6:  21000000 integrand evaluations so far
[1] 0.385892 +- 1.58823  	chisq 3.53484 (5 df)

Iteration 7:  28000000 integrand evaluations so far
[1] 0.329528 +- 1.58669  	chisq 4.18595 (6 df)

Iteration 8:  36000000 integrand evaluations so far
[1] 0.368605 +- 1.5841  	chisq 4.37204 (7 df)

Iteration 9:  45000000 integrand evaluations so far
[1] 0.317994 +- 1.58268  	chisq 4.94122 (8 df)

Iteration 10:  55000000 integrand evaluations so far
[1] 0.467837 +- 1.57846  	chisq 6.62544 (9 df)
     0.5 ±    1.6        (2.87mi) ┃Vegas input parameters:
  ndim 8
  ncomp 1
  nvec 1
  epsrel 0
  epsabs 0
  flags 10
  seed 123456
  mineval 5000000
  maxeval 50000000
  nstart 1000000
  nincrease 1000000
  nbatch 5000
  gridno 0
  statefile ""

Iteration 1:  1000000 integrand evaluations so far
[1] 66.3979 +- 24.922  	chisq 0 (0 df)

Iteration 2:  3000000 integrand evaluations so far
[1] 8.67545 +- 4.16607  	chisq 5.51862 (1 df)

Iteration 3:  6000000 integrand evaluations so far
[1] 2.47665 +- 0.582837  	chisq 7.77675 (2 df)

Iteration 4:  10000000 integrand evaluations so far
[1] 2.55627 +- 0.582302  	chisq 17.9595 (3 df)

Iteration 5:  15000000 integrand evaluations so far
[1] 2.71538 +- 0.580894  	chisq 33.4116 (4 df)

Iteration 6:  21000000 integrand evaluations so far
[1] 3.56163 +- 0.571297  	chisq 98.1791 (5 df)

Iteration 7:  28000000 integrand evaluations so far
[1] 3.75967 +- 0.569907  	chisq 122.905 (6 df)

Iteration 8:  36000000 integrand evaluations so far
[1] 5.08879 +- 0.557909  	chisq 253.454 (7 df)

Iteration 9:  45000000 integrand evaluations so far
[1] 8.33245 +- 0.529099  	chisq 589.414 (8 df)

Iteration 10:  55000000 integrand evaluations so far
[1] 9.34905 +- 0.521874  	chisq 725.519 (9 df)
    9.35 ±   0.52        (1.01mi) ┃    10.3 ±    1.7        (48.8mi) ┃
┃   92 -    94 ┃   26 -    27 ┃  2.5812 ± 0.0012        (3.75mi) ┃-2.09001 ± 0.00027        (31.7mi) ┃Vegas input parameters:
  ndim 10
  ncomp 1
  nvec 1
  epsrel 0
  epsabs 0
  flags 10
  seed 123456
  mineval 50000000
  maxeval 50000000
  nstart 1000000
  nincrease 1000000
  nbatch 5000
  gridno 0
  statefile ""

Iteration 1:  1000000 integrand evaluations so far
[1] 89.6748 +- 65.327  	chisq 0 (0 df)

Iteration 2:  3000000 integrand evaluations so far
[1] 99.4192 +- 64.281  	chisq 0.700411 (1 df)

Iteration 3:  6000000 integrand evaluations so far
[1] 74.0723 +- 46.4707  	chisq 1.02612 (2 df)

Iteration 4:  10000000 integrand evaluations so far
[1] -10.3068 +- 12.4698  	chisq 4.57888 (3 df)

Iteration 5:  15000000 integrand evaluations so far
[1] -7.11813 +- 12.1291  	chisq 5.79209 (4 df)

Iteration 6:  21000000 integrand evaluations so far
[1] -2.79465 +- 9.3783  	chisq 6.10804 (5 df)

Iteration 7:  28000000 integrand evaluations so far
[1] 1.02385 +- 8.00016  	chisq 6.71685 (6 df)

Iteration 8:  36000000 integrand evaluations so far
[1] 3.0805 +- 7.80183  	chisq 8.06648 (7 df)

Iteration 9:  45000000 integrand evaluations so far
[1] 4.02755 +- 7.68013  	chisq 8.54253 (8 df)

Iteration 10:  55000000 integrand evaluations so far
[1] 4.86936 +- 7.6567  	chisq 10.5144 (9 df)
     4.9 ±    7.7        (2.88mi) ┃Vegas input parameters:
  ndim 8
  ncomp 1
  nvec 1
  epsrel 0
  epsabs 0
  flags 10
  seed 123456
  mineval 5000000
  maxeval 50000000
  nstart 1000000
  nincrease 1000000
  nbatch 5000
  gridno 0
  statefile ""

Iteration 1:  1000000 integrand evaluations so far
[1] 49.3415 +- 14.6332  	chisq 0 (0 df)

Iteration 2:  3000000 integrand evaluations so far
[1] 5.89017 +- 2.31299  	chisq 9.04304 (1 df)

Iteration 3:  6000000 integrand evaluations so far
[1] 7.72731 +- 2.09843  	chisq 12.6088 (2 df)

Iteration 4:  10000000 integrand evaluations so far
[1] 10.1083 +- 1.61997  	chisq 15.7952 (3 df)

Iteration 5:  15000000 integrand evaluations so far
[1] 11.85 +- 1.547  	chisq 28.9233 (4 df)

Iteration 6:  21000000 integrand evaluations so far
[1] 15.6539 +- 1.36232  	chisq 55.8539 (5 df)

Iteration 7:  28000000 integrand evaluations so far
[1] 19.5633 +- 1.21157  	chisq 95.2424 (6 df)

Iteration 8:  36000000 integrand evaluations so far
[1] 21.6532 +- 1.13873  	chisq 120.753 (7 df)

Iteration 9:  45000000 integrand evaluations so far
[1] 27.4242 +- 0.873042  	chisq 183.064 (8 df)

Iteration 10:  55000000 integrand evaluations so far
[1] 28.2552 +- 0.842618  	chisq 196.294 (9 df)
   28.26 ±   0.84        (1.03mi) ┃    33.6 ±    7.7        (39.4mi) ┃
┃   92 -    94 ┃   27 -    28 ┃  3.4674 ± 0.0016        (   3mi) ┃-2.81063 ± 0.0008        (15.6mi) ┃Vegas input parameters:
  ndim 10
  ncomp 1
  nvec 1
  epsrel 0
  epsabs 0
  flags 10
  seed 123456
  mineval 50000000
  maxeval 50000000
  nstart 1000000
  nincrease 1000000
  nbatch 5000
  gridno 0
  statefile ""

Iteration 1:  1000000 integrand evaluations so far
[1] -20.7541 +- 10.6275  	chisq 0 (0 df)

Iteration 2:  3000000 integrand evaluations so far
[1] -8.09357 +- 8.35928  	chisq 3.72189 (1 df)

Iteration 3:  6000000 integrand evaluations so far
[1] -7.28745 +- 8.30208  	chisq 4.40371 (2 df)

Iteration 4:  10000000 integrand evaluations so far
[1] -7.02119 +- 8.29688  	chisq 5.2246 (3 df)

Iteration 5:  15000000 integrand evaluations so far
[1] -8.5347 +- 7.96848  	chisq 5.65346 (4 df)

Iteration 6:  21000000 integrand evaluations so far
[1] -9.11008 +- 7.94213  	chisq 6.44295 (5 df)

Iteration 7:  28000000 integrand evaluations so far
[1] -3.68846 +- 6.46022  	chisq 7.82017 (6 df)

Iteration 8:  36000000 integrand evaluations so far
[1] -5.81004 +- 5.66724  	chisq 8.28821 (7 df)

Iteration 9:  45000000 integrand evaluations so far
[1] -1.90083 +- 4.23136  	chisq 9.3634 (8 df)

Iteration 10:  55000000 integrand evaluations so far
[1] -1.51585 +- 4.20862  	chisq 10.1357 (9 df)
    -1.5 ±    4.2        ( 2.9mi) ┃Vegas input parameters:
  ndim 8
  ncomp 1
  nvec 1
  epsrel 0
  epsabs 0
  flags 10
  seed 123456
  mineval 5000000
  maxeval 50000000
  nstart 1000000
  nincrease 1000000
  nbatch 5000
  gridno 0
  statefile ""

Iteration 1:  1000000 integrand evaluations so far
[1] 60.2189 +- 15.0169  	chisq 0 (0 df)

Iteration 2:  3000000 integrand evaluations so far
[1] 24.3274 +- 6.87381  	chisq 7.22666 (1 df)

Iteration 3:  6000000 integrand evaluations so far
[1] 24.823 +- 6.85846  	chisq 8.39272 (2 df)

Iteration 4:  10000000 integrand evaluations so far
[1] 18.8472 +- 3.52265  	chisq 9.42392 (3 df)

Iteration 5:  15000000 integrand evaluations so far
[1] 20.8073 +- 3.34582  	chisq 12.587 (4 df)

Iteration 6:  21000000 integrand evaluations so far
[1] 24.629 +- 2.46858  	chisq 15.4505 (5 df)

Iteration 7:  28000000 integrand evaluations so far
[1] 27.3822 +- 2.2364  	chisq 22.3896 (6 df)

Iteration 8:  36000000 integrand evaluations so far
[1] 32.2846 +- 1.34406  	chisq 29.9117 (7 df)

Iteration 9:  45000000 integrand evaluations so far
[1] 32.3053 +- 1.34392  	chisq 31.0408 (8 df)

Iteration 10:  55000000 integrand evaluations so far
[1] 32.58 +- 1.32478  	chisq 32.5188 (9 df)
    32.6 ±    1.3        ( 58.6s) ┃    31.7 ±    4.4        (22.5mi) ┃
┃   92 -    94 ┃   28 -    29 ┃  2.8405 ± 0.0012        (6.72mi) ┃-2.32478 ± 0.00045        (15.2mi) ┃Vegas input parameters:
  ndim 10
  ncomp 1
  nvec 1
  epsrel 0
  epsabs 0
  flags 10
  seed 123456
  mineval 50000000
  maxeval 50000000
  nstart 1000000
  nincrease 1000000
  nbatch 5000
  gridno 0
  statefile ""

Iteration 1:  1000000 integrand evaluations so far
[1] -629.593 +- 619.849  	chisq 0 (0 df)

Iteration 2:  3000000 integrand evaluations so far
[1] -25.1865 +- 28.5366  	chisq 0.952813 (1 df)

Iteration 3:  6000000 integrand evaluations so far
[1] -2.11174 +- 1.67171  	chisq 1.6089 (2 df)

Iteration 4:  10000000 integrand evaluations so far
[1] -1.97056 +- 1.4837  	chisq 1.6425 (3 df)

Iteration 5:  15000000 integrand evaluations so far
[1] -1.87331 +- 1.47177  	chisq 1.9108 (4 df)

Iteration 6:  21000000 integrand evaluations so far
[1] -1.92914 +- 1.47029  	chisq 2.62353 (5 df)

Iteration 7:  28000000 integrand evaluations so far
[1] -1.91652 +- 1.46619  	chisq 2.63675 (6 df)

Iteration 8:  36000000 integrand evaluations so far
[1] -1.94488 +- 1.45253  	chisq 2.65693 (7 df)

Iteration 9:  45000000 integrand evaluations so far
[1] -1.84808 +- 1.4497  	chisq 3.79785 (8 df)

Iteration 10:  55000000 integrand evaluations so far
[1] -1.85938 +- 1.4331  	chisq 3.80051 (9 df)
    -1.9 ±    1.4        (2.93mi) ┃Vegas input parameters:
  ndim 8
  ncomp 1
  nvec 1
  epsrel 0
  epsabs 0
  flags 10
  seed 123456
  mineval 5000000
  maxeval 50000000
  nstart 1000000
  nincrease 1000000
  nbatch 5000
  gridno 0
  statefile ""

Iteration 1:  1000000 integrand evaluations so far
[1] 55.5745 +- 16.5924  	chisq 0 (0 df)

Iteration 2:  3000000 integrand evaluations so far
[1] 26.706 +- 9.02205  	chisq 4.29782 (1 df)

Iteration 3:  6000000 integrand evaluations so far
[1] 2.76798 +- 0.855971  	chisq 11.4017 (2 df)

Iteration 4:  10000000 integrand evaluations so far
[1] 3.06246 +- 0.842672  	chisq 15.2405 (3 df)

Iteration 5:  15000000 integrand evaluations so far
[1] 3.21586 +- 0.84115  	chisq 24.4219 (4 df)

Iteration 6:  21000000 integrand evaluations so far
[1] 3.48369 +- 0.837972  	chisq 37.8658 (5 df)

Iteration 7:  28000000 integrand evaluations so far
[1] 4.30983 +- 0.825171  	chisq 69.9248 (6 df)

Iteration 8:  36000000 integrand evaluations so far
[1] 7.698 +- 0.772133  	chisq 205.429 (7 df)

Iteration 9:  45000000 integrand evaluations so far
[1] 8.0401 +- 0.768027  	chisq 223.937 (8 df)

Iteration 10:  55000000 integrand evaluations so far
[1] 11.2175 +- 0.72594  	chisq 384.498 (9 df)
   11.22 ±   0.73        (   1mi) ┃     9.9 ±    1.6        (25.8mi) ┃
┃   92 -    94 ┃   29 -    30 ┃  2.4842 ± 0.0012        ( 34.9s) ┃-2.01767 ± 0.00011        (31.7mi) ┃Vegas input parameters:
  ndim 10
  ncomp 1
  nvec 1
  epsrel 0
  epsabs 0
  flags 10
  seed 123456
  mineval 50000000
  maxeval 50000000
  nstart 1000000
  nincrease 1000000
  nbatch 5000
  gridno 0
  statefile ""

Iteration 1:  1000000 integrand evaluations so far
[1] 596.942 +- 617.793  	chisq 0 (0 df)

Iteration 2:  3000000 integrand evaluations so far
[1] 11.1746 +- 41.9819  	chisq 0.903181 (1 df)

Iteration 3:  6000000 integrand evaluations so far
[1] -20.8106 +- 16.0161  	chisq 1.58252 (2 df)

Iteration 4:  10000000 integrand evaluations so far
[1] 0.366299 +- 2.58983  	chisq 3.37773 (3 df)

Iteration 5:  15000000 integrand evaluations so far
[1] 0.311285 +- 2.58937  	chisq 4.65365 (4 df)

Iteration 6:  21000000 integrand evaluations so far
[1] -1.2985 +- 1.25489  	chisq 5.15879 (5 df)

Iteration 7:  28000000 integrand evaluations so far
[1] -1.39755 +- 1.25082  	chisq 6.11927 (6 df)

Iteration 8:  36000000 integrand evaluations so far
[1] -1.42612 +- 1.25038  	chisq 6.87266 (7 df)

Iteration 9:  45000000 integrand evaluations so far
[1] -1.43195 +- 1.25036  	chisq 7.50116 (8 df)

Iteration 10:  55000000 integrand evaluations so far
[1] -1.50804 +- 1.24099  	chisq 7.74897 (9 df)
    -1.5 ±    1.2        (2.84mi) ┃Vegas input parameters:
  ndim 8
  ncomp 1
  nvec 1
  epsrel 0
  epsabs 0
  flags 10
  seed 123456
  mineval 5000000
  maxeval 50000000
  nstart 1000000
  nincrease 1000000
  nbatch 5000
  gridno 0
  statefile ""

Iteration 1:  1000000 integrand evaluations so far
[1] 56.4722 +- 16.2352  	chisq 0 (0 df)

Iteration 2:  3000000 integrand evaluations so far
[1] 3.7442 +- 1.20481  	chisq 10.6063 (1 df)

Iteration 3:  6000000 integrand evaluations so far
[1] 4.77872 +- 0.920517  	chisq 12.3776 (2 df)

Iteration 4:  10000000 integrand evaluations so far
[1] 5.17504 +- 0.907758  	chisq 19.111 (3 df)

Iteration 5:  15000000 integrand evaluations so far
[1] 5.54759 +- 0.898672  	chisq 27.5669 (4 df)

Iteration 6:  21000000 integrand evaluations so far
[1] 6.64453 +- 0.873585  	chisq 54.631 (5 df)

Iteration 7:  28000000 integrand evaluations so far
[1] 8.89767 +- 0.827005  	chisq 118.719 (6 df)

Iteration 8:  36000000 integrand evaluations so far
[1] 11.1746 +- 0.795297  	chisq 219.508 (7 df)

Iteration 9:  45000000 integrand evaluations so far
[1] 15.3911 +- 0.727121  	chisq 390.8 (8 df)

Iteration 10:  55000000 integrand evaluations so far
[1] 21.6115 +- 0.612191  	chisq 642.169 (9 df)
   21.61 ±   0.61        ( 58.9s) ┃    20.6 ±    1.4        (36.1mi) ┃
┃   92 -    94 ┃   30 -    31 ┃  3.6878 ± 0.0025        ( 34.1s) ┃ -2.9781 ± 0.0016        (14.9mi) ┃Vegas input parameters:
  ndim 10
  ncomp 1
  nvec 1
  epsrel 0
  epsabs 0
  flags 10
  seed 123456
  mineval 50000000
  maxeval 50000000
  nstart 1000000
  nincrease 1000000
  nbatch 5000
  gridno 0
  statefile ""

Iteration 1:  1000000 integrand evaluations so far
[1] 14.8776 +- 23.7155  	chisq 0 (0 df)

Iteration 2:  3000000 integrand evaluations so far
[1] 22.3147 +- 18.3459  	chisq 0.244904 (1 df)

Iteration 3:  6000000 integrand evaluations so far
[1] 8.15629 +- 15.5552  	chisq 2.36377 (2 df)

Iteration 4:  10000000 integrand evaluations so far
[1] 9.37558 +- 15.5034  	chisq 3.28658 (3 df)

Iteration 5:  15000000 integrand evaluations so far
[1] 9.08819 +- 12.9528  	chisq 3.28772 (4 df)

Iteration 6:  21000000 integrand evaluations so far
[1] 3.89179 +- 5.48655  	chisq 3.48385 (5 df)

Iteration 7:  28000000 integrand evaluations so far
[1] 4.51225 +- 5.45454  	chisq 4.58297 (6 df)

Iteration 8:  36000000 integrand evaluations so far
[1] 5.10749 +- 5.02732  	chisq 4.66209 (7 df)

Iteration 9:  45000000 integrand evaluations so far
[1] 5.27141 +- 4.54214  	chisq 4.66788 (8 df)

Iteration 10:  55000000 integrand evaluations so far
[1] 3.8883 +- 4.11288  	chisq 5.18277 (9 df)
     3.9 ±    4.1        (2.82mi) ┃Vegas input parameters:
  ndim 8
  ncomp 1
  nvec 1
  epsrel 0
  epsabs 0
  flags 10
  seed 123456
  mineval 5000000
  maxeval 50000000
  nstart 1000000
  nincrease 1000000
  nbatch 5000
  gridno 0
  statefile ""

Iteration 1:  1000000 integrand evaluations so far
[1] 27.2824 +- 9.71025  	chisq 0 (0 df)

Iteration 2:  3000000 integrand evaluations so far
[1] 9.0335 +- 3.05699  	chisq 3.92052 (1 df)

Iteration 3:  6000000 integrand evaluations so far
[1] 9.47842 +- 3.04192  	chisq 6.07347 (2 df)

Iteration 4:  10000000 integrand evaluations so far
[1] 9.54159 +- 3.0414  	chisq 7.34396 (3 df)

Iteration 5:  15000000 integrand evaluations so far
[1] 12.5613 +- 2.38566  	chisq 9.90635 (4 df)

Iteration 6:  21000000 integrand evaluations so far
[1] 12.8327 +- 2.38085  	chisq 13.1171 (5 df)

Iteration 7:  28000000 integrand evaluations so far
[1] 13.794 +- 2.32338  	chisq 16.5359 (6 df)

Iteration 8:  36000000 integrand evaluations so far
[1] 18.0824 +- 2.00366  	chisq 29.8289 (7 df)

Iteration 9:  45000000 integrand evaluations so far
[1] 23.8286 +- 1.4838  	chisq 48.0412 (8 df)

Iteration 10:  55000000 integrand evaluations so far
[1] 27.4113 +- 1.15208  	chisq 62.7214 (9 df)
    27.4 ±    1.2        ( 59.8s) ┃      32 ±    4.3        (19.3mi) ┃
┃   92 -    94 ┃   31 -    32 ┃ 2.44677 ± 0.00035        (12.6mi) ┃ -1.9886 ±  0.001        (28.9mi) ┃Vegas input parameters:
  ndim 10
  ncomp 1
  nvec 1
  epsrel 0
  epsabs 0
  flags 10
  seed 123456
  mineval 50000000
  maxeval 50000000
  nstart 1000000
  nincrease 1000000
  nbatch 5000
  gridno 0
  statefile ""

Iteration 1:  1000000 integrand evaluations so far
[1] -11.7099 +- 11.1661  	chisq 0 (0 df)

Iteration 2:  3000000 integrand evaluations so far
[1] -4.93626 +- 5.50113  	chisq 0.485945 (1 df)

Iteration 3:  6000000 integrand evaluations so far
[1] -5.25112 +- 5.44932  	chisq 0.660695 (2 df)

Iteration 4:  10000000 integrand evaluations so far
[1] -2.72718 +- 4.54244  	chisq 1.36371 (3 df)

Iteration 5:  15000000 integrand evaluations so far
[1] -1.87998 +- 4.4956  	chisq 3.0593 (4 df)

Iteration 6:  21000000 integrand evaluations so far
[1] -2.71477 +- 4.43198  	chisq 4.28625 (5 df)

Iteration 7:  28000000 integrand evaluations so far
[1] -2.82649 +- 4.30343  	chisq 4.29737 (6 df)

Iteration 8:  36000000 integrand evaluations so far
[1] -2.68571 +- 4.29777  	chisq 4.70453 (7 df)

Iteration 9:  45000000 integrand evaluations so far
[1] -0.583283 +- 3.83639  	chisq 5.88232 (8 df)

Iteration 10:  55000000 integrand evaluations so far
[1] -0.650932 +- 3.8343  	chisq 6.16814 (9 df)
    -0.7 ±    3.8        (2.79mi) ┃Vegas input parameters:
  ndim 8
  ncomp 1
  nvec 1
  epsrel 0
  epsabs 0
  flags 10
  seed 123456
  mineval 5000000
  maxeval 50000000
  nstart 1000000
  nincrease 1000000
  nbatch 5000
  gridno 0
  statefile ""

Iteration 1:  1000000 integrand evaluations so far
[1] 37.5399 +- 12.1592  	chisq 0 (0 df)

Iteration 2:  3000000 integrand evaluations so far
[1] 2.00704 +- 0.692495  	chisq 8.56759 (1 df)

Iteration 3:  6000000 integrand evaluations so far
[1] 2.35025 +- 0.670277  	chisq 12.4579 (2 df)

Iteration 4:  10000000 integrand evaluations so far
[1] 2.84877 +- 0.65715  	chisq 26.7199 (3 df)

Iteration 5:  15000000 integrand evaluations so far
[1] 3.24901 +- 0.651328  	chisq 47.7482 (4 df)

Iteration 6:  21000000 integrand evaluations so far
[1] 3.40075 +- 0.650065  	chisq 61.7565 (5 df)

Iteration 7:  28000000 integrand evaluations so far
[1] 5.30288 +- 0.624826  	chisq 174.2 (6 df)

Iteration 8:  36000000 integrand evaluations so far
[1] 6.73604 +- 0.608268  	chisq 274.803 (7 df)

Iteration 9:  45000000 integrand evaluations so far
[1] 10.6639 +- 0.560941  	chisq 553.61 (8 df)

Iteration 10:  55000000 integrand evaluations so far
[1] 14.6469 +- 0.505892  	chisq 823.748 (9 df)
   14.65 ±   0.51        (1.03mi) ┃    14.5 ±    3.9        (45.3mi) ┃
┃   92 -    94 ┃   32 -    33 ┃  3.1428 ± 0.0018        (12.8mi) ┃ -2.5508 ± 0.0022        (7.97mi) ┃Vegas input parameters:
  ndim 10
  ncomp 1
  nvec 1
  epsrel 0
  epsabs 0
  flags 10
  seed 123456
  mineval 50000000
  maxeval 50000000
  nstart 1000000
  nincrease 1000000
  nbatch 5000
  gridno 0
  statefile ""

Iteration 1:  1000000 integrand evaluations so far
[1] -687.89 +- 660.571  	chisq 0 (0 df)

Iteration 2:  3000000 integrand evaluations so far
[1] -7.49367 +- 23.036  	chisq 1.06222 (1 df)

Iteration 3:  6000000 integrand evaluations so far
[1] -5.87731 +- 10.7587  	chisq 1.06851 (2 df)

Iteration 4:  10000000 integrand evaluations so far
[1] -7.76893 +- 10.3414  	chisq 1.47486 (3 df)

Iteration 5:  15000000 integrand evaluations so far
[1] -1.92589 +- 9.34751  	chisq 3.21957 (4 df)

Iteration 6:  21000000 integrand evaluations so far
[1] -3.89193 +- 7.92741  	chisq 3.37713 (5 df)

Iteration 7:  28000000 integrand evaluations so far
[1] -1.05772 +- 7.42764  	chisq 4.42389 (6 df)

Iteration 8:  36000000 integrand evaluations so far
[1] -4.69424 +- 6.93823  	chisq 6.3048 (7 df)

Iteration 9:  45000000 integrand evaluations so far
[1] -4.14617 +- 6.92144  	chisq 7.59508 (8 df)

Iteration 10:  55000000 integrand evaluations so far
[1] -4.63326 +- 6.90083  	chisq 8.42825 (9 df)
    -4.6 ±    6.9        (2.84mi) ┃Vegas input parameters:
  ndim 8
  ncomp 1
  nvec 1
  epsrel 0
  epsabs 0
  flags 10
  seed 123456
  mineval 5000000
  maxeval 50000000
  nstart 1000000
  nincrease 1000000
  nbatch 5000
  gridno 0
  statefile ""

Iteration 1:  1000000 integrand evaluations so far
[1] 42.5446 +- 12.0453  	chisq 0 (0 df)

Iteration 2:  3000000 integrand evaluations so far
[1] 6.37564 +- 1.28528  	chisq 9.12032 (1 df)

Iteration 3:  6000000 integrand evaluations so far
[1] 8.01066 +- 1.06915  	chisq 14.3736 (2 df)

Iteration 4:  10000000 integrand evaluations so far
[1] 8.67397 +- 1.03275  	chisq 20.1246 (3 df)

Iteration 5:  15000000 integrand evaluations so far
[1] 9.29154 +- 1.01804  	chisq 32.7701 (4 df)

Iteration 6:  21000000 integrand evaluations so far
[1] 9.37526 +- 1.01703  	chisq 36.1745 (5 df)

Iteration 7:  28000000 integrand evaluations so far
[1] 9.92277 +- 1.00749  	chisq 51.6878 (6 df)

Iteration 8:  36000000 integrand evaluations so far
[1] 12.4641 +- 0.953176  	chisq 112.338 (7 df)

Iteration 9:  45000000 integrand evaluations so far
[1] 17.0663 +- 0.847829  	chisq 223.972 (8 df)

Iteration 10:  55000000 integrand evaluations so far
[1] 18.6135 +- 0.815238  	chisq 268.137 (9 df)
   18.61 ±   0.82        (1.02mi) ┃    14.6 ±    6.9        (24.7mi) ┃
┃   92 -    94 ┃   33 -    34 ┃  2.5727 ± 0.0013        (6.57mi) ┃ -2.0875 ±  0.002        (14.9mi) ┃Vegas input parameters:
  ndim 10
  ncomp 1
  nvec 1
  epsrel 0
  epsabs 0
  flags 10
  seed 123456
  mineval 50000000
  maxeval 50000000
  nstart 1000000
  nincrease 1000000
  nbatch 5000
  gridno 0
  statefile ""

Iteration 1:  1000000 integrand evaluations so far
[1] -1.85668 +- 24.7146  	chisq 0 (0 df)

Iteration 2:  3000000 integrand evaluations so far
[1] -0.191391 +- 24.6591  	chisq 1.01159 (1 df)

Iteration 3:  6000000 integrand evaluations so far
[1] 3.09454 +- 2.49023  	chisq 1.02952 (2 df)

Iteration 4:  10000000 integrand evaluations so far
[1] 3.04984 +- 2.45939  	chisq 1.04262 (3 df)

Iteration 5:  15000000 integrand evaluations so far
[1] 3.58392 +- 2.40395  	chisq 2.10048 (4 df)

Iteration 6:  21000000 integrand evaluations so far
[1] 3.70042 +- 2.39524  	chisq 2.42508 (5 df)

Iteration 7:  28000000 integrand evaluations so far
[1] 3.36208 +- 2.14436  	chisq 2.5256 (6 df)

Iteration 8:  36000000 integrand evaluations so far
[1] 3.37987 +- 2.08199  	chisq 2.5268 (7 df)

Iteration 9:  45000000 integrand evaluations so far
[1] 3.19087 +- 2.07598  	chisq 3.95698 (8 df)

Iteration 10:  55000000 integrand evaluations so far
[1] 3.05798 +- 2.0741  	chisq 6.2169 (9 df)
     3.1 ±    2.1        (2.56mi) ┃Vegas input parameters:
  ndim 8
  ncomp 1
  nvec 1
  epsrel 0
  epsabs 0
  flags 10
  seed 123456
  mineval 5000000
  maxeval 50000000
  nstart 1000000
  nincrease 1000000
  nbatch 5000
  gridno 0
  statefile ""

Iteration 1:  1000000 integrand evaluations so far
[1] 43.4917 +- 12.463  	chisq 0 (0 df)

Iteration 2:  3000000 integrand evaluations so far
[1] 20.147 +- 5.73352  	chisq 4.45045 (1 df)

Iteration 3:  6000000 integrand evaluations so far
[1] 19.921 +- 4.72533  	chisq 4.4553 (2 df)

Iteration 4:  10000000 integrand evaluations so far
[1] 20.7797 +- 4.65526  	chisq 5.57714 (3 df)

Iteration 5:  15000000 integrand evaluations so far
[1] 20.8438 +- 3.16202  	chisq 5.57749 (4 df)

Iteration 6:  21000000 integrand evaluations so far
[1] 23.0092 +- 2.70685  	chisq 7.33291 (5 df)

Iteration 7:  28000000 integrand evaluations so far
[1] 26.064 +- 2.28733  	chisq 11.7868 (6 df)

Iteration 8:  36000000 integrand evaluations so far
[1] 28.0088 +- 2.01236  	chisq 14.9857 (7 df)

Iteration 9:  45000000 integrand evaluations so far
[1] 29.1364 +- 1.935  	chisq 19.1502 (8 df)

Iteration 10:  55000000 integrand evaluations so far
[1] 31.0362 +- 1.26296  	chisq 20.8295 (9 df)
      31 ±    1.3        ( 59.5s) ┃    34.6 ±    2.4        (  25mi) ┃
┃   92 -    94 ┃   34 -    35 ┃ 2.75028 ± 0.00072        (19.9mi) ┃ -2.2328 ± 0.0016        (1.89mi) ┃Vegas input parameters:
  ndim 10
  ncomp 1
  nvec 1
  epsrel 0
  epsabs 0
  flags 10
  seed 123456
  mineval 50000000
  maxeval 50000000
  nstart 1000000
  nincrease 1000000
  nbatch 5000
  gridno 0
  statefile ""

Iteration 1:  1000000 integrand evaluations so far
[1] 17.7358 +- 19.087  	chisq 0 (0 df)

Iteration 2:  3000000 integrand evaluations so far
[1] 10.4321 +- 8.73134  	chisq 0.185175 (1 df)

Iteration 3:  6000000 integrand evaluations so far
[1] -4.15104 +- 6.14648  	chisq 5.71518 (2 df)

Iteration 4:  10000000 integrand evaluations so far
[1] -4.37522 +- 6.14192  	chisq 6.6112 (3 df)

Iteration 5:  15000000 integrand evaluations so far
[1] -5.22307 +- 5.63754  	chisq 6.73219 (4 df)

Iteration 6:  21000000 integrand evaluations so far
[1] -4.17454 +- 5.55916  	chisq 7.9849 (5 df)

Iteration 7:  28000000 integrand evaluations so far
[1] 0.814159 +- 4.56197  	chisq 10.4508 (6 df)

Iteration 8:  36000000 integrand evaluations so far
[1] -0.236218 +- 4.49707  	chisq 12.3273 (7 df)

Iteration 9:  45000000 integrand evaluations so far
[1] 0.193643 +- 4.47168  	chisq 13.1387 (8 df)

Iteration 10:  55000000 integrand evaluations so far
[1] 2.51775 +- 3.89033  	chisq 14.2498 (9 df)
     2.5 ±    3.9        (2.78mi) ┃Vegas input parameters:
  ndim 8
  ncomp 1
  nvec 1
  epsrel 0
  epsabs 0
  flags 10
  seed 123456
  mineval 5000000
  maxeval 50000000
  nstart 1000000
  nincrease 1000000
  nbatch 5000
  gridno 0
  statefile ""

Iteration 1:  1000000 integrand evaluations so far
[1] 57.2319 +- 16.6688  	chisq 0 (0 df)

Iteration 2:  3000000 integrand evaluations so far
[1] 6.65122 +- 2.10144  	chisq 9.35655 (1 df)

Iteration 3:  6000000 integrand evaluations so far
[1] 8.06905 +- 2.04528  	chisq 17.9891 (2 df)

Iteration 4:  10000000 integrand evaluations so far
[1] 10.6268 +- 1.84221  	chisq 26.2759 (3 df)

Iteration 5:  15000000 integrand evaluations so far
[1] 11.5035 +- 1.81163  	chisq 33.1552 (4 df)

Iteration 6:  21000000 integrand evaluations so far
[1] 14.7337 +- 1.66749  	chisq 53.9634 (5 df)

Iteration 7:  28000000 integrand evaluations so far
[1] 20.2798 +- 1.33742  	chisq 84.9752 (6 df)

Iteration 8:  36000000 integrand evaluations so far
[1] 25.2744 +- 1.00847  	chisq 117.303 (7 df)

Iteration 9:  45000000 integrand evaluations so far
[1] 28.4184 +- 0.605267  	chisq 132.494 (8 df)

Iteration 10:  55000000 integrand evaluations so far
[1] 28.9755 +- 0.39201  	chisq 133.953 (9 df)
   28.98 ±   0.39        (1.01mi) ┃      32 ±    3.9        (25.5mi) ┃
┃   92 -    94 ┃   35 -    36 ┃  3.8387 ± 0.0035        (3.13mi) ┃   -3.12 ± 0.0018        (8.02mi) ┃Vegas input parameters:
  ndim 10
  ncomp 1
  nvec 1
  epsrel 0
  epsabs 0
  flags 10
  seed 123456
  mineval 50000000
  maxeval 50000000
  nstart 1000000
  nincrease 1000000
  nbatch 5000
  gridno 0
  statefile ""

Iteration 1:  1000000 integrand evaluations so far
[1] 3.14459 +- 94.0192  	chisq 0 (0 df)

Iteration 2:  3000000 integrand evaluations so far
[1] 15.0477 +- 87.0042  	chisq 0.111572 (1 df)

Iteration 3:  6000000 integrand evaluations so far
[1] 5.76846 +- 15.8868  	chisq 0.123339 (2 df)

Iteration 4:  10000000 integrand evaluations so far
[1] -1.28871 +- 12.6127  	chisq 0.657076 (3 df)

Iteration 5:  15000000 integrand evaluations so far
[1] -1.03175 +- 12.6098  	chisq 1.5786 (4 df)

Iteration 6:  21000000 integrand evaluations so far
[1] 1.26613 +- 12.4594  	chisq 2.97932 (5 df)

Iteration 7:  28000000 integrand evaluations so far
[1] 6.44788 +- 4.54526  	chisq 3.17884 (6 df)

Iteration 8:  36000000 integrand evaluations so far
[1] 2.99445 +- 2.84035  	chisq 4.12597 (7 df)

Iteration 9:  45000000 integrand evaluations so far
[1] 2.91979 +- 2.83931  	chisq 5.07027 (8 df)

Iteration 10:  55000000 integrand evaluations so far
[1] 2.944 +- 2.83535  	chisq 5.09635 (9 df)
     2.9 ±    2.8        ( 2.8mi) ┃Vegas input parameters:
  ndim 8
  ncomp 1
  nvec 1
  epsrel 0
  epsabs 0
  flags 10
  seed 123456
  mineval 5000000
  maxeval 50000000
  nstart 1000000
  nincrease 1000000
  nbatch 5000
  gridno 0
  statefile ""

Iteration 1:  1000000 integrand evaluations so far
[1] 43.8018 +- 13.3403  	chisq 0 (0 df)

Iteration 2:  3000000 integrand evaluations so far
[1] 3.90747 +- 0.906601  	chisq 8.98466 (1 df)

Iteration 3:  6000000 integrand evaluations so far
[1] 3.93459 +- 0.906396  	chisq 10.9638 (2 df)

Iteration 4:  10000000 integrand evaluations so far
[1] 4.06821 +- 0.903799  	chisq 14.7614 (3 df)

Iteration 5:  15000000 integrand evaluations so far
[1] 4.18892 +- 0.902189  	chisq 19.7727 (4 df)

Iteration 6:  21000000 integrand evaluations so far
[1] 5.26228 +- 0.870439  	chisq 40.2434 (5 df)

Iteration 7:  28000000 integrand evaluations so far
[1] 6.52549 +- 0.846108  	chisq 78.449 (6 df)

Iteration 8:  36000000 integrand evaluations so far
[1] 6.61027 +- 0.845211  	chisq 83.1887 (7 df)

Iteration 9:  45000000 integrand evaluations so far
[1] 10.2564 +- 0.764546  	chisq 185.569 (8 df)

Iteration 10:  55000000 integrand evaluations so far
[1] 17.6614 +- 0.570726  	chisq 397.446 (9 df)
   17.66 ±   0.57        ( 59.3s) ┃    21.3 ±    2.9        (14.9mi) ┃
┃   92 -    94 ┃   36 -    37 ┃  2.5303 ± 0.0019        (3.37mi) ┃ -2.0667 ± 0.0012        (7.92mi) ┃Vegas input parameters:
  ndim 10
  ncomp 1
  nvec 1
  epsrel 0
  epsabs 0
  flags 10
  seed 123456
  mineval 50000000
  maxeval 50000000
  nstart 1000000
  nincrease 1000000
  nbatch 5000
  gridno 0
  statefile ""

Iteration 1:  1000000 integrand evaluations so far
[1] 10.3083 +- 34.6544  	chisq 0 (0 df)

Iteration 2:  3000000 integrand evaluations so far
[1] -2.32143 +- 13.7922  	chisq 0.157822 (1 df)

Iteration 3:  6000000 integrand evaluations so far
[1] -2.32947 +- 9.93875  	chisq 0.157822 (2 df)

Iteration 4:  10000000 integrand evaluations so far
[1] -5.18617 +- 7.87182  	chisq 0.379504 (3 df)

Iteration 5:  15000000 integrand evaluations so far
[1] -5.23054 +- 7.78669  	chisq 0.380981 (4 df)

Iteration 6:  21000000 integrand evaluations so far
[1] -5.94531 +- 7.74407  	chisq 1.15277 (5 df)

Iteration 7:  28000000 integrand evaluations so far
[1] -1.62613 +- 4.52416  	chisq 1.62503 (6 df)

Iteration 8:  36000000 integrand evaluations so far
[1] -0.595272 +- 4.48128  	chisq 4.37711 (7 df)

Iteration 9:  45000000 integrand evaluations so far
[1] -0.400882 +- 4.47504  	chisq 5.05279 (8 df)

Iteration 10:  55000000 integrand evaluations so far
[1] -0.0715257 +- 4.46602  	chisq 6.39861 (9 df)
    -0.1 ±    4.5        (2.72mi) ┃Vegas input parameters:
  ndim 8
  ncomp 1
  nvec 1
  epsrel 0
  epsabs 0
  flags 10
  seed 123456
  mineval 5000000
  maxeval 50000000
  nstart 1000000
  nincrease 1000000
  nbatch 5000
  gridno 0
  statefile ""

Iteration 1:  1000000 integrand evaluations so far
[1] 38.3334 +- 13.8057  	chisq 0 (0 df)

Iteration 2:  3000000 integrand evaluations so far
[1] 39.2331 +- 13.7561  	chisq 0.592295 (1 df)

Iteration 3:  6000000 integrand evaluations so far
[1] 3.93587 +- 2.01323  	chisq 7.32037 (2 df)

Iteration 4:  10000000 integrand evaluations so far
[1] 4.32315 +- 1.48929  	chisq 7.40211 (3 df)

Iteration 5:  15000000 integrand evaluations so far
[1] 5.55938 +- 1.38291  	chisq 12.4041 (4 df)

Iteration 6:  21000000 integrand evaluations so far
[1] 5.76888 +- 1.38006  	chisq 17.9711 (5 df)

Iteration 7:  28000000 integrand evaluations so far
[1] 6.89809 +- 1.35293  	chisq 35.166 (6 df)

Iteration 8:  36000000 integrand evaluations so far
[1] 9.19295 +- 1.27711  	chisq 61.578 (7 df)

Iteration 9:  45000000 integrand evaluations so far
[1] 13.7034 +- 1.13281  	chisq 120.078 (8 df)

Iteration 10:  55000000 integrand evaluations so far
[1] 19.9076 +- 0.922145  	chisq 208.995 (9 df)
   19.91 ±   0.92        (1.01mi) ┃    20.3 ±    4.6        (  15mi) ┃
┃   92 -    94 ┃   37 -    38 ┃   2.306 ± 0.0022        ( 6.6mi) ┃ -1.8831 ± 0.0018        (30.4mi) ┃Vegas input parameters:
  ndim 10
  ncomp 1
  nvec 1
  epsrel 0
  epsabs 0
  flags 10
  seed 123456
  mineval 50000000
  maxeval 50000000
  nstart 1000000
  nincrease 1000000
  nbatch 5000
  gridno 0
  statefile ""

Iteration 1:  1000000 integrand evaluations so far
[1] -131.866 +- 119.249  	chisq 0 (0 df)

Iteration 2:  3000000 integrand evaluations so far
[1] -66.0704 +- 38.787  	chisq 0.340448 (1 df)

Iteration 3:  6000000 integrand evaluations so far
[1] -8.26155 +- 6.98491  	chisq 2.63625 (2 df)

Iteration 4:  10000000 integrand evaluations so far
[1] -1.71865 +- 4.7143  	chisq 4.24779 (3 df)

Iteration 5:  15000000 integrand evaluations so far
[1] -1.05292 +- 4.65921  	chisq 5.10606 (4 df)

Iteration 6:  21000000 integrand evaluations so far
[1] -1.55692 +- 3.63416  	chisq 5.13594 (5 df)

Iteration 7:  28000000 integrand evaluations so far
[1] -1.33896 +- 3.62919  	chisq 6.45203 (6 df)

Iteration 8:  36000000 integrand evaluations so far
[1] -1.55246 +- 3.62518  	chisq 8.01648 (7 df)

Iteration 9:  45000000 integrand evaluations so far
[1] -3.24134 +- 3.38515  	chisq 9.71159 (8 df)

Iteration 10:  55000000 integrand evaluations so far
[1] -3.50747 +- 3.36885  	chisq 10.355 (9 df)
    -3.5 ±    3.4        (2.85mi) ┃Vegas input parameters:
  ndim 8
  ncomp 1
  nvec 1
  epsrel 0
  epsabs 0
  flags 10
  seed 123456
  mineval 5000000
  maxeval 50000000
  nstart 1000000
  nincrease 1000000
  nbatch 5000
  gridno 0
  statefile ""

Iteration 1:  1000000 integrand evaluations so far
[1] 43.32 +- 12.9221  	chisq 0 (0 df)

Iteration 2:  3000000 integrand evaluations so far
[1] 5.46066 +- 1.79881  	chisq 8.75338 (1 df)

Iteration 3:  6000000 integrand evaluations so far
[1] 5.71558 +- 1.77227  	chisq 9.43893 (2 df)

Iteration 4:  10000000 integrand evaluations so far
[1] 6.78094 +- 1.26659  	chisq 10.1775 (3 df)

Iteration 5:  15000000 integrand evaluations so far
[1] 7.54846 +- 1.23606  	chisq 17.8876 (4 df)

Iteration 6:  21000000 integrand evaluations so far
[1] 8.38214 +- 1.20926  	chisq 28.4924 (5 df)

Iteration 7:  28000000 integrand evaluations so far
[1] 9.17019 +- 1.19273  	chisq 44.1336 (6 df)

Iteration 8:  36000000 integrand evaluations so far
[1] 13.9426 +- 1.04876  	chisq 114.711 (7 df)

Iteration 9:  45000000 integrand evaluations so far
[1] 21.3919 +- 0.769756  	chisq 224.083 (8 df)

Iteration 10:  55000000 integrand evaluations so far
[1] 25.5417 +- 0.534325  	chisq 280.174 (9 df)
   25.54 ±   0.53        (1.02mi) ┃    22.5 ±    3.4        (40.9mi) ┃
┃   92 -    94 ┃   38 -    39 ┃   3.855 ± 0.0015        (6.14mi) ┃ -3.1125 ± 0.0017        (7.78mi) ┃Vegas input parameters:
  ndim 10
  ncomp 1
  nvec 1
  epsrel 0
  epsabs 0
  flags 10
  seed 123456
  mineval 50000000
  maxeval 50000000
  nstart 1000000
  nincrease 1000000
  nbatch 5000
  gridno 0
  statefile ""

Iteration 1:  1000000 integrand evaluations so far
[1] 191.549 +- 138.822  	chisq 0 (0 df)

Iteration 2:  3000000 integrand evaluations so far
[1] 142.463 +- 87.2399  	chisq 0.206625 (1 df)

Iteration 3:  6000000 integrand evaluations so far
[1] -8.93253 +- 30.468  	chisq 3.63656 (2 df)

Iteration 4:  10000000 integrand evaluations so far
[1] -8.98392 +- 30.468  	chisq 4.63088 (3 df)

Iteration 5:  15000000 integrand evaluations so far
[1] 3.63978 +- 2.76049  	chisq 4.80397 (4 df)

Iteration 6:  21000000 integrand evaluations so far
[1] 3.41396 +- 2.17321  	chisq 4.82157 (5 df)

Iteration 7:  28000000 integrand evaluations so far
[1] 1.11439 +- 1.61864  	chisq 7.33629 (6 df)

Iteration 8:  36000000 integrand evaluations so far
[1] 1.05992 +- 1.60675  	chisq 7.41365 (7 df)

Iteration 9:  45000000 integrand evaluations so far
[1] 0.931218 +- 1.60232  	chisq 8.57702 (8 df)

Iteration 10:  55000000 integrand evaluations so far
[1] 1.45858 +- 1.55014  	chisq 10.268 (9 df)
     1.5 ±    1.6        (2.73mi) ┃Vegas input parameters:
  ndim 8
  ncomp 1
  nvec 1
  epsrel 0
  epsabs 0
  flags 10
  seed 123456
  mineval 5000000
  maxeval 50000000
  nstart 1000000
  nincrease 1000000
  nbatch 5000
  gridno 0
  statefile ""

Iteration 1:  1000000 integrand evaluations so far
[1] 41.5209 +- 12.911  	chisq 0 (0 df)

Iteration 2:  3000000 integrand evaluations so far
[1] 42.4059 +- 12.5669  	chisq 0.089342 (1 df)

Iteration 3:  6000000 integrand evaluations so far
[1] 4.24876 +- 1.24828  	chisq 9.40044 (2 df)

Iteration 4:  10000000 integrand evaluations so far
[1] 4.53224 +- 1.23484  	chisq 11.8083 (3 df)

Iteration 5:  15000000 integrand evaluations so far
[1] 4.76581 +- 1.22979  	chisq 16.1979 (4 df)

Iteration 6:  21000000 integrand evaluations so far
[1] 7.08939 +- 1.0979  	chisq 33.7841 (5 df)

Iteration 7:  28000000 integrand evaluations so far
[1] 10.5707 +- 0.98242  	chisq 84.2316 (6 df)

Iteration 8:  36000000 integrand evaluations so far
[1] 12.6208 +- 0.919867  	chisq 119.551 (7 df)

Iteration 9:  45000000 integrand evaluations so far
[1] 15.972 +- 0.82633  	chisq 188.307 (8 df)

Iteration 10:  55000000 integrand evaluations so far
[1] 20.7325 +- 0.662616  	chisq 281.279 (9 df)
   20.73 ±   0.66        ( 54.3s) ┃    22.9 ±    1.7        (17.6mi) ┃
┃   92 -    94 ┃   39 -    40 ┃  2.8561 ± 0.0011        (1.12mi) ┃-2.35509 ± 0.00094        (7.35mi) ┃Vegas input parameters:
  ndim 10
  ncomp 1
  nvec 1
  epsrel 0
  epsabs 0
  flags 10
  seed 123456
  mineval 50000000
  maxeval 50000000
  nstart 1000000
  nincrease 1000000
  nbatch 5000
  gridno 0
  statefile ""

Iteration 1:  1000000 integrand evaluations so far
[1] 10.9152 +- 37.6337  	chisq 0 (0 df)

Iteration 2:  3000000 integrand evaluations so far
[1] -6.64232 +- 8.61466  	chisq 0.229693 (1 df)

Iteration 3:  6000000 integrand evaluations so far
[1] -7.87063 +- 4.83328  	chisq 0.259362 (2 df)

Iteration 4:  10000000 integrand evaluations so far
[1] -7.87221 +- 4.82035  	chisq 0.259383 (3 df)

Iteration 5:  15000000 integrand evaluations so far
[1] -6.36276 +- 4.3412  	chisq 0.778413 (4 df)

Iteration 6:  21000000 integrand evaluations so far
[1] -5.28243 +- 4.29183  	chisq 3.51694 (5 df)

Iteration 7:  28000000 integrand evaluations so far
[1] -1.0448 +- 3.67853  	chisq 7.19055 (6 df)

Iteration 8:  36000000 integrand evaluations so far
[1] -1.59764 +- 3.57841  	chisq 7.61122 (7 df)

Iteration 9:  45000000 integrand evaluations so far
[1] -1.73789 +- 3.5078  	chisq 7.65053 (8 df)

Iteration 10:  55000000 integrand evaluations so far
[1] -1.82712 +- 3.46888  	chisq 7.67985 (9 df)
    -1.8 ±    3.5        (2.72mi) ┃Vegas input parameters:
  ndim 8
  ncomp 1
  nvec 1
  epsrel 0
  epsabs 0
  flags 10
  seed 123456
  mineval 5000000
  maxeval 50000000
  nstart 1000000
  nincrease 1000000
  nbatch 5000
  gridno 0
  statefile ""

Iteration 1:  1000000 integrand evaluations so far
[1] 52.8446 +- 14.7755  	chisq 0 (0 df)

Iteration 2:  3000000 integrand evaluations so far
[1] 28.0199 +- 8.64017  	chisq 4.28969 (1 df)

Iteration 3:  6000000 integrand evaluations so far
[1] 25.041 +- 6.91723  	chisq 4.62075 (2 df)

Iteration 4:  10000000 integrand evaluations so far
[1] 26.948 +- 6.55488  	chisq 5.36573 (3 df)

Iteration 5:  15000000 integrand evaluations so far
[1] 27.7683 +- 6.4927  	chisq 6.19499 (4 df)

Iteration 6:  21000000 integrand evaluations so far
[1] 20.4663 +- 2.76505  	chisq 7.74004 (5 df)

Iteration 7:  28000000 integrand evaluations so far
[1] 22.0529 +- 2.22864  	chisq 8.67983 (6 df)

Iteration 8:  36000000 integrand evaluations so far
[1] 24.5632 +- 1.90958  	chisq 13.4524 (7 df)

Iteration 9:  45000000 integrand evaluations so far
[1] 26.6489 +- 1.2163  	chisq 15.4599 (8 df)

Iteration 10:  55000000 integrand evaluations so far
[1] 28.2092 +- 0.857218  	chisq 18.7292 (9 df)
   28.21 ±   0.86        (1.05mi) ┃    26.9 ±    3.6        (12.2mi) ┃
┃   92 -    94 ┃   40 -    41 ┃  2.1827 ± 0.0006        (24.8mi) ┃-1.77603 ± 0.0004        (29.6mi) ┃Vegas input parameters:
  ndim 10
  ncomp 1
  nvec 1
  epsrel 0
  epsabs 0
  flags 10
  seed 123456
  mineval 50000000
  maxeval 50000000
  nstart 1000000
  nincrease 1000000
  nbatch 5000
  gridno 0
  statefile ""

Iteration 1:  1000000 integrand evaluations so far
[1] -13.8616 +- 13.06  	chisq 0 (0 df)

Iteration 2:  3000000 integrand evaluations so far
[1] -1.94004 +- 6.76172  	chisq 1.13843 (1 df)

Iteration 3:  6000000 integrand evaluations so far
[1] -0.945141 +- 6.69742  	chisq 2.28221 (2 df)

Iteration 4:  10000000 integrand evaluations so far
[1] -1.89829 +- 5.83008  	chisq 2.36582 (3 df)

Iteration 5:  15000000 integrand evaluations so far
[1] -1.03341 +- 5.503  	chisq 2.56761 (4 df)

Iteration 6:  21000000 integrand evaluations so far
[1] -0.295202 +- 5.28231  	chisq 2.79656 (5 df)

Iteration 7:  28000000 integrand evaluations so far
[1] 0.743902 +- 5.1984  	chisq 4.02436 (6 df)

Iteration 8:  36000000 integrand evaluations so far
[1] 0.842294 +- 5.19744  	chisq 4.99227 (7 df)

Iteration 9:  45000000 integrand evaluations so far
[1] 0.0528197 +- 5.1637  	chisq 6.77515 (8 df)

Iteration 10:  55000000 integrand evaluations so far
[1] -0.351783 +- 2.92723  	chisq 6.7842 (9 df)
    -0.4 ±    2.9        (2.79mi) ┃Vegas input parameters:
  ndim 8
  ncomp 1
  nvec 1
  epsrel 0
  epsabs 0
  flags 10
  seed 123456
  mineval 5000000
  maxeval 50000000
  nstart 1000000
  nincrease 1000000
  nbatch 5000
  gridno 0
  statefile ""

Iteration 1:  1000000 integrand evaluations so far
[1] 21.8632 +- 7.07996  	chisq 0 (0 df)

Iteration 2:  3000000 integrand evaluations so far
[1] 0.905206 +- 0.325105  	chisq 8.78125 (1 df)

Iteration 3:  6000000 integrand evaluations so far
[1] 1.10335 +- 0.297454  	chisq 11.0619 (2 df)

Iteration 4:  10000000 integrand evaluations so far
[1] 1.10999 +- 0.297432  	chisq 14.3606 (3 df)

Iteration 5:  15000000 integrand evaluations so far
[1] 1.22073 +- 0.296174  	chisq 30.7864 (4 df)

Iteration 6:  21000000 integrand evaluations so far
[1] 1.39408 +- 0.294874  	chisq 69.9116 (5 df)

Iteration 7:  28000000 integrand evaluations so far
[1] 1.8278 +- 0.292079  	chisq 184.545 (6 df)

Iteration 8:  36000000 integrand evaluations so far
[1] 2.46648 +- 0.288032  	chisq 358.309 (7 df)

Iteration 9:  45000000 integrand evaluations so far
[1] 2.60113 +- 0.287298  	chisq 401.254 (8 df)

Iteration 10:  55000000 integrand evaluations so far
[1] 2.65705 +- 0.287033  	chisq 421.81 (9 df)
    2.66 ±   0.29        (1.01mi) ┃     2.7 ±    2.9        (58.1mi) ┃
┃   92 -    94 ┃   41 -    42 ┃  2.9881 ± 0.0028        (11.2mi) ┃-2.44106 ± 0.00023        (24.1mi) ┃Vegas input parameters:
  ndim 10
  ncomp 1
  nvec 1
  epsrel 0
  epsabs 0
  flags 10
  seed 123456
  mineval 50000000
  maxeval 50000000
  nstart 1000000
  nincrease 1000000
  nbatch 5000
  gridno 0
  statefile ""

Iteration 1:  1000000 integrand evaluations so far
[1] 29.5468 +- 19.7387  	chisq 0 (0 df)

Iteration 2:  3000000 integrand evaluations so far
[1] 21.227 +- 17.8997  	chisq 0.999981 (1 df)

Iteration 3:  6000000 integrand evaluations so far
[1] 17.5735 +- 17.64  	chisq 2.44634 (2 df)

Iteration 4:  10000000 integrand evaluations so far
[1] -7.41859 +- 11.8303  	chisq 6.09443 (3 df)

Iteration 5:  15000000 integrand evaluations so far
[1] 2.76063 +- 8.89064  	chisq 7.79552 (4 df)

Iteration 6:  21000000 integrand evaluations so far
[1] 7.20726 +- 7.99905  	chisq 9.10855 (5 df)

Iteration 7:  28000000 integrand evaluations so far
[1] 8.67375 +- 6.75372  	chisq 9.22561 (6 df)

Iteration 8:  36000000 integrand evaluations so far
[1] 9.36077 +- 5.8917  	chisq 9.26891 (7 df)

Iteration 9:  45000000 integrand evaluations so far
[1] 7.99881 +- 5.61627  	chisq 9.85413 (8 df)

Iteration 10:  55000000 integrand evaluations so far
[1] 8.62477 +- 5.01157  	chisq 9.9151 (9 df)
     8.6 ±      5        (2.82mi) ┃Vegas input parameters:
  ndim 8
  ncomp 1
  nvec 1
  epsrel 0
  epsabs 0
  flags 10
  seed 123456
  mineval 5000000
  maxeval 50000000
  nstart 1000000
  nincrease 1000000
  nbatch 5000
  gridno 0
  statefile ""

Iteration 1:  1000000 integrand evaluations so far
[1] 14.9491 +- 6.40192  	chisq 0 (0 df)

Iteration 2:  3000000 integrand evaluations so far
[1] 0.488326 +- 0.195419  	chisq 5.107 (1 df)

Iteration 3:  6000000 integrand evaluations so far
[1] 0.519317 +- 0.193722  	chisq 6.56103 (2 df)

Iteration 4:  10000000 integrand evaluations so far
[1] 0.604684 +- 0.189854  	chisq 11.4733 (3 df)

Iteration 5:  15000000 integrand evaluations so far
[1] 0.652333 +- 0.189357  	chisq 23.5237 (4 df)

Iteration 6:  21000000 integrand evaluations so far
[1] 0.659522 +- 0.189332  	chisq 28.7935 (5 df)

Iteration 7:  28000000 integrand evaluations so far
[1] 0.74132 +- 0.188925  	chisq 72.2674 (6 df)

Iteration 8:  36000000 integrand evaluations so far
[1] 0.817982 +- 0.188629  	chisq 124.893 (7 df)

Iteration 9:  45000000 integrand evaluations so far
[1] 0.929018 +- 0.188257  	chisq 212.737 (8 df)

Iteration 10:  55000000 integrand evaluations so far
[1] 0.969276 +- 0.188129  	chisq 246.544 (9 df)
    0.97 ±   0.19        (1.02mi) ┃    10.1 ±      5        (39.2mi) ┃
┃   92 -    94 ┃   42 -    43 ┃  4.0582 ±  0.001        (17.5mi) ┃ -3.2804 ± 0.0031        (11.3mi) ┃Vegas input parameters:
  ndim 10
  ncomp 1
  nvec 1
  epsrel 0
  epsabs 0
  flags 10
  seed 123456
  mineval 50000000
  maxeval 50000000
  nstart 1000000
  nincrease 1000000
  nbatch 5000
  gridno 0
  statefile ""

Iteration 1:  1000000 integrand evaluations so far
[1] -7.20657 +- 11.0016  	chisq 0 (0 df)

Iteration 2:  3000000 integrand evaluations so far
[1] -1.45036 +- 4.7156  	chisq 0.335367 (1 df)

Iteration 3:  6000000 integrand evaluations so far
[1] 1.28691 +- 4.24115  	chisq 2.09854 (2 df)

Iteration 4:  10000000 integrand evaluations so far
[1] -1.66819 +- 3.92641  	chisq 5.49555 (3 df)

Iteration 5:  15000000 integrand evaluations so far
[1] -0.624897 +- 3.25018  	chisq 5.71983 (4 df)

Iteration 6:  21000000 integrand evaluations so far
[1] -0.244598 +- 2.72606  	chisq 5.76601 (5 df)

Iteration 7:  28000000 integrand evaluations so far
[1] -0.386623 +- 2.72326  	chisq 7.0904 (6 df)

Iteration 8:  36000000 integrand evaluations so far
[1] -0.476764 +- 2.71926  	chisq 7.46312 (7 df)

Iteration 9:  45000000 integrand evaluations so far
[1] -0.181912 +- 2.68706  	chisq 7.96264 (8 df)

Iteration 10:  55000000 integrand evaluations so far
[1] 0.419935 +- 2.55781  	chisq 8.49697 (9 df)
     0.4 ±    2.6        (2.88mi) ┃Vegas input parameters:
  ndim 8
  ncomp 1
  nvec 1
  epsrel 0
  epsabs 0
  flags 10
  seed 123456
  mineval 5000000
  maxeval 50000000
  nstart 1000000
  nincrease 1000000
  nbatch 5000
  gridno 0
  statefile ""

Iteration 1:  1000000 integrand evaluations so far
[1] 26.405 +- 7.78218  	chisq 0 (0 df)

Iteration 2:  3000000 integrand evaluations so far
[1] 2.27758 +- 0.736477  	chisq 9.69898 (1 df)

Iteration 3:  6000000 integrand evaluations so far
[1] 2.31719 +- 0.735958  	chisq 11.7511 (2 df)

Iteration 4:  10000000 integrand evaluations so far
[1] 2.34093 +- 0.735715  	chisq 13.3313 (3 df)

Iteration 5:  15000000 integrand evaluations so far
[1] 2.74054 +- 0.722537  	chisq 21.6411 (4 df)

Iteration 6:  21000000 integrand evaluations so far
[1] 3.31844 +- 0.708957  	chisq 38.82 (5 df)

Iteration 7:  28000000 integrand evaluations so far
[1] 5.2309 +- 0.673948  	chisq 114.368 (6 df)

Iteration 8:  36000000 integrand evaluations so far
[1] 8.52524 +- 0.617026  	chisq 262.052 (7 df)

Iteration 9:  45000000 integrand evaluations so far
[1] 10.064 +- 0.593986  	chisq 346.914 (8 df)

Iteration 10:  55000000 integrand evaluations so far
[1] 10.0868 +- 0.593835  	chisq 349.807 (9 df)
   10.09 ±   0.59        (1.01mi) ┃    11.3 ±    2.6        (32.8mi) ┃
┃   92 -    94 ┃   43 -    44 ┃  2.4045 ± 0.0012        (15.6mi) ┃-1.95162 ± 0.00033        (23.6mi) ┃Vegas input parameters:
  ndim 10
  ncomp 1
  nvec 1
  epsrel 0
  epsabs 0
  flags 10
  seed 123456
  mineval 50000000
  maxeval 50000000
  nstart 1000000
  nincrease 1000000
  nbatch 5000
  gridno 0
  statefile ""

Iteration 1:  1000000 integrand evaluations so far
[1] 102.107 +- 102.858  	chisq 0 (0 df)

Iteration 2:  3000000 integrand evaluations so far
[1] -3.30442 +- 3.53096  	chisq 1.0515 (1 df)

Iteration 3:  6000000 integrand evaluations so far
[1] -2.25611 +- 3.39613  	chisq 2.22818 (2 df)

Iteration 4:  10000000 integrand evaluations so far
[1] -1.63961 +- 3.36525  	chisq 4.04802 (3 df)

Iteration 5:  15000000 integrand evaluations so far
[1] -1.02951 +- 3.33418  	chisq 5.83629 (4 df)

Iteration 6:  21000000 integrand evaluations so far
[1] -1.53249 +- 2.92414  	chisq 5.93488 (5 df)

Iteration 7:  28000000 integrand evaluations so far
[1] -0.142261 +- 2.63231  	chisq 7.12681 (6 df)

Iteration 8:  36000000 integrand evaluations so far
[1] -0.254788 +- 2.62961  	chisq 8.01783 (7 df)

Iteration 9:  45000000 integrand evaluations so far
[1] -0.143181 +- 2.62546  	chisq 8.58819 (8 df)

Iteration 10:  55000000 integrand evaluations so far
[1] -0.447967 +- 2.61904  	chisq 11.3506 (9 df)
    -0.4 ±    2.6        (2.69mi) ┃Vegas input parameters:
  ndim 8
  ncomp 1
  nvec 1
  epsrel 0
  epsabs 0
  flags 10
  seed 123456
  mineval 5000000
  maxeval 50000000
  nstart 1000000
  nincrease 1000000
  nbatch 5000
  gridno 0
  statefile ""

Iteration 1:  1000000 integrand evaluations so far
[1] 32.4429 +- 10.3253  	chisq 0 (0 df)

Iteration 2:  3000000 integrand evaluations so far
[1] 1.66187 +- 0.745176  	chisq 8.93372 (1 df)

Iteration 3:  6000000 integrand evaluations so far
[1] 1.96604 +- 0.715481  	chisq 11.0668 (2 df)

Iteration 4:  10000000 integrand evaluations so far
[1] 2.09815 +- 0.713005  	chisq 16.0007 (3 df)

Iteration 5:  15000000 integrand evaluations so far
[1] 2.11402 +- 0.712929  	chisq 18.3269 (4 df)

Iteration 6:  21000000 integrand evaluations so far
[1] 2.68694 +- 0.689464  	chisq 28.3017 (5 df)

Iteration 7:  28000000 integrand evaluations so far
[1] 3.14331 +- 0.680269  	chisq 44.8376 (6 df)

Iteration 8:  36000000 integrand evaluations so far
[1] 4.09593 +- 0.667089  	chisq 95.9406 (7 df)

Iteration 9:  45000000 integrand evaluations so far
[1] 7.01352 +- 0.625567  	chisq 254.536 (8 df)

Iteration 10:  55000000 integrand evaluations so far
[1] 13.4577 +- 0.510708  	chisq 572.724 (9 df)
   13.46 ±   0.51        (1.01mi) ┃    13.5 ±    2.7        (  43mi) ┃
┃   92 -    94 ┃   44 -    45 ┃  3.2005 ± 0.0025        (4.27mi) ┃ -2.6042 ± 0.0024        (13.9mi) ┃Vegas input parameters:
  ndim 10
  ncomp 1
  nvec 1
  epsrel 0
  epsabs 0
  flags 10
  seed 123456
  mineval 50000000
  maxeval 50000000
  nstart 1000000
  nincrease 1000000
  nbatch 5000
  gridno 0
  statefile ""

Iteration 1:  1000000 integrand evaluations so far
[1] 14.5965 +- 13.9625  	chisq 0 (0 df)

Iteration 2:  3000000 integrand evaluations so far
[1] 3.41781 +- 11.437  	chisq 1.94812 (1 df)

Iteration 3:  6000000 integrand evaluations so far
[1] 6.61413 +- 10.8844  	chisq 2.77641 (2 df)

Iteration 4:  10000000 integrand evaluations so far
[1] -1.98618 +- 3.37653  	chisq 3.46723 (3 df)

Iteration 5:  15000000 integrand evaluations so far
[1] -2.85609 +- 3.18239  	chisq 4.06151 (4 df)

Iteration 6:  21000000 integrand evaluations so far
[1] -2.78285 +- 3.01517  	chisq 4.06668 (5 df)

Iteration 7:  28000000 integrand evaluations so far
[1] -2.82075 +- 3.0136  	chisq 4.21828 (6 df)

Iteration 8:  36000000 integrand evaluations so far
[1] -2.08201 +- 2.99214  	chisq 8.45264 (7 df)

Iteration 9:  45000000 integrand evaluations so far
[1] -1.48195 +- 2.75157  	chisq 8.71323 (8 df)

Iteration 10:  55000000 integrand evaluations so far
[1] -1.68093 +- 2.6811  	chisq 8.81664 (9 df)
    -1.7 ±    2.7        (2.75mi) ┃Vegas input parameters:
  ndim 8
  ncomp 1
  nvec 1
  epsrel 0
  epsabs 0
  flags 10
  seed 123456
  mineval 5000000
  maxeval 50000000
  nstart 1000000
  nincrease 1000000
  nbatch 5000
  gridno 0
  statefile ""

Iteration 1:  1000000 integrand evaluations so far
[1] 41.5529 +- 11.6175  	chisq 0 (0 df)

Iteration 2:  3000000 integrand evaluations so far
[1] 6.00956 +- 1.50108  	chisq 9.51927 (1 df)

Iteration 3:  6000000 integrand evaluations so far
[1] 6.43784 +- 1.47584  	chisq 11.9607 (2 df)

Iteration 4:  10000000 integrand evaluations so far
[1] 6.52662 +- 1.4738  	chisq 13.268 (3 df)

Iteration 5:  15000000 integrand evaluations so far
[1] 8.1648 +- 1.34287  	chisq 20.545 (4 df)

Iteration 6:  21000000 integrand evaluations so far
[1] 12.1852 +- 1.05487  	chisq 43.952 (5 df)

Iteration 7:  28000000 integrand evaluations so far
[1] 12.5039 +- 1.04756  	chisq 50.5617 (6 df)

Iteration 8:  36000000 integrand evaluations so far
[1] 16.1312 +- 0.867009  	chisq 88.6237 (7 df)

Iteration 9:  45000000 integrand evaluations so far
[1] 19.8246 +- 0.501173  	chisq 115.877 (8 df)

Iteration 10:  55000000 integrand evaluations so far
[1] 19.8323 +- 0.501122  	chisq 117.051 (9 df)
   19.83 ±    0.5        ( 56.9s) ┃    18.7 ±    2.7        (21.9mi) ┃
┃   92 -    94 ┃   45 -    46 ┃  2.9396 ± 0.0014        (3.68mi) ┃-2.36666 ± 0.00047        (27.9mi) ┃Vegas input parameters:
  ndim 10
  ncomp 1
  nvec 1
  epsrel 0
  epsabs 0
  flags 10
  seed 123456
  mineval 50000000
  maxeval 50000000
  nstart 1000000
  nincrease 1000000
  nbatch 5000
  gridno 0
  statefile ""

Iteration 1:  1000000 integrand evaluations so far
[1] 194.745 +- 217.496  	chisq 0 (0 df)

Iteration 2:  3000000 integrand evaluations so far
[1] -18.7159 +- 24.7625  	chisq 0.975885 (1 df)

Iteration 3:  6000000 integrand evaluations so far
[1] 7.98669 +- 9.15187  	chisq 2.32269 (2 df)

Iteration 4:  10000000 integrand evaluations so far
[1] 9.14379 +- 8.43398  	chisq 2.42874 (3 df)

Iteration 5:  15000000 integrand evaluations so far
[1] 4.86719 +- 6.74409  	chisq 3.14179 (4 df)

Iteration 6:  21000000 integrand evaluations so far
[1] 3.30285 +- 6.62074  	chisq 4.62626 (5 df)

Iteration 7:  28000000 integrand evaluations so far
[1] 2.84002 +- 6.595  	chisq 5.25587 (6 df)

Iteration 8:  36000000 integrand evaluations so far
[1] 5.53651 +- 6.12838  	chisq 6.48057 (7 df)

Iteration 9:  45000000 integrand evaluations so far
[1] 6.38955 +- 5.31487  	chisq 6.55873 (8 df)

Iteration 10:  55000000 integrand evaluations so far
[1] 3.70929 +- 4.32752  	chisq 7.3133 (9 df)
     3.7 ±    4.3        (2.66mi) ┃Vegas input parameters:
  ndim 8
  ncomp 1
  nvec 1
  epsrel 0
  epsabs 0
  flags 10
  seed 123456
  mineval 5000000
  maxeval 50000000
  nstart 1000000
  nincrease 1000000
  nbatch 5000
  gridno 0
  statefile ""

Iteration 1:  1000000 integrand evaluations so far
[1] 11.536 +- 4.62112  	chisq 0 (0 df)

Iteration 2:  3000000 integrand evaluations so far
[1] 0.371879 +- 0.111211  	chisq 5.83994 (1 df)

Iteration 3:  6000000 integrand evaluations so far
[1] 0.396547 +- 0.110105  	chisq 8.32576 (2 df)

Iteration 4:  10000000 integrand evaluations so far
[1] 0.417517 +- 0.109898  	chisq 17.9641 (3 df)

Iteration 5:  15000000 integrand evaluations so far
[1] 0.419923 +- 0.109894  	chisq 24.1345 (4 df)

Iteration 6:  21000000 integrand evaluations so far
[1] 0.425685 +- 0.109884  	chisq 39.3978 (5 df)

Iteration 7:  28000000 integrand evaluations so far
[1] 0.464419 +- 0.109785  	chisq 108.518 (6 df)

Iteration 8:  36000000 integrand evaluations so far
[1] 0.501824 +- 0.109705  	chisq 187.72 (7 df)

Iteration 9:  45000000 integrand evaluations so far
[1] 0.719003 +- 0.109246  	chisq 657.577 (8 df)

Iteration 10:  55000000 integrand evaluations so far
[1] 1.10773 +- 0.108378  	chisq 1457.4 (9 df)
    1.11 ±   0.11        (1.02mi) ┃     5.4 ±    4.3        (35.2mi) ┃
┃   92 -    94 ┃   46 -    47 ┃  3.5143 ± 0.0034        (1.06mi) ┃ -2.8522 ± 0.00059        (8.67mi) ┃Vegas input parameters:
  ndim 10
  ncomp 1
  nvec 1
  epsrel 0
  epsabs 0
  flags 10
  seed 123456
  mineval 50000000
  maxeval 50000000
  nstart 1000000
  nincrease 1000000
  nbatch 5000
  gridno 0
  statefile ""

Iteration 1:  1000000 integrand evaluations so far
[1] 19.4978 +- 12.9679  	chisq 0 (0 df)

Iteration 2:  3000000 integrand evaluations so far
[1] 16.3685 +- 10.7756  	chisq 0.188125 (1 df)

Iteration 3:  6000000 integrand evaluations so far
[1] 16.6221 +- 10.5939  	chisq 0.20469 (2 df)

Iteration 4:  10000000 integrand evaluations so far
[1] 14.8721 +- 9.36982  	chisq 0.330004 (3 df)

Iteration 5:  15000000 integrand evaluations so far
[1] 12.4761 +- 9.22879  	chisq 2.5188 (4 df)

Iteration 6:  21000000 integrand evaluations so far
[1] 5.88625 +- 6.55966  	chisq 3.54928 (5 df)

Iteration 7:  28000000 integrand evaluations so far
[1] 4.66494 +- 6.37605  	chisq 4.17729 (6 df)

Iteration 8:  36000000 integrand evaluations so far
[1] -1.20243 +- 2.43772  	chisq 5.16906 (7 df)

Iteration 9:  45000000 integrand evaluations so far
[1] -1.02251 +- 2.2276  	chisq 5.20208 (8 df)

Iteration 10:  55000000 integrand evaluations so far
[1] -0.608783 +- 2.21027  	chisq 7.42759 (9 df)
    -0.6 ±    2.2        (2.93mi) ┃Vegas input parameters:
  ndim 8
  ncomp 1
  nvec 1
  epsrel 0
  epsabs 0
  flags 10
  seed 123456
  mineval 5000000
  maxeval 50000000
  nstart 1000000
  nincrease 1000000
  nbatch 5000
  gridno 0
  statefile ""

Iteration 1:  1000000 integrand evaluations so far
[1] 24.5143 +- 9.01469  	chisq 0 (0 df)

Iteration 2:  3000000 integrand evaluations so far
[1] 19.693 +- 6.80024  	chisq 0.663742 (1 df)

Iteration 3:  6000000 integrand evaluations so far
[1] 20.1004 +- 6.45975  	chisq 0.700504 (2 df)

Iteration 4:  10000000 integrand evaluations so far
[1] 3.46028 +- 0.715021  	chisq 7.41839 (3 df)

Iteration 5:  15000000 integrand evaluations so far
[1] 4.30485 +- 0.677104  	chisq 20.9315 (4 df)

Iteration 6:  21000000 integrand evaluations so far
[1] 4.60437 +- 0.672824  	chisq 36.4593 (5 df)

Iteration 7:  28000000 integrand evaluations so far
[1] 6.64434 +- 0.626087  	chisq 105.009 (6 df)

Iteration 8:  36000000 integrand evaluations so far
[1] 11.3467 +- 0.503769  	chisq 265.009 (7 df)

Iteration 9:  45000000 integrand evaluations so far
[1] 13.5041 +- 0.428288  	chisq 331.169 (8 df)

Iteration 10:  55000000 integrand evaluations so far
[1] 16.756 +- 0.275597  	chisq 429.556 (9 df)
   16.76 ±   0.28        (1.06mi) ┃    16.8 ±    2.2        (13.7mi) ┃
┃   92 -    94 ┃   47 -    48 ┃ 3.05738 ± 0.00061        (4.04mi) ┃ -2.4899 ± 0.0016        (5.52mi) ┃Vegas input parameters:
  ndim 10
  ncomp 1
  nvec 1
  epsrel 0
  epsabs 0
  flags 10
  seed 123456
  mineval 50000000
  maxeval 50000000
  nstart 1000000
  nincrease 1000000
  nbatch 5000
  gridno 0
  statefile ""

Iteration 1:  1000000 integrand evaluations so far
[1] -4.71304 +- 12.4628  	chisq 0 (0 df)

Iteration 2:  3000000 integrand evaluations so far
[1] -2.04448 +- 10.953  	chisq 0.201424 (1 df)

Iteration 3:  6000000 integrand evaluations so far
[1] 0.874176 +- 10.5459  	chisq 1.17477 (2 df)

Iteration 4:  10000000 integrand evaluations so far
[1] -2.94473 +- 7.48097  	chisq 1.43873 (3 df)

Iteration 5:  15000000 integrand evaluations so far
[1] -1.99767 +- 7.34157  	chisq 1.87282 (4 df)

Iteration 6:  21000000 integrand evaluations so far
[1] -3.72393 +- 6.83857  	chisq 2.29062 (5 df)

Iteration 7:  28000000 integrand evaluations so far
[1] -2.84727 +- 6.7134  	chisq 2.74369 (6 df)

Iteration 8:  36000000 integrand evaluations so far
[1] -3.32164 +- 6.50047  	chisq 2.82367 (7 df)

Iteration 9:  45000000 integrand evaluations so far
[1] -5.25739 +- 6.2949  	chisq 4.24825 (8 df)

Iteration 10:  55000000 integrand evaluations so far
[1] -4.31036 +- 6.04959  	chisq 4.54442 (9 df)
    -4.3 ±      6        (2.72mi) ┃Vegas input parameters:
  ndim 8
  ncomp 1
  nvec 1
  epsrel 0
  epsabs 0
  flags 10
  seed 123456
  mineval 5000000
  maxeval 50000000
  nstart 1000000
  nincrease 1000000
  nbatch 5000
  gridno 0
  statefile ""

Iteration 1:  1000000 integrand evaluations so far
[1] 40.9879 +- 12.4614  	chisq 0 (0 df)

Iteration 2:  3000000 integrand evaluations so far
[1] 7.15924 +- 3.11661  	chisq 7.86114 (1 df)

Iteration 3:  6000000 integrand evaluations so far
[1] 8.32802 +- 2.83407  	chisq 8.67361 (2 df)

Iteration 4:  10000000 integrand evaluations so far
[1] 10.2318 +- 2.25722  	chisq 9.90771 (3 df)

Iteration 5:  15000000 integrand evaluations so far
[1] 12.7284 +- 2.00981  	chisq 15.8119 (4 df)

Iteration 6:  21000000 integrand evaluations so far
[1] 16.7839 +- 1.41249  	chisq 23.8573 (5 df)

Iteration 7:  28000000 integrand evaluations so far
[1] 20.3061 +- 0.898165  	chisq 34.2966 (6 df)

Iteration 8:  36000000 integrand evaluations so far
[1] 22.6281 +- 0.669231  	chisq 49.3219 (7 df)

Iteration 9:  45000000 integrand evaluations so far
[1] 22.6359 +- 0.669191  	chisq 50.4933 (8 df)

Iteration 10:  55000000 integrand evaluations so far
[1] 22.8911 +- 0.657569  	chisq 54.7174 (9 df)
   22.89 ±   0.66        ( 56.8s) ┃    19.1 ±    6.1        (13.2mi) ┃
┃   92 -    94 ┃   48 -    49 ┃ 2.97956 ± 0.00078        (12.6mi) ┃  -2.409 ± 0.0019        (25.3mi) ┃Vegas input parameters:
  ndim 10
  ncomp 1
  nvec 1
  epsrel 0
  epsabs 0
  flags 10
  seed 123456
  mineval 50000000
  maxeval 50000000
  nstart 1000000
  nincrease 1000000
  nbatch 5000
  gridno 0
  statefile ""

Iteration 1:  1000000 integrand evaluations so far
[1] -8.47258 +- 12.449  	chisq 0 (0 df)

Iteration 2:  3000000 integrand evaluations so far
[1] -11.7076 +- 9.88813  	chisq 0.182953 (1 df)

Iteration 3:  6000000 integrand evaluations so far
[1] -0.887474 +- 4.90999  	chisq 1.7722 (2 df)

Iteration 4:  10000000 integrand evaluations so far
[1] -0.685631 +- 4.8804  	chisq 1.91282 (3 df)

Iteration 5:  15000000 integrand evaluations so far
[1] 1.09405 +- 4.44873  	chisq 2.69932 (4 df)

Iteration 6:  21000000 integrand evaluations so far
[1] 1.60995 +- 4.42677  	chisq 4.06454 (5 df)

Iteration 7:  28000000 integrand evaluations so far
[1] -1.40551 +- 3.00234  	chisq 4.92381 (6 df)

Iteration 8:  36000000 integrand evaluations so far
[1] -1.04335 +- 2.99283  	chisq 7.2231 (7 df)

Iteration 9:  45000000 integrand evaluations so far
[1] 1.01183 +- 2.86601  	chisq 12.9078 (8 df)

Iteration 10:  55000000 integrand evaluations so far
[1] 0.935964 +- 2.85318  	chisq 12.9862 (9 df)
     0.9 ±    2.9        (2.78mi) ┃Vegas input parameters:
  ndim 8
  ncomp 1
  nvec 1
  epsrel 0
  epsabs 0
  flags 10
  seed 123456
  mineval 5000000
  maxeval 50000000
  nstart 1000000
  nincrease 1000000
  nbatch 5000
  gridno 0
  statefile ""

Iteration 1:  1000000 integrand evaluations so far
[1] 53.2751 +- 13.3296  	chisq 0 (0 df)

Iteration 2:  3000000 integrand evaluations so far
[1] 20.0108 +- 4.92843  	chisq 7.21377 (1 df)

Iteration 3:  6000000 integrand evaluations so far
[1] 20.2741 +- 4.17772  	chisq 7.22391 (2 df)

Iteration 4:  10000000 integrand evaluations so far
[1] 21.0795 +- 3.82768  	chisq 7.45537 (3 df)

Iteration 5:  15000000 integrand evaluations so far
[1] 21.4908 +- 3.80368  	chisq 8.37885 (4 df)

Iteration 6:  21000000 integrand evaluations so far
[1] 23.6589 +- 2.90723  	chisq 9.16021 (5 df)

Iteration 7:  28000000 integrand evaluations so far
[1] 23.8453 +- 2.35071  	chisq 9.17209 (6 df)

Iteration 8:  36000000 integrand evaluations so far
[1] 26.0727 +- 1.75901  	chisq 11.2123 (7 df)

Iteration 9:  45000000 integrand evaluations so far
[1] 27.768 +- 1.40504  	chisq 13.7787 (8 df)

Iteration 10:  55000000 integrand evaluations so far
[1] 29.0672 +- 0.99341  	chisq 15.4882 (9 df)
   29.07 ±   0.99        ( 59.1s) ┃    30.6 ±      3        (41.7mi) ┃
┃   92 -    94 ┃   49 -    50 ┃  2.6323 ± 0.0021        (4.76mi) ┃-2.12945 ± 0.0008        (  11mi) ┃Vegas input parameters:
  ndim 10
  ncomp 1
  nvec 1
  epsrel 0
  epsabs 0
  flags 10
  seed 123456
  mineval 50000000
  maxeval 50000000
  nstart 1000000
  nincrease 1000000
  nbatch 5000
  gridno 0
  statefile ""

Iteration 1:  1000000 integrand evaluations so far
[1] -25.5115 +- 27.9609  	chisq 0 (0 df)

Iteration 2:  3000000 integrand evaluations so far
[1] -16.976 +- 13.3826  	chisq 0.120878 (1 df)

Iteration 3:  6000000 integrand evaluations so far
[1] -4.62417 +- 3.62356  	chisq 1.04015 (2 df)

Iteration 4:  10000000 integrand evaluations so far
[1] -3.4802 +- 3.32693  	chisq 1.67489 (3 df)

Iteration 5:  15000000 integrand evaluations so far
[1] -3.10417 +- 3.21352  	chisq 1.86552 (4 df)

Iteration 6:  21000000 integrand evaluations so far
[1] -3.18841 +- 3.2123  	chisq 2.76966 (5 df)

Iteration 7:  28000000 integrand evaluations so far
[1] -2.64325 +- 3.19697  	chisq 5.79514 (6 df)

Iteration 8:  36000000 integrand evaluations so far
[1] -2.18694 +- 3.14147  	chisq 6.387 (7 df)

Iteration 9:  45000000 integrand evaluations so far
[1] -0.646229 +- 2.94577  	chisq 8.3797 (8 df)

Iteration 10:  55000000 integrand evaluations so far
[1] -1.13124 +- 2.91052  	chisq 9.51902 (9 df)
    -1.1 ±    2.9        (2.45mi) ┃Vegas input parameters:
  ndim 8
  ncomp 1
  nvec 1
  epsrel 0
  epsabs 0
  flags 10
  seed 123456
  mineval 5000000
  maxeval 50000000
  nstart 1000000
  nincrease 1000000
  nbatch 5000
  gridno 0
  statefile ""

Iteration 1:  1000000 integrand evaluations so far
[1] 37.4184 +- 10.8928  	chisq 0 (0 df)

Iteration 2:  3000000 integrand evaluations so far
[1] 5.3099 +- 1.39245  	chisq 8.83312 (1 df)

Iteration 3:  6000000 integrand evaluations so far
[1] 5.91117 +- 1.24435  	chisq 9.75884 (2 df)

Iteration 4:  10000000 integrand evaluations so far
[1] 6.26633 +- 1.22188  	chisq 12.036 (3 df)

Iteration 5:  15000000 integrand evaluations so far
[1] 6.89002 +- 1.20309  	chisq 20.5702 (4 df)

Iteration 6:  21000000 integrand evaluations so far
[1] 7.04033 +- 1.20032  	chisq 23.9623 (5 df)

Iteration 7:  28000000 integrand evaluations so far
[1] 10.0953 +- 1.042  	chisq 50.2525 (6 df)

Iteration 8:  36000000 integrand evaluations so far
[1] 14.2835 +- 0.876313  	chisq 105.438 (7 df)

Iteration 9:  45000000 integrand evaluations so far
[1] 17.2311 +- 0.789159  	chisq 165.297 (8 df)

Iteration 10:  55000000 integrand evaluations so far
[1] 22.058 +- 0.601713  	chisq 254.663 (9 df)
   22.06 ±    0.6        ( 59.5s) ┃    21.4 ±      3        (19.2mi) ┃
┃   92 -    94 ┃   50 -    51 ┃ 2.76903 ± 0.0006        (6.19mi) ┃ -2.2471 ± 0.00075        (7.33mi) ┃Vegas input parameters:
  ndim 10
  ncomp 1
  nvec 1
  epsrel 0
  epsabs 0
  flags 10
  seed 123456
  mineval 50000000
  maxeval 50000000
  nstart 1000000
  nincrease 1000000
  nbatch 5000
  gridno 0
  statefile ""

Iteration 1:  1000000 integrand evaluations so far
[1] -15.1111 +- 16.7851  	chisq 0 (0 df)

Iteration 2:  3000000 integrand evaluations so far
[1] -18.2648 +- 16.2479  	chisq 0.560456 (1 df)

Iteration 3:  6000000 integrand evaluations so far
[1] -16.084 +- 11.7933  	chisq 0.598528 (2 df)

Iteration 4:  10000000 integrand evaluations so far
[1] -2.49758 +- 2.7586  	chisq 2.00256 (3 df)

Iteration 5:  15000000 integrand evaluations so far
[1] -0.979034 +- 2.44934  	chisq 3.43431 (4 df)

Iteration 6:  21000000 integrand evaluations so far
[1] -0.911957 +- 2.4487  	chisq 4.8655 (5 df)

Iteration 7:  28000000 integrand evaluations so far
[1] -0.977321 +- 2.44771  	chisq 5.74851 (6 df)

Iteration 8:  36000000 integrand evaluations so far
[1] 0.502461 +- 2.16316  	chisq 7.41748 (7 df)

Iteration 9:  45000000 integrand evaluations so far
[1] 0.869251 +- 2.14745  	chisq 9.40428 (8 df)

Iteration 10:  55000000 integrand evaluations so far
[1] 0.951165 +- 2.13997  	chisq 9.61347 (9 df)
       1 ±    2.1        (2.52mi) ┃Vegas input parameters:
  ndim 8
  ncomp 1
  nvec 1
  epsrel 0
  epsabs 0
  flags 10
  seed 123456
  mineval 5000000
  maxeval 50000000
  nstart 1000000
  nincrease 1000000
  nbatch 5000
  gridno 0
  statefile ""

Iteration 1:  1000000 integrand evaluations so far
[1] 18.5859 +- 8.22382  	chisq 0 (0 df)

Iteration 2:  3000000 integrand evaluations so far
[1] 0.227449 +- 0.145079  	chisq 4.98493 (1 df)

Iteration 3:  6000000 integrand evaluations so far
[1] 0.234329 +- 0.144939  	chisq 6.15694 (2 df)

Iteration 4:  10000000 integrand evaluations so far
[1] 0.234703 +- 0.144939  	chisq 7.21463 (3 df)

Iteration 5:  15000000 integrand evaluations so far
[1] 0.235044 +- 0.144939  	chisq 8.42938 (4 df)

Iteration 6:  21000000 integrand evaluations so far
[1] 0.235628 +- 0.144938  	chisq 9.77147 (5 df)

Iteration 7:  28000000 integrand evaluations so far
[1] 0.314459 +- 0.143957  	chisq 31.7056 (6 df)

Iteration 8:  36000000 integrand evaluations so far
[1] 0.315625 +- 0.143955  	chisq 34.0874 (7 df)

Iteration 9:  45000000 integrand evaluations so far
[1] 0.324776 +- 0.143923  	chisq 43.0973 (8 df)

Iteration 10:  55000000 integrand evaluations so far
[1] 0.548379 +- 0.142835  	chisq 203.329 (9 df)
    0.55 ±   0.14        ( 46.9s) ┃       2 ±    2.1        (16.8mi) ┃
┃   92 -    94 ┃   51 -    52 ┃  3.5215 ±  0.002        (3.82mi) ┃ -2.8533 ± 0.0015        (5.44mi) ┃Vegas input parameters:
  ndim 10
  ncomp 1
  nvec 1
  epsrel 0
  epsabs 0
  flags 10
  seed 123456
  mineval 50000000
  maxeval 50000000
  nstart 1000000
  nincrease 1000000
  nbatch 5000
  gridno 0
  statefile ""

Iteration 1:  1000000 integrand evaluations so far
[1] -0.838671 +- 7.86973  	chisq 0 (0 df)

Iteration 2:  3000000 integrand evaluations so far
[1] 0.201517 +- 7.71885  	chisq 0.460056 (1 df)

Iteration 3:  6000000 integrand evaluations so far
[1] -4.14971 +- 3.35865  	chisq 0.852045 (2 df)

Iteration 4:  10000000 integrand evaluations so far
[1] -3.50575 +- 3.30941  	chisq 2.11508 (3 df)

Iteration 5:  15000000 integrand evaluations so far
[1] -3.60517 +- 2.75442  	chisq 2.11802 (4 df)

Iteration 6:  21000000 integrand evaluations so far
[1] -3.05199 +- 2.71602  	chisq 3.5745 (5 df)

Iteration 7:  28000000 integrand evaluations so far
[1] -1.85452 +- 2.61851  	chisq 6.33136 (6 df)

Iteration 8:  36000000 integrand evaluations so far
[1] -1.11036 +- 2.45278  	chisq 6.99026 (7 df)

Iteration 9:  45000000 integrand evaluations so far
[1] -0.982442 +- 2.44263  	chisq 7.31936 (8 df)

Iteration 10:  55000000 integrand evaluations so far
[1] -0.0750452 +- 2.15182  	chisq 7.93561 (9 df)
    -0.1 ±    2.2        (2.73mi) ┃Vegas input parameters:
  ndim 8
  ncomp 1
  nvec 1
  epsrel 0
  epsabs 0
  flags 10
  seed 123456
  mineval 5000000
  maxeval 50000000
  nstart 1000000
  nincrease 1000000
  nbatch 5000
  gridno 0
  statefile ""

Iteration 1:  1000000 integrand evaluations so far
[1] 47.9995 +- 13.2704  	chisq 0 (0 df)

Iteration 2:  3000000 integrand evaluations so far
[1] 31.8434 +- 8.95832  	chisq 2.72314 (1 df)

Iteration 3:  6000000 integrand evaluations so far
[1] 32.6725 +- 8.89334  	chisq 3.31571 (2 df)

Iteration 4:  10000000 integrand evaluations so far
[1] 10.6928 +- 2.73283  	chisq 10.0608 (3 df)

Iteration 5:  15000000 integrand evaluations so far
[1] 9.04156 +- 1.0571  	chisq 10.4902 (4 df)

Iteration 6:  21000000 integrand evaluations so far
[1] 11.055 +- 0.930941  	chisq 26.6533 (5 df)

Iteration 7:  28000000 integrand evaluations so far
[1] 13.5984 +- 0.818657  	chisq 59.5842 (6 df)

Iteration 8:  36000000 integrand evaluations so far
[1] 16.3653 +- 0.6437  	chisq 89.5052 (7 df)

Iteration 9:  45000000 integrand evaluations so far
[1] 17.8801 +- 0.573408  	chisq 116.328 (8 df)

Iteration 10:  55000000 integrand evaluations so far
[1] 17.9069 +- 0.573088  	chisq 118.296 (9 df)
   17.91 ±   0.57        (1.07mi) ┃    18.5 ±    2.2        (13.1mi) ┃
┃   92 -    94 ┃   52 -    53 ┃  2.6987 ± 0.0019        (2.31mi) ┃  -2.201 ± 0.0015        (5.47mi) ┃Vegas input parameters:
  ndim 10
  ncomp 1
  nvec 1
  epsrel 0
  epsabs 0
  flags 10
  seed 123456
  mineval 50000000
  maxeval 50000000
  nstart 1000000
  nincrease 1000000
  nbatch 5000
  gridno 0
  statefile ""

Iteration 1:  1000000 integrand evaluations so far
[1] -54.3292 +- 44.057  	chisq 0 (0 df)

Iteration 2:  3000000 integrand evaluations so far
[1] 13.3527 +- 9.9719  	chisq 2.48745 (1 df)

Iteration 3:  6000000 integrand evaluations so far
[1] 10.429 +- 9.06067  	chisq 2.98033 (2 df)

Iteration 4:  10000000 integrand evaluations so far
[1] 13.1351 +- 8.56095  	chisq 3.81194 (3 df)

Iteration 5:  15000000 integrand evaluations so far
[1] 1.68264 +- 6.16143  	chisq 7.52466 (4 df)

Iteration 6:  21000000 integrand evaluations so far
[1] 3.87118 +- 5.93429  	chisq 9.26805 (5 df)

Iteration 7:  28000000 integrand evaluations so far
[1] 2.46212 +- 4.01075  	chisq 9.37184 (6 df)

Iteration 8:  36000000 integrand evaluations so far
[1] 1.33408 +- 3.85561  	chisq 10.4145 (7 df)

Iteration 9:  45000000 integrand evaluations so far
[1] 1.25951 +- 3.84351  	chisq 10.4742 (8 df)

Iteration 10:  55000000 integrand evaluations so far
[1] 1.07904 +- 3.83173  	chisq 10.8346 (9 df)
     1.1 ±    3.8        (2.51mi) ┃Vegas input parameters:
  ndim 8
  ncomp 1
  nvec 1
  epsrel 0
  epsabs 0
  flags 10
  seed 123456
  mineval 5000000
  maxeval 50000000
  nstart 1000000
  nincrease 1000000
  nbatch 5000
  gridno 0
  statefile ""

Iteration 1:  1000000 integrand evaluations so far
[1] 27.1992 +- 9.2113  	chisq 0 (0 df)

Iteration 2:  3000000 integrand evaluations so far
[1] 25.0263 +- 7.73678  	chisq 0.188931 (1 df)

Iteration 3:  6000000 integrand evaluations so far
[1] 9.22929 +- 2.62524  	chisq 4.90038 (2 df)

Iteration 4:  10000000 integrand evaluations so far
[1] 9.92878 +- 2.57603  	chisq 6.81214 (3 df)

Iteration 5:  15000000 integrand evaluations so far
[1] 10.4644 +- 2.55202  	chisq 9.14202 (4 df)

Iteration 6:  21000000 integrand evaluations so far
[1] 10.5386 +- 2.55109  	chisq 10.3006 (5 df)

Iteration 7:  28000000 integrand evaluations so far
[1] 11.634 +- 1.47936  	chisq 10.5783 (6 df)

Iteration 8:  36000000 integrand evaluations so far
[1] 13.205 +- 1.36096  	chisq 17.9172 (7 df)

Iteration 9:  45000000 integrand evaluations so far
[1] 17.8596 +- 0.991485  	chisq 42.8437 (8 df)

Iteration 10:  55000000 integrand evaluations so far
[1] 20.4167 +- 0.80826  	chisq 62.6735 (9 df)
   20.42 ±   0.81        ( 54.9s) ┃      22 ±    3.9        (11.2mi) ┃
┃   92 -    94 ┃   53 -    54 ┃  2.3201 ± 0.0016        ( 3.7mi) ┃-1.88684 ± 0.0003        (  11mi) ┃Vegas input parameters:
  ndim 10
  ncomp 1
  nvec 1
  epsrel 0
  epsabs 0
  flags 10
  seed 123456
  mineval 50000000
  maxeval 50000000
  nstart 1000000
  nincrease 1000000
  nbatch 5000
  gridno 0
  statefile ""

Iteration 1:  1000000 integrand evaluations so far
[1] 93.6333 +- 73.1152  	chisq 0 (0 df)

Iteration 2:  3000000 integrand evaluations so far
[1] -3.06309 +- 6.77697  	chisq 1.76422 (1 df)

Iteration 3:  6000000 integrand evaluations so far
[1] -0.335204 +- 6.02568  	chisq 2.53786 (2 df)

Iteration 4:  10000000 integrand evaluations so far
[1] -0.00966094 +- 5.74338  	chisq 2.56976 (3 df)

Iteration 5:  15000000 integrand evaluations so far
[1] 2.63547 +- 5.02648  	chisq 3.47596 (4 df)

Iteration 6:  21000000 integrand evaluations so far
[1] 1.46462 +- 4.57967  	chisq 3.79536 (5 df)

Iteration 7:  28000000 integrand evaluations so far
[1] 1.52346 +- 4.57917  	chisq 4.55636 (6 df)

Iteration 8:  36000000 integrand evaluations so far
[1] 0.977024 +- 4.37894  	chisq 4.72284 (7 df)

Iteration 9:  45000000 integrand evaluations so far
[1] 0.479686 +- 3.91816  	chisq 4.78753 (8 df)

Iteration 10:  55000000 integrand evaluations so far
[1] 4.53806 +- 3.34453  	chisq 8.74101 (9 df)
     4.5 ±    3.3        (2.29mi) ┃Vegas input parameters:
  ndim 8
  ncomp 1
  nvec 1
  epsrel 0
  epsabs 0
  flags 10
  seed 123456
  mineval 5000000
  maxeval 50000000
  nstart 1000000
  nincrease 1000000
  nbatch 5000
  gridno 0
  statefile ""

Iteration 1:  1000000 integrand evaluations so far
[1] 38.2029 +- 10.6337  	chisq 0 (0 df)

Iteration 2:  3000000 integrand evaluations so far
[1] 4.73698 +- 1.79945  	chisq 10.1966 (1 df)

Iteration 3:  6000000 integrand evaluations so far
[1] 4.98989 +- 1.53242  	chisq 10.2685 (2 df)

Iteration 4:  10000000 integrand evaluations so far
[1] 6.1765 +- 1.3062  	chisq 12.4611 (3 df)

Iteration 5:  15000000 integrand evaluations so far
[1] 6.61397 +- 1.28498  	chisq 15.942 (4 df)

Iteration 6:  21000000 integrand evaluations so far
[1] 7.7229 +- 1.23725  	chisq 26.1562 (5 df)

Iteration 7:  28000000 integrand evaluations so far
[1] 11.0087 +- 1.09293  	chisq 58.2615 (6 df)

Iteration 8:  36000000 integrand evaluations so far
[1] 11.8883 +- 1.06647  	chisq 71.799 (7 df)

Iteration 9:  45000000 integrand evaluations so far
[1] 13.2567 +- 1.02325  	chisq 92.5348 (8 df)

Iteration 10:  55000000 integrand evaluations so far
[1] 14.1565 +- 0.999744  	chisq 109.56 (9 df)
   14.16 ±      1        ( 58.9s) ┃    19.1 ±    3.5        (  18mi) ┃
┃   92 -    94 ┃   54 -    55 ┃  2.4452 ± 0.0015        (3.17mi) ┃ -1.9827 ± 0.0019        (1.41mi) ┃Vegas input parameters:
  ndim 10
  ncomp 1
  nvec 1
  epsrel 0
  epsabs 0
  flags 10
  seed 123456
  mineval 50000000
  maxeval 50000000
  nstart 1000000
  nincrease 1000000
  nbatch 5000
  gridno 0
  statefile ""

Iteration 1:  1000000 integrand evaluations so far
[1] -14 +- 5.76388  	chisq 0 (0 df)

Iteration 2:  3000000 integrand evaluations so far
[1] -10.6851 +- 5.39132  	chisq 2.64403 (1 df)

Iteration 3:  6000000 integrand evaluations so far
[1] -9.65561 +- 5.31996  	chisq 4.03038 (2 df)

Iteration 4:  10000000 integrand evaluations so far
[1] -6.64384 +- 4.5694  	chisq 5.25245 (3 df)

Iteration 5:  15000000 integrand evaluations so far
[1] -4.30314 +- 4.22508  	chisq 7.06179 (4 df)

Iteration 6:  21000000 integrand evaluations so far
[1] -4.31887 +- 3.98518  	chisq 7.06192 (5 df)

Iteration 7:  28000000 integrand evaluations so far
[1] -3.55559 +- 3.41437  	chisq 7.19985 (6 df)

Iteration 8:  36000000 integrand evaluations so far
[1] -3.56515 +- 3.38293  	chisq 7.20028 (7 df)

Iteration 9:  45000000 integrand evaluations so far
[1] -3.11967 +- 3.35855  	chisq 8.40802 (8 df)

Iteration 10:  55000000 integrand evaluations so far
[1] -2.76628 +- 3.35095  	chisq 10.8573 (9 df)
    -2.8 ±    3.4        (2.46mi) ┃Vegas input parameters:
  ndim 8
  ncomp 1
  nvec 1
  epsrel 0
  epsabs 0
  flags 10
  seed 123456
  mineval 5000000
  maxeval 50000000
  nstart 1000000
  nincrease 1000000
  nbatch 5000
  gridno 0
  statefile ""

Iteration 1:  1000000 integrand evaluations so far
[1] 9.06863 +- 5.12278  	chisq 0 (0 df)

Iteration 2:  3000000 integrand evaluations so far
[1] 4.32501 +- 2.33718  	chisq 1.08284 (1 df)

Iteration 3:  6000000 integrand evaluations so far
[1] 0.0400411 +- 0.0181  	chisq 4.44436 (2 df)

Iteration 4:  10000000 integrand evaluations so far
[1] 0.0402805 +- 0.0180992  	chisq 6.33295 (3 df)

Iteration 5:  15000000 integrand evaluations so far
[1] 0.0403162 +- 0.0180991  	chisq 7.96424 (4 df)

Iteration 6:  21000000 integrand evaluations so far
[1] 0.0410327 +- 0.0180975  	chisq 16.4915 (5 df)

Iteration 7:  28000000 integrand evaluations so far
[1] 0.0411524 +- 0.0180974  	chisq 22.5496 (6 df)

Iteration 8:  36000000 integrand evaluations so far
[1] 0.0414056 +- 0.0180973  	chisq 36.4276 (7 df)

Iteration 9:  45000000 integrand evaluations so far
[1] 0.041501 +- 0.0180973  	chisq 44.3818 (8 df)

Iteration 10:  55000000 integrand evaluations so far
[1] 0.0416679 +- 0.0180972  	chisq 56.9973 (9 df)
   0.042 ±  0.018        ( 59.5s) ┃    -2.3 ±    3.4        (8.04mi) ┃
┃   92 -    94 ┃   55 -    56 ┃  2.6397 ± 0.0017        (5.16mi) ┃-2.15464 ± 0.00093        (22.4mi) ┃Vegas input parameters:
  ndim 10
  ncomp 1
  nvec 1
  epsrel 0
  epsabs 0
  flags 10
  seed 123456
  mineval 50000000
  maxeval 50000000
  nstart 1000000
  nincrease 1000000
  nbatch 5000
  gridno 0
  statefile ""

Iteration 1:  1000000 integrand evaluations so far
[1] 23.3212 +- 20.3908  	chisq 0 (0 df)

Iteration 2:  3000000 integrand evaluations so far
[1] -1.55621 +- 15.9132  	chisq 3.80716 (1 df)

Iteration 3:  6000000 integrand evaluations so far
[1] 4.75687 +- 3.87808  	chisq 3.97449 (2 df)

Iteration 4:  10000000 integrand evaluations so far
[1] 4.75259 +- 3.84265  	chisq 3.97455 (3 df)

Iteration 5:  15000000 integrand evaluations so far
[1] 5.42255 +- 3.59705  	chisq 4.2202 (4 df)

Iteration 6:  21000000 integrand evaluations so far
[1] 3.88832 +- 3.30672  	chisq 5.3946 (5 df)

Iteration 7:  28000000 integrand evaluations so far
[1] 2.71269 +- 2.93233  	chisq 5.98629 (6 df)

Iteration 8:  36000000 integrand evaluations so far
[1] 2.92882 +- 2.91153  	chisq 6.37061 (7 df)

Iteration 9:  45000000 integrand evaluations so far
[1] 2.97125 +- 2.90093  	chisq 6.39983 (8 df)

Iteration 10:  55000000 integrand evaluations so far
[1] 2.48241 +- 2.86223  	chisq 7.47101 (9 df)
     2.5 ±    2.9        (2.22mi) ┃Vegas input parameters:
  ndim 8
  ncomp 1
  nvec 1
  epsrel 0
  epsabs 0
  flags 10
  seed 123456
  mineval 5000000
  maxeval 50000000
  nstart 1000000
  nincrease 1000000
  nbatch 5000
  gridno 0
  statefile ""

Iteration 1:  1000000 integrand evaluations so far
[1] 14.8495 +- 6.53342  	chisq 0 (0 df)

Iteration 2:  3000000 integrand evaluations so far
[1] 13.8998 +- 5.62207  	chisq 0.081413 (1 df)

Iteration 3:  6000000 integrand evaluations so far
[1] 1.89463 +- 1.00561  	chisq 4.7919 (2 df)

Iteration 4:  10000000 integrand evaluations so far
[1] 2.10418 +- 0.980692  	chisq 5.67907 (3 df)

Iteration 5:  15000000 integrand evaluations so far
[1] 2.52056 +- 0.937581  	chisq 7.77554 (4 df)

Iteration 6:  21000000 integrand evaluations so far
[1] 4.39889 +- 0.622005  	chisq 14.9441 (5 df)

Iteration 7:  28000000 integrand evaluations so far
[1] 4.42 +- 0.621869  	chisq 17.5838 (6 df)

Iteration 8:  36000000 integrand evaluations so far
[1] 4.44346 +- 0.621684  	chisq 19.9701 (7 df)

Iteration 9:  45000000 integrand evaluations so far
[1] 4.76135 +- 0.617038  	chisq 37.5295 (8 df)

Iteration 10:  55000000 integrand evaluations so far
[1] 4.8535 +- 0.616002  	chisq 44.1762 (9 df)
    4.85 ±   0.62        (1.01mi) ┃     7.8 ±    2.9        (30.8mi) ┃
┃   92 -    94 ┃   56 -    57 ┃  3.4133 ± 0.0021        (5.91mi) ┃-2.77288 ± 8.2e-05        (22.9mi) ┃Vegas input parameters:
  ndim 10
  ncomp 1
  nvec 1
  epsrel 0
  epsabs 0
  flags 10
  seed 123456
  mineval 50000000
  maxeval 50000000
  nstart 1000000
  nincrease 1000000
  nbatch 5000
  gridno 0
  statefile ""

Iteration 1:  1000000 integrand evaluations so far
[1] 12.5221 +- 9.35204  	chisq 0 (0 df)

Iteration 2:  3000000 integrand evaluations so far
[1] 12.0668 +- 9.3434  	chisq 1.28375 (1 df)

Iteration 3:  6000000 integrand evaluations so far
[1] 9.71934 +- 9.08607  	chisq 2.44568 (2 df)

Iteration 4:  10000000 integrand evaluations so far
[1] 10.844 +- 8.99061  	chisq 3.17867 (3 df)

Iteration 5:  15000000 integrand evaluations so far
[1] 6.38582 +- 7.97524  	chisq 4.33242 (4 df)

Iteration 6:  21000000 integrand evaluations so far
[1] 2.42764 +- 7.14294  	chisq 5.57755 (5 df)

Iteration 7:  28000000 integrand evaluations so far
[1] 3.26738 +- 5.28937  	chisq 5.60815 (6 df)

Iteration 8:  36000000 integrand evaluations so far
[1] 3.29362 +- 5.2893  	chisq 6.61188 (7 df)

Iteration 9:  45000000 integrand evaluations so far
[1] 1.80545 +- 3.00331  	chisq 6.72871 (8 df)

Iteration 10:  55000000 integrand evaluations so far
[1] 1.60842 +- 2.96851  	chisq 6.91555 (9 df)
     1.6 ±      3        (2.27mi) ┃Vegas input parameters:
  ndim 8
  ncomp 1
  nvec 1
  epsrel 0
  epsabs 0
  flags 10
  seed 123456
  mineval 5000000
  maxeval 50000000
  nstart 1000000
  nincrease 1000000
  nbatch 5000
  gridno 0
  statefile ""

Iteration 1:  1000000 integrand evaluations so far
[1] 38.9862 +- 9.25976  	chisq 0 (0 df)

Iteration 2:  3000000 integrand evaluations so far
[1] 3.61051 +- 0.897935  	chisq 14.7338 (1 df)

Iteration 3:  6000000 integrand evaluations so far
[1] 4.79803 +- 0.811732  	chisq 24.3022 (2 df)

Iteration 4:  10000000 integrand evaluations so far
[1] 4.87303 +- 0.810384  	chisq 26.8768 (3 df)

Iteration 5:  15000000 integrand evaluations so far
[1] 5.45734 +- 0.797734  	chisq 43.6593 (4 df)

Iteration 6:  21000000 integrand evaluations so far
[1] 7.08035 +- 0.756027  	chisq 84.3077 (5 df)

Iteration 7:  28000000 integrand evaluations so far
[1] 9.92873 +- 0.684789  	chisq 163.354 (6 df)

Iteration 8:  36000000 integrand evaluations so far
[1] 10.0496 +- 0.683063  	chisq 169.538 (7 df)

Iteration 9:  45000000 integrand evaluations so far
[1] 10.7743 +- 0.6714  	chisq 202.788 (8 df)

Iteration 10:  55000000 integrand evaluations so far
[1] 10.8981 +- 0.669869  	chisq 210.248 (9 df)
    10.9 ±   0.67        ( 44.2s) ┃    13.1 ±      3        (31.8mi) ┃
┃   92 -    94 ┃   57 -    58 ┃    2.55 ± 0.0018        ( 3.7mi) ┃-2.06313 ± 0.00039        (11.4mi) ┃Vegas input parameters:
  ndim 10
  ncomp 1
  nvec 1
  epsrel 0
  epsabs 0
  flags 10
  seed 123456
  mineval 50000000
  maxeval 50000000
  nstart 1000000
  nincrease 1000000
  nbatch 5000
  gridno 0
  statefile ""

Iteration 1:  1000000 integrand evaluations so far
[1] 15.3071 +- 46.3528  	chisq 0 (0 df)

Iteration 2:  3000000 integrand evaluations so far
[1] -18.3164 +- 25.6637  	chisq 0.758776 (1 df)

Iteration 3:  6000000 integrand evaluations so far
[1] 3.38257 +- 11.9199  	chisq 1.67031 (2 df)

Iteration 4:  10000000 integrand evaluations so far
[1] 1.76297 +- 11.7385  	chisq 2.28139 (3 df)

Iteration 5:  15000000 integrand evaluations so far
[1] 1.60151 +- 7.42881  	chisq 2.28171 (4 df)

Iteration 6:  21000000 integrand evaluations so far
[1] 0.267802 +- 2.94617  	chisq 2.31995 (5 df)

Iteration 7:  28000000 integrand evaluations so far
[1] 0.260833 +- 2.93835  	chisq 2.32101 (6 df)

Iteration 8:  36000000 integrand evaluations so far
[1] 1.00001 +- 2.89357  	chisq 4.41351 (7 df)

Iteration 9:  45000000 integrand evaluations so far
[1] 1.01661 +- 2.86471  	chisq 4.41517 (8 df)

Iteration 10:  55000000 integrand evaluations so far
[1] 0.781643 +- 2.84  	chisq 4.80688 (9 df)
     0.8 ±    2.8        (2.77mi) ┃Vegas input parameters:
  ndim 8
  ncomp 1
  nvec 1
  epsrel 0
  epsabs 0
  flags 10
  seed 123456
  mineval 5000000
  maxeval 50000000
  nstart 1000000
  nincrease 1000000
  nbatch 5000
  gridno 0
  statefile ""

Iteration 1:  1000000 integrand evaluations so far
[1] 27.0147 +- 8.29461  	chisq 0 (0 df)

Iteration 2:  3000000 integrand evaluations so far
[1] 8.14391 +- 3.27812  	chisq 6.13402 (1 df)

Iteration 3:  6000000 integrand evaluations so far
[1] 8.64298 +- 3.023  	chisq 6.28896 (2 df)

Iteration 4:  10000000 integrand evaluations so far
[1] 9.52614 +- 2.78243  	chisq 6.84743 (3 df)

Iteration 5:  15000000 integrand evaluations so far
[1] 9.63515 +- 1.94385  	chisq 6.85043 (4 df)

Iteration 6:  21000000 integrand evaluations so far
[1] 9.64265 +- 1.94384  	chisq 7.88496 (5 df)

Iteration 7:  28000000 integrand evaluations so far
[1] 10.5986 +- 1.43838  	chisq 8.41954 (6 df)

Iteration 8:  36000000 integrand evaluations so far
[1] 11.956 +- 1.3717  	chisq 18.2527 (7 df)

Iteration 9:  45000000 integrand evaluations so far
[1] 14.0524 +- 1.28927  	chisq 38.2887 (8 df)

Iteration 10:  55000000 integrand evaluations so far
[1] 15.8026 +- 1.19833  	chisq 51.8296 (9 df)
    15.8 ±    1.2        (1.04mi) ┃    17.1 ±    3.1        (18.9mi) ┃
┃   92 -    94 ┃   58 -    59 ┃  2.3768 ± 0.0018        (3.41mi) ┃-1.92736 ± 0.00097        (13.2mi) ┃Vegas input parameters:
  ndim 10
  ncomp 1
  nvec 1
  epsrel 0
  epsabs 0
  flags 10
  seed 123456
  mineval 50000000
  maxeval 50000000
  nstart 1000000
  nincrease 1000000
  nbatch 5000
  gridno 0
  statefile ""

Iteration 1:  1000000 integrand evaluations so far
[1] 39.573 +- 51.8335  	chisq 0 (0 df)

Iteration 2:  3000000 integrand evaluations so far
[1] -4.51509 +- 8.76335  	chisq 0.744761 (1 df)

Iteration 3:  6000000 integrand evaluations so far
[1] -3.19061 +- 5.26898  	chisq 0.780537 (2 df)

Iteration 4:  10000000 integrand evaluations so far
[1] -1.92495 +- 3.39813  	chisq 0.879329 (3 df)

Iteration 5:  15000000 integrand evaluations so far
[1] -1.68063 +- 3.38943  	chisq 1.88984 (4 df)

Iteration 6:  21000000 integrand evaluations so far
[1] -0.819574 +- 3.25524  	chisq 2.72137 (5 df)

Iteration 7:  28000000 integrand evaluations so far
[1] -1.35075 +- 3.22357  	chisq 4.09656 (6 df)

Iteration 8:  36000000 integrand evaluations so far
[1] -0.127384 +- 2.94351  	chisq 4.96307 (7 df)

Iteration 9:  45000000 integrand evaluations so far
[1] 0.216943 +- 2.93444  	chisq 7.18852 (8 df)

Iteration 10:  55000000 integrand evaluations so far
[1] 0.696727 +- 2.91648  	chisq 9.3792 (9 df)
     0.7 ±    2.9        (2.79mi) ┃Vegas input parameters:
  ndim 8
  ncomp 1
  nvec 1
  epsrel 0
  epsabs 0
  flags 10
  seed 123456
  mineval 5000000
  maxeval 50000000
  nstart 1000000
  nincrease 1000000
  nbatch 5000
  gridno 0
  statefile ""

Iteration 1:  1000000 integrand evaluations so far
[1] 41.7658 +- 11.444  	chisq 0 (0 df)

Iteration 2:  3000000 integrand evaluations so far
[1] 7.4275 +- 2.09771  	chisq 9.31642 (1 df)

Iteration 3:  6000000 integrand evaluations so far
[1] 6.90098 +- 1.49326  	chisq 9.44414 (2 df)

Iteration 4:  10000000 integrand evaluations so far
[1] 7.36026 +- 1.47533  	chisq 13.4058 (3 df)

Iteration 5:  15000000 integrand evaluations so far
[1] 8.9103 +- 1.28529  	chisq 17.9856 (4 df)

Iteration 6:  21000000 integrand evaluations so far
[1] 9.03017 +- 1.28267  	chisq 20.122 (5 df)

Iteration 7:  28000000 integrand evaluations so far
[1] 12.0456 +- 1.05947  	chisq 37.5162 (6 df)

Iteration 8:  36000000 integrand evaluations so far
[1] 13.8576 +- 0.986865  	chisq 59.6144 (7 df)

Iteration 9:  45000000 integrand evaluations so far
[1] 15.688 +- 0.906602  	chisq 81.6601 (8 df)

Iteration 10:  55000000 integrand evaluations so far
[1] 16.4394 +- 0.881729  	chisq 94.3523 (9 df)
   16.44 ±   0.88        (   60s) ┃    17.6 ±      3        (20.4mi) ┃
┃   92 -    94 ┃   59 -    60 ┃  2.4628 ± 0.0011        (4.07mi) ┃-2.00179 ± 0.00091        (5.82mi) ┃Vegas input parameters:
  ndim 10
  ncomp 1
  nvec 1
  epsrel 0
  epsabs 0
  flags 10
  seed 123456
  mineval 50000000
  maxeval 50000000
  nstart 1000000
  nincrease 1000000
  nbatch 5000
  gridno 0
  statefile ""

Iteration 1:  1000000 integrand evaluations so far
[1] -57.3064 +- 50.6201  	chisq 0 (0 df)

Iteration 2:  3000000 integrand evaluations so far
[1] -19.7677 +- 19.7477  	chisq 0.648656 (1 df)

Iteration 3:  6000000 integrand evaluations so far
[1] 8.13095 +- 9.5747  	chisq 3.25792 (2 df)

Iteration 4:  10000000 integrand evaluations so far
[1] 4.75612 +- 9.24575  	chisq 5.0976 (3 df)

Iteration 5:  15000000 integrand evaluations so far
[1] 5.62533 +- 9.18212  	chisq 5.74192 (4 df)

Iteration 6:  21000000 integrand evaluations so far
[1] 8.50017 +- 6.21181  	chisq 5.92267 (5 df)

Iteration 7:  28000000 integrand evaluations so far
[1] 7.91764 +- 6.18204  	chisq 6.84215 (6 df)

Iteration 8:  36000000 integrand evaluations so far
[1] 8.06219 +- 6.18021  	chisq 7.76996 (7 df)

Iteration 9:  45000000 integrand evaluations so far
[1] 8.4866 +- 5.22925  	chisq 7.78656 (8 df)

Iteration 10:  55000000 integrand evaluations so far
[1] 5.94375 +- 4.94252  	chisq 10.0036 (9 df)
     5.9 ±    4.9        (2.51mi) ┃Vegas input parameters:
  ndim 8
  ncomp 1
  nvec 1
  epsrel 0
  epsabs 0
  flags 10
  seed 123456
  mineval 5000000
  maxeval 50000000
  nstart 1000000
  nincrease 1000000
  nbatch 5000
  gridno 0
  statefile ""

Iteration 1:  1000000 integrand evaluations so far
[1] 26.5098 +- 8.24569  	chisq 0 (0 df)

Iteration 2:  3000000 integrand evaluations so far
[1] 5.83922 +- 2.18158  	chisq 6.75719 (1 df)

Iteration 3:  6000000 integrand evaluations so far
[1] 6.75646 +- 1.73421  	chisq 7.23746 (2 df)

Iteration 4:  10000000 integrand evaluations so far
[1] 7.58034 +- 1.63606  	chisq 9.28937 (3 df)

Iteration 5:  15000000 integrand evaluations so far
[1] 8.95376 +- 1.53861  	chisq 15.3865 (4 df)

Iteration 6:  21000000 integrand evaluations so far
[1] 9.16861 +- 1.53088  	chisq 17.3315 (5 df)

Iteration 7:  28000000 integrand evaluations so far
[1] 10.3548 +- 1.46761  	chisq 24.7491 (6 df)

Iteration 8:  36000000 integrand evaluations so far
[1] 14.3155 +- 1.19327  	chisq 46.2385 (7 df)

Iteration 9:  45000000 integrand evaluations so far
[1] 15.5125 +- 1.14335  	chisq 58.5203 (8 df)

Iteration 10:  55000000 integrand evaluations so far
[1] 18.1167 +- 1.00404  	chisq 81.1919 (9 df)
    18.1 ±      1        ( 52.5s) ┃    24.5 ±      5        (13.3mi) ┃
┃   94 -    96 ┃   25 -    26 ┃ 1.87036 ± 0.00092        (1.62mi) ┃-1.53238 ± 0.0009        (11.2mi) ┃Vegas input parameters:
  ndim 10
  ncomp 1
  nvec 1
  epsrel 0
  epsabs 0
  flags 10
  seed 123456
  mineval 50000000
  maxeval 50000000
  nstart 1000000
  nincrease 1000000
  nbatch 5000
  gridno 0
  statefile ""

Iteration 1:  1000000 integrand evaluations so far
[1] -31.7614 +- 38.9721  	chisq 0 (0 df)

Iteration 2:  3000000 integrand evaluations so far
[1] 11.3621 +- 21.9249  	chisq 1.79134 (1 df)

Iteration 3:  6000000 integrand evaluations so far
[1] 7.4522 +- 10.5448  	chisq 1.83271 (2 df)

Iteration 4:  10000000 integrand evaluations so far
[1] 1.0994 +- 8.18248  	chisq 2.74498 (3 df)

Iteration 5:  15000000 integrand evaluations so far
[1] 1.31686 +- 8.17935  	chisq 3.66758 (4 df)

Iteration 6:  21000000 integrand evaluations so far
[1] -4.26431 +- 6.19984  	chisq 4.76193 (5 df)

Iteration 7:  28000000 integrand evaluations so far
[1] 3.16589 +- 4.90488  	chisq 8.6011 (6 df)

Iteration 8:  36000000 integrand evaluations so far
[1] 2.99032 +- 4.90016  	chisq 9.26785 (7 df)

Iteration 9:  45000000 integrand evaluations so far
[1] 2.79 +- 4.89325  	chisq 9.86087 (8 df)

Iteration 10:  55000000 integrand evaluations so far
[1] 3.45292 +- 2.81673  	chisq 9.88832 (9 df)
     3.5 ±    2.8        (2.91mi) ┃Vegas input parameters:
  ndim 8
  ncomp 1
  nvec 1
  epsrel 0
  epsabs 0
  flags 10
  seed 123456
  mineval 5000000
  maxeval 50000000
  nstart 1000000
  nincrease 1000000
  nbatch 5000
  gridno 0
  statefile ""

Iteration 1:  1000000 integrand evaluations so far
[1] 28.92 +- 11.7152  	chisq 0 (0 df)

Iteration 2:  3000000 integrand evaluations so far
[1] 0.10489 +- 0.0256664  	chisq 6.04988 (1 df)

Iteration 3:  6000000 integrand evaluations so far
[1] 0.105025 +- 0.0256662  	chisq 8.26192 (2 df)

Iteration 4:  10000000 integrand evaluations so far
[1] 0.110175 +- 0.0256458  	chisq 33.5461 (3 df)

Iteration 5:  15000000 integrand evaluations so far
[1] 0.111113 +- 0.025645  	chisq 55.8648 (4 df)

Iteration 6:  21000000 integrand evaluations so far
[1] 0.111497 +- 0.0256448  	chisq 71.59 (5 df)

Iteration 7:  28000000 integrand evaluations so far
[1] 0.11367 +- 0.0256438  	chisq 167.877 (6 df)

Iteration 8:  36000000 integrand evaluations so far
[1] 0.115527 +- 0.0256431  	chisq 264.281 (7 df)

Iteration 9:  45000000 integrand evaluations so far
[1] 0.127339 +- 0.0256383  	chisq 821.813 (8 df)

Iteration 10:  55000000 integrand evaluations so far
[1] 0.164392 +- 0.0256231  	chisq 2586.49 (9 df)
   0.164 ±  0.026        ( 50.5s) ┃       4 ±    2.8        (16.5mi) ┃
┃   94 -    96 ┃   26 -    27 ┃ 1.83977 ± 0.00071        (9.16mi) ┃ -1.4834 ± 0.0012        (10.6mi) ┃Vegas input parameters:
  ndim 10
  ncomp 1
  nvec 1
  epsrel 0
  epsabs 0
  flags 10
  seed 123456
  mineval 50000000
  maxeval 50000000
  nstart 1000000
  nincrease 1000000
  nbatch 5000
  gridno 0
  statefile ""

Iteration 1:  1000000 integrand evaluations so far
[1] -6.4371 +- 21.2653  	chisq 0 (0 df)

Iteration 2:  3000000 integrand evaluations so far
[1] 2.21097 +- 20.321  	chisq 1.90448 (1 df)

Iteration 3:  6000000 integrand evaluations so far
[1] 14.7842 +- 18.145  	chisq 3.79317 (2 df)

Iteration 4:  10000000 integrand evaluations so far
[1] 5.19858 +- 5.31778  	chisq 4.09848 (3 df)

Iteration 5:  15000000 integrand evaluations so far
[1] 0.725339 +- 4.09798  	chisq 5.84068 (4 df)

Iteration 6:  21000000 integrand evaluations so far
[1] -0.631808 +- 3.28927  	chisq 6.14898 (5 df)

Iteration 7:  28000000 integrand evaluations so far
[1] -0.753987 +- 3.24645  	chisq 6.20232 (6 df)

Iteration 8:  36000000 integrand evaluations so far
[1] -0.811322 +- 3.23857  	chisq 6.26665 (7 df)

Iteration 9:  45000000 integrand evaluations so far
[1] -0.439511 +- 3.16201  	chisq 6.54878 (8 df)

Iteration 10:  55000000 integrand evaluations so far
[1] -0.268227 +- 3.133  	chisq 6.7094 (9 df)
    -0.3 ±    3.1        (2.15mi) ┃Vegas input parameters:
  ndim 8
  ncomp 1
  nvec 1
  epsrel 0
  epsabs 0
  flags 10
  seed 123456
  mineval 5000000
  maxeval 50000000
  nstart 1000000
  nincrease 1000000
  nbatch 5000
  gridno 0
  statefile ""

Iteration 1:  1000000 integrand evaluations so far
[1] 29.6275 +- 9.67738  	chisq 0 (0 df)

Iteration 2:  3000000 integrand evaluations so far
[1] 9.89492 +- 3.49092  	chisq 4.77965 (1 df)

Iteration 3:  6000000 integrand evaluations so far
[1] 10.1018 +- 3.48517  	chisq 5.84631 (2 df)

Iteration 4:  10000000 integrand evaluations so far
[1] 6.244 +- 1.24704  	chisq 7.25151 (3 df)

Iteration 5:  15000000 integrand evaluations so far
[1] 6.80692 +- 1.22376  	chisq 12.7616 (4 df)

Iteration 6:  21000000 integrand evaluations so far
[1] 6.84716 +- 1.22335  	chisq 14.3529 (5 df)

Iteration 7:  28000000 integrand evaluations so far
[1] 7.60529 +- 1.19749  	chisq 23.5372 (6 df)

Iteration 8:  36000000 integrand evaluations so far
[1] 10.1421 +- 1.13125  	chisq 65.2514 (7 df)

Iteration 9:  45000000 integrand evaluations so far
[1] 10.2939 +- 1.1291  	chisq 69.9966 (8 df)

Iteration 10:  55000000 integrand evaluations so far
[1] 11.5712 +- 1.10274  	chisq 97.7306 (9 df)
    11.6 ±    1.1        ( 59.3s) ┃    11.7 ±    3.3        (22.9mi) ┃
┃   94 -    96 ┃   27 -    28 ┃ 1.81585 ± 0.00081        (1.97mi) ┃ -1.4607 ±  0.001        (5.38mi) ┃Vegas input parameters:
  ndim 10
  ncomp 1
  nvec 1
  epsrel 0
  epsabs 0
  flags 10
  seed 123456
  mineval 50000000
  maxeval 50000000
  nstart 1000000
  nincrease 1000000
  nbatch 5000
  gridno 0
  statefile ""

Iteration 1:  1000000 integrand evaluations so far
[1] -15.0229 +- 23.6934  	chisq 0 (0 df)

Iteration 2:  3000000 integrand evaluations so far
[1] -12.1981 +- 23.5237  	chisq 0.995869 (1 df)

Iteration 3:  6000000 integrand evaluations so far
[1] -13.64 +- 23.4951  	chisq 2.5405 (2 df)

Iteration 4:  10000000 integrand evaluations so far
[1] -10.8263 +- 8.35638  	chisq 2.55692 (3 df)

Iteration 5:  15000000 integrand evaluations so far
[1] -10.9837 +- 8.35494  	chisq 3.58419 (4 df)

Iteration 6:  21000000 integrand evaluations so far
[1] 0.563627 +- 2.02162  	chisq 5.61317 (5 df)

Iteration 7:  28000000 integrand evaluations so far
[1] 0.340934 +- 1.88403  	chisq 5.70546 (6 df)

Iteration 8:  36000000 integrand evaluations so far
[1] 0.347917 +- 1.88401  	chisq 6.67328 (7 df)

Iteration 9:  45000000 integrand evaluations so far
[1] 0.311885 +- 1.88377  	chisq 8.09826 (8 df)

Iteration 10:  55000000 integrand evaluations so far
[1] -0.474438 +- 1.25344  	chisq 8.41093 (9 df)
    -0.5 ±    1.3        ( 2.8mi) ┃Vegas input parameters:
  ndim 8
  ncomp 1
  nvec 1
  epsrel 0
  epsabs 0
  flags 10
  seed 123456
  mineval 5000000
  maxeval 50000000
  nstart 1000000
  nincrease 1000000
  nbatch 5000
  gridno 0
  statefile ""

Iteration 1:  1000000 integrand evaluations so far
[1] 46.3769 +- 14.5417  	chisq 0 (0 df)

Iteration 2:  3000000 integrand evaluations so far
[1] 1.51913 +- 0.528516  	chisq 9.52838 (1 df)

Iteration 3:  6000000 integrand evaluations so far
[1] 1.81012 +- 0.517809  	chisq 17.0864 (2 df)

Iteration 4:  10000000 integrand evaluations so far
[1] 2.09596 +- 0.510201  	chisq 27.5333 (3 df)

Iteration 5:  15000000 integrand evaluations so far
[1] 2.15119 +- 0.509743  	chisq 34.0564 (4 df)

Iteration 6:  21000000 integrand evaluations so far
[1] 2.30167 +- 0.508712  	chisq 55.6265 (5 df)

Iteration 7:  28000000 integrand evaluations so far
[1] 2.60568 +- 0.505999  	chisq 89.2045 (6 df)

Iteration 8:  36000000 integrand evaluations so far
[1] 2.90369 +- 0.503409  	chisq 123.166 (7 df)

Iteration 9:  45000000 integrand evaluations so far
[1] 6.86041 +- 0.458199  	chisq 483.282 (8 df)

Iteration 10:  55000000 integrand evaluations so far
[1] 7.13088 +- 0.455954  	chisq 518.923 (9 df)
    7.13 ±   0.46        ( 50.9s) ┃       7 ±    1.3        (  11mi) ┃
┃   94 -    96 ┃   28 -    29 ┃   2.217 ± 0.0011        (4.43mi) ┃-1.79953 ± 0.00098        (42.6mi) ┃Vegas input parameters:
  ndim 10
  ncomp 1
  nvec 1
  epsrel 0
  epsabs 0
  flags 10
  seed 123456
  mineval 50000000
  maxeval 50000000
  nstart 1000000
  nincrease 1000000
  nbatch 5000
  gridno 0
  statefile ""

Iteration 1:  1000000 integrand evaluations so far
[1] -38.4769 +- 37.745  	chisq 0 (0 df)

Iteration 2:  3000000 integrand evaluations so far
[1] 4.74185 +- 25.1461  	chisq 2.35734 (1 df)

Iteration 3:  6000000 integrand evaluations so far
[1] 4.33646 +- 5.04855  	chisq 2.35761 (2 df)

Iteration 4:  10000000 integrand evaluations so far
[1] 4.45236 +- 5.04714  	chisq 3.30624 (3 df)

Iteration 5:  15000000 integrand evaluations so far
[1] 1.73777 +- 4.10612  	chisq 4.16177 (4 df)

Iteration 6:  21000000 integrand evaluations so far
[1] 2.38594 +- 3.67181  	chisq 4.28613 (5 df)

Iteration 7:  28000000 integrand evaluations so far
[1] 2.59449 +- 3.64206  	chisq 4.48608 (6 df)

Iteration 8:  36000000 integrand evaluations so far
[1] 1.31837 +- 3.5487  	chisq 6.91162 (7 df)

Iteration 9:  45000000 integrand evaluations so far
[1] 0.475031 +- 3.50355  	chisq 9.14565 (8 df)

Iteration 10:  55000000 integrand evaluations so far
[1] 0.703224 +- 3.50014  	chisq 11.3219 (9 df)
     0.7 ±    3.5        (2.11mi) ┃Vegas input parameters:
  ndim 8
  ncomp 1
  nvec 1
  epsrel 0
  epsabs 0
  flags 10
  seed 123456
  mineval 5000000
  maxeval 50000000
  nstart 1000000
  nincrease 1000000
  nbatch 5000
  gridno 0
  statefile ""

Iteration 1:  1000000 integrand evaluations so far
[1] 30.8241 +- 11.3433  	chisq 0 (0 df)

Iteration 2:  3000000 integrand evaluations so far
[1] 12.4306 +- 5.33383  	chisq 3.37574 (1 df)

Iteration 3:  6000000 integrand evaluations so far
[1] 12.9505 +- 5.29186  	chisq 3.98196 (2 df)

Iteration 4:  10000000 integrand evaluations so far
[1] 2.61718 +- 0.752675  	chisq 7.87369 (3 df)

Iteration 5:  15000000 integrand evaluations so far
[1] 2.64623 +- 0.752461  	chisq 10.4996 (4 df)

Iteration 6:  21000000 integrand evaluations so far
[1] 3.22203 +- 0.731039  	chisq 20.9323 (5 df)

Iteration 7:  28000000 integrand evaluations so far
[1] 3.25321 +- 0.730727  	chisq 23.0688 (6 df)

Iteration 8:  36000000 integrand evaluations so far
[1] 3.46159 +- 0.72778  	chisq 33.1691 (7 df)

Iteration 9:  45000000 integrand evaluations so far
[1] 4.81027 +- 0.703573  	chisq 85.6666 (8 df)

Iteration 10:  55000000 integrand evaluations so far
[1] 4.93977 +- 0.702506  	chisq 96.8383 (9 df)
    4.94 ±    0.7        ( 45.1s) ┃     6.1 ±    3.6        (49.9mi) ┃
┃   94 -    96 ┃   29 -    30 ┃   1.864 ±  0.001        (4.12mi) ┃-1.51125 ± 0.00095        (21.2mi) ┃Vegas input parameters:
  ndim 10
  ncomp 1
  nvec 1
  epsrel 0
  epsabs 0
  flags 10
  seed 123456
  mineval 50000000
  maxeval 50000000
  nstart 1000000
  nincrease 1000000
  nbatch 5000
  gridno 0
  statefile ""

Iteration 1:  1000000 integrand evaluations so far
[1] -17.4431 +- 14.8315  	chisq 0 (0 df)

Iteration 2:  3000000 integrand evaluations so far
[1] -14.8038 +- 14.0207  	chisq 0.297787 (1 df)

Iteration 3:  6000000 integrand evaluations so far
[1] -7.08264 +- 12.6971  	chisq 1.98358 (2 df)

Iteration 4:  10000000 integrand evaluations so far
[1] -4.16295 +- 12.4353  	chisq 3.27927 (3 df)

Iteration 5:  15000000 integrand evaluations so far
[1] -0.863665 +- 9.94714  	chisq 3.47472 (4 df)

Iteration 6:  21000000 integrand evaluations so far
[1] -2.66909 +- 8.84643  	chisq 3.63229 (5 df)

Iteration 7:  28000000 integrand evaluations so far
[1] -4.09186 +- 7.9948  	chisq 3.77343 (6 df)

Iteration 8:  36000000 integrand evaluations so far
[1] -7.23283 +- 7.58503  	chisq 5.31877 (7 df)

Iteration 9:  45000000 integrand evaluations so far
[1] -3.24541 +- 7.27508  	chisq 8.77072 (8 df)

Iteration 10:  55000000 integrand evaluations so far
[1] -4.10873 +- 7.21874  	chisq 9.68355 (9 df)
    -4.1 ±    7.2        (2.43mi) ┃Vegas input parameters:
  ndim 8
  ncomp 1
  nvec 1
  epsrel 0
  epsabs 0
  flags 10
  seed 123456
  mineval 5000000
  maxeval 50000000
  nstart 1000000
  nincrease 1000000
  nbatch 5000
  gridno 0
  statefile ""

Iteration 1:  1000000 integrand evaluations so far
[1] 53.8761 +- 15.7424  	chisq 0 (0 df)

Iteration 2:  3000000 integrand evaluations so far
[1] 5.19717 +- 1.75823  	chisq 9.68261 (1 df)

Iteration 3:  6000000 integrand evaluations so far
[1] 5.65676 +- 1.29203  	chisq 9.83115 (2 df)

Iteration 4:  10000000 integrand evaluations so far
[1] 6.31423 +- 1.25319  	chisq 14.2037 (3 df)

Iteration 5:  15000000 integrand evaluations so far
[1] 6.46603 +- 1.24974  	chisq 16.8694 (4 df)

Iteration 6:  21000000 integrand evaluations so far
[1] 8.25085 +- 1.17397  	chisq 34.2173 (5 df)

Iteration 7:  28000000 integrand evaluations so far
[1] 11.9416 +- 1.03313  	chisq 78.0388 (6 df)

Iteration 8:  36000000 integrand evaluations so far
[1] 12.3283 +- 1.02698  	chisq 89.8341 (7 df)

Iteration 9:  45000000 integrand evaluations so far
[1] 15.6749 +- 0.933554  	chisq 150.98 (8 df)

Iteration 10:  55000000 integrand evaluations so far
[1] 19.838 +- 0.832056  	chisq 247.691 (9 df)
   19.84 ±   0.83        ( 46.8s) ┃    16.1 ±    7.3        (28.5mi) ┃
┃   94 -    96 ┃   30 -    31 ┃  2.1117 ± 0.0012        ( 8.56s) ┃ -1.7343 ± 0.0012        (42.8mi) ┃Vegas input parameters:
  ndim 10
  ncomp 1
  nvec 1
  epsrel 0
  epsabs 0
  flags 10
  seed 123456
  mineval 50000000
  maxeval 50000000
  nstart 1000000
  nincrease 1000000
  nbatch 5000
  gridno 0
  statefile ""

Iteration 1:  1000000 integrand evaluations so far
[1] -12.4714 +- 19.9339  	chisq 0 (0 df)

Iteration 2:  3000000 integrand evaluations so far
[1] -14.895 +- 17.4964  	chisq 0.0643827 (1 df)

Iteration 3:  6000000 integrand evaluations so far
[1] -19.0169 +- 15.8278  	chisq 0.369919 (2 df)

Iteration 4:  10000000 integrand evaluations so far
[1] -19.8261 +- 15.7783  	chisq 0.789065 (3 df)

Iteration 5:  15000000 integrand evaluations so far
[1] -7.8638 +- 11.051  	chisq 1.91732 (4 df)

Iteration 6:  21000000 integrand evaluations so far
[1] -10.9612 +- 9.66492  	chisq 2.25144 (5 df)

Iteration 7:  28000000 integrand evaluations so far
[1] -9.39247 +- 9.31676  	chisq 2.62385 (6 df)

Iteration 8:  36000000 integrand evaluations so far
[1] -13.0323 +- 7.91465  	chisq 3.17221 (7 df)

Iteration 9:  45000000 integrand evaluations so far
[1] -12.2312 +- 7.8892  	chisq 4.76785 (8 df)

Iteration 10:  55000000 integrand evaluations so far
[1] -11.9921 +- 7.33268  	chisq 4.77459 (9 df)
     -12 ±    7.3        (2.35mi) ┃Vegas input parameters:
  ndim 8
  ncomp 1
  nvec 1
  epsrel 0
  epsabs 0
  flags 10
  seed 123456
  mineval 5000000
  maxeval 50000000
  nstart 1000000
  nincrease 1000000
  nbatch 5000
  gridno 0
  statefile ""

Iteration 1:  1000000 integrand evaluations so far
[1] 21.7813 +- 10.5902  	chisq 0 (0 df)

Iteration 2:  3000000 integrand evaluations so far
[1] 0.932656 +- 0.485534  	chisq 3.88384 (1 df)

Iteration 3:  6000000 integrand evaluations so far
[1] 0.264576 +- 0.065591  	chisq 5.81232 (2 df)

Iteration 4:  10000000 integrand evaluations so far
[1] 0.264577 +- 0.065591  	chisq 6.81598 (3 df)

Iteration 5:  15000000 integrand evaluations so far
[1] 0.270552 +- 0.0655481  	chisq 13.1693 (4 df)

Iteration 6:  21000000 integrand evaluations so far
[1] 0.27357 +- 0.065543  	chisq 26.6872 (5 df)

Iteration 7:  28000000 integrand evaluations so far
[1] 0.27878 +- 0.0655358  	chisq 55.2865 (6 df)

Iteration 8:  36000000 integrand evaluations so far
[1] 0.309657 +- 0.0654887  	chisq 210.008 (7 df)

Iteration 9:  45000000 integrand evaluations so far
[1] 0.351138 +- 0.0654419  	chisq 490.483 (8 df)

Iteration 10:  55000000 integrand evaluations so far
[1] 0.374865 +- 0.065417  	chisq 663.163 (9 df)
   0.375 ±  0.065        ( 48.8s) ┃   -11.2 ±    7.3        (46.1mi) ┃
┃   94 -    96 ┃   31 -    32 ┃  1.7949 ± 0.0017        (4.07mi) ┃ -1.4483 ± 0.0011        (42.7mi) ┃Vegas input parameters:
  ndim 10
  ncomp 1
  nvec 1
  epsrel 0
  epsabs 0
  flags 10
  seed 123456
  mineval 50000000
  maxeval 50000000
  nstart 1000000
  nincrease 1000000
  nbatch 5000
  gridno 0
  statefile ""

Iteration 1:  1000000 integrand evaluations so far
[1] -2.31826 +- 11.6742  	chisq 0 (0 df)

Iteration 2:  3000000 integrand evaluations so far
[1] -9.91052 +- 6.59318  	chisq 0.621036 (1 df)

Iteration 3:  6000000 integrand evaluations so far
[1] -11.0092 +- 4.34254  	chisq 0.670078 (2 df)

Iteration 4:  10000000 integrand evaluations so far
[1] -11.4696 +- 3.79958  	chisq 0.718029 (3 df)

Iteration 5:  15000000 integrand evaluations so far
[1] -11.2782 +- 3.79651  	chisq 2.28982 (4 df)

Iteration 6:  21000000 integrand evaluations so far
[1] -11.3838 +- 3.7951  	chisq 3.32718 (5 df)

Iteration 7:  28000000 integrand evaluations so far
[1] -11.1864 +- 3.79058  	chisq 4.46351 (6 df)

Iteration 8:  36000000 integrand evaluations so far
[1] -9.59079 +- 3.22247  	chisq 5.10254 (7 df)

Iteration 9:  45000000 integrand evaluations so far
[1] -9.61604 +- 3.22238  	chisq 6.18563 (8 df)

Iteration 10:  55000000 integrand evaluations so far
[1] -8.69051 +- 3.19383  	chisq 10.8618 (9 df)
    -8.7 ±    3.2        (2.32mi) ┃Vegas input parameters:
  ndim 8
  ncomp 1
  nvec 1
  epsrel 0
  epsabs 0
  flags 10
  seed 123456
  mineval 5000000
  maxeval 50000000
  nstart 1000000
  nincrease 1000000
  nbatch 5000
  gridno 0
  statefile ""

Iteration 1:  1000000 integrand evaluations so far
[1] 25.2196 +- 8.73941  	chisq 0 (0 df)

Iteration 2:  3000000 integrand evaluations so far
[1] 0.979353 +- 0.293219  	chisq 7.70192 (1 df)

Iteration 3:  6000000 integrand evaluations so far
[1] 0.979765 +- 0.293219  	chisq 8.76001 (2 df)

Iteration 4:  10000000 integrand evaluations so far
[1] 1.11 +- 0.289161  	chisq 15.9372 (3 df)

Iteration 5:  15000000 integrand evaluations so far
[1] 1.16953 +- 0.288646  	chisq 27.8524 (4 df)

Iteration 6:  21000000 integrand evaluations so far
[1] 1.22546 +- 0.288365  	chisq 47.1128 (5 df)

Iteration 7:  28000000 integrand evaluations so far
[1] 1.30679 +- 0.288008  	chisq 79.2801 (6 df)

Iteration 8:  36000000 integrand evaluations so far
[1] 1.49822 +- 0.287058  	chisq 146.375 (7 df)

Iteration 9:  45000000 integrand evaluations so far
[1] 2.7693 +- 0.279533  	chisq 525.293 (8 df)

Iteration 10:  55000000 integrand evaluations so far
[1] 3.4307 +- 0.276305  	chisq 769.081 (9 df)
    3.43 ±   0.28        (1.04mi) ┃    -4.9 ±    3.2        (50.2mi) ┃
┃   94 -    96 ┃   32 -    33 ┃  2.0268 ± 0.0012        (7.24mi) ┃-1.64117 ± 0.00096        (5.88mi) ┃Vegas input parameters:
  ndim 10
  ncomp 1
  nvec 1
  epsrel 0
  epsabs 0
  flags 10
  seed 123456
  mineval 50000000
  maxeval 50000000
  nstart 1000000
  nincrease 1000000
  nbatch 5000
  gridno 0
  statefile ""

Iteration 1:  1000000 integrand evaluations so far
[1] -9.43537 +- 6.39458  	chisq 0 (0 df)

Iteration 2:  3000000 integrand evaluations so far
[1] -8.35346 +- 6.15972  	chisq 0.397002 (1 df)

Iteration 3:  6000000 integrand evaluations so far
[1] -8.30582 +- 6.15954  	chisq 1.41444 (2 df)

Iteration 4:  10000000 integrand evaluations so far
[1] -1.80593 +- 5.03088  	chisq 4.75948 (3 df)

Iteration 5:  15000000 integrand evaluations so far
[1] -2.23644 +- 5.00157  	chisq 5.38993 (4 df)

Iteration 6:  21000000 integrand evaluations so far
[1] -3.58304 +- 4.57183  	chisq 5.83068 (5 df)

Iteration 7:  28000000 integrand evaluations so far
[1] -2.78718 +- 4.39652  	chisq 6.23354 (6 df)

Iteration 8:  36000000 integrand evaluations so far
[1] -3.02121 +- 4.39064  	chisq 7.29283 (7 df)

Iteration 9:  45000000 integrand evaluations so far
[1] -2.7616 +- 4.37728  	chisq 7.86828 (8 df)

Iteration 10:  55000000 integrand evaluations so far
[1] -3.22993 +- 4.35975  	chisq 9.30047 (9 df)
    -3.2 ±    4.4        (2.47mi) ┃Vegas input parameters:
  ndim 8
  ncomp 1
  nvec 1
  epsrel 0
  epsabs 0
  flags 10
  seed 123456
  mineval 5000000
  maxeval 50000000
  nstart 1000000
  nincrease 1000000
  nbatch 5000
  gridno 0
  statefile ""

Iteration 1:  1000000 integrand evaluations so far
[1] 36.9851 +- 12.3656  	chisq 0 (0 df)

Iteration 2:  3000000 integrand evaluations so far
[1] 22.9566 +- 8.15763  	chisq 2.27875 (1 df)

Iteration 3:  6000000 integrand evaluations so far
[1] 4.05242 +- 1.46659  	chisq 7.82831 (2 df)

Iteration 4:  10000000 integrand evaluations so far
[1] 4.22038 +- 1.45868  	chisq 9.04813 (3 df)

Iteration 5:  15000000 integrand evaluations so far
[1] 5.89947 +- 1.30714  	chisq 15.7749 (4 df)

Iteration 6:  21000000 integrand evaluations so far
[1] 7.04014 +- 1.25146  	chisq 24.908 (5 df)

Iteration 7:  28000000 integrand evaluations so far
[1] 9.48837 +- 1.1672  	chisq 54.3188 (6 df)

Iteration 8:  36000000 integrand evaluations so far
[1] 14.3381 +- 1.00439  	chisq 120.842 (7 df)

Iteration 9:  45000000 integrand evaluations so far
[1] 21.2747 +- 0.707603  	chisq 215.539 (8 df)

Iteration 10:  55000000 integrand evaluations so far
[1] 24.9519 +- 0.466946  	chisq 263.378 (9 df)
   24.95 ±   0.47        ( 43.7s) ┃    22.1 ±    4.4        (16.3mi) ┃
┃   94 -    96 ┃   33 -    34 ┃  2.0225 ± 0.0017        ( 30.9s) ┃-1.62758 ± 0.00071        (2.85mi) ┃Vegas input parameters:
  ndim 10
  ncomp 1
  nvec 1
  epsrel 0
  epsabs 0
  flags 10
  seed 123456
  mineval 50000000
  maxeval 50000000
  nstart 1000000
  nincrease 1000000
  nbatch 5000
  gridno 0
  statefile ""

Iteration 1:  1000000 integrand evaluations so far
[1] -4.29863 +- 17.659  	chisq 0 (0 df)

Iteration 2:  3000000 integrand evaluations so far
[1] 6.82172 +- 15.1375  	chisq 1.49537 (1 df)

Iteration 3:  6000000 integrand evaluations so far
[1] -7.69032 +- 10.4598  	chisq 3.25422 (2 df)

Iteration 4:  10000000 integrand evaluations so far
[1] -6.20582 +- 9.7349  	chisq 3.40477 (3 df)

Iteration 5:  15000000 integrand evaluations so far
[1] -5.03603 +- 9.61413  	chisq 3.99034 (4 df)

Iteration 6:  21000000 integrand evaluations so far
[1] -0.743453 +- 8.83692  	chisq 5.27527 (5 df)

Iteration 7:  28000000 integrand evaluations so far
[1] -2.60544 +- 6.84007  	chisq 5.38602 (6 df)

Iteration 8:  36000000 integrand evaluations so far
[1] -5.0342 +- 6.52007  	chisq 6.76581 (7 df)

Iteration 9:  45000000 integrand evaluations so far
[1] -4.46535 +- 6.48965  	chisq 7.58332 (8 df)

Iteration 10:  55000000 integrand evaluations so far
[1] -5.45251 +- 5.94671  	chisq 7.72764 (9 df)
    -5.5 ±    5.9        (2.12mi) ┃Vegas input parameters:
  ndim 8
  ncomp 1
  nvec 1
  epsrel 0
  epsabs 0
  flags 10
  seed 123456
  mineval 5000000
  maxeval 50000000
  nstart 1000000
  nincrease 1000000
  nbatch 5000
  gridno 0
  statefile ""

Iteration 1:  1000000 integrand evaluations so far
[1] 39.2857 +- 13.3346  	chisq 0 (0 df)

Iteration 2:  3000000 integrand evaluations so far
[1] 41.4004 +- 13.0979  	chisq 0.714648 (1 df)

Iteration 3:  6000000 integrand evaluations so far
[1] 8.82487 +- 2.57993  	chisq 7.14991 (2 df)

Iteration 4:  10000000 integrand evaluations so far
[1] 10.323 +- 2.28981  	chisq 8.73859 (3 df)

Iteration 5:  15000000 integrand evaluations so far
[1] 10.5543 +- 2.28382  	chisq 10.6912 (4 df)

Iteration 6:  21000000 integrand evaluations so far
[1] 12.2152 +- 2.10764  	chisq 14.2567 (5 df)

Iteration 7:  28000000 integrand evaluations so far
[1] 14.9624 +- 1.91709  	chisq 24.0976 (6 df)

Iteration 8:  36000000 integrand evaluations so far
[1] 17.0487 +- 1.80912  	chisq 34.9159 (7 df)

Iteration 9:  45000000 integrand evaluations so far
[1] 17.1327 +- 1.80788  	chisq 36.4886 (8 df)

Iteration 10:  55000000 integrand evaluations so far
[1] 19.9075 +- 1.60237  	chisq 47.4751 (9 df)
    19.9 ±    1.6        (   46s) ┃    14.8 ±    6.2        (6.25mi) ┃
┃   94 -    96 ┃   34 -    35 ┃  1.4196 ±  0.001        (14.7mi) ┃ -1.1457 ± 0.00083        (2.81mi) ┃Vegas input parameters:
  ndim 10
  ncomp 1
  nvec 1
  epsrel 0
  epsabs 0
  flags 10
  seed 123456
  mineval 50000000
  maxeval 50000000
  nstart 1000000
  nincrease 1000000
  nbatch 5000
  gridno 0
  statefile ""

Iteration 1:  1000000 integrand evaluations so far
[1] 65.6362 +- 65.5435  	chisq 0 (0 df)

Iteration 2:  3000000 integrand evaluations so far
[1] -22.3454 +- 11.6354  	chisq 1.86051 (1 df)

Iteration 3:  6000000 integrand evaluations so far
[1] -4.7354 +- 5.09275  	chisq 4.69395 (2 df)

Iteration 4:  10000000 integrand evaluations so far
[1] -4.64385 +- 5.09197  	chisq 5.7509 (3 df)

Iteration 5:  15000000 integrand evaluations so far
[1] -2.82546 +- 3.82234  	chisq 6.04305 (4 df)

Iteration 6:  21000000 integrand evaluations so far
[1] -2.78635 +- 3.82208  	chisq 6.8153 (5 df)

Iteration 7:  28000000 integrand evaluations so far
[1] -2.85523 +- 3.821  	chisq 7.38625 (6 df)

Iteration 8:  36000000 integrand evaluations so far
[1] -2.22758 +- 2.82663  	chisq 7.44585 (7 df)

Iteration 9:  45000000 integrand evaluations so far
[1] -2.17715 +- 2.82619  	chisq 8.46041 (8 df)

Iteration 10:  55000000 integrand evaluations so far
[1] -2.088 +- 2.63483  	chisq 8.46801 (9 df)
    -2.1 ±    2.6        (2.13mi) ┃Vegas input parameters:
  ndim 8
  ncomp 1
  nvec 1
  epsrel 0
  epsabs 0
  flags 10
  seed 123456
  mineval 5000000
  maxeval 50000000
  nstart 1000000
  nincrease 1000000
  nbatch 5000
  gridno 0
  statefile ""

Iteration 1:  1000000 integrand evaluations so far
[1] 52.6275 +- 13.964  	chisq 0 (0 df)

Iteration 2:  3000000 integrand evaluations so far
[1] 3.78903 +- 1.10153  	chisq 12.3088 (1 df)

Iteration 3:  6000000 integrand evaluations so far
[1] 4.12896 +- 1.08104  	chisq 14.8929 (2 df)

Iteration 4:  10000000 integrand evaluations so far
[1] 5.11539 +- 1.03231  	chisq 24.3414 (3 df)

Iteration 5:  15000000 integrand evaluations so far
[1] 7.60854 +- 0.930907  	chisq 55.5649 (4 df)

Iteration 6:  21000000 integrand evaluations so far
[1] 8.0591 +- 0.92196  	chisq 67.8111 (5 df)

Iteration 7:  28000000 integrand evaluations so far
[1] 9.59232 +- 0.890066  	chisq 108.487 (6 df)

Iteration 8:  36000000 integrand evaluations so far
[1] 11.7898 +- 0.844472  	chisq 169.549 (7 df)

Iteration 9:  45000000 integrand evaluations so far
[1] 17.4527 +- 0.695556  	chisq 309.378 (8 df)

Iteration 10:  55000000 integrand evaluations so far
[1] 23.0101 +- 0.501235  	chisq 442.181 (9 df)
   23.01 ±    0.5        ( 45.2s) ┃    21.2 ±    2.7        (20.4mi) ┃
┃   94 -    96 ┃   35 -    36 ┃  2.5084 ± 0.0021        (3.76mi) ┃ -2.0252 ± 0.0014        (5.64mi) ┃Vegas input parameters:
  ndim 10
  ncomp 1
  nvec 1
  epsrel 0
  epsabs 0
  flags 10
  seed 123456
  mineval 50000000
  maxeval 50000000
  nstart 1000000
  nincrease 1000000
  nbatch 5000
  gridno 0
  statefile ""

Iteration 1:  1000000 integrand evaluations so far
[1] 1.92596 +- 6.08557  	chisq 0 (0 df)

Iteration 2:  3000000 integrand evaluations so far
[1] 2.14001 +- 6.08172  	chisq 0.977459 (1 df)

Iteration 3:  6000000 integrand evaluations so far
[1] -3.89313 +- 3.96152  	chisq 2.68683 (2 df)

Iteration 4:  10000000 integrand evaluations so far
[1] -4.39542 +- 3.41455  	chisq 2.74937 (3 df)

Iteration 5:  15000000 integrand evaluations so far
[1] -2.87869 +- 3.19194  	chisq 4.31363 (4 df)

Iteration 6:  21000000 integrand evaluations so far
[1] -2.22548 +- 3.16699  	chisq 7.00217 (5 df)

Iteration 7:  28000000 integrand evaluations so far
[1] -2.38482 +- 3.16224  	chisq 7.84803 (6 df)

Iteration 8:  36000000 integrand evaluations so far
[1] -2.41092 +- 3.16205  	chisq 8.41476 (7 df)

Iteration 9:  45000000 integrand evaluations so far
[1] -2.48593 +- 3.16055  	chisq 9.00484 (8 df)

Iteration 10:  55000000 integrand evaluations so far
[1] -2.30954 +- 3.11203  	chisq 9.10709 (9 df)
    -2.3 ±    3.1        (2.15mi) ┃Vegas input parameters:
  ndim 8
  ncomp 1
  nvec 1
  epsrel 0
  epsabs 0
  flags 10
  seed 123456
  mineval 5000000
  maxeval 50000000
  nstart 1000000
  nincrease 1000000
  nbatch 5000
  gridno 0
  statefile ""

Iteration 1:  1000000 integrand evaluations so far
[1] 25.1232 +- 9.10701  	chisq 0 (0 df)

Iteration 2:  3000000 integrand evaluations so far
[1] 1.00935 +- 0.385192  	chisq 7.02357 (1 df)

Iteration 3:  6000000 integrand evaluations so far
[1] 1.18644 +- 0.367931  	chisq 9.43599 (2 df)

Iteration 4:  10000000 integrand evaluations so far
[1] 1.21689 +- 0.367411  	chisq 11.8572 (3 df)

Iteration 5:  15000000 integrand evaluations so far
[1] 1.25403 +- 0.36714  	chisq 18.7961 (4 df)

Iteration 6:  21000000 integrand evaluations so far
[1] 1.2888 +- 0.366974  	chisq 28.7277 (5 df)

Iteration 7:  28000000 integrand evaluations so far
[1] 1.39993 +- 0.366212  	chisq 50.808 (6 df)

Iteration 8:  36000000 integrand evaluations so far
[1] 1.54796 +- 0.365235  	chisq 81.4798 (7 df)

Iteration 9:  45000000 integrand evaluations so far
[1] 2.46546 +- 0.357856  	chisq 239.251 (8 df)

Iteration 10:  55000000 integrand evaluations so far
[1] 4.60772 +- 0.340044  	chisq 608.441 (9 df)
    4.61 ±   0.34        ( 43.5s) ┃     2.8 ±    3.1        (12.3mi) ┃
┃   94 -    96 ┃   36 -    37 ┃  2.1059 ± 0.0013        (3.68mi) ┃ -1.7086 ± 0.0012        (10.9mi) ┃Vegas input parameters:
  ndim 10
  ncomp 1
  nvec 1
  epsrel 0
  epsabs 0
  flags 10
  seed 123456
  mineval 50000000
  maxeval 50000000
  nstart 1000000
  nincrease 1000000
  nbatch 5000
  gridno 0
  statefile ""

Iteration 1:  1000000 integrand evaluations so far
[1] 51.607 +- 40.6651  	chisq 0 (0 df)

Iteration 2:  3000000 integrand evaluations so far
[1] -1.61361 +- 2.20267  	chisq 1.71788 (1 df)

Iteration 3:  6000000 integrand evaluations so far
[1] -2.55767 +- 2.06142  	chisq 3.19756 (2 df)

Iteration 4:  10000000 integrand evaluations so far
[1] -2.71636 +- 2.03023  	chisq 3.39496 (3 df)

Iteration 5:  15000000 integrand evaluations so far
[1] -2.87471 +- 2.02244  	chisq 4.18845 (4 df)

Iteration 6:  21000000 integrand evaluations so far
[1] -2.91345 +- 2.02213  	chisq 5.41174 (5 df)

Iteration 7:  28000000 integrand evaluations so far
[1] -2.81258 +- 2.01881  	chisq 6.16866 (6 df)

Iteration 8:  36000000 integrand evaluations so far
[1] -2.85853 +- 2.01834  	chisq 7.27675 (7 df)

Iteration 9:  45000000 integrand evaluations so far
[1] -2.94735 +- 2.01687  	chisq 8.60867 (8 df)

Iteration 10:  55000000 integrand evaluations so far
[1] -2.37043 +- 1.78995  	chisq 8.99396 (9 df)
    -2.4 ±    1.8        (2.09mi) ┃Vegas input parameters:
  ndim 8
  ncomp 1
  nvec 1
  epsrel 0
  epsabs 0
  flags 10
  seed 123456
  mineval 5000000
  maxeval 50000000
  nstart 1000000
  nincrease 1000000
  nbatch 5000
  gridno 0
  statefile ""

Iteration 1:  1000000 integrand evaluations so far
[1] 25.1191 +- 10.4996  	chisq 0 (0 df)

Iteration 2:  3000000 integrand evaluations so far
[1] 4.01919 +- 1.79547  	chisq 4.16009 (1 df)

Iteration 3:  6000000 integrand evaluations so far
[1] 0.902522 +- 0.199657  	chisq 7.21098 (2 df)

Iteration 4:  10000000 integrand evaluations so far
[1] 0.93632 +- 0.199328  	chisq 15.9153 (3 df)

Iteration 5:  15000000 integrand evaluations so far
[1] 0.973406 +- 0.199106  	chisq 31.4685 (4 df)

Iteration 6:  21000000 integrand evaluations so far
[1] 0.993033 +- 0.199023  	chisq 43.1667 (5 df)

Iteration 7:  28000000 integrand evaluations so far
[1] 1.12252 +- 0.198311  	chisq 102.385 (6 df)

Iteration 8:  36000000 integrand evaluations so far
[1] 1.19006 +- 0.198075  	chisq 151.193 (7 df)

Iteration 9:  45000000 integrand evaluations so far
[1] 1.29803 +- 0.197659  	chisq 221.979 (8 df)

Iteration 10:  55000000 integrand evaluations so far
[1] 1.89448 +- 0.195196  	chisq 589.68 (9 df)
    1.89 ±    0.2        ( 42.9s) ┃    -0.1 ±    1.8        (17.4mi) ┃
┃   94 -    96 ┃   37 -    38 ┃ 1.66116 ± 0.00048        (2.18mi) ┃-1.34924 ± 0.00033        (42.5mi) ┃Vegas input parameters:
  ndim 10
  ncomp 1
  nvec 1
  epsrel 0
  epsabs 0
  flags 10
  seed 123456
  mineval 50000000
  maxeval 50000000
  nstart 1000000
  nincrease 1000000
  nbatch 5000
  gridno 0
  statefile ""

Iteration 1:  1000000 integrand evaluations so far
[1] 13.9552 +- 12.536  	chisq 0 (0 df)

Iteration 2:  3000000 integrand evaluations so far
[1] 12.5007 +- 12.47  	chisq 1.28138 (1 df)

Iteration 3:  6000000 integrand evaluations so far
[1] 10.1897 +- 12.3092  	chisq 2.62158 (2 df)

Iteration 4:  10000000 integrand evaluations so far
[1] 7.63868 +- 12.1115  	chisq 3.96987 (3 df)

Iteration 5:  15000000 integrand evaluations so far
[1] 7.60029 +- 11.7503  	chisq 3.97004 (4 df)

Iteration 6:  21000000 integrand evaluations so far
[1] 0.264209 +- 10.2413  	chisq 5.59178 (5 df)

Iteration 7:  28000000 integrand evaluations so far
[1] -0.00400999 +- 3.17662  	chisq 5.59254 (6 df)

Iteration 8:  36000000 integrand evaluations so far
[1] 0.491276 +- 3.15196  	chisq 7.16449 (7 df)

Iteration 9:  45000000 integrand evaluations so far
[1] 0.571881 +- 3.15096  	chisq 8.19308 (8 df)

Iteration 10:  55000000 integrand evaluations so far
[1] 0.392787 +- 3.13144  	chisq 8.45468 (9 df)
     0.4 ±    3.1        (2.13mi) ┃Vegas input parameters:
  ndim 8
  ncomp 1
  nvec 1
  epsrel 0
  epsabs 0
  flags 10
  seed 123456
  mineval 5000000
  maxeval 50000000
  nstart 1000000
  nincrease 1000000
  nbatch 5000
  gridno 0
  statefile ""

Iteration 1:  1000000 integrand evaluations so far
[1] 32.2766 +- 10.7684  	chisq 0 (0 df)

Iteration 2:  3000000 integrand evaluations so far
[1] 32.3321 +- 10.7683  	chisq 0.980568 (1 df)

Iteration 3:  6000000 integrand evaluations so far
[1] 6.10809 +- 2.42191  	chisq 7.22728 (2 df)

Iteration 4:  10000000 integrand evaluations so far
[1] 7.19164 +- 2.18538  	chisq 8.30465 (3 df)

Iteration 5:  15000000 integrand evaluations so far
[1] 9.59369 +- 1.88771  	chisq 13.0636 (4 df)

Iteration 6:  21000000 integrand evaluations so far
[1] 10.7006 +- 1.79953  	chisq 16.8319 (5 df)

Iteration 7:  28000000 integrand evaluations so far
[1] 15.6784 +- 1.20693  	chisq 30.7396 (6 df)

Iteration 8:  36000000 integrand evaluations so far
[1] 18.8591 +- 0.909062  	chisq 46.7908 (7 df)

Iteration 9:  45000000 integrand evaluations so far
[1] 21.2563 +- 0.586646  	chisq 58.707 (8 df)

Iteration 10:  55000000 integrand evaluations so far
[1] 21.264 +- 0.5866  	chisq 59.8042 (9 df)
   21.26 ±   0.59        ( 41.7s) ┃      22 ±    3.2        (47.5mi) ┃
┃   94 -    96 ┃   38 -    39 ┃  1.8438 ± 0.0013        ( 1.1mi) ┃-1.47512 ± 0.00071        (5.26mi) ┃Vegas input parameters:
  ndim 10
  ncomp 1
  nvec 1
  epsrel 0
  epsabs 0
  flags 10
  seed 123456
  mineval 50000000
  maxeval 50000000
  nstart 1000000
  nincrease 1000000
  nbatch 5000
  gridno 0
  statefile ""

Iteration 1:  1000000 integrand evaluations so far
[1] 30.1105 +- 17.4345  	chisq 0 (0 df)

Iteration 2:  3000000 integrand evaluations so far
[1] 13.5102 +- 8.15095  	chisq 1.16018 (1 df)

Iteration 3:  6000000 integrand evaluations so far
[1] 14.3114 +- 8.00925  	chisq 1.44046 (2 df)

Iteration 4:  10000000 integrand evaluations so far
[1] 12.7176 +- 7.88047  	chisq 2.68175 (3 df)

Iteration 5:  15000000 integrand evaluations so far
[1] 13.8292 +- 7.33389  	chisq 2.83035 (4 df)

Iteration 6:  21000000 integrand evaluations so far
[1] 9.94868 +- 5.93893  	chisq 3.64367 (5 df)

Iteration 7:  28000000 integrand evaluations so far
[1] 7.43235 +- 5.72374  	chisq 6.16661 (6 df)

Iteration 8:  36000000 integrand evaluations so far
[1] 7.18652 +- 5.71986  	chisq 7.52977 (7 df)

Iteration 9:  45000000 integrand evaluations so far
[1] 7.81232 +- 5.5185  	chisq 7.70282 (8 df)

Iteration 10:  55000000 integrand evaluations so far
[1] 0.782491 +- 3.30189  	chisq 10.2304 (9 df)
     0.8 ±    3.3        (2.13mi) ┃Vegas input parameters:
  ndim 8
  ncomp 1
  nvec 1
  epsrel 0
  epsabs 0
  flags 10
  seed 123456
  mineval 5000000
  maxeval 50000000
  nstart 1000000
  nincrease 1000000
  nbatch 5000
  gridno 0
  statefile ""

Iteration 1:  1000000 integrand evaluations so far
[1] 13.9564 +- 6.63096  	chisq 0 (0 df)

Iteration 2:  3000000 integrand evaluations so far
[1] 0.0257725 +- 0.0106444  	chisq 4.41358 (1 df)

Iteration 3:  6000000 integrand evaluations so far
[1] 0.0258241 +- 0.0106444  	chisq 5.76249 (2 df)

Iteration 4:  10000000 integrand evaluations so far
[1] 0.0258425 +- 0.0106443  	chisq 7.75708 (3 df)

Iteration 5:  15000000 integrand evaluations so far
[1] 0.0258954 +- 0.0106443  	chisq 11.355 (4 df)

Iteration 6:  21000000 integrand evaluations so far
[1] 0.0259554 +- 0.0106443  	chisq 21.5583 (5 df)

Iteration 7:  28000000 integrand evaluations so far
[1] 0.0264508 +- 0.0106441  	chisq 79.9249 (6 df)

Iteration 8:  36000000 integrand evaluations so far
[1] 0.0264721 +- 0.0106441  	chisq 87.845 (7 df)

Iteration 9:  45000000 integrand evaluations so far
[1] 0.0268278 +- 0.010644  	chisq 187.413 (8 df)

Iteration 10:  55000000 integrand evaluations so far
[1] 0.0280495 +- 0.0106438  	chisq 492.379 (9 df)
   0.028 ±  0.011        (   45s) ┃     1.2 ±    3.3        (9.24mi) ┃
┃   94 -    96 ┃   39 -    40 ┃ 2.38307 ± 0.0008        (2.13mi) ┃ -1.9281 ± 0.0016        (2.61mi) ┃Vegas input parameters:
  ndim 10
  ncomp 1
  nvec 1
  epsrel 0
  epsabs 0
  flags 10
  seed 123456
  mineval 50000000
  maxeval 50000000
  nstart 1000000
  nincrease 1000000
  nbatch 5000
  gridno 0
  statefile ""

Iteration 1:  1000000 integrand evaluations so far
[1] -7.85371 +- 7.68185  	chisq 0 (0 df)

Iteration 2:  3000000 integrand evaluations so far
[1] -7.96827 +- 7.66647  	chisq 0.0555907 (1 df)

Iteration 3:  6000000 integrand evaluations so far
[1] -8.64687 +- 7.5158  	chisq 0.256906 (2 df)

Iteration 4:  10000000 integrand evaluations so far
[1] -8.46262 +- 7.15884  	chisq 0.263387 (3 df)

Iteration 5:  15000000 integrand evaluations so far
[1] 0.263351 +- 3.25458  	chisq 2.13621 (4 df)

Iteration 6:  21000000 integrand evaluations so far
[1] 0.141799 +- 3.25318  	chisq 3.74713 (5 df)

Iteration 7:  28000000 integrand evaluations so far
[1] 0.114288 +- 3.25288  	chisq 4.13965 (6 df)

Iteration 8:  36000000 integrand evaluations so far
[1] 0.587872 +- 2.97955  	chisq 4.27131 (7 df)

Iteration 9:  45000000 integrand evaluations so far
[1] 0.759091 +- 2.94534  	chisq 4.41595 (8 df)

Iteration 10:  55000000 integrand evaluations so far
[1] 0.771115 +- 2.87368  	chisq 4.4163 (9 df)
     0.8 ±    2.9        (2.14mi) ┃Vegas input parameters:
  ndim 8
  ncomp 1
  nvec 1
  epsrel 0
  epsabs 0
  flags 10
  seed 123456
  mineval 5000000
  maxeval 50000000
  nstart 1000000
  nincrease 1000000
  nbatch 5000
  gridno 0
  statefile ""

Iteration 1:  1000000 integrand evaluations so far
[1] 50.5488 +- 13.0289  	chisq 0 (0 df)

Iteration 2:  3000000 integrand evaluations so far
[1] 3.27704 +- 0.70161  	chisq 13.2024 (1 df)

Iteration 3:  6000000 integrand evaluations so far
[1] 3.33634 +- 0.701114  	chisq 18.2522 (2 df)

Iteration 4:  10000000 integrand evaluations so far
[1] 3.40717 +- 0.700384  	chisq 23.1589 (3 df)

Iteration 5:  15000000 integrand evaluations so far
[1] 3.6672 +- 0.696413  	chisq 35.3472 (4 df)

Iteration 6:  21000000 integrand evaluations so far
[1] 4.0671 +- 0.689749  	chisq 52.6594 (5 df)

Iteration 7:  28000000 integrand evaluations so far
[1] 6.37768 +- 0.646766  	chisq 145.594 (6 df)

Iteration 8:  36000000 integrand evaluations so far
[1] 9.20758 +- 0.603493  	chisq 293.614 (7 df)

Iteration 9:  45000000 integrand evaluations so far
[1] 14.3448 +- 0.509358  	chisq 545.538 (8 df)

Iteration 10:  55000000 integrand evaluations so far
[1] 18.9668 +- 0.432424  	chisq 840.384 (9 df)
   18.97 ±   0.43        ( 47.4s) ┃    20.2 ±    2.9        (7.67mi) ┃
┃   94 -    96 ┃   40 -    41 ┃ 1.72216 ± 0.00084        (7.17mi) ┃ -1.4006 ± 0.0012        (10.5mi) ┃Vegas input parameters:
  ndim 10
  ncomp 1
  nvec 1
  epsrel 0
  epsabs 0
  flags 10
  seed 123456
  mineval 50000000
  maxeval 50000000
  nstart 1000000
  nincrease 1000000
  nbatch 5000
  gridno 0
  statefile ""

Iteration 1:  1000000 integrand evaluations so far
[1] 5.27085 +- 16.7822  	chisq 0 (0 df)

Iteration 2:  3000000 integrand evaluations so far
[1] -1.88698 +- 16.1429  	chisq 2.43394 (1 df)

Iteration 3:  6000000 integrand evaluations so far
[1] -2.79761 +- 16.1206  	chisq 3.58604 (2 df)

Iteration 4:  10000000 integrand evaluations so far
[1] 3.11907 +- 14.9442  	chisq 4.54398 (3 df)

Iteration 5:  15000000 integrand evaluations so far
[1] -9.53359 +- 9.12211  	chisq 5.68653 (4 df)

Iteration 6:  21000000 integrand evaluations so far
[1] -0.632841 +- 0.567962  	chisq 6.6423 (5 df)

Iteration 7:  28000000 integrand evaluations so far
[1] -0.62796 +- 0.567925  	chisq 7.19676 (6 df)

Iteration 8:  36000000 integrand evaluations so far
[1] -0.574356 +- 0.549852  	chisq 7.339 (7 df)

Iteration 9:  45000000 integrand evaluations so far
[1] -0.599279 +- 0.548694  	chisq 7.82752 (8 df)

Iteration 10:  55000000 integrand evaluations so far
[1] -0.598374 +- 0.547583  	chisq 7.8282 (9 df)
    -0.6 ±   0.55        (2.09mi) ┃Vegas input parameters:
  ndim 8
  ncomp 1
  nvec 1
  epsrel 0
  epsabs 0
  flags 10
  seed 123456
  mineval 5000000
  maxeval 50000000
  nstart 1000000
  nincrease 1000000
  nbatch 5000
  gridno 0
  statefile ""

Iteration 1:  1000000 integrand evaluations so far
[1] 36.3938 +- 11.2685  	chisq 0 (0 df)

Iteration 2:  3000000 integrand evaluations so far
[1] 2.66801 +- 0.831124  	chisq 9.00667 (1 df)

Iteration 3:  6000000 integrand evaluations so far
[1] 2.97194 +- 0.812015  	chisq 11.9486 (2 df)

Iteration 4:  10000000 integrand evaluations so far
[1] 3.33201 +- 0.802338  	chisq 20.2478 (3 df)

Iteration 5:  15000000 integrand evaluations so far
[1] 3.47708 +- 0.799898  	chisq 25.632 (4 df)

Iteration 6:  21000000 integrand evaluations so far
[1] 3.63567 +- 0.798129  	chisq 34.5254 (5 df)

Iteration 7:  28000000 integrand evaluations so far
[1] 5.39311 +- 0.761355  	chisq 88.3836 (6 df)

Iteration 8:  36000000 integrand evaluations so far
[1] 6.42003 +- 0.747295  	chisq 138.097 (7 df)

Iteration 9:  45000000 integrand evaluations so far
[1] 9.01203 +- 0.70947  	chisq 260.025 (8 df)

Iteration 10:  55000000 integrand evaluations so far
[1] 9.88329 +- 0.696324  	chisq 301.1 (9 df)
    9.88 ±    0.7        ( 46.8s) ┃    9.61 ±   0.89        (20.5mi) ┃
┃   94 -    96 ┃   41 -    42 ┃  1.6634 ±  0.001        (7.16mi) ┃ -1.3521 ±  0.001        (10.4mi) ┃Vegas input parameters:
  ndim 10
  ncomp 1
  nvec 1
  epsrel 0
  epsabs 0
  flags 10
  seed 123456
  mineval 50000000
  maxeval 50000000
  nstart 1000000
  nincrease 1000000
  nbatch 5000
  gridno 0
  statefile ""

Iteration 1:  1000000 integrand evaluations so far
[1] 55.0635 +- 31.5767  	chisq 0 (0 df)

Iteration 2:  3000000 integrand evaluations so far
[1] 57.3451 +- 31.2878  	chisq 0.286649 (1 df)

Iteration 3:  6000000 integrand evaluations so far
[1] -7.55222 +- 10.6605  	chisq 5.15404 (2 df)

Iteration 4:  10000000 integrand evaluations so far
[1] 2.83025 +- 7.97309  	chisq 7.30665 (3 df)

Iteration 5:  15000000 integrand evaluations so far
[1] 4.6195 +- 7.67055  	chisq 7.98309 (4 df)

Iteration 6:  21000000 integrand evaluations so far
[1] 3.85694 +- 6.54488  	chisq 8.01943 (5 df)

Iteration 7:  28000000 integrand evaluations so far
[1] 4.16734 +- 6.51133  	chisq 8.23936 (6 df)

Iteration 8:  36000000 integrand evaluations so far
[1] 4.63557 +- 6.41839  	chisq 8.42181 (7 df)

Iteration 9:  45000000 integrand evaluations so far
[1] 4.42629 +- 6.41521  	chisq 9.49545 (8 df)

Iteration 10:  55000000 integrand evaluations so far
[1] 6.2737 +- 5.67957  	chisq 9.87903 (9 df)
     6.3 ±    5.7        ( 2.1mi) ┃Vegas input parameters:
  ndim 8
  ncomp 1
  nvec 1
  epsrel 0
  epsabs 0
  flags 10
  seed 123456
  mineval 5000000
  maxeval 50000000
  nstart 1000000
  nincrease 1000000
  nbatch 5000
  gridno 0
  statefile ""

Iteration 1:  1000000 integrand evaluations so far
[1] 29.784 +- 9.84735  	chisq 0 (0 df)

Iteration 2:  3000000 integrand evaluations so far
[1] 1.65964 +- 0.612079  	chisq 8.18853 (1 df)

Iteration 3:  6000000 integrand evaluations so far
[1] 1.78913 +- 0.604986  	chisq 10.1309 (2 df)

Iteration 4:  10000000 integrand evaluations so far
[1] 2.0968 +- 0.592893  	chisq 16.6656 (3 df)

Iteration 5:  15000000 integrand evaluations so far
[1] 2.29748 +- 0.588828  	chisq 25.0491 (4 df)

Iteration 6:  21000000 integrand evaluations so far
[1] 2.48374 +- 0.587144  	chisq 42.5623 (5 df)

Iteration 7:  28000000 integrand evaluations so far
[1] 3.23407 +- 0.577086  	chisq 90.6441 (6 df)

Iteration 8:  36000000 integrand evaluations so far
[1] 4.29563 +- 0.564232  	chisq 167.455 (7 df)

Iteration 9:  45000000 integrand evaluations so far
[1] 9.24565 +- 0.493742  	chisq 496.016 (8 df)

Iteration 10:  55000000 integrand evaluations so far
[1] 15.0648 +- 0.403709  	chisq 915.099 (9 df)
   15.06 ±    0.4        ( 44.8s) ┃    21.6 ±    5.7        (20.4mi) ┃
┃   94 -    96 ┃   42 -    43 ┃  2.4281 ± 0.0022        (1.88mi) ┃ -1.9627 ± 0.0017        ( 2.7mi) ┃Vegas input parameters:
  ndim 10
  ncomp 1
  nvec 1
  epsrel 0
  epsabs 0
  flags 10
  seed 123456
  mineval 50000000
  maxeval 50000000
  nstart 1000000
  nincrease 1000000
  nbatch 5000
  gridno 0
  statefile ""

Iteration 1:  1000000 integrand evaluations so far
[1] -20.3643 +- 36.4779  	chisq 0 (0 df)

Iteration 2:  3000000 integrand evaluations so far
[1] -13.0357 +- 6.39641  	chisq 0.0416441 (1 df)

Iteration 3:  6000000 integrand evaluations so far
[1] -10.5027 +- 6.20374  	chisq 2.68452 (2 df)

Iteration 4:  10000000 integrand evaluations so far
[1] -10.2026 +- 5.75246  	chisq 2.70121 (3 df)

Iteration 5:  15000000 integrand evaluations so far
[1] -11.3552 +- 5.5722  	chisq 3.35194 (4 df)

Iteration 6:  21000000 integrand evaluations so far
[1] -6.5997 +- 3.60133  	chisq 4.60276 (5 df)

Iteration 7:  28000000 integrand evaluations so far
[1] -6.6294 +- 3.60121  	chisq 5.60053 (6 df)

Iteration 8:  36000000 integrand evaluations so far
[1] -5.30416 +- 3.5369  	chisq 9.42633 (7 df)

Iteration 9:  45000000 integrand evaluations so far
[1] -5.18288 +- 3.53203  	chisq 9.85388 (8 df)

Iteration 10:  55000000 integrand evaluations so far
[1] -4.54436 +- 3.49535  	chisq 11.4354 (9 df)
    -4.5 ±    3.5        (2.16mi) ┃Vegas input parameters:
  ndim 8
  ncomp 1
  nvec 1
  epsrel 0
  epsabs 0
  flags 10
  seed 123456
  mineval 5000000
  maxeval 50000000
  nstart 1000000
  nincrease 1000000
  nbatch 5000
  gridno 0
  statefile ""

Iteration 1:  1000000 integrand evaluations so far
[1] 35.1725 +- 10.6724  	chisq 0 (0 df)

Iteration 2:  3000000 integrand evaluations so far
[1] 8.35859 +- 3.07017  	chisq 6.88199 (1 df)

Iteration 3:  6000000 integrand evaluations so far
[1] 9.37027 +- 2.91059  	chisq 7.95434 (2 df)

Iteration 4:  10000000 integrand evaluations so far
[1] 11.323 +- 2.73672  	chisq 11.8379 (3 df)

Iteration 5:  15000000 integrand evaluations so far
[1] 14.1506 +- 2.4924  	chisq 18.0958 (4 df)

Iteration 6:  21000000 integrand evaluations so far
[1] 14.5629 +- 2.47619  	chisq 20.2068 (5 df)

Iteration 7:  28000000 integrand evaluations so far
[1] 17.9632 +- 2.10354  	chisq 26.9816 (6 df)

Iteration 8:  36000000 integrand evaluations so far
[1] 21.9954 +- 1.1547  	chisq 32.2407 (7 df)

Iteration 9:  45000000 integrand evaluations so far
[1] 22.9974 +- 1.06014  	chisq 37.0345 (8 df)

Iteration 10:  55000000 integrand evaluations so far
[1] 23.0336 +- 1.0597  	chisq 38.4507 (9 df)
      23 ±    1.1        (   42s) ┃      19 ±    3.7        (7.43mi) ┃
┃   94 -    96 ┃   43 -    44 ┃  2.3075 ± 0.0021        (1.84mi) ┃  -1.854 ± 0.0018        (10.6mi) ┃Vegas input parameters:
  ndim 10
  ncomp 1
  nvec 1
  epsrel 0
  epsabs 0
  flags 10
  seed 123456
  mineval 50000000
  maxeval 50000000
  nstart 1000000
  nincrease 1000000
  nbatch 5000
  gridno 0
  statefile ""

Iteration 1:  1000000 integrand evaluations so far
[1] 36.1604 +- 37.9331  	chisq 0 (0 df)

Iteration 2:  3000000 integrand evaluations so far
[1] -20.4786 +- 15.2441  	chisq 2.65883 (1 df)

Iteration 3:  6000000 integrand evaluations so far
[1] -11.9894 +- 10.1185  	chisq 3.21319 (2 df)

Iteration 4:  10000000 integrand evaluations so far
[1] -9.29635 +- 6.95602  	chisq 3.34751 (3 df)

Iteration 5:  15000000 integrand evaluations so far
[1] -9.39976 +- 5.05712  	chisq 3.34798 (4 df)

Iteration 6:  21000000 integrand evaluations so far
[1] -7.75809 +- 4.70657  	chisq 4.1354 (5 df)

Iteration 7:  28000000 integrand evaluations so far
[1] -5.8986 +- 4.5959  	chisq 7.49392 (6 df)

Iteration 8:  36000000 integrand evaluations so far
[1] -6.73099 +- 4.42817  	chisq 7.95169 (7 df)

Iteration 9:  45000000 integrand evaluations so far
[1] -7.79731 +- 4.3166  	chisq 9.11702 (8 df)

Iteration 10:  55000000 integrand evaluations so far
[1] -8.55094 +- 4.17792  	chisq 9.59916 (9 df)
    -8.6 ±    4.2        (2.12mi) ┃Vegas input parameters:
  ndim 8
  ncomp 1
  nvec 1
  epsrel 0
  epsabs 0
  flags 10
  seed 123456
  mineval 5000000
  maxeval 50000000
  nstart 1000000
  nincrease 1000000
  nbatch 5000
  gridno 0
  statefile ""

Iteration 1:  1000000 integrand evaluations so far
[1] 26.9345 +- 7.8231  	chisq 0 (0 df)

Iteration 2:  3000000 integrand evaluations so far
[1] 2.10649 +- 1.15046  	chisq 10.2949 (1 df)

Iteration 3:  6000000 integrand evaluations so far
[1] 1.06226 +- 0.249255  	chisq 11.1593 (2 df)

Iteration 4:  10000000 integrand evaluations so far
[1] 1.06248 +- 0.249255  	chisq 12.192 (3 df)

Iteration 5:  15000000 integrand evaluations so far
[1] 1.09244 +- 0.249046  	chisq 20.8061 (4 df)

Iteration 6:  21000000 integrand evaluations so far
[1] 1.15476 +- 0.248537  	chisq 36.1442 (5 df)

Iteration 7:  28000000 integrand evaluations so far
[1] 1.18314 +- 0.248416  	chisq 49.4846 (6 df)

Iteration 8:  36000000 integrand evaluations so far
[1] 1.32976 +- 0.247612  	chisq 103.396 (7 df)

Iteration 9:  45000000 integrand evaluations so far
[1] 1.70235 +- 0.245921  	chisq 269.776 (8 df)

Iteration 10:  55000000 integrand evaluations so far
[1] 3.01156 +- 0.239236  	chisq 798.264 (9 df)
    3.01 ±   0.24        ( 43.5s) ┃    -5.1 ±    4.2        (15.3mi) ┃
┃   94 -    96 ┃   44 -    45 ┃  1.5254 ± 0.0015        (1.97mi) ┃-1.23298 ± 0.00092        (5.33mi) ┃Vegas input parameters:
  ndim 10
  ncomp 1
  nvec 1
  epsrel 0
  epsabs 0
  flags 10
  seed 123456
  mineval 50000000
  maxeval 50000000
  nstart 1000000
  nincrease 1000000
  nbatch 5000
  gridno 0
  statefile ""

Iteration 1:  1000000 integrand evaluations so far
[1] 5.69501 +- 18.6427  	chisq 0 (0 df)

Iteration 2:  3000000 integrand evaluations so far
[1] 10.412 +- 13.8503  	chisq 0.142884 (1 df)

Iteration 3:  6000000 integrand evaluations so far
[1] 8.67584 +- 9.90341  	chisq 0.175033 (2 df)

Iteration 4:  10000000 integrand evaluations so far
[1] -3.64634 +- 4.33521  	chisq 2.09014 (3 df)

Iteration 5:  15000000 integrand evaluations so far
[1] -3.88118 +- 4.32557  	chisq 2.75065 (4 df)

Iteration 6:  21000000 integrand evaluations so far
[1] -3.18993 +- 4.21326  	chisq 3.24889 (5 df)

Iteration 7:  28000000 integrand evaluations so far
[1] -5.24927 +- 3.55004  	chisq 4.07257 (6 df)

Iteration 8:  36000000 integrand evaluations so far
[1] -5.16632 +- 3.54922  	chisq 5.24822 (7 df)

Iteration 9:  45000000 integrand evaluations so far
[1] -5.30023 +- 3.54588  	chisq 6.00426 (8 df)

Iteration 10:  55000000 integrand evaluations so far
[1] -1.34902 +- 2.0058  	chisq 7.83023 (9 df)
    -1.3 ±      2        (2.16mi) ┃Vegas input parameters:
  ndim 8
  ncomp 1
  nvec 1
  epsrel 0
  epsabs 0
  flags 10
  seed 123456
  mineval 5000000
  maxeval 50000000
  nstart 1000000
  nincrease 1000000
  nbatch 5000
  gridno 0
  statefile ""

Iteration 1:  1000000 integrand evaluations so far
[1] 27.4447 +- 10.3555  	chisq 0 (0 df)

Iteration 2:  3000000 integrand evaluations so far
[1] 0.889358 +- 0.578438  	chisq 6.5966 (1 df)

Iteration 3:  6000000 integrand evaluations so far
[1] 0.99425 +- 0.575779  	chisq 10.1821 (2 df)

Iteration 4:  10000000 integrand evaluations so far
[1] 1.54362 +- 0.545253  	chisq 19.0015 (3 df)

Iteration 5:  15000000 integrand evaluations so far
[1] 2.12461 +- 0.532205  	chisq 43.0109 (4 df)

Iteration 6:  21000000 integrand evaluations so far
[1] 2.49961 +- 0.527533  	chisq 71.4148 (5 df)

Iteration 7:  28000000 integrand evaluations so far
[1] 2.93254 +- 0.522654  	chisq 107.997 (6 df)

Iteration 8:  36000000 integrand evaluations so far
[1] 3.92836 +- 0.510454  	chisq 186.673 (7 df)

Iteration 9:  45000000 integrand evaluations so far
[1] 6.0845 +- 0.479855  	chisq 340.092 (8 df)

Iteration 10:  55000000 integrand evaluations so far
[1] 6.78517 +- 0.471557  	chisq 402.273 (9 df)
    6.79 ±   0.47        ( 48.6s) ┃     5.7 ±    2.1        (10.3mi) ┃
┃   94 -    96 ┃   45 -    46 ┃ 2.25398 ± 0.00095        (3.62mi) ┃ -1.8186 ± 0.00076        (5.41mi) ┃Vegas input parameters:
  ndim 10
  ncomp 1
  nvec 1
  epsrel 0
  epsabs 0
  flags 10
  seed 123456
  mineval 50000000
  maxeval 50000000
  nstart 1000000
  nincrease 1000000
  nbatch 5000
  gridno 0
  statefile ""

Iteration 1:  1000000 integrand evaluations so far
[1] 16.4609 +- 22.778  	chisq 0 (0 df)

Iteration 2:  3000000 integrand evaluations so far
[1] 10.8803 +- 21.5009  	chisq 0.550741 (1 df)

Iteration 3:  6000000 integrand evaluations so far
[1] 4.50234 +- 11.305  	chisq 0.672353 (2 df)

Iteration 4:  10000000 integrand evaluations so far
[1] 3.34583 +- 11.2429  	chisq 1.6288 (3 df)

Iteration 5:  15000000 integrand evaluations so far
[1] 8.46257 +- 8.61548  	chisq 2.13057 (4 df)

Iteration 6:  21000000 integrand evaluations so far
[1] 1.57483 +- 6.41689  	chisq 3.566 (5 df)

Iteration 7:  28000000 integrand evaluations so far
[1] 1.94962 +- 6.40121  	chisq 4.26513 (6 df)

Iteration 8:  36000000 integrand evaluations so far
[1] 4.05173 +- 5.41316  	chisq 4.64368 (7 df)

Iteration 9:  45000000 integrand evaluations so far
[1] 4.60661 +- 5.39392  	chisq 6.12489 (8 df)

Iteration 10:  55000000 integrand evaluations so far
[1] 2.3994 +- 4.72724  	chisq 6.8469 (9 df)
     2.4 ±    4.7        (2.15mi) ┃Vegas input parameters:
  ndim 8
  ncomp 1
  nvec 1
  epsrel 0
  epsabs 0
  flags 10
  seed 123456
  mineval 5000000
  maxeval 50000000
  nstart 1000000
  nincrease 1000000
  nbatch 5000
  gridno 0
  statefile ""

Iteration 1:  1000000 integrand evaluations so far
[1] 18.5457 +- 6.75539  	chisq 0 (0 df)

Iteration 2:  3000000 integrand evaluations so far
[1] 0.76328 +- 0.252247  	chisq 6.93887 (1 df)

Iteration 3:  6000000 integrand evaluations so far
[1] 0.900459 +- 0.248934  	chisq 18.274 (2 df)

Iteration 4:  10000000 integrand evaluations so far
[1] 0.901696 +- 0.248932  	chisq 19.5526 (3 df)

Iteration 5:  15000000 integrand evaluations so far
[1] 0.995008 +- 0.247901  	chisq 36.5583 (4 df)

Iteration 6:  21000000 integrand evaluations so far
[1] 1.05636 +- 0.24751  	chisq 55.9625 (5 df)

Iteration 7:  28000000 integrand evaluations so far
[1] 1.1682 +- 0.246909  	chisq 98.1118 (6 df)

Iteration 8:  36000000 integrand evaluations so far
[1] 1.22351 +- 0.246643  	chisq 121.425 (7 df)

Iteration 9:  45000000 integrand evaluations so far
[1] 1.39053 +- 0.245735  	chisq 183.774 (8 df)

Iteration 10:  55000000 integrand evaluations so far
[1] 1.921 +- 0.242905  	chisq 387.281 (9 df)
    1.92 ±   0.24        ( 45.1s) ┃     4.8 ±    4.7        (11.9mi) ┃
┃   94 -    96 ┃   46 -    47 ┃  2.1615 ± 0.0012        (7.16mi) ┃ -1.7347 ± 0.0011        (10.7mi) ┃Vegas input parameters:
  ndim 10
  ncomp 1
  nvec 1
  epsrel 0
  epsabs 0
  flags 10
  seed 123456
  mineval 50000000
  maxeval 50000000
  nstart 1000000
  nincrease 1000000
  nbatch 5000
  gridno 0
  statefile ""

Iteration 1:  1000000 integrand evaluations so far
[1] -86.2034 +- 105.818  	chisq 0 (0 df)

Iteration 2:  3000000 integrand evaluations so far
[1] -4.76905 +- 4.08835  	chisq 0.593124 (1 df)

Iteration 3:  6000000 integrand evaluations so far
[1] -2.72908 +- 3.64124  	chisq 1.79727 (2 df)

Iteration 4:  10000000 integrand evaluations so far
[1] -1.96871 +- 3.53739  	chisq 2.57284 (3 df)

Iteration 5:  15000000 integrand evaluations so far
[1] -2.71904 +- 3.36729  	chisq 3.05219 (4 df)

Iteration 6:  21000000 integrand evaluations so far
[1] -3.60191 +- 3.10413  	chisq 3.50989 (5 df)

Iteration 7:  28000000 integrand evaluations so far
[1] -2.45241 +- 2.42994  	chisq 3.86404 (6 df)

Iteration 8:  36000000 integrand evaluations so far
[1] -2.48064 +- 2.42971  	chisq 4.59584 (7 df)

Iteration 9:  45000000 integrand evaluations so far
[1] -2.8337 +- 2.3938  	chisq 5.31551 (8 df)

Iteration 10:  55000000 integrand evaluations so far
[1] -2.7898 +- 2.39343  	chisq 6.39876 (9 df)
    -2.8 ±    2.4        (2.15mi) ┃Vegas input parameters:
  ndim 8
  ncomp 1
  nvec 1
  epsrel 0
  epsabs 0
  flags 10
  seed 123456
  mineval 5000000
  maxeval 50000000
  nstart 1000000
  nincrease 1000000
  nbatch 5000
  gridno 0
  statefile ""

Iteration 1:  1000000 integrand evaluations so far
[1] 24.6286 +- 9.89831  	chisq 0 (0 df)

Iteration 2:  3000000 integrand evaluations so far
[1] 1.33976 +- 0.763563  	chisq 5.56884 (1 df)

Iteration 3:  6000000 integrand evaluations so far
[1] 1.79827 +- 0.654059  	chisq 6.92313 (2 df)

Iteration 4:  10000000 integrand evaluations so far
[1] 2.13677 +- 0.635576  	chisq 11.7304 (3 df)

Iteration 5:  15000000 integrand evaluations so far
[1] 2.35691 +- 0.628607  	chisq 17.2307 (4 df)

Iteration 6:  21000000 integrand evaluations so far
[1] 3.07264 +- 0.609973  	chisq 39.4264 (5 df)

Iteration 7:  28000000 integrand evaluations so far
[1] 3.34724 +- 0.605755  	chisq 54.1291 (6 df)

Iteration 8:  36000000 integrand evaluations so far
[1] 7.08337 +- 0.503392  	chisq 177.075 (7 df)

Iteration 9:  45000000 integrand evaluations so far
[1] 7.10238 +- 0.503235  	chisq 179.369 (8 df)

Iteration 10:  55000000 integrand evaluations so far
[1] 8.82559 +- 0.447669  	chisq 235.569 (9 df)
    8.83 ±   0.45        ( 42.3s) ┃     6.5 ±    2.4        (20.7mi) ┃
┃   94 -    96 ┃   47 -    48 ┃ 2.21582 ± 0.00029        (1.38mi) ┃-1.79807 ± 0.00034        (1.04hr) ┃Vegas input parameters:
  ndim 10
  ncomp 1
  nvec 1
  epsrel 0
  epsabs 0
  flags 10
  seed 123456
  mineval 50000000
  maxeval 50000000
  nstart 1000000
  nincrease 1000000
  nbatch 5000
  gridno 0
  statefile ""

Iteration 1:  1000000 integrand evaluations so far
[1] 22.89 +- 20.606  	chisq 0 (0 df)

Iteration 2:  3000000 integrand evaluations so far
[1] 13.2909 +- 18.5066  	chisq 1.12216 (1 df)

Iteration 3:  6000000 integrand evaluations so far
[1] 0.0306825 +- 7.75353  	chisq 1.74485 (2 df)

Iteration 4:  10000000 integrand evaluations so far
[1] -2.13194 +- 5.27029  	chisq 1.88946 (3 df)

Iteration 5:  15000000 integrand evaluations so far
[1] -2.3177 +- 5.23051  	chisq 1.97207 (4 df)

Iteration 6:  21000000 integrand evaluations so far
[1] 0.895746 +- 4.69255  	chisq 3.90646 (5 df)

Iteration 7:  28000000 integrand evaluations so far
[1] 1.11727 +- 4.68201  	chisq 4.40327 (6 df)

Iteration 8:  36000000 integrand evaluations so far
[1] 0.823563 +- 4.66832  	chisq 5.07729 (7 df)

Iteration 9:  45000000 integrand evaluations so far
[1] -0.193958 +- 4.39944  	chisq 5.50194 (8 df)

Iteration 10:  55000000 integrand evaluations so far
[1] -2.19434 +- 3.9999  	chisq 6.69433 (9 df)
    -2.2 ±      4        ( 2.1mi) ┃Vegas input parameters:
  ndim 8
  ncomp 1
  nvec 1
  epsrel 0
  epsabs 0
  flags 10
  seed 123456
  mineval 5000000
  maxeval 50000000
  nstart 1000000
  nincrease 1000000
  nbatch 5000
  gridno 0
  statefile ""

Iteration 1:  1000000 integrand evaluations so far
[1] 31.4614 +- 10.8716  	chisq 0 (0 df)

Iteration 2:  3000000 integrand evaluations so far
[1] 3.17864 +- 1.52732  	chisq 6.90417 (1 df)

Iteration 3:  6000000 integrand evaluations so far
[1] 4.24974 +- 1.10419  	chisq 7.93452 (2 df)

Iteration 4:  10000000 integrand evaluations so far
[1] 4.27027 +- 1.10402  	chisq 9.04414 (3 df)

Iteration 5:  15000000 integrand evaluations so far
[1] 5.54178 +- 0.974968  	chisq 15.0701 (4 df)

Iteration 6:  21000000 integrand evaluations so far
[1] 6.65614 +- 0.915002  	chisq 26.0272 (5 df)

Iteration 7:  28000000 integrand evaluations so far
[1] 6.90886 +- 0.909637  	chisq 32.5507 (6 df)

Iteration 8:  36000000 integrand evaluations so far
[1] 10.3052 +- 0.774827  	chisq 83.3483 (7 df)

Iteration 9:  45000000 integrand evaluations so far
[1] 12.65 +- 0.705834  	chisq 137.167 (8 df)

Iteration 10:  55000000 integrand evaluations so far
[1] 14.7416 +- 0.642522  	chisq 188.415 (9 df)
   14.74 ±   0.64        ( 43.4s) ┃      13 ±    4.1        (1.11hr) ┃
┃   94 -    96 ┃   48 -    49 ┃  2.1667 ±  0.002        (7.38mi) ┃-1.75137 ± 0.00028        (10.8mi) ┃Vegas input parameters:
  ndim 10
  ncomp 1
  nvec 1
  epsrel 0
  epsabs 0
  flags 10
  seed 123456
  mineval 50000000
  maxeval 50000000
  nstart 1000000
  nincrease 1000000
  nbatch 5000
  gridno 0
  statefile ""

Iteration 1:  1000000 integrand evaluations so far
[1] 22.5675 +- 17.4683  	chisq 0 (0 df)

Iteration 2:  3000000 integrand evaluations so far
[1] 13.9946 +- 10.572  	chisq 0.380063 (1 df)

Iteration 3:  6000000 integrand evaluations so far
[1] 7.54134 +- 5.36342  	chisq 0.881797 (2 df)

Iteration 4:  10000000 integrand evaluations so far
[1] 5.98476 +- 4.68775  	chisq 1.23857 (3 df)

Iteration 5:  15000000 integrand evaluations so far
[1] 5.06502 +- 4.03288  	chisq 1.38669 (4 df)

Iteration 6:  21000000 integrand evaluations so far
[1] 5.22204 +- 3.35237  	chisq 1.3916 (5 df)

Iteration 7:  28000000 integrand evaluations so far
[1] 3.50423 +- 2.7318  	chisq 2.17315 (6 df)

Iteration 8:  36000000 integrand evaluations so far
[1] 3.40681 +- 2.73021  	chisq 3.26274 (7 df)

Iteration 9:  45000000 integrand evaluations so far
[1] 3.76699 +- 2.70387  	chisq 4.16925 (8 df)

Iteration 10:  55000000 integrand evaluations so far
[1] 3.2401 +- 2.68115  	chisq 6.43793 (9 df)
     3.2 ±    2.7        ( 2.1mi) ┃Vegas input parameters:
  ndim 8
  ncomp 1
  nvec 1
  epsrel 0
  epsabs 0
  flags 10
  seed 123456
  mineval 5000000
  maxeval 50000000
  nstart 1000000
  nincrease 1000000
  nbatch 5000
  gridno 0
  statefile ""

Iteration 1:  1000000 integrand evaluations so far
[1] 23.5742 +- 8.18081  	chisq 0 (0 df)

Iteration 2:  3000000 integrand evaluations so far
[1] 2.39465 +- 1.25758  	chisq 6.86478 (1 df)

Iteration 3:  6000000 integrand evaluations so far
[1] 2.59811 +- 1.22965  	chisq 7.4607 (2 df)

Iteration 4:  10000000 integrand evaluations so far
[1] 3.16025 +- 1.02002  	chisq 8.13075 (3 df)

Iteration 5:  15000000 integrand evaluations so far
[1] 3.2027 +- 1.01954  	chisq 9.95855 (4 df)

Iteration 6:  21000000 integrand evaluations so far
[1] 3.37564 +- 1.01693  	chisq 15.5869 (5 df)

Iteration 7:  28000000 integrand evaluations so far
[1] 3.44609 +- 1.01604  	chisq 18.3393 (6 df)

Iteration 8:  36000000 integrand evaluations so far
[1] 4.20102 +- 1.001  	chisq 37.1255 (7 df)

Iteration 9:  45000000 integrand evaluations so far
[1] 8.69173 +- 0.84429  	chisq 106.864 (8 df)

Iteration 10:  55000000 integrand evaluations so far
[1] 9.81099 +- 0.812634  	chisq 130.747 (9 df)
    9.81 ±   0.81        ( 48.1s) ┃    13.5 ±    2.8        (  21mi) ┃
┃   94 -    96 ┃   49 -    50 ┃  1.8271 ± 0.0017        (1.86mi) ┃  -1.471 ± 0.0013        ( 5.4mi) ┃Vegas input parameters:
  ndim 10
  ncomp 1
  nvec 1
  epsrel 0
  epsabs 0
  flags 10
  seed 123456
  mineval 50000000
  maxeval 50000000
  nstart 1000000
  nincrease 1000000
  nbatch 5000
  gridno 0
  statefile ""

Iteration 1:  1000000 integrand evaluations so far
[1] 45.0336 +- 49.0042  	chisq 0 (0 df)

Iteration 2:  3000000 integrand evaluations so far
[1] 19.4807 +- 45.1021  	chisq 1.77812 (1 df)

Iteration 3:  6000000 integrand evaluations so far
[1] 32.3535 +- 25.5073  	chisq 1.89789 (2 df)

Iteration 4:  10000000 integrand evaluations so far
[1] -1.65321 +- 3.61182  	chisq 3.71173 (3 df)

Iteration 5:  15000000 integrand evaluations so far
[1] -2.3302 +- 3.05746  	chisq 3.83569 (4 df)

Iteration 6:  21000000 integrand evaluations so far
[1] -0.167862 +- 2.49562  	chisq 5.33434 (5 df)

Iteration 7:  28000000 integrand evaluations so far
[1] 0.314283 +- 2.42122  	chisq 5.96982 (6 df)

Iteration 8:  36000000 integrand evaluations so far
[1] -0.74698 +- 2.34953  	chisq 9.2632 (7 df)

Iteration 9:  45000000 integrand evaluations so far
[1] -0.917308 +- 2.27867  	chisq 9.35165 (8 df)

Iteration 10:  55000000 integrand evaluations so far
[1] -0.91845 +- 2.27867  	chisq 10.3564 (9 df)
    -0.9 ±    2.3        (2.08mi) ┃Vegas input parameters:
  ndim 8
  ncomp 1
  nvec 1
  epsrel 0
  epsabs 0
  flags 10
  seed 123456
  mineval 5000000
  maxeval 50000000
  nstart 1000000
  nincrease 1000000
  nbatch 5000
  gridno 0
  statefile ""

Iteration 1:  1000000 integrand evaluations so far
[1] 20.2046 +- 7.39552  	chisq 0 (0 df)

Iteration 2:  3000000 integrand evaluations so far
[1] 17.9115 +- 6.20224  	chisq 0.324058 (1 df)

Iteration 3:  6000000 integrand evaluations so far
[1] 0.505004 +- 0.215331  	chisq 8.20992 (2 df)

Iteration 4:  10000000 integrand evaluations so far
[1] 0.513923 +- 0.215261  	chisq 10.8562 (3 df)

Iteration 5:  15000000 integrand evaluations so far
[1] 0.846895 +- 0.200597  	chisq 29.038 (4 df)

Iteration 6:  21000000 integrand evaluations so far
[1] 1.14143 +- 0.195887  	chisq 75.4917 (5 df)

Iteration 7:  28000000 integrand evaluations so far
[1] 1.19081 +- 0.19569  	chisq 107.115 (6 df)

Iteration 8:  36000000 integrand evaluations so far
[1] 1.54904 +- 0.194009  	chisq 302.959 (7 df)

Iteration 9:  45000000 integrand evaluations so far
[1] 1.90485 +- 0.192506  	chisq 520.926 (8 df)

Iteration 10:  55000000 integrand evaluations so far
[1] 2.07132 +- 0.191888  	chisq 637.554 (9 df)
    2.07 ±   0.19        ( 43.5s) ┃     1.5 ±    2.3        (10.1mi) ┃
┃   94 -    96 ┃   50 -    51 ┃  1.8276 ±  0.001        (1.98mi) ┃ -1.4704 ± 0.00094        (10.9mi) ┃Vegas input parameters:
  ndim 10
  ncomp 1
  nvec 1
  epsrel 0
  epsabs 0
  flags 10
  seed 123456
  mineval 50000000
  maxeval 50000000
  nstart 1000000
  nincrease 1000000
  nbatch 5000
  gridno 0
  statefile ""

Iteration 1:  1000000 integrand evaluations so far
[1] 38.4072 +- 36.9634  	chisq 0 (0 df)

Iteration 2:  3000000 integrand evaluations so far
[1] -0.427704 +- 7.4874  	chisq 1.15106 (1 df)

Iteration 3:  6000000 integrand evaluations so far
[1] -5.31916 +- 6.06583  	chisq 2.39289 (2 df)

Iteration 4:  10000000 integrand evaluations so far
[1] -3.19219 +- 5.52827  	chisq 3.11876 (3 df)

Iteration 5:  15000000 integrand evaluations so far
[1] -1.5099 +- 5.1886  	chisq 3.89622 (4 df)

Iteration 6:  21000000 integrand evaluations so far
[1] -1.3208 +- 5.18497  	chisq 4.84644 (5 df)

Iteration 7:  28000000 integrand evaluations so far
[1] 0.258314 +- 4.31512  	chisq 5.14819 (6 df)

Iteration 8:  36000000 integrand evaluations so far
[1] 1.65755 +- 3.99362  	chisq 5.88112 (7 df)

Iteration 9:  45000000 integrand evaluations so far
[1] 2.54243 +- 3.89271  	chisq 6.86508 (8 df)

Iteration 10:  55000000 integrand evaluations so far
[1] 3.52515 +- 3.68159  	chisq 7.46901 (9 df)
     3.5 ±    3.7        ( 2.1mi) ┃Vegas input parameters:
  ndim 8
  ncomp 1
  nvec 1
  epsrel 0
  epsabs 0
  flags 10
  seed 123456
  mineval 5000000
  maxeval 50000000
  nstart 1000000
  nincrease 1000000
  nbatch 5000
  gridno 0
  statefile ""

Iteration 1:  1000000 integrand evaluations so far
[1] 20.2301 +- 6.27405  	chisq 0 (0 df)

Iteration 2:  3000000 integrand evaluations so far
[1] 7.0983 +- 2.19065  	chisq 4.98904 (1 df)

Iteration 3:  6000000 integrand evaluations so far
[1] 7.18018 +- 2.18993  	chisq 7.11718 (2 df)

Iteration 4:  10000000 integrand evaluations so far
[1] 7.65721 +- 2.15458  	chisq 8.59901 (3 df)

Iteration 5:  15000000 integrand evaluations so far
[1] 9.53437 +- 1.89119  	chisq 11.9058 (4 df)

Iteration 6:  21000000 integrand evaluations so far
[1] 11.6038 +- 1.71763  	chisq 18.7426 (5 df)

Iteration 7:  28000000 integrand evaluations so far
[1] 16.0733 +- 1.30923  	chisq 34.9027 (6 df)

Iteration 8:  36000000 integrand evaluations so far
[1] 17.9635 +- 1.14088  	chisq 43.5652 (7 df)

Iteration 9:  45000000 integrand evaluations so far
[1] 19.645 +- 1.02531  	chisq 54.8587 (8 df)

Iteration 10:  55000000 integrand evaluations so far
[1] 20.469 +- 0.973486  	chisq 61.4139 (9 df)
   20.47 ±   0.97        ( 43.4s) ┃    24.4 ±    3.8        (15.7mi) ┃
┃   94 -    96 ┃   51 -    52 ┃   2.047 ± 0.0018        ( 7.2mi) ┃ -1.6565 ± 0.0016        ( 5.5mi) ┃Vegas input parameters:
  ndim 10
  ncomp 1
  nvec 1
  epsrel 0
  epsabs 0
  flags 10
  seed 123456
  mineval 50000000
  maxeval 50000000
  nstart 1000000
  nincrease 1000000
  nbatch 5000
  gridno 0
  statefile ""

Iteration 1:  1000000 integrand evaluations so far
[1] 10.2279 +- 8.44713  	chisq 0 (0 df)

Iteration 2:  3000000 integrand evaluations so far
[1] 9.46824 +- 6.99271  	chisq 0.0257009 (1 df)

Iteration 3:  6000000 integrand evaluations so far
[1] -1.62627 +- 3.75663  	chisq 3.56416 (2 df)

Iteration 4:  10000000 integrand evaluations so far
[1] -2.08027 +- 3.58565  	chisq 3.72835 (3 df)

Iteration 5:  15000000 integrand evaluations so far
[1] -4.86167 +- 2.39999  	chisq 4.81842 (4 df)

Iteration 6:  21000000 integrand evaluations so far
[1] -5.03044 +- 2.38284  	chisq 5.16575 (5 df)

Iteration 7:  28000000 integrand evaluations so far
[1] -5.10854 +- 2.37514  	chisq 5.33216 (6 df)

Iteration 8:  36000000 integrand evaluations so far
[1] -5.19717 +- 2.34441  	chisq 5.38633 (7 df)

Iteration 9:  45000000 integrand evaluations so far
[1] -5.38189 +- 2.29664  	chisq 5.54022 (8 df)

Iteration 10:  55000000 integrand evaluations so far
[1] -4.49213 +- 2.18166  	chisq 7.07768 (9 df)
    -4.5 ±    2.2        (2.09mi) ┃Vegas input parameters:
  ndim 8
  ncomp 1
  nvec 1
  epsrel 0
  epsabs 0
  flags 10
  seed 123456
  mineval 5000000
  maxeval 50000000
  nstart 1000000
  nincrease 1000000
  nbatch 5000
  gridno 0
  statefile ""

Iteration 1:  1000000 integrand evaluations so far
[1] 21.9591 +- 8.19658  	chisq 0 (0 df)

Iteration 2:  3000000 integrand evaluations so far
[1] 21.3756 +- 7.23915  	chisq 0.0230425 (1 df)

Iteration 3:  6000000 integrand evaluations so far
[1] 1.59881 +- 0.520465  	chisq 7.52518 (2 df)

Iteration 4:  10000000 integrand evaluations so far
[1] 1.7407 +- 0.516722  	chisq 12.711 (3 df)

Iteration 5:  15000000 integrand evaluations so far
[1] 1.77634 +- 0.516243  	chisq 15.278 (4 df)

Iteration 6:  21000000 integrand evaluations so far
[1] 1.97048 +- 0.512928  	chisq 26.3247 (5 df)

Iteration 7:  28000000 integrand evaluations so far
[1] 2.04076 +- 0.512346  	chisq 34.6012 (6 df)

Iteration 8:  36000000 integrand evaluations so far
[1] 2.56028 +- 0.505793  	chisq 75.0583 (7 df)

Iteration 9:  45000000 integrand evaluations so far
[1] 3.72375 +- 0.492025  	chisq 173.59 (8 df)

Iteration 10:  55000000 integrand evaluations so far
[1] 6.41718 +- 0.458803  	chisq 403.248 (9 df)
    6.42 ±   0.46        ( 47.5s) ┃     2.3 ±    2.2        (15.6mi) ┃
┃   94 -    96 ┃   52 -    53 ┃  2.3078 ± 0.0018        ( 33.1s) ┃ -1.8363 ± 0.0017        ( 42.3s) ┃Vegas input parameters:
  ndim 10
  ncomp 1
  nvec 1
  epsrel 0
  epsabs 0
  flags 10
  seed 123456
  mineval 50000000
  maxeval 50000000
  nstart 1000000
  nincrease 1000000
  nbatch 5000
  gridno 0
  statefile ""

Iteration 1:  1000000 integrand evaluations so far
[1] -9.08657 +- 9.58745  	chisq 0 (0 df)

Iteration 2:  3000000 integrand evaluations so far
[1] -6.32577 +- 9.18862  	chisq 1.01783 (1 df)

Iteration 3:  6000000 integrand evaluations so far
[1] -8.33023 +- 4.70714  	chisq 1.08235 (2 df)

Iteration 4:  10000000 integrand evaluations so far
[1] -5.58629 +- 4.3285  	chisq 3.28306 (3 df)

Iteration 5:  15000000 integrand evaluations so far
[1] -3.85106 +- 3.85595  	chisq 4.06159 (4 df)

Iteration 6:  21000000 integrand evaluations so far
[1] -2.61921 +- 3.17011  	chisq 4.3765 (5 df)

Iteration 7:  28000000 integrand evaluations so far
[1] -2.42928 +- 3.16529  	chisq 5.55842 (6 df)

Iteration 8:  36000000 integrand evaluations so far
[1] -2.30956 +- 2.98001  	chisq 5.57101 (7 df)

Iteration 9:  45000000 integrand evaluations so far
[1] -2.6632 +- 2.96462  	chisq 6.93746 (8 df)

Iteration 10:  55000000 integrand evaluations so far
[1] -2.85529 +- 2.95885  	chisq 8.01816 (9 df)
    -2.9 ±      3        (2.07mi) ┃Vegas input parameters:
  ndim 8
  ncomp 1
  nvec 1
  epsrel 0
  epsabs 0
  flags 10
  seed 123456
  mineval 5000000
  maxeval 50000000
  nstart 1000000
  nincrease 1000000
  nbatch 5000
  gridno 0
  statefile ""

Iteration 1:  1000000 integrand evaluations so far
[1] 30.3374 +- 9.85317  	chisq 0 (0 df)

Iteration 2:  3000000 integrand evaluations so far
[1] 1.1152 +- 0.401104  	chisq 8.8104 (1 df)

Iteration 3:  6000000 integrand evaluations so far
[1] 1.68102 +- 0.27909  	chisq 12.668 (2 df)

Iteration 4:  10000000 integrand evaluations so far
[1] 1.73046 +- 0.278581  	chisq 21.2698 (3 df)

Iteration 5:  15000000 integrand evaluations so far
[1] 2.02579 +- 0.274389  	chisq 58.9016 (4 df)

Iteration 6:  21000000 integrand evaluations so far
[1] 2.20588 +- 0.273114  	chisq 105.34 (5 df)

Iteration 7:  28000000 integrand evaluations so far
[1] 2.73544 +- 0.269479  	chisq 247.529 (6 df)

Iteration 8:  36000000 integrand evaluations so far
[1] 4.16128 +- 0.259287  	chisq 624.765 (7 df)

Iteration 9:  45000000 integrand evaluations so far
[1] 7.94615 +- 0.230379  	chisq 1636.8 (8 df)

Iteration 10:  55000000 integrand evaluations so far
[1] 11.7191 +- 0.195671  	chisq 2599.44 (9 df)
   11.72 ±    0.2        ( 48.2s) ┃     9.3 ±      3        (4.13mi) ┃
┃   94 -    96 ┃   53 -    54 ┃  1.6598 ± 0.0012        ( 39.4s) ┃ -1.3465 ±  0.001        (2.77mi) ┃Vegas input parameters:
  ndim 10
  ncomp 1
  nvec 1
  epsrel 0
  epsabs 0
  flags 10
  seed 123456
  mineval 50000000
  maxeval 50000000
  nstart 1000000
  nincrease 1000000
  nbatch 5000
  gridno 0
  statefile ""

Iteration 1:  1000000 integrand evaluations so far
[1] -81.7768 +- 83.5504  	chisq 0 (0 df)

Iteration 2:  3000000 integrand evaluations so far
[1] -2.55646 +- 2.41969  	chisq 0.89979 (1 df)

Iteration 3:  6000000 integrand evaluations so far
[1] -2.41371 +- 2.41327  	chisq 1.5571 (2 df)

Iteration 4:  10000000 integrand evaluations so far
[1] -2.34833 +- 2.41188  	chisq 2.19153 (3 df)

Iteration 5:  15000000 integrand evaluations so far
[1] -2.14798 +- 2.40646  	chisq 3.72858 (4 df)

Iteration 6:  21000000 integrand evaluations so far
[1] -1.22725 +- 2.33156  	chisq 6.11754 (5 df)

Iteration 7:  28000000 integrand evaluations so far
[1] -0.988898 +- 2.24324  	chisq 6.25814 (6 df)

Iteration 8:  36000000 integrand evaluations so far
[1] -1.40168 +- 2.19961  	chisq 7.13728 (7 df)

Iteration 9:  45000000 integrand evaluations so far
[1] -1.3916 +- 2.19959  	chisq 8.15018 (8 df)

Iteration 10:  55000000 integrand evaluations so far
[1] -1.31967 +- 2.186  	chisq 8.23701 (9 df)
    -1.3 ±    2.2        (2.15mi) ┃Vegas input parameters:
  ndim 8
  ncomp 1
  nvec 1
  epsrel 0
  epsabs 0
  flags 10
  seed 123456
  mineval 5000000
  maxeval 50000000
  nstart 1000000
  nincrease 1000000
  nbatch 5000
  gridno 0
  statefile ""

Iteration 1:  1000000 integrand evaluations so far
[1] 12.8731 +- 7.83656  	chisq 0 (0 df)

Iteration 2:  3000000 integrand evaluations so far
[1] 0.0485441 +- 0.0387294  	chisq 2.67822 (1 df)

Iteration 3:  6000000 integrand evaluations so far
[1] 0.0517237 +- 0.0271323  	chisq 2.69146 (2 df)

Iteration 4:  10000000 integrand evaluations so far
[1] 0.0543405 +- 0.0270694  	chisq 4.70042 (3 df)

Iteration 5:  15000000 integrand evaluations so far
[1] 0.0558041 +- 0.0270644  	chisq 12.5577 (4 df)

Iteration 6:  21000000 integrand evaluations so far
[1] 0.0597886 +- 0.0270573  	chisq 54.0264 (5 df)

Iteration 7:  28000000 integrand evaluations so far
[1] 0.0679611 +- 0.0270465  	chisq 168.189 (6 df)

Iteration 8:  36000000 integrand evaluations so far
[1] 0.0791783 +- 0.027037  	chisq 412.424 (7 df)

Iteration 9:  45000000 integrand evaluations so far
[1] 0.114513 +- 0.0270085  	chisq 1224.46 (8 df)

Iteration 10:  55000000 integrand evaluations so far
[1] 0.172241 +- 0.026964  	chisq 2610.33 (9 df)
   0.172 ±  0.027        ( 49.7s) ┃    -0.8 ±    2.2        ( 6.4mi) ┃
┃   94 -    96 ┃   54 -    55 ┃  1.5898 ± 0.0016        (3.77mi) ┃-1.28566 ± 0.00066        (5.56mi) ┃Vegas input parameters:
  ndim 10
  ncomp 1
  nvec 1
  epsrel 0
  epsabs 0
  flags 10
  seed 123456
  mineval 50000000
  maxeval 50000000
  nstart 1000000
  nincrease 1000000
  nbatch 5000
  gridno 0
  statefile ""

Iteration 1:  1000000 integrand evaluations so far
[1] -38.4519 +- 31.9904  	chisq 0 (0 df)

Iteration 2:  3000000 integrand evaluations so far
[1] 0.492768 +- 14.5946  	chisq 1.87156 (1 df)

Iteration 3:  6000000 integrand evaluations so far
[1] 0.543524 +- 5.70384  	chisq 1.87158 (2 df)

Iteration 4:  10000000 integrand evaluations so far
[1] -2.98716 +- 4.30148  	chisq 2.76001 (3 df)

Iteration 5:  15000000 integrand evaluations so far
[1] -3.3318 +- 4.25734  	chisq 3.07444 (4 df)

Iteration 6:  21000000 integrand evaluations so far
[1] -1.77812 +- 4.15292  	chisq 5.82318 (5 df)

Iteration 7:  28000000 integrand evaluations so far
[1] -2.77131 +- 3.94139  	chisq 6.39929 (6 df)

Iteration 8:  36000000 integrand evaluations so far
[1] -1.95026 +- 3.90622  	chisq 8.84199 (7 df)

Iteration 9:  45000000 integrand evaluations so far
[1] -1.57694 +- 3.89418  	chisq 10.3256 (8 df)

Iteration 10:  55000000 integrand evaluations so far
[1] -0.957352 +- 3.54888  	chisq 10.4749 (9 df)
      -1 ±    3.5        (2.11mi) ┃Vegas input parameters:
  ndim 8
  ncomp 1
  nvec 1
  epsrel 0
  epsabs 0
  flags 10
  seed 123456
  mineval 5000000
  maxeval 50000000
  nstart 1000000
  nincrease 1000000
  nbatch 5000
  gridno 0
  statefile ""

Iteration 1:  1000000 integrand evaluations so far
[1] 23.079 +- 8.51487  	chisq 0 (0 df)

Iteration 2:  3000000 integrand evaluations so far
[1] 6.60257 +- 2.89816  	chisq 4.23488 (1 df)

Iteration 3:  6000000 integrand evaluations so far
[1] 5.55574 +- 2.06783  	chisq 4.50064 (2 df)

Iteration 4:  10000000 integrand evaluations so far
[1] 5.9483 +- 1.75755  	chisq 4.63047 (3 df)

Iteration 5:  15000000 integrand evaluations so far
[1] 6.15564 +- 1.15168  	chisq 4.65486 (4 df)

Iteration 6:  21000000 integrand evaluations so far
[1] 6.87343 +- 1.11796  	chisq 11.3876 (5 df)

Iteration 7:  28000000 integrand evaluations so far
[1] 7.52643 +- 1.09871  	chisq 21.3776 (6 df)

Iteration 8:  36000000 integrand evaluations so far
[1] 8.553 +- 1.05946  	chisq 33.8186 (7 df)

Iteration 9:  45000000 integrand evaluations so far
[1] 12.8198 +- 0.880303  	chisq 86.207 (8 df)

Iteration 10:  55000000 integrand evaluations so far
[1] 17.7896 +- 0.54589  	chisq 137.993 (9 df)
   17.79 ±   0.55        ( 46.8s) ┃    17.1 ±    3.6        (12.2mi) ┃
┃   94 -    96 ┃   55 -    56 ┃ 1.70231 ± 0.00028        (3.69mi) ┃-1.37276 ± 0.00069        (2.82mi) ┃Vegas input parameters:
  ndim 10
  ncomp 1
  nvec 1
  epsrel 0
  epsabs 0
  flags 10
  seed 123456
  mineval 50000000
  maxeval 50000000
  nstart 1000000
  nincrease 1000000
  nbatch 5000
  gridno 0
  statefile ""

Iteration 1:  1000000 integrand evaluations so far
[1] -116.469 +- 87.6287  	chisq 0 (0 df)

Iteration 2:  3000000 integrand evaluations so far
[1] -3.89054 +- 20.3369  	chisq 1.74445 (1 df)

Iteration 3:  6000000 integrand evaluations so far
[1] -14.6274 +- 17.4038  	chisq 2.78584 (2 df)

Iteration 4:  10000000 integrand evaluations so far
[1] 0.966074 +- 13.8574  	chisq 4.97916 (3 df)

Iteration 5:  15000000 integrand evaluations so far
[1] 0.0982641 +- 3.55998  	chisq 4.98336 (4 df)

Iteration 6:  21000000 integrand evaluations so far
[1] 0.0883042 +- 3.55997  	chisq 6.46227 (5 df)

Iteration 7:  28000000 integrand evaluations so far
[1] -0.59757 +- 2.71912  	chisq 6.55137 (6 df)

Iteration 8:  36000000 integrand evaluations so far
[1] -1.54716 +- 2.64999  	chisq 8.98097 (7 df)

Iteration 9:  45000000 integrand evaluations so far
[1] -1.26512 +- 2.63396  	chisq 9.91977 (8 df)

Iteration 10:  55000000 integrand evaluations so far
[1] -0.955104 +- 2.61479  	chisq 10.8751 (9 df)
      -1 ±    2.6        (2.07mi) ┃Vegas input parameters:
  ndim 8
  ncomp 1
  nvec 1
  epsrel 0
  epsabs 0
  flags 10
  seed 123456
  mineval 5000000
  maxeval 50000000
  nstart 1000000
  nincrease 1000000
  nbatch 5000
  gridno 0
  statefile ""

Iteration 1:  1000000 integrand evaluations so far
[1] 28.1228 +- 8.15785  	chisq 0 (0 df)

Iteration 2:  3000000 integrand evaluations so far
[1] 24.014 +- 6.80252  	chisq 0.832615 (1 df)

Iteration 3:  6000000 integrand evaluations so far
[1] 3.3252 +- 0.908317  	chisq 10.2503 (2 df)

Iteration 4:  10000000 integrand evaluations so far
[1] 4.05375 +- 0.853528  	chisq 15.749 (3 df)

Iteration 5:  15000000 integrand evaluations so far
[1] 4.12368 +- 0.852688  	chisq 19.1584 (4 df)

Iteration 6:  21000000 integrand evaluations so far
[1] 5.09696 +- 0.816271  	chisq 34.7442 (5 df)

Iteration 7:  28000000 integrand evaluations so far
[1] 6.39352 +- 0.787862  	chisq 71.6336 (6 df)

Iteration 8:  36000000 integrand evaluations so far
[1] 7.7083 +- 0.762483  	chisq 115.567 (7 df)

Iteration 9:  45000000 integrand evaluations so far
[1] 9.74587 +- 0.718341  	chisq 179.081 (8 df)

Iteration 10:  55000000 integrand evaluations so far
[1] 12.6378 +- 0.658951  	chisq 281.327 (9 df)
   12.64 ±   0.66        (   42s) ┃      12 ±    2.7        (9.28mi) ┃
┃   94 -    96 ┃   56 -    57 ┃  1.9274 ± 0.0013        (1.95mi) ┃ -1.5675 ± 0.0015        (11.1mi) ┃Vegas input parameters:
  ndim 10
  ncomp 1
  nvec 1
  epsrel 0
  epsabs 0
  flags 10
  seed 123456
  mineval 50000000
  maxeval 50000000
  nstart 1000000
  nincrease 1000000
  nbatch 5000
  gridno 0
  statefile ""

Iteration 1:  1000000 integrand evaluations so far
[1] 7.7996 +- 8.308  	chisq 0 (0 df)

Iteration 2:  3000000 integrand evaluations so far
[1] 7.44711 +- 4.57139  	chisq 0.00258188 (1 df)

Iteration 3:  6000000 integrand evaluations so far
[1] 5.97227 +- 4.45537  	chisq 2.07958 (2 df)

Iteration 4:  10000000 integrand evaluations so far
[1] 6.25938 +- 4.43103  	chisq 2.46069 (3 df)

Iteration 5:  15000000 integrand evaluations so far
[1] 6.43222 +- 4.42881  	chisq 3.97695 (4 df)

Iteration 6:  21000000 integrand evaluations so far
[1] 6.62353 +- 3.36542  	chisq 3.98137 (5 df)

Iteration 7:  28000000 integrand evaluations so far
[1] 1.95195 +- 1.93744  	chisq 6.86338 (6 df)

Iteration 8:  36000000 integrand evaluations so far
[1] 1.40493 +- 1.84454  	chisq 7.71507 (7 df)

Iteration 9:  45000000 integrand evaluations so far
[1] 1.37245 +- 1.81  	chisq 7.72343 (8 df)

Iteration 10:  55000000 integrand evaluations so far
[1] 1.28467 +- 1.80582  	chisq 8.23308 (9 df)
     1.3 ±    1.8        (2.11mi) ┃Vegas input parameters:
  ndim 8
  ncomp 1
  nvec 1
  epsrel 0
  epsabs 0
  flags 10
  seed 123456
  mineval 5000000
  maxeval 50000000
  nstart 1000000
  nincrease 1000000
  nbatch 5000
  gridno 0
  statefile ""

Iteration 1:  1000000 integrand evaluations so far
[1] 10.3644 +- 4.33018  	chisq 0 (0 df)

Iteration 2:  3000000 integrand evaluations so far
[1] 1.82482 +- 0.995322  	chisq 4.10611 (1 df)

Iteration 3:  6000000 integrand evaluations so far
[1] 0.137265 +- 0.0849909  	chisq 7.00189 (2 df)

Iteration 4:  10000000 integrand evaluations so far
[1] 0.148101 +- 0.0846482  	chisq 9.02202 (3 df)

Iteration 5:  15000000 integrand evaluations so far
[1] 0.158083 +- 0.0845699  	chisq 16.5343 (4 df)

Iteration 6:  21000000 integrand evaluations so far
[1] 0.158508 +- 0.0845692  	chisq 18.1621 (5 df)

Iteration 7:  28000000 integrand evaluations so far
[1] 0.167698 +- 0.0845416  	chisq 36.2767 (6 df)

Iteration 8:  36000000 integrand evaluations so far
[1] 0.181591 +- 0.0845096  	chisq 71.888 (7 df)

Iteration 9:  45000000 integrand evaluations so far
[1] 0.210006 +- 0.0844521  	chisq 154.967 (8 df)

Iteration 10:  55000000 integrand evaluations so far
[1] 0.232402 +- 0.0844129  	chisq 230.817 (9 df)
   0.232 ±  0.084        ( 41.5s) ┃     1.9 ±    1.8        (15.9mi) ┃
┃   94 -    96 ┃   57 -    58 ┃  2.2323 ± 0.0022        ( 1.1mi) ┃ -1.7948 ± 0.0015        (5.71mi) ┃Vegas input parameters:
  ndim 10
  ncomp 1
  nvec 1
  epsrel 0
  epsabs 0
  flags 10
  seed 123456
  mineval 50000000
  maxeval 50000000
  nstart 1000000
  nincrease 1000000
  nbatch 5000
  gridno 0
  statefile ""

Iteration 1:  1000000 integrand evaluations so far
[1] 6.62628 +- 5.28144  	chisq 0 (0 df)

Iteration 2:  3000000 integrand evaluations so far
[1] 7.24351 +- 5.24426  	chisq 0.973453 (1 df)

Iteration 3:  6000000 integrand evaluations so far
[1] 0.809361 +- 4.53906  	chisq 6.97384 (2 df)

Iteration 4:  10000000 integrand evaluations so far
[1] 0.412056 +- 4.21045  	chisq 7.02875 (3 df)

Iteration 5:  15000000 integrand evaluations so far
[1] 1.35109 +- 3.57265  	chisq 7.20638 (4 df)

Iteration 6:  21000000 integrand evaluations so far
[1] 1.75417 +- 3.0064  	chisq 7.24999 (5 df)

Iteration 7:  28000000 integrand evaluations so far
[1] 2.18446 +- 2.92877  	chisq 7.65186 (6 df)

Iteration 8:  36000000 integrand evaluations so far
[1] 2.1396 +- 2.92763  	chisq 7.95248 (7 df)

Iteration 9:  45000000 integrand evaluations so far
[1] 3.0301 +- 2.7962  	chisq 9.00659 (8 df)

Iteration 10:  55000000 integrand evaluations so far
[1] 1.93759 +- 2.68423  	chisq 10.9518 (9 df)
     1.9 ±    2.7        (2.07mi) ┃Vegas input parameters:
  ndim 8
  ncomp 1
  nvec 1
  epsrel 0
  epsabs 0
  flags 10
  seed 123456
  mineval 5000000
  maxeval 50000000
  nstart 1000000
  nincrease 1000000
  nbatch 5000
  gridno 0
  statefile ""

Iteration 1:  1000000 integrand evaluations so far
[1] 24.7098 +- 7.8585  	chisq 0 (0 df)

Iteration 2:  3000000 integrand evaluations so far
[1] 4.10133 +- 1.7293  	chisq 7.22719 (1 df)

Iteration 3:  6000000 integrand evaluations so far
[1] 2.59022 +- 0.623346  	chisq 8.10479 (2 df)

Iteration 4:  10000000 integrand evaluations so far
[1] 2.63173 +- 0.622864  	chisq 10.9743 (3 df)

Iteration 5:  15000000 integrand evaluations so far
[1] 3.20672 +- 0.603738  	chisq 25.0666 (4 df)

Iteration 6:  21000000 integrand evaluations so far
[1] 3.78909 +- 0.592099  	chisq 49.4348 (5 df)

Iteration 7:  28000000 integrand evaluations so far
[1] 5.78491 +- 0.536553  	chisq 112.972 (6 df)

Iteration 8:  36000000 integrand evaluations so far
[1] 6.47378 +- 0.527507  	chisq 162.271 (7 df)

Iteration 9:  45000000 integrand evaluations so far
[1] 10.6703 +- 0.454294  	chisq 407.27 (8 df)

Iteration 10:  55000000 integrand evaluations so far
[1] 14.2304 +- 0.387148  	chisq 631.599 (9 df)
   14.23 ±   0.39        ( 42.9s) ┃    16.6 ±    2.7        (9.59mi) ┃
┃   94 -    96 ┃   58 -    59 ┃   1.607 ± 0.0012        (7.17mi) ┃-1.29498 ± 0.00054        (22.8mi) ┃Vegas input parameters:
  ndim 10
  ncomp 1
  nvec 1
  epsrel 0
  epsabs 0
  flags 10
  seed 123456
  mineval 50000000
  maxeval 50000000
  nstart 1000000
  nincrease 1000000
  nbatch 5000
  gridno 0
  statefile ""

Iteration 1:  1000000 integrand evaluations so far
[1] 11.4719 +- 18.5019  	chisq 0 (0 df)

Iteration 2:  3000000 integrand evaluations so far
[1] -4.86617 +- 9.02041  	chisq 1.02292 (1 df)

Iteration 3:  6000000 integrand evaluations so far
[1] -5.01427 +- 8.62176  	chisq 1.02603 (2 df)

Iteration 4:  10000000 integrand evaluations so far
[1] -3.12715 +- 8.40443  	chisq 1.98846 (3 df)

Iteration 5:  15000000 integrand evaluations so far
[1] -4.29748 +- 7.622  	chisq 2.09769 (4 df)

Iteration 6:  21000000 integrand evaluations so far
[1] -7.28275 +- 7.00891  	chisq 3.09119 (5 df)

Iteration 7:  28000000 integrand evaluations so far
[1] -7.12893 +- 7.00708  	chisq 4.01512 (6 df)

Iteration 8:  36000000 integrand evaluations so far
[1] -4.04472 +- 6.71089  	chisq 6.35624 (7 df)

Iteration 9:  45000000 integrand evaluations so far
[1] -6.00397 +- 6.04047  	chisq 6.80527 (8 df)

Iteration 10:  55000000 integrand evaluations so far
[1] -8.29797 +- 5.46712  	chisq 7.60287 (9 df)
    -8.3 ±    5.5        ( 2.1mi) ┃Vegas input parameters:
  ndim 8
  ncomp 1
  nvec 1
  epsrel 0
  epsabs 0
  flags 10
  seed 123456
  mineval 5000000
  maxeval 50000000
  nstart 1000000
  nincrease 1000000
  nbatch 5000
  gridno 0
  statefile ""

Iteration 1:  1000000 integrand evaluations so far
[1] 18.7027 +- 6.23531  	chisq 0 (0 df)

Iteration 2:  3000000 integrand evaluations so far
[1] 5.13543 +- 1.80398  	chisq 5.16694 (1 df)

Iteration 3:  6000000 integrand evaluations so far
[1] 4.98844 +- 1.28697  	chisq 5.18046 (2 df)

Iteration 4:  10000000 integrand evaluations so far
[1] 5.10786 +- 1.28386  	chisq 6.9628 (3 df)

Iteration 5:  15000000 integrand evaluations so far
[1] 5.21503 +- 1.28209  	chisq 9.50241 (4 df)

Iteration 6:  21000000 integrand evaluations so far
[1] 6.17591 +- 1.2138  	chisq 14.9192 (5 df)

Iteration 7:  28000000 integrand evaluations so far
[1] 10.3598 +- 0.952755  	chisq 45.8708 (6 df)

Iteration 8:  36000000 integrand evaluations so far
[1] 13.4195 +- 0.770831  	chisq 75.7253 (7 df)

Iteration 9:  45000000 integrand evaluations so far
[1] 13.6528 +- 0.765722  	chisq 82.661 (8 df)

Iteration 10:  55000000 integrand evaluations so far
[1] 16.7322 +- 0.672638  	chisq 153.488 (9 df)
   16.73 ±   0.67        ( 42.7s) ┃     8.7 ±    5.5        (32.8mi) ┃
┃   94 -    96 ┃   59 -    60 ┃ 1.62433 ± 0.00029        ( 7.3mi) ┃-1.31353 ± 0.00039        (11.7mi) ┃Vegas input parameters:
  ndim 10
  ncomp 1
  nvec 1
  epsrel 0
  epsabs 0
  flags 10
  seed 123456
  mineval 50000000
  maxeval 50000000
  nstart 1000000
  nincrease 1000000
  nbatch 5000
  gridno 0
  statefile ""

Iteration 1:  1000000 integrand evaluations so far
[1] 4.89951 +- 8.39253  	chisq 0 (0 df)

Iteration 2:  3000000 integrand evaluations so far
[1] -1.65364 +- 4.21831  	chisq 0.815793 (1 df)

Iteration 3:  6000000 integrand evaluations so far
[1] -3.06875 +- 3.03032  	chisq 1.04834 (2 df)

Iteration 4:  10000000 integrand evaluations so far
[1] -4.017 +- 2.71342  	chisq 1.54235 (3 df)

Iteration 5:  15000000 integrand evaluations so far
[1] -3.3255 +- 2.64806  	chisq 2.90688 (4 df)

Iteration 6:  21000000 integrand evaluations so far
[1] -3.40853 +- 2.62145  	chisq 2.95605 (5 df)

Iteration 7:  28000000 integrand evaluations so far
[1] -2.38805 +- 1.89916  	chisq 3.27498 (6 df)

Iteration 8:  36000000 integrand evaluations so far
[1] -2.36057 +- 1.82283  	chisq 3.27764 (7 df)

Iteration 9:  45000000 integrand evaluations so far
[1] -2.53923 +- 1.81199  	chisq 4.08791 (8 df)

Iteration 10:  55000000 integrand evaluations so far
[1] -2.65207 +- 1.80063  	chisq 4.39805 (9 df)
    -2.7 ±    1.8        (2.06mi) ┃Vegas input parameters:
  ndim 8
  ncomp 1
  nvec 1
  epsrel 0
  epsabs 0
  flags 10
  seed 123456
  mineval 5000000
  maxeval 50000000
  nstart 1000000
  nincrease 1000000
  nbatch 5000
  gridno 0
  statefile ""

Iteration 1:  1000000 integrand evaluations so far
[1] 29.4177 +- 9.30177  	chisq 0 (0 df)

Iteration 2:  3000000 integrand evaluations so far
[1] 21.2627 +- 6.80907  	chisq 1.65601 (1 df)

Iteration 3:  6000000 integrand evaluations so far
[1] 2.45733 +- 0.755488  	chisq 9.37868 (2 df)

Iteration 4:  10000000 integrand evaluations so far
[1] 2.77963 +- 0.738973  	chisq 13.5874 (3 df)

Iteration 5:  15000000 integrand evaluations so far
[1] 3.32132 +- 0.722134  	chisq 25.5136 (4 df)

Iteration 6:  21000000 integrand evaluations so far
[1] 4.43488 +- 0.696613  	chisq 59.7611 (5 df)

Iteration 7:  28000000 integrand evaluations so far
[1] 4.69501 +- 0.693027  	chisq 73.3405 (6 df)

Iteration 8:  36000000 integrand evaluations so far
[1] 5.7833 +- 0.67362  	chisq 117.997 (7 df)

Iteration 9:  45000000 integrand evaluations so far
[1] 8.3192 +- 0.62214  	chisq 214.402 (8 df)

Iteration 10:  55000000 integrand evaluations so far
[1] 8.85555 +- 0.613122  	chisq 240.226 (9 df)
    8.86 ±   0.61        ( 42.2s) ┃     6.5 ±    1.9        (21.8mi) ┃
┣━━━━━━━━━━━━━━╋━━━━━━━━━━━━━━╋━━━━━━━━━━━━━━━━━━━━━━━━━━━━━━━━━━╋━━━━━━━━━━━━━━━━━━━━━━━━━━━━━━━━━━╋━━━━━━━━━━━━━━━━━━━━━━━━━━━━━━━━━━╋━━━━━━━━━━━━━━━━━━━━━━━━━━━━━━━━━━╋━━━━━━━━━━━━━━━━━━━━━━━━━━━━━━━━━━┫
┃   92 -    96 ┃   25 -    60 ┃ 169.335 ±  0.013        (6.31hr) ┃-137.281 ±   0.01        (16.9hr) ┃     -35 ±     31        (2.85hr) ┃   960.3 ±    5.6        (1.02hr) ┃     958 ±     31        (27.1hr) ┃
┗━━━━━━━━━━━━━━┻━━━━━━━━━━━━━━┻━━━━━━━━━━━━━━━━━━━━━━━━━━━━━━━━━━┻━━━━━━━━━━━━━━━━━━━━━━━━━━━━━━━━━━┻━━━━━━━━━━━━━━━━━━━━━━━━━━━━━━━━━━┻━━━━━━━━━━━━━━━━━━━━━━━━━━━━━━━━━━┻━━━━━━━━━━━━━━━━━━━━━━━━━━━━━━━━━━┛

╍╍╍╍╍╍╍╍╍╍╍╍╍╍╍╍╍╍╍╍╍╍╍╍╍╍╍╍╍╍╍╍ Summary ╍╍╍╍╍╍╍╍╍╍╍╍╍╍╍╍╍╍╍╍╍╍╍╍╍╍╍╍╍╍╍
      Total cross section                          958 ± 31          fb
         Calculation time                               27.1       hours
              Output file                    outputs/qt_qt92_96_NNLL_muR1.0_muF2.0.root            
      Result in text file                    outputs/qt_qt92_96_NNLL_muR1.0_muF2.0.txt            

╍╍╍╍╍╍╍╍╍╍╍╍╍╍╍╍╍╍╍╍╍╍╍╍╍╍╍╍╍╍╍╍╍╍╍╍╍╍╍╍╍╍╍╍╍╍╍╍╍╍╍╍╍╍╍╍╍╍╍╍╍╍╍╍╍╍╍╍╍╍╍╍

