
╍╍╍╍╍╍╍╍╍╍╍╍╍╍╍╍╍╍╍╍╍╍╍╍╍╍╍ Process settings ╍╍╍╍╍╍╍╍╍╍╍╍╍╍╍╍╍╍╍╍╍╍╍╍╍╍╍
   proton-proton collisions at sqrt(s) = 13000 GeV 
   Computing NNLO+NNLL resummed cross section
   W+ ->  nu(p3)+e+(p4) production 

╍╍╍╍╍╍╍╍╍╍╍╍╍╍╍╍╍╍╍╍╍╍╍╍╍╍╍╍╍╍ CKM matrix ╍╍╍╍╍╍╍╍╍╍╍╍╍╍╍╍╍╍╍╍╍╍╍╍╍╍╍╍╍╍
     | Vud Vus Vub |   |   0.97427   0.2253  0.00351 | 
     | Vcd Vcs Vcb | = |    0.2252  0.97344   0.0412 | 
     | Vtd Vts Vtb |   |         0        0        0 | 

╍╍╍╍╍╍╍╍╍╍╍╍╍╍╍╍╍╍╍╍╍╍╍╍╍╍╍╍╍ EW parameters ╍╍╍╍╍╍╍╍╍╍╍╍╍╍╍╍╍╍╍╍╍╍╍╍╍╍╍╍
                                         Gf =  1.1663787e-05      GeV^-2
                                    1/alpha =  132.233229791            
                                 sin(thW)^2 = 0.222897222524            
                                     W mass =         80.385         GeV
                                     Z mass =        91.1876         GeV
                                    W width =          2.091         GeV
                                    Z width =          2.495         GeV

╍╍╍╍╍╍╍╍╍╍╍╍╍╍╍╍╍╍╍╍╍╍╍╍╍╍╍╍╍ QCD settings ╍╍╍╍╍╍╍╍╍╍╍╍╍╍╍╍╍╍╍╍╍╍╍╍╍╍╍╍╍
   Renormalization scale:     dynamic muren =            0.5      * m_ll
     Factorization scale:     dynamic mufac =            0.5      * m_ll
       Resummation scale:     dynamic mures =              1      * m_ll
          Strong coupling       alpha_s(MZ) =       0.118001            
                              running order =              3       -loop
         Non-perturbative     form factor g =            0.7       GeV^2

╍╍╍╍╍╍╍╍╍╍╍╍╍╍╍╍╍╍╍╍╍╍╍╍╍╍╍╍╍ PDF settings ╍╍╍╍╍╍╍╍╍╍╍╍╍╍╍╍╍╍╍╍╍╍╍╍╍╍╍╍╍
                                     PDF set:MSHT20nnlo_as118            
                                  PDF member:              0            
  Mellin moments of PDFs:                    Numerical integration            
                         nodes for the quadrature:            200            
                         Intervals for the quadrature:              1            

╍╍╍╍╍╍╍╍╍╍╍╍╍╍╍╍╍╍╍╍╍╍╍╍╍╍╍╍╍╍╍ qT recoil ╍╍╍╍╍╍╍╍╍╍╍╍╍╍╍╍╍╍╍╍╍╍╍╍╍╍╍╍╍╍
  qt-recoil prescription:       Collins-Soper kt1 = p_V(x)/2; kt2 = p_V(y)/2            

╍╍╍╍╍╍╍╍╍╍╍╍╍╍╍╍╍╍╍╍╍╍╍╍╍╍╍╍╍╍╍╍╍ Cuts ╍╍╍╍╍╍╍╍╍╍╍╍╍╍╍╍╍╍╍╍╍╍╍╍╍╍╍╍╍╍╍╍╍
                                  apply cuts:           true            
                                      pt_l >               0            
                                   |eta_l| <            1000            
                                    pt_lep >              25            
                                 |eta_lep| <             2.4            
                                   pt_alep >              25            
                                |eta_alep| <             2.4            
                                  user cuts:            true            

╍╍╍╍╍╍╍╍╍╍╍╍╍╍╍╍╍╍╍╍╍╍╍╍╍╍╍╍ ResummationDamp ╍╍╍╍╍╍╍╍╍╍╍╍╍╍╍╍╍╍╍╍╍╍╍╍╍╍╍
                                    damping :             on            
                                damping mode:              1            
                                  damp above:        60.2888         GeV
                               damping width:        20.0963         GeV
                          resummation cutoff:             20         MeV

╍╍╍╍╍╍╍╍╍╍╍╍╍╍╍╍╍╍╍╍╍╍╍╍╍╍╍╍ Debug settings ╍╍╍╍╍╍╍╍╍╍╍╍╍╍╍╍╍╍╍╍╍╍╍╍╍╍╍╍
                                 timeprofile:          false            
                                     verbose:          false            
                               cubaverbosity:              2            

╍╍╍╍╍╍╍╍╍╍╍╍╍╍╍╍╍╍╍╍╍╍╍╍╍╍╍╍╍╍╍╍╍╍╍╍╍╍╍╍╍╍╍╍╍╍╍╍╍╍╍╍╍╍╍╍╍╍╍╍╍╍╍╍╍╍╍╍╍╍╍╍

Warning: Histogram `a1_qt` contains non-integrable observable and will be deleted 
Warning: Histogram `a1_qt_vs_y` contains non-integrable observable and will be deleted 
Warning: Histogram `s_biganswer` contains non-integrable observable and will be deleted 
Warning: Histogram `wgt_a1_qt` contains non-integrable observable and will be deleted 

╍╍╍╍╍╍╍╍╍╍╍╍╍╍╍╍╍╍╍╍╍╍╍╍╍ Integration settings ╍╍╍╍╍╍╍╍╍╍╍╍╍╍╍╍╍╍╍╍╍╍╍╍╍
             Random seeds              123456                           
           Parallel cores                   1                           

             Resummation:     cuhre (dm, dpt)         iter =           5
                                   gauss (dy)        nodes =          64
                                                 intervals =           1
            Counter term:      cuhre (dm, dy)         iter =           5
                                  gauss (dpt)        nodes =          20
                                                 intervals =           5
                V+J Real:               vegas       ncalls =    50000000
             V+J Virtual:               vegas       ncalls =     5000000

Mellin inverse transform:           gaussian         nodes =          30
                                                 intervals =           1
                               imaginary axis         zmax =           2
  Angular variable costh:     semi-analytical      ncstart =         100
   Angular variables phi:            gaussian    intervals =          20

      Constant boundaries                  q2          low =          80
                                                      high =         100
                                            y          low =          -6
                                                      high =           6
                                        costh          low =          -1
                                                      high =           1
                                       eta(l)          low =         -10
                                                      high =          10

┏━━━━━━━━━━━━━━┰━━━━━━━━━━━━━━┰━━━━━━━━━━━━━━━━━━━━━━━━━━━━━━━━━━┰━━━━━━━━━━━━━━━━━━━━━━━━━━━━━━━━━━┰━━━━━━━━━━━━━━━━━━━━━━━━━━━━━━━━━━┰━━━━━━━━━━━━━━━━━━━━━━━━━━━━━━━━━━┰━━━━━━━━━━━━━━━━━━━━━━━━━━━━━━━━━━┓
┃           qT ┃        pT(l) ┃                      Resummation ┃                     Counter term ┃                         V+J Real ┃                      V+J Virtual ┃                            TOTAL ┃
┣━━━━━━━━━━━━━━╋━━━━━━━━━━━━━━╋━━━━━━━━━━━━━━━━━━━━━━━━━━━━━━━━━━╋━━━━━━━━━━━━━━━━━━━━━━━━━━━━━━━━━━╋━━━━━━━━━━━━━━━━━━━━━━━━━━━━━━━━━━╋━━━━━━━━━━━━━━━━━━━━━━━━━━━━━━━━━━╋━━━━━━━━━━━━━━━━━━━━━━━━━━━━━━━━━━┫
┃   88 -    90 ┃   25 -    26 ┃  4.3639 ± 0.0037        ( 50.9s) ┃ -4.2453 ± 0.0019        (4.25mi) ┃Vegas input parameters:
  ndim 10
  ncomp 1
  nvec 1
  epsrel 0
  epsabs 0
  flags 10
  seed 123456
  mineval 50000000
  maxeval 50000000
  nstart 1000000
  nincrease 1000000
  nbatch 5000
  gridno 0
  statefile ""

Iteration 1:  1000000 integrand evaluations so far
[1] 9.53356 +- 39.8923  	chisq 0 (0 df)

Iteration 2:  3000000 integrand evaluations so far
[1] 26.0336 +- 30.191  	chisq 0.400423 (1 df)

Iteration 3:  6000000 integrand evaluations so far
[1] 18.8894 +- 15.63  	chisq 0.47692 (2 df)

Iteration 4:  10000000 integrand evaluations so far
[1] 19.3363 +- 15.6242  	chisq 1.56247 (3 df)

Iteration 5:  15000000 integrand evaluations so far
[1] 21.6428 +- 15.337  	chisq 2.16081 (4 df)

Iteration 6:  21000000 integrand evaluations so far
[1] 16.5572 +- 13.8707  	chisq 2.76473 (5 df)

Iteration 7:  28000000 integrand evaluations so far
[1] 9.44627 +- 12.0508  	chisq 3.83658 (6 df)

Iteration 8:  36000000 integrand evaluations so far
[1] 5.42416 +- 8.70599  	chisq 4.06959 (7 df)

Iteration 9:  45000000 integrand evaluations so far
[1] 2.81255 +- 7.94313  	chisq 4.6066 (8 df)

Iteration 10:  55000000 integrand evaluations so far
[1] 1.74671 +- 7.84471  	chisq 5.3377 (9 df)
     1.7 ±    7.8        (2.86mi) ┃Vegas input parameters:
  ndim 8
  ncomp 1
  nvec 1
  epsrel 0
  epsabs 0
  flags 10
  seed 123456
  mineval 5000000
  maxeval 50000000
  nstart 1000000
  nincrease 1000000
  nbatch 5000
  gridno 0
  statefile ""

Iteration 1:  1000000 integrand evaluations so far
[1] 67.2641 +- 19.4521  	chisq 0 (0 df)

Iteration 2:  3000000 integrand evaluations so far
[1] 7.45673 +- 2.41293  	chisq 9.60087 (1 df)

Iteration 3:  6000000 integrand evaluations so far
[1] 10.0635 +- 2.20286  	chisq 16.609 (2 df)

Iteration 4:  10000000 integrand evaluations so far
[1] 12.4511 +- 2.10479  	chisq 30.1037 (3 df)

Iteration 5:  15000000 integrand evaluations so far
[1] 20.6173 +- 1.47479  	chisq 59.6746 (4 df)

Iteration 6:  21000000 integrand evaluations so far
[1] 24.6812 +- 1.29566  	chisq 92.9539 (5 df)

Iteration 7:  28000000 integrand evaluations so far
[1] 31.5461 +- 0.931596  	chisq 151.073 (6 df)

Iteration 8:  36000000 integrand evaluations so far
[1] 36.0306 +- 0.666811  	chisq 198.59 (7 df)

Iteration 9:  45000000 integrand evaluations so far
[1] 36.059 +- 0.666577  	chisq 201.191 (8 df)

Iteration 10:  55000000 integrand evaluations so far
[1] 36.1187 +- 0.66583  	chisq 204.765 (9 df)
   36.12 ±   0.67        (1.06mi) ┃      38 ±    7.9        (9.02mi) ┃
┃   88 -    90 ┃   26 -    27 ┃  7.4151 ± 0.0012        (13.2mi) ┃ -7.2056 ± 0.0014        (31.6mi) ┃Vegas input parameters:
  ndim 10
  ncomp 1
  nvec 1
  epsrel 0
  epsabs 0
  flags 10
  seed 123456
  mineval 50000000
  maxeval 50000000
  nstart 1000000
  nincrease 1000000
  nbatch 5000
  gridno 0
  statefile ""

Iteration 1:  1000000 integrand evaluations so far
[1] -90.8704 +- 62.6883  	chisq 0 (0 df)

Iteration 2:  3000000 integrand evaluations so far
[1] 5.10483 +- 30.5167  	chisq 3.0719 (1 df)

Iteration 3:  6000000 integrand evaluations so far
[1] -1.23785 +- 12.8662  	chisq 3.12444 (2 df)

Iteration 4:  10000000 integrand evaluations so far
[1] 3.36667 +- 12.0461  	chisq 4.16212 (3 df)

Iteration 5:  15000000 integrand evaluations so far
[1] -2.71248 +- 11.3454  	chisq 6.41699 (4 df)

Iteration 6:  21000000 integrand evaluations so far
[1] -2.51684 +- 11.3438  	chisq 7.47526 (5 df)

Iteration 7:  28000000 integrand evaluations so far
[1] -11.0976 +- 6.23618  	chisq 8.29526 (6 df)

Iteration 8:  36000000 integrand evaluations so far
[1] -6.46857 +- 4.50027  	chisq 9.445 (7 df)

Iteration 9:  45000000 integrand evaluations so far
[1] -5.88095 +- 4.47248  	chisq 10.8301 (8 df)

Iteration 10:  55000000 integrand evaluations so far
[1] -6.27488 +- 4.27042  	chisq 10.918 (9 df)
    -6.3 ±    4.3        (2.89mi) ┃Vegas input parameters:
  ndim 8
  ncomp 1
  nvec 1
  epsrel 0
  epsabs 0
  flags 10
  seed 123456
  mineval 5000000
  maxeval 50000000
  nstart 1000000
  nincrease 1000000
  nbatch 5000
  gridno 0
  statefile ""

Iteration 1:  1000000 integrand evaluations so far
[1] 49.4333 +- 15.0834  	chisq 0 (0 df)

Iteration 2:  3000000 integrand evaluations so far
[1] 23.3605 +- 7.44913  	chisq 3.95186 (1 df)

Iteration 3:  6000000 integrand evaluations so far
[1] 24.4162 +- 7.2323  	chisq 4.30197 (2 df)

Iteration 4:  10000000 integrand evaluations so far
[1] 25.6608 +- 6.95103  	chisq 4.69027 (3 df)

Iteration 5:  15000000 integrand evaluations so far
[1] 27.8344 +- 6.60275  	chisq 5.69115 (4 df)

Iteration 6:  21000000 integrand evaluations so far
[1] 31.5277 +- 4.643  	chisq 6.31006 (5 df)

Iteration 7:  28000000 integrand evaluations so far
[1] 36.5386 +- 3.58484  	chisq 9.19412 (6 df)

Iteration 8:  36000000 integrand evaluations so far
[1] 39.2134 +- 2.28089  	chisq 10.1295 (7 df)

Iteration 9:  45000000 integrand evaluations so far
[1] 41.8604 +- 1.7001  	chisq 13.1599 (8 df)

Iteration 10:  55000000 integrand evaluations so far
[1] 43.7205 +- 1.52366  	chisq 19.2427 (9 df)
    43.7 ±    1.5        ( 1.1mi) ┃    37.7 ±    4.5        (48.8mi) ┃
┃   88 -    90 ┃   27 -    28 ┃   7.327 ± 0.0051        (2.26mi) ┃ -7.1017 ± 0.0063        (8.22mi) ┃Vegas input parameters:
  ndim 10
  ncomp 1
  nvec 1
  epsrel 0
  epsabs 0
  flags 10
  seed 123456
  mineval 50000000
  maxeval 50000000
  nstart 1000000
  nincrease 1000000
  nbatch 5000
  gridno 0
  statefile ""

Iteration 1:  1000000 integrand evaluations so far
[1] 100.553 +- 85.3893  	chisq 0 (0 df)

Iteration 2:  3000000 integrand evaluations so far
[1] -11.0335 +- 51.4101  	chisq 2.67872 (1 df)

Iteration 3:  6000000 integrand evaluations so far
[1] -35.4847 +- 44.6255  	chisq 3.59631 (2 df)

Iteration 4:  10000000 integrand evaluations so far
[1] -36.5707 +- 35.8171  	chisq 3.59798 (3 df)

Iteration 5:  15000000 integrand evaluations so far
[1] 4.54485 +- 25.2758  	chisq 6.22297 (4 df)

Iteration 6:  21000000 integrand evaluations so far
[1] 2.5547 +- 25.1858  	chisq 7.0951 (5 df)

Iteration 7:  28000000 integrand evaluations so far
[1] -1.37196 +- 24.6997  	chisq 7.73092 (6 df)

Iteration 8:  36000000 integrand evaluations so far
[1] -3.52696 +- 24.6043  	chisq 8.71827 (7 df)

Iteration 9:  45000000 integrand evaluations so far
[1] 7.61753 +- 22.1442  	chisq 9.79823 (8 df)

Iteration 10:  55000000 integrand evaluations so far
[1] 11.1887 +- 20.0788  	chisq 9.94447 (9 df)
      11 ±     20        (2.88mi) ┃Vegas input parameters:
  ndim 8
  ncomp 1
  nvec 1
  epsrel 0
  epsabs 0
  flags 10
  seed 123456
  mineval 5000000
  maxeval 50000000
  nstart 1000000
  nincrease 1000000
  nbatch 5000
  gridno 0
  statefile ""

Iteration 1:  1000000 integrand evaluations so far
[1] 72.5624 +- 18.6714  	chisq 0 (0 df)

Iteration 2:  3000000 integrand evaluations so far
[1] 51.4865 +- 12.6232  	chisq 2.34681 (1 df)

Iteration 3:  6000000 integrand evaluations so far
[1] 40.986 +- 9.28446  	chisq 3.85426 (2 df)

Iteration 4:  10000000 integrand evaluations so far
[1] 44.1551 +- 8.28434  	chisq 4.42584 (3 df)

Iteration 5:  15000000 integrand evaluations so far
[1] 44.7308 +- 6.50907  	chisq 4.43846 (4 df)

Iteration 6:  21000000 integrand evaluations so far
[1] 39.3659 +- 4.05319  	chisq 5.54804 (5 df)

Iteration 7:  28000000 integrand evaluations so far
[1] 39.9725 +- 4.035  	chisq 8.04947 (6 df)

Iteration 8:  36000000 integrand evaluations so far
[1] 41.8643 +- 3.15352  	chisq 8.61427 (7 df)

Iteration 9:  45000000 integrand evaluations so far
[1] 46.0522 +- 2.20997  	chisq 12.0799 (8 df)

Iteration 10:  55000000 integrand evaluations so far
[1] 47.6065 +- 1.85019  	chisq 13.7337 (9 df)
    47.6 ±    1.9        (1.07mi) ┃      59 ±     20        (14.4mi) ┃
┃   88 -    90 ┃   28 -    29 ┃   4.684 ± 0.0029        (6.65mi) ┃ -4.5575 ± 0.0029        (8.08mi) ┃Vegas input parameters:
  ndim 10
  ncomp 1
  nvec 1
  epsrel 0
  epsabs 0
  flags 10
  seed 123456
  mineval 50000000
  maxeval 50000000
  nstart 1000000
  nincrease 1000000
  nbatch 5000
  gridno 0
  statefile ""

Iteration 1:  1000000 integrand evaluations so far
[1] -56.2741 +- 58.176  	chisq 0 (0 df)

Iteration 2:  3000000 integrand evaluations so far
[1] -70.6587 +- 55.4181  	chisq 0.660482 (1 df)

Iteration 3:  6000000 integrand evaluations so far
[1] -46.2541 +- 27.7013  	chisq 0.919004 (2 df)

Iteration 4:  10000000 integrand evaluations so far
[1] -9.43426 +- 4.21725  	chisq 2.72763 (3 df)

Iteration 5:  15000000 integrand evaluations so far
[1] -9.30953 +- 4.20829  	chisq 2.93363 (4 df)

Iteration 6:  21000000 integrand evaluations so far
[1] -9.75296 +- 3.47924  	chisq 2.96872 (5 df)

Iteration 7:  28000000 integrand evaluations so far
[1] -9.68246 +- 3.47498  	chisq 3.13662 (6 df)

Iteration 8:  36000000 integrand evaluations so far
[1] -9.77323 +- 3.46598  	chisq 3.26847 (7 df)

Iteration 9:  45000000 integrand evaluations so far
[1] -9.38957 +- 3.4578  	chisq 5.86713 (8 df)

Iteration 10:  55000000 integrand evaluations so far
[1] -9.68343 +- 3.40071  	chisq 6.08766 (9 df)
    -9.7 ±    3.4        (2.94mi) ┃Vegas input parameters:
  ndim 8
  ncomp 1
  nvec 1
  epsrel 0
  epsabs 0
  flags 10
  seed 123456
  mineval 5000000
  maxeval 50000000
  nstart 1000000
  nincrease 1000000
  nbatch 5000
  gridno 0
  statefile ""

Iteration 1:  1000000 integrand evaluations so far
[1] 75.4082 +- 20.54  	chisq 0 (0 df)

Iteration 2:  3000000 integrand evaluations so far
[1] 32.9425 +- 9.28409  	chisq 5.3719 (1 df)

Iteration 3:  6000000 integrand evaluations so far
[1] 33.3864 +- 7.37156  	chisq 5.37809 (2 df)

Iteration 4:  10000000 integrand evaluations so far
[1] 33.251 +- 5.67341  	chisq 5.37891 (3 df)

Iteration 5:  15000000 integrand evaluations so far
[1] 34.2872 +- 4.04739  	chisq 5.44684 (4 df)

Iteration 6:  21000000 integrand evaluations so far
[1] 36.0007 +- 2.5225  	chisq 5.73991 (5 df)

Iteration 7:  28000000 integrand evaluations so far
[1] 36.4957 +- 2.4912  	chisq 7.30155 (6 df)

Iteration 8:  36000000 integrand evaluations so far
[1] 38.6427 +- 1.95237  	chisq 9.22677 (7 df)

Iteration 9:  45000000 integrand evaluations so far
[1] 42.6076 +- 1.28839  	chisq 16.5326 (8 df)

Iteration 10:  55000000 integrand evaluations so far
[1] 44.98 +- 1.08313  	chisq 28.0947 (9 df)
      45 ±    1.1        (1.09mi) ┃    35.4 ±    3.6        (18.8mi) ┃
┃   88 -    90 ┃   29 -    30 ┃   6.334 ± 0.0028        (12.9mi) ┃ -6.1758 ± 0.0031        (32.3mi) ┃Vegas input parameters:
  ndim 10
  ncomp 1
  nvec 1
  epsrel 0
  epsabs 0
  flags 10
  seed 123456
  mineval 50000000
  maxeval 50000000
  nstart 1000000
  nincrease 1000000
  nbatch 5000
  gridno 0
  statefile ""

Iteration 1:  1000000 integrand evaluations so far
[1] 26.5241 +- 24.5614  	chisq 0 (0 df)

Iteration 2:  3000000 integrand evaluations so far
[1] 34.4925 +- 22.8517  	chisq 0.78327 (1 df)

Iteration 3:  6000000 integrand evaluations so far
[1] 36.0857 +- 22.0141  	chisq 0.850822 (2 df)

Iteration 4:  10000000 integrand evaluations so far
[1] 16.5328 +- 16.8063  	chisq 2.74189 (3 df)

Iteration 5:  15000000 integrand evaluations so far
[1] -5.13106 +- 9.52467  	chisq 5.18967 (4 df)

Iteration 6:  21000000 integrand evaluations so far
[1] -3.29746 +- 9.30338  	chisq 5.99661 (5 df)

Iteration 7:  28000000 integrand evaluations so far
[1] 4.22265 +- 6.96147  	chisq 7.48128 (6 df)

Iteration 8:  36000000 integrand evaluations so far
[1] 3.74745 +- 6.73289  	chisq 7.55342 (7 df)

Iteration 9:  45000000 integrand evaluations so far
[1] 8.64489 +- 5.55705  	chisq 9.21317 (8 df)

Iteration 10:  55000000 integrand evaluations so far
[1] 9.7842 +- 5.12598  	chisq 9.49503 (9 df)
     9.8 ±    5.1        (2.82mi) ┃Vegas input parameters:
  ndim 8
  ncomp 1
  nvec 1
  epsrel 0
  epsabs 0
  flags 10
  seed 123456
  mineval 5000000
  maxeval 50000000
  nstart 1000000
  nincrease 1000000
  nbatch 5000
  gridno 0
  statefile ""

Iteration 1:  1000000 integrand evaluations so far
[1] 58.584 +- 17.0374  	chisq 0 (0 df)

Iteration 2:  3000000 integrand evaluations so far
[1] 12.5068 +- 3.64086  	chisq 7.66419 (1 df)

Iteration 3:  6000000 integrand evaluations so far
[1] 14.0568 +- 3.33793  	chisq 8.8006 (2 df)

Iteration 4:  10000000 integrand evaluations so far
[1] 15.4617 +- 3.25558  	chisq 12.4352 (3 df)

Iteration 5:  15000000 integrand evaluations so far
[1] 16.9343 +- 3.15094  	chisq 15.6702 (4 df)

Iteration 6:  21000000 integrand evaluations so far
[1] 18.7201 +- 3.0742  	chisq 22.3456 (5 df)

Iteration 7:  28000000 integrand evaluations so far
[1] 26.339 +- 2.06122  	chisq 33.5043 (6 df)

Iteration 8:  36000000 integrand evaluations so far
[1] 32.8999 +- 1.44138  	chisq 53.331 (7 df)

Iteration 9:  45000000 integrand evaluations so far
[1] 34.7314 +- 1.31965  	chisq 63.3117 (8 df)

Iteration 10:  55000000 integrand evaluations so far
[1] 36.9772 +- 1.22569  	chisq 84.4009 (9 df)
      37 ±    1.2        (1.07mi) ┃    46.9 ±    5.3        (  49mi) ┃
┃   88 -    90 ┃   30 -    31 ┃  7.0112 ± 0.0045        (12.8mi) ┃ -6.8036 ± 0.0065        (30.5mi) ┃Vegas input parameters:
  ndim 10
  ncomp 1
  nvec 1
  epsrel 0
  epsabs 0
  flags 10
  seed 123456
  mineval 50000000
  maxeval 50000000
  nstart 1000000
  nincrease 1000000
  nbatch 5000
  gridno 0
  statefile ""

Iteration 1:  1000000 integrand evaluations so far
[1] 45.3594 +- 49.6032  	chisq 0 (0 df)

Iteration 2:  3000000 integrand evaluations so far
[1] 39.9577 +- 28.8158  	chisq 0.0178992 (1 df)

Iteration 3:  6000000 integrand evaluations so far
[1] 30.7986 +- 26.5965  	chisq 0.700051 (2 df)

Iteration 4:  10000000 integrand evaluations so far
[1] 33.1623 +- 26.4783  	chisq 1.59124 (3 df)

Iteration 5:  15000000 integrand evaluations so far
[1] 11.005 +- 7.52496  	chisq 2.35302 (4 df)

Iteration 6:  21000000 integrand evaluations so far
[1] 13.923 +- 6.84514  	chisq 3.22459 (5 df)

Iteration 7:  28000000 integrand evaluations so far
[1] 14.9781 +- 6.72608  	chisq 3.91365 (6 df)

Iteration 8:  36000000 integrand evaluations so far
[1] 14.0301 +- 6.67321  	chisq 5.18222 (7 df)

Iteration 9:  45000000 integrand evaluations so far
[1] 14.2261 +- 6.66852  	chisq 5.79545 (8 df)

Iteration 10:  55000000 integrand evaluations so far
[1] 9.09347 +- 5.92175  	chisq 8.59734 (9 df)
     9.1 ±    5.9        (2.88mi) ┃Vegas input parameters:
  ndim 8
  ncomp 1
  nvec 1
  epsrel 0
  epsabs 0
  flags 10
  seed 123456
  mineval 5000000
  maxeval 50000000
  nstart 1000000
  nincrease 1000000
  nbatch 5000
  gridno 0
  statefile ""

Iteration 1:  1000000 integrand evaluations so far
[1] 79.6579 +- 17.8693  	chisq 0 (0 df)

Iteration 2:  3000000 integrand evaluations so far
[1] 33.1945 +- 7.9055  	chisq 8.40627 (1 df)

Iteration 3:  6000000 integrand evaluations so far
[1] 24.9563 +- 4.04157  	chisq 9.87649 (2 df)

Iteration 4:  10000000 integrand evaluations so far
[1] 26.2419 +- 3.86511  	chisq 11.0613 (3 df)

Iteration 5:  15000000 integrand evaluations so far
[1] 25.0675 +- 1.89278  	chisq 11.1827 (4 df)

Iteration 6:  21000000 integrand evaluations so far
[1] 29.5495 +- 1.59562  	chisq 30.5626 (5 df)

Iteration 7:  28000000 integrand evaluations so far
[1] 33.2947 +- 1.39288  	chisq 53.712 (6 df)

Iteration 8:  36000000 integrand evaluations so far
[1] 36.8175 +- 1.12225  	chisq 71.9445 (7 df)

Iteration 9:  45000000 integrand evaluations so far
[1] 38.062 +- 1.07046  	chisq 85.5833 (8 df)

Iteration 10:  55000000 integrand evaluations so far
[1] 39.1286 +- 0.963172  	chisq 90.7971 (9 df)
   39.13 ±   0.96        (1.08mi) ┃    48.4 ±      6        (47.2mi) ┃
┃   88 -    90 ┃   31 -    32 ┃  6.0353 ± 0.0044        (6.71mi) ┃ -5.8527 ± 0.0043        (15.6mi) ┃Vegas input parameters:
  ndim 10
  ncomp 1
  nvec 1
  epsrel 0
  epsabs 0
  flags 10
  seed 123456
  mineval 50000000
  maxeval 50000000
  nstart 1000000
  nincrease 1000000
  nbatch 5000
  gridno 0
  statefile ""

Iteration 1:  1000000 integrand evaluations so far
[1] -19.1964 +- 32.1602  	chisq 0 (0 df)

Iteration 2:  3000000 integrand evaluations so far
[1] 4.04448 +- 24.2069  	chisq 1.20485 (1 df)

Iteration 3:  6000000 integrand evaluations so far
[1] -23.4521 +- 17.2599  	chisq 3.82944 (2 df)

Iteration 4:  10000000 integrand evaluations so far
[1] -0.147995 +- 11.9051  	chisq 7.30684 (3 df)

Iteration 5:  15000000 integrand evaluations so far
[1] 1.49282 +- 11.7239  	chisq 7.93555 (4 df)

Iteration 6:  21000000 integrand evaluations so far
[1] 4.26039 +- 11.1374  	chisq 8.50679 (5 df)

Iteration 7:  28000000 integrand evaluations so far
[1] 5.16856 +- 11.1056  	chisq 9.6754 (6 df)

Iteration 8:  36000000 integrand evaluations so far
[1] -1.08323 +- 8.13158  	chisq 10.3586 (7 df)

Iteration 9:  45000000 integrand evaluations so far
[1] 3.51078 +- 7.1248  	chisq 11.7326 (8 df)

Iteration 10:  55000000 integrand evaluations so far
[1] 2.59029 +- 7.09419  	chisq 13.679 (9 df)
     2.6 ±    7.1        (2.77mi) ┃Vegas input parameters:
  ndim 8
  ncomp 1
  nvec 1
  epsrel 0
  epsabs 0
  flags 10
  seed 123456
  mineval 5000000
  maxeval 50000000
  nstart 1000000
  nincrease 1000000
  nbatch 5000
  gridno 0
  statefile ""

Iteration 1:  1000000 integrand evaluations so far
[1] 56.8303 +- 15.7262  	chisq 0 (0 df)

Iteration 2:  3000000 integrand evaluations so far
[1] 4.61819 +- 1.25936  	chisq 11.0941 (1 df)

Iteration 3:  6000000 integrand evaluations so far
[1] 6.00189 +- 1.14576  	chisq 18.1012 (2 df)

Iteration 4:  10000000 integrand evaluations so far
[1] 6.89533 +- 1.12135  	chisq 32.5277 (3 df)

Iteration 5:  15000000 integrand evaluations so far
[1] 7.37119 +- 1.11364  	chisq 45.669 (4 df)

Iteration 6:  21000000 integrand evaluations so far
[1] 10.8607 +- 1.04155  	chisq 124.046 (5 df)

Iteration 7:  28000000 integrand evaluations so far
[1] 11.441 +- 1.03438  	chisq 146.672 (6 df)

Iteration 8:  36000000 integrand evaluations so far
[1] 16.2896 +- 0.951283  	chisq 289.141 (7 df)

Iteration 9:  45000000 integrand evaluations so far
[1] 23.3885 +- 0.807182  	chisq 488.019 (8 df)

Iteration 10:  55000000 integrand evaluations so far
[1] 27.4497 +- 0.712993  	chisq 603.21 (9 df)
   27.45 ±   0.71        (1.08mi) ┃    30.2 ±    7.1        (26.2mi) ┃
┃   88 -    90 ┃   32 -    33 ┃  5.3468 ± 0.0044        (13.4mi) ┃ -5.1837 ± 0.0045        (31.8mi) ┃Vegas input parameters:
  ndim 10
  ncomp 1
  nvec 1
  epsrel 0
  epsabs 0
  flags 10
  seed 123456
  mineval 50000000
  maxeval 50000000
  nstart 1000000
  nincrease 1000000
  nbatch 5000
  gridno 0
  statefile ""

Iteration 1:  1000000 integrand evaluations so far
[1] 63.0974 +- 53.0073  	chisq 0 (0 df)

Iteration 2:  3000000 integrand evaluations so far
[1] 9.69845 +- 37.9225  	chisq 2.07883 (1 df)

Iteration 3:  6000000 integrand evaluations so far
[1] 15.3215 +- 37.6808  	chisq 3.8093 (2 df)

Iteration 4:  10000000 integrand evaluations so far
[1] 6.71773 +- 30.3816  	chisq 3.95831 (3 df)

Iteration 5:  15000000 integrand evaluations so far
[1] 15.3945 +- 18.0352  	chisq 4.08425 (4 df)

Iteration 6:  21000000 integrand evaluations so far
[1] 26.7314 +- 12.1522  	chisq 4.80796 (5 df)

Iteration 7:  28000000 integrand evaluations so far
[1] 23.7239 +- 11.9954  	chisq 7.19739 (6 df)

Iteration 8:  36000000 integrand evaluations so far
[1] 25.9397 +- 11.664  	chisq 7.82357 (7 df)

Iteration 9:  45000000 integrand evaluations so far
[1] 17.5259 +- 10.8804  	chisq 11.831 (8 df)

Iteration 10:  55000000 integrand evaluations so far
[1] 6.76646 +- 9.41791  	chisq 15.7307 (9 df)
     6.8 ±    9.4        (2.82mi) ┃Vegas input parameters:
  ndim 8
  ncomp 1
  nvec 1
  epsrel 0
  epsabs 0
  flags 10
  seed 123456
  mineval 5000000
  maxeval 50000000
  nstart 1000000
  nincrease 1000000
  nbatch 5000
  gridno 0
  statefile ""

Iteration 1:  1000000 integrand evaluations so far
[1] 63.6801 +- 17.6189  	chisq 0 (0 df)

Iteration 2:  3000000 integrand evaluations so far
[1] 6.79325 +- 1.49831  	chisq 10.5007 (1 df)

Iteration 3:  6000000 integrand evaluations so far
[1] 7.73817 +- 1.44038  	chisq 15.7457 (2 df)

Iteration 4:  10000000 integrand evaluations so far
[1] 8.11322 +- 1.42958  	chisq 20.2834 (3 df)

Iteration 5:  15000000 integrand evaluations so far
[1] 9.99026 +- 1.33506  	chisq 33.7659 (4 df)

Iteration 6:  21000000 integrand evaluations so far
[1] 12.0812 +- 1.27605  	chisq 62.1417 (5 df)

Iteration 7:  28000000 integrand evaluations so far
[1] 14.9808 +- 1.20421  	chisq 109.328 (6 df)

Iteration 8:  36000000 integrand evaluations so far
[1] 22.7246 +- 0.992973  	chisq 238.53 (7 df)

Iteration 9:  45000000 integrand evaluations so far
[1] 23.2988 +- 0.979433  	chisq 250.877 (8 df)

Iteration 10:  55000000 integrand evaluations so far
[1] 27.0326 +- 0.866588  	chisq 317.8 (9 df)
   27.03 ±   0.87        (1.07mi) ┃      34 ±    9.5        (  49mi) ┃
┃   88 -    90 ┃   33 -    34 ┃  6.3517 ± 0.0061        (2.56mi) ┃ -6.2177 ± 0.0036        (31.3mi) ┃Vegas input parameters:
  ndim 10
  ncomp 1
  nvec 1
  epsrel 0
  epsabs 0
  flags 10
  seed 123456
  mineval 50000000
  maxeval 50000000
  nstart 1000000
  nincrease 1000000
  nbatch 5000
  gridno 0
  statefile ""

Iteration 1:  1000000 integrand evaluations so far
[1] 16.4179 +- 26.4297  	chisq 0 (0 df)

Iteration 2:  3000000 integrand evaluations so far
[1] -0.45874 +- 22.1326  	chisq 1.3649 (1 df)

Iteration 3:  6000000 integrand evaluations so far
[1] -6.97022 +- 10.0051  	chisq 1.47369 (2 df)

Iteration 4:  10000000 integrand evaluations so far
[1] -1.65178 +- 9.2616  	chisq 3.44839 (3 df)

Iteration 5:  15000000 integrand evaluations so far
[1] 4.63057 +- 8.11818  	chisq 5.43444 (4 df)

Iteration 6:  21000000 integrand evaluations so far
[1] 6.98036 +- 7.75493  	chisq 6.39207 (5 df)

Iteration 7:  28000000 integrand evaluations so far
[1] 2.20914 +- 6.91005  	chisq 8.22938 (6 df)

Iteration 8:  36000000 integrand evaluations so far
[1] 3.47667 +- 6.60288  	chisq 8.61644 (7 df)

Iteration 9:  45000000 integrand evaluations so far
[1] 5.16695 +- 5.80116  	chisq 8.90374 (8 df)

Iteration 10:  55000000 integrand evaluations so far
[1] 5.94273 +- 5.6239  	chisq 9.20092 (9 df)
     5.9 ±    5.6        (2.86mi) ┃Vegas input parameters:
  ndim 8
  ncomp 1
  nvec 1
  epsrel 0
  epsabs 0
  flags 10
  seed 123456
  mineval 5000000
  maxeval 50000000
  nstart 1000000
  nincrease 1000000
  nbatch 5000
  gridno 0
  statefile ""

Iteration 1:  1000000 integrand evaluations so far
[1] 58.3658 +- 18.039  	chisq 0 (0 df)

Iteration 2:  3000000 integrand evaluations so far
[1] 56.6932 +- 16.5448  	chisq 0.0541356 (1 df)

Iteration 3:  6000000 integrand evaluations so far
[1] 16.4677 +- 4.81004  	chisq 6.51118 (2 df)

Iteration 4:  10000000 integrand evaluations so far
[1] 17.1467 +- 4.78228  	chisq 8.24239 (3 df)

Iteration 5:  15000000 integrand evaluations so far
[1] 18.24 +- 4.67012  	chisq 9.37001 (4 df)

Iteration 6:  21000000 integrand evaluations so far
[1] 16.5314 +- 3.05895  	chisq 9.60445 (5 df)

Iteration 7:  28000000 integrand evaluations so far
[1] 19.8952 +- 2.22316  	chisq 12.1675 (6 df)

Iteration 8:  36000000 integrand evaluations so far
[1] 23.9346 +- 1.97105  	chisq 27.5991 (7 df)

Iteration 9:  45000000 integrand evaluations so far
[1] 29.9265 +- 1.24  	chisq 42.8932 (8 df)

Iteration 10:  55000000 integrand evaluations so far
[1] 33.94 +- 0.790235  	chisq 60.5343 (9 df)
   33.94 ±   0.79        (1.02mi) ┃      40 ±    5.7        (37.7mi) ┃
┃   88 -    90 ┃   34 -    35 ┃  8.0144 ± 0.0049        (4.87mi) ┃ -7.7861 ± 0.0063        ( 7.9mi) ┃Vegas input parameters:
  ndim 10
  ncomp 1
  nvec 1
  epsrel 0
  epsabs 0
  flags 10
  seed 123456
  mineval 50000000
  maxeval 50000000
  nstart 1000000
  nincrease 1000000
  nbatch 5000
  gridno 0
  statefile ""

Iteration 1:  1000000 integrand evaluations so far
[1] -98.7456 +- 85.3688  	chisq 0 (0 df)

Iteration 2:  3000000 integrand evaluations so far
[1] -95.465 +- 60.7317  	chisq 0.00299003 (1 df)

Iteration 3:  6000000 integrand evaluations so far
[1] -72.0981 +- 57.2813  	chisq 1.34391 (2 df)

Iteration 4:  10000000 integrand evaluations so far
[1] 5.92545 +- 12.3813  	chisq 3.29019 (3 df)

Iteration 5:  15000000 integrand evaluations so far
[1] 4.09344 +- 11.5951  	chisq 3.46826 (4 df)

Iteration 6:  21000000 integrand evaluations so far
[1] 5.27513 +- 9.78059  	chisq 3.50426 (5 df)

Iteration 7:  28000000 integrand evaluations so far
[1] 10.0813 +- 7.02344  	chisq 4.00283 (6 df)

Iteration 8:  36000000 integrand evaluations so far
[1] 8.20267 +- 6.92867  	chisq 6.672 (7 df)

Iteration 9:  45000000 integrand evaluations so far
[1] 9.7546 +- 6.83044  	chisq 8.45389 (8 df)

Iteration 10:  55000000 integrand evaluations so far
[1] 10.9244 +- 6.17881  	chisq 8.6153 (9 df)
    10.9 ±    6.2        ( 2.9mi) ┃Vegas input parameters:
  ndim 8
  ncomp 1
  nvec 1
  epsrel 0
  epsabs 0
  flags 10
  seed 123456
  mineval 5000000
  maxeval 50000000
  nstart 1000000
  nincrease 1000000
  nbatch 5000
  gridno 0
  statefile ""

Iteration 1:  1000000 integrand evaluations so far
[1] 24.2102 +- 9.91036  	chisq 0 (0 df)

Iteration 2:  3000000 integrand evaluations so far
[1] 0.269567 +- 0.148518  	chisq 5.837 (1 df)

Iteration 3:  6000000 integrand evaluations so far
[1] 0.27182 +- 0.14851  	chisq 7.97595 (2 df)

Iteration 4:  10000000 integrand evaluations so far
[1] 0.284994 +- 0.148413  	chisq 13.9586 (3 df)

Iteration 5:  15000000 integrand evaluations so far
[1] 0.28793 +- 0.148407  	chisq 18.7117 (4 df)

Iteration 6:  21000000 integrand evaluations so far
[1] 0.305471 +- 0.148346  	chisq 35.8678 (5 df)

Iteration 7:  28000000 integrand evaluations so far
[1] 0.334572 +- 0.14827  	chisq 73.2302 (6 df)

Iteration 8:  36000000 integrand evaluations so far
[1] 0.372783 +- 0.148193  	chisq 137.642 (7 df)

Iteration 9:  45000000 integrand evaluations so far
[1] 0.383512 +- 0.148178  	chisq 163.188 (8 df)

Iteration 10:  55000000 integrand evaluations so far
[1] 0.397913 +- 0.148154  	chisq 191.899 (9 df)
     0.4 ±   0.15        (1.07mi) ┃    11.6 ±    6.2        (16.7mi) ┃
┃   88 -    90 ┃   35 -    36 ┃  4.8234 ± 0.0027        (12.8mi) ┃ -4.6862 ± 0.0019        (1.05hr) ┃Vegas input parameters:
  ndim 10
  ncomp 1
  nvec 1
  epsrel 0
  epsabs 0
  flags 10
  seed 123456
  mineval 50000000
  maxeval 50000000
  nstart 1000000
  nincrease 1000000
  nbatch 5000
  gridno 0
  statefile ""

Iteration 1:  1000000 integrand evaluations so far
[1] 14.4355 +- 49.3077  	chisq 0 (0 df)

Iteration 2:  3000000 integrand evaluations so far
[1] -33.4274 +- 24.9665  	chisq 1.26712 (1 df)

Iteration 3:  6000000 integrand evaluations so far
[1] -18.9818 +- 10.217  	chisq 1.66925 (2 df)

Iteration 4:  10000000 integrand evaluations so far
[1] -18.1741 +- 10.1456  	chisq 2.11829 (3 df)

Iteration 5:  15000000 integrand evaluations so far
[1] -4.69193 +- 8.29127  	chisq 7.43492 (4 df)

Iteration 6:  21000000 integrand evaluations so far
[1] -3.6263 +- 8.07215  	chisq 7.75163 (5 df)

Iteration 7:  28000000 integrand evaluations so far
[1] 0.524135 +- 6.45286  	chisq 8.48403 (6 df)

Iteration 8:  36000000 integrand evaluations so far
[1] 1.77128 +- 6.00459  	chisq 8.76255 (7 df)

Iteration 9:  45000000 integrand evaluations so far
[1] 1.22166 +- 5.97749  	chisq 9.69315 (8 df)

Iteration 10:  55000000 integrand evaluations so far
[1] 2.80548 +- 5.85916  	chisq 11.4841 (9 df)
     2.8 ±    5.9        (2.88mi) ┃Vegas input parameters:
  ndim 8
  ncomp 1
  nvec 1
  epsrel 0
  epsabs 0
  flags 10
  seed 123456
  mineval 5000000
  maxeval 50000000
  nstart 1000000
  nincrease 1000000
  nbatch 5000
  gridno 0
  statefile ""

Iteration 1:  1000000 integrand evaluations so far
[1] 62.6401 +- 17.3375  	chisq 0 (0 df)

Iteration 2:  3000000 integrand evaluations so far
[1] 63 +- 17.3331  	chisq 0.859082 (1 df)

Iteration 3:  6000000 integrand evaluations so far
[1] 55.4661 +- 14.7737  	chisq 1.54981 (2 df)

Iteration 4:  10000000 integrand evaluations so far
[1] 7.14146 +- 1.78549  	chisq 12.4078 (3 df)

Iteration 5:  15000000 integrand evaluations so far
[1] 7.81074 +- 1.75629  	chisq 16.7385 (4 df)

Iteration 6:  21000000 integrand evaluations so far
[1] 9.00264 +- 1.70823  	chisq 25.2718 (5 df)

Iteration 7:  28000000 integrand evaluations so far
[1] 15.9379 +- 1.36204  	chisq 70.5221 (6 df)

Iteration 8:  36000000 integrand evaluations so far
[1] 19.7176 +- 1.17917  	chisq 101.266 (7 df)

Iteration 9:  45000000 integrand evaluations so far
[1] 20.8325 +- 1.13465  	chisq 113.333 (8 df)

Iteration 10:  55000000 integrand evaluations so far
[1] 21.3807 +- 1.1199  	chisq 122.368 (9 df)
    21.4 ±    1.1        (1.08mi) ┃    24.3 ±      6        (1.33hr) ┃
┃   88 -    90 ┃   36 -    37 ┃  4.2905 ± 0.0041        (5.11mi) ┃ -4.2023 ± 0.00057        (54.3mi) ┃Vegas input parameters:
  ndim 10
  ncomp 1
  nvec 1
  epsrel 0
  epsabs 0
  flags 10
  seed 123456
  mineval 50000000
  maxeval 50000000
  nstart 1000000
  nincrease 1000000
  nbatch 5000
  gridno 0
  statefile ""

Iteration 1:  1000000 integrand evaluations so far
[1] -19.1274 +- 34.5135  	chisq 0 (0 df)

Iteration 2:  3000000 integrand evaluations so far
[1] -30.8354 +- 30.1263  	chisq 0.483372 (1 df)

Iteration 3:  6000000 integrand evaluations so far
[1] 4.99852 +- 12.7203  	chisq 2.20514 (2 df)

Iteration 4:  10000000 integrand evaluations so far
[1] 5.14356 +- 12.7194  	chisq 3.17674 (3 df)

Iteration 5:  15000000 integrand evaluations so far
[1] -7.86779 +- 6.21043  	chisq 4.55073 (4 df)

Iteration 6:  21000000 integrand evaluations so far
[1] -9.41039 +- 5.99702  	chisq 5.46414 (5 df)

Iteration 7:  28000000 integrand evaluations so far
[1] -9.64867 +- 5.98825  	chisq 6.00441 (6 df)

Iteration 8:  36000000 integrand evaluations so far
[1] -8.61045 +- 5.39737  	chisq 6.16463 (7 df)

Iteration 9:  45000000 integrand evaluations so far
[1] -8.48441 +- 5.39668  	chisq 8.29266 (8 df)

Iteration 10:  55000000 integrand evaluations so far
[1] -7.38484 +- 4.67362  	chisq 8.45871 (9 df)
    -7.4 ±    4.7        (2.84mi) ┃Vegas input parameters:
  ndim 8
  ncomp 1
  nvec 1
  epsrel 0
  epsabs 0
  flags 10
  seed 123456
  mineval 5000000
  maxeval 50000000
  nstart 1000000
  nincrease 1000000
  nbatch 5000
  gridno 0
  statefile ""

Iteration 1:  1000000 integrand evaluations so far
[1] 40.9385 +- 12.5064  	chisq 0 (0 df)

Iteration 2:  3000000 integrand evaluations so far
[1] 3.94516 +- 1.44089  	chisq 8.8672 (1 df)

Iteration 3:  6000000 integrand evaluations so far
[1] 4.72994 +- 1.25295  	chisq 10.0837 (2 df)

Iteration 4:  10000000 integrand evaluations so far
[1] 5.42655 +- 1.18543  	chisq 13.0312 (3 df)

Iteration 5:  15000000 integrand evaluations so far
[1] 5.65011 +- 1.18265  	chisq 20.6154 (4 df)

Iteration 6:  21000000 integrand evaluations so far
[1] 7.78123 +- 1.11613  	chisq 50.3148 (5 df)

Iteration 7:  28000000 integrand evaluations so far
[1] 10.4374 +- 1.06577  	chisq 114.527 (6 df)

Iteration 8:  36000000 integrand evaluations so far
[1] 11.5672 +- 1.04784  	chisq 148.199 (7 df)

Iteration 9:  45000000 integrand evaluations so far
[1] 16.6031 +- 0.943466  	chisq 270.223 (8 df)

Iteration 10:  55000000 integrand evaluations so far
[1] 19.5993 +- 0.888619  	chisq 359.563 (9 df)
    19.6 ±   0.89        ( 51.1s) ┃    12.3 ±    4.8        (1.05hr) ┃
┃   88 -    90 ┃   37 -    38 ┃  9.5689 ± 0.0056        (5.36mi) ┃ -9.3164 ± 0.0043        (7.02mi) ┃Vegas input parameters:
  ndim 10
  ncomp 1
  nvec 1
  epsrel 0
  epsabs 0
  flags 10
  seed 123456
  mineval 50000000
  maxeval 50000000
  nstart 1000000
  nincrease 1000000
  nbatch 5000
  gridno 0
  statefile ""

Iteration 1:  1000000 integrand evaluations so far
[1] 25.724 +- 20.8694  	chisq 0 (0 df)

Iteration 2:  3000000 integrand evaluations so far
[1] 26.2738 +- 20.8618  	chisq 0.95901 (1 df)

Iteration 3:  6000000 integrand evaluations so far
[1] 29.4412 +- 20.445  	chisq 1.54173 (2 df)

Iteration 4:  10000000 integrand evaluations so far
[1] 15.2546 +- 10.8653  	chisq 2.21272 (3 df)

Iteration 5:  15000000 integrand evaluations so far
[1] 17.986 +- 10.2988  	chisq 2.83504 (4 df)

Iteration 6:  21000000 integrand evaluations so far
[1] 16.1803 +- 10.1848  	chisq 4.23067 (5 df)

Iteration 7:  28000000 integrand evaluations so far
[1] 18.7592 +- 9.7347  	chisq 4.97248 (6 df)

Iteration 8:  36000000 integrand evaluations so far
[1] 17.2813 +- 9.6606  	chisq 6.49222 (7 df)

Iteration 9:  45000000 integrand evaluations so far
[1] 10.8084 +- 8.87637  	chisq 9.37444 (8 df)

Iteration 10:  55000000 integrand evaluations so far
[1] 0.0566815 +- 6.27525  	chisq 12.3076 (9 df)
     0.1 ±    6.3        (2.83mi) ┃Vegas input parameters:
  ndim 8
  ncomp 1
  nvec 1
  epsrel 0
  epsabs 0
  flags 10
  seed 123456
  mineval 5000000
  maxeval 50000000
  nstart 1000000
  nincrease 1000000
  nbatch 5000
  gridno 0
  statefile ""

Iteration 1:  1000000 integrand evaluations so far
[1] 31.5764 +- 10.3951  	chisq 0 (0 df)

Iteration 2:  3000000 integrand evaluations so far
[1] 4.33898 +- 1.60968  	chisq 7.03429 (1 df)

Iteration 3:  6000000 integrand evaluations so far
[1] 5.06765 +- 1.53354  	chisq 9.25262 (2 df)

Iteration 4:  10000000 integrand evaluations so far
[1] 6.36143 +- 1.44088  	chisq 15.3263 (3 df)

Iteration 5:  15000000 integrand evaluations so far
[1] 7.33212 +- 1.40968  	chisq 25.9213 (4 df)

Iteration 6:  21000000 integrand evaluations so far
[1] 8.16125 +- 1.39427  	chisq 41.8245 (5 df)

Iteration 7:  28000000 integrand evaluations so far
[1] 12.8375 +- 1.25928  	chisq 102.873 (6 df)

Iteration 8:  36000000 integrand evaluations so far
[1] 14.6766 +- 1.21551  	chisq 134.099 (7 df)

Iteration 9:  45000000 integrand evaluations so far
[1] 16.5434 +- 1.17998  	chisq 175.046 (8 df)

Iteration 10:  55000000 integrand evaluations so far
[1] 20.8512 +- 1.08811  	chisq 264.11 (9 df)
    20.9 ±    1.1        (1.08mi) ┃    21.2 ±    6.4        (16.3mi) ┃
┃   88 -    90 ┃   38 -    39 ┃  5.2175 ± 0.0035        (6.21mi) ┃ -5.1435 ± 0.0018        (1.98mi) ┃Vegas input parameters:
  ndim 10
  ncomp 1
  nvec 1
  epsrel 0
  epsabs 0
  flags 10
  seed 123456
  mineval 50000000
  maxeval 50000000
  nstart 1000000
  nincrease 1000000
  nbatch 5000
  gridno 0
  statefile ""

Iteration 1:  1000000 integrand evaluations so far
[1] 3.51108 +- 69.7116  	chisq 0 (0 df)

Iteration 2:  3000000 integrand evaluations so far
[1] 5.3818 +- 69.6866  	chisq 1.00533 (1 df)

Iteration 3:  6000000 integrand evaluations so far
[1] 34.5405 +- 42.9674  	chisq 1.2878 (2 df)

Iteration 4:  10000000 integrand evaluations so far
[1] -7.87781 +- 5.78154  	chisq 2.28038 (3 df)

Iteration 5:  15000000 integrand evaluations so far
[1] -7.52086 +- 5.76269  	chisq 2.86591 (4 df)

Iteration 6:  21000000 integrand evaluations so far
[1] -7.50909 +- 5.03636  	chisq 2.86593 (5 df)

Iteration 7:  28000000 integrand evaluations so far
[1] -5.39376 +- 4.73946  	chisq 4.40763 (6 df)

Iteration 8:  36000000 integrand evaluations so far
[1] -5.26396 +- 4.72551  	chisq 4.53516 (7 df)

Iteration 9:  45000000 integrand evaluations so far
[1] -5.94797 +- 4.55171  	chisq 4.82533 (8 df)

Iteration 10:  55000000 integrand evaluations so far
[1] -5.32619 +- 4.12991  	chisq 4.93091 (9 df)
    -5.3 ±    4.1        (2.78mi) ┃Vegas input parameters:
  ndim 8
  ncomp 1
  nvec 1
  epsrel 0
  epsabs 0
  flags 10
  seed 123456
  mineval 5000000
  maxeval 50000000
  nstart 1000000
  nincrease 1000000
  nbatch 5000
  gridno 0
  statefile ""

Iteration 1:  1000000 integrand evaluations so far
[1] 32.8666 +- 10.9888  	chisq 0 (0 df)

Iteration 2:  3000000 integrand evaluations so far
[1] 28.4064 +- 8.75521  	chisq 0.4511 (1 df)

Iteration 3:  6000000 integrand evaluations so far
[1] 29.6339 +- 8.4042  	chisq 0.701268 (2 df)

Iteration 4:  10000000 integrand evaluations so far
[1] 20.5149 +- 5.78714  	chisq 2.9403 (3 df)

Iteration 5:  15000000 integrand evaluations so far
[1] 20.6522 +- 5.25976  	chisq 2.94354 (4 df)

Iteration 6:  21000000 integrand evaluations so far
[1] 17.9994 +- 3.04693  	chisq 3.32641 (5 df)

Iteration 7:  28000000 integrand evaluations so far
[1] 19.9594 +- 1.99718  	chisq 4.05192 (6 df)

Iteration 8:  36000000 integrand evaluations so far
[1] 23.3994 +- 1.35144  	chisq 9.52442 (7 df)

Iteration 9:  45000000 integrand evaluations so far
[1] 24.7719 +- 0.635236  	chisq 10.8483 (8 df)

Iteration 10:  55000000 integrand evaluations so far
[1] 25.5468 +- 0.367692  	chisq 13.0864 (9 df)
   25.55 ±   0.37        (   59s) ┃    20.3 ±    4.1        (  12mi) ┃
┃   88 -    90 ┃   39 -    40 ┃  5.3126 ± 0.0042        (9.71mi) ┃ -5.1357 ± 0.0038        (14.9mi) ┃Vegas input parameters:
  ndim 10
  ncomp 1
  nvec 1
  epsrel 0
  epsabs 0
  flags 10
  seed 123456
  mineval 50000000
  maxeval 50000000
  nstart 1000000
  nincrease 1000000
  nbatch 5000
  gridno 0
  statefile ""

Iteration 1:  1000000 integrand evaluations so far
[1] 6.84178 +- 57.0623  	chisq 0 (0 df)

Iteration 2:  3000000 integrand evaluations so far
[1] 35.5436 +- 41.2926  	chisq 0.531129 (1 df)

Iteration 3:  6000000 integrand evaluations so far
[1] -10.8338 +- 13.7326  	chisq 1.94944 (2 df)

Iteration 4:  10000000 integrand evaluations so far
[1] -0.906536 +- 12.0992  	chisq 4.28512 (3 df)

Iteration 5:  15000000 integrand evaluations so far
[1] -1.49064 +- 11.8861  	chisq 4.35187 (4 df)

Iteration 6:  21000000 integrand evaluations so far
[1] 4.24067 +- 9.25878  	chisq 4.94313 (5 df)

Iteration 7:  28000000 integrand evaluations so far
[1] 4.57183 +- 8.587  	chisq 4.95228 (6 df)

Iteration 8:  36000000 integrand evaluations so far
[1] 6.06012 +- 6.46776  	chisq 5.02171 (7 df)

Iteration 9:  45000000 integrand evaluations so far
[1] 5.64564 +- 6.45717  	chisq 6.27608 (8 df)

Iteration 10:  55000000 integrand evaluations so far
[1] 5.77753 +- 6.45348  	chisq 6.64135 (9 df)
     5.8 ±    6.5        (2.74mi) ┃Vegas input parameters:
  ndim 8
  ncomp 1
  nvec 1
  epsrel 0
  epsabs 0
  flags 10
  seed 123456
  mineval 5000000
  maxeval 50000000
  nstart 1000000
  nincrease 1000000
  nbatch 5000
  gridno 0
  statefile ""

Iteration 1:  1000000 integrand evaluations so far
[1] 60.9436 +- 16.0523  	chisq 0 (0 df)

Iteration 2:  3000000 integrand evaluations so far
[1] 6.36157 +- 1.30546  	chisq 11.6388 (1 df)

Iteration 3:  6000000 integrand evaluations so far
[1] 7.217 +- 1.24033  	chisq 16.0519 (2 df)

Iteration 4:  10000000 integrand evaluations so far
[1] 7.70475 +- 1.22918  	chisq 24.6957 (3 df)

Iteration 5:  15000000 integrand evaluations so far
[1] 8.24643 +- 1.21805  	chisq 35.4606 (4 df)

Iteration 6:  21000000 integrand evaluations so far
[1] 8.43685 +- 1.21557  	chisq 41.4694 (5 df)

Iteration 7:  28000000 integrand evaluations so far
[1] 10.0623 +- 1.18352  	chisq 75.8402 (6 df)

Iteration 8:  36000000 integrand evaluations so far
[1] 10.4581 +- 1.17807  	chisq 88.001 (7 df)

Iteration 9:  45000000 integrand evaluations so far
[1] 14.9845 +- 1.08001  	chisq 180.535 (8 df)

Iteration 10:  55000000 integrand evaluations so far
[1] 23.9407 +- 0.846585  	chisq 358.894 (9 df)
   23.94 ±   0.85        (1.05mi) ┃    29.9 ±    6.5        (28.4mi) ┃
┃   88 -    90 ┃   40 -    41 ┃  6.2113 ± 0.0038        (10.1mi) ┃ -6.0768 ±  0.002        (28.9mi) ┃Vegas input parameters:
  ndim 10
  ncomp 1
  nvec 1
  epsrel 0
  epsabs 0
  flags 10
  seed 123456
  mineval 50000000
  maxeval 50000000
  nstart 1000000
  nincrease 1000000
  nbatch 5000
  gridno 0
  statefile ""

Iteration 1:  1000000 integrand evaluations so far
[1] -2.08741 +- 11.0012  	chisq 0 (0 df)

Iteration 2:  3000000 integrand evaluations so far
[1] -2.50804 +- 6.82251  	chisq 0.00237556 (1 df)

Iteration 3:  6000000 integrand evaluations so far
[1] -5.89577 +- 6.35532  	chisq 1.86653 (2 df)

Iteration 4:  10000000 integrand evaluations so far
[1] -4.10252 +- 5.49482  	chisq 2.18189 (3 df)

Iteration 5:  15000000 integrand evaluations so far
[1] -4.0882 +- 5.43738  	chisq 2.18222 (4 df)

Iteration 6:  21000000 integrand evaluations so far
[1] -5.33931 +- 5.19062  	chisq 2.77906 (5 df)

Iteration 7:  28000000 integrand evaluations so far
[1] -6.68678 +- 4.99545  	chisq 3.6924 (6 df)

Iteration 8:  36000000 integrand evaluations so far
[1] -5.0899 +- 4.77721  	chisq 4.88803 (7 df)

Iteration 9:  45000000 integrand evaluations so far
[1] -6.34903 +- 4.5233  	chisq 5.55939 (8 df)

Iteration 10:  55000000 integrand evaluations so far
[1] -5.50631 +- 4.31227  	chisq 5.94027 (9 df)
    -5.5 ±    4.3        (2.68mi) ┃Vegas input parameters:
  ndim 8
  ncomp 1
  nvec 1
  epsrel 0
  epsabs 0
  flags 10
  seed 123456
  mineval 5000000
  maxeval 50000000
  nstart 1000000
  nincrease 1000000
  nbatch 5000
  gridno 0
  statefile ""

Iteration 1:  1000000 integrand evaluations so far
[1] 26.5265 +- 8.28268  	chisq 0 (0 df)

Iteration 2:  3000000 integrand evaluations so far
[1] 4.89261 +- 1.6479  	chisq 7.10345 (1 df)

Iteration 3:  6000000 integrand evaluations so far
[1] 4.81901 +- 1.33617  	chisq 7.10928 (2 df)

Iteration 4:  10000000 integrand evaluations so far
[1] 5.21742 +- 1.31488  	chisq 9.92194 (3 df)

Iteration 5:  15000000 integrand evaluations so far
[1] 6.76784 +- 1.19641  	chisq 18.0016 (4 df)

Iteration 6:  21000000 integrand evaluations so far
[1] 7.68761 +- 1.17751  	chisq 36.8583 (5 df)

Iteration 7:  28000000 integrand evaluations so far
[1] 11.9155 +- 1.04046  	chisq 95.6616 (6 df)

Iteration 8:  36000000 integrand evaluations so far
[1] 17.1349 +- 0.912015  	chisq 204.291 (7 df)

Iteration 9:  45000000 integrand evaluations so far
[1] 21.5433 +- 0.81512  	chisq 320.42 (8 df)

Iteration 10:  55000000 integrand evaluations so far
[1] 27.3469 +- 0.674387  	chisq 481.097 (9 df)
   27.35 ±   0.67        (1.04mi) ┃      22 ±    4.4        (42.8mi) ┃
┃   88 -    90 ┃   41 -    42 ┃  7.0579 ± 0.0038        (9.43mi) ┃ -6.8755 ± 0.0024        (52.8mi) ┃Vegas input parameters:
  ndim 10
  ncomp 1
  nvec 1
  epsrel 0
  epsabs 0
  flags 10
  seed 123456
  mineval 50000000
  maxeval 50000000
  nstart 1000000
  nincrease 1000000
  nbatch 5000
  gridno 0
  statefile ""

Iteration 1:  1000000 integrand evaluations so far
[1] 38.563 +- 23.0017  	chisq 0 (0 df)

Iteration 2:  3000000 integrand evaluations so far
[1] 39.3261 +- 21.6346  	chisq 0.00954432 (1 df)

Iteration 3:  6000000 integrand evaluations so far
[1] 27.4265 +- 12.9456  	chisq 0.480815 (2 df)

Iteration 4:  10000000 integrand evaluations so far
[1] 25.7253 +- 12.7232  	chisq 0.987758 (3 df)

Iteration 5:  15000000 integrand evaluations so far
[1] 26.4191 +- 12.0972  	chisq 1.01874 (4 df)

Iteration 6:  21000000 integrand evaluations so far
[1] 21.089 +- 10.2278  	chisq 1.69943 (5 df)

Iteration 7:  28000000 integrand evaluations so far
[1] 19.9774 +- 10.1956  	chisq 3.57937 (6 df)

Iteration 8:  36000000 integrand evaluations so far
[1] 21.1869 +- 10.1394  	chisq 4.85902 (7 df)

Iteration 9:  45000000 integrand evaluations so far
[1] 19.6167 +- 9.78532  	chisq 5.20854 (8 df)

Iteration 10:  55000000 integrand evaluations so far
[1] 19.2386 +- 9.77254  	chisq 5.78052 (9 df)
    19.2 ±    9.8        (2.79mi) ┃Vegas input parameters:
  ndim 8
  ncomp 1
  nvec 1
  epsrel 0
  epsabs 0
  flags 10
  seed 123456
  mineval 5000000
  maxeval 50000000
  nstart 1000000
  nincrease 1000000
  nbatch 5000
  gridno 0
  statefile ""

Iteration 1:  1000000 integrand evaluations so far
[1] 47.5941 +- 12.7122  	chisq 0 (0 df)

Iteration 2:  3000000 integrand evaluations so far
[1] 35.8145 +- 9.65679  	chisq 2.03025 (1 df)

Iteration 3:  6000000 integrand evaluations so far
[1] 8.0488 +- 1.87731  	chisq 10.6221 (2 df)

Iteration 4:  10000000 integrand evaluations so far
[1] 8.78569 +- 1.84038  	chisq 14.5778 (3 df)

Iteration 5:  15000000 integrand evaluations so far
[1] 12.5765 +- 1.51954  	chisq 27.908 (4 df)

Iteration 6:  21000000 integrand evaluations so far
[1] 17.8608 +- 1.14714  	chisq 56.027 (5 df)

Iteration 7:  28000000 integrand evaluations so far
[1] 21.1181 +- 0.936043  	chisq 80.1539 (6 df)

Iteration 8:  36000000 integrand evaluations so far
[1] 21.2417 +- 0.934256  	chisq 84.7218 (7 df)

Iteration 9:  45000000 integrand evaluations so far
[1] 22.7905 +- 0.885689  	chisq 111.863 (8 df)

Iteration 10:  55000000 integrand evaluations so far
[1] 22.8702 +- 0.884465  	chisq 114.789 (9 df)
   22.87 ±   0.88        (1.04mi) ┃    42.3 ±    9.8        ( 1.1hr) ┃
┃   88 -    90 ┃   42 -    43 ┃  7.3087 ± 0.0055        (3.91mi) ┃ -7.0982 ± 0.0037        (23.6mi) ┃Vegas input parameters:
  ndim 10
  ncomp 1
  nvec 1
  epsrel 0
  epsabs 0
  flags 10
  seed 123456
  mineval 50000000
  maxeval 50000000
  nstart 1000000
  nincrease 1000000
  nbatch 5000
  gridno 0
  statefile ""

Iteration 1:  1000000 integrand evaluations so far
[1] 183.162 +- 169.174  	chisq 0 (0 df)

Iteration 2:  3000000 integrand evaluations so far
[1] 13.1929 +- 19.0264  	chisq 1.02236 (1 df)

Iteration 3:  6000000 integrand evaluations so far
[1] 4.4922 +- 9.39643  	chisq 1.29894 (2 df)

Iteration 4:  10000000 integrand evaluations so far
[1] 4.35049 +- 9.39536  	chisq 2.30695 (3 df)

Iteration 5:  15000000 integrand evaluations so far
[1] -1.21712 +- 8.40114  	chisq 4.05889 (4 df)

Iteration 6:  21000000 integrand evaluations so far
[1] 0.980503 +- 2.30651  	chisq 4.13289 (5 df)

Iteration 7:  28000000 integrand evaluations so far
[1] 1.60973 +- 2.18256  	chisq 4.8445 (6 df)

Iteration 8:  36000000 integrand evaluations so far
[1] 1.61798 +- 2.17378  	chisq 4.84628 (7 df)

Iteration 9:  45000000 integrand evaluations so far
[1] 1.70848 +- 2.17205  	chisq 5.93777 (8 df)

Iteration 10:  55000000 integrand evaluations so far
[1] 1.69379 +- 2.172  	chisq 6.82868 (9 df)
     1.7 ±    2.2        (2.86mi) ┃Vegas input parameters:
  ndim 8
  ncomp 1
  nvec 1
  epsrel 0
  epsabs 0
  flags 10
  seed 123456
  mineval 5000000
  maxeval 50000000
  nstart 1000000
  nincrease 1000000
  nbatch 5000
  gridno 0
  statefile ""

Iteration 1:  1000000 integrand evaluations so far
[1] 35.1251 +- 11.4964  	chisq 0 (0 df)

Iteration 2:  3000000 integrand evaluations so far
[1] 4.71917 +- 1.6577  	chisq 7.1436 (1 df)

Iteration 3:  6000000 integrand evaluations so far
[1] 2.85973 +- 0.662241  	chisq 8.64075 (2 df)

Iteration 4:  10000000 integrand evaluations so far
[1] 3.59056 +- 0.628025  	chisq 20.7391 (3 df)

Iteration 5:  15000000 integrand evaluations so far
[1] 3.83361 +- 0.624158  	chisq 32.939 (4 df)

Iteration 6:  21000000 integrand evaluations so far
[1] 4.54553 +- 0.615439  	chisq 79.8343 (5 df)

Iteration 7:  28000000 integrand evaluations so far
[1] 4.82573 +- 0.612738  	chisq 103.495 (6 df)

Iteration 8:  36000000 integrand evaluations so far
[1] 5.27274 +- 0.609443  	chisq 153.125 (7 df)

Iteration 9:  45000000 integrand evaluations so far
[1] 7.34086 +- 0.590324  	chisq 339.583 (8 df)

Iteration 10:  55000000 integrand evaluations so far
[1] 10.1697 +- 0.56238  	chisq 588.024 (9 df)
   10.17 ±   0.56        (1.08mi) ┃    12.1 ±    2.2        (31.4mi) ┃
┃   88 -    90 ┃   43 -    44 ┃  5.5262 ± 0.0037        (5.61mi) ┃  -5.351 ± 0.0031        (27.2mi) ┃Vegas input parameters:
  ndim 10
  ncomp 1
  nvec 1
  epsrel 0
  epsabs 0
  flags 10
  seed 123456
  mineval 50000000
  maxeval 50000000
  nstart 1000000
  nincrease 1000000
  nbatch 5000
  gridno 0
  statefile ""

Iteration 1:  1000000 integrand evaluations so far
[1] 43.1227 +- 25.0788  	chisq 0 (0 df)

Iteration 2:  3000000 integrand evaluations so far
[1] 12.7831 +- 10.743  	chisq 1.79247 (1 df)

Iteration 3:  6000000 integrand evaluations so far
[1] 3.13509 +- 8.14377  	chisq 3.68861 (2 df)

Iteration 4:  10000000 integrand evaluations so far
[1] -0.80635 +- 7.79614  	chisq 6.4921 (3 df)

Iteration 5:  15000000 integrand evaluations so far
[1] 3.09042 +- 6.85709  	chisq 7.59564 (4 df)

Iteration 6:  21000000 integrand evaluations so far
[1] 3.67382 +- 6.67549  	chisq 7.73414 (5 df)

Iteration 7:  28000000 integrand evaluations so far
[1] 1.81718 +- 6.48932  	chisq 9.14058 (6 df)

Iteration 8:  36000000 integrand evaluations so far
[1] 3.02488 +- 6.12691  	chisq 9.45958 (7 df)

Iteration 9:  45000000 integrand evaluations so far
[1] 7.72762 +- 5.41001  	chisq 12.1335 (8 df)

Iteration 10:  55000000 integrand evaluations so far
[1] 8.03716 +- 5.39645  	chisq 12.7874 (9 df)
       8 ±    5.4        (2.74mi) ┃Vegas input parameters:
  ndim 8
  ncomp 1
  nvec 1
  epsrel 0
  epsabs 0
  flags 10
  seed 123456
  mineval 5000000
  maxeval 50000000
  nstart 1000000
  nincrease 1000000
  nbatch 5000
  gridno 0
  statefile ""

Iteration 1:  1000000 integrand evaluations so far
[1] 26.5931 +- 10.8085  	chisq 0 (0 df)

Iteration 2:  3000000 integrand evaluations so far
[1] 1.06463 +- 0.489104  	chisq 5.58997 (1 df)

Iteration 3:  6000000 integrand evaluations so far
[1] 1.13317 +- 0.48758  	chisq 8.7463 (2 df)

Iteration 4:  10000000 integrand evaluations so far
[1] 1.35181 +- 0.483247  	chisq 20.1094 (3 df)

Iteration 5:  15000000 integrand evaluations so far
[1] 2.46797 +- 0.463282  	chisq 86.034 (4 df)

Iteration 6:  21000000 integrand evaluations so far
[1] 4.63099 +- 0.434394  	chisq 266.454 (5 df)

Iteration 7:  28000000 integrand evaluations so far
[1] 5.43778 +- 0.425521  	chisq 351.768 (6 df)

Iteration 8:  36000000 integrand evaluations so far
[1] 8.44843 +- 0.388469  	chisq 652.294 (7 df)

Iteration 9:  45000000 integrand evaluations so far
[1] 9.74545 +- 0.377232  	chisq 847.825 (8 df)

Iteration 10:  55000000 integrand evaluations so far
[1] 9.77925 +- 0.377049  	chisq 856.094 (9 df)
    9.78 ±   0.38        (1.05mi) ┃      18 ±    5.4        (36.6mi) ┃
┃   88 -    90 ┃   44 -    45 ┃  6.7693 ± 0.0045        ( 4.7mi) ┃ -6.5356 ± 0.0036        (18.6mi) ┃Vegas input parameters:
  ndim 10
  ncomp 1
  nvec 1
  epsrel 0
  epsabs 0
  flags 10
  seed 123456
  mineval 50000000
  maxeval 50000000
  nstart 1000000
  nincrease 1000000
  nbatch 5000
  gridno 0
  statefile ""

Iteration 1:  1000000 integrand evaluations so far
[1] 2.47866 +- 11.3065  	chisq 0 (0 df)

Iteration 2:  3000000 integrand evaluations so far
[1] 3.97489 +- 11.1998  	chisq 0.932186 (1 df)

Iteration 3:  6000000 integrand evaluations so far
[1] 3.29379 +- 10.869  	chisq 0.99574 (2 df)

Iteration 4:  10000000 integrand evaluations so far
[1] 4.48794 +- 10.7967  	chisq 1.90585 (3 df)

Iteration 5:  15000000 integrand evaluations so far
[1] 6.09901 +- 10.5943  	chisq 2.50524 (4 df)

Iteration 6:  21000000 integrand evaluations so far
[1] 7.95469 +- 10.4803  	chisq 3.93883 (5 df)

Iteration 7:  28000000 integrand evaluations so far
[1] 3.23141 +- 9.78214  	chisq 5.51589 (6 df)

Iteration 8:  36000000 integrand evaluations so far
[1] 7.25688 +- 9.02818  	chisq 6.65848 (7 df)

Iteration 9:  45000000 integrand evaluations so far
[1] 12.2893 +- 6.74797  	chisq 7.3625 (8 df)

Iteration 10:  55000000 integrand evaluations so far
[1] 12.3542 +- 6.74758  	chisq 8.16509 (9 df)
    12.4 ±    6.7        (2.65mi) ┃Vegas input parameters:
  ndim 8
  ncomp 1
  nvec 1
  epsrel 0
  epsabs 0
  flags 10
  seed 123456
  mineval 5000000
  maxeval 50000000
  nstart 1000000
  nincrease 1000000
  nbatch 5000
  gridno 0
  statefile ""

Iteration 1:  1000000 integrand evaluations so far
[1] 43.0165 +- 12.293  	chisq 0 (0 df)

Iteration 2:  3000000 integrand evaluations so far
[1] 40.1166 +- 10.6496  	chisq 0.223027 (1 df)

Iteration 3:  6000000 integrand evaluations so far
[1] 40.227 +- 10.2269  	chisq 0.224407 (2 df)

Iteration 4:  10000000 integrand evaluations so far
[1] 13.9254 +- 3.14786  	chisq 7.53091 (3 df)

Iteration 5:  15000000 integrand evaluations so far
[1] 15.58 +- 2.48189  	chisq 8.26114 (4 df)

Iteration 6:  21000000 integrand evaluations so far
[1] 16.9232 +- 2.38462  	chisq 12.0724 (5 df)

Iteration 7:  28000000 integrand evaluations so far
[1] 21.5948 +- 1.99573  	chisq 24.884 (6 df)

Iteration 8:  36000000 integrand evaluations so far
[1] 24.5701 +- 1.82782  	chisq 38.6723 (7 df)

Iteration 9:  45000000 integrand evaluations so far
[1] 28.1338 +- 1.531  	chisq 51.4113 (8 df)

Iteration 10:  55000000 integrand evaluations so far
[1] 30.9515 +- 1.31876  	chisq 64.5378 (9 df)
      31 ±    1.3        (1.02mi) ┃    43.5 ±    6.9        (  27mi) ┃
┃   88 -    90 ┃   45 -    46 ┃   6.766 ± 0.0021        (2.43mi) ┃ -6.5352 ± 0.0059        (1.48mi) ┃Vegas input parameters:
  ndim 10
  ncomp 1
  nvec 1
  epsrel 0
  epsabs 0
  flags 10
  seed 123456
  mineval 50000000
  maxeval 50000000
  nstart 1000000
  nincrease 1000000
  nbatch 5000
  gridno 0
  statefile ""

Iteration 1:  1000000 integrand evaluations so far
[1] 529.226 +- 494.073  	chisq 0 (0 df)

Iteration 2:  3000000 integrand evaluations so far
[1] 344.82 +- 240.134  	chisq 0.18239 (1 df)

Iteration 3:  6000000 integrand evaluations so far
[1] 5.37894 +- 7.38421  	chisq 2.1824 (2 df)

Iteration 4:  10000000 integrand evaluations so far
[1] 5.01495 +- 3.90763  	chisq 2.18578 (3 df)

Iteration 5:  15000000 integrand evaluations so far
[1] 5.03964 +- 3.8782  	chisq 2.18844 (4 df)

Iteration 6:  21000000 integrand evaluations so far
[1] 4.88967 +- 3.83115  	chisq 2.25044 (5 df)

Iteration 7:  28000000 integrand evaluations so far
[1] 3.3872 +- 3.6837  	chisq 4.28774 (6 df)

Iteration 8:  36000000 integrand evaluations so far
[1] 3.26157 +- 3.65626  	chisq 4.36609 (7 df)

Iteration 9:  45000000 integrand evaluations so far
[1] 4.05898 +- 3.61275  	chisq 6.37689 (8 df)

Iteration 10:  55000000 integrand evaluations so far
[1] 3.96851 +- 3.61189  	chisq 7.68599 (9 df)
       4 ±    3.6        (2.89mi) ┃Vegas input parameters:
  ndim 8
  ncomp 1
  nvec 1
  epsrel 0
  epsabs 0
  flags 10
  seed 123456
  mineval 5000000
  maxeval 50000000
  nstart 1000000
  nincrease 1000000
  nbatch 5000
  gridno 0
  statefile ""

Iteration 1:  1000000 integrand evaluations so far
[1] 30.4847 +- 9.56679  	chisq 0 (0 df)

Iteration 2:  3000000 integrand evaluations so far
[1] 6.25077 +- 2.13249  	chisq 6.75222 (1 df)

Iteration 3:  6000000 integrand evaluations so far
[1] 6.3184 +- 2.13166  	chisq 8.04728 (2 df)

Iteration 4:  10000000 integrand evaluations so far
[1] 6.81918 +- 2.09663  	chisq 9.74021 (3 df)

Iteration 5:  15000000 integrand evaluations so far
[1] 8.24271 +- 1.92023  	chisq 12.6001 (4 df)

Iteration 6:  21000000 integrand evaluations so far
[1] 9.7956 +- 1.85131  	chisq 21.878 (5 df)

Iteration 7:  28000000 integrand evaluations so far
[1] 17.3381 +- 1.30599  	chisq 54.9199 (6 df)

Iteration 8:  36000000 integrand evaluations so far
[1] 19.4942 +- 1.21028  	chisq 74.2209 (7 df)

Iteration 9:  45000000 integrand evaluations so far
[1] 23.8763 +- 0.942312  	chisq 107.512 (8 df)

Iteration 10:  55000000 integrand evaluations so far
[1] 28.0836 +- 0.645449  	chisq 145.067 (9 df)
   28.08 ±   0.65        (1.11mi) ┃    32.3 ±    3.7        ( 7.9mi) ┃
┃   88 -    90 ┃   46 -    47 ┃  6.2113 ± 0.0034        (3.47mi) ┃ -6.0578 ± 0.0041        (8.12mi) ┃Vegas input parameters:
  ndim 10
  ncomp 1
  nvec 1
  epsrel 0
  epsabs 0
  flags 10
  seed 123456
  mineval 50000000
  maxeval 50000000
  nstart 1000000
  nincrease 1000000
  nbatch 5000
  gridno 0
  statefile ""

Iteration 1:  1000000 integrand evaluations so far
[1] -467.802 +- 493.074  	chisq 0 (0 df)

Iteration 2:  3000000 integrand evaluations so far
[1] -4.44819 +- 2.70435  	chisq 0.883111 (1 df)

Iteration 3:  6000000 integrand evaluations so far
[1] -4.51738 +- 2.69834  	chisq 1.03042 (2 df)

Iteration 4:  10000000 integrand evaluations so far
[1] -4.54226 +- 2.69541  	chisq 1.06961 (3 df)

Iteration 5:  15000000 integrand evaluations so far
[1] -4.85342 +- 2.68265  	chisq 2.48077 (4 df)

Iteration 6:  21000000 integrand evaluations so far
[1] -5.20747 +- 2.40055  	chisq 2.56819 (5 df)

Iteration 7:  28000000 integrand evaluations so far
[1] -3.90855 +- 2.34067  	chisq 8.51061 (6 df)

Iteration 8:  36000000 integrand evaluations so far
[1] -3.98828 +- 2.33993  	chisq 10.3566 (7 df)

Iteration 9:  45000000 integrand evaluations so far
[1] -4.20656 +- 2.30685  	chisq 10.6666 (8 df)

Iteration 10:  55000000 integrand evaluations so far
[1] -4.05782 +- 2.30387  	chisq 12.2757 (9 df)
    -4.1 ±    2.3        ( 2.8mi) ┃Vegas input parameters:
  ndim 8
  ncomp 1
  nvec 1
  epsrel 0
  epsabs 0
  flags 10
  seed 123456
  mineval 5000000
  maxeval 50000000
  nstart 1000000
  nincrease 1000000
  nbatch 5000
  gridno 0
  statefile ""

Iteration 1:  1000000 integrand evaluations so far
[1] 34.5598 +- 11.3998  	chisq 0 (0 df)

Iteration 2:  3000000 integrand evaluations so far
[1] 1.88415 +- 0.579617  	chisq 8.23719 (1 df)

Iteration 3:  6000000 integrand evaluations so far
[1] 2.73744 +- 0.474719  	chisq 14.8205 (2 df)

Iteration 4:  10000000 integrand evaluations so far
[1] 2.75229 +- 0.474632  	chisq 17.4832 (3 df)

Iteration 5:  15000000 integrand evaluations so far
[1] 2.76441 +- 0.474558  	chisq 19.5794 (4 df)

Iteration 6:  21000000 integrand evaluations so far
[1] 2.82458 +- 0.474102  	chisq 27.9427 (5 df)

Iteration 7:  28000000 integrand evaluations so far
[1] 3.61665 +- 0.464538  	chisq 97.8296 (6 df)

Iteration 8:  36000000 integrand evaluations so far
[1] 3.62969 +- 0.464487  	chisq 101.39 (7 df)

Iteration 9:  45000000 integrand evaluations so far
[1] 3.67722 +- 0.464274  	chisq 112.833 (8 df)

Iteration 10:  55000000 integrand evaluations so far
[1] 3.7337 +- 0.464067  	chisq 129.461 (9 df)
    3.73 ±   0.46        (1.05mi) ┃    -0.2 ±    2.4        (15.4mi) ┃
┃   88 -    90 ┃   47 -    48 ┃  6.2472 ± 0.0017        (2.78mi) ┃ -6.0377 ± 0.0046        (11.7mi) ┃Vegas input parameters:
  ndim 10
  ncomp 1
  nvec 1
  epsrel 0
  epsabs 0
  flags 10
  seed 123456
  mineval 50000000
  maxeval 50000000
  nstart 1000000
  nincrease 1000000
  nbatch 5000
  gridno 0
  statefile ""

Iteration 1:  1000000 integrand evaluations so far
[1] -9.18581 +- 19.4761  	chisq 0 (0 df)

Iteration 2:  3000000 integrand evaluations so far
[1] -11.9458 +- 19.2331  	chisq 0.809714 (1 df)

Iteration 3:  6000000 integrand evaluations so far
[1] -5.1355 +- 7.07248  	chisq 0.954701 (2 df)

Iteration 4:  10000000 integrand evaluations so far
[1] -1.27044 +- 6.82139  	chisq 5.23684 (3 df)

Iteration 5:  15000000 integrand evaluations so far
[1] -3.67439 +- 5.01444  	chisq 5.50705 (4 df)

Iteration 6:  21000000 integrand evaluations so far
[1] -5.83857 +- 3.87882  	chisq 5.97081 (5 df)

Iteration 7:  28000000 integrand evaluations so far
[1] -6.24473 +- 3.85034  	chisq 6.72029 (6 df)

Iteration 8:  36000000 integrand evaluations so far
[1] -5.82605 +- 3.80987  	chisq 7.28573 (7 df)

Iteration 9:  45000000 integrand evaluations so far
[1] -6.34018 +- 3.66247  	chisq 7.52573 (8 df)

Iteration 10:  55000000 integrand evaluations so far
[1] -6.27255 +- 3.66188  	chisq 8.57295 (9 df)
    -6.3 ±    3.7        (2.41mi) ┃Vegas input parameters:
  ndim 8
  ncomp 1
  nvec 1
  epsrel 0
  epsabs 0
  flags 10
  seed 123456
  mineval 5000000
  maxeval 50000000
  nstart 1000000
  nincrease 1000000
  nbatch 5000
  gridno 0
  statefile ""

Iteration 1:  1000000 integrand evaluations so far
[1] 46.2612 +- 12.4404  	chisq 0 (0 df)

Iteration 2:  3000000 integrand evaluations so far
[1] 21.24 +- 6.38212  	chisq 5.49021 (1 df)

Iteration 3:  6000000 integrand evaluations so far
[1] 21.9847 +- 6.32972  	chisq 6.32282 (2 df)

Iteration 4:  10000000 integrand evaluations so far
[1] 23.3403 +- 5.77867  	chisq 6.59822 (3 df)

Iteration 5:  15000000 integrand evaluations so far
[1] 21.4255 +- 3.5325  	chisq 6.77353 (4 df)

Iteration 6:  21000000 integrand evaluations so far
[1] 19.4411 +- 1.78744  	chisq 7.19769 (5 df)

Iteration 7:  28000000 integrand evaluations so far
[1] 21.1787 +- 0.989317  	chisq 8.56001 (6 df)

Iteration 8:  36000000 integrand evaluations so far
[1] 22.4738 +- 0.799718  	chisq 13.5049 (7 df)

Iteration 9:  45000000 integrand evaluations so far
[1] 22.6244 +- 0.795901  	chisq 17.2316 (8 df)

Iteration 10:  55000000 integrand evaluations so far
[1] 22.9731 +- 0.788279  	chisq 27.2976 (9 df)
   22.97 ±   0.79        ( 1.1mi) ┃    16.9 ±    3.7        (17.9mi) ┃
┃   88 -    90 ┃   48 -    49 ┃ 5.36316 ± 0.00017        (9.19mi) ┃ -5.1882 ± 0.0022        (11.9mi) ┃Vegas input parameters:
  ndim 10
  ncomp 1
  nvec 1
  epsrel 0
  epsabs 0
  flags 10
  seed 123456
  mineval 50000000
  maxeval 50000000
  nstart 1000000
  nincrease 1000000
  nbatch 5000
  gridno 0
  statefile ""

Iteration 1:  1000000 integrand evaluations so far
[1] 50.8835 +- 47.3267  	chisq 0 (0 df)

Iteration 2:  3000000 integrand evaluations so far
[1] -10.6171 +- 4.76927  	chisq 1.70601 (1 df)

Iteration 3:  6000000 integrand evaluations so far
[1] -8.63238 +- 4.655  	chisq 5.36409 (2 df)

Iteration 4:  10000000 integrand evaluations so far
[1] -6.54901 +- 4.28069  	chisq 6.6618 (3 df)

Iteration 5:  15000000 integrand evaluations so far
[1] -6.92757 +- 4.27147  	chisq 8.47778 (4 df)

Iteration 6:  21000000 integrand evaluations so far
[1] -7.05556 +- 4.12452  	chisq 8.49106 (5 df)

Iteration 7:  28000000 integrand evaluations so far
[1] -6.80956 +- 4.03562  	chisq 8.57448 (6 df)

Iteration 8:  36000000 integrand evaluations so far
[1] -6.43097 +- 3.98764  	chisq 8.94682 (7 df)

Iteration 9:  45000000 integrand evaluations so far
[1] -6.12237 +- 3.98049  	chisq 10.6194 (8 df)

Iteration 10:  55000000 integrand evaluations so far
[1] -5.65474 +- 3.71784  	chisq 10.7276 (9 df)
    -5.7 ±    3.7        (2.51mi) ┃Vegas input parameters:
  ndim 8
  ncomp 1
  nvec 1
  epsrel 0
  epsabs 0
  flags 10
  seed 123456
  mineval 5000000
  maxeval 50000000
  nstart 1000000
  nincrease 1000000
  nbatch 5000
  gridno 0
  statefile ""

Iteration 1:  1000000 integrand evaluations so far
[1] 51.6369 +- 13.9053  	chisq 0 (0 df)

Iteration 2:  3000000 integrand evaluations so far
[1] 7.87082 +- 1.65367  	chisq 10.0484 (1 df)

Iteration 3:  6000000 integrand evaluations so far
[1] 7.87672 +- 1.65366  	chisq 11.1002 (2 df)

Iteration 4:  10000000 integrand evaluations so far
[1] 8.68721 +- 1.5466  	chisq 13.0175 (3 df)

Iteration 5:  15000000 integrand evaluations so far
[1] 10.303 +- 1.37473  	chisq 18.2175 (4 df)

Iteration 6:  21000000 integrand evaluations so far
[1] 13.3673 +- 1.22221  	chisq 41.924 (5 df)

Iteration 7:  28000000 integrand evaluations so far
[1] 14.4452 +- 1.19356  	chisq 58.7063 (6 df)

Iteration 8:  36000000 integrand evaluations so far
[1] 17.2792 +- 1.10205  	chisq 96.9408 (7 df)

Iteration 9:  45000000 integrand evaluations so far
[1] 19.0913 +- 1.05725  	chisq 130.888 (8 df)

Iteration 10:  55000000 integrand evaluations so far
[1] 22.4065 +- 0.95635  	chisq 184.981 (9 df)
   22.41 ±   0.96        ( 51.1s) ┃    16.9 ±    3.8        (24.4mi) ┃
┃   88 -    90 ┃   49 -    50 ┃  5.7623 ± 0.0043        (   2mi) ┃ -5.6129 ± 0.0023        (7.23mi) ┃Vegas input parameters:
  ndim 10
  ncomp 1
  nvec 1
  epsrel 0
  epsabs 0
  flags 10
  seed 123456
  mineval 50000000
  maxeval 50000000
  nstart 1000000
  nincrease 1000000
  nbatch 5000
  gridno 0
  statefile ""

Iteration 1:  1000000 integrand evaluations so far
[1] -5.51588 +- 12.0815  	chisq 0 (0 df)

Iteration 2:  3000000 integrand evaluations so far
[1] -4.02589 +- 10.6978  	chisq 0.0704328 (1 df)

Iteration 3:  6000000 integrand evaluations so far
[1] -5.4409 +- 10.5814  	chisq 0.879026 (2 df)

Iteration 4:  10000000 integrand evaluations so far
[1] -9.01448 +- 9.82387  	chisq 1.70517 (3 df)

Iteration 5:  15000000 integrand evaluations so far
[1] -8.46214 +- 8.26605  	chisq 1.71599 (4 df)

Iteration 6:  21000000 integrand evaluations so far
[1] -5.59227 +- 5.18308  	chisq 1.91463 (5 df)

Iteration 7:  28000000 integrand evaluations so far
[1] -6.48193 +- 4.85674  	chisq 2.1562 (6 df)

Iteration 8:  36000000 integrand evaluations so far
[1] -6.46929 +- 4.85668  	chisq 2.45355 (7 df)

Iteration 9:  45000000 integrand evaluations so far
[1] -5.87976 +- 4.79667  	chisq 3.05342 (8 df)

Iteration 10:  55000000 integrand evaluations so far
[1] -5.87957 +- 4.79667  	chisq 4.05314 (9 df)
    -5.9 ±    4.8        (2.43mi) ┃Vegas input parameters:
  ndim 8
  ncomp 1
  nvec 1
  epsrel 0
  epsabs 0
  flags 10
  seed 123456
  mineval 5000000
  maxeval 50000000
  nstart 1000000
  nincrease 1000000
  nbatch 5000
  gridno 0
  statefile ""

Iteration 1:  1000000 integrand evaluations so far
[1] 30.6338 +- 9.73928  	chisq 0 (0 df)

Iteration 2:  3000000 integrand evaluations so far
[1] 2.5518 +- 0.728564  	chisq 8.36065 (1 df)

Iteration 3:  6000000 integrand evaluations so far
[1] 2.86511 +- 0.50844  	chisq 8.72117 (2 df)

Iteration 4:  10000000 integrand evaluations so far
[1] 2.99138 +- 0.50675  	chisq 18.0102 (3 df)

Iteration 5:  15000000 integrand evaluations so far
[1] 3.72652 +- 0.496773  	chisq 71.9899 (4 df)

Iteration 6:  21000000 integrand evaluations so far
[1] 4.29417 +- 0.491621  	chisq 135.269 (5 df)

Iteration 7:  28000000 integrand evaluations so far
[1] 4.62097 +- 0.489099  	chisq 178.454 (6 df)

Iteration 8:  36000000 integrand evaluations so far
[1] 4.63989 +- 0.489011  	chisq 182.57 (7 df)

Iteration 9:  45000000 integrand evaluations so far
[1] 4.69079 +- 0.488669  	chisq 190.318 (8 df)

Iteration 10:  55000000 integrand evaluations so far
[1] 5.18949 +- 0.48411  	chisq 246.403 (9 df)
    5.19 ±   0.48        ( 56.6s) ┃    -0.5 ±    4.8        (12.6mi) ┃
┃   88 -    90 ┃   50 -    51 ┃  7.3465 ± 0.0056        ( 4.3mi) ┃  -7.158 ± 0.0013        (24.6mi) ┃Vegas input parameters:
  ndim 10
  ncomp 1
  nvec 1
  epsrel 0
  epsabs 0
  flags 10
  seed 123456
  mineval 50000000
  maxeval 50000000
  nstart 1000000
  nincrease 1000000
  nbatch 5000
  gridno 0
  statefile ""

Iteration 1:  1000000 integrand evaluations so far
[1] 27.2057 +- 18.8004  	chisq 0 (0 df)

Iteration 2:  3000000 integrand evaluations so far
[1] 28.1965 +- 18.5987  	chisq 0.130157 (1 df)

Iteration 3:  6000000 integrand evaluations so far
[1] 19.7092 +- 17.7713  	chisq 2.52396 (2 df)

Iteration 4:  10000000 integrand evaluations so far
[1] 19.0503 +- 17.7593  	chisq 3.53963 (3 df)

Iteration 5:  15000000 integrand evaluations so far
[1] 10.6355 +- 16.3103  	chisq 4.97393 (4 df)

Iteration 6:  21000000 integrand evaluations so far
[1] -4.60963 +- 4.13171  	chisq 5.90749 (5 df)

Iteration 7:  28000000 integrand evaluations so far
[1] -4.23352 +- 3.79069  	chisq 5.95985 (6 df)

Iteration 8:  36000000 integrand evaluations so far
[1] -0.677191 +- 3.45925  	chisq 11.2233 (7 df)

Iteration 9:  45000000 integrand evaluations so far
[1] -0.82314 +- 3.45651  	chisq 12.3479 (8 df)

Iteration 10:  55000000 integrand evaluations so far
[1] -0.298372 +- 3.15742  	chisq 12.4871 (9 df)
    -0.3 ±    3.2        (2.31mi) ┃Vegas input parameters:
  ndim 8
  ncomp 1
  nvec 1
  epsrel 0
  epsabs 0
  flags 10
  seed 123456
  mineval 5000000
  maxeval 50000000
  nstart 1000000
  nincrease 1000000
  nbatch 5000
  gridno 0
  statefile ""

Iteration 1:  1000000 integrand evaluations so far
[1] 23.5479 +- 8.59715  	chisq 0 (0 df)

Iteration 2:  3000000 integrand evaluations so far
[1] 2.22456 +- 0.754012  	chisq 6.19949 (1 df)

Iteration 3:  6000000 integrand evaluations so far
[1] 2.55336 +- 0.702695  	chisq 7.64572 (2 df)

Iteration 4:  10000000 integrand evaluations so far
[1] 2.74463 +- 0.695582  	chisq 11.324 (3 df)

Iteration 5:  15000000 integrand evaluations so far
[1] 2.81718 +- 0.694839  	chisq 16.4142 (4 df)

Iteration 6:  21000000 integrand evaluations so far
[1] 2.82442 +- 0.694813  	chisq 17.9125 (5 df)

Iteration 7:  28000000 integrand evaluations so far
[1] 3.45633 +- 0.682572  	chisq 41.5959 (6 df)

Iteration 8:  36000000 integrand evaluations so far
[1] 4.01245 +- 0.675134  	chisq 72.2178 (7 df)

Iteration 9:  45000000 integrand evaluations so far
[1] 5.2581 +- 0.661129  	chisq 155.131 (8 df)

Iteration 10:  55000000 integrand evaluations so far
[1] 8.38821 +- 0.625801  	chisq 370.632 (9 df)
    8.39 ±   0.63        ( 50.1s) ┃     8.3 ±    3.2        (  32mi) ┃
┃   88 -    90 ┃   51 -    52 ┃  5.3065 ± 0.0044        ( 3.8mi) ┃ -5.1875 ± 0.0048        (2.84mi) ┃Vegas input parameters:
  ndim 10
  ncomp 1
  nvec 1
  epsrel 0
  epsabs 0
  flags 10
  seed 123456
  mineval 50000000
  maxeval 50000000
  nstart 1000000
  nincrease 1000000
  nbatch 5000
  gridno 0
  statefile ""

Iteration 1:  1000000 integrand evaluations so far
[1] 2.41151 +- 10.4382  	chisq 0 (0 df)

Iteration 2:  3000000 integrand evaluations so far
[1] 6.2243 +- 9.81643  	chisq 1.15437 (1 df)

Iteration 3:  6000000 integrand evaluations so far
[1] 2.74595 +- 9.44188  	chisq 2.83173 (2 df)

Iteration 4:  10000000 integrand evaluations so far
[1] 5.4023 +- 6.04289  	chisq 2.96579 (3 df)

Iteration 5:  15000000 integrand evaluations so far
[1] 4.74779 +- 5.9782  	chisq 3.51663 (4 df)

Iteration 6:  21000000 integrand evaluations so far
[1] 6.19705 +- 5.71712  	chisq 4.20452 (5 df)

Iteration 7:  28000000 integrand evaluations so far
[1] 5.48704 +- 5.59361  	chisq 4.56538 (6 df)

Iteration 8:  36000000 integrand evaluations so far
[1] 6.83826 +- 5.43399  	chisq 5.6026 (7 df)

Iteration 9:  45000000 integrand evaluations so far
[1] 4.34409 +- 5.16074  	chisq 7.75146 (8 df)

Iteration 10:  55000000 integrand evaluations so far
[1] 3.79012 +- 5.11529  	chisq 8.40844 (9 df)
     3.8 ±    5.1        (2.54mi) ┃Vegas input parameters:
  ndim 8
  ncomp 1
  nvec 1
  epsrel 0
  epsabs 0
  flags 10
  seed 123456
  mineval 5000000
  maxeval 50000000
  nstart 1000000
  nincrease 1000000
  nbatch 5000
  gridno 0
  statefile ""

Iteration 1:  1000000 integrand evaluations so far
[1] 54.0747 +- 14.677  	chisq 0 (0 df)

Iteration 2:  3000000 integrand evaluations so far
[1] 14.7291 +- 4.19229  	chisq 7.82486 (1 df)

Iteration 3:  6000000 integrand evaluations so far
[1] 13.4868 +- 3.1675  	chisq 8.02948 (2 df)

Iteration 4:  10000000 integrand evaluations so far
[1] 15.2386 +- 2.86353  	chisq 9.70342 (3 df)

Iteration 5:  15000000 integrand evaluations so far
[1] 16.6849 +- 2.7641  	chisq 13.4418 (4 df)

Iteration 6:  21000000 integrand evaluations so far
[1] 20.6479 +- 2.15728  	chisq 18.7007 (5 df)

Iteration 7:  28000000 integrand evaluations so far
[1] 24.7863 +- 1.57953  	chisq 26.6336 (6 df)

Iteration 8:  36000000 integrand evaluations so far
[1] 28.4968 +- 1.18213  	chisq 39.1788 (7 df)

Iteration 9:  45000000 integrand evaluations so far
[1] 29.2688 +- 1.11226  	chisq 42.8959 (8 df)

Iteration 10:  55000000 integrand evaluations so far
[1] 30.852 +- 0.823661  	chisq 47.3822 (9 df)
   30.85 ±   0.82        (1.04mi) ┃    34.8 ±    5.2        (10.2mi) ┃
┃   88 -    90 ┃   52 -    53 ┃  4.9031 ± 0.0016        ( 2.6mi) ┃ -4.7572 ± 0.0037        ( 42.7s) ┃Vegas input parameters:
  ndim 10
  ncomp 1
  nvec 1
  epsrel 0
  epsabs 0
  flags 10
  seed 123456
  mineval 50000000
  maxeval 50000000
  nstart 1000000
  nincrease 1000000
  nbatch 5000
  gridno 0
  statefile ""

Iteration 1:  1000000 integrand evaluations so far
[1] -26.3875 +- 23.5747  	chisq 0 (0 df)

Iteration 2:  3000000 integrand evaluations so far
[1] -18.307 +- 22.9265  	chisq 2.16622 (1 df)

Iteration 3:  6000000 integrand evaluations so far
[1] -10.3274 +- 19.4712  	chisq 2.60087 (2 df)

Iteration 4:  10000000 integrand evaluations so far
[1] -14.3756 +- 19.0043  	chisq 3.51329 (3 df)

Iteration 5:  15000000 integrand evaluations so far
[1] -0.732715 +- 8.63193  	chisq 4.1626 (4 df)

Iteration 6:  21000000 integrand evaluations so far
[1] -1.79136 +- 8.56864  	chisq 5.192 (5 df)

Iteration 7:  28000000 integrand evaluations so far
[1] -5.17497 +- 6.69976  	chisq 5.59322 (6 df)

Iteration 8:  36000000 integrand evaluations so far
[1] -4.69113 +- 6.66466  	chisq 6.0922 (7 df)

Iteration 9:  45000000 integrand evaluations so far
[1] -4.14565 +- 6.59873  	chisq 6.43249 (8 df)

Iteration 10:  55000000 integrand evaluations so far
[1] -4.45365 +- 6.58691  	chisq 7.04121 (9 df)
    -4.5 ±    6.6        (2.35mi) ┃Vegas input parameters:
  ndim 8
  ncomp 1
  nvec 1
  epsrel 0
  epsabs 0
  flags 10
  seed 123456
  mineval 5000000
  maxeval 50000000
  nstart 1000000
  nincrease 1000000
  nbatch 5000
  gridno 0
  statefile ""

Iteration 1:  1000000 integrand evaluations so far
[1] 37.4347 +- 11.227  	chisq 0 (0 df)

Iteration 2:  3000000 integrand evaluations so far
[1] 3.501 +- 0.879681  	chisq 9.19201 (1 df)

Iteration 3:  6000000 integrand evaluations so far
[1] 3.95721 +- 0.858769  	chisq 14.9169 (2 df)

Iteration 4:  10000000 integrand evaluations so far
[1] 4.07865 +- 0.856791  	chisq 19.2629 (3 df)

Iteration 5:  15000000 integrand evaluations so far
[1] 4.12482 +- 0.856254  	chisq 21.5811 (4 df)

Iteration 6:  21000000 integrand evaluations so far
[1] 4.89894 +- 0.841043  	chisq 44.7929 (5 df)

Iteration 7:  28000000 integrand evaluations so far
[1] 7.53686 +- 0.792936  	chisq 133.319 (6 df)

Iteration 8:  36000000 integrand evaluations so far
[1] 12.0163 +- 0.700279  	chisq 278.341 (7 df)

Iteration 9:  45000000 integrand evaluations so far
[1] 15.0036 +- 0.647469  	chisq 403.727 (8 df)

Iteration 10:  55000000 integrand evaluations so far
[1] 15.1789 +- 0.645032  	chisq 413.486 (9 df)
   15.18 ±   0.65        (1.03mi) ┃    10.9 ±    6.6        (6.69mi) ┃
┃   88 -    90 ┃   53 -    54 ┃  5.0988 ± 0.0031        (4.12mi) ┃ -4.9352 ± 0.0026        ( 2.8mi) ┃Vegas input parameters:
  ndim 10
  ncomp 1
  nvec 1
  epsrel 0
  epsabs 0
  flags 10
  seed 123456
  mineval 50000000
  maxeval 50000000
  nstart 1000000
  nincrease 1000000
  nbatch 5000
  gridno 0
  statefile ""

Iteration 1:  1000000 integrand evaluations so far
[1] 32.2204 +- 15.7881  	chisq 0 (0 df)

Iteration 2:  3000000 integrand evaluations so far
[1] 24.7009 +- 12.7727  	chisq 0.656544 (1 df)

Iteration 3:  6000000 integrand evaluations so far
[1] 2.77416 +- 4.76638  	chisq 4.08033 (2 df)

Iteration 4:  10000000 integrand evaluations so far
[1] 2.30184 +- 4.7496  	chisq 5.477 (3 df)

Iteration 5:  15000000 integrand evaluations so far
[1] 1.88089 +- 4.72716  	chisq 6.31027 (4 df)

Iteration 6:  21000000 integrand evaluations so far
[1] 2.02497 +- 4.72515  	chisq 7.40268 (5 df)

Iteration 7:  28000000 integrand evaluations so far
[1] 2.14763 +- 4.72369  	chisq 8.4929 (6 df)

Iteration 8:  36000000 integrand evaluations so far
[1] 4.93823 +- 3.91599  	chisq 9.60887 (7 df)

Iteration 9:  45000000 integrand evaluations so far
[1] 5.12184 +- 3.90802  	chisq 10.1493 (8 df)

Iteration 10:  55000000 integrand evaluations so far
[1] 5.10415 +- 3.89696  	chisq 10.1529 (9 df)
     5.1 ±    3.9        ( 2.6mi) ┃Vegas input parameters:
  ndim 8
  ncomp 1
  nvec 1
  epsrel 0
  epsabs 0
  flags 10
  seed 123456
  mineval 5000000
  maxeval 50000000
  nstart 1000000
  nincrease 1000000
  nbatch 5000
  gridno 0
  statefile ""

Iteration 1:  1000000 integrand evaluations so far
[1] 38.7615 +- 11.1938  	chisq 0 (0 df)

Iteration 2:  3000000 integrand evaluations so far
[1] 5.88637 +- 2.08623  	chisq 8.93572 (1 df)

Iteration 3:  6000000 integrand evaluations so far
[1] 5.94937 +- 2.08539  	chisq 10.0709 (2 df)

Iteration 4:  10000000 integrand evaluations so far
[1] 7.89319 +- 1.6354  	chisq 12.3276 (3 df)

Iteration 5:  15000000 integrand evaluations so far
[1] 9.29858 +- 1.53757  	chisq 18.6907 (4 df)

Iteration 6:  21000000 integrand evaluations so far
[1] 13.5287 +- 1.26416  	chisq 42.0502 (5 df)

Iteration 7:  28000000 integrand evaluations so far
[1] 19.5838 +- 0.999984  	chisq 103.349 (6 df)

Iteration 8:  36000000 integrand evaluations so far
[1] 21.067 +- 0.941479  	chisq 122.716 (7 df)

Iteration 9:  45000000 integrand evaluations so far
[1] 25.0273 +- 0.693077  	chisq 161.343 (8 df)

Iteration 10:  55000000 integrand evaluations so far
[1] 27.9232 +- 0.462129  	chisq 192.777 (9 df)
   27.92 ±   0.46        (1.11mi) ┃    33.2 ±    3.9        (10.6mi) ┃
┃   88 -    90 ┃   54 -    55 ┃  5.9103 ± 0.0019        (2.73mi) ┃ -5.7463 ± 0.0056        (1.62mi) ┃Vegas input parameters:
  ndim 10
  ncomp 1
  nvec 1
  epsrel 0
  epsabs 0
  flags 10
  seed 123456
  mineval 50000000
  maxeval 50000000
  nstart 1000000
  nincrease 1000000
  nbatch 5000
  gridno 0
  statefile ""

Iteration 1:  1000000 integrand evaluations so far
[1] -44.1612 +- 39.7137  	chisq 0 (0 df)

Iteration 2:  3000000 integrand evaluations so far
[1] -9.22914 +- 33.4253  	chisq 2.65312 (1 df)

Iteration 3:  6000000 integrand evaluations so far
[1] -19.072 +- 21.3017  	chisq 2.79914 (2 df)

Iteration 4:  10000000 integrand evaluations so far
[1] -7.42007 +- 13.3226  	chisq 3.29058 (3 df)

Iteration 5:  15000000 integrand evaluations so far
[1] -7.95664 +- 8.48083  	chisq 3.29331 (4 df)

Iteration 6:  21000000 integrand evaluations so far
[1] -2.8898 +- 7.82748  	chisq 5.70275 (5 df)

Iteration 7:  28000000 integrand evaluations so far
[1] -3.10208 +- 7.82467  	chisq 6.72814 (6 df)

Iteration 8:  36000000 integrand evaluations so far
[1] -3.17598 +- 7.82432  	chisq 7.73038 (7 df)

Iteration 9:  45000000 integrand evaluations so far
[1] -4.34966 +- 6.64585  	chisq 7.81117 (8 df)

Iteration 10:  55000000 integrand evaluations so far
[1] -3.26618 +- 6.28027  	chisq 8.05959 (9 df)
    -3.3 ±    6.3        (2.94mi) ┃Vegas input parameters:
  ndim 8
  ncomp 1
  nvec 1
  epsrel 0
  epsabs 0
  flags 10
  seed 123456
  mineval 5000000
  maxeval 50000000
  nstart 1000000
  nincrease 1000000
  nbatch 5000
  gridno 0
  statefile ""

Iteration 1:  1000000 integrand evaluations so far
[1] 57.8584 +- 16.1066  	chisq 0 (0 df)

Iteration 2:  3000000 integrand evaluations so far
[1] 60.3857 +- 15.8447  	chisq 0.76338 (1 df)

Iteration 3:  6000000 integrand evaluations so far
[1] 8.96411 +- 2.49452  	chisq 11.5633 (2 df)

Iteration 4:  10000000 integrand evaluations so far
[1] 12.3639 +- 1.8108  	chisq 15.4898 (3 df)

Iteration 5:  15000000 integrand evaluations so far
[1] 13.5981 +- 1.75547  	chisq 23.2109 (4 df)

Iteration 6:  21000000 integrand evaluations so far
[1] 15.1319 +- 1.67126  	chisq 31.3631 (5 df)

Iteration 7:  28000000 integrand evaluations so far
[1] 16.0312 +- 1.64833  	chisq 41.989 (6 df)

Iteration 8:  36000000 integrand evaluations so far
[1] 22.0313 +- 1.11672  	chisq 66.481 (7 df)

Iteration 9:  45000000 integrand evaluations so far
[1] 27.155 +- 0.779902  	chisq 107.576 (8 df)

Iteration 10:  55000000 integrand evaluations so far
[1] 29.0996 +- 0.49889  	chisq 118.099 (9 df)
    29.1 ±    0.5        ( 57.1s) ┃      26 ±    6.3        (8.24mi) ┃
┃   88 -    90 ┃   55 -    56 ┃  6.9338 ± 0.0025        (3.54mi) ┃  -6.738 ±  0.003        (8.67mi) ┃Vegas input parameters:
  ndim 10
  ncomp 1
  nvec 1
  epsrel 0
  epsabs 0
  flags 10
  seed 123456
  mineval 50000000
  maxeval 50000000
  nstart 1000000
  nincrease 1000000
  nbatch 5000
  gridno 0
  statefile ""

Iteration 1:  1000000 integrand evaluations so far
[1] 89.7812 +- 68.5509  	chisq 0 (0 df)

Iteration 2:  3000000 integrand evaluations so far
[1] 7.08787 +- 12.251  	chisq 1.50318 (1 df)

Iteration 3:  6000000 integrand evaluations so far
[1] 3.29004 +- 11.7182  	chisq 2.63252 (2 df)

Iteration 4:  10000000 integrand evaluations so far
[1] 3.55913 +- 11.715  	chisq 3.61148 (3 df)

Iteration 5:  15000000 integrand evaluations so far
[1] 5.60878 +- 5.08892  	chisq 3.64921 (4 df)

Iteration 6:  21000000 integrand evaluations so far
[1] 3.40077 +- 2.51541  	chisq 3.89833 (5 df)

Iteration 7:  28000000 integrand evaluations so far
[1] 3.25035 +- 2.4446  	chisq 3.96276 (6 df)

Iteration 8:  36000000 integrand evaluations so far
[1] 3.29427 +- 2.42343  	chisq 3.98148 (7 df)

Iteration 9:  45000000 integrand evaluations so far
[1] 3.17328 +- 2.41475  	chisq 4.33011 (8 df)

Iteration 10:  55000000 integrand evaluations so far
[1] 3.24343 +- 2.41418  	chisq 6.12453 (9 df)
     3.2 ±    2.4        (2.69mi) ┃Vegas input parameters:
  ndim 8
  ncomp 1
  nvec 1
  epsrel 0
  epsabs 0
  flags 10
  seed 123456
  mineval 5000000
  maxeval 50000000
  nstart 1000000
  nincrease 1000000
  nbatch 5000
  gridno 0
  statefile ""

Iteration 1:  1000000 integrand evaluations so far
[1] 25.8189 +- 9.0183  	chisq 0 (0 df)

Iteration 2:  3000000 integrand evaluations so far
[1] 3.77243 +- 1.58818  	chisq 6.16752 (1 df)

Iteration 3:  6000000 integrand evaluations so far
[1] 4.13476 +- 1.53562  	chisq 6.96715 (2 df)

Iteration 4:  10000000 integrand evaluations so far
[1] 4.90953 +- 1.31778  	chisq 7.93285 (3 df)

Iteration 5:  15000000 integrand evaluations so far
[1] 5.54723 +- 1.27382  	chisq 11.5028 (4 df)

Iteration 6:  21000000 integrand evaluations so far
[1] 6.17812 +- 1.25547  	chisq 20.077 (5 df)

Iteration 7:  28000000 integrand evaluations so far
[1] 6.48545 +- 1.25013  	chisq 27.1389 (6 df)

Iteration 8:  36000000 integrand evaluations so far
[1] 6.68322 +- 1.24641  	chisq 31.3481 (7 df)

Iteration 9:  45000000 integrand evaluations so far
[1] 7.03293 +- 1.23986  	chisq 38.8562 (8 df)

Iteration 10:  55000000 integrand evaluations so far
[1] 9.93016 +- 1.17141  	chisq 89.7114 (9 df)
     9.9 ±    1.2        ( 58.5s) ┃    13.4 ±    2.7        (15.9mi) ┃
┃   88 -    90 ┃   56 -    57 ┃  4.9734 ± 0.0029        (   29s) ┃  -4.877 ± 0.0043        (13.4mi) ┃Vegas input parameters:
  ndim 10
  ncomp 1
  nvec 1
  epsrel 0
  epsabs 0
  flags 10
  seed 123456
  mineval 50000000
  maxeval 50000000
  nstart 1000000
  nincrease 1000000
  nbatch 5000
  gridno 0
  statefile ""

Iteration 1:  1000000 integrand evaluations so far
[1] -30.822 +- 31.9752  	chisq 0 (0 df)

Iteration 2:  3000000 integrand evaluations so far
[1] -36.1752 +- 30.0255  	chisq 0.23706 (1 df)

Iteration 3:  6000000 integrand evaluations so far
[1] -5.02777 +- 20.7307  	chisq 2.29351 (2 df)

Iteration 4:  10000000 integrand evaluations so far
[1] 7.95186 +- 7.87386  	chisq 2.7516 (3 df)

Iteration 5:  15000000 integrand evaluations so far
[1] 5.42279 +- 5.86305  	chisq 2.98316 (4 df)

Iteration 6:  21000000 integrand evaluations so far
[1] 3.86558 +- 4.50065  	chisq 3.15491 (5 df)

Iteration 7:  28000000 integrand evaluations so far
[1] 3.55814 +- 4.35103  	chisq 3.22627 (6 df)

Iteration 8:  36000000 integrand evaluations so far
[1] 3.70897 +- 4.34857  	chisq 4.28881 (7 df)

Iteration 9:  45000000 integrand evaluations so far
[1] 5.5145 +- 4.08884  	chisq 5.77638 (8 df)

Iteration 10:  55000000 integrand evaluations so far
[1] 5.11059 +- 4.06673  	chisq 6.681 (9 df)
     5.1 ±    4.1        (2.53mi) ┃Vegas input parameters:
  ndim 8
  ncomp 1
  nvec 1
  epsrel 0
  epsabs 0
  flags 10
  seed 123456
  mineval 5000000
  maxeval 50000000
  nstart 1000000
  nincrease 1000000
  nbatch 5000
  gridno 0
  statefile ""

Iteration 1:  1000000 integrand evaluations so far
[1] 30.6301 +- 10.0743  	chisq 0 (0 df)

Iteration 2:  3000000 integrand evaluations so far
[1] 1.98332 +- 0.763884  	chisq 8.13257 (1 df)

Iteration 3:  6000000 integrand evaluations so far
[1] 2.47179 +- 0.628516  	chisq 9.39847 (2 df)

Iteration 4:  10000000 integrand evaluations so far
[1] 2.48624 +- 0.628409  	chisq 10.9614 (3 df)

Iteration 5:  15000000 integrand evaluations so far
[1] 3.09042 +- 0.606818  	chisq 24.6485 (4 df)

Iteration 6:  21000000 integrand evaluations so far
[1] 3.09445 +- 0.606808  	chisq 26.0151 (5 df)

Iteration 7:  28000000 integrand evaluations so far
[1] 3.20271 +- 0.605406  	chisq 32.9106 (6 df)

Iteration 8:  36000000 integrand evaluations so far
[1] 3.7197 +- 0.598184  	chisq 63.6609 (7 df)

Iteration 9:  45000000 integrand evaluations so far
[1] 4.72568 +- 0.587751  	chisq 145.451 (8 df)

Iteration 10:  55000000 integrand evaluations so far
[1] 7.37872 +- 0.557289  	chisq 347.246 (9 df)
    7.38 ±   0.56        ( 55.9s) ┃    12.6 ±    4.1        (17.4mi) ┃
┃   88 -    90 ┃   57 -    58 ┃  4.8723 ± 0.0035        (2.34mi) ┃ -4.7288 ± 0.0031        ( 2.9mi) ┃Vegas input parameters:
  ndim 10
  ncomp 1
  nvec 1
  epsrel 0
  epsabs 0
  flags 10
  seed 123456
  mineval 50000000
  maxeval 50000000
  nstart 1000000
  nincrease 1000000
  nbatch 5000
  gridno 0
  statefile ""

Iteration 1:  1000000 integrand evaluations so far
[1] 19.6154 +- 18.9219  	chisq 0 (0 df)

Iteration 2:  3000000 integrand evaluations so far
[1] 21.2577 +- 18.5053  	chisq 0.172948 (1 df)

Iteration 3:  6000000 integrand evaluations so far
[1] 21.6944 +- 18.5009  	chisq 1.36048 (2 df)

Iteration 4:  10000000 integrand evaluations so far
[1] 23.4999 +- 13.7522  	chisq 1.38176 (3 df)

Iteration 5:  15000000 integrand evaluations so far
[1] 18.7087 +- 11.0884  	chisq 1.72867 (4 df)

Iteration 6:  21000000 integrand evaluations so far
[1] 12.0473 +- 10.4847  	chisq 5.13555 (5 df)

Iteration 7:  28000000 integrand evaluations so far
[1] 5.7899 +- 7.04334  	chisq 5.78468 (6 df)

Iteration 8:  36000000 integrand evaluations so far
[1] 7.53146 +- 6.37378  	chisq 6.12231 (7 df)

Iteration 9:  45000000 integrand evaluations so far
[1] 3.41837 +- 5.34819  	chisq 7.52952 (8 df)

Iteration 10:  55000000 integrand evaluations so far
[1] 3.77403 +- 5.25538  	chisq 7.65806 (9 df)
     3.8 ±    5.3        (2.84mi) ┃Vegas input parameters:
  ndim 8
  ncomp 1
  nvec 1
  epsrel 0
  epsabs 0
  flags 10
  seed 123456
  mineval 5000000
  maxeval 50000000
  nstart 1000000
  nincrease 1000000
  nbatch 5000
  gridno 0
  statefile ""

Iteration 1:  1000000 integrand evaluations so far
[1] 53.5001 +- 14.5172  	chisq 0 (0 df)

Iteration 2:  3000000 integrand evaluations so far
[1] 17.9259 +- 5.30418  	chisq 6.93009 (1 df)

Iteration 3:  6000000 integrand evaluations so far
[1] 19.2142 +- 5.04306  	chisq 7.54447 (2 df)

Iteration 4:  10000000 integrand evaluations so far
[1] 18.6444 +- 3.98931  	chisq 7.57859 (3 df)

Iteration 5:  15000000 integrand evaluations so far
[1] 16.5432 +- 2.18407  	chisq 7.97473 (4 df)

Iteration 6:  21000000 integrand evaluations so far
[1] 18.4078 +- 2.02376  	chisq 13.1282 (5 df)

Iteration 7:  28000000 integrand evaluations so far
[1] 20.7493 +- 1.77558  	chisq 18.943 (6 df)

Iteration 8:  36000000 integrand evaluations so far
[1] 24.135 +- 1.28692  	chisq 26.6025 (7 df)

Iteration 9:  45000000 integrand evaluations so far
[1] 24.2622 +- 1.28323  	chisq 28.3104 (8 df)

Iteration 10:  55000000 integrand evaluations so far
[1] 24.5193 +- 1.27343  	chisq 30.946 (9 df)
    24.5 ±    1.3        (1.04mi) ┃    28.4 ±    5.4        (9.12mi) ┃
┃   88 -    90 ┃   58 -    59 ┃  5.4799 ± 0.0034        (2.95mi) ┃ -5.3225 ± 0.0039        (7.45mi) ┃Vegas input parameters:
  ndim 10
  ncomp 1
  nvec 1
  epsrel 0
  epsabs 0
  flags 10
  seed 123456
  mineval 50000000
  maxeval 50000000
  nstart 1000000
  nincrease 1000000
  nbatch 5000
  gridno 0
  statefile ""

Iteration 1:  1000000 integrand evaluations so far
[1] 103.052 +- 92.32  	chisq 0 (0 df)

Iteration 2:  3000000 integrand evaluations so far
[1] 13.6092 +- 17.0967  	chisq 0.971975 (1 df)

Iteration 3:  6000000 integrand evaluations so far
[1] 6.82884 +- 7.0283  	chisq 1.16124 (2 df)

Iteration 4:  10000000 integrand evaluations so far
[1] 7.9693 +- 6.08238  	chisq 1.26612 (3 df)

Iteration 5:  15000000 integrand evaluations so far
[1] 7.41456 +- 6.0031  	chisq 1.58729 (4 df)

Iteration 6:  21000000 integrand evaluations so far
[1] 8.24856 +- 4.35785  	chisq 1.62809 (5 df)

Iteration 7:  28000000 integrand evaluations so far
[1] 6.98995 +- 4.24908  	chisq 3.32017 (6 df)

Iteration 8:  36000000 integrand evaluations so far
[1] 6.79812 +- 4.24153  	chisq 3.89468 (7 df)

Iteration 9:  45000000 integrand evaluations so far
[1] 7.03675 +- 4.2289  	chisq 4.42707 (8 df)

Iteration 10:  55000000 integrand evaluations so far
[1] 5.73128 +- 3.69462  	chisq 4.82964 (9 df)
     5.7 ±    3.7        (2.63mi) ┃Vegas input parameters:
  ndim 8
  ncomp 1
  nvec 1
  epsrel 0
  epsabs 0
  flags 10
  seed 123456
  mineval 5000000
  maxeval 50000000
  nstart 1000000
  nincrease 1000000
  nbatch 5000
  gridno 0
  statefile ""

Iteration 1:  1000000 integrand evaluations so far
[1] 38.6026 +- 13.6906  	chisq 0 (0 df)

Iteration 2:  3000000 integrand evaluations so far
[1] 36.0961 +- 11.871  	chisq 0.135074 (1 df)

Iteration 3:  6000000 integrand evaluations so far
[1] 3.46939 +- 1.60838  	chisq 7.83024 (2 df)

Iteration 4:  10000000 integrand evaluations so far
[1] 3.64937 +- 1.60257  	chisq 9.56702 (3 df)

Iteration 5:  15000000 integrand evaluations so far
[1] 6.27361 +- 1.14759  	chisq 15.0708 (4 df)

Iteration 6:  21000000 integrand evaluations so far
[1] 6.72395 +- 1.13811  	chisq 24.4207 (5 df)

Iteration 7:  28000000 integrand evaluations so far
[1] 8.01163 +- 1.09959  	chisq 43.658 (6 df)

Iteration 8:  36000000 integrand evaluations so far
[1] 12.4307 +- 0.96916  	chisq 116.033 (7 df)

Iteration 9:  45000000 integrand evaluations so far
[1] 16.9431 +- 0.813401  	chisq 189.37 (8 df)

Iteration 10:  55000000 integrand evaluations so far
[1] 17.5622 +- 0.799349  	chisq 206.279 (9 df)
   17.56 ±    0.8        (1.07mi) ┃    23.5 ±    3.8        (14.1mi) ┃
┃   88 -    90 ┃   59 -    60 ┃  5.4826 ± 0.0021        ( 56.4s) ┃ -5.3743 ± 0.0037        (6.04mi) ┃Vegas input parameters:
  ndim 10
  ncomp 1
  nvec 1
  epsrel 0
  epsabs 0
  flags 10
  seed 123456
  mineval 50000000
  maxeval 50000000
  nstart 1000000
  nincrease 1000000
  nbatch 5000
  gridno 0
  statefile ""

Iteration 1:  1000000 integrand evaluations so far
[1] -53.2855 +- 69.179  	chisq 0 (0 df)

Iteration 2:  3000000 integrand evaluations so far
[1] 18.6232 +- 25.2321  	chisq 1.24627 (1 df)

Iteration 3:  6000000 integrand evaluations so far
[1] -2.82722 +- 13.5904  	chisq 2.26433 (2 df)

Iteration 4:  10000000 integrand evaluations so far
[1] 0.446133 +- 12.496  	chisq 2.63967 (3 df)

Iteration 5:  15000000 integrand evaluations so far
[1] -3.76537 +- 11.724  	chisq 3.58827 (4 df)

Iteration 6:  21000000 integrand evaluations so far
[1] -2.40554 +- 8.94223  	chisq 3.62044 (5 df)

Iteration 7:  28000000 integrand evaluations so far
[1] 0.223231 +- 6.40267  	chisq 3.79777 (6 df)

Iteration 8:  36000000 integrand evaluations so far
[1] -0.395537 +- 6.1503  	chisq 3.91863 (7 df)

Iteration 9:  45000000 integrand evaluations so far
[1] -1.60844 +- 5.46949  	chisq 4.10459 (8 df)

Iteration 10:  55000000 integrand evaluations so far
[1] -0.22193 +- 5.10767  	chisq 4.60692 (9 df)
    -0.2 ±    5.1        (2.36mi) ┃Vegas input parameters:
  ndim 8
  ncomp 1
  nvec 1
  epsrel 0
  epsabs 0
  flags 10
  seed 123456
  mineval 5000000
  maxeval 50000000
  nstart 1000000
  nincrease 1000000
  nbatch 5000
  gridno 0
  statefile ""

Iteration 1:  1000000 integrand evaluations so far
[1] 50.2938 +- 13.5883  	chisq 0 (0 df)

Iteration 2:  3000000 integrand evaluations so far
[1] 12.8823 +- 4.54621  	chisq 8.53558 (1 df)

Iteration 3:  6000000 integrand evaluations so far
[1] 6.78844 +- 1.06046  	chisq 10.4357 (2 df)

Iteration 4:  10000000 integrand evaluations so far
[1] 8.5173 +- 0.925941  	chisq 21.6218 (3 df)

Iteration 5:  15000000 integrand evaluations so far
[1] 8.61007 +- 0.924766  	chisq 25.5792 (4 df)

Iteration 6:  21000000 integrand evaluations so far
[1] 9.0426 +- 0.916478  	chisq 37.8391 (5 df)

Iteration 7:  28000000 integrand evaluations so far
[1] 10.4153 +- 0.883753  	chisq 69.8252 (6 df)

Iteration 8:  36000000 integrand evaluations so far
[1] 10.4272 +- 0.883706  	chisq 71.5332 (7 df)

Iteration 9:  45000000 integrand evaluations so far
[1] 11.613 +- 0.864669  	chisq 113.781 (8 df)

Iteration 10:  55000000 integrand evaluations so far
[1] 12.9746 +- 0.842032  	chisq 161.764 (9 df)
   12.97 ±   0.84        ( 52.9s) ┃    12.9 ±    5.2        (10.2mi) ┃
┃   90 -    92 ┃   25 -    26 ┃  3.3893 ± 0.0031        (   2mi) ┃  -3.324 ± 0.0026        (24.7mi) ┃Vegas input parameters:
  ndim 10
  ncomp 1
  nvec 1
  epsrel 0
  epsabs 0
  flags 10
  seed 123456
  mineval 50000000
  maxeval 50000000
  nstart 1000000
  nincrease 1000000
  nbatch 5000
  gridno 0
  statefile ""

Iteration 1:  1000000 integrand evaluations so far
[1] -1301.41 +- 1126.51  	chisq 0 (0 df)

Iteration 2:  3000000 integrand evaluations so far
[1] -5.2262 +- 8.52638  	chisq 1.32399 (1 df)

Iteration 3:  6000000 integrand evaluations so far
[1] -6.30554 +- 8.23363  	chisq 1.56143 (2 df)

Iteration 4:  10000000 integrand evaluations so far
[1] -9.87815 +- 6.98883  	chisq 2.235 (3 df)

Iteration 5:  15000000 integrand evaluations so far
[1] -2.81729 +- 4.88872  	chisq 4.2337 (4 df)

Iteration 6:  21000000 integrand evaluations so far
[1] -1.74488 +- 4.58195  	chisq 4.62953 (5 df)

Iteration 7:  28000000 integrand evaluations so far
[1] -1.59178 +- 4.58024  	chisq 6.12678 (6 df)

Iteration 8:  36000000 integrand evaluations so far
[1] -1.88353 +- 4.36747  	chisq 6.17149 (7 df)

Iteration 9:  45000000 integrand evaluations so far
[1] -2.61253 +- 4.25603  	chisq 6.72452 (8 df)

Iteration 10:  55000000 integrand evaluations so far
[1] -2.62943 +- 4.1779  	chisq 6.72495 (9 df)
    -2.6 ±    4.2        ( 2.5mi) ┃Vegas input parameters:
  ndim 8
  ncomp 1
  nvec 1
  epsrel 0
  epsabs 0
  flags 10
  seed 123456
  mineval 5000000
  maxeval 50000000
  nstart 1000000
  nincrease 1000000
  nbatch 5000
  gridno 0
  statefile ""

Iteration 1:  1000000 integrand evaluations so far
[1] 57.5228 +- 16.0693  	chisq 0 (0 df)

Iteration 2:  3000000 integrand evaluations so far
[1] 12.5421 +- 3.88514  	chisq 8.3218 (1 df)

Iteration 3:  6000000 integrand evaluations so far
[1] 12.7987 +- 3.8809  	chisq 10.3206 (2 df)

Iteration 4:  10000000 integrand evaluations so far
[1] 13.6509 +- 3.75973  	chisq 11.1051 (3 df)

Iteration 5:  15000000 integrand evaluations so far
[1] 14.4564 +- 3.73382  	chisq 14.4468 (4 df)

Iteration 6:  21000000 integrand evaluations so far
[1] 15.2902 +- 3.7103  	chisq 18.4174 (5 df)

Iteration 7:  28000000 integrand evaluations so far
[1] 22.2969 +- 2.92815  	chisq 27.8725 (6 df)

Iteration 8:  36000000 integrand evaluations so far
[1] 29.8596 +- 2.14481  	chisq 42.2654 (7 df)

Iteration 9:  45000000 integrand evaluations so far
[1] 36.4068 +- 1.52854  	chisq 61.2007 (8 df)

Iteration 10:  55000000 integrand evaluations so far
[1] 38.9398 +- 1.11925  	chisq 67.1212 (9 df)
    38.9 ±    1.1        ( 57.8s) ┃    36.4 ±    4.3        (30.1mi) ┃
┃   90 -    92 ┃   26 -    27 ┃  3.8372 ± 0.0032        (1.98mi) ┃ -3.7403 ±  0.003        (12.2mi) ┃Vegas input parameters:
  ndim 10
  ncomp 1
  nvec 1
  epsrel 0
  epsabs 0
  flags 10
  seed 123456
  mineval 50000000
  maxeval 50000000
  nstart 1000000
  nincrease 1000000
  nbatch 5000
  gridno 0
  statefile ""

Iteration 1:  1000000 integrand evaluations so far
[1] 96.9304 +- 70.1298  	chisq 0 (0 df)

Iteration 2:  3000000 integrand evaluations so far
[1] -8.4188 +- 6.63039  	chisq 2.27697 (1 df)

Iteration 3:  6000000 integrand evaluations so far
[1] -7.87686 +- 6.61027  	chisq 3.37946 (2 df)

Iteration 4:  10000000 integrand evaluations so far
[1] -7.59544 +- 6.40711  	chisq 3.40941 (3 df)

Iteration 5:  15000000 integrand evaluations so far
[1] -2.06077 +- 4.28866  	chisq 4.76134 (4 df)

Iteration 6:  21000000 integrand evaluations so far
[1] -1.95832 +- 4.28804  	chisq 6.75243 (5 df)

Iteration 7:  28000000 integrand evaluations so far
[1] -1.06499 +- 3.8749  	chisq 6.98907 (6 df)

Iteration 8:  36000000 integrand evaluations so far
[1] -2.92721 +- 3.78154  	chisq 11.841 (7 df)

Iteration 9:  45000000 integrand evaluations so far
[1] -1.13605 +- 3.72151  	chisq 18.9634 (8 df)

Iteration 10:  55000000 integrand evaluations so far
[1] -0.724345 +- 3.29688  	chisq 19.0202 (9 df)
    -0.7 ±    3.3        (2.79mi) ┃Vegas input parameters:
  ndim 8
  ncomp 1
  nvec 1
  epsrel 0
  epsabs 0
  flags 10
  seed 123456
  mineval 5000000
  maxeval 50000000
  nstart 1000000
  nincrease 1000000
  nbatch 5000
  gridno 0
  statefile ""

Iteration 1:  1000000 integrand evaluations so far
[1] 78.0787 +- 19.8076  	chisq 0 (0 df)

Iteration 2:  3000000 integrand evaluations so far
[1] 15.3747 +- 4.08245  	chisq 10.4659 (1 df)

Iteration 3:  6000000 integrand evaluations so far
[1] 16.9544 +- 3.96331  	chisq 13.0693 (2 df)

Iteration 4:  10000000 integrand evaluations so far
[1] 18.4789 +- 3.81169  	chisq 15.0409 (3 df)

Iteration 5:  15000000 integrand evaluations so far
[1] 22.0813 +- 3.24895  	chisq 18.3069 (4 df)

Iteration 6:  21000000 integrand evaluations so far
[1] 25.5234 +- 3.0411  	chisq 27.3694 (5 df)

Iteration 7:  28000000 integrand evaluations so far
[1] 32.9929 +- 2.12564  	chisq 39.165 (6 df)

Iteration 8:  36000000 integrand evaluations so far
[1] 35.9038 +- 1.48092  	chisq 42.8093 (7 df)

Iteration 9:  45000000 integrand evaluations so far
[1] 39.7218 +- 1.01897  	chisq 55.432 (8 df)

Iteration 10:  55000000 integrand evaluations so far
[1] 41.281 +- 0.817444  	chisq 62.0013 (9 df)
   41.28 ±   0.82        (   58s) ┃    40.7 ±    3.4        (17.9mi) ┃
┃   90 -    92 ┃   27 -    28 ┃  5.6635 ± 0.0036        ( 30.7s) ┃  -5.528 ± 0.0049        (2.77mi) ┃Vegas input parameters:
  ndim 10
  ncomp 1
  nvec 1
  epsrel 0
  epsabs 0
  flags 10
  seed 123456
  mineval 50000000
  maxeval 50000000
  nstart 1000000
  nincrease 1000000
  nbatch 5000
  gridno 0
  statefile ""

Iteration 1:  1000000 integrand evaluations so far
[1] -7.532 +- 10.0599  	chisq 0 (0 df)

Iteration 2:  3000000 integrand evaluations so far
[1] -8.08888 +- 9.75869  	chisq 0.0519414 (1 df)

Iteration 3:  6000000 integrand evaluations so far
[1] -6.73458 +- 9.67893  	chisq 1.23494 (2 df)

Iteration 4:  10000000 integrand evaluations so far
[1] -9.01402 +- 9.40515  	chisq 2.22943 (3 df)

Iteration 5:  15000000 integrand evaluations so far
[1] -7.15444 +- 9.08608  	chisq 2.81553 (4 df)

Iteration 6:  21000000 integrand evaluations so far
[1] -8.62849 +- 8.72549  	chisq 3.15383 (5 df)

Iteration 7:  28000000 integrand evaluations so far
[1] -8.5448 +- 8.43722  	chisq 3.15525 (6 df)

Iteration 8:  36000000 integrand evaluations so far
[1] -9.70588 +- 7.75461  	chisq 3.27722 (7 df)

Iteration 9:  45000000 integrand evaluations so far
[1] -10.0104 +- 7.22327  	chisq 3.28887 (8 df)

Iteration 10:  55000000 integrand evaluations so far
[1] -13.9364 +- 6.88581  	chisq 6.52605 (9 df)
   -13.9 ±    6.9        (2.75mi) ┃Vegas input parameters:
  ndim 8
  ncomp 1
  nvec 1
  epsrel 0
  epsabs 0
  flags 10
  seed 123456
  mineval 5000000
  maxeval 50000000
  nstart 1000000
  nincrease 1000000
  nbatch 5000
  gridno 0
  statefile ""

Iteration 1:  1000000 integrand evaluations so far
[1] 43.6282 +- 13.7317  	chisq 0 (0 df)

Iteration 2:  3000000 integrand evaluations so far
[1] 41.9569 +- 12.3457  	chisq 0.0772761 (1 df)

Iteration 3:  6000000 integrand evaluations so far
[1] 43.2797 +- 12.1075  	chisq 0.377711 (2 df)

Iteration 4:  10000000 integrand evaluations so far
[1] 43.7424 +- 12.0965  	chisq 1.18165 (3 df)

Iteration 5:  15000000 integrand evaluations so far
[1] 8.35642 +- 2.43212  	chisq 10.0997 (4 df)

Iteration 6:  21000000 integrand evaluations so far
[1] 11.4617 +- 2.08154  	chisq 16.1935 (5 df)

Iteration 7:  28000000 integrand evaluations so far
[1] 16.1608 +- 1.82575  	chisq 38.287 (6 df)

Iteration 8:  36000000 integrand evaluations so far
[1] 22.5466 +- 1.44034  	chisq 70.6815 (7 df)

Iteration 9:  45000000 integrand evaluations so far
[1] 24.4886 +- 1.34778  	chisq 85.2957 (8 df)

Iteration 10:  55000000 integrand evaluations so far
[1] 27.7992 +- 1.17784  	chisq 110.831 (9 df)
    27.8 ±    1.2        (1.08mi) ┃      14 ±      7        (7.12mi) ┃
┃   90 -    92 ┃   28 -    29 ┃  3.8768 ± 0.0022        (3.96mi) ┃ -3.7947 ± 0.0023        (11.2mi) ┃Vegas input parameters:
  ndim 10
  ncomp 1
  nvec 1
  epsrel 0
  epsabs 0
  flags 10
  seed 123456
  mineval 50000000
  maxeval 50000000
  nstart 1000000
  nincrease 1000000
  nbatch 5000
  gridno 0
  statefile ""

Iteration 1:  1000000 integrand evaluations so far
[1] -91.1932 +- 96.5237  	chisq 0 (0 df)

Iteration 2:  3000000 integrand evaluations so far
[1] 2.06902 +- 29.3941  	chisq 1.02899 (1 df)

Iteration 3:  6000000 integrand evaluations so far
[1] 18.4012 +- 26.6801  	chisq 2.78173 (2 df)

Iteration 4:  10000000 integrand evaluations so far
[1] 21.1876 +- 18.3814  	chisq 2.8025 (3 df)

Iteration 5:  15000000 integrand evaluations so far
[1] 17.9967 +- 17.2966  	chisq 3.06558 (4 df)

Iteration 6:  21000000 integrand evaluations so far
[1] 20.0358 +- 17.183  	chisq 4.12719 (5 df)

Iteration 7:  28000000 integrand evaluations so far
[1] 23.4306 +- 14.3504  	chisq 4.25622 (6 df)

Iteration 8:  36000000 integrand evaluations so far
[1] 8.61085 +- 10.0212  	chisq 6.33779 (7 df)

Iteration 9:  45000000 integrand evaluations so far
[1] 9.93018 +- 9.96033  	chisq 7.76852 (8 df)

Iteration 10:  55000000 integrand evaluations so far
[1] 3.37153 +- 3.46822  	chisq 8.26193 (9 df)
     3.4 ±    3.5        (2.48mi) ┃Vegas input parameters:
  ndim 8
  ncomp 1
  nvec 1
  epsrel 0
  epsabs 0
  flags 10
  seed 123456
  mineval 5000000
  maxeval 50000000
  nstart 1000000
  nincrease 1000000
  nbatch 5000
  gridno 0
  statefile ""

Iteration 1:  1000000 integrand evaluations so far
[1] 30.4092 +- 11.6987  	chisq 0 (0 df)

Iteration 2:  3000000 integrand evaluations so far
[1] 3.58247 +- 1.56898  	chisq 5.35477 (1 df)

Iteration 3:  6000000 integrand evaluations so far
[1] 3.52247 +- 0.852472  	chisq 5.35685 (2 df)

Iteration 4:  10000000 integrand evaluations so far
[1] 3.85966 +- 0.822951  	chisq 7.65571 (3 df)

Iteration 5:  15000000 integrand evaluations so far
[1] 4.05972 +- 0.817198  	chisq 11.8974 (4 df)

Iteration 6:  21000000 integrand evaluations so far
[1] 5.08603 +- 0.786982  	chisq 33.6277 (5 df)

Iteration 7:  28000000 integrand evaluations so far
[1] 6.84261 +- 0.761283  	chisq 111.176 (6 df)

Iteration 8:  36000000 integrand evaluations so far
[1] 11.141 +- 0.703989  	chisq 331.255 (7 df)

Iteration 9:  45000000 integrand evaluations so far
[1] 16.0609 +- 0.638996  	chisq 608.574 (8 df)

Iteration 10:  55000000 integrand evaluations so far
[1] 21.3174 +- 0.561303  	chisq 904.865 (9 df)
   21.32 ±   0.56        (1.04mi) ┃    24.8 ±    3.5        (18.7mi) ┃
┃   90 -    92 ┃   29 -    30 ┃  3.7521 ± 0.0018        ( 4.6mi) ┃ -3.6698 ± 0.0015        (44.4mi) ┃Vegas input parameters:
  ndim 10
  ncomp 1
  nvec 1
  epsrel 0
  epsabs 0
  flags 10
  seed 123456
  mineval 50000000
  maxeval 50000000
  nstart 1000000
  nincrease 1000000
  nbatch 5000
  gridno 0
  statefile ""

Iteration 1:  1000000 integrand evaluations so far
[1] -13.6864 +- 29.3074  	chisq 0 (0 df)

Iteration 2:  3000000 integrand evaluations so far
[1] -8.96819 +- 21.6708  	chisq 0.0571847 (1 df)

Iteration 3:  6000000 integrand evaluations so far
[1] -10.6968 +- 15.9026  	chisq 0.070971 (2 df)

Iteration 4:  10000000 integrand evaluations so far
[1] -1.62379 +- 12.3026  	chisq 0.881676 (3 df)

Iteration 5:  15000000 integrand evaluations so far
[1] -3.08987 +- 12.1837  	chisq 1.61999 (4 df)

Iteration 6:  21000000 integrand evaluations so far
[1] 1.83505 +- 7.76686  	chisq 1.89524 (5 df)

Iteration 7:  28000000 integrand evaluations so far
[1] 3.5091 +- 7.4264  	chisq 2.43702 (6 df)

Iteration 8:  36000000 integrand evaluations so far
[1] 3.96205 +- 6.82876  	chisq 2.4611 (7 df)

Iteration 9:  45000000 integrand evaluations so far
[1] 3.73784 +- 6.82318  	chisq 3.12071 (8 df)

Iteration 10:  55000000 integrand evaluations so far
[1] 4.31893 +- 6.73593  	chisq 3.40613 (9 df)
     4.3 ±    6.7        (2.62mi) ┃Vegas input parameters:
  ndim 8
  ncomp 1
  nvec 1
  epsrel 0
  epsabs 0
  flags 10
  seed 123456
  mineval 5000000
  maxeval 50000000
  nstart 1000000
  nincrease 1000000
  nbatch 5000
  gridno 0
  statefile ""

Iteration 1:  1000000 integrand evaluations so far
[1] 46.259 +- 13.4013  	chisq 0 (0 df)

Iteration 2:  3000000 integrand evaluations so far
[1] 21.4638 +- 6.84878  	chisq 4.63339 (1 df)

Iteration 3:  6000000 integrand evaluations so far
[1] 7.08261 +- 1.65359  	chisq 9.31559 (2 df)

Iteration 4:  10000000 integrand evaluations so far
[1] 7.39075 +- 1.64061  	chisq 11.5369 (3 df)

Iteration 5:  15000000 integrand evaluations so far
[1] 8.8602 +- 1.58068  	chisq 22.7216 (4 df)

Iteration 6:  21000000 integrand evaluations so far
[1] 10.8939 +- 1.52759  	chisq 47.7877 (5 df)

Iteration 7:  28000000 integrand evaluations so far
[1] 13.2636 +- 1.46862  	chisq 79.5687 (6 df)

Iteration 8:  36000000 integrand evaluations so far
[1] 20.3957 +- 1.24754  	chisq 164.278 (7 df)

Iteration 9:  45000000 integrand evaluations so far
[1] 29.6215 +- 0.924871  	chisq 285.703 (8 df)

Iteration 10:  55000000 integrand evaluations so far
[1] 34.6607 +- 0.72112  	chisq 361.418 (9 df)
   34.66 ±   0.72        (1.04mi) ┃    39.1 ±    6.8        (52.6mi) ┃
┃   90 -    92 ┃   30 -    31 ┃  5.1439 ± 0.0044        (2.28mi) ┃ -5.0151 ±  0.001        (10.6mi) ┃Vegas input parameters:
  ndim 10
  ncomp 1
  nvec 1
  epsrel 0
  epsabs 0
  flags 10
  seed 123456
  mineval 50000000
  maxeval 50000000
  nstart 1000000
  nincrease 1000000
  nbatch 5000
  gridno 0
  statefile ""

Iteration 1:  1000000 integrand evaluations so far
[1] -6.6654 +- 12.8939  	chisq 0 (0 df)

Iteration 2:  3000000 integrand evaluations so far
[1] -8.68927 +- 11.1858  	chisq 0.0995828 (1 df)

Iteration 3:  6000000 integrand evaluations so far
[1] -7.81623 +- 11.1672  	chisq 1.94048 (2 df)

Iteration 4:  10000000 integrand evaluations so far
[1] -7.95592 +- 11.1658  	chisq 2.54724 (3 df)

Iteration 5:  15000000 integrand evaluations so far
[1] -3.628 +- 10.398  	chisq 3.67862 (4 df)

Iteration 6:  21000000 integrand evaluations so far
[1] 2.41247 +- 5.68673  	chisq 4.16011 (5 df)

Iteration 7:  28000000 integrand evaluations so far
[1] 0.983722 +- 4.45458  	chisq 4.32348 (6 df)

Iteration 8:  36000000 integrand evaluations so far
[1] 0.24238 +- 4.41883  	chisq 6.05576 (7 df)

Iteration 9:  45000000 integrand evaluations so far
[1] 0.471681 +- 4.37293  	chisq 6.18605 (8 df)

Iteration 10:  55000000 integrand evaluations so far
[1] 0.332276 +- 4.3526  	chisq 6.29563 (9 df)
     0.3 ±    4.4        (2.87mi) ┃Vegas input parameters:
  ndim 8
  ncomp 1
  nvec 1
  epsrel 0
  epsabs 0
  flags 10
  seed 123456
  mineval 5000000
  maxeval 50000000
  nstart 1000000
  nincrease 1000000
  nbatch 5000
  gridno 0
  statefile ""

Iteration 1:  1000000 integrand evaluations so far
[1] 28.5597 +- 8.82074  	chisq 0 (0 df)

Iteration 2:  3000000 integrand evaluations so far
[1] 2.50824 +- 0.828654  	chisq 8.80043 (1 df)

Iteration 3:  6000000 integrand evaluations so far
[1] 2.72144 +- 0.803921  	chisq 9.92608 (2 df)

Iteration 4:  10000000 integrand evaluations so far
[1] 3.51 +- 0.769904  	chisq 21.541 (3 df)

Iteration 5:  15000000 integrand evaluations so far
[1] 4.05613 +- 0.757876  	chisq 37.7722 (4 df)

Iteration 6:  21000000 integrand evaluations so far
[1] 4.81176 +- 0.747234  	chisq 73.4202 (5 df)

Iteration 7:  28000000 integrand evaluations so far
[1] 4.87553 +- 0.74677  	chisq 79.2811 (6 df)

Iteration 8:  36000000 integrand evaluations so far
[1] 4.88032 +- 0.74676  	chisq 80.8749 (7 df)

Iteration 9:  45000000 integrand evaluations so far
[1] 5.32679 +- 0.740973  	chisq 104.025 (8 df)

Iteration 10:  55000000 integrand evaluations so far
[1] 6.20809 +- 0.732909  	chisq 169.382 (9 df)
    6.21 ±   0.73        (1.05mi) ┃     6.7 ±    4.4        (16.8mi) ┃
┃   90 -    92 ┃   31 -    32 ┃  4.2959 ± 0.0015        (8.16mi) ┃ -4.1942 ± 0.0014        (11.6mi) ┃Vegas input parameters:
  ndim 10
  ncomp 1
  nvec 1
  epsrel 0
  epsabs 0
  flags 10
  seed 123456
  mineval 50000000
  maxeval 50000000
  nstart 1000000
  nincrease 1000000
  nbatch 5000
  gridno 0
  statefile ""

Iteration 1:  1000000 integrand evaluations so far
[1] -15.8471 +- 50.1817  	chisq 0 (0 df)

Iteration 2:  3000000 integrand evaluations so far
[1] -42.0096 +- 26.8937  	chisq 0.381338 (1 df)

Iteration 3:  6000000 integrand evaluations so far
[1] -24.2661 +- 24.1571  	chisq 2.63488 (2 df)

Iteration 4:  10000000 integrand evaluations so far
[1] -0.20351 +- 8.41029  	chisq 3.76392 (3 df)

Iteration 5:  15000000 integrand evaluations so far
[1] 5.92796 +- 6.44569  	chisq 5.05204 (4 df)

Iteration 6:  21000000 integrand evaluations so far
[1] 5.04955 +- 6.26354  	chisq 5.38534 (5 df)

Iteration 7:  28000000 integrand evaluations so far
[1] 6.20529 +- 5.75731  	chisq 5.60484 (6 df)

Iteration 8:  36000000 integrand evaluations so far
[1] 6.21785 +- 5.7573  	chisq 6.61837 (7 df)

Iteration 9:  45000000 integrand evaluations so far
[1] 4.17218 +- 5.594  	chisq 8.87594 (8 df)

Iteration 10:  55000000 integrand evaluations so far
[1] 4.35629 +- 5.57724  	chisq 9.05703 (9 df)
     4.4 ±    5.6        (2.49mi) ┃Vegas input parameters:
  ndim 8
  ncomp 1
  nvec 1
  epsrel 0
  epsabs 0
  flags 10
  seed 123456
  mineval 5000000
  maxeval 50000000
  nstart 1000000
  nincrease 1000000
  nbatch 5000
  gridno 0
  statefile ""

Iteration 1:  1000000 integrand evaluations so far
[1] 70.1358 +- 19.7262  	chisq 0 (0 df)

Iteration 2:  3000000 integrand evaluations so far
[1] 5.81936 +- 1.57075  	chisq 10.6985 (1 df)

Iteration 3:  6000000 integrand evaluations so far
[1] 6.57066 +- 1.53872  	chisq 16.3661 (2 df)

Iteration 4:  10000000 integrand evaluations so far
[1] 8.39609 +- 1.38914  	chisq 23.9747 (3 df)

Iteration 5:  15000000 integrand evaluations so far
[1] 9.20839 +- 1.36826  	chisq 35.4327 (4 df)

Iteration 6:  21000000 integrand evaluations so far
[1] 11.4261 +- 1.30391  	chisq 64.0376 (5 df)

Iteration 7:  28000000 integrand evaluations so far
[1] 15.6767 +- 1.17774  	chisq 121.742 (6 df)

Iteration 8:  36000000 integrand evaluations so far
[1] 21.9177 +- 0.9864  	chisq 215.804 (7 df)

Iteration 9:  45000000 integrand evaluations so far
[1] 25.8489 +- 0.8645  	chisq 284.299 (8 df)

Iteration 10:  55000000 integrand evaluations so far
[1] 29.7467 +- 0.735693  	chisq 358.009 (9 df)
   29.75 ±   0.74        (1.02mi) ┃    34.2 ±    5.6        (23.2mi) ┃
┃   90 -    92 ┃   32 -    33 ┃  3.7839 ± 0.0019        (8.33mi) ┃ -3.6883 ± 0.0036        (21.9mi) ┃Vegas input parameters:
  ndim 10
  ncomp 1
  nvec 1
  epsrel 0
  epsabs 0
  flags 10
  seed 123456
  mineval 50000000
  maxeval 50000000
  nstart 1000000
  nincrease 1000000
  nbatch 5000
  gridno 0
  statefile ""

Iteration 1:  1000000 integrand evaluations so far
[1] 781.652 +- 815.437  	chisq 0 (0 df)

Iteration 2:  3000000 integrand evaluations so far
[1] 47.2995 +- 46.8639  	chisq 0.813703 (1 df)

Iteration 3:  6000000 integrand evaluations so far
[1] -0.422954 +- 3.60291  	chisq 1.85685 (2 df)

Iteration 4:  10000000 integrand evaluations so far
[1] -0.458344 +- 3.5907  	chisq 1.87111 (3 df)

Iteration 5:  15000000 integrand evaluations so far
[1] -0.555795 +- 3.58153  	chisq 2.01555 (4 df)

Iteration 6:  21000000 integrand evaluations so far
[1] 0.225112 +- 3.5395  	chisq 4.053 (5 df)

Iteration 7:  28000000 integrand evaluations so far
[1] 0.269616 +- 3.53915  	chisq 4.86384 (6 df)

Iteration 8:  36000000 integrand evaluations so far
[1] 0.548522 +- 3.51821  	chisq 5.39011 (7 df)

Iteration 9:  45000000 integrand evaluations so far
[1] 0.193759 +- 3.49988  	chisq 6.36838 (8 df)

Iteration 10:  55000000 integrand evaluations so far
[1] 0.234111 +- 3.49967  	chisq 7.48488 (9 df)
     0.2 ±    3.5        (2.15mi) ┃Vegas input parameters:
  ndim 8
  ncomp 1
  nvec 1
  epsrel 0
  epsabs 0
  flags 10
  seed 123456
  mineval 5000000
  maxeval 50000000
  nstart 1000000
  nincrease 1000000
  nbatch 5000
  gridno 0
  statefile ""

Iteration 1:  1000000 integrand evaluations so far
[1] 30.506 +- 10.7248  	chisq 0 (0 df)

Iteration 2:  3000000 integrand evaluations so far
[1] 3.64433 +- 2.05813  	chisq 6.51296 (1 df)

Iteration 3:  6000000 integrand evaluations so far
[1] 3.68323 +- 2.05775  	chisq 7.4871 (2 df)

Iteration 4:  10000000 integrand evaluations so far
[1] 4.25022 +- 1.29872  	chisq 7.61328 (3 df)

Iteration 5:  15000000 integrand evaluations so far
[1] 4.48451 +- 1.29187  	chisq 10.7066 (4 df)

Iteration 6:  21000000 integrand evaluations so far
[1] 7.41864 +- 1.1544  	chisq 36.3074 (5 df)

Iteration 7:  28000000 integrand evaluations so far
[1] 7.78764 +- 1.14905  	chisq 47.3484 (6 df)

Iteration 8:  36000000 integrand evaluations so far
[1] 12.6401 +- 1.01672  	chisq 129.509 (7 df)

Iteration 9:  45000000 integrand evaluations so far
[1] 17.0101 +- 0.914841  	chisq 226.553 (8 df)

Iteration 10:  55000000 integrand evaluations so far
[1] 23.3756 +- 0.749544  	chisq 373.832 (9 df)
   23.38 ±   0.75        ( 49.2s) ┃    23.7 ±    3.6        (33.2mi) ┃
┃   90 -    92 ┃   33 -    34 ┃  3.4899 ± 0.0031        (7.51mi) ┃ -3.4085 ± 0.0033        (22.5mi) ┃Vegas input parameters:
  ndim 10
  ncomp 1
  nvec 1
  epsrel 0
  epsabs 0
  flags 10
  seed 123456
  mineval 50000000
  maxeval 50000000
  nstart 1000000
  nincrease 1000000
  nbatch 5000
  gridno 0
  statefile ""

Iteration 1:  1000000 integrand evaluations so far
[1] -25.7741 +- 12.5242  	chisq 0 (0 df)

Iteration 2:  3000000 integrand evaluations so far
[1] -20.8938 +- 9.31323  	chisq 0.339675 (1 df)

Iteration 3:  6000000 integrand evaluations so far
[1] -17.5337 +- 9.15665  	chisq 4.24361 (2 df)

Iteration 4:  10000000 integrand evaluations so far
[1] -3.92978 +- 6.5168  	chisq 8.71644 (3 df)

Iteration 5:  15000000 integrand evaluations so far
[1] -4.3596 +- 5.9266  	chisq 8.7416 (4 df)

Iteration 6:  21000000 integrand evaluations so far
[1] -4.96972 +- 5.8967  	chisq 9.7949 (5 df)

Iteration 7:  28000000 integrand evaluations so far
[1] -3.78891 +- 5.29079  	chisq 10.0006 (6 df)

Iteration 8:  36000000 integrand evaluations so far
[1] -4.5483 +- 5.22568  	chisq 10.8428 (7 df)

Iteration 9:  45000000 integrand evaluations so far
[1] -3.62993 +- 4.82558  	chisq 11.0526 (8 df)

Iteration 10:  55000000 integrand evaluations so far
[1] -1.38119 +- 4.5923  	chisq 13.3542 (9 df)
    -1.4 ±    4.6        (2.15mi) ┃Vegas input parameters:
  ndim 8
  ncomp 1
  nvec 1
  epsrel 0
  epsabs 0
  flags 10
  seed 123456
  mineval 5000000
  maxeval 50000000
  nstart 1000000
  nincrease 1000000
  nbatch 5000
  gridno 0
  statefile ""

Iteration 1:  1000000 integrand evaluations so far
[1] 50.5215 +- 14.9191  	chisq 0 (0 df)

Iteration 2:  3000000 integrand evaluations so far
[1] 46.4276 +- 13.1691  	chisq 0.340968 (1 df)

Iteration 3:  6000000 integrand evaluations so far
[1] 47.5649 +- 12.9984  	chisq 0.6305 (2 df)

Iteration 4:  10000000 integrand evaluations so far
[1] 10.0342 +- 2.78991  	chisq 9.36982 (3 df)

Iteration 5:  15000000 integrand evaluations so far
[1] 12.298 +- 2.437  	chisq 12.1482 (4 df)

Iteration 6:  21000000 integrand evaluations so far
[1] 13.3923 +- 2.39704  	chisq 18.3466 (5 df)

Iteration 7:  28000000 integrand evaluations so far
[1] 16.6671 +- 2.25796  	chisq 34.9111 (6 df)

Iteration 8:  36000000 integrand evaluations so far
[1] 23.1374 +- 1.77766  	chisq 56.5096 (7 df)

Iteration 9:  45000000 integrand evaluations so far
[1] 30.2001 +- 1.18897  	chisq 85.072 (8 df)

Iteration 10:  55000000 integrand evaluations so far
[1] 33.458 +- 0.766665  	chisq 97.9237 (9 df)
   33.46 ±   0.77        ( 47.6s) ┃    32.2 ±    4.7        (32.9mi) ┃
┃   90 -    92 ┃   34 -    35 ┃  5.9034 ± 0.0056        (1.96mi) ┃ -5.7908 ± 0.0015        (22.1mi) ┃Vegas input parameters:
  ndim 10
  ncomp 1
  nvec 1
  epsrel 0
  epsabs 0
  flags 10
  seed 123456
  mineval 50000000
  maxeval 50000000
  nstart 1000000
  nincrease 1000000
  nbatch 5000
  gridno 0
  statefile ""

Iteration 1:  1000000 integrand evaluations so far
[1] 17.5334 +- 19.9508  	chisq 0 (0 df)

Iteration 2:  3000000 integrand evaluations so far
[1] 26.6868 +- 16.4211  	chisq 0.65263 (1 df)

Iteration 3:  6000000 integrand evaluations so far
[1] 22.2126 +- 13.2054  	chisq 0.862744 (2 df)

Iteration 4:  10000000 integrand evaluations so far
[1] 14.4043 +- 12.2955  	chisq 3.49016 (3 df)

Iteration 5:  15000000 integrand evaluations so far
[1] 12.5271 +- 8.77312  	chisq 3.53765 (4 df)

Iteration 6:  21000000 integrand evaluations so far
[1] 10.4834 +- 8.5563  	chisq 4.64924 (5 df)

Iteration 7:  28000000 integrand evaluations so far
[1] 8.78952 +- 8.24307  	chisq 5.1945 (6 df)

Iteration 8:  36000000 integrand evaluations so far
[1] 7.60551 +- 6.47708  	chisq 5.24842 (7 df)

Iteration 9:  45000000 integrand evaluations so far
[1] 4.87 +- 6.15572  	chisq 7.09168 (8 df)

Iteration 10:  55000000 integrand evaluations so far
[1] 4.62863 +- 6.14099  	chisq 7.41331 (9 df)
     4.6 ±    6.1        ( 2.2mi) ┃Vegas input parameters:
  ndim 8
  ncomp 1
  nvec 1
  epsrel 0
  epsabs 0
  flags 10
  seed 123456
  mineval 5000000
  maxeval 50000000
  nstart 1000000
  nincrease 1000000
  nbatch 5000
  gridno 0
  statefile ""

Iteration 1:  1000000 integrand evaluations so far
[1] 23.4434 +- 8.15093  	chisq 0 (0 df)

Iteration 2:  3000000 integrand evaluations so far
[1] 2.38892 +- 0.826806  	chisq 6.74163 (1 df)

Iteration 3:  6000000 integrand evaluations so far
[1] 2.42244 +- 0.826577  	chisq 9.69829 (2 df)

Iteration 4:  10000000 integrand evaluations so far
[1] 2.5987 +- 0.820434  	chisq 12.7694 (3 df)

Iteration 5:  15000000 integrand evaluations so far
[1] 3.23121 +- 0.798512  	chisq 24.0419 (4 df)

Iteration 6:  21000000 integrand evaluations so far
[1] 3.72671 +- 0.789086  	chisq 40.4491 (5 df)

Iteration 7:  28000000 integrand evaluations so far
[1] 4.65427 +- 0.775299  	chisq 80.3377 (6 df)

Iteration 8:  36000000 integrand evaluations so far
[1] 4.8227 +- 0.773418  	chisq 90.0763 (7 df)

Iteration 9:  45000000 integrand evaluations so far
[1] 6.7304 +- 0.744271  	chisq 172.346 (8 df)

Iteration 10:  55000000 integrand evaluations so far
[1] 11.069 +- 0.688981  	chisq 409.891 (9 df)
   11.07 ±   0.69        ( 55.4s) ┃    15.8 ±    6.2        (27.1mi) ┃
┃   90 -    92 ┃   35 -    36 ┃   4.306 ± 0.0012        (1.45mi) ┃-4.14963 ± 0.00073        (  43mi) ┃Vegas input parameters:
  ndim 10
  ncomp 1
  nvec 1
  epsrel 0
  epsabs 0
  flags 10
  seed 123456
  mineval 50000000
  maxeval 50000000
  nstart 1000000
  nincrease 1000000
  nbatch 5000
  gridno 0
  statefile ""

Iteration 1:  1000000 integrand evaluations so far
[1] -6.71667 +- 22.7498  	chisq 0 (0 df)

Iteration 2:  3000000 integrand evaluations so far
[1] -2.76897 +- 22.3426  	chisq 0.84865 (1 df)

Iteration 3:  6000000 integrand evaluations so far
[1] -14.2502 +- 18.6704  	chisq 1.72389 (2 df)

Iteration 4:  10000000 integrand evaluations so far
[1] -5.91028 +- 17.7814  	chisq 3.87026 (3 df)

Iteration 5:  15000000 integrand evaluations so far
[1] -7.1051 +- 6.03293  	chisq 3.87536 (4 df)

Iteration 6:  21000000 integrand evaluations so far
[1] -4.7703 +- 5.90408  	chisq 7.41935 (5 df)

Iteration 7:  28000000 integrand evaluations so far
[1] -4.18723 +- 5.86335  	chisq 8.1288 (6 df)

Iteration 8:  36000000 integrand evaluations so far
[1] -4.31634 +- 5.86161  	chisq 8.94515 (7 df)

Iteration 9:  45000000 integrand evaluations so far
[1] -4.4951 +- 3.34859  	chisq 8.94653 (8 df)

Iteration 10:  55000000 integrand evaluations so far
[1] -4.79352 +- 3.30253  	chisq 9.23721 (9 df)
    -4.8 ±    3.3        (2.09mi) ┃Vegas input parameters:
  ndim 8
  ncomp 1
  nvec 1
  epsrel 0
  epsabs 0
  flags 10
  seed 123456
  mineval 5000000
  maxeval 50000000
  nstart 1000000
  nincrease 1000000
  nbatch 5000
  gridno 0
  statefile ""

Iteration 1:  1000000 integrand evaluations so far
[1] 61.4623 +- 15.5118  	chisq 0 (0 df)

Iteration 2:  3000000 integrand evaluations so far
[1] 17.3189 +- 5.87431  	chisq 9.45439 (1 df)

Iteration 3:  6000000 integrand evaluations so far
[1] 17.3496 +- 5.87423  	chisq 10.4489 (2 df)

Iteration 4:  10000000 integrand evaluations so far
[1] 17.5681 +- 5.86939  	chisq 11.2903 (3 df)

Iteration 5:  15000000 integrand evaluations so far
[1] 8.25779 +- 2.44967  	chisq 14.3373 (4 df)

Iteration 6:  21000000 integrand evaluations so far
[1] 8.69561 +- 2.43985  	chisq 18.3318 (5 df)

Iteration 7:  28000000 integrand evaluations so far
[1] 10.2369 +- 2.36611  	chisq 25.035 (6 df)

Iteration 8:  36000000 integrand evaluations so far
[1] 15.2228 +- 2.10108  	chisq 46.0316 (7 df)

Iteration 9:  45000000 integrand evaluations so far
[1] 22.5656 +- 1.72378  	chisq 83.393 (8 df)

Iteration 10:  55000000 integrand evaluations so far
[1] 28.6771 +- 1.33381  	chisq 114.717 (9 df)
    28.7 ±    1.3        ( 47.4s) ┃      24 ±    3.6        (47.3mi) ┃
┃   90 -    92 ┃   36 -    37 ┃  3.0686 ± 0.0011        (3.67mi) ┃ -3.0271 ± 0.0015        (10.6mi) ┃Vegas input parameters:
  ndim 10
  ncomp 1
  nvec 1
  epsrel 0
  epsabs 0
  flags 10
  seed 123456
  mineval 50000000
  maxeval 50000000
  nstart 1000000
  nincrease 1000000
  nbatch 5000
  gridno 0
  statefile ""

Iteration 1:  1000000 integrand evaluations so far
[1] -33.2968 +- 34.8796  	chisq 0 (0 df)

Iteration 2:  3000000 integrand evaluations so far
[1] -21.9201 +- 33.461  	chisq 1.33509 (1 df)

Iteration 3:  6000000 integrand evaluations so far
[1] 8.01044 +- 10.4978  	chisq 2.22255 (2 df)

Iteration 4:  10000000 integrand evaluations so far
[1] 10.1005 +- 10.2617  	chisq 3.11368 (3 df)

Iteration 5:  15000000 integrand evaluations so far
[1] 8.0863 +- 9.3972  	chisq 3.35239 (4 df)

Iteration 6:  21000000 integrand evaluations so far
[1] 9.13608 +- 8.10712  	chisq 3.40119 (5 df)

Iteration 7:  28000000 integrand evaluations so far
[1] 8.69904 +- 7.69189  	chisq 3.43031 (6 df)

Iteration 8:  36000000 integrand evaluations so far
[1] 6.71155 +- 7.46955  	chisq 4.60209 (7 df)

Iteration 9:  45000000 integrand evaluations so far
[1] 0.191915 +- 5.75036  	chisq 6.47231 (8 df)

Iteration 10:  55000000 integrand evaluations so far
[1] 0.697338 +- 5.53284  	chisq 6.5764 (9 df)
     0.7 ±    5.5        ( 2.1mi) ┃Vegas input parameters:
  ndim 8
  ncomp 1
  nvec 1
  epsrel 0
  epsabs 0
  flags 10
  seed 123456
  mineval 5000000
  maxeval 50000000
  nstart 1000000
  nincrease 1000000
  nbatch 5000
  gridno 0
  statefile ""

Iteration 1:  1000000 integrand evaluations so far
[1] 27.3655 +- 9.44457  	chisq 0 (0 df)

Iteration 2:  3000000 integrand evaluations so far
[1] 28.0855 +- 9.38788  	chisq 0.485664 (1 df)

Iteration 3:  6000000 integrand evaluations so far
[1] 16.2708 +- 5.85318  	chisq 3.07672 (2 df)

Iteration 4:  10000000 integrand evaluations so far
[1] 3.36235 +- 0.906271  	chisq 8.05987 (3 df)

Iteration 5:  15000000 integrand evaluations so far
[1] 3.6306 +- 0.899505  	chisq 13.9495 (4 df)

Iteration 6:  21000000 integrand evaluations so far
[1] 4.48815 +- 0.871659  	chisq 28.8599 (5 df)

Iteration 7:  28000000 integrand evaluations so far
[1] 4.78082 +- 0.866307  	chisq 38.0697 (6 df)

Iteration 8:  36000000 integrand evaluations so far
[1] 4.79187 +- 0.866262  	chisq 39.627 (7 df)

Iteration 9:  45000000 integrand evaluations so far
[1] 5.12077 +- 0.859973  	chisq 49.5925 (8 df)

Iteration 10:  55000000 integrand evaluations so far
[1] 6.21212 +- 0.843937  	chisq 93.1815 (9 df)
    6.21 ±   0.84        ( 48.9s) ┃       7 ±    5.6        (17.2mi) ┃
┃   90 -    92 ┃   37 -    38 ┃  4.6832 ± 0.0033        (7.34mi) ┃ -4.5767 ± 0.0011        (20.8mi) ┃Vegas input parameters:
  ndim 10
  ncomp 1
  nvec 1
  epsrel 0
  epsabs 0
  flags 10
  seed 123456
  mineval 50000000
  maxeval 50000000
  nstart 1000000
  nincrease 1000000
  nbatch 5000
  gridno 0
  statefile ""

Iteration 1:  1000000 integrand evaluations so far
[1] 11.8741 +- 26.6113  	chisq 0 (0 df)

Iteration 2:  3000000 integrand evaluations so far
[1] 21.9365 +- 19.6914  	chisq 0.316006 (1 df)

Iteration 3:  6000000 integrand evaluations so far
[1] 12.6198 +- 17.8618  	chisq 1.57938 (2 df)

Iteration 4:  10000000 integrand evaluations so far
[1] 13.2463 +- 15.9431  	chisq 1.58544 (3 df)

Iteration 5:  15000000 integrand evaluations so far
[1] -3.40506 +- 12.4584  	chisq 4.38692 (4 df)

Iteration 6:  21000000 integrand evaluations so far
[1] -8.00146 +- 11.1513  	chisq 5.07156 (5 df)

Iteration 7:  28000000 integrand evaluations so far
[1] -9.07671 +- 11.015  	chisq 5.45421 (6 df)

Iteration 8:  36000000 integrand evaluations so far
[1] -5.10432 +- 10.5953  	chisq 7.19387 (7 df)

Iteration 9:  45000000 integrand evaluations so far
[1] -5.56296 +- 10.5851  	chisq 8.17172 (8 df)

Iteration 10:  55000000 integrand evaluations so far
[1] 1.82261 +- 6.86463  	chisq 9.01191 (9 df)
     1.8 ±    6.9        (2.12mi) ┃Vegas input parameters:
  ndim 8
  ncomp 1
  nvec 1
  epsrel 0
  epsabs 0
  flags 10
  seed 123456
  mineval 5000000
  maxeval 50000000
  nstart 1000000
  nincrease 1000000
  nbatch 5000
  gridno 0
  statefile ""

Iteration 1:  1000000 integrand evaluations so far
[1] 43.4294 +- 12.2481  	chisq 0 (0 df)

Iteration 2:  3000000 integrand evaluations so far
[1] 27.348 +- 7.81695  	chisq 2.90863 (1 df)

Iteration 3:  6000000 integrand evaluations so far
[1] 17.9793 +- 4.13686  	chisq 4.90388 (2 df)

Iteration 4:  10000000 integrand evaluations so far
[1] 19.1914 +- 3.55486  	chisq 5.23211 (3 df)

Iteration 5:  15000000 integrand evaluations so far
[1] 20.1571 +- 2.99399  	chisq 5.48599 (4 df)

Iteration 6:  21000000 integrand evaluations so far
[1] 22.9999 +- 2.1011  	chisq 7.26242 (5 df)

Iteration 7:  28000000 integrand evaluations so far
[1] 24.9857 +- 1.65673  	chisq 9.62385 (6 df)

Iteration 8:  36000000 integrand evaluations so far
[1] 26.5385 +- 0.951712  	chisq 10.9351 (7 df)

Iteration 9:  45000000 integrand evaluations so far
[1] 26.5402 +- 0.951711  	chisq 11.9389 (8 df)

Iteration 10:  55000000 integrand evaluations so far
[1] 25.4048 +- 0.885814  	chisq 22.5847 (9 df)
    25.4 ±   0.89        (   46s) ┃    27.3 ±    6.9        (31.1mi) ┃
┃   90 -    92 ┃   38 -    39 ┃  5.4253 ± 0.0028        (1.83mi) ┃ -5.3443 ± 0.0013        (10.7mi) ┃Vegas input parameters:
  ndim 10
  ncomp 1
  nvec 1
  epsrel 0
  epsabs 0
  flags 10
  seed 123456
  mineval 50000000
  maxeval 50000000
  nstart 1000000
  nincrease 1000000
  nbatch 5000
  gridno 0
  statefile ""

Iteration 1:  1000000 integrand evaluations so far
[1] -36.311 +- 93.2935  	chisq 0 (0 df)

Iteration 2:  3000000 integrand evaluations so far
[1] 42.0521 +- 25.79  	chisq 0.763913 (1 df)

Iteration 3:  6000000 integrand evaluations so far
[1] 23.6542 +- 23.3409  	chisq 3.57705 (2 df)

Iteration 4:  10000000 integrand evaluations so far
[1] 27.9878 +- 21.6884  	chisq 3.82943 (3 df)

Iteration 5:  15000000 integrand evaluations so far
[1] 3.27867 +- 3.71613  	chisq 5.16664 (4 df)

Iteration 6:  21000000 integrand evaluations so far
[1] 3.80476 +- 3.59509  	chisq 5.47941 (5 df)

Iteration 7:  28000000 integrand evaluations so far
[1] 2.93905 +- 3.18592  	chisq 5.74953 (6 df)

Iteration 8:  36000000 integrand evaluations so far
[1] 2.51294 +- 3.1254  	chisq 6.22488 (7 df)

Iteration 9:  45000000 integrand evaluations so far
[1] 1.85046 +- 3.08259  	chisq 7.8763 (8 df)

Iteration 10:  55000000 integrand evaluations so far
[1] 0.73224 +- 2.92001  	chisq 9.15761 (9 df)
     0.7 ±    2.9        (2.12mi) ┃Vegas input parameters:
  ndim 8
  ncomp 1
  nvec 1
  epsrel 0
  epsabs 0
  flags 10
  seed 123456
  mineval 5000000
  maxeval 50000000
  nstart 1000000
  nincrease 1000000
  nbatch 5000
  gridno 0
  statefile ""

Iteration 1:  1000000 integrand evaluations so far
[1] 47.6624 +- 14.3976  	chisq 0 (0 df)

Iteration 2:  3000000 integrand evaluations so far
[1] 6.18008 +- 3.17332  	chisq 8.72512 (1 df)

Iteration 3:  6000000 integrand evaluations so far
[1] 5.12227 +- 1.80165  	chisq 8.8891 (2 df)

Iteration 4:  10000000 integrand evaluations so far
[1] 6.15156 +- 1.60244  	chisq 10.4514 (3 df)

Iteration 5:  15000000 integrand evaluations so far
[1] 6.27684 +- 1.6006  	chisq 13.104 (4 df)

Iteration 6:  21000000 integrand evaluations so far
[1] 7.33682 +- 1.557  	chisq 21.2656 (5 df)

Iteration 7:  28000000 integrand evaluations so far
[1] 9.54906 +- 1.48709  	chisq 44.2637 (6 df)

Iteration 8:  36000000 integrand evaluations so far
[1] 11.1116 +- 1.4488  	chisq 65.9815 (7 df)

Iteration 9:  45000000 integrand evaluations so far
[1] 16.3409 +- 1.26953  	chisq 122.097 (8 df)

Iteration 10:  55000000 integrand evaluations so far
[1] 24.9109 +- 0.914252  	chisq 216.761 (9 df)
   24.91 ±   0.91        ( 48.5s) ┃    25.7 ±    3.1        (15.4mi) ┃
┃   90 -    92 ┃   39 -    40 ┃  3.1364 ± 0.0027        (1.86mi) ┃ -3.0392 ± 0.0025        (5.21mi) ┃Vegas input parameters:
  ndim 10
  ncomp 1
  nvec 1
  epsrel 0
  epsabs 0
  flags 10
  seed 123456
  mineval 50000000
  maxeval 50000000
  nstart 1000000
  nincrease 1000000
  nbatch 5000
  gridno 0
  statefile ""

Iteration 1:  1000000 integrand evaluations so far
[1] -18.8414 +- 30.191  	chisq 0 (0 df)

Iteration 2:  3000000 integrand evaluations so far
[1] -27.02 +- 29.2865  	chisq 1.24325 (1 df)

Iteration 3:  6000000 integrand evaluations so far
[1] 9.61276 +- 18.159  	chisq 3.7851 (2 df)

Iteration 4:  10000000 integrand evaluations so far
[1] 10.1016 +- 18.1511  	chisq 4.6121 (3 df)

Iteration 5:  15000000 integrand evaluations so far
[1] 15.1498 +- 8.73928  	chisq 4.7128 (4 df)

Iteration 6:  21000000 integrand evaluations so far
[1] 5.91985 +- 7.04462  	chisq 7.89773 (5 df)

Iteration 7:  28000000 integrand evaluations so far
[1] 7.35351 +- 6.95504  	chisq 9.53667 (6 df)

Iteration 8:  36000000 integrand evaluations so far
[1] 3.78498 +- 5.5663  	chisq 10.269 (7 df)

Iteration 9:  45000000 integrand evaluations so far
[1] 2.8262 +- 5.39229  	chisq 10.7511 (8 df)

Iteration 10:  55000000 integrand evaluations so far
[1] 2.96857 +- 5.2748  	chisq 10.7673 (9 df)
       3 ±    5.3        (2.09mi) ┃Vegas input parameters:
  ndim 8
  ncomp 1
  nvec 1
  epsrel 0
  epsabs 0
  flags 10
  seed 123456
  mineval 5000000
  maxeval 50000000
  nstart 1000000
  nincrease 1000000
  nbatch 5000
  gridno 0
  statefile ""

Iteration 1:  1000000 integrand evaluations so far
[1] 59.7873 +- 16.1129  	chisq 0 (0 df)

Iteration 2:  3000000 integrand evaluations so far
[1] 10.7316 +- 3.05106  	chisq 9.61369 (1 df)

Iteration 3:  6000000 integrand evaluations so far
[1] 10.4187 +- 1.71854  	chisq 9.6291 (2 df)

Iteration 4:  10000000 integrand evaluations so far
[1] 12.4838 +- 1.48943  	chisq 15.4317 (3 df)

Iteration 5:  15000000 integrand evaluations so far
[1] 14.909 +- 1.30701  	chisq 26.9608 (4 df)

Iteration 6:  21000000 integrand evaluations so far
[1] 16.9343 +- 1.24523  	chisq 52.9785 (5 df)

Iteration 7:  28000000 integrand evaluations so far
[1] 22.2455 +- 1.0039  	chisq 104.948 (6 df)

Iteration 8:  36000000 integrand evaluations so far
[1] 25.7474 +- 0.85763  	chisq 149.988 (7 df)

Iteration 9:  45000000 integrand evaluations so far
[1] 28.7989 +- 0.649151  	chisq 179.629 (8 df)

Iteration 10:  55000000 integrand evaluations so far
[1] 28.8489 +- 0.648212  	chisq 181.68 (9 df)
   28.85 ±   0.65        ( 44.5s) ┃    31.9 ±    5.3        ( 9.9mi) ┃
┃   90 -    92 ┃   40 -    41 ┃  3.9901 ± 0.0038        ( 58.4s) ┃-3.91208 ± 0.00015        (41.6mi) ┃Vegas input parameters:
  ndim 10
  ncomp 1
  nvec 1
  epsrel 0
  epsabs 0
  flags 10
  seed 123456
  mineval 50000000
  maxeval 50000000
  nstart 1000000
  nincrease 1000000
  nbatch 5000
  gridno 0
  statefile ""

Iteration 1:  1000000 integrand evaluations so far
[1] 355.265 +- 346.456  	chisq 0 (0 df)

Iteration 2:  3000000 integrand evaluations so far
[1] 83.0972 +- 78.3901  	chisq 0.650425 (1 df)

Iteration 3:  6000000 integrand evaluations so far
[1] -2.39062 +- 2.98071  	chisq 1.84143 (2 df)

Iteration 4:  10000000 integrand evaluations so far
[1] -2.50239 +- 2.94485  	chisq 1.90023 (3 df)

Iteration 5:  15000000 integrand evaluations so far
[1] -0.540229 +- 1.80583  	chisq 2.61174 (4 df)

Iteration 6:  21000000 integrand evaluations so far
[1] -0.88083 +- 1.7154  	chisq 2.97605 (5 df)

Iteration 7:  28000000 integrand evaluations so far
[1] -0.876304 +- 1.71393  	chisq 2.98011 (6 df)

Iteration 8:  36000000 integrand evaluations so far
[1] -0.791959 +- 1.71316  	chisq 5.69133 (7 df)

Iteration 9:  45000000 integrand evaluations so far
[1] -0.813489 +- 1.70587  	chisq 5.70992 (8 df)

Iteration 10:  55000000 integrand evaluations so far
[1] -0.779279 +- 1.70426  	chisq 5.92293 (9 df)
    -0.8 ±    1.7        ( 2.1mi) ┃Vegas input parameters:
  ndim 8
  ncomp 1
  nvec 1
  epsrel 0
  epsabs 0
  flags 10
  seed 123456
  mineval 5000000
  maxeval 50000000
  nstart 1000000
  nincrease 1000000
  nbatch 5000
  gridno 0
  statefile ""

Iteration 1:  1000000 integrand evaluations so far
[1] 22.2214 +- 8.33519  	chisq 0 (0 df)

Iteration 2:  3000000 integrand evaluations so far
[1] 8.22496 +- 3.0892  	chisq 3.26868 (1 df)

Iteration 3:  6000000 integrand evaluations so far
[1] 8.80733 +- 2.9529  	chisq 3.6805 (2 df)

Iteration 4:  10000000 integrand evaluations so far
[1] 9.19154 +- 2.91579  	chisq 4.35838 (3 df)

Iteration 5:  15000000 integrand evaluations so far
[1] 11.2148 +- 2.3997  	chisq 5.85057 (4 df)

Iteration 6:  21000000 integrand evaluations so far
[1] 13.0452 +- 2.23173  	chisq 10.1573 (5 df)

Iteration 7:  28000000 integrand evaluations so far
[1] 16.6336 +- 1.82029  	chisq 17.881 (6 df)

Iteration 8:  36000000 integrand evaluations so far
[1] 21.562 +- 1.16743  	chisq 30.3335 (7 df)

Iteration 9:  45000000 integrand evaluations so far
[1] 25.5398 +- 0.728697  	chisq 49.354 (8 df)

Iteration 10:  55000000 integrand evaluations so far
[1] 25.5932 +- 0.72726  	chisq 50.7166 (9 df)
   25.59 ±   0.73        ( 49.7s) ┃    24.9 ±    1.9        (45.5mi) ┃
┃   90 -    92 ┃   41 -    42 ┃  4.9964 ±  0.003        (3.68mi) ┃ -4.9124 ± 0.0015        (10.7mi) ┃Vegas input parameters:
  ndim 10
  ncomp 1
  nvec 1
  epsrel 0
  epsabs 0
  flags 10
  seed 123456
  mineval 50000000
  maxeval 50000000
  nstart 1000000
  nincrease 1000000
  nbatch 5000
  gridno 0
  statefile ""

Iteration 1:  1000000 integrand evaluations so far
[1] -342.022 +- 348.318  	chisq 0 (0 df)

Iteration 2:  3000000 integrand evaluations so far
[1] -0.631918 +- 7.12663  	chisq 0.961023 (1 df)

Iteration 3:  6000000 integrand evaluations so far
[1] 0.5576 +- 7.00536  	chisq 1.7866 (2 df)

Iteration 4:  10000000 integrand evaluations so far
[1] -0.685702 +- 6.83344  	chisq 2.43634 (3 df)

Iteration 5:  15000000 integrand evaluations so far
[1] -3.26458 +- 4.71353  	chisq 2.70804 (4 df)

Iteration 6:  21000000 integrand evaluations so far
[1] -2.93879 +- 4.24388  	chisq 2.73327 (5 df)

Iteration 7:  28000000 integrand evaluations so far
[1] -2.98333 +- 4.24366  	chisq 3.78589 (6 df)

Iteration 8:  36000000 integrand evaluations so far
[1] -0.657271 +- 3.94033  	chisq 5.96545 (7 df)

Iteration 9:  45000000 integrand evaluations so far
[1] -0.87586 +- 3.92673  	chisq 6.41212 (8 df)

Iteration 10:  55000000 integrand evaluations so far
[1] -1.31569 +- 3.89709  	chisq 7.24616 (9 df)
    -1.3 ±    3.9        (2.14mi) ┃Vegas input parameters:
  ndim 8
  ncomp 1
  nvec 1
  epsrel 0
  epsabs 0
  flags 10
  seed 123456
  mineval 5000000
  maxeval 50000000
  nstart 1000000
  nincrease 1000000
  nbatch 5000
  gridno 0
  statefile ""

Iteration 1:  1000000 integrand evaluations so far
[1] 43.6376 +- 11.5738  	chisq 0 (0 df)

Iteration 2:  3000000 integrand evaluations so far
[1] 5.7843 +- 1.4302  	chisq 10.8626 (1 df)

Iteration 3:  6000000 integrand evaluations so far
[1] 5.81143 +- 1.43  	chisq 12.1669 (2 df)

Iteration 4:  10000000 integrand evaluations so far
[1] 7.77054 +- 1.29974  	chisq 22.9605 (3 df)

Iteration 5:  15000000 integrand evaluations so far
[1] 8.6967 +- 1.26635  	chisq 32.9706 (4 df)

Iteration 6:  21000000 integrand evaluations so far
[1] 10.0078 +- 1.23453  	chisq 54.5778 (5 df)

Iteration 7:  28000000 integrand evaluations so far
[1] 12.8936 +- 1.15291  	chisq 97.3137 (6 df)

Iteration 8:  36000000 integrand evaluations so far
[1] 15.5815 +- 1.09056  	chisq 148.96 (7 df)

Iteration 9:  45000000 integrand evaluations so far
[1] 19.9509 +- 0.977618  	chisq 230.695 (8 df)

Iteration 10:  55000000 integrand evaluations so far
[1] 26.9043 +- 0.738173  	chisq 348.38 (9 df)
    26.9 ±   0.74        ( 48.2s) ┃    25.7 ±      4        (17.3mi) ┃
┃   90 -    92 ┃   42 -    43 ┃  4.7725 ± 0.0041        (1.86mi) ┃ -4.6532 ± 0.0037        (10.9mi) ┃Vegas input parameters:
  ndim 10
  ncomp 1
  nvec 1
  epsrel 0
  epsabs 0
  flags 10
  seed 123456
  mineval 50000000
  maxeval 50000000
  nstart 1000000
  nincrease 1000000
  nbatch 5000
  gridno 0
  statefile ""

Iteration 1:  1000000 integrand evaluations so far
[1] -1.18123 +- 15.8828  	chisq 0 (0 df)

Iteration 2:  3000000 integrand evaluations so far
[1] -5.71843 +- 15.0166  	chisq 0.769093 (1 df)

Iteration 3:  6000000 integrand evaluations so far
[1] -2.2912 +- 14.5454  	chisq 1.61229 (2 df)

Iteration 4:  10000000 integrand evaluations so far
[1] -11.5009 +- 12.923  	chisq 3.5156 (3 df)

Iteration 5:  15000000 integrand evaluations so far
[1] -8.67468 +- 9.18255  	chisq 3.6122 (4 df)

Iteration 6:  21000000 integrand evaluations so far
[1] -6.95405 +- 6.65737  	chisq 3.68622 (5 df)

Iteration 7:  28000000 integrand evaluations so far
[1] -5.73916 +- 5.72898  	chisq 3.81457 (6 df)

Iteration 8:  36000000 integrand evaluations so far
[1] -3.30178 +- 4.57161  	chisq 4.31289 (7 df)

Iteration 9:  45000000 integrand evaluations so far
[1] -3.32701 +- 4.51849  	chisq 4.31421 (8 df)

Iteration 10:  55000000 integrand evaluations so far
[1] -3.50429 +- 4.51515  	chisq 5.35512 (9 df)
    -3.5 ±    4.5        (2.15mi) ┃Vegas input parameters:
  ndim 8
  ncomp 1
  nvec 1
  epsrel 0
  epsabs 0
  flags 10
  seed 123456
  mineval 5000000
  maxeval 50000000
  nstart 1000000
  nincrease 1000000
  nbatch 5000
  gridno 0
  statefile ""

Iteration 1:  1000000 integrand evaluations so far
[1] 25.7448 +- 9.56746  	chisq 0 (0 df)

Iteration 2:  3000000 integrand evaluations so far
[1] 1.15609 +- 0.410372  	chisq 6.61726 (1 df)

Iteration 3:  6000000 integrand evaluations so far
[1] 1.34694 +- 0.403927  	chisq 13.5573 (2 df)

Iteration 4:  10000000 integrand evaluations so far
[1] 1.38974 +- 0.403447  	chisq 18.2893 (3 df)

Iteration 5:  15000000 integrand evaluations so far
[1] 1.39996 +- 0.403393  	chisq 20.6599 (4 df)

Iteration 6:  21000000 integrand evaluations so far
[1] 1.46979 +- 0.402901  	chisq 32.9599 (5 df)

Iteration 7:  28000000 integrand evaluations so far
[1] 2.18329 +- 0.396255  	chisq 128.804 (6 df)

Iteration 8:  36000000 integrand evaluations so far
[1] 4.08201 +- 0.378963  	chisq 397.745 (7 df)

Iteration 9:  45000000 integrand evaluations so far
[1] 5.17963 +- 0.369695  	chisq 571.38 (8 df)

Iteration 10:  55000000 integrand evaluations so far
[1] 5.19064 +- 0.369649  	chisq 574.913 (9 df)
    5.19 ±   0.37        (   49s) ┃     1.8 ±    4.5        (15.7mi) ┃
┃   90 -    92 ┃   43 -    44 ┃  4.5642 ± 0.0022        (1.83mi) ┃ -4.4534 ±  0.002        (1.38mi) ┃Vegas input parameters:
  ndim 10
  ncomp 1
  nvec 1
  epsrel 0
  epsabs 0
  flags 10
  seed 123456
  mineval 50000000
  maxeval 50000000
  nstart 1000000
  nincrease 1000000
  nbatch 5000
  gridno 0
  statefile ""

Iteration 1:  1000000 integrand evaluations so far
[1] -45.5452 +- 25.137  	chisq 0 (0 df)

Iteration 2:  3000000 integrand evaluations so far
[1] -47.6101 +- 24.9744  	chisq 0.523112 (1 df)

Iteration 3:  6000000 integrand evaluations so far
[1] -24.5724 +- 20.7074  	chisq 3.24592 (2 df)

Iteration 4:  10000000 integrand evaluations so far
[1] -8.20377 +- 7.44656  	chisq 3.96357 (3 df)

Iteration 5:  15000000 integrand evaluations so far
[1] 0.00963427 +- 6.37716  	chisq 8.52692 (4 df)

Iteration 6:  21000000 integrand evaluations so far
[1] 0.970791 +- 6.338  	chisq 10.3821 (5 df)

Iteration 7:  28000000 integrand evaluations so far
[1] 3.80804 +- 6.06105  	chisq 12.7263 (6 df)

Iteration 8:  36000000 integrand evaluations so far
[1] 4.14079 +- 6.05227  	chisq 13.7678 (7 df)

Iteration 9:  45000000 integrand evaluations so far
[1] 4.41965 +- 5.8986  	chisq 13.8101 (8 df)

Iteration 10:  55000000 integrand evaluations so far
[1] 0.569804 +- 4.75583  	chisq 15.0275 (9 df)
     0.6 ±    4.8        (2.16mi) ┃Vegas input parameters:
  ndim 8
  ncomp 1
  nvec 1
  epsrel 0
  epsabs 0
  flags 10
  seed 123456
  mineval 5000000
  maxeval 50000000
  nstart 1000000
  nincrease 1000000
  nbatch 5000
  gridno 0
  statefile ""

Iteration 1:  1000000 integrand evaluations so far
[1] 48.0626 +- 13.6907  	chisq 0 (0 df)

Iteration 2:  3000000 integrand evaluations so far
[1] 6.00738 +- 2.14781  	chisq 9.67418 (1 df)

Iteration 3:  6000000 integrand evaluations so far
[1] 6.28335 +- 2.13181  	chisq 10.7863 (2 df)

Iteration 4:  10000000 integrand evaluations so far
[1] 6.20476 +- 1.58915  	chisq 10.7893 (3 df)

Iteration 5:  15000000 integrand evaluations so far
[1] 6.72091 +- 1.56254  	chisq 13.9669 (4 df)

Iteration 6:  21000000 integrand evaluations so far
[1] 6.80878 +- 1.56102  	chisq 15.589 (5 df)

Iteration 7:  28000000 integrand evaluations so far
[1] 8.07633 +- 1.48391  	chisq 22.4322 (6 df)

Iteration 8:  36000000 integrand evaluations so far
[1] 9.32774 +- 1.43565  	chisq 33.5463 (7 df)

Iteration 9:  45000000 integrand evaluations so far
[1] 10.6001 +- 1.40565  	chisq 52.5405 (8 df)

Iteration 10:  55000000 integrand evaluations so far
[1] 16.5785 +- 1.22228  	chisq 126.709 (9 df)
    16.6 ±    1.2        ( 48.7s) ┃    17.3 ±    4.9        (6.18mi) ┃
┃   90 -    92 ┃   44 -    45 ┃  3.9512 ± 0.0028        (14.1mi) ┃ -3.8249 ± 0.0024        (21.5mi) ┃Vegas input parameters:
  ndim 10
  ncomp 1
  nvec 1
  epsrel 0
  epsabs 0
  flags 10
  seed 123456
  mineval 50000000
  maxeval 50000000
  nstart 1000000
  nincrease 1000000
  nbatch 5000
  gridno 0
  statefile ""

Iteration 1:  1000000 integrand evaluations so far
[1] 26.5724 +- 11.9932  	chisq 0 (0 df)

Iteration 2:  3000000 integrand evaluations so far
[1] 17.0958 +- 8.85984  	chisq 1.37444 (1 df)

Iteration 3:  6000000 integrand evaluations so far
[1] -1.26577 +- 3.87383  	chisq 6.68469 (2 df)

Iteration 4:  10000000 integrand evaluations so far
[1] -1.5453 +- 3.64204  	chisq 6.72954 (3 df)

Iteration 5:  15000000 integrand evaluations so far
[1] -0.922156 +- 3.52354  	chisq 7.18687 (4 df)

Iteration 6:  21000000 integrand evaluations so far
[1] -1.14209 +- 3.5169  	chisq 8.22157 (5 df)

Iteration 7:  28000000 integrand evaluations so far
[1] -0.993169 +- 3.50816  	chisq 8.58254 (6 df)

Iteration 8:  36000000 integrand evaluations so far
[1] -1.01638 +- 3.50726  	chisq 8.66814 (7 df)

Iteration 9:  45000000 integrand evaluations so far
[1] -0.969632 +- 3.50692  	chisq 9.59028 (8 df)

Iteration 10:  55000000 integrand evaluations so far
[1] -1.00224 +- 3.5067  	chisq 10.2634 (9 df)
      -1 ±    3.5        (2.15mi) ┃Vegas input parameters:
  ndim 8
  ncomp 1
  nvec 1
  epsrel 0
  epsabs 0
  flags 10
  seed 123456
  mineval 5000000
  maxeval 50000000
  nstart 1000000
  nincrease 1000000
  nbatch 5000
  gridno 0
  statefile ""

Iteration 1:  1000000 integrand evaluations so far
[1] 26.0514 +- 9.49984  	chisq 0 (0 df)

Iteration 2:  3000000 integrand evaluations so far
[1] 8.37557 +- 3.07108  	chisq 3.86605 (1 df)

Iteration 3:  6000000 integrand evaluations so far
[1] 9.26107 +- 2.65372  	chisq 4.19423 (2 df)

Iteration 4:  10000000 integrand evaluations so far
[1] 9.95254 +- 2.5979  	chisq 5.82503 (3 df)

Iteration 5:  15000000 integrand evaluations so far
[1] 11.7767 +- 2.02487  	chisq 7.08121 (4 df)

Iteration 6:  21000000 integrand evaluations so far
[1] 13.1388 +- 1.89127  	chisq 10.6274 (5 df)

Iteration 7:  28000000 integrand evaluations so far
[1] 17.8844 +- 1.27  	chisq 22.0939 (6 df)

Iteration 8:  36000000 integrand evaluations so far
[1] 18.9526 +- 1.22221  	chisq 31.6763 (7 df)

Iteration 9:  45000000 integrand evaluations so far
[1] 21.2419 +- 1.09789  	chisq 49.8449 (8 df)

Iteration 10:  55000000 integrand evaluations so far
[1] 26.0816 +- 0.755148  	chisq 86.7256 (9 df)
   26.08 ±   0.76        ( 49.1s) ┃    25.2 ±    3.6        (38.5mi) ┃
┃   90 -    92 ┃   45 -    46 ┃   5.258 ± 0.0034        (1.06mi) ┃ -5.1103 ± 0.0042        (7.96mi) ┃Vegas input parameters:
  ndim 10
  ncomp 1
  nvec 1
  epsrel 0
  epsabs 0
  flags 10
  seed 123456
  mineval 50000000
  maxeval 50000000
  nstart 1000000
  nincrease 1000000
  nbatch 5000
  gridno 0
  statefile ""

Iteration 1:  1000000 integrand evaluations so far
[1] -108.584 +- 213.601  	chisq 0 (0 df)

Iteration 2:  3000000 integrand evaluations so far
[1] 1.51114 +- 4.7696  	chisq 0.265797 (1 df)

Iteration 3:  6000000 integrand evaluations so far
[1] 0.00817479 +- 4.26477  	chisq 0.761084 (2 df)

Iteration 4:  10000000 integrand evaluations so far
[1] 0.147388 +- 4.25133  	chisq 0.930379 (3 df)

Iteration 5:  15000000 integrand evaluations so far
[1] -1.51347 +- 4.13913  	chisq 3.86052 (4 df)

Iteration 6:  21000000 integrand evaluations so far
[1] -0.196952 +- 4.06967  	chisq 6.90039 (5 df)

Iteration 7:  28000000 integrand evaluations so far
[1] -0.131942 +- 3.99287  	chisq 6.90721 (6 df)

Iteration 8:  36000000 integrand evaluations so far
[1] 0.421618 +- 3.95927  	chisq 8.05404 (7 df)

Iteration 9:  45000000 integrand evaluations so far
[1] 1.60739 +- 3.87396  	chisq 10.1582 (8 df)

Iteration 10:  55000000 integrand evaluations so far
[1] 1.63646 +- 3.87386  	chisq 11.2557 (9 df)
     1.6 ±    3.9        (2.14mi) ┃Vegas input parameters:
  ndim 8
  ncomp 1
  nvec 1
  epsrel 0
  epsabs 0
  flags 10
  seed 123456
  mineval 5000000
  maxeval 50000000
  nstart 1000000
  nincrease 1000000
  nbatch 5000
  gridno 0
  statefile ""

Iteration 1:  1000000 integrand evaluations so far
[1] 17.3088 +- 7.16368  	chisq 0 (0 df)

Iteration 2:  3000000 integrand evaluations so far
[1] 1.40014 +- 0.523481  	chisq 4.95814 (1 df)

Iteration 3:  6000000 integrand evaluations so far
[1] 1.80174 +- 0.429932  	chisq 6.76641 (2 df)

Iteration 4:  10000000 integrand evaluations so far
[1] 1.80761 +- 0.429914  	chisq 9.01982 (3 df)

Iteration 5:  15000000 integrand evaluations so far
[1] 1.9757 +- 0.428184  	chisq 28.0507 (4 df)

Iteration 6:  21000000 integrand evaluations so far
[1] 2.02252 +- 0.427787  	chisq 34.5095 (5 df)

Iteration 7:  28000000 integrand evaluations so far
[1] 2.51498 +- 0.42232  	chisq 86.6899 (6 df)

Iteration 8:  36000000 integrand evaluations so far
[1] 4.25023 +- 0.405937  	chisq 308.59 (7 df)

Iteration 9:  45000000 integrand evaluations so far
[1] 4.45774 +- 0.404456  	chisq 344.48 (8 df)

Iteration 10:  55000000 integrand evaluations so far
[1] 5.23719 +- 0.397963  	chisq 461.091 (9 df)
    5.24 ±    0.4        ( 48.5s) ┃       7 ±    3.9        (  12mi) ┃
┃   90 -    92 ┃   46 -    47 ┃  4.2941 ± 0.0023        (3.91mi) ┃-4.18721 ± 0.0008        (  43mi) ┃Vegas input parameters:
  ndim 10
  ncomp 1
  nvec 1
  epsrel 0
  epsabs 0
  flags 10
  seed 123456
  mineval 50000000
  maxeval 50000000
  nstart 1000000
  nincrease 1000000
  nbatch 5000
  gridno 0
  statefile ""

Iteration 1:  1000000 integrand evaluations so far
[1] -2.22472 +- 17.4026  	chisq 0 (0 df)

Iteration 2:  3000000 integrand evaluations so far
[1] 0.837549 +- 17.179  	chisq 1.21282 (1 df)

Iteration 3:  6000000 integrand evaluations so far
[1] 5.33821 +- 7.28292  	chisq 1.2965 (2 df)

Iteration 4:  10000000 integrand evaluations so far
[1] 0.390533 +- 3.61144  	chisq 1.90851 (3 df)

Iteration 5:  15000000 integrand evaluations so far
[1] 0.47753 +- 3.59582  	chisq 1.97572 (4 df)

Iteration 6:  21000000 integrand evaluations so far
[1] -0.0525095 +- 3.56847  	chisq 3.40952 (5 df)

Iteration 7:  28000000 integrand evaluations so far
[1] -1.30361 +- 3.48164  	chisq 5.9664 (6 df)

Iteration 8:  36000000 integrand evaluations so far
[1] -0.979691 +- 3.09816  	chisq 6.00798 (7 df)

Iteration 9:  45000000 integrand evaluations so far
[1] -1.39738 +- 3.07935  	chisq 7.50875 (8 df)

Iteration 10:  55000000 integrand evaluations so far
[1] -1.34124 +- 3.0789  	chisq 8.64327 (9 df)
    -1.3 ±    3.1        (2.12mi) ┃Vegas input parameters:
  ndim 8
  ncomp 1
  nvec 1
  epsrel 0
  epsabs 0
  flags 10
  seed 123456
  mineval 5000000
  maxeval 50000000
  nstart 1000000
  nincrease 1000000
  nbatch 5000
  gridno 0
  statefile ""

Iteration 1:  1000000 integrand evaluations so far
[1] 34.8474 +- 10.7053  	chisq 0 (0 df)

Iteration 2:  3000000 integrand evaluations so far
[1] 1.08873 +- 0.297558  	chisq 9.95189 (1 df)

Iteration 3:  6000000 integrand evaluations so far
[1] 1.09779 +- 0.297484  	chisq 11.8146 (2 df)

Iteration 4:  10000000 integrand evaluations so far
[1] 1.1466 +- 0.296888  	chisq 18.5335 (3 df)

Iteration 5:  15000000 integrand evaluations so far
[1] 1.14931 +- 0.296882  	chisq 20.7602 (4 df)

Iteration 6:  21000000 integrand evaluations so far
[1] 1.15577 +- 0.296864  	chisq 24.7584 (5 df)

Iteration 7:  28000000 integrand evaluations so far
[1] 1.20443 +- 0.296595  	chisq 39.5551 (6 df)

Iteration 8:  36000000 integrand evaluations so far
[1] 1.40391 +- 0.295686  	chisq 113.5 (7 df)

Iteration 9:  45000000 integrand evaluations so far
[1] 2.43307 +- 0.290204  	chisq 443.28 (8 df)

Iteration 10:  55000000 integrand evaluations so far
[1] 2.82135 +- 0.288491  	chisq 595.364 (9 df)
    2.82 ±   0.29        ( 44.5s) ┃     1.6 ±    3.1        (49.8mi) ┃
┃   90 -    92 ┃   47 -    48 ┃  4.6436 ± 0.0033        (1.86mi) ┃ -4.5281 ± 0.0033        (2.75mi) ┃Vegas input parameters:
  ndim 10
  ncomp 1
  nvec 1
  epsrel 0
  epsabs 0
  flags 10
  seed 123456
  mineval 50000000
  maxeval 50000000
  nstart 1000000
  nincrease 1000000
  nbatch 5000
  gridno 0
  statefile ""

Iteration 1:  1000000 integrand evaluations so far
[1] -81.6334 +- 61.0056  	chisq 0 (0 df)

Iteration 2:  3000000 integrand evaluations so far
[1] -74.9381 +- 43.2992  	chisq 0.0242723 (1 df)

Iteration 3:  6000000 integrand evaluations so far
[1] -67.8741 +- 30.3721  	chisq 0.076668 (2 df)

Iteration 4:  10000000 integrand evaluations so far
[1] -5.93609 +- 2.89326  	chisq 4.27354 (3 df)

Iteration 5:  15000000 integrand evaluations so far
[1] -3.42561 +- 2.46662  	chisq 7.02968 (4 df)

Iteration 6:  21000000 integrand evaluations so far
[1] -1.17788 +- 2.34042  	chisq 15.3578 (5 df)

Iteration 7:  28000000 integrand evaluations so far
[1] -1.21553 +- 2.34003  	chisq 16.1295 (6 df)

Iteration 8:  36000000 integrand evaluations so far
[1] -1.2502 +- 2.33981  	chisq 17.2816 (7 df)

Iteration 9:  45000000 integrand evaluations so far
[1] -1.14121 +- 2.33854  	chisq 19.2921 (8 df)

Iteration 10:  55000000 integrand evaluations so far
[1] -0.97205 +- 2.24419  	chisq 19.3583 (9 df)
      -1 ±    2.2        ( 2.1mi) ┃Vegas input parameters:
  ndim 8
  ncomp 1
  nvec 1
  epsrel 0
  epsabs 0
  flags 10
  seed 123456
  mineval 5000000
  maxeval 50000000
  nstart 1000000
  nincrease 1000000
  nbatch 5000
  gridno 0
  statefile ""

Iteration 1:  1000000 integrand evaluations so far
[1] 62.1667 +- 14.6382  	chisq 0 (0 df)

Iteration 2:  3000000 integrand evaluations so far
[1] 6.56223 +- 1.56214  	chisq 14.5955 (1 df)

Iteration 3:  6000000 integrand evaluations so far
[1] 6.63961 +- 1.56042  	chisq 15.7112 (2 df)

Iteration 4:  10000000 integrand evaluations so far
[1] 7.1852 +- 1.5262  	chisq 18.5287 (3 df)

Iteration 5:  15000000 integrand evaluations so far
[1] 7.26289 +- 1.52504  	chisq 20.2411 (4 df)

Iteration 6:  21000000 integrand evaluations so far
[1] 7.52306 +- 1.52014  	chisq 24.7761 (5 df)

Iteration 7:  28000000 integrand evaluations so far
[1] 8.09288 +- 1.50093  	chisq 30.3704 (6 df)

Iteration 8:  36000000 integrand evaluations so far
[1] 9.48011 +- 1.46551  	chisq 48.685 (7 df)

Iteration 9:  45000000 integrand evaluations so far
[1] 15.1044 +- 1.23858  	chisq 100.235 (8 df)

Iteration 10:  55000000 integrand evaluations so far
[1] 19.2029 +- 1.11866  	chisq 159.66 (9 df)
    19.2 ±    1.1        ( 45.4s) ┃    18.3 ±    2.5        (7.47mi) ┃
┃   90 -    92 ┃   48 -    49 ┃  3.9098 ± 0.0027        (1.86mi) ┃ -3.7935 ± 0.0022        (10.9mi) ┃Vegas input parameters:
  ndim 10
  ncomp 1
  nvec 1
  epsrel 0
  epsabs 0
  flags 10
  seed 123456
  mineval 50000000
  maxeval 50000000
  nstart 1000000
  nincrease 1000000
  nbatch 5000
  gridno 0
  statefile ""

Iteration 1:  1000000 integrand evaluations so far
[1] 5.56471 +- 6.61367  	chisq 0 (0 df)

Iteration 2:  3000000 integrand evaluations so far
[1] 4.31496 +- 6.06702  	chisq 0.225318 (1 df)

Iteration 3:  6000000 integrand evaluations so far
[1] 5.05304 +- 6.03959  	chisq 1.86602 (2 df)

Iteration 4:  10000000 integrand evaluations so far
[1] 4.85908 +- 5.89606  	chisq 1.88798 (3 df)

Iteration 5:  15000000 integrand evaluations so far
[1] 0.587379 +- 4.82685  	chisq 3.47955 (4 df)

Iteration 6:  21000000 integrand evaluations so far
[1] 0.0873325 +- 4.74541  	chisq 3.8003 (5 df)

Iteration 7:  28000000 integrand evaluations so far
[1] -0.0336646 +- 4.69819  	chisq 3.83313 (6 df)

Iteration 8:  36000000 integrand evaluations so far
[1] 0.491475 +- 4.63691  	chisq 4.31523 (7 df)

Iteration 9:  45000000 integrand evaluations so far
[1] 4.21519 +- 4.07301  	chisq 7.1384 (8 df)

Iteration 10:  55000000 integrand evaluations so far
[1] 3.8538 +- 4.06592  	chisq 9.39955 (9 df)
     3.9 ±    4.1        (2.09mi) ┃Vegas input parameters:
  ndim 8
  ncomp 1
  nvec 1
  epsrel 0
  epsabs 0
  flags 10
  seed 123456
  mineval 5000000
  maxeval 50000000
  nstart 1000000
  nincrease 1000000
  nbatch 5000
  gridno 0
  statefile ""

Iteration 1:  1000000 integrand evaluations so far
[1] 56.4099 +- 14.9106  	chisq 0 (0 df)

Iteration 2:  3000000 integrand evaluations so far
[1] 47.7307 +- 12.1858  	chisq 1.02027 (1 df)

Iteration 3:  6000000 integrand evaluations so far
[1] 42.3308 +- 10.4712  	chisq 1.77083 (2 df)

Iteration 4:  10000000 integrand evaluations so far
[1] 42.3636 +- 10.4711  	chisq 2.78632 (3 df)

Iteration 5:  15000000 integrand evaluations so far
[1] 43.5898 +- 10.3345  	chisq 3.31546 (4 df)

Iteration 6:  21000000 integrand evaluations so far
[1] 40.8482 +- 8.89924  	chisq 3.58773 (5 df)

Iteration 7:  28000000 integrand evaluations so far
[1] 27.3326 +- 4.87468  	chisq 6.88303 (6 df)

Iteration 8:  36000000 integrand evaluations so far
[1] 28.9181 +- 3.65335  	chisq 7.12439 (7 df)

Iteration 9:  45000000 integrand evaluations so far
[1] 29.1034 +- 2.02423  	chisq 7.1281 (8 df)

Iteration 10:  55000000 integrand evaluations so far
[1] 30.3995 +- 1.58468  	chisq 8.18702 (9 df)
    30.4 ±    1.6        ( 54.1s) ┃    34.4 ±    4.4        (15.7mi) ┃
┃   90 -    92 ┃   49 -    50 ┃  3.8348 ± 0.0032        (1.87mi) ┃ -3.7277 ±  0.003        (5.54mi) ┃Vegas input parameters:
  ndim 10
  ncomp 1
  nvec 1
  epsrel 0
  epsabs 0
  flags 10
  seed 123456
  mineval 50000000
  maxeval 50000000
  nstart 1000000
  nincrease 1000000
  nbatch 5000
  gridno 0
  statefile ""

Iteration 1:  1000000 integrand evaluations so far
[1] 15.2865 +- 9.38206  	chisq 0 (0 df)

Iteration 2:  3000000 integrand evaluations so far
[1] 9.95554 +- 7.76089  	chisq 1.02256 (1 df)

Iteration 3:  6000000 integrand evaluations so far
[1] 7.8866 +- 7.62447  	chisq 3.06204 (2 df)

Iteration 4:  10000000 integrand evaluations so far
[1] 4.70758 +- 5.57524  	chisq 3.43566 (3 df)

Iteration 5:  15000000 integrand evaluations so far
[1] -1.03542 +- 3.94235  	chisq 5.5579 (4 df)

Iteration 6:  21000000 integrand evaluations so far
[1] 0.684995 +- 3.72359  	chisq 7.32291 (5 df)

Iteration 7:  28000000 integrand evaluations so far
[1] 2.27369 +- 3.32828  	chisq 8.22832 (6 df)

Iteration 8:  36000000 integrand evaluations so far
[1] 2.27233 +- 3.3218  	chisq 8.22836 (7 df)

Iteration 9:  45000000 integrand evaluations so far
[1] 3.21335 +- 3.0866  	chisq 8.81587 (8 df)

Iteration 10:  55000000 integrand evaluations so far
[1] 2.78965 +- 3.07598  	chisq 11.5569 (9 df)
     2.8 ±    3.1        (2.15mi) ┃Vegas input parameters:
  ndim 8
  ncomp 1
  nvec 1
  epsrel 0
  epsabs 0
  flags 10
  seed 123456
  mineval 5000000
  maxeval 50000000
  nstart 1000000
  nincrease 1000000
  nbatch 5000
  gridno 0
  statefile ""

Iteration 1:  1000000 integrand evaluations so far
[1] 66.5028 +- 16.2898  	chisq 0 (0 df)

Iteration 2:  3000000 integrand evaluations so far
[1] 12.9765 +- 2.45561  	chisq 11.048 (1 df)

Iteration 3:  6000000 integrand evaluations so far
[1] 12.8028 +- 1.95867  	chisq 11.0618 (2 df)

Iteration 4:  10000000 integrand evaluations so far
[1] 14.3709 +- 1.58119  	chisq 12.902 (3 df)

Iteration 5:  15000000 integrand evaluations so far
[1] 14.9897 +- 1.55471  	chisq 17.5126 (4 df)

Iteration 6:  21000000 integrand evaluations so far
[1] 18.6888 +- 1.28421  	chisq 35.3312 (5 df)

Iteration 7:  28000000 integrand evaluations so far
[1] 22.2535 +- 1.02637  	chisq 56.6605 (6 df)

Iteration 8:  36000000 integrand evaluations so far
[1] 25.7774 +- 0.785162  	chisq 85.0796 (7 df)

Iteration 9:  45000000 integrand evaluations so far
[1] 27.3797 +- 0.646197  	chisq 97.9861 (8 df)

Iteration 10:  55000000 integrand evaluations so far
[1] 28.8332 +- 0.486817  	chisq 109.686 (9 df)
   28.83 ±   0.49        ( 47.5s) ┃    31.7 ±    3.1        (10.4mi) ┃
┃   90 -    92 ┃   50 -    51 ┃ 4.50561 ± 0.00084        (1.96mi) ┃ -4.4222 ± 0.0044        (5.56mi) ┃Vegas input parameters:
  ndim 10
  ncomp 1
  nvec 1
  epsrel 0
  epsabs 0
  flags 10
  seed 123456
  mineval 50000000
  maxeval 50000000
  nstart 1000000
  nincrease 1000000
  nbatch 5000
  gridno 0
  statefile ""

Iteration 1:  1000000 integrand evaluations so far
[1] 12.6692 +- 11.6643  	chisq 0 (0 df)

Iteration 2:  3000000 integrand evaluations so far
[1] -1.86141 +- 5.03993  	chisq 1.90809 (1 df)

Iteration 3:  6000000 integrand evaluations so far
[1] -2.27927 +- 4.93952  	chisq 2.08235 (2 df)

Iteration 4:  10000000 integrand evaluations so far
[1] -1.63525 +- 4.90722  	chisq 3.38659 (3 df)

Iteration 5:  15000000 integrand evaluations so far
[1] -1.40321 +- 3.92246  	chisq 3.39278 (4 df)

Iteration 6:  21000000 integrand evaluations so far
[1] -1.56646 +- 3.91369  	chisq 3.78098 (5 df)

Iteration 7:  28000000 integrand evaluations so far
[1] -1.86561 +- 3.89727  	chisq 4.47845 (6 df)

Iteration 8:  36000000 integrand evaluations so far
[1] -1.91502 +- 3.89692  	chisq 5.37049 (7 df)

Iteration 9:  45000000 integrand evaluations so far
[1] -2.38562 +- 3.84471  	chisq 5.91849 (8 df)

Iteration 10:  55000000 integrand evaluations so far
[1] -2.40332 +- 3.83833  	chisq 5.92487 (9 df)
    -2.4 ±    3.8        (2.09mi) ┃Vegas input parameters:
  ndim 8
  ncomp 1
  nvec 1
  epsrel 0
  epsabs 0
  flags 10
  seed 123456
  mineval 5000000
  maxeval 50000000
  nstart 1000000
  nincrease 1000000
  nbatch 5000
  gridno 0
  statefile ""

Iteration 1:  1000000 integrand evaluations so far
[1] 24.4234 +- 8.15828  	chisq 0 (0 df)

Iteration 2:  3000000 integrand evaluations so far
[1] 2.64401 +- 1.09549  	chisq 7.25769 (1 df)

Iteration 3:  6000000 integrand evaluations so far
[1] 3.34582 +- 0.878841  	chisq 8.40919 (2 df)

Iteration 4:  10000000 integrand evaluations so far
[1] 4.08016 +- 0.726994  	chisq 10.6207 (3 df)

Iteration 5:  15000000 integrand evaluations so far
[1] 4.149 +- 0.726216  	chisq 14.8138 (4 df)

Iteration 6:  21000000 integrand evaluations so far
[1] 5.10772 +- 0.702517  	chisq 41.9594 (5 df)

Iteration 7:  28000000 integrand evaluations so far
[1] 5.41355 +- 0.698859  	chisq 60.2034 (6 df)

Iteration 8:  36000000 integrand evaluations so far
[1] 7.70172 +- 0.662358  	chisq 165.579 (7 df)

Iteration 9:  45000000 integrand evaluations so far
[1] 13.9423 +- 0.553061  	chisq 458.749 (8 df)

Iteration 10:  55000000 integrand evaluations so far
[1] 19.2946 +- 0.454575  	chisq 747.418 (9 df)
   19.29 ±   0.45        ( 48.8s) ┃      17 ±    3.9        (10.4mi) ┃
┃   90 -    92 ┃   51 -    52 ┃ 4.78243 ± 0.00063        (7.17mi) ┃   -4.62 ± 0.0014        (1.42mi) ┃Vegas input parameters:
  ndim 10
  ncomp 1
  nvec 1
  epsrel 0
  epsabs 0
  flags 10
  seed 123456
  mineval 50000000
  maxeval 50000000
  nstart 1000000
  nincrease 1000000
  nbatch 5000
  gridno 0
  statefile ""

Iteration 1:  1000000 integrand evaluations so far
[1] 21.7484 +- 31.7138  	chisq 0 (0 df)

Iteration 2:  3000000 integrand evaluations so far
[1] 14.4227 +- 22.7859  	chisq 0.110294 (1 df)

Iteration 3:  6000000 integrand evaluations so far
[1] 21.6272 +- 20.0714  	chisq 0.556448 (2 df)

Iteration 4:  10000000 integrand evaluations so far
[1] 24.5037 +- 17.0191  	chisq 0.62954 (3 df)

Iteration 5:  15000000 integrand evaluations so far
[1] 7.36831 +- 14.0829  	chisq 3.84478 (4 df)

Iteration 6:  21000000 integrand evaluations so far
[1] -6.32079 +- 11.0921  	chisq 6.33361 (5 df)

Iteration 7:  28000000 integrand evaluations so far
[1] -7.08 +- 10.2836  	chisq 6.36695 (6 df)

Iteration 8:  36000000 integrand evaluations so far
[1] 0.474552 +- 5.76647  	chisq 7.15415 (7 df)

Iteration 9:  45000000 integrand evaluations so far
[1] 1.96396 +- 4.80365  	chisq 7.37212 (8 df)

Iteration 10:  55000000 integrand evaluations so far
[1] 2.39658 +- 4.77412  	chisq 8.03393 (9 df)
     2.4 ±    4.8        (2.09mi) ┃Vegas input parameters:
  ndim 8
  ncomp 1
  nvec 1
  epsrel 0
  epsabs 0
  flags 10
  seed 123456
  mineval 5000000
  maxeval 50000000
  nstart 1000000
  nincrease 1000000
  nbatch 5000
  gridno 0
  statefile ""

Iteration 1:  1000000 integrand evaluations so far
[1] 22.8158 +- 8.55103  	chisq 0 (0 df)

Iteration 2:  3000000 integrand evaluations so far
[1] 0.576844 +- 0.223484  	chisq 6.76843 (1 df)

Iteration 3:  6000000 integrand evaluations so far
[1] 0.600009 +- 0.223179  	chisq 10.7128 (2 df)

Iteration 4:  10000000 integrand evaluations so far
[1] 0.736776 +- 0.219672  	chisq 22.757 (3 df)

Iteration 5:  15000000 integrand evaluations so far
[1] 0.777163 +- 0.219365  	chisq 34.8641 (4 df)

Iteration 6:  21000000 integrand evaluations so far
[1] 0.815177 +- 0.219109  	chisq 47.7277 (5 df)

Iteration 7:  28000000 integrand evaluations so far
[1] 1.08078 +- 0.217504  	chisq 148.384 (6 df)

Iteration 8:  36000000 integrand evaluations so far
[1] 1.09936 +- 0.217457  	chisq 165.089 (7 df)

Iteration 9:  45000000 integrand evaluations so far
[1] 1.3214 +- 0.216537  	chisq 288.626 (8 df)

Iteration 10:  55000000 integrand evaluations so far
[1] 1.91337 +- 0.214399  	chisq 668.999 (9 df)
    1.91 ±   0.21        ( 44.6s) ┃     4.5 ±    4.8        (11.4mi) ┃
┃   90 -    92 ┃   52 -    53 ┃  3.4185 ± 0.0019        (1.98mi) ┃ -3.3468 ± 0.0028        (11.1mi) ┃Vegas input parameters:
  ndim 10
  ncomp 1
  nvec 1
  epsrel 0
  epsabs 0
  flags 10
  seed 123456
  mineval 50000000
  maxeval 50000000
  nstart 1000000
  nincrease 1000000
  nbatch 5000
  gridno 0
  statefile ""

Iteration 1:  1000000 integrand evaluations so far
[1] 2.14635 +- 39.7944  	chisq 0 (0 df)

Iteration 2:  3000000 integrand evaluations so far
[1] 2.33584 +- 39.794  	chisq 1.12695 (1 df)

Iteration 3:  6000000 integrand evaluations so far
[1] -0.54929 +- 1.99728  	chisq 1.13222 (2 df)

Iteration 4:  10000000 integrand evaluations so far
[1] -1.26827 +- 1.67039  	chisq 1.56339 (3 df)

Iteration 5:  15000000 integrand evaluations so far
[1] -1.50718 +- 1.66033  	chisq 3.26574 (4 df)

Iteration 6:  21000000 integrand evaluations so far
[1] -1.54302 +- 1.66002  	chisq 4.51884 (5 df)

Iteration 7:  28000000 integrand evaluations so far
[1] -0.624414 +- 1.584  	chisq 7.94064 (6 df)

Iteration 8:  36000000 integrand evaluations so far
[1] -0.622099 +- 1.58273  	chisq 7.94197 (7 df)

Iteration 9:  45000000 integrand evaluations so far
[1] -0.440192 +- 1.56642  	chisq 8.58647 (8 df)

Iteration 10:  55000000 integrand evaluations so far
[1] -0.931393 +- 1.54933  	chisq 13.1177 (9 df)
    -0.9 ±    1.5        (2.12mi) ┃Vegas input parameters:
  ndim 8
  ncomp 1
  nvec 1
  epsrel 0
  epsabs 0
  flags 10
  seed 123456
  mineval 5000000
  maxeval 50000000
  nstart 1000000
  nincrease 1000000
  nbatch 5000
  gridno 0
  statefile ""

Iteration 1:  1000000 integrand evaluations so far
[1] 26.6329 +- 8.97841  	chisq 0 (0 df)

Iteration 2:  3000000 integrand evaluations so far
[1] 1.47058 +- 0.520392  	chisq 7.88067 (1 df)

Iteration 3:  6000000 integrand evaluations so far
[1] 1.69177 +- 0.506322  	chisq 11.2677 (2 df)

Iteration 4:  10000000 integrand evaluations so far
[1] 1.86978 +- 0.502543  	chisq 19.5774 (3 df)

Iteration 5:  15000000 integrand evaluations so far
[1] 1.87972 +- 0.502506  	chisq 22.2638 (4 df)

Iteration 6:  21000000 integrand evaluations so far
[1] 2.01944 +- 0.500889  	chisq 34.2969 (5 df)

Iteration 7:  28000000 integrand evaluations so far
[1] 2.59382 +- 0.493566  	chisq 79.5998 (6 df)

Iteration 8:  36000000 integrand evaluations so far
[1] 3.09299 +- 0.488243  	chisq 127.276 (7 df)

Iteration 9:  45000000 integrand evaluations so far
[1] 4.39187 +- 0.476982  	chisq 282.489 (8 df)

Iteration 10:  55000000 integrand evaluations so far
[1] 8.50272 +- 0.436912  	chisq 743.96 (9 df)
     8.5 ±   0.44        ( 45.4s) ┃     7.6 ±    1.6        (15.9mi) ┃
┃   90 -    92 ┃   53 -    54 ┃  3.4811 ± 0.0017        (3.71mi) ┃ -3.3877 ± 0.0025        (22.5mi) ┃Vegas input parameters:
  ndim 10
  ncomp 1
  nvec 1
  epsrel 0
  epsabs 0
  flags 10
  seed 123456
  mineval 50000000
  maxeval 50000000
  nstart 1000000
  nincrease 1000000
  nbatch 5000
  gridno 0
  statefile ""

Iteration 1:  1000000 integrand evaluations so far
[1] 15.2974 +- 32.9689  	chisq 0 (0 df)

Iteration 2:  3000000 integrand evaluations so far
[1] 24.8292 +- 18.8983  	chisq 0.124494 (1 df)

Iteration 3:  6000000 integrand evaluations so far
[1] 25.861 +- 18.8696  	chisq 1.10774 (2 df)

Iteration 4:  10000000 integrand evaluations so far
[1] 5.49736 +- 10.1399  	chisq 2.74519 (3 df)

Iteration 5:  15000000 integrand evaluations so far
[1] 4.04341 +- 10.0575  	chisq 4.01462 (4 df)

Iteration 6:  21000000 integrand evaluations so far
[1] 5.59074 +- 10.0008  	chisq 6.12119 (5 df)

Iteration 7:  28000000 integrand evaluations so far
[1] 1.3564 +- 9.06814  	chisq 7.1293 (6 df)

Iteration 8:  36000000 integrand evaluations so far
[1] -6.59299 +- 6.81311  	chisq 8.89383 (7 df)

Iteration 9:  45000000 integrand evaluations so far
[1] -7.39118 +- 6.71788  	chisq 9.38826 (8 df)

Iteration 10:  55000000 integrand evaluations so far
[1] -7.93541 +- 6.70079  	chisq 10.6805 (9 df)
    -7.9 ±    6.7        (2.06mi) ┃Vegas input parameters:
  ndim 8
  ncomp 1
  nvec 1
  epsrel 0
  epsabs 0
  flags 10
  seed 123456
  mineval 5000000
  maxeval 50000000
  nstart 1000000
  nincrease 1000000
  nbatch 5000
  gridno 0
  statefile ""

Iteration 1:  1000000 integrand evaluations so far
[1] 19.41 +- 7.85033  	chisq 0 (0 df)

Iteration 2:  3000000 integrand evaluations so far
[1] 0.44309 +- 0.269053  	chisq 5.84423 (1 df)

Iteration 3:  6000000 integrand evaluations so far
[1] 0.499804 +- 0.264513  	chisq 7.1723 (2 df)

Iteration 4:  10000000 integrand evaluations so far
[1] 0.504912 +- 0.264473  	chisq 8.39979 (3 df)

Iteration 5:  15000000 integrand evaluations so far
[1] 0.508818 +- 0.264453  	chisq 9.83759 (4 df)

Iteration 6:  21000000 integrand evaluations so far
[1] 0.509835 +- 0.264452  	chisq 11.2161 (5 df)

Iteration 7:  28000000 integrand evaluations so far
[1] 0.56539 +- 0.26406  	chisq 26.1287 (6 df)

Iteration 8:  36000000 integrand evaluations so far
[1] 0.667321 +- 0.263477  	chisq 59.9147 (7 df)

Iteration 9:  45000000 integrand evaluations so far
[1] 1.4933 +- 0.258435  	chisq 319.162 (8 df)

Iteration 10:  55000000 integrand evaluations so far
[1] 3.70644 +- 0.244086  	chisq 998.409 (9 df)
    3.71 ±   0.24        ( 47.8s) ┃    -4.1 ±    6.7        (29.1mi) ┃
┃   90 -    92 ┃   54 -    55 ┃  3.6819 ± 0.0026        ( 59.3s) ┃  -3.601 ± 0.0018        (2.85mi) ┃Vegas input parameters:
  ndim 10
  ncomp 1
  nvec 1
  epsrel 0
  epsabs 0
  flags 10
  seed 123456
  mineval 50000000
  maxeval 50000000
  nstart 1000000
  nincrease 1000000
  nbatch 5000
  gridno 0
  statefile ""

Iteration 1:  1000000 integrand evaluations so far
[1] 57.2167 +- 52.7999  	chisq 0 (0 df)

Iteration 2:  3000000 integrand evaluations so far
[1] 35.318 +- 28.1439  	chisq 0.240288 (1 df)

Iteration 3:  6000000 integrand evaluations so far
[1] 34.2152 +- 25.6605  	chisq 0.24939 (2 df)

Iteration 4:  10000000 integrand evaluations so far
[1] 5.83061 +- 16.1108  	chisq 2.26915 (3 df)

Iteration 5:  15000000 integrand evaluations so far
[1] -4.57086 +- 8.64386  	chisq 2.85446 (4 df)

Iteration 6:  21000000 integrand evaluations so far
[1] -0.39396 +- 7.78335  	chisq 4.08866 (5 df)

Iteration 7:  28000000 integrand evaluations so far
[1] 1.14674 +- 7.50777  	chisq 4.65196 (6 df)

Iteration 8:  36000000 integrand evaluations so far
[1] -1.79674 +- 7.35431  	chisq 8.4508 (7 df)

Iteration 9:  45000000 integrand evaluations so far
[1] -6.62433 +- 6.45948  	chisq 10.3362 (8 df)

Iteration 10:  55000000 integrand evaluations so far
[1] -7.80578 +- 6.38889  	chisq 11.8753 (9 df)
    -7.8 ±    6.4        (2.12mi) ┃Vegas input parameters:
  ndim 8
  ncomp 1
  nvec 1
  epsrel 0
  epsabs 0
  flags 10
  seed 123456
  mineval 5000000
  maxeval 50000000
  nstart 1000000
  nincrease 1000000
  nbatch 5000
  gridno 0
  statefile ""

Iteration 1:  1000000 integrand evaluations so far
[1] 34.8069 +- 11.5084  	chisq 0 (0 df)

Iteration 2:  3000000 integrand evaluations so far
[1] 2.85922 +- 1.07723  	chisq 7.77444 (1 df)

Iteration 3:  6000000 integrand evaluations so far
[1] 3.17192 +- 1.06637  	chisq 11.9736 (2 df)

Iteration 4:  10000000 integrand evaluations so far
[1] 4.36685 +- 0.971245  	chisq 19.3403 (3 df)

Iteration 5:  15000000 integrand evaluations so far
[1] 5.4474 +- 0.937439  	chisq 37.4357 (4 df)

Iteration 6:  21000000 integrand evaluations so far
[1] 5.46947 +- 0.937358  	chisq 40.6082 (5 df)

Iteration 7:  28000000 integrand evaluations so far
[1] 6.71782 +- 0.911198  	chisq 72.8344 (6 df)

Iteration 8:  36000000 integrand evaluations so far
[1] 6.94035 +- 0.907885  	chisq 81.0507 (7 df)

Iteration 9:  45000000 integrand evaluations so far
[1] 8.975 +- 0.86605  	chisq 136.835 (8 df)

Iteration 10:  55000000 integrand evaluations so far
[1] 15.2113 +- 0.723924  	chisq 308.94 (9 df)
   15.21 ±   0.72        ( 46.1s) ┃     7.5 ±    6.4        (6.72mi) ┃
┃   90 -    92 ┃   55 -    56 ┃  4.6415 ± 0.0035        (3.73mi) ┃ -4.5777 ± 0.0029        (  23mi) ┃Vegas input parameters:
  ndim 10
  ncomp 1
  nvec 1
  epsrel 0
  epsabs 0
  flags 10
  seed 123456
  mineval 50000000
  maxeval 50000000
  nstart 1000000
  nincrease 1000000
  nbatch 5000
  gridno 0
  statefile ""

Iteration 1:  1000000 integrand evaluations so far
[1] -20.6921 +- 23.5568  	chisq 0 (0 df)

Iteration 2:  3000000 integrand evaluations so far
[1] -9.75768 +- 9.35036  	chisq 0.255753 (1 df)

Iteration 3:  6000000 integrand evaluations so far
[1] -9.89459 +- 9.34873  	chisq 0.871255 (2 df)

Iteration 4:  10000000 integrand evaluations so far
[1] -2.46491 +- 2.94786  	chisq 1.57258 (3 df)

Iteration 5:  15000000 integrand evaluations so far
[1] -1.79237 +- 2.8371  	chisq 2.27846 (4 df)

Iteration 6:  21000000 integrand evaluations so far
[1] -3.0238 +- 2.73898  	chisq 5.05013 (5 df)

Iteration 7:  28000000 integrand evaluations so far
[1] -2.76051 +- 2.72703  	chisq 6.11145 (6 df)

Iteration 8:  36000000 integrand evaluations so far
[1] -3.28409 +- 2.6519  	chisq 6.7898 (7 df)

Iteration 9:  45000000 integrand evaluations so far
[1] -2.68046 +- 2.58319  	chisq 7.80281 (8 df)

Iteration 10:  55000000 integrand evaluations so far
[1] -2.76715 +- 2.56771  	chisq 7.89706 (9 df)
    -2.8 ±    2.6        (2.08mi) ┃Vegas input parameters:
  ndim 8
  ncomp 1
  nvec 1
  epsrel 0
  epsabs 0
  flags 10
  seed 123456
  mineval 5000000
  maxeval 50000000
  nstart 1000000
  nincrease 1000000
  nbatch 5000
  gridno 0
  statefile ""

Iteration 1:  1000000 integrand evaluations so far
[1] 36.6279 +- 10.1819  	chisq 0 (0 df)

Iteration 2:  3000000 integrand evaluations so far
[1] 7.38635 +- 2.77446  	chisq 8.90943 (1 df)

Iteration 3:  6000000 integrand evaluations so far
[1] 7.68221 +- 2.75968  	chisq 9.97937 (2 df)

Iteration 4:  10000000 integrand evaluations so far
[1] 8.97292 +- 2.56989  	chisq 11.6264 (3 df)

Iteration 5:  15000000 integrand evaluations so far
[1] 10.4168 +- 1.84543  	chisq 12.2781 (4 df)

Iteration 6:  21000000 integrand evaluations so far
[1] 13.0688 +- 1.26501  	chisq 16.1738 (5 df)

Iteration 7:  28000000 integrand evaluations so far
[1] 13.4944 +- 1.24734  	chisq 20.253 (6 df)

Iteration 8:  36000000 integrand evaluations so far
[1] 13.7008 +- 1.24175  	chisq 23.319 (7 df)

Iteration 9:  45000000 integrand evaluations so far
[1] 14.9089 +- 1.17706  	chisq 32.6472 (8 df)

Iteration 10:  55000000 integrand evaluations so far
[1] 17.2499 +- 1.08461  	chisq 58.8566 (9 df)
    17.2 ±    1.1        ( 44.7s) ┃    14.5 ±    2.8        (29.5mi) ┃
┃   90 -    92 ┃   56 -    57 ┃  4.2636 ± 0.0017        (1.87mi) ┃  -4.152 ± 0.0019        (2.93mi) ┃Vegas input parameters:
  ndim 10
  ncomp 1
  nvec 1
  epsrel 0
  epsabs 0
  flags 10
  seed 123456
  mineval 50000000
  maxeval 50000000
  nstart 1000000
  nincrease 1000000
  nbatch 5000
  gridno 0
  statefile ""

Iteration 1:  1000000 integrand evaluations so far
[1] -0.136904 +- 24.4233  	chisq 0 (0 df)

Iteration 2:  3000000 integrand evaluations so far
[1] 13.8087 +- 8.05885  	chisq 0.365872 (1 df)

Iteration 3:  6000000 integrand evaluations so far
[1] 10.6222 +- 7.37036  	chisq 1.32175 (2 df)

Iteration 4:  10000000 integrand evaluations so far
[1] 8.90938 +- 5.34346  	chisq 1.4356 (3 df)

Iteration 5:  15000000 integrand evaluations so far
[1] 0.284755 +- 3.47859  	chisq 5.95688 (4 df)

Iteration 6:  21000000 integrand evaluations so far
[1] 1.3467 +- 3.29583  	chisq 6.86771 (5 df)

Iteration 7:  28000000 integrand evaluations so far
[1] 2.17745 +- 3.21403  	chisq 8.16371 (6 df)

Iteration 8:  36000000 integrand evaluations so far
[1] 2.90494 +- 3.0588  	chisq 8.70726 (7 df)

Iteration 9:  45000000 integrand evaluations so far
[1] 1.87728 +- 2.77213  	chisq 9.33907 (8 df)

Iteration 10:  55000000 integrand evaluations so far
[1] 1.65258 +- 2.71254  	chisq 9.49353 (9 df)
     1.7 ±    2.7        (2.08mi) ┃Vegas input parameters:
  ndim 8
  ncomp 1
  nvec 1
  epsrel 0
  epsabs 0
  flags 10
  seed 123456
  mineval 5000000
  maxeval 50000000
  nstart 1000000
  nincrease 1000000
  nbatch 5000
  gridno 0
  statefile ""

Iteration 1:  1000000 integrand evaluations so far
[1] 19.7304 +- 6.45084  	chisq 0 (0 df)

Iteration 2:  3000000 integrand evaluations so far
[1] 1.21022 +- 0.56279  	chisq 8.30565 (1 df)

Iteration 3:  6000000 integrand evaluations so far
[1] 1.26883 +- 0.561307  	chisq 10.3661 (2 df)

Iteration 4:  10000000 integrand evaluations so far
[1] 1.35166 +- 0.559918  	chisq 14.7728 (3 df)

Iteration 5:  15000000 integrand evaluations so far
[1] 1.39191 +- 0.559567  	chisq 18.895 (4 df)

Iteration 6:  21000000 integrand evaluations so far
[1] 1.58826 +- 0.557476  	chisq 35.4011 (5 df)

Iteration 7:  28000000 integrand evaluations so far
[1] 1.66351 +- 0.556998  	chisq 46.0281 (6 df)

Iteration 8:  36000000 integrand evaluations so far
[1] 2.55869 +- 0.548088  	chisq 127.417 (7 df)

Iteration 9:  45000000 integrand evaluations so far
[1] 6.4051 +- 0.504661  	chisq 451.025 (8 df)

Iteration 10:  55000000 integrand evaluations so far
[1] 8.67087 +- 0.479439  	chisq 657.853 (9 df)
    8.67 ±   0.48        ( 44.8s) ┃    10.4 ±    2.8        (7.62mi) ┃
┃   90 -    92 ┃   57 -    58 ┃  3.4609 ±  0.003        (7.24mi) ┃ -3.3325 ± 0.0016        (1.54mi) ┃Vegas input parameters:
  ndim 10
  ncomp 1
  nvec 1
  epsrel 0
  epsabs 0
  flags 10
  seed 123456
  mineval 50000000
  maxeval 50000000
  nstart 1000000
  nincrease 1000000
  nbatch 5000
  gridno 0
  statefile ""

Iteration 1:  1000000 integrand evaluations so far
[1] 11.0288 +- 47.2503  	chisq 0 (0 df)

Iteration 2:  3000000 integrand evaluations so far
[1] -24.102 +- 29.0029  	chisq 0.886984 (1 df)

Iteration 3:  6000000 integrand evaluations so far
[1] -1.02475 +- 21.0129  	chisq 2.21963 (2 df)

Iteration 4:  10000000 integrand evaluations so far
[1] -14.9899 +- 9.90684  	chisq 2.78757 (3 df)

Iteration 5:  15000000 integrand evaluations so far
[1] -5.51577 +- 8.35761  	chisq 5.95975 (4 df)

Iteration 6:  21000000 integrand evaluations so far
[1] -5.80495 +- 6.63901  	chisq 5.963 (5 df)

Iteration 7:  28000000 integrand evaluations so far
[1] -5.86545 +- 6.63872  	chisq 6.91938 (6 df)

Iteration 8:  36000000 integrand evaluations so far
[1] -6.38683 +- 6.57021  	chisq 7.21975 (7 df)

Iteration 9:  45000000 integrand evaluations so far
[1] -6.96386 +- 6.51381  	chisq 7.671 (8 df)

Iteration 10:  55000000 integrand evaluations so far
[1] -6.47466 +- 6.50151  	chisq 9.16581 (9 df)
    -6.5 ±    6.5        (2.08mi) ┃Vegas input parameters:
  ndim 8
  ncomp 1
  nvec 1
  epsrel 0
  epsabs 0
  flags 10
  seed 123456
  mineval 5000000
  maxeval 50000000
  nstart 1000000
  nincrease 1000000
  nbatch 5000
  gridno 0
  statefile ""

Iteration 1:  1000000 integrand evaluations so far
[1] 23.0606 +- 8.24422  	chisq 0 (0 df)

Iteration 2:  3000000 integrand evaluations so far
[1] 0.556063 +- 0.175255  	chisq 7.4548 (1 df)

Iteration 3:  6000000 integrand evaluations so far
[1] 0.556709 +- 0.175254  	chisq 8.6584 (2 df)

Iteration 4:  10000000 integrand evaluations so far
[1] 0.611574 +- 0.174045  	chisq 15.7894 (3 df)

Iteration 5:  15000000 integrand evaluations so far
[1] 0.617543 +- 0.17402  	chisq 19.8438 (4 df)

Iteration 6:  21000000 integrand evaluations so far
[1] 0.664864 +- 0.173636  	chisq 36.6096 (5 df)

Iteration 7:  28000000 integrand evaluations so far
[1] 0.691771 +- 0.173537  	chisq 57.6186 (6 df)

Iteration 8:  36000000 integrand evaluations so far
[1] 0.72265 +- 0.173435  	chisq 84.5926 (7 df)

Iteration 9:  45000000 integrand evaluations so far
[1] 0.80377 +- 0.173181  	chisq 159.326 (8 df)

Iteration 10:  55000000 integrand evaluations so far
[1] 1.39621 +- 0.171138  	chisq 658.445 (9 df)
     1.4 ±   0.17        ( 44.7s) ┃      -5 ±    6.5        (11.6mi) ┃
┃   90 -    92 ┃   58 -    59 ┃  3.4701 ± 0.0026        (3.63mi) ┃ -3.3933 ± 0.0033        (2.89mi) ┃Vegas input parameters:
  ndim 10
  ncomp 1
  nvec 1
  epsrel 0
  epsabs 0
  flags 10
  seed 123456
  mineval 50000000
  maxeval 50000000
  nstart 1000000
  nincrease 1000000
  nbatch 5000
  gridno 0
  statefile ""

Iteration 1:  1000000 integrand evaluations so far
[1] 11.6833 +- 73.6582  	chisq 0 (0 df)

Iteration 2:  3000000 integrand evaluations so far
[1] 19.9149 +- 20.3886  	chisq 0.0135254 (1 df)

Iteration 3:  6000000 integrand evaluations so far
[1] 3.20808 +- 18.2081  	chisq 3.33007 (2 df)

Iteration 4:  10000000 integrand evaluations so far
[1] 11.8088 +- 11.0164  	chisq 3.68203 (3 df)

Iteration 5:  15000000 integrand evaluations so far
[1] 1.52813 +- 7.84107  	chisq 5.44715 (4 df)

Iteration 6:  21000000 integrand evaluations so far
[1] -9.3157 +- 6.04629  	chisq 10.1649 (5 df)

Iteration 7:  28000000 integrand evaluations so far
[1] -8.30984 +- 5.74043  	chisq 10.4455 (6 df)

Iteration 8:  36000000 integrand evaluations so far
[1] -3.86228 +- 5.41583  	chisq 15.9079 (7 df)

Iteration 9:  45000000 integrand evaluations so far
[1] -5.21184 +- 5.29907  	chisq 17.3637 (8 df)

Iteration 10:  55000000 integrand evaluations so far
[1] -4.39022 +- 5.05522  	chisq 17.631 (9 df)
    -4.4 ±    5.1        (2.08mi) ┃Vegas input parameters:
  ndim 8
  ncomp 1
  nvec 1
  epsrel 0
  epsabs 0
  flags 10
  seed 123456
  mineval 5000000
  maxeval 50000000
  nstart 1000000
  nincrease 1000000
  nbatch 5000
  gridno 0
  statefile ""

Iteration 1:  1000000 integrand evaluations so far
[1] 23.3005 +- 8.3232  	chisq 0 (0 df)

Iteration 2:  3000000 integrand evaluations so far
[1] 2.2929 +- 0.85955  	chisq 6.43918 (1 df)

Iteration 3:  6000000 integrand evaluations so far
[1] 2.35231 +- 0.585159  	chisq 6.44808 (2 df)

Iteration 4:  10000000 integrand evaluations so far
[1] 2.35896 +- 0.585125  	chisq 7.56458 (3 df)

Iteration 5:  15000000 integrand evaluations so far
[1] 3.04191 +- 0.550479  	chisq 19.4193 (4 df)

Iteration 6:  21000000 integrand evaluations so far
[1] 3.13454 +- 0.549607  	chisq 28.3649 (5 df)

Iteration 7:  28000000 integrand evaluations so far
[1] 4.53332 +- 0.522531  	chisq 95.7676 (6 df)

Iteration 8:  36000000 integrand evaluations so far
[1] 4.96721 +- 0.518133  	chisq 136.895 (7 df)

Iteration 9:  45000000 integrand evaluations so far
[1] 6.88764 +- 0.495949  	chisq 300.839 (8 df)

Iteration 10:  55000000 integrand evaluations so far
[1] 10.7704 +- 0.449586  	chisq 644.739 (9 df)
   10.77 ±   0.45        ( 44.6s) ┃     6.5 ±    5.1        (9.35mi) ┃
┃   90 -    92 ┃   59 -    60 ┃  4.0256 ± 0.0011        ( 39.7s) ┃  -3.899 ± 0.0012        (11.4mi) ┃Vegas input parameters:
  ndim 10
  ncomp 1
  nvec 1
  epsrel 0
  epsabs 0
  flags 10
  seed 123456
  mineval 50000000
  maxeval 50000000
  nstart 1000000
  nincrease 1000000
  nbatch 5000
  gridno 0
  statefile ""

Iteration 1:  1000000 integrand evaluations so far
[1] -6.1153 +- 16.2908  	chisq 0 (0 df)

Iteration 2:  3000000 integrand evaluations so far
[1] -0.858067 +- 5.93397  	chisq 0.120074 (1 df)

Iteration 3:  6000000 integrand evaluations so far
[1] -2.78622 +- 5.68637  	chisq 1.41219 (2 df)

Iteration 4:  10000000 integrand evaluations so far
[1] -8.81572 +- 4.20006  	chisq 3.88629 (3 df)

Iteration 5:  15000000 integrand evaluations so far
[1] -4.26703 +- 3.49762  	chisq 7.71279 (4 df)

Iteration 6:  21000000 integrand evaluations so far
[1] -3.16699 +- 3.30281  	chisq 8.62619 (5 df)

Iteration 7:  28000000 integrand evaluations so far
[1] -3.11315 +- 3.28027  	chisq 8.64573 (6 df)

Iteration 8:  36000000 integrand evaluations so far
[1] -3.01889 +- 3.27924  	chisq 9.95642 (7 df)

Iteration 9:  45000000 integrand evaluations so far
[1] -2.92672 +- 3.27829  	chisq 11.327 (8 df)

Iteration 10:  55000000 integrand evaluations so far
[1] -2.14593 +- 3.19486  	chisq 12.4558 (9 df)
    -2.1 ±    3.2        (2.11mi) ┃Vegas input parameters:
  ndim 8
  ncomp 1
  nvec 1
  epsrel 0
  epsabs 0
  flags 10
  seed 123456
  mineval 5000000
  maxeval 50000000
  nstart 1000000
  nincrease 1000000
  nbatch 5000
  gridno 0
  statefile ""

Iteration 1:  1000000 integrand evaluations so far
[1] 46.671 +- 12.504  	chisq 0 (0 df)

Iteration 2:  3000000 integrand evaluations so far
[1] 26.8407 +- 7.68594  	chisq 4.04248 (1 df)

Iteration 3:  6000000 integrand evaluations so far
[1] 17.5253 +- 4.13505  	chisq 6.10985 (2 df)

Iteration 4:  10000000 integrand evaluations so far
[1] 19.8069 +- 3.63523  	chisq 7.45034 (3 df)

Iteration 5:  15000000 integrand evaluations so far
[1] 20.9901 +- 3.13243  	chisq 7.86171 (4 df)

Iteration 6:  21000000 integrand evaluations so far
[1] 21.3699 +- 1.87527  	chisq 7.88462 (5 df)

Iteration 7:  28000000 integrand evaluations so far
[1] 22.9355 +- 1.6833  	chisq 11.473 (6 df)

Iteration 8:  36000000 integrand evaluations so far
[1] 23.5777 +- 1.64627  	chisq 14.8172 (7 df)

Iteration 9:  45000000 integrand evaluations so far
[1] 25.5789 +- 1.42371  	chisq 20.6784 (8 df)

Iteration 10:  55000000 integrand evaluations so far
[1] 28.9983 +- 1.05634  	chisq 33.512 (9 df)
      29 ±    1.1        ( 46.2s) ┃      27 ±    3.4        (  15mi) ┃
┣━━━━━━━━━━━━━━╋━━━━━━━━━━━━━━╋━━━━━━━━━━━━━━━━━━━━━━━━━━━━━━━━━━╋━━━━━━━━━━━━━━━━━━━━━━━━━━━━━━━━━━╋━━━━━━━━━━━━━━━━━━━━━━━━━━━━━━━━━━╋━━━━━━━━━━━━━━━━━━━━━━━━━━━━━━━━━━╋━━━━━━━━━━━━━━━━━━━━━━━━━━━━━━━━━━┫
┃   88 -    92 ┃   25 -    60 ┃ 359.328 ±  0.028        (5.33hr) ┃-349.933 ±  0.027        (18.7hr) ┃      44 ±     46        (2.88hr) ┃  1.5004 ± 0.0071 ·10⁺⁰³ (1.09hr) ┃   1.553 ±  0.047 ·10⁺⁰³ (  28hr) ┃
┗━━━━━━━━━━━━━━┻━━━━━━━━━━━━━━┻━━━━━━━━━━━━━━━━━━━━━━━━━━━━━━━━━━┻━━━━━━━━━━━━━━━━━━━━━━━━━━━━━━━━━━┻━━━━━━━━━━━━━━━━━━━━━━━━━━━━━━━━━━┻━━━━━━━━━━━━━━━━━━━━━━━━━━━━━━━━━━┻━━━━━━━━━━━━━━━━━━━━━━━━━━━━━━━━━━┛

╍╍╍╍╍╍╍╍╍╍╍╍╍╍╍╍╍╍╍╍╍╍╍╍╍╍╍╍╍╍╍╍ Summary ╍╍╍╍╍╍╍╍╍╍╍╍╍╍╍╍╍╍╍╍╍╍╍╍╍╍╍╍╍╍╍
      Total cross section                     1.553 ± 0.047          pb
         Calculation time                                 28       hours
              Output file                    outputs/qt_qt88_92_NNLL_muR0.5_muF0.5.root            
      Result in text file                    outputs/qt_qt88_92_NNLL_muR0.5_muF0.5.txt            

╍╍╍╍╍╍╍╍╍╍╍╍╍╍╍╍╍╍╍╍╍╍╍╍╍╍╍╍╍╍╍╍╍╍╍╍╍╍╍╍╍╍╍╍╍╍╍╍╍╍╍╍╍╍╍╍╍╍╍╍╍╍╍╍╍╍╍╍╍╍╍╍

