
╍╍╍╍╍╍╍╍╍╍╍╍╍╍╍╍╍╍╍╍╍╍╍╍╍╍╍ Process settings ╍╍╍╍╍╍╍╍╍╍╍╍╍╍╍╍╍╍╍╍╍╍╍╍╍╍╍
   proton-proton collisions at sqrt(s) = 13000 GeV 
   Computing NNLO+NNLL resummed cross section
   W+ ->  nu(p3)+e+(p4) production 

╍╍╍╍╍╍╍╍╍╍╍╍╍╍╍╍╍╍╍╍╍╍╍╍╍╍╍╍╍╍ CKM matrix ╍╍╍╍╍╍╍╍╍╍╍╍╍╍╍╍╍╍╍╍╍╍╍╍╍╍╍╍╍╍
     | Vud Vus Vub |   |   0.97427   0.2253  0.00351 | 
     | Vcd Vcs Vcb | = |    0.2252  0.97344   0.0412 | 
     | Vtd Vts Vtb |   |         0        0        0 | 

╍╍╍╍╍╍╍╍╍╍╍╍╍╍╍╍╍╍╍╍╍╍╍╍╍╍╍╍╍ EW parameters ╍╍╍╍╍╍╍╍╍╍╍╍╍╍╍╍╍╍╍╍╍╍╍╍╍╍╍╍
                                         Gf =  1.1663787e-05      GeV^-2
                                    1/alpha =  132.233229791            
                                 sin(thW)^2 = 0.222897222524            
                                     W mass =         80.385         GeV
                                     Z mass =        91.1876         GeV
                                    W width =          2.091         GeV
                                    Z width =          2.495         GeV

╍╍╍╍╍╍╍╍╍╍╍╍╍╍╍╍╍╍╍╍╍╍╍╍╍╍╍╍╍ QCD settings ╍╍╍╍╍╍╍╍╍╍╍╍╍╍╍╍╍╍╍╍╍╍╍╍╍╍╍╍╍
   Renormalization scale:     dynamic muren =              1      * m_ll
     Factorization scale:     dynamic mufac =              1      * m_ll
       Resummation scale:     dynamic mures =              1      * m_ll
          Strong coupling       alpha_s(MZ) =       0.118001            
                              running order =              3       -loop
         Non-perturbative     form factor g =            0.7       GeV^2

╍╍╍╍╍╍╍╍╍╍╍╍╍╍╍╍╍╍╍╍╍╍╍╍╍╍╍╍╍ PDF settings ╍╍╍╍╍╍╍╍╍╍╍╍╍╍╍╍╍╍╍╍╍╍╍╍╍╍╍╍╍
                                     PDF set:MSHT20nnlo_as118            
                                  PDF member:              0            
  Mellin moments of PDFs:                    Numerical integration            
                         nodes for the quadrature:            200            
                         Intervals for the quadrature:              1            

╍╍╍╍╍╍╍╍╍╍╍╍╍╍╍╍╍╍╍╍╍╍╍╍╍╍╍╍╍╍╍ qT recoil ╍╍╍╍╍╍╍╍╍╍╍╍╍╍╍╍╍╍╍╍╍╍╍╍╍╍╍╍╍╍
  qt-recoil prescription:       Collins-Soper kt1 = p_V(x)/2; kt2 = p_V(y)/2            

╍╍╍╍╍╍╍╍╍╍╍╍╍╍╍╍╍╍╍╍╍╍╍╍╍╍╍╍╍╍╍╍╍ Cuts ╍╍╍╍╍╍╍╍╍╍╍╍╍╍╍╍╍╍╍╍╍╍╍╍╍╍╍╍╍╍╍╍╍
                                  apply cuts:           true            
                                      pt_l >               0            
                                   |eta_l| <            1000            
                                    pt_lep >              25            
                                 |eta_lep| <             2.4            
                                   pt_alep >              25            
                                |eta_alep| <             2.4            
                                  user cuts:            true            

╍╍╍╍╍╍╍╍╍╍╍╍╍╍╍╍╍╍╍╍╍╍╍╍╍╍╍╍ ResummationDamp ╍╍╍╍╍╍╍╍╍╍╍╍╍╍╍╍╍╍╍╍╍╍╍╍╍╍╍
                                    damping :             on            
                                damping mode:              1            
                                  damp above:        60.2888         GeV
                               damping width:        20.0963         GeV
                          resummation cutoff:             20         MeV

╍╍╍╍╍╍╍╍╍╍╍╍╍╍╍╍╍╍╍╍╍╍╍╍╍╍╍╍ Debug settings ╍╍╍╍╍╍╍╍╍╍╍╍╍╍╍╍╍╍╍╍╍╍╍╍╍╍╍╍
                                 timeprofile:          false            
                                     verbose:          false            
                               cubaverbosity:              2            

╍╍╍╍╍╍╍╍╍╍╍╍╍╍╍╍╍╍╍╍╍╍╍╍╍╍╍╍╍╍╍╍╍╍╍╍╍╍╍╍╍╍╍╍╍╍╍╍╍╍╍╍╍╍╍╍╍╍╍╍╍╍╍╍╍╍╍╍╍╍╍╍

Warning: Histogram `a1_qt` contains non-integrable observable and will be deleted 
Warning: Histogram `a1_qt_vs_y` contains non-integrable observable and will be deleted 
Warning: Histogram `s_biganswer` contains non-integrable observable and will be deleted 
Warning: Histogram `wgt_a1_qt` contains non-integrable observable and will be deleted 

╍╍╍╍╍╍╍╍╍╍╍╍╍╍╍╍╍╍╍╍╍╍╍╍╍ Integration settings ╍╍╍╍╍╍╍╍╍╍╍╍╍╍╍╍╍╍╍╍╍╍╍╍╍
             Random seeds              123456                           
           Parallel cores                   1                           

             Resummation:     cuhre (dm, dpt)         iter =           5
                                   gauss (dy)        nodes =          64
                                                 intervals =           1
            Counter term:      cuhre (dm, dy)         iter =           5
                                  gauss (dpt)        nodes =          20
                                                 intervals =           5
                V+J Real:               vegas       ncalls =    50000000
             V+J Virtual:               vegas       ncalls =     5000000

Mellin inverse transform:           gaussian         nodes =          30
                                                 intervals =           1
                               imaginary axis         zmax =           2
  Angular variable costh:     semi-analytical      ncstart =         100
   Angular variables phi:            gaussian    intervals =          20

      Constant boundaries                  q2          low =          80
                                                      high =         100
                                            y          low =          -6
                                                      high =           6
                                        costh          low =          -1
                                                      high =           1
                                       eta(l)          low =         -10
                                                      high =          10

┏━━━━━━━━━━━━━━┰━━━━━━━━━━━━━━┰━━━━━━━━━━━━━━━━━━━━━━━━━━━━━━━━━━┰━━━━━━━━━━━━━━━━━━━━━━━━━━━━━━━━━━┰━━━━━━━━━━━━━━━━━━━━━━━━━━━━━━━━━━┰━━━━━━━━━━━━━━━━━━━━━━━━━━━━━━━━━━┰━━━━━━━━━━━━━━━━━━━━━━━━━━━━━━━━━━┓
┃           qT ┃        pT(l) ┃                      Resummation ┃                     Counter term ┃                         V+J Real ┃                      V+J Virtual ┃                            TOTAL ┃
┣━━━━━━━━━━━━━━╋━━━━━━━━━━━━━━╋━━━━━━━━━━━━━━━━━━━━━━━━━━━━━━━━━━╋━━━━━━━━━━━━━━━━━━━━━━━━━━━━━━━━━━╋━━━━━━━━━━━━━━━━━━━━━━━━━━━━━━━━━━╋━━━━━━━━━━━━━━━━━━━━━━━━━━━━━━━━━━╋━━━━━━━━━━━━━━━━━━━━━━━━━━━━━━━━━━┫
┃   44 -    46 ┃   25 -    26 ┃  574.11 ±  0.072        (4.61mi) ┃ -496.16 ±    0.1        (30.9mi) ┃Vegas input parameters:
  ndim 10
  ncomp 1
  nvec 1
  epsrel 0
  epsabs 0
  flags 10
  seed 123456
  mineval 50000000
  maxeval 50000000
  nstart 1000000
  nincrease 1000000
  nbatch 5000
  gridno 0
  statefile ""

Iteration 1:  1000000 integrand evaluations so far
[1] 829.465 +- 603.439  	chisq 0 (0 df)

Iteration 2:  3000000 integrand evaluations so far
[1] -63.2161 +- 362.381  	chisq 3.42274 (1 df)

Iteration 3:  6000000 integrand evaluations so far
[1] -59.9192 +- 236.761  	chisq 3.42289 (2 df)

Iteration 4:  10000000 integrand evaluations so far
[1] 19.2045 +- 173.573  	chisq 3.66435 (3 df)

Iteration 5:  15000000 integrand evaluations so far
[1] 54.0914 +- 142.002  	chisq 3.78651 (4 df)

Iteration 6:  21000000 integrand evaluations so far
[1] -28.5595 +- 129.96  	chisq 5.87245 (5 df)

Iteration 7:  28000000 integrand evaluations so far
[1] 55.6063 +- 92.184  	chisq 6.7166 (6 df)

Iteration 8:  36000000 integrand evaluations so far
[1] -42.2795 +- 76.5694  	chisq 10.3529 (7 df)

Iteration 9:  45000000 integrand evaluations so far
[1] -29.237 +- 74.456  	chisq 10.8858 (8 df)

Iteration 10:  55000000 integrand evaluations so far
[1] -42.541 +- 73.866  	chisq 12.9085 (9 df)
     -43 ±     74        (3.64mi) ┃Vegas input parameters:
  ndim 8
  ncomp 1
  nvec 1
  epsrel 0
  epsabs 0
  flags 10
  seed 123456
  mineval 5000000
  maxeval 50000000
  nstart 1000000
  nincrease 1000000
  nbatch 5000
  gridno 0
  statefile ""

Iteration 1:  1000000 integrand evaluations so far
[1] 733.501 +- 123.774  	chisq 0 (0 df)

Iteration 2:  3000000 integrand evaluations so far
[1] 471.229 +- 44.2891  	chisq 5.1493 (1 df)

Iteration 3:  6000000 integrand evaluations so far
[1] 503.059 +- 39.5816  	chisq 7.71529 (2 df)

Iteration 4:  10000000 integrand evaluations so far
[1] 557.426 +- 33.1856  	chisq 14.0662 (3 df)

Iteration 5:  15000000 integrand evaluations so far
[1] 611.228 +- 20.207  	chisq 18.2435 (4 df)

Iteration 6:  21000000 integrand evaluations so far
[1] 632.085 +- 13.8309  	chisq 20.2479 (5 df)

Iteration 7:  28000000 integrand evaluations so far
[1] 642.785 +- 9.88834  	chisq 21.4721 (6 df)

Iteration 8:  36000000 integrand evaluations so far
[1] 643.467 +- 7.468  	chisq 21.4832 (7 df)

Iteration 9:  45000000 integrand evaluations so far
[1] 649.468 +- 6.37872  	chisq 23.871 (8 df)

Iteration 10:  55000000 integrand evaluations so far
[1] 651.057 +- 5.56059  	chisq 24.1294 (9 df)
   651.1 ±    5.6        (1.78mi) ┃     686 ±     74        (40.9mi) ┃
┃   44 -    46 ┃   26 -    27 ┃  526.67 ±   0.24        (1.34mi) ┃ -454.25 ±   0.24        (7.57mi) ┃Vegas input parameters:
  ndim 10
  ncomp 1
  nvec 1
  epsrel 0
  epsabs 0
  flags 10
  seed 123456
  mineval 50000000
  maxeval 50000000
  nstart 1000000
  nincrease 1000000
  nbatch 5000
  gridno 0
  statefile ""

Iteration 1:  1000000 integrand evaluations so far
[1] -778.242 +- 444.672  	chisq 0 (0 df)

Iteration 2:  3000000 integrand evaluations so far
[1] -395.407 +- 255.902  	chisq 1.10825 (1 df)

Iteration 3:  6000000 integrand evaluations so far
[1] -221.755 +- 135.863  	chisq 1.74947 (2 df)

Iteration 4:  10000000 integrand evaluations so far
[1] 27.8489 +- 90.2467  	chisq 7.78984 (3 df)

Iteration 5:  15000000 integrand evaluations so far
[1] 18.7631 +- 89.6031  	chisq 8.50301 (4 df)

Iteration 6:  21000000 integrand evaluations so far
[1] 39.4949 +- 88.0574  	chisq 10.0682 (5 df)

Iteration 7:  28000000 integrand evaluations so far
[1] 37.3226 +- 82.6645  	chisq 10.0733 (6 df)

Iteration 8:  36000000 integrand evaluations so far
[1] 29.1016 +- 81.3148  	chisq 10.3787 (7 df)

Iteration 9:  45000000 integrand evaluations so far
[1] 26.2627 +- 71.175  	chisq 10.3839 (8 df)

Iteration 10:  55000000 integrand evaluations so far
[1] 14.3075 +- 66.409  	chisq 10.6019 (9 df)
      14 ±     66        (3.58mi) ┃Vegas input parameters:
  ndim 8
  ncomp 1
  nvec 1
  epsrel 0
  epsabs 0
  flags 10
  seed 123456
  mineval 5000000
  maxeval 50000000
  nstart 1000000
  nincrease 1000000
  nbatch 5000
  gridno 0
  statefile ""

Iteration 1:  1000000 integrand evaluations so far
[1] 654.825 +- 113.534  	chisq 0 (0 df)

Iteration 2:  3000000 integrand evaluations so far
[1] 629.015 +- 77.1161  	chisq 0.0959445 (1 df)

Iteration 3:  6000000 integrand evaluations so far
[1] 561.274 +- 49.1437  	chisq 1.39524 (2 df)

Iteration 4:  10000000 integrand evaluations so far
[1] 544.096 +- 26.3667  	chisq 1.56682 (3 df)

Iteration 5:  15000000 integrand evaluations so far
[1] 529.738 +- 13.8947  	chisq 1.97734 (4 df)

Iteration 6:  21000000 integrand evaluations so far
[1] 546.637 +- 9.01659  	chisq 4.53251 (5 df)

Iteration 7:  28000000 integrand evaluations so far
[1] 542.993 +- 6.24806  	chisq 4.84673 (6 df)

Iteration 8:  36000000 integrand evaluations so far
[1] 545.505 +- 4.79421  	chisq 5.23957 (7 df)

Iteration 9:  45000000 integrand evaluations so far
[1] 550.931 +- 3.96302  	chisq 9.28568 (8 df)

Iteration 10:  55000000 integrand evaluations so far
[1] 551.389 +- 3.91137  	chisq 9.8005 (9 df)
   551.4 ±    3.9        (1.81mi) ┃     638 ±     67        (14.3mi) ┃
┃   44 -    46 ┃   27 -    28 ┃  477.86 ±   0.22        (2.45mi) ┃ -413.89 ±   0.29        (7.59mi) ┃Vegas input parameters:
  ndim 10
  ncomp 1
  nvec 1
  epsrel 0
  epsabs 0
  flags 10
  seed 123456
  mineval 50000000
  maxeval 50000000
  nstart 1000000
  nincrease 1000000
  nbatch 5000
  gridno 0
  statefile ""

Iteration 1:  1000000 integrand evaluations so far
[1] -510.003 +- 904.778  	chisq 0 (0 df)

Iteration 2:  3000000 integrand evaluations so far
[1] -911.995 +- 570.677  	chisq 0.327817 (1 df)

Iteration 3:  6000000 integrand evaluations so far
[1] 26.6021 +- 167.387  	chisq 3.28752 (2 df)

Iteration 4:  10000000 integrand evaluations so far
[1] -90.6924 +- 70.7614  	chisq 3.8854 (3 df)

Iteration 5:  15000000 integrand evaluations so far
[1] -41.1625 +- 34.7172  	chisq 4.53066 (4 df)

Iteration 6:  21000000 integrand evaluations so far
[1] -40.6296 +- 34.5082  	chisq 4.55029 (5 df)

Iteration 7:  28000000 integrand evaluations so far
[1] -43.0146 +- 32.8912  	chisq 4.60249 (6 df)

Iteration 8:  36000000 integrand evaluations so far
[1] -47.6173 +- 32.0963  	chisq 5.01257 (7 df)

Iteration 9:  45000000 integrand evaluations so far
[1] -48.3367 +- 31.9092  	chisq 5.0558 (8 df)

Iteration 10:  55000000 integrand evaluations so far
[1] -43.6615 +- 31.5396  	chisq 5.98783 (9 df)
     -44 ±     32        (3.62mi) ┃Vegas input parameters:
  ndim 8
  ncomp 1
  nvec 1
  epsrel 0
  epsabs 0
  flags 10
  seed 123456
  mineval 5000000
  maxeval 50000000
  nstart 1000000
  nincrease 1000000
  nbatch 5000
  gridno 0
  statefile ""

Iteration 1:  1000000 integrand evaluations so far
[1] 445.421 +- 82.8507  	chisq 0 (0 df)

Iteration 2:  3000000 integrand evaluations so far
[1] 443.216 +- 61.1226  	chisq 0.00155484 (1 df)

Iteration 3:  6000000 integrand evaluations so far
[1] 448.133 +- 50.3322  	chisq 0.0216594 (2 df)

Iteration 4:  10000000 integrand evaluations so far
[1] 439.704 +- 30.2286  	chisq 0.0655238 (3 df)

Iteration 5:  15000000 integrand evaluations so far
[1] 472.095 +- 22.4122  	chisq 2.6153 (4 df)

Iteration 6:  21000000 integrand evaluations so far
[1] 495.153 +- 14.1144  	chisq 4.3696 (5 df)

Iteration 7:  28000000 integrand evaluations so far
[1] 492.834 +- 8.27834  	chisq 4.41078 (6 df)

Iteration 8:  36000000 integrand evaluations so far
[1] 497.715 +- 5.63622  	chisq 5.05894 (7 df)

Iteration 9:  45000000 integrand evaluations so far
[1] 499.202 +- 5.50404  	chisq 6.5612 (8 df)

Iteration 10:  55000000 integrand evaluations so far
[1] 501.374 +- 5.08511  	chisq 7.62469 (9 df)
   501.4 ±    5.1        (1.79mi) ┃     522 ±     32        (15.4mi) ┃
┃   44 -    46 ┃   28 -    29 ┃   449.2 ±   0.44        ( 20.6s) ┃  -387.7 ±   0.11        (7.59mi) ┃Vegas input parameters:
  ndim 10
  ncomp 1
  nvec 1
  epsrel 0
  epsabs 0
  flags 10
  seed 123456
  mineval 50000000
  maxeval 50000000
  nstart 1000000
  nincrease 1000000
  nbatch 5000
  gridno 0
  statefile ""

Iteration 1:  1000000 integrand evaluations so far
[1] 1069.5 +- 816.391  	chisq 0 (0 df)

Iteration 2:  3000000 integrand evaluations so far
[1] 54.9861 +- 204.349  	chisq 1.64747 (1 df)

Iteration 3:  6000000 integrand evaluations so far
[1] 6.79727 +- 108.417  	chisq 1.72487 (2 df)

Iteration 4:  10000000 integrand evaluations so far
[1] -85.5731 +- 99.3876  	chisq 6.27203 (3 df)

Iteration 5:  15000000 integrand evaluations so far
[1] -84.1487 +- 65.2334  	chisq 6.27239 (4 df)

Iteration 6:  21000000 integrand evaluations so far
[1] -52.3929 +- 60.0149  	chisq 7.81526 (5 df)

Iteration 7:  28000000 integrand evaluations so far
[1] -65.4673 +- 59.2589  	chisq 9.71102 (6 df)

Iteration 8:  36000000 integrand evaluations so far
[1] -54.2294 +- 57.9837  	chisq 10.5557 (7 df)

Iteration 9:  45000000 integrand evaluations so far
[1] -22.5794 +- 48.9857  	chisq 11.5965 (8 df)

Iteration 10:  55000000 integrand evaluations so far
[1] -22.9082 +- 48.8419  	chisq 11.6041 (9 df)
     -23 ±     49        (3.65mi) ┃Vegas input parameters:
  ndim 8
  ncomp 1
  nvec 1
  epsrel 0
  epsabs 0
  flags 10
  seed 123456
  mineval 5000000
  maxeval 50000000
  nstart 1000000
  nincrease 1000000
  nbatch 5000
  gridno 0
  statefile ""

Iteration 1:  1000000 integrand evaluations so far
[1] 475.517 +- 93.0646  	chisq 0 (0 df)

Iteration 2:  3000000 integrand evaluations so far
[1] 389.384 +- 68.2701  	chisq 1.85461 (1 df)

Iteration 3:  6000000 integrand evaluations so far
[1] 409.872 +- 62.3952  	chisq 2.40143 (2 df)

Iteration 4:  10000000 integrand evaluations so far
[1] 339.065 +- 27.1783  	chisq 3.99079 (3 df)

Iteration 5:  15000000 integrand evaluations so far
[1] 375.217 +- 16.7925  	chisq 6.85268 (4 df)

Iteration 6:  21000000 integrand evaluations so far
[1] 409.032 +- 10.5504  	chisq 13.5523 (5 df)

Iteration 7:  28000000 integrand evaluations so far
[1] 425.574 +- 7.90602  	chisq 19.1593 (6 df)

Iteration 8:  36000000 integrand evaluations so far
[1] 425.603 +- 6.53752  	chisq 19.1593 (7 df)

Iteration 9:  45000000 integrand evaluations so far
[1] 434.203 +- 5.51846  	chisq 25.1791 (8 df)

Iteration 10:  55000000 integrand evaluations so far
[1] 434.951 +- 5.49893  	chisq 27.7826 (9 df)
     435 ±    5.5        (1.78mi) ┃     474 ±     49        (13.4mi) ┃
┃   44 -    46 ┃   29 -    30 ┃  448.55 ±   0.12        (4.75mi) ┃-386.435 ±  0.066        (59.3mi) ┃Vegas input parameters:
  ndim 10
  ncomp 1
  nvec 1
  epsrel 0
  epsabs 0
  flags 10
  seed 123456
  mineval 50000000
  maxeval 50000000
  nstart 1000000
  nincrease 1000000
  nbatch 5000
  gridno 0
  statefile ""

Iteration 1:  1000000 integrand evaluations so far
[1] -180.545 +- 372.075  	chisq 0 (0 df)

Iteration 2:  3000000 integrand evaluations so far
[1] -372.058 +- 257.184  	chisq 0.507317 (1 df)

Iteration 3:  6000000 integrand evaluations so far
[1] -36.533 +- 152.299  	chisq 3.12852 (2 df)

Iteration 4:  10000000 integrand evaluations so far
[1] -15.3209 +- 72.5432  	chisq 3.15361 (3 df)

Iteration 5:  15000000 integrand evaluations so far
[1] 8.81044 +- 69.5286  	chisq 4.5133 (4 df)

Iteration 6:  21000000 integrand evaluations so far
[1] 17.8131 +- 61.8828  	chisq 4.59396 (5 df)

Iteration 7:  28000000 integrand evaluations so far
[1] 28.8609 +- 58.8214  	chisq 4.92425 (6 df)

Iteration 8:  36000000 integrand evaluations so far
[1] 39.9983 +- 57.3424  	chisq 5.64628 (7 df)

Iteration 9:  45000000 integrand evaluations so far
[1] 39.0904 +- 56.8958  	chisq 5.66244 (8 df)

Iteration 10:  55000000 integrand evaluations so far
[1] 48.3921 +- 55.9957  	chisq 6.51389 (9 df)
      48 ±     56        (3.64mi) ┃Vegas input parameters:
  ndim 8
  ncomp 1
  nvec 1
  epsrel 0
  epsabs 0
  flags 10
  seed 123456
  mineval 5000000
  maxeval 50000000
  nstart 1000000
  nincrease 1000000
  nbatch 5000
  gridno 0
  statefile ""

Iteration 1:  1000000 integrand evaluations so far
[1] 456.438 +- 92.4742  	chisq 0 (0 df)

Iteration 2:  3000000 integrand evaluations so far
[1] 463.143 +- 92.0912  	chisq 0.636081 (1 df)

Iteration 3:  6000000 integrand evaluations so far
[1] 441.498 +- 73.8299  	chisq 0.790701 (2 df)

Iteration 4:  10000000 integrand evaluations so far
[1] 441.147 +- 61.1308  	chisq 0.790773 (3 df)

Iteration 5:  15000000 integrand evaluations so far
[1] 448.545 +- 35.7489  	chisq 0.813029 (4 df)

Iteration 6:  21000000 integrand evaluations so far
[1] 453.242 +- 33.2187  	chisq 0.939507 (5 df)

Iteration 7:  28000000 integrand evaluations so far
[1] 426.624 +- 22.8423  	chisq 2.1575 (6 df)

Iteration 8:  36000000 integrand evaluations so far
[1] 433.403 +- 22.3263  	chisq 4.12926 (7 df)

Iteration 9:  45000000 integrand evaluations so far
[1] 439.681 +- 15.7031  	chisq 4.28574 (8 df)

Iteration 10:  55000000 integrand evaluations so far
[1] 449.655 +- 9.68169  	chisq 4.93647 (9 df)
   449.7 ±    9.7        (1.79mi) ┃     560 ±     57        (1.16hr) ┃
┃   44 -    46 ┃   30 -    31 ┃   413.2 ±   0.38        (1.55mi) ┃-356.817 ±   0.06        (58.5mi) ┃Vegas input parameters:
  ndim 10
  ncomp 1
  nvec 1
  epsrel 0
  epsabs 0
  flags 10
  seed 123456
  mineval 50000000
  maxeval 50000000
  nstart 1000000
  nincrease 1000000
  nbatch 5000
  gridno 0
  statefile ""

Iteration 1:  1000000 integrand evaluations so far
[1] -76.6794 +- 282.855  	chisq 0 (0 df)

Iteration 2:  3000000 integrand evaluations so far
[1] 25.5976 +- 123.76  	chisq 0.161702 (1 df)

Iteration 3:  6000000 integrand evaluations so far
[1] -32.5691 +- 118.111  	chisq 2.63806 (2 df)

Iteration 4:  10000000 integrand evaluations so far
[1] 49.0702 +- 103.276  	chisq 4.66743 (3 df)

Iteration 5:  15000000 integrand evaluations so far
[1] 4.74917 +- 78.7549  	chisq 5.10751 (4 df)

Iteration 6:  21000000 integrand evaluations so far
[1] -14.514 +- 76.681  	chisq 6.2586 (5 df)

Iteration 7:  28000000 integrand evaluations so far
[1] -33.6193 +- 73.9216  	chisq 7.13693 (6 df)

Iteration 8:  36000000 integrand evaluations so far
[1] 17.0467 +- 65.3557  	chisq 9.28863 (7 df)

Iteration 9:  45000000 integrand evaluations so far
[1] 2.90943 +- 63.8897  	chisq 10.3434 (8 df)

Iteration 10:  55000000 integrand evaluations so far
[1] -14.8564 +- 53.0071  	chisq 10.5916 (9 df)
     -15 ±     53        (3.66mi) ┃Vegas input parameters:
  ndim 8
  ncomp 1
  nvec 1
  epsrel 0
  epsabs 0
  flags 10
  seed 123456
  mineval 5000000
  maxeval 50000000
  nstart 1000000
  nincrease 1000000
  nbatch 5000
  gridno 0
  statefile ""

Iteration 1:  1000000 integrand evaluations so far
[1] 465.566 +- 86.5483  	chisq 0 (0 df)

Iteration 2:  3000000 integrand evaluations so far
[1] 316.334 +- 37.5408  	chisq 3.66209 (1 df)

Iteration 3:  6000000 integrand evaluations so far
[1] 346.775 +- 29.3601  	chisq 5.35524 (2 df)

Iteration 4:  10000000 integrand evaluations so far
[1] 369.509 +- 27.4731  	chisq 10.1743 (3 df)

Iteration 5:  15000000 integrand evaluations so far
[1] 387.865 +- 21.393  	chisq 11.3084 (4 df)

Iteration 6:  21000000 integrand evaluations so far
[1] 415.289 +- 16.5529  	chisq 15.403 (5 df)

Iteration 7:  28000000 integrand evaluations so far
[1] 422.748 +- 13.8232  	chisq 16.0741 (6 df)

Iteration 8:  36000000 integrand evaluations so far
[1] 423.048 +- 9.44461  	chisq 16.075 (7 df)

Iteration 9:  45000000 integrand evaluations so far
[1] 421.583 +- 6.22414  	chisq 16.1175 (8 df)

Iteration 10:  55000000 integrand evaluations so far
[1] 422.588 +- 6.17096  	chisq 17.6493 (9 df)
   422.6 ±    6.2        (1.79mi) ┃     464 ±     53        (1.09hr) ┃
┃   44 -    46 ┃   31 -    32 ┃  397.48 ±   0.33        (2.37mi) ┃  -343.1 ±   0.32        (7.28mi) ┃Vegas input parameters:
  ndim 10
  ncomp 1
  nvec 1
  epsrel 0
  epsabs 0
  flags 10
  seed 123456
  mineval 50000000
  maxeval 50000000
  nstart 1000000
  nincrease 1000000
  nbatch 5000
  gridno 0
  statefile ""

Iteration 1:  1000000 integrand evaluations so far
[1] 48.1237 +- 151.253  	chisq 0 (0 df)

Iteration 2:  3000000 integrand evaluations so far
[1] 15.4439 +- 97.6501  	chisq 0.0800453 (1 df)

Iteration 3:  6000000 integrand evaluations so far
[1] 16.3251 +- 97.646  	chisq 1.05891 (2 df)

Iteration 4:  10000000 integrand evaluations so far
[1] -37.4768 +- 88.2876  	chisq 2.72247 (3 df)

Iteration 5:  15000000 integrand evaluations so far
[1] 27.2407 +- 53.2699  	chisq 3.5674 (4 df)

Iteration 6:  21000000 integrand evaluations so far
[1] 17.4894 +- 51.4614  	chisq 4.06943 (5 df)

Iteration 7:  28000000 integrand evaluations so far
[1] 20.6468 +- 49.7729  	chisq 4.12775 (6 df)

Iteration 8:  36000000 integrand evaluations so far
[1] 4.97136 +- 39.9923  	chisq 4.40763 (7 df)

Iteration 9:  45000000 integrand evaluations so far
[1] 6.45782 +- 39.9356  	chisq 4.8952 (8 df)

Iteration 10:  55000000 integrand evaluations so far
[1] 21.6497 +- 37.5838  	chisq 6.16114 (9 df)
      22 ±     38        (3.66mi) ┃Vegas input parameters:
  ndim 8
  ncomp 1
  nvec 1
  epsrel 0
  epsabs 0
  flags 10
  seed 123456
  mineval 5000000
  maxeval 50000000
  nstart 1000000
  nincrease 1000000
  nbatch 5000
  gridno 0
  statefile ""

Iteration 1:  1000000 integrand evaluations so far
[1] 365.69 +- 80.0026  	chisq 0 (0 df)

Iteration 2:  3000000 integrand evaluations so far
[1] 278.619 +- 45.6604  	chisq 1.75676 (1 df)

Iteration 3:  6000000 integrand evaluations so far
[1] 228.987 +- 27.2117  	chisq 3.58904 (2 df)

Iteration 4:  10000000 integrand evaluations so far
[1] 249.365 +- 25.1611  	chisq 7.45557 (3 df)

Iteration 5:  15000000 integrand evaluations so far
[1] 249.937 +- 25.1558  	chisq 8.67548 (4 df)

Iteration 6:  21000000 integrand evaluations so far
[1] 268.696 +- 22.3751  	chisq 11.3381 (5 df)

Iteration 7:  28000000 integrand evaluations so far
[1] 316.566 +- 18.6865  	chisq 26.4676 (6 df)

Iteration 8:  36000000 integrand evaluations so far
[1] 354.568 +- 13.2392  	chisq 34.7716 (7 df)

Iteration 9:  45000000 integrand evaluations so far
[1] 355.493 +- 13.2142  	chisq 36.0661 (8 df)

Iteration 10:  55000000 integrand evaluations so far
[1] 362.916 +- 12.203  	chisq 38.2103 (9 df)
     363 ±     12        (1.78mi) ┃     439 ±     40        (15.1mi) ┃
┃   44 -    46 ┃   32 -    33 ┃  394.01 ±   0.17        (4.43mi) ┃ -340.53 ±   0.26        (  15mi) ┃Vegas input parameters:
  ndim 10
  ncomp 1
  nvec 1
  epsrel 0
  epsabs 0
  flags 10
  seed 123456
  mineval 50000000
  maxeval 50000000
  nstart 1000000
  nincrease 1000000
  nbatch 5000
  gridno 0
  statefile ""

Iteration 1:  1000000 integrand evaluations so far
[1] 529.924 +- 228.096  	chisq 0 (0 df)

Iteration 2:  3000000 integrand evaluations so far
[1] -21.5439 +- 119.561  	chisq 8.05974 (1 df)

Iteration 3:  6000000 integrand evaluations so far
[1] -75.9782 +- 96.2841  	chisq 8.64951 (2 df)

Iteration 4:  10000000 integrand evaluations so far
[1] -83.0704 +- 94.0175  	chisq 8.76613 (3 df)

Iteration 5:  15000000 integrand evaluations so far
[1] -61.5319 +- 38.9697  	chisq 8.8295 (4 df)

Iteration 6:  21000000 integrand evaluations so far
[1] -57.704 +- 38.8968  	chisq 11.4117 (5 df)

Iteration 7:  28000000 integrand evaluations so far
[1] -53.8637 +- 38.3421  	chisq 11.756 (6 df)

Iteration 8:  36000000 integrand evaluations so far
[1] -68.1534 +- 35.8895  	chisq 12.8775 (7 df)

Iteration 9:  45000000 integrand evaluations so far
[1] -62.9625 +- 35.601  	chisq 14.1841 (8 df)

Iteration 10:  55000000 integrand evaluations so far
[1] -61.4645 +- 35.4802  	chisq 14.4454 (9 df)
     -61 ±     35        (3.63mi) ┃Vegas input parameters:
  ndim 8
  ncomp 1
  nvec 1
  epsrel 0
  epsabs 0
  flags 10
  seed 123456
  mineval 5000000
  maxeval 50000000
  nstart 1000000
  nincrease 1000000
  nbatch 5000
  gridno 0
  statefile ""

Iteration 1:  1000000 integrand evaluations so far
[1] 276.184 +- 69.1285  	chisq 0 (0 df)

Iteration 2:  3000000 integrand evaluations so far
[1] 122.466 +- 28.9153  	chisq 5.99326 (1 df)

Iteration 3:  6000000 integrand evaluations so far
[1] 127.73 +- 20.3871  	chisq 6.05918 (2 df)

Iteration 4:  10000000 integrand evaluations so far
[1] 131.403 +- 20.281  	chisq 9.1861 (3 df)

Iteration 5:  15000000 integrand evaluations so far
[1] 144.604 +- 19.6866  	chisq 16.5221 (4 df)

Iteration 6:  21000000 integrand evaluations so far
[1] 155.016 +- 19.345  	chisq 24.6533 (5 df)

Iteration 7:  28000000 integrand evaluations so far
[1] 225.512 +- 14.9818  	chisq 57.8335 (6 df)

Iteration 8:  36000000 integrand evaluations so far
[1] 277.598 +- 11.7548  	chisq 89.2783 (7 df)

Iteration 9:  45000000 integrand evaluations so far
[1] 318.988 +- 7.98291  	chisq 112.289 (8 df)

Iteration 10:  55000000 integrand evaluations so far
[1] 339.638 +- 5.0346  	chisq 123.4 (9 df)
   339.6 ±      5        ( 1.8mi) ┃     332 ±     36        (24.9mi) ┃
┃   44 -    46 ┃   33 -    34 ┃  369.39 ±   0.23        (1.18mi) ┃ -319.46 ±    0.2        (1.86mi) ┃Vegas input parameters:
  ndim 10
  ncomp 1
  nvec 1
  epsrel 0
  epsabs 0
  flags 10
  seed 123456
  mineval 50000000
  maxeval 50000000
  nstart 1000000
  nincrease 1000000
  nbatch 5000
  gridno 0
  statefile ""

Iteration 1:  1000000 integrand evaluations so far
[1] 59.6885 +- 301.709  	chisq 0 (0 df)

Iteration 2:  3000000 integrand evaluations so far
[1] -94.2198 +- 98.8612  	chisq 0.291525 (1 df)

Iteration 3:  6000000 integrand evaluations so far
[1] -137.854 +- 90.0704  	chisq 1.43787 (2 df)

Iteration 4:  10000000 integrand evaluations so far
[1] -150.66 +- 89.4947  	chisq 3.02407 (3 df)

Iteration 5:  15000000 integrand evaluations so far
[1] -144.067 +- 89.2927  	chisq 4.2277 (4 df)

Iteration 6:  21000000 integrand evaluations so far
[1] -77.5636 +- 40.8141  	chisq 4.92888 (5 df)

Iteration 7:  28000000 integrand evaluations so far
[1] -69.2926 +- 40.4446  	chisq 7.20694 (6 df)

Iteration 8:  36000000 integrand evaluations so far
[1] -61.4878 +- 40.0282  	chisq 9.02483 (7 df)

Iteration 9:  45000000 integrand evaluations so far
[1] -38.6012 +- 38.5567  	chisq 13.5547 (8 df)

Iteration 10:  55000000 integrand evaluations so far
[1] -40.0909 +- 37.7418  	chisq 13.5904 (9 df)
     -40 ±     38        (3.65mi) ┃Vegas input parameters:
  ndim 8
  ncomp 1
  nvec 1
  epsrel 0
  epsabs 0
  flags 10
  seed 123456
  mineval 5000000
  maxeval 50000000
  nstart 1000000
  nincrease 1000000
  nbatch 5000
  gridno 0
  statefile ""

Iteration 1:  1000000 integrand evaluations so far
[1] 540.489 +- 88.1388  	chisq 0 (0 df)

Iteration 2:  3000000 integrand evaluations so far
[1] 289.319 +- 27.7545  	chisq 9.01476 (1 df)

Iteration 3:  6000000 integrand evaluations so far
[1] 275.078 +- 17.067  	chisq 9.43811 (2 df)

Iteration 4:  10000000 integrand evaluations so far
[1] 290.592 +- 15.8649  	chisq 15.5176 (3 df)

Iteration 5:  15000000 integrand evaluations so far
[1] 310.012 +- 13.4056  	chisq 20.7568 (4 df)

Iteration 6:  21000000 integrand evaluations so far
[1] 326.078 +- 11.0304  	chisq 25.2041 (5 df)

Iteration 7:  28000000 integrand evaluations so far
[1] 341.075 +- 8.55233  	chisq 29.8388 (6 df)

Iteration 8:  36000000 integrand evaluations so far
[1] 346.431 +- 6.63556  	chisq 30.8242 (7 df)

Iteration 9:  45000000 integrand evaluations so far
[1] 348.951 +- 5.0174  	chisq 31.1609 (8 df)

Iteration 10:  55000000 integrand evaluations so far
[1] 355.954 +- 3.84752  	chisq 35.8894 (9 df)
     356 ±    3.8        ( 1.8mi) ┃     366 ±     38        (8.48mi) ┃
┃   44 -    46 ┃   34 -    35 ┃  387.97 ±   0.27        ( 6.27s) ┃ -334.87 ±   0.16        ( 57.6s) ┃Vegas input parameters:
  ndim 10
  ncomp 1
  nvec 1
  epsrel 0
  epsabs 0
  flags 10
  seed 123456
  mineval 50000000
  maxeval 50000000
  nstart 1000000
  nincrease 1000000
  nbatch 5000
  gridno 0
  statefile ""

Iteration 1:  1000000 integrand evaluations so far
[1] -543.707 +- 380.387  	chisq 0 (0 df)

Iteration 2:  3000000 integrand evaluations so far
[1] -506.76 +- 378.925  	chisq 1.22946 (1 df)

Iteration 3:  6000000 integrand evaluations so far
[1] -530.314 +- 231.825  	chisq 1.23564 (2 df)

Iteration 4:  10000000 integrand evaluations so far
[1] -46.2282 +- 122.801  	chisq 7.29673 (3 df)

Iteration 5:  15000000 integrand evaluations so far
[1] -62.2438 +- 121.792  	chisq 8.3357 (4 df)

Iteration 6:  21000000 integrand evaluations so far
[1] -41.6437 +- 119.092  	chisq 8.98834 (5 df)

Iteration 7:  28000000 integrand evaluations so far
[1] 9.77389 +- 69.5327  	chisq 9.27115 (6 df)

Iteration 8:  36000000 integrand evaluations so far
[1] 11.6627 +- 69.5037  	chisq 10.1537 (7 df)

Iteration 9:  45000000 integrand evaluations so far
[1] -4.00568 +- 35.591  	chisq 10.2226 (8 df)

Iteration 10:  55000000 integrand evaluations so far
[1] -4.18877 +- 33.738  	chisq 10.2229 (9 df)
      -4 ±     34        (3.66mi) ┃Vegas input parameters:
  ndim 8
  ncomp 1
  nvec 1
  epsrel 0
  epsabs 0
  flags 10
  seed 123456
  mineval 5000000
  maxeval 50000000
  nstart 1000000
  nincrease 1000000
  nbatch 5000
  gridno 0
  statefile ""

Iteration 1:  1000000 integrand evaluations so far
[1] 252.858 +- 62.61  	chisq 0 (0 df)

Iteration 2:  3000000 integrand evaluations so far
[1] 51.0739 +- 11.4562  	chisq 10.7468 (1 df)

Iteration 3:  6000000 integrand evaluations so far
[1] 58.6807 +- 10.7741  	chisq 14.5624 (2 df)

Iteration 4:  10000000 integrand evaluations so far
[1] 66.213 +- 10.5728  	chisq 27.7665 (3 df)

Iteration 5:  15000000 integrand evaluations so far
[1] 83.6818 +- 10.1553  	chisq 63.0335 (4 df)

Iteration 6:  21000000 integrand evaluations so far
[1] 113.8 +- 9.46221  	chisq 129.744 (5 df)

Iteration 7:  28000000 integrand evaluations so far
[1] 150.6 +- 8.73389  	chisq 231.931 (6 df)

Iteration 8:  36000000 integrand evaluations so far
[1] 227.59 +- 6.44749  	chisq 402.7 (7 df)

Iteration 9:  45000000 integrand evaluations so far
[1] 280.982 +- 4.40807  	chisq 531.464 (8 df)

Iteration 10:  55000000 integrand evaluations so far
[1] 305.171 +- 3.34689  	chisq 602.565 (9 df)
   305.2 ±    3.3        (1.81mi) ┃     354 ±     34        (6.53mi) ┃
┃   44 -    46 ┃   35 -    36 ┃  334.67 ±   0.18        (   48s) ┃ -289.34 ±   0.19        (14.3mi) ┃Vegas input parameters:
  ndim 10
  ncomp 1
  nvec 1
  epsrel 0
  epsabs 0
  flags 10
  seed 123456
  mineval 50000000
  maxeval 50000000
  nstart 1000000
  nincrease 1000000
  nbatch 5000
  gridno 0
  statefile ""

Iteration 1:  1000000 integrand evaluations so far
[1] 292.647 +- 193.454  	chisq 0 (0 df)

Iteration 2:  3000000 integrand evaluations so far
[1] 265.435 +- 175.553  	chisq 0.112098 (1 df)

Iteration 3:  6000000 integrand evaluations so far
[1] 30.7342 +- 60.9716  	chisq 2.14465 (2 df)

Iteration 4:  10000000 integrand evaluations so far
[1] 23.0759 +- 37.8659  	chisq 2.17033 (3 df)

Iteration 5:  15000000 integrand evaluations so far
[1] 36.9135 +- 35.2754  	chisq 3.18093 (4 df)

Iteration 6:  21000000 integrand evaluations so far
[1] 33.2401 +- 34.782  	chisq 3.5713 (5 df)

Iteration 7:  28000000 integrand evaluations so far
[1] 31.6047 +- 34.7231  	chisq 4.22472 (6 df)

Iteration 8:  36000000 integrand evaluations so far
[1] 12.1469 +- 31.8249  	chisq 6.18773 (7 df)

Iteration 9:  45000000 integrand evaluations so far
[1] 9.2851 +- 31.5472  	chisq 6.65314 (8 df)

Iteration 10:  55000000 integrand evaluations so far
[1] 4.35411 +- 26.9817  	chisq 6.74414 (9 df)
       4 ±     27        (3.67mi) ┃Vegas input parameters:
  ndim 8
  ncomp 1
  nvec 1
  epsrel 0
  epsabs 0
  flags 10
  seed 123456
  mineval 5000000
  maxeval 50000000
  nstart 1000000
  nincrease 1000000
  nbatch 5000
  gridno 0
  statefile ""

Iteration 1:  1000000 integrand evaluations so far
[1] 257.599 +- 59.9566  	chisq 0 (0 df)

Iteration 2:  3000000 integrand evaluations so far
[1] 260.605 +- 59.853  	chisq 0.727485 (1 df)

Iteration 3:  6000000 integrand evaluations so far
[1] 134.791 +- 28.9838  	chisq 6.49959 (2 df)

Iteration 4:  10000000 integrand evaluations so far
[1] 141.66 +- 25.1398  	chisq 6.72633 (3 df)

Iteration 5:  15000000 integrand evaluations so far
[1] 162.929 +- 20.6992  	chisq 8.94882 (4 df)

Iteration 6:  21000000 integrand evaluations so far
[1] 195.79 +- 18.1793  	chisq 19.9704 (5 df)

Iteration 7:  28000000 integrand evaluations so far
[1] 247.867 +- 12.0475  	chisq 34.603 (6 df)

Iteration 8:  36000000 integrand evaluations so far
[1] 284.639 +- 7.81797  	chisq 50.6964 (7 df)

Iteration 9:  45000000 integrand evaluations so far
[1] 290.986 +- 4.6226  	chisq 51.7097 (8 df)

Iteration 10:  55000000 integrand evaluations so far
[1] 291.585 +- 3.19054  	chisq 51.7418 (9 df)
   291.6 ±    3.2        (1.81mi) ┃     341 ±     27        (20.6mi) ┃
┃   44 -    46 ┃   36 -    37 ┃  364.76 ±   0.24        ( 11.8s) ┃-314.554 ±  0.098        ( 1.9mi) ┃Vegas input parameters:
  ndim 10
  ncomp 1
  nvec 1
  epsrel 0
  epsabs 0
  flags 10
  seed 123456
  mineval 50000000
  maxeval 50000000
  nstart 1000000
  nincrease 1000000
  nbatch 5000
  gridno 0
  statefile ""

Iteration 1:  1000000 integrand evaluations so far
[1] -180.086 +- 164.359  	chisq 0 (0 df)

Iteration 2:  3000000 integrand evaluations so far
[1] -100.785 +- 135.966  	chisq 0.737478 (1 df)

Iteration 3:  6000000 integrand evaluations so far
[1] -148.702 +- 129.1  	chisq 1.99921 (2 df)

Iteration 4:  10000000 integrand evaluations so far
[1] -186.44 +- 122.414  	chisq 2.84611 (3 df)

Iteration 5:  15000000 integrand evaluations so far
[1] -116.582 +- 111.892  	chisq 4.8256 (4 df)

Iteration 6:  21000000 integrand evaluations so far
[1] -111.598 +- 111.789  	chisq 5.89963 (5 df)

Iteration 7:  28000000 integrand evaluations so far
[1] -69.211 +- 87.4226  	chisq 6.26977 (6 df)

Iteration 8:  36000000 integrand evaluations so far
[1] 17.6524 +- 31.0974  	chisq 7.40003 (7 df)

Iteration 9:  45000000 integrand evaluations so far
[1] 14.0566 +- 30.7252  	chisq 7.96194 (8 df)

Iteration 10:  55000000 integrand evaluations so far
[1] 18.3644 +- 27.6743  	chisq 8.0661 (9 df)
      18 ±     28        (3.64mi) ┃Vegas input parameters:
  ndim 8
  ncomp 1
  nvec 1
  epsrel 0
  epsabs 0
  flags 10
  seed 123456
  mineval 5000000
  maxeval 50000000
  nstart 1000000
  nincrease 1000000
  nbatch 5000
  gridno 0
  statefile ""

Iteration 1:  1000000 integrand evaluations so far
[1] 301.968 +- 68.4353  	chisq 0 (0 df)

Iteration 2:  3000000 integrand evaluations so far
[1] 304.018 +- 68.4013  	chisq 0.900679 (1 df)

Iteration 3:  6000000 integrand evaluations so far
[1] 319.412 +- 62.1105  	chisq 1.18933 (2 df)

Iteration 4:  10000000 integrand evaluations so far
[1] 324.576 +- 59.8206  	chisq 1.28482 (3 df)

Iteration 5:  15000000 integrand evaluations so far
[1] 342.263 +- 54.8545  	chisq 1.83417 (4 df)

Iteration 6:  21000000 integrand evaluations so far
[1] 317.483 +- 37.3353  	chisq 2.21438 (5 df)

Iteration 7:  28000000 integrand evaluations so far
[1] 320.97 +- 24.7169  	chisq 2.22991 (6 df)

Iteration 8:  36000000 integrand evaluations so far
[1] 308.482 +- 13.9145  	chisq 2.60357 (7 df)

Iteration 9:  45000000 integrand evaluations so far
[1] 306.516 +- 8.73511  	chisq 2.63655 (8 df)

Iteration 10:  55000000 integrand evaluations so far
[1] 313.225 +- 6.15355  	chisq 3.80759 (9 df)
   313.2 ±    6.2        (1.79mi) ┃     382 ±     28        (7.53mi) ┃
┃   44 -    46 ┃   37 -    38 ┃  336.18 ±   0.24        (1.61mi) ┃ -289.79 ±   0.11        (28.3mi) ┃Vegas input parameters:
  ndim 10
  ncomp 1
  nvec 1
  epsrel 0
  epsabs 0
  flags 10
  seed 123456
  mineval 50000000
  maxeval 50000000
  nstart 1000000
  nincrease 1000000
  nbatch 5000
  gridno 0
  statefile ""

Iteration 1:  1000000 integrand evaluations so far
[1] -394.022 +- 424.384  	chisq 0 (0 df)

Iteration 2:  3000000 integrand evaluations so far
[1] 78.1011 +- 147.212  	chisq 1.40693 (1 df)

Iteration 3:  6000000 integrand evaluations so far
[1] 112.56 +- 88.1921  	chisq 1.49239 (2 df)

Iteration 4:  10000000 integrand evaluations so far
[1] 123.028 +- 65.5945  	chisq 1.52393 (3 df)

Iteration 5:  15000000 integrand evaluations so far
[1] 122.127 +- 55.1494  	chisq 1.52457 (4 df)

Iteration 6:  21000000 integrand evaluations so far
[1] 86.5283 +- 47.8531  	chisq 3.21083 (5 df)

Iteration 7:  28000000 integrand evaluations so far
[1] 73.8748 +- 37.212  	chisq 3.38772 (6 df)

Iteration 8:  36000000 integrand evaluations so far
[1] 58.2583 +- 35.6603  	chisq 5.54439 (7 df)

Iteration 9:  45000000 integrand evaluations so far
[1] 47.4761 +- 32.6812  	chisq 6.1154 (8 df)

Iteration 10:  55000000 integrand evaluations so far
[1] 55.7395 +- 31.8463  	chisq 7.38292 (9 df)
      56 ±     32        (3.65mi) ┃Vegas input parameters:
  ndim 8
  ncomp 1
  nvec 1
  epsrel 0
  epsabs 0
  flags 10
  seed 123456
  mineval 5000000
  maxeval 50000000
  nstart 1000000
  nincrease 1000000
  nbatch 5000
  gridno 0
  statefile ""

Iteration 1:  1000000 integrand evaluations so far
[1] 396.169 +- 77.8425  	chisq 0 (0 df)

Iteration 2:  3000000 integrand evaluations so far
[1] 400.44 +- 75.2535  	chisq 0.0460164 (1 df)

Iteration 3:  6000000 integrand evaluations so far
[1] 190.783 +- 29.0998  	chisq 9.17255 (2 df)

Iteration 4:  10000000 integrand evaluations so far
[1] 220.596 +- 26.0827  	chisq 14.5112 (3 df)

Iteration 5:  15000000 integrand evaluations so far
[1] 239.418 +- 18.7319  	chisq 15.5866 (4 df)

Iteration 6:  21000000 integrand evaluations so far
[1] 270.311 +- 13.5439  	chisq 21.2864 (5 df)

Iteration 7:  28000000 integrand evaluations so far
[1] 281.39 +- 8.69336  	chisq 22.4243 (6 df)

Iteration 8:  36000000 integrand evaluations so far
[1] 282.597 +- 8.63734  	chisq 23.9258 (7 df)

Iteration 9:  45000000 integrand evaluations so far
[1] 291.606 +- 7.61916  	chisq 28.8296 (8 df)

Iteration 10:  55000000 integrand evaluations so far
[1] 300.795 +- 5.88462  	chisq 32.4342 (9 df)
   300.8 ±    5.9        ( 1.8mi) ┃     403 ±     32        (35.4mi) ┃
┃   44 -    46 ┃   38 -    39 ┃ 333.655 ±  0.031        (1.38mi) ┃ -287.69 ±   0.24        (14.2mi) ┃Vegas input parameters:
  ndim 10
  ncomp 1
  nvec 1
  epsrel 0
  epsabs 0
  flags 10
  seed 123456
  mineval 50000000
  maxeval 50000000
  nstart 1000000
  nincrease 1000000
  nbatch 5000
  gridno 0
  statefile ""

Iteration 1:  1000000 integrand evaluations so far
[1] -659.179 +- 473.374  	chisq 0 (0 df)

Iteration 2:  3000000 integrand evaluations so far
[1] -114.853 +- 64.2135  	chisq 1.34702 (1 df)

Iteration 3:  6000000 integrand evaluations so far
[1] -91.7212 +- 62.2781  	chisq 3.53277 (2 df)

Iteration 4:  10000000 integrand evaluations so far
[1] -98.5365 +- 61.9041  	chisq 4.53267 (3 df)

Iteration 5:  15000000 integrand evaluations so far
[1] -102.819 +- 61.718  	chisq 5.33006 (4 df)

Iteration 6:  21000000 integrand evaluations so far
[1] -43.5121 +- 52.5393  	chisq 8.68395 (5 df)

Iteration 7:  28000000 integrand evaluations so far
[1] -47.4326 +- 52.305  	chisq 9.30972 (6 df)

Iteration 8:  36000000 integrand evaluations so far
[1] -50.1393 +- 52.0693  	chisq 9.60762 (7 df)

Iteration 9:  45000000 integrand evaluations so far
[1] -38.7536 +- 43.433  	chisq 9.76479 (8 df)

Iteration 10:  55000000 integrand evaluations so far
[1] -45.1678 +- 43.0253  	chisq 10.9318 (9 df)
     -45 ±     43        (3.67mi) ┃Vegas input parameters:
  ndim 8
  ncomp 1
  nvec 1
  epsrel 0
  epsabs 0
  flags 10
  seed 123456
  mineval 5000000
  maxeval 50000000
  nstart 1000000
  nincrease 1000000
  nbatch 5000
  gridno 0
  statefile ""

Iteration 1:  1000000 integrand evaluations so far
[1] 290.565 +- 62.6926  	chisq 0 (0 df)

Iteration 2:  3000000 integrand evaluations so far
[1] 113.052 +- 17.9568  	chisq 8.73386 (1 df)

Iteration 3:  6000000 integrand evaluations so far
[1] 122.725 +- 17.5413  	chisq 15.0784 (2 df)

Iteration 4:  10000000 integrand evaluations so far
[1] 130.181 +- 17.1745  	chisq 19.4444 (3 df)

Iteration 5:  15000000 integrand evaluations so far
[1] 165.541 +- 14.8078  	chisq 35.9621 (4 df)

Iteration 6:  21000000 integrand evaluations so far
[1] 212.9 +- 11.9538  	chisq 65.3286 (5 df)

Iteration 7:  28000000 integrand evaluations so far
[1] 253.747 +- 7.25996  	chisq 83.8287 (6 df)

Iteration 8:  36000000 integrand evaluations so far
[1] 270.904 +- 5.16143  	chisq 95.1222 (7 df)

Iteration 9:  45000000 integrand evaluations so far
[1] 278.589 +- 3.6745  	chisq 99.6173 (8 df)

Iteration 10:  55000000 integrand evaluations so far
[1] 283.462 +- 2.90501  	chisq 104.306 (9 df)
   283.5 ±    2.9        (1.82mi) ┃     284 ±     43        (21.1mi) ┃
┃   44 -    46 ┃   39 -    40 ┃  323.79 ±   0.25        (   12s) ┃-279.859 ±  0.058        (56.1mi) ┃Vegas input parameters:
  ndim 10
  ncomp 1
  nvec 1
  epsrel 0
  epsabs 0
  flags 10
  seed 123456
  mineval 50000000
  maxeval 50000000
  nstart 1000000
  nincrease 1000000
  nbatch 5000
  gridno 0
  statefile ""

Iteration 1:  1000000 integrand evaluations so far
[1] 27.4302 +- 190.079  	chisq 0 (0 df)

Iteration 2:  3000000 integrand evaluations so far
[1] -101.387 +- 158.016  	chisq 1.48678 (1 df)

Iteration 3:  6000000 integrand evaluations so far
[1] -85.3366 +- 50.2976  	chisq 1.49826 (2 df)

Iteration 4:  10000000 integrand evaluations so far
[1] -86.9505 +- 42.5882  	chisq 1.50189 (3 df)

Iteration 5:  15000000 integrand evaluations so far
[1] -53.7851 +- 36.8255  	chisq 3.90543 (4 df)

Iteration 6:  21000000 integrand evaluations so far
[1] -47.2739 +- 35.2772  	chisq 4.28518 (5 df)

Iteration 7:  28000000 integrand evaluations so far
[1] -46.5072 +- 34.9551  	chisq 4.31117 (6 df)

Iteration 8:  36000000 integrand evaluations so far
[1] -42.3672 +- 32.6164  	chisq 4.41963 (7 df)

Iteration 9:  45000000 integrand evaluations so far
[1] -52.5447 +- 30.7462  	chisq 5.29374 (8 df)

Iteration 10:  55000000 integrand evaluations so far
[1] -52.1043 +- 30.5468  	chisq 5.30962 (9 df)
     -52 ±     31        (3.71mi) ┃Vegas input parameters:
  ndim 8
  ncomp 1
  nvec 1
  epsrel 0
  epsabs 0
  flags 10
  seed 123456
  mineval 5000000
  maxeval 50000000
  nstart 1000000
  nincrease 1000000
  nbatch 5000
  gridno 0
  statefile ""

Iteration 1:  1000000 integrand evaluations so far
[1] 336.03 +- 74.3769  	chisq 0 (0 df)

Iteration 2:  3000000 integrand evaluations so far
[1] 187.066 +- 30.0282  	chisq 4.79246 (1 df)

Iteration 3:  6000000 integrand evaluations so far
[1] 208.179 +- 24.5184  	chisq 6.27573 (2 df)

Iteration 4:  10000000 integrand evaluations so far
[1] 236.902 +- 18.0687  	chisq 9.27933 (3 df)

Iteration 5:  15000000 integrand evaluations so far
[1] 256.009 +- 12.8831  	chisq 11.5539 (4 df)

Iteration 6:  21000000 integrand evaluations so far
[1] 269.796 +- 8.91178  	chisq 13.7498 (5 df)

Iteration 7:  28000000 integrand evaluations so far
[1] 274.388 +- 6.02622  	chisq 14.239 (6 df)

Iteration 8:  36000000 integrand evaluations so far
[1] 279.369 +- 4.30805  	chisq 15.6363 (7 df)

Iteration 9:  45000000 integrand evaluations so far
[1] 280.559 +- 4.14596  	chisq 16.67 (8 df)

Iteration 10:  55000000 integrand evaluations so far
[1] 279.551 +- 3.55676  	chisq 16.8937 (9 df)
   279.6 ±    3.6        ( 1.8mi) ┃     271 ±     31        (1.03hr) ┃
┃   44 -    46 ┃   40 -    41 ┃  294.31 ±   0.19        (4.79mi) ┃ -255.46 ±   0.16        (  28mi) ┃Vegas input parameters:
  ndim 10
  ncomp 1
  nvec 1
  epsrel 0
  epsabs 0
  flags 10
  seed 123456
  mineval 50000000
  maxeval 50000000
  nstart 1000000
  nincrease 1000000
  nbatch 5000
  gridno 0
  statefile ""

Iteration 1:  1000000 integrand evaluations so far
[1] -471.594 +- 270.573  	chisq 0 (0 df)

Iteration 2:  3000000 integrand evaluations so far
[1] -386.678 +- 263.489  	chisq 1.90585 (1 df)

Iteration 3:  6000000 integrand evaluations so far
[1] -67.9377 +- 57.0388  	chisq 3.44116 (2 df)

Iteration 4:  10000000 integrand evaluations so far
[1] -68.4331 +- 51.0107  	chisq 3.44153 (3 df)

Iteration 5:  15000000 integrand evaluations so far
[1] -75.7207 +- 50.6022  	chisq 4.72088 (4 df)

Iteration 6:  21000000 integrand evaluations so far
[1] -108.255 +- 37.103  	chisq 5.61492 (5 df)

Iteration 7:  28000000 integrand evaluations so far
[1] -95.7542 +- 35.1077  	chisq 6.69957 (6 df)

Iteration 8:  36000000 integrand evaluations so far
[1] -60.3235 +- 31.876  	chisq 12.4986 (7 df)

Iteration 9:  45000000 integrand evaluations so far
[1] -57.0287 +- 31.6808  	chisq 13.3739 (8 df)

Iteration 10:  55000000 integrand evaluations so far
[1] -63.1662 +- 29.6351  	chisq 13.6742 (9 df)
     -63 ±     30        ( 3.6mi) ┃Vegas input parameters:
  ndim 8
  ncomp 1
  nvec 1
  epsrel 0
  epsabs 0
  flags 10
  seed 123456
  mineval 5000000
  maxeval 50000000
  nstart 1000000
  nincrease 1000000
  nbatch 5000
  gridno 0
  statefile ""

Iteration 1:  1000000 integrand evaluations so far
[1] 365.044 +- 82.4984  	chisq 0 (0 df)

Iteration 2:  3000000 integrand evaluations so far
[1] 280.767 +- 62.7046  	chisq 2.47123 (1 df)

Iteration 3:  6000000 integrand evaluations so far
[1] 284.647 +- 54.2735  	chisq 2.4865 (2 df)

Iteration 4:  10000000 integrand evaluations so far
[1] 284.676 +- 48.7069  	chisq 2.4865 (3 df)

Iteration 5:  15000000 integrand evaluations so far
[1] 271.487 +- 36.4173  	chisq 2.65278 (4 df)

Iteration 6:  21000000 integrand evaluations so far
[1] 249.489 +- 20.8063  	chisq 3.19449 (5 df)

Iteration 7:  28000000 integrand evaluations so far
[1] 268.459 +- 14.0028  	chisq 4.71405 (6 df)

Iteration 8:  36000000 integrand evaluations so far
[1] 275.917 +- 9.72743  	chisq 5.26226 (7 df)

Iteration 9:  45000000 integrand evaluations so far
[1] 277.421 +- 7.31566  	chisq 5.31729 (8 df)

Iteration 10:  55000000 integrand evaluations so far
[1] 283.18 +- 5.40562  	chisq 6.68224 (9 df)
   283.2 ±    5.4        ( 1.8mi) ┃     259 ±     30        (38.2mi) ┃
┃   44 -    46 ┃   41 -    42 ┃  346.14 ±   0.23        (1.34mi) ┃-297.427 ±  0.063        ( 54.8s) ┃Vegas input parameters:
  ndim 10
  ncomp 1
  nvec 1
  epsrel 0
  epsabs 0
  flags 10
  seed 123456
  mineval 50000000
  maxeval 50000000
  nstart 1000000
  nincrease 1000000
  nbatch 5000
  gridno 0
  statefile ""

Iteration 1:  1000000 integrand evaluations so far
[1] 228.809 +- 241.427  	chisq 0 (0 df)

Iteration 2:  3000000 integrand evaluations so far
[1] -54.326 +- 116.514  	chisq 1.79294 (1 df)

Iteration 3:  6000000 integrand evaluations so far
[1] -30.6289 +- 114.634  	chisq 3.08542 (2 df)

Iteration 4:  10000000 integrand evaluations so far
[1] 2.96621 +- 109.979  	chisq 4.16487 (3 df)

Iteration 5:  15000000 integrand evaluations so far
[1] -63.2218 +- 99.9045  	chisq 6.23665 (4 df)

Iteration 6:  21000000 integrand evaluations so far
[1] -34.8093 +- 97.5393  	chisq 7.96533 (5 df)

Iteration 7:  28000000 integrand evaluations so far
[1] -62.4872 +- 76.4944  	chisq 8.17449 (6 df)

Iteration 8:  36000000 integrand evaluations so far
[1] -53.5679 +- 75.6394  	chisq 8.78606 (7 df)

Iteration 9:  45000000 integrand evaluations so far
[1] -50.4288 +- 75.5538  	chisq 9.54797 (8 df)

Iteration 10:  55000000 integrand evaluations so far
[1] -65.8963 +- 66.2912  	chisq 9.73007 (9 df)
     -66 ±     66        (3.68mi) ┃Vegas input parameters:
  ndim 8
  ncomp 1
  nvec 1
  epsrel 0
  epsabs 0
  flags 10
  seed 123456
  mineval 5000000
  maxeval 50000000
  nstart 1000000
  nincrease 1000000
  nbatch 5000
  gridno 0
  statefile ""

Iteration 1:  1000000 integrand evaluations so far
[1] 372.32 +- 77.7927  	chisq 0 (0 df)

Iteration 2:  3000000 integrand evaluations so far
[1] 256.277 +- 51.5879  	chisq 3.97182 (1 df)

Iteration 3:  6000000 integrand evaluations so far
[1] 91.1702 +- 10.6743  	chisq 14.6732 (2 df)

Iteration 4:  10000000 integrand evaluations so far
[1] 91.9071 +- 10.6651  	chisq 17.411 (3 df)

Iteration 5:  15000000 integrand evaluations so far
[1] 109.508 +- 9.66263  	chisq 32.6136 (4 df)

Iteration 6:  21000000 integrand evaluations so far
[1] 124.026 +- 9.26699  	chisq 60.7574 (5 df)

Iteration 7:  28000000 integrand evaluations so far
[1] 147.082 +- 8.59241  	chisq 104.882 (6 df)

Iteration 8:  36000000 integrand evaluations so far
[1] 172.08 +- 7.88991  	chisq 158.852 (7 df)

Iteration 9:  45000000 integrand evaluations so far
[1] 212.666 +- 5.8485  	chisq 217.584 (8 df)

Iteration 10:  55000000 integrand evaluations so far
[1] 245.536 +- 4.32534  	chisq 287.307 (9 df)
   245.5 ±    4.3        ( 1.8mi) ┃     228 ±     66        (7.74mi) ┃
┃   44 -    46 ┃   42 -    43 ┃   273.3 ±   0.13        (2.63mi) ┃ -235.67 ±   0.23        (3.49mi) ┃Vegas input parameters:
  ndim 10
  ncomp 1
  nvec 1
  epsrel 0
  epsabs 0
  flags 10
  seed 123456
  mineval 50000000
  maxeval 50000000
  nstart 1000000
  nincrease 1000000
  nbatch 5000
  gridno 0
  statefile ""

Iteration 1:  1000000 integrand evaluations so far
[1] 635.971 +- 604.78  	chisq 0 (0 df)

Iteration 2:  3000000 integrand evaluations so far
[1] 452.205 +- 583.388  	chisq 1.32865 (1 df)

Iteration 3:  6000000 integrand evaluations so far
[1] 93.6782 +- 511.256  	chisq 2.9566 (2 df)

Iteration 4:  10000000 integrand evaluations so far
[1] 113.055 +- 208.978  	chisq 2.95832 (3 df)

Iteration 5:  15000000 integrand evaluations so far
[1] -74.1885 +- 55.7161  	chisq 3.82256 (4 df)

Iteration 6:  21000000 integrand evaluations so far
[1] -36.7946 +- 38.8313  	chisq 4.69846 (5 df)

Iteration 7:  28000000 integrand evaluations so far
[1] -41.742 +- 38.192  	chisq 5.19556 (6 df)

Iteration 8:  36000000 integrand evaluations so far
[1] 3.78786 +- 27.7858  	chisq 8.21485 (7 df)

Iteration 9:  45000000 integrand evaluations so far
[1] 3.13556 +- 27.7083  	chisq 8.3137 (8 df)

Iteration 10:  55000000 integrand evaluations so far
[1] 1.4922 +- 26.9711  	chisq 8.3807 (9 df)
       1 ±     27        (3.66mi) ┃Vegas input parameters:
  ndim 8
  ncomp 1
  nvec 1
  epsrel 0
  epsabs 0
  flags 10
  seed 123456
  mineval 5000000
  maxeval 50000000
  nstart 1000000
  nincrease 1000000
  nbatch 5000
  gridno 0
  statefile ""

Iteration 1:  1000000 integrand evaluations so far
[1] 255.985 +- 60.5719  	chisq 0 (0 df)

Iteration 2:  3000000 integrand evaluations so far
[1] 207.753 +- 37.2823  	chisq 1.02076 (1 df)

Iteration 3:  6000000 integrand evaluations so far
[1] 219.999 +- 34.2992  	chisq 1.72304 (2 df)

Iteration 4:  10000000 integrand evaluations so far
[1] 241.6 +- 27.8884  	chisq 2.89346 (3 df)

Iteration 5:  15000000 integrand evaluations so far
[1] 249.804 +- 26.4919  	chisq 3.77975 (4 df)

Iteration 6:  21000000 integrand evaluations so far
[1] 259.013 +- 24.2013  	chisq 4.51006 (5 df)

Iteration 7:  28000000 integrand evaluations so far
[1] 240.362 +- 14.1607  	chisq 5.41318 (6 df)

Iteration 8:  36000000 integrand evaluations so far
[1] 246.641 +- 13.1329  	chisq 6.81856 (7 df)

Iteration 9:  45000000 integrand evaluations so far
[1] 258.545 +- 8.57864  	chisq 8.25172 (8 df)

Iteration 10:  55000000 integrand evaluations so far
[1] 250.44 +- 4.83052  	chisq 9.55883 (9 df)
   250.4 ±    4.8        (1.81mi) ┃     290 ±     27        (11.6mi) ┃
┃   44 -    46 ┃   43 -    44 ┃  326.38 ±   0.13        (1.35mi) ┃  -281.6 ±   0.27        (6.89mi) ┃Vegas input parameters:
  ndim 10
  ncomp 1
  nvec 1
  epsrel 0
  epsabs 0
  flags 10
  seed 123456
  mineval 50000000
  maxeval 50000000
  nstart 1000000
  nincrease 1000000
  nbatch 5000
  gridno 0
  statefile ""

Iteration 1:  1000000 integrand evaluations so far
[1] -108.723 +- 291.485  	chisq 0 (0 df)

Iteration 2:  3000000 integrand evaluations so far
[1] -92.6483 +- 93.0395  	chisq 0.00338626 (1 df)

Iteration 3:  6000000 integrand evaluations so far
[1] -43.1818 +- 77.9055  	chisq 0.949215 (2 df)

Iteration 4:  10000000 integrand evaluations so far
[1] 17.756 +- 60.6615  	chisq 2.5033 (3 df)

Iteration 5:  15000000 integrand evaluations so far
[1] 50.1385 +- 55.5933  	chisq 4.28304 (4 df)

Iteration 6:  21000000 integrand evaluations so far
[1] 44.351 +- 55.4411  	chisq 6.26588 (5 df)

Iteration 7:  28000000 integrand evaluations so far
[1] -1.36836 +- 44.3938  	chisq 8.1611 (6 df)

Iteration 8:  36000000 integrand evaluations so far
[1] -4.41993 +- 44.2153  	chisq 8.7499 (7 df)

Iteration 9:  45000000 integrand evaluations so far
[1] -1.30027 +- 40.1481  	chisq 8.77826 (8 df)

Iteration 10:  55000000 integrand evaluations so far
[1] -0.6295 +- 35.4607  	chisq 8.77953 (9 df)
      -1 ±     35        (3.64mi) ┃Vegas input parameters:
  ndim 8
  ncomp 1
  nvec 1
  epsrel 0
  epsabs 0
  flags 10
  seed 123456
  mineval 5000000
  maxeval 50000000
  nstart 1000000
  nincrease 1000000
  nbatch 5000
  gridno 0
  statefile ""

Iteration 1:  1000000 integrand evaluations so far
[1] 250.427 +- 60.3078  	chisq 0 (0 df)

Iteration 2:  3000000 integrand evaluations so far
[1] 235.693 +- 48.155  	chisq 0.164679 (1 df)

Iteration 3:  6000000 integrand evaluations so far
[1] 225.623 +- 33.973  	chisq 0.251748 (2 df)

Iteration 4:  10000000 integrand evaluations so far
[1] 226.322 +- 33.9656  	chisq 1.22513 (3 df)

Iteration 5:  15000000 integrand evaluations so far
[1] 201.337 +- 24.293  	chisq 2.33289 (4 df)

Iteration 6:  21000000 integrand evaluations so far
[1] 210.083 +- 18.7606  	chisq 2.65403 (5 df)

Iteration 7:  28000000 integrand evaluations so far
[1] 214.005 +- 18.5466  	chisq 4.57974 (6 df)

Iteration 8:  36000000 integrand evaluations so far
[1] 227.837 +- 15.7231  	chisq 6.55724 (7 df)

Iteration 9:  45000000 integrand evaluations so far
[1] 228.264 +- 7.96029  	chisq 6.55823 (8 df)

Iteration 10:  55000000 integrand evaluations so far
[1] 229.406 +- 4.04971  	chisq 6.58599 (9 df)
   229.4 ±      4        (1.81mi) ┃     274 ±     36        (13.7mi) ┃
┃   44 -    46 ┃   44 -    45 ┃  266.99 ±   0.21        (1.23mi) ┃ -230.83 ±   0.18        (6.88mi) ┃Vegas input parameters:
  ndim 10
  ncomp 1
  nvec 1
  epsrel 0
  epsabs 0
  flags 10
  seed 123456
  mineval 50000000
  maxeval 50000000
  nstart 1000000
  nincrease 1000000
  nbatch 5000
  gridno 0
  statefile ""

Iteration 1:  1000000 integrand evaluations so far
[1] 869.447 +- 684.409  	chisq 0 (0 df)

Iteration 2:  3000000 integrand evaluations so far
[1] 240.669 +- 561.865  	chisq 2.58875 (1 df)

Iteration 3:  6000000 integrand evaluations so far
[1] 54.381 +- 69.6165  	chisq 2.70039 (2 df)

Iteration 4:  10000000 integrand evaluations so far
[1] 53.6576 +- 65.3899  	chisq 2.70131 (3 df)

Iteration 5:  15000000 integrand evaluations so far
[1] 26.6191 +- 61.9011  	chisq 4.34755 (4 df)

Iteration 6:  21000000 integrand evaluations so far
[1] -1.61102 +- 51.6809  	chisq 5.03408 (5 df)

Iteration 7:  28000000 integrand evaluations so far
[1] 10.9888 +- 48.8285  	chisq 5.58783 (6 df)

Iteration 8:  36000000 integrand evaluations so far
[1] -8.15889 +- 45.8793  	chisq 6.90045 (7 df)

Iteration 9:  45000000 integrand evaluations so far
[1] -30.9683 +- 32.6827  	chisq 7.40228 (8 df)

Iteration 10:  55000000 integrand evaluations so far
[1] -8.85539 +- 29.8873  	chisq 10.1979 (9 df)
      -9 ±     30        ( 3.6mi) ┃Vegas input parameters:
  ndim 8
  ncomp 1
  nvec 1
  epsrel 0
  epsabs 0
  flags 10
  seed 123456
  mineval 5000000
  maxeval 50000000
  nstart 1000000
  nincrease 1000000
  nbatch 5000
  gridno 0
  statefile ""

Iteration 1:  1000000 integrand evaluations so far
[1] 260.923 +- 55.3343  	chisq 0 (0 df)

Iteration 2:  3000000 integrand evaluations so far
[1] 229.253 +- 43.1529  	chisq 0.83601 (1 df)

Iteration 3:  6000000 integrand evaluations so far
[1] 142.947 +- 20.4486  	chisq 5.99435 (2 df)

Iteration 4:  10000000 integrand evaluations so far
[1] 159.678 +- 17.9949  	chisq 8.96214 (3 df)

Iteration 5:  15000000 integrand evaluations so far
[1] 182.166 +- 13.3564  	chisq 12.4394 (4 df)

Iteration 6:  21000000 integrand evaluations so far
[1] 197.787 +- 12.2317  	chisq 20.9195 (5 df)

Iteration 7:  28000000 integrand evaluations so far
[1] 213.492 +- 9.85837  	chisq 25.6238 (6 df)

Iteration 8:  36000000 integrand evaluations so far
[1] 228.028 +- 6.70939  	chisq 29.6737 (7 df)

Iteration 9:  45000000 integrand evaluations so far
[1] 229.342 +- 4.03519  	chisq 29.7338 (8 df)

Iteration 10:  55000000 integrand evaluations so far
[1] 233.535 +- 2.73728  	chisq 31.7338 (9 df)
   233.5 ±    2.7        (1.79mi) ┃     261 ±     30        (13.5mi) ┃
┃   44 -    46 ┃   45 -    46 ┃  286.99 ±    0.2        (1.59mi) ┃ -248.26 ±   0.24        (13.5mi) ┃Vegas input parameters:
  ndim 10
  ncomp 1
  nvec 1
  epsrel 0
  epsabs 0
  flags 10
  seed 123456
  mineval 50000000
  maxeval 50000000
  nstart 1000000
  nincrease 1000000
  nbatch 5000
  gridno 0
  statefile ""

Iteration 1:  1000000 integrand evaluations so far
[1] 57.2913 +- 178.569  	chisq 0 (0 df)

Iteration 2:  3000000 integrand evaluations so far
[1] -11.133 +- 86.4389  	chisq 0.191761 (1 df)

Iteration 3:  6000000 integrand evaluations so far
[1] 53.6992 +- 73.3946  	chisq 2.20777 (2 df)

Iteration 4:  10000000 integrand evaluations so far
[1] 54.9887 +- 71.7318  	chisq 2.21466 (3 df)

Iteration 5:  15000000 integrand evaluations so far
[1] 65.6111 +- 63.6286  	chisq 2.31753 (4 df)

Iteration 6:  21000000 integrand evaluations so far
[1] 61.0192 +- 63.4554  	chisq 3.27517 (5 df)

Iteration 7:  28000000 integrand evaluations so far
[1] 46.9429 +- 61.9028  	chisq 4.29325 (6 df)

Iteration 8:  36000000 integrand evaluations so far
[1] 27.2811 +- 48.8165  	chisq 4.56006 (7 df)

Iteration 9:  45000000 integrand evaluations so far
[1] 25.1511 +- 48.7742  	chisq 5.65762 (8 df)

Iteration 10:  55000000 integrand evaluations so far
[1] 15.5583 +- 47.8729  	chisq 6.71406 (9 df)
      16 ±     48        (3.63mi) ┃Vegas input parameters:
  ndim 8
  ncomp 1
  nvec 1
  epsrel 0
  epsabs 0
  flags 10
  seed 123456
  mineval 5000000
  maxeval 50000000
  nstart 1000000
  nincrease 1000000
  nbatch 5000
  gridno 0
  statefile ""

Iteration 1:  1000000 integrand evaluations so far
[1] 221.827 +- 52.0429  	chisq 0 (0 df)

Iteration 2:  3000000 integrand evaluations so far
[1] 117.893 +- 26.5398  	chisq 5.39012 (1 df)

Iteration 3:  6000000 integrand evaluations so far
[1] 120.343 +- 22.978  	chisq 5.42414 (2 df)

Iteration 4:  10000000 integrand evaluations so far
[1] 124.186 +- 22.8241  	chisq 7.51942 (3 df)

Iteration 5:  15000000 integrand evaluations so far
[1] 143.088 +- 19.3044  	chisq 9.92912 (4 df)

Iteration 6:  21000000 integrand evaluations so far
[1] 174.261 +- 12.7149  	chisq 14.5348 (5 df)

Iteration 7:  28000000 integrand evaluations so far
[1] 203.042 +- 9.92196  	chisq 27.6366 (6 df)

Iteration 8:  36000000 integrand evaluations so far
[1] 205.547 +- 9.82571  	chisq 30.9359 (7 df)

Iteration 9:  45000000 integrand evaluations so far
[1] 216.821 +- 7.98683  	chisq 34.817 (8 df)

Iteration 10:  55000000 integrand evaluations so far
[1] 223.858 +- 7.42289  	chisq 40.5145 (9 df)
   223.9 ±    7.4        (1.79mi) ┃     278 ±     48        (20.5mi) ┃
┃   44 -    46 ┃   46 -    47 ┃  289.17 ±   0.14        (2.64mi) ┃ -248.12 ±   0.15        (26.9mi) ┃Vegas input parameters:
  ndim 10
  ncomp 1
  nvec 1
  epsrel 0
  epsabs 0
  flags 10
  seed 123456
  mineval 50000000
  maxeval 50000000
  nstart 1000000
  nincrease 1000000
  nbatch 5000
  gridno 0
  statefile ""

Iteration 1:  1000000 integrand evaluations so far
[1] -36.289 +- 203.928  	chisq 0 (0 df)

Iteration 2:  3000000 integrand evaluations so far
[1] 39.7599 +- 131.187  	chisq 0.237253 (1 df)

Iteration 3:  6000000 integrand evaluations so far
[1] 70.3031 +- 58.0574  	chisq 0.30466 (2 df)

Iteration 4:  10000000 integrand evaluations so far
[1] 54.1226 +- 50.6539  	chisq 0.629952 (3 df)

Iteration 5:  15000000 integrand evaluations so far
[1] 63.5348 +- 49.8786  	chisq 1.76642 (4 df)

Iteration 6:  21000000 integrand evaluations so far
[1] -13.2128 +- 37.5861  	chisq 7.24489 (5 df)

Iteration 7:  28000000 integrand evaluations so far
[1] -1.59522 +- 36.6039  	chisq 9.09708 (6 df)

Iteration 8:  36000000 integrand evaluations so far
[1] -1.7091 +- 33.2377  	chisq 9.09714 (7 df)

Iteration 9:  45000000 integrand evaluations so far
[1] 8.7098 +- 30.7317  	chisq 9.7743 (8 df)

Iteration 10:  55000000 integrand evaluations so far
[1] 13.6229 +- 29.4188  	chisq 10.0799 (9 df)
      14 ±     29        (3.67mi) ┃Vegas input parameters:
  ndim 8
  ncomp 1
  nvec 1
  epsrel 0
  epsabs 0
  flags 10
  seed 123456
  mineval 5000000
  maxeval 50000000
  nstart 1000000
  nincrease 1000000
  nbatch 5000
  gridno 0
  statefile ""

Iteration 1:  1000000 integrand evaluations so far
[1] 311.18 +- 68.4688  	chisq 0 (0 df)

Iteration 2:  3000000 integrand evaluations so far
[1] 197.387 +- 38.1443  	chisq 4.00529 (1 df)

Iteration 3:  6000000 integrand evaluations so far
[1] 206.69 +- 35.3408  	chisq 4.42548 (2 df)

Iteration 4:  10000000 integrand evaluations so far
[1] 210.528 +- 27.0711  	chisq 4.454 (3 df)

Iteration 5:  15000000 integrand evaluations so far
[1] 208.255 +- 19.206  	chisq 4.4682 (4 df)

Iteration 6:  21000000 integrand evaluations so far
[1] 222.382 +- 16.2421  	chisq 6.36786 (5 df)

Iteration 7:  28000000 integrand evaluations so far
[1] 212.366 +- 8.13843  	chisq 6.87562 (6 df)

Iteration 8:  36000000 integrand evaluations so far
[1] 222.698 +- 5.49166  	chisq 9.83464 (7 df)

Iteration 9:  45000000 integrand evaluations so far
[1] 229.778 +- 3.97577  	chisq 13.3269 (8 df)

Iteration 10:  55000000 integrand evaluations so far
[1] 230.062 +- 2.89814  	chisq 13.3378 (9 df)
   230.1 ±    2.9        (1.81mi) ┃     285 ±     30        (  35mi) ┃
┃   44 -    46 ┃   47 -    48 ┃ 258.309 ±  0.035        (4.77mi) ┃ -223.82 ±   0.15        (13.5mi) ┃Vegas input parameters:
  ndim 10
  ncomp 1
  nvec 1
  epsrel 0
  epsabs 0
  flags 10
  seed 123456
  mineval 50000000
  maxeval 50000000
  nstart 1000000
  nincrease 1000000
  nbatch 5000
  gridno 0
  statefile ""

Iteration 1:  1000000 integrand evaluations so far
[1] 91.4486 +- 107.382  	chisq 0 (0 df)

Iteration 2:  3000000 integrand evaluations so far
[1] 65.3585 +- 105.741  	chisq 1.9463 (1 df)

Iteration 3:  6000000 integrand evaluations so far
[1] -8.01243 +- 57.9817  	chisq 2.63475 (2 df)

Iteration 4:  10000000 integrand evaluations so far
[1] -35.5999 +- 43.2212  	chisq 3.14424 (3 df)

Iteration 5:  15000000 integrand evaluations so far
[1] -51.6109 +- 41.6184  	chisq 5.02936 (4 df)

Iteration 6:  21000000 integrand evaluations so far
[1] -66.0487 +- 37.436  	chisq 5.65982 (5 df)

Iteration 7:  28000000 integrand evaluations so far
[1] -23.1317 +- 30.3029  	chisq 9.4717 (6 df)

Iteration 8:  36000000 integrand evaluations so far
[1] -29.1836 +- 30.0153  	chisq 11.5828 (7 df)

Iteration 9:  45000000 integrand evaluations so far
[1] -16.7225 +- 28.9643  	chisq 14.0879 (8 df)

Iteration 10:  55000000 integrand evaluations so far
[1] -37.1696 +- 25.6456  	chisq 16.3948 (9 df)
     -37 ±     26        (3.65mi) ┃Vegas input parameters:
  ndim 8
  ncomp 1
  nvec 1
  epsrel 0
  epsabs 0
  flags 10
  seed 123456
  mineval 5000000
  maxeval 50000000
  nstart 1000000
  nincrease 1000000
  nbatch 5000
  gridno 0
  statefile ""

Iteration 1:  1000000 integrand evaluations so far
[1] 269.348 +- 63.0603  	chisq 0 (0 df)

Iteration 2:  3000000 integrand evaluations so far
[1] 86.722 +- 13.3856  	chisq 8.78283 (1 df)

Iteration 3:  6000000 integrand evaluations so far
[1] 87.9157 +- 13.3463  	chisq 10.141 (2 df)

Iteration 4:  10000000 integrand evaluations so far
[1] 92.1577 +- 13.1873  	chisq 14.4052 (3 df)

Iteration 5:  15000000 integrand evaluations so far
[1] 114.828 +- 11.7045  	chisq 28.3302 (4 df)

Iteration 6:  21000000 integrand evaluations so far
[1] 151.455 +- 9.63476  	chisq 58.7034 (5 df)

Iteration 7:  28000000 integrand evaluations so far
[1] 192.469 +- 7.17131  	chisq 99.3347 (6 df)

Iteration 8:  36000000 integrand evaluations so far
[1] 198.192 +- 6.87546  	chisq 107.218 (7 df)

Iteration 9:  45000000 integrand evaluations so far
[1] 213.309 +- 5.4676  	chisq 120.368 (8 df)

Iteration 10:  55000000 integrand evaluations so far
[1] 229.137 +- 4.19109  	chisq 140.687 (9 df)
   229.1 ±    4.2        (1.76mi) ┃     226 ±     26        (23.7mi) ┃
┃   44 -    46 ┃   48 -    49 ┃  290.79 ±   0.21        (2.37mi) ┃-250.677 ±  0.054        (26.9mi) ┃Vegas input parameters:
  ndim 10
  ncomp 1
  nvec 1
  epsrel 0
  epsabs 0
  flags 10
  seed 123456
  mineval 50000000
  maxeval 50000000
  nstart 1000000
  nincrease 1000000
  nbatch 5000
  gridno 0
  statefile ""

Iteration 1:  1000000 integrand evaluations so far
[1] -209.255 +- 258.473  	chisq 0 (0 df)

Iteration 2:  3000000 integrand evaluations so far
[1] 8.71592 +- 99.3625  	chisq 0.834478 (1 df)

Iteration 3:  6000000 integrand evaluations so far
[1] -30.0672 +- 37.4834  	chisq 1.01211 (2 df)

Iteration 4:  10000000 integrand evaluations so far
[1] -27.2169 +- 36.9425  	chisq 1.2139 (3 df)

Iteration 5:  15000000 integrand evaluations so far
[1] -8.39062 +- 35.1434  	chisq 3.94691 (4 df)

Iteration 6:  21000000 integrand evaluations so far
[1] -18.4988 +- 31.6216  	chisq 4.38145 (5 df)

Iteration 7:  28000000 integrand evaluations so far
[1] -18.2274 +- 31.5527  	chisq 4.39834 (6 df)

Iteration 8:  36000000 integrand evaluations so far
[1] -26.8364 +- 31.0865  	chisq 6.93679 (7 df)

Iteration 9:  45000000 integrand evaluations so far
[1] -25.2334 +- 29.7586  	chisq 6.9686 (8 df)

Iteration 10:  55000000 integrand evaluations so far
[1] -25.2435 +- 28.1253  	chisq 6.9686 (9 df)
     -25 ±     28        (3.65mi) ┃Vegas input parameters:
  ndim 8
  ncomp 1
  nvec 1
  epsrel 0
  epsabs 0
  flags 10
  seed 123456
  mineval 5000000
  maxeval 50000000
  nstart 1000000
  nincrease 1000000
  nbatch 5000
  gridno 0
  statefile ""

Iteration 1:  1000000 integrand evaluations so far
[1] 183.364 +- 47.4452  	chisq 0 (0 df)

Iteration 2:  3000000 integrand evaluations so far
[1] 186.719 +- 47.2758  	chisq 0.701283 (1 df)

Iteration 3:  6000000 integrand evaluations so far
[1] 180.596 +- 42.5242  	chisq 0.78913 (2 df)

Iteration 4:  10000000 integrand evaluations so far
[1] 181.841 +- 32.9542  	chisq 0.791274 (3 df)

Iteration 5:  15000000 integrand evaluations so far
[1] 174.173 +- 17.2351  	chisq 0.865815 (4 df)

Iteration 6:  21000000 integrand evaluations so far
[1] 189.723 +- 12.1303  	chisq 2.479 (5 df)

Iteration 7:  28000000 integrand evaluations so far
[1] 199.432 +- 9.45068  	chisq 4.10888 (6 df)

Iteration 8:  36000000 integrand evaluations so far
[1] 210.628 +- 5.54193  	chisq 6.24794 (7 df)

Iteration 9:  45000000 integrand evaluations so far
[1] 213.873 +- 5.24766  	chisq 9.56435 (8 df)

Iteration 10:  55000000 integrand evaluations so far
[1] 216.231 +- 5.094  	chisq 13.0645 (9 df)
   216.2 ±    5.1        (1.82mi) ┃     231 ±     29        (34.7mi) ┃
┃   44 -    46 ┃   49 -    50 ┃  232.53 ±   0.16        (1.33mi) ┃ -200.84 ±   0.16        (13.3mi) ┃Vegas input parameters:
  ndim 10
  ncomp 1
  nvec 1
  epsrel 0
  epsabs 0
  flags 10
  seed 123456
  mineval 50000000
  maxeval 50000000
  nstart 1000000
  nincrease 1000000
  nbatch 5000
  gridno 0
  statefile ""

Iteration 1:  1000000 integrand evaluations so far
[1] 302.776 +- 430.339  	chisq 0 (0 df)

Iteration 2:  3000000 integrand evaluations so far
[1] -122.722 +- 233.643  	chisq 1.38625 (1 df)

Iteration 3:  6000000 integrand evaluations so far
[1] 107.21 +- 182.315  	chisq 3.86254 (2 df)

Iteration 4:  10000000 integrand evaluations so far
[1] 110.57 +- 158.173  	chisq 3.86391 (3 df)

Iteration 5:  15000000 integrand evaluations so far
[1] 63.2395 +- 81.1226  	chisq 3.98541 (4 df)

Iteration 6:  21000000 integrand evaluations so far
[1] 97.9188 +- 73.5135  	chisq 5.00751 (5 df)

Iteration 7:  28000000 integrand evaluations so far
[1] 73.0186 +- 51.0088  	chisq 5.22877 (6 df)

Iteration 8:  36000000 integrand evaluations so far
[1] 73.318 +- 47.4949  	chisq 5.22903 (7 df)

Iteration 9:  45000000 integrand evaluations so far
[1] 77.3291 +- 47.3005  	chisq 6.10222 (8 df)

Iteration 10:  55000000 integrand evaluations so far
[1] 65.3298 +- 35.8227  	chisq 6.25314 (9 df)
      65 ±     36        (3.64mi) ┃Vegas input parameters:
  ndim 8
  ncomp 1
  nvec 1
  epsrel 0
  epsabs 0
  flags 10
  seed 123456
  mineval 5000000
  maxeval 50000000
  nstart 1000000
  nincrease 1000000
  nbatch 5000
  gridno 0
  statefile ""

Iteration 1:  1000000 integrand evaluations so far
[1] 241.603 +- 58.4676  	chisq 0 (0 df)

Iteration 2:  3000000 integrand evaluations so far
[1] 245.843 +- 55.97  	chisq 0.0628932 (1 df)

Iteration 3:  6000000 integrand evaluations so far
[1] 164.662 +- 32.4994  	chisq 3.23675 (2 df)

Iteration 4:  10000000 integrand evaluations so far
[1] 184.579 +- 24.5476  	chisq 4.1112 (3 df)

Iteration 5:  15000000 integrand evaluations so far
[1] 201.223 +- 16.8816  	chisq 4.98352 (4 df)

Iteration 6:  21000000 integrand evaluations so far
[1] 211.611 +- 15.4827  	chisq 7.36689 (5 df)

Iteration 7:  28000000 integrand evaluations so far
[1] 220.929 +- 11.1663  	chisq 8.12171 (6 df)

Iteration 8:  36000000 integrand evaluations so far
[1] 223.622 +- 7.35896  	chisq 8.22449 (7 df)

Iteration 9:  45000000 integrand evaluations so far
[1] 227.811 +- 4.77804  	chisq 8.78474 (8 df)

Iteration 10:  55000000 integrand evaluations so far
[1] 230.561 +- 4.25464  	chisq 10.3843 (9 df)
   230.6 ±    4.3        (1.81mi) ┃     328 ±     36        (20.1mi) ┃
┃   44 -    46 ┃   50 -    51 ┃ 281.105 ±  0.082        (4.38mi) ┃ -252.37 ±   0.17        (1.26mi) ┃Vegas input parameters:
  ndim 10
  ncomp 1
  nvec 1
  epsrel 0
  epsabs 0
  flags 10
  seed 123456
  mineval 50000000
  maxeval 50000000
  nstart 1000000
  nincrease 1000000
  nbatch 5000
  gridno 0
  statefile ""

Iteration 1:  1000000 integrand evaluations so far
[1] 167.463 +- 87.2645  	chisq 0 (0 df)

Iteration 2:  3000000 integrand evaluations so far
[1] 136.293 +- 84.8436  	chisq 2.33175 (1 df)

Iteration 3:  6000000 integrand evaluations so far
[1] 142.374 +- 84.4842  	chisq 2.9394 (2 df)

Iteration 4:  10000000 integrand evaluations so far
[1] 102.829 +- 75.8196  	chisq 4.06525 (3 df)

Iteration 5:  15000000 integrand evaluations so far
[1] 97.7762 +- 45.0606  	chisq 4.07211 (4 df)

Iteration 6:  21000000 integrand evaluations so far
[1] 87.8218 +- 44.5221  	chisq 6.12628 (5 df)

Iteration 7:  28000000 integrand evaluations so far
[1] 90.9105 +- 43.2548  	chisq 6.21204 (6 df)

Iteration 8:  36000000 integrand evaluations so far
[1] 47.1041 +- 39.6427  	chisq 12.6208 (7 df)

Iteration 9:  45000000 integrand evaluations so far
[1] 50.4088 +- 36.7358  	chisq 12.67 (8 df)

Iteration 10:  55000000 integrand evaluations so far
[1] 55.1475 +- 35.7013  	chisq 12.9696 (9 df)
      55 ±     36        (3.62mi) ┃Vegas input parameters:
  ndim 8
  ncomp 1
  nvec 1
  epsrel 0
  epsabs 0
  flags 10
  seed 123456
  mineval 5000000
  maxeval 50000000
  nstart 1000000
  nincrease 1000000
  nbatch 5000
  gridno 0
  statefile ""

Iteration 1:  1000000 integrand evaluations so far
[1] 206.719 +- 52.9201  	chisq 0 (0 df)

Iteration 2:  3000000 integrand evaluations so far
[1] 33.3933 +- 4.90209  	chisq 10.82 (1 df)

Iteration 3:  6000000 integrand evaluations so far
[1] 33.8108 +- 4.89581  	chisq 13.6544 (2 df)

Iteration 4:  10000000 integrand evaluations so far
[1] 33.9061 +- 4.89524  	chisq 15.2877 (3 df)

Iteration 5:  15000000 integrand evaluations so far
[1] 36.4276 +- 4.86717  	chisq 38.4901 (4 df)

Iteration 6:  21000000 integrand evaluations so far
[1] 38.3331 +- 4.84651  	chisq 56.5838 (5 df)

Iteration 7:  28000000 integrand evaluations so far
[1] 55.8049 +- 4.57741  	chisq 176.956 (6 df)

Iteration 8:  36000000 integrand evaluations so far
[1] 59.7791 +- 4.53109  	chisq 214.388 (7 df)

Iteration 9:  45000000 integrand evaluations so far
[1] 78.8151 +- 4.27465  	chisq 374.863 (8 df)

Iteration 10:  55000000 integrand evaluations so far
[1] 123.028 +- 3.59974  	chisq 742.681 (9 df)
     123 ±    3.6        ( 1.8mi) ┃     207 ±     36        (11.1mi) ┃
┃   44 -    46 ┃   51 -    52 ┃  242.08 ±   0.15        ( 38.1s) ┃ -209.12 ±   0.18        ( 6.8mi) ┃Vegas input parameters:
  ndim 10
  ncomp 1
  nvec 1
  epsrel 0
  epsabs 0
  flags 10
  seed 123456
  mineval 50000000
  maxeval 50000000
  nstart 1000000
  nincrease 1000000
  nbatch 5000
  gridno 0
  statefile ""

Iteration 1:  1000000 integrand evaluations so far
[1] 45.3666 +- 216.914  	chisq 0 (0 df)

Iteration 2:  3000000 integrand evaluations so far
[1] 52.8369 +- 216.78  	chisq 0.959732 (1 df)

Iteration 3:  6000000 integrand evaluations so far
[1] -70.6286 +- 117.763  	chisq 1.41991 (2 df)

Iteration 4:  10000000 integrand evaluations so far
[1] -77.5124 +- 99.5915  	chisq 1.43191 (3 df)

Iteration 5:  15000000 integrand evaluations so far
[1] -54.7118 +- 92.0798  	chisq 1.79298 (4 df)

Iteration 6:  21000000 integrand evaluations so far
[1] 1.8144 +- 30.2884  	chisq 2.21556 (5 df)

Iteration 7:  28000000 integrand evaluations so far
[1] 1.72912 +- 26.7268  	chisq 2.21559 (6 df)

Iteration 8:  36000000 integrand evaluations so far
[1] 5.23103 +- 26.4556  	chisq 3.06586 (7 df)

Iteration 9:  45000000 integrand evaluations so far
[1] 7.8626 +- 25.1541  	chisq 3.16896 (8 df)

Iteration 10:  55000000 integrand evaluations so far
[1] 13.2902 +- 24.6987  	chisq 4.46663 (9 df)
      13 ±     25        (3.59mi) ┃Vegas input parameters:
  ndim 8
  ncomp 1
  nvec 1
  epsrel 0
  epsabs 0
  flags 10
  seed 123456
  mineval 5000000
  maxeval 50000000
  nstart 1000000
  nincrease 1000000
  nbatch 5000
  gridno 0
  statefile ""

Iteration 1:  1000000 integrand evaluations so far
[1] 283.567 +- 66.2624  	chisq 0 (0 df)

Iteration 2:  3000000 integrand evaluations so far
[1] 292.436 +- 62.7662  	chisq 0.174332 (1 df)

Iteration 3:  6000000 integrand evaluations so far
[1] 102.72 +- 15.079  	chisq 9.86982 (2 df)

Iteration 4:  10000000 integrand evaluations so far
[1] 113.588 +- 14.3133  	chisq 15.1174 (3 df)

Iteration 5:  15000000 integrand evaluations so far
[1] 147.476 +- 11.6835  	chisq 31.915 (4 df)

Iteration 6:  21000000 integrand evaluations so far
[1] 159.676 +- 11.1254  	chisq 43.6067 (5 df)

Iteration 7:  28000000 integrand evaluations so far
[1] 164.13 +- 10.8406  	chisq 46.7779 (6 df)

Iteration 8:  36000000 integrand evaluations so far
[1] 185.689 +- 9.46736  	chisq 63.445 (7 df)

Iteration 9:  45000000 integrand evaluations so far
[1] 199.16 +- 8.41421  	chisq 73.0815 (8 df)

Iteration 10:  55000000 integrand evaluations so far
[1] 214.321 +- 6.84561  	chisq 82.6845 (9 df)
   214.3 ±    6.8        (1.79mi) ┃     261 ±     26        (12.8mi) ┃
┃   44 -    46 ┃   52 -    53 ┃  246.04 ±   0.18        (1.35mi) ┃-213.314 ±  0.046        (6.61mi) ┃Vegas input parameters:
  ndim 10
  ncomp 1
  nvec 1
  epsrel 0
  epsabs 0
  flags 10
  seed 123456
  mineval 50000000
  maxeval 50000000
  nstart 1000000
  nincrease 1000000
  nbatch 5000
  gridno 0
  statefile ""

Iteration 1:  1000000 integrand evaluations so far
[1] -47.7126 +- 89.2548  	chisq 0 (0 df)

Iteration 2:  3000000 integrand evaluations so far
[1] -34.7628 +- 86.4161  	chisq 0.336284 (1 df)

Iteration 3:  6000000 integrand evaluations so far
[1] -3.91676 +- 64.878  	chisq 0.628275 (2 df)

Iteration 4:  10000000 integrand evaluations so far
[1] -11.1594 +- 44.8756  	chisq 0.652169 (3 df)

Iteration 5:  15000000 integrand evaluations so far
[1] -32.1289 +- 35.2571  	chisq 1.22267 (4 df)

Iteration 6:  21000000 integrand evaluations so far
[1] -13.1824 +- 29.302  	chisq 2.15639 (5 df)

Iteration 7:  28000000 integrand evaluations so far
[1] -11.513 +- 28.8431  	chisq 2.26082 (6 df)

Iteration 8:  36000000 integrand evaluations so far
[1] -3.45577 +- 26.5739  	chisq 2.77707 (7 df)

Iteration 9:  45000000 integrand evaluations so far
[1] -1.94762 +- 25.9686  	chisq 2.8486 (8 df)

Iteration 10:  55000000 integrand evaluations so far
[1] -0.551912 +- 22.7051  	chisq 2.86086 (9 df)
      -1 ±     23        (3.61mi) ┃Vegas input parameters:
  ndim 8
  ncomp 1
  nvec 1
  epsrel 0
  epsabs 0
  flags 10
  seed 123456
  mineval 5000000
  maxeval 50000000
  nstart 1000000
  nincrease 1000000
  nbatch 5000
  gridno 0
  statefile ""

Iteration 1:  1000000 integrand evaluations so far
[1] 393.727 +- 81.8016  	chisq 0 (0 df)

Iteration 2:  3000000 integrand evaluations so far
[1] 111.046 +- 15.2619  	chisq 12.3725 (1 df)

Iteration 3:  6000000 integrand evaluations so far
[1] 123.009 +- 14.0678  	chisq 16.4583 (2 df)

Iteration 4:  10000000 integrand evaluations so far
[1] 139.734 +- 12.963  	chisq 25.825 (3 df)

Iteration 5:  15000000 integrand evaluations so far
[1] 145.335 +- 12.5942  	chisq 29.1541 (4 df)

Iteration 6:  21000000 integrand evaluations so far
[1] 171.7 +- 10.5803  	chisq 44.0475 (5 df)

Iteration 7:  28000000 integrand evaluations so far
[1] 196.663 +- 7.29324  	chisq 54.6542 (6 df)

Iteration 8:  36000000 integrand evaluations so far
[1] 209.346 +- 5.15509  	chisq 60.6984 (7 df)

Iteration 9:  45000000 integrand evaluations so far
[1] 216.319 +- 3.48576  	chisq 64.0692 (8 df)

Iteration 10:  55000000 integrand evaluations so far
[1] 217.518 +- 3.44169  	chisq 68.7751 (9 df)
   217.5 ±    3.4        (1.77mi) ┃     250 ±     23        (13.3mi) ┃
┃   44 -    46 ┃   53 -    54 ┃ 235.955 ±  0.081        (2.26mi) ┃-201.836 ±  0.045        (1.82mi) ┃Vegas input parameters:
  ndim 10
  ncomp 1
  nvec 1
  epsrel 0
  epsabs 0
  flags 10
  seed 123456
  mineval 50000000
  maxeval 50000000
  nstart 1000000
  nincrease 1000000
  nbatch 5000
  gridno 0
  statefile ""

Iteration 1:  1000000 integrand evaluations so far
[1] 152.793 +- 140.65  	chisq 0 (0 df)

Iteration 2:  3000000 integrand evaluations so far
[1] 4.71452 +- 83.7654  	chisq 1.71767 (1 df)

Iteration 3:  6000000 integrand evaluations so far
[1] 10.4065 +- 82.4459  	chisq 1.86539 (2 df)

Iteration 4:  10000000 integrand evaluations so far
[1] 51.1322 +- 68.6576  	chisq 2.66146 (3 df)

Iteration 5:  15000000 integrand evaluations so far
[1] 35.2748 +- 56.0923  	chisq 2.82188 (4 df)

Iteration 6:  21000000 integrand evaluations so far
[1] 52.5366 +- 53.2474  	chisq 3.77982 (5 df)

Iteration 7:  28000000 integrand evaluations so far
[1] 52.2018 +- 52.4412  	chisq 3.78113 (6 df)

Iteration 8:  36000000 integrand evaluations so far
[1] 66.8727 +- 46.4161  	chisq 4.14249 (7 df)

Iteration 9:  45000000 integrand evaluations so far
[1] 70.3402 +- 43.2129  	chisq 4.18437 (8 df)

Iteration 10:  55000000 integrand evaluations so far
[1] 75.46 +- 43.0031  	chisq 5.63351 (9 df)
      75 ±     43        (3.61mi) ┃Vegas input parameters:
  ndim 8
  ncomp 1
  nvec 1
  epsrel 0
  epsabs 0
  flags 10
  seed 123456
  mineval 5000000
  maxeval 50000000
  nstart 1000000
  nincrease 1000000
  nbatch 5000
  gridno 0
  statefile ""

Iteration 1:  1000000 integrand evaluations so far
[1] 150.749 +- 45.2837  	chisq 0 (0 df)

Iteration 2:  3000000 integrand evaluations so far
[1] 59.3819 +- 16.974  	chisq 4.73641 (1 df)

Iteration 3:  6000000 integrand evaluations so far
[1] 60.9729 +- 16.8897  	chisq 5.62307 (2 df)

Iteration 4:  10000000 integrand evaluations so far
[1] 65.801 +- 16.6025  	chisq 8.04647 (3 df)

Iteration 5:  15000000 integrand evaluations so far
[1] 70.8914 +- 16.431  	chisq 12.6213 (4 df)

Iteration 6:  21000000 integrand evaluations so far
[1] 105.113 +- 11.9242  	chisq 21.7854 (5 df)

Iteration 7:  28000000 integrand evaluations so far
[1] 137.287 +- 9.83502  	chisq 44.5577 (6 df)

Iteration 8:  36000000 integrand evaluations so far
[1] 158.436 +- 8.15354  	chisq 59.345 (7 df)

Iteration 9:  45000000 integrand evaluations so far
[1] 189.787 +- 5.72436  	chisq 88.4992 (8 df)

Iteration 10:  55000000 integrand evaluations so far
[1] 192.634 +- 5.55935  	chisq 92.8534 (9 df)
   192.6 ±    5.6        ( 1.8mi) ┃     302 ±     43        (9.48mi) ┃
┃   44 -    46 ┃   54 -    55 ┃  240.73 ±   0.21        ( 12.6s) ┃ -206.97 ±  0.055        (13.3mi) ┃Vegas input parameters:
  ndim 10
  ncomp 1
  nvec 1
  epsrel 0
  epsabs 0
  flags 10
  seed 123456
  mineval 50000000
  maxeval 50000000
  nstart 1000000
  nincrease 1000000
  nbatch 5000
  gridno 0
  statefile ""

Iteration 1:  1000000 integrand evaluations so far
[1] -24.1207 +- 86.3781  	chisq 0 (0 df)

Iteration 2:  3000000 integrand evaluations so far
[1] -68.2274 +- 78.0149  	chisq 1.41499 (1 df)

Iteration 3:  6000000 integrand evaluations so far
[1] -29.3856 +- 42.7961  	chisq 1.76957 (2 df)

Iteration 4:  10000000 integrand evaluations so far
[1] -46.8945 +- 37.4901  	chisq 2.4892 (3 df)

Iteration 5:  15000000 integrand evaluations so far
[1] -30.2587 +- 30.7968  	chisq 3.09471 (4 df)

Iteration 6:  21000000 integrand evaluations so far
[1] -29.683 +- 26.1961  	chisq 3.09597 (5 df)

Iteration 7:  28000000 integrand evaluations so far
[1] -30.3894 +- 26.1504  	chisq 3.30431 (6 df)

Iteration 8:  36000000 integrand evaluations so far
[1] -21.4197 +- 24.4232  	chisq 4.2254 (7 df)

Iteration 9:  45000000 integrand evaluations so far
[1] -19.6042 +- 23.6265  	chisq 4.31149 (8 df)

Iteration 10:  55000000 integrand evaluations so far
[1] -25.6135 +- 22.0203  	chisq 4.80401 (9 df)
     -26 ±     22        (3.65mi) ┃Vegas input parameters:
  ndim 8
  ncomp 1
  nvec 1
  epsrel 0
  epsabs 0
  flags 10
  seed 123456
  mineval 5000000
  maxeval 50000000
  nstart 1000000
  nincrease 1000000
  nbatch 5000
  gridno 0
  statefile ""

Iteration 1:  1000000 integrand evaluations so far
[1] 196.977 +- 50.1422  	chisq 0 (0 df)

Iteration 2:  3000000 integrand evaluations so far
[1] 118.542 +- 28.2236  	chisq 3.58159 (1 df)

Iteration 3:  6000000 integrand evaluations so far
[1] 125.457 +- 27.2489  	chisq 4.46587 (2 df)

Iteration 4:  10000000 integrand evaluations so far
[1] 131.418 +- 26.9653  	chisq 6.77635 (3 df)

Iteration 5:  15000000 integrand evaluations so far
[1] 159.114 +- 21.6781  	chisq 9.75897 (4 df)

Iteration 6:  21000000 integrand evaluations so far
[1] 182.212 +- 19.4342  	chisq 15.5426 (5 df)

Iteration 7:  28000000 integrand evaluations so far
[1] 200.051 +- 12.1772  	chisq 16.9297 (6 df)

Iteration 8:  36000000 integrand evaluations so far
[1] 206.545 +- 7.53158  	chisq 17.3903 (7 df)

Iteration 9:  45000000 integrand evaluations so far
[1] 207.69 +- 7.48303  	chisq 19.1903 (8 df)

Iteration 10:  55000000 integrand evaluations so far
[1] 215.55 +- 6.39936  	chisq 23.2964 (9 df)
   215.5 ±    6.4        (1.81mi) ┃     224 ±     23        (18.9mi) ┃
┃   44 -    46 ┃   55 -    56 ┃ 244.703 ±  0.083        (4.34mi) ┃ -210.53 ±   0.19        (13.1mi) ┃Vegas input parameters:
  ndim 10
  ncomp 1
  nvec 1
  epsrel 0
  epsabs 0
  flags 10
  seed 123456
  mineval 50000000
  maxeval 50000000
  nstart 1000000
  nincrease 1000000
  nbatch 5000
  gridno 0
  statefile ""

Iteration 1:  1000000 integrand evaluations so far
[1] -259.515 +- 281.192  	chisq 0 (0 df)

Iteration 2:  3000000 integrand evaluations so far
[1] -42.1168 +- 112.216  	chisq 0.710959 (1 df)

Iteration 3:  6000000 integrand evaluations so far
[1] -70.8485 +- 93.127  	chisq 0.921561 (2 df)

Iteration 4:  10000000 integrand evaluations so far
[1] -30.3251 +- 70.5128  	chisq 1.36531 (3 df)

Iteration 5:  15000000 integrand evaluations so far
[1] -38.695 +- 70.0456  	chisq 2.43202 (4 df)

Iteration 6:  21000000 integrand evaluations so far
[1] -28.3862 +- 64.514  	chisq 2.57479 (5 df)

Iteration 7:  28000000 integrand evaluations so far
[1] -35.1335 +- 34.6009  	chisq 2.59015 (6 df)

Iteration 8:  36000000 integrand evaluations so far
[1] -24.3931 +- 33.6701  	chisq 4.40541 (7 df)

Iteration 9:  45000000 integrand evaluations so far
[1] -21.3042 +- 29.9006  	chisq 4.44522 (8 df)

Iteration 10:  55000000 integrand evaluations so far
[1] -10.4754 +- 27.8292  	chisq 5.42582 (9 df)
     -10 ±     28        (3.63mi) ┃Vegas input parameters:
  ndim 8
  ncomp 1
  nvec 1
  epsrel 0
  epsabs 0
  flags 10
  seed 123456
  mineval 5000000
  maxeval 50000000
  nstart 1000000
  nincrease 1000000
  nbatch 5000
  gridno 0
  statefile ""

Iteration 1:  1000000 integrand evaluations so far
[1] 185.395 +- 51.8897  	chisq 0 (0 df)

Iteration 2:  3000000 integrand evaluations so far
[1] 181.175 +- 46.9111  	chisq 0.036206 (1 df)

Iteration 3:  6000000 integrand evaluations so far
[1] 139.892 +- 30.4423  	chisq 1.37399 (2 df)

Iteration 4:  10000000 integrand evaluations so far
[1] 148.806 +- 25.5744  	chisq 1.66539 (3 df)

Iteration 5:  15000000 integrand evaluations so far
[1] 131.881 +- 14.7158  	chisq 2.32015 (4 df)

Iteration 6:  21000000 integrand evaluations so far
[1] 135.227 +- 14.5452  	chisq 4.56155 (5 df)

Iteration 7:  28000000 integrand evaluations so far
[1] 149.363 +- 12.8955  	chisq 8.97603 (6 df)

Iteration 8:  36000000 integrand evaluations so far
[1] 178.634 +- 9.46682  	chisq 20.1507 (7 df)

Iteration 9:  45000000 integrand evaluations so far
[1] 198.591 +- 5.7784  	chisq 27.2339 (8 df)

Iteration 10:  55000000 integrand evaluations so far
[1] 215.2 +- 4.08686  	chisq 43.7649 (9 df)
   215.2 ±    4.1        (1.78mi) ┃     239 ±     28        (22.9mi) ┃
┃   44 -    46 ┃   56 -    57 ┃ 206.717 ±  0.083        (4.61mi) ┃-178.192 ±  0.032        (25.5mi) ┃Vegas input parameters:
  ndim 10
  ncomp 1
  nvec 1
  epsrel 0
  epsabs 0
  flags 10
  seed 123456
  mineval 50000000
  maxeval 50000000
  nstart 1000000
  nincrease 1000000
  nbatch 5000
  gridno 0
  statefile ""

Iteration 1:  1000000 integrand evaluations so far
[1] 1623.79 +- 1162.34  	chisq 0 (0 df)

Iteration 2:  3000000 integrand evaluations so far
[1] 428.433 +- 282.628  	chisq 1.12409 (1 df)

Iteration 3:  6000000 integrand evaluations so far
[1] 0.209362 +- 18.5423  	chisq 3.42968 (2 df)

Iteration 4:  10000000 integrand evaluations so far
[1] 1.8985 +- 17.8351  	chisq 3.54058 (3 df)

Iteration 5:  15000000 integrand evaluations so far
[1] 2.56012 +- 17.485  	chisq 3.57599 (4 df)

Iteration 6:  21000000 integrand evaluations so far
[1] 2.80854 +- 17.4833  	chisq 4.59605 (5 df)

Iteration 7:  28000000 integrand evaluations so far
[1] 8.08667 +- 17.2272  	chisq 7.72957 (6 df)

Iteration 8:  36000000 integrand evaluations so far
[1] -1.57478 +- 16.0778  	chisq 10.1681 (7 df)

Iteration 9:  45000000 integrand evaluations so far
[1] -0.29388 +- 15.9722  	chisq 10.6527 (8 df)

Iteration 10:  55000000 integrand evaluations so far
[1] -2.36759 +- 15.2416  	chisq 10.8412 (9 df)
      -2 ±     15        (3.68mi) ┃Vegas input parameters:
  ndim 8
  ncomp 1
  nvec 1
  epsrel 0
  epsabs 0
  flags 10
  seed 123456
  mineval 5000000
  maxeval 50000000
  nstart 1000000
  nincrease 1000000
  nbatch 5000
  gridno 0
  statefile ""

Iteration 1:  1000000 integrand evaluations so far
[1] 298.578 +- 65.5851  	chisq 0 (0 df)

Iteration 2:  3000000 integrand evaluations so far
[1] 303.335 +- 64.6318  	chisq 0.182287 (1 df)

Iteration 3:  6000000 integrand evaluations so far
[1] 307.895 +- 64.0387  	chisq 0.454754 (2 df)

Iteration 4:  10000000 integrand evaluations so far
[1] 176.654 +- 33.9965  	chisq 6.30303 (3 df)

Iteration 5:  15000000 integrand evaluations so far
[1] 154.311 +- 17.6102  	chisq 6.89335 (4 df)

Iteration 6:  21000000 integrand evaluations so far
[1] 175.245 +- 14.3556  	chisq 11.1058 (5 df)

Iteration 7:  28000000 integrand evaluations so far
[1] 186.177 +- 12.6158  	chisq 13.6524 (6 df)

Iteration 8:  36000000 integrand evaluations so far
[1] 196.02 +- 11.8017  	chisq 18.5271 (7 df)

Iteration 9:  45000000 integrand evaluations so far
[1] 202.219 +- 10.5649  	chisq 19.9161 (8 df)

Iteration 10:  55000000 integrand evaluations so far
[1] 210.122 +- 6.57626  	chisq 20.8297 (9 df)
   210.1 ±    6.6        ( 1.8mi) ┃     236 ±     17        (35.5mi) ┃
┃   44 -    46 ┃   57 -    58 ┃  232.08 ±   0.14        ( 35.9s) ┃-199.918 ±  0.064        (12.8mi) ┃Vegas input parameters:
  ndim 10
  ncomp 1
  nvec 1
  epsrel 0
  epsabs 0
  flags 10
  seed 123456
  mineval 50000000
  maxeval 50000000
  nstart 1000000
  nincrease 1000000
  nbatch 5000
  gridno 0
  statefile ""

Iteration 1:  1000000 integrand evaluations so far
[1] -561.091 +- 412.509  	chisq 0 (0 df)

Iteration 2:  3000000 integrand evaluations so far
[1] 5.619 +- 85.4969  	chisq 1.97207 (1 df)

Iteration 3:  6000000 integrand evaluations so far
[1] 3.0322 +- 84.3202  	chisq 2.00556 (2 df)

Iteration 4:  10000000 integrand evaluations so far
[1] 31.1624 +- 79.5265  	chisq 3.01302 (3 df)

Iteration 5:  15000000 integrand evaluations so far
[1] 25.1522 +- 79.3253  	chisq 4.14362 (4 df)

Iteration 6:  21000000 integrand evaluations so far
[1] 18.1397 +- 78.9806  	chisq 5.04472 (5 df)

Iteration 7:  28000000 integrand evaluations so far
[1] -34.9858 +- 42.2258  	chisq 5.67825 (6 df)

Iteration 8:  36000000 integrand evaluations so far
[1] -32.6044 +- 22.6442  	chisq 5.68272 (7 df)

Iteration 9:  45000000 integrand evaluations so far
[1] -16.7631 +- 21.278  	chisq 9.86482 (8 df)

Iteration 10:  55000000 integrand evaluations so far
[1] -14.5077 +- 21.1117  	chisq 10.5863 (9 df)
     -15 ±     21        (3.65mi) ┃Vegas input parameters:
  ndim 8
  ncomp 1
  nvec 1
  epsrel 0
  epsabs 0
  flags 10
  seed 123456
  mineval 5000000
  maxeval 50000000
  nstart 1000000
  nincrease 1000000
  nbatch 5000
  gridno 0
  statefile ""

Iteration 1:  1000000 integrand evaluations so far
[1] 324.512 +- 71.2842  	chisq 0 (0 df)

Iteration 2:  3000000 integrand evaluations so far
[1] 196.183 +- 41.9527  	chisq 4.95824 (1 df)

Iteration 3:  6000000 integrand evaluations so far
[1] 139.753 +- 23.1041  	chisq 7.55511 (2 df)

Iteration 4:  10000000 integrand evaluations so far
[1] 155.362 +- 20.3416  	chisq 9.58508 (3 df)

Iteration 5:  15000000 integrand evaluations so far
[1] 165.521 +- 14.7337  	chisq 10.1098 (4 df)

Iteration 6:  21000000 integrand evaluations so far
[1] 173.405 +- 13.9394  	chisq 12.8388 (5 df)

Iteration 7:  28000000 integrand evaluations so far
[1] 199.146 +- 11.6941  	chisq 24.3513 (6 df)

Iteration 8:  36000000 integrand evaluations so far
[1] 220.392 +- 8.40775  	chisq 31.1846 (7 df)

Iteration 9:  45000000 integrand evaluations so far
[1] 217.633 +- 4.66138  	chisq 31.3401 (8 df)

Iteration 10:  55000000 integrand evaluations so far
[1] 218.534 +- 4.49228  	chisq 31.8641 (9 df)
   218.5 ±    4.5        (1.78mi) ┃     236 ±     22        (18.8mi) ┃
┃   44 -    46 ┃   58 -    59 ┃ 214.401 ±  0.042        ( 4.7mi) ┃-184.772 ±  0.021        (25.9mi) ┃Vegas input parameters:
  ndim 10
  ncomp 1
  nvec 1
  epsrel 0
  epsabs 0
  flags 10
  seed 123456
  mineval 50000000
  maxeval 50000000
  nstart 1000000
  nincrease 1000000
  nbatch 5000
  gridno 0
  statefile ""

Iteration 1:  1000000 integrand evaluations so far
[1] 27.6494 +- 70.3002  	chisq 0 (0 df)

Iteration 2:  3000000 integrand evaluations so far
[1] 18.0026 +- 68.743  	chisq 0.429818 (1 df)

Iteration 3:  6000000 integrand evaluations so far
[1] 42.7414 +- 52.4936  	chisq 0.740479 (2 df)

Iteration 4:  10000000 integrand evaluations so far
[1] 64.9878 +- 48.2462  	chisq 1.89709 (3 df)

Iteration 5:  15000000 integrand evaluations so far
[1] 36.3102 +- 45.6134  	chisq 5.22518 (4 df)

Iteration 6:  21000000 integrand evaluations so far
[1] 17.6399 +- 43.5007  	chisq 7.07668 (5 df)

Iteration 7:  28000000 integrand evaluations so far
[1] 16.4762 +- 37.1682  	chisq 7.07933 (6 df)

Iteration 8:  36000000 integrand evaluations so far
[1] 4.79677 +- 34.2989  	chisq 7.74455 (7 df)

Iteration 9:  45000000 integrand evaluations so far
[1] 7.23859 +- 34.0026  	chisq 8.03916 (8 df)

Iteration 10:  55000000 integrand evaluations so far
[1] 11.8381 +- 31.2076  	chisq 8.15524 (9 df)
      12 ±     31        (3.65mi) ┃Vegas input parameters:
  ndim 8
  ncomp 1
  nvec 1
  epsrel 0
  epsabs 0
  flags 10
  seed 123456
  mineval 5000000
  maxeval 50000000
  nstart 1000000
  nincrease 1000000
  nbatch 5000
  gridno 0
  statefile ""

Iteration 1:  1000000 integrand evaluations so far
[1] 245.571 +- 56.0391  	chisq 0 (0 df)

Iteration 2:  3000000 integrand evaluations so far
[1] 62.1051 +- 9.28776  	chisq 11.0211 (1 df)

Iteration 3:  6000000 integrand evaluations so far
[1] 71.7455 +- 8.77295  	chisq 21.0166 (2 df)

Iteration 4:  10000000 integrand evaluations so far
[1] 82.7182 +- 8.18806  	chisq 33.1532 (3 df)

Iteration 5:  15000000 integrand evaluations so far
[1] 88.955 +- 8.03078  	chisq 48.4025 (4 df)

Iteration 6:  21000000 integrand evaluations so far
[1] 113.482 +- 7.03674  	chisq 88.5671 (5 df)

Iteration 7:  28000000 integrand evaluations so far
[1] 137.362 +- 6.15494  	chisq 137.588 (6 df)

Iteration 8:  36000000 integrand evaluations so far
[1] 165.315 +- 5.16704  	chisq 207.449 (7 df)

Iteration 9:  45000000 integrand evaluations so far
[1] 190.136 +- 3.62939  	chisq 252.998 (8 df)

Iteration 10:  55000000 integrand evaluations so far
[1] 198.781 +- 2.84018  	chisq 267.636 (9 df)
   198.8 ±    2.8        (1.78mi) ┃     240 ±     31        (  36mi) ┃
┃   44 -    46 ┃   59 -    60 ┃ 213.692 ±  0.063        (4.37mi) ┃ -184.23 ±   0.11        (12.7mi) ┃Vegas input parameters:
  ndim 10
  ncomp 1
  nvec 1
  epsrel 0
  epsabs 0
  flags 10
  seed 123456
  mineval 50000000
  maxeval 50000000
  nstart 1000000
  nincrease 1000000
  nbatch 5000
  gridno 0
  statefile ""

Iteration 1:  1000000 integrand evaluations so far
[1] 8.88031 +- 66.8303  	chisq 0 (0 df)

Iteration 2:  3000000 integrand evaluations so far
[1] -10.4663 +- 54.7062  	chisq 0.25401 (1 df)

Iteration 3:  6000000 integrand evaluations so far
[1] -10.072 +- 54.7049  	chisq 1.32388 (2 df)

Iteration 4:  10000000 integrand evaluations so far
[1] -9.87821 +- 54.7045  	chisq 2.37047 (3 df)

Iteration 5:  15000000 integrand evaluations so far
[1] -7.96756 +- 54.6745  	chisq 3.48229 (4 df)

Iteration 6:  21000000 integrand evaluations so far
[1] 25.0329 +- 39.956  	chisq 4.26417 (5 df)

Iteration 7:  28000000 integrand evaluations so far
[1] -10.4073 +- 33.4187  	chisq 6.88266 (6 df)

Iteration 8:  36000000 integrand evaluations so far
[1] 18.1667 +- 26.4339  	chisq 8.83567 (7 df)

Iteration 9:  45000000 integrand evaluations so far
[1] 11.622 +- 26.0395  	chisq 10.9053 (8 df)

Iteration 10:  55000000 integrand evaluations so far
[1] 9.42263 +- 25.9969  	chisq 13.0865 (9 df)
       9 ±     26        (3.53mi) ┃Vegas input parameters:
  ndim 8
  ncomp 1
  nvec 1
  epsrel 0
  epsabs 0
  flags 10
  seed 123456
  mineval 5000000
  maxeval 50000000
  nstart 1000000
  nincrease 1000000
  nbatch 5000
  gridno 0
  statefile ""

Iteration 1:  1000000 integrand evaluations so far
[1] 250.35 +- 58.6885  	chisq 0 (0 df)

Iteration 2:  3000000 integrand evaluations so far
[1] 250.504 +- 58.6883  	chisq 0.984644 (1 df)

Iteration 3:  6000000 integrand evaluations so far
[1] 257.925 +- 57.9161  	chisq 1.59616 (2 df)

Iteration 4:  10000000 integrand evaluations so far
[1] 97.9515 +- 16.4485  	chisq 9.89502 (3 df)

Iteration 5:  15000000 integrand evaluations so far
[1] 107.993 +- 15.3526  	chisq 12.7883 (4 df)

Iteration 6:  21000000 integrand evaluations so far
[1] 110.337 +- 15.2668  	chisq 14.8799 (5 df)

Iteration 7:  28000000 integrand evaluations so far
[1] 133.034 +- 13.4351  	chisq 24.6782 (6 df)

Iteration 8:  36000000 integrand evaluations so far
[1] 161.071 +- 11.3885  	chisq 40.1512 (7 df)

Iteration 9:  45000000 integrand evaluations so far
[1] 189.515 +- 7.67365  	chisq 51.5769 (8 df)

Iteration 10:  55000000 integrand evaluations so far
[1] 205.661 +- 5.55464  	chisq 60.8761 (9 df)
   205.7 ±    5.6        (1.76mi) ┃     245 ±     27        (22.4mi) ┃
┃   46 -    48 ┃   25 -    26 ┃  485.27 ±   0.31        (1.16mi) ┃ -418.71 ±   0.33        (15.1mi) ┃Vegas input parameters:
  ndim 10
  ncomp 1
  nvec 1
  epsrel 0
  epsabs 0
  flags 10
  seed 123456
  mineval 50000000
  maxeval 50000000
  nstart 1000000
  nincrease 1000000
  nbatch 5000
  gridno 0
  statefile ""

Iteration 1:  1000000 integrand evaluations so far
[1] 426.63 +- 457.082  	chisq 0 (0 df)

Iteration 2:  3000000 integrand evaluations so far
[1] -205.156 +- 284.895  	chisq 3.12428 (1 df)

Iteration 3:  6000000 integrand evaluations so far
[1] 55.1205 +- 179.311  	chisq 4.50645 (2 df)

Iteration 4:  10000000 integrand evaluations so far
[1] 81.9381 +- 174.261  	chisq 4.90923 (3 df)

Iteration 5:  15000000 integrand evaluations so far
[1] 48.2008 +- 162.904  	chisq 5.20648 (4 df)

Iteration 6:  21000000 integrand evaluations so far
[1] 28.5053 +- 161.88  	chisq 6.37232 (5 df)

Iteration 7:  28000000 integrand evaluations so far
[1] 46.4017 +- 161.212  	chisq 7.85741 (6 df)

Iteration 8:  36000000 integrand evaluations so far
[1] -41.9374 +- 88.2849  	chisq 8.28631 (7 df)

Iteration 9:  45000000 integrand evaluations so far
[1] -36.0572 +- 87.9849  	chisq 8.94023 (8 df)

Iteration 10:  55000000 integrand evaluations so far
[1] -17.447 +- 83.6818  	chisq 9.40908 (9 df)
     -17 ±     84        (3.53mi) ┃Vegas input parameters:
  ndim 8
  ncomp 1
  nvec 1
  epsrel 0
  epsabs 0
  flags 10
  seed 123456
  mineval 5000000
  maxeval 50000000
  nstart 1000000
  nincrease 1000000
  nbatch 5000
  gridno 0
  statefile ""

Iteration 1:  1000000 integrand evaluations so far
[1] 605.055 +- 105.582  	chisq 0 (0 df)

Iteration 2:  3000000 integrand evaluations so far
[1] 461.06 +- 62.9886  	chisq 2.88779 (1 df)

Iteration 3:  6000000 integrand evaluations so far
[1] 490.786 +- 51.9108  	chisq 3.58202 (2 df)

Iteration 4:  10000000 integrand evaluations so far
[1] 508.253 +- 38.776  	chisq 3.83815 (3 df)

Iteration 5:  15000000 integrand evaluations so far
[1] 519.231 +- 24.5238  	chisq 3.97173 (4 df)

Iteration 6:  21000000 integrand evaluations so far
[1] 521.44 +- 12.6302  	chisq 3.98277 (5 df)

Iteration 7:  28000000 integrand evaluations so far
[1] 497.738 +- 7.10407  	chisq 9.13405 (6 df)

Iteration 8:  36000000 integrand evaluations so far
[1] 505.045 +- 5.3314  	chisq 11.556 (7 df)

Iteration 9:  45000000 integrand evaluations so far
[1] 512.981 +- 4.24501  	chisq 17.6101 (8 df)

Iteration 10:  55000000 integrand evaluations so far
[1] 514.559 +- 3.59354  	chisq 18.0974 (9 df)
   514.6 ±    3.6        (1.74mi) ┃     564 ±     84        (21.6mi) ┃
┃   46 -    48 ┃   26 -    27 ┃  456.74 ±   0.29        (1.07mi) ┃ -393.04 ±   0.28        (6.95mi) ┃Vegas input parameters:
  ndim 10
  ncomp 1
  nvec 1
  epsrel 0
  epsabs 0
  flags 10
  seed 123456
  mineval 50000000
  maxeval 50000000
  nstart 1000000
  nincrease 1000000
  nbatch 5000
  gridno 0
  statefile ""

Iteration 1:  1000000 integrand evaluations so far
[1] -191.324 +- 230.886  	chisq 0 (0 df)

Iteration 2:  3000000 integrand evaluations so far
[1] -184.697 +- 230.792  	chisq 1.01127 (1 df)

Iteration 3:  6000000 integrand evaluations so far
[1] -27.5576 +- 211.206  	chisq 3.86371 (2 df)

Iteration 4:  10000000 integrand evaluations so far
[1] 79.9689 +- 164.604  	chisq 4.52388 (3 df)

Iteration 5:  15000000 integrand evaluations so far
[1] 149.351 +- 157.713  	chisq 6.6911 (4 df)

Iteration 6:  21000000 integrand evaluations so far
[1] 174.857 +- 156.558  	chisq 8.48336 (5 df)

Iteration 7:  28000000 integrand evaluations so far
[1] 84.1009 +- 91.491  	chisq 8.99369 (6 df)

Iteration 8:  36000000 integrand evaluations so far
[1] 94.9949 +- 90.3852  	chisq 9.58377 (7 df)

Iteration 9:  45000000 integrand evaluations so far
[1] 69.2842 +- 88.994  	chisq 12.2327 (8 df)

Iteration 10:  55000000 integrand evaluations so far
[1] 61.1645 +- 79.1833  	chisq 12.2727 (9 df)
      61 ±     79        (3.54mi) ┃Vegas input parameters:
  ndim 8
  ncomp 1
  nvec 1
  epsrel 0
  epsabs 0
  flags 10
  seed 123456
  mineval 5000000
  maxeval 50000000
  nstart 1000000
  nincrease 1000000
  nbatch 5000
  gridno 0
  statefile ""

Iteration 1:  1000000 integrand evaluations so far
[1] 576.041 +- 94.9904  	chisq 0 (0 df)

Iteration 2:  3000000 integrand evaluations so far
[1] 468.099 +- 46.2367  	chisq 1.69221 (1 df)

Iteration 3:  6000000 integrand evaluations so far
[1] 484.952 +- 31.5381  	chisq 1.94064 (2 df)

Iteration 4:  10000000 integrand evaluations so far
[1] 493.992 +- 20.1019  	chisq 2.07905 (3 df)

Iteration 5:  15000000 integrand evaluations so far
[1] 492.683 +- 12.9431  	chisq 2.08629 (4 df)

Iteration 6:  21000000 integrand evaluations so far
[1] 478.364 +- 7.97714  	chisq 4.06 (5 df)

Iteration 7:  28000000 integrand evaluations so far
[1] 480.253 +- 5.85632  	chisq 4.1816 (6 df)

Iteration 8:  36000000 integrand evaluations so far
[1] 480.452 +- 5.85235  	chisq 5.0397 (7 df)

Iteration 9:  45000000 integrand evaluations so far
[1] 480.38 +- 5.61678  	chisq 5.04164 (8 df)

Iteration 10:  55000000 integrand evaluations so far
[1] 480.661 +- 5.16882  	chisq 5.05801 (9 df)
   480.7 ±    5.2        (1.75mi) ┃     606 ±     79        (13.3mi) ┃
┃   46 -    48 ┃   27 -    28 ┃  425.94 ±    0.4        ( 46.5s) ┃ -369.88 ±   0.26        (7.19mi) ┃Vegas input parameters:
  ndim 10
  ncomp 1
  nvec 1
  epsrel 0
  epsabs 0
  flags 10
  seed 123456
  mineval 50000000
  maxeval 50000000
  nstart 1000000
  nincrease 1000000
  nbatch 5000
  gridno 0
  statefile ""

Iteration 1:  1000000 integrand evaluations so far
[1] -1184.66 +- 877.429  	chisq 0 (0 df)

Iteration 2:  3000000 integrand evaluations so far
[1] -548.404 +- 264.334  	chisq 0.5783 (1 df)

Iteration 3:  6000000 integrand evaluations so far
[1] -187.957 +- 182.922  	chisq 4.1464 (2 df)

Iteration 4:  10000000 integrand evaluations so far
[1] -138.924 +- 79.487  	chisq 4.23498 (3 df)

Iteration 5:  15000000 integrand evaluations so far
[1] -109.117 +- 62.1562  	chisq 4.59689 (4 df)

Iteration 6:  21000000 integrand evaluations so far
[1] -98.8409 +- 54.8462  	chisq 4.72036 (5 df)

Iteration 7:  28000000 integrand evaluations so far
[1] -68.3178 +- 48.9376  	chisq 6.23967 (6 df)

Iteration 8:  36000000 integrand evaluations so far
[1] -71.5331 +- 48.8561  	chisq 7.53635 (7 df)

Iteration 9:  45000000 integrand evaluations so far
[1] -83.1982 +- 44.9568  	chisq 7.90833 (8 df)

Iteration 10:  55000000 integrand evaluations so far
[1] -72.8718 +- 42.3125  	chisq 8.37042 (9 df)
     -73 ±     42        (3.56mi) ┃Vegas input parameters:
  ndim 8
  ncomp 1
  nvec 1
  epsrel 0
  epsabs 0
  flags 10
  seed 123456
  mineval 5000000
  maxeval 50000000
  nstart 1000000
  nincrease 1000000
  nbatch 5000
  gridno 0
  statefile ""

Iteration 1:  1000000 integrand evaluations so far
[1] 425.945 +- 78.5402  	chisq 0 (0 df)

Iteration 2:  3000000 integrand evaluations so far
[1] 424.791 +- 60.1057  	chisq 0.000521002 (1 df)

Iteration 3:  6000000 integrand evaluations so far
[1] 435.837 +- 54.3196  	chisq 0.184806 (2 df)

Iteration 4:  10000000 integrand evaluations so far
[1] 421.894 +- 30.5232  	chisq 0.281104 (3 df)

Iteration 5:  15000000 integrand evaluations so far
[1] 428.307 +- 29.2968  	chisq 0.841743 (4 df)

Iteration 6:  21000000 integrand evaluations so far
[1] 450.661 +- 22.164  	chisq 2.20307 (5 df)

Iteration 7:  28000000 integrand evaluations so far
[1] 438.922 +- 11.4976  	chisq 2.58689 (6 df)

Iteration 8:  36000000 integrand evaluations so far
[1] 443.119 +- 10.3198  	chisq 3.2725 (7 df)

Iteration 9:  45000000 integrand evaluations so far
[1] 454.242 +- 8.55996  	chisq 6.99659 (8 df)

Iteration 10:  55000000 integrand evaluations so far
[1] 459.585 +- 7.0564  	chisq 8.21239 (9 df)
   459.6 ±    7.1        (1.69mi) ┃     443 ±     43        (13.2mi) ┃
┃   46 -    48 ┃   28 -    29 ┃   403.4 ±   0.12        ( 2.3mi) ┃ -347.93 ±   0.13        (27.9mi) ┃Vegas input parameters:
  ndim 10
  ncomp 1
  nvec 1
  epsrel 0
  epsabs 0
  flags 10
  seed 123456
  mineval 50000000
  maxeval 50000000
  nstart 1000000
  nincrease 1000000
  nbatch 5000
  gridno 0
  statefile ""

Iteration 1:  1000000 integrand evaluations so far
[1] -25.6444 +- 82.8171  	chisq 0 (0 df)

Iteration 2:  3000000 integrand evaluations so far
[1] 50.0168 +- 70.9356  	chisq 3.13365 (1 df)

Iteration 3:  6000000 integrand evaluations so far
[1] 54.8363 +- 70.2614  	chisq 3.37765 (2 df)

Iteration 4:  10000000 integrand evaluations so far
[1] 53.4029 +- 69.6202  	chisq 3.40056 (3 df)

Iteration 5:  15000000 integrand evaluations so far
[1] 56.3325 +- 69.1831  	chisq 3.54202 (4 df)

Iteration 6:  21000000 integrand evaluations so far
[1] 84.9007 +- 62.3682  	chisq 4.45237 (5 df)

Iteration 7:  28000000 integrand evaluations so far
[1] 52.2136 +- 53.7769  	chisq 5.52314 (6 df)

Iteration 8:  36000000 integrand evaluations so far
[1] 68.1822 +- 49.9328  	chisq 6.16274 (7 df)

Iteration 9:  45000000 integrand evaluations so far
[1] 54.7326 +- 48.9046  	chisq 7.94288 (8 df)

Iteration 10:  55000000 integrand evaluations so far
[1] 59.4363 +- 46.5294  	chisq 8.04048 (9 df)
      59 ±     47        (3.56mi) ┃Vegas input parameters:
  ndim 8
  ncomp 1
  nvec 1
  epsrel 0
  epsabs 0
  flags 10
  seed 123456
  mineval 5000000
  maxeval 50000000
  nstart 1000000
  nincrease 1000000
  nbatch 5000
  gridno 0
  statefile ""

Iteration 1:  1000000 integrand evaluations so far
[1] 329.889 +- 75.9457  	chisq 0 (0 df)

Iteration 2:  3000000 integrand evaluations so far
[1] 128.071 +- 16.5302  	chisq 7.41293 (1 df)

Iteration 3:  6000000 integrand evaluations so far
[1] 148.172 +- 15.3347  	chisq 18.0193 (2 df)

Iteration 4:  10000000 integrand evaluations so far
[1] 185.108 +- 13.8638  	chisq 49.7842 (3 df)

Iteration 5:  15000000 integrand evaluations so far
[1] 247.028 +- 11.1918  	chisq 107.052 (4 df)

Iteration 6:  21000000 integrand evaluations so far
[1] 303.225 +- 9.1227  	chisq 182.188 (5 df)

Iteration 7:  28000000 integrand evaluations so far
[1] 348.128 +- 6.90708  	chisq 238.959 (6 df)

Iteration 8:  36000000 integrand evaluations so far
[1] 369.586 +- 5.76537  	chisq 270.784 (7 df)

Iteration 9:  45000000 integrand evaluations so far
[1] 375.997 +- 5.4181  	chisq 281.366 (8 df)

Iteration 10:  55000000 integrand evaluations so far
[1] 380.813 +- 5.14564  	chisq 289.426 (9 df)
   380.8 ±    5.1        (1.77mi) ┃     496 ±     47        (35.6mi) ┃
┃   46 -    48 ┃   29 -    30 ┃  380.97 ±   0.27        (8.09mi) ┃-327.682 ±   0.08        (51.2mi) ┃Vegas input parameters:
  ndim 10
  ncomp 1
  nvec 1
  epsrel 0
  epsabs 0
  flags 10
  seed 123456
  mineval 50000000
  maxeval 50000000
  nstart 1000000
  nincrease 1000000
  nbatch 5000
  gridno 0
  statefile ""

Iteration 1:  1000000 integrand evaluations so far
[1] -17.8858 +- 176.969  	chisq 0 (0 df)

Iteration 2:  3000000 integrand evaluations so far
[1] -30.4641 +- 176.675  	chisq 1.52111 (1 df)

Iteration 3:  6000000 integrand evaluations so far
[1] 69.7093 +- 94.6041  	chisq 1.97183 (2 df)

Iteration 4:  10000000 integrand evaluations so far
[1] 69.3754 +- 69.5046  	chisq 1.97185 (3 df)

Iteration 5:  15000000 integrand evaluations so far
[1] 79.3321 +- 67.9139  	chisq 2.42537 (4 df)

Iteration 6:  21000000 integrand evaluations so far
[1] 74.723 +- 67.7684  	chisq 3.50164 (5 df)

Iteration 7:  28000000 integrand evaluations so far
[1] 37.9848 +- 65.9611  	chisq 9.08601 (6 df)

Iteration 8:  36000000 integrand evaluations so far
[1] 5.40441 +- 59.4875  	chisq 10.3931 (7 df)

Iteration 9:  45000000 integrand evaluations so far
[1] 17.2406 +- 57.8993  	chisq 11.1445 (8 df)

Iteration 10:  55000000 integrand evaluations so far
[1] 8.73062 +- 57.3446  	chisq 12.2774 (9 df)
       9 ±     57        (3.54mi) ┃Vegas input parameters:
  ndim 8
  ncomp 1
  nvec 1
  epsrel 0
  epsabs 0
  flags 10
  seed 123456
  mineval 5000000
  maxeval 50000000
  nstart 1000000
  nincrease 1000000
  nbatch 5000
  gridno 0
  statefile ""

Iteration 1:  1000000 integrand evaluations so far
[1] 427.551 +- 84.0345  	chisq 0 (0 df)

Iteration 2:  3000000 integrand evaluations so far
[1] 208.519 +- 27.7636  	chisq 7.62599 (1 df)

Iteration 3:  6000000 integrand evaluations so far
[1] 230.976 +- 25.6613  	chisq 12.1162 (2 df)

Iteration 4:  10000000 integrand evaluations so far
[1] 284.616 +- 18.9501  	chisq 21.7263 (3 df)

Iteration 5:  15000000 integrand evaluations so far
[1] 325.426 +- 12.2348  	chisq 29.6794 (4 df)

Iteration 6:  21000000 integrand evaluations so far
[1] 350.001 +- 8.21937  	chisq 37.0327 (5 df)

Iteration 7:  28000000 integrand evaluations so far
[1] 365.037 +- 5.94225  	chisq 44.0426 (6 df)

Iteration 8:  36000000 integrand evaluations so far
[1] 370.401 +- 5.08613  	chisq 47.0904 (7 df)

Iteration 9:  45000000 integrand evaluations so far
[1] 373.701 +- 4.94151  	chisq 54.5995 (8 df)

Iteration 10:  55000000 integrand evaluations so far
[1] 380.862 +- 4.50373  	chisq 67.0027 (9 df)
   380.9 ±    4.5        (1.68mi) ┃     443 ±     58        (1.07hr) ┃
┃   46 -    48 ┃   30 -    31 ┃  378.88 ±   0.37        (3.46mi) ┃-326.507 ±  0.021        (48.5mi) ┃Vegas input parameters:
  ndim 10
  ncomp 1
  nvec 1
  epsrel 0
  epsabs 0
  flags 10
  seed 123456
  mineval 50000000
  maxeval 50000000
  nstart 1000000
  nincrease 1000000
  nbatch 5000
  gridno 0
  statefile ""

Iteration 1:  1000000 integrand evaluations so far
[1] -431.039 +- 361.34  	chisq 0 (0 df)

Iteration 2:  3000000 integrand evaluations so far
[1] -440.007 +- 258.697  	chisq 0.00126374 (1 df)

Iteration 3:  6000000 integrand evaluations so far
[1] -329.923 +- 246.792  	chisq 2.01488 (2 df)

Iteration 4:  10000000 integrand evaluations so far
[1] 86.0727 +- 125.482  	chisq 5.84684 (3 df)

Iteration 5:  15000000 integrand evaluations so far
[1] 59.9285 +- 83.8622  	chisq 5.92529 (4 df)

Iteration 6:  21000000 integrand evaluations so far
[1] 22.7363 +- 69.8552  	chisq 6.56773 (5 df)

Iteration 7:  28000000 integrand evaluations so far
[1] 28.4438 +- 69.5197  	chisq 7.26446 (6 df)

Iteration 8:  36000000 integrand evaluations so far
[1] -3.3534 +- 63.2718  	chisq 8.48308 (7 df)

Iteration 9:  45000000 integrand evaluations so far
[1] -6.51171 +- 59.2722  	chisq 8.50343 (8 df)

Iteration 10:  55000000 integrand evaluations so far
[1] -8.39016 +- 58.132  	chisq 8.52979 (9 df)
      -8 ±     58        (3.41mi) ┃Vegas input parameters:
  ndim 8
  ncomp 1
  nvec 1
  epsrel 0
  epsabs 0
  flags 10
  seed 123456
  mineval 5000000
  maxeval 50000000
  nstart 1000000
  nincrease 1000000
  nbatch 5000
  gridno 0
  statefile ""

Iteration 1:  1000000 integrand evaluations so far
[1] 384.398 +- 81.6159  	chisq 0 (0 df)

Iteration 2:  3000000 integrand evaluations so far
[1] 358.882 +- 68.4934  	chisq 0.330533 (1 df)

Iteration 3:  6000000 integrand evaluations so far
[1] 358.286 +- 56.4461  	chisq 0.330769 (2 df)

Iteration 4:  10000000 integrand evaluations so far
[1] 311.93 +- 29.558  	chisq 1.26001 (3 df)

Iteration 5:  15000000 integrand evaluations so far
[1] 325.618 +- 22.3112  	chisq 1.75845 (4 df)

Iteration 6:  21000000 integrand evaluations so far
[1] 354.987 +- 14.774  	chisq 4.84433 (5 df)

Iteration 7:  28000000 integrand evaluations so far
[1] 354.881 +- 11.0898  	chisq 4.84445 (6 df)

Iteration 8:  36000000 integrand evaluations so far
[1] 358.422 +- 8.96822  	chisq 5.13905 (7 df)

Iteration 9:  45000000 integrand evaluations so far
[1] 361.377 +- 7.81361  	chisq 5.58976 (8 df)

Iteration 10:  55000000 integrand evaluations so far
[1] 367.375 +- 6.13368  	chisq 7.12525 (9 df)
   367.4 ±    6.1        (1.67mi) ┃     411 ±     58        (  57mi) ┃
┃   46 -    48 ┃   31 -    32 ┃  343.62 ±   0.34        (3.52mi) ┃ -296.16 ±   0.14        (20.1mi) ┃Vegas input parameters:
  ndim 10
  ncomp 1
  nvec 1
  epsrel 0
  epsabs 0
  flags 10
  seed 123456
  mineval 50000000
  maxeval 50000000
  nstart 1000000
  nincrease 1000000
  nbatch 5000
  gridno 0
  statefile ""

Iteration 1:  1000000 integrand evaluations so far
[1] -5.26926 +- 246.279  	chisq 0 (0 df)

Iteration 2:  3000000 integrand evaluations so far
[1] -123.189 +- 186.107  	chisq 0.534456 (1 df)

Iteration 3:  6000000 integrand evaluations so far
[1] -165.275 +- 137.259  	chisq 0.646592 (2 df)

Iteration 4:  10000000 integrand evaluations so far
[1] -70.0631 +- 65.0937  	chisq 1.26738 (3 df)

Iteration 5:  15000000 integrand evaluations so far
[1] -66.522 +- 54.1506  	chisq 1.27699 (4 df)

Iteration 6:  21000000 integrand evaluations so far
[1] -48.5181 +- 50.0559  	chisq 2.03664 (5 df)

Iteration 7:  28000000 integrand evaluations so far
[1] -39.642 +- 45.3246  	chisq 2.21123 (6 df)

Iteration 8:  36000000 integrand evaluations so far
[1] -16.0497 +- 42.247  	chisq 4.27644 (7 df)

Iteration 9:  45000000 integrand evaluations so far
[1] -10.6153 +- 41.8549  	chisq 5.17205 (8 df)

Iteration 10:  55000000 integrand evaluations so far
[1] -30.6244 +- 40.9431  	chisq 10.4752 (9 df)
     -31 ±     41        (3.44mi) ┃Vegas input parameters:
  ndim 8
  ncomp 1
  nvec 1
  epsrel 0
  epsabs 0
  flags 10
  seed 123456
  mineval 5000000
  maxeval 50000000
  nstart 1000000
  nincrease 1000000
  nbatch 5000
  gridno 0
  statefile ""

Iteration 1:  1000000 integrand evaluations so far
[1] 331.77 +- 75.0669  	chisq 0 (0 df)

Iteration 2:  3000000 integrand evaluations so far
[1] 334.499 +- 75.0046  	chisq 0.797618 (1 df)

Iteration 3:  6000000 integrand evaluations so far
[1] 225.966 +- 44.779  	chisq 4.05116 (2 df)

Iteration 4:  10000000 integrand evaluations so far
[1] 231.447 +- 34.1554  	chisq 4.08699 (3 df)

Iteration 5:  15000000 integrand evaluations so far
[1] 263.752 +- 25.4868  	chisq 6.10543 (4 df)

Iteration 6:  21000000 integrand evaluations so far
[1] 297.104 +- 22.4334  	chisq 13.7079 (5 df)

Iteration 7:  28000000 integrand evaluations so far
[1] 314.72 +- 13.1841  	chisq 14.6499 (6 df)

Iteration 8:  36000000 integrand evaluations so far
[1] 322.143 +- 7.8195  	chisq 15.1389 (7 df)

Iteration 9:  45000000 integrand evaluations so far
[1] 333.309 +- 4.8914  	chisq 18.4888 (8 df)

Iteration 10:  55000000 integrand evaluations so far
[1] 334.845 +- 4.57784  	chisq 19.2833 (9 df)
   334.8 ±    4.6        (1.69mi) ┃     352 ±     41        (28.7mi) ┃
┃   46 -    48 ┃   32 -    33 ┃  353.46 ±   0.34        (2.13mi) ┃ -304.65 ±   0.18        (22.1mi) ┃Vegas input parameters:
  ndim 10
  ncomp 1
  nvec 1
  epsrel 0
  epsabs 0
  flags 10
  seed 123456
  mineval 50000000
  maxeval 50000000
  nstart 1000000
  nincrease 1000000
  nbatch 5000
  gridno 0
  statefile ""

Iteration 1:  1000000 integrand evaluations so far
[1] 222.41 +- 289.681  	chisq 0 (0 df)

Iteration 2:  3000000 integrand evaluations so far
[1] -59.3623 +- 60.8534  	chisq 0.989828 (1 df)

Iteration 3:  6000000 integrand evaluations so far
[1] -42.9412 +- 55.3028  	chisq 1.40807 (2 df)

Iteration 4:  10000000 integrand evaluations so far
[1] -46.7818 +- 46.3127  	chisq 1.42421 (3 df)

Iteration 5:  15000000 integrand evaluations so far
[1] -56.5241 +- 44.0592  	chisq 1.89027 (4 df)

Iteration 6:  21000000 integrand evaluations so far
[1] -53.4056 +- 43.9608  	chisq 3.01358 (5 df)

Iteration 7:  28000000 integrand evaluations so far
[1] -62.7934 +- 43.2276  	chisq 4.39221 (6 df)

Iteration 8:  36000000 integrand evaluations so far
[1] -70.2262 +- 42.9204  	chisq 6.47978 (7 df)

Iteration 9:  45000000 integrand evaluations so far
[1] -41.9406 +- 35.6733  	chisq 7.88445 (8 df)

Iteration 10:  55000000 integrand evaluations so far
[1] -26.383 +- 30.4641  	chisq 8.587 (9 df)
     -26 ±     30        (3.59mi) ┃Vegas input parameters:
  ndim 8
  ncomp 1
  nvec 1
  epsrel 0
  epsabs 0
  flags 10
  seed 123456
  mineval 5000000
  maxeval 50000000
  nstart 1000000
  nincrease 1000000
  nbatch 5000
  gridno 0
  statefile ""

Iteration 1:  1000000 integrand evaluations so far
[1] 239.045 +- 60.6222  	chisq 0 (0 df)

Iteration 2:  3000000 integrand evaluations so far
[1] 98.405 +- 22.2618  	chisq 6.22108 (1 df)

Iteration 3:  6000000 integrand evaluations so far
[1] 106.21 +- 21.8335  	chisq 9.4466 (2 df)

Iteration 4:  10000000 integrand evaluations so far
[1] 116.674 +- 21.2461  	chisq 13.7747 (3 df)

Iteration 5:  15000000 integrand evaluations so far
[1] 157.53 +- 17.1845  	chisq 24.4684 (4 df)

Iteration 6:  21000000 integrand evaluations so far
[1] 201.597 +- 13.1872  	chisq 40.4636 (5 df)

Iteration 7:  28000000 integrand evaluations so far
[1] 205.555 +- 13.0428  	chisq 44.5982 (6 df)

Iteration 8:  36000000 integrand evaluations so far
[1] 232.761 +- 11.5975  	chisq 65.3828 (7 df)

Iteration 9:  45000000 integrand evaluations so far
[1] 274.934 +- 7.81006  	chisq 89.5788 (8 df)

Iteration 10:  55000000 integrand evaluations so far
[1] 281.787 +- 7.30496  	chisq 95.7308 (9 df)
   281.8 ±    7.3        (1.76mi) ┃     304 ±     31        (29.6mi) ┃
┃   46 -    48 ┃   33 -    34 ┃  327.87 ±   0.28        (1.57mi) ┃ -278.91 ±   0.25        (3.66mi) ┃Vegas input parameters:
  ndim 10
  ncomp 1
  nvec 1
  epsrel 0
  epsabs 0
  flags 10
  seed 123456
  mineval 50000000
  maxeval 50000000
  nstart 1000000
  nincrease 1000000
  nbatch 5000
  gridno 0
  statefile ""

Iteration 1:  1000000 integrand evaluations so far
[1] 86.1014 +- 112.586  	chisq 0 (0 df)

Iteration 2:  3000000 integrand evaluations so far
[1] 85.8252 +- 112.585  	chisq 0.998418 (1 df)

Iteration 3:  6000000 integrand evaluations so far
[1] 88.7483 +- 112.549  	chisq 2.03533 (2 df)

Iteration 4:  10000000 integrand evaluations so far
[1] 46.7056 +- 89.425  	chisq 2.4138 (3 df)

Iteration 5:  15000000 integrand evaluations so far
[1] -2.65419 +- 20.5488  	chisq 2.73545 (4 df)

Iteration 6:  21000000 integrand evaluations so far
[1] -1.8586 +- 20.4474  	chisq 2.88769 (5 df)

Iteration 7:  28000000 integrand evaluations so far
[1] -1.50002 +- 20.4445  	chisq 3.95238 (6 df)

Iteration 8:  36000000 integrand evaluations so far
[1] -0.687093 +- 20.4353  	chisq 5.70988 (7 df)

Iteration 9:  45000000 integrand evaluations so far
[1] -2.65152 +- 19.5317  	chisq 5.81674 (8 df)

Iteration 10:  55000000 integrand evaluations so far
[1] -1.99718 +- 19.5242  	chisq 7.27489 (9 df)
      -2 ±     20        (3.65mi) ┃Vegas input parameters:
  ndim 8
  ncomp 1
  nvec 1
  epsrel 0
  epsabs 0
  flags 10
  seed 123456
  mineval 5000000
  maxeval 50000000
  nstart 1000000
  nincrease 1000000
  nbatch 5000
  gridno 0
  statefile ""

Iteration 1:  1000000 integrand evaluations so far
[1] 342.795 +- 72.5982  	chisq 0 (0 df)

Iteration 2:  3000000 integrand evaluations so far
[1] 348.206 +- 69.9106  	chisq 0.0764401 (1 df)

Iteration 3:  6000000 integrand evaluations so far
[1] 264.338 +- 40.7567  	chisq 2.25651 (2 df)

Iteration 4:  10000000 integrand evaluations so far
[1] 271.666 +- 40.1996  	chisq 3.44713 (3 df)

Iteration 5:  15000000 integrand evaluations so far
[1] 277.585 +- 22.8904  	chisq 3.47921 (4 df)

Iteration 6:  21000000 integrand evaluations so far
[1] 284.753 +- 21.6635  	chisq 4.41929 (5 df)

Iteration 7:  28000000 integrand evaluations so far
[1] 309.023 +- 17.0956  	chisq 7.74608 (6 df)

Iteration 8:  36000000 integrand evaluations so far
[1] 301.338 +- 8.90322  	chisq 8.02332 (7 df)

Iteration 9:  45000000 integrand evaluations so far
[1] 304.94 +- 8.0916  	chisq 8.96398 (8 df)

Iteration 10:  55000000 integrand evaluations so far
[1] 306.235 +- 7.07905  	chisq 9.07306 (9 df)
   306.2 ±    7.1        (1.77mi) ┃     353 ±     21        (10.6mi) ┃
┃   46 -    48 ┃   34 -    35 ┃  346.88 ±   0.29        (3.45mi) ┃ -299.14 ±    0.1        (1.52mi) ┃Vegas input parameters:
  ndim 10
  ncomp 1
  nvec 1
  epsrel 0
  epsabs 0
  flags 10
  seed 123456
  mineval 50000000
  maxeval 50000000
  nstart 1000000
  nincrease 1000000
  nbatch 5000
  gridno 0
  statefile ""

Iteration 1:  1000000 integrand evaluations so far
[1] 210.115 +- 162.806  	chisq 0 (0 df)

Iteration 2:  3000000 integrand evaluations so far
[1] 252.136 +- 144.741  	chisq 0.31782 (1 df)

Iteration 3:  6000000 integrand evaluations so far
[1] -16.0784 +- 61.6215  	chisq 4.51183 (2 df)

Iteration 4:  10000000 integrand evaluations so far
[1] 0.352609 +- 50.3256  	chisq 4.72533 (3 df)

Iteration 5:  15000000 integrand evaluations so far
[1] 18.2839 +- 38.6886  	chisq 5.03573 (4 df)

Iteration 6:  21000000 integrand evaluations so far
[1] 14.3204 +- 38.4308  	chisq 5.82582 (5 df)

Iteration 7:  28000000 integrand evaluations so far
[1] 20.5872 +- 37.8525  	chisq 6.71603 (6 df)

Iteration 8:  36000000 integrand evaluations so far
[1] 12.2591 +- 37.3369  	chisq 8.50495 (7 df)

Iteration 9:  45000000 integrand evaluations so far
[1] 10.253 +- 36.8405  	chisq 8.61425 (8 df)

Iteration 10:  55000000 integrand evaluations so far
[1] 24.8393 +- 36.1141  	chisq 12.6291 (9 df)
      25 ±     36        ( 3.6mi) ┃Vegas input parameters:
  ndim 8
  ncomp 1
  nvec 1
  epsrel 0
  epsabs 0
  flags 10
  seed 123456
  mineval 5000000
  maxeval 50000000
  nstart 1000000
  nincrease 1000000
  nbatch 5000
  gridno 0
  statefile ""

Iteration 1:  1000000 integrand evaluations so far
[1] 229.233 +- 60.3683  	chisq 0 (0 df)

Iteration 2:  3000000 integrand evaluations so far
[1] 86.8757 +- 17.511  	chisq 6.07174 (1 df)

Iteration 3:  6000000 integrand evaluations so far
[1] 98.1033 +- 16.439  	chisq 9.53542 (2 df)

Iteration 4:  10000000 integrand evaluations so far
[1] 112.013 +- 15.3154  	chisq 14.9578 (3 df)

Iteration 5:  15000000 integrand evaluations so far
[1] 127.8 +- 14.5392  	chisq 25.7126 (4 df)

Iteration 6:  21000000 integrand evaluations so far
[1] 181.476 +- 8.71846  	chisq 46.9955 (5 df)

Iteration 7:  28000000 integrand evaluations so far
[1] 181.691 +- 8.71654  	chisq 48.3701 (6 df)

Iteration 8:  36000000 integrand evaluations so far
[1] 183.707 +- 8.66326  	chisq 52.76 (7 df)

Iteration 9:  45000000 integrand evaluations so far
[1] 197.867 +- 8.04264  	chisq 72.1 (8 df)

Iteration 10:  55000000 integrand evaluations so far
[1] 222.201 +- 7.15915  	chisq 116.186 (9 df)
   222.2 ±    7.2        (1.78mi) ┃     295 ±     37        (10.4mi) ┃
┃   46 -    48 ┃   35 -    36 ┃ 297.579 ±  0.052        (5.42mi) ┃ -256.42 ±   0.17        ( 58.2s) ┃Vegas input parameters:
  ndim 10
  ncomp 1
  nvec 1
  epsrel 0
  epsabs 0
  flags 10
  seed 123456
  mineval 50000000
  maxeval 50000000
  nstart 1000000
  nincrease 1000000
  nbatch 5000
  gridno 0
  statefile ""

Iteration 1:  1000000 integrand evaluations so far
[1] 45.4703 +- 213.384  	chisq 0 (0 df)

Iteration 2:  3000000 integrand evaluations so far
[1] 38.0546 +- 75.6266  	chisq 0.00138128 (1 df)

Iteration 3:  6000000 integrand evaluations so far
[1] 43.695 +- 75.3398  	chisq 0.735919 (2 df)

Iteration 4:  10000000 integrand evaluations so far
[1] 80.4726 +- 63.0797  	chisq 1.53295 (3 df)

Iteration 5:  15000000 integrand evaluations so far
[1] 62.48 +- 55.6561  	chisq 1.90023 (4 df)

Iteration 6:  21000000 integrand evaluations so far
[1] 65.9639 +- 54.5006  	chisq 1.99558 (5 df)

Iteration 7:  28000000 integrand evaluations so far
[1] 67.9078 +- 54.4575  	chisq 2.80019 (6 df)

Iteration 8:  36000000 integrand evaluations so far
[1] 74.736 +- 52.6528  	chisq 3.0414 (7 df)

Iteration 9:  45000000 integrand evaluations so far
[1] 36.9391 +- 35.6084  	chisq 3.99104 (8 df)

Iteration 10:  55000000 integrand evaluations so far
[1] 33.9695 +- 29.037  	chisq 4.0118 (9 df)
      34 ±     29        (3.66mi) ┃Vegas input parameters:
  ndim 8
  ncomp 1
  nvec 1
  epsrel 0
  epsabs 0
  flags 10
  seed 123456
  mineval 5000000
  maxeval 50000000
  nstart 1000000
  nincrease 1000000
  nbatch 5000
  gridno 0
  statefile ""

Iteration 1:  1000000 integrand evaluations so far
[1] 324.424 +- 69.5043  	chisq 0 (0 df)

Iteration 2:  3000000 integrand evaluations so far
[1] 327.157 +- 66.488  	chisq 0.0182075 (1 df)

Iteration 3:  6000000 integrand evaluations so far
[1] 137.839 +- 25.4257  	chisq 9.51456 (2 df)

Iteration 4:  10000000 integrand evaluations so far
[1] 162.033 +- 22.7623  	chisq 14.0753 (3 df)

Iteration 5:  15000000 integrand evaluations so far
[1] 190.518 +- 19.4329  	chisq 19.8509 (4 df)

Iteration 6:  21000000 integrand evaluations so far
[1] 218.71 +- 11.741  	chisq 23.1656 (5 df)

Iteration 7:  28000000 integrand evaluations so far
[1] 254.566 +- 7.90067  	chisq 40.21 (6 df)

Iteration 8:  36000000 integrand evaluations so far
[1] 265.501 +- 6.54299  	chisq 46.3075 (7 df)

Iteration 9:  45000000 integrand evaluations so far
[1] 273.855 +- 5.09443  	chisq 50.4477 (8 df)

Iteration 10:  55000000 integrand evaluations so far
[1] 284.43 +- 3.8998  	chisq 60.8539 (9 df)
   284.4 ±    3.9        (1.77mi) ┃     360 ±     29        (11.8mi) ┃
┃   46 -    48 ┃   36 -    37 ┃  316.21 ±   0.17        ( 31.4s) ┃ -272.52 ±   0.15        ( 5.8mi) ┃Vegas input parameters:
  ndim 10
  ncomp 1
  nvec 1
  epsrel 0
  epsabs 0
  flags 10
  seed 123456
  mineval 50000000
  maxeval 50000000
  nstart 1000000
  nincrease 1000000
  nbatch 5000
  gridno 0
  statefile ""

Iteration 1:  1000000 integrand evaluations so far
[1] -383.148 +- 211.99  	chisq 0 (0 df)

Iteration 2:  3000000 integrand evaluations so far
[1] -291.219 +- 202.638  	chisq 2.17946 (1 df)

Iteration 3:  6000000 integrand evaluations so far
[1] -252.084 +- 199.83  	chisq 3.53455 (2 df)

Iteration 4:  10000000 integrand evaluations so far
[1] -78.7373 +- 132.922  	chisq 4.88425 (3 df)

Iteration 5:  15000000 integrand evaluations so far
[1] 58.7543 +- 86.6204  	chisq 6.74395 (4 df)

Iteration 6:  21000000 integrand evaluations so far
[1] 35.0271 +- 69.7258  	chisq 6.95708 (5 df)

Iteration 7:  28000000 integrand evaluations so far
[1] 36.8037 +- 69.2362  	chisq 7.00347 (6 df)

Iteration 8:  36000000 integrand evaluations so far
[1] 19.2061 +- 67.0695  	chisq 8.05202 (7 df)

Iteration 9:  45000000 integrand evaluations so far
[1] 61.75 +- 42.6269  	chisq 8.72707 (8 df)

Iteration 10:  55000000 integrand evaluations so far
[1] 61.2928 +- 41.5808  	chisq 8.72945 (9 df)
      61 ±     42        (3.67mi) ┃Vegas input parameters:
  ndim 8
  ncomp 1
  nvec 1
  epsrel 0
  epsabs 0
  flags 10
  seed 123456
  mineval 5000000
  maxeval 50000000
  nstart 1000000
  nincrease 1000000
  nbatch 5000
  gridno 0
  statefile ""

Iteration 1:  1000000 integrand evaluations so far
[1] 405.036 +- 83.8834  	chisq 0 (0 df)

Iteration 2:  3000000 integrand evaluations so far
[1] 257.485 +- 42.6592  	chisq 4.17346 (1 df)

Iteration 3:  6000000 integrand evaluations so far
[1] 240.679 +- 29.277  	chisq 4.46685 (2 df)

Iteration 4:  10000000 integrand evaluations so far
[1] 241.428 +- 25.7575  	chisq 4.46974 (3 df)

Iteration 5:  15000000 integrand evaluations so far
[1] 250.919 +- 21.721  	chisq 4.9398 (4 df)

Iteration 6:  21000000 integrand evaluations so far
[1] 272.736 +- 15.5259  	chisq 7.00263 (5 df)

Iteration 7:  28000000 integrand evaluations so far
[1] 268.548 +- 8.79941  	chisq 7.10986 (6 df)

Iteration 8:  36000000 integrand evaluations so far
[1] 261.197 +- 5.33186  	chisq 8.21262 (7 df)

Iteration 9:  45000000 integrand evaluations so far
[1] 261.394 +- 5.32858  	chisq 9.31973 (8 df)

Iteration 10:  55000000 integrand evaluations so far
[1] 263.394 +- 5.03202  	chisq 10.622 (9 df)
   263.4 ±      5        ( 1.8mi) ┃     368 ±     42        (11.8mi) ┃
┃   46 -    48 ┃   37 -    38 ┃  308.67 ±   0.25        (2.62mi) ┃ -265.67 ±   0.21        (26.3mi) ┃Vegas input parameters:
  ndim 10
  ncomp 1
  nvec 1
  epsrel 0
  epsabs 0
  flags 10
  seed 123456
  mineval 50000000
  maxeval 50000000
  nstart 1000000
  nincrease 1000000
  nbatch 5000
  gridno 0
  statefile ""

Iteration 1:  1000000 integrand evaluations so far
[1] -128.016 +- 195.648  	chisq 0 (0 df)

Iteration 2:  3000000 integrand evaluations so far
[1] -12.1004 +- 121.731  	chisq 0.572737 (1 df)

Iteration 3:  6000000 integrand evaluations so far
[1] 60.6239 +- 88.4748  	chisq 1.32931 (2 df)

Iteration 4:  10000000 integrand evaluations so far
[1] 80.3034 +- 86.7616  	chisq 2.61931 (3 df)

Iteration 5:  15000000 integrand evaluations so far
[1] -2.06195 +- 66.405  	chisq 4.79512 (4 df)

Iteration 6:  21000000 integrand evaluations so far
[1] -30.7924 +- 63.1798  	chisq 6.77014 (5 df)

Iteration 7:  28000000 integrand evaluations so far
[1] -20.4144 +- 61.3478  	chisq 7.24225 (6 df)

Iteration 8:  36000000 integrand evaluations so far
[1] -85.5883 +- 39.4665  	chisq 9.16778 (7 df)

Iteration 9:  45000000 integrand evaluations so far
[1] -84.7297 +- 33.561  	chisq 9.16949 (8 df)

Iteration 10:  55000000 integrand evaluations so far
[1] -57.4682 +- 31.743  	chisq 15.4293 (9 df)
     -57 ±     32        (3.65mi) ┃Vegas input parameters:
  ndim 8
  ncomp 1
  nvec 1
  epsrel 0
  epsabs 0
  flags 10
  seed 123456
  mineval 5000000
  maxeval 50000000
  nstart 1000000
  nincrease 1000000
  nbatch 5000
  gridno 0
  statefile ""

Iteration 1:  1000000 integrand evaluations so far
[1] 394.646 +- 80.2077  	chisq 0 (0 df)

Iteration 2:  3000000 integrand evaluations so far
[1] 384.957 +- 73.7808  	chisq 0.0948665 (1 df)

Iteration 3:  6000000 integrand evaluations so far
[1] 296.45 +- 45.4391  	chisq 2.4132 (2 df)

Iteration 4:  10000000 integrand evaluations so far
[1] 241.099 +- 24.899  	chisq 4.5338 (3 df)

Iteration 5:  15000000 integrand evaluations so far
[1] 244.849 +- 24.6685  	chisq 5.76473 (4 df)

Iteration 6:  21000000 integrand evaluations so far
[1] 243.118 +- 15.941  	chisq 5.77318 (5 df)

Iteration 7:  28000000 integrand evaluations so far
[1] 259.699 +- 11.9604  	chisq 8.24865 (6 df)

Iteration 8:  36000000 integrand evaluations so far
[1] 267.041 +- 7.99022  	chisq 8.92918 (7 df)

Iteration 9:  45000000 integrand evaluations so far
[1] 270.577 +- 5.30354  	chisq 9.2793 (8 df)

Iteration 10:  55000000 integrand evaluations so far
[1] 276.579 +- 3.8067  	chisq 11.9207 (9 df)
   276.6 ±    3.8        (1.76mi) ┃     262 ±     32        (34.4mi) ┃
┃   46 -    48 ┃   38 -    39 ┃ 295.253 ±  0.087        ( 39.1s) ┃ -254.01 ±   0.12        (12.9mi) ┃Vegas input parameters:
  ndim 10
  ncomp 1
  nvec 1
  epsrel 0
  epsabs 0
  flags 10
  seed 123456
  mineval 50000000
  maxeval 50000000
  nstart 1000000
  nincrease 1000000
  nbatch 5000
  gridno 0
  statefile ""

Iteration 1:  1000000 integrand evaluations so far
[1] 204.688 +- 204.795  	chisq 0 (0 df)

Iteration 2:  3000000 integrand evaluations so far
[1] -46.465 +- 76.5347  	chisq 1.74811 (1 df)

Iteration 3:  6000000 integrand evaluations so far
[1] -11.2168 +- 71.4753  	chisq 3.40724 (2 df)

Iteration 4:  10000000 integrand evaluations so far
[1] -31.3067 +- 68.5234  	chisq 4.38387 (3 df)

Iteration 5:  15000000 integrand evaluations so far
[1] -47.7193 +- 47.5268  	chisq 4.49442 (4 df)

Iteration 6:  21000000 integrand evaluations so far
[1] -51.103 +- 41.2832  	chisq 4.51507 (5 df)

Iteration 7:  28000000 integrand evaluations so far
[1] -49.9487 +- 36.8717  	chisq 4.51894 (6 df)

Iteration 8:  36000000 integrand evaluations so far
[1] -25.8836 +- 33.3478  	chisq 6.85937 (7 df)

Iteration 9:  45000000 integrand evaluations so far
[1] -14.5755 +- 32.429  	chisq 8.97524 (8 df)

Iteration 10:  55000000 integrand evaluations so far
[1] -3.19663 +- 31.5583  	chisq 11.2994 (9 df)
      -3 ±     32        (3.64mi) ┃Vegas input parameters:
  ndim 8
  ncomp 1
  nvec 1
  epsrel 0
  epsabs 0
  flags 10
  seed 123456
  mineval 5000000
  maxeval 50000000
  nstart 1000000
  nincrease 1000000
  nbatch 5000
  gridno 0
  statefile ""

Iteration 1:  1000000 integrand evaluations so far
[1] 236.079 +- 59.3564  	chisq 0 (0 df)

Iteration 2:  3000000 integrand evaluations so far
[1] 247.099 +- 53.6073  	chisq 0.186986 (1 df)

Iteration 3:  6000000 integrand evaluations so far
[1] 228.125 +- 39.1885  	chisq 0.456049 (2 df)

Iteration 4:  10000000 integrand evaluations so far
[1] 225.796 +- 27.8654  	chisq 0.463194 (3 df)

Iteration 5:  15000000 integrand evaluations so far
[1] 229.103 +- 23.1434  	chisq 0.508594 (4 df)

Iteration 6:  21000000 integrand evaluations so far
[1] 246.603 +- 18.6445  	chisq 2.13762 (5 df)

Iteration 7:  28000000 integrand evaluations so far
[1] 247.736 +- 18.6065  	chisq 3.04359 (6 df)

Iteration 8:  36000000 integrand evaluations so far
[1] 240.985 +- 14.1182  	chisq 3.35391 (7 df)

Iteration 9:  45000000 integrand evaluations so far
[1] 252.334 +- 12.5744  	chisq 6.47994 (8 df)

Iteration 10:  55000000 integrand evaluations so far
[1] 260.373 +- 7.99532  	chisq 7.16607 (9 df)
   260.4 ±      8        (1.77mi) ┃     298 ±     33        (18.9mi) ┃
┃   46 -    48 ┃   39 -    40 ┃  294.61 ±   0.29        (1.55mi) ┃-253.109 ±   0.08        (47.3mi) ┃Vegas input parameters:
  ndim 10
  ncomp 1
  nvec 1
  epsrel 0
  epsabs 0
  flags 10
  seed 123456
  mineval 50000000
  maxeval 50000000
  nstart 1000000
  nincrease 1000000
  nbatch 5000
  gridno 0
  statefile ""

Iteration 1:  1000000 integrand evaluations so far
[1] 324.481 +- 238.165  	chisq 0 (0 df)

Iteration 2:  3000000 integrand evaluations so far
[1] 74.8484 +- 133.167  	chisq 1.59829 (1 df)

Iteration 3:  6000000 integrand evaluations so far
[1] -21.8011 +- 85.3528  	chisq 2.49232 (2 df)

Iteration 4:  10000000 integrand evaluations so far
[1] -14.1086 +- 84.9325  	chisq 3.31909 (3 df)

Iteration 5:  15000000 integrand evaluations so far
[1] -31.8674 +- 81.7692  	chisq 3.91715 (4 df)

Iteration 6:  21000000 integrand evaluations so far
[1] 18.117 +- 58.0642  	chisq 4.67088 (5 df)

Iteration 7:  28000000 integrand evaluations so far
[1] 57.1001 +- 50.3934  	chisq 6.49753 (6 df)

Iteration 8:  36000000 integrand evaluations so far
[1] 33.0304 +- 45.7058  	chisq 7.78361 (7 df)

Iteration 9:  45000000 integrand evaluations so far
[1] 20.8226 +- 39.724  	chisq 8.07524 (8 df)

Iteration 10:  55000000 integrand evaluations so far
[1] 16.8491 +- 38.6156  	chisq 8.25708 (9 df)
      17 ±     39        (3.54mi) ┃Vegas input parameters:
  ndim 8
  ncomp 1
  nvec 1
  epsrel 0
  epsabs 0
  flags 10
  seed 123456
  mineval 5000000
  maxeval 50000000
  nstart 1000000
  nincrease 1000000
  nbatch 5000
  gridno 0
  statefile ""

Iteration 1:  1000000 integrand evaluations so far
[1] 314.214 +- 63.1096  	chisq 0 (0 df)

Iteration 2:  3000000 integrand evaluations so far
[1] 252.997 +- 48.0365  	chisq 2.23686 (1 df)

Iteration 3:  6000000 integrand evaluations so far
[1] 233.664 +- 40.6736  	chisq 2.80912 (2 df)

Iteration 4:  10000000 integrand evaluations so far
[1] 248.416 +- 36.0635  	chisq 3.42429 (3 df)

Iteration 5:  15000000 integrand evaluations so far
[1] 205.878 +- 17.0311  	chisq 5.21496 (4 df)

Iteration 6:  21000000 integrand evaluations so far
[1] 217.593 +- 14.9682  	chisq 7.29425 (5 df)

Iteration 7:  28000000 integrand evaluations so far
[1] 227.313 +- 8.17296  	chisq 7.89507 (6 df)

Iteration 8:  36000000 integrand evaluations so far
[1] 231.84 +- 7.42319  	chisq 9.64737 (7 df)

Iteration 9:  45000000 integrand evaluations so far
[1] 233.221 +- 7.33501  	chisq 11.112 (8 df)

Iteration 10:  55000000 integrand evaluations so far
[1] 235.491 +- 7.11221  	chisq 12.7138 (9 df)
   235.5 ±    7.1        (1.75mi) ┃     294 ±     39        (54.2mi) ┃
┃   46 -    48 ┃   40 -    41 ┃  259.04 ±   0.21        ( 52.2s) ┃ -223.83 ±   0.19        (4.88mi) ┃Vegas input parameters:
  ndim 10
  ncomp 1
  nvec 1
  epsrel 0
  epsabs 0
  flags 10
  seed 123456
  mineval 50000000
  maxeval 50000000
  nstart 1000000
  nincrease 1000000
  nbatch 5000
  gridno 0
  statefile ""

Iteration 1:  1000000 integrand evaluations so far
[1] 412.76 +- 450.512  	chisq 0 (0 df)

Iteration 2:  3000000 integrand evaluations so far
[1] 116.162 +- 130.865  	chisq 0.473379 (1 df)

Iteration 3:  6000000 integrand evaluations so far
[1] -62.8847 +- 91.5999  	chisq 4.14338 (2 df)

Iteration 4:  10000000 integrand evaluations so far
[1] -8.03333 +- 56.5146  	chisq 4.72235 (3 df)

Iteration 5:  15000000 integrand evaluations so far
[1] -2.46124 +- 30.5697  	chisq 4.73609 (4 df)

Iteration 6:  21000000 integrand evaluations so far
[1] 6.02968 +- 29.259  	chisq 5.65546 (5 df)

Iteration 7:  28000000 integrand evaluations so far
[1] 23.306 +- 25.8018  	chisq 7.22342 (6 df)

Iteration 8:  36000000 integrand evaluations so far
[1] 26.1658 +- 25.1404  	chisq 7.46616 (7 df)

Iteration 9:  45000000 integrand evaluations so far
[1] 26.7589 +- 24.7216  	chisq 7.48301 (8 df)

Iteration 10:  55000000 integrand evaluations so far
[1] 29.1506 +- 24.6066  	chisq 8.49089 (9 df)
      29 ±     25        (3.56mi) ┃Vegas input parameters:
  ndim 8
  ncomp 1
  nvec 1
  epsrel 0
  epsabs 0
  flags 10
  seed 123456
  mineval 5000000
  maxeval 50000000
  nstart 1000000
  nincrease 1000000
  nbatch 5000
  gridno 0
  statefile ""

Iteration 1:  1000000 integrand evaluations so far
[1] 276.963 +- 54.1887  	chisq 0 (0 df)

Iteration 2:  3000000 integrand evaluations so far
[1] 286.661 +- 52.7754  	chisq 0.622196 (1 df)

Iteration 3:  6000000 integrand evaluations so far
[1] 242.458 +- 37.1019  	chisq 2.00925 (2 df)

Iteration 4:  10000000 integrand evaluations so far
[1] 252.799 +- 35.6347  	chisq 3.01121 (3 df)

Iteration 5:  15000000 integrand evaluations so far
[1] 221.882 +- 17.8662  	chisq 4.01669 (4 df)

Iteration 6:  21000000 integrand evaluations so far
[1] 225.673 +- 17.5923  	chisq 5.49655 (5 df)

Iteration 7:  28000000 integrand evaluations so far
[1] 242.749 +- 15.2411  	chisq 9.27404 (6 df)

Iteration 8:  36000000 integrand evaluations so far
[1] 248.188 +- 13.4338  	chisq 9.84481 (7 df)

Iteration 9:  45000000 integrand evaluations so far
[1] 243.728 +- 8.8475  	chisq 10.0395 (8 df)

Iteration 10:  55000000 integrand evaluations so far
[1] 251.385 +- 5.7483  	chisq 11.3358 (9 df)
   251.4 ±    5.7        (1.72mi) ┃     316 ±     25        (  11mi) ┃
┃   46 -    48 ┃   41 -    42 ┃ 315.661 ±  0.098        (1.28mi) ┃ -271.72 ±   0.11        (6.34mi) ┃Vegas input parameters:
  ndim 10
  ncomp 1
  nvec 1
  epsrel 0
  epsabs 0
  flags 10
  seed 123456
  mineval 50000000
  maxeval 50000000
  nstart 1000000
  nincrease 1000000
  nbatch 5000
  gridno 0
  statefile ""

Iteration 1:  1000000 integrand evaluations so far
[1] -149.565 +- 215.702  	chisq 0 (0 df)

Iteration 2:  3000000 integrand evaluations so far
[1] 51.135 +- 129.677  	chisq 1.35573 (1 df)

Iteration 3:  6000000 integrand evaluations so far
[1] 28.1203 +- 70.635  	chisq 1.40052 (2 df)

Iteration 4:  10000000 integrand evaluations so far
[1] -28.949 +- 36.0829  	chisq 2.28379 (3 df)

Iteration 5:  15000000 integrand evaluations so far
[1] -22.5145 +- 34.4102  	chisq 2.63493 (4 df)

Iteration 6:  21000000 integrand evaluations so far
[1] -7.08827 +- 32.9542  	chisq 5.06103 (5 df)

Iteration 7:  28000000 integrand evaluations so far
[1] -2.38816 +- 31.3878  	chisq 5.28023 (6 df)

Iteration 8:  36000000 integrand evaluations so far
[1] -2.808 +- 23.2095  	chisq 5.28062 (7 df)

Iteration 9:  45000000 integrand evaluations so far
[1] 0.327635 +- 23.1264  	chisq 7.83363 (8 df)

Iteration 10:  55000000 integrand evaluations so far
[1] -2.48821 +- 22.4443  	chisq 8.0887 (9 df)
      -2 ±     22        ( 3.6mi) ┃Vegas input parameters:
  ndim 8
  ncomp 1
  nvec 1
  epsrel 0
  epsabs 0
  flags 10
  seed 123456
  mineval 5000000
  maxeval 50000000
  nstart 1000000
  nincrease 1000000
  nbatch 5000
  gridno 0
  statefile ""

Iteration 1:  1000000 integrand evaluations so far
[1] 247.562 +- 56.691  	chisq 0 (0 df)

Iteration 2:  3000000 integrand evaluations so far
[1] 135.382 +- 27.4993  	chisq 5.12051 (1 df)

Iteration 3:  6000000 integrand evaluations so far
[1] 121.233 +- 17.7468  	chisq 5.57416 (2 df)

Iteration 4:  10000000 integrand evaluations so far
[1] 135.715 +- 16.3532  	chisq 9.98699 (3 df)

Iteration 5:  15000000 integrand evaluations so far
[1] 147.774 +- 15.4303  	chisq 14.9447 (4 df)

Iteration 6:  21000000 integrand evaluations so far
[1] 175.259 +- 10.6715  	chisq 21.0265 (5 df)

Iteration 7:  28000000 integrand evaluations so far
[1] 187.464 +- 9.7691  	chisq 29.1022 (6 df)

Iteration 8:  36000000 integrand evaluations so far
[1] 211.688 +- 7.42498  	chisq 43.6609 (7 df)

Iteration 9:  45000000 integrand evaluations so far
[1] 225.753 +- 4.68161  	chisq 49.6171 (8 df)

Iteration 10:  55000000 integrand evaluations so far
[1] 233.298 +- 3.31861  	chisq 54.8387 (9 df)
   233.3 ±    3.3        (1.75mi) ┃     275 ±     23        (  13mi) ┃
┃   46 -    48 ┃   42 -    43 ┃ 249.139 ±  0.062        (2.58mi) ┃-214.601 ±  0.079        (24.5mi) ┃Vegas input parameters:
  ndim 10
  ncomp 1
  nvec 1
  epsrel 0
  epsabs 0
  flags 10
  seed 123456
  mineval 50000000
  maxeval 50000000
  nstart 1000000
  nincrease 1000000
  nbatch 5000
  gridno 0
  statefile ""

Iteration 1:  1000000 integrand evaluations so far
[1] -503.137 +- 507.807  	chisq 0 (0 df)

Iteration 2:  3000000 integrand evaluations so far
[1] -188.2 +- 276.411  	chisq 0.546582 (1 df)

Iteration 3:  6000000 integrand evaluations so far
[1] -39.945 +- 51.4862  	chisq 0.844602 (2 df)

Iteration 4:  10000000 integrand evaluations so far
[1] -4.81134 +- 39.8727  	chisq 2.00802 (3 df)

Iteration 5:  15000000 integrand evaluations so far
[1] 16.1981 +- 33.9256  	chisq 3.01373 (4 df)

Iteration 6:  21000000 integrand evaluations so far
[1] 14.6697 +- 33.5304  	chisq 3.10136 (5 df)

Iteration 7:  28000000 integrand evaluations so far
[1] 19.9905 +- 31.9594  	chisq 3.37655 (6 df)

Iteration 8:  36000000 integrand evaluations so far
[1] 13.7239 +- 31.3564  	chisq 4.40512 (7 df)

Iteration 9:  45000000 integrand evaluations so far
[1] 24.4762 +- 29.137  	chisq 5.26622 (8 df)

Iteration 10:  55000000 integrand evaluations so far
[1] 16.189 +- 26.8762  	chisq 5.80856 (9 df)
      16 ±     27        (3.59mi) ┃Vegas input parameters:
  ndim 8
  ncomp 1
  nvec 1
  epsrel 0
  epsabs 0
  flags 10
  seed 123456
  mineval 5000000
  maxeval 50000000
  nstart 1000000
  nincrease 1000000
  nbatch 5000
  gridno 0
  statefile ""

Iteration 1:  1000000 integrand evaluations so far
[1] 240.042 +- 53.0623  	chisq 0 (0 df)

Iteration 2:  3000000 integrand evaluations so far
[1] 73.3714 +- 10.5261  	chisq 10.2703 (1 df)

Iteration 3:  6000000 integrand evaluations so far
[1] 73.6554 +- 10.5234  	chisq 11.6852 (2 df)

Iteration 4:  10000000 integrand evaluations so far
[1] 88.9214 +- 9.71528  	chisq 25.9339 (3 df)

Iteration 5:  15000000 integrand evaluations so far
[1] 97.1553 +- 9.45113  	chisq 39.3249 (4 df)

Iteration 6:  21000000 integrand evaluations so far
[1] 121.939 +- 8.56567  	chisq 77.8288 (5 df)

Iteration 7:  28000000 integrand evaluations so far
[1] 162.635 +- 6.32965  	chisq 127.553 (6 df)

Iteration 8:  36000000 integrand evaluations so far
[1] 187.816 +- 5.15627  	chisq 174.6 (7 df)

Iteration 9:  45000000 integrand evaluations so far
[1] 206.141 +- 3.47963  	chisq 197.794 (8 df)

Iteration 10:  55000000 integrand evaluations so far
[1] 216.568 +- 2.53926  	chisq 217.001 (9 df)
   216.6 ±    2.5        (1.76mi) ┃     267 ±     27        (32.5mi) ┃
┃   46 -    48 ┃   43 -    44 ┃  266.93 ±   0.11        (2.56mi) ┃ -230.34 ±   0.11        (24.4mi) ┃Vegas input parameters:
  ndim 10
  ncomp 1
  nvec 1
  epsrel 0
  epsabs 0
  flags 10
  seed 123456
  mineval 50000000
  maxeval 50000000
  nstart 1000000
  nincrease 1000000
  nbatch 5000
  gridno 0
  statefile ""

Iteration 1:  1000000 integrand evaluations so far
[1] -174.072 +- 144.779  	chisq 0 (0 df)

Iteration 2:  3000000 integrand evaluations so far
[1] -20.7793 +- 107.491  	chisq 2.49813 (1 df)

Iteration 3:  6000000 integrand evaluations so far
[1] -52.8777 +- 100.939  	chisq 3.25261 (2 df)

Iteration 4:  10000000 integrand evaluations so far
[1] -16.8467 +- 84.8515  	chisq 3.68695 (3 df)

Iteration 5:  15000000 integrand evaluations so far
[1] -4.81053 +- 78.6818  	chisq 3.83053 (4 df)

Iteration 6:  21000000 integrand evaluations so far
[1] -33.1918 +- 30.6854  	chisq 3.98398 (5 df)

Iteration 7:  28000000 integrand evaluations so far
[1] -35.7465 +- 30.5778  	chisq 4.97387 (6 df)

Iteration 8:  36000000 integrand evaluations so far
[1] -31.7808 +- 22.5363  	chisq 5.01069 (7 df)

Iteration 9:  45000000 integrand evaluations so far
[1] -29.1984 +- 20.7088  	chisq 5.09508 (8 df)

Iteration 10:  55000000 integrand evaluations so far
[1] -29.1648 +- 20.7088  	chisq 6.07217 (9 df)
     -29 ±     21        ( 3.6mi) ┃Vegas input parameters:
  ndim 8
  ncomp 1
  nvec 1
  epsrel 0
  epsabs 0
  flags 10
  seed 123456
  mineval 5000000
  maxeval 50000000
  nstart 1000000
  nincrease 1000000
  nbatch 5000
  gridno 0
  statefile ""

Iteration 1:  1000000 integrand evaluations so far
[1] 219.518 +- 48.8389  	chisq 0 (0 df)

Iteration 2:  3000000 integrand evaluations so far
[1] 136.668 +- 24.3447  	chisq 3.82917 (1 df)

Iteration 3:  6000000 integrand evaluations so far
[1] 146.974 +- 20.3648  	chisq 4.4261 (2 df)

Iteration 4:  10000000 integrand evaluations so far
[1] 163.024 +- 16.6156  	chisq 6.28408 (3 df)

Iteration 5:  15000000 integrand evaluations so far
[1] 174.307 +- 10.7639  	chisq 7.07872 (4 df)

Iteration 6:  21000000 integrand evaluations so far
[1] 186.436 +- 10.0854  	chisq 17.4753 (5 df)

Iteration 7:  28000000 integrand evaluations so far
[1] 201.276 +- 7.01931  	chisq 21.675 (6 df)

Iteration 8:  36000000 integrand evaluations so far
[1] 218.215 +- 5.03467  	chisq 33.6691 (7 df)

Iteration 9:  45000000 integrand evaluations so far
[1] 219.365 +- 3.42695  	chisq 33.7662 (8 df)

Iteration 10:  55000000 integrand evaluations so far
[1] 222.694 +- 2.72626  	chisq 36.336 (9 df)
   222.7 ±    2.7        (1.76mi) ┃     230 ±     21        (32.4mi) ┃
┃   46 -    48 ┃   44 -    45 ┃  271.86 ±   0.17        (1.29mi) ┃ -233.54 ±   0.21        (13.2mi) ┃Vegas input parameters:
  ndim 10
  ncomp 1
  nvec 1
  epsrel 0
  epsabs 0
  flags 10
  seed 123456
  mineval 50000000
  maxeval 50000000
  nstart 1000000
  nincrease 1000000
  nbatch 5000
  gridno 0
  statefile ""

Iteration 1:  1000000 integrand evaluations so far
[1] -13.2159 +- 217.024  	chisq 0 (0 df)

Iteration 2:  3000000 integrand evaluations so far
[1] 81.4858 +- 87.7486  	chisq 0.227626 (1 df)

Iteration 3:  6000000 integrand evaluations so far
[1] 17.0553 +- 69.5812  	chisq 1.68 (2 df)

Iteration 4:  10000000 integrand evaluations so far
[1] 19.2714 +- 41.1316  	chisq 1.68156 (3 df)

Iteration 5:  15000000 integrand evaluations so far
[1] 22.268 +- 39.9088  	chisq 1.77218 (4 df)

Iteration 6:  21000000 integrand evaluations so far
[1] 14.0797 +- 38.4173  	chisq 2.3461 (5 df)

Iteration 7:  28000000 integrand evaluations so far
[1] -4.07686 +- 34.3391  	chisq 3.45714 (6 df)

Iteration 8:  36000000 integrand evaluations so far
[1] 8.30384 +- 29.7922  	chisq 3.9828 (7 df)

Iteration 9:  45000000 integrand evaluations so far
[1] 9.36383 +- 28.1971  	chisq 3.99495 (8 df)

Iteration 10:  55000000 integrand evaluations so far
[1] 19.5336 +- 27.3468  	chisq 6.1849 (9 df)
      20 ±     27        ( 3.6mi) ┃Vegas input parameters:
  ndim 8
  ncomp 1
  nvec 1
  epsrel 0
  epsabs 0
  flags 10
  seed 123456
  mineval 5000000
  maxeval 50000000
  nstart 1000000
  nincrease 1000000
  nbatch 5000
  gridno 0
  statefile ""

Iteration 1:  1000000 integrand evaluations so far
[1] 203.937 +- 52.8998  	chisq 0 (0 df)

Iteration 2:  3000000 integrand evaluations so far
[1] 123.789 +- 31.6308  	chisq 3.57292 (1 df)

Iteration 3:  6000000 integrand evaluations so far
[1] 118.117 +- 27.1677  	chisq 3.6955 (2 df)

Iteration 4:  10000000 integrand evaluations so far
[1] 119.905 +- 20.9017  	chisq 3.70611 (3 df)

Iteration 5:  15000000 integrand evaluations so far
[1] 139.094 +- 16.753  	chisq 6.0632 (4 df)

Iteration 6:  21000000 integrand evaluations so far
[1] 163.125 +- 14.3747  	chisq 13.8636 (5 df)

Iteration 7:  28000000 integrand evaluations so far
[1] 171.134 +- 13.5706  	chisq 16.719 (6 df)

Iteration 8:  36000000 integrand evaluations so far
[1] 194.28 +- 10.7227  	chisq 24.4624 (7 df)

Iteration 9:  45000000 integrand evaluations so far
[1] 205.101 +- 9.22033  	chisq 28.3703 (8 df)

Iteration 10:  55000000 integrand evaluations so far
[1] 210.785 +- 6.24029  	chisq 29.0714 (9 df)
   210.8 ±    6.2        (1.71mi) ┃     269 ±     28        (19.8mi) ┃
┃   46 -    48 ┃   45 -    46 ┃   235.4 ±    0.2        (2.53mi) ┃-203.455 ±  0.084        (24.5mi) ┃Vegas input parameters:
  ndim 10
  ncomp 1
  nvec 1
  epsrel 0
  epsabs 0
  flags 10
  seed 123456
  mineval 50000000
  maxeval 50000000
  nstart 1000000
  nincrease 1000000
  nbatch 5000
  gridno 0
  statefile ""

Iteration 1:  1000000 integrand evaluations so far
[1] -1385.21 +- 1505.07  	chisq 0 (0 df)

Iteration 2:  3000000 integrand evaluations so far
[1] 5.50505 +- 68.9174  	chisq 0.855601 (1 df)

Iteration 3:  6000000 integrand evaluations so far
[1] -25.7964 +- 25.4847  	chisq 1.09456 (2 df)

Iteration 4:  10000000 integrand evaluations so far
[1] -14.0072 +- 21.5432  	chisq 1.84438 (3 df)

Iteration 5:  15000000 integrand evaluations so far
[1] -20.2061 +- 21.1097  	chisq 3.92281 (4 df)

Iteration 6:  21000000 integrand evaluations so far
[1] -22.899 +- 20.8856  	chisq 4.69323 (5 df)

Iteration 7:  28000000 integrand evaluations so far
[1] -12.6427 +- 18.739  	chisq 5.92994 (6 df)

Iteration 8:  36000000 integrand evaluations so far
[1] -13.5793 +- 18.7228  	chisq 7.3687 (7 df)

Iteration 9:  45000000 integrand evaluations so far
[1] -14.3081 +- 18.7117  	chisq 8.64615 (8 df)

Iteration 10:  55000000 integrand evaluations so far
[1] -16.1041 +- 18.6725  	chisq 10.852 (9 df)
     -16 ±     19        ( 3.6mi) ┃Vegas input parameters:
  ndim 8
  ncomp 1
  nvec 1
  epsrel 0
  epsabs 0
  flags 10
  seed 123456
  mineval 5000000
  maxeval 50000000
  nstart 1000000
  nincrease 1000000
  nbatch 5000
  gridno 0
  statefile ""

Iteration 1:  1000000 integrand evaluations so far
[1] 332.756 +- 70.1432  	chisq 0 (0 df)

Iteration 2:  3000000 integrand evaluations so far
[1] 131.596 +- 23.8005  	chisq 9.29466 (1 df)

Iteration 3:  6000000 integrand evaluations so far
[1] 140.066 +- 21.7732  	chisq 10.0711 (2 df)

Iteration 4:  10000000 integrand evaluations so far
[1] 151.065 +- 19.0938  	chisq 11.1759 (3 df)

Iteration 5:  15000000 integrand evaluations so far
[1] 148.752 +- 13.9363  	chisq 11.2073 (4 df)

Iteration 6:  21000000 integrand evaluations so far
[1] 168.32 +- 11.293  	chisq 16.9492 (5 df)

Iteration 7:  28000000 integrand evaluations so far
[1] 169.173 +- 11.2702  	chisq 18.3633 (6 df)

Iteration 8:  36000000 integrand evaluations so far
[1] 175.839 +- 10.5179  	chisq 21.0739 (7 df)

Iteration 9:  45000000 integrand evaluations so far
[1] 193.502 +- 8.36564  	chisq 28.7507 (8 df)

Iteration 10:  55000000 integrand evaluations so far
[1] 211.353 +- 6.40942  	chisq 39.7756 (9 df)
   211.4 ±    6.4        (1.72mi) ┃     227 ±     20        (32.4mi) ┃
┃   46 -    48 ┃   46 -    47 ┃  261.93 ±   0.23        (2.51mi) ┃-225.398 ±  0.097        (26.2mi) ┃Vegas input parameters:
  ndim 10
  ncomp 1
  nvec 1
  epsrel 0
  epsabs 0
  flags 10
  seed 123456
  mineval 50000000
  maxeval 50000000
  nstart 1000000
  nincrease 1000000
  nbatch 5000
  gridno 0
  statefile ""

Iteration 1:  1000000 integrand evaluations so far
[1] -95.4355 +- 155.864  	chisq 0 (0 df)

Iteration 2:  3000000 integrand evaluations so far
[1] -82.6252 +- 123.716  	chisq 0.0182582 (1 df)

Iteration 3:  6000000 integrand evaluations so far
[1] -0.694278 +- 60.0242  	chisq 0.591861 (2 df)

Iteration 4:  10000000 integrand evaluations so far
[1] -11.2779 +- 56.2169  	chisq 0.844962 (3 df)

Iteration 5:  15000000 integrand evaluations so far
[1] 6.11078 +- 54.0645  	chisq 2.11878 (4 df)

Iteration 6:  21000000 integrand evaluations so far
[1] 30.0799 +- 51.0105  	chisq 3.90913 (5 df)

Iteration 7:  28000000 integrand evaluations so far
[1] 2.1148 +- 40.0926  	chisq 4.69538 (6 df)

Iteration 8:  36000000 integrand evaluations so far
[1] 7.70172 +- 39.0686  	chisq 5.08043 (7 df)

Iteration 9:  45000000 integrand evaluations so far
[1] -19.3576 +- 31.9963  	chisq 6.53729 (8 df)

Iteration 10:  55000000 integrand evaluations so far
[1] -11.7645 +- 31.0637  	chisq 7.51765 (9 df)
     -12 ±     31        (3.53mi) ┃Vegas input parameters:
  ndim 8
  ncomp 1
  nvec 1
  epsrel 0
  epsabs 0
  flags 10
  seed 123456
  mineval 5000000
  maxeval 50000000
  nstart 1000000
  nincrease 1000000
  nbatch 5000
  gridno 0
  statefile ""

Iteration 1:  1000000 integrand evaluations so far
[1] 199.972 +- 52.3117  	chisq 0 (0 df)

Iteration 2:  3000000 integrand evaluations so far
[1] 153.437 +- 34.6033  	chisq 1.40697 (1 df)

Iteration 3:  6000000 integrand evaluations so far
[1] 135.207 +- 24.1086  	chisq 1.94635 (2 df)

Iteration 4:  10000000 integrand evaluations so far
[1] 136.229 +- 24.0885  	chisq 3.02444 (3 df)

Iteration 5:  15000000 integrand evaluations so far
[1] 149.862 +- 20.3513  	chisq 4.14351 (4 df)

Iteration 6:  21000000 integrand evaluations so far
[1] 155.358 +- 11.5423  	chisq 4.25102 (5 df)

Iteration 7:  28000000 integrand evaluations so far
[1] 170.591 +- 9.76823  	chisq 10.3888 (6 df)

Iteration 8:  36000000 integrand evaluations so far
[1] 184.547 +- 6.49621  	chisq 14.0489 (7 df)

Iteration 9:  45000000 integrand evaluations so far
[1] 197.448 +- 4.37744  	chisq 21.2732 (8 df)

Iteration 10:  55000000 integrand evaluations so far
[1] 200.417 +- 3.9494  	chisq 23.745 (9 df)
   200.4 ±    3.9        (1.73mi) ┃     225 ±     31        (  34mi) ┃
┃   46 -    48 ┃   47 -    48 ┃   239.9 ±   0.19        (1.32mi) ┃ -205.65 ±   0.19        (12.2mi) ┃Vegas input parameters:
  ndim 10
  ncomp 1
  nvec 1
  epsrel 0
  epsabs 0
  flags 10
  seed 123456
  mineval 50000000
  maxeval 50000000
  nstart 1000000
  nincrease 1000000
  nbatch 5000
  gridno 0
  statefile ""

Iteration 1:  1000000 integrand evaluations so far
[1] 41.1425 +- 143.001  	chisq 0 (0 df)

Iteration 2:  3000000 integrand evaluations so far
[1] 97.9692 +- 84.8039  	chisq 0.243581 (1 df)

Iteration 3:  6000000 integrand evaluations so far
[1] -7.1804 +- 59.8354  	chisq 3.30509 (2 df)

Iteration 4:  10000000 integrand evaluations so far
[1] -5.72722 +- 59.8138  	chisq 4.1227 (3 df)

Iteration 5:  15000000 integrand evaluations so far
[1] -22.2261 +- 58.095  	chisq 5.46588 (4 df)

Iteration 6:  21000000 integrand evaluations so far
[1] -20.9657 +- 58.054  	chisq 5.79957 (5 df)

Iteration 7:  28000000 integrand evaluations so far
[1] -29.2715 +- 47.0512  	chisq 5.85922 (6 df)

Iteration 8:  36000000 integrand evaluations so far
[1] -53.6026 +- 38.8803  	chisq 6.70236 (7 df)

Iteration 9:  45000000 integrand evaluations so far
[1] -55.0489 +- 32.1673  	chisq 6.70675 (8 df)

Iteration 10:  55000000 integrand evaluations so far
[1] -57.7588 +- 31.5568  	chisq 6.89551 (9 df)
     -58 ±     32        (3.54mi) ┃Vegas input parameters:
  ndim 8
  ncomp 1
  nvec 1
  epsrel 0
  epsabs 0
  flags 10
  seed 123456
  mineval 5000000
  maxeval 50000000
  nstart 1000000
  nincrease 1000000
  nbatch 5000
  gridno 0
  statefile ""

Iteration 1:  1000000 integrand evaluations so far
[1] 176.865 +- 45.7455  	chisq 0 (0 df)

Iteration 2:  3000000 integrand evaluations so far
[1] 128.844 +- 29.8886  	chisq 1.92274 (1 df)

Iteration 3:  6000000 integrand evaluations so far
[1] 141.097 +- 25.7491  	chisq 2.57459 (2 df)

Iteration 4:  10000000 integrand evaluations so far
[1] 123.987 +- 14.7565  	chisq 3.23205 (3 df)

Iteration 5:  15000000 integrand evaluations so far
[1] 140.572 +- 10.2421  	chisq 5.66929 (4 df)

Iteration 6:  21000000 integrand evaluations so far
[1] 150.516 +- 9.50935  	chisq 12.5013 (5 df)

Iteration 7:  28000000 integrand evaluations so far
[1] 164.562 +- 6.1094  	chisq 16.217 (6 df)

Iteration 8:  36000000 integrand evaluations so far
[1] 176.423 +- 4.75068  	chisq 25.7503 (7 df)

Iteration 9:  45000000 integrand evaluations so far
[1] 182.802 +- 3.11342  	chisq 28.9106 (8 df)

Iteration 10:  55000000 integrand evaluations so far
[1] 187.773 +- 2.18523  	chisq 33.9357 (9 df)
   187.8 ±    2.2        (1.76mi) ┃     164 ±     32        (18.9mi) ┃
┃   46 -    48 ┃   48 -    49 ┃  251.33 ±   0.11        ( 4.6mi) ┃ -217.01 ±   0.18        (  22mi) ┃Vegas input parameters:
  ndim 10
  ncomp 1
  nvec 1
  epsrel 0
  epsabs 0
  flags 10
  seed 123456
  mineval 50000000
  maxeval 50000000
  nstart 1000000
  nincrease 1000000
  nbatch 5000
  gridno 0
  statefile ""

Iteration 1:  1000000 integrand evaluations so far
[1] -67.9114 +- 129.175  	chisq 0 (0 df)

Iteration 2:  3000000 integrand evaluations so far
[1] -5.57189 +- 50.6805  	chisq 0.275272 (1 df)

Iteration 3:  6000000 integrand evaluations so far
[1] -1.83483 +- 47.2464  	chisq 0.3168 (2 df)

Iteration 4:  10000000 integrand evaluations so far
[1] -8.54586 +- 44.6422  	chisq 0.505015 (3 df)

Iteration 5:  15000000 integrand evaluations so far
[1] -10.7422 +- 44.0165  	chisq 0.591972 (4 df)

Iteration 6:  21000000 integrand evaluations so far
[1] -11.0141 +- 43.7238  	chisq 0.59485 (5 df)

Iteration 7:  28000000 integrand evaluations so far
[1] -29.6517 +- 41.4877  	chisq 2.41792 (6 df)

Iteration 8:  36000000 integrand evaluations so far
[1] -29.9479 +- 39.4915  	chisq 2.41846 (7 df)

Iteration 9:  45000000 integrand evaluations so far
[1] 14.2421 +- 28.1685  	chisq 4.96736 (8 df)

Iteration 10:  55000000 integrand evaluations so far
[1] -3.65355 +- 27.0086  	chisq 9.97143 (9 df)
      -4 ±     27        (3.57mi) ┃Vegas input parameters:
  ndim 8
  ncomp 1
  nvec 1
  epsrel 0
  epsabs 0
  flags 10
  seed 123456
  mineval 5000000
  maxeval 50000000
  nstart 1000000
  nincrease 1000000
  nbatch 5000
  gridno 0
  statefile ""

Iteration 1:  1000000 integrand evaluations so far
[1] 196.21 +- 53.3328  	chisq 0 (0 df)

Iteration 2:  3000000 integrand evaluations so far
[1] 105.308 +- 28.1139  	chisq 4.02302 (1 df)

Iteration 3:  6000000 integrand evaluations so far
[1] 113.202 +- 26.0581  	chisq 4.58255 (2 df)

Iteration 4:  10000000 integrand evaluations so far
[1] 116.619 +- 25.8505  	chisq 5.66679 (3 df)

Iteration 5:  15000000 integrand evaluations so far
[1] 114.818 +- 18.214  	chisq 5.67644 (4 df)

Iteration 6:  21000000 integrand evaluations so far
[1] 132.476 +- 15.2334  	chisq 8.80433 (5 df)

Iteration 7:  28000000 integrand evaluations so far
[1] 155.804 +- 10.6478  	chisq 13.3896 (6 df)

Iteration 8:  36000000 integrand evaluations so far
[1] 167.654 +- 9.61765  	chisq 20.1155 (7 df)

Iteration 9:  45000000 integrand evaluations so far
[1] 183.308 +- 6.51682  	chisq 25.0135 (8 df)

Iteration 10:  55000000 integrand evaluations so far
[1] 199.432 +- 3.89304  	chisq 34.5332 (9 df)
   199.4 ±    3.9        (1.76mi) ┃     230 ±     27        (31.9mi) ┃
┃   46 -    48 ┃   49 -    50 ┃  229.52 ±   0.16        (2.26mi) ┃ -197.26 ±   0.16        (5.59mi) ┃Vegas input parameters:
  ndim 10
  ncomp 1
  nvec 1
  epsrel 0
  epsabs 0
  flags 10
  seed 123456
  mineval 50000000
  maxeval 50000000
  nstart 1000000
  nincrease 1000000
  nbatch 5000
  gridno 0
  statefile ""

Iteration 1:  1000000 integrand evaluations so far
[1] -583.951 +- 444.827  	chisq 0 (0 df)

Iteration 2:  3000000 integrand evaluations so far
[1] -92.559 +- 50.433  	chisq 1.23621 (1 df)

Iteration 3:  6000000 integrand evaluations so far
[1] -102.548 +- 48.8629  	chisq 1.87623 (2 df)

Iteration 4:  10000000 integrand evaluations so far
[1] -63.2071 +- 40.8535  	chisq 4.03007 (3 df)

Iteration 5:  15000000 integrand evaluations so far
[1] -35.7962 +- 36.5602  	chisq 6.29075 (4 df)

Iteration 6:  21000000 integrand evaluations so far
[1] -41.8169 +- 36.0165  	chisq 7.20938 (5 df)

Iteration 7:  28000000 integrand evaluations so far
[1] -36.2235 +- 32.9794  	chisq 7.35868 (6 df)

Iteration 8:  36000000 integrand evaluations so far
[1] -32.5235 +- 32.8875  	chisq 9.61861 (7 df)

Iteration 9:  45000000 integrand evaluations so far
[1] -42.6664 +- 31.7152  	chisq 10.9771 (8 df)

Iteration 10:  55000000 integrand evaluations so far
[1] -44.9932 +- 31.6531  	chisq 12.3522 (9 df)
     -45 ±     32        (3.53mi) ┃Vegas input parameters:
  ndim 8
  ncomp 1
  nvec 1
  epsrel 0
  epsabs 0
  flags 10
  seed 123456
  mineval 5000000
  maxeval 50000000
  nstart 1000000
  nincrease 1000000
  nbatch 5000
  gridno 0
  statefile ""

Iteration 1:  1000000 integrand evaluations so far
[1] 191.637 +- 48.7348  	chisq 0 (0 df)

Iteration 2:  3000000 integrand evaluations so far
[1] 180.405 +- 40.0166  	chisq 0.16304 (1 df)

Iteration 3:  6000000 integrand evaluations so far
[1] 157.595 +- 29.8951  	chisq 0.898315 (2 df)

Iteration 4:  10000000 integrand evaluations so far
[1] 120.621 +- 13.3622  	chisq 2.80986 (3 df)

Iteration 5:  15000000 integrand evaluations so far
[1] 129.714 +- 12.5297  	chisq 6.64567 (4 df)

Iteration 6:  21000000 integrand evaluations so far
[1] 136.18 +- 11.9058  	chisq 9.38831 (5 df)

Iteration 7:  28000000 integrand evaluations so far
[1] 148.703 +- 10.6153  	chisq 14.7844 (6 df)

Iteration 8:  36000000 integrand evaluations so far
[1] 171.102 +- 7.97798  	chisq 25.0161 (7 df)

Iteration 9:  45000000 integrand evaluations so far
[1] 189.09 +- 6.06477  	chisq 37.0586 (8 df)

Iteration 10:  55000000 integrand evaluations so far
[1] 193.926 +- 3.81376  	chisq 38.1104 (9 df)
   193.9 ±    3.8        (1.72mi) ┃     181 ±     32        (13.1mi) ┃
┃   46 -    48 ┃   50 -    51 ┃ 209.623 ±  0.048        (4.61mi) ┃ -183.02 ±   0.17        (   51s) ┃Vegas input parameters:
  ndim 10
  ncomp 1
  nvec 1
  epsrel 0
  epsabs 0
  flags 10
  seed 123456
  mineval 50000000
  maxeval 50000000
  nstart 1000000
  nincrease 1000000
  nbatch 5000
  gridno 0
  statefile ""

Iteration 1:  1000000 integrand evaluations so far
[1] -176.585 +- 155.96  	chisq 0 (0 df)

Iteration 2:  3000000 integrand evaluations so far
[1] -148.951 +- 116.381  	chisq 0.0708432 (1 df)

Iteration 3:  6000000 integrand evaluations so far
[1] -79.8434 +- 81.6584  	chisq 0.765374 (2 df)

Iteration 4:  10000000 integrand evaluations so far
[1] -94.7442 +- 77.0038  	chisq 1.06603 (3 df)

Iteration 5:  15000000 integrand evaluations so far
[1] -100.177 +- 66.1911  	chisq 1.08509 (4 df)

Iteration 6:  21000000 integrand evaluations so far
[1] -46.8256 +- 46.0471  	chisq 2.34401 (5 df)

Iteration 7:  28000000 integrand evaluations so far
[1] -50.4394 +- 37.5335  	chisq 2.36236 (6 df)

Iteration 8:  36000000 integrand evaluations so far
[1] -52.37 +- 34.7524  	chisq 2.3809 (7 df)

Iteration 9:  45000000 integrand evaluations so far
[1] -47.0826 +- 23.9554  	chisq 2.42501 (8 df)

Iteration 10:  55000000 integrand evaluations so far
[1] -49.2603 +- 22.288  	chisq 2.48651 (9 df)
     -49 ±     22        (3.58mi) ┃Vegas input parameters:
  ndim 8
  ncomp 1
  nvec 1
  epsrel 0
  epsabs 0
  flags 10
  seed 123456
  mineval 5000000
  maxeval 50000000
  nstart 1000000
  nincrease 1000000
  nbatch 5000
  gridno 0
  statefile ""

Iteration 1:  1000000 integrand evaluations so far
[1] 141.361 +- 38.6984  	chisq 0 (0 df)

Iteration 2:  3000000 integrand evaluations so far
[1] 64.8666 +- 15.787  	chisq 4.68734 (1 df)

Iteration 3:  6000000 integrand evaluations so far
[1] 66.1488 +- 15.7576  	chisq 6.46254 (2 df)

Iteration 4:  10000000 integrand evaluations so far
[1] 73.4388 +- 14.1907  	chisq 7.59497 (3 df)

Iteration 5:  15000000 integrand evaluations so far
[1] 77.9031 +- 14.0027  	chisq 11.3557 (4 df)

Iteration 6:  21000000 integrand evaluations so far
[1] 83.2327 +- 13.752  	chisq 15.4385 (5 df)

Iteration 7:  28000000 integrand evaluations so far
[1] 86.0091 +- 13.6542  	chisq 18.3124 (6 df)

Iteration 8:  36000000 integrand evaluations so far
[1] 122.124 +- 11.0328  	chisq 38.4667 (7 df)

Iteration 9:  45000000 integrand evaluations so far
[1] 122.414 +- 11.0298  	chisq 39.7578 (8 df)

Iteration 10:  55000000 integrand evaluations so far
[1] 134.49 +- 9.38914  	chisq 44.1113 (9 df)
   134.5 ±    9.4        (1.75mi) ┃     112 ±     24        (10.8mi) ┃
┃   46 -    48 ┃   51 -    52 ┃ 252.924 ±   0.08        ( 4.5mi) ┃ -217.46 ±   0.19        (21.8mi) ┃Vegas input parameters:
  ndim 10
  ncomp 1
  nvec 1
  epsrel 0
  epsabs 0
  flags 10
  seed 123456
  mineval 50000000
  maxeval 50000000
  nstart 1000000
  nincrease 1000000
  nbatch 5000
  gridno 0
  statefile ""

Iteration 1:  1000000 integrand evaluations so far
[1] 68.7894 +- 92.9565  	chisq 0 (0 df)

Iteration 2:  3000000 integrand evaluations so far
[1] 49.3949 +- 89.3373  	chisq 0.570122 (1 df)

Iteration 3:  6000000 integrand evaluations so far
[1] 16.4099 +- 47.3757  	chisq 0.75978 (2 df)

Iteration 4:  10000000 integrand evaluations so far
[1] 4.0114 +- 46.9445  	chisq 4.53928 (3 df)

Iteration 5:  15000000 integrand evaluations so far
[1] 2.99967 +- 46.9341  	chisq 5.59362 (4 df)

Iteration 6:  21000000 integrand evaluations so far
[1] -8.41539 +- 45.6246  	chisq 6.66865 (5 df)

Iteration 7:  28000000 integrand evaluations so far
[1] -13.4962 +- 45.0506  	chisq 7.16468 (6 df)

Iteration 8:  36000000 integrand evaluations so far
[1] -18.2963 +- 44.7442  	chisq 8.00202 (7 df)

Iteration 9:  45000000 integrand evaluations so far
[1] -11.6167 +- 44.2323  	chisq 8.98165 (8 df)

Iteration 10:  55000000 integrand evaluations so far
[1] -8.53802 +- 42.8853  	chisq 9.06242 (9 df)
      -9 ±     43        (3.56mi) ┃Vegas input parameters:
  ndim 8
  ncomp 1
  nvec 1
  epsrel 0
  epsabs 0
  flags 10
  seed 123456
  mineval 5000000
  maxeval 50000000
  nstart 1000000
  nincrease 1000000
  nbatch 5000
  gridno 0
  statefile ""

Iteration 1:  1000000 integrand evaluations so far
[1] 231.377 +- 54.3783  	chisq 0 (0 df)

Iteration 2:  3000000 integrand evaluations so far
[1] 169.327 +- 36.6287  	chisq 2.38347 (1 df)

Iteration 3:  6000000 integrand evaluations so far
[1] 177.746 +- 36.0205  	chisq 3.98742 (2 df)

Iteration 4:  10000000 integrand evaluations so far
[1] 182.485 +- 35.4667  	chisq 4.55455 (3 df)

Iteration 5:  15000000 integrand evaluations so far
[1] 190.981 +- 27.1678  	chisq 4.69343 (4 df)

Iteration 6:  21000000 integrand evaluations so far
[1] 197.016 +- 18.9974  	chisq 4.78998 (5 df)

Iteration 7:  28000000 integrand evaluations so far
[1] 199.968 +- 14.1068  	chisq 4.8438 (6 df)

Iteration 8:  36000000 integrand evaluations so far
[1] 202.226 +- 10.0814  	chisq 4.89617 (7 df)

Iteration 9:  45000000 integrand evaluations so far
[1] 205.082 +- 6.55715  	chisq 5.03529 (8 df)

Iteration 10:  55000000 integrand evaluations so far
[1] 194.91 +- 3.61101  	chisq 8.4894 (9 df)
   194.9 ±    3.6        (1.74mi) ┃     222 ±     43        (31.6mi) ┃
┃   46 -    48 ┃   52 -    53 ┃ 205.661 ±  0.033        (3.33mi) ┃-177.296 ±  0.078        (4.91mi) ┃Vegas input parameters:
  ndim 10
  ncomp 1
  nvec 1
  epsrel 0
  epsabs 0
  flags 10
  seed 123456
  mineval 50000000
  maxeval 50000000
  nstart 1000000
  nincrease 1000000
  nbatch 5000
  gridno 0
  statefile ""

Iteration 1:  1000000 integrand evaluations so far
[1] -6.34219 +- 95.1896  	chisq 0 (0 df)

Iteration 2:  3000000 integrand evaluations so far
[1] 70.5578 +- 74.7972  	chisq 1.70596 (1 df)

Iteration 3:  6000000 integrand evaluations so far
[1] 77.7602 +- 73.685  	chisq 2.02007 (2 df)

Iteration 4:  10000000 integrand evaluations so far
[1] 112.507 +- 57.6766  	chisq 2.59422 (3 df)

Iteration 5:  15000000 integrand evaluations so far
[1] 104.884 +- 57.3489  	chisq 4.13604 (4 df)

Iteration 6:  21000000 integrand evaluations so far
[1] 3.21991 +- 33.7494  	chisq 8.94356 (5 df)

Iteration 7:  28000000 integrand evaluations so far
[1] 7.35177 +- 31.2618  	chisq 9.04912 (6 df)

Iteration 8:  36000000 integrand evaluations so far
[1] 9.74176 +- 31.0761  	chisq 9.54269 (7 df)

Iteration 9:  45000000 integrand evaluations so far
[1] 22.3704 +- 27.7792  	chisq 10.3646 (8 df)

Iteration 10:  55000000 integrand evaluations so far
[1] 10.981 +- 21.0556  	chisq 10.7597 (9 df)
      11 ±     21        (3.47mi) ┃Vegas input parameters:
  ndim 8
  ncomp 1
  nvec 1
  epsrel 0
  epsabs 0
  flags 10
  seed 123456
  mineval 5000000
  maxeval 50000000
  nstart 1000000
  nincrease 1000000
  nbatch 5000
  gridno 0
  statefile ""

Iteration 1:  1000000 integrand evaluations so far
[1] 143.526 +- 36.7834  	chisq 0 (0 df)

Iteration 2:  3000000 integrand evaluations so far
[1] 70.9528 +- 14.8827  	chisq 4.65469 (1 df)

Iteration 3:  6000000 integrand evaluations so far
[1] 75.0317 +- 12.7473  	chisq 4.93667 (2 df)

Iteration 4:  10000000 integrand evaluations so far
[1] 94.6006 +- 9.38328  	chisq 10.0805 (3 df)

Iteration 5:  15000000 integrand evaluations so far
[1] 110.761 +- 8.42032  	chisq 25.3142 (4 df)

Iteration 6:  21000000 integrand evaluations so far
[1] 133.122 +- 7.05201  	chisq 48.9311 (5 df)

Iteration 7:  28000000 integrand evaluations so far
[1] 141.928 +- 6.76639  	chisq 68.579 (6 df)

Iteration 8:  36000000 integrand evaluations so far
[1] 153.308 +- 6.37222  	chisq 93.5864 (7 df)

Iteration 9:  45000000 integrand evaluations so far
[1] 176.545 +- 4.73198  	chisq 123.232 (8 df)

Iteration 10:  55000000 integrand evaluations so far
[1] 180.372 +- 4.5448  	chisq 131.665 (9 df)
   180.4 ±    4.5        (1.74mi) ┃     220 ±     22        (13.5mi) ┃
┃   46 -    48 ┃   53 -    54 ┃  219.43 ±   0.17        (2.53mi) ┃-189.732 ±  0.036        (6.05mi) ┃Vegas input parameters:
  ndim 10
  ncomp 1
  nvec 1
  epsrel 0
  epsabs 0
  flags 10
  seed 123456
  mineval 50000000
  maxeval 50000000
  nstart 1000000
  nincrease 1000000
  nbatch 5000
  gridno 0
  statefile ""

Iteration 1:  1000000 integrand evaluations so far
[1] -204.207 +- 119.654  	chisq 0 (0 df)

Iteration 2:  3000000 integrand evaluations so far
[1] -94.5491 +- 98.0314  	chisq 2.55466 (1 df)

Iteration 3:  6000000 integrand evaluations so far
[1] -39.6952 +- 45.2421  	chisq 2.95249 (2 df)

Iteration 4:  10000000 integrand evaluations so far
[1] -48.6025 +- 44.1023  	chisq 3.73155 (3 df)

Iteration 5:  15000000 integrand evaluations so far
[1] -4.93509 +- 35.9935  	chisq 6.66751 (4 df)

Iteration 6:  21000000 integrand evaluations so far
[1] -6.65633 +- 32.2532  	chisq 6.67912 (5 df)

Iteration 7:  28000000 integrand evaluations so far
[1] -19.4075 +- 30.2538  	chisq 7.98012 (6 df)

Iteration 8:  36000000 integrand evaluations so far
[1] -38.6317 +- 28.0174  	chisq 10.816 (7 df)

Iteration 9:  45000000 integrand evaluations so far
[1] -28.8638 +- 26.6116  	chisq 12.0584 (8 df)

Iteration 10:  55000000 integrand evaluations so far
[1] -23.0921 +- 25.9621  	chisq 13.034 (9 df)
     -23 ±     26        (3.52mi) ┃Vegas input parameters:
  ndim 8
  ncomp 1
  nvec 1
  epsrel 0
  epsabs 0
  flags 10
  seed 123456
  mineval 5000000
  maxeval 50000000
  nstart 1000000
  nincrease 1000000
  nbatch 5000
  gridno 0
  statefile ""

Iteration 1:  1000000 integrand evaluations so far
[1] 319.193 +- 69.3734  	chisq 0 (0 df)

Iteration 2:  3000000 integrand evaluations so far
[1] 95.086 +- 15.5001  	chisq 10.9841 (1 df)

Iteration 3:  6000000 integrand evaluations so far
[1] 103.845 +- 14.7736  	chisq 14.4724 (2 df)

Iteration 4:  10000000 integrand evaluations so far
[1] 117.534 +- 13.7573  	chisq 20.9353 (3 df)

Iteration 5:  15000000 integrand evaluations so far
[1] 135.164 +- 12.3189  	chisq 29.2219 (4 df)

Iteration 6:  21000000 integrand evaluations so far
[1] 163.061 +- 9.10019  	chisq 40.5105 (5 df)

Iteration 7:  28000000 integrand evaluations so far
[1] 180.236 +- 5.70218  	chisq 46.3749 (6 df)

Iteration 8:  36000000 integrand evaluations so far
[1] 181.161 +- 5.66883  	chisq 48.6329 (7 df)

Iteration 9:  45000000 integrand evaluations so far
[1] 186.553 +- 5.15318  	chisq 53.8426 (8 df)

Iteration 10:  55000000 integrand evaluations so far
[1] 194.487 +- 3.77883  	chisq 58.9701 (9 df)
   194.5 ±    3.8        (1.71mi) ┃     201 ±     26        (13.8mi) ┃
┃   46 -    48 ┃   54 -    55 ┃ 201.432 ±  0.018        (4.44mi) ┃ -172.83 ±  0.029        (22.3mi) ┃Vegas input parameters:
  ndim 10
  ncomp 1
  nvec 1
  epsrel 0
  epsabs 0
  flags 10
  seed 123456
  mineval 50000000
  maxeval 50000000
  nstart 1000000
  nincrease 1000000
  nbatch 5000
  gridno 0
  statefile ""

Iteration 1:  1000000 integrand evaluations so far
[1] -159.481 +- 229.716  	chisq 0 (0 df)

Iteration 2:  3000000 integrand evaluations so far
[1] -137.958 +- 84.4344  	chisq 0.0101491 (1 df)

Iteration 3:  6000000 integrand evaluations so far
[1] -68.1552 +- 44.5808  	chisq 0.95779 (2 df)

Iteration 4:  10000000 integrand evaluations so far
[1] -87.3571 +- 33.9142  	chisq 1.39816 (3 df)

Iteration 5:  15000000 integrand evaluations so far
[1] -75.3953 +- 33.1538  	chisq 4.20352 (4 df)

Iteration 6:  21000000 integrand evaluations so far
[1] -49.5705 +- 19.8179  	chisq 5.14761 (5 df)

Iteration 7:  28000000 integrand evaluations so far
[1] -37.1519 +- 19.0645  	chisq 10.4122 (6 df)

Iteration 8:  36000000 integrand evaluations so far
[1] -31.9989 +- 18.7583  	chisq 12.705 (7 df)

Iteration 9:  45000000 integrand evaluations so far
[1] -32.268 +- 18.1289  	chisq 12.7081 (8 df)

Iteration 10:  55000000 integrand evaluations so far
[1] -31.7688 +- 17.3787  	chisq 12.7175 (9 df)
     -32 ±     17        (3.51mi) ┃Vegas input parameters:
  ndim 8
  ncomp 1
  nvec 1
  epsrel 0
  epsabs 0
  flags 10
  seed 123456
  mineval 5000000
  maxeval 50000000
  nstart 1000000
  nincrease 1000000
  nbatch 5000
  gridno 0
  statefile ""

Iteration 1:  1000000 integrand evaluations so far
[1] 158.189 +- 42.6018  	chisq 0 (0 df)

Iteration 2:  3000000 integrand evaluations so far
[1] 62.0196 +- 18.4059  	chisq 6.26537 (1 df)

Iteration 3:  6000000 integrand evaluations so far
[1] 62.1622 +- 18.4053  	chisq 7.27738 (2 df)

Iteration 4:  10000000 integrand evaluations so far
[1] 66.6784 +- 16.382  	chisq 7.56713 (3 df)

Iteration 5:  15000000 integrand evaluations so far
[1] 72.5151 +- 14.7226  	chisq 8.22717 (4 df)

Iteration 6:  21000000 integrand evaluations so far
[1] 77.7069 +- 14.2457  	chisq 10.1784 (5 df)

Iteration 7:  28000000 integrand evaluations so far
[1] 110.297 +- 11.021  	chisq 23.2144 (6 df)

Iteration 8:  36000000 integrand evaluations so far
[1] 144.162 +- 8.25941  	chisq 44.7526 (7 df)

Iteration 9:  45000000 integrand evaluations so far
[1] 166.05 +- 5.35219  	chisq 56.8596 (8 df)

Iteration 10:  55000000 integrand evaluations so far
[1] 177.463 +- 4.52174  	chisq 72.7456 (9 df)
   177.5 ±    4.5        (1.72mi) ┃     174 ±     18        (  32mi) ┃
┃   46 -    48 ┃   55 -    56 ┃ 212.574 ±  0.044        (3.83mi) ┃ -184.96 ±   0.13        ( 24.1s) ┃Vegas input parameters:
  ndim 10
  ncomp 1
  nvec 1
  epsrel 0
  epsabs 0
  flags 10
  seed 123456
  mineval 50000000
  maxeval 50000000
  nstart 1000000
  nincrease 1000000
  nbatch 5000
  gridno 0
  statefile ""

Iteration 1:  1000000 integrand evaluations so far
[1] 42.7542 +- 41.0332  	chisq 0 (0 df)

Iteration 2:  3000000 integrand evaluations so far
[1] 41.8387 +- 38.3445  	chisq 0.00392746 (1 df)

Iteration 3:  6000000 integrand evaluations so far
[1] 37.5948 +- 36.6955  	chisq 0.149475 (2 df)

Iteration 4:  10000000 integrand evaluations so far
[1] 23.557 +- 35.6016  	chisq 2.64116 (3 df)

Iteration 5:  15000000 integrand evaluations so far
[1] 10.9084 +- 34.0464  	chisq 4.11823 (4 df)

Iteration 6:  21000000 integrand evaluations so far
[1] 18.9312 +- 31.7041  	chisq 4.53616 (5 df)

Iteration 7:  28000000 integrand evaluations so far
[1] 22.0245 +- 30.2479  	chisq 4.64223 (6 df)

Iteration 8:  36000000 integrand evaluations so far
[1] 24.2643 +- 29.8794  	chisq 4.8687 (7 df)

Iteration 9:  45000000 integrand evaluations so far
[1] 23.0328 +- 24.6684  	chisq 4.87404 (8 df)

Iteration 10:  55000000 integrand evaluations so far
[1] 24.3039 +- 22.7724  	chisq 4.892 (9 df)
      24 ±     23        (3.47mi) ┃Vegas input parameters:
  ndim 8
  ncomp 1
  nvec 1
  epsrel 0
  epsabs 0
  flags 10
  seed 123456
  mineval 5000000
  maxeval 50000000
  nstart 1000000
  nincrease 1000000
  nbatch 5000
  gridno 0
  statefile ""

Iteration 1:  1000000 integrand evaluations so far
[1] 151.986 +- 42.2865  	chisq 0 (0 df)

Iteration 2:  3000000 integrand evaluations so far
[1] 58.4655 +- 12.0734  	chisq 5.32531 (1 df)

Iteration 3:  6000000 integrand evaluations so far
[1] 65.5022 +- 10.9349  	chisq 7.21557 (2 df)

Iteration 4:  10000000 integrand evaluations so far
[1] 75.2538 +- 10.168  	chisq 13.0913 (3 df)

Iteration 5:  15000000 integrand evaluations so far
[1] 90.5305 +- 9.45197  	chisq 29.7036 (4 df)

Iteration 6:  21000000 integrand evaluations so far
[1] 110.207 +- 8.51747  	chisq 52.7601 (5 df)

Iteration 7:  28000000 integrand evaluations so far
[1] 112.782 +- 8.44025  	chisq 57.8216 (6 df)

Iteration 8:  36000000 integrand evaluations so far
[1] 140.303 +- 6.6703  	chisq 86.1416 (7 df)

Iteration 9:  45000000 integrand evaluations so far
[1] 163.786 +- 4.9555  	chisq 113.803 (8 df)

Iteration 10:  55000000 integrand evaluations so far
[1] 165.342 +- 4.89002  	chisq 117.558 (9 df)
   165.3 ±    4.9        (1.71mi) ┃     217 ±     23        (9.41mi) ┃
┃   46 -    48 ┃   56 -    57 ┃  211.31 ±    0.2        (2.26mi) ┃ -181.41 ±   0.13        (12.4mi) ┃Vegas input parameters:
  ndim 10
  ncomp 1
  nvec 1
  epsrel 0
  epsabs 0
  flags 10
  seed 123456
  mineval 50000000
  maxeval 50000000
  nstart 1000000
  nincrease 1000000
  nbatch 5000
  gridno 0
  statefile ""

Iteration 1:  1000000 integrand evaluations so far
[1] 68.5811 +- 114.763  	chisq 0 (0 df)

Iteration 2:  3000000 integrand evaluations so far
[1] 85.2303 +- 76.6019  	chisq 0.0379587 (1 df)

Iteration 3:  6000000 integrand evaluations so far
[1] 62.9424 +- 70.8831  	chisq 0.626924 (2 df)

Iteration 4:  10000000 integrand evaluations so far
[1] -31.9115 +- 34.3942  	chisq 2.96907 (3 df)

Iteration 5:  15000000 integrand evaluations so far
[1] -18.1018 +- 27.126  	chisq 3.39558 (4 df)

Iteration 6:  21000000 integrand evaluations so far
[1] -2.81811 +- 23.2919  	chisq 4.60396 (5 df)

Iteration 7:  28000000 integrand evaluations so far
[1] 2.13553 +- 22.9745  	chisq 6.27502 (6 df)

Iteration 8:  36000000 integrand evaluations so far
[1] 2.45405 +- 21.9246  	chisq 6.27717 (7 df)

Iteration 9:  45000000 integrand evaluations so far
[1] -4.41959 +- 20.7432  	chisq 7.21448 (8 df)

Iteration 10:  55000000 integrand evaluations so far
[1] -0.208643 +- 20.2958  	chisq 8.18032 (9 df)
      -0 ±     20        (3.57mi) ┃Vegas input parameters:
  ndim 8
  ncomp 1
  nvec 1
  epsrel 0
  epsabs 0
  flags 10
  seed 123456
  mineval 5000000
  maxeval 50000000
  nstart 1000000
  nincrease 1000000
  nbatch 5000
  gridno 0
  statefile ""

Iteration 1:  1000000 integrand evaluations so far
[1] 205.935 +- 54.6265  	chisq 0 (0 df)

Iteration 2:  3000000 integrand evaluations so far
[1] 90.743 +- 20.7398  	chisq 5.19566 (1 df)

Iteration 3:  6000000 integrand evaluations so far
[1] 92.8023 +- 19.7881  	chisq 5.3056 (2 df)

Iteration 4:  10000000 integrand evaluations so far
[1] 93.4721 +- 19.7775  	chisq 6.37778 (3 df)

Iteration 5:  15000000 integrand evaluations so far
[1] 98.3184 +- 13.515  	chisq 6.49043 (4 df)

Iteration 6:  21000000 integrand evaluations so far
[1] 119.857 +- 10.1826  	chisq 12.3652 (5 df)

Iteration 7:  28000000 integrand evaluations so far
[1] 142.208 +- 7.40589  	chisq 22.5937 (6 df)

Iteration 8:  36000000 integrand evaluations so far
[1] 161.026 +- 5.09611  	chisq 34.8571 (7 df)

Iteration 9:  45000000 integrand evaluations so far
[1] 172.104 +- 3.5315  	chisq 43.9483 (8 df)

Iteration 10:  55000000 integrand evaluations so far
[1] 178.838 +- 2.59202  	chisq 51.8297 (9 df)
   178.8 ±    2.6        (1.72mi) ┃     209 ±     20        (19.9mi) ┃
┃   46 -    48 ┃   57 -    58 ┃ 183.032 ±  0.081        (1.87mi) ┃ -157.38 ±   0.15        (10.2mi) ┃Vegas input parameters:
  ndim 10
  ncomp 1
  nvec 1
  epsrel 0
  epsabs 0
  flags 10
  seed 123456
  mineval 50000000
  maxeval 50000000
  nstart 1000000
  nincrease 1000000
  nbatch 5000
  gridno 0
  statefile ""

Iteration 1:  1000000 integrand evaluations so far
[1] -1393.95 +- 1004.03  	chisq 0 (0 df)

Iteration 2:  3000000 integrand evaluations so far
[1] -193.86 +- 89.5563  	chisq 1.44014 (1 df)

Iteration 3:  6000000 integrand evaluations so far
[1] -189.185 +- 79.4493  	chisq 1.45294 (2 df)

Iteration 4:  10000000 integrand evaluations so far
[1] -208.758 +- 76.2788  	chisq 2.22889 (3 df)

Iteration 5:  15000000 integrand evaluations so far
[1] -214.319 +- 75.6826  	chisq 2.57014 (4 df)

Iteration 6:  21000000 integrand evaluations so far
[1] -194.978 +- 73.9434  	chisq 4.00752 (5 df)

Iteration 7:  28000000 integrand evaluations so far
[1] -200.809 +- 72.8517  	chisq 4.21963 (6 df)

Iteration 8:  36000000 integrand evaluations so far
[1] -198.252 +- 72.8151  	chisq 5.44561 (7 df)

Iteration 9:  45000000 integrand evaluations so far
[1] -118.724 +- 47.514  	chisq 7.52306 (8 df)

Iteration 10:  55000000 integrand evaluations so far
[1] -36.6285 +- 35.6071  	chisq 14.3328 (9 df)
     -37 ±     36        (3.42mi) ┃Vegas input parameters:
  ndim 8
  ncomp 1
  nvec 1
  epsrel 0
  epsabs 0
  flags 10
  seed 123456
  mineval 5000000
  maxeval 50000000
  nstart 1000000
  nincrease 1000000
  nbatch 5000
  gridno 0
  statefile ""

Iteration 1:  1000000 integrand evaluations so far
[1] 300.549 +- 61.0176  	chisq 0 (0 df)

Iteration 2:  3000000 integrand evaluations so far
[1] 95.1051 +- 12.1104  	chisq 11.8013 (1 df)

Iteration 3:  6000000 integrand evaluations so far
[1] 107.48 +- 10.9046  	chisq 17.3194 (2 df)

Iteration 4:  10000000 integrand evaluations so far
[1] 118.04 +- 10.3072  	chisq 26.1201 (3 df)

Iteration 5:  15000000 integrand evaluations so far
[1] 137.98 +- 8.22638  	chisq 36.4302 (4 df)

Iteration 6:  21000000 integrand evaluations so far
[1] 155.211 +- 6.00569  	chisq 45.8246 (5 df)

Iteration 7:  28000000 integrand evaluations so far
[1] 167.906 +- 4.37638  	chisq 55.3522 (6 df)

Iteration 8:  36000000 integrand evaluations so far
[1] 169.075 +- 4.31313  	chisq 57.8383 (7 df)

Iteration 9:  45000000 integrand evaluations so far
[1] 174.384 +- 3.72913  	chisq 63.8389 (8 df)

Iteration 10:  55000000 integrand evaluations so far
[1] 178.916 +- 2.86733  	chisq 67.4517 (9 df)
   178.9 ±    2.9        (1.69mi) ┃     168 ±     36        (17.1mi) ┃
┃   46 -    48 ┃   58 -    59 ┃ 200.401 ± 0.0057        ( 3.8mi) ┃-172.103 ±  0.054        (18.7mi) ┃Vegas input parameters:
  ndim 10
  ncomp 1
  nvec 1
  epsrel 0
  epsabs 0
  flags 10
  seed 123456
  mineval 50000000
  maxeval 50000000
  nstart 1000000
  nincrease 1000000
  nbatch 5000
  gridno 0
  statefile ""

Iteration 1:  1000000 integrand evaluations so far
[1] -655.428 +- 1189.61  	chisq 0 (0 df)

Iteration 2:  3000000 integrand evaluations so far
[1] -38.5365 +- 114.454  	chisq 0.271422 (1 df)

Iteration 3:  6000000 integrand evaluations so far
[1] -134.369 +- 55.2056  	chisq 1.18506 (2 df)

Iteration 4:  10000000 integrand evaluations so far
[1] -114.035 +- 50.8493  	chisq 2.08003 (3 df)

Iteration 5:  15000000 integrand evaluations so far
[1] -33.6455 +- 40.8046  	chisq 9.09957 (4 df)

Iteration 6:  21000000 integrand evaluations so far
[1] -36.7312 +- 40.4255  	chisq 9.40873 (5 df)

Iteration 7:  28000000 integrand evaluations so far
[1] -64.5522 +- 25.6475  	chisq 10.2014 (6 df)

Iteration 8:  36000000 integrand evaluations so far
[1] -58.6083 +- 24.2861  	chisq 10.7212 (7 df)

Iteration 9:  45000000 integrand evaluations so far
[1] -53.9524 +- 23.9375  	chisq 12.0105 (8 df)

Iteration 10:  55000000 integrand evaluations so far
[1] -41.292 +- 20.2396  	chisq 12.9916 (9 df)
     -41 ±     20        (3.51mi) ┃Vegas input parameters:
  ndim 8
  ncomp 1
  nvec 1
  epsrel 0
  epsabs 0
  flags 10
  seed 123456
  mineval 5000000
  maxeval 50000000
  nstart 1000000
  nincrease 1000000
  nbatch 5000
  gridno 0
  statefile ""

Iteration 1:  1000000 integrand evaluations so far
[1] 194.997 +- 56.2937  	chisq 0 (0 df)

Iteration 2:  3000000 integrand evaluations so far
[1] 72.0041 +- 17.9336  	chisq 5.3127 (1 df)

Iteration 3:  6000000 integrand evaluations so far
[1] 76.236 +- 14.2929  	chisq 5.46534 (2 df)

Iteration 4:  10000000 integrand evaluations so far
[1] 83.2777 +- 13.4984  	chisq 7.71118 (3 df)

Iteration 5:  15000000 integrand evaluations so far
[1] 101.204 +- 11.5742  	chisq 14.3721 (4 df)

Iteration 6:  21000000 integrand evaluations so far
[1] 101.787 +- 11.5655  	chisq 16.0762 (5 df)

Iteration 7:  28000000 integrand evaluations so far
[1] 110.097 +- 10.968  	chisq 21.2043 (6 df)

Iteration 8:  36000000 integrand evaluations so far
[1] 128.843 +- 9.65321  	chisq 34.1661 (7 df)

Iteration 9:  45000000 integrand evaluations so far
[1] 156.922 +- 6.37456  	chisq 49.1691 (8 df)

Iteration 10:  55000000 integrand evaluations so far
[1] 165.254 +- 5.62059  	chisq 56.8468 (9 df)
   165.3 ±    5.6        (1.71mi) ┃     152 ±     21        (27.7mi) ┃
┃   46 -    48 ┃   59 -    60 ┃ 180.851 ±  0.068        (5.83mi) ┃-155.399 ±   0.03        (20.3mi) ┃Vegas input parameters:
  ndim 10
  ncomp 1
  nvec 1
  epsrel 0
  epsabs 0
  flags 10
  seed 123456
  mineval 50000000
  maxeval 50000000
  nstart 1000000
  nincrease 1000000
  nbatch 5000
  gridno 0
  statefile ""

Iteration 1:  1000000 integrand evaluations so far
[1] -18.6917 +- 157.119  	chisq 0 (0 df)

Iteration 2:  3000000 integrand evaluations so far
[1] -34.2552 +- 56.1555  	chisq 0.0112491 (1 df)

Iteration 3:  6000000 integrand evaluations so far
[1] -36.7916 +- 56.0656  	chisq 0.648791 (2 df)

Iteration 4:  10000000 integrand evaluations so far
[1] -46.8868 +- 54.216  	chisq 1.14841 (3 df)

Iteration 5:  15000000 integrand evaluations so far
[1] -34.5114 +- 53.5309  	chisq 3.22315 (4 df)

Iteration 6:  21000000 integrand evaluations so far
[1] -21.9756 +- 52.3326  	chisq 4.46195 (5 df)

Iteration 7:  28000000 integrand evaluations so far
[1] -1.60501 +- 33.0902  	chisq 4.7144 (6 df)

Iteration 8:  36000000 integrand evaluations so far
[1] -15.4728 +- 30.8529  	chisq 6.05874 (7 df)

Iteration 9:  45000000 integrand evaluations so far
[1] -8.62858 +- 28.2107  	chisq 6.35889 (8 df)

Iteration 10:  55000000 integrand evaluations so far
[1] -8.86635 +- 28.2012  	chisq 6.46466 (9 df)
      -9 ±     28        (3.51mi) ┃Vegas input parameters:
  ndim 8
  ncomp 1
  nvec 1
  epsrel 0
  epsabs 0
  flags 10
  seed 123456
  mineval 5000000
  maxeval 50000000
  nstart 1000000
  nincrease 1000000
  nbatch 5000
  gridno 0
  statefile ""

Iteration 1:  1000000 integrand evaluations so far
[1] 333.759 +- 66.6226  	chisq 0 (0 df)

Iteration 2:  3000000 integrand evaluations so far
[1] 123.525 +- 21.8736  	chisq 11.1608 (1 df)

Iteration 3:  6000000 integrand evaluations so far
[1] 98.9956 +- 12.4115  	chisq 13.0156 (2 df)

Iteration 4:  10000000 integrand evaluations so far
[1] 110.705 +- 10.5175  	chisq 16.1728 (3 df)

Iteration 5:  15000000 integrand evaluations so far
[1] 123.304 +- 9.52932  	chisq 24.185 (4 df)

Iteration 6:  21000000 integrand evaluations so far
[1] 134.461 +- 8.9534  	chisq 35.8806 (5 df)

Iteration 7:  28000000 integrand evaluations so far
[1] 155.323 +- 7.34931  	chisq 52.5237 (6 df)

Iteration 8:  36000000 integrand evaluations so far
[1] 175.119 +- 5.22293  	chisq 67.182 (7 df)

Iteration 9:  45000000 integrand evaluations so far
[1] 178.206 +- 3.23582  	chisq 67.7488 (8 df)

Iteration 10:  55000000 integrand evaluations so far
[1] 180.573 +- 2.26956  	chisq 68.8026 (9 df)
   180.6 ±    2.3        (1.67mi) ┃     197 ±     28        (31.3mi) ┃
┣━━━━━━━━━━━━━━╋━━━━━━━━━━━━━━╋━━━━━━━━━━━━━━━━━━━━━━━━━━━━━━━━━━╋━━━━━━━━━━━━━━━━━━━━━━━━━━━━━━━━━━╋━━━━━━━━━━━━━━━━━━━━━━━━━━━━━━━━━━╋━━━━━━━━━━━━━━━━━━━━━━━━━━━━━━━━━━╋━━━━━━━━━━━━━━━━━━━━━━━━━━━━━━━━━━┫
┃   44 -    48 ┃   25 -    60 ┃ 21.4272 ± 0.0017 ·10⁺⁰³ (2.93hr) ┃-18.4871 ± 0.0014 ·10⁺⁰³ (19.2hr) ┃    -380 ±    320        ( 4.2hr) ┃  19.154 ±  0.044 ·10⁺⁰³ (2.06hr) ┃   21.72 ±   0.32 ·10⁺⁰³ (28.4hr) ┃
┗━━━━━━━━━━━━━━┻━━━━━━━━━━━━━━┻━━━━━━━━━━━━━━━━━━━━━━━━━━━━━━━━━━┻━━━━━━━━━━━━━━━━━━━━━━━━━━━━━━━━━━┻━━━━━━━━━━━━━━━━━━━━━━━━━━━━━━━━━━┻━━━━━━━━━━━━━━━━━━━━━━━━━━━━━━━━━━┻━━━━━━━━━━━━━━━━━━━━━━━━━━━━━━━━━━┛

╍╍╍╍╍╍╍╍╍╍╍╍╍╍╍╍╍╍╍╍╍╍╍╍╍╍╍╍╍╍╍╍ Summary ╍╍╍╍╍╍╍╍╍╍╍╍╍╍╍╍╍╍╍╍╍╍╍╍╍╍╍╍╍╍╍
      Total cross section                      21.72 ± 0.32          pb
         Calculation time                               28.4       hours
              Output file                    outputs/qt_qt44_48_NNLL_muR1.0_muF1.0.root            
      Result in text file                    outputs/qt_qt44_48_NNLL_muR1.0_muF1.0.txt            

╍╍╍╍╍╍╍╍╍╍╍╍╍╍╍╍╍╍╍╍╍╍╍╍╍╍╍╍╍╍╍╍╍╍╍╍╍╍╍╍╍╍╍╍╍╍╍╍╍╍╍╍╍╍╍╍╍╍╍╍╍╍╍╍╍╍╍╍╍╍╍╍

