
╍╍╍╍╍╍╍╍╍╍╍╍╍╍╍╍╍╍╍╍╍╍╍╍╍╍╍ Process settings ╍╍╍╍╍╍╍╍╍╍╍╍╍╍╍╍╍╍╍╍╍╍╍╍╍╍╍
   proton-proton collisions at sqrt(s) = 13000 GeV 
   Computing NNLO+NNLL resummed cross section
   W+ ->  nu(p3)+e+(p4) production 

╍╍╍╍╍╍╍╍╍╍╍╍╍╍╍╍╍╍╍╍╍╍╍╍╍╍╍╍╍╍ CKM matrix ╍╍╍╍╍╍╍╍╍╍╍╍╍╍╍╍╍╍╍╍╍╍╍╍╍╍╍╍╍╍
     | Vud Vus Vub |   |   0.97427   0.2253  0.00351 | 
     | Vcd Vcs Vcb | = |    0.2252  0.97344   0.0412 | 
     | Vtd Vts Vtb |   |         0        0        0 | 

╍╍╍╍╍╍╍╍╍╍╍╍╍╍╍╍╍╍╍╍╍╍╍╍╍╍╍╍╍ EW parameters ╍╍╍╍╍╍╍╍╍╍╍╍╍╍╍╍╍╍╍╍╍╍╍╍╍╍╍╍
                                         Gf =  1.1663787e-05      GeV^-2
                                    1/alpha =  132.233229791            
                                 sin(thW)^2 = 0.222897222524            
                                     W mass =         80.385         GeV
                                     Z mass =        91.1876         GeV
                                    W width =          2.091         GeV
                                    Z width =          2.495         GeV

╍╍╍╍╍╍╍╍╍╍╍╍╍╍╍╍╍╍╍╍╍╍╍╍╍╍╍╍╍ QCD settings ╍╍╍╍╍╍╍╍╍╍╍╍╍╍╍╍╍╍╍╍╍╍╍╍╍╍╍╍╍
   Renormalization scale:     dynamic muren =              1      * m_ll
     Factorization scale:     dynamic mufac =              2      * m_ll
       Resummation scale:     dynamic mures =              1      * m_ll
          Strong coupling       alpha_s(MZ) =       0.118001            
                              running order =              3       -loop
         Non-perturbative     form factor g =            0.7       GeV^2

╍╍╍╍╍╍╍╍╍╍╍╍╍╍╍╍╍╍╍╍╍╍╍╍╍╍╍╍╍ PDF settings ╍╍╍╍╍╍╍╍╍╍╍╍╍╍╍╍╍╍╍╍╍╍╍╍╍╍╍╍╍
                                     PDF set:MSHT20nnlo_as118            
                                  PDF member:              0            
  Mellin moments of PDFs:                    Numerical integration            
                         nodes for the quadrature:            200            
                         Intervals for the quadrature:              1            

╍╍╍╍╍╍╍╍╍╍╍╍╍╍╍╍╍╍╍╍╍╍╍╍╍╍╍╍╍╍╍ qT recoil ╍╍╍╍╍╍╍╍╍╍╍╍╍╍╍╍╍╍╍╍╍╍╍╍╍╍╍╍╍╍
  qt-recoil prescription:       Collins-Soper kt1 = p_V(x)/2; kt2 = p_V(y)/2            

╍╍╍╍╍╍╍╍╍╍╍╍╍╍╍╍╍╍╍╍╍╍╍╍╍╍╍╍╍╍╍╍╍ Cuts ╍╍╍╍╍╍╍╍╍╍╍╍╍╍╍╍╍╍╍╍╍╍╍╍╍╍╍╍╍╍╍╍╍
                                  apply cuts:           true            
                                      pt_l >               0            
                                   |eta_l| <            1000            
                                    pt_lep >              25            
                                 |eta_lep| <             2.4            
                                   pt_alep >              25            
                                |eta_alep| <             2.4            
                                  user cuts:            true            

╍╍╍╍╍╍╍╍╍╍╍╍╍╍╍╍╍╍╍╍╍╍╍╍╍╍╍╍ ResummationDamp ╍╍╍╍╍╍╍╍╍╍╍╍╍╍╍╍╍╍╍╍╍╍╍╍╍╍╍
                                    damping :             on            
                                damping mode:              1            
                                  damp above:        60.2888         GeV
                               damping width:        20.0963         GeV
                          resummation cutoff:             20         MeV

╍╍╍╍╍╍╍╍╍╍╍╍╍╍╍╍╍╍╍╍╍╍╍╍╍╍╍╍ Debug settings ╍╍╍╍╍╍╍╍╍╍╍╍╍╍╍╍╍╍╍╍╍╍╍╍╍╍╍╍
                                 timeprofile:          false            
                                     verbose:          false            
                               cubaverbosity:              2            

╍╍╍╍╍╍╍╍╍╍╍╍╍╍╍╍╍╍╍╍╍╍╍╍╍╍╍╍╍╍╍╍╍╍╍╍╍╍╍╍╍╍╍╍╍╍╍╍╍╍╍╍╍╍╍╍╍╍╍╍╍╍╍╍╍╍╍╍╍╍╍╍

Warning: Histogram `a1_qt` contains non-integrable observable and will be deleted 
Warning: Histogram `a1_qt_vs_y` contains non-integrable observable and will be deleted 
Warning: Histogram `s_biganswer` contains non-integrable observable and will be deleted 
Warning: Histogram `wgt_a1_qt` contains non-integrable observable and will be deleted 

╍╍╍╍╍╍╍╍╍╍╍╍╍╍╍╍╍╍╍╍╍╍╍╍╍ Integration settings ╍╍╍╍╍╍╍╍╍╍╍╍╍╍╍╍╍╍╍╍╍╍╍╍╍
             Random seeds              123456                           
           Parallel cores                   1                           

             Resummation:     cuhre (dm, dpt)         iter =           5
                                   gauss (dy)        nodes =          64
                                                 intervals =           1
            Counter term:      cuhre (dm, dy)         iter =           5
                                  gauss (dpt)        nodes =          20
                                                 intervals =           5
                V+J Real:               vegas       ncalls =    50000000
             V+J Virtual:               vegas       ncalls =     5000000

Mellin inverse transform:           gaussian         nodes =          30
                                                 intervals =           1
                               imaginary axis         zmax =           2
  Angular variable costh:     semi-analytical      ncstart =         100
   Angular variables phi:            gaussian    intervals =          20

      Constant boundaries                  q2          low =          80
                                                      high =         100
                                            y          low =          -6
                                                      high =           6
                                        costh          low =          -1
                                                      high =           1
                                       eta(l)          low =         -10
                                                      high =          10

┏━━━━━━━━━━━━━━┰━━━━━━━━━━━━━━┰━━━━━━━━━━━━━━━━━━━━━━━━━━━━━━━━━━┰━━━━━━━━━━━━━━━━━━━━━━━━━━━━━━━━━━┰━━━━━━━━━━━━━━━━━━━━━━━━━━━━━━━━━━┰━━━━━━━━━━━━━━━━━━━━━━━━━━━━━━━━━━┰━━━━━━━━━━━━━━━━━━━━━━━━━━━━━━━━━━┓
┃           qT ┃        pT(l) ┃                      Resummation ┃                     Counter term ┃                         V+J Real ┃                      V+J Virtual ┃                            TOTAL ┃
┣━━━━━━━━━━━━━━╋━━━━━━━━━━━━━━╋━━━━━━━━━━━━━━━━━━━━━━━━━━━━━━━━━━╋━━━━━━━━━━━━━━━━━━━━━━━━━━━━━━━━━━╋━━━━━━━━━━━━━━━━━━━━━━━━━━━━━━━━━━╋━━━━━━━━━━━━━━━━━━━━━━━━━━━━━━━━━━╋━━━━━━━━━━━━━━━━━━━━━━━━━━━━━━━━━━┫
┃   56 -    58 ┃   25 -    26 ┃  253.66 ±   0.12        (6.32mi) ┃-218.832 ±  0.032        (35.7mi) ┃Vegas input parameters:
  ndim 10
  ncomp 1
  nvec 1
  epsrel 0
  epsabs 0
  flags 10
  seed 123456
  mineval 50000000
  maxeval 50000000
  nstart 1000000
  nincrease 1000000
  nbatch 5000
  gridno 0
  statefile ""

Iteration 1:  1000000 integrand evaluations so far
[1] -25.9708 +- 53.1177  	chisq 0 (0 df)

Iteration 2:  3000000 integrand evaluations so far
[1] 11.5394 +- 36.5454  	chisq 0.946898 (1 df)

Iteration 3:  6000000 integrand evaluations so far
[1] 14.9062 +- 35.5509  	chisq 1.10499 (2 df)

Iteration 4:  10000000 integrand evaluations so far
[1] 25.9929 +- 34.1527  	chisq 2.36615 (3 df)

Iteration 5:  15000000 integrand evaluations so far
[1] 22.9972 +- 31.5111  	chisq 2.41789 (4 df)

Iteration 6:  21000000 integrand evaluations so far
[1] 29.5222 +- 30.1893  	chisq 2.93992 (5 df)

Iteration 7:  28000000 integrand evaluations so far
[1] 33.7369 +- 29.5903  	chisq 3.43603 (6 df)

Iteration 8:  36000000 integrand evaluations so far
[1] 27.9128 +- 24.0553  	chisq 3.55027 (7 df)

Iteration 9:  45000000 integrand evaluations so far
[1] 23.9639 +- 22.9398  	chisq 3.84772 (8 df)

Iteration 10:  55000000 integrand evaluations so far
[1] 25.6119 +- 22.9016  	chisq 5.40003 (9 df)
      26 ±     23        (2.96mi) ┃Vegas input parameters:
  ndim 8
  ncomp 1
  nvec 1
  epsrel 0
  epsabs 0
  flags 10
  seed 123456
  mineval 5000000
  maxeval 50000000
  nstart 1000000
  nincrease 1000000
  nbatch 5000
  gridno 0
  statefile ""

Iteration 1:  1000000 integrand evaluations so far
[1] 300.736 +- 60.3861  	chisq 0 (0 df)

Iteration 2:  3000000 integrand evaluations so far
[1] 305.877 +- 55.5853  	chisq 0.0474793 (1 df)

Iteration 3:  6000000 integrand evaluations so far
[1] 286.798 +- 42.9453  	chisq 0.339768 (2 df)

Iteration 4:  10000000 integrand evaluations so far
[1] 265.032 +- 31.4609  	chisq 0.894199 (3 df)

Iteration 5:  15000000 integrand evaluations so far
[1] 265.628 +- 21.5437  	chisq 0.894876 (4 df)

Iteration 6:  21000000 integrand evaluations so far
[1] 243.331 +- 10.1514  	chisq 2.27176 (5 df)

Iteration 7:  28000000 integrand evaluations so far
[1] 244.416 +- 7.39763  	chisq 2.29609 (6 df)

Iteration 8:  36000000 integrand evaluations so far
[1] 246.173 +- 7.32896  	chisq 5.35106 (7 df)

Iteration 9:  45000000 integrand evaluations so far
[1] 256.318 +- 6.33988  	chisq 12.9625 (8 df)

Iteration 10:  55000000 integrand evaluations so far
[1] 264.734 +- 5.53635  	chisq 20.3862 (9 df)
   264.7 ±    5.5        (1.05mi) ┃     325 ±     24        (46.1mi) ┃
┃   56 -    58 ┃   26 -    27 ┃ 245.213 ±  0.009        (12.7mi) ┃-212.008 ±  0.047        (17.2mi) ┃Vegas input parameters:
  ndim 10
  ncomp 1
  nvec 1
  epsrel 0
  epsabs 0
  flags 10
  seed 123456
  mineval 50000000
  maxeval 50000000
  nstart 1000000
  nincrease 1000000
  nbatch 5000
  gridno 0
  statefile ""

Iteration 1:  1000000 integrand evaluations so far
[1] 88.0766 +- 90.3965  	chisq 0 (0 df)

Iteration 2:  3000000 integrand evaluations so far
[1] 90.8243 +- 90.3334  	chisq 0.661971 (1 df)

Iteration 3:  6000000 integrand evaluations so far
[1] 100.898 +- 89.7462  	chisq 1.62177 (2 df)

Iteration 4:  10000000 integrand evaluations so far
[1] 13.4379 +- 59.6681  	chisq 3.32385 (3 df)

Iteration 5:  15000000 integrand evaluations so far
[1] 28.9929 +- 29.6305  	chisq 3.41406 (4 df)

Iteration 6:  21000000 integrand evaluations so far
[1] 32.9004 +- 29.5176  	chisq 5.69908 (5 df)

Iteration 7:  28000000 integrand evaluations so far
[1] 31.7822 +- 29.4916  	chisq 6.51444 (6 df)

Iteration 8:  36000000 integrand evaluations so far
[1] 26.1534 +- 23.1775  	chisq 6.60971 (7 df)

Iteration 9:  45000000 integrand evaluations so far
[1] 11.4611 +- 21.6481  	chisq 9.75849 (8 df)

Iteration 10:  55000000 integrand evaluations so far
[1] 9.27634 +- 21.4814  	chisq 10.4222 (9 df)
       9 ±     21        (2.92mi) ┃Vegas input parameters:
  ndim 8
  ncomp 1
  nvec 1
  epsrel 0
  epsabs 0
  flags 10
  seed 123456
  mineval 5000000
  maxeval 50000000
  nstart 1000000
  nincrease 1000000
  nbatch 5000
  gridno 0
  statefile ""

Iteration 1:  1000000 integrand evaluations so far
[1] 290.851 +- 66.5354  	chisq 0 (0 df)

Iteration 2:  3000000 integrand evaluations so far
[1] 196.312 +- 33.3383  	chisq 2.6957 (1 df)

Iteration 3:  6000000 integrand evaluations so far
[1] 210.21 +- 30.7857  	chisq 3.8758 (2 df)

Iteration 4:  10000000 integrand evaluations so far
[1] 231.038 +- 20.9868  	chisq 4.7309 (3 df)

Iteration 5:  15000000 integrand evaluations so far
[1] 246.973 +- 19.1671  	chisq 8.2061 (4 df)

Iteration 6:  21000000 integrand evaluations so far
[1] 254.66 +- 15.3881  	chisq 8.65853 (5 df)

Iteration 7:  28000000 integrand evaluations so far
[1] 249.946 +- 9.0517  	chisq 8.80199 (6 df)

Iteration 8:  36000000 integrand evaluations so far
[1] 253.611 +- 5.08815  	chisq 9.04169 (7 df)

Iteration 9:  45000000 integrand evaluations so far
[1] 256.398 +- 4.45765  	chisq 10.3319 (8 df)

Iteration 10:  55000000 integrand evaluations so far
[1] 257.983 +- 3.66676  	chisq 10.7231 (9 df)
     258 ±    3.7        (1.06mi) ┃     300 ±     22        (33.9mi) ┃
┃   56 -    58 ┃   27 -    28 ┃  240.24 ±   0.21        ( 9.06s) ┃-208.576 ±  0.072        (1.16mi) ┃Vegas input parameters:
  ndim 10
  ncomp 1
  nvec 1
  epsrel 0
  epsabs 0
  flags 10
  seed 123456
  mineval 50000000
  maxeval 50000000
  nstart 1000000
  nincrease 1000000
  nbatch 5000
  gridno 0
  statefile ""

Iteration 1:  1000000 integrand evaluations so far
[1] 65.214 +- 129.793  	chisq 0 (0 df)

Iteration 2:  3000000 integrand evaluations so far
[1] 45.1297 +- 101.604  	chisq 0.0618401 (1 df)

Iteration 3:  6000000 integrand evaluations so far
[1] 60.1897 +- 96.937  	chisq 0.306623 (2 df)

Iteration 4:  10000000 integrand evaluations so far
[1] 69.4177 +- 77.9771  	chisq 0.3323 (3 df)

Iteration 5:  15000000 integrand evaluations so far
[1] 77.8858 +- 77.0359  	chisq 0.82381 (4 df)

Iteration 6:  21000000 integrand evaluations so far
[1] 60.0879 +- 67.5328  	chisq 1.05438 (5 df)

Iteration 7:  28000000 integrand evaluations so far
[1] 50.2723 +- 66.7085  	chisq 1.92501 (6 df)

Iteration 8:  36000000 integrand evaluations so far
[1] 45.1562 +- 66.0639  	chisq 2.23085 (7 df)

Iteration 9:  45000000 integrand evaluations so far
[1] 61.6024 +- 59.4804  	chisq 2.55809 (8 df)

Iteration 10:  55000000 integrand evaluations so far
[1] 49.0446 +- 53.273  	chisq 2.78341 (9 df)
      49 ±     53        (2.87mi) ┃Vegas input parameters:
  ndim 8
  ncomp 1
  nvec 1
  epsrel 0
  epsabs 0
  flags 10
  seed 123456
  mineval 5000000
  maxeval 50000000
  nstart 1000000
  nincrease 1000000
  nbatch 5000
  gridno 0
  statefile ""

Iteration 1:  1000000 integrand evaluations so far
[1] 193.389 +- 44.6093  	chisq 0 (0 df)

Iteration 2:  3000000 integrand evaluations so far
[1] 94.8589 +- 16.9179  	chisq 5.69803 (1 df)

Iteration 3:  6000000 integrand evaluations so far
[1] 107.492 +- 12.5865  	chisq 6.94678 (2 df)

Iteration 4:  10000000 integrand evaluations so far
[1] 125.301 +- 11.621  	chisq 20.5159 (3 df)

Iteration 5:  15000000 integrand evaluations so far
[1] 155.982 +- 9.16523  	chisq 38.957 (4 df)

Iteration 6:  21000000 integrand evaluations so far
[1] 192.651 +- 6.87226  	chisq 75.522 (5 df)

Iteration 7:  28000000 integrand evaluations so far
[1] 203.974 +- 6.20554  	chisq 90.2262 (6 df)

Iteration 8:  36000000 integrand evaluations so far
[1] 220.502 +- 4.68166  	chisq 106.693 (7 df)

Iteration 9:  45000000 integrand evaluations so far
[1] 231.067 +- 3.46745  	chisq 117.972 (8 df)

Iteration 10:  55000000 integrand evaluations so far
[1] 234.893 +- 2.62946  	chisq 120.837 (9 df)
   234.9 ±    2.6        (1.04mi) ┃     316 ±     53        (5.22mi) ┃
┃   56 -    58 ┃   28 -    29 ┃     241 ±   0.19        (   2mi) ┃ -210.07 ±   0.16        (22.9mi) ┃Vegas input parameters:
  ndim 10
  ncomp 1
  nvec 1
  epsrel 0
  epsabs 0
  flags 10
  seed 123456
  mineval 50000000
  maxeval 50000000
  nstart 1000000
  nincrease 1000000
  nbatch 5000
  gridno 0
  statefile ""

Iteration 1:  1000000 integrand evaluations so far
[1] 20.6961 +- 77.6945  	chisq 0 (0 df)

Iteration 2:  3000000 integrand evaluations so far
[1] 40.1236 +- 76.2841  	chisq 1.73794 (1 df)

Iteration 3:  6000000 integrand evaluations so far
[1] -2.53872 +- 61.4953  	chisq 2.63119 (2 df)

Iteration 4:  10000000 integrand evaluations so far
[1] -20.3514 +- 52.0364  	chisq 2.92665 (3 df)

Iteration 5:  15000000 integrand evaluations so far
[1] -24.9265 +- 51.5388  	chisq 3.33277 (4 df)

Iteration 6:  21000000 integrand evaluations so far
[1] -31.9502 +- 51.1172  	chisq 4.47264 (5 df)

Iteration 7:  28000000 integrand evaluations so far
[1] -3.62114 +- 47.2341  	chisq 6.57403 (6 df)

Iteration 8:  36000000 integrand evaluations so far
[1] 1.6259 +- 30.0656  	chisq 6.59478 (7 df)

Iteration 9:  45000000 integrand evaluations so far
[1] -31.475 +- 25.7304  	chisq 11.1244 (8 df)

Iteration 10:  55000000 integrand evaluations so far
[1] -29.3003 +- 24.797  	chisq 11.2247 (9 df)
     -29 ±     25        (2.87mi) ┃Vegas input parameters:
  ndim 8
  ncomp 1
  nvec 1
  epsrel 0
  epsabs 0
  flags 10
  seed 123456
  mineval 5000000
  maxeval 50000000
  nstart 1000000
  nincrease 1000000
  nbatch 5000
  gridno 0
  statefile ""

Iteration 1:  1000000 integrand evaluations so far
[1] 420.142 +- 77.9328  	chisq 0 (0 df)

Iteration 2:  3000000 integrand evaluations so far
[1] 342.281 +- 51.9191  	chisq 1.79468 (1 df)

Iteration 3:  6000000 integrand evaluations so far
[1] 270.075 +- 34.7079  	chisq 5.29159 (2 df)

Iteration 4:  10000000 integrand evaluations so far
[1] 223.323 +- 18.0521  	chisq 7.77889 (3 df)

Iteration 5:  15000000 integrand evaluations so far
[1] 224.209 +- 9.77448  	chisq 7.78229 (4 df)

Iteration 6:  21000000 integrand evaluations so far
[1] 225.875 +- 5.55466  	chisq 7.82524 (5 df)

Iteration 7:  28000000 integrand evaluations so far
[1] 223.277 +- 3.83404  	chisq 8.24336 (6 df)

Iteration 8:  36000000 integrand evaluations so far
[1] 223.328 +- 3.06142  	chisq 8.24386 (7 df)

Iteration 9:  45000000 integrand evaluations so far
[1] 225.497 +- 2.86823  	chisq 12.3508 (8 df)

Iteration 10:  55000000 integrand evaluations so far
[1] 226.255 +- 2.83814  	chisq 15.6951 (9 df)
   226.3 ±    2.8        (1.02mi) ┃     228 ±     25        (28.8mi) ┃
┃   56 -    58 ┃   29 -    30 ┃  214.16 ±   0.14        (   50s) ┃-185.295 ±  0.012        (8.77mi) ┃Vegas input parameters:
  ndim 10
  ncomp 1
  nvec 1
  epsrel 0
  epsabs 0
  flags 10
  seed 123456
  mineval 50000000
  maxeval 50000000
  nstart 1000000
  nincrease 1000000
  nbatch 5000
  gridno 0
  statefile ""

Iteration 1:  1000000 integrand evaluations so far
[1] -79.8641 +- 49.5348  	chisq 0 (0 df)

Iteration 2:  3000000 integrand evaluations so far
[1] -74.3651 +- 49.1709  	chisq 0.84185 (1 df)

Iteration 3:  6000000 integrand evaluations so far
[1] -67.199 +- 43.3116  	chisq 0.936617 (2 df)

Iteration 4:  10000000 integrand evaluations so far
[1] -55.9243 +- 41.0759  	chisq 1.6104 (3 df)

Iteration 5:  15000000 integrand evaluations so far
[1] -48.0392 +- 40.6617  	chisq 3.44663 (4 df)

Iteration 6:  21000000 integrand evaluations so far
[1] -38.0349 +- 39.9352  	chisq 5.15593 (5 df)

Iteration 7:  28000000 integrand evaluations so far
[1] -24.1603 +- 32.8371  	chisq 5.52861 (6 df)

Iteration 8:  36000000 integrand evaluations so far
[1] -10.3063 +- 31.2015  	chisq 7.36113 (7 df)

Iteration 9:  45000000 integrand evaluations so far
[1] -1.56326 +- 29.8663  	chisq 8.29861 (8 df)

Iteration 10:  55000000 integrand evaluations so far
[1] 4.79194 +- 29.4603  	chisq 9.97538 (9 df)
       5 ±     29        (2.91mi) ┃Vegas input parameters:
  ndim 8
  ncomp 1
  nvec 1
  epsrel 0
  epsabs 0
  flags 10
  seed 123456
  mineval 5000000
  maxeval 50000000
  nstart 1000000
  nincrease 1000000
  nbatch 5000
  gridno 0
  statefile ""

Iteration 1:  1000000 integrand evaluations so far
[1] 263.018 +- 57.6666  	chisq 0 (0 df)

Iteration 2:  3000000 integrand evaluations so far
[1] 83.9104 +- 11.5342  	chisq 10.0487 (1 df)

Iteration 3:  6000000 integrand evaluations so far
[1] 85.8759 +- 11.4771  	chisq 12.9925 (2 df)

Iteration 4:  10000000 integrand evaluations so far
[1] 99.3065 +- 10.7768  	chisq 24.5661 (3 df)

Iteration 5:  15000000 integrand evaluations so far
[1] 122.372 +- 9.68883  	chisq 48.4591 (4 df)

Iteration 6:  21000000 integrand evaluations so far
[1] 160.442 +- 7.1975  	chisq 82.9113 (5 df)

Iteration 7:  28000000 integrand evaluations so far
[1] 165.141 +- 7.0463  	chisq 93.1615 (6 df)

Iteration 8:  36000000 integrand evaluations so far
[1] 172.431 +- 6.71031  	chisq 104.66 (7 df)

Iteration 9:  45000000 integrand evaluations so far
[1] 185.215 +- 5.88224  	chisq 120.334 (8 df)

Iteration 10:  55000000 integrand evaluations so far
[1] 200.956 +- 5.00561  	chisq 146.292 (9 df)
     201 ±      5        (   1mi) ┃     235 ±     30        (13.5mi) ┃
┃   56 -    58 ┃   30 -    31 ┃  229.94 ±   0.21        (3.39mi) ┃-208.542 ±   0.04        ( 12.5s) ┃Vegas input parameters:
  ndim 10
  ncomp 1
  nvec 1
  epsrel 0
  epsabs 0
  flags 10
  seed 123456
  mineval 50000000
  maxeval 50000000
  nstart 1000000
  nincrease 1000000
  nbatch 5000
  gridno 0
  statefile ""

Iteration 1:  1000000 integrand evaluations so far
[1] 337.699 +- 225.462  	chisq 0 (0 df)

Iteration 2:  3000000 integrand evaluations so far
[1] -124.649 +- 106.534  	chisq 5.41405 (1 df)

Iteration 3:  6000000 integrand evaluations so far
[1] -160.172 +- 98.3112  	chisq 6.16323 (2 df)

Iteration 4:  10000000 integrand evaluations so far
[1] -155.401 +- 85.0047  	chisq 6.17256 (3 df)

Iteration 5:  15000000 integrand evaluations so far
[1] -141.11 +- 84.005  	chisq 7.38119 (4 df)

Iteration 6:  21000000 integrand evaluations so far
[1] -69.8863 +- 75.0258  	chisq 10.9337 (5 df)

Iteration 7:  28000000 integrand evaluations so far
[1] -1.49334 +- 53.4892  	chisq 12.6237 (6 df)

Iteration 8:  36000000 integrand evaluations so far
[1] -24.05 +- 51.0203  	chisq 14.5956 (7 df)

Iteration 9:  45000000 integrand evaluations so far
[1] -21.436 +- 50.6877  	chisq 14.7976 (8 df)

Iteration 10:  55000000 integrand evaluations so far
[1] -29.8837 +- 49.9137  	chisq 15.7141 (9 df)
     -30 ±     50        (2.89mi) ┃Vegas input parameters:
  ndim 8
  ncomp 1
  nvec 1
  epsrel 0
  epsabs 0
  flags 10
  seed 123456
  mineval 5000000
  maxeval 50000000
  nstart 1000000
  nincrease 1000000
  nbatch 5000
  gridno 0
  statefile ""

Iteration 1:  1000000 integrand evaluations so far
[1] 192.764 +- 47.1015  	chisq 0 (0 df)

Iteration 2:  3000000 integrand evaluations so far
[1] 65.6244 +- 11.1437  	chisq 7.71804 (1 df)

Iteration 3:  6000000 integrand evaluations so far
[1] 69.3432 +- 10.9803  	chisq 11.5442 (2 df)

Iteration 4:  10000000 integrand evaluations so far
[1] 76.5949 +- 10.7724  	chisq 23.1716 (3 df)

Iteration 5:  15000000 integrand evaluations so far
[1] 93.6544 +- 10.0369  	chisq 42.1857 (4 df)

Iteration 6:  21000000 integrand evaluations so far
[1] 117.452 +- 9.0902  	chisq 73.4633 (5 df)

Iteration 7:  28000000 integrand evaluations so far
[1] 158.347 +- 6.62846  	chisq 116.682 (6 df)

Iteration 8:  36000000 integrand evaluations so far
[1] 187.289 +- 4.79556  	chisq 156.686 (7 df)

Iteration 9:  45000000 integrand evaluations so far
[1] 196.097 +- 3.89874  	chisq 166.636 (8 df)

Iteration 10:  55000000 integrand evaluations so far
[1] 198.151 +- 3.76383  	chisq 170.717 (9 df)
   198.2 ±    3.8        ( 58.4s) ┃     190 ±     50        (7.45mi) ┃
┃   56 -    58 ┃   31 -    32 ┃  204.97 ±   0.15        (1.91mi) ┃-176.436 ±  0.098        (35.3mi) ┃Vegas input parameters:
  ndim 10
  ncomp 1
  nvec 1
  epsrel 0
  epsabs 0
  flags 10
  seed 123456
  mineval 50000000
  maxeval 50000000
  nstart 1000000
  nincrease 1000000
  nbatch 5000
  gridno 0
  statefile ""

Iteration 1:  1000000 integrand evaluations so far
[1] 10.888 +- 111.423  	chisq 0 (0 df)

Iteration 2:  3000000 integrand evaluations so far
[1] 67.1101 +- 101.279  	chisq 1.46501 (1 df)

Iteration 3:  6000000 integrand evaluations so far
[1] 93.3021 +- 94.5415  	chisq 1.98495 (2 df)

Iteration 4:  10000000 integrand evaluations so far
[1] 22.3473 +- 54.1724  	chisq 2.82356 (3 df)

Iteration 5:  15000000 integrand evaluations so far
[1] 3.94891 +- 34.7815  	chisq 3.01981 (4 df)

Iteration 6:  21000000 integrand evaluations so far
[1] 1.22277 +- 34.6122  	chisq 3.65224 (5 df)

Iteration 7:  28000000 integrand evaluations so far
[1] 2.21122 +- 34.5978  	chisq 4.63335 (6 df)

Iteration 8:  36000000 integrand evaluations so far
[1] 3.05434 +- 34.5871  	chisq 5.59287 (7 df)

Iteration 9:  45000000 integrand evaluations so far
[1] 9.92547 +- 33.8995  	chisq 6.59538 (8 df)

Iteration 10:  55000000 integrand evaluations so far
[1] 14.3535 +- 32.8562  	chisq 6.87692 (9 df)
      14 ±     33        (2.89mi) ┃Vegas input parameters:
  ndim 8
  ncomp 1
  nvec 1
  epsrel 0
  epsabs 0
  flags 10
  seed 123456
  mineval 5000000
  maxeval 50000000
  nstart 1000000
  nincrease 1000000
  nbatch 5000
  gridno 0
  statefile ""

Iteration 1:  1000000 integrand evaluations so far
[1] 295.603 +- 60.5219  	chisq 0 (0 df)

Iteration 2:  3000000 integrand evaluations so far
[1] 182.273 +- 31.6505  	chisq 4.8264 (1 df)

Iteration 3:  6000000 integrand evaluations so far
[1] 191.02 +- 21.6788  	chisq 4.97028 (2 df)

Iteration 4:  10000000 integrand evaluations so far
[1] 199.35 +- 17.9033  	chisq 5.4346 (3 df)

Iteration 5:  15000000 integrand evaluations so far
[1] 202.819 +- 11.3508  	chisq 5.49739 (4 df)

Iteration 6:  21000000 integrand evaluations so far
[1] 211.949 +- 7.55702  	chisq 6.65936 (5 df)

Iteration 7:  28000000 integrand evaluations so far
[1] 214.109 +- 6.24245  	chisq 6.91648 (6 df)

Iteration 8:  36000000 integrand evaluations so far
[1] 212.225 +- 4.72958  	chisq 7.13033 (7 df)

Iteration 9:  45000000 integrand evaluations so far
[1] 215.433 +- 3.75505  	chisq 8.37496 (8 df)

Iteration 10:  55000000 integrand evaluations so far
[1] 213.938 +- 2.95514  	chisq 8.79107 (9 df)
   213.9 ±      3        (1.01mi) ┃     257 ±     33        (41.1mi) ┃
┃   56 -    58 ┃   32 -    33 ┃  209.97 ±   0.16        (3.54mi) ┃ -181.17 ±   0.11        (17.7mi) ┃Vegas input parameters:
  ndim 10
  ncomp 1
  nvec 1
  epsrel 0
  epsabs 0
  flags 10
  seed 123456
  mineval 50000000
  maxeval 50000000
  nstart 1000000
  nincrease 1000000
  nbatch 5000
  gridno 0
  statefile ""

Iteration 1:  1000000 integrand evaluations so far
[1] 72.5958 +- 104.671  	chisq 0 (0 df)

Iteration 2:  3000000 integrand evaluations so far
[1] 45.2029 +- 96.4339  	chisq 0.453002 (1 df)

Iteration 3:  6000000 integrand evaluations so far
[1] -17.2421 +- 65.7551  	chisq 1.23668 (2 df)

Iteration 4:  10000000 integrand evaluations so far
[1] 1.10123 +- 52.7398  	chisq 1.45485 (3 df)

Iteration 5:  15000000 integrand evaluations so far
[1] 29.4164 +- 48.7333  	chisq 3.42692 (4 df)

Iteration 6:  21000000 integrand evaluations so far
[1] 25.4177 +- 36.3877  	chisq 3.44214 (5 df)

Iteration 7:  28000000 integrand evaluations so far
[1] 21.3905 +- 30.49  	chisq 3.48326 (6 df)

Iteration 8:  36000000 integrand evaluations so far
[1] -0.987366 +- 26.4697  	chisq 5.67004 (7 df)

Iteration 9:  45000000 integrand evaluations so far
[1] -11.5627 +- 24.9562  	chisq 7.10694 (8 df)

Iteration 10:  55000000 integrand evaluations so far
[1] -16.7829 +- 24.6888  	chisq 9.15959 (9 df)
     -17 ±     25        ( 2.9mi) ┃Vegas input parameters:
  ndim 8
  ncomp 1
  nvec 1
  epsrel 0
  epsabs 0
  flags 10
  seed 123456
  mineval 5000000
  maxeval 50000000
  nstart 1000000
  nincrease 1000000
  nbatch 5000
  gridno 0
  statefile ""

Iteration 1:  1000000 integrand evaluations so far
[1] 205.098 +- 53.3663  	chisq 0 (0 df)

Iteration 2:  3000000 integrand evaluations so far
[1] 212.062 +- 53.0395  	chisq 1.39508 (1 df)

Iteration 3:  6000000 integrand evaluations so far
[1] 92.9728 +- 20.9972  	chisq 7.37336 (2 df)

Iteration 4:  10000000 integrand evaluations so far
[1] 108.134 +- 16.8001  	chisq 8.82225 (3 df)

Iteration 5:  15000000 integrand evaluations so far
[1] 132.968 +- 13.9773  	chisq 15.9213 (4 df)

Iteration 6:  21000000 integrand evaluations so far
[1] 152.827 +- 9.35357  	chisq 19.5772 (5 df)

Iteration 7:  28000000 integrand evaluations so far
[1] 161.645 +- 8.02171  	chisq 22.937 (6 df)

Iteration 8:  36000000 integrand evaluations so far
[1] 166.006 +- 5.18873  	chisq 23.4452 (7 df)

Iteration 9:  45000000 integrand evaluations so far
[1] 172.068 +- 3.00413  	chisq 25.4979 (8 df)

Iteration 10:  55000000 integrand evaluations so far
[1] 172.68 +- 2.98021  	chisq 28.1155 (9 df)
   172.7 ±      3        (1.02mi) ┃     185 ±     25        (25.2mi) ┃
┃   56 -    58 ┃   33 -    34 ┃ 193.123 ±  0.055        ( 3.3mi) ┃-167.435 ±  0.055        (34.7mi) ┃Vegas input parameters:
  ndim 10
  ncomp 1
  nvec 1
  epsrel 0
  epsabs 0
  flags 10
  seed 123456
  mineval 50000000
  maxeval 50000000
  nstart 1000000
  nincrease 1000000
  nbatch 5000
  gridno 0
  statefile ""

Iteration 1:  1000000 integrand evaluations so far
[1] -103.667 +- 123.855  	chisq 0 (0 df)

Iteration 2:  3000000 integrand evaluations so far
[1] -114.503 +- 96.4191  	chisq 0.0194269 (1 df)

Iteration 3:  6000000 integrand evaluations so far
[1] -62.1572 +- 47.8465  	chisq 0.410454 (2 df)

Iteration 4:  10000000 integrand evaluations so far
[1] -56.0771 +- 46.891  	chisq 0.818851 (3 df)

Iteration 5:  15000000 integrand evaluations so far
[1] -39.4945 +- 44.0953  	chisq 1.89989 (4 df)

Iteration 6:  21000000 integrand evaluations so far
[1] -66.0626 +- 39.3718  	chisq 3.69025 (5 df)

Iteration 7:  28000000 integrand evaluations so far
[1] -52.3809 +- 27.4014  	chisq 3.92444 (6 df)

Iteration 8:  36000000 integrand evaluations so far
[1] -49.047 +- 27.2546  	chisq 5.3092 (7 df)

Iteration 9:  45000000 integrand evaluations so far
[1] -31.6425 +- 23.5948  	chisq 6.93695 (8 df)

Iteration 10:  55000000 integrand evaluations so far
[1] -34.3849 +- 23.4795  	chisq 8.32212 (9 df)
     -34 ±     23        (2.93mi) ┃Vegas input parameters:
  ndim 8
  ncomp 1
  nvec 1
  epsrel 0
  epsabs 0
  flags 10
  seed 123456
  mineval 5000000
  maxeval 50000000
  nstart 1000000
  nincrease 1000000
  nbatch 5000
  gridno 0
  statefile ""

Iteration 1:  1000000 integrand evaluations so far
[1] 279.692 +- 59.0207  	chisq 0 (0 df)

Iteration 2:  3000000 integrand evaluations so far
[1] 282.644 +- 54.9712  	chisq 0.0188753 (1 df)

Iteration 3:  6000000 integrand evaluations so far
[1] 185.098 +- 31.4861  	chisq 4.70511 (2 df)

Iteration 4:  10000000 integrand evaluations so far
[1] 176.272 +- 24.7483  	chisq 4.91073 (3 df)

Iteration 5:  15000000 integrand evaluations so far
[1] 162.137 +- 13.7535  	chisq 5.38269 (4 df)

Iteration 6:  21000000 integrand evaluations so far
[1] 168.64 +- 12.5594  	chisq 6.72865 (5 df)

Iteration 7:  28000000 integrand evaluations so far
[1] 175.921 +- 7.83527  	chisq 7.2789 (6 df)

Iteration 8:  36000000 integrand evaluations so far
[1] 181.443 +- 5.65884  	chisq 8.31715 (7 df)

Iteration 9:  45000000 integrand evaluations so far
[1] 174.712 +- 3.21159  	chisq 10.4044 (8 df)

Iteration 10:  55000000 integrand evaluations so far
[1] 172.784 +- 2.10254  	chisq 11.0354 (9 df)
   172.8 ±    2.1        (1.05mi) ┃     164 ±     24        (  42mi) ┃
┃   56 -    58 ┃   34 -    35 ┃  207.73 ±   0.12        (3.45mi) ┃-179.011 ±  0.053        (17.5mi) ┃Vegas input parameters:
  ndim 10
  ncomp 1
  nvec 1
  epsrel 0
  epsabs 0
  flags 10
  seed 123456
  mineval 50000000
  maxeval 50000000
  nstart 1000000
  nincrease 1000000
  nbatch 5000
  gridno 0
  statefile ""

Iteration 1:  1000000 integrand evaluations so far
[1] 81.1441 +- 190.2  	chisq 0 (0 df)

Iteration 2:  3000000 integrand evaluations so far
[1] -3.47084 +- 181.323  	chisq 2.17105 (1 df)

Iteration 3:  6000000 integrand evaluations so far
[1] -21.3667 +- 56.5274  	chisq 2.18184 (2 df)

Iteration 4:  10000000 integrand evaluations so far
[1] -19.2622 +- 50.6455  	chisq 2.18886 (3 df)

Iteration 5:  15000000 integrand evaluations so far
[1] -31.5037 +- 48.8523  	chisq 3.02876 (4 df)

Iteration 6:  21000000 integrand evaluations so far
[1] -23.1218 +- 36.4319  	chisq 3.09509 (5 df)

Iteration 7:  28000000 integrand evaluations so far
[1] -36.3297 +- 33.0671  	chisq 3.84109 (6 df)

Iteration 8:  36000000 integrand evaluations so far
[1] -36.5964 +- 32.6409  	chisq 3.84363 (7 df)

Iteration 9:  45000000 integrand evaluations so far
[1] -43.6196 +- 31.2922  	chisq 4.41566 (8 df)

Iteration 10:  55000000 integrand evaluations so far
[1] -31.4925 +- 29.9434  	chisq 6.19629 (9 df)
     -31 ±     30        (2.92mi) ┃Vegas input parameters:
  ndim 8
  ncomp 1
  nvec 1
  epsrel 0
  epsabs 0
  flags 10
  seed 123456
  mineval 5000000
  maxeval 50000000
  nstart 1000000
  nincrease 1000000
  nbatch 5000
  gridno 0
  statefile ""

Iteration 1:  1000000 integrand evaluations so far
[1] 165.946 +- 38.8427  	chisq 0 (0 df)

Iteration 2:  3000000 integrand evaluations so far
[1] 94.2329 +- 21.7918  	chisq 4.97431 (1 df)

Iteration 3:  6000000 integrand evaluations so far
[1] 103.932 +- 19.4376  	chisq 5.94348 (2 df)

Iteration 4:  10000000 integrand evaluations so far
[1] 99.6101 +- 13.7131  	chisq 6.0419 (3 df)

Iteration 5:  15000000 integrand evaluations so far
[1] 110.027 +- 12.8726  	chisq 10.8987 (4 df)

Iteration 6:  21000000 integrand evaluations so far
[1] 137.857 +- 10.3254  	chisq 24.0054 (5 df)

Iteration 7:  28000000 integrand evaluations so far
[1] 154.716 +- 6.98474  	chisq 28.9206 (6 df)

Iteration 8:  36000000 integrand evaluations so far
[1] 169.599 +- 4.7735  	chisq 37.4393 (7 df)

Iteration 9:  45000000 integrand evaluations so far
[1] 176.646 +- 3.76198  	chisq 43.1915 (8 df)

Iteration 10:  55000000 integrand evaluations so far
[1] 180.609 +- 3.13817  	chisq 46.8395 (9 df)
   180.6 ±    3.1        (1.01mi) ┃     178 ±     30        (24.8mi) ┃
┃   56 -    58 ┃   35 -    36 ┃  188.28 ±   0.17        (1.65mi) ┃-162.849 ±  0.098        ( 8.9mi) ┃Vegas input parameters:
  ndim 10
  ncomp 1
  nvec 1
  epsrel 0
  epsabs 0
  flags 10
  seed 123456
  mineval 50000000
  maxeval 50000000
  nstart 1000000
  nincrease 1000000
  nbatch 5000
  gridno 0
  statefile ""

Iteration 1:  1000000 integrand evaluations so far
[1] 145.917 +- 79.4392  	chisq 0 (0 df)

Iteration 2:  3000000 integrand evaluations so far
[1] 63.7166 +- 47.2393  	chisq 1.65648 (1 df)

Iteration 3:  6000000 integrand evaluations so far
[1] 60.5976 +- 36.3286  	chisq 1.66715 (2 df)

Iteration 4:  10000000 integrand evaluations so far
[1] 54.3777 +- 32.7901  	chisq 1.82533 (3 df)

Iteration 5:  15000000 integrand evaluations so far
[1] 45.6666 +- 31.1009  	chisq 2.52844 (4 df)

Iteration 6:  21000000 integrand evaluations so far
[1] 49.0744 +- 30.8427  	chisq 3.25451 (5 df)

Iteration 7:  28000000 integrand evaluations so far
[1] 56.4699 +- 30.335  	chisq 5.0154 (6 df)

Iteration 8:  36000000 integrand evaluations so far
[1] 62.1925 +- 29.2157  	chisq 5.50672 (7 df)

Iteration 9:  45000000 integrand evaluations so far
[1] 64.4583 +- 29.06  	chisq 6.07233 (8 df)

Iteration 10:  55000000 integrand evaluations so far
[1] 57.5576 +- 25.5758  	chisq 6.32248 (9 df)
      58 ±     26        (3.06mi) ┃Vegas input parameters:
  ndim 8
  ncomp 1
  nvec 1
  epsrel 0
  epsabs 0
  flags 10
  seed 123456
  mineval 5000000
  maxeval 50000000
  nstart 1000000
  nincrease 1000000
  nbatch 5000
  gridno 0
  statefile ""

Iteration 1:  1000000 integrand evaluations so far
[1] 241.096 +- 54.8192  	chisq 0 (0 df)

Iteration 2:  3000000 integrand evaluations so far
[1] 247.983 +- 54.418  	chisq 1.08219 (1 df)

Iteration 3:  6000000 integrand evaluations so far
[1] 163.779 +- 33.0117  	chisq 4.87063 (2 df)

Iteration 4:  10000000 integrand evaluations so far
[1] 170.426 +- 30.248  	chisq 5.1233 (3 df)

Iteration 5:  15000000 integrand evaluations so far
[1] 140.886 +- 18.3361  	chisq 6.63108 (4 df)

Iteration 6:  21000000 integrand evaluations so far
[1] 153.779 +- 14.6079  	chisq 7.98448 (5 df)

Iteration 7:  28000000 integrand evaluations so far
[1] 160.576 +- 10.9666  	chisq 8.48059 (6 df)

Iteration 8:  36000000 integrand evaluations so far
[1] 166.922 +- 6.55455  	chisq 9.00154 (7 df)

Iteration 9:  45000000 integrand evaluations so far
[1] 176.139 +- 4.54239  	chisq 12.8062 (8 df)

Iteration 10:  55000000 integrand evaluations so far
[1] 177.464 +- 3.28607  	chisq 12.9847 (9 df)
   177.5 ±    3.3        (1.04mi) ┃     260 ±     26        (14.6mi) ┃
┃   56 -    58 ┃   36 -    37 ┃ 167.833 ±  0.093        (6.59mi) ┃-145.413 ±  0.048        (34.3mi) ┃Vegas input parameters:
  ndim 10
  ncomp 1
  nvec 1
  epsrel 0
  epsabs 0
  flags 10
  seed 123456
  mineval 50000000
  maxeval 50000000
  nstart 1000000
  nincrease 1000000
  nbatch 5000
  gridno 0
  statefile ""

Iteration 1:  1000000 integrand evaluations so far
[1] 392.058 +- 258.507  	chisq 0 (0 df)

Iteration 2:  3000000 integrand evaluations so far
[1] 313.439 +- 174.409  	chisq 0.16977 (1 df)

Iteration 3:  6000000 integrand evaluations so far
[1] 94.8992 +- 94.6302  	chisq 2.39494 (2 df)

Iteration 4:  10000000 integrand evaluations so far
[1] 40.8876 +- 70.0193  	chisq 3.11486 (3 df)

Iteration 5:  15000000 integrand evaluations so far
[1] 27.5087 +- 49.044  	chisq 3.18653 (4 df)

Iteration 6:  21000000 integrand evaluations so far
[1] 41.173 +- 42.4126  	chisq 3.49439 (5 df)

Iteration 7:  28000000 integrand evaluations so far
[1] -13.2099 +- 31.315  	chisq 7.10905 (6 df)

Iteration 8:  36000000 integrand evaluations so far
[1] -22.7451 +- 28.9887  	chisq 7.75716 (7 df)

Iteration 9:  45000000 integrand evaluations so far
[1] -18.3589 +- 28.7596  	chisq 9.21174 (8 df)

Iteration 10:  55000000 integrand evaluations so far
[1] -13.4011 +- 28.3882  	chisq 10.3698 (9 df)
     -13 ±     28        (2.97mi) ┃Vegas input parameters:
  ndim 8
  ncomp 1
  nvec 1
  epsrel 0
  epsabs 0
  flags 10
  seed 123456
  mineval 5000000
  maxeval 50000000
  nstart 1000000
  nincrease 1000000
  nbatch 5000
  gridno 0
  statefile ""

Iteration 1:  1000000 integrand evaluations so far
[1] 141.648 +- 37.8306  	chisq 0 (0 df)

Iteration 2:  3000000 integrand evaluations so far
[1] 118.644 +- 28.0156  	chisq 0.818835 (1 df)

Iteration 3:  6000000 integrand evaluations so far
[1] 111.433 +- 22.2126  	chisq 0.997215 (2 df)

Iteration 4:  10000000 integrand evaluations so far
[1] 106.03 +- 15.9058  	chisq 1.11865 (3 df)

Iteration 5:  15000000 integrand evaluations so far
[1] 112.784 +- 15.0079  	chisq 2.76222 (4 df)

Iteration 6:  21000000 integrand evaluations so far
[1] 122.7 +- 11.2127  	chisq 3.75024 (5 df)

Iteration 7:  28000000 integrand evaluations so far
[1] 135.446 +- 8.80943  	chisq 7.12664 (6 df)

Iteration 8:  36000000 integrand evaluations so far
[1] 140.793 +- 8.26897  	chisq 10.2236 (7 df)

Iteration 9:  45000000 integrand evaluations so far
[1] 147.317 +- 6.05114  	chisq 11.5639 (8 df)

Iteration 10:  55000000 integrand evaluations so far
[1] 148.704 +- 3.5399  	chisq 11.6438 (9 df)
   148.7 ±    3.5        (1.05mi) ┃     158 ±     29        (44.9mi) ┃
┃   56 -    58 ┃   37 -    38 ┃  208.12 ±   0.11        (7.24mi) ┃ -179.59 ±   0.14        (8.73mi) ┃Vegas input parameters:
  ndim 10
  ncomp 1
  nvec 1
  epsrel 0
  epsabs 0
  flags 10
  seed 123456
  mineval 50000000
  maxeval 50000000
  nstart 1000000
  nincrease 1000000
  nbatch 5000
  gridno 0
  statefile ""

Iteration 1:  1000000 integrand evaluations so far
[1] -271.489 +- 222.145  	chisq 0 (0 df)

Iteration 2:  3000000 integrand evaluations so far
[1] -322.235 +- 208.189  	chisq 0.428763 (1 df)

Iteration 3:  6000000 integrand evaluations so far
[1] -7.80322 +- 78.5956  	chisq 3.08897 (2 df)

Iteration 4:  10000000 integrand evaluations so far
[1] -12.4095 +- 65.3211  	chisq 3.10007 (3 df)

Iteration 5:  15000000 integrand evaluations so far
[1] 19.1924 +- 61.3486  	chisq 5.08474 (4 df)

Iteration 6:  21000000 integrand evaluations so far
[1] -26.1425 +- 29.6825  	chisq 5.79772 (5 df)

Iteration 7:  28000000 integrand evaluations so far
[1] -33.287 +- 28.0479  	chisq 6.33864 (6 df)

Iteration 8:  36000000 integrand evaluations so far
[1] -31.188 +- 27.8283  	chisq 6.69779 (7 df)

Iteration 9:  45000000 integrand evaluations so far
[1] -26.4793 +- 26.983  	chisq 7.17633 (8 df)

Iteration 10:  55000000 integrand evaluations so far
[1] -23.6637 +- 26.2109  	chisq 7.36935 (9 df)
     -24 ±     26        (2.91mi) ┃Vegas input parameters:
  ndim 8
  ncomp 1
  nvec 1
  epsrel 0
  epsabs 0
  flags 10
  seed 123456
  mineval 5000000
  maxeval 50000000
  nstart 1000000
  nincrease 1000000
  nbatch 5000
  gridno 0
  statefile ""

Iteration 1:  1000000 integrand evaluations so far
[1] 185.812 +- 48.1836  	chisq 0 (0 df)

Iteration 2:  3000000 integrand evaluations so far
[1] 116.9 +- 27.8426  	chisq 3.07083 (1 df)

Iteration 3:  6000000 integrand evaluations so far
[1] 69.9052 +- 12.5537  	chisq 6.64665 (2 df)

Iteration 4:  10000000 integrand evaluations so far
[1] 75.4246 +- 11.3838  	chisq 7.73446 (3 df)

Iteration 5:  15000000 integrand evaluations so far
[1] 90.9368 +- 8.33521  	chisq 11.7373 (4 df)

Iteration 6:  21000000 integrand evaluations so far
[1] 106.27 +- 6.92404  	chisq 22.6559 (5 df)

Iteration 7:  28000000 integrand evaluations so far
[1] 118.691 +- 6.04402  	chisq 36.1745 (6 df)

Iteration 8:  36000000 integrand evaluations so far
[1] 137.438 +- 4.71215  	chisq 60.7065 (7 df)

Iteration 9:  45000000 integrand evaluations so far
[1] 144.971 +- 2.77251  	chisq 64.615 (8 df)

Iteration 10:  55000000 integrand evaluations so far
[1] 150.018 +- 2.28545  	chisq 74.9559 (9 df)
     150 ±    2.3        (1.02mi) ┃     155 ±     26        (19.9mi) ┃
┃   56 -    58 ┃   38 -    39 ┃  164.66 ±   0.13        (1.03mi) ┃-142.846 ±  0.031        (4.39mi) ┃Vegas input parameters:
  ndim 10
  ncomp 1
  nvec 1
  epsrel 0
  epsabs 0
  flags 10
  seed 123456
  mineval 50000000
  maxeval 50000000
  nstart 1000000
  nincrease 1000000
  nbatch 5000
  gridno 0
  statefile ""

Iteration 1:  1000000 integrand evaluations so far
[1] -68.431 +- 65.186  	chisq 0 (0 df)

Iteration 2:  3000000 integrand evaluations so far
[1] -54.2917 +- 50.2594  	chisq 0.116016 (1 df)

Iteration 3:  6000000 integrand evaluations so far
[1] -65.2043 +- 48.3328  	chisq 0.742946 (2 df)

Iteration 4:  10000000 integrand evaluations so far
[1] -68.2863 +- 45.0766  	chisq 0.774176 (3 df)

Iteration 5:  15000000 integrand evaluations so far
[1] -49.7698 +- 28.2398  	chisq 1.05193 (4 df)

Iteration 6:  21000000 integrand evaluations so far
[1] -43.5953 +- 27.9486  	chisq 3.38242 (5 df)

Iteration 7:  28000000 integrand evaluations so far
[1] -25.7456 +- 26.323  	chisq 6.99381 (6 df)

Iteration 8:  36000000 integrand evaluations so far
[1] -29.0478 +- 24.3433  	chisq 7.10253 (7 df)

Iteration 9:  45000000 integrand evaluations so far
[1] -30.0754 +- 24.3332  	chisq 9.25795 (8 df)

Iteration 10:  55000000 integrand evaluations so far
[1] -30.5162 +- 24.3292  	chisq 10.2385 (9 df)
     -31 ±     24        (2.81mi) ┃Vegas input parameters:
  ndim 8
  ncomp 1
  nvec 1
  epsrel 0
  epsabs 0
  flags 10
  seed 123456
  mineval 5000000
  maxeval 50000000
  nstart 1000000
  nincrease 1000000
  nbatch 5000
  gridno 0
  statefile ""

Iteration 1:  1000000 integrand evaluations so far
[1] 169.756 +- 40.193  	chisq 0 (0 df)

Iteration 2:  3000000 integrand evaluations so far
[1] 168.275 +- 37.7473  	chisq 0.011505 (1 df)

Iteration 3:  6000000 integrand evaluations so far
[1] 161.21 +- 32.0338  	chisq 0.136724 (2 df)

Iteration 4:  10000000 integrand evaluations so far
[1] 142.946 +- 21.7364  	chisq 0.739168 (3 df)

Iteration 5:  15000000 integrand evaluations so far
[1] 146.014 +- 18.9494  	chisq 0.822203 (4 df)

Iteration 6:  21000000 integrand evaluations so far
[1] 151.035 +- 17.2478  	chisq 1.23143 (5 df)

Iteration 7:  28000000 integrand evaluations so far
[1] 130.505 +- 8.48198  	chisq 3.10016 (6 df)

Iteration 8:  36000000 integrand evaluations so far
[1] 135.131 +- 7.94384  	chisq 5.52175 (7 df)

Iteration 9:  45000000 integrand evaluations so far
[1] 134.833 +- 4.79105  	chisq 5.52397 (8 df)

Iteration 10:  55000000 integrand evaluations so far
[1] 138.19 +- 2.43276  	chisq 6.18575 (9 df)
   138.2 ±    2.4        (1.02mi) ┃     129 ±     24        (9.25mi) ┃
┃   56 -    58 ┃   39 -    40 ┃ 175.625 ±  0.072        (3.54mi) ┃ -151.89 ±  0.067        (4.36mi) ┃Vegas input parameters:
  ndim 10
  ncomp 1
  nvec 1
  epsrel 0
  epsabs 0
  flags 10
  seed 123456
  mineval 50000000
  maxeval 50000000
  nstart 1000000
  nincrease 1000000
  nbatch 5000
  gridno 0
  statefile ""

Iteration 1:  1000000 integrand evaluations so far
[1] -200.724 +- 382.733  	chisq 0 (0 df)

Iteration 2:  3000000 integrand evaluations so far
[1] 13.6602 +- 49.6736  	chisq 0.319132 (1 df)

Iteration 3:  6000000 integrand evaluations so far
[1] -1.87457 +- 34.7399  	chisq 0.51057 (2 df)

Iteration 4:  10000000 integrand evaluations so far
[1] -7.03708 +- 24.9687  	chisq 0.556251 (3 df)

Iteration 5:  15000000 integrand evaluations so far
[1] -5.59182 +- 24.5796  	chisq 0.664607 (4 df)

Iteration 6:  21000000 integrand evaluations so far
[1] -2.17467 +- 23.7172  	chisq 0.944937 (5 df)

Iteration 7:  28000000 integrand evaluations so far
[1] -1.82894 +- 23.5756  	chisq 0.962797 (6 df)

Iteration 8:  36000000 integrand evaluations so far
[1] -1.70506 +- 23.2833  	chisq 0.963917 (7 df)

Iteration 9:  45000000 integrand evaluations so far
[1] 6.63093 +- 20.2315  	chisq 1.48719 (8 df)

Iteration 10:  55000000 integrand evaluations so far
[1] -1.96446 +- 18.8595  	chisq 2.86473 (9 df)
      -2 ±     19        ( 2.9mi) ┃Vegas input parameters:
  ndim 8
  ncomp 1
  nvec 1
  epsrel 0
  epsabs 0
  flags 10
  seed 123456
  mineval 5000000
  maxeval 50000000
  nstart 1000000
  nincrease 1000000
  nbatch 5000
  gridno 0
  statefile ""

Iteration 1:  1000000 integrand evaluations so far
[1] 199.978 +- 44.3662  	chisq 0 (0 df)

Iteration 2:  3000000 integrand evaluations so far
[1] 140.739 +- 29.8089  	chisq 3.25004 (1 df)

Iteration 3:  6000000 integrand evaluations so far
[1] 146.624 +- 26.2659  	chisq 3.42436 (2 df)

Iteration 4:  10000000 integrand evaluations so far
[1] 134.179 +- 20.7407  	chisq 4.02063 (3 df)

Iteration 5:  15000000 integrand evaluations so far
[1] 130.954 +- 15.7189  	chisq 4.07743 (4 df)

Iteration 6:  21000000 integrand evaluations so far
[1] 140.06 +- 13.6466  	chisq 5.43998 (5 df)

Iteration 7:  28000000 integrand evaluations so far
[1] 142.866 +- 12.0908  	chisq 5.63662 (6 df)

Iteration 8:  36000000 integrand evaluations so far
[1] 149.865 +- 6.99437  	chisq 6.14024 (7 df)

Iteration 9:  45000000 integrand evaluations so far
[1] 152.054 +- 4.66782  	chisq 6.31681 (8 df)

Iteration 10:  55000000 integrand evaluations so far
[1] 155.952 +- 3.67007  	chisq 8.14321 (9 df)
     156 ±    3.7        (1.02mi) ┃     178 ±     19        (11.8mi) ┃
┃   56 -    58 ┃   40 -    41 ┃  177.43 ±   0.17        ( 52.6s) ┃-152.479 ±  0.093        ( 4.4mi) ┃Vegas input parameters:
  ndim 10
  ncomp 1
  nvec 1
  epsrel 0
  epsabs 0
  flags 10
  seed 123456
  mineval 50000000
  maxeval 50000000
  nstart 1000000
  nincrease 1000000
  nbatch 5000
  gridno 0
  statefile ""

Iteration 1:  1000000 integrand evaluations so far
[1] -195.365 +- 212.556  	chisq 0 (0 df)

Iteration 2:  3000000 integrand evaluations so far
[1] -49.6849 +- 28.2083  	chisq 0.478157 (1 df)

Iteration 3:  6000000 integrand evaluations so far
[1] -54.6085 +- 27.9389  	chisq 2.08111 (2 df)

Iteration 4:  10000000 integrand evaluations so far
[1] -56.4096 +- 27.8282  	chisq 2.60673 (3 df)

Iteration 5:  15000000 integrand evaluations so far
[1] -33.5815 +- 23.6786  	chisq 5.04492 (4 df)

Iteration 6:  21000000 integrand evaluations so far
[1] -40.0336 +- 23.0004  	chisq 6.35974 (5 df)

Iteration 7:  28000000 integrand evaluations so far
[1] -31.9661 +- 21.6473  	chisq 7.4371 (6 df)

Iteration 8:  36000000 integrand evaluations so far
[1] -32.4944 +- 21.0954  	chisq 7.44894 (7 df)

Iteration 9:  45000000 integrand evaluations so far
[1] -33.9023 +- 20.4385  	chisq 7.52159 (8 df)

Iteration 10:  55000000 integrand evaluations so far
[1] -35.0901 +- 20.3857  	chisq 8.17628 (9 df)
     -35 ±     20        (2.83mi) ┃Vegas input parameters:
  ndim 8
  ncomp 1
  nvec 1
  epsrel 0
  epsabs 0
  flags 10
  seed 123456
  mineval 5000000
  maxeval 50000000
  nstart 1000000
  nincrease 1000000
  nbatch 5000
  gridno 0
  statefile ""

Iteration 1:  1000000 integrand evaluations so far
[1] 132.973 +- 33.7654  	chisq 0 (0 df)

Iteration 2:  3000000 integrand evaluations so far
[1] 135.406 +- 33.4651  	chisq 0.293188 (1 df)

Iteration 3:  6000000 integrand evaluations so far
[1] 135.155 +- 29.2593  	chisq 0.293427 (2 df)

Iteration 4:  10000000 integrand evaluations so far
[1] 137.426 +- 28.6258  	chisq 0.43403 (3 df)

Iteration 5:  15000000 integrand evaluations so far
[1] 134.512 +- 20.7589  	chisq 0.455887 (4 df)

Iteration 6:  21000000 integrand evaluations so far
[1] 124.702 +- 13.372  	chisq 0.837565 (5 df)

Iteration 7:  28000000 integrand evaluations so far
[1] 127.674 +- 8.13519  	chisq 0.915993 (6 df)

Iteration 8:  36000000 integrand evaluations so far
[1] 135.234 +- 6.18389  	chisq 2.96141 (7 df)

Iteration 9:  45000000 integrand evaluations so far
[1] 137.483 +- 3.62525  	chisq 3.16296 (8 df)

Iteration 10:  55000000 integrand evaluations so far
[1] 137.308 +- 2.17439  	chisq 3.16662 (9 df)
   137.3 ±    2.2        (1.01mi) ┃     127 ±     21        (9.11mi) ┃
┃   56 -    58 ┃   41 -    42 ┃ 164.782 ±  0.095        (1.07mi) ┃-140.431 ±  0.079        (2.19mi) ┃Vegas input parameters:
  ndim 10
  ncomp 1
  nvec 1
  epsrel 0
  epsabs 0
  flags 10
  seed 123456
  mineval 50000000
  maxeval 50000000
  nstart 1000000
  nincrease 1000000
  nbatch 5000
  gridno 0
  statefile ""

Iteration 1:  1000000 integrand evaluations so far
[1] 399.909 +- 234.743  	chisq 0 (0 df)

Iteration 2:  3000000 integrand evaluations so far
[1] 361.042 +- 232.655  	chisq 1.54791 (1 df)

Iteration 3:  6000000 integrand evaluations so far
[1] 41.8074 +- 40.3687  	chisq 3.48912 (2 df)

Iteration 4:  10000000 integrand evaluations so far
[1] 8.63138 +- 19.981  	chisq 4.38367 (3 df)

Iteration 5:  15000000 integrand evaluations so far
[1] 10.3871 +- 18.4524  	chisq 4.43614 (4 df)

Iteration 6:  21000000 integrand evaluations so far
[1] 12.0586 +- 18.3045  	chisq 4.95003 (5 df)

Iteration 7:  28000000 integrand evaluations so far
[1] 14.8199 +- 17.9379  	chisq 5.5239 (6 df)

Iteration 8:  36000000 integrand evaluations so far
[1] 15.0539 +- 17.9204  	chisq 5.61144 (7 df)

Iteration 9:  45000000 integrand evaluations so far
[1] 9.68983 +- 14.7255  	chisq 5.88731 (8 df)

Iteration 10:  55000000 integrand evaluations so far
[1] 9.69711 +- 14.5184  	chisq 5.88732 (9 df)
      10 ±     15        (2.91mi) ┃Vegas input parameters:
  ndim 8
  ncomp 1
  nvec 1
  epsrel 0
  epsabs 0
  flags 10
  seed 123456
  mineval 5000000
  maxeval 50000000
  nstart 1000000
  nincrease 1000000
  nbatch 5000
  gridno 0
  statefile ""

Iteration 1:  1000000 integrand evaluations so far
[1] 137.789 +- 36.2073  	chisq 0 (0 df)

Iteration 2:  3000000 integrand evaluations so far
[1] 78.6852 +- 17.7164  	chisq 3.50342 (1 df)

Iteration 3:  6000000 integrand evaluations so far
[1] 69.7329 +- 11.7142  	chisq 3.9571 (2 df)

Iteration 4:  10000000 integrand evaluations so far
[1] 75.816 +- 10.782  	chisq 5.72148 (3 df)

Iteration 5:  15000000 integrand evaluations so far
[1] 84.4457 +- 10.096  	chisq 10.9212 (4 df)

Iteration 6:  21000000 integrand evaluations so far
[1] 90.1993 +- 9.81531  	chisq 16.8453 (5 df)

Iteration 7:  28000000 integrand evaluations so far
[1] 92.2913 +- 9.74727  	chisq 20.1334 (6 df)

Iteration 8:  36000000 integrand evaluations so far
[1] 101.96 +- 9.12807  	chisq 28.1317 (7 df)

Iteration 9:  45000000 integrand evaluations so far
[1] 119.797 +- 6.83944  	chisq 36.8378 (8 df)

Iteration 10:  55000000 integrand evaluations so far
[1] 135.367 +- 5.60816  	chisq 52.6567 (9 df)
   135.4 ±    5.6        (1.02mi) ┃     169 ±     16        (7.19mi) ┃
┃   56 -    58 ┃   42 -    43 ┃ 160.672 ±  0.021        (3.43mi) ┃-139.692 ±  0.012        (8.43mi) ┃Vegas input parameters:
  ndim 10
  ncomp 1
  nvec 1
  epsrel 0
  epsabs 0
  flags 10
  seed 123456
  mineval 50000000
  maxeval 50000000
  nstart 1000000
  nincrease 1000000
  nbatch 5000
  gridno 0
  statefile ""

Iteration 1:  1000000 integrand evaluations so far
[1] -81.3983 +- 69.775  	chisq 0 (0 df)

Iteration 2:  3000000 integrand evaluations so far
[1] 0.450495 +- 46.5996  	chisq 2.48392 (1 df)

Iteration 3:  6000000 integrand evaluations so far
[1] -15.07 +- 42.9925  	chisq 3.22932 (2 df)

Iteration 4:  10000000 integrand evaluations so far
[1] -17.2652 +- 38.1431  	chisq 3.24157 (3 df)

Iteration 5:  15000000 integrand evaluations so far
[1] -15.5558 +- 38.1004  	chisq 4.13987 (4 df)

Iteration 6:  21000000 integrand evaluations so far
[1] 1.65348 +- 22.6839  	chisq 4.45591 (5 df)

Iteration 7:  28000000 integrand evaluations so far
[1] 12.8903 +- 20.4179  	chisq 5.7487 (6 df)

Iteration 8:  36000000 integrand evaluations so far
[1] 13.9018 +- 18.6236  	chisq 5.7633 (7 df)

Iteration 9:  45000000 integrand evaluations so far
[1] 10.8659 +- 18.4862  	chisq 7.57135 (8 df)

Iteration 10:  55000000 integrand evaluations so far
[1] 16.288 +- 17.5078  	chisq 8.40616 (9 df)
      16 ±     18        (2.98mi) ┃Vegas input parameters:
  ndim 8
  ncomp 1
  nvec 1
  epsrel 0
  epsabs 0
  flags 10
  seed 123456
  mineval 5000000
  maxeval 50000000
  nstart 1000000
  nincrease 1000000
  nbatch 5000
  gridno 0
  statefile ""

Iteration 1:  1000000 integrand evaluations so far
[1] 115.437 +- 34.372  	chisq 0 (0 df)

Iteration 2:  3000000 integrand evaluations so far
[1] 104.01 +- 26.9905  	chisq 0.288304 (1 df)

Iteration 3:  6000000 integrand evaluations so far
[1] 106.209 +- 26.8586  	chisq 0.969471 (2 df)

Iteration 4:  10000000 integrand evaluations so far
[1] 70.7075 +- 12.6325  	chisq 3.21292 (3 df)

Iteration 5:  15000000 integrand evaluations so far
[1] 76.9905 +- 10.0563  	chisq 3.88828 (4 df)

Iteration 6:  21000000 integrand evaluations so far
[1] 87.7141 +- 7.71396  	chisq 6.65104 (5 df)

Iteration 7:  28000000 integrand evaluations so far
[1] 101.322 +- 4.53744  	chisq 11.4095 (6 df)

Iteration 8:  36000000 integrand evaluations so far
[1] 108.073 +- 2.72241  	chisq 14.8677 (7 df)

Iteration 9:  45000000 integrand evaluations so far
[1] 111.588 +- 2.34262  	chisq 21.2923 (8 df)

Iteration 10:  55000000 integrand evaluations so far
[1] 111.848 +- 2.33828  	chisq 24.6172 (9 df)
   111.8 ±    2.3        (1.06mi) ┃     149 ±     18        (15.9mi) ┃
┃   56 -    58 ┃   43 -    44 ┃  184.12 ±   0.12        ( 27.1s) ┃ -158.24 ±   0.13        (16.9mi) ┃Vegas input parameters:
  ndim 10
  ncomp 1
  nvec 1
  epsrel 0
  epsabs 0
  flags 10
  seed 123456
  mineval 50000000
  maxeval 50000000
  nstart 1000000
  nincrease 1000000
  nbatch 5000
  gridno 0
  statefile ""

Iteration 1:  1000000 integrand evaluations so far
[1] 32.7038 +- 46.5424  	chisq 0 (0 df)

Iteration 2:  3000000 integrand evaluations so far
[1] 18.2423 +- 43.2229  	chisq 0.701857 (1 df)

Iteration 3:  6000000 integrand evaluations so far
[1] 5.2563 +- 38.4448  	chisq 1.13402 (2 df)

Iteration 4:  10000000 integrand evaluations so far
[1] -11.0423 +- 35.9558  	chisq 2.56852 (3 df)

Iteration 5:  15000000 integrand evaluations so far
[1] -6.90564 +- 35.852  	chisq 4.86346 (4 df)

Iteration 6:  21000000 integrand evaluations so far
[1] -1.58865 +- 35.5459  	chisq 6.15678 (5 df)

Iteration 7:  28000000 integrand evaluations so far
[1] 2.85778 +- 34.8867  	chisq 6.58265 (6 df)

Iteration 8:  36000000 integrand evaluations so far
[1] 6.47076 +- 31.1492  	chisq 6.63554 (7 df)

Iteration 9:  45000000 integrand evaluations so far
[1] 10.9355 +- 27.9607  	chisq 6.7413 (8 df)

Iteration 10:  55000000 integrand evaluations so far
[1] 23.2099 +- 25.0554  	chisq 7.71946 (9 df)
      23 ±     25        (2.95mi) ┃Vegas input parameters:
  ndim 8
  ncomp 1
  nvec 1
  epsrel 0
  epsabs 0
  flags 10
  seed 123456
  mineval 5000000
  maxeval 50000000
  nstart 1000000
  nincrease 1000000
  nbatch 5000
  gridno 0
  statefile ""

Iteration 1:  1000000 integrand evaluations so far
[1] 137.989 +- 36.0393  	chisq 0 (0 df)

Iteration 2:  3000000 integrand evaluations so far
[1] 140.711 +- 35.2459  	chisq 0.131064 (1 df)

Iteration 3:  6000000 integrand evaluations so far
[1] 39.1209 +- 7.32733  	chisq 8.8142 (2 df)

Iteration 4:  10000000 integrand evaluations so far
[1] 41.6888 +- 7.18447  	chisq 11.9948 (3 df)

Iteration 5:  15000000 integrand evaluations so far
[1] 46.4541 +- 6.89863  	chisq 17.6357 (4 df)

Iteration 6:  21000000 integrand evaluations so far
[1] 51.0313 +- 6.77268  	chisq 29.803 (5 df)

Iteration 7:  28000000 integrand evaluations so far
[1] 53.2798 +- 6.7043  	chisq 35.2892 (6 df)

Iteration 8:  36000000 integrand evaluations so far
[1] 55.2108 +- 6.65174  	chisq 40.6014 (7 df)

Iteration 9:  45000000 integrand evaluations so far
[1] 65.4315 +- 6.18377  	chisq 57.9925 (8 df)

Iteration 10:  55000000 integrand evaluations so far
[1] 88.6584 +- 5.25023  	chisq 108.534 (9 df)
    88.7 ±    5.3        ( 58.7s) ┃     138 ±     26        (21.2mi) ┃
┃   56 -    58 ┃   44 -    45 ┃ 138.211 ±  0.057        ( 57.6s) ┃-118.995 ±  0.092        (8.51mi) ┃Vegas input parameters:
  ndim 10
  ncomp 1
  nvec 1
  epsrel 0
  epsabs 0
  flags 10
  seed 123456
  mineval 50000000
  maxeval 50000000
  nstart 1000000
  nincrease 1000000
  nbatch 5000
  gridno 0
  statefile ""

Iteration 1:  1000000 integrand evaluations so far
[1] 355.443 +- 330.251  	chisq 0 (0 df)

Iteration 2:  3000000 integrand evaluations so far
[1] -6.8887 +- 130.081  	chisq 1.42477 (1 df)

Iteration 3:  6000000 integrand evaluations so far
[1] 56.7879 +- 57.7683  	chisq 1.72326 (2 df)

Iteration 4:  10000000 integrand evaluations so far
[1] 64.399 +- 55.7476  	chisq 1.9758 (3 df)

Iteration 5:  15000000 integrand evaluations so far
[1] 68.7376 +- 55.3413  	chisq 2.39289 (4 df)

Iteration 6:  21000000 integrand evaluations so far
[1] 76.4661 +- 52.8253  	chisq 2.61237 (5 df)

Iteration 7:  28000000 integrand evaluations so far
[1] 52.8089 +- 45.9425  	chisq 3.43564 (6 df)

Iteration 8:  36000000 integrand evaluations so far
[1] 51.2259 +- 45.92  	chisq 4.64629 (7 df)

Iteration 9:  45000000 integrand evaluations so far
[1] -13.1006 +- 23.0875  	chisq 7.27251 (8 df)

Iteration 10:  55000000 integrand evaluations so far
[1] -3.9168 +- 22.2316  	chisq 9.44682 (9 df)
      -4 ±     22        (2.75mi) ┃Vegas input parameters:
  ndim 8
  ncomp 1
  nvec 1
  epsrel 0
  epsabs 0
  flags 10
  seed 123456
  mineval 5000000
  maxeval 50000000
  nstart 1000000
  nincrease 1000000
  nbatch 5000
  gridno 0
  statefile ""

Iteration 1:  1000000 integrand evaluations so far
[1] 116.759 +- 34.32  	chisq 0 (0 df)

Iteration 2:  3000000 integrand evaluations so far
[1] 72.1909 +- 20.1713  	chisq 2.57633 (1 df)

Iteration 3:  6000000 integrand evaluations so far
[1] 71.2656 +- 18.0063  	chisq 2.58669 (2 df)

Iteration 4:  10000000 integrand evaluations so far
[1] 75.4536 +- 17.4167  	chisq 3.42644 (3 df)

Iteration 5:  15000000 integrand evaluations so far
[1] 54.9593 +- 7.35265  	chisq 5.11137 (4 df)

Iteration 6:  21000000 integrand evaluations so far
[1] 57.5187 +- 7.2545  	chisq 9.67989 (5 df)

Iteration 7:  28000000 integrand evaluations so far
[1] 74.9495 +- 5.8975  	chisq 26.7041 (6 df)

Iteration 8:  36000000 integrand evaluations so far
[1] 92.3906 +- 4.78366  	chisq 52.2726 (7 df)

Iteration 9:  45000000 integrand evaluations so far
[1] 107.637 +- 3.02415  	chisq 69.1922 (8 df)

Iteration 10:  55000000 integrand evaluations so far
[1] 107.653 +- 3.02411  	chisq 70.2439 (9 df)
   107.7 ±      3        (1.01mi) ┃     123 ±     22        (13.2mi) ┃
┃   56 -    58 ┃   45 -    46 ┃ 150.014 ±  0.061        (1.73mi) ┃  -128.2 ±    0.1        (1.18mi) ┃Vegas input parameters:
  ndim 10
  ncomp 1
  nvec 1
  epsrel 0
  epsabs 0
  flags 10
  seed 123456
  mineval 50000000
  maxeval 50000000
  nstart 1000000
  nincrease 1000000
  nbatch 5000
  gridno 0
  statefile ""

Iteration 1:  1000000 integrand evaluations so far
[1] -557.651 +- 372.016  	chisq 0 (0 df)

Iteration 2:  3000000 integrand evaluations so far
[1] -322.8 +- 222.787  	chisq 0.62138 (1 df)

Iteration 3:  6000000 integrand evaluations so far
[1] 3.13342 +- 125.897  	chisq 3.76586 (2 df)

Iteration 4:  10000000 integrand evaluations so far
[1] 71.8872 +- 77.9274  	chisq 4.24933 (3 df)

Iteration 5:  15000000 integrand evaluations so far
[1] -26.65 +- 32.736  	chisq 6.19084 (4 df)

Iteration 6:  21000000 integrand evaluations so far
[1] -26.3092 +- 24.5709  	chisq 6.19109 (5 df)

Iteration 7:  28000000 integrand evaluations so far
[1] -20.8405 +- 21.4369  	chisq 6.39851 (6 df)

Iteration 8:  36000000 integrand evaluations so far
[1] -20.1251 +- 18.3871  	chisq 6.40272 (7 df)

Iteration 9:  45000000 integrand evaluations so far
[1] -17.4666 +- 18.2154  	chisq 7.52757 (8 df)

Iteration 10:  55000000 integrand evaluations so far
[1] -7.43225 +- 15.0133  	chisq 8.47385 (9 df)
      -7 ±     15        ( 2.9mi) ┃Vegas input parameters:
  ndim 8
  ncomp 1
  nvec 1
  epsrel 0
  epsabs 0
  flags 10
  seed 123456
  mineval 5000000
  maxeval 50000000
  nstart 1000000
  nincrease 1000000
  nbatch 5000
  gridno 0
  statefile ""

Iteration 1:  1000000 integrand evaluations so far
[1] 134.607 +- 38.1321  	chisq 0 (0 df)

Iteration 2:  3000000 integrand evaluations so far
[1] 27.415 +- 6.60827  	chisq 8.14681 (1 df)

Iteration 3:  6000000 integrand evaluations so far
[1] 30.9697 +- 6.0855  	chisq 10.0509 (2 df)

Iteration 4:  10000000 integrand evaluations so far
[1] 39.5175 +- 5.4921  	chisq 20.6861 (3 df)

Iteration 5:  15000000 integrand evaluations so far
[1] 53.8769 +- 4.69445  	chisq 46.0627 (4 df)

Iteration 6:  21000000 integrand evaluations so far
[1] 60.3646 +- 4.50246  	chisq 69.8994 (5 df)

Iteration 7:  28000000 integrand evaluations so far
[1] 65.3331 +- 4.36409  	chisq 90.0218 (6 df)

Iteration 8:  36000000 integrand evaluations so far
[1] 82.7533 +- 3.69576  	chisq 146.357 (7 df)

Iteration 9:  45000000 integrand evaluations so far
[1] 99.9861 +- 2.99518  	chisq 209.712 (8 df)

Iteration 10:  55000000 integrand evaluations so far
[1] 100.15 +- 2.99331  	chisq 212.104 (9 df)
   100.2 ±      3        (1.02mi) ┃     115 ±     15        (6.83mi) ┃
┃   56 -    58 ┃   46 -    47 ┃  173.32 ±   0.15        (1.05mi) ┃-148.886 ±  0.028        (16.9mi) ┃Vegas input parameters:
  ndim 10
  ncomp 1
  nvec 1
  epsrel 0
  epsabs 0
  flags 10
  seed 123456
  mineval 50000000
  maxeval 50000000
  nstart 1000000
  nincrease 1000000
  nbatch 5000
  gridno 0
  statefile ""

Iteration 1:  1000000 integrand evaluations so far
[1] 256.532 +- 136.564  	chisq 0 (0 df)

Iteration 2:  3000000 integrand evaluations so far
[1] 65.0012 +- 42.2714  	chisq 2.17542 (1 df)

Iteration 3:  6000000 integrand evaluations so far
[1] 66.5715 +- 41.0643  	chisq 2.19993 (2 df)

Iteration 4:  10000000 integrand evaluations so far
[1] 51.7587 +- 39.743  	chisq 4.25505 (3 df)

Iteration 5:  15000000 integrand evaluations so far
[1] 40.5569 +- 38.3006  	chisq 5.36968 (4 df)

Iteration 6:  21000000 integrand evaluations so far
[1] 52.955 +- 27.0879  	chisq 5.57934 (5 df)

Iteration 7:  28000000 integrand evaluations so far
[1] 35.5307 +- 24.436  	chisq 7.80138 (6 df)

Iteration 8:  36000000 integrand evaluations so far
[1] 39.5978 +- 19.733  	chisq 7.88101 (7 df)

Iteration 9:  45000000 integrand evaluations so far
[1] 40.1332 +- 19.6682  	chisq 7.99328 (8 df)

Iteration 10:  55000000 integrand evaluations so far
[1] 34.6021 +- 19.18  	chisq 9.6064 (9 df)
      35 ±     19        (2.98mi) ┃Vegas input parameters:
  ndim 8
  ncomp 1
  nvec 1
  epsrel 0
  epsabs 0
  flags 10
  seed 123456
  mineval 5000000
  maxeval 50000000
  nstart 1000000
  nincrease 1000000
  nbatch 5000
  gridno 0
  statefile ""

Iteration 1:  1000000 integrand evaluations so far
[1] 136.167 +- 34.5666  	chisq 0 (0 df)

Iteration 2:  3000000 integrand evaluations so far
[1] 23.9405 +- 5.12126  	chisq 10.7776 (1 df)

Iteration 3:  6000000 integrand evaluations so far
[1] 29.0612 +- 4.25004  	chisq 13.9892 (2 df)

Iteration 4:  10000000 integrand evaluations so far
[1] 30.5299 +- 4.21724  	chisq 21.7557 (3 df)

Iteration 5:  15000000 integrand evaluations so far
[1] 34.0497 +- 4.13028  	chisq 38.8232 (4 df)

Iteration 6:  21000000 integrand evaluations so far
[1] 46.702 +- 3.80098  	chisq 100.115 (5 df)

Iteration 7:  28000000 integrand evaluations so far
[1] 69.7808 +- 3.14037  	chisq 216.271 (6 df)

Iteration 8:  36000000 integrand evaluations so far
[1] 92.4397 +- 2.23539  	chisq 321.806 (7 df)

Iteration 9:  45000000 integrand evaluations so far
[1] 104.576 +- 1.57281  	chisq 380.176 (8 df)

Iteration 10:  55000000 integrand evaluations so far
[1] 109.731 +- 1.15122  	chisq 403.321 (9 df)
   109.7 ±    1.2        (1.03mi) ┃     169 ±     19        (  22mi) ┃
┃   56 -    58 ┃   47 -    48 ┃  129.78 ±   0.12        (   1mi) ┃-112.043 ±  0.032        (8.17mi) ┃Vegas input parameters:
  ndim 10
  ncomp 1
  nvec 1
  epsrel 0
  epsabs 0
  flags 10
  seed 123456
  mineval 50000000
  maxeval 50000000
  nstart 1000000
  nincrease 1000000
  nbatch 5000
  gridno 0
  statefile ""

Iteration 1:  1000000 integrand evaluations so far
[1] -120.186 +- 109.339  	chisq 0 (0 df)

Iteration 2:  3000000 integrand evaluations so far
[1] -129.769 +- 104.265  	chisq 0.0847138 (1 df)

Iteration 3:  6000000 integrand evaluations so far
[1] -50.5891 +- 92.1643  	chisq 2.72238 (2 df)

Iteration 4:  10000000 integrand evaluations so far
[1] -73.8934 +- 72.3121  	chisq 2.88871 (3 df)

Iteration 5:  15000000 integrand evaluations so far
[1] -16.2998 +- 30.9363  	chisq 3.66517 (4 df)

Iteration 6:  21000000 integrand evaluations so far
[1] 2.88856 +- 19.4868  	chisq 4.30293 (5 df)

Iteration 7:  28000000 integrand evaluations so far
[1] 5.41452 +- 19.2118  	chisq 4.90262 (6 df)

Iteration 8:  36000000 integrand evaluations so far
[1] -3.00679 +- 16.1072  	chisq 5.54937 (7 df)

Iteration 9:  45000000 integrand evaluations so far
[1] -7.29274 +- 14.4252  	chisq 5.90706 (8 df)

Iteration 10:  55000000 integrand evaluations so far
[1] -9.97752 +- 13.9431  	chisq 6.43419 (9 df)
     -10 ±     14        (2.81mi) ┃Vegas input parameters:
  ndim 8
  ncomp 1
  nvec 1
  epsrel 0
  epsabs 0
  flags 10
  seed 123456
  mineval 5000000
  maxeval 50000000
  nstart 1000000
  nincrease 1000000
  nbatch 5000
  gridno 0
  statefile ""

Iteration 1:  1000000 integrand evaluations so far
[1] 120.239 +- 29.3991  	chisq 0 (0 df)

Iteration 2:  3000000 integrand evaluations so far
[1] 81.5672 +- 18.4305  	chisq 2.8507 (1 df)

Iteration 3:  6000000 integrand evaluations so far
[1] 85.3421 +- 14.2293  	chisq 2.95456 (2 df)

Iteration 4:  10000000 integrand evaluations so far
[1] 83.7541 +- 10.5093  	chisq 2.98196 (3 df)

Iteration 5:  15000000 integrand evaluations so far
[1] 91.0467 +- 10.0891  	chisq 9.12638 (4 df)

Iteration 6:  21000000 integrand evaluations so far
[1] 93.9771 +- 9.92095  	chisq 11.6783 (5 df)

Iteration 7:  28000000 integrand evaluations so far
[1] 97.1573 +- 9.68281  	chisq 13.8447 (6 df)

Iteration 8:  36000000 integrand evaluations so far
[1] 98.4678 +- 9.64637  	chisq 16.2829 (7 df)

Iteration 9:  45000000 integrand evaluations so far
[1] 105.152 +- 9.13004  	chisq 20.8916 (8 df)

Iteration 10:  55000000 integrand evaluations so far
[1] 115.368 +- 6.20389  	chisq 23.2174 (9 df)
   115.4 ±    6.2        (   59s) ┃     123 ±     15        (  13mi) ┃
┃   56 -    58 ┃   48 -    49 ┃ 153.483 ±  0.024        (1.74mi) ┃-133.144 ± 0.0056        (8.56mi) ┃Vegas input parameters:
  ndim 10
  ncomp 1
  nvec 1
  epsrel 0
  epsabs 0
  flags 10
  seed 123456
  mineval 50000000
  maxeval 50000000
  nstart 1000000
  nincrease 1000000
  nbatch 5000
  gridno 0
  statefile ""

Iteration 1:  1000000 integrand evaluations so far
[1] -22.3896 +- 28.6609  	chisq 0 (0 df)

Iteration 2:  3000000 integrand evaluations so far
[1] -0.482699 +- 22.4734  	chisq 1.5168 (1 df)

Iteration 3:  6000000 integrand evaluations so far
[1] 5.25599 +- 21.9812  	chisq 3.02205 (2 df)

Iteration 4:  10000000 integrand evaluations so far
[1] 0.417319 +- 21.5709  	chisq 4.33229 (3 df)

Iteration 5:  15000000 integrand evaluations so far
[1] 2.37951 +- 15.8699  	chisq 4.35033 (4 df)

Iteration 6:  21000000 integrand evaluations so far
[1] 11.1872 +- 15.0115  	chisq 7.2768 (5 df)

Iteration 7:  28000000 integrand evaluations so far
[1] 13.5077 +- 14.8306  	chisq 8.27453 (6 df)

Iteration 8:  36000000 integrand evaluations so far
[1] 2.28654 +- 13.6556  	chisq 12.0363 (7 df)

Iteration 9:  45000000 integrand evaluations so far
[1] 1.07002 +- 13.593  	chisq 12.9039 (8 df)

Iteration 10:  55000000 integrand evaluations so far
[1] -0.293677 +- 13.4244  	chisq 13.3122 (9 df)
      -0 ±     13        (2.86mi) ┃Vegas input parameters:
  ndim 8
  ncomp 1
  nvec 1
  epsrel 0
  epsabs 0
  flags 10
  seed 123456
  mineval 5000000
  maxeval 50000000
  nstart 1000000
  nincrease 1000000
  nbatch 5000
  gridno 0
  statefile ""

Iteration 1:  1000000 integrand evaluations so far
[1] 113.116 +- 33.4822  	chisq 0 (0 df)

Iteration 2:  3000000 integrand evaluations so far
[1] 70.2582 +- 22.5197  	chisq 2.99196 (1 df)

Iteration 3:  6000000 integrand evaluations so far
[1] 72.4868 +- 22.4012  	chisq 3.92453 (2 df)

Iteration 4:  10000000 integrand evaluations so far
[1] 12.7058 +- 3.44841  	chisq 11.2191 (3 df)

Iteration 5:  15000000 integrand evaluations so far
[1] 13.9115 +- 3.41833  	chisq 18.258 (4 df)

Iteration 6:  21000000 integrand evaluations so far
[1] 16.0756 +- 3.38227  	chisq 37.3552 (5 df)

Iteration 7:  28000000 integrand evaluations so far
[1] 18.7769 +- 3.346  	chisq 67.2568 (6 df)

Iteration 8:  36000000 integrand evaluations so far
[1] 25.3047 +- 3.23277  	chisq 124.461 (7 df)

Iteration 9:  45000000 integrand evaluations so far
[1] 27.4901 +- 3.20026  	chisq 147.295 (8 df)

Iteration 10:  55000000 integrand evaluations so far
[1] 28.8645 +- 3.1838  	chisq 165.273 (9 df)
    28.9 ±    3.2        (1.04mi) ┃      49 ±     14        (14.2mi) ┃
┃   56 -    58 ┃   49 -    50 ┃ 150.222 ±   0.02        (3.44mi) ┃-129.383 ±  0.037        (8.31mi) ┃Vegas input parameters:
  ndim 10
  ncomp 1
  nvec 1
  epsrel 0
  epsabs 0
  flags 10
  seed 123456
  mineval 50000000
  maxeval 50000000
  nstart 1000000
  nincrease 1000000
  nbatch 5000
  gridno 0
  statefile ""

Iteration 1:  1000000 integrand evaluations so far
[1] -21.6272 +- 32.1969  	chisq 0 (0 df)

Iteration 2:  3000000 integrand evaluations so far
[1] -15.4538 +- 16.5926  	chisq 0.0500577 (1 df)

Iteration 3:  6000000 integrand evaluations so far
[1] -17.7865 +- 16.1164  	chisq 0.399407 (2 df)

Iteration 4:  10000000 integrand evaluations so far
[1] -17.4 +- 16.1115  	chisq 1.33213 (3 df)

Iteration 5:  15000000 integrand evaluations so far
[1] -17.4968 +- 16.1112  	chisq 2.3473 (4 df)

Iteration 6:  21000000 integrand evaluations so far
[1] -18.4755 +- 16.0812  	chisq 3.33797 (5 df)

Iteration 7:  28000000 integrand evaluations so far
[1] -9.28446 +- 8.4319  	chisq 3.78849 (6 df)

Iteration 8:  36000000 integrand evaluations so far
[1] -11.5329 +- 7.80712  	chisq 4.28678 (7 df)

Iteration 9:  45000000 integrand evaluations so far
[1] -15.1025 +- 7.41794  	chisq 6.43719 (8 df)

Iteration 10:  55000000 integrand evaluations so far
[1] -15.0022 +- 7.32755  	chisq 6.44473 (9 df)
     -15 ±    7.3        (2.87mi) ┃Vegas input parameters:
  ndim 8
  ncomp 1
  nvec 1
  epsrel 0
  epsabs 0
  flags 10
  seed 123456
  mineval 5000000
  maxeval 50000000
  nstart 1000000
  nincrease 1000000
  nbatch 5000
  gridno 0
  statefile ""

Iteration 1:  1000000 integrand evaluations so far
[1] 107.697 +- 30.5036  	chisq 0 (0 df)

Iteration 2:  3000000 integrand evaluations so far
[1] 29.6009 +- 7.23378  	chisq 6.9454 (1 df)

Iteration 3:  6000000 integrand evaluations so far
[1] 33.1213 +- 6.67157  	chisq 8.53073 (2 df)

Iteration 4:  10000000 integrand evaluations so far
[1] 37.7305 +- 6.19637  	chisq 12.005 (3 df)

Iteration 5:  15000000 integrand evaluations so far
[1] 45.9275 +- 5.76288  	chisq 24.9656 (4 df)

Iteration 6:  21000000 integrand evaluations so far
[1] 57.214 +- 5.31662  	chisq 50.7293 (5 df)

Iteration 7:  28000000 integrand evaluations so far
[1] 77.8782 +- 4.15008  	chisq 89.396 (6 df)

Iteration 8:  36000000 integrand evaluations so far
[1] 80.0214 +- 4.08596  	chisq 98.0945 (7 df)

Iteration 9:  45000000 integrand evaluations so far
[1] 85.9529 +- 3.84812  	chisq 116.739 (8 df)

Iteration 10:  55000000 integrand evaluations so far
[1] 99.161 +- 3.29482  	chisq 160.88 (9 df)
    99.2 ±    3.3        (1.01mi) ┃     105 ±      8        (15.6mi) ┃
┃   56 -    58 ┃   50 -    51 ┃ 133.571 ±  0.053        ( 57.7s) ┃ -114.69 ±   0.11        (8.18mi) ┃Vegas input parameters:
  ndim 10
  ncomp 1
  nvec 1
  epsrel 0
  epsabs 0
  flags 10
  seed 123456
  mineval 50000000
  maxeval 50000000
  nstart 1000000
  nincrease 1000000
  nbatch 5000
  gridno 0
  statefile ""

Iteration 1:  1000000 integrand evaluations so far
[1] -29.9851 +- 31.0256  	chisq 0 (0 df)

Iteration 2:  3000000 integrand evaluations so far
[1] -21.9615 +- 29.3472  	chisq 0.635315 (1 df)

Iteration 3:  6000000 integrand evaluations so far
[1] -23.0052 +- 25.767  	chisq 0.640836 (2 df)

Iteration 4:  10000000 integrand evaluations so far
[1] -18.5793 +- 23.2153  	chisq 0.79756 (3 df)

Iteration 5:  15000000 integrand evaluations so far
[1] -18.1696 +- 23.212  	chisq 1.89071 (4 df)

Iteration 6:  21000000 integrand evaluations so far
[1] -18.8628 +- 23.202  	chisq 2.93002 (5 df)

Iteration 7:  28000000 integrand evaluations so far
[1] -32.1619 +- 18.9326  	chisq 3.91322 (6 df)

Iteration 8:  36000000 integrand evaluations so far
[1] -28.3934 +- 18.72  	chisq 5.68698 (7 df)

Iteration 9:  45000000 integrand evaluations so far
[1] -29.0827 +- 18.6556  	chisq 5.88435 (8 df)

Iteration 10:  55000000 integrand evaluations so far
[1] -22.6606 +- 17.4804  	chisq 6.85555 (9 df)
     -23 ±     17        ( 2.9mi) ┃Vegas input parameters:
  ndim 8
  ncomp 1
  nvec 1
  epsrel 0
  epsabs 0
  flags 10
  seed 123456
  mineval 5000000
  maxeval 50000000
  nstart 1000000
  nincrease 1000000
  nbatch 5000
  gridno 0
  statefile ""

Iteration 1:  1000000 integrand evaluations so far
[1] 43.9632 +- 19.6314  	chisq 0 (0 df)

Iteration 2:  3000000 integrand evaluations so far
[1] 1.4029 +- 1.06467  	chisq 4.71396 (1 df)

Iteration 3:  6000000 integrand evaluations so far
[1] 1.58085 +- 1.04973  	chisq 5.71648 (2 df)

Iteration 4:  10000000 integrand evaluations so far
[1] 2.03968 +- 0.969143  	chisq 7.01049 (3 df)

Iteration 5:  15000000 integrand evaluations so far
[1] 2.17482 +- 0.967105  	chisq 11.6373 (4 df)

Iteration 6:  21000000 integrand evaluations so far
[1] 2.18552 +- 0.967082  	chisq 14.1796 (5 df)

Iteration 7:  28000000 integrand evaluations so far
[1] 2.2105 +- 0.966974  	chisq 17.1687 (6 df)

Iteration 8:  36000000 integrand evaluations so far
[1] 2.30395 +- 0.966527  	chisq 27.2876 (7 df)

Iteration 9:  45000000 integrand evaluations so far
[1] 3.26053 +- 0.960257  	chisq 103.024 (8 df)

Iteration 10:  55000000 integrand evaluations so far
[1] 3.5195 +- 0.959152  	chisq 134.654 (9 df)
    3.52 ±   0.96        (1.03mi) ┃      -0 ±     18        (13.1mi) ┃
┃   56 -    58 ┃   51 -    52 ┃ 139.722 ±  0.038        (6.34mi) ┃ -120.77 ±   0.11        (7.99mi) ┃Vegas input parameters:
  ndim 10
  ncomp 1
  nvec 1
  epsrel 0
  epsabs 0
  flags 10
  seed 123456
  mineval 50000000
  maxeval 50000000
  nstart 1000000
  nincrease 1000000
  nbatch 5000
  gridno 0
  statefile ""

Iteration 1:  1000000 integrand evaluations so far
[1] -344.281 +- 405.277  	chisq 0 (0 df)

Iteration 2:  3000000 integrand evaluations so far
[1] 30.6051 +- 134.192  	chisq 0.96101 (1 df)

Iteration 3:  6000000 integrand evaluations so far
[1] 70.2358 +- 61.4889  	chisq 1.07141 (2 df)

Iteration 4:  10000000 integrand evaluations so far
[1] 75.9889 +- 59.7665  	chisq 1.22988 (3 df)

Iteration 5:  15000000 integrand evaluations so far
[1] -9.01903 +- 14.6765  	chisq 3.38274 (4 df)

Iteration 6:  21000000 integrand evaluations so far
[1] -10.3405 +- 14.4863  	chisq 3.69754 (5 df)

Iteration 7:  28000000 integrand evaluations so far
[1] -8.68253 +- 14.4194  	chisq 5.11922 (6 df)

Iteration 8:  36000000 integrand evaluations so far
[1] -8.02287 +- 14.407  	chisq 6.33343 (7 df)

Iteration 9:  45000000 integrand evaluations so far
[1] -8.18615 +- 14.22  	chisq 6.33841 (8 df)

Iteration 10:  55000000 integrand evaluations so far
[1] -9.05006 +- 14.1953  	chisq 7.40001 (9 df)
      -9 ±     14        (2.77mi) ┃Vegas input parameters:
  ndim 8
  ncomp 1
  nvec 1
  epsrel 0
  epsabs 0
  flags 10
  seed 123456
  mineval 5000000
  maxeval 50000000
  nstart 1000000
  nincrease 1000000
  nbatch 5000
  gridno 0
  statefile ""

Iteration 1:  1000000 integrand evaluations so far
[1] 186.346 +- 41.7758  	chisq 0 (0 df)

Iteration 2:  3000000 integrand evaluations so far
[1] 87.1814 +- 18.599  	chisq 7.0276 (1 df)

Iteration 3:  6000000 integrand evaluations so far
[1] 65.0843 +- 8.26116  	chisq 8.78606 (2 df)

Iteration 4:  10000000 integrand evaluations so far
[1] 72.8734 +- 7.39429  	chisq 13.2565 (3 df)

Iteration 5:  15000000 integrand evaluations so far
[1] 77.2644 +- 7.0984  	chisq 17.753 (4 df)

Iteration 6:  21000000 integrand evaluations so far
[1] 86.6201 +- 5.39258  	chisq 21.8609 (5 df)

Iteration 7:  28000000 integrand evaluations so far
[1] 92.2403 +- 4.89337  	chisq 28.0122 (6 df)

Iteration 8:  36000000 integrand evaluations so far
[1] 102.656 +- 3.48239  	chisq 37.1912 (7 df)

Iteration 9:  45000000 integrand evaluations so far
[1] 107.138 +- 2.37391  	chisq 40.2857 (8 df)

Iteration 10:  55000000 integrand evaluations so far
[1] 107.4 +- 2.36192  	chisq 41.5009 (9 df)
   107.4 ±    2.4        (   1mi) ┃     117 ±     14        (18.1mi) ┃
┃   56 -    58 ┃   52 -    53 ┃ 147.407 ±  0.097        (1.64mi) ┃-126.805 ±  0.014        (4.17mi) ┃Vegas input parameters:
  ndim 10
  ncomp 1
  nvec 1
  epsrel 0
  epsabs 0
  flags 10
  seed 123456
  mineval 50000000
  maxeval 50000000
  nstart 1000000
  nincrease 1000000
  nbatch 5000
  gridno 0
  statefile ""

Iteration 1:  1000000 integrand evaluations so far
[1] 163.239 +- 111.205  	chisq 0 (0 df)

Iteration 2:  3000000 integrand evaluations so far
[1] 60.2471 +- 54.8111  	chisq 1.13297 (1 df)

Iteration 3:  6000000 integrand evaluations so far
[1] 66.385 +- 47.1119  	chisq 1.18098 (2 df)

Iteration 4:  10000000 integrand evaluations so far
[1] 41.5317 +- 45.1181  	chisq 4.53996 (3 df)

Iteration 5:  15000000 integrand evaluations so far
[1] 44.1934 +- 45.0215  	chisq 5.35392 (4 df)

Iteration 6:  21000000 integrand evaluations so far
[1] 53.7494 +- 38.367  	chisq 5.51848 (5 df)

Iteration 7:  28000000 integrand evaluations so far
[1] 28.8135 +- 25.2658  	chisq 6.26434 (6 df)

Iteration 8:  36000000 integrand evaluations so far
[1] 37.4433 +- 23.922  	chisq 7.39107 (7 df)

Iteration 9:  45000000 integrand evaluations so far
[1] 38.0132 +- 23.9148  	chisq 8.33342 (8 df)

Iteration 10:  55000000 integrand evaluations so far
[1] 16.3948 +- 19.7426  	chisq 10.8993 (9 df)
      16 ±     20        (2.89mi) ┃Vegas input parameters:
  ndim 8
  ncomp 1
  nvec 1
  epsrel 0
  epsabs 0
  flags 10
  seed 123456
  mineval 5000000
  maxeval 50000000
  nstart 1000000
  nincrease 1000000
  nbatch 5000
  gridno 0
  statefile ""

Iteration 1:  1000000 integrand evaluations so far
[1] 178.727 +- 38.4768  	chisq 0 (0 df)

Iteration 2:  3000000 integrand evaluations so far
[1] 137.555 +- 27.1587  	chisq 2.28178 (1 df)

Iteration 3:  6000000 integrand evaluations so far
[1] 113.552 +- 18.6656  	chisq 3.76221 (2 df)

Iteration 4:  10000000 integrand evaluations so far
[1] 115.139 +- 18.6318  	chisq 5.76089 (3 df)

Iteration 5:  15000000 integrand evaluations so far
[1] 118.393 +- 18.4062  	chisq 7.0286 (4 df)

Iteration 6:  21000000 integrand evaluations so far
[1] 121.188 +- 17.6414  	chisq 7.31196 (5 df)

Iteration 7:  28000000 integrand evaluations so far
[1] 113.741 +- 12.598  	chisq 7.6756 (6 df)

Iteration 8:  36000000 integrand evaluations so far
[1] 106.919 +- 6.54997  	chisq 8.0775 (7 df)

Iteration 9:  45000000 integrand evaluations so far
[1] 111.142 +- 5.56303  	chisq 9.56897 (8 df)

Iteration 10:  55000000 integrand evaluations so far
[1] 108.075 +- 3.44714  	chisq 10.0621 (9 df)
   108.1 ±    3.4        (1.02mi) ┃     145 ±     20        (9.72mi) ┃
┃   56 -    58 ┃   53 -    54 ┃ 109.792 ±  0.063        ( 1.7mi) ┃ -94.687 ±  0.086        (8.03mi) ┃Vegas input parameters:
  ndim 10
  ncomp 1
  nvec 1
  epsrel 0
  epsabs 0
  flags 10
  seed 123456
  mineval 50000000
  maxeval 50000000
  nstart 1000000
  nincrease 1000000
  nbatch 5000
  gridno 0
  statefile ""

Iteration 1:  1000000 integrand evaluations so far
[1] 16.6521 +- 31.6058  	chisq 0 (0 df)

Iteration 2:  3000000 integrand evaluations so far
[1] 32.2261 +- 28.3878  	chisq 1.25635 (1 df)

Iteration 3:  6000000 integrand evaluations so far
[1] 27.46 +- 28.1322  	chisq 2.82854 (2 df)

Iteration 4:  10000000 integrand evaluations so far
[1] 12.8689 +- 26.7166  	chisq 5.57063 (3 df)

Iteration 5:  15000000 integrand evaluations so far
[1] 16.2186 +- 24.2353  	chisq 5.65938 (4 df)

Iteration 6:  21000000 integrand evaluations so far
[1] 15.3212 +- 24.0566  	chisq 5.75274 (5 df)

Iteration 7:  28000000 integrand evaluations so far
[1] 10.5058 +- 21.6864  	chisq 5.9666 (6 df)

Iteration 8:  36000000 integrand evaluations so far
[1] 0.909366 +- 17.7268  	chisq 6.55671 (7 df)

Iteration 9:  45000000 integrand evaluations so far
[1] 0.970395 +- 17.7267  	chisq 7.57502 (8 df)

Iteration 10:  55000000 integrand evaluations so far
[1] 8.67806 +- 14.7226  	chisq 8.18446 (9 df)
       9 ±     15        (2.93mi) ┃Vegas input parameters:
  ndim 8
  ncomp 1
  nvec 1
  epsrel 0
  epsabs 0
  flags 10
  seed 123456
  mineval 5000000
  maxeval 50000000
  nstart 1000000
  nincrease 1000000
  nbatch 5000
  gridno 0
  statefile ""

Iteration 1:  1000000 integrand evaluations so far
[1] 166.012 +- 36.6219  	chisq 0 (0 df)

Iteration 2:  3000000 integrand evaluations so far
[1] 89.2455 +- 17.5433  	chisq 5.70262 (1 df)

Iteration 3:  6000000 integrand evaluations so far
[1] 85.1778 +- 14.1844  	chisq 5.85788 (2 df)

Iteration 4:  10000000 integrand evaluations so far
[1] 87.8258 +- 13.2234  	chisq 6.1241 (3 df)

Iteration 5:  15000000 integrand evaluations so far
[1] 92.4881 +- 11.8095  	chisq 6.73826 (4 df)

Iteration 6:  21000000 integrand evaluations so far
[1] 99.8068 +- 9.56301  	chisq 7.85385 (5 df)

Iteration 7:  28000000 integrand evaluations so far
[1] 106.016 +- 7.00854  	chisq 8.76472 (6 df)

Iteration 8:  36000000 integrand evaluations so far
[1] 109.024 +- 6.54578  	chisq 10.2064 (7 df)

Iteration 9:  45000000 integrand evaluations so far
[1] 106.671 +- 4.00102  	chisq 10.4126 (8 df)

Iteration 10:  55000000 integrand evaluations so far
[1] 108.741 +- 2.69512  	chisq 10.9024 (9 df)
   108.7 ±    2.7        (1.02mi) ┃     133 ±     15        (13.7mi) ┃
┃   56 -    58 ┃   54 -    55 ┃ 130.913 ±  0.024        (6.28mi) ┃-113.515 ±  0.055        (16.3mi) ┃Vegas input parameters:
  ndim 10
  ncomp 1
  nvec 1
  epsrel 0
  epsabs 0
  flags 10
  seed 123456
  mineval 50000000
  maxeval 50000000
  nstart 1000000
  nincrease 1000000
  nbatch 5000
  gridno 0
  statefile ""

Iteration 1:  1000000 integrand evaluations so far
[1] -82.5501 +- 337.503  	chisq 0 (0 df)

Iteration 2:  3000000 integrand evaluations so far
[1] -31.6948 +- 51.5289  	chisq 0.0232467 (1 df)

Iteration 3:  6000000 integrand evaluations so far
[1] -20.3217 +- 48.4813  	chisq 0.447619 (2 df)

Iteration 4:  10000000 integrand evaluations so far
[1] -19.6458 +- 48.4765  	chisq 1.43067 (3 df)

Iteration 5:  15000000 integrand evaluations so far
[1] -22.7342 +- 47.7732  	chisq 1.57158 (4 df)

Iteration 6:  21000000 integrand evaluations so far
[1] -10.8517 +- 21.29  	chisq 1.64878 (5 df)

Iteration 7:  28000000 integrand evaluations so far
[1] -4.54111 +- 20.4819  	chisq 2.82851 (6 df)

Iteration 8:  36000000 integrand evaluations so far
[1] -7.93309 +- 18.3598  	chisq 2.9681 (7 df)

Iteration 9:  45000000 integrand evaluations so far
[1] -1.79286 +- 17.1294  	chisq 3.83153 (8 df)

Iteration 10:  55000000 integrand evaluations so far
[1] 1.11443 +- 16.9329  	chisq 5.09436 (9 df)
       1 ±     17        (2.89mi) ┃Vegas input parameters:
  ndim 8
  ncomp 1
  nvec 1
  epsrel 0
  epsabs 0
  flags 10
  seed 123456
  mineval 5000000
  maxeval 50000000
  nstart 1000000
  nincrease 1000000
  nbatch 5000
  gridno 0
  statefile ""

Iteration 1:  1000000 integrand evaluations so far
[1] 88.8053 +- 25.6302  	chisq 0 (0 df)

Iteration 2:  3000000 integrand evaluations so far
[1] 89.872 +- 24.6595  	chisq 0.0233109 (1 df)

Iteration 3:  6000000 integrand evaluations so far
[1] 18.527 +- 5.70444  	chisq 8.86721 (2 df)

Iteration 4:  10000000 integrand evaluations so far
[1] 21.2916 +- 5.35847  	chisq 10.8642 (3 df)

Iteration 5:  15000000 integrand evaluations so far
[1] 21.9119 +- 5.33988  	chisq 12.7982 (4 df)

Iteration 6:  21000000 integrand evaluations so far
[1] 32.63 +- 4.46261  	chisq 26.157 (5 df)

Iteration 7:  28000000 integrand evaluations so far
[1] 35.5306 +- 4.38719  	chisq 38.7615 (6 df)

Iteration 8:  36000000 integrand evaluations so far
[1] 57.7345 +- 3.15733  	chisq 91.8958 (7 df)

Iteration 9:  45000000 integrand evaluations so far
[1] 75.7954 +- 2.22377  	chisq 156.828 (8 df)

Iteration 10:  55000000 integrand evaluations so far
[1] 85.8509 +- 1.38749  	chisq 190.309 (9 df)
    85.9 ±    1.4        ( 59.1s) ┃     104 ±     17        (26.4mi) ┃
┃   56 -    58 ┃   55 -    56 ┃   140.1 ±   0.04        (2.44mi) ┃-120.611 ±   0.05        (7.85mi) ┃Vegas input parameters:
  ndim 10
  ncomp 1
  nvec 1
  epsrel 0
  epsabs 0
  flags 10
  seed 123456
  mineval 50000000
  maxeval 50000000
  nstart 1000000
  nincrease 1000000
  nbatch 5000
  gridno 0
  statefile ""

Iteration 1:  1000000 integrand evaluations so far
[1] 247.686 +- 291.713  	chisq 0 (0 df)

Iteration 2:  3000000 integrand evaluations so far
[1] 190.059 +- 288.4  	chisq 1.72785 (1 df)

Iteration 3:  6000000 integrand evaluations so far
[1] -4.1398 +- 4.00307  	chisq 2.18136 (2 df)

Iteration 4:  10000000 integrand evaluations so far
[1] -4.20829 +- 4.00233  	chisq 2.97749 (3 df)

Iteration 5:  15000000 integrand evaluations so far
[1] -4.35712 +- 3.99397  	chisq 3.30865 (4 df)

Iteration 6:  21000000 integrand evaluations so far
[1] -4.54025 +- 3.98131  	chisq 3.64088 (5 df)

Iteration 7:  28000000 integrand evaluations so far
[1] -4.30503 +- 3.95878  	chisq 3.95007 (6 df)

Iteration 8:  36000000 integrand evaluations so far
[1] -4.42149 +- 3.94757  	chisq 4.10313 (7 df)

Iteration 9:  45000000 integrand evaluations so far
[1] -4.01425 +- 3.93262  	chisq 5.51078 (8 df)

Iteration 10:  55000000 integrand evaluations so far
[1] -3.94211 +- 3.92867  	chisq 5.67837 (9 df)
    -3.9 ±    3.9        (2.92mi) ┃Vegas input parameters:
  ndim 8
  ncomp 1
  nvec 1
  epsrel 0
  epsabs 0
  flags 10
  seed 123456
  mineval 5000000
  maxeval 50000000
  nstart 1000000
  nincrease 1000000
  nbatch 5000
  gridno 0
  statefile ""

Iteration 1:  1000000 integrand evaluations so far
[1] 140.633 +- 36.9145  	chisq 0 (0 df)

Iteration 2:  3000000 integrand evaluations so far
[1] 16.5276 +- 3.73308  	chisq 11.4196 (1 df)

Iteration 3:  6000000 integrand evaluations so far
[1] 18.5287 +- 3.62143  	chisq 16.2962 (2 df)

Iteration 4:  10000000 integrand evaluations so far
[1] 25.255 +- 3.15415  	chisq 30.5861 (3 df)

Iteration 5:  15000000 integrand evaluations so far
[1] 30.308 +- 3.03272  	chisq 64.5748 (4 df)

Iteration 6:  21000000 integrand evaluations so far
[1] 33.9904 +- 2.94762  	chisq 91.2175 (5 df)

Iteration 7:  28000000 integrand evaluations so far
[1] 50.3516 +- 2.44043  	chisq 189.172 (6 df)

Iteration 8:  36000000 integrand evaluations so far
[1] 69.7958 +- 1.849  	chisq 338.204 (7 df)

Iteration 9:  45000000 integrand evaluations so far
[1] 69.9524 +- 1.84663  	chisq 341.007 (8 df)

Iteration 10:  55000000 integrand evaluations so far
[1] 71.0752 +- 1.82619  	chisq 357.796 (9 df)
    71.1 ±    1.8        ( 56.4s) ┃    86.6 ±    4.3        (14.2mi) ┃
┃   56 -    58 ┃   56 -    57 ┃ 109.174 ±  0.011        (2.44mi) ┃ -93.368 ±  0.082        (2.02mi) ┃Vegas input parameters:
  ndim 10
  ncomp 1
  nvec 1
  epsrel 0
  epsabs 0
  flags 10
  seed 123456
  mineval 50000000
  maxeval 50000000
  nstart 1000000
  nincrease 1000000
  nbatch 5000
  gridno 0
  statefile ""

Iteration 1:  1000000 integrand evaluations so far
[1] -10.2909 +- 38.6984  	chisq 0 (0 df)

Iteration 2:  3000000 integrand evaluations so far
[1] -17.6849 +- 37.5692  	chisq 0.634815 (1 df)

Iteration 3:  6000000 integrand evaluations so far
[1] -23.6113 +- 37.2761  	chisq 2.23581 (2 df)

Iteration 4:  10000000 integrand evaluations so far
[1] -24.1235 +- 36.6762  	chisq 2.24172 (3 df)

Iteration 5:  15000000 integrand evaluations so far
[1] -19.9542 +- 19.5167  	chisq 2.25975 (4 df)

Iteration 6:  21000000 integrand evaluations so far
[1] -20.7125 +- 19.4634  	chisq 2.53661 (5 df)

Iteration 7:  28000000 integrand evaluations so far
[1] -29.3544 +- 14.5949  	chisq 2.98702 (6 df)

Iteration 8:  36000000 integrand evaluations so far
[1] -30.5039 +- 13.7326  	chisq 3.04111 (7 df)

Iteration 9:  45000000 integrand evaluations so far
[1] -30.2515 +- 13.73  	chisq 3.9204 (8 df)

Iteration 10:  55000000 integrand evaluations so far
[1] -19.6884 +- 12.2683  	chisq 6.85675 (9 df)
     -20 ±     12        (2.78mi) ┃Vegas input parameters:
  ndim 8
  ncomp 1
  nvec 1
  epsrel 0
  epsabs 0
  flags 10
  seed 123456
  mineval 5000000
  maxeval 50000000
  nstart 1000000
  nincrease 1000000
  nbatch 5000
  gridno 0
  statefile ""

Iteration 1:  1000000 integrand evaluations so far
[1] 164.086 +- 43.2074  	chisq 0 (0 df)

Iteration 2:  3000000 integrand evaluations so far
[1] 164.096 +- 40.8743  	chisq 5.90421e-07 (1 df)

Iteration 3:  6000000 integrand evaluations so far
[1] 160.462 +- 37.611  	chisq 0.0515575 (2 df)

Iteration 4:  10000000 integrand evaluations so far
[1] 72.6995 +- 12.776  	chisq 6.20673 (3 df)

Iteration 5:  15000000 integrand evaluations so far
[1] 76.7581 +- 12.2781  	chisq 7.52729 (4 df)

Iteration 6:  21000000 integrand evaluations so far
[1] 73.027 +- 5.93471  	chisq 7.64779 (5 df)

Iteration 7:  28000000 integrand evaluations so far
[1] 73.5909 +- 5.91115  	chisq 8.78708 (6 df)

Iteration 8:  36000000 integrand evaluations so far
[1] 75.3827 +- 5.87091  	chisq 15.5591 (7 df)

Iteration 9:  45000000 integrand evaluations so far
[1] 82.4617 +- 5.10353  	chisq 21.5096 (8 df)

Iteration 10:  55000000 integrand evaluations so far
[1] 84.2949 +- 5.03075  	chisq 26.0659 (9 df)
    84.3 ±      5        ( 56.5s) ┃      80 ±     13        (8.18mi) ┃
┃   56 -    58 ┃   57 -    58 ┃ 126.223 ±  0.045        (3.15mi) ┃-109.186 ±  0.034        (7.86mi) ┃Vegas input parameters:
  ndim 10
  ncomp 1
  nvec 1
  epsrel 0
  epsabs 0
  flags 10
  seed 123456
  mineval 50000000
  maxeval 50000000
  nstart 1000000
  nincrease 1000000
  nbatch 5000
  gridno 0
  statefile ""

Iteration 1:  1000000 integrand evaluations so far
[1] -58.69 +- 68.2021  	chisq 0 (0 df)

Iteration 2:  3000000 integrand evaluations so far
[1] -75.3517 +- 65.5293  	chisq 0.776685 (1 df)

Iteration 3:  6000000 integrand evaluations so far
[1] -77.3375 +- 48.2382  	chisq 0.77869 (2 df)

Iteration 4:  10000000 integrand evaluations so far
[1] -30.8855 +- 42.3155  	chisq 4.80193 (3 df)

Iteration 5:  15000000 integrand evaluations so far
[1] -31.7599 +- 42.3067  	chisq 5.83682 (4 df)

Iteration 6:  21000000 integrand evaluations so far
[1] -1.52594 +- 12.6247  	chisq 6.39745 (5 df)

Iteration 7:  28000000 integrand evaluations so far
[1] -4.0963 +- 12.0555  	chisq 6.86769 (6 df)

Iteration 8:  36000000 integrand evaluations so far
[1] -4.61518 +- 10.2546  	chisq 6.87439 (7 df)

Iteration 9:  45000000 integrand evaluations so far
[1] -5.44908 +- 10.0239  	chisq 7.02301 (8 df)

Iteration 10:  55000000 integrand evaluations so far
[1] -7.05614 +- 9.98131  	chisq 10.0565 (9 df)
    -7.1 ±     10        (2.82mi) ┃Vegas input parameters:
  ndim 8
  ncomp 1
  nvec 1
  epsrel 0
  epsabs 0
  flags 10
  seed 123456
  mineval 5000000
  maxeval 50000000
  nstart 1000000
  nincrease 1000000
  nbatch 5000
  gridno 0
  statefile ""

Iteration 1:  1000000 integrand evaluations so far
[1] 121.755 +- 30.926  	chisq 0 (0 df)

Iteration 2:  3000000 integrand evaluations so far
[1] 18.5366 +- 4.38163  	chisq 11.3678 (1 df)

Iteration 3:  6000000 integrand evaluations so far
[1] 23.6501 +- 3.6156  	chisq 15.6359 (2 df)

Iteration 4:  10000000 integrand evaluations so far
[1] 23.9771 +- 3.61119  	chisq 18.9881 (3 df)

Iteration 5:  15000000 integrand evaluations so far
[1] 25.0431 +- 3.59788  	chisq 30.8327 (4 df)

Iteration 6:  21000000 integrand evaluations so far
[1] 29.2828 +- 3.50046  	chisq 56.827 (5 df)

Iteration 7:  28000000 integrand evaluations so far
[1] 40.644 +- 3.20036  	chisq 121.015 (6 df)

Iteration 8:  36000000 integrand evaluations so far
[1] 60.7581 +- 2.62674  	chisq 242.053 (7 df)

Iteration 9:  45000000 integrand evaluations so far
[1] 76.1829 +- 2.10591  	chisq 338.578 (8 df)

Iteration 10:  55000000 integrand evaluations so far
[1] 86.7944 +- 1.61004  	chisq 399.69 (9 df)
    86.8 ±    1.6        (1.06mi) ┃      97 ±     10        (14.9mi) ┃
┃   56 -    58 ┃   58 -    59 ┃ 119.331 ±  0.087        (3.42mi) ┃-103.206 ±  0.089        (16.1mi) ┃Vegas input parameters:
  ndim 10
  ncomp 1
  nvec 1
  epsrel 0
  epsabs 0
  flags 10
  seed 123456
  mineval 50000000
  maxeval 50000000
  nstart 1000000
  nincrease 1000000
  nbatch 5000
  gridno 0
  statefile ""

Iteration 1:  1000000 integrand evaluations so far
[1] 27.0103 +- 31.1642  	chisq 0 (0 df)

Iteration 2:  3000000 integrand evaluations so far
[1] 28.4936 +- 26.2283  	chisq 0.00776673 (1 df)

Iteration 3:  6000000 integrand evaluations so far
[1] -8.45932 +- 17.7325  	chisq 3.66394 (2 df)

Iteration 4:  10000000 integrand evaluations so far
[1] -14.1274 +- 15.8698  	chisq 4.17724 (3 df)

Iteration 5:  15000000 integrand evaluations so far
[1] -7.4368 +- 14.5436  	chisq 5.28707 (4 df)

Iteration 6:  21000000 integrand evaluations so far
[1] -7.94646 +- 14.462  	chisq 5.39673 (5 df)

Iteration 7:  28000000 integrand evaluations so far
[1] -5.26257 +- 13.0629  	chisq 5.58378 (6 df)

Iteration 8:  36000000 integrand evaluations so far
[1] 2.16021 +- 10.993  	chisq 6.69033 (7 df)

Iteration 9:  45000000 integrand evaluations so far
[1] 3.30613 +- 10.6623  	chisq 6.87367 (8 df)

Iteration 10:  55000000 integrand evaluations so far
[1] 2.77725 +- 10.2592  	chisq 6.90684 (9 df)
       3 ±     10        (2.67mi) ┃Vegas input parameters:
  ndim 8
  ncomp 1
  nvec 1
  epsrel 0
  epsabs 0
  flags 10
  seed 123456
  mineval 5000000
  maxeval 50000000
  nstart 1000000
  nincrease 1000000
  nbatch 5000
  gridno 0
  statefile ""

Iteration 1:  1000000 integrand evaluations so far
[1] 82.4472 +- 27.6765  	chisq 0 (0 df)

Iteration 2:  3000000 integrand evaluations so far
[1] 83.2132 +- 27.666  	chisq 1.01897 (1 df)

Iteration 3:  6000000 integrand evaluations so far
[1] 70.1623 +- 21.3883  	chisq 1.57208 (2 df)

Iteration 4:  10000000 integrand evaluations so far
[1] 42.953 +- 9.56201  	chisq 3.59472 (3 df)

Iteration 5:  15000000 integrand evaluations so far
[1] 47.3708 +- 8.97444  	chisq 5.38672 (4 df)

Iteration 6:  21000000 integrand evaluations so far
[1] 55.2688 +- 6.77235  	chisq 7.1856 (5 df)

Iteration 7:  28000000 integrand evaluations so far
[1] 56.5929 +- 6.73462  	chisq 10.6259 (6 df)

Iteration 8:  36000000 integrand evaluations so far
[1] 56.7269 +- 6.73351  	chisq 11.8318 (7 df)

Iteration 9:  45000000 integrand evaluations so far
[1] 59.5288 +- 5.37772  	chisq 12.3099 (8 df)

Iteration 10:  55000000 integrand evaluations so far
[1] 72.603 +- 4.11072  	chisq 26.5286 (9 df)
    72.6 ±    4.1        (1.05mi) ┃      92 ±     11        (23.3mi) ┃
┃   56 -    58 ┃   59 -    60 ┃ 101.572 ±   0.05        (1.55mi) ┃ -87.399 ±  0.041        ( 34.8s) ┃Vegas input parameters:
  ndim 10
  ncomp 1
  nvec 1
  epsrel 0
  epsabs 0
  flags 10
  seed 123456
  mineval 50000000
  maxeval 50000000
  nstart 1000000
  nincrease 1000000
  nbatch 5000
  gridno 0
  statefile ""

Iteration 1:  1000000 integrand evaluations so far
[1] -272.322 +- 227.762  	chisq 0 (0 df)

Iteration 2:  3000000 integrand evaluations so far
[1] 75.5096 +- 131.843  	chisq 3.5076 (1 df)

Iteration 3:  6000000 integrand evaluations so far
[1] 60.904 +- 55.7083  	chisq 3.52254 (2 df)

Iteration 4:  10000000 integrand evaluations so far
[1] 27.7516 +- 19.5509  	chisq 3.92644 (3 df)

Iteration 5:  15000000 integrand evaluations so far
[1] 15.9345 +- 18.4309  	chisq 7.20912 (4 df)

Iteration 6:  21000000 integrand evaluations so far
[1] 10.28 +- 17.2657  	chisq 7.97783 (5 df)

Iteration 7:  28000000 integrand evaluations so far
[1] 11.4078 +- 17.1925  	chisq 8.48152 (6 df)

Iteration 8:  36000000 integrand evaluations so far
[1] 13.4352 +- 15.1352  	chisq 8.54333 (7 df)

Iteration 9:  45000000 integrand evaluations so far
[1] 13.2949 +- 14.4545  	chisq 8.5443 (8 df)

Iteration 10:  55000000 integrand evaluations so far
[1] 10.7577 +- 14.2587  	chisq 9.68924 (9 df)
      11 ±     14        (2.87mi) ┃Vegas input parameters:
  ndim 8
  ncomp 1
  nvec 1
  epsrel 0
  epsabs 0
  flags 10
  seed 123456
  mineval 5000000
  maxeval 50000000
  nstart 1000000
  nincrease 1000000
  nbatch 5000
  gridno 0
  statefile ""

Iteration 1:  1000000 integrand evaluations so far
[1] 140.387 +- 35.7924  	chisq 0 (0 df)

Iteration 2:  3000000 integrand evaluations so far
[1] 40.1469 +- 9.88297  	chisq 8.49073 (1 df)

Iteration 3:  6000000 integrand evaluations so far
[1] 41.5485 +- 9.8518  	chisq 11.6846 (2 df)

Iteration 4:  10000000 integrand evaluations so far
[1] 46.5 +- 7.2343  	chisq 12.2328 (3 df)

Iteration 5:  15000000 integrand evaluations so far
[1] 54.5359 +- 6.21051  	chisq 16.9242 (4 df)

Iteration 6:  21000000 integrand evaluations so far
[1] 56.9363 +- 6.10841  	chisq 21.5052 (5 df)

Iteration 7:  28000000 integrand evaluations so far
[1] 62.1151 +- 5.84793  	chisq 30.1167 (6 df)

Iteration 8:  36000000 integrand evaluations so far
[1] 71.042 +- 5.28328  	chisq 42.7958 (7 df)

Iteration 9:  45000000 integrand evaluations so far
[1] 88.0247 +- 2.91666  	chisq 57.6578 (8 df)

Iteration 10:  55000000 integrand evaluations so far
[1] 92.5689 +- 2.25716  	chisq 63.7093 (9 df)
    92.6 ±    2.3        ( 59.1s) ┃     118 ±     14        (5.99mi) ┃
┃   58 -    60 ┃   25 -    26 ┃  211.67 ±   0.18        (4.58mi) ┃ -182.48 ±   0.15        (15.8mi) ┃Vegas input parameters:
  ndim 10
  ncomp 1
  nvec 1
  epsrel 0
  epsabs 0
  flags 10
  seed 123456
  mineval 50000000
  maxeval 50000000
  nstart 1000000
  nincrease 1000000
  nbatch 5000
  gridno 0
  statefile ""

Iteration 1:  1000000 integrand evaluations so far
[1] 73.8599 +- 128.754  	chisq 0 (0 df)

Iteration 2:  3000000 integrand evaluations so far
[1] -88.6028 +- 67.1694  	chisq 2.18751 (1 df)

Iteration 3:  6000000 integrand evaluations so far
[1] -120.122 +- 63.2096  	chisq 4.11177 (2 df)

Iteration 4:  10000000 integrand evaluations so far
[1] -105.937 +- 50.7037  	chisq 4.253 (3 df)

Iteration 5:  15000000 integrand evaluations so far
[1] -104.163 +- 50.2114  	chisq 4.31638 (4 df)

Iteration 6:  21000000 integrand evaluations so far
[1] -109.843 +- 49.7296  	chisq 4.98646 (5 df)

Iteration 7:  28000000 integrand evaluations so far
[1] -81.5006 +- 42.8722  	chisq 6.25145 (6 df)

Iteration 8:  36000000 integrand evaluations so far
[1] -75.753 +- 42.6579  	chisq 8.05436 (7 df)

Iteration 9:  45000000 integrand evaluations so far
[1] -77.4478 +- 42.4463  	chisq 8.21384 (8 df)

Iteration 10:  55000000 integrand evaluations so far
[1] -87.8418 +- 40.8756  	chisq 9.03931 (9 df)
     -88 ±     41        (2.71mi) ┃Vegas input parameters:
  ndim 8
  ncomp 1
  nvec 1
  epsrel 0
  epsabs 0
  flags 10
  seed 123456
  mineval 5000000
  maxeval 50000000
  nstart 1000000
  nincrease 1000000
  nbatch 5000
  gridno 0
  statefile ""

Iteration 1:  1000000 integrand evaluations so far
[1] 185.366 +- 45.084  	chisq 0 (0 df)

Iteration 2:  3000000 integrand evaluations so far
[1] 56.5619 +- 10.4688  	chisq 8.6275 (1 df)

Iteration 3:  6000000 integrand evaluations so far
[1] 73.0748 +- 8.92742  	chisq 17.7484 (2 df)

Iteration 4:  10000000 integrand evaluations so far
[1] 90.7014 +- 8.0856  	chisq 39.4421 (3 df)

Iteration 5:  15000000 integrand evaluations so far
[1] 92.3705 +- 8.05559  	chisq 45.1916 (4 df)

Iteration 6:  21000000 integrand evaluations so far
[1] 117.898 +- 7.0788  	chisq 89.2735 (5 df)

Iteration 7:  28000000 integrand evaluations so far
[1] 125.132 +- 6.89283  	chisq 109.411 (6 df)

Iteration 8:  36000000 integrand evaluations so far
[1] 157.984 +- 5.2315  	chisq 162.991 (7 df)

Iteration 9:  45000000 integrand evaluations so far
[1] 175.348 +- 4.68356  	chisq 218.493 (8 df)

Iteration 10:  55000000 integrand evaluations so far
[1] 182.767 +- 4.45759  	chisq 245.139 (9 df)
   182.8 ±    4.5        ( 58.8s) ┃     124 ±     41        (24.1mi) ┃
┃   58 -    60 ┃   26 -    27 ┃ 216.983 ±  0.043        (12.3mi) ┃-186.885 ±  0.085        (16.5mi) ┃Vegas input parameters:
  ndim 10
  ncomp 1
  nvec 1
  epsrel 0
  epsabs 0
  flags 10
  seed 123456
  mineval 50000000
  maxeval 50000000
  nstart 1000000
  nincrease 1000000
  nbatch 5000
  gridno 0
  statefile ""

Iteration 1:  1000000 integrand evaluations so far
[1] -6.15784 +- 90.7692  	chisq 0 (0 df)

Iteration 2:  3000000 integrand evaluations so far
[1] -26.4217 +- 86.0108  	chisq 0.488147 (1 df)

Iteration 3:  6000000 integrand evaluations so far
[1] -46.858 +- 82.713  	chisq 1.23873 (2 df)

Iteration 4:  10000000 integrand evaluations so far
[1] -56.9094 +- 81.9481  	chisq 2.04096 (3 df)

Iteration 5:  15000000 integrand evaluations so far
[1] -25.6024 +- 76.8265  	chisq 3.24625 (4 df)

Iteration 6:  21000000 integrand evaluations so far
[1] 37.7571 +- 55.5902  	chisq 4.67383 (5 df)

Iteration 7:  28000000 integrand evaluations so far
[1] 38.2889 +- 55.5874  	chisq 5.59746 (6 df)

Iteration 8:  36000000 integrand evaluations so far
[1] 15.1636 +- 54.2059  	chisq 9.12318 (7 df)

Iteration 9:  45000000 integrand evaluations so far
[1] 62.896 +- 36.7548  	chisq 10.5585 (8 df)

Iteration 10:  55000000 integrand evaluations so far
[1] 50.1985 +- 25.2816  	chisq 10.785 (9 df)
      50 ±     25        (2.88mi) ┃Vegas input parameters:
  ndim 8
  ncomp 1
  nvec 1
  epsrel 0
  epsabs 0
  flags 10
  seed 123456
  mineval 5000000
  maxeval 50000000
  nstart 1000000
  nincrease 1000000
  nbatch 5000
  gridno 0
  statefile ""

Iteration 1:  1000000 integrand evaluations so far
[1] 287.309 +- 58.5469  	chisq 0 (0 df)

Iteration 2:  3000000 integrand evaluations so far
[1] 148.469 +- 22.5629  	chisq 6.60455 (1 df)

Iteration 3:  6000000 integrand evaluations so far
[1] 147.353 +- 18.9913  	chisq 6.61295 (2 df)

Iteration 4:  10000000 integrand evaluations so far
[1] 156.72 +- 17.9092  	chisq 8.8107 (3 df)

Iteration 5:  15000000 integrand evaluations so far
[1] 177.011 +- 13.8313  	chisq 11.9915 (4 df)

Iteration 6:  21000000 integrand evaluations so far
[1] 195.573 +- 8.86133  	chisq 15.0466 (5 df)

Iteration 7:  28000000 integrand evaluations so far
[1] 204.745 +- 5.63467  	chisq 16.8451 (6 df)

Iteration 8:  36000000 integrand evaluations so far
[1] 212.268 +- 4.00455  	chisq 20.4469 (7 df)

Iteration 9:  45000000 integrand evaluations so far
[1] 213.688 +- 3.93019  	chisq 23.8631 (8 df)

Iteration 10:  55000000 integrand evaluations so far
[1] 216.533 +- 3.59024  	chisq 27.03 (9 df)
   216.5 ±    3.6        ( 59.9s) ┃     297 ±     26        (32.6mi) ┃
┃   58 -    60 ┃   27 -    28 ┃  219.51 ±   0.18        ( 52.3s) ┃ -188.81 ±   0.19        (4.48mi) ┃Vegas input parameters:
  ndim 10
  ncomp 1
  nvec 1
  epsrel 0
  epsabs 0
  flags 10
  seed 123456
  mineval 50000000
  maxeval 50000000
  nstart 1000000
  nincrease 1000000
  nbatch 5000
  gridno 0
  statefile ""

Iteration 1:  1000000 integrand evaluations so far
[1] -183.335 +- 114.004  	chisq 0 (0 df)

Iteration 2:  3000000 integrand evaluations so far
[1] -101.617 +- 77.4502  	chisq 0.954187 (1 df)

Iteration 3:  6000000 integrand evaluations so far
[1] -106.463 +- 66.4457  	chisq 0.969021 (2 df)

Iteration 4:  10000000 integrand evaluations so far
[1] -95.5792 +- 65.35  	chisq 1.78934 (3 df)

Iteration 5:  15000000 integrand evaluations so far
[1] -101.436 +- 64.7043  	chisq 2.19777 (4 df)

Iteration 6:  21000000 integrand evaluations so far
[1] -46.4278 +- 42.0528  	chisq 3.44905 (5 df)

Iteration 7:  28000000 integrand evaluations so far
[1] 5.43359 +- 31.778  	chisq 6.99454 (6 df)

Iteration 8:  36000000 integrand evaluations so far
[1] -17.8214 +- 27.335  	chisq 9.0536 (7 df)

Iteration 9:  45000000 integrand evaluations so far
[1] -19.9493 +- 26.0961  	chisq 9.12201 (8 df)

Iteration 10:  55000000 integrand evaluations so far
[1] -1.42044 +- 22.0537  	chisq 10.8859 (9 df)
      -1 ±     22        (2.82mi) ┃Vegas input parameters:
  ndim 8
  ncomp 1
  nvec 1
  epsrel 0
  epsabs 0
  flags 10
  seed 123456
  mineval 5000000
  maxeval 50000000
  nstart 1000000
  nincrease 1000000
  nbatch 5000
  gridno 0
  statefile ""

Iteration 1:  1000000 integrand evaluations so far
[1] 203.218 +- 49.7287  	chisq 0 (0 df)

Iteration 2:  3000000 integrand evaluations so far
[1] 106.572 +- 24.15  	chisq 4.9428 (1 df)

Iteration 3:  6000000 integrand evaluations so far
[1] 75.3433 +- 13.0577  	chisq 7.30574 (2 df)

Iteration 4:  10000000 integrand evaluations so far
[1] 85.947 +- 12.2997  	chisq 13.1562 (3 df)

Iteration 5:  15000000 integrand evaluations so far
[1] 110.793 +- 11.0098  	chisq 33.6873 (4 df)

Iteration 6:  21000000 integrand evaluations so far
[1] 164.381 +- 8.03543  	chisq 84.3799 (5 df)

Iteration 7:  28000000 integrand evaluations so far
[1] 186.128 +- 5.6853  	chisq 99.0473 (6 df)

Iteration 8:  36000000 integrand evaluations so far
[1] 189.631 +- 5.51777  	chisq 105.584 (7 df)

Iteration 9:  45000000 integrand evaluations so far
[1] 200.468 +- 4.56632  	chisq 117.825 (8 df)

Iteration 10:  55000000 integrand evaluations so far
[1] 203.002 +- 4.27291  	chisq 120.3 (9 df)
     203 ±    4.3        (1.03mi) ┃     232 ±     22        ( 9.2mi) ┃
┃   58 -    60 ┃   28 -    29 ┃  200.17 ±   0.19        ( 46.4s) ┃    -173 ±   0.12        (15.9mi) ┃Vegas input parameters:
  ndim 10
  ncomp 1
  nvec 1
  epsrel 0
  epsabs 0
  flags 10
  seed 123456
  mineval 50000000
  maxeval 50000000
  nstart 1000000
  nincrease 1000000
  nbatch 5000
  gridno 0
  statefile ""

Iteration 1:  1000000 integrand evaluations so far
[1] -134.162 +- 144.309  	chisq 0 (0 df)

Iteration 2:  3000000 integrand evaluations so far
[1] -33.5283 +- 115.061  	chisq 1.33497 (1 df)

Iteration 3:  6000000 integrand evaluations so far
[1] -82.6529 +- 56.4017  	chisq 1.57491 (2 df)

Iteration 4:  10000000 integrand evaluations so far
[1] -69.9998 +- 52.1342  	chisq 1.92057 (3 df)

Iteration 5:  15000000 integrand evaluations so far
[1] -28.3204 +- 32.4543  	chisq 2.9641 (4 df)

Iteration 6:  21000000 integrand evaluations so far
[1] -17.3942 +- 29.4164  	chisq 3.59926 (5 df)

Iteration 7:  28000000 integrand evaluations so far
[1] -20.4757 +- 27.6855  	chisq 3.69534 (6 df)

Iteration 8:  36000000 integrand evaluations so far
[1] -23.6208 +- 26.6762  	chisq 3.87562 (7 df)

Iteration 9:  45000000 integrand evaluations so far
[1] -24.0371 +- 26.667  	chisq 4.22967 (8 df)

Iteration 10:  55000000 integrand evaluations so far
[1] -11.6415 +- 25.7507  	chisq 7.42868 (9 df)
     -12 ±     26        ( 2.9mi) ┃Vegas input parameters:
  ndim 8
  ncomp 1
  nvec 1
  epsrel 0
  epsabs 0
  flags 10
  seed 123456
  mineval 5000000
  maxeval 50000000
  nstart 1000000
  nincrease 1000000
  nbatch 5000
  gridno 0
  statefile ""

Iteration 1:  1000000 integrand evaluations so far
[1] 195.159 +- 45.5052  	chisq 0 (0 df)

Iteration 2:  3000000 integrand evaluations so far
[1] 111.731 +- 21.8129  	chisq 4.36402 (1 df)

Iteration 3:  6000000 integrand evaluations so far
[1] 113.312 +- 21.7544  	chisq 5.34415 (2 df)

Iteration 4:  10000000 integrand evaluations so far
[1] 120.321 +- 20.112  	chisq 6.05851 (3 df)

Iteration 5:  15000000 integrand evaluations so far
[1] 133.252 +- 17.3678  	chisq 7.68444 (4 df)

Iteration 6:  21000000 integrand evaluations so far
[1] 139.511 +- 16.7693  	chisq 9.60179 (5 df)

Iteration 7:  28000000 integrand evaluations so far
[1] 141.852 +- 8.42456  	chisq 9.62785 (6 df)

Iteration 8:  36000000 integrand evaluations so far
[1] 157.459 +- 7.53768  	chisq 26.8339 (7 df)

Iteration 9:  45000000 integrand evaluations so far
[1] 174.595 +- 5.26074  	chisq 36.9111 (8 df)

Iteration 10:  55000000 integrand evaluations so far
[1] 176.888 +- 5.15608  	chisq 41.7341 (9 df)
   176.9 ±    5.2        (1.02mi) ┃     192 ±     26        (20.6mi) ┃
┃   58 -    60 ┃   29 -    30 ┃  209.67 ±   0.12        (1.01mi) ┃ -181.18 ±    0.1        (5.37mi) ┃Vegas input parameters:
  ndim 10
  ncomp 1
  nvec 1
  epsrel 0
  epsabs 0
  flags 10
  seed 123456
  mineval 50000000
  maxeval 50000000
  nstart 1000000
  nincrease 1000000
  nbatch 5000
  gridno 0
  statefile ""

Iteration 1:  1000000 integrand evaluations so far
[1] 32.7067 +- 174.984  	chisq 0 (0 df)

Iteration 2:  3000000 integrand evaluations so far
[1] -7.99773 +- 137.542  	chisq 0.14159 (1 df)

Iteration 3:  6000000 integrand evaluations so far
[1] 36.2301 +- 59.6283  	chisq 0.268922 (2 df)

Iteration 4:  10000000 integrand evaluations so far
[1] 10.5399 +- 57.5527  	chisq 2.98251 (3 df)

Iteration 5:  15000000 integrand evaluations so far
[1] -18.3422 +- 52.0504  	chisq 4.36572 (4 df)

Iteration 6:  21000000 integrand evaluations so far
[1] -33.1042 +- 39.5413  	chisq 4.55592 (5 df)

Iteration 7:  28000000 integrand evaluations so far
[1] -24.7124 +- 38.0735  	chisq 5.17408 (6 df)

Iteration 8:  36000000 integrand evaluations so far
[1] -19.7158 +- 37.8601  	chisq 6.71516 (7 df)

Iteration 9:  45000000 integrand evaluations so far
[1] 2.29671 +- 25.5727  	chisq 7.33683 (8 df)

Iteration 10:  55000000 integrand evaluations so far
[1] 9.55493 +- 24.8936  	chisq 8.87405 (9 df)
      10 ±     25        (2.93mi) ┃Vegas input parameters:
  ndim 8
  ncomp 1
  nvec 1
  epsrel 0
  epsabs 0
  flags 10
  seed 123456
  mineval 5000000
  maxeval 50000000
  nstart 1000000
  nincrease 1000000
  nbatch 5000
  gridno 0
  statefile ""

Iteration 1:  1000000 integrand evaluations so far
[1] 133.756 +- 39.7422  	chisq 0 (0 df)

Iteration 2:  3000000 integrand evaluations so far
[1] 42.6986 +- 13.2424  	chisq 5.90525 (1 df)

Iteration 3:  6000000 integrand evaluations so far
[1] 43.9642 +- 13.2122  	chisq 7.90518 (2 df)

Iteration 4:  10000000 integrand evaluations so far
[1] 54.1933 +- 12.0478  	chisq 11.4628 (3 df)

Iteration 5:  15000000 integrand evaluations so far
[1] 63.118 +- 11.6452  	chisq 19.8128 (4 df)

Iteration 6:  21000000 integrand evaluations so far
[1] 91.2801 +- 10.0729  	chisq 43.0395 (5 df)

Iteration 7:  28000000 integrand evaluations so far
[1] 118.642 +- 8.50671  	chisq 68.7663 (6 df)

Iteration 8:  36000000 integrand evaluations so far
[1] 146.535 +- 6.9422  	chisq 100.956 (7 df)

Iteration 9:  45000000 integrand evaluations so far
[1] 175.276 +- 4.61422  	chisq 131.66 (8 df)

Iteration 10:  55000000 integrand evaluations so far
[1] 185.963 +- 2.84673  	chisq 140.322 (9 df)
     186 ±    2.8        (1.01mi) ┃     224 ±     25        (10.3mi) ┃
┃   58 -    60 ┃   30 -    31 ┃  202.99 ±   0.19        (1.79mi) ┃-175.015 ±  0.098        (4.36mi) ┃Vegas input parameters:
  ndim 10
  ncomp 1
  nvec 1
  epsrel 0
  epsabs 0
  flags 10
  seed 123456
  mineval 50000000
  maxeval 50000000
  nstart 1000000
  nincrease 1000000
  nbatch 5000
  gridno 0
  statefile ""

Iteration 1:  1000000 integrand evaluations so far
[1] -25.2062 +- 43.1304  	chisq 0 (0 df)

Iteration 2:  3000000 integrand evaluations so far
[1] -5.83439 +- 42.2824  	chisq 5.18093 (1 df)

Iteration 3:  6000000 integrand evaluations so far
[1] 3.23937 +- 41.45  	chisq 6.36224 (2 df)

Iteration 4:  10000000 integrand evaluations so far
[1] 10.2674 +- 32.6282  	chisq 6.43782 (3 df)

Iteration 5:  15000000 integrand evaluations so far
[1] 12.3457 +- 32.4934  	chisq 6.92966 (4 df)

Iteration 6:  21000000 integrand evaluations so far
[1] 3.34053 +- 31.7431  	chisq 8.61239 (5 df)

Iteration 7:  28000000 integrand evaluations so far
[1] -10.5372 +- 24.9605  	chisq 9.11315 (6 df)

Iteration 8:  36000000 integrand evaluations so far
[1] -6.9853 +- 24.3794  	chisq 9.55313 (7 df)

Iteration 9:  45000000 integrand evaluations so far
[1] -8.82441 +- 24.0585  	chisq 9.77075 (8 df)

Iteration 10:  55000000 integrand evaluations so far
[1] -7.58655 +- 24.0349  	chisq 11.1211 (9 df)
      -8 ±     24        (2.82mi) ┃Vegas input parameters:
  ndim 8
  ncomp 1
  nvec 1
  epsrel 0
  epsabs 0
  flags 10
  seed 123456
  mineval 5000000
  maxeval 50000000
  nstart 1000000
  nincrease 1000000
  nbatch 5000
  gridno 0
  statefile ""

Iteration 1:  1000000 integrand evaluations so far
[1] 164.232 +- 36.6243  	chisq 0 (0 df)

Iteration 2:  3000000 integrand evaluations so far
[1] 167.479 +- 35.8178  	chisq 0.180448 (1 df)

Iteration 3:  6000000 integrand evaluations so far
[1] 179.873 +- 33.7664  	chisq 1.25652 (2 df)

Iteration 4:  10000000 integrand evaluations so far
[1] 165.807 +- 21.8257  	chisq 1.55456 (3 df)

Iteration 5:  15000000 integrand evaluations so far
[1] 169.503 +- 21.5048  	chisq 2.53648 (4 df)

Iteration 6:  21000000 integrand evaluations so far
[1] 173.912 +- 14.889  	chisq 2.61723 (5 df)

Iteration 7:  28000000 integrand evaluations so far
[1] 180.299 +- 13.3568  	chisq 3.55986 (6 df)

Iteration 8:  36000000 integrand evaluations so far
[1] 190.186 +- 9.44259  	chisq 4.65526 (7 df)

Iteration 9:  45000000 integrand evaluations so far
[1] 184.075 +- 5.09209  	chisq 5.24584 (8 df)

Iteration 10:  55000000 integrand evaluations so far
[1] 187.585 +- 3.41069  	chisq 6.10766 (9 df)
   187.6 ±    3.4        (1.01mi) ┃     208 ±     24        (9.98mi) ┃
┃   58 -    60 ┃   31 -    32 ┃ 185.648 ±  0.051        (2.28mi) ┃-159.474 ±  0.055        ( 3.2mi) ┃Vegas input parameters:
  ndim 10
  ncomp 1
  nvec 1
  epsrel 0
  epsabs 0
  flags 10
  seed 123456
  mineval 50000000
  maxeval 50000000
  nstart 1000000
  nincrease 1000000
  nbatch 5000
  gridno 0
  statefile ""

Iteration 1:  1000000 integrand evaluations so far
[1] -29.3783 +- 217.195  	chisq 0 (0 df)

Iteration 2:  3000000 integrand evaluations so far
[1] 79.3371 +- 81.0283  	chisq 0.291052 (1 df)

Iteration 3:  6000000 integrand evaluations so far
[1] 88.2774 +- 65.3303  	chisq 0.325842 (2 df)

Iteration 4:  10000000 integrand evaluations so far
[1] 59.2381 +- 32.0191  	chisq 0.585888 (3 df)

Iteration 5:  15000000 integrand evaluations so far
[1] 33.2494 +- 21.4132  	chisq 1.77774 (4 df)

Iteration 6:  21000000 integrand evaluations so far
[1] 34.2646 +- 21.3784  	chisq 2.4699 (5 df)

Iteration 7:  28000000 integrand evaluations so far
[1] 35.5023 +- 20.0781  	chisq 2.49831 (6 df)

Iteration 8:  36000000 integrand evaluations so far
[1] 35.199 +- 19.5835  	chisq 2.50301 (7 df)

Iteration 9:  45000000 integrand evaluations so far
[1] 40.2543 +- 17.3541  	chisq 2.81335 (8 df)

Iteration 10:  55000000 integrand evaluations so far
[1] 35.9183 +- 16.7794  	chisq 3.7718 (9 df)
      36 ±     17        (2.79mi) ┃Vegas input parameters:
  ndim 8
  ncomp 1
  nvec 1
  epsrel 0
  epsabs 0
  flags 10
  seed 123456
  mineval 5000000
  maxeval 50000000
  nstart 1000000
  nincrease 1000000
  nbatch 5000
  gridno 0
  statefile ""

Iteration 1:  1000000 integrand evaluations so far
[1] 217.082 +- 48.0984  	chisq 0 (0 df)

Iteration 2:  3000000 integrand evaluations so far
[1] 46.1371 +- 7.2336  	chisq 12.9236 (1 df)

Iteration 3:  6000000 integrand evaluations so far
[1] 48.8018 +- 7.16179  	chisq 19.7931 (2 df)

Iteration 4:  10000000 integrand evaluations so far
[1] 51.3637 +- 7.11365  	chisq 29.3433 (3 df)

Iteration 5:  15000000 integrand evaluations so far
[1] 55.5444 +- 7.01958  	chisq 42.4902 (4 df)

Iteration 6:  21000000 integrand evaluations so far
[1] 61.8717 +- 6.86399  	chisq 61.0237 (5 df)

Iteration 7:  28000000 integrand evaluations so far
[1] 110.217 +- 5.13745  	chisq 173.823 (6 df)

Iteration 8:  36000000 integrand evaluations so far
[1] 145.878 +- 3.70528  	chisq 274.237 (7 df)

Iteration 9:  45000000 integrand evaluations so far
[1] 159.897 +- 2.74055  	chisq 305.842 (8 df)

Iteration 10:  55000000 integrand evaluations so far
[1] 168.632 +- 2.04604  	chisq 328.791 (9 df)
   168.6 ±      2        ( 55.2s) ┃     231 ±     17        (9.19mi) ┃
┃   58 -    60 ┃   32 -    33 ┃  190.62 ±   0.13        (5.57mi) ┃ -163.77 ±   0.11        (32.8mi) ┃Vegas input parameters:
  ndim 10
  ncomp 1
  nvec 1
  epsrel 0
  epsabs 0
  flags 10
  seed 123456
  mineval 50000000
  maxeval 50000000
  nstart 1000000
  nincrease 1000000
  nbatch 5000
  gridno 0
  statefile ""

Iteration 1:  1000000 integrand evaluations so far
[1] -112.193 +- 161.947  	chisq 0 (0 df)

Iteration 2:  3000000 integrand evaluations so far
[1] -73.3698 +- 158.814  	chisq 1.49975 (1 df)

Iteration 3:  6000000 integrand evaluations so far
[1] -6.41372 +- 116.635  	chisq 1.88562 (2 df)

Iteration 4:  10000000 integrand evaluations so far
[1] -7.72437 +- 82.8372  	chisq 1.88588 (3 df)

Iteration 5:  15000000 integrand evaluations so far
[1] 11.4468 +- 80.2621  	chisq 2.76095 (4 df)

Iteration 6:  21000000 integrand evaluations so far
[1] 30.6631 +- 54.7015  	chisq 2.86799 (5 df)

Iteration 7:  28000000 integrand evaluations so far
[1] 40.5233 +- 48.0352  	chisq 3.00995 (6 df)

Iteration 8:  36000000 integrand evaluations so far
[1] 22.0813 +- 46.7819  	chisq 5.87203 (7 df)

Iteration 9:  45000000 integrand evaluations so far
[1] 21.8754 +- 46.7814  	chisq 6.8838 (8 df)

Iteration 10:  55000000 integrand evaluations so far
[1] 1.67524 +- 27.2571  	chisq 7.16608 (9 df)
       2 ±     27        (2.89mi) ┃Vegas input parameters:
  ndim 8
  ncomp 1
  nvec 1
  epsrel 0
  epsabs 0
  flags 10
  seed 123456
  mineval 5000000
  maxeval 50000000
  nstart 1000000
  nincrease 1000000
  nbatch 5000
  gridno 0
  statefile ""

Iteration 1:  1000000 integrand evaluations so far
[1] 188.662 +- 47.8595  	chisq 0 (0 df)

Iteration 2:  3000000 integrand evaluations so far
[1] 176.585 +- 43.245  	chisq 0.346929 (1 df)

Iteration 3:  6000000 integrand evaluations so far
[1] 40.4497 +- 7.9971  	chisq 10.6077 (2 df)

Iteration 4:  10000000 integrand evaluations so far
[1] 53.8833 +- 6.38974  	chisq 18.4115 (3 df)

Iteration 5:  15000000 integrand evaluations so far
[1] 55.7135 +- 6.35258  	chisq 25.4859 (4 df)

Iteration 6:  21000000 integrand evaluations so far
[1] 69.8338 +- 5.9725  	chisq 68.0473 (5 df)

Iteration 7:  28000000 integrand evaluations so far
[1] 98.3358 +- 5.0684  	chisq 149.43 (6 df)

Iteration 8:  36000000 integrand evaluations so far
[1] 121.022 +- 4.30139  	chisq 221.043 (7 df)

Iteration 9:  45000000 integrand evaluations so far
[1] 121.504 +- 4.29473  	chisq 225.097 (8 df)

Iteration 10:  55000000 integrand evaluations so far
[1] 126.494 +- 4.06793  	chisq 238.226 (9 df)
   126.5 ±    4.1        ( 57.6s) ┃     155 ±     28        (42.2mi) ┃
┃   58 -    60 ┃   33 -    34 ┃ 174.906 ±    0.1        ( 51.5s) ┃-151.812 ±  0.021        (3.51mi) ┃Vegas input parameters:
  ndim 10
  ncomp 1
  nvec 1
  epsrel 0
  epsabs 0
  flags 10
  seed 123456
  mineval 50000000
  maxeval 50000000
  nstart 1000000
  nincrease 1000000
  nbatch 5000
  gridno 0
  statefile ""

Iteration 1:  1000000 integrand evaluations so far
[1] 490.478 +- 220.794  	chisq 0 (0 df)

Iteration 2:  3000000 integrand evaluations so far
[1] 22.924 +- 67.5419  	chisq 4.94717 (1 df)

Iteration 3:  6000000 integrand evaluations so far
[1] 54.4744 +- 60.588  	chisq 6.06438 (2 df)

Iteration 4:  10000000 integrand evaluations so far
[1] 67.7304 +- 53.2497  	chisq 6.27473 (3 df)

Iteration 5:  15000000 integrand evaluations so far
[1] 45.0423 +- 50.6731  	chisq 8.19705 (4 df)

Iteration 6:  21000000 integrand evaluations so far
[1] 22.3574 +- 45.502  	chisq 9.2318 (5 df)

Iteration 7:  28000000 integrand evaluations so far
[1] -5.17687 +- 38.9482  	chisq 10.6016 (6 df)

Iteration 8:  36000000 integrand evaluations so far
[1] 2.26411 +- 38.587  	chisq 12.5787 (7 df)

Iteration 9:  45000000 integrand evaluations so far
[1] -0.991817 +- 20.7874  	chisq 12.5888 (8 df)

Iteration 10:  55000000 integrand evaluations so far
[1] -0.61582 +- 20.7845  	chisq 13.7361 (9 df)
      -1 ±     21        (2.85mi) ┃Vegas input parameters:
  ndim 8
  ncomp 1
  nvec 1
  epsrel 0
  epsabs 0
  flags 10
  seed 123456
  mineval 5000000
  maxeval 50000000
  nstart 1000000
  nincrease 1000000
  nbatch 5000
  gridno 0
  statefile ""

Iteration 1:  1000000 integrand evaluations so far
[1] 202.822 +- 46.0103  	chisq 0 (0 df)

Iteration 2:  3000000 integrand evaluations so far
[1] 54.0848 +- 7.9747  	chisq 10.774 (1 df)

Iteration 3:  6000000 integrand evaluations so far
[1] 64.0751 +- 6.97217  	chisq 17.4346 (2 df)

Iteration 4:  10000000 integrand evaluations so far
[1] 74.4129 +- 6.63836  	chisq 40.9569 (3 df)

Iteration 5:  15000000 integrand evaluations so far
[1] 96.6363 +- 5.53313  	chisq 77.6701 (4 df)

Iteration 6:  21000000 integrand evaluations so far
[1] 105.669 +- 5.23323  	chisq 102.94 (5 df)

Iteration 7:  28000000 integrand evaluations so far
[1] 118.741 +- 4.83844  	chisq 145.915 (6 df)

Iteration 8:  36000000 integrand evaluations so far
[1] 141.452 +- 3.79915  	chisq 203.373 (7 df)

Iteration 9:  45000000 integrand evaluations so far
[1] 158.196 +- 2.59585  	chisq 239.807 (8 df)

Iteration 10:  55000000 integrand evaluations so far
[1] 164.465 +- 2.17059  	chisq 259.197 (9 df)
   164.5 ±    2.2        ( 59.8s) ┃     187 ±     21        (8.21mi) ┃
┃   58 -    60 ┃   34 -    35 ┃  185.24 ±   0.18        ( 57.1s) ┃-160.418 ±  0.059        (1.34mi) ┃Vegas input parameters:
  ndim 10
  ncomp 1
  nvec 1
  epsrel 0
  epsabs 0
  flags 10
  seed 123456
  mineval 50000000
  maxeval 50000000
  nstart 1000000
  nincrease 1000000
  nbatch 5000
  gridno 0
  statefile ""

Iteration 1:  1000000 integrand evaluations so far
[1] -6.11589 +- 40.1673  	chisq 0 (0 df)

Iteration 2:  3000000 integrand evaluations so far
[1] 2.91168 +- 39.1725  	chisq 1.03257 (1 df)

Iteration 3:  6000000 integrand evaluations so far
[1] -19.2426 +- 34.7138  	chisq 2.52242 (2 df)

Iteration 4:  10000000 integrand evaluations so far
[1] -4.37924 +- 30.3302  	chisq 3.29724 (3 df)

Iteration 5:  15000000 integrand evaluations so far
[1] -10.5387 +- 29.8621  	chisq 4.64378 (4 df)

Iteration 6:  21000000 integrand evaluations so far
[1] -1.86188 +- 29.5158  	chisq 8.30527 (5 df)

Iteration 7:  28000000 integrand evaluations so far
[1] -1.1908 +- 29.2118  	chisq 8.3305 (6 df)

Iteration 8:  36000000 integrand evaluations so far
[1] 2.82555 +- 28.1082  	chisq 8.5855 (7 df)

Iteration 9:  45000000 integrand evaluations so far
[1] 7.60116 +- 27.7652  	chisq 9.77567 (8 df)

Iteration 10:  55000000 integrand evaluations so far
[1] -5.07389 +- 26.6712  	chisq 12.4733 (9 df)
      -5 ±     27        (2.78mi) ┃Vegas input parameters:
  ndim 8
  ncomp 1
  nvec 1
  epsrel 0
  epsabs 0
  flags 10
  seed 123456
  mineval 5000000
  maxeval 50000000
  nstart 1000000
  nincrease 1000000
  nbatch 5000
  gridno 0
  statefile ""

Iteration 1:  1000000 integrand evaluations so far
[1] 152.96 +- 36.3037  	chisq 0 (0 df)

Iteration 2:  3000000 integrand evaluations so far
[1] 156.81 +- 35.4886  	chisq 0.253337 (1 df)

Iteration 3:  6000000 integrand evaluations so far
[1] 95.8043 +- 18.9101  	chisq 4.3801 (2 df)

Iteration 4:  10000000 integrand evaluations so far
[1] 106.044 +- 13.9433  	chisq 5.0227 (3 df)

Iteration 5:  15000000 integrand evaluations so far
[1] 114.844 +- 9.5986  	chisq 5.77973 (4 df)

Iteration 6:  21000000 integrand evaluations so far
[1] 128.241 +- 8.46763  	chisq 14.5636 (5 df)

Iteration 7:  28000000 integrand evaluations so far
[1] 146.509 +- 6.57655  	chisq 26.2946 (6 df)

Iteration 8:  36000000 integrand evaluations so far
[1] 147.402 +- 6.54818  	chisq 28.4353 (7 df)

Iteration 9:  45000000 integrand evaluations so far
[1] 150.422 +- 6.31844  	chisq 31.5196 (8 df)

Iteration 10:  55000000 integrand evaluations so far
[1] 157.484 +- 4.73347  	chisq 34.3672 (9 df)
   157.5 ±    4.7        ( 59.7s) ┃     177 ±     27        (6.07mi) ┃
┃   58 -    60 ┃   35 -    36 ┃ 180.452 ±  0.093        (3.36mi) ┃-155.707 ±  0.037        (31.9mi) ┃Vegas input parameters:
  ndim 10
  ncomp 1
  nvec 1
  epsrel 0
  epsabs 0
  flags 10
  seed 123456
  mineval 50000000
  maxeval 50000000
  nstart 1000000
  nincrease 1000000
  nbatch 5000
  gridno 0
  statefile ""

Iteration 1:  1000000 integrand evaluations so far
[1] -74.5888 +- 123.382  	chisq 0 (0 df)

Iteration 2:  3000000 integrand evaluations so far
[1] -90.4697 +- 100.914  	chisq 0.0500458 (1 df)

Iteration 3:  6000000 integrand evaluations so far
[1] -89.1906 +- 58.7841  	chisq 0.0502889 (2 df)

Iteration 4:  10000000 integrand evaluations so far
[1] -21.36 +- 35.6468  	chisq 2.15613 (3 df)

Iteration 5:  15000000 integrand evaluations so far
[1] -17.9028 +- 35.4427  	chisq 2.98 (4 df)

Iteration 6:  21000000 integrand evaluations so far
[1] -20.7127 +- 35.3203  	chisq 3.8918 (5 df)

Iteration 7:  28000000 integrand evaluations so far
[1] -27.2746 +- 33.872  	chisq 4.32148 (6 df)

Iteration 8:  36000000 integrand evaluations so far
[1] -30.6681 +- 33.686  	chisq 5.23786 (7 df)

Iteration 9:  45000000 integrand evaluations so far
[1] -10.4534 +- 25.0295  	chisq 6.04182 (8 df)

Iteration 10:  55000000 integrand evaluations so far
[1] -3.8114 +- 23.8602  	chisq 6.81352 (9 df)
      -4 ±     24        (2.74mi) ┃Vegas input parameters:
  ndim 8
  ncomp 1
  nvec 1
  epsrel 0
  epsabs 0
  flags 10
  seed 123456
  mineval 5000000
  maxeval 50000000
  nstart 1000000
  nincrease 1000000
  nbatch 5000
  gridno 0
  statefile ""

Iteration 1:  1000000 integrand evaluations so far
[1] 204.83 +- 46.2603  	chisq 0 (0 df)

Iteration 2:  3000000 integrand evaluations so far
[1] 178.639 +- 38.007  	chisq 0.986342 (1 df)

Iteration 3:  6000000 integrand evaluations so far
[1] 180.003 +- 33.7651  	chisq 0.992458 (2 df)

Iteration 4:  10000000 integrand evaluations so far
[1] 174.811 +- 25.796  	chisq 1.04925 (3 df)

Iteration 5:  15000000 integrand evaluations so far
[1] 175.105 +- 25.7943  	chisq 2.02911 (4 df)

Iteration 6:  21000000 integrand evaluations so far
[1] 177.184 +- 25.0401  	chisq 2.14185 (5 df)

Iteration 7:  28000000 integrand evaluations so far
[1] 177.569 +- 25.0379  	chisq 3.45477 (6 df)

Iteration 8:  36000000 integrand evaluations so far
[1] 172.789 +- 22.8731  	chisq 3.67506 (7 df)

Iteration 9:  45000000 integrand evaluations so far
[1] 158.182 +- 16.2499  	chisq 4.4985 (8 df)

Iteration 10:  55000000 integrand evaluations so far
[1] 146.092 +- 8.16946  	chisq 5.23936 (9 df)
   146.1 ±    8.2        (1.01mi) ┃     167 ±     25        (  39mi) ┃
┃   58 -    60 ┃   36 -    37 ┃  151.69 ±   0.11        (1.63mi) ┃-130.991 ±  0.034        (2.95mi) ┃Vegas input parameters:
  ndim 10
  ncomp 1
  nvec 1
  epsrel 0
  epsabs 0
  flags 10
  seed 123456
  mineval 50000000
  maxeval 50000000
  nstart 1000000
  nincrease 1000000
  nbatch 5000
  gridno 0
  statefile ""

Iteration 1:  1000000 integrand evaluations so far
[1] 32.8528 +- 83.6767  	chisq 0 (0 df)

Iteration 2:  3000000 integrand evaluations so far
[1] 13.8605 +- 71.2649  	chisq 0.187564 (1 df)

Iteration 3:  6000000 integrand evaluations so far
[1] 13.221 +- 70.1155  	chisq 0.190081 (2 df)

Iteration 4:  10000000 integrand evaluations so far
[1] -22.1445 +- 56.7764  	chisq 0.929005 (3 df)

Iteration 5:  15000000 integrand evaluations so far
[1] 27.1628 +- 29.6689  	chisq 1.96651 (4 df)

Iteration 6:  21000000 integrand evaluations so far
[1] 27.7235 +- 27.8807  	chisq 1.96957 (5 df)

Iteration 7:  28000000 integrand evaluations so far
[1] 29.5351 +- 27.8039  	chisq 2.7373 (6 df)

Iteration 8:  36000000 integrand evaluations so far
[1] 36.2555 +- 24.5109  	chisq 2.99947 (7 df)

Iteration 9:  45000000 integrand evaluations so far
[1] 40.5994 +- 23.9005  	chisq 3.63804 (8 df)

Iteration 10:  55000000 integrand evaluations so far
[1] 32.8152 +- 22.3233  	chisq 4.46915 (9 df)
      33 ±     22        (2.66mi) ┃Vegas input parameters:
  ndim 8
  ncomp 1
  nvec 1
  epsrel 0
  epsabs 0
  flags 10
  seed 123456
  mineval 5000000
  maxeval 50000000
  nstart 1000000
  nincrease 1000000
  nbatch 5000
  gridno 0
  statefile ""

Iteration 1:  1000000 integrand evaluations so far
[1] 131.606 +- 34.5775  	chisq 0 (0 df)

Iteration 2:  3000000 integrand evaluations so far
[1] 56.8954 +- 16.8734  	chisq 6.12772 (1 df)

Iteration 3:  6000000 integrand evaluations so far
[1] 35.1544 +- 6.2007  	chisq 8.04708 (2 df)

Iteration 4:  10000000 integrand evaluations so far
[1] 35.3966 +- 6.19838  	chisq 10.0887 (3 df)

Iteration 5:  15000000 integrand evaluations so far
[1] 38.2806 +- 6.10275  	chisq 17.1595 (4 df)

Iteration 6:  21000000 integrand evaluations so far
[1] 41.2849 +- 6.03447  	chisq 28.0505 (5 df)

Iteration 7:  28000000 integrand evaluations so far
[1] 53.8311 +- 5.66324  	chisq 64.2976 (6 df)

Iteration 8:  36000000 integrand evaluations so far
[1] 82.2721 +- 4.47987  	chisq 131.688 (7 df)

Iteration 9:  45000000 integrand evaluations so far
[1] 92.5196 +- 4.19142  	chisq 173.673 (8 df)

Iteration 10:  55000000 integrand evaluations so far
[1] 102.533 +- 3.89019  	chisq 214.861 (9 df)
   102.5 ±    3.9        (   1mi) ┃     156 ±     23        (8.25mi) ┃
┃   58 -    60 ┃   37 -    38 ┃  183.02 ±  0.079        (3.43mi) ┃-157.755 ±  0.041        (8.58mi) ┃Vegas input parameters:
  ndim 10
  ncomp 1
  nvec 1
  epsrel 0
  epsabs 0
  flags 10
  seed 123456
  mineval 50000000
  maxeval 50000000
  nstart 1000000
  nincrease 1000000
  nbatch 5000
  gridno 0
  statefile ""

Iteration 1:  1000000 integrand evaluations so far
[1] 30.1685 +- 142.013  	chisq 0 (0 df)

Iteration 2:  3000000 integrand evaluations so far
[1] 11.6564 +- 140.892  	chisq 1.07977 (1 df)

Iteration 3:  6000000 integrand evaluations so far
[1] 25.0042 +- 28.1689  	chisq 1.08912 (2 df)

Iteration 4:  10000000 integrand evaluations so far
[1] 38.3359 +- 23.9414  	chisq 1.89593 (3 df)

Iteration 5:  15000000 integrand evaluations so far
[1] 36.7038 +- 22.6162  	chisq 1.9391 (4 df)

Iteration 6:  21000000 integrand evaluations so far
[1] 41.0027 +- 22.1963  	chisq 2.92119 (5 df)

Iteration 7:  28000000 integrand evaluations so far
[1] 48.2419 +- 19.7842  	chisq 3.43872 (6 df)

Iteration 8:  36000000 integrand evaluations so far
[1] 46.2813 +- 19.7283  	chisq 5.17875 (7 df)

Iteration 9:  45000000 integrand evaluations so far
[1] 40.9852 +- 19.4694  	chisq 7.94171 (8 df)

Iteration 10:  55000000 integrand evaluations so far
[1] 39.4582 +- 18.2564  	chisq 7.99266 (9 df)
      39 ±     18        ( 2.9mi) ┃Vegas input parameters:
  ndim 8
  ncomp 1
  nvec 1
  epsrel 0
  epsabs 0
  flags 10
  seed 123456
  mineval 5000000
  maxeval 50000000
  nstart 1000000
  nincrease 1000000
  nbatch 5000
  gridno 0
  statefile ""

Iteration 1:  1000000 integrand evaluations so far
[1] 187.152 +- 44.3377  	chisq 0 (0 df)

Iteration 2:  3000000 integrand evaluations so far
[1] 187.913 +- 41.6213  	chisq 0.00247996 (1 df)

Iteration 3:  6000000 integrand evaluations so far
[1] 75.1372 +- 16.3995  	chisq 8.69357 (2 df)

Iteration 4:  10000000 integrand evaluations so far
[1] 85.7918 +- 13.9094  	chisq 10.1977 (3 df)

Iteration 5:  15000000 integrand evaluations so far
[1] 100.733 +- 11.9047  	chisq 14.5118 (4 df)

Iteration 6:  21000000 integrand evaluations so far
[1] 115.702 +- 9.50532  	chisq 18.8735 (5 df)

Iteration 7:  28000000 integrand evaluations so far
[1] 125.167 +- 7.9798  	chisq 22.2317 (6 df)

Iteration 8:  36000000 integrand evaluations so far
[1] 136.703 +- 4.80056  	chisq 25.5075 (7 df)

Iteration 9:  45000000 integrand evaluations so far
[1] 141.631 +- 3.16566  	chisq 27.372 (8 df)

Iteration 10:  55000000 integrand evaluations so far
[1] 142.656 +- 2.15619  	chisq 27.5674 (9 df)
   142.7 ±    2.2        ( 58.9s) ┃     207 ±     18        (15.9mi) ┃
┃   58 -    60 ┃   38 -    39 ┃ 159.972 ±  0.052        (6.48mi) ┃-137.821 ±  0.068        (12.7mi) ┃Vegas input parameters:
  ndim 10
  ncomp 1
  nvec 1
  epsrel 0
  epsabs 0
  flags 10
  seed 123456
  mineval 50000000
  maxeval 50000000
  nstart 1000000
  nincrease 1000000
  nbatch 5000
  gridno 0
  statefile ""

Iteration 1:  1000000 integrand evaluations so far
[1] 622.905 +- 551.328  	chisq 0 (0 df)

Iteration 2:  3000000 integrand evaluations so far
[1] -34.2749 +- 54.8795  	chisq 1.43507 (1 df)

Iteration 3:  6000000 integrand evaluations so far
[1] -62.8565 +- 50.5396  	chisq 3.22063 (2 df)

Iteration 4:  10000000 integrand evaluations so far
[1] -54.5668 +- 19.9351  	chisq 3.25249 (3 df)

Iteration 5:  15000000 integrand evaluations so far
[1] -54.1602 +- 19.9308  	chisq 4.21535 (4 df)

Iteration 6:  21000000 integrand evaluations so far
[1] -56.7489 +- 19.5242  	chisq 4.63306 (5 df)

Iteration 7:  28000000 integrand evaluations so far
[1] -46.5611 +- 16.4432  	chisq 5.56968 (6 df)

Iteration 8:  36000000 integrand evaluations so far
[1] -41.906 +- 16.2078  	chisq 8.38935 (7 df)

Iteration 9:  45000000 integrand evaluations so far
[1] -39.9051 +- 15.3035  	chisq 8.52986 (8 df)

Iteration 10:  55000000 integrand evaluations so far
[1] -38.305 +- 15.1918  	chisq 9.28159 (9 df)
     -38 ±     15        (2.78mi) ┃Vegas input parameters:
  ndim 8
  ncomp 1
  nvec 1
  epsrel 0
  epsabs 0
  flags 10
  seed 123456
  mineval 5000000
  maxeval 50000000
  nstart 1000000
  nincrease 1000000
  nbatch 5000
  gridno 0
  statefile ""

Iteration 1:  1000000 integrand evaluations so far
[1] 106.853 +- 29.6062  	chisq 0 (0 df)

Iteration 2:  3000000 integrand evaluations so far
[1] 67.4619 +- 17.6165  	chisq 2.7406 (1 df)

Iteration 3:  6000000 integrand evaluations so far
[1] 73.2915 +- 17.0458  	chisq 4.45839 (2 df)

Iteration 4:  10000000 integrand evaluations so far
[1] 89.1623 +- 14.6066  	chisq 7.72088 (3 df)

Iteration 5:  15000000 integrand evaluations so far
[1] 100.939 +- 13.8937  	chisq 14.5465 (4 df)

Iteration 6:  21000000 integrand evaluations so far
[1] 109.214 +- 13.3966  	chisq 19.5941 (5 df)

Iteration 7:  28000000 integrand evaluations so far
[1] 125.071 +- 7.22696  	chisq 21.5702 (6 df)

Iteration 8:  36000000 integrand evaluations so far
[1] 130.309 +- 3.93656  	chisq 22.3173 (7 df)

Iteration 9:  45000000 integrand evaluations so far
[1] 130.646 +- 3.92505  	chisq 23.5684 (8 df)

Iteration 10:  55000000 integrand evaluations so far
[1] 131.129 +- 3.89924  	chisq 24.7242 (9 df)
   131.1 ±    3.9        ( 58.7s) ┃     115 ±     16        (22.9mi) ┃
┃   58 -    60 ┃   39 -    40 ┃ 150.769 ±  0.049        (1.58mi) ┃-130.676 ±  0.098        ( 22.5s) ┃Vegas input parameters:
  ndim 10
  ncomp 1
  nvec 1
  epsrel 0
  epsabs 0
  flags 10
  seed 123456
  mineval 50000000
  maxeval 50000000
  nstart 1000000
  nincrease 1000000
  nbatch 5000
  gridno 0
  statefile ""

Iteration 1:  1000000 integrand evaluations so far
[1] -142.096 +- 57.8628  	chisq 0 (0 df)

Iteration 2:  3000000 integrand evaluations so far
[1] -81.8661 +- 46.8148  	chisq 3.13685 (1 df)

Iteration 3:  6000000 integrand evaluations so far
[1] -56.0885 +- 43.5357  	chisq 5.37972 (2 df)

Iteration 4:  10000000 integrand evaluations so far
[1] -46.5078 +- 25.6281  	chisq 5.45383 (3 df)

Iteration 5:  15000000 integrand evaluations so far
[1] -41.2864 +- 24.6725  	chisq 6.02101 (4 df)

Iteration 6:  21000000 integrand evaluations so far
[1] -30.0221 +- 23.897  	chisq 9.38979 (5 df)

Iteration 7:  28000000 integrand evaluations so far
[1] -26.5624 +- 23.0349  	chisq 9.6856 (6 df)

Iteration 8:  36000000 integrand evaluations so far
[1] -14.4897 +- 21.9901  	chisq 12.7841 (7 df)

Iteration 9:  45000000 integrand evaluations so far
[1] -8.67656 +- 21.5084  	chisq 14.3966 (8 df)

Iteration 10:  55000000 integrand evaluations so far
[1] -10.875 +- 21.0566  	chisq 14.648 (9 df)
     -11 ±     21        (2.47mi) ┃Vegas input parameters:
  ndim 8
  ncomp 1
  nvec 1
  epsrel 0
  epsabs 0
  flags 10
  seed 123456
  mineval 5000000
  maxeval 50000000
  nstart 1000000
  nincrease 1000000
  nbatch 5000
  gridno 0
  statefile ""

Iteration 1:  1000000 integrand evaluations so far
[1] 109.031 +- 28.6083  	chisq 0 (0 df)

Iteration 2:  3000000 integrand evaluations so far
[1] 31.3849 +- 7.5245  	chisq 7.9139 (1 df)

Iteration 3:  6000000 integrand evaluations so far
[1] 32.48 +- 7.47517  	chisq 9.53513 (2 df)

Iteration 4:  10000000 integrand evaluations so far
[1] 37.0126 +- 7.25452  	chisq 15.8562 (3 df)

Iteration 5:  15000000 integrand evaluations so far
[1] 49.093 +- 6.44161  	chisq 28.9637 (4 df)

Iteration 6:  21000000 integrand evaluations so far
[1] 67.2698 +- 5.38486  	chisq 55.4004 (5 df)

Iteration 7:  28000000 integrand evaluations so far
[1] 88.0308 +- 4.09926  	chisq 90.7509 (6 df)

Iteration 8:  36000000 integrand evaluations so far
[1] 102.917 +- 3.10989  	chisq 121.819 (7 df)

Iteration 9:  45000000 integrand evaluations so far
[1] 111.29 +- 2.42452  	chisq 140.301 (8 df)

Iteration 10:  55000000 integrand evaluations so far
[1] 112.624 +- 2.31515  	chisq 143.736 (9 df)
   112.6 ±    2.3        ( 59.6s) ┃     122 ±     21        (5.42mi) ┃
┃   58 -    60 ┃   40 -    41 ┃ 160.404 ±  0.062        (6.44mi) ┃ -137.67 ±   0.13        (7.99mi) ┃Vegas input parameters:
  ndim 10
  ncomp 1
  nvec 1
  epsrel 0
  epsabs 0
  flags 10
  seed 123456
  mineval 50000000
  maxeval 50000000
  nstart 1000000
  nincrease 1000000
  nbatch 5000
  gridno 0
  statefile ""

Iteration 1:  1000000 integrand evaluations so far
[1] -39.309 +- 116.837  	chisq 0 (0 df)

Iteration 2:  3000000 integrand evaluations so far
[1] 65.4547 +- 87.7734  	chisq 1.8456 (1 df)

Iteration 3:  6000000 integrand evaluations so far
[1] -5.62637 +- 39.561  	chisq 2.66861 (2 df)

Iteration 4:  10000000 integrand evaluations so far
[1] -26.5011 +- 37.6892  	chisq 5.68228 (3 df)

Iteration 5:  15000000 integrand evaluations so far
[1] -31.8636 +- 37.3544  	chisq 6.82655 (4 df)

Iteration 6:  21000000 integrand evaluations so far
[1] -43.5139 +- 31.8826  	chisq 7.18483 (5 df)

Iteration 7:  28000000 integrand evaluations so far
[1] -48.0054 +- 31.5978  	chisq 8.30043 (6 df)

Iteration 8:  36000000 integrand evaluations so far
[1] -52.3827 +- 31.3521  	chisq 9.53928 (7 df)

Iteration 9:  45000000 integrand evaluations so far
[1] -58.1515 +- 24.0507  	chisq 9.62155 (8 df)

Iteration 10:  55000000 integrand evaluations so far
[1] -45.4593 +- 22.5937  	chisq 11.992 (9 df)
     -45 ±     23        (2.77mi) ┃Vegas input parameters:
  ndim 8
  ncomp 1
  nvec 1
  epsrel 0
  epsabs 0
  flags 10
  seed 123456
  mineval 5000000
  maxeval 50000000
  nstart 1000000
  nincrease 1000000
  nbatch 5000
  gridno 0
  statefile ""

Iteration 1:  1000000 integrand evaluations so far
[1] 131.033 +- 33.2884  	chisq 0 (0 df)

Iteration 2:  3000000 integrand evaluations so far
[1] 135.345 +- 32.7733  	chisq 0.546593 (1 df)

Iteration 3:  6000000 integrand evaluations so far
[1] 38.7038 +- 7.03206  	chisq 9.6615 (2 df)

Iteration 4:  10000000 integrand evaluations so far
[1] 46.0851 +- 6.50931  	chisq 17.3583 (3 df)

Iteration 5:  15000000 integrand evaluations so far
[1] 50.6626 +- 6.25626  	chisq 23.8448 (4 df)

Iteration 6:  21000000 integrand evaluations so far
[1] 55.062 +- 6.13067  	chisq 36.2861 (5 df)

Iteration 7:  28000000 integrand evaluations so far
[1] 62.7535 +- 5.89939  	chisq 57.5492 (6 df)

Iteration 8:  36000000 integrand evaluations so far
[1] 89.6708 +- 4.0977  	chisq 97.7754 (7 df)

Iteration 9:  45000000 integrand evaluations so far
[1] 89.8112 +- 4.09665  	chisq 100.072 (8 df)

Iteration 10:  55000000 integrand evaluations so far
[1] 93.3848 +- 3.94735  	chisq 110.705 (9 df)
    93.4 ±    3.9        ( 55.4s) ┃      71 ±     23        (18.1mi) ┃
┃   58 -    60 ┃   41 -    42 ┃  157.25 ±   0.11        (1.73mi) ┃ -134.69 ±    0.1        (  17mi) ┃Vegas input parameters:
  ndim 10
  ncomp 1
  nvec 1
  epsrel 0
  epsabs 0
  flags 10
  seed 123456
  mineval 50000000
  maxeval 50000000
  nstart 1000000
  nincrease 1000000
  nbatch 5000
  gridno 0
  statefile ""

Iteration 1:  1000000 integrand evaluations so far
[1] 12.8902 +- 100.518  	chisq 0 (0 df)

Iteration 2:  3000000 integrand evaluations so far
[1] 30.272 +- 47.557  	chisq 0.0385259 (1 df)

Iteration 3:  6000000 integrand evaluations so far
[1] 15.225 +- 45.7649  	chisq 1.39231 (2 df)

Iteration 4:  10000000 integrand evaluations so far
[1] 26.3225 +- 41.2689  	chisq 1.70704 (3 df)

Iteration 5:  15000000 integrand evaluations so far
[1] 18.1306 +- 32.2109  	chisq 1.80786 (4 df)

Iteration 6:  21000000 integrand evaluations so far
[1] 9.51669 +- 25.2605  	chisq 1.99362 (5 df)

Iteration 7:  28000000 integrand evaluations so far
[1] -11.9468 +- 19.0443  	chisq 3.66635 (6 df)

Iteration 8:  36000000 integrand evaluations so far
[1] -11.4247 +- 19.0378  	chisq 4.76978 (7 df)

Iteration 9:  45000000 integrand evaluations so far
[1] -4.55933 +- 17.973  	chisq 5.96573 (8 df)

Iteration 10:  55000000 integrand evaluations so far
[1] -9.71386 +- 16.5102  	chisq 6.49247 (9 df)
     -10 ±     17        (2.87mi) ┃Vegas input parameters:
  ndim 8
  ncomp 1
  nvec 1
  epsrel 0
  epsabs 0
  flags 10
  seed 123456
  mineval 5000000
  maxeval 50000000
  nstart 1000000
  nincrease 1000000
  nbatch 5000
  gridno 0
  statefile ""

Iteration 1:  1000000 integrand evaluations so far
[1] 159.593 +- 38.1704  	chisq 0 (0 df)

Iteration 2:  3000000 integrand evaluations so far
[1] 106.526 +- 18.6843  	chisq 2.54194 (1 df)

Iteration 3:  6000000 integrand evaluations so far
[1] 76.5912 +- 11.544  	chisq 6.69354 (2 df)

Iteration 4:  10000000 integrand evaluations so far
[1] 80.8467 +- 10.9448  	chisq 8.03762 (3 df)

Iteration 5:  15000000 integrand evaluations so far
[1] 95.7223 +- 8.75377  	chisq 13.1645 (4 df)

Iteration 6:  21000000 integrand evaluations so far
[1] 97.2505 +- 4.20334  	chisq 13.2041 (5 df)

Iteration 7:  28000000 integrand evaluations so far
[1] 102.056 +- 3.90942  	chisq 22.8883 (6 df)

Iteration 8:  36000000 integrand evaluations so far
[1] 108.478 +- 3.09639  	chisq 30.1291 (7 df)

Iteration 9:  45000000 integrand evaluations so far
[1] 112.969 +- 2.56924  	chisq 36.8816 (8 df)

Iteration 10:  55000000 integrand evaluations so far
[1] 114.859 +- 2.48289  	chisq 45.0755 (9 df)
   114.9 ±    2.5        (1.05mi) ┃     128 ±     17        (22.6mi) ┃
┃   58 -    60 ┃   42 -    43 ┃  138.35 ±   0.12        (6.01mi) ┃ -119.31 ±   0.11        (7.78mi) ┃Vegas input parameters:
  ndim 10
  ncomp 1
  nvec 1
  epsrel 0
  epsabs 0
  flags 10
  seed 123456
  mineval 50000000
  maxeval 50000000
  nstart 1000000
  nincrease 1000000
  nbatch 5000
  gridno 0
  statefile ""

Iteration 1:  1000000 integrand evaluations so far
[1] -311.199 +- 374.446  	chisq 0 (0 df)

Iteration 2:  3000000 integrand evaluations so far
[1] -92.3532 +- 132.03  	chisq 0.390083 (1 df)

Iteration 3:  6000000 integrand evaluations so far
[1] -24.9213 +- 102.98  	chisq 1.05611 (2 df)

Iteration 4:  10000000 integrand evaluations so far
[1] 0.879612 +- 100.891  	chisq 2.6192 (3 df)

Iteration 5:  15000000 integrand evaluations so far
[1] -29.2607 +- 30.3313  	chisq 2.71732 (4 df)

Iteration 6:  21000000 integrand evaluations so far
[1] -9.70169 +- 24.1037  	chisq 3.84579 (5 df)

Iteration 7:  28000000 integrand evaluations so far
[1] -1.28547 +- 23.3869  	chisq 5.92664 (6 df)

Iteration 8:  36000000 integrand evaluations so far
[1] -6.5225 +- 21.3394  	chisq 6.22614 (7 df)

Iteration 9:  45000000 integrand evaluations so far
[1] -7.99418 +- 18.1841  	chisq 6.24351 (8 df)

Iteration 10:  55000000 integrand evaluations so far
[1] 3.21129 +- 15.8412  	chisq 7.8186 (9 df)
       3 ±     16        (2.95mi) ┃Vegas input parameters:
  ndim 8
  ncomp 1
  nvec 1
  epsrel 0
  epsabs 0
  flags 10
  seed 123456
  mineval 5000000
  maxeval 50000000
  nstart 1000000
  nincrease 1000000
  nbatch 5000
  gridno 0
  statefile ""

Iteration 1:  1000000 integrand evaluations so far
[1] 142.618 +- 35.4809  	chisq 0 (0 df)

Iteration 2:  3000000 integrand evaluations so far
[1] 118.76 +- 29.0579  	chisq 1.37317 (1 df)

Iteration 3:  6000000 integrand evaluations so far
[1] 88.239 +- 18.0524  	chisq 3.16982 (2 df)

Iteration 4:  10000000 integrand evaluations so far
[1] 89.1052 +- 18.0365  	chisq 4.47858 (3 df)

Iteration 5:  15000000 integrand evaluations so far
[1] 40.2642 +- 5.72655  	chisq 12.6333 (4 df)

Iteration 6:  21000000 integrand evaluations so far
[1] 41.5891 +- 5.69413  	chisq 17.3744 (5 df)

Iteration 7:  28000000 integrand evaluations so far
[1] 47.6864 +- 5.51832  	chisq 36.2337 (6 df)

Iteration 8:  36000000 integrand evaluations so far
[1] 56.5362 +- 5.22655  	chisq 61.2159 (7 df)

Iteration 9:  45000000 integrand evaluations so far
[1] 74.7214 +- 4.52681  	chisq 109.672 (8 df)

Iteration 10:  55000000 integrand evaluations so far
[1] 99.5579 +- 3.30713  	chisq 174.23 (9 df)
    99.6 ±    3.3        (1.03mi) ┃     122 ±     16        (17.8mi) ┃
┃   58 -    60 ┃   43 -    44 ┃  170.85 ±   0.12        (2.17mi) ┃ -147.13 ±   0.11        (3.32mi) ┃Vegas input parameters:
  ndim 10
  ncomp 1
  nvec 1
  epsrel 0
  epsabs 0
  flags 10
  seed 123456
  mineval 50000000
  maxeval 50000000
  nstart 1000000
  nincrease 1000000
  nbatch 5000
  gridno 0
  statefile ""

Iteration 1:  1000000 integrand evaluations so far
[1] 180.581 +- 135.636  	chisq 0 (0 df)

Iteration 2:  3000000 integrand evaluations so far
[1] 170.589 +- 116.194  	chisq 0.0203926 (1 df)

Iteration 3:  6000000 integrand evaluations so far
[1] 137.682 +- 108.016  	chisq 0.610942 (2 df)

Iteration 4:  10000000 integrand evaluations so far
[1] 52.0609 +- 29.6073  	chisq 1.29032 (3 df)

Iteration 5:  15000000 integrand evaluations so far
[1] 23.5198 +- 25.9134  	chisq 5.26233 (4 df)

Iteration 6:  21000000 integrand evaluations so far
[1] 17.3727 +- 23.2908  	chisq 5.55514 (5 df)

Iteration 7:  28000000 integrand evaluations so far
[1] 23.0759 +- 21.6046  	chisq 5.98482 (6 df)

Iteration 8:  36000000 integrand evaluations so far
[1] 24.487 +- 21.5372  	chisq 6.66937 (7 df)

Iteration 9:  45000000 integrand evaluations so far
[1] 16.8171 +- 17.3692  	chisq 7.03214 (8 df)

Iteration 10:  55000000 integrand evaluations so far
[1] 17.3947 +- 14.4505  	chisq 7.03573 (9 df)
      17 ±     14        (2.95mi) ┃Vegas input parameters:
  ndim 8
  ncomp 1
  nvec 1
  epsrel 0
  epsabs 0
  flags 10
  seed 123456
  mineval 5000000
  maxeval 50000000
  nstart 1000000
  nincrease 1000000
  nbatch 5000
  gridno 0
  statefile ""

Iteration 1:  1000000 integrand evaluations so far
[1] 148.928 +- 39.1266  	chisq 0 (0 df)

Iteration 2:  3000000 integrand evaluations so far
[1] 86.2653 +- 22.0397  	chisq 3.75707 (1 df)

Iteration 3:  6000000 integrand evaluations so far
[1] 88.5968 +- 19.6568  	chisq 3.81178 (2 df)

Iteration 4:  10000000 integrand evaluations so far
[1] 76.7901 +- 11.1432  	chisq 4.34339 (3 df)

Iteration 5:  15000000 integrand evaluations so far
[1] 73.57 +- 5.29661  	chisq 4.45127 (4 df)

Iteration 6:  21000000 integrand evaluations so far
[1] 78.6374 +- 4.76551  	chisq 9.25641 (5 df)

Iteration 7:  28000000 integrand evaluations so far
[1] 89.6186 +- 3.90394  	chisq 25.4004 (6 df)

Iteration 8:  36000000 integrand evaluations so far
[1] 102.71 +- 2.80344  	chisq 48.6172 (7 df)

Iteration 9:  45000000 integrand evaluations so far
[1] 111.126 +- 1.9523  	chisq 66.1154 (8 df)

Iteration 10:  55000000 integrand evaluations so far
[1] 112.16 +- 1.37288  	chisq 66.6711 (9 df)
   112.2 ±    1.4        (1.07mi) ┃     153 ±     15        (9.51mi) ┃
┃   58 -    60 ┃   44 -    45 ┃ 131.021 ±  0.077        (1.78mi) ┃-112.654 ±  0.057        (13.3mi) ┃Vegas input parameters:
  ndim 10
  ncomp 1
  nvec 1
  epsrel 0
  epsabs 0
  flags 10
  seed 123456
  mineval 50000000
  maxeval 50000000
  nstart 1000000
  nincrease 1000000
  nbatch 5000
  gridno 0
  statefile ""

Iteration 1:  1000000 integrand evaluations so far
[1] -626.979 +- 667.194  	chisq 0 (0 df)

Iteration 2:  3000000 integrand evaluations so far
[1] -38.3944 +- 14.1455  	chisq 0.778591 (1 df)

Iteration 3:  6000000 integrand evaluations so far
[1] -31.9017 +- 11.966  	chisq 1.51935 (2 df)

Iteration 4:  10000000 integrand evaluations so far
[1] -31.2781 +- 11.5785  	chisq 1.56197 (3 df)

Iteration 5:  15000000 integrand evaluations so far
[1] -29.7543 +- 11.4093  	chisq 2.15902 (4 df)

Iteration 6:  21000000 integrand evaluations so far
[1] -25.9677 +- 11.013  	chisq 3.77274 (5 df)

Iteration 7:  28000000 integrand evaluations so far
[1] -29.0306 +- 10.4792  	chisq 4.59046 (6 df)

Iteration 8:  36000000 integrand evaluations so far
[1] -29.6727 +- 10.392  	chisq 4.81689 (7 df)

Iteration 9:  45000000 integrand evaluations so far
[1] -29.9823 +- 10.1234  	chisq 4.83429 (8 df)

Iteration 10:  55000000 integrand evaluations so far
[1] -29.0239 +- 10.0647  	chisq 5.61053 (9 df)
     -29 ±     10        (2.89mi) ┃Vegas input parameters:
  ndim 8
  ncomp 1
  nvec 1
  epsrel 0
  epsabs 0
  flags 10
  seed 123456
  mineval 5000000
  maxeval 50000000
  nstart 1000000
  nincrease 1000000
  nbatch 5000
  gridno 0
  statefile ""

Iteration 1:  1000000 integrand evaluations so far
[1] 104.338 +- 24.8872  	chisq 0 (0 df)

Iteration 2:  3000000 integrand evaluations so far
[1] 72.6354 +- 14.3654  	chisq 2.43346 (1 df)

Iteration 3:  6000000 integrand evaluations so far
[1] 74.7515 +- 14.2508  	chisq 3.79934 (2 df)

Iteration 4:  10000000 integrand evaluations so far
[1] 76.4423 +- 12.7056  	chisq 3.86797 (3 df)

Iteration 5:  15000000 integrand evaluations so far
[1] 84.2896 +- 10.5565  	chisq 5.09978 (4 df)

Iteration 6:  21000000 integrand evaluations so far
[1] 91.7998 +- 9.72831  	chisq 8.4571 (5 df)

Iteration 7:  28000000 integrand evaluations so far
[1] 105.07 +- 6.9388  	chisq 12.2446 (6 df)

Iteration 8:  36000000 integrand evaluations so far
[1] 112.406 +- 4.11314  	chisq 13.9678 (7 df)

Iteration 9:  45000000 integrand evaluations so far
[1] 114.034 +- 2.73526  	chisq 14.2489 (8 df)

Iteration 10:  55000000 integrand evaluations so far
[1] 114.71 +- 2.64842  	chisq 15.2244 (9 df)
   114.7 ±    2.6        (   1mi) ┃     104 ±     10        (18.9mi) ┃
┃   58 -    60 ┃   45 -    46 ┃ 125.803 ±  0.083        ( 1.7mi) ┃-108.145 ±   0.08        (   54s) ┃Vegas input parameters:
  ndim 10
  ncomp 1
  nvec 1
  epsrel 0
  epsabs 0
  flags 10
  seed 123456
  mineval 50000000
  maxeval 50000000
  nstart 1000000
  nincrease 1000000
  nbatch 5000
  gridno 0
  statefile ""

Iteration 1:  1000000 integrand evaluations so far
[1] 66.7024 +- 71.2149  	chisq 0 (0 df)

Iteration 2:  3000000 integrand evaluations so far
[1] 6.59584 +- 61.0785  	chisq 2.69414 (1 df)

Iteration 3:  6000000 integrand evaluations so far
[1] -52.9207 +- 41.9092  	chisq 4.48839 (2 df)

Iteration 4:  10000000 integrand evaluations so far
[1] -32.2969 +- 37.5455  	chisq 5.71515 (3 df)

Iteration 5:  15000000 integrand evaluations so far
[1] -2.02935 +- 28.9345  	chisq 7.31549 (4 df)

Iteration 6:  21000000 integrand evaluations so far
[1] -0.987136 +- 28.9143  	chisq 8.24576 (5 df)

Iteration 7:  28000000 integrand evaluations so far
[1] 18.2582 +- 18.1356  	chisq 8.97611 (6 df)

Iteration 8:  36000000 integrand evaluations so far
[1] 9.26638 +- 16.9606  	chisq 10.9368 (7 df)

Iteration 9:  45000000 integrand evaluations so far
[1] -0.677953 +- 15.5314  	chisq 13.0664 (8 df)

Iteration 10:  55000000 integrand evaluations so far
[1] 2.46433 +- 13.6159  	chisq 13.2432 (9 df)
       2 ±     14        (2.91mi) ┃Vegas input parameters:
  ndim 8
  ncomp 1
  nvec 1
  epsrel 0
  epsabs 0
  flags 10
  seed 123456
  mineval 5000000
  maxeval 50000000
  nstart 1000000
  nincrease 1000000
  nbatch 5000
  gridno 0
  statefile ""

Iteration 1:  1000000 integrand evaluations so far
[1] 213.495 +- 45.6392  	chisq 0 (0 df)

Iteration 2:  3000000 integrand evaluations so far
[1] 180.665 +- 34.5359  	chisq 1.21079 (1 df)

Iteration 3:  6000000 integrand evaluations so far
[1] 175.552 +- 32.1207  	chisq 1.37315 (2 df)

Iteration 4:  10000000 integrand evaluations so far
[1] 68.1289 +- 10.0136  	chisq 13.762 (3 df)

Iteration 5:  15000000 integrand evaluations so far
[1] 70.6408 +- 9.88848  	chisq 16.2962 (4 df)

Iteration 6:  21000000 integrand evaluations so far
[1] 81.5747 +- 8.04475  	chisq 19.9119 (5 df)

Iteration 7:  28000000 integrand evaluations so far
[1] 93.397 +- 6.53106  	chisq 26.2467 (6 df)

Iteration 8:  36000000 integrand evaluations so far
[1] 103.922 +- 4.7285  	chisq 31.7047 (7 df)

Iteration 9:  45000000 integrand evaluations so far
[1] 111.925 +- 2.91658  	chisq 36.3285 (8 df)

Iteration 10:  55000000 integrand evaluations so far
[1] 111.002 +- 1.68757  	chisq 36.4791 (9 df)
     111 ±    1.7        (1.01mi) ┃     131 ±     14        (6.52mi) ┃
┃   58 -    60 ┃   46 -    47 ┃ 159.802 ±  0.063        (1.03mi) ┃ -137.46 ±  0.036        (8.48mi) ┃Vegas input parameters:
  ndim 10
  ncomp 1
  nvec 1
  epsrel 0
  epsabs 0
  flags 10
  seed 123456
  mineval 50000000
  maxeval 50000000
  nstart 1000000
  nincrease 1000000
  nbatch 5000
  gridno 0
  statefile ""

Iteration 1:  1000000 integrand evaluations so far
[1] -100.157 +- 186.04  	chisq 0 (0 df)

Iteration 2:  3000000 integrand evaluations so far
[1] -44.8337 +- 42.6218  	chisq 0.0933288 (1 df)

Iteration 3:  6000000 integrand evaluations so far
[1] -33.239 +- 35.5678  	chisq 0.337077 (2 df)

Iteration 4:  10000000 integrand evaluations so far
[1] -44.5022 +- 31.2516  	chisq 0.776935 (3 df)

Iteration 5:  15000000 integrand evaluations so far
[1] -24.7619 +- 26.1239  	chisq 2.10148 (4 df)

Iteration 6:  21000000 integrand evaluations so far
[1] -25.3345 +- 14.6763  	chisq 2.10218 (5 df)

Iteration 7:  28000000 integrand evaluations so far
[1] -27.7712 +- 13.8077  	chisq 2.34217 (6 df)

Iteration 8:  36000000 integrand evaluations so far
[1] -21.0149 +- 12.8193  	chisq 4.07665 (7 df)

Iteration 9:  45000000 integrand evaluations so far
[1] -21.9876 +- 12.7754  	chisq 4.91842 (8 df)

Iteration 10:  55000000 integrand evaluations so far
[1] -17.6428 +- 11.8165  	chisq 5.71892 (9 df)
     -18 ±     12        (2.85mi) ┃Vegas input parameters:
  ndim 8
  ncomp 1
  nvec 1
  epsrel 0
  epsabs 0
  flags 10
  seed 123456
  mineval 5000000
  maxeval 50000000
  nstart 1000000
  nincrease 1000000
  nbatch 5000
  gridno 0
  statefile ""

Iteration 1:  1000000 integrand evaluations so far
[1] 112.15 +- 29.9478  	chisq 0 (0 df)

Iteration 2:  3000000 integrand evaluations so far
[1] 48.561 +- 12.6354  	chisq 5.48499 (1 df)

Iteration 3:  6000000 integrand evaluations so far
[1] 35.5698 +- 6.41907  	chisq 6.90983 (2 df)

Iteration 4:  10000000 integrand evaluations so far
[1] 41.588 +- 6.12599  	chisq 16.7608 (3 df)

Iteration 5:  15000000 integrand evaluations so far
[1] 45.9833 +- 5.89697  	chisq 23.7769 (4 df)

Iteration 6:  21000000 integrand evaluations so far
[1] 54.861 +- 5.52566  	chisq 42.3594 (5 df)

Iteration 7:  28000000 integrand evaluations so far
[1] 74.2825 +- 4.62681  	chisq 83.6933 (6 df)

Iteration 8:  36000000 integrand evaluations so far
[1] 92.2311 +- 3.0181  	chisq 109.888 (7 df)

Iteration 9:  45000000 integrand evaluations so far
[1] 93.1842 +- 2.97808  	chisq 113.674 (8 df)

Iteration 10:  55000000 integrand evaluations so far
[1] 98.2261 +- 2.71775  	chisq 130.817 (9 df)
    98.2 ±    2.7        (1.03mi) ┃     103 ±     12        (13.4mi) ┃
┃   58 -    60 ┃   47 -    48 ┃  128.79 ±   0.11        (   30s) ┃ -110.44 ±  0.064        (2.86mi) ┃Vegas input parameters:
  ndim 10
  ncomp 1
  nvec 1
  epsrel 0
  epsabs 0
  flags 10
  seed 123456
  mineval 50000000
  maxeval 50000000
  nstart 1000000
  nincrease 1000000
  nbatch 5000
  gridno 0
  statefile ""

Iteration 1:  1000000 integrand evaluations so far
[1] -78.5311 +- 119.251  	chisq 0 (0 df)

Iteration 2:  3000000 integrand evaluations so far
[1] 18.4867 +- 48.1728  	chisq 0.790956 (1 df)

Iteration 3:  6000000 integrand evaluations so far
[1] 25.6617 +- 45.5398  	chisq 0.999594 (2 df)

Iteration 4:  10000000 integrand evaluations so far
[1] 7.08431 +- 41.8485  	chisq 2.06949 (3 df)

Iteration 5:  15000000 integrand evaluations so far
[1] 6.93592 +- 41.8483  	chisq 3.07969 (4 df)

Iteration 6:  21000000 integrand evaluations so far
[1] -9.04859 +- 39.6604  	chisq 4.51247 (5 df)

Iteration 7:  28000000 integrand evaluations so far
[1] -7.54649 +- 39.5664  	chisq 4.81545 (6 df)

Iteration 8:  36000000 integrand evaluations so far
[1] 8.2735 +- 28.9134  	chisq 5.15851 (7 df)

Iteration 9:  45000000 integrand evaluations so far
[1] 6.12206 +- 26.1432  	chisq 5.18886 (8 df)

Iteration 10:  55000000 integrand evaluations so far
[1] 14.2913 +- 24.118  	chisq 5.8445 (9 df)
      14 ±     24        (   3mi) ┃Vegas input parameters:
  ndim 8
  ncomp 1
  nvec 1
  epsrel 0
  epsabs 0
  flags 10
  seed 123456
  mineval 5000000
  maxeval 50000000
  nstart 1000000
  nincrease 1000000
  nbatch 5000
  gridno 0
  statefile ""

Iteration 1:  1000000 integrand evaluations so far
[1] 98.49 +- 26.8695  	chisq 0 (0 df)

Iteration 2:  3000000 integrand evaluations so far
[1] 94.4647 +- 24.0835  	chisq 0.114142 (1 df)

Iteration 3:  6000000 integrand evaluations so far
[1] 96.9218 +- 22.5587  	chisq 0.199039 (2 df)

Iteration 4:  10000000 integrand evaluations so far
[1] 96.9483 +- 22.5587  	chisq 1.193 (3 df)

Iteration 5:  15000000 integrand evaluations so far
[1] 101.798 +- 21.9088  	chisq 2.00708 (4 df)

Iteration 6:  21000000 integrand evaluations so far
[1] 63.0391 +- 9.69768  	chisq 5.89949 (5 df)

Iteration 7:  28000000 integrand evaluations so far
[1] 66.4422 +- 7.72144  	chisq 6.23592 (6 df)

Iteration 8:  36000000 integrand evaluations so far
[1] 81.0561 +- 5.80954  	chisq 14.4913 (7 df)

Iteration 9:  45000000 integrand evaluations so far
[1] 91.4964 +- 3.0285  	chisq 18.9259 (8 df)

Iteration 10:  55000000 integrand evaluations so far
[1] 95.4956 +- 1.74787  	chisq 21.5407 (9 df)
    95.5 ±    1.7        (1.07mi) ┃     128 ±     24        (7.42mi) ┃
┃   58 -    60 ┃   48 -    49 ┃ 127.864 ± 0.0062        ( 29.2s) ┃-110.756 ±  0.046        (6.24mi) ┃Vegas input parameters:
  ndim 10
  ncomp 1
  nvec 1
  epsrel 0
  epsabs 0
  flags 10
  seed 123456
  mineval 50000000
  maxeval 50000000
  nstart 1000000
  nincrease 1000000
  nbatch 5000
  gridno 0
  statefile ""

Iteration 1:  1000000 integrand evaluations so far
[1] -70.3296 +- 79.7475  	chisq 0 (0 df)

Iteration 2:  3000000 integrand evaluations so far
[1] 43.2575 +- 52.105  	chisq 3.53991 (1 df)

Iteration 3:  6000000 integrand evaluations so far
[1] 45.9278 +- 51.7758  	chisq 3.74839 (2 df)

Iteration 4:  10000000 integrand evaluations so far
[1] 66.6275 +- 43.77  	chisq 4.30855 (3 df)

Iteration 5:  15000000 integrand evaluations so far
[1] 57.0987 +- 30.7004  	chisq 4.40184 (4 df)

Iteration 6:  21000000 integrand evaluations so far
[1] 56.8771 +- 30.3344  	chisq 4.40404 (5 df)

Iteration 7:  28000000 integrand evaluations so far
[1] 62.8635 +- 26.9923  	chisq 4.59108 (6 df)

Iteration 8:  36000000 integrand evaluations so far
[1] 62.4308 +- 26.9888  	chisq 5.5793 (7 df)

Iteration 9:  45000000 integrand evaluations so far
[1] 68.812 +- 25.4313  	chisq 6.07805 (8 df)

Iteration 10:  55000000 integrand evaluations so far
[1] 74.3912 +- 22.9763  	chisq 6.33998 (9 df)
      74 ±     23        (2.07mi) ┃Vegas input parameters:
  ndim 8
  ncomp 1
  nvec 1
  epsrel 0
  epsabs 0
  flags 10
  seed 123456
  mineval 5000000
  maxeval 50000000
  nstart 1000000
  nincrease 1000000
  nbatch 5000
  gridno 0
  statefile ""

Iteration 1:  1000000 integrand evaluations so far
[1] 118.178 +- 31.8364  	chisq 0 (0 df)

Iteration 2:  3000000 integrand evaluations so far
[1] 120.095 +- 31.7292  	chisq 0.539481 (1 df)

Iteration 3:  6000000 integrand evaluations so far
[1] 80.5137 +- 21.9366  	chisq 3.52071 (2 df)

Iteration 4:  10000000 integrand evaluations so far
[1] 47.6713 +- 10.9838  	chisq 6.51214 (3 df)

Iteration 5:  15000000 integrand evaluations so far
[1] 48.8148 +- 6.6664  	chisq 6.5293 (4 df)

Iteration 6:  21000000 integrand evaluations so far
[1] 54.3902 +- 6.24188  	chisq 12.2022 (5 df)

Iteration 7:  28000000 integrand evaluations so far
[1] 68.6225 +- 5.44073  	chisq 33.8438 (6 df)

Iteration 8:  36000000 integrand evaluations so far
[1] 80.8706 +- 4.34423  	chisq 47.8259 (7 df)

Iteration 9:  45000000 integrand evaluations so far
[1] 81.7905 +- 4.3116  	chisq 50.8218 (8 df)

Iteration 10:  55000000 integrand evaluations so far
[1] 87.1618 +- 3.93158  	chisq 60.0319 (9 df)
    87.2 ±    3.9        ( 59.2s) ┃     179 ±     23        (9.78mi) ┃
┃   58 -    60 ┃   49 -    50 ┃  138.03 ±   0.11        (3.32mi) ┃-119.337 ±  0.094        (  15mi) ┃Vegas input parameters:
  ndim 10
  ncomp 1
  nvec 1
  epsrel 0
  epsabs 0
  flags 10
  seed 123456
  mineval 50000000
  maxeval 50000000
  nstart 1000000
  nincrease 1000000
  nbatch 5000
  gridno 0
  statefile ""

Iteration 1:  1000000 integrand evaluations so far
[1] 80.3363 +- 85.9095  	chisq 0 (0 df)

Iteration 2:  3000000 integrand evaluations so far
[1] 43.7807 +- 45.739  	chisq 0.252689 (1 df)

Iteration 3:  6000000 integrand evaluations so far
[1] -8.70286 +- 33.3428  	chisq 3.06251 (2 df)

Iteration 4:  10000000 integrand evaluations so far
[1] -19.9057 +- 28.4666  	chisq 3.47892 (3 df)

Iteration 5:  15000000 integrand evaluations so far
[1] -27.3972 +- 24.2393  	chisq 3.73081 (4 df)

Iteration 6:  21000000 integrand evaluations so far
[1] -22.5221 +- 23.965  	chisq 5.5281 (5 df)

Iteration 7:  28000000 integrand evaluations so far
[1] -19.5764 +- 23.4705  	chisq 5.89804 (6 df)

Iteration 8:  36000000 integrand evaluations so far
[1] -12.6974 +- 16.6106  	chisq 6.07015 (7 df)

Iteration 9:  45000000 integrand evaluations so far
[1] -12.4888 +- 16.5997  	chisq 6.19049 (8 df)

Iteration 10:  55000000 integrand evaluations so far
[1] -7.37241 +- 15.9787  	chisq 7.48433 (9 df)
      -7 ±     16        (2.82mi) ┃Vegas input parameters:
  ndim 8
  ncomp 1
  nvec 1
  epsrel 0
  epsabs 0
  flags 10
  seed 123456
  mineval 5000000
  maxeval 50000000
  nstart 1000000
  nincrease 1000000
  nbatch 5000
  gridno 0
  statefile ""

Iteration 1:  1000000 integrand evaluations so far
[1] 106.876 +- 27.911  	chisq 0 (0 df)

Iteration 2:  3000000 integrand evaluations so far
[1] 105.95 +- 26.3321  	chisq 0.0100135 (1 df)

Iteration 3:  6000000 integrand evaluations so far
[1] 86.7697 +- 20.3338  	chisq 1.3243 (2 df)

Iteration 4:  10000000 integrand evaluations so far
[1] 83.0955 +- 16.892  	chisq 1.42966 (3 df)

Iteration 5:  15000000 integrand evaluations so far
[1] 86.293 +- 16.5623  	chisq 2.3565 (4 df)

Iteration 6:  21000000 integrand evaluations so far
[1] 89.3567 +- 11.9355  	chisq 2.42769 (5 df)

Iteration 7:  28000000 integrand evaluations so far
[1] 84.0164 +- 5.45866  	chisq 2.68082 (6 df)

Iteration 8:  36000000 integrand evaluations so far
[1] 92.1194 +- 3.94041  	chisq 7.28188 (7 df)

Iteration 9:  45000000 integrand evaluations so far
[1] 97.6928 +- 2.8874  	chisq 11.6022 (8 df)

Iteration 10:  55000000 integrand evaluations so far
[1] 100.214 +- 1.84191  	chisq 12.888 (9 df)
   100.2 ±    1.8        (1.02mi) ┃     112 ±     16        (22.1mi) ┃
┃   58 -    60 ┃   50 -    51 ┃  134.42 ±   0.13        ( 43.1s) ┃-114.879 ±  0.078        (5.71mi) ┃Vegas input parameters:
  ndim 10
  ncomp 1
  nvec 1
  epsrel 0
  epsabs 0
  flags 10
  seed 123456
  mineval 50000000
  maxeval 50000000
  nstart 1000000
  nincrease 1000000
  nbatch 5000
  gridno 0
  statefile ""

Iteration 1:  1000000 integrand evaluations so far
[1] 334.157 +- 282.541  	chisq 0 (0 df)

Iteration 2:  3000000 integrand evaluations so far
[1] -51.2118 +- 106.841  	chisq 2.17073 (1 df)

Iteration 3:  6000000 integrand evaluations so far
[1] -1.76206 +- 101.532  	chisq 4.38129 (2 df)

Iteration 4:  10000000 integrand evaluations so far
[1] 24.0522 +- 31.4884  	chisq 4.45281 (3 df)

Iteration 5:  15000000 integrand evaluations so far
[1] 22.9842 +- 31.3593  	chisq 4.59336 (4 df)

Iteration 6:  21000000 integrand evaluations so far
[1] 30.8092 +- 30.5238  	chisq 5.77766 (5 df)

Iteration 7:  28000000 integrand evaluations so far
[1] 34.8156 +- 26.5044  	chisq 5.84768 (6 df)

Iteration 8:  36000000 integrand evaluations so far
[1] -2.66893 +- 15.8623  	chisq 8.96407 (7 df)

Iteration 9:  45000000 integrand evaluations so far
[1] -1.78339 +- 15.3182  	chisq 9.01029 (8 df)

Iteration 10:  55000000 integrand evaluations so far
[1] -2.43283 +- 13.8358  	chisq 9.02005 (9 df)
      -2 ±     14        (2.95mi) ┃Vegas input parameters:
  ndim 8
  ncomp 1
  nvec 1
  epsrel 0
  epsabs 0
  flags 10
  seed 123456
  mineval 5000000
  maxeval 50000000
  nstart 1000000
  nincrease 1000000
  nbatch 5000
  gridno 0
  statefile ""

Iteration 1:  1000000 integrand evaluations so far
[1] 115.494 +- 30.3624  	chisq 0 (0 df)

Iteration 2:  3000000 integrand evaluations so far
[1] 88.6734 +- 22.397  	chisq 1.71168 (1 df)

Iteration 3:  6000000 integrand evaluations so far
[1] 68.0768 +- 13.0488  	chisq 2.99194 (2 df)

Iteration 4:  10000000 integrand evaluations so far
[1] 73.8196 +- 9.6478  	chisq 3.4192 (3 df)

Iteration 5:  15000000 integrand evaluations so far
[1] 75.5194 +- 6.27315  	chisq 3.47298 (4 df)

Iteration 6:  21000000 integrand evaluations so far
[1] 84.3989 +- 5.54401  	chisq 12.6235 (5 df)

Iteration 7:  28000000 integrand evaluations so far
[1] 90.4245 +- 4.17586  	chisq 15.3538 (6 df)

Iteration 8:  36000000 integrand evaluations so far
[1] 90.7672 +- 4.1683  	chisq 17.2161 (7 df)

Iteration 9:  45000000 integrand evaluations so far
[1] 93.1251 +- 3.93068  	chisq 20.1049 (8 df)

Iteration 10:  55000000 integrand evaluations so far
[1] 97.4852 +- 3.31989  	chisq 24.3976 (9 df)
    97.5 ±    3.3        ( 59.3s) ┃     115 ±     14        (10.4mi) ┃
┃   58 -    60 ┃   51 -    52 ┃  113.75 ±   0.11        ( 14.9s) ┃ -97.826 ±  0.014        (4.27mi) ┃Vegas input parameters:
  ndim 10
  ncomp 1
  nvec 1
  epsrel 0
  epsabs 0
  flags 10
  seed 123456
  mineval 50000000
  maxeval 50000000
  nstart 1000000
  nincrease 1000000
  nbatch 5000
  gridno 0
  statefile ""

Iteration 1:  1000000 integrand evaluations so far
[1] 439.735 +- 406.381  	chisq 0 (0 df)

Iteration 2:  3000000 integrand evaluations so far
[1] -37.2654 +- 32.5841  	chisq 1.38666 (1 df)

Iteration 3:  6000000 integrand evaluations so far
[1] -17.4555 +- 29.3683  	chisq 3.35641 (2 df)

Iteration 4:  10000000 integrand evaluations so far
[1] -25.5703 +- 23.2603  	chisq 3.56126 (3 df)

Iteration 5:  15000000 integrand evaluations so far
[1] -12.8049 +- 21.8598  	chisq 6.13993 (4 df)

Iteration 6:  21000000 integrand evaluations so far
[1] -14.3769 +- 18.3868  	chisq 6.15761 (5 df)

Iteration 7:  28000000 integrand evaluations so far
[1] -14.1498 +- 18.3849  	chisq 6.92244 (6 df)

Iteration 8:  36000000 integrand evaluations so far
[1] -24.427 +- 15.0814  	chisq 7.87779 (7 df)

Iteration 9:  45000000 integrand evaluations so far
[1] -25.7527 +- 14.8832  	chisq 8.17374 (8 df)

Iteration 10:  55000000 integrand evaluations so far
[1] -27.3493 +- 14.7731  	chisq 8.95384 (9 df)
     -27 ±     15        (2.87mi) ┃Vegas input parameters:
  ndim 8
  ncomp 1
  nvec 1
  epsrel 0
  epsabs 0
  flags 10
  seed 123456
  mineval 5000000
  maxeval 50000000
  nstart 1000000
  nincrease 1000000
  nbatch 5000
  gridno 0
  statefile ""

Iteration 1:  1000000 integrand evaluations so far
[1] 127.952 +- 30.9633  	chisq 0 (0 df)

Iteration 2:  3000000 integrand evaluations so far
[1] 43.9649 +- 8.05411  	chisq 7.89136 (1 df)

Iteration 3:  6000000 integrand evaluations so far
[1] 44.2429 +- 8.04925  	chisq 8.8787 (2 df)

Iteration 4:  10000000 integrand evaluations so far
[1] 45.0572 +- 8.02857  	chisq 10.8729 (3 df)

Iteration 5:  15000000 integrand evaluations so far
[1] 49.5344 +- 7.63326  	chisq 14.1105 (4 df)

Iteration 6:  21000000 integrand evaluations so far
[1] 60.6149 +- 6.32363  	chisq 20.8277 (5 df)

Iteration 7:  28000000 integrand evaluations so far
[1] 73.9598 +- 4.94981  	chisq 32.3262 (6 df)

Iteration 8:  36000000 integrand evaluations so far
[1] 76.7808 +- 4.77306  	chisq 36.957 (7 df)

Iteration 9:  45000000 integrand evaluations so far
[1] 81.833 +- 4.17614  	chisq 41.7352 (8 df)

Iteration 10:  55000000 integrand evaluations so far
[1] 86.9454 +- 2.53247  	chisq 44.1054 (9 df)
    86.9 ±    2.5        (1.01mi) ┃      76 ±     15        (8.41mi) ┃
┃   58 -    60 ┃   52 -    53 ┃ 138.465 ±  0.068        (3.61mi) ┃-119.085 ±  0.022        (5.64mi) ┃Vegas input parameters:
  ndim 10
  ncomp 1
  nvec 1
  epsrel 0
  epsabs 0
  flags 10
  seed 123456
  mineval 50000000
  maxeval 50000000
  nstart 1000000
  nincrease 1000000
  nbatch 5000
  gridno 0
  statefile ""

Iteration 1:  1000000 integrand evaluations so far
[1] -123.634 +- 132.241  	chisq 0 (0 df)

Iteration 2:  3000000 integrand evaluations so far
[1] -126.17 +- 89.6649  	chisq 0.00068083 (1 df)

Iteration 3:  6000000 integrand evaluations so far
[1] -10.7217 +- 22.5367  	chisq 1.77026 (2 df)

Iteration 4:  10000000 integrand evaluations so far
[1] -13.0429 +- 22.2532  	chisq 2.19443 (3 df)

Iteration 5:  15000000 integrand evaluations so far
[1] -6.14716 +- 21.8407  	chisq 4.80934 (4 df)

Iteration 6:  21000000 integrand evaluations so far
[1] -7.75738 +- 21.7937  	chisq 6.07121 (5 df)

Iteration 7:  28000000 integrand evaluations so far
[1] -8.67923 +- 21.771  	chisq 6.93351 (6 df)

Iteration 8:  36000000 integrand evaluations so far
[1] -6.39818 +- 21.4071  	chisq 7.26464 (7 df)

Iteration 9:  45000000 integrand evaluations so far
[1] -8.84702 +- 20.5221  	chisq 7.42625 (8 df)

Iteration 10:  55000000 integrand evaluations so far
[1] -7.78289 +- 14.8965  	chisq 7.43193 (9 df)
      -8 ±     15        (2.83mi) ┃Vegas input parameters:
  ndim 8
  ncomp 1
  nvec 1
  epsrel 0
  epsabs 0
  flags 10
  seed 123456
  mineval 5000000
  maxeval 50000000
  nstart 1000000
  nincrease 1000000
  nbatch 5000
  gridno 0
  statefile ""

Iteration 1:  1000000 integrand evaluations so far
[1] 154.444 +- 36.5473  	chisq 0 (0 df)

Iteration 2:  3000000 integrand evaluations so far
[1] 74.0427 +- 16.3943  	chisq 6.05881 (1 df)

Iteration 3:  6000000 integrand evaluations so far
[1] 76.396 +- 16.0851  	chisq 6.61028 (2 df)

Iteration 4:  10000000 integrand evaluations so far
[1] 78.0042 +- 15.8699  	chisq 6.98644 (3 df)

Iteration 5:  15000000 integrand evaluations so far
[1] 78.0761 +- 13.7658  	chisq 6.98652 (4 df)

Iteration 6:  21000000 integrand evaluations so far
[1] 80.1908 +- 9.8172  	chisq 7.03455 (5 df)

Iteration 7:  28000000 integrand evaluations so far
[1] 89.7005 +- 7.63252  	chisq 9.40678 (6 df)

Iteration 8:  36000000 integrand evaluations so far
[1] 97.1895 +- 5.14311  	chisq 11.1703 (7 df)

Iteration 9:  45000000 integrand evaluations so far
[1] 100.362 +- 4.42769  	chisq 12.6398 (8 df)

Iteration 10:  55000000 integrand evaluations so far
[1] 104.532 +- 3.84865  	chisq 16.2688 (9 df)
   104.5 ±    3.8        (1.05mi) ┃     116 ±     15        (13.1mi) ┃
┃   58 -    60 ┃   53 -    54 ┃ 116.581 ±  0.076        ( 1.7mi) ┃  -99.64 ±  0.054        (1.52mi) ┃Vegas input parameters:
  ndim 10
  ncomp 1
  nvec 1
  epsrel 0
  epsabs 0
  flags 10
  seed 123456
  mineval 50000000
  maxeval 50000000
  nstart 1000000
  nincrease 1000000
  nbatch 5000
  gridno 0
  statefile ""

Iteration 1:  1000000 integrand evaluations so far
[1] 31.862 +- 193.287  	chisq 0 (0 df)

Iteration 2:  3000000 integrand evaluations so far
[1] 130.473 +- 77.6732  	chisq 0.310406 (1 df)

Iteration 3:  6000000 integrand evaluations so far
[1] 20.1112 +- 26.4968  	chisq 2.59507 (2 df)

Iteration 4:  10000000 integrand evaluations so far
[1] 25.4158 +- 26.0491  	chisq 3.79123 (3 df)

Iteration 5:  15000000 integrand evaluations so far
[1] -4.18268 +- 17.3824  	chisq 6.11869 (4 df)

Iteration 6:  21000000 integrand evaluations so far
[1] -3.46092 +- 16.4651  	chisq 6.13547 (5 df)

Iteration 7:  28000000 integrand evaluations so far
[1] -3.64524 +- 13.6877  	chisq 6.13588 (6 df)

Iteration 8:  36000000 integrand evaluations so far
[1] -1.30573 +- 13.519  	chisq 7.32856 (7 df)

Iteration 9:  45000000 integrand evaluations so far
[1] 0.776487 +- 13.3779  	chisq 8.47073 (8 df)

Iteration 10:  55000000 integrand evaluations so far
[1] 0.739971 +- 13.3778  	chisq 9.4598 (9 df)
       1 ±     13        ( 2.9mi) ┃Vegas input parameters:
  ndim 8
  ncomp 1
  nvec 1
  epsrel 0
  epsabs 0
  flags 10
  seed 123456
  mineval 5000000
  maxeval 50000000
  nstart 1000000
  nincrease 1000000
  nbatch 5000
  gridno 0
  statefile ""

Iteration 1:  1000000 integrand evaluations so far
[1] 97.008 +- 30.4034  	chisq 0 (0 df)

Iteration 2:  3000000 integrand evaluations so far
[1] 27.3389 +- 9.45794  	chisq 5.81354 (1 df)

Iteration 3:  6000000 integrand evaluations so far
[1] 28.9008 +- 9.36497  	chisq 7.20762 (2 df)

Iteration 4:  10000000 integrand evaluations so far
[1] 32.0393 +- 7.30737  	chisq 7.49476 (3 df)

Iteration 5:  15000000 integrand evaluations so far
[1] 34.7505 +- 7.20246  	chisq 12.3238 (4 df)

Iteration 6:  21000000 integrand evaluations so far
[1] 37.3887 +- 7.08315  	chisq 16.4072 (5 df)

Iteration 7:  28000000 integrand evaluations so far
[1] 53.0633 +- 4.80236  	chisq 25.4706 (6 df)

Iteration 8:  36000000 integrand evaluations so far
[1] 60.9013 +- 4.22633  	chisq 37.2829 (7 df)

Iteration 9:  45000000 integrand evaluations so far
[1] 63.9617 +- 4.14171  	chisq 50.5098 (8 df)

Iteration 10:  55000000 integrand evaluations so far
[1] 75.3093 +- 3.3773  	chisq 72.9137 (9 df)
    75.3 ±    3.4        (1.03mi) ┃      93 ±     14        (7.14mi) ┃
┃   58 -    60 ┃   54 -    55 ┃ 100.264 ±  0.082        ( 27.5s) ┃ -86.531 ±  0.022        (11.6mi) ┃Vegas input parameters:
  ndim 10
  ncomp 1
  nvec 1
  epsrel 0
  epsabs 0
  flags 10
  seed 123456
  mineval 50000000
  maxeval 50000000
  nstart 1000000
  nincrease 1000000
  nbatch 5000
  gridno 0
  statefile ""

Iteration 1:  1000000 integrand evaluations so far
[1] -19.7164 +- 236.038  	chisq 0 (0 df)

Iteration 2:  3000000 integrand evaluations so far
[1] -20.6052 +- 36.3887  	chisq 1.45228e-05 (1 df)

Iteration 3:  6000000 integrand evaluations so far
[1] -31.6392 +- 27.8771  	chisq 0.222587 (2 df)

Iteration 4:  10000000 integrand evaluations so far
[1] -23.5699 +- 27.2684  	chisq 2.16228 (3 df)

Iteration 5:  15000000 integrand evaluations so far
[1] -18.9256 +- 27.0155  	chisq 3.73386 (4 df)

Iteration 6:  21000000 integrand evaluations so far
[1] -18.4968 +- 23.3864  	chisq 3.73487 (5 df)

Iteration 7:  28000000 integrand evaluations so far
[1] 6.85168 +- 19.4908  	chisq 7.58174 (6 df)

Iteration 8:  36000000 integrand evaluations so far
[1] 14.6956 +- 18.9988  	chisq 10.8308 (7 df)

Iteration 9:  45000000 integrand evaluations so far
[1] 5.88265 +- 16.4403  	chisq 11.6874 (8 df)

Iteration 10:  55000000 integrand evaluations so far
[1] -1.7684 +- 15.3379  	chisq 13.3585 (9 df)
      -2 ±     15        (2.69mi) ┃Vegas input parameters:
  ndim 8
  ncomp 1
  nvec 1
  epsrel 0
  epsabs 0
  flags 10
  seed 123456
  mineval 5000000
  maxeval 50000000
  nstart 1000000
  nincrease 1000000
  nbatch 5000
  gridno 0
  statefile ""

Iteration 1:  1000000 integrand evaluations so far
[1] 105.562 +- 27.0509  	chisq 0 (0 df)

Iteration 2:  3000000 integrand evaluations so far
[1] 68.094 +- 15.2666  	chisq 2.81517 (1 df)

Iteration 3:  6000000 integrand evaluations so far
[1] 58.5407 +- 9.89155  	chisq 3.49008 (2 df)

Iteration 4:  10000000 integrand evaluations so far
[1] 62.9369 +- 8.86925  	chisq 4.49778 (3 df)

Iteration 5:  15000000 integrand evaluations so far
[1] 67.967 +- 8.33579  	chisq 7.25447 (4 df)

Iteration 6:  21000000 integrand evaluations so far
[1] 74.9168 +- 5.805  	chisq 8.60413 (5 df)

Iteration 7:  28000000 integrand evaluations so far
[1] 81.3118 +- 4.29  	chisq 11.2781 (6 df)

Iteration 8:  36000000 integrand evaluations so far
[1] 82.5663 +- 4.15111  	chisq 12.6205 (7 df)

Iteration 9:  45000000 integrand evaluations so far
[1] 83.6886 +- 4.05529  	chisq 14.2223 (8 df)

Iteration 10:  55000000 integrand evaluations so far
[1] 86.6514 +- 3.26937  	chisq 15.7471 (9 df)
    86.7 ±    3.3        ( 59.9s) ┃      99 ±     16        (15.7mi) ┃
┃   58 -    60 ┃   55 -    56 ┃  126.28 ±   0.11        (   3mi) ┃-109.048 ±    0.1        (5.48mi) ┃Vegas input parameters:
  ndim 10
  ncomp 1
  nvec 1
  epsrel 0
  epsabs 0
  flags 10
  seed 123456
  mineval 50000000
  maxeval 50000000
  nstart 1000000
  nincrease 1000000
  nbatch 5000
  gridno 0
  statefile ""

Iteration 1:  1000000 integrand evaluations so far
[1] 97.1424 +- 152.534  	chisq 0 (0 df)

Iteration 2:  3000000 integrand evaluations so far
[1] 22.134 +- 56.4281  	chisq 0.280156 (1 df)

Iteration 3:  6000000 integrand evaluations so far
[1] -11.8043 +- 39.8456  	chisq 1.00163 (2 df)

Iteration 4:  10000000 integrand evaluations so far
[1] -16.5145 +- 31.2219  	chisq 1.03784 (3 df)

Iteration 5:  15000000 integrand evaluations so far
[1] -32.0891 +- 23.9525  	chisq 1.64261 (4 df)

Iteration 6:  21000000 integrand evaluations so far
[1] -21.8196 +- 22.1849  	chisq 2.93579 (5 df)

Iteration 7:  28000000 integrand evaluations so far
[1] -23.2439 +- 22.12  	chisq 3.6412 (6 df)

Iteration 8:  36000000 integrand evaluations so far
[1] -25.1968 +- 21.9709  	chisq 4.22127 (7 df)

Iteration 9:  45000000 integrand evaluations so far
[1] -13.3661 +- 13.5014  	chisq 4.68715 (8 df)

Iteration 10:  55000000 integrand evaluations so far
[1] -13.0315 +- 13.4146  	chisq 4.73509 (9 df)
     -13 ±     13        (2.72mi) ┃Vegas input parameters:
  ndim 8
  ncomp 1
  nvec 1
  epsrel 0
  epsabs 0
  flags 10
  seed 123456
  mineval 5000000
  maxeval 50000000
  nstart 1000000
  nincrease 1000000
  nbatch 5000
  gridno 0
  statefile ""

Iteration 1:  1000000 integrand evaluations so far
[1] 106.224 +- 26.5923  	chisq 0 (0 df)

Iteration 2:  3000000 integrand evaluations so far
[1] 53.4104 +- 12.3637  	chisq 5.03207 (1 df)

Iteration 3:  6000000 integrand evaluations so far
[1] 55.7868 +- 11.8955  	chisq 5.5292 (2 df)

Iteration 4:  10000000 integrand evaluations so far
[1] 59.3531 +- 11.2452  	chisq 6.37444 (3 df)

Iteration 5:  15000000 integrand evaluations so far
[1] 51.7045 +- 5.37373  	chisq 6.97397 (4 df)

Iteration 6:  21000000 integrand evaluations so far
[1] 59.8352 +- 3.73143  	chisq 11.395 (5 df)

Iteration 7:  28000000 integrand evaluations so far
[1] 65.4379 +- 3.0959  	chisq 18.6296 (6 df)

Iteration 8:  36000000 integrand evaluations so far
[1] 71.017 +- 1.98686  	chisq 24.1513 (7 df)

Iteration 9:  45000000 integrand evaluations so far
[1] 73.6118 +- 1.53699  	chisq 28.3985 (8 df)

Iteration 10:  55000000 integrand evaluations so far
[1] 73.6498 +- 1.53663  	chisq 29.7252 (9 df)
    73.6 ±    1.5        (1.03mi) ┃      78 ±     14        (12.2mi) ┃
┃   58 -    60 ┃   56 -    57 ┃  115.45 ±    0.1        ( 14.9s) ┃-100.191 ±  0.081        (1.81mi) ┃Vegas input parameters:
  ndim 10
  ncomp 1
  nvec 1
  epsrel 0
  epsabs 0
  flags 10
  seed 123456
  mineval 50000000
  maxeval 50000000
  nstart 1000000
  nincrease 1000000
  nbatch 5000
  gridno 0
  statefile ""

Iteration 1:  1000000 integrand evaluations so far
[1] 143.4 +- 92.9825  	chisq 0 (0 df)

Iteration 2:  3000000 integrand evaluations so far
[1] 17.6064 +- 45.3167  	chisq 2.40044 (1 df)

Iteration 3:  6000000 integrand evaluations so far
[1] 5.36705 +- 38.9804  	chisq 2.68089 (2 df)

Iteration 4:  10000000 integrand evaluations so far
[1] 3.76858 +- 38.8491  	chisq 2.93101 (3 df)

Iteration 5:  15000000 integrand evaluations so far
[1] 39.4109 +- 32.7145  	chisq 5.82472 (4 df)

Iteration 6:  21000000 integrand evaluations so far
[1] 29.9349 +- 23.5416  	chisq 5.99873 (5 df)

Iteration 7:  28000000 integrand evaluations so far
[1] -10.1645 +- 14.8025  	chisq 10.7973 (6 df)

Iteration 8:  36000000 integrand evaluations so far
[1] -10.7037 +- 14.1358  	chisq 10.8124 (7 df)

Iteration 9:  45000000 integrand evaluations so far
[1] -10.416 +- 13.3714  	chisq 10.8163 (8 df)

Iteration 10:  55000000 integrand evaluations so far
[1] -13.8345 +- 12.7999  	chisq 11.5976 (9 df)
     -14 ±     13        (2.63mi) ┃Vegas input parameters:
  ndim 8
  ncomp 1
  nvec 1
  epsrel 0
  epsabs 0
  flags 10
  seed 123456
  mineval 5000000
  maxeval 50000000
  nstart 1000000
  nincrease 1000000
  nbatch 5000
  gridno 0
  statefile ""

Iteration 1:  1000000 integrand evaluations so far
[1] 55.7517 +- 21.4378  	chisq 0 (0 df)

Iteration 2:  3000000 integrand evaluations so far
[1] 8.74569 +- 4.21992  	chisq 5.0016 (1 df)

Iteration 3:  6000000 integrand evaluations so far
[1] 7.41968 +- 2.38065  	chisq 5.14644 (2 df)

Iteration 4:  10000000 integrand evaluations so far
[1] 8.09503 +- 2.35089  	chisq 8.38573 (3 df)

Iteration 5:  15000000 integrand evaluations so far
[1] 11.1641 +- 2.2259  	chisq 24.8503 (4 df)

Iteration 6:  21000000 integrand evaluations so far
[1] 12.048 +- 2.21535  	chisq 41.5371 (5 df)

Iteration 7:  28000000 integrand evaluations so far
[1] 12.3238 +- 2.21304  	chisq 48.9613 (6 df)

Iteration 8:  36000000 integrand evaluations so far
[1] 15.8637 +- 2.15343  	chisq 97.104 (7 df)

Iteration 9:  45000000 integrand evaluations so far
[1] 20.4889 +- 2.09454  	chisq 182.622 (8 df)

Iteration 10:  55000000 integrand evaluations so far
[1] 21.5663 +- 2.0837  	chisq 208.238 (9 df)
    21.6 ±    2.1        ( 52.3s) ┃      23 ±     13        (5.57mi) ┃
┃   58 -    60 ┃   57 -    58 ┃  99.864 ±  0.063        (1.87mi) ┃ -85.925 ±  0.042        (5.62mi) ┃Vegas input parameters:
  ndim 10
  ncomp 1
  nvec 1
  epsrel 0
  epsabs 0
  flags 10
  seed 123456
  mineval 50000000
  maxeval 50000000
  nstart 1000000
  nincrease 1000000
  nbatch 5000
  gridno 0
  statefile ""

Iteration 1:  1000000 integrand evaluations so far
[1] 226.384 +- 301.616  	chisq 0 (0 df)

Iteration 2:  3000000 integrand evaluations so far
[1] -73.5464 +- 30.3482  	chisq 0.998965 (1 df)

Iteration 3:  6000000 integrand evaluations so far
[1] -74.4981 +- 28.0586  	chisq 1.00574 (2 df)

Iteration 4:  10000000 integrand evaluations so far
[1] -67.6479 +- 26.8129  	chisq 1.69229 (3 df)

Iteration 5:  15000000 integrand evaluations so far
[1] -44.6862 +- 22.2134  	chisq 4.03038 (4 df)

Iteration 6:  21000000 integrand evaluations so far
[1] -38.3722 +- 19.7733  	chisq 4.41951 (5 df)

Iteration 7:  28000000 integrand evaluations so far
[1] -11.5651 +- 15.9876  	chisq 9.72772 (6 df)

Iteration 8:  36000000 integrand evaluations so far
[1] -8.58374 +- 15.2412  	chisq 10.109 (7 df)

Iteration 9:  45000000 integrand evaluations so far
[1] -7.92257 +- 12.4624  	chisq 10.1147 (8 df)

Iteration 10:  55000000 integrand evaluations so far
[1] -5.31707 +- 12.1867  	chisq 11.1137 (9 df)
      -5 ±     12        (3.01mi) ┃Vegas input parameters:
  ndim 8
  ncomp 1
  nvec 1
  epsrel 0
  epsabs 0
  flags 10
  seed 123456
  mineval 5000000
  maxeval 50000000
  nstart 1000000
  nincrease 1000000
  nbatch 5000
  gridno 0
  statefile ""

Iteration 1:  1000000 integrand evaluations so far
[1] 76.6987 +- 25.0419  	chisq 0 (0 df)

Iteration 2:  3000000 integrand evaluations so far
[1] 17.324 +- 6.8751  	chisq 6.07998 (1 df)

Iteration 3:  6000000 integrand evaluations so far
[1] 8.35603 +- 2.20832  	chisq 7.97722 (2 df)

Iteration 4:  10000000 integrand evaluations so far
[1] 9.36777 +- 2.17634  	chisq 15.2771 (3 df)

Iteration 5:  15000000 integrand evaluations so far
[1] 13.4865 +- 2.04025  	chisq 44.8403 (4 df)

Iteration 6:  21000000 integrand evaluations so far
[1] 14.0571 +- 2.03363  	chisq 56.91 (5 df)

Iteration 7:  28000000 integrand evaluations so far
[1] 14.2365 +- 2.03185  	chisq 61.361 (6 df)

Iteration 8:  36000000 integrand evaluations so far
[1] 20.1263 +- 1.89646  	chisq 126.589 (7 df)

Iteration 9:  45000000 integrand evaluations so far
[1] 24.3284 +- 1.84119  	chisq 212.06 (8 df)

Iteration 10:  55000000 integrand evaluations so far
[1] 33.417 +- 1.71349  	chisq 394.034 (9 df)
    33.4 ±    1.7        (1.01mi) ┃      42 ±     12        (11.5mi) ┃
┃   58 -    60 ┃   58 -    59 ┃ 113.031 ±  0.041        (3.26mi) ┃  -97.49 ±  0.045        (4.09mi) ┃Vegas input parameters:
  ndim 10
  ncomp 1
  nvec 1
  epsrel 0
  epsabs 0
  flags 10
  seed 123456
  mineval 50000000
  maxeval 50000000
  nstart 1000000
  nincrease 1000000
  nbatch 5000
  gridno 0
  statefile ""

Iteration 1:  1000000 integrand evaluations so far
[1] 56.4859 +- 76.6528  	chisq 0 (0 df)

Iteration 2:  3000000 integrand evaluations so far
[1] -7.40748 +- 55.2199  	chisq 1.44437 (1 df)

Iteration 3:  6000000 integrand evaluations so far
[1] -24.6126 +- 50.3175  	chisq 2.0165 (2 df)

Iteration 4:  10000000 integrand evaluations so far
[1] 8.20275 +- 32.3911  	chisq 2.74278 (3 df)

Iteration 5:  15000000 integrand evaluations so far
[1] 9.22907 +- 32.3757  	chisq 3.79658 (4 df)

Iteration 6:  21000000 integrand evaluations so far
[1] 14.6745 +- 27.4266  	chisq 3.89677 (5 df)

Iteration 7:  28000000 integrand evaluations so far
[1] 20.0135 +- 26.3155  	chisq 4.37412 (6 df)

Iteration 8:  36000000 integrand evaluations so far
[1] 26.3241 +- 25.0913  	chisq 5.00691 (7 df)

Iteration 9:  45000000 integrand evaluations so far
[1] 20.2788 +- 21.2721  	chisq 5.2133 (8 df)

Iteration 10:  55000000 integrand evaluations so far
[1] 17.9508 +- 19.2314  	chisq 5.27887 (9 df)
      18 ±     19        (2.98mi) ┃Vegas input parameters:
  ndim 8
  ncomp 1
  nvec 1
  epsrel 0
  epsabs 0
  flags 10
  seed 123456
  mineval 5000000
  maxeval 50000000
  nstart 1000000
  nincrease 1000000
  nbatch 5000
  gridno 0
  statefile ""

Iteration 1:  1000000 integrand evaluations so far
[1] 59.2386 +- 21.3587  	chisq 0 (0 df)

Iteration 2:  3000000 integrand evaluations so far
[1] 3.83538 +- 1.59935  	chisq 6.76644 (1 df)

Iteration 3:  6000000 integrand evaluations so far
[1] 3.91496 +- 1.59845  	chisq 8.97363 (2 df)

Iteration 4:  10000000 integrand evaluations so far
[1] 3.93193 +- 1.59839  	chisq 10.4215 (3 df)

Iteration 5:  15000000 integrand evaluations so far
[1] 3.96153 +- 1.59823  	chisq 12.1145 (4 df)

Iteration 6:  21000000 integrand evaluations so far
[1] 4.20681 +- 1.59434  	chisq 16.9583 (5 df)

Iteration 7:  28000000 integrand evaluations so far
[1] 4.21394 +- 1.59433  	chisq 18.3571 (6 df)

Iteration 8:  36000000 integrand evaluations so far
[1] 4.39363 +- 1.59275  	chisq 24.7932 (7 df)

Iteration 9:  45000000 integrand evaluations so far
[1] 4.62418 +- 1.59089  	chisq 33.7471 (8 df)

Iteration 10:  55000000 integrand evaluations so far
[1] 5.8233 +- 1.57813  	chisq 69.3186 (9 df)
     5.8 ±    1.6        (1.09mi) ┃      39 ±     19        (11.4mi) ┃
┃   58 -    60 ┃   59 -    60 ┃ 106.346 ±  0.096        (1.32mi) ┃ -91.741 ± 0.0082        (22.1mi) ┃Vegas input parameters:
  ndim 10
  ncomp 1
  nvec 1
  epsrel 0
  epsabs 0
  flags 10
  seed 123456
  mineval 50000000
  maxeval 50000000
  nstart 1000000
  nincrease 1000000
  nbatch 5000
  gridno 0
  statefile ""

Iteration 1:  1000000 integrand evaluations so far
[1] -329.093 +- 267.363  	chisq 0 (0 df)

Iteration 2:  3000000 integrand evaluations so far
[1] -185.673 +- 126.319  	chisq 0.370438 (1 df)

Iteration 3:  6000000 integrand evaluations so far
[1] 0.503226 +- 22.3863  	chisq 2.61316 (2 df)

Iteration 4:  10000000 integrand evaluations so far
[1] -17.5851 +- 19.0134  	chisq 4.95624 (3 df)

Iteration 5:  15000000 integrand evaluations so far
[1] -13.8652 +- 11.1818  	chisq 5.01476 (4 df)

Iteration 6:  21000000 integrand evaluations so far
[1] -20.2587 +- 8.96257  	chisq 5.92912 (5 df)

Iteration 7:  28000000 integrand evaluations so far
[1] -20.638 +- 8.95021  	chisq 6.57932 (6 df)

Iteration 8:  36000000 integrand evaluations so far
[1] -20.0023 +- 8.91747  	chisq 7.27006 (7 df)

Iteration 9:  45000000 integrand evaluations so far
[1] -16.859 +- 8.3103  	chisq 8.21463 (8 df)

Iteration 10:  55000000 integrand evaluations so far
[1] -16.9336 +- 7.87325  	chisq 8.21542 (9 df)
   -16.9 ±    7.9        (2.79mi) ┃Vegas input parameters:
  ndim 8
  ncomp 1
  nvec 1
  epsrel 0
  epsabs 0
  flags 10
  seed 123456
  mineval 5000000
  maxeval 50000000
  nstart 1000000
  nincrease 1000000
  nbatch 5000
  gridno 0
  statefile ""

Iteration 1:  1000000 integrand evaluations so far
[1] 99.6413 +- 26.6221  	chisq 0 (0 df)

Iteration 2:  3000000 integrand evaluations so far
[1] 88.27 +- 22.5847  	chisq 0.650858 (1 df)

Iteration 3:  6000000 integrand evaluations so far
[1] 49.2234 +- 13.5775  	chisq 5.3317 (2 df)

Iteration 4:  10000000 integrand evaluations so far
[1] 54.3297 +- 11.4628  	chisq 5.82411 (3 df)

Iteration 5:  15000000 integrand evaluations so far
[1] 58.5962 +- 10.98  	chisq 7.50408 (4 df)

Iteration 6:  21000000 integrand evaluations so far
[1] 55.507 +- 5.8678  	chisq 7.61489 (5 df)

Iteration 7:  28000000 integrand evaluations so far
[1] 67.0293 +- 4.74954  	chisq 18.7969 (6 df)

Iteration 8:  36000000 integrand evaluations so far
[1] 75.9789 +- 3.37699  	chisq 25.9777 (7 df)

Iteration 9:  45000000 integrand evaluations so far
[1] 78.2669 +- 3.1979  	chisq 30.4235 (8 df)

Iteration 10:  55000000 integrand evaluations so far
[1] 83.7425 +- 2.86542  	chisq 45.2965 (9 df)
    83.7 ±    2.9        (1.07mi) ┃    81.4 ±    8.4        (27.3mi) ┃
┣━━━━━━━━━━━━━━╋━━━━━━━━━━━━━━╋━━━━━━━━━━━━━━━━━━━━━━━━━━━━━━━━━━╋━━━━━━━━━━━━━━━━━━━━━━━━━━━━━━━━━━╋━━━━━━━━━━━━━━━━━━━━━━━━━━━━━━━━━━╋━━━━━━━━━━━━━━━━━━━━━━━━━━━━━━━━━━╋━━━━━━━━━━━━━━━━━━━━━━━━━━━━━━━━━━┫
┃   56 -    60 ┃   25 -    60 ┃ 11.4103 ± 0.00092 ·10⁺⁰³ (3.21hr) ┃-9.85141 ± 0.00067 ·10⁺⁰³ (12.1hr) ┃    -130 ±    180        (3.32hr) ┃   8.849 ±  0.028 ·10⁺⁰³ (1.18hr) ┃   10.28 ±   0.18 ·10⁺⁰³ (19.8hr) ┃
┗━━━━━━━━━━━━━━┻━━━━━━━━━━━━━━┻━━━━━━━━━━━━━━━━━━━━━━━━━━━━━━━━━━┻━━━━━━━━━━━━━━━━━━━━━━━━━━━━━━━━━━┻━━━━━━━━━━━━━━━━━━━━━━━━━━━━━━━━━━┻━━━━━━━━━━━━━━━━━━━━━━━━━━━━━━━━━━┻━━━━━━━━━━━━━━━━━━━━━━━━━━━━━━━━━━┛

╍╍╍╍╍╍╍╍╍╍╍╍╍╍╍╍╍╍╍╍╍╍╍╍╍╍╍╍╍╍╍╍ Summary ╍╍╍╍╍╍╍╍╍╍╍╍╍╍╍╍╍╍╍╍╍╍╍╍╍╍╍╍╍╍╍
      Total cross section                      10.28 ± 0.18          pb
         Calculation time                               19.8       hours
              Output file                    outputs/qt_qt56_60_NNLL_muR1.0_muF2.0.root            
      Result in text file                    outputs/qt_qt56_60_NNLL_muR1.0_muF2.0.txt            

╍╍╍╍╍╍╍╍╍╍╍╍╍╍╍╍╍╍╍╍╍╍╍╍╍╍╍╍╍╍╍╍╍╍╍╍╍╍╍╍╍╍╍╍╍╍╍╍╍╍╍╍╍╍╍╍╍╍╍╍╍╍╍╍╍╍╍╍╍╍╍╍

