
╍╍╍╍╍╍╍╍╍╍╍╍╍╍╍╍╍╍╍╍╍╍╍╍╍╍╍ Process settings ╍╍╍╍╍╍╍╍╍╍╍╍╍╍╍╍╍╍╍╍╍╍╍╍╍╍╍
   proton-proton collisions at sqrt(s) = 13000 GeV 
   Computing NNLO+NNLL resummed cross section
   W+ ->  nu(p3)+e+(p4) production 

╍╍╍╍╍╍╍╍╍╍╍╍╍╍╍╍╍╍╍╍╍╍╍╍╍╍╍╍╍╍ CKM matrix ╍╍╍╍╍╍╍╍╍╍╍╍╍╍╍╍╍╍╍╍╍╍╍╍╍╍╍╍╍╍
     | Vud Vus Vub |   |   0.97427   0.2253  0.00351 | 
     | Vcd Vcs Vcb | = |    0.2252  0.97344   0.0412 | 
     | Vtd Vts Vtb |   |         0        0        0 | 

╍╍╍╍╍╍╍╍╍╍╍╍╍╍╍╍╍╍╍╍╍╍╍╍╍╍╍╍╍ EW parameters ╍╍╍╍╍╍╍╍╍╍╍╍╍╍╍╍╍╍╍╍╍╍╍╍╍╍╍╍
                                         Gf =  1.1663787e-05      GeV^-2
                                    1/alpha =  132.233229791            
                                 sin(thW)^2 = 0.222897222524            
                                     W mass =         80.385         GeV
                                     Z mass =        91.1876         GeV
                                    W width =          2.091         GeV
                                    Z width =          2.495         GeV

╍╍╍╍╍╍╍╍╍╍╍╍╍╍╍╍╍╍╍╍╍╍╍╍╍╍╍╍╍ QCD settings ╍╍╍╍╍╍╍╍╍╍╍╍╍╍╍╍╍╍╍╍╍╍╍╍╍╍╍╍╍
   Renormalization scale:     dynamic muren =            0.5      * m_ll
     Factorization scale:     dynamic mufac =              1      * m_ll
       Resummation scale:     dynamic mures =              1      * m_ll
          Strong coupling       alpha_s(MZ) =       0.118001            
                              running order =              3       -loop
         Non-perturbative     form factor g =            0.7       GeV^2

╍╍╍╍╍╍╍╍╍╍╍╍╍╍╍╍╍╍╍╍╍╍╍╍╍╍╍╍╍ PDF settings ╍╍╍╍╍╍╍╍╍╍╍╍╍╍╍╍╍╍╍╍╍╍╍╍╍╍╍╍╍
                                     PDF set:MSHT20nnlo_as118            
                                  PDF member:              0            
  Mellin moments of PDFs:                    Numerical integration            
                         nodes for the quadrature:            200            
                         Intervals for the quadrature:              1            

╍╍╍╍╍╍╍╍╍╍╍╍╍╍╍╍╍╍╍╍╍╍╍╍╍╍╍╍╍╍╍ qT recoil ╍╍╍╍╍╍╍╍╍╍╍╍╍╍╍╍╍╍╍╍╍╍╍╍╍╍╍╍╍╍
  qt-recoil prescription:       Collins-Soper kt1 = p_V(x)/2; kt2 = p_V(y)/2            

╍╍╍╍╍╍╍╍╍╍╍╍╍╍╍╍╍╍╍╍╍╍╍╍╍╍╍╍╍╍╍╍╍ Cuts ╍╍╍╍╍╍╍╍╍╍╍╍╍╍╍╍╍╍╍╍╍╍╍╍╍╍╍╍╍╍╍╍╍
                                  apply cuts:           true            
                                      pt_l >               0            
                                   |eta_l| <            1000            
                                    pt_lep >              25            
                                 |eta_lep| <             2.4            
                                   pt_alep >              25            
                                |eta_alep| <             2.4            
                                  user cuts:            true            

╍╍╍╍╍╍╍╍╍╍╍╍╍╍╍╍╍╍╍╍╍╍╍╍╍╍╍╍ ResummationDamp ╍╍╍╍╍╍╍╍╍╍╍╍╍╍╍╍╍╍╍╍╍╍╍╍╍╍╍
                                    damping :             on            
                                damping mode:              1            
                                  damp above:        60.2888         GeV
                               damping width:        20.0963         GeV
                          resummation cutoff:             20         MeV

╍╍╍╍╍╍╍╍╍╍╍╍╍╍╍╍╍╍╍╍╍╍╍╍╍╍╍╍ Debug settings ╍╍╍╍╍╍╍╍╍╍╍╍╍╍╍╍╍╍╍╍╍╍╍╍╍╍╍╍
                                 timeprofile:          false            
                                     verbose:          false            
                               cubaverbosity:              2            

╍╍╍╍╍╍╍╍╍╍╍╍╍╍╍╍╍╍╍╍╍╍╍╍╍╍╍╍╍╍╍╍╍╍╍╍╍╍╍╍╍╍╍╍╍╍╍╍╍╍╍╍╍╍╍╍╍╍╍╍╍╍╍╍╍╍╍╍╍╍╍╍

Warning: Histogram `a1_qt` contains non-integrable observable and will be deleted 
Warning: Histogram `a1_qt_vs_y` contains non-integrable observable and will be deleted 
Warning: Histogram `s_biganswer` contains non-integrable observable and will be deleted 
Warning: Histogram `wgt_a1_qt` contains non-integrable observable and will be deleted 

╍╍╍╍╍╍╍╍╍╍╍╍╍╍╍╍╍╍╍╍╍╍╍╍╍ Integration settings ╍╍╍╍╍╍╍╍╍╍╍╍╍╍╍╍╍╍╍╍╍╍╍╍╍
             Random seeds              123456                           
           Parallel cores                   1                           

             Resummation:     cuhre (dm, dpt)         iter =           5
                                   gauss (dy)        nodes =          64
                                                 intervals =           1
            Counter term:      cuhre (dm, dy)         iter =           5
                                  gauss (dpt)        nodes =          20
                                                 intervals =           5
                V+J Real:               vegas       ncalls =    50000000
             V+J Virtual:               vegas       ncalls =     5000000

Mellin inverse transform:           gaussian         nodes =          30
                                                 intervals =           1
                               imaginary axis         zmax =           2
  Angular variable costh:     semi-analytical      ncstart =         100
   Angular variables phi:            gaussian    intervals =          20

      Constant boundaries                  q2          low =          80
                                                      high =         100
                                            y          low =          -6
                                                      high =           6
                                        costh          low =          -1
                                                      high =           1
                                       eta(l)          low =         -10
                                                      high =          10

┏━━━━━━━━━━━━━━┰━━━━━━━━━━━━━━┰━━━━━━━━━━━━━━━━━━━━━━━━━━━━━━━━━━┰━━━━━━━━━━━━━━━━━━━━━━━━━━━━━━━━━━┰━━━━━━━━━━━━━━━━━━━━━━━━━━━━━━━━━━┰━━━━━━━━━━━━━━━━━━━━━━━━━━━━━━━━━━┰━━━━━━━━━━━━━━━━━━━━━━━━━━━━━━━━━━┓
┃           qT ┃        pT(l) ┃                      Resummation ┃                     Counter term ┃                         V+J Real ┃                      V+J Virtual ┃                            TOTAL ┃
┣━━━━━━━━━━━━━━╋━━━━━━━━━━━━━━╋━━━━━━━━━━━━━━━━━━━━━━━━━━━━━━━━━━╋━━━━━━━━━━━━━━━━━━━━━━━━━━━━━━━━━━╋━━━━━━━━━━━━━━━━━━━━━━━━━━━━━━━━━━╋━━━━━━━━━━━━━━━━━━━━━━━━━━━━━━━━━━╋━━━━━━━━━━━━━━━━━━━━━━━━━━━━━━━━━━┫
┃   84 -    86 ┃   25 -    26 ┃ 10.3191 ± 0.0036        (17.1mi) ┃ -9.5752 ± 0.0029        (49.9mi) ┃Vegas input parameters:
  ndim 10
  ncomp 1
  nvec 1
  epsrel 0
  epsabs 0
  flags 10
  seed 123456
  mineval 50000000
  maxeval 50000000
  nstart 1000000
  nincrease 1000000
  nbatch 5000
  gridno 0
  statefile ""

Iteration 1:  1000000 integrand evaluations so far
[1] -61.9874 +- 71.194  	chisq 0 (0 df)

Iteration 2:  3000000 integrand evaluations so far
[1] -3.50956 +- 6.18261  	chisq 0.679803 (1 df)

Iteration 3:  6000000 integrand evaluations so far
[1] -3.93891 +- 6.15416  	chisq 1.2049 (2 df)

Iteration 4:  10000000 integrand evaluations so far
[1] -3.96556 +- 6.05135  	chisq 1.20546 (3 df)

Iteration 5:  15000000 integrand evaluations so far
[1] -4.2468 +- 5.75308  	chisq 1.22793 (4 df)

Iteration 6:  21000000 integrand evaluations so far
[1] -2.85455 +- 5.67754  	chisq 3.47294 (5 df)

Iteration 7:  28000000 integrand evaluations so far
[1] -3.34762 +- 5.64538  	chisq 4.14058 (6 df)

Iteration 8:  36000000 integrand evaluations so far
[1] -4.01317 +- 5.61825  	chisq 5.58991 (7 df)

Iteration 9:  45000000 integrand evaluations so far
[1] -4.25057 +- 5.58708  	chisq 5.75128 (8 df)

Iteration 10:  55000000 integrand evaluations so far
[1] -5.46998 +- 5.52962  	chisq 8.07936 (9 df)
    -5.5 ±    5.5        ( 3.6mi) ┃Vegas input parameters:
  ndim 8
  ncomp 1
  nvec 1
  epsrel 0
  epsabs 0
  flags 10
  seed 123456
  mineval 5000000
  maxeval 50000000
  nstart 1000000
  nincrease 1000000
  nbatch 5000
  gridno 0
  statefile ""

Iteration 1:  1000000 integrand evaluations so far
[1] 80.1438 +- 20.238  	chisq 0 (0 df)

Iteration 2:  3000000 integrand evaluations so far
[1] 28.6509 +- 6.72524  	chisq 7.27748 (1 df)

Iteration 3:  6000000 integrand evaluations so far
[1] 29.8849 +- 6.67668  	chisq 9.61779 (2 df)

Iteration 4:  10000000 integrand evaluations so far
[1] 35.3887 +- 5.6345  	chisq 11.9787 (3 df)

Iteration 5:  15000000 integrand evaluations so far
[1] 41.4851 +- 4.79656  	chisq 16.2308 (4 df)

Iteration 6:  21000000 integrand evaluations so far
[1] 45.7115 +- 4.24089  	chisq 19.7878 (5 df)

Iteration 7:  28000000 integrand evaluations so far
[1] 50.795 +- 3.54138  	chisq 24.5349 (6 df)

Iteration 8:  36000000 integrand evaluations so far
[1] 55.8757 +- 2.27997  	chisq 28.0502 (7 df)

Iteration 9:  45000000 integrand evaluations so far
[1] 59.0541 +- 1.75798  	chisq 32.8431 (8 df)

Iteration 10:  55000000 integrand evaluations so far
[1] 60.1407 +- 1.59411  	chisq 34.9925 (9 df)
    60.1 ±    1.6        (1.78mi) ┃    55.4 ±    5.8        (1.21hr) ┃
┃   84 -    86 ┃   26 -    27 ┃ 17.4617 ± 0.0039        (1.26mi) ┃-16.0192 ± 0.0027        (12.9mi) ┃Vegas input parameters:
  ndim 10
  ncomp 1
  nvec 1
  epsrel 0
  epsabs 0
  flags 10
  seed 123456
  mineval 50000000
  maxeval 50000000
  nstart 1000000
  nincrease 1000000
  nbatch 5000
  gridno 0
  statefile ""

Iteration 1:  1000000 integrand evaluations so far
[1] -71.2313 +- 79.2764  	chisq 0 (0 df)

Iteration 2:  3000000 integrand evaluations so far
[1] -4.70946 +- 4.99665  	chisq 0.706918 (1 df)

Iteration 3:  6000000 integrand evaluations so far
[1] -5.31187 +- 4.9851  	chisq 3.85376 (2 df)

Iteration 4:  10000000 integrand evaluations so far
[1] -5.48795 +- 4.94042  	chisq 3.92368 (3 df)

Iteration 5:  15000000 integrand evaluations so far
[1] -5.72361 +- 4.92554  	chisq 4.30189 (4 df)

Iteration 6:  21000000 integrand evaluations so far
[1] -5.41705 +- 4.90525  	chisq 4.77315 (5 df)

Iteration 7:  28000000 integrand evaluations so far
[1] -5.43512 +- 4.90096  	chisq 4.7809 (6 df)

Iteration 8:  36000000 integrand evaluations so far
[1] -5.1244 +- 4.88875  	chisq 5.58833 (7 df)

Iteration 9:  45000000 integrand evaluations so far
[1] -5.15502 +- 4.70752  	chisq 5.58887 (8 df)

Iteration 10:  55000000 integrand evaluations so far
[1] -4.75465 +- 4.61851  	chisq 5.78198 (9 df)
    -4.8 ±    4.6        (3.56mi) ┃Vegas input parameters:
  ndim 8
  ncomp 1
  nvec 1
  epsrel 0
  epsabs 0
  flags 10
  seed 123456
  mineval 5000000
  maxeval 50000000
  nstart 1000000
  nincrease 1000000
  nbatch 5000
  gridno 0
  statefile ""

Iteration 1:  1000000 integrand evaluations so far
[1] 67.9945 +- 18.9802  	chisq 0 (0 df)

Iteration 2:  3000000 integrand evaluations so far
[1] 12.0023 +- 3.09363  	chisq 8.94023 (1 df)

Iteration 3:  6000000 integrand evaluations so far
[1] 12.8614 +- 3.02837  	chisq 10.7877 (2 df)

Iteration 4:  10000000 integrand evaluations so far
[1] 13.5014 +- 3.00357  	chisq 13.5262 (3 df)

Iteration 5:  15000000 integrand evaluations so far
[1] 14.4587 +- 2.96632  	chisq 17.6464 (4 df)

Iteration 6:  21000000 integrand evaluations so far
[1] 15.1665 +- 2.9506  	chisq 23.0324 (5 df)

Iteration 7:  28000000 integrand evaluations so far
[1] 19.9895 +- 2.74302  	chisq 42.7143 (6 df)

Iteration 8:  36000000 integrand evaluations so far
[1] 24.9035 +- 2.56984  	chisq 68.9595 (7 df)

Iteration 9:  45000000 integrand evaluations so far
[1] 25.1383 +- 2.56633  	chisq 72.0147 (8 df)

Iteration 10:  55000000 integrand evaluations so far
[1] 27.9978 +- 2.48829  	chisq 92.7439 (9 df)
      28 ±    2.5        (1.82mi) ┃    24.7 ±    5.2        (19.5mi) ┃
┃   84 -    86 ┃   27 -    28 ┃ 10.9947 ± 0.0045        (  17mi) ┃-10.1646 ± 0.0067        (1.66hr) ┃Vegas input parameters:
  ndim 10
  ncomp 1
  nvec 1
  epsrel 0
  epsabs 0
  flags 10
  seed 123456
  mineval 50000000
  maxeval 50000000
  nstart 1000000
  nincrease 1000000
  nbatch 5000
  gridno 0
  statefile ""

Iteration 1:  1000000 integrand evaluations so far
[1] 26.5111 +- 245.009  	chisq 0 (0 df)

Iteration 2:  3000000 integrand evaluations so far
[1] 65.7822 +- 74.5197  	chisq 0.0283099 (1 df)

Iteration 3:  6000000 integrand evaluations so far
[1] 1.9274 +- 28.0601  	chisq 0.883868 (2 df)

Iteration 4:  10000000 integrand evaluations so far
[1] -6.95326 +- 26.8957  	chisq 2.11632 (3 df)

Iteration 5:  15000000 integrand evaluations so far
[1] -11.7354 +- 26.5723  	chisq 3.43879 (4 df)

Iteration 6:  21000000 integrand evaluations so far
[1] -0.452156 +- 24.8817  	chisq 4.90234 (5 df)

Iteration 7:  28000000 integrand evaluations so far
[1] -7.05426 +- 5.31619  	chisq 4.97611 (6 df)

Iteration 8:  36000000 integrand evaluations so far
[1] -6.98116 +- 4.21323  	chisq 4.97662 (7 df)

Iteration 9:  45000000 integrand evaluations so far
[1] -7.12813 +- 4.19027  	chisq 5.08856 (8 df)

Iteration 10:  55000000 integrand evaluations so far
[1] -6.63713 +- 4.17179  	chisq 6.64858 (9 df)
    -6.6 ±    4.2        (3.49mi) ┃Vegas input parameters:
  ndim 8
  ncomp 1
  nvec 1
  epsrel 0
  epsabs 0
  flags 10
  seed 123456
  mineval 5000000
  maxeval 50000000
  nstart 1000000
  nincrease 1000000
  nbatch 5000
  gridno 0
  statefile ""

Iteration 1:  1000000 integrand evaluations so far
[1] 118.125 +- 25.3603  	chisq 0 (0 df)

Iteration 2:  3000000 integrand evaluations so far
[1] 82.5925 +- 16.6907  	chisq 3.46325 (1 df)

Iteration 3:  6000000 integrand evaluations so far
[1] 83.0902 +- 16.6816  	chisq 4.27834 (2 df)

Iteration 4:  10000000 integrand evaluations so far
[1] 64.4165 +- 12.2942  	chisq 7.02128 (3 df)

Iteration 5:  15000000 integrand evaluations so far
[1] 37.3935 +- 4.82716  	chisq 12.7331 (4 df)

Iteration 6:  21000000 integrand evaluations so far
[1] 41.1807 +- 4.48392  	chisq 17.221 (5 df)

Iteration 7:  28000000 integrand evaluations so far
[1] 42.9694 +- 4.3342  	chisq 19.6442 (6 df)

Iteration 8:  36000000 integrand evaluations so far
[1] 45.0581 +- 4.11558  	chisq 22.0061 (7 df)

Iteration 9:  45000000 integrand evaluations so far
[1] 48.669 +- 3.73289  	chisq 26.347 (8 df)

Iteration 10:  55000000 integrand evaluations so far
[1] 54.9854 +- 2.75544  	chisq 32.638 (9 df)
      55 ±    2.8        (1.78mi) ┃    49.2 ±      5        (2.03hr) ┃
┃   84 -    86 ┃   28 -    29 ┃ 10.4998 ± 0.0089        (4.34mi) ┃ -9.7853 ± 0.0074        (12.3mi) ┃Vegas input parameters:
  ndim 10
  ncomp 1
  nvec 1
  epsrel 0
  epsabs 0
  flags 10
  seed 123456
  mineval 50000000
  maxeval 50000000
  nstart 1000000
  nincrease 1000000
  nbatch 5000
  gridno 0
  statefile ""

Iteration 1:  1000000 integrand evaluations so far
[1] 64.1392 +- 30.6512  	chisq 0 (0 df)

Iteration 2:  3000000 integrand evaluations so far
[1] 64.4206 +- 30.036  	chisq 0.00212058 (1 df)

Iteration 3:  6000000 integrand evaluations so far
[1] 30.5795 +- 25.212  	chisq 4.29914 (2 df)

Iteration 4:  10000000 integrand evaluations so far
[1] 28.5839 +- 23.7479  	chisq 4.3547 (3 df)

Iteration 5:  15000000 integrand evaluations so far
[1] 30.694 +- 23.3913  	chisq 4.61956 (4 df)

Iteration 6:  21000000 integrand evaluations so far
[1] 32.0961 +- 22.3428  	chisq 4.66056 (5 df)

Iteration 7:  28000000 integrand evaluations so far
[1] 15.8574 +- 14.3161  	chisq 5.55672 (6 df)

Iteration 8:  36000000 integrand evaluations so far
[1] 2.2083 +- 11.7571  	chisq 8.34894 (7 df)

Iteration 9:  45000000 integrand evaluations so far
[1] 0.887902 +- 11.6311  	chisq 8.94019 (8 df)

Iteration 10:  55000000 integrand evaluations so far
[1] 5.54004 +- 10.6846  	chisq 9.96494 (9 df)
       6 ±     11        (3.54mi) ┃Vegas input parameters:
  ndim 8
  ncomp 1
  nvec 1
  epsrel 0
  epsabs 0
  flags 10
  seed 123456
  mineval 5000000
  maxeval 50000000
  nstart 1000000
  nincrease 1000000
  nbatch 5000
  gridno 0
  statefile ""

Iteration 1:  1000000 integrand evaluations so far
[1] 103.83 +- 24.2439  	chisq 0 (0 df)

Iteration 2:  3000000 integrand evaluations so far
[1] 46.6251 +- 11.5448  	chisq 7.20024 (1 df)

Iteration 3:  6000000 integrand evaluations so far
[1] 36.8266 +- 7.29198  	chisq 8.39871 (2 df)

Iteration 4:  10000000 integrand evaluations so far
[1] 37.6699 +- 5.22048  	chisq 8.42615 (3 df)

Iteration 5:  15000000 integrand evaluations so far
[1] 37.7048 +- 5.22037  	chisq 9.47309 (4 df)

Iteration 6:  21000000 integrand evaluations so far
[1] 38.7028 +- 5.11015  	chisq 10.3479 (5 df)

Iteration 7:  28000000 integrand evaluations so far
[1] 37.7651 +- 3.98071  	chisq 10.4336 (6 df)

Iteration 8:  36000000 integrand evaluations so far
[1] 41.1503 +- 2.9511  	chisq 12.0392 (7 df)

Iteration 9:  45000000 integrand evaluations so far
[1] 42.7082 +- 2.8323  	chisq 15.5715 (8 df)

Iteration 10:  55000000 integrand evaluations so far
[1] 43.6299 +- 2.78433  	chisq 18.7249 (9 df)
    43.6 ±    2.8        (1.74mi) ┃      50 ±     11        (21.9mi) ┃
┃   84 -    86 ┃   29 -    30 ┃ 12.9339 ± 0.00081        (4.58mi) ┃-11.8818 ± 0.0091        (24.2mi) ┃Vegas input parameters:
  ndim 10
  ncomp 1
  nvec 1
  epsrel 0
  epsabs 0
  flags 10
  seed 123456
  mineval 50000000
  maxeval 50000000
  nstart 1000000
  nincrease 1000000
  nbatch 5000
  gridno 0
  statefile ""

Iteration 1:  1000000 integrand evaluations so far
[1] 113.456 +- 132.835  	chisq 0 (0 df)

Iteration 2:  3000000 integrand evaluations so far
[1] 6.31368 +- 5.11537  	chisq 0.651547 (1 df)

Iteration 3:  6000000 integrand evaluations so far
[1] 6.35668 +- 5.11519  	chisq 1.64137 (2 df)

Iteration 4:  10000000 integrand evaluations so far
[1] 6.12443 +- 5.10898  	chisq 2.49146 (3 df)

Iteration 5:  15000000 integrand evaluations so far
[1] 5.86895 +- 4.47398  	chisq 2.50218 (4 df)

Iteration 6:  21000000 integrand evaluations so far
[1] 6.75491 +- 4.4325  	chisq 4.6268 (5 df)

Iteration 7:  28000000 integrand evaluations so far
[1] 7.08983 +- 4.39528  	chisq 4.96819 (6 df)

Iteration 8:  36000000 integrand evaluations so far
[1] 7.32595 +- 4.39072  	chisq 6.35783 (7 df)

Iteration 9:  45000000 integrand evaluations so far
[1] 7.08997 +- 4.38318  	chisq 7.19978 (8 df)

Iteration 10:  55000000 integrand evaluations so far
[1] 6.54028 +- 4.35745  	chisq 8.54365 (9 df)
     6.5 ±    4.4        (3.43mi) ┃Vegas input parameters:
  ndim 8
  ncomp 1
  nvec 1
  epsrel 0
  epsabs 0
  flags 10
  seed 123456
  mineval 5000000
  maxeval 50000000
  nstart 1000000
  nincrease 1000000
  nbatch 5000
  gridno 0
  statefile ""

Iteration 1:  1000000 integrand evaluations so far
[1] 57.1406 +- 17.1834  	chisq 0 (0 df)

Iteration 2:  3000000 integrand evaluations so far
[1] 7.64561 +- 1.54522  	chisq 8.36434 (1 df)

Iteration 3:  6000000 integrand evaluations so far
[1] 7.68945 +- 1.54483  	chisq 9.95269 (2 df)

Iteration 4:  10000000 integrand evaluations so far
[1] 7.69879 +- 1.54481  	chisq 11.1519 (3 df)

Iteration 5:  15000000 integrand evaluations so far
[1] 8.01287 +- 1.53736  	chisq 15.4513 (4 df)

Iteration 6:  21000000 integrand evaluations so far
[1] 8.96055 +- 1.50909  	chisq 25.88 (5 df)

Iteration 7:  28000000 integrand evaluations so far
[1] 11.0948 +- 1.47083  	chisq 65.8279 (6 df)

Iteration 8:  36000000 integrand evaluations so far
[1] 11.9672 +- 1.45747  	chisq 85.2802 (7 df)

Iteration 9:  45000000 integrand evaluations so far
[1] 17.0726 +- 1.36637  	chisq 186.605 (8 df)

Iteration 10:  55000000 integrand evaluations so far
[1] 30.7917 +- 1.02901  	chisq 419.509 (9 df)
    30.8 ±      1        (1.73mi) ┃    38.4 ±    4.5        (33.9mi) ┃
┃   84 -    86 ┃   30 -    31 ┃ 14.5453 ± 0.0034        (2.28mi) ┃-13.3992 ± 0.0017        (25.2mi) ┃Vegas input parameters:
  ndim 10
  ncomp 1
  nvec 1
  epsrel 0
  epsabs 0
  flags 10
  seed 123456
  mineval 50000000
  maxeval 50000000
  nstart 1000000
  nincrease 1000000
  nbatch 5000
  gridno 0
  statefile ""

Iteration 1:  1000000 integrand evaluations so far
[1] 8.16243 +- 65.1896  	chisq 0 (0 df)

Iteration 2:  3000000 integrand evaluations so far
[1] 15.743 +- 64.6971  	chisq 0.898329 (1 df)

Iteration 3:  6000000 integrand evaluations so far
[1] 24.9181 +- 35.3526  	chisq 0.927002 (2 df)

Iteration 4:  10000000 integrand evaluations so far
[1] 38.9655 +- 32.4288  	chisq 1.92272 (3 df)

Iteration 5:  15000000 integrand evaluations so far
[1] 2.59498 +- 4.32693  	chisq 3.2034 (4 df)

Iteration 6:  21000000 integrand evaluations so far
[1] 2.13775 +- 4.31781  	chisq 5.85686 (5 df)

Iteration 7:  28000000 integrand evaluations so far
[1] 0.713112 +- 4.25643  	chisq 9.71288 (6 df)

Iteration 8:  36000000 integrand evaluations so far
[1] 1.02635 +- 4.2499  	chisq 11.4808 (7 df)

Iteration 9:  45000000 integrand evaluations so far
[1] 1.57632 +- 4.20156  	chisq 12.221 (8 df)

Iteration 10:  55000000 integrand evaluations so far
[1] 1.29222 +- 4.1472  	chisq 12.3989 (9 df)
     1.3 ±    4.1        (3.51mi) ┃Vegas input parameters:
  ndim 8
  ncomp 1
  nvec 1
  epsrel 0
  epsabs 0
  flags 10
  seed 123456
  mineval 5000000
  maxeval 50000000
  nstart 1000000
  nincrease 1000000
  nbatch 5000
  gridno 0
  statefile ""

Iteration 1:  1000000 integrand evaluations so far
[1] 42.044 +- 12.3091  	chisq 0 (0 df)

Iteration 2:  3000000 integrand evaluations so far
[1] 4.71297 +- 1.80571  	chisq 9.4002 (1 df)

Iteration 3:  6000000 integrand evaluations so far
[1] 4.76853 +- 1.80497  	chisq 10.5512 (2 df)

Iteration 4:  10000000 integrand evaluations so far
[1] 5.10087 +- 1.78555  	chisq 12.1357 (3 df)

Iteration 5:  15000000 integrand evaluations so far
[1] 5.96859 +- 1.74865  	chisq 17.9089 (4 df)

Iteration 6:  21000000 integrand evaluations so far
[1] 9.52851 +- 1.59624  	chisq 42.7684 (5 df)

Iteration 7:  28000000 integrand evaluations so far
[1] 9.90305 +- 1.58966  	chisq 49.4597 (6 df)

Iteration 8:  36000000 integrand evaluations so far
[1] 16.2848 +- 1.38025  	chisq 114.945 (7 df)

Iteration 9:  45000000 integrand evaluations so far
[1] 23.0846 +- 1.21  	chisq 219.791 (8 df)

Iteration 10:  55000000 integrand evaluations so far
[1] 33.9142 +- 0.83782  	chisq 373.669 (9 df)
   33.91 ±   0.84        (1.81mi) ┃    36.4 ±    4.2        (32.8mi) ┃
┃   84 -    86 ┃   31 -    32 ┃  8.6237 ± 0.0033        (8.53mi) ┃ -7.9809 ± 0.0031        (25.7mi) ┃Vegas input parameters:
  ndim 10
  ncomp 1
  nvec 1
  epsrel 0
  epsabs 0
  flags 10
  seed 123456
  mineval 50000000
  maxeval 50000000
  nstart 1000000
  nincrease 1000000
  nbatch 5000
  gridno 0
  statefile ""

Iteration 1:  1000000 integrand evaluations so far
[1] 34.5627 +- 22.9204  	chisq 0 (0 df)

Iteration 2:  3000000 integrand evaluations so far
[1] 16.7409 +- 20.5938  	chisq 3.13727 (1 df)

Iteration 3:  6000000 integrand evaluations so far
[1] 4.49039 +- 9.92751  	chisq 3.59826 (2 df)

Iteration 4:  10000000 integrand evaluations so far
[1] 1.25278 +- 9.11295  	chisq 4.2741 (3 df)

Iteration 5:  15000000 integrand evaluations so far
[1] -0.734772 +- 8.7842  	chisq 4.94552 (4 df)

Iteration 6:  21000000 integrand evaluations so far
[1] -2.31948 +- 8.38486  	chisq 5.3118 (5 df)

Iteration 7:  28000000 integrand evaluations so far
[1] -2.97793 +- 8.31651  	chisq 5.69157 (6 df)

Iteration 8:  36000000 integrand evaluations so far
[1] -3.15529 +- 8.24477  	chisq 5.71804 (7 df)

Iteration 9:  45000000 integrand evaluations so far
[1] -3.81292 +- 7.7653  	chisq 5.77438 (8 df)

Iteration 10:  55000000 integrand evaluations so far
[1] -6.04551 +- 6.3373  	chisq 6.02189 (9 df)
      -6 ±    6.3        (3.47mi) ┃Vegas input parameters:
  ndim 8
  ncomp 1
  nvec 1
  epsrel 0
  epsabs 0
  flags 10
  seed 123456
  mineval 5000000
  maxeval 50000000
  nstart 1000000
  nincrease 1000000
  nbatch 5000
  gridno 0
  statefile ""

Iteration 1:  1000000 integrand evaluations so far
[1] 81.1572 +- 24.7647  	chisq 0 (0 df)

Iteration 2:  3000000 integrand evaluations so far
[1] 79.5595 +- 22.3961  	chisq 0.0228533 (1 df)

Iteration 3:  6000000 integrand evaluations so far
[1] 82.5217 +- 22.1567  	chisq 0.845524 (2 df)

Iteration 4:  10000000 integrand evaluations so far
[1] 21.3583 +- 4.93955  	chisq 8.86443 (3 df)

Iteration 5:  15000000 integrand evaluations so far
[1] 22.8713 +- 4.82042  	chisq 10.8333 (4 df)

Iteration 6:  21000000 integrand evaluations so far
[1] 29.3077 +- 3.61337  	chisq 14.9028 (5 df)

Iteration 7:  28000000 integrand evaluations so far
[1] 35.4429 +- 3.06901  	chisq 25.2503 (6 df)

Iteration 8:  36000000 integrand evaluations so far
[1] 42.1633 +- 2.08479  	chisq 34.154 (7 df)

Iteration 9:  45000000 integrand evaluations so far
[1] 46.5848 +- 1.60162  	chisq 45.13 (8 df)

Iteration 10:  55000000 integrand evaluations so far
[1] 49.3995 +- 1.19856  	chisq 52.1496 (9 df)
    49.4 ±    1.2        (1.76mi) ┃      44 ±    6.4        (39.5mi) ┃
┃   84 -    86 ┃   32 -    33 ┃ 14.9722 ± 0.0078        (2.24mi) ┃-13.8223 ± 0.0092        (21.5mi) ┃Vegas input parameters:
  ndim 10
  ncomp 1
  nvec 1
  epsrel 0
  epsabs 0
  flags 10
  seed 123456
  mineval 50000000
  maxeval 50000000
  nstart 1000000
  nincrease 1000000
  nbatch 5000
  gridno 0
  statefile ""

Iteration 1:  1000000 integrand evaluations so far
[1] 13.4215 +- 44.2146  	chisq 0 (0 df)

Iteration 2:  3000000 integrand evaluations so far
[1] 30.7103 +- 33.8275  	chisq 0.368729 (1 df)

Iteration 3:  6000000 integrand evaluations so far
[1] 13.3516 +- 32.2382  	chisq 3.23848 (2 df)

Iteration 4:  10000000 integrand evaluations so far
[1] -1.06074 +- 25.6456  	chisq 3.78279 (3 df)

Iteration 5:  15000000 integrand evaluations so far
[1] -4.3585 +- 25.427  	chisq 4.75692 (4 df)

Iteration 6:  21000000 integrand evaluations so far
[1] 13.8502 +- 13.141  	chisq 5.45663 (5 df)

Iteration 7:  28000000 integrand evaluations so far
[1] 11.9878 +- 13.0655  	chisq 7.20993 (6 df)

Iteration 8:  36000000 integrand evaluations so far
[1] 6.51202 +- 9.36314  	chisq 7.57101 (7 df)

Iteration 9:  45000000 integrand evaluations so far
[1] 2.42904 +- 9.09048  	chisq 10.8843 (8 df)

Iteration 10:  55000000 integrand evaluations so far
[1] 3.44296 +- 9.03706  	chisq 11.9459 (9 df)
     3.4 ±      9        (3.47mi) ┃Vegas input parameters:
  ndim 8
  ncomp 1
  nvec 1
  epsrel 0
  epsabs 0
  flags 10
  seed 123456
  mineval 5000000
  maxeval 50000000
  nstart 1000000
  nincrease 1000000
  nbatch 5000
  gridno 0
  statefile ""

Iteration 1:  1000000 integrand evaluations so far
[1] 54.339 +- 17.0096  	chisq 0 (0 df)

Iteration 2:  3000000 integrand evaluations so far
[1] 6.35002 +- 2.59222  	chisq 8.1489 (1 df)

Iteration 3:  6000000 integrand evaluations so far
[1] 6.78151 +- 2.53728  	chisq 8.80966 (2 df)

Iteration 4:  10000000 integrand evaluations so far
[1] 7.61481 +- 2.47491  	chisq 11.0307 (3 df)

Iteration 5:  15000000 integrand evaluations so far
[1] 9.06124 +- 2.2716  	chisq 13.1987 (4 df)

Iteration 6:  21000000 integrand evaluations so far
[1] 10.0327 +- 2.23495  	chisq 18.9132 (5 df)

Iteration 7:  28000000 integrand evaluations so far
[1] 11.7269 +- 2.15707  	chisq 27.3053 (6 df)

Iteration 8:  36000000 integrand evaluations so far
[1] 14.9813 +- 2.00802  	chisq 44.3656 (7 df)

Iteration 9:  45000000 integrand evaluations so far
[1] 15.8857 +- 1.9912  	chisq 56.5264 (8 df)

Iteration 10:  55000000 integrand evaluations so far
[1] 22.6802 +- 1.76397  	chisq 110.629 (9 df)
    22.7 ±    1.8        (1.75mi) ┃    27.3 ±    9.2        (28.9mi) ┃
┃   84 -    86 ┃   33 -    34 ┃  13.205 ±  0.011        (4.43mi) ┃-12.2132 ± 0.0094        (23.3mi) ┃Vegas input parameters:
  ndim 10
  ncomp 1
  nvec 1
  epsrel 0
  epsabs 0
  flags 10
  seed 123456
  mineval 50000000
  maxeval 50000000
  nstart 1000000
  nincrease 1000000
  nbatch 5000
  gridno 0
  statefile ""

Iteration 1:  1000000 integrand evaluations so far
[1] 102.998 +- 86.5688  	chisq 0 (0 df)

Iteration 2:  3000000 integrand evaluations so far
[1] 29.5912 +- 25.9464  	chisq 0.789996 (1 df)

Iteration 3:  6000000 integrand evaluations so far
[1] 35.5497 +- 24.8039  	chisq 1.4023 (2 df)

Iteration 4:  10000000 integrand evaluations so far
[1] 36.997 +- 24.7533  	chisq 2.23889 (3 df)

Iteration 5:  15000000 integrand evaluations so far
[1] 11.4302 +- 19.1098  	chisq 4.8795 (4 df)

Iteration 6:  21000000 integrand evaluations so far
[1] -1.78915 +- 16.9382  	chisq 7.11182 (5 df)

Iteration 7:  28000000 integrand evaluations so far
[1] -7.46214 +- 15.7385  	chisq 7.93276 (6 df)

Iteration 8:  36000000 integrand evaluations so far
[1] -13.8432 +- 13.8021  	chisq 8.64459 (7 df)

Iteration 9:  45000000 integrand evaluations so far
[1] -14.0169 +- 13.801  	chisq 9.62044 (8 df)

Iteration 10:  55000000 integrand evaluations so far
[1] 2.21965 +- 8.41179  	chisq 11.8226 (9 df)
     2.2 ±    8.4        (3.49mi) ┃Vegas input parameters:
  ndim 8
  ncomp 1
  nvec 1
  epsrel 0
  epsabs 0
  flags 10
  seed 123456
  mineval 5000000
  maxeval 50000000
  nstart 1000000
  nincrease 1000000
  nbatch 5000
  gridno 0
  statefile ""

Iteration 1:  1000000 integrand evaluations so far
[1] 57.5648 +- 16.2925  	chisq 0 (0 df)

Iteration 2:  3000000 integrand evaluations so far
[1] 9.46364 +- 2.16066  	chisq 8.87237 (1 df)

Iteration 3:  6000000 integrand evaluations so far
[1] 10.2246 +- 1.76741  	chisq 9.24722 (2 df)

Iteration 4:  10000000 integrand evaluations so far
[1] 11.176 +- 1.7184  	chisq 14.5445 (3 df)

Iteration 5:  15000000 integrand evaluations so far
[1] 11.6435 +- 1.70979  	chisq 21.9543 (4 df)

Iteration 6:  21000000 integrand evaluations so far
[1] 12.4437 +- 1.69441  	chisq 34.1823 (5 df)

Iteration 7:  28000000 integrand evaluations so far
[1] 15.9972 +- 1.58967  	chisq 70.8916 (6 df)

Iteration 8:  36000000 integrand evaluations so far
[1] 26.6112 +- 1.16182  	chisq 166.59 (7 df)

Iteration 9:  45000000 integrand evaluations so far
[1] 26.6924 +- 1.16081  	chisq 169.404 (8 df)

Iteration 10:  55000000 integrand evaluations so far
[1] 28.1223 +- 1.13271  	chisq 201.122 (9 df)
    28.1 ±    1.1        (1.77mi) ┃    31.3 ±    8.5        (  33mi) ┃
┃   84 -    86 ┃   34 -    35 ┃ 10.2728 ± 0.0071        (2.07mi) ┃ -9.4295 ± 0.0063        (4.41mi) ┃Vegas input parameters:
  ndim 10
  ncomp 1
  nvec 1
  epsrel 0
  epsabs 0
  flags 10
  seed 123456
  mineval 50000000
  maxeval 50000000
  nstart 1000000
  nincrease 1000000
  nbatch 5000
  gridno 0
  statefile ""

Iteration 1:  1000000 integrand evaluations so far
[1] -3.53624 +- 25.1716  	chisq 0 (0 df)

Iteration 2:  3000000 integrand evaluations so far
[1] 3.74906 +- 15.7218  	chisq 0.137346 (1 df)

Iteration 3:  6000000 integrand evaluations so far
[1] 7.78662 +- 14.9519  	chisq 0.827617 (2 df)

Iteration 4:  10000000 integrand evaluations so far
[1] -2.04803 +- 11.3195  	chisq 1.84115 (3 df)

Iteration 5:  15000000 integrand evaluations so far
[1] -1.30939 +- 11.275  	chisq 2.38435 (4 df)

Iteration 6:  21000000 integrand evaluations so far
[1] -1.77304 +- 11.2671  	chisq 3.58294 (5 df)

Iteration 7:  28000000 integrand evaluations so far
[1] -1.42661 +- 11.2639  	chisq 5.25888 (6 df)

Iteration 8:  36000000 integrand evaluations so far
[1] 0.85806 +- 11.1197  	chisq 6.87672 (7 df)

Iteration 9:  45000000 integrand evaluations so far
[1] -0.144263 +- 10.8395  	chisq 7.03998 (8 df)

Iteration 10:  55000000 integrand evaluations so far
[1] -1.49463 +- 10.5923  	chisq 7.38412 (9 df)
      -1 ±     11        (3.17mi) ┃Vegas input parameters:
  ndim 8
  ncomp 1
  nvec 1
  epsrel 0
  epsabs 0
  flags 10
  seed 123456
  mineval 5000000
  maxeval 50000000
  nstart 1000000
  nincrease 1000000
  nbatch 5000
  gridno 0
  statefile ""

Iteration 1:  1000000 integrand evaluations so far
[1] 66.9372 +- 18.9915  	chisq 0 (0 df)

Iteration 2:  3000000 integrand evaluations so far
[1] 40.6693 +- 12.2837  	chisq 3.28904 (1 df)

Iteration 3:  6000000 integrand evaluations so far
[1] 41.407 +- 11.4316  	chisq 3.31598 (2 df)

Iteration 4:  10000000 integrand evaluations so far
[1] 27.4436 +- 6.30917  	chisq 5.46152 (3 df)

Iteration 5:  15000000 integrand evaluations so far
[1] 26.3198 +- 3.12928  	chisq 5.5036 (4 df)

Iteration 6:  21000000 integrand evaluations so far
[1] 30.461 +- 2.34676  	chisq 9.50589 (5 df)

Iteration 7:  28000000 integrand evaluations so far
[1] 33.7823 +- 2.00234  	chisq 16.8698 (6 df)

Iteration 8:  36000000 integrand evaluations so far
[1] 38.5697 +- 1.39913  	chisq 28.0403 (7 df)

Iteration 9:  45000000 integrand evaluations so far
[1] 39.6625 +- 1.33901  	chisq 35.2953 (8 df)

Iteration 10:  55000000 integrand evaluations so far
[1] 41.3535 +- 1.19831  	chisq 43.3048 (9 df)
    41.4 ±    1.2        (1.76mi) ┃      41 ±     11        (11.4mi) ┃
┃   84 -    86 ┃   35 -    36 ┃ 10.9527 ± 0.0092        ( 2.2mi) ┃-10.1405 ± 0.0098        (19.8mi) ┃Vegas input parameters:
  ndim 10
  ncomp 1
  nvec 1
  epsrel 0
  epsabs 0
  flags 10
  seed 123456
  mineval 50000000
  maxeval 50000000
  nstart 1000000
  nincrease 1000000
  nbatch 5000
  gridno 0
  statefile ""

Iteration 1:  1000000 integrand evaluations so far
[1] 272.153 +- 244.128  	chisq 0 (0 df)

Iteration 2:  3000000 integrand evaluations so far
[1] 265.913 +- 175.865  	chisq 0.00135798 (1 df)

Iteration 3:  6000000 integrand evaluations so far
[1] -0.891474 +- 97.4968  	chisq 3.3242 (2 df)

Iteration 4:  10000000 integrand evaluations so far
[1] 12.8972 +- 23.6137  	chisq 3.34545 (3 df)

Iteration 5:  15000000 integrand evaluations so far
[1] 11.0792 +- 23.5436  	chisq 4.34517 (4 df)

Iteration 6:  21000000 integrand evaluations so far
[1] -11.6558 +- 15.4302  	chisq 5.97978 (5 df)

Iteration 7:  28000000 integrand evaluations so far
[1] -2.93007 +- 13.9153  	chisq 7.69248 (6 df)

Iteration 8:  36000000 integrand evaluations so far
[1] -2.77386 +- 13.9144  	chisq 8.65011 (7 df)

Iteration 9:  45000000 integrand evaluations so far
[1] -4.84486 +- 5.07997  	chisq 8.67567 (8 df)

Iteration 10:  55000000 integrand evaluations so far
[1] -2.35463 +- 4.61191  	chisq 10.0427 (9 df)
    -2.4 ±    4.6        (3.44mi) ┃Vegas input parameters:
  ndim 8
  ncomp 1
  nvec 1
  epsrel 0
  epsabs 0
  flags 10
  seed 123456
  mineval 5000000
  maxeval 50000000
  nstart 1000000
  nincrease 1000000
  nbatch 5000
  gridno 0
  statefile ""

Iteration 1:  1000000 integrand evaluations so far
[1] 63.9404 +- 17.3567  	chisq 0 (0 df)

Iteration 2:  3000000 integrand evaluations so far
[1] 38.463 +- 10.4451  	chisq 3.37801 (1 df)

Iteration 3:  6000000 integrand evaluations so far
[1] 20.9343 +- 5.19164  	chisq 7.1183 (2 df)

Iteration 4:  10000000 integrand evaluations so far
[1] 21.6802 +- 5.14163  	chisq 8.19505 (3 df)

Iteration 5:  15000000 integrand evaluations so far
[1] 24.3872 +- 4.73355  	chisq 10.0133 (4 df)

Iteration 6:  21000000 integrand evaluations so far
[1] 26.3733 +- 4.5495  	chisq 12.322 (5 df)

Iteration 7:  28000000 integrand evaluations so far
[1] 29.3428 +- 2.52451  	chisq 12.9376 (6 df)

Iteration 8:  36000000 integrand evaluations so far
[1] 35.0341 +- 1.85523  	chisq 23.9878 (7 df)

Iteration 9:  45000000 integrand evaluations so far
[1] 35.5312 +- 1.83338  	chisq 27.0547 (8 df)

Iteration 10:  55000000 integrand evaluations so far
[1] 37.7022 +- 1.69963  	chisq 37.0284 (9 df)
    37.7 ±    1.7        (1.75mi) ┃    36.2 ±    4.9        (27.2mi) ┃
┃   84 -    86 ┃   36 -    37 ┃ 14.4957 ±  0.009        (4.23mi) ┃ -13.466 ±  0.013        (3.05mi) ┃Vegas input parameters:
  ndim 10
  ncomp 1
  nvec 1
  epsrel 0
  epsabs 0
  flags 10
  seed 123456
  mineval 50000000
  maxeval 50000000
  nstart 1000000
  nincrease 1000000
  nbatch 5000
  gridno 0
  statefile ""

Iteration 1:  1000000 integrand evaluations so far
[1] -1715.92 +- 1824.09  	chisq 0 (0 df)

Iteration 2:  3000000 integrand evaluations so far
[1] -17.5824 +- 13.5676  	chisq 0.866922 (1 df)

Iteration 3:  6000000 integrand evaluations so far
[1] -5.74094 +- 6.42647  	chisq 1.849 (2 df)

Iteration 4:  10000000 integrand evaluations so far
[1] -4.93567 +- 6.35346  	chisq 2.54399 (3 df)

Iteration 5:  15000000 integrand evaluations so far
[1] -4.86749 +- 6.01644  	chisq 2.54511 (4 df)

Iteration 6:  21000000 integrand evaluations so far
[1] -4.77839 +- 6.01468  	chisq 2.91825 (5 df)

Iteration 7:  28000000 integrand evaluations so far
[1] -4.89127 +- 6.01314  	chisq 3.60971 (6 df)

Iteration 8:  36000000 integrand evaluations so far
[1] -2.32279 +- 5.79364  	chisq 6.15528 (7 df)

Iteration 9:  45000000 integrand evaluations so far
[1] 3.85324 +- 4.94284  	chisq 10.3309 (8 df)

Iteration 10:  55000000 integrand evaluations so far
[1] 3.34539 +- 4.89035  	chisq 10.8306 (9 df)
     3.3 ±    4.9        (3.42mi) ┃Vegas input parameters:
  ndim 8
  ncomp 1
  nvec 1
  epsrel 0
  epsabs 0
  flags 10
  seed 123456
  mineval 5000000
  maxeval 50000000
  nstart 1000000
  nincrease 1000000
  nbatch 5000
  gridno 0
  statefile ""

Iteration 1:  1000000 integrand evaluations so far
[1] 25.9595 +- 10.4507  	chisq 0 (0 df)

Iteration 2:  3000000 integrand evaluations so far
[1] 1.77067 +- 0.560691  	chisq 5.37263 (1 df)

Iteration 3:  6000000 integrand evaluations so far
[1] 2.1832 +- 0.490799  	chisq 7.68826 (2 df)

Iteration 4:  10000000 integrand evaluations so far
[1] 2.19509 +- 0.490751  	chisq 10.6708 (3 df)

Iteration 5:  15000000 integrand evaluations so far
[1] 2.41103 +- 0.488758  	chisq 34.5625 (4 df)

Iteration 6:  21000000 integrand evaluations so far
[1] 2.80343 +- 0.486105  	chisq 94.0863 (5 df)

Iteration 7:  28000000 integrand evaluations so far
[1] 3.59435 +- 0.481532  	chisq 235.471 (6 df)

Iteration 8:  36000000 integrand evaluations so far
[1] 5.18016 +- 0.472489  	chisq 526.953 (7 df)

Iteration 9:  45000000 integrand evaluations so far
[1] 6.09713 +- 0.467457  	chisq 704.723 (8 df)

Iteration 10:  55000000 integrand evaluations so far
[1] 6.52853 +- 0.465187  	chisq 792.62 (9 df)
    6.53 ±   0.47        (1.76mi) ┃    10.9 ±    4.9        (12.5mi) ┃
┃   84 -    86 ┃   37 -    38 ┃  12.885 ±  0.012        (1.74mi) ┃-11.9545 ± 0.0025        (  19mi) ┃Vegas input parameters:
  ndim 10
  ncomp 1
  nvec 1
  epsrel 0
  epsabs 0
  flags 10
  seed 123456
  mineval 50000000
  maxeval 50000000
  nstart 1000000
  nincrease 1000000
  nbatch 5000
  gridno 0
  statefile ""

Iteration 1:  1000000 integrand evaluations so far
[1] 30.5373 +- 27.7443  	chisq 0 (0 df)

Iteration 2:  3000000 integrand evaluations so far
[1] 17.4606 +- 22.0325  	chisq 0.601443 (1 df)

Iteration 3:  6000000 integrand evaluations so far
[1] -5.1441 +- 13.3802  	chisq 2.2691 (2 df)

Iteration 4:  10000000 integrand evaluations so far
[1] -3.37783 +- 12.9242  	chisq 2.52917 (3 df)

Iteration 5:  15000000 integrand evaluations so far
[1] -2.94089 +- 12.9168  	chisq 3.5251 (4 df)

Iteration 6:  21000000 integrand evaluations so far
[1] -2.0666 +- 12.8822  	chisq 4.3829 (5 df)

Iteration 7:  28000000 integrand evaluations so far
[1] 1.84666 +- 11.9232  	chisq 5.02664 (6 df)

Iteration 8:  36000000 integrand evaluations so far
[1] 4.2453 +- 11.4142  	chisq 5.51099 (7 df)

Iteration 9:  45000000 integrand evaluations so far
[1] 3.12682 +- 10.6997  	chisq 5.59016 (8 df)

Iteration 10:  55000000 integrand evaluations so far
[1] 3.06958 +- 10.6917  	chisq 5.60933 (9 df)
       3 ±     11        ( 3.4mi) ┃Vegas input parameters:
  ndim 8
  ncomp 1
  nvec 1
  epsrel 0
  epsabs 0
  flags 10
  seed 123456
  mineval 5000000
  maxeval 50000000
  nstart 1000000
  nincrease 1000000
  nbatch 5000
  gridno 0
  statefile ""

Iteration 1:  1000000 integrand evaluations so far
[1] 79.8707 +- 18.8851  	chisq 0 (0 df)

Iteration 2:  3000000 integrand evaluations so far
[1] 63.8725 +- 14.9161  	chisq 1.90779 (1 df)

Iteration 3:  6000000 integrand evaluations so far
[1] 34.0865 +- 6.22322  	chisq 6.73582 (2 df)

Iteration 4:  10000000 integrand evaluations so far
[1] 34.7435 +- 4.58468  	chisq 6.76019 (3 df)

Iteration 5:  15000000 integrand evaluations so far
[1] 37.0172 +- 2.86305  	chisq 7.1634 (4 df)

Iteration 6:  21000000 integrand evaluations so far
[1] 38.4084 +- 2.65353  	chisq 8.83785 (5 df)

Iteration 7:  28000000 integrand evaluations so far
[1] 41.8469 +- 2.21586  	chisq 14.3857 (6 df)

Iteration 8:  36000000 integrand evaluations so far
[1] 41.6711 +- 1.42795  	chisq 14.3965 (7 df)

Iteration 9:  45000000 integrand evaluations so far
[1] 42.5637 +- 1.36858  	chisq 19.1945 (8 df)

Iteration 10:  55000000 integrand evaluations so far
[1] 44.7907 +- 1.08383  	chisq 26.2968 (9 df)
    44.8 ±    1.1        (1.74mi) ┃      49 ±     11        (25.8mi) ┃
┃   84 -    86 ┃   38 -    39 ┃  11.225 ± 0.0035        (14.7mi) ┃-10.3047 ± 0.0028        (43.5mi) ┃Vegas input parameters:
  ndim 10
  ncomp 1
  nvec 1
  epsrel 0
  epsabs 0
  flags 10
  seed 123456
  mineval 50000000
  maxeval 50000000
  nstart 1000000
  nincrease 1000000
  nbatch 5000
  gridno 0
  statefile ""

Iteration 1:  1000000 integrand evaluations so far
[1] -30.6574 +- 27.9869  	chisq 0 (0 df)

Iteration 2:  3000000 integrand evaluations so far
[1] -34.3278 +- 27.7961  	chisq 1.26517 (1 df)

Iteration 3:  6000000 integrand evaluations so far
[1] -1.72754 +- 8.73184  	chisq 2.79133 (2 df)

Iteration 4:  10000000 integrand evaluations so far
[1] 0.928802 +- 8.06468  	chisq 3.42101 (3 df)

Iteration 5:  15000000 integrand evaluations so far
[1] 0.0102733 +- 7.99185  	chisq 4.14245 (4 df)

Iteration 6:  21000000 integrand evaluations so far
[1] -0.95134 +- 7.67744  	chisq 4.33015 (5 df)

Iteration 7:  28000000 integrand evaluations so far
[1] -0.889063 +- 7.67004  	chisq 4.3643 (6 df)

Iteration 8:  36000000 integrand evaluations so far
[1] -1.06957 +- 7.66846  	chisq 5.70746 (7 df)

Iteration 9:  45000000 integrand evaluations so far
[1] -2.81832 +- 7.02705  	chisq 6.0319 (8 df)

Iteration 10:  55000000 integrand evaluations so far
[1] -3.70815 +- 7.00327  	chisq 8.40454 (9 df)
    -3.7 ±      7        (3.45mi) ┃Vegas input parameters:
  ndim 8
  ncomp 1
  nvec 1
  epsrel 0
  epsabs 0
  flags 10
  seed 123456
  mineval 5000000
  maxeval 50000000
  nstart 1000000
  nincrease 1000000
  nbatch 5000
  gridno 0
  statefile ""

Iteration 1:  1000000 integrand evaluations so far
[1] 39.7192 +- 13.8844  	chisq 0 (0 df)

Iteration 2:  3000000 integrand evaluations so far
[1] 15.2973 +- 5.72569  	chisq 3.72784 (1 df)

Iteration 3:  6000000 integrand evaluations so far
[1] 5.99782 +- 2.26039  	chisq 6.85278 (2 df)

Iteration 4:  10000000 integrand evaluations so far
[1] 6.20114 +- 2.25521  	chisq 8.61848 (3 df)

Iteration 5:  15000000 integrand evaluations so far
[1] 7.93509 +- 1.42573  	chisq 9.60319 (4 df)

Iteration 6:  21000000 integrand evaluations so far
[1] 7.94769 +- 1.42568  	chisq 10.7801 (5 df)

Iteration 7:  28000000 integrand evaluations so far
[1] 8.40168 +- 1.4171  	chisq 19.2361 (6 df)

Iteration 8:  36000000 integrand evaluations so far
[1] 8.5621 +- 1.41546  	chisq 24.7779 (7 df)

Iteration 9:  45000000 integrand evaluations so far
[1] 14.2873 +- 1.27187  	chisq 109.721 (8 df)

Iteration 10:  55000000 integrand evaluations so far
[1] 24.9897 +- 0.989604  	chisq 289.155 (9 df)
   24.99 ±   0.99        (1.77mi) ┃    22.2 ±    7.1        (1.06hr) ┃
┃   84 -    86 ┃   39 -    40 ┃ 11.0624 ± 0.0045        (6.68mi) ┃-10.2338 ± 0.0063        (5.67mi) ┃Vegas input parameters:
  ndim 10
  ncomp 1
  nvec 1
  epsrel 0
  epsabs 0
  flags 10
  seed 123456
  mineval 50000000
  maxeval 50000000
  nstart 1000000
  nincrease 1000000
  nbatch 5000
  gridno 0
  statefile ""

Iteration 1:  1000000 integrand evaluations so far
[1] 56.252 +- 35.098  	chisq 0 (0 df)

Iteration 2:  3000000 integrand evaluations so far
[1] 59.2582 +- 34.918  	chisq 0.717173 (1 df)

Iteration 3:  6000000 integrand evaluations so far
[1] 19.9128 +- 14.9168  	chisq 2.27028 (2 df)

Iteration 4:  10000000 integrand evaluations so far
[1] 20.164 +- 14.9146  	chisq 3.21281 (3 df)

Iteration 5:  15000000 integrand evaluations so far
[1] 22.7443 +- 14.771  	chisq 4.77522 (4 df)

Iteration 6:  21000000 integrand evaluations so far
[1] -6.08946 +- 3.42704  	chisq 8.80251 (5 df)

Iteration 7:  28000000 integrand evaluations so far
[1] -6.54918 +- 3.41209  	chisq 10.8694 (6 df)

Iteration 8:  36000000 integrand evaluations so far
[1] -5.18904 +- 3.20835  	chisq 12.2409 (7 df)

Iteration 9:  45000000 integrand evaluations so far
[1] -5.42941 +- 3.18952  	chisq 12.7205 (8 df)

Iteration 10:  55000000 integrand evaluations so far
[1] -4.64123 +- 3.11995  	chisq 14.1356 (9 df)
    -4.6 ±    3.1        (3.47mi) ┃Vegas input parameters:
  ndim 8
  ncomp 1
  nvec 1
  epsrel 0
  epsabs 0
  flags 10
  seed 123456
  mineval 5000000
  maxeval 50000000
  nstart 1000000
  nincrease 1000000
  nbatch 5000
  gridno 0
  statefile ""

Iteration 1:  1000000 integrand evaluations so far
[1] 77.752 +- 19.9623  	chisq 0 (0 df)

Iteration 2:  3000000 integrand evaluations so far
[1] 26.4315 +- 6.73921  	chisq 7.45952 (1 df)

Iteration 3:  6000000 integrand evaluations so far
[1] 23.5568 +- 4.54565  	chisq 7.79336 (2 df)

Iteration 4:  10000000 integrand evaluations so far
[1] 25.8168 +- 2.98377  	chisq 8.22768 (3 df)

Iteration 5:  15000000 integrand evaluations so far
[1] 28.7822 +- 2.17732  	chisq 10.3405 (4 df)

Iteration 6:  21000000 integrand evaluations so far
[1] 32.1927 +- 1.52468  	chisq 15.1546 (5 df)

Iteration 7:  28000000 integrand evaluations so far
[1] 31.9703 +- 0.765825  	chisq 15.1831 (6 df)

Iteration 8:  36000000 integrand evaluations so far
[1] 32.9242 +- 0.501413  	chisq 17.899 (7 df)

Iteration 9:  45000000 integrand evaluations so far
[1] 32.9528 +- 0.500795  	chisq 19.2185 (8 df)

Iteration 10:  55000000 integrand evaluations so far
[1] 32.9792 +- 0.500443  	chisq 21.1873 (9 df)
   32.98 ±    0.5        (1.77mi) ┃    29.2 ±    3.2        (17.6mi) ┃
┃   84 -    86 ┃   40 -    41 ┃ 13.6584 ± 0.0059        (1.24mi) ┃-12.6497 ± 0.0032        (19.2mi) ┃Vegas input parameters:
  ndim 10
  ncomp 1
  nvec 1
  epsrel 0
  epsabs 0
  flags 10
  seed 123456
  mineval 50000000
  maxeval 50000000
  nstart 1000000
  nincrease 1000000
  nbatch 5000
  gridno 0
  statefile ""

Iteration 1:  1000000 integrand evaluations so far
[1] -8.98006 +- 14.2288  	chisq 0 (0 df)

Iteration 2:  3000000 integrand evaluations so far
[1] -11.2545 +- 14.0498  	chisq 1.02141 (1 df)

Iteration 3:  6000000 integrand evaluations so far
[1] -13.0487 +- 9.78986  	chisq 1.05311 (2 df)

Iteration 4:  10000000 integrand evaluations so far
[1] -10.0517 +- 8.68172  	chisq 1.49192 (3 df)

Iteration 5:  15000000 integrand evaluations so far
[1] -10.3095 +- 8.62726  	chisq 1.56245 (4 df)

Iteration 6:  21000000 integrand evaluations so far
[1] -6.10204 +- 8.29919  	chisq 4.75042 (5 df)

Iteration 7:  28000000 integrand evaluations so far
[1] -6.75831 +- 7.68372  	chisq 4.7942 (6 df)

Iteration 8:  36000000 integrand evaluations so far
[1] -5.65945 +- 7.51565  	chisq 5.26689 (7 df)

Iteration 9:  45000000 integrand evaluations so far
[1] -1.23081 +- 7.15319  	chisq 8.95562 (8 df)

Iteration 10:  55000000 integrand evaluations so far
[1] -2.09799 +- 7.11363  	chisq 10.2879 (9 df)
    -2.1 ±    7.1        (3.46mi) ┃Vegas input parameters:
  ndim 8
  ncomp 1
  nvec 1
  epsrel 0
  epsabs 0
  flags 10
  seed 123456
  mineval 5000000
  maxeval 50000000
  nstart 1000000
  nincrease 1000000
  nbatch 5000
  gridno 0
  statefile ""

Iteration 1:  1000000 integrand evaluations so far
[1] 37.497 +- 11.3094  	chisq 0 (0 df)

Iteration 2:  3000000 integrand evaluations so far
[1] 12.1065 +- 4.3087  	chisq 5.89626 (1 df)

Iteration 3:  6000000 integrand evaluations so far
[1] 12.9859 +- 3.59517  	chisq 6.03339 (2 df)

Iteration 4:  10000000 integrand evaluations so far
[1] 13.257 +- 3.58865  	chisq 7.60184 (3 df)

Iteration 5:  15000000 integrand evaluations so far
[1] 15.0901 +- 1.84316  	chisq 7.95625 (4 df)

Iteration 6:  21000000 integrand evaluations so far
[1] 15.7908 +- 1.81638  	chisq 12.9646 (5 df)

Iteration 7:  28000000 integrand evaluations so far
[1] 16.2219 +- 1.80997  	chisq 20.9677 (6 df)

Iteration 8:  36000000 integrand evaluations so far
[1] 17.3894 +- 1.76873  	chisq 30.2033 (7 df)

Iteration 9:  45000000 integrand evaluations so far
[1] 20.9632 +- 1.69033  	chisq 77.3006 (8 df)

Iteration 10:  55000000 integrand evaluations so far
[1] 28.9331 +- 1.38619  	chisq 145.184 (9 df)
    28.9 ±    1.4        (1.75mi) ┃    27.8 ±    7.2        (25.6mi) ┃
┃   84 -    86 ┃   41 -    42 ┃  14.866 ±  0.011        (2.14mi) ┃  -13.71 ±  0.011        (11.2mi) ┃Vegas input parameters:
  ndim 10
  ncomp 1
  nvec 1
  epsrel 0
  epsabs 0
  flags 10
  seed 123456
  mineval 50000000
  maxeval 50000000
  nstart 1000000
  nincrease 1000000
  nbatch 5000
  gridno 0
  statefile ""

Iteration 1:  1000000 integrand evaluations so far
[1] -233.676 +- 163.973  	chisq 0 (0 df)

Iteration 2:  3000000 integrand evaluations so far
[1] -16.1673 +- 17.8646  	chisq 1.78071 (1 df)

Iteration 3:  6000000 integrand evaluations so far
[1] -2.07003 +- 13.8567  	chisq 3.34386 (2 df)

Iteration 4:  10000000 integrand evaluations so far
[1] -1.65997 +- 6.04183  	chisq 3.34494 (3 df)

Iteration 5:  15000000 integrand evaluations so far
[1] -1.36026 +- 6.03658  	chisq 4.76165 (4 df)

Iteration 6:  21000000 integrand evaluations so far
[1] -0.698633 +- 5.96241  	chisq 5.25348 (5 df)

Iteration 7:  28000000 integrand evaluations so far
[1] 0.406477 +- 5.89839  	chisq 6.86198 (6 df)

Iteration 8:  36000000 integrand evaluations so far
[1] 2.55373 +- 5.64441  	chisq 8.43466 (7 df)

Iteration 9:  45000000 integrand evaluations so far
[1] 0.792484 +- 5.50546  	chisq 10.437 (8 df)

Iteration 10:  55000000 integrand evaluations so far
[1] 2.20536 +- 5.26451  	chisq 11.2062 (9 df)
     2.2 ±    5.3        (3.44mi) ┃Vegas input parameters:
  ndim 8
  ncomp 1
  nvec 1
  epsrel 0
  epsabs 0
  flags 10
  seed 123456
  mineval 5000000
  maxeval 50000000
  nstart 1000000
  nincrease 1000000
  nbatch 5000
  gridno 0
  statefile ""

Iteration 1:  1000000 integrand evaluations so far
[1] 63.8059 +- 16.7277  	chisq 0 (0 df)

Iteration 2:  3000000 integrand evaluations so far
[1] 20.1998 +- 4.09212  	chisq 7.22804 (1 df)

Iteration 3:  6000000 integrand evaluations so far
[1] 18.9426 +- 2.91085  	chisq 7.41911 (2 df)

Iteration 4:  10000000 integrand evaluations so far
[1] 20.8165 +- 2.57043  	chisq 9.30103 (3 df)

Iteration 5:  15000000 integrand evaluations so far
[1] 23.6889 +- 2.14086  	chisq 13.3778 (4 df)

Iteration 6:  21000000 integrand evaluations so far
[1] 26.9925 +- 1.77363  	chisq 20.9697 (5 df)

Iteration 7:  28000000 integrand evaluations so far
[1] 30.1343 +- 1.07382  	chisq 25.9233 (6 df)

Iteration 8:  36000000 integrand evaluations so far
[1] 31.4827 +- 0.677352  	chisq 28.5421 (7 df)

Iteration 9:  45000000 integrand evaluations so far
[1] 32.0902 +- 0.439093  	chisq 29.9295 (8 df)

Iteration 10:  55000000 integrand evaluations so far
[1] 32.2679 +- 0.298755  	chisq 30.2347 (9 df)
   32.27 ±    0.3        (1.77mi) ┃    35.6 ±    5.3        (18.5mi) ┃
┃   84 -    86 ┃   42 -    43 ┃ 12.2633 ± 0.0087        (2.59mi) ┃-11.2421 ± 0.0085        (18.4mi) ┃Vegas input parameters:
  ndim 10
  ncomp 1
  nvec 1
  epsrel 0
  epsabs 0
  flags 10
  seed 123456
  mineval 50000000
  maxeval 50000000
  nstart 1000000
  nincrease 1000000
  nbatch 5000
  gridno 0
  statefile ""

Iteration 1:  1000000 integrand evaluations so far
[1] 0.277914 +- 15.2305  	chisq 0 (0 df)

Iteration 2:  3000000 integrand evaluations so far
[1] -6.23766 +- 8.56198  	chisq 0.267572 (1 df)

Iteration 3:  6000000 integrand evaluations so far
[1] -10.9133 +- 7.47529  	chisq 1.52198 (2 df)

Iteration 4:  10000000 integrand evaluations so far
[1] -3.85777 +- 6.71823  	chisq 6.15468 (3 df)

Iteration 5:  15000000 integrand evaluations so far
[1] -2.79443 +- 6.37122  	chisq 6.40361 (4 df)

Iteration 6:  21000000 integrand evaluations so far
[1] -3.32476 +- 6.25355  	chisq 6.59294 (5 df)

Iteration 7:  28000000 integrand evaluations so far
[1] -3.56069 +- 6.1888  	chisq 6.66203 (6 df)

Iteration 8:  36000000 integrand evaluations so far
[1] -3.44946 +- 6.09288  	chisq 6.67254 (7 df)

Iteration 9:  45000000 integrand evaluations so far
[1] -2.44222 +- 5.92898  	chisq 7.18741 (8 df)

Iteration 10:  55000000 integrand evaluations so far
[1] -2.33493 +- 5.85929  	chisq 7.20142 (9 df)
    -2.3 ±    5.9        (3.43mi) ┃Vegas input parameters:
  ndim 8
  ncomp 1
  nvec 1
  epsrel 0
  epsabs 0
  flags 10
  seed 123456
  mineval 5000000
  maxeval 50000000
  nstart 1000000
  nincrease 1000000
  nbatch 5000
  gridno 0
  statefile ""

Iteration 1:  1000000 integrand evaluations so far
[1] 71.0919 +- 18.4266  	chisq 0 (0 df)

Iteration 2:  3000000 integrand evaluations so far
[1] 54.7333 +- 12.4404  	chisq 1.44827 (1 df)

Iteration 3:  6000000 integrand evaluations so far
[1] 54.9417 +- 10.9835  	chisq 1.44954 (2 df)

Iteration 4:  10000000 integrand evaluations so far
[1] 42.6001 +- 6.76852  	chisq 3.48518 (3 df)

Iteration 5:  15000000 integrand evaluations so far
[1] 39.3517 +- 5.22382  	chisq 4.05479 (4 df)

Iteration 6:  21000000 integrand evaluations so far
[1] 42.402 +- 3.98266  	chisq 4.86905 (5 df)

Iteration 7:  28000000 integrand evaluations so far
[1] 43.9734 +- 3.09238  	chisq 5.26107 (6 df)

Iteration 8:  36000000 integrand evaluations so far
[1] 46.7253 +- 2.23781  	chisq 6.9236 (7 df)

Iteration 9:  45000000 integrand evaluations so far
[1] 46.2615 +- 1.57296  	chisq 7.0085 (8 df)

Iteration 10:  55000000 integrand evaluations so far
[1] 45.1076 +- 0.990512  	chisq 7.90022 (9 df)
   45.11 ±   0.99        (1.73mi) ┃    43.8 ±    5.9        (26.2mi) ┃
┃   84 -    86 ┃   43 -    44 ┃ 11.4622 ± 0.0042        (4.46mi) ┃-10.5387 ±  0.007        (23.7mi) ┃Vegas input parameters:
  ndim 10
  ncomp 1
  nvec 1
  epsrel 0
  epsabs 0
  flags 10
  seed 123456
  mineval 50000000
  maxeval 50000000
  nstart 1000000
  nincrease 1000000
  nbatch 5000
  gridno 0
  statefile ""

Iteration 1:  1000000 integrand evaluations so far
[1] 10.9808 +- 29.3751  	chisq 0 (0 df)

Iteration 2:  3000000 integrand evaluations so far
[1] -12.0094 +- 11.58  	chisq 0.725228 (1 df)

Iteration 3:  6000000 integrand evaluations so far
[1] -11.3706 +- 11.5644  	chisq 1.85207 (2 df)

Iteration 4:  10000000 integrand evaluations so far
[1] -12.052 +- 11.4877  	chisq 2.1147 (3 df)

Iteration 5:  15000000 integrand evaluations so far
[1] -11.8378 +- 10.9448  	chisq 2.11847 (4 df)

Iteration 6:  21000000 integrand evaluations so far
[1] -12.2891 +- 10.4646  	chisq 2.13829 (5 df)

Iteration 7:  28000000 integrand evaluations so far
[1] -12.4673 +- 8.07725  	chisq 2.139 (6 df)

Iteration 8:  36000000 integrand evaluations so far
[1] -9.33681 +- 7.90871  	chisq 5.77629 (7 df)

Iteration 9:  45000000 integrand evaluations so far
[1] -9.53106 +- 7.90586  	chisq 6.61194 (8 df)

Iteration 10:  55000000 integrand evaluations so far
[1] -8.51582 +- 7.86987  	chisq 8.42752 (9 df)
    -8.5 ±    7.9        (3.41mi) ┃Vegas input parameters:
  ndim 8
  ncomp 1
  nvec 1
  epsrel 0
  epsabs 0
  flags 10
  seed 123456
  mineval 5000000
  maxeval 50000000
  nstart 1000000
  nincrease 1000000
  nbatch 5000
  gridno 0
  statefile ""

Iteration 1:  1000000 integrand evaluations so far
[1] 37.5087 +- 13.0111  	chisq 0 (0 df)

Iteration 2:  3000000 integrand evaluations so far
[1] 29.4206 +- 9.19401  	chisq 0.771806 (1 df)

Iteration 3:  6000000 integrand evaluations so far
[1] 9.92094 +- 3.37853  	chisq 5.97233 (2 df)

Iteration 4:  10000000 integrand evaluations so far
[1] 7.65235 +- 1.78072  	chisq 6.59664 (3 df)

Iteration 5:  15000000 integrand evaluations so far
[1] 8.11488 +- 1.75917  	chisq 9.40042 (4 df)

Iteration 6:  21000000 integrand evaluations so far
[1] 8.45008 +- 1.75306  	chisq 14.6417 (5 df)

Iteration 7:  28000000 integrand evaluations so far
[1] 11.8956 +- 1.6561  	chisq 50.5551 (6 df)

Iteration 8:  36000000 integrand evaluations so far
[1] 12.8536 +- 1.63652  	chisq 64.7939 (7 df)

Iteration 9:  45000000 integrand evaluations so far
[1] 13.1883 +- 1.63112  	chisq 71.1383 (8 df)

Iteration 10:  55000000 integrand evaluations so far
[1] 21.434 +- 1.37244  	chisq 158.648 (9 df)
    21.4 ±    1.4        (1.72mi) ┃    13.8 ±      8        (33.3mi) ┃
┃   84 -    86 ┃   44 -    45 ┃ 13.1339 ± 0.0037        (4.24mi) ┃ -12.103 ±  0.011        (6.26mi) ┃Vegas input parameters:
  ndim 10
  ncomp 1
  nvec 1
  epsrel 0
  epsabs 0
  flags 10
  seed 123456
  mineval 50000000
  maxeval 50000000
  nstart 1000000
  nincrease 1000000
  nbatch 5000
  gridno 0
  statefile ""

Iteration 1:  1000000 integrand evaluations so far
[1] -116.424 +- 103.608  	chisq 0 (0 df)

Iteration 2:  3000000 integrand evaluations so far
[1] 19.7217 +- 38.6899  	chisq 2.00651 (1 df)

Iteration 3:  6000000 integrand evaluations so far
[1] 7.07709 +- 18.6303  	chisq 2.14557 (2 df)

Iteration 4:  10000000 integrand evaluations so far
[1] 1.91881 +- 17.8928  	chisq 3.13334 (3 df)

Iteration 5:  15000000 integrand evaluations so far
[1] -3.58445 +- 15.4206  	chisq 3.50108 (4 df)

Iteration 6:  21000000 integrand evaluations so far
[1] 1.48157 +- 14.7697  	chisq 4.80709 (5 df)

Iteration 7:  28000000 integrand evaluations so far
[1] 1.01712 +- 14.7304  	chisq 4.99319 (6 df)

Iteration 8:  36000000 integrand evaluations so far
[1] -0.889464 +- 14.5994  	chisq 5.93927 (7 df)

Iteration 9:  45000000 integrand evaluations so far
[1] 6.35108 +- 11.7831  	chisq 6.64483 (8 df)

Iteration 10:  55000000 integrand evaluations so far
[1] 5.29365 +- 11.738  	chisq 7.70082 (9 df)
       5 ±     12        (3.39mi) ┃Vegas input parameters:
  ndim 8
  ncomp 1
  nvec 1
  epsrel 0
  epsabs 0
  flags 10
  seed 123456
  mineval 5000000
  maxeval 50000000
  nstart 1000000
  nincrease 1000000
  nbatch 5000
  gridno 0
  statefile ""

Iteration 1:  1000000 integrand evaluations so far
[1] 78.6767 +- 18.8201  	chisq 0 (0 df)

Iteration 2:  3000000 integrand evaluations so far
[1] 58.3527 +- 13.5766  	chisq 2.43162 (1 df)

Iteration 3:  6000000 integrand evaluations so far
[1] 20.9978 +- 4.60108  	chisq 10.9841 (2 df)

Iteration 4:  10000000 integrand evaluations so far
[1] 24.4123 +- 3.50793  	chisq 12.2994 (3 df)

Iteration 5:  15000000 integrand evaluations so far
[1] 27.6065 +- 3.12042  	chisq 16.2715 (4 df)

Iteration 6:  21000000 integrand evaluations so far
[1] 32.7218 +- 2.20752  	chisq 21.6514 (5 df)

Iteration 7:  28000000 integrand evaluations so far
[1] 34.8595 +- 2.08204  	chisq 30.141 (6 df)

Iteration 8:  36000000 integrand evaluations so far
[1] 38.8147 +- 1.47167  	chisq 37.3532 (7 df)

Iteration 9:  45000000 integrand evaluations so far
[1] 40.7327 +- 0.927322  	chisq 40.1704 (8 df)

Iteration 10:  55000000 integrand evaluations so far
[1] 41.4729 +- 0.600631  	chisq 41.2679 (9 df)
   41.47 ±    0.6        (1.69mi) ┃      48 ±     12        (15.6mi) ┃
┃   84 -    86 ┃   45 -    46 ┃  11.718 ± 0.0024        ( 2.9mi) ┃ -10.884 ± 0.0014        (1.43hr) ┃Vegas input parameters:
  ndim 10
  ncomp 1
  nvec 1
  epsrel 0
  epsabs 0
  flags 10
  seed 123456
  mineval 50000000
  maxeval 50000000
  nstart 1000000
  nincrease 1000000
  nbatch 5000
  gridno 0
  statefile ""

Iteration 1:  1000000 integrand evaluations so far
[1] -34.3026 +- 49.0573  	chisq 0 (0 df)

Iteration 2:  3000000 integrand evaluations so far
[1] -25.9245 +- 19.7233  	chisq 0.0347896 (1 df)

Iteration 3:  6000000 integrand evaluations so far
[1] -30.0816 +- 19.1386  	chisq 0.795254 (2 df)

Iteration 4:  10000000 integrand evaluations so far
[1] 3.58668 +- 5.97808  	chisq 4.22458 (3 df)

Iteration 5:  15000000 integrand evaluations so far
[1] 3.41448 +- 5.97573  	chisq 5.27745 (4 df)

Iteration 6:  21000000 integrand evaluations so far
[1] 2.98828 +- 5.4911  	chisq 5.31014 (5 df)

Iteration 7:  28000000 integrand evaluations so far
[1] 0.130331 +- 5.26838  	chisq 8.71866 (6 df)

Iteration 8:  36000000 integrand evaluations so far
[1] 0.65377 +- 5.04196  	chisq 8.83602 (7 df)

Iteration 9:  45000000 integrand evaluations so far
[1] 0.50891 +- 4.8353  	chisq 8.8463 (8 df)

Iteration 10:  55000000 integrand evaluations so far
[1] 0.591717 +- 4.65483  	chisq 8.85031 (9 df)
     0.6 ±    4.7        (3.24mi) ┃Vegas input parameters:
  ndim 8
  ncomp 1
  nvec 1
  epsrel 0
  epsabs 0
  flags 10
  seed 123456
  mineval 5000000
  maxeval 50000000
  nstart 1000000
  nincrease 1000000
  nbatch 5000
  gridno 0
  statefile ""

Iteration 1:  1000000 integrand evaluations so far
[1] 26.0393 +- 8.9743  	chisq 0 (0 df)

Iteration 2:  3000000 integrand evaluations so far
[1] 1.13241 +- 0.478981  	chisq 7.72464 (1 df)

Iteration 3:  6000000 integrand evaluations so far
[1] 1.22761 +- 0.476864  	chisq 12.2063 (2 df)

Iteration 4:  10000000 integrand evaluations so far
[1] 1.46986 +- 0.467847  	chisq 19.0948 (3 df)

Iteration 5:  15000000 integrand evaluations so far
[1] 1.6236 +- 0.465636  	chisq 30.5465 (4 df)

Iteration 6:  21000000 integrand evaluations so far
[1] 1.73163 +- 0.464846  	chisq 46.4243 (5 df)

Iteration 7:  28000000 integrand evaluations so far
[1] 1.86644 +- 0.464087  	chisq 72.2084 (6 df)

Iteration 8:  36000000 integrand evaluations so far
[1] 2.99453 +- 0.455656  	chisq 236.318 (7 df)

Iteration 9:  45000000 integrand evaluations so far
[1] 4.00829 +- 0.449771  	chisq 429.169 (8 df)

Iteration 10:  55000000 integrand evaluations so far
[1] 6.34162 +- 0.435799  	chisq 869.207 (9 df)
    6.34 ±   0.44        (1.74mi) ┃     7.8 ±    4.7        (1.56hr) ┃
┃   84 -    86 ┃   46 -    47 ┃ 12.1258 ± 0.0022        (23.1mi) ┃ -11.105 ±  0.011        (18.8mi) ┃Vegas input parameters:
  ndim 10
  ncomp 1
  nvec 1
  epsrel 0
  epsabs 0
  flags 10
  seed 123456
  mineval 50000000
  maxeval 50000000
  nstart 1000000
  nincrease 1000000
  nbatch 5000
  gridno 0
  statefile ""

Iteration 1:  1000000 integrand evaluations so far
[1] 83.8166 +- 89.1386  	chisq 0 (0 df)

Iteration 2:  3000000 integrand evaluations so far
[1] -3.54863 +- 25.8155  	chisq 1.04855 (1 df)

Iteration 3:  6000000 integrand evaluations so far
[1] -0.551961 +- 8.53695  	chisq 1.06368 (2 df)

Iteration 4:  10000000 integrand evaluations so far
[1] -0.109894 +- 8.52557  	chisq 2.06964 (3 df)

Iteration 5:  15000000 integrand evaluations so far
[1] -2.42707 +- 8.40258  	chisq 4.64863 (4 df)

Iteration 6:  21000000 integrand evaluations so far
[1] -1.35864 +- 7.44078  	chisq 4.72355 (5 df)

Iteration 7:  28000000 integrand evaluations so far
[1] -2.56402 +- 6.91327  	chisq 4.91543 (6 df)

Iteration 8:  36000000 integrand evaluations so far
[1] -2.21818 +- 6.90658  	chisq 6.21025 (7 df)

Iteration 9:  45000000 integrand evaluations so far
[1] -3.34489 +- 6.82125  	chisq 7.29398 (8 df)

Iteration 10:  55000000 integrand evaluations so far
[1] -2.98063 +- 6.80728  	chisq 7.99064 (9 df)
      -3 ±    6.8        (3.37mi) ┃Vegas input parameters:
  ndim 8
  ncomp 1
  nvec 1
  epsrel 0
  epsabs 0
  flags 10
  seed 123456
  mineval 5000000
  maxeval 50000000
  nstart 1000000
  nincrease 1000000
  nbatch 5000
  gridno 0
  statefile ""

Iteration 1:  1000000 integrand evaluations so far
[1] 23.2355 +- 9.65863  	chisq 0 (0 df)

Iteration 2:  3000000 integrand evaluations so far
[1] 0.703852 +- 0.402981  	chisq 5.45144 (1 df)

Iteration 3:  6000000 integrand evaluations so far
[1] 0.705579 +- 0.402977  	chisq 6.49964 (2 df)

Iteration 4:  10000000 integrand evaluations so far
[1] 1.1127 +- 0.347203  	chisq 10.4611 (3 df)

Iteration 5:  15000000 integrand evaluations so far
[1] 1.17325 +- 0.346465  	chisq 17.6192 (4 df)

Iteration 6:  21000000 integrand evaluations so far
[1] 1.43431 +- 0.344594  	chisq 70.3286 (5 df)

Iteration 7:  28000000 integrand evaluations so far
[1] 1.4354 +- 0.344592  	chisq 71.849 (6 df)

Iteration 8:  36000000 integrand evaluations so far
[1] 1.53103 +- 0.344188  	chisq 104.705 (7 df)

Iteration 9:  45000000 integrand evaluations so far
[1] 2.19576 +- 0.340785  	chisq 294.261 (8 df)

Iteration 10:  55000000 integrand evaluations so far
[1] 4.30589 +- 0.330093  	chisq 914.981 (9 df)
    4.31 ±   0.33        (1.75mi) ┃     2.3 ±    6.8        (  47mi) ┃
┃   84 -    86 ┃   47 -    48 ┃ 10.3975 ± 0.0052        (4.13mi) ┃ -9.5463 ± 0.0035        (5.05mi) ┃Vegas input parameters:
  ndim 10
  ncomp 1
  nvec 1
  epsrel 0
  epsabs 0
  flags 10
  seed 123456
  mineval 50000000
  maxeval 50000000
  nstart 1000000
  nincrease 1000000
  nbatch 5000
  gridno 0
  statefile ""

Iteration 1:  1000000 integrand evaluations so far
[1] -47.3589 +- 50.045  	chisq 0 (0 df)

Iteration 2:  3000000 integrand evaluations so far
[1] 14.2657 +- 16.7852  	chisq 1.7085 (1 df)

Iteration 3:  6000000 integrand evaluations so far
[1] 4.23869 +- 13.7306  	chisq 2.78711 (2 df)

Iteration 4:  10000000 integrand evaluations so far
[1] 2.24367 +- 9.79928  	chisq 2.83013 (3 df)

Iteration 5:  15000000 integrand evaluations so far
[1] 4.17302 +- 8.34659  	chisq 2.97135 (4 df)

Iteration 6:  21000000 integrand evaluations so far
[1] 3.67864 +- 8.00253  	chisq 3.0148 (5 df)

Iteration 7:  28000000 integrand evaluations so far
[1] 3.43799 +- 7.99527  	chisq 3.5138 (6 df)

Iteration 8:  36000000 integrand evaluations so far
[1] 5.737 +- 7.79887  	chisq 5.21768 (7 df)

Iteration 9:  45000000 integrand evaluations so far
[1] -0.388619 +- 5.80466  	chisq 6.60085 (8 df)

Iteration 10:  55000000 integrand evaluations so far
[1] -0.0846786 +- 5.79604  	chisq 7.52533 (9 df)
    -0.1 ±    5.8        (3.41mi) ┃Vegas input parameters:
  ndim 8
  ncomp 1
  nvec 1
  epsrel 0
  epsabs 0
  flags 10
  seed 123456
  mineval 5000000
  maxeval 50000000
  nstart 1000000
  nincrease 1000000
  nbatch 5000
  gridno 0
  statefile ""

Iteration 1:  1000000 integrand evaluations so far
[1] 43.6135 +- 13.1221  	chisq 0 (0 df)

Iteration 2:  3000000 integrand evaluations so far
[1] 13.0745 +- 4.28707  	chisq 6.06353 (1 df)

Iteration 3:  6000000 integrand evaluations so far
[1] 12.4845 +- 3.6193  	chisq 6.12946 (2 df)

Iteration 4:  10000000 integrand evaluations so far
[1] 14.6797 +- 3.00757  	chisq 7.31813 (3 df)

Iteration 5:  15000000 integrand evaluations so far
[1] 17.2487 +- 1.56296  	chisq 8.31772 (4 df)

Iteration 6:  21000000 integrand evaluations so far
[1] 18.6254 +- 1.50603  	chisq 19.1637 (5 df)

Iteration 7:  28000000 integrand evaluations so far
[1] 22.7357 +- 1.3026  	chisq 48.7336 (6 df)

Iteration 8:  36000000 integrand evaluations so far
[1] 27.3517 +- 1.02469  	chisq 81.6786 (7 df)

Iteration 9:  45000000 integrand evaluations so far
[1] 28.5838 +- 0.968528  	chisq 95.238 (8 df)

Iteration 10:  55000000 integrand evaluations so far
[1] 31.9044 +- 0.78163  	chisq 128.949 (9 df)
    31.9 ±   0.78        (1.76mi) ┃    32.7 ±    5.8        (14.3mi) ┃
┃   84 -    86 ┃   48 -    49 ┃  11.228 ± 0.0022        (14.5mi) ┃-10.3971 ± 0.0093        (11.1mi) ┃Vegas input parameters:
  ndim 10
  ncomp 1
  nvec 1
  epsrel 0
  epsabs 0
  flags 10
  seed 123456
  mineval 50000000
  maxeval 50000000
  nstart 1000000
  nincrease 1000000
  nbatch 5000
  gridno 0
  statefile ""

Iteration 1:  1000000 integrand evaluations so far
[1] 4.82357 +- 14.3768  	chisq 0 (0 df)

Iteration 2:  3000000 integrand evaluations so far
[1] 2.53341 +- 14.2473  	chisq 1.41555 (1 df)

Iteration 3:  6000000 integrand evaluations so far
[1] 1.54638 +- 12.8873  	chisq 1.44195 (2 df)

Iteration 4:  10000000 integrand evaluations so far
[1] 4.26566 +- 8.20498  	chisq 1.51683 (3 df)

Iteration 5:  15000000 integrand evaluations so far
[1] 3.49896 +- 7.74158  	chisq 1.59638 (4 df)

Iteration 6:  21000000 integrand evaluations so far
[1] 4.77363 +- 6.84639  	chisq 1.72079 (5 df)

Iteration 7:  28000000 integrand evaluations so far
[1] 4.63589 +- 6.54469  	chisq 1.72549 (6 df)

Iteration 8:  36000000 integrand evaluations so far
[1] 5.89218 +- 6.36295  	chisq 2.39829 (7 df)

Iteration 9:  45000000 integrand evaluations so far
[1] 4.59398 +- 6.00575  	chisq 2.77975 (8 df)

Iteration 10:  55000000 integrand evaluations so far
[1] 4.62372 +- 6.00568  	chisq 3.76253 (9 df)
     4.6 ±      6        (3.39mi) ┃Vegas input parameters:
  ndim 8
  ncomp 1
  nvec 1
  epsrel 0
  epsabs 0
  flags 10
  seed 123456
  mineval 5000000
  maxeval 50000000
  nstart 1000000
  nincrease 1000000
  nbatch 5000
  gridno 0
  statefile ""

Iteration 1:  1000000 integrand evaluations so far
[1] 51.2664 +- 14.0796  	chisq 0 (0 df)

Iteration 2:  3000000 integrand evaluations so far
[1] 2.97162 +- 0.906132  	chisq 11.8146 (1 df)

Iteration 3:  6000000 integrand evaluations so far
[1] 3.21583 +- 0.887123  	chisq 13.5641 (2 df)

Iteration 4:  10000000 integrand evaluations so far
[1] 3.43188 +- 0.882662  	chisq 19.4765 (3 df)

Iteration 5:  15000000 integrand evaluations so far
[1] 4.07174 +- 0.864337  	chisq 32.265 (4 df)

Iteration 6:  21000000 integrand evaluations so far
[1] 4.39527 +- 0.858628  	chisq 42.906 (5 df)

Iteration 7:  28000000 integrand evaluations so far
[1] 4.67627 +- 0.855703  	chisq 58.6553 (6 df)

Iteration 8:  36000000 integrand evaluations so far
[1] 4.93447 +- 0.85352  	chisq 76.5184 (7 df)

Iteration 9:  45000000 integrand evaluations so far
[1] 6.15838 +- 0.83895  	chisq 137.268 (8 df)

Iteration 10:  55000000 integrand evaluations so far
[1] 7.02655 +- 0.830369  	chisq 189.886 (9 df)
    7.03 ±   0.83        (1.72mi) ┃    12.5 ±    6.1        (30.8mi) ┃
┃   84 -    86 ┃   49 -    50 ┃  13.939 ±   0.01        (2.01mi) ┃-12.8765 ± 0.0063        (  10mi) ┃Vegas input parameters:
  ndim 10
  ncomp 1
  nvec 1
  epsrel 0
  epsabs 0
  flags 10
  seed 123456
  mineval 50000000
  maxeval 50000000
  nstart 1000000
  nincrease 1000000
  nbatch 5000
  gridno 0
  statefile ""

Iteration 1:  1000000 integrand evaluations so far
[1] -26.3138 +- 38.3374  	chisq 0 (0 df)

Iteration 2:  3000000 integrand evaluations so far
[1] 6.2805 +- 24.6429  	chisq 1.23178 (1 df)

Iteration 3:  6000000 integrand evaluations so far
[1] -15.5365 +- 15.2828  	chisq 2.50544 (2 df)

Iteration 4:  10000000 integrand evaluations so far
[1] -16.446 +- 15.2501  	chisq 3.33472 (3 df)

Iteration 5:  15000000 integrand evaluations so far
[1] -14.9945 +- 15.1409  	chisq 3.96984 (4 df)

Iteration 6:  21000000 integrand evaluations so far
[1] -16.4487 +- 14.9988  	chisq 4.46362 (5 df)

Iteration 7:  28000000 integrand evaluations so far
[1] -15.2681 +- 14.9583  	chisq 5.612 (6 df)

Iteration 8:  36000000 integrand evaluations so far
[1] -17.9872 +- 12.8072  	chisq 5.73578 (7 df)

Iteration 9:  45000000 integrand evaluations so far
[1] -6.26024 +- 7.8257  	chisq 7.07378 (8 df)

Iteration 10:  55000000 integrand evaluations so far
[1] -6.83412 +- 7.62726  	chisq 7.18118 (9 df)
    -6.8 ±    7.6        ( 3.4mi) ┃Vegas input parameters:
  ndim 8
  ncomp 1
  nvec 1
  epsrel 0
  epsabs 0
  flags 10
  seed 123456
  mineval 5000000
  maxeval 50000000
  nstart 1000000
  nincrease 1000000
  nbatch 5000
  gridno 0
  statefile ""

Iteration 1:  1000000 integrand evaluations so far
[1] 27.9639 +- 10.3008  	chisq 0 (0 df)

Iteration 2:  3000000 integrand evaluations so far
[1] 4.8849 +- 2.0188  	chisq 5.22036 (1 df)

Iteration 3:  6000000 integrand evaluations so far
[1] 5.25943 +- 1.44692  	chisq 5.29113 (2 df)

Iteration 4:  10000000 integrand evaluations so far
[1] 5.73666 +- 1.41927  	chisq 8.16493 (3 df)

Iteration 5:  15000000 integrand evaluations so far
[1] 7.54675 +- 1.22199  	chisq 14.4527 (4 df)

Iteration 6:  21000000 integrand evaluations so far
[1] 7.57243 +- 1.22184  	chisq 16.275 (5 df)

Iteration 7:  28000000 integrand evaluations so far
[1] 7.89593 +- 1.21611  	chisq 23.7673 (6 df)

Iteration 8:  36000000 integrand evaluations so far
[1] 7.97388 +- 1.21547  	chisq 27.6544 (7 df)

Iteration 9:  45000000 integrand evaluations so far
[1] 8.87947 +- 1.19679  	chisq 45.8598 (8 df)

Iteration 10:  55000000 integrand evaluations so far
[1] 10.8185 +- 1.16123  	chisq 90.6935 (9 df)
    10.8 ±    1.2        (1.72mi) ┃       5 ±    7.7        (17.2mi) ┃
┃   84 -    86 ┃   50 -    51 ┃ 10.2055 ± 0.0051        (11.5mi) ┃ -9.3308 ± 0.0062        (5.04mi) ┃Vegas input parameters:
  ndim 10
  ncomp 1
  nvec 1
  epsrel 0
  epsabs 0
  flags 10
  seed 123456
  mineval 50000000
  maxeval 50000000
  nstart 1000000
  nincrease 1000000
  nbatch 5000
  gridno 0
  statefile ""

Iteration 1:  1000000 integrand evaluations so far
[1] 163.165 +- 112.838  	chisq 0 (0 df)

Iteration 2:  3000000 integrand evaluations so far
[1] 8.30607 +- 13.1971  	chisq 1.9096 (1 df)

Iteration 3:  6000000 integrand evaluations so far
[1] 6.80921 +- 12.7068  	chisq 2.08601 (2 df)

Iteration 4:  10000000 integrand evaluations so far
[1] 6.3854 +- 10.0961  	chisq 2.08903 (3 df)

Iteration 5:  15000000 integrand evaluations so far
[1] -2.34689 +- 9.13059  	chisq 6.19688 (4 df)

Iteration 6:  21000000 integrand evaluations so far
[1] -1.81454 +- 9.11231  	chisq 7.04687 (5 df)

Iteration 7:  28000000 integrand evaluations so far
[1] 5.66537 +- 7.85879  	chisq 9.67684 (6 df)

Iteration 8:  36000000 integrand evaluations so far
[1] 7.81257 +- 7.72467  	chisq 11.8828 (7 df)

Iteration 9:  45000000 integrand evaluations so far
[1] 7.67521 +- 7.72357  	chisq 12.9853 (8 df)

Iteration 10:  55000000 integrand evaluations so far
[1] 8.17443 +- 7.38863  	chisq 13.0345 (9 df)
     8.2 ±    7.4        (3.27mi) ┃Vegas input parameters:
  ndim 8
  ncomp 1
  nvec 1
  epsrel 0
  epsabs 0
  flags 10
  seed 123456
  mineval 5000000
  maxeval 50000000
  nstart 1000000
  nincrease 1000000
  nbatch 5000
  gridno 0
  statefile ""

Iteration 1:  1000000 integrand evaluations so far
[1] 59.2545 +- 16.8492  	chisq 0 (0 df)

Iteration 2:  3000000 integrand evaluations so far
[1] 56.4875 +- 14.9857  	chisq 0.129058 (1 df)

Iteration 3:  6000000 integrand evaluations so far
[1] 7.33947 +- 1.45645  	chisq 10.9879 (2 df)

Iteration 4:  10000000 integrand evaluations so far
[1] 8.14537 +- 1.41569  	chisq 16.5345 (3 df)

Iteration 5:  15000000 integrand evaluations so far
[1] 10.9711 +- 1.3025  	chisq 42.488 (4 df)

Iteration 6:  21000000 integrand evaluations so far
[1] 14.8653 +- 1.16915  	chisq 88.4979 (5 df)

Iteration 7:  28000000 integrand evaluations so far
[1] 23.3677 +- 0.793222  	chisq 186.492 (6 df)

Iteration 8:  36000000 integrand evaluations so far
[1] 28.1458 +- 0.463812  	chisq 241.626 (7 df)

Iteration 9:  45000000 integrand evaluations so far
[1] 29.5107 +- 0.320875  	chisq 258.235 (8 df)

Iteration 10:  55000000 integrand evaluations so far
[1] 29.9508 +- 0.246461  	chisq 262.824 (9 df)
   29.95 ±   0.25        (1.77mi) ┃      39 ±    7.4        (21.6mi) ┃
┃   84 -    86 ┃   51 -    52 ┃  9.5687 ± 0.0043        (1.12mi) ┃ -8.7626 ± 0.0079        (43.8mi) ┃Vegas input parameters:
  ndim 10
  ncomp 1
  nvec 1
  epsrel 0
  epsabs 0
  flags 10
  seed 123456
  mineval 50000000
  maxeval 50000000
  nstart 1000000
  nincrease 1000000
  nbatch 5000
  gridno 0
  statefile ""

Iteration 1:  1000000 integrand evaluations so far
[1] 9.85054 +- 23.2167  	chisq 0 (0 df)

Iteration 2:  3000000 integrand evaluations so far
[1] -1.55544 +- 17.1079  	chisq 0.528124 (1 df)

Iteration 3:  6000000 integrand evaluations so far
[1] -1.96761 +- 12.4495  	chisq 0.529358 (2 df)

Iteration 4:  10000000 integrand evaluations so far
[1] 6.36391 +- 10.0869  	chisq 1.83301 (3 df)

Iteration 5:  15000000 integrand evaluations so far
[1] 7.09662 +- 10.0578  	chisq 2.74912 (4 df)

Iteration 6:  21000000 integrand evaluations so far
[1] 1.12216 +- 9.39768  	chisq 5.52848 (5 df)

Iteration 7:  28000000 integrand evaluations so far
[1] 2.14694 +- 9.34287  	chisq 6.5509 (6 df)

Iteration 8:  36000000 integrand evaluations so far
[1] 3.63871 +- 9.27283  	chisq 8.2575 (7 df)

Iteration 9:  45000000 integrand evaluations so far
[1] 4.5527 +- 8.95925  	chisq 8.40362 (8 df)

Iteration 10:  55000000 integrand evaluations so far
[1] 7.45502 +- 8.62088  	chisq 9.81965 (9 df)
     7.5 ±    8.6        (3.35mi) ┃Vegas input parameters:
  ndim 8
  ncomp 1
  nvec 1
  epsrel 0
  epsabs 0
  flags 10
  seed 123456
  mineval 5000000
  maxeval 50000000
  nstart 1000000
  nincrease 1000000
  nbatch 5000
  gridno 0
  statefile ""

Iteration 1:  1000000 integrand evaluations so far
[1] 59.7994 +- 16.7347  	chisq 0 (0 df)

Iteration 2:  3000000 integrand evaluations so far
[1] 61.7023 +- 16.6494  	chisq 1.27105 (1 df)

Iteration 3:  6000000 integrand evaluations so far
[1] 9.25001 +- 2.90291  	chisq 11.5073 (2 df)

Iteration 4:  10000000 integrand evaluations so far
[1] 11.4829 +- 2.63454  	chisq 14.8622 (3 df)

Iteration 5:  15000000 integrand evaluations so far
[1] 15.4542 +- 1.94379  	chisq 19.8492 (4 df)

Iteration 6:  21000000 integrand evaluations so far
[1] 17.0414 +- 1.88359  	chisq 30.7839 (5 df)

Iteration 7:  28000000 integrand evaluations so far
[1] 22.3621 +- 1.55459  	chisq 55.8112 (6 df)

Iteration 8:  36000000 integrand evaluations so far
[1] 28.4785 +- 1.28524  	chisq 104.719 (7 df)

Iteration 9:  45000000 integrand evaluations so far
[1] 33.4982 +- 0.948111  	chisq 138.185 (8 df)

Iteration 10:  55000000 integrand evaluations so far
[1] 33.5654 +- 0.947144  	chisq 140.65 (9 df)
   33.57 ±   0.95        ( 1.7mi) ┃    41.8 ±    8.7        (  50mi) ┃
┃   84 -    86 ┃   52 -    53 ┃ 10.1515 ± 0.0097        (4.38mi) ┃ -9.3632 ± 0.0029        (39.5mi) ┃Vegas input parameters:
  ndim 10
  ncomp 1
  nvec 1
  epsrel 0
  epsabs 0
  flags 10
  seed 123456
  mineval 50000000
  maxeval 50000000
  nstart 1000000
  nincrease 1000000
  nbatch 5000
  gridno 0
  statefile ""

Iteration 1:  1000000 integrand evaluations so far
[1] -31.898 +- 16.6643  	chisq 0 (0 df)

Iteration 2:  3000000 integrand evaluations so far
[1] -29.9405 +- 16.5511  	chisq 1.01884 (1 df)

Iteration 3:  6000000 integrand evaluations so far
[1] -29.4021 +- 14.2019  	chisq 1.02286 (2 df)

Iteration 4:  10000000 integrand evaluations so far
[1] -11.5974 +- 8.08826  	chisq 3.34913 (3 df)

Iteration 5:  15000000 integrand evaluations so far
[1] -2.32932 +- 5.3403  	chisq 5.67688 (4 df)

Iteration 6:  21000000 integrand evaluations so far
[1] -5.13113 +- 4.88217  	chisq 7.35312 (5 df)

Iteration 7:  28000000 integrand evaluations so far
[1] -4.33359 +- 4.36558  	chisq 7.48626 (6 df)

Iteration 8:  36000000 integrand evaluations so far
[1] -4.52831 +- 4.20268  	chisq 7.51343 (7 df)

Iteration 9:  45000000 integrand evaluations so far
[1] -3.00417 +- 4.07675  	chisq 9.74143 (8 df)

Iteration 10:  55000000 integrand evaluations so far
[1] -2.7599 +- 4.07107  	chisq 11.0301 (9 df)
    -2.8 ±    4.1        (3.36mi) ┃Vegas input parameters:
  ndim 8
  ncomp 1
  nvec 1
  epsrel 0
  epsabs 0
  flags 10
  seed 123456
  mineval 5000000
  maxeval 50000000
  nstart 1000000
  nincrease 1000000
  nbatch 5000
  gridno 0
  statefile ""

Iteration 1:  1000000 integrand evaluations so far
[1] 47.9867 +- 13.5071  	chisq 0 (0 df)

Iteration 2:  3000000 integrand evaluations so far
[1] 5.372 +- 1.20301  	chisq 10.0336 (1 df)

Iteration 3:  6000000 integrand evaluations so far
[1] 5.74599 +- 1.19016  	chisq 14.583 (2 df)

Iteration 4:  10000000 integrand evaluations so far
[1] 5.76101 +- 1.19009  	chisq 15.9015 (3 df)

Iteration 5:  15000000 integrand evaluations so far
[1] 7.15632 +- 1.12186  	chisq 28.2448 (4 df)

Iteration 6:  21000000 integrand evaluations so far
[1] 10.0852 +- 1.03787  	chisq 75.5324 (5 df)

Iteration 7:  28000000 integrand evaluations so far
[1] 11.4294 +- 1.01853  	chisq 120.974 (6 df)

Iteration 8:  36000000 integrand evaluations so far
[1] 15.0191 +- 0.951252  	chisq 218.208 (7 df)

Iteration 9:  45000000 integrand evaluations so far
[1] 20.0782 +- 0.856276  	chisq 367.297 (8 df)

Iteration 10:  55000000 integrand evaluations so far
[1] 20.0877 +- 0.856241  	chisq 368.775 (9 df)
   20.09 ±   0.86        (1.62mi) ┃    18.1 ±    4.2        (48.9mi) ┃
┃   84 -    86 ┃   53 -    54 ┃ 12.6657 ± 0.0076        (1.62mi) ┃ -11.775 ±  0.011        (23.7mi) ┃Vegas input parameters:
  ndim 10
  ncomp 1
  nvec 1
  epsrel 0
  epsabs 0
  flags 10
  seed 123456
  mineval 50000000
  maxeval 50000000
  nstart 1000000
  nincrease 1000000
  nbatch 5000
  gridno 0
  statefile ""

Iteration 1:  1000000 integrand evaluations so far
[1] 253.493 +- 218.933  	chisq 0 (0 df)

Iteration 2:  3000000 integrand evaluations so far
[1] 29.0908 +- 47.0604  	chisq 1.10148 (1 df)

Iteration 3:  6000000 integrand evaluations so far
[1] -1.03307 +- 2.50306  	chisq 1.51239 (2 df)

Iteration 4:  10000000 integrand evaluations so far
[1] -1.05637 +- 2.50291  	chisq 2.25996 (3 df)

Iteration 5:  15000000 integrand evaluations so far
[1] -1.0536 +- 2.50291  	chisq 3.2756 (4 df)

Iteration 6:  21000000 integrand evaluations so far
[1] -0.905847 +- 2.49989  	chisq 4.72024 (5 df)

Iteration 7:  28000000 integrand evaluations so far
[1] -0.98058 +- 2.49112  	chisq 4.84778 (6 df)

Iteration 8:  36000000 integrand evaluations so far
[1] -0.134943 +- 2.44414  	chisq 7.93218 (7 df)

Iteration 9:  45000000 integrand evaluations so far
[1] 0.211297 +- 2.38285  	chisq 8.33738 (8 df)

Iteration 10:  55000000 integrand evaluations so far
[1] 0.191254 +- 2.38277  	chisq 9.41776 (9 df)
     0.2 ±    2.4        ( 3.3mi) ┃Vegas input parameters:
  ndim 8
  ncomp 1
  nvec 1
  epsrel 0
  epsabs 0
  flags 10
  seed 123456
  mineval 5000000
  maxeval 50000000
  nstart 1000000
  nincrease 1000000
  nbatch 5000
  gridno 0
  statefile ""

Iteration 1:  1000000 integrand evaluations so far
[1] 28.0727 +- 9.14989  	chisq 0 (0 df)

Iteration 2:  3000000 integrand evaluations so far
[1] 1.84138 +- 0.574249  	chisq 8.25128 (1 df)

Iteration 3:  6000000 integrand evaluations so far
[1] 2.00361 +- 0.558775  	chisq 9.75245 (2 df)

Iteration 4:  10000000 integrand evaluations so far
[1] 2.13275 +- 0.556867  	chisq 17.5866 (3 df)

Iteration 5:  15000000 integrand evaluations so far
[1] 2.16154 +- 0.556703  	chisq 22.1263 (4 df)

Iteration 6:  21000000 integrand evaluations so far
[1] 2.20723 +- 0.556326  	chisq 27.0952 (5 df)

Iteration 7:  28000000 integrand evaluations so far
[1] 2.32171 +- 0.555628  	chisq 43.9761 (6 df)

Iteration 8:  36000000 integrand evaluations so far
[1] 2.84339 +- 0.551071  	chisq 97.9467 (7 df)

Iteration 9:  45000000 integrand evaluations so far
[1] 4.25464 +- 0.538769  	chisq 246.492 (8 df)

Iteration 10:  55000000 integrand evaluations so far
[1] 4.88209 +- 0.534002  	chisq 323.485 (9 df)
    4.88 ±   0.53        (1.72mi) ┃       6 ±    2.4        (30.4mi) ┃
┃   84 -    86 ┃   54 -    55 ┃ 12.1047 ±  0.007        (3.39mi) ┃-11.1185 ± 0.0069        (9.13mi) ┃Vegas input parameters:
  ndim 10
  ncomp 1
  nvec 1
  epsrel 0
  epsabs 0
  flags 10
  seed 123456
  mineval 50000000
  maxeval 50000000
  nstart 1000000
  nincrease 1000000
  nbatch 5000
  gridno 0
  statefile ""

Iteration 1:  1000000 integrand evaluations so far
[1] 90.1646 +- 63.481  	chisq 0 (0 df)

Iteration 2:  3000000 integrand evaluations so far
[1] -1.71012 +- 11.1707  	chisq 2.16155 (1 df)

Iteration 3:  6000000 integrand evaluations so far
[1] -3.92876 +- 10.7499  	chisq 2.69525 (2 df)

Iteration 4:  10000000 integrand evaluations so far
[1] -3.79742 +- 8.37299  	chisq 2.69563 (3 df)

Iteration 5:  15000000 integrand evaluations so far
[1] -4.73187 +- 8.1931  	chisq 2.98864 (4 df)

Iteration 6:  21000000 integrand evaluations so far
[1] -3.50842 +- 8.11365  	chisq 4.14393 (5 df)

Iteration 7:  28000000 integrand evaluations so far
[1] -4.29401 +- 8.02776  	chisq 4.5891 (6 df)

Iteration 8:  36000000 integrand evaluations so far
[1] -2.53515 +- 4.27767  	chisq 4.65614 (7 df)

Iteration 9:  45000000 integrand evaluations so far
[1] -2.86194 +- 4.24986  	chisq 5.10633 (8 df)

Iteration 10:  55000000 integrand evaluations so far
[1] -1.87938 +- 4.06749  	chisq 5.7428 (9 df)
    -1.9 ±    4.1        (3.44mi) ┃Vegas input parameters:
  ndim 8
  ncomp 1
  nvec 1
  epsrel 0
  epsabs 0
  flags 10
  seed 123456
  mineval 5000000
  maxeval 50000000
  nstart 1000000
  nincrease 1000000
  nbatch 5000
  gridno 0
  statefile ""

Iteration 1:  1000000 integrand evaluations so far
[1] 34.3074 +- 11.4299  	chisq 0 (0 df)

Iteration 2:  3000000 integrand evaluations so far
[1] 4.77299 +- 2.27522  	chisq 6.95237 (1 df)

Iteration 3:  6000000 integrand evaluations so far
[1] 4.90712 +- 2.27148  	chisq 8.01175 (2 df)

Iteration 4:  10000000 integrand evaluations so far
[1] 5.9459 +- 2.14081  	chisq 9.88329 (3 df)

Iteration 5:  15000000 integrand evaluations so far
[1] 9.61774 +- 1.75189  	chisq 18.7887 (4 df)

Iteration 6:  21000000 integrand evaluations so far
[1] 11.5442 +- 1.63622  	chisq 28.2593 (5 df)

Iteration 7:  28000000 integrand evaluations so far
[1] 15.0223 +- 1.50827  	chisq 58.3252 (6 df)

Iteration 8:  36000000 integrand evaluations so far
[1] 20.4359 +- 1.30963  	chisq 110.684 (7 df)

Iteration 9:  45000000 integrand evaluations so far
[1] 22.221 +- 1.23015  	chisq 126.469 (8 df)

Iteration 10:  55000000 integrand evaluations so far
[1] 27.8206 +- 0.857958  	chisq 166.813 (9 df)
   27.82 ±   0.86        (1.72mi) ┃    26.9 ±    4.2        (17.7mi) ┃
┃   84 -    86 ┃   55 -    56 ┃  9.3945 ± 0.0087        (8.34mi) ┃ -8.6498 ± 0.0063        (19.4mi) ┃Vegas input parameters:
  ndim 10
  ncomp 1
  nvec 1
  epsrel 0
  epsabs 0
  flags 10
  seed 123456
  mineval 50000000
  maxeval 50000000
  nstart 1000000
  nincrease 1000000
  nbatch 5000
  gridno 0
  statefile ""

Iteration 1:  1000000 integrand evaluations so far
[1] 12.4499 +- 8.87009  	chisq 0 (0 df)

Iteration 2:  3000000 integrand evaluations so far
[1] 12.4557 +- 8.30094  	chisq 3.47333e-06 (1 df)

Iteration 3:  6000000 integrand evaluations so far
[1] 13.374 +- 8.15835  	chisq 0.359262 (2 df)

Iteration 4:  10000000 integrand evaluations so far
[1] 15.0848 +- 7.81493  	chisq 0.892818 (3 df)

Iteration 5:  15000000 integrand evaluations so far
[1] 10.9539 +- 7.01443  	chisq 2.3303 (4 df)

Iteration 6:  21000000 integrand evaluations so far
[1] 11.2764 +- 7.00791  	chisq 3.46787 (5 df)

Iteration 7:  28000000 integrand evaluations so far
[1] 12.024 +- 6.94346  	chisq 4.08945 (6 df)

Iteration 8:  36000000 integrand evaluations so far
[1] 11.6025 +- 6.79435  	chisq 4.17617 (7 df)

Iteration 9:  45000000 integrand evaluations so far
[1] 10.4477 +- 6.70604  	chisq 5.29464 (8 df)

Iteration 10:  55000000 integrand evaluations so far
[1] 6.70083 +- 5.6711  	chisq 6.39063 (9 df)
     6.7 ±    5.7        (3.15mi) ┃Vegas input parameters:
  ndim 8
  ncomp 1
  nvec 1
  epsrel 0
  epsabs 0
  flags 10
  seed 123456
  mineval 5000000
  maxeval 50000000
  nstart 1000000
  nincrease 1000000
  nbatch 5000
  gridno 0
  statefile ""

Iteration 1:  1000000 integrand evaluations so far
[1] 40.4378 +- 12.7603  	chisq 0 (0 df)

Iteration 2:  3000000 integrand evaluations so far
[1] 4.35522 +- 1.75753  	chisq 8.15059 (1 df)

Iteration 3:  6000000 integrand evaluations so far
[1] 5.44404 +- 1.50349  	chisq 9.58165 (2 df)

Iteration 4:  10000000 integrand evaluations so far
[1] 6.75877 +- 1.44629  	chisq 19.8258 (3 df)

Iteration 5:  15000000 integrand evaluations so far
[1] 7.83843 +- 1.41107  	chisq 31.4079 (4 df)

Iteration 6:  21000000 integrand evaluations so far
[1] 11.5764 +- 1.27828  	chisq 70.5327 (5 df)

Iteration 7:  28000000 integrand evaluations so far
[1] 14.7857 +- 1.19899  	chisq 122.971 (6 df)

Iteration 8:  36000000 integrand evaluations so far
[1] 20.8236 +- 1.05466  	chisq 235.05 (7 df)

Iteration 9:  45000000 integrand evaluations so far
[1] 27.7232 +- 0.819526  	chisq 343.074 (8 df)

Iteration 10:  55000000 integrand evaluations so far
[1] 28.5844 +- 0.796351  	chisq 362.878 (9 df)
   28.58 ±    0.8        (1.69mi) ┃      36 ±    5.7        (32.6mi) ┃
┃   84 -    86 ┃   56 -    57 ┃  9.6568 ±  0.004        (7.44mi) ┃ -8.9055 ± 0.0021        (38.1mi) ┃Vegas input parameters:
  ndim 10
  ncomp 1
  nvec 1
  epsrel 0
  epsabs 0
  flags 10
  seed 123456
  mineval 50000000
  maxeval 50000000
  nstart 1000000
  nincrease 1000000
  nbatch 5000
  gridno 0
  statefile ""

Iteration 1:  1000000 integrand evaluations so far
[1] -47.3045 +- 21.0315  	chisq 0 (0 df)

Iteration 2:  3000000 integrand evaluations so far
[1] -47.9639 +- 19.9076  	chisq 0.00945026 (1 df)

Iteration 3:  6000000 integrand evaluations so far
[1] -38.4657 +- 18.2331  	chisq 1.42206 (2 df)

Iteration 4:  10000000 integrand evaluations so far
[1] -35.678 +- 18.069  	chisq 2.72605 (3 df)

Iteration 5:  15000000 integrand evaluations so far
[1] -34.1884 +- 18.0145  	chisq 3.85492 (4 df)

Iteration 6:  21000000 integrand evaluations so far
[1] -0.460684 +- 8.68004  	chisq 8.42015 (5 df)

Iteration 7:  28000000 integrand evaluations so far
[1] -10.0329 +- 5.92616  	chisq 10.6981 (6 df)

Iteration 8:  36000000 integrand evaluations so far
[1] -10.6042 +- 5.80365  	chisq 10.9252 (7 df)

Iteration 9:  45000000 integrand evaluations so far
[1] -10.8006 +- 5.80059  	chisq 12.0127 (8 df)

Iteration 10:  55000000 integrand evaluations so far
[1] -10.6143 +- 5.79823  	chisq 13.2806 (9 df)
   -10.6 ±    5.8        (3.13mi) ┃Vegas input parameters:
  ndim 8
  ncomp 1
  nvec 1
  epsrel 0
  epsabs 0
  flags 10
  seed 123456
  mineval 5000000
  maxeval 50000000
  nstart 1000000
  nincrease 1000000
  nbatch 5000
  gridno 0
  statefile ""

Iteration 1:  1000000 integrand evaluations so far
[1] 54.7332 +- 14.5217  	chisq 0 (0 df)

Iteration 2:  3000000 integrand evaluations so far
[1] 13.885 +- 4.04968  	chisq 8.57964 (1 df)

Iteration 3:  6000000 integrand evaluations so far
[1] 15.3985 +- 3.83768  	chisq 9.94946 (2 df)

Iteration 4:  10000000 integrand evaluations so far
[1] 16.287 +- 3.09695  	chisq 10.1032 (3 df)

Iteration 5:  15000000 integrand evaluations so far
[1] 18.8666 +- 2.05003  	chisq 11.3381 (4 df)

Iteration 6:  21000000 integrand evaluations so far
[1] 22.1548 +- 1.73706  	chisq 20.4605 (5 df)

Iteration 7:  28000000 integrand evaluations so far
[1] 26.1835 +- 1.34471  	chisq 33.8833 (6 df)

Iteration 8:  36000000 integrand evaluations so far
[1] 30.531 +- 1.02906  	chisq 59.1091 (7 df)

Iteration 9:  45000000 integrand evaluations so far
[1] 33.5555 +- 0.845931  	chisq 85.7488 (8 df)

Iteration 10:  55000000 integrand evaluations so far
[1] 33.6118 +- 0.844919  	chisq 87.6023 (9 df)
   33.61 ±   0.84        (1.68mi) ┃    23.7 ±    5.9        (50.4mi) ┃
┃   84 -    86 ┃   57 -    58 ┃  11.431 ±  0.011        (2.37mi) ┃-10.4589 ± 0.0021        (2.44mi) ┃Vegas input parameters:
  ndim 10
  ncomp 1
  nvec 1
  epsrel 0
  epsabs 0
  flags 10
  seed 123456
  mineval 50000000
  maxeval 50000000
  nstart 1000000
  nincrease 1000000
  nbatch 5000
  gridno 0
  statefile ""

Iteration 1:  1000000 integrand evaluations so far
[1] 251.174 +- 172.31  	chisq 0 (0 df)

Iteration 2:  3000000 integrand evaluations so far
[1] 12.0992 +- 71.5288  	chisq 2.32587 (1 df)

Iteration 3:  6000000 integrand evaluations so far
[1] -8.62799 +- 10.2058  	chisq 2.41159 (2 df)

Iteration 4:  10000000 integrand evaluations so far
[1] -9.64416 +- 10.1429  	chisq 3.21846 (3 df)

Iteration 5:  15000000 integrand evaluations so far
[1] -4.14026 +- 8.19783  	chisq 4.06762 (4 df)

Iteration 6:  21000000 integrand evaluations so far
[1] -2.40836 +- 6.84001  	chisq 4.21452 (5 df)

Iteration 7:  28000000 integrand evaluations so far
[1] -1.27841 +- 6.76189  	chisq 5.41609 (6 df)

Iteration 8:  36000000 integrand evaluations so far
[1] -3.15099 +- 6.23674  	chisq 5.92978 (7 df)

Iteration 9:  45000000 integrand evaluations so far
[1] -2.40451 +- 5.69511  	chisq 6.01601 (8 df)

Iteration 10:  55000000 integrand evaluations so far
[1] -2.00821 +- 5.10173  	chisq 6.04052 (9 df)
      -2 ±    5.1        ( 3.3mi) ┃Vegas input parameters:
  ndim 8
  ncomp 1
  nvec 1
  epsrel 0
  epsabs 0
  flags 10
  seed 123456
  mineval 5000000
  maxeval 50000000
  nstart 1000000
  nincrease 1000000
  nbatch 5000
  gridno 0
  statefile ""

Iteration 1:  1000000 integrand evaluations so far
[1] 29.9494 +- 10.6136  	chisq 0 (0 df)

Iteration 2:  3000000 integrand evaluations so far
[1] 30.6212 +- 10.5798  	chisq 0.629834 (1 df)

Iteration 3:  6000000 integrand evaluations so far
[1] 18.2547 +- 6.40274  	chisq 2.7857 (2 df)

Iteration 4:  10000000 integrand evaluations so far
[1] 19.5197 +- 5.96915  	chisq 3.084 (3 df)

Iteration 5:  15000000 integrand evaluations so far
[1] 15.3091 +- 4.22672  	chisq 4.08194 (4 df)

Iteration 6:  21000000 integrand evaluations so far
[1] 16.2296 +- 4.07636  	chisq 4.76054 (5 df)

Iteration 7:  28000000 integrand evaluations so far
[1] 17.966 +- 2.11654  	chisq 5.00896 (6 df)

Iteration 8:  36000000 integrand evaluations so far
[1] 22.8939 +- 1.74985  	chisq 22.1376 (7 df)

Iteration 9:  45000000 integrand evaluations so far
[1] 23.391 +- 1.73099  	chisq 25.9022 (8 df)

Iteration 10:  55000000 integrand evaluations so far
[1] 28.9573 +- 1.22203  	chisq 46.5175 (9 df)
      29 ±    1.2        (1.68mi) ┃    27.9 ±    5.2        ( 9.8mi) ┃
┃   84 -    86 ┃   58 -    59 ┃ 10.4336 ± 0.0091        (8.15mi) ┃ -9.7079 ± 0.0028        (37.6mi) ┃Vegas input parameters:
  ndim 10
  ncomp 1
  nvec 1
  epsrel 0
  epsabs 0
  flags 10
  seed 123456
  mineval 50000000
  maxeval 50000000
  nstart 1000000
  nincrease 1000000
  nbatch 5000
  gridno 0
  statefile ""

Iteration 1:  1000000 integrand evaluations so far
[1] 7.69074 +- 26.8097  	chisq 0 (0 df)

Iteration 2:  3000000 integrand evaluations so far
[1] -11.0106 +- 13.0615  	chisq 0.638027 (1 df)

Iteration 3:  6000000 integrand evaluations so far
[1] -0.814407 +- 10.2881  	chisq 2.24339 (2 df)

Iteration 4:  10000000 integrand evaluations so far
[1] -2.08621 +- 10.2084  	chisq 3.23368 (3 df)

Iteration 5:  15000000 integrand evaluations so far
[1] 0.722619 +- 9.04563  	chisq 3.58608 (4 df)

Iteration 6:  21000000 integrand evaluations so far
[1] -2.61119 +- 8.80483  	chisq 6.17176 (5 df)

Iteration 7:  28000000 integrand evaluations so far
[1] -2.01659 +- 8.51374  	chisq 6.24189 (6 df)

Iteration 8:  36000000 integrand evaluations so far
[1] -5.58462 +- 7.81186  	chisq 7.35292 (7 df)

Iteration 9:  45000000 integrand evaluations so far
[1] -4.35799 +- 7.58906  	chisq 7.79141 (8 df)

Iteration 10:  55000000 integrand evaluations so far
[1] -0.995508 +- 6.13623  	chisq 8.35841 (9 df)
      -1 ±    6.1        (3.28mi) ┃Vegas input parameters:
  ndim 8
  ncomp 1
  nvec 1
  epsrel 0
  epsabs 0
  flags 10
  seed 123456
  mineval 5000000
  maxeval 50000000
  nstart 1000000
  nincrease 1000000
  nbatch 5000
  gridno 0
  statefile ""

Iteration 1:  1000000 integrand evaluations so far
[1] 61.781 +- 16.9371  	chisq 0 (0 df)

Iteration 2:  3000000 integrand evaluations so far
[1] 41.6611 +- 11.1663  	chisq 2.49605 (1 df)

Iteration 3:  6000000 integrand evaluations so far
[1] 11.6194 +- 2.73312  	chisq 10.1956 (2 df)

Iteration 4:  10000000 integrand evaluations so far
[1] 13.877 +- 2.38911  	chisq 13.088 (3 df)

Iteration 5:  15000000 integrand evaluations so far
[1] 17.9926 +- 1.76901  	chisq 19.657 (4 df)

Iteration 6:  21000000 integrand evaluations so far
[1] 19.5343 +- 1.68253  	chisq 27.6198 (5 df)

Iteration 7:  28000000 integrand evaluations so far
[1] 21.2383 +- 1.60853  	chisq 39.5436 (6 df)

Iteration 8:  36000000 integrand evaluations so far
[1] 26.2989 +- 1.21338  	chisq 62.5099 (7 df)

Iteration 9:  45000000 integrand evaluations so far
[1] 30.7077 +- 0.969763  	chisq 99.0561 (8 df)

Iteration 10:  55000000 integrand evaluations so far
[1] 33.8905 +- 0.800484  	chisq 132.863 (9 df)
   33.89 ±    0.8        (1.67mi) ┃    33.6 ±    6.2        (50.7mi) ┃
┃   84 -    86 ┃   59 -    60 ┃ 10.8934 ± 0.0025        (10.3mi) ┃-10.0111 ± 0.0064        (4.76mi) ┃Vegas input parameters:
  ndim 10
  ncomp 1
  nvec 1
  epsrel 0
  epsabs 0
  flags 10
  seed 123456
  mineval 50000000
  maxeval 50000000
  nstart 1000000
  nincrease 1000000
  nbatch 5000
  gridno 0
  statefile ""

Iteration 1:  1000000 integrand evaluations so far
[1] 66.5621 +- 55.4467  	chisq 0 (0 df)

Iteration 2:  3000000 integrand evaluations so far
[1] 20.8607 +- 32.7566  	chisq 1.04361 (1 df)

Iteration 3:  6000000 integrand evaluations so far
[1] -18.5773 +- 18.2447  	chisq 3.14508 (2 df)

Iteration 4:  10000000 integrand evaluations so far
[1] -20.1323 +- 17.8437  	chisq 3.31217 (3 df)

Iteration 5:  15000000 integrand evaluations so far
[1] -22.5754 +- 17.6614  	chisq 4.23397 (4 df)

Iteration 6:  21000000 integrand evaluations so far
[1] -21.0667 +- 17.6094  	chisq 5.47668 (5 df)

Iteration 7:  28000000 integrand evaluations so far
[1] 8.75464 +- 9.71073  	chisq 9.5978 (6 df)

Iteration 8:  36000000 integrand evaluations so far
[1] 7.82167 +- 9.68262  	chisq 11.1944 (7 df)

Iteration 9:  45000000 integrand evaluations so far
[1] 6.55256 +- 9.61981  	chisq 12.5229 (8 df)

Iteration 10:  55000000 integrand evaluations so far
[1] 7.35708 +- 8.93299  	chisq 12.5737 (9 df)
     7.4 ±    8.9        (3.04mi) ┃Vegas input parameters:
  ndim 8
  ncomp 1
  nvec 1
  epsrel 0
  epsabs 0
  flags 10
  seed 123456
  mineval 5000000
  maxeval 50000000
  nstart 1000000
  nincrease 1000000
  nbatch 5000
  gridno 0
  statefile ""

Iteration 1:  1000000 integrand evaluations so far
[1] 41.5071 +- 13.9888  	chisq 0 (0 df)

Iteration 2:  3000000 integrand evaluations so far
[1] 41.5213 +- 13.0973  	chisq 8.3471e-06 (1 df)

Iteration 3:  6000000 integrand evaluations so far
[1] 36.8387 +- 10.4989  	chisq 0.357634 (2 df)

Iteration 4:  10000000 integrand evaluations so far
[1] 27.5686 +- 6.89355  	chisq 1.72807 (3 df)

Iteration 5:  15000000 integrand evaluations so far
[1] 28.0173 +- 6.5115  	chisq 1.76738 (4 df)

Iteration 6:  21000000 integrand evaluations so far
[1] 14.9665 +- 2.1658  	chisq 6.28416 (5 df)

Iteration 7:  28000000 integrand evaluations so far
[1] 17.4421 +- 1.89354  	chisq 11.8295 (6 df)

Iteration 8:  36000000 integrand evaluations so far
[1] 17.6114 +- 1.8902  	chisq 14.098 (7 df)

Iteration 9:  45000000 integrand evaluations so far
[1] 18.4039 +- 1.85769  	chisq 19.2526 (8 df)

Iteration 10:  55000000 integrand evaluations so far
[1] 18.5283 +- 1.85551  	chisq 21.1683 (9 df)
    18.5 ±    1.9        (1.66mi) ┃    26.8 ±    9.1        (19.8mi) ┃
┃   86 -    88 ┃   25 -    26 ┃  5.7858 ± 0.0058        (3.01mi) ┃ -5.1953 ±  0.005        (2.23mi) ┃Vegas input parameters:
  ndim 10
  ncomp 1
  nvec 1
  epsrel 0
  epsabs 0
  flags 10
  seed 123456
  mineval 50000000
  maxeval 50000000
  nstart 1000000
  nincrease 1000000
  nbatch 5000
  gridno 0
  statefile ""

Iteration 1:  1000000 integrand evaluations so far
[1] -17.3674 +- 34.7986  	chisq 0 (0 df)

Iteration 2:  3000000 integrand evaluations so far
[1] -31.3569 +- 31.5279  	chisq 0.90216 (1 df)

Iteration 3:  6000000 integrand evaluations so far
[1] -7.47681 +- 26.2206  	chisq 2.7628 (2 df)

Iteration 4:  10000000 integrand evaluations so far
[1] -6.90102 +- 8.29656  	chisq 2.76333 (3 df)

Iteration 5:  15000000 integrand evaluations so far
[1] -8.75033 +- 6.80325  	chisq 2.915 (4 df)

Iteration 6:  21000000 integrand evaluations so far
[1] -8.27398 +- 6.65366  	chisq 3.02772 (5 df)

Iteration 7:  28000000 integrand evaluations so far
[1] -7.40473 +- 6.61455  	chisq 4.48377 (6 df)

Iteration 8:  36000000 integrand evaluations so far
[1] -4.37889 +- 6.36381  	chisq 7.29729 (7 df)

Iteration 9:  45000000 integrand evaluations so far
[1] -5.02906 +- 6.35023  	chisq 9.74606 (8 df)

Iteration 10:  55000000 integrand evaluations so far
[1] -6.58084 +- 6.10392  	chisq 10.531 (9 df)
    -6.6 ±    6.1        (3.15mi) ┃Vegas input parameters:
  ndim 8
  ncomp 1
  nvec 1
  epsrel 0
  epsabs 0
  flags 10
  seed 123456
  mineval 5000000
  maxeval 50000000
  nstart 1000000
  nincrease 1000000
  nbatch 5000
  gridno 0
  statefile ""

Iteration 1:  1000000 integrand evaluations so far
[1] 41.3827 +- 12.7553  	chisq 0 (0 df)

Iteration 2:  3000000 integrand evaluations so far
[1] 42.5337 +- 12.6225  	chisq 0.392979 (1 df)

Iteration 3:  6000000 integrand evaluations so far
[1] 6.7033 +- 1.88999  	chisq 8.63555 (2 df)

Iteration 4:  10000000 integrand evaluations so far
[1] 8.01858 +- 1.72163  	chisq 11.4808 (3 df)

Iteration 5:  15000000 integrand evaluations so far
[1] 8.73839 +- 1.6994  	chisq 18.2912 (4 df)

Iteration 6:  21000000 integrand evaluations so far
[1] 11.754 +- 1.61359  	chisq 50.2806 (5 df)

Iteration 7:  28000000 integrand evaluations so far
[1] 13.6518 +- 1.57493  	chisq 79.502 (6 df)

Iteration 8:  36000000 integrand evaluations so far
[1] 18.9241 +- 1.45158  	chisq 153.96 (7 df)

Iteration 9:  45000000 integrand evaluations so far
[1] 19.1768 +- 1.44821  	chisq 160.505 (8 df)

Iteration 10:  55000000 integrand evaluations so far
[1] 21.7687 +- 1.40159  	chisq 211.065 (9 df)
    21.8 ±    1.4        (1.61mi) ┃    15.8 ±    6.3        (  10mi) ┃
┃   86 -    88 ┃   26 -    27 ┃ 12.8371 ± 0.0087        ( 44.6s) ┃-11.8053 ± 0.0073        (17.6mi) ┃Vegas input parameters:
  ndim 10
  ncomp 1
  nvec 1
  epsrel 0
  epsabs 0
  flags 10
  seed 123456
  mineval 50000000
  maxeval 50000000
  nstart 1000000
  nincrease 1000000
  nbatch 5000
  gridno 0
  statefile ""

Iteration 1:  1000000 integrand evaluations so far
[1] 44.8715 +- 91.12  	chisq 0 (0 df)

Iteration 2:  3000000 integrand evaluations so far
[1] 91.9869 +- 81.9344  	chisq 1.39649 (1 df)

Iteration 3:  6000000 integrand evaluations so far
[1] 20.3968 +- 49.885  	chisq 2.60961 (2 df)

Iteration 4:  10000000 integrand evaluations so far
[1] -2.92175 +- 45.9435  	chisq 4.04923 (3 df)

Iteration 5:  15000000 integrand evaluations so far
[1] -22.6898 +- 34.9963  	chisq 4.49026 (4 df)

Iteration 6:  21000000 integrand evaluations so far
[1] -33.0775 +- 32.9326  	chisq 5.25998 (5 df)

Iteration 7:  28000000 integrand evaluations so far
[1] -14.0884 +- 21.3256  	chisq 5.83255 (6 df)

Iteration 8:  36000000 integrand evaluations so far
[1] -24.8435 +- 19.4878  	chisq 7.37465 (7 df)

Iteration 9:  45000000 integrand evaluations so far
[1] -7.28584 +- 9.58668  	chisq 8.44553 (8 df)

Iteration 10:  55000000 integrand evaluations so far
[1] -2.54771 +- 9.25839  	chisq 12.0743 (9 df)
    -2.5 ±    9.3        (2.82mi) ┃Vegas input parameters:
  ndim 8
  ncomp 1
  nvec 1
  epsrel 0
  epsabs 0
  flags 10
  seed 123456
  mineval 5000000
  maxeval 50000000
  nstart 1000000
  nincrease 1000000
  nbatch 5000
  gridno 0
  statefile ""

Iteration 1:  1000000 integrand evaluations so far
[1] 114.821 +- 26.9104  	chisq 0 (0 df)

Iteration 2:  3000000 integrand evaluations so far
[1] 14.9291 +- 3.77811  	chisq 14.0561 (1 df)

Iteration 3:  6000000 integrand evaluations so far
[1] 15.0332 +- 3.77751  	chisq 16.461 (2 df)

Iteration 4:  10000000 integrand evaluations so far
[1] 18.623 +- 3.47267  	chisq 22.2917 (3 df)

Iteration 5:  15000000 integrand evaluations so far
[1] 24.1662 +- 3.06858  	chisq 33.9161 (4 df)

Iteration 6:  21000000 integrand evaluations so far
[1] 32.077 +- 2.50495  	chisq 53.8375 (5 df)

Iteration 7:  28000000 integrand evaluations so far
[1] 38.5023 +- 1.94706  	chisq 70.4599 (6 df)

Iteration 8:  36000000 integrand evaluations so far
[1] 44.0173 +- 1.40896  	chisq 87.3021 (7 df)

Iteration 9:  45000000 integrand evaluations so far
[1] 48.098 +- 0.938633  	chisq 102.384 (8 df)

Iteration 10:  55000000 integrand evaluations so far
[1] 48.5626 +- 0.895223  	chisq 105.095 (9 df)
   48.56 ±    0.9        (1.56mi) ┃      47 ±    9.3        (22.7mi) ┃
┃   86 -    88 ┃   27 -    28 ┃  8.7664 ± 0.0055        (1.22mi) ┃ -8.0611 ± 0.0027        (8.48mi) ┃Vegas input parameters:
  ndim 10
  ncomp 1
  nvec 1
  epsrel 0
  epsabs 0
  flags 10
  seed 123456
  mineval 50000000
  maxeval 50000000
  nstart 1000000
  nincrease 1000000
  nbatch 5000
  gridno 0
  statefile ""

Iteration 1:  1000000 integrand evaluations so far
[1] -15.2408 +- 17.1963  	chisq 0 (0 df)

Iteration 2:  3000000 integrand evaluations so far
[1] -5.53397 +- 15.2041  	chisq 1.45973 (1 df)

Iteration 3:  6000000 integrand evaluations so far
[1] -4.38472 +- 15.1518  	chisq 2.29155 (2 df)

Iteration 4:  10000000 integrand evaluations so far
[1] -5.3847 +- 8.55317  	chisq 2.29794 (3 df)

Iteration 5:  15000000 integrand evaluations so far
[1] -4.97981 +- 8.47929  	chisq 2.42822 (4 df)

Iteration 6:  21000000 integrand evaluations so far
[1] -5.40067 +- 8.45616  	chisq 2.88024 (5 df)

Iteration 7:  28000000 integrand evaluations so far
[1] 2.03017 +- 5.9543  	chisq 4.41181 (6 df)

Iteration 8:  36000000 integrand evaluations so far
[1] 2.02904 +- 5.92261  	chisq 4.41182 (7 df)

Iteration 9:  45000000 integrand evaluations so far
[1] 1.94516 +- 5.9025  	chisq 4.44141 (8 df)

Iteration 10:  55000000 integrand evaluations so far
[1] 2.64803 +- 5.76248  	chisq 4.74385 (9 df)
     2.6 ±    5.8        (2.78mi) ┃Vegas input parameters:
  ndim 8
  ncomp 1
  nvec 1
  epsrel 0
  epsabs 0
  flags 10
  seed 123456
  mineval 5000000
  maxeval 50000000
  nstart 1000000
  nincrease 1000000
  nbatch 5000
  gridno 0
  statefile ""

Iteration 1:  1000000 integrand evaluations so far
[1] 46.4697 +- 16.324  	chisq 0 (0 df)

Iteration 2:  3000000 integrand evaluations so far
[1] 47.3879 +- 15.3522  	chisq 0.0273885 (1 df)

Iteration 3:  6000000 integrand evaluations so far
[1] 7.82859 +- 3.00781  	chisq 6.93226 (2 df)

Iteration 4:  10000000 integrand evaluations so far
[1] 10.3931 +- 2.45758  	chisq 9.11927 (3 df)

Iteration 5:  15000000 integrand evaluations so far
[1] 10.6794 +- 2.4529  	chisq 12.6909 (4 df)

Iteration 6:  21000000 integrand evaluations so far
[1] 12.7804 +- 2.37658  	chisq 24.6655 (5 df)

Iteration 7:  28000000 integrand evaluations so far
[1] 13.8642 +- 2.35075  	chisq 34.2892 (6 df)

Iteration 8:  36000000 integrand evaluations so far
[1] 18.4275 +- 2.20068  	chisq 64.7749 (7 df)

Iteration 9:  45000000 integrand evaluations so far
[1] 25.1195 +- 1.96835  	chisq 111.01 (8 df)

Iteration 10:  55000000 integrand evaluations so far
[1] 39.6168 +- 1.3827  	chisq 218.102 (9 df)
    39.6 ±    1.4        (1.49mi) ┃      43 ±    5.9        (  14mi) ┃
┃   86 -    88 ┃   28 -    29 ┃  6.4873 ± 0.0062        (9.63mi) ┃ -6.0197 ± 0.0058        (1.07hr) ┃Vegas input parameters:
  ndim 10
  ncomp 1
  nvec 1
  epsrel 0
  epsabs 0
  flags 10
  seed 123456
  mineval 50000000
  maxeval 50000000
  nstart 1000000
  nincrease 1000000
  nbatch 5000
  gridno 0
  statefile ""

Iteration 1:  1000000 integrand evaluations so far
[1] 103.104 +- 65.4151  	chisq 0 (0 df)

Iteration 2:  3000000 integrand evaluations so far
[1] 105.993 +- 65.3408  	chisq 0.859345 (1 df)

Iteration 3:  6000000 integrand evaluations so far
[1] 48.6778 +- 30.0699  	chisq 1.83552 (2 df)

Iteration 4:  10000000 integrand evaluations so far
[1] 13.3189 +- 22.086  	chisq 4.838 (3 df)

Iteration 5:  15000000 integrand evaluations so far
[1] 13.1154 +- 22.0851  	chisq 5.89955 (4 df)

Iteration 6:  21000000 integrand evaluations so far
[1] -9.38056 +- 14.0624  	chisq 7.64459 (5 df)

Iteration 7:  28000000 integrand evaluations so far
[1] -8.63401 +- 14.0405  	chisq 8.55015 (6 df)

Iteration 8:  36000000 integrand evaluations so far
[1] -4.47944 +- 7.53551  	chisq 8.67314 (7 df)

Iteration 9:  45000000 integrand evaluations so far
[1] -0.0438202 +- 5.40969  	chisq 9.38808 (8 df)

Iteration 10:  55000000 integrand evaluations so far
[1] 1.44482 +- 4.9955  	chisq 9.90228 (9 df)
     1.4 ±      5        (2.57mi) ┃Vegas input parameters:
  ndim 8
  ncomp 1
  nvec 1
  epsrel 0
  epsabs 0
  flags 10
  seed 123456
  mineval 5000000
  maxeval 50000000
  nstart 1000000
  nincrease 1000000
  nbatch 5000
  gridno 0
  statefile ""

Iteration 1:  1000000 integrand evaluations so far
[1] 35.9531 +- 13.0788  	chisq 0 (0 df)

Iteration 2:  3000000 integrand evaluations so far
[1] 1.14058 +- 0.425848  	chisq 7.09245 (1 df)

Iteration 3:  6000000 integrand evaluations so far
[1] 1.51429 +- 0.379779  	chisq 10.8554 (2 df)

Iteration 4:  10000000 integrand evaluations so far
[1] 1.59712 +- 0.378833  	chisq 20.4231 (3 df)

Iteration 5:  15000000 integrand evaluations so far
[1] 1.89071 +- 0.375896  	chisq 59.2951 (4 df)

Iteration 6:  21000000 integrand evaluations so far
[1] 2.05881 +- 0.37521  	chisq 114.182 (5 df)

Iteration 7:  28000000 integrand evaluations so far
[1] 2.25662 +- 0.374499  	chisq 187.568 (6 df)

Iteration 8:  36000000 integrand evaluations so far
[1] 2.94853 +- 0.371787  	chisq 424.144 (7 df)

Iteration 9:  45000000 integrand evaluations so far
[1] 2.94895 +- 0.371787  	chisq 425.729 (8 df)

Iteration 10:  55000000 integrand evaluations so far
[1] 3.09405 +- 0.371081  	chisq 465.837 (9 df)
    3.09 ±   0.37        (1.39mi) ┃       5 ±      5        ( 1.3hr) ┃
┃   86 -    88 ┃   29 -    30 ┃  9.5876 ± 0.0017        (2.63mi) ┃ -8.8327 ± 0.0036        (7.76mi) ┃Vegas input parameters:
  ndim 10
  ncomp 1
  nvec 1
  epsrel 0
  epsabs 0
  flags 10
  seed 123456
  mineval 50000000
  maxeval 50000000
  nstart 1000000
  nincrease 1000000
  nbatch 5000
  gridno 0
  statefile ""

Iteration 1:  1000000 integrand evaluations so far
[1] -196.629 +- 192.326  	chisq 0 (0 df)

Iteration 2:  3000000 integrand evaluations so far
[1] 38.8144 +- 72.3254  	chisq 1.74549 (1 df)

Iteration 3:  6000000 integrand evaluations so far
[1] -13.4162 +- 7.11574  	chisq 2.2721 (2 df)

Iteration 4:  10000000 integrand evaluations so far
[1] -12.0812 +- 5.09738  	chisq 2.3444 (3 df)

Iteration 5:  15000000 integrand evaluations so far
[1] -12.7369 +- 4.78949  	chisq 2.48565 (4 df)

Iteration 6:  21000000 integrand evaluations so far
[1] -12.9347 +- 4.78493  	chisq 3.38223 (5 df)

Iteration 7:  28000000 integrand evaluations so far
[1] -12.8225 +- 4.78353  	chisq 4.31738 (6 df)

Iteration 8:  36000000 integrand evaluations so far
[1] -4.45839 +- 3.05159  	chisq 9.47283 (7 df)

Iteration 9:  45000000 integrand evaluations so far
[1] -4.32197 +- 3.04413  	chisq 9.88206 (8 df)

Iteration 10:  55000000 integrand evaluations so far
[1] -4.39581 +- 3.03868  	chisq 10.0465 (9 df)
    -4.4 ±      3        (2.39mi) ┃Vegas input parameters:
  ndim 8
  ncomp 1
  nvec 1
  epsrel 0
  epsabs 0
  flags 10
  seed 123456
  mineval 5000000
  maxeval 50000000
  nstart 1000000
  nincrease 1000000
  nbatch 5000
  gridno 0
  statefile ""

Iteration 1:  1000000 integrand evaluations so far
[1] 52.0171 +- 14.2589  	chisq 0 (0 df)

Iteration 2:  3000000 integrand evaluations so far
[1] 36.1361 +- 9.0185  	chisq 2.06758 (1 df)

Iteration 3:  6000000 integrand evaluations so far
[1] 15.264 +- 2.82441  	chisq 8.0063 (2 df)

Iteration 4:  10000000 integrand evaluations so far
[1] 15.3635 +- 2.82314  	chisq 9.39008 (3 df)

Iteration 5:  15000000 integrand evaluations so far
[1] 15.972 +- 2.80138  	chisq 12.4151 (4 df)

Iteration 6:  21000000 integrand evaluations so far
[1] 15.9907 +- 2.80132  	chisq 13.4748 (5 df)

Iteration 7:  28000000 integrand evaluations so far
[1] 16.2847 +- 2.79137  	chisq 15.0272 (6 df)

Iteration 8:  36000000 integrand evaluations so far
[1] 18.0271 +- 2.48915  	chisq 16.9296 (7 df)

Iteration 9:  45000000 integrand evaluations so far
[1] 19.5378 +- 2.44089  	chisq 26.5218 (8 df)

Iteration 10:  55000000 integrand evaluations so far
[1] 27.5706 +- 2.0936  	chisq 67.4948 (9 df)
    27.6 ±    2.1        (1.38mi) ┃    23.9 ±    3.7        (14.1mi) ┃
┃   86 -    88 ┃   30 -    31 ┃ 10.6594 ± 0.0088        (1.32mi) ┃  -9.828 ± 0.0095        (8.19mi) ┃Vegas input parameters:
  ndim 10
  ncomp 1
  nvec 1
  epsrel 0
  epsabs 0
  flags 10
  seed 123456
  mineval 50000000
  maxeval 50000000
  nstart 1000000
  nincrease 1000000
  nbatch 5000
  gridno 0
  statefile ""

Iteration 1:  1000000 integrand evaluations so far
[1] 201.165 +- 193.499  	chisq 0 (0 df)

Iteration 2:  3000000 integrand evaluations so far
[1] -14.1915 +- 79.7504  	chisq 1.49215 (1 df)

Iteration 3:  6000000 integrand evaluations so far
[1] -24.1626 +- 13.8215  	chisq 1.50826 (2 df)

Iteration 4:  10000000 integrand evaluations so far
[1] -25.3484 +- 13.7796  	chisq 2.72263 (3 df)

Iteration 5:  15000000 integrand evaluations so far
[1] -19.8143 +- 11.0561  	chisq 3.17542 (4 df)

Iteration 6:  21000000 integrand evaluations so far
[1] -14.9027 +- 10.6646  	chisq 6.01167 (5 df)

Iteration 7:  28000000 integrand evaluations so far
[1] -21.4956 +- 7.97343  	chisq 6.87827 (6 df)

Iteration 8:  36000000 integrand evaluations so far
[1] -19.4206 +- 7.31134  	chisq 7.30372 (7 df)

Iteration 9:  45000000 integrand evaluations so far
[1] -18.2862 +- 7.27706  	chisq 9.87726 (8 df)

Iteration 10:  55000000 integrand evaluations so far
[1] -14.9925 +- 7.02944  	chisq 12.9394 (9 df)
     -15 ±      7        (2.52mi) ┃Vegas input parameters:
  ndim 8
  ncomp 1
  nvec 1
  epsrel 0
  epsabs 0
  flags 10
  seed 123456
  mineval 5000000
  maxeval 50000000
  nstart 1000000
  nincrease 1000000
  nbatch 5000
  gridno 0
  statefile ""

Iteration 1:  1000000 integrand evaluations so far
[1] 46.0969 +- 15.5012  	chisq 0 (0 df)

Iteration 2:  3000000 integrand evaluations so far
[1] 13.6572 +- 4.16703  	chisq 4.7206 (1 df)

Iteration 3:  6000000 integrand evaluations so far
[1] 14.5757 +- 3.92766  	chisq 5.15599 (2 df)

Iteration 4:  10000000 integrand evaluations so far
[1] 16.249 +- 2.65046  	chisq 5.48924 (3 df)

Iteration 5:  15000000 integrand evaluations so far
[1] 16.6542 +- 2.63725  	chisq 7.83983 (4 df)

Iteration 6:  21000000 integrand evaluations so far
[1] 21.0504 +- 1.94458  	chisq 13.9296 (5 df)

Iteration 7:  28000000 integrand evaluations so far
[1] 26.2028 +- 1.64981  	chisq 38.9859 (6 df)

Iteration 8:  36000000 integrand evaluations so far
[1] 32.6408 +- 1.27246  	chisq 76.5726 (7 df)

Iteration 9:  45000000 integrand evaluations so far
[1] 32.6521 +- 1.27242  	chisq 77.7915 (8 df)

Iteration 10:  55000000 integrand evaluations so far
[1] 33.1611 +- 1.2072  	chisq 79.3937 (9 df)
    33.2 ±    1.2        (1.29mi) ┃      19 ±    7.1        (13.3mi) ┃
┃   86 -    88 ┃   31 -    32 ┃  7.4172 ± 0.0042        (4.69mi) ┃ -6.8314 ± 0.0044        (31.1mi) ┃Vegas input parameters:
  ndim 10
  ncomp 1
  nvec 1
  epsrel 0
  epsabs 0
  flags 10
  seed 123456
  mineval 50000000
  maxeval 50000000
  nstart 1000000
  nincrease 1000000
  nbatch 5000
  gridno 0
  statefile ""

Iteration 1:  1000000 integrand evaluations so far
[1] 17.1476 +- 20.7347  	chisq 0 (0 df)

Iteration 2:  3000000 integrand evaluations so far
[1] 12.2029 +- 20.3408  	chisq 1.51096 (1 df)

Iteration 3:  6000000 integrand evaluations so far
[1] -10.9653 +- 16.1691  	chisq 5.03523 (2 df)

Iteration 4:  10000000 integrand evaluations so far
[1] 2.66408 +- 10.2206  	chisq 6.21858 (3 df)

Iteration 5:  15000000 integrand evaluations so far
[1] 5.10619 +- 9.71961  	chisq 6.81552 (4 df)

Iteration 6:  21000000 integrand evaluations so far
[1] 5.88114 +- 9.49978  	chisq 6.95766 (5 df)

Iteration 7:  28000000 integrand evaluations so far
[1] 5.81527 +- 9.01426  	chisq 6.95814 (6 df)

Iteration 8:  36000000 integrand evaluations so far
[1] 1.47278 +- 8.64696  	chisq 9.8651 (7 df)

Iteration 9:  45000000 integrand evaluations so far
[1] -3.91184 +- 7.58142  	chisq 11.5418 (8 df)

Iteration 10:  55000000 integrand evaluations so far
[1] -5.31184 +- 7.17559  	chisq 11.8691 (9 df)
    -5.3 ±    7.2        (2.22mi) ┃Vegas input parameters:
  ndim 8
  ncomp 1
  nvec 1
  epsrel 0
  epsabs 0
  flags 10
  seed 123456
  mineval 5000000
  maxeval 50000000
  nstart 1000000
  nincrease 1000000
  nbatch 5000
  gridno 0
  statefile ""

Iteration 1:  1000000 integrand evaluations so far
[1] 40.8418 +- 15.2201  	chisq 0 (0 df)

Iteration 2:  3000000 integrand evaluations so far
[1] 3.08387 +- 1.38275  	chisq 6.2056 (1 df)

Iteration 3:  6000000 integrand evaluations so far
[1] 3.27155 +- 1.37647  	chisq 8.23885 (2 df)

Iteration 4:  10000000 integrand evaluations so far
[1] 4.26471 +- 1.08544  	chisq 9.61556 (3 df)

Iteration 5:  15000000 integrand evaluations so far
[1] 4.4061 +- 1.08221  	chisq 12.4719 (4 df)

Iteration 6:  21000000 integrand evaluations so far
[1] 4.41457 +- 1.08219  	chisq 13.7053 (5 df)

Iteration 7:  28000000 integrand evaluations so far
[1] 4.9723 +- 1.07  	chisq 25.5674 (6 df)

Iteration 8:  36000000 integrand evaluations so far
[1] 5.50189 +- 1.06205  	chisq 42.1121 (7 df)

Iteration 9:  45000000 integrand evaluations so far
[1] 5.57635 +- 1.06142  	chisq 46.271 (8 df)

Iteration 10:  55000000 integrand evaluations so far
[1] 7.75117 +- 1.02301  	chisq 105.349 (9 df)
     7.8 ±      1        (1.32mi) ┃       3 ±    7.2        (39.3mi) ┃
┃   86 -    88 ┃   32 -    33 ┃  6.9244 ± 0.0029        (8.99mi) ┃ -6.3812 ±  0.006        (7.61mi) ┃Vegas input parameters:
  ndim 10
  ncomp 1
  nvec 1
  epsrel 0
  epsabs 0
  flags 10
  seed 123456
  mineval 50000000
  maxeval 50000000
  nstart 1000000
  nincrease 1000000
  nbatch 5000
  gridno 0
  statefile ""

Iteration 1:  1000000 integrand evaluations so far
[1] 0.421438 +- 28.4644  	chisq 0 (0 df)

Iteration 2:  3000000 integrand evaluations so far
[1] -8.38784 +- 26.9158  	chisq 0.904876 (1 df)

Iteration 3:  6000000 integrand evaluations so far
[1] -10.9004 +- 20.295  	chisq 0.925073 (2 df)

Iteration 4:  10000000 integrand evaluations so far
[1] -1.59454 +- 18.7371  	chisq 2.3492 (3 df)

Iteration 5:  15000000 integrand evaluations so far
[1] -7.50701 +- 16.371  	chisq 2.77002 (4 df)

Iteration 6:  21000000 integrand evaluations so far
[1] -8.67482 +- 11.7643  	chisq 2.78054 (5 df)

Iteration 7:  28000000 integrand evaluations so far
[1] -8.18366 +- 11.4779  	chisq 2.81677 (6 df)

Iteration 8:  36000000 integrand evaluations so far
[1] -7.53874 +- 11.4479  	chisq 3.42306 (7 df)

Iteration 9:  45000000 integrand evaluations so far
[1] -8.73991 +- 10.2273  	chisq 3.47759 (8 df)

Iteration 10:  55000000 integrand evaluations so far
[1] -8.4953 +- 10.1347  	chisq 3.50931 (9 df)
      -8 ±     10        (2.33mi) ┃Vegas input parameters:
  ndim 8
  ncomp 1
  nvec 1
  epsrel 0
  epsabs 0
  flags 10
  seed 123456
  mineval 5000000
  maxeval 50000000
  nstart 1000000
  nincrease 1000000
  nbatch 5000
  gridno 0
  statefile ""

Iteration 1:  1000000 integrand evaluations so far
[1] 67.449 +- 17.4003  	chisq 0 (0 df)

Iteration 2:  3000000 integrand evaluations so far
[1] 24.1588 +- 6.38444  	chisq 7.15255 (1 df)

Iteration 3:  6000000 integrand evaluations so far
[1] 26.2957 +- 6.07866  	chisq 8.35073 (2 df)

Iteration 4:  10000000 integrand evaluations so far
[1] 28.6438 +- 5.03178  	chisq 8.82478 (3 df)

Iteration 5:  15000000 integrand evaluations so far
[1] 28.7956 +- 2.89254  	chisq 8.82613 (4 df)

Iteration 6:  21000000 integrand evaluations so far
[1] 33.3988 +- 2.23514  	chisq 15.1119 (5 df)

Iteration 7:  28000000 integrand evaluations so far
[1] 38.079 +- 1.7881  	chisq 27.2908 (6 df)

Iteration 8:  36000000 integrand evaluations so far
[1] 41.3596 +- 1.42668  	chisq 36.5539 (7 df)

Iteration 9:  45000000 integrand evaluations so far
[1] 44.5216 +- 1.08509  	chisq 48.2062 (8 df)

Iteration 10:  55000000 integrand evaluations so far
[1] 46.5637 +- 0.890677  	chisq 59.0633 (9 df)
   46.56 ±   0.89        ( 1.2mi) ┃      39 ±     10        (20.1mi) ┃
┃   86 -    88 ┃   33 -    34 ┃ 11.8823 ± 0.0045        (4.58mi) ┃-11.0442 ± 0.0085        (3.77mi) ┃Vegas input parameters:
  ndim 10
  ncomp 1
  nvec 1
  epsrel 0
  epsabs 0
  flags 10
  seed 123456
  mineval 50000000
  maxeval 50000000
  nstart 1000000
  nincrease 1000000
  nbatch 5000
  gridno 0
  statefile ""

Iteration 1:  1000000 integrand evaluations so far
[1] -176.235 +- 105.848  	chisq 0 (0 df)

Iteration 2:  3000000 integrand evaluations so far
[1] 23.0972 +- 23.919  	chisq 3.73729 (1 df)

Iteration 3:  6000000 integrand evaluations so far
[1] 7.17732 +- 13.9129  	chisq 4.4068 (2 df)

Iteration 4:  10000000 integrand evaluations so far
[1] 12.5015 +- 10.1041  	chisq 4.71668 (3 df)

Iteration 5:  15000000 integrand evaluations so far
[1] 16.3724 +- 8.88019  	chisq 5.36159 (4 df)

Iteration 6:  21000000 integrand evaluations so far
[1] 12.8599 +- 7.34864  	chisq 5.85797 (5 df)

Iteration 7:  28000000 integrand evaluations so far
[1] 12.4739 +- 7.33637  	chisq 6.68517 (6 df)

Iteration 8:  36000000 integrand evaluations so far
[1] 4.93889 +- 6.71848  	chisq 13.2229 (7 df)

Iteration 9:  45000000 integrand evaluations so far
[1] 5.34554 +- 6.6801  	chisq 13.5445 (8 df)

Iteration 10:  55000000 integrand evaluations so far
[1] 3.66031 +- 6.21968  	chisq 14.0227 (9 df)
     3.7 ±    6.2        (2.25mi) ┃Vegas input parameters:
  ndim 8
  ncomp 1
  nvec 1
  epsrel 0
  epsabs 0
  flags 10
  seed 123456
  mineval 5000000
  maxeval 50000000
  nstart 1000000
  nincrease 1000000
  nbatch 5000
  gridno 0
  statefile ""

Iteration 1:  1000000 integrand evaluations so far
[1] 54.6223 +- 14.3872  	chisq 0 (0 df)

Iteration 2:  3000000 integrand evaluations so far
[1] 43.9502 +- 10.4859  	chisq 1.17372 (1 df)

Iteration 3:  6000000 integrand evaluations so far
[1] 26.135 +- 6.04195  	chisq 5.49474 (2 df)

Iteration 4:  10000000 integrand evaluations so far
[1] 22.6592 +- 4.21396  	chisq 6.13915 (3 df)

Iteration 5:  15000000 integrand evaluations so far
[1] 24.2614 +- 4.03424  	chisq 7.87091 (4 df)

Iteration 6:  21000000 integrand evaluations so far
[1] 30.2005 +- 3.07  	chisq 13.02 (5 df)

Iteration 7:  28000000 integrand evaluations so far
[1] 34.3511 +- 2.61274  	chisq 19.6499 (6 df)

Iteration 8:  36000000 integrand evaluations so far
[1] 37.5885 +- 2.08971  	chisq 23.9112 (7 df)

Iteration 9:  45000000 integrand evaluations so far
[1] 38.5961 +- 2.01775  	chisq 27.3462 (8 df)

Iteration 10:  55000000 integrand evaluations so far
[1] 39.6902 +- 1.97421  	chisq 34.2317 (9 df)
    39.7 ±      2        (1.23mi) ┃    44.2 ±    6.5        (11.8mi) ┃
┃   86 -    88 ┃   34 -    35 ┃  8.9061 ± 0.0039        ( 37.6s) ┃ -8.1949 ± 0.0064        (3.79mi) ┃Vegas input parameters:
  ndim 10
  ncomp 1
  nvec 1
  epsrel 0
  epsabs 0
  flags 10
  seed 123456
  mineval 50000000
  maxeval 50000000
  nstart 1000000
  nincrease 1000000
  nbatch 5000
  gridno 0
  statefile ""

Iteration 1:  1000000 integrand evaluations so far
[1] 102.387 +- 75.7917  	chisq 0 (0 df)

Iteration 2:  3000000 integrand evaluations so far
[1] -13.2599 +- 15.4549  	chisq 2.42923 (1 df)

Iteration 3:  6000000 integrand evaluations so far
[1] -19.3788 +- 11.6093  	chisq 2.78896 (2 df)

Iteration 4:  10000000 integrand evaluations so far
[1] -2.5886 +- 8.46783  	chisq 7.2586 (3 df)

Iteration 5:  15000000 integrand evaluations so far
[1] -2.22758 +- 8.45908  	chisq 8.13912 (4 df)

Iteration 6:  21000000 integrand evaluations so far
[1] -2.72277 +- 8.43687  	chisq 8.79246 (5 df)

Iteration 7:  28000000 integrand evaluations so far
[1] -5.22718 +- 4.85161  	chisq 8.92411 (6 df)

Iteration 8:  36000000 integrand evaluations so far
[1] -5.6408 +- 4.78733  	chisq 9.20024 (7 df)

Iteration 9:  45000000 integrand evaluations so far
[1] -5.60018 +- 4.78665  	chisq 9.4527 (8 df)

Iteration 10:  55000000 integrand evaluations so far
[1] -5.95145 +- 4.59734  	chisq 9.52216 (9 df)
      -6 ±    4.6        (2.09mi) ┃Vegas input parameters:
  ndim 8
  ncomp 1
  nvec 1
  epsrel 0
  epsabs 0
  flags 10
  seed 123456
  mineval 5000000
  maxeval 50000000
  nstart 1000000
  nincrease 1000000
  nbatch 5000
  gridno 0
  statefile ""

Iteration 1:  1000000 integrand evaluations so far
[1] 61.2404 +- 17.0387  	chisq 0 (0 df)

Iteration 2:  3000000 integrand evaluations so far
[1] 11.3225 +- 3.50684  	chisq 8.96267 (1 df)

Iteration 3:  6000000 integrand evaluations so far
[1] 12.3733 +- 3.42838  	chisq 10.9916 (2 df)

Iteration 4:  10000000 integrand evaluations so far
[1] 12.8328 +- 3.41813  	chisq 14.0013 (3 df)

Iteration 5:  15000000 integrand evaluations so far
[1] 17.861 +- 2.56567  	chisq 18.9578 (4 df)

Iteration 6:  21000000 integrand evaluations so far
[1] 21.5809 +- 2.27432  	chisq 28.7704 (5 df)

Iteration 7:  28000000 integrand evaluations so far
[1] 24.5934 +- 2.13144  	chisq 43.1873 (6 df)

Iteration 8:  36000000 integrand evaluations so far
[1] 27.3538 +- 1.9647  	chisq 54.3436 (7 df)

Iteration 9:  45000000 integrand evaluations so far
[1] 31.4443 +- 1.76952  	chisq 77.3008 (8 df)

Iteration 10:  55000000 integrand evaluations so far
[1] 35.4978 +- 1.56899  	chisq 101.845 (9 df)
    35.5 ±    1.6        (1.26mi) ┃    30.3 ±    4.9        (7.77mi) ┃
┃   86 -    88 ┃   35 -    36 ┃  5.6096 ± 0.0022        ( 1.6mi) ┃ -5.1751 ± 0.0049        (27.6mi) ┃Vegas input parameters:
  ndim 10
  ncomp 1
  nvec 1
  epsrel 0
  epsabs 0
  flags 10
  seed 123456
  mineval 50000000
  maxeval 50000000
  nstart 1000000
  nincrease 1000000
  nbatch 5000
  gridno 0
  statefile ""

Iteration 1:  1000000 integrand evaluations so far
[1] 4.57591 +- 27.9482  	chisq 0 (0 df)

Iteration 2:  3000000 integrand evaluations so far
[1] -17.1097 +- 23.4924  	chisq 2.05166 (1 df)

Iteration 3:  6000000 integrand evaluations so far
[1] -20.8612 +- 23.08  	chisq 2.78451 (2 df)

Iteration 4:  10000000 integrand evaluations so far
[1] -12.3351 +- 22.0842  	chisq 4.40073 (3 df)

Iteration 5:  15000000 integrand evaluations so far
[1] -11.3095 +- 22.0526  	chisq 5.15593 (4 df)

Iteration 6:  21000000 integrand evaluations so far
[1] -10.0439 +- 21.9573  	chisq 5.53801 (5 df)

Iteration 7:  28000000 integrand evaluations so far
[1] -6.95446 +- 21.7758  	chisq 6.74025 (6 df)

Iteration 8:  36000000 integrand evaluations so far
[1] -2.46521 +- 2.71642  	chisq 6.78343 (7 df)

Iteration 9:  45000000 integrand evaluations so far
[1] -2.23508 +- 2.68957  	chisq 7.14831 (8 df)

Iteration 10:  55000000 integrand evaluations so far
[1] -2.12707 +- 2.6839  	chisq 7.53138 (9 df)
    -2.1 ±    2.7        (2.06mi) ┃Vegas input parameters:
  ndim 8
  ncomp 1
  nvec 1
  epsrel 0
  epsabs 0
  flags 10
  seed 123456
  mineval 5000000
  maxeval 50000000
  nstart 1000000
  nincrease 1000000
  nbatch 5000
  gridno 0
  statefile ""

Iteration 1:  1000000 integrand evaluations so far
[1] 45.888 +- 14.4871  	chisq 0 (0 df)

Iteration 2:  3000000 integrand evaluations so far
[1] 3.95514 +- 2.05658  	chisq 8.55042 (1 df)

Iteration 3:  6000000 integrand evaluations so far
[1] 4.48513 +- 2.00168  	chisq 9.81127 (2 df)

Iteration 4:  10000000 integrand evaluations so far
[1] 5.48141 +- 1.92666  	chisq 13.1791 (3 df)

Iteration 5:  15000000 integrand evaluations so far
[1] 7.94738 +- 1.71194  	chisq 20.9624 (4 df)

Iteration 6:  21000000 integrand evaluations so far
[1] 10.5271 +- 1.61883  	chisq 42.4224 (5 df)

Iteration 7:  28000000 integrand evaluations so far
[1] 12.31 +- 1.5677  	chisq 61.9301 (6 df)

Iteration 8:  36000000 integrand evaluations so far
[1] 12.577 +- 1.56268  	chisq 66.4717 (7 df)

Iteration 9:  45000000 integrand evaluations so far
[1] 15.0625 +- 1.5068  	chisq 102.489 (8 df)

Iteration 10:  55000000 integrand evaluations so far
[1] 22.4477 +- 1.27743  	chisq 187.894 (9 df)
    22.4 ±    1.3        (1.31mi) ┃    20.8 ±      3        (32.6mi) ┃
┃   86 -    88 ┃   36 -    37 ┃ 10.5015 ± 0.0085        (   47s) ┃ -9.6737 ± 0.0075        (13.8mi) ┃Vegas input parameters:
  ndim 10
  ncomp 1
  nvec 1
  epsrel 0
  epsabs 0
  flags 10
  seed 123456
  mineval 50000000
  maxeval 50000000
  nstart 1000000
  nincrease 1000000
  nbatch 5000
  gridno 0
  statefile ""

Iteration 1:  1000000 integrand evaluations so far
[1] -9.67303 +- 65.4977  	chisq 0 (0 df)

Iteration 2:  3000000 integrand evaluations so far
[1] -32.5755 +- 59.4405  	chisq 0.693109 (1 df)

Iteration 3:  6000000 integrand evaluations so far
[1] 9.99346 +- 19.6821  	chisq 1.26915 (2 df)

Iteration 4:  10000000 integrand evaluations so far
[1] 13.6396 +- 18.0942  	chisq 1.49077 (3 df)

Iteration 5:  15000000 integrand evaluations so far
[1] 17.4507 +- 16.1951  	chisq 1.71383 (4 df)

Iteration 6:  21000000 integrand evaluations so far
[1] -1.97949 +- 5.26063  	chisq 3.32304 (5 df)

Iteration 7:  28000000 integrand evaluations so far
[1] -2.18443 +- 5.25718  	chisq 4.48307 (6 df)

Iteration 8:  36000000 integrand evaluations so far
[1] -3.02172 +- 5.21391  	chisq 6.03033 (7 df)

Iteration 9:  45000000 integrand evaluations so far
[1] -3.09052 +- 5.21339  	chisq 6.89833 (8 df)

Iteration 10:  55000000 integrand evaluations so far
[1] -1.11979 +- 5.11563  	chisq 10.7447 (9 df)
    -1.1 ±    5.1        (2.27mi) ┃Vegas input parameters:
  ndim 8
  ncomp 1
  nvec 1
  epsrel 0
  epsabs 0
  flags 10
  seed 123456
  mineval 5000000
  maxeval 50000000
  nstart 1000000
  nincrease 1000000
  nbatch 5000
  gridno 0
  statefile ""

Iteration 1:  1000000 integrand evaluations so far
[1] 51.2438 +- 16.2639  	chisq 0 (0 df)

Iteration 2:  3000000 integrand evaluations so far
[1] 2.11725 +- 0.955896  	chisq 9.15557 (1 df)

Iteration 3:  6000000 integrand evaluations so far
[1] 2.51149 +- 0.917568  	chisq 11.3201 (2 df)

Iteration 4:  10000000 integrand evaluations so far
[1] 2.81908 +- 0.904191  	chisq 15.2025 (3 df)

Iteration 5:  15000000 integrand evaluations so far
[1] 2.97197 +- 0.901985  	chisq 21.0687 (4 df)

Iteration 6:  21000000 integrand evaluations so far
[1] 3.3338 +- 0.894748  	chisq 31.1375 (5 df)

Iteration 7:  28000000 integrand evaluations so far
[1] 5.48035 +- 0.857476  	chisq 101.69 (6 df)

Iteration 8:  36000000 integrand evaluations so far
[1] 7.17657 +- 0.835561  	chisq 179.235 (7 df)

Iteration 9:  45000000 integrand evaluations so far
[1] 10.72 +- 0.789342  	chisq 346.422 (8 df)

Iteration 10:  55000000 integrand evaluations so far
[1] 13.9232 +- 0.75081  	chisq 519.323 (9 df)
   13.92 ±   0.75        (1.31mi) ┃    13.6 ±    5.2        (18.2mi) ┃
┃   86 -    88 ┃   37 -    38 ┃ 10.7834 ± 0.0048        (2.34mi) ┃ -9.9985 ± 0.0073        (13.4mi) ┃Vegas input parameters:
  ndim 10
  ncomp 1
  nvec 1
  epsrel 0
  epsabs 0
  flags 10
  seed 123456
  mineval 50000000
  maxeval 50000000
  nstart 1000000
  nincrease 1000000
  nbatch 5000
  gridno 0
  statefile ""

Iteration 1:  1000000 integrand evaluations so far
[1] -58.5272 +- 45.8295  	chisq 0 (0 df)

Iteration 2:  3000000 integrand evaluations so far
[1] 8.66369 +- 12.8176  	chisq 2.33186 (1 df)

Iteration 3:  6000000 integrand evaluations so far
[1] 5.64137 +- 12.5043  	chisq 3.48318 (2 df)

Iteration 4:  10000000 integrand evaluations so far
[1] -3.80324 +- 11.2848  	chisq 6.55792 (3 df)

Iteration 5:  15000000 integrand evaluations so far
[1] -6.44053 +- 11.1271  	chisq 8.52668 (4 df)

Iteration 6:  21000000 integrand evaluations so far
[1] -5.33679 +- 10.6639  	chisq 8.64738 (5 df)

Iteration 7:  28000000 integrand evaluations so far
[1] -3.30668 +- 7.63834  	chisq 8.7218 (6 df)

Iteration 8:  36000000 integrand evaluations so far
[1] -2.41022 +- 7.60106  	chisq 10.1363 (7 df)

Iteration 9:  45000000 integrand evaluations so far
[1] -2.54758 +- 7.45143  	chisq 10.1447 (8 df)

Iteration 10:  55000000 integrand evaluations so far
[1] -3.16731 +- 7.43326  	chisq 11.5649 (9 df)
    -3.2 ±    7.4        (2.31mi) ┃Vegas input parameters:
  ndim 8
  ncomp 1
  nvec 1
  epsrel 0
  epsabs 0
  flags 10
  seed 123456
  mineval 5000000
  maxeval 50000000
  nstart 1000000
  nincrease 1000000
  nbatch 5000
  gridno 0
  statefile ""

Iteration 1:  1000000 integrand evaluations so far
[1] 46.6671 +- 14.3795  	chisq 0 (0 df)

Iteration 2:  3000000 integrand evaluations so far
[1] 9.79309 +- 3.47166  	chisq 6.98288 (1 df)

Iteration 3:  6000000 integrand evaluations so far
[1] 10.5169 +- 3.4014  	chisq 8.0678 (2 df)

Iteration 4:  10000000 integrand evaluations so far
[1] 12.4429 +- 3.25992  	chisq 12.0038 (3 df)

Iteration 5:  15000000 integrand evaluations so far
[1] 12.6912 +- 3.25608  	chisq 14.4658 (4 df)

Iteration 6:  21000000 integrand evaluations so far
[1] 14.4392 +- 3.20025  	chisq 22.9427 (5 df)

Iteration 7:  28000000 integrand evaluations so far
[1] 20.7577 +- 2.67908  	chisq 35.9722 (6 df)

Iteration 8:  36000000 integrand evaluations so far
[1] 28.1482 +- 2.27713  	chisq 63.3893 (7 df)

Iteration 9:  45000000 integrand evaluations so far
[1] 33.6599 +- 1.87217  	chisq 81.4693 (8 df)

Iteration 10:  55000000 integrand evaluations so far
[1] 39.2114 +- 1.33673  	chisq 99.4058 (9 df)
    39.2 ±    1.3        (1.27mi) ┃    36.8 ±    7.6        (19.3mi) ┃
┃   86 -    88 ┃   38 -    39 ┃   7.184 ± 0.0071        (8.36mi) ┃ -6.6106 ± 0.0021        (13.1mi) ┃Vegas input parameters:
  ndim 10
  ncomp 1
  nvec 1
  epsrel 0
  epsabs 0
  flags 10
  seed 123456
  mineval 50000000
  maxeval 50000000
  nstart 1000000
  nincrease 1000000
  nbatch 5000
  gridno 0
  statefile ""

Iteration 1:  1000000 integrand evaluations so far
[1] -74.8347 +- 70.62  	chisq 0 (0 df)

Iteration 2:  3000000 integrand evaluations so far
[1] -4.1378 +- 6.94656  	chisq 1.01197 (1 df)

Iteration 3:  6000000 integrand evaluations so far
[1] -3.57269 +- 6.6555  	chisq 1.09264 (2 df)

Iteration 4:  10000000 integrand evaluations so far
[1] -3.07782 +- 6.63927  	chisq 2.2275 (3 df)

Iteration 5:  15000000 integrand evaluations so far
[1] 4.09031 +- 5.69844  	chisq 6.65406 (4 df)

Iteration 6:  21000000 integrand evaluations so far
[1] 4.05095 +- 5.61095  	chisq 6.65562 (5 df)

Iteration 7:  28000000 integrand evaluations so far
[1] 3.73453 +- 5.50458  	chisq 6.7403 (6 df)

Iteration 8:  36000000 integrand evaluations so far
[1] 3.96059 +- 5.49727  	chisq 7.37589 (7 df)

Iteration 9:  45000000 integrand evaluations so far
[1] 4.42956 +- 5.48467  	chisq 8.96483 (8 df)

Iteration 10:  55000000 integrand evaluations so far
[1] 4.39978 +- 5.36263  	chisq 8.96549 (9 df)
     4.4 ±    5.4        (2.21mi) ┃Vegas input parameters:
  ndim 8
  ncomp 1
  nvec 1
  epsrel 0
  epsabs 0
  flags 10
  seed 123456
  mineval 5000000
  maxeval 50000000
  nstart 1000000
  nincrease 1000000
  nbatch 5000
  gridno 0
  statefile ""

Iteration 1:  1000000 integrand evaluations so far
[1] 64.7905 +- 18.2362  	chisq 0 (0 df)

Iteration 2:  3000000 integrand evaluations so far
[1] 46.083 +- 13.0251  	chisq 2.14826 (1 df)

Iteration 3:  6000000 integrand evaluations so far
[1] 18.397 +- 3.92528  	chisq 7.11776 (2 df)

Iteration 4:  10000000 integrand evaluations so far
[1] 19.8856 +- 3.84826  	chisq 10.8187 (3 df)

Iteration 5:  15000000 integrand evaluations so far
[1] 21.9505 +- 3.71078  	chisq 14.9217 (4 df)

Iteration 6:  21000000 integrand evaluations so far
[1] 26.8302 +- 2.62906  	chisq 18.3939 (5 df)

Iteration 7:  28000000 integrand evaluations so far
[1] 27.6052 +- 2.59591  	chisq 21.8603 (6 df)

Iteration 8:  36000000 integrand evaluations so far
[1] 31.9257 +- 1.96652  	chisq 28.361 (7 df)

Iteration 9:  45000000 integrand evaluations so far
[1] 35.673 +- 1.74554  	chisq 45.4796 (8 df)

Iteration 10:  55000000 integrand evaluations so far
[1] 38.9606 +- 1.34944  	chisq 54.2963 (9 df)
      39 ±    1.3        (1.14mi) ┃    43.9 ±    5.5        (24.8mi) ┃
┃   86 -    88 ┃   39 -    40 ┃  8.2257 ± 0.0058        ( 5.35s) ┃ -7.5725 ± 0.0047        (26.3mi) ┃Vegas input parameters:
  ndim 10
  ncomp 1
  nvec 1
  epsrel 0
  epsabs 0
  flags 10
  seed 123456
  mineval 50000000
  maxeval 50000000
  nstart 1000000
  nincrease 1000000
  nbatch 5000
  gridno 0
  statefile ""

Iteration 1:  1000000 integrand evaluations so far
[1] 31.5281 +- 21.0531  	chisq 0 (0 df)

Iteration 2:  3000000 integrand evaluations so far
[1] -0.97647 +- 9.412  	chisq 2.97914 (1 df)

Iteration 3:  6000000 integrand evaluations so far
[1] -0.334403 +- 9.40378  	chisq 5.64663 (2 df)

Iteration 4:  10000000 integrand evaluations so far
[1] 0.486923 +- 9.07169  	chisq 5.75658 (3 df)

Iteration 5:  15000000 integrand evaluations so far
[1] 1.98957 +- 7.42081  	chisq 5.83951 (4 df)

Iteration 6:  21000000 integrand evaluations so far
[1] 1.60641 +- 7.41432  	chisq 7.36417 (5 df)

Iteration 7:  28000000 integrand evaluations so far
[1] 1.42526 +- 7.41205  	chisq 8.3406 (6 df)

Iteration 8:  36000000 integrand evaluations so far
[1] 2.84926 +- 7.33755  	chisq 10.1859 (7 df)

Iteration 9:  45000000 integrand evaluations so far
[1] 1.36998 +- 4.54986  	chisq 10.2519 (8 df)

Iteration 10:  55000000 integrand evaluations so far
[1] 1.53161 +- 4.36093  	chisq 10.2674 (9 df)
     1.5 ±    4.4        (2.25mi) ┃Vegas input parameters:
  ndim 8
  ncomp 1
  nvec 1
  epsrel 0
  epsabs 0
  flags 10
  seed 123456
  mineval 5000000
  maxeval 50000000
  nstart 1000000
  nincrease 1000000
  nbatch 5000
  gridno 0
  statefile ""

Iteration 1:  1000000 integrand evaluations so far
[1] 35.2061 +- 11.3787  	chisq 0 (0 df)

Iteration 2:  3000000 integrand evaluations so far
[1] 6.63783 +- 1.93481  	chisq 6.49115 (1 df)

Iteration 3:  6000000 integrand evaluations so far
[1] 6.13977 +- 1.21182  	chisq 6.6002 (2 df)

Iteration 4:  10000000 integrand evaluations so far
[1] 6.18582 +- 1.21125  	chisq 8.12226 (3 df)

Iteration 5:  15000000 integrand evaluations so far
[1] 6.55024 +- 1.20032  	chisq 13.1629 (4 df)

Iteration 6:  21000000 integrand evaluations so far
[1] 10.549 +- 1.06252  	chisq 64.4417 (5 df)

Iteration 7:  28000000 integrand evaluations so far
[1] 12.498 +- 1.02343  	chisq 111.022 (6 df)

Iteration 8:  36000000 integrand evaluations so far
[1] 16.9727 +- 0.905342  	chisq 198.936 (7 df)

Iteration 9:  45000000 integrand evaluations so far
[1] 24.3918 +- 0.684496  	chisq 355.702 (8 df)

Iteration 10:  55000000 integrand evaluations so far
[1] 24.3936 +- 0.684494  	chisq 356.805 (9 df)
   24.39 ±   0.68        (1.16mi) ┃    26.6 ±    4.4        (29.8mi) ┃
┃   86 -    88 ┃   40 -    41 ┃  8.3667 ± 0.0017        (4.11mi) ┃  -7.759 ± 0.0014        (13.2mi) ┃Vegas input parameters:
  ndim 10
  ncomp 1
  nvec 1
  epsrel 0
  epsabs 0
  flags 10
  seed 123456
  mineval 50000000
  maxeval 50000000
  nstart 1000000
  nincrease 1000000
  nbatch 5000
  gridno 0
  statefile ""

Iteration 1:  1000000 integrand evaluations so far
[1] -2.66326 +- 10.8655  	chisq 0 (0 df)

Iteration 2:  3000000 integrand evaluations so far
[1] 2.04834 +- 10.5737  	chisq 3.5488 (1 df)

Iteration 3:  6000000 integrand evaluations so far
[1] 9.72674 +- 8.39222  	chisq 4.97379 (2 df)

Iteration 4:  10000000 integrand evaluations so far
[1] 10.3708 +- 8.3524  	chisq 5.59605 (3 df)

Iteration 5:  15000000 integrand evaluations so far
[1] 11.2446 +- 8.32227  	chisq 7.11519 (4 df)

Iteration 6:  21000000 integrand evaluations so far
[1] 7.23445 +- 7.16556  	chisq 8.01282 (5 df)

Iteration 7:  28000000 integrand evaluations so far
[1] 7.4873 +- 6.68035  	chisq 8.02234 (6 df)

Iteration 8:  36000000 integrand evaluations so far
[1] 8.86398 +- 6.55898  	chisq 9.20184 (7 df)

Iteration 9:  45000000 integrand evaluations so far
[1] 6.96542 +- 5.66688  	chisq 9.53233 (8 df)

Iteration 10:  55000000 integrand evaluations so far
[1] 7.12301 +- 5.656  	chisq 9.73374 (9 df)
     7.1 ±    5.7        ( 2.2mi) ┃Vegas input parameters:
  ndim 8
  ncomp 1
  nvec 1
  epsrel 0
  epsabs 0
  flags 10
  seed 123456
  mineval 5000000
  maxeval 50000000
  nstart 1000000
  nincrease 1000000
  nbatch 5000
  gridno 0
  statefile ""

Iteration 1:  1000000 integrand evaluations so far
[1] 72.0803 +- 17.0992  	chisq 0 (0 df)

Iteration 2:  3000000 integrand evaluations so far
[1] 19.8969 +- 4.9543  	chisq 10.167 (1 df)

Iteration 3:  6000000 integrand evaluations so far
[1] 21.5773 +- 4.66707  	chisq 11.1888 (2 df)

Iteration 4:  10000000 integrand evaluations so far
[1] 23.1209 +- 3.79957  	chisq 11.5132 (3 df)

Iteration 5:  15000000 integrand evaluations so far
[1] 26.571 +- 3.38528  	chisq 15.5122 (4 df)

Iteration 6:  21000000 integrand evaluations so far
[1] 31.968 +- 2.87685  	chisq 24.6606 (5 df)

Iteration 7:  28000000 integrand evaluations so far
[1] 35.1436 +- 2.3916  	chisq 28.6052 (6 df)

Iteration 8:  36000000 integrand evaluations so far
[1] 38.6508 +- 1.59187  	chisq 32.4663 (7 df)

Iteration 9:  45000000 integrand evaluations so far
[1] 41.482 +- 1.09925  	chisq 38.5129 (8 df)

Iteration 10:  55000000 integrand evaluations so far
[1] 42.2178 +- 0.903334  	chisq 39.8928 (9 df)
   42.22 ±    0.9        (1.22mi) ┃    49.9 ±    5.7        (20.7mi) ┃
┃   86 -    88 ┃   41 -    42 ┃  11.966 ±  0.011        (1.09mi) ┃-11.0034 ± 0.0083        (12.9mi) ┃Vegas input parameters:
  ndim 10
  ncomp 1
  nvec 1
  epsrel 0
  epsabs 0
  flags 10
  seed 123456
  mineval 50000000
  maxeval 50000000
  nstart 1000000
  nincrease 1000000
  nbatch 5000
  gridno 0
  statefile ""

Iteration 1:  1000000 integrand evaluations so far
[1] 62.6716 +- 35.4461  	chisq 0 (0 df)

Iteration 2:  3000000 integrand evaluations so far
[1] 5.60892 +- 10.1571  	chisq 2.82344 (1 df)

Iteration 3:  6000000 integrand evaluations so far
[1] 5.29876 +- 10.1472  	chisq 3.30208 (2 df)

Iteration 4:  10000000 integrand evaluations so far
[1] 5.29334 +- 10.1472  	chisq 4.30942 (3 df)

Iteration 5:  15000000 integrand evaluations so far
[1] 5.90705 +- 10.1241  	chisq 5.11489 (4 df)

Iteration 6:  21000000 integrand evaluations so far
[1] 5.53794 +- 6.11291  	chisq 5.11698 (5 df)

Iteration 7:  28000000 integrand evaluations so far
[1] 5.46718 +- 6.1125  	chisq 6.11699 (6 df)

Iteration 8:  36000000 integrand evaluations so far
[1] 6.40753 +- 5.97805  	chisq 6.66096 (7 df)

Iteration 9:  45000000 integrand evaluations so far
[1] 4.12709 +- 3.19099  	chisq 6.86446 (8 df)

Iteration 10:  55000000 integrand evaluations so far
[1] 4.1035 +- 3.1909  	chisq 7.87771 (9 df)
     4.1 ±    3.2        (2.17mi) ┃Vegas input parameters:
  ndim 8
  ncomp 1
  nvec 1
  epsrel 0
  epsabs 0
  flags 10
  seed 123456
  mineval 5000000
  maxeval 50000000
  nstart 1000000
  nincrease 1000000
  nbatch 5000
  gridno 0
  statefile ""

Iteration 1:  1000000 integrand evaluations so far
[1] 43.4684 +- 12.3024  	chisq 0 (0 df)

Iteration 2:  3000000 integrand evaluations so far
[1] 14.2031 +- 4.25993  	chisq 6.4298 (1 df)

Iteration 3:  6000000 integrand evaluations so far
[1] 10.6252 +- 2.64946  	chisq 7.58018 (2 df)

Iteration 4:  10000000 integrand evaluations so far
[1] 12.5167 +- 1.68886  	chisq 8.43866 (3 df)

Iteration 5:  15000000 integrand evaluations so far
[1] 14.4882 +- 1.58465  	chisq 19.8331 (4 df)

Iteration 6:  21000000 integrand evaluations so far
[1] 14.9734 +- 1.57507  	chisq 27.6094 (5 df)

Iteration 7:  28000000 integrand evaluations so far
[1] 16.8562 +- 1.52046  	chisq 48.5776 (6 df)

Iteration 8:  36000000 integrand evaluations so far
[1] 22.3033 +- 1.2918  	chisq 94.7192 (7 df)

Iteration 9:  45000000 integrand evaluations so far
[1] 24.159 +- 1.22468  	chisq 115.107 (8 df)

Iteration 10:  55000000 integrand evaluations so far
[1] 28.7714 +- 1.03069  	chisq 163.731 (9 df)
    28.8 ±      1        (1.22mi) ┃    33.8 ±    3.4        (17.4mi) ┃
┃   86 -    88 ┃   42 -    43 ┃  8.2006 ± 0.0014        (30.6mi) ┃ -7.5696 ± 0.0071        (12.5mi) ┃Vegas input parameters:
  ndim 10
  ncomp 1
  nvec 1
  epsrel 0
  epsabs 0
  flags 10
  seed 123456
  mineval 50000000
  maxeval 50000000
  nstart 1000000
  nincrease 1000000
  nbatch 5000
  gridno 0
  statefile ""

Iteration 1:  1000000 integrand evaluations so far
[1] -83.508 +- 198.414  	chisq 0 (0 df)

Iteration 2:  3000000 integrand evaluations so far
[1] 0.835051 +- 24.0007  	chisq 0.183381 (1 df)

Iteration 3:  6000000 integrand evaluations so far
[1] 6.43207 +- 22.2567  	chisq 0.571686 (2 df)

Iteration 4:  10000000 integrand evaluations so far
[1] 15.6541 +- 17.6586  	chisq 1.03507 (3 df)

Iteration 5:  15000000 integrand evaluations so far
[1] 18.0099 +- 17.4313  	chisq 1.73104 (4 df)

Iteration 6:  21000000 integrand evaluations so far
[1] -6.43482 +- 3.33274  	chisq 3.77221 (5 df)

Iteration 7:  28000000 integrand evaluations so far
[1] -6.41841 +- 3.32047  	chisq 3.77551 (6 df)

Iteration 8:  36000000 integrand evaluations so far
[1] -6.40876 +- 3.32045  	chisq 4.79533 (7 df)

Iteration 9:  45000000 integrand evaluations so far
[1] -5.17357 +- 3.23309  	chisq 7.46021 (8 df)

Iteration 10:  55000000 integrand evaluations so far
[1] -5.25689 +- 3.23201  	chisq 8.45679 (9 df)
    -5.3 ±    3.2        (2.17mi) ┃Vegas input parameters:
  ndim 8
  ncomp 1
  nvec 1
  epsrel 0
  epsabs 0
  flags 10
  seed 123456
  mineval 5000000
  maxeval 50000000
  nstart 1000000
  nincrease 1000000
  nbatch 5000
  gridno 0
  statefile ""

Iteration 1:  1000000 integrand evaluations so far
[1] 39.2451 +- 14.6738  	chisq 0 (0 df)

Iteration 2:  3000000 integrand evaluations so far
[1] 1.04746 +- 0.392567  	chisq 6.78104 (1 df)

Iteration 3:  6000000 integrand evaluations so far
[1] 1.35574 +- 0.3723  	chisq 12.912 (2 df)

Iteration 4:  10000000 integrand evaluations so far
[1] 1.4392 +- 0.371501  	chisq 24.6306 (3 df)

Iteration 5:  15000000 integrand evaluations so far
[1] 1.47025 +- 0.371341  	chisq 32.7681 (4 df)

Iteration 6:  21000000 integrand evaluations so far
[1] 1.69608 +- 0.369775  	chisq 76.7101 (5 df)

Iteration 7:  28000000 integrand evaluations so far
[1] 1.71521 +- 0.369711  	chisq 84.3982 (6 df)

Iteration 8:  36000000 integrand evaluations so far
[1] 1.85691 +- 0.369123  	chisq 130.657 (7 df)

Iteration 9:  45000000 integrand evaluations so far
[1] 2.01921 +- 0.368531  	chisq 190.958 (8 df)

Iteration 10:  55000000 integrand evaluations so far
[1] 2.18198 +- 0.367921  	chisq 249.891 (9 df)
    2.18 ±   0.37        ( 57.9s) ┃    -2.4 ±    3.3        (46.2mi) ┃
┃   86 -    88 ┃   43 -    44 ┃  8.8284 ±  0.008        (1.11mi) ┃ -8.2292 ± 0.0053        (8.87mi) ┃Vegas input parameters:
  ndim 10
  ncomp 1
  nvec 1
  epsrel 0
  epsabs 0
  flags 10
  seed 123456
  mineval 50000000
  maxeval 50000000
  nstart 1000000
  nincrease 1000000
  nbatch 5000
  gridno 0
  statefile ""

Iteration 1:  1000000 integrand evaluations so far
[1] 8.67106 +- 14.8834  	chisq 0 (0 df)

Iteration 2:  3000000 integrand evaluations so far
[1] 5.69166 +- 14.7675  	chisq 2.58381 (1 df)

Iteration 3:  6000000 integrand evaluations so far
[1] 6.6074 +- 9.57012  	chisq 2.59044 (2 df)

Iteration 4:  10000000 integrand evaluations so far
[1] 9.2352 +- 9.41232  	chisq 4.89575 (3 df)

Iteration 5:  15000000 integrand evaluations so far
[1] 4.74137 +- 9.06316  	chisq 8.02622 (4 df)

Iteration 6:  21000000 integrand evaluations so far
[1] 3.72853 +- 7.8873  	chisq 8.07769 (5 df)

Iteration 7:  28000000 integrand evaluations so far
[1] 3.61219 +- 7.11182  	chisq 8.07885 (6 df)

Iteration 8:  36000000 integrand evaluations so far
[1] 4.3346 +- 7.09218  	chisq 9.94959 (7 df)

Iteration 9:  45000000 integrand evaluations so far
[1] 8.12784 +- 6.39455  	chisq 11.4789 (8 df)

Iteration 10:  55000000 integrand evaluations so far
[1] 8.20039 +- 6.36681  	chisq 11.4937 (9 df)
     8.2 ±    6.4        (2.08mi) ┃Vegas input parameters:
  ndim 8
  ncomp 1
  nvec 1
  epsrel 0
  epsabs 0
  flags 10
  seed 123456
  mineval 5000000
  maxeval 50000000
  nstart 1000000
  nincrease 1000000
  nbatch 5000
  gridno 0
  statefile ""

Iteration 1:  1000000 integrand evaluations so far
[1] 35.2285 +- 12.1107  	chisq 0 (0 df)

Iteration 2:  3000000 integrand evaluations so far
[1] 2.197 +- 0.803136  	chisq 7.47193 (1 df)

Iteration 3:  6000000 integrand evaluations so far
[1] 2.31742 +- 0.798802  	chisq 9.56077 (2 df)

Iteration 4:  10000000 integrand evaluations so far
[1] 2.4179 +- 0.797076  	chisq 13.2256 (3 df)

Iteration 5:  15000000 integrand evaluations so far
[1] 2.62678 +- 0.793616  	chisq 21.1534 (4 df)

Iteration 6:  21000000 integrand evaluations so far
[1] 3.06289 +- 0.78798  	chisq 42.487 (5 df)

Iteration 7:  28000000 integrand evaluations so far
[1] 3.3527 +- 0.784945  	chisq 60.0855 (6 df)

Iteration 8:  36000000 integrand evaluations so far
[1] 4.1596 +- 0.774859  	chisq 101.47 (7 df)

Iteration 9:  45000000 integrand evaluations so far
[1] 4.99754 +- 0.766491  	chisq 155.907 (8 df)

Iteration 10:  55000000 integrand evaluations so far
[1] 6.97732 +- 0.746976  	chisq 288.613 (9 df)
    6.98 ±   0.75        (1.05mi) ┃    15.8 ±    6.4        (13.1mi) ┃
┃   86 -    88 ┃   44 -    45 ┃  9.3214 ± 0.0044        (2.04mi) ┃ -8.5237 ± 0.0027        (3.13mi) ┃Vegas input parameters:
  ndim 10
  ncomp 1
  nvec 1
  epsrel 0
  epsabs 0
  flags 10
  seed 123456
  mineval 50000000
  maxeval 50000000
  nstart 1000000
  nincrease 1000000
  nbatch 5000
  gridno 0
  statefile ""

Iteration 1:  1000000 integrand evaluations so far
[1] 91.1562 +- 98.3098  	chisq 0 (0 df)

Iteration 2:  3000000 integrand evaluations so far
[1] 14.9011 +- 13.4116  	chisq 0.613061 (1 df)

Iteration 3:  6000000 integrand evaluations so far
[1] 10.571 +- 12.9522  	chisq 2.16121 (2 df)

Iteration 4:  10000000 integrand evaluations so far
[1] 13.3275 +- 12.1229  	chisq 2.52658 (3 df)

Iteration 5:  15000000 integrand evaluations so far
[1] 11.9873 +- 10.5393  	chisq 2.57662 (4 df)

Iteration 6:  21000000 integrand evaluations so far
[1] 12.1783 +- 9.07731  	chisq 2.5779 (5 df)

Iteration 7:  28000000 integrand evaluations so far
[1] 4.69369 +- 8.21734  	chisq 6.3444 (6 df)

Iteration 8:  36000000 integrand evaluations so far
[1] 6.17881 +- 8.11041  	chisq 7.6077 (7 df)

Iteration 9:  45000000 integrand evaluations so far
[1] 6.45795 +- 8.09762  	chisq 7.98345 (8 df)

Iteration 10:  55000000 integrand evaluations so far
[1] 6.6175 +- 8.09573  	chisq 8.81926 (9 df)
     6.6 ±    8.1        (2.08mi) ┃Vegas input parameters:
  ndim 8
  ncomp 1
  nvec 1
  epsrel 0
  epsabs 0
  flags 10
  seed 123456
  mineval 5000000
  maxeval 50000000
  nstart 1000000
  nincrease 1000000
  nbatch 5000
  gridno 0
  statefile ""

Iteration 1:  1000000 integrand evaluations so far
[1] 38.8858 +- 12.8556  	chisq 0 (0 df)

Iteration 2:  3000000 integrand evaluations so far
[1] 39.5955 +- 12.1858  	chisq 0.030028 (1 df)

Iteration 3:  6000000 integrand evaluations so far
[1] 16.6677 +- 4.83063  	chisq 4.23023 (2 df)

Iteration 4:  10000000 integrand evaluations so far
[1] 14.6593 +- 3.47931  	chisq 4.58941 (3 df)

Iteration 5:  15000000 integrand evaluations so far
[1] 15.7232 +- 3.43  	chisq 7.9115 (4 df)

Iteration 6:  21000000 integrand evaluations so far
[1] 18.8652 +- 2.86951  	chisq 10.7075 (5 df)

Iteration 7:  28000000 integrand evaluations so far
[1] 22.8528 +- 2.42603  	chisq 17.4782 (6 df)

Iteration 8:  36000000 integrand evaluations so far
[1] 26.6634 +- 2.14573  	chisq 28.81 (7 df)

Iteration 9:  45000000 integrand evaluations so far
[1] 30.1505 +- 1.71928  	chisq 36.1874 (8 df)

Iteration 10:  55000000 integrand evaluations so far
[1] 34.9579 +- 1.29575  	chisq 54.2859 (9 df)
      35 ±    1.3        (1.12mi) ┃    42.4 ±    8.2        (8.38mi) ┃
┃   86 -    88 ┃   45 -    46 ┃   8.706 ±  0.006        (3.83mi) ┃ -8.0574 ± 0.0058        (6.19mi) ┃Vegas input parameters:
  ndim 10
  ncomp 1
  nvec 1
  epsrel 0
  epsabs 0
  flags 10
  seed 123456
  mineval 50000000
  maxeval 50000000
  nstart 1000000
  nincrease 1000000
  nbatch 5000
  gridno 0
  statefile ""

Iteration 1:  1000000 integrand evaluations so far
[1] 104.294 +- 119.516  	chisq 0 (0 df)

Iteration 2:  3000000 integrand evaluations so far
[1] -3.15309 +- 9.95033  	chisq 0.813881 (1 df)

Iteration 3:  6000000 integrand evaluations so far
[1] -3.2357 +- 9.77063  	chisq 0.815807 (2 df)

Iteration 4:  10000000 integrand evaluations so far
[1] -6.97758 +- 8.62051  	chisq 1.47777 (3 df)

Iteration 5:  15000000 integrand evaluations so far
[1] -7.01036 +- 8.62045  	chisq 2.54401 (4 df)

Iteration 6:  21000000 integrand evaluations so far
[1] -9.11869 +- 6.46388  	chisq 2.68065 (5 df)

Iteration 7:  28000000 integrand evaluations so far
[1] -3.15732 +- 5.52722  	chisq 5.84475 (6 df)

Iteration 8:  36000000 integrand evaluations so far
[1] -2.50044 +- 5.34897  	chisq 6.06732 (7 df)

Iteration 9:  45000000 integrand evaluations so far
[1] -2.41073 +- 5.34802  	chisq 6.86484 (8 df)

Iteration 10:  55000000 integrand evaluations so far
[1] 0.665413 +- 3.67888  	chisq 7.49287 (9 df)
     0.7 ±    3.7        (2.12mi) ┃Vegas input parameters:
  ndim 8
  ncomp 1
  nvec 1
  epsrel 0
  epsabs 0
  flags 10
  seed 123456
  mineval 5000000
  maxeval 50000000
  nstart 1000000
  nincrease 1000000
  nbatch 5000
  gridno 0
  statefile ""

Iteration 1:  1000000 integrand evaluations so far
[1] 56.1421 +- 15.9708  	chisq 0 (0 df)

Iteration 2:  3000000 integrand evaluations so far
[1] 10.5023 +- 3.10351  	chisq 8.48697 (1 df)

Iteration 3:  6000000 integrand evaluations so far
[1] 8.88983 +- 1.5629  	chisq 8.84862 (2 df)

Iteration 4:  10000000 integrand evaluations so far
[1] 9.79653 +- 1.51203  	chisq 14.1037 (3 df)

Iteration 5:  15000000 integrand evaluations so far
[1] 10.6671 +- 1.4916  	chisq 26.4566 (4 df)

Iteration 6:  21000000 integrand evaluations so far
[1] 11.5148 +- 1.47013  	chisq 37.758 (5 df)

Iteration 7:  28000000 integrand evaluations so far
[1] 12.415 +- 1.45022  	chisq 51.6947 (6 df)

Iteration 8:  36000000 integrand evaluations so far
[1] 18.6632 +- 1.19739  	chisq 110.016 (7 df)

Iteration 9:  45000000 integrand evaluations so far
[1] 26.4541 +- 0.837732  	chisq 192.941 (8 df)

Iteration 10:  55000000 integrand evaluations so far
[1] 30.4868 +- 0.561614  	chisq 235.03 (9 df)
   30.49 ±   0.56        (1.19mi) ┃    31.8 ±    3.7        (13.3mi) ┃
┃   86 -    88 ┃   46 -    47 ┃     9.2 ± 0.0024        (2.05mi) ┃ -8.4442 ± 0.0033        (6.22mi) ┃Vegas input parameters:
  ndim 10
  ncomp 1
  nvec 1
  epsrel 0
  epsabs 0
  flags 10
  seed 123456
  mineval 50000000
  maxeval 50000000
  nstart 1000000
  nincrease 1000000
  nbatch 5000
  gridno 0
  statefile ""

Iteration 1:  1000000 integrand evaluations so far
[1] 20.2402 +- 29.7072  	chisq 0 (0 df)

Iteration 2:  3000000 integrand evaluations so far
[1] 35.7425 +- 19.934  	chisq 0.495352 (1 df)

Iteration 3:  6000000 integrand evaluations so far
[1] 36.5007 +- 16.22  	chisq 0.499633 (2 df)

Iteration 4:  10000000 integrand evaluations so far
[1] 16.0107 +- 10.1424  	chisq 3.12001 (3 df)

Iteration 5:  15000000 integrand evaluations so far
[1] 14.6862 +- 9.7672  	chisq 3.35484 (4 df)

Iteration 6:  21000000 integrand evaluations so far
[1] 3.7225 +- 6.75846  	chisq 5.77238 (5 df)

Iteration 7:  28000000 integrand evaluations so far
[1] 3.71725 +- 6.75846  	chisq 6.77723 (6 df)

Iteration 8:  36000000 integrand evaluations so far
[1] 3.92216 +- 6.56645  	chisq 6.79365 (7 df)

Iteration 9:  45000000 integrand evaluations so far
[1] 2.65249 +- 5.28862  	chisq 6.90006 (8 df)

Iteration 10:  55000000 integrand evaluations so far
[1] 1.65005 +- 5.22183  	chisq 8.33154 (9 df)
     1.7 ±    5.2        (2.16mi) ┃Vegas input parameters:
  ndim 8
  ncomp 1
  nvec 1
  epsrel 0
  epsabs 0
  flags 10
  seed 123456
  mineval 5000000
  maxeval 50000000
  nstart 1000000
  nincrease 1000000
  nbatch 5000
  gridno 0
  statefile ""

Iteration 1:  1000000 integrand evaluations so far
[1] 37.2984 +- 11.3276  	chisq 0 (0 df)

Iteration 2:  3000000 integrand evaluations so far
[1] 5.18413 +- 1.70989  	chisq 8.22493 (1 df)

Iteration 3:  6000000 integrand evaluations so far
[1] 5.48671 +- 1.6982  	chisq 10.5229 (2 df)

Iteration 4:  10000000 integrand evaluations so far
[1] 6.61293 +- 1.56712  	chisq 13.4864 (3 df)

Iteration 5:  15000000 integrand evaluations so far
[1] 7.56828 +- 1.51851  	chisq 19.5709 (4 df)

Iteration 6:  21000000 integrand evaluations so far
[1] 7.72401 +- 1.51609  	chisq 22.8785 (5 df)

Iteration 7:  28000000 integrand evaluations so far
[1] 9.27664 +- 1.47507  	chisq 42.5215 (6 df)

Iteration 8:  36000000 integrand evaluations so far
[1] 10.9155 +- 1.43782  	chisq 67.2746 (7 df)

Iteration 9:  45000000 integrand evaluations so far
[1] 15.851 +- 1.31329  	chisq 138.382 (8 df)

Iteration 10:  55000000 integrand evaluations so far
[1] 22.795 +- 1.13208  	chisq 247.195 (9 df)
    22.8 ±    1.1        ( 54.1s) ┃    25.2 ±    5.3        (11.3mi) ┃
┃   86 -    88 ┃   47 -    48 ┃  7.7424 ± 0.0022        (7.35mi) ┃ -7.1058 ± 0.0039        (24.5mi) ┃Vegas input parameters:
  ndim 10
  ncomp 1
  nvec 1
  epsrel 0
  epsabs 0
  flags 10
  seed 123456
  mineval 50000000
  maxeval 50000000
  nstart 1000000
  nincrease 1000000
  nbatch 5000
  gridno 0
  statefile ""

Iteration 1:  1000000 integrand evaluations so far
[1] 49.588 +- 59.4975  	chisq 0 (0 df)

Iteration 2:  3000000 integrand evaluations so far
[1] 7.33352 +- 11.3454  	chisq 0.523401 (1 df)

Iteration 3:  6000000 integrand evaluations so far
[1] 8.62988 +- 11.1372  	chisq 0.882396 (2 df)

Iteration 4:  10000000 integrand evaluations so far
[1] 7.85882 +- 11.1115  	chisq 1.92352 (3 df)

Iteration 5:  15000000 integrand evaluations so far
[1] 10.3918 +- 9.81838  	chisq 2.16058 (4 df)

Iteration 6:  21000000 integrand evaluations so far
[1] 11.1905 +- 9.07795  	chisq 2.20618 (5 df)

Iteration 7:  28000000 integrand evaluations so far
[1] 10.9368 +- 8.82757  	chisq 2.22054 (6 df)

Iteration 8:  36000000 integrand evaluations so far
[1] 10.1285 +- 8.44106  	chisq 2.31842 (7 df)

Iteration 9:  45000000 integrand evaluations so far
[1] 10.7213 +- 8.33579  	chisq 2.51736 (8 df)

Iteration 10:  55000000 integrand evaluations so far
[1] 10.5541 +- 7.92249  	chisq 2.52152 (9 df)
    10.6 ±    7.9        (1.96mi) ┃Vegas input parameters:
  ndim 8
  ncomp 1
  nvec 1
  epsrel 0
  epsabs 0
  flags 10
  seed 123456
  mineval 5000000
  maxeval 50000000
  nstart 1000000
  nincrease 1000000
  nbatch 5000
  gridno 0
  statefile ""

Iteration 1:  1000000 integrand evaluations so far
[1] 31.4855 +- 9.47068  	chisq 0 (0 df)

Iteration 2:  3000000 integrand evaluations so far
[1] 11.7406 +- 3.42773  	chisq 5.00176 (1 df)

Iteration 3:  6000000 integrand evaluations so far
[1] 13.1457 +- 2.80769  	chisq 5.51241 (2 df)

Iteration 4:  10000000 integrand evaluations so far
[1] 13.8588 +- 2.34751  	chisq 5.72673 (3 df)

Iteration 5:  15000000 integrand evaluations so far
[1] 17.1538 +- 2.08796  	chisq 15.158 (4 df)

Iteration 6:  21000000 integrand evaluations so far
[1] 20.5884 +- 1.86153  	chisq 28.349 (5 df)

Iteration 7:  28000000 integrand evaluations so far
[1] 27.2156 +- 1.24533  	chisq 51.2901 (6 df)

Iteration 8:  36000000 integrand evaluations so far
[1] 29.6765 +- 1.02654  	chisq 63.4729 (7 df)

Iteration 9:  45000000 integrand evaluations so far
[1] 29.7396 +- 1.02521  	chisq 64.9266 (8 df)

Iteration 10:  55000000 integrand evaluations so far
[1] 30.0413 +- 1.0148  	chisq 69.2117 (9 df)
      30 ±      1        (1.14mi) ┃    41.2 ±      8        (34.9mi) ┃
┃   86 -    88 ┃   48 -    49 ┃  7.6741 ± 0.0022        ( 59.9s) ┃ -7.0657 ± 0.0052        (6.12mi) ┃Vegas input parameters:
  ndim 10
  ncomp 1
  nvec 1
  epsrel 0
  epsabs 0
  flags 10
  seed 123456
  mineval 50000000
  maxeval 50000000
  nstart 1000000
  nincrease 1000000
  nbatch 5000
  gridno 0
  statefile ""

Iteration 1:  1000000 integrand evaluations so far
[1] -93.5525 +- 99.1983  	chisq 0 (0 df)

Iteration 2:  3000000 integrand evaluations so far
[1] 15.933 +- 48.1537  	chisq 1.5937 (1 df)

Iteration 3:  6000000 integrand evaluations so far
[1] -5.9181 +- 5.29373  	chisq 1.80214 (2 df)

Iteration 4:  10000000 integrand evaluations so far
[1] -4.60863 +- 5.18123  	chisq 3.25721 (3 df)

Iteration 5:  15000000 integrand evaluations so far
[1] -3.02786 +- 5.03693  	chisq 4.95199 (4 df)

Iteration 6:  21000000 integrand evaluations so far
[1] -1.34497 +- 4.10184  	chisq 5.2834 (5 df)

Iteration 7:  28000000 integrand evaluations so far
[1] -1.35681 +- 4.10182  	chisq 6.24285 (6 df)

Iteration 8:  36000000 integrand evaluations so far
[1] -0.817081 +- 4.00015  	chisq 6.59647 (7 df)

Iteration 9:  45000000 integrand evaluations so far
[1] 1.34743 +- 3.66223  	chisq 8.4059 (8 df)

Iteration 10:  55000000 integrand evaluations so far
[1] 1.48575 +- 3.63396  	chisq 8.49868 (9 df)
     1.5 ±    3.6        (2.09mi) ┃Vegas input parameters:
  ndim 8
  ncomp 1
  nvec 1
  epsrel 0
  epsabs 0
  flags 10
  seed 123456
  mineval 5000000
  maxeval 50000000
  nstart 1000000
  nincrease 1000000
  nbatch 5000
  gridno 0
  statefile ""

Iteration 1:  1000000 integrand evaluations so far
[1] 76.2343 +- 18.4264  	chisq 0 (0 df)

Iteration 2:  3000000 integrand evaluations so far
[1] 57.2982 +- 13.4048  	chisq 2.24328 (1 df)

Iteration 3:  6000000 integrand evaluations so far
[1] 40.6844 +- 8.69745  	chisq 4.89622 (2 df)

Iteration 4:  10000000 integrand evaluations so far
[1] 38.8972 +- 6.49066  	chisq 4.99152 (3 df)

Iteration 5:  15000000 integrand evaluations so far
[1] 35.1646 +- 4.22034  	chisq 5.56445 (4 df)

Iteration 6:  21000000 integrand evaluations so far
[1] 33.0041 +- 2.20863  	chisq 5.92535 (5 df)

Iteration 7:  28000000 integrand evaluations so far
[1] 33.4834 +- 1.37734  	chisq 6.00241 (6 df)

Iteration 8:  36000000 integrand evaluations so far
[1] 33.6968 +- 1.30687  	chisq 6.2431 (7 df)

Iteration 9:  45000000 integrand evaluations so far
[1] 33.354 +- 0.99734  	chisq 6.40785 (8 df)

Iteration 10:  55000000 integrand evaluations so far
[1] 33.015 +- 0.693104  	chisq 6.63133 (9 df)
   33.01 ±   0.69        (1.14mi) ┃    35.1 ±    3.7        (10.4mi) ┃
┃   86 -    88 ┃   49 -    50 ┃  9.1753 ± 0.0082        (3.78mi) ┃ -8.6218 ± 0.0079        (1.66mi) ┃Vegas input parameters:
  ndim 10
  ncomp 1
  nvec 1
  epsrel 0
  epsabs 0
  flags 10
  seed 123456
  mineval 50000000
  maxeval 50000000
  nstart 1000000
  nincrease 1000000
  nbatch 5000
  gridno 0
  statefile ""

Iteration 1:  1000000 integrand evaluations so far
[1] 4.87502 +- 5.25605  	chisq 0 (0 df)

Iteration 2:  3000000 integrand evaluations so far
[1] 4.7414 +- 5.24988  	chisq 0.275713 (1 df)

Iteration 3:  6000000 integrand evaluations so far
[1] 3.3369 +- 4.96755  	chisq 0.959537 (2 df)

Iteration 4:  10000000 integrand evaluations so far
[1] 2.77891 +- 4.93585  	chisq 1.95116 (3 df)

Iteration 5:  15000000 integrand evaluations so far
[1] 2.5353 +- 4.80174  	chisq 1.9966 (4 df)

Iteration 6:  21000000 integrand evaluations so far
[1] 1.92201 +- 4.77948  	chisq 3.76004 (5 df)

Iteration 7:  28000000 integrand evaluations so far
[1] 2.4402 +- 4.75848  	chisq 5.10091 (6 df)

Iteration 8:  36000000 integrand evaluations so far
[1] 2.12835 +- 4.42304  	chisq 5.13248 (7 df)

Iteration 9:  45000000 integrand evaluations so far
[1] 3.56706 +- 4.37341  	chisq 9.87429 (8 df)

Iteration 10:  55000000 integrand evaluations so far
[1] 4.97536 +- 4.11179  	chisq 10.7677 (9 df)
       5 ±    4.1        (1.69mi) ┃Vegas input parameters:
  ndim 8
  ncomp 1
  nvec 1
  epsrel 0
  epsabs 0
  flags 10
  seed 123456
  mineval 5000000
  maxeval 50000000
  nstart 1000000
  nincrease 1000000
  nbatch 5000
  gridno 0
  statefile ""

Iteration 1:  1000000 integrand evaluations so far
[1] 33.4198 +- 10.0801  	chisq 0 (0 df)

Iteration 2:  3000000 integrand evaluations so far
[1] 10.0427 +- 3.71683  	chisq 6.22463 (1 df)

Iteration 3:  6000000 integrand evaluations so far
[1] 8.84012 +- 1.98685  	chisq 6.3712 (2 df)

Iteration 4:  10000000 integrand evaluations so far
[1] 10.1619 +- 1.8473  	chisq 9.63623 (3 df)

Iteration 5:  15000000 integrand evaluations so far
[1] 11.1977 +- 1.80718  	chisq 16.9532 (4 df)

Iteration 6:  21000000 integrand evaluations so far
[1] 13.4946 +- 1.69584  	chisq 30.4801 (5 df)

Iteration 7:  28000000 integrand evaluations so far
[1] 18.0994 +- 1.43769  	chisq 56.6937 (6 df)

Iteration 8:  36000000 integrand evaluations so far
[1] 24.4372 +- 1.01798  	chisq 95.6655 (7 df)

Iteration 9:  45000000 integrand evaluations so far
[1] 27.084 +- 0.597491  	chisq 105.979 (8 df)

Iteration 10:  55000000 integrand evaluations so far
[1] 27.0989 +- 0.597335  	chisq 107.169 (9 df)
    27.1 ±    0.6        (1.17mi) ┃    32.6 ±    4.2        ( 8.3mi) ┃
┃   86 -    88 ┃   50 -    51 ┃  9.1255 ± 0.0015        ( 1.9mi) ┃ -8.3333 ± 0.0081        ( 49.6s) ┃Vegas input parameters:
  ndim 10
  ncomp 1
  nvec 1
  epsrel 0
  epsabs 0
  flags 10
  seed 123456
  mineval 50000000
  maxeval 50000000
  nstart 1000000
  nincrease 1000000
  nbatch 5000
  gridno 0
  statefile ""

Iteration 1:  1000000 integrand evaluations so far
[1] 8.2183 +- 11.853  	chisq 0 (0 df)

Iteration 2:  3000000 integrand evaluations so far
[1] 8.44299 +- 11.6488  	chisq 0.0105203 (1 df)

Iteration 3:  6000000 integrand evaluations so far
[1] 11.2034 +- 9.72556  	chisq 0.195885 (2 df)

Iteration 4:  10000000 integrand evaluations so far
[1] 12.4407 +- 9.60097  	chisq 0.831679 (3 df)

Iteration 5:  15000000 integrand evaluations so far
[1] 5.56264 +- 4.15424  	chisq 1.46312 (4 df)

Iteration 6:  21000000 integrand evaluations so far
[1] 5.83508 +- 4.10358  	chisq 1.64056 (5 df)

Iteration 7:  28000000 integrand evaluations so far
[1] 3.4972 +- 3.40265  	chisq 2.67939 (6 df)

Iteration 8:  36000000 integrand evaluations so far
[1] 3.68427 +- 3.38712  	chisq 3.01133 (7 df)

Iteration 9:  45000000 integrand evaluations so far
[1] 3.9533 +- 3.37961  	chisq 4.43556 (8 df)

Iteration 10:  55000000 integrand evaluations so far
[1] 4.12682 +- 3.23945  	chisq 4.46801 (9 df)
     4.1 ±    3.2        (2.09mi) ┃Vegas input parameters:
  ndim 8
  ncomp 1
  nvec 1
  epsrel 0
  epsabs 0
  flags 10
  seed 123456
  mineval 5000000
  maxeval 50000000
  nstart 1000000
  nincrease 1000000
  nbatch 5000
  gridno 0
  statefile ""

Iteration 1:  1000000 integrand evaluations so far
[1] 36.7378 +- 13.5886  	chisq 0 (0 df)

Iteration 2:  3000000 integrand evaluations so far
[1] 31.1634 +- 10.7267  	chisq 0.446549 (1 df)

Iteration 3:  6000000 integrand evaluations so far
[1] 4.52569 +- 2.12071  	chisq 6.86422 (2 df)

Iteration 4:  10000000 integrand evaluations so far
[1] 4.60363 +- 2.11948  	chisq 8.02872 (3 df)

Iteration 5:  15000000 integrand evaluations so far
[1] 4.9485 +- 2.11223  	chisq 11.908 (4 df)

Iteration 6:  21000000 integrand evaluations so far
[1] 5.97622 +- 2.06784  	chisq 17.6001 (5 df)

Iteration 7:  28000000 integrand evaluations so far
[1] 10.6808 +- 1.82685  	chisq 41.1815 (6 df)

Iteration 8:  36000000 integrand evaluations so far
[1] 15.7381 +- 1.60753  	chisq 75.137 (7 df)

Iteration 9:  45000000 integrand evaluations so far
[1] 16.3407 +- 1.59207  	chisq 82.4762 (8 df)

Iteration 10:  55000000 integrand evaluations so far
[1] 21.5673 +- 1.30525  	chisq 115.348 (9 df)
    21.6 ±    1.3        (1.15mi) ┃    26.5 ±    3.5        (5.96mi) ┃
┃   86 -    88 ┃   51 -    52 ┃  6.9198 ± 0.0054        (3.82mi) ┃ -6.3768 ± 0.0046        (6.22mi) ┃Vegas input parameters:
  ndim 10
  ncomp 1
  nvec 1
  epsrel 0
  epsabs 0
  flags 10
  seed 123456
  mineval 50000000
  maxeval 50000000
  nstart 1000000
  nincrease 1000000
  nbatch 5000
  gridno 0
  statefile ""

Iteration 1:  1000000 integrand evaluations so far
[1] -32.4638 +- 68.846  	chisq 0 (0 df)

Iteration 2:  3000000 integrand evaluations so far
[1] -7.58245 +- 7.45535  	chisq 0.132164 (1 df)

Iteration 3:  6000000 integrand evaluations so far
[1] -5.91255 +- 7.3794  	chisq 2.60684 (2 df)

Iteration 4:  10000000 integrand evaluations so far
[1] -5.56173 +- 7.29706  	chisq 2.70868 (3 df)

Iteration 5:  15000000 integrand evaluations so far
[1] -5.15369 +- 7.28965  	chisq 4.24839 (4 df)

Iteration 6:  21000000 integrand evaluations so far
[1] -6.28837 +- 7.13008  	chisq 4.80796 (5 df)

Iteration 7:  28000000 integrand evaluations so far
[1] -6.44487 +- 7.12726  	chisq 5.41761 (6 df)

Iteration 8:  36000000 integrand evaluations so far
[1] -6.67462 +- 7.11764  	chisq 5.8028 (7 df)

Iteration 9:  45000000 integrand evaluations so far
[1] -6.92219 +- 7.09006  	chisq 5.95921 (8 df)

Iteration 10:  55000000 integrand evaluations so far
[1] -9.27833 +- 6.09611  	chisq 6.38277 (9 df)
    -9.3 ±    6.1        (1.82mi) ┃Vegas input parameters:
  ndim 8
  ncomp 1
  nvec 1
  epsrel 0
  epsabs 0
  flags 10
  seed 123456
  mineval 5000000
  maxeval 50000000
  nstart 1000000
  nincrease 1000000
  nbatch 5000
  gridno 0
  statefile ""

Iteration 1:  1000000 integrand evaluations so far
[1] 36.5031 +- 11.5422  	chisq 0 (0 df)

Iteration 2:  3000000 integrand evaluations so far
[1] 2.21376 +- 1.01963  	chisq 8.8949 (1 df)

Iteration 3:  6000000 integrand evaluations so far
[1] 2.63116 +- 0.980186  	chisq 11.1034 (2 df)

Iteration 4:  10000000 integrand evaluations so far
[1] 2.85813 +- 0.972129  	chisq 14.3786 (3 df)

Iteration 5:  15000000 integrand evaluations so far
[1] 2.97948 +- 0.970329  	chisq 18.5892 (4 df)

Iteration 6:  21000000 integrand evaluations so far
[1] 4.36781 +- 0.933434  	chisq 46.031 (5 df)

Iteration 7:  28000000 integrand evaluations so far
[1] 8.51041 +- 0.822287  	chisq 133.972 (6 df)

Iteration 8:  36000000 integrand evaluations so far
[1] 16.9534 +- 0.58438  	chisq 346.977 (7 df)

Iteration 9:  45000000 integrand evaluations so far
[1] 21.8129 +- 0.40159  	chisq 478.008 (8 df)

Iteration 10:  55000000 integrand evaluations so far
[1] 24.1274 +- 0.2675  	chisq 537.714 (9 df)
   24.13 ±   0.27        (1.14mi) ┃    15.4 ±    6.1        (  13mi) ┃
┃   86 -    88 ┃   52 -    53 ┃  6.9916 ± 0.0016        (1.86mi) ┃ -6.4227 ± 0.0035        (  12mi) ┃Vegas input parameters:
  ndim 10
  ncomp 1
  nvec 1
  epsrel 0
  epsabs 0
  flags 10
  seed 123456
  mineval 50000000
  maxeval 50000000
  nstart 1000000
  nincrease 1000000
  nbatch 5000
  gridno 0
  statefile ""

Iteration 1:  1000000 integrand evaluations so far
[1] -48.5523 +- 70.4143  	chisq 0 (0 df)

Iteration 2:  3000000 integrand evaluations so far
[1] 10.4322 +- 45.1884  	chisq 1.19306 (1 df)

Iteration 3:  6000000 integrand evaluations so far
[1] 28.9969 +- 30.7521  	chisq 1.50743 (2 df)

Iteration 4:  10000000 integrand evaluations so far
[1] 16.9986 +- 29.5644  	chisq 3.51693 (3 df)

Iteration 5:  15000000 integrand evaluations so far
[1] 25.9192 +- 17.9434  	chisq 3.66107 (4 df)

Iteration 6:  21000000 integrand evaluations so far
[1] 11.6777 +- 11.3223  	chisq 4.70776 (5 df)

Iteration 7:  28000000 integrand evaluations so far
[1] 6.40042 +- 10.3746  	chisq 6.06224 (6 df)

Iteration 8:  36000000 integrand evaluations so far
[1] 6.91395 +- 10.3614  	chisq 7.02442 (7 df)

Iteration 9:  45000000 integrand evaluations so far
[1] 9.98621 +- 9.94092  	chisq 8.13012 (8 df)

Iteration 10:  55000000 integrand evaluations so far
[1] -1.38643 +- 5.43498  	chisq 9.99692 (9 df)
    -1.4 ±    5.4        (2.03mi) ┃Vegas input parameters:
  ndim 8
  ncomp 1
  nvec 1
  epsrel 0
  epsabs 0
  flags 10
  seed 123456
  mineval 5000000
  maxeval 50000000
  nstart 1000000
  nincrease 1000000
  nbatch 5000
  gridno 0
  statefile ""

Iteration 1:  1000000 integrand evaluations so far
[1] 41.452 +- 13.2967  	chisq 0 (0 df)

Iteration 2:  3000000 integrand evaluations so far
[1] 3.89279 +- 1.72855  	chisq 8.11611 (1 df)

Iteration 3:  6000000 integrand evaluations so far
[1] 4.47028 +- 1.69528  	chisq 11.0435 (2 df)

Iteration 4:  10000000 integrand evaluations so far
[1] 4.89827 +- 1.67988  	chisq 14.5685 (3 df)

Iteration 5:  15000000 integrand evaluations so far
[1] 5.34768 +- 1.66802  	chisq 19.6533 (4 df)

Iteration 6:  21000000 integrand evaluations so far
[1] 8.18412 +- 1.49796  	chisq 34.5964 (5 df)

Iteration 7:  28000000 integrand evaluations so far
[1] 8.51059 +- 1.4908  	chisq 39.5785 (6 df)

Iteration 8:  36000000 integrand evaluations so far
[1] 11.3601 +- 1.41789  	chisq 77.8625 (7 df)

Iteration 9:  45000000 integrand evaluations so far
[1] 20.7027 +- 0.965951  	chisq 158.879 (8 df)

Iteration 10:  55000000 integrand evaluations so far
[1] 26.9566 +- 0.568966  	chisq 223.067 (9 df)
   26.96 ±   0.57        ( 1.1mi) ┃    26.1 ±    5.5        (  17mi) ┃
┃   86 -    88 ┃   53 -    54 ┃   7.705 ± 0.0066        (1.87mi) ┃ -7.1427 ± 0.0066        (12.2mi) ┃Vegas input parameters:
  ndim 10
  ncomp 1
  nvec 1
  epsrel 0
  epsabs 0
  flags 10
  seed 123456
  mineval 50000000
  maxeval 50000000
  nstart 1000000
  nincrease 1000000
  nbatch 5000
  gridno 0
  statefile ""

Iteration 1:  1000000 integrand evaluations so far
[1] -209.891 +- 220.81  	chisq 0 (0 df)

Iteration 2:  3000000 integrand evaluations so far
[1] 11.1598 +- 36.3323  	chisq 1.03007 (1 df)

Iteration 3:  6000000 integrand evaluations so far
[1] 0.7805 +- 4.34463  	chisq 1.11286 (2 df)

Iteration 4:  10000000 integrand evaluations so far
[1] 1.88964 +- 4.19143  	chisq 2.05356 (3 df)

Iteration 5:  15000000 integrand evaluations so far
[1] 1.68561 +- 4.17697  	chisq 2.39742 (4 df)

Iteration 6:  21000000 integrand evaluations so far
[1] 1.64949 +- 4.06378  	chisq 2.39882 (5 df)

Iteration 7:  28000000 integrand evaluations so far
[1] 1.92397 +- 4.05424  	chisq 3.37116 (6 df)

Iteration 8:  36000000 integrand evaluations so far
[1] 1.72783 +- 4.0514  	chisq 5.04523 (7 df)

Iteration 9:  45000000 integrand evaluations so far
[1] 1.37398 +- 3.9759  	chisq 5.25182 (8 df)

Iteration 10:  55000000 integrand evaluations so far
[1] -2.10098 +- 3.62669  	chisq 9.80011 (9 df)
    -2.1 ±    3.6        (2.01mi) ┃Vegas input parameters:
  ndim 8
  ncomp 1
  nvec 1
  epsrel 0
  epsabs 0
  flags 10
  seed 123456
  mineval 5000000
  maxeval 50000000
  nstart 1000000
  nincrease 1000000
  nbatch 5000
  gridno 0
  statefile ""

Iteration 1:  1000000 integrand evaluations so far
[1] 43.356 +- 13.0747  	chisq 0 (0 df)

Iteration 2:  3000000 integrand evaluations so far
[1] 13.0906 +- 4.15527  	chisq 5.96033 (1 df)

Iteration 3:  6000000 integrand evaluations so far
[1] 11.1562 +- 2.45017  	chisq 6.29256 (2 df)

Iteration 4:  10000000 integrand evaluations so far
[1] 13.5555 +- 1.90361  	chisq 8.71164 (3 df)

Iteration 5:  15000000 integrand evaluations so far
[1] 15.9967 +- 1.63407  	chisq 14.9614 (4 df)

Iteration 6:  21000000 integrand evaluations so far
[1] 16.1004 +- 1.63284  	chisq 17.6454 (5 df)

Iteration 7:  28000000 integrand evaluations so far
[1] 17.2405 +- 1.56959  	chisq 24.0634 (6 df)

Iteration 8:  36000000 integrand evaluations so far
[1] 18.1226 +- 1.53572  	chisq 31.4615 (7 df)

Iteration 9:  45000000 integrand evaluations so far
[1] 22.234 +- 1.31273  	chisq 58.0735 (8 df)

Iteration 10:  55000000 integrand evaluations so far
[1] 27.2563 +- 1.10437  	chisq 108.158 (9 df)
    27.3 ±    1.1        (1.01mi) ┃    25.7 ±    3.8        (17.1mi) ┃
┃   86 -    88 ┃   54 -    55 ┃  9.9783 ± 0.0094        ( 32.8s) ┃ -9.2298 ± 0.0039        (25.3mi) ┃Vegas input parameters:
  ndim 10
  ncomp 1
  nvec 1
  epsrel 0
  epsabs 0
  flags 10
  seed 123456
  mineval 50000000
  maxeval 50000000
  nstart 1000000
  nincrease 1000000
  nbatch 5000
  gridno 0
  statefile ""

Iteration 1:  1000000 integrand evaluations so far
[1] 59.9111 +- 41.514  	chisq 0 (0 df)

Iteration 2:  3000000 integrand evaluations so far
[1] -5.18081 +- 15.6236  	chisq 2.86413 (1 df)

Iteration 3:  6000000 integrand evaluations so far
[1] -3.57836 +- 15.5442  	chisq 3.90097 (2 df)

Iteration 4:  10000000 integrand evaluations so far
[1] -13.9767 +- 10.9718  	chisq 4.79278 (3 df)

Iteration 5:  15000000 integrand evaluations so far
[1] -7.88759 +- 10.1235  	chisq 6.86482 (4 df)

Iteration 6:  21000000 integrand evaluations so far
[1] -9.45051 +- 9.94344  	chisq 7.54081 (5 df)

Iteration 7:  28000000 integrand evaluations so far
[1] -12.0378 +- 9.57102  	chisq 8.46192 (6 df)

Iteration 8:  36000000 integrand evaluations so far
[1] -3.07806 +- 5.91537  	chisq 9.87993 (7 df)

Iteration 9:  45000000 integrand evaluations so far
[1] -1.90953 +- 5.84267  	chisq 11.4773 (8 df)

Iteration 10:  55000000 integrand evaluations so far
[1] -3.18496 +- 5.54525  	chisq 11.9576 (9 df)
    -3.2 ±    5.5        (1.92mi) ┃Vegas input parameters:
  ndim 8
  ncomp 1
  nvec 1
  epsrel 0
  epsabs 0
  flags 10
  seed 123456
  mineval 5000000
  maxeval 50000000
  nstart 1000000
  nincrease 1000000
  nbatch 5000
  gridno 0
  statefile ""

Iteration 1:  1000000 integrand evaluations so far
[1] 55.1699 +- 15.626  	chisq 0 (0 df)

Iteration 2:  3000000 integrand evaluations so far
[1] 25.0864 +- 7.18647  	chisq 4.70072 (1 df)

Iteration 3:  6000000 integrand evaluations so far
[1] 26.3661 +- 6.96268  	chisq 5.21792 (2 df)

Iteration 4:  10000000 integrand evaluations so far
[1] 22.8233 +- 4.0336  	chisq 5.60761 (3 df)

Iteration 5:  15000000 integrand evaluations so far
[1] 22.9459 +- 3.00337  	chisq 5.60969 (4 df)

Iteration 6:  21000000 integrand evaluations so far
[1] 24.7703 +- 2.34331  	chisq 6.55276 (5 df)

Iteration 7:  28000000 integrand evaluations so far
[1] 26.9222 +- 1.75904  	chisq 8.48485 (6 df)

Iteration 8:  36000000 integrand evaluations so far
[1] 28.074 +- 1.69882  	chisq 14.855 (7 df)

Iteration 9:  45000000 integrand evaluations so far
[1] 28.3141 +- 1.69451  	chisq 18.7939 (8 df)

Iteration 10:  55000000 integrand evaluations so far
[1] 31.2464 +- 1.56193  	chisq 38.7093 (9 df)
    31.2 ±    1.6        (1.07mi) ┃    28.8 ±    5.8        (28.8mi) ┃
┃   86 -    88 ┃   55 -    56 ┃  7.5903 ± 0.0065        ( 3.5mi) ┃ -6.9805 ±  0.004        (6.18mi) ┃Vegas input parameters:
  ndim 10
  ncomp 1
  nvec 1
  epsrel 0
  epsabs 0
  flags 10
  seed 123456
  mineval 50000000
  maxeval 50000000
  nstart 1000000
  nincrease 1000000
  nbatch 5000
  gridno 0
  statefile ""

Iteration 1:  1000000 integrand evaluations so far
[1] 5.96977 +- 16.9524  	chisq 0 (0 df)

Iteration 2:  3000000 integrand evaluations so far
[1] 6.18677 +- 14.1193  	chisq 0.000534913 (1 df)

Iteration 3:  6000000 integrand evaluations so far
[1] 5.98457 +- 11.1857  	chisq 0.00108563 (2 df)

Iteration 4:  10000000 integrand evaluations so far
[1] 0.332726 +- 8.33679  	chisq 0.575432 (3 df)

Iteration 5:  15000000 integrand evaluations so far
[1] -1.20382 +- 7.42049  	chisq 0.738952 (4 df)

Iteration 6:  21000000 integrand evaluations so far
[1] -0.316328 +- 7.34204  	chisq 1.41902 (5 df)

Iteration 7:  28000000 integrand evaluations so far
[1] -1.91688 +- 7.12671  	chisq 2.24131 (6 df)

Iteration 8:  36000000 integrand evaluations so far
[1] -2.58176 +- 7.08715  	chisq 3.0273 (7 df)

Iteration 9:  45000000 integrand evaluations so far
[1] -2.78633 +- 7.08441  	chisq 4.10731 (8 df)

Iteration 10:  55000000 integrand evaluations so far
[1] -1.55276 +- 6.99816  	chisq 5.36011 (9 df)
    -1.6 ±      7        (1.84mi) ┃Vegas input parameters:
  ndim 8
  ncomp 1
  nvec 1
  epsrel 0
  epsabs 0
  flags 10
  seed 123456
  mineval 5000000
  maxeval 50000000
  nstart 1000000
  nincrease 1000000
  nbatch 5000
  gridno 0
  statefile ""

Iteration 1:  1000000 integrand evaluations so far
[1] 17.6265 +- 6.6566  	chisq 0 (0 df)

Iteration 2:  3000000 integrand evaluations so far
[1] 2.63071 +- 1.1083  	chisq 5.2197 (1 df)

Iteration 3:  6000000 integrand evaluations so far
[1] 3.24975 +- 0.995708  	chisq 6.83734 (2 df)

Iteration 4:  10000000 integrand evaluations so far
[1] 4.28329 +- 0.801316  	chisq 9.89523 (3 df)

Iteration 5:  15000000 integrand evaluations so far
[1] 4.33857 +- 0.80088  	chisq 14.2724 (4 df)

Iteration 6:  21000000 integrand evaluations so far
[1] 4.61448 +- 0.797324  	chisq 27.6676 (5 df)

Iteration 7:  28000000 integrand evaluations so far
[1] 6.57453 +- 0.766849  	chisq 108.263 (6 df)

Iteration 8:  36000000 integrand evaluations so far
[1] 9.05772 +- 0.73227  	chisq 227.212 (7 df)

Iteration 9:  45000000 integrand evaluations so far
[1] 9.092 +- 0.732049  	chisq 230.856 (8 df)

Iteration 10:  55000000 integrand evaluations so far
[1] 10.1899 +- 0.718686  	chisq 293.033 (9 df)
   10.19 ±   0.72        (1.06mi) ┃     9.2 ±      7        (12.6mi) ┃
┃   86 -    88 ┃   56 -    57 ┃  6.7704 ± 0.0034        (1.85mi) ┃ -6.2423 ± 0.0029        (11.8mi) ┃Vegas input parameters:
  ndim 10
  ncomp 1
  nvec 1
  epsrel 0
  epsabs 0
  flags 10
  seed 123456
  mineval 50000000
  maxeval 50000000
  nstart 1000000
  nincrease 1000000
  nbatch 5000
  gridno 0
  statefile ""

Iteration 1:  1000000 integrand evaluations so far
[1] 11.7017 +- 8.19456  	chisq 0 (0 df)

Iteration 2:  3000000 integrand evaluations so far
[1] 5.49965 +- 7.66877  	chisq 4.61168 (1 df)

Iteration 3:  6000000 integrand evaluations so far
[1] 0.408525 +- 7.27508  	chisq 9.01731 (2 df)

Iteration 4:  10000000 integrand evaluations so far
[1] -2.12249 +- 5.35361  	chisq 9.2813 (3 df)

Iteration 5:  15000000 integrand evaluations so far
[1] -1.12496 +- 4.92875  	chisq 9.50908 (4 df)

Iteration 6:  21000000 integrand evaluations so far
[1] -1.72125 +- 4.84469  	chisq 9.94184 (5 df)

Iteration 7:  28000000 integrand evaluations so far
[1] -1.12896 +- 4.73052  	chisq 10.2627 (6 df)

Iteration 8:  36000000 integrand evaluations so far
[1] -1.36406 +- 4.58844  	chisq 10.3045 (7 df)

Iteration 9:  45000000 integrand evaluations so far
[1] -1.59039 +- 4.58494  	chisq 11.9032 (8 df)

Iteration 10:  55000000 integrand evaluations so far
[1] 2.70107 +- 3.59155  	chisq 14.1706 (9 df)
     2.7 ±    3.6        (1.93mi) ┃Vegas input parameters:
  ndim 8
  ncomp 1
  nvec 1
  epsrel 0
  epsabs 0
  flags 10
  seed 123456
  mineval 5000000
  maxeval 50000000
  nstart 1000000
  nincrease 1000000
  nbatch 5000
  gridno 0
  statefile ""

Iteration 1:  1000000 integrand evaluations so far
[1] 42.1239 +- 12.751  	chisq 0 (0 df)

Iteration 2:  3000000 integrand evaluations so far
[1] 4.02591 +- 1.04731  	chisq 8.98778 (1 df)

Iteration 3:  6000000 integrand evaluations so far
[1] 4.07338 +- 1.04681  	chisq 11.1263 (2 df)

Iteration 4:  10000000 integrand evaluations so far
[1] 4.23013 +- 1.04328  	chisq 14.4586 (3 df)

Iteration 5:  15000000 integrand evaluations so far
[1] 4.33113 +- 1.04186  	chisq 17.9185 (4 df)

Iteration 6:  21000000 integrand evaluations so far
[1] 4.35197 +- 1.04176  	chisq 19.8474 (5 df)

Iteration 7:  28000000 integrand evaluations so far
[1] 5.70126 +- 1.01257  	chisq 50.2159 (6 df)

Iteration 8:  36000000 integrand evaluations so far
[1] 8.93837 +- 0.945971  	chisq 130.546 (7 df)

Iteration 9:  45000000 integrand evaluations so far
[1] 16.3677 +- 0.763038  	chisq 307.093 (8 df)

Iteration 10:  55000000 integrand evaluations so far
[1] 22.7494 +- 0.594551  	chisq 485.142 (9 df)
   22.75 ±   0.59        (1.07mi) ┃      26 ±    3.6        (16.7mi) ┃
┃   86 -    88 ┃   57 -    58 ┃  7.2682 ± 0.0021        (3.54mi) ┃ -6.7127 ± 0.0014        (5.93mi) ┃Vegas input parameters:
  ndim 10
  ncomp 1
  nvec 1
  epsrel 0
  epsabs 0
  flags 10
  seed 123456
  mineval 50000000
  maxeval 50000000
  nstart 1000000
  nincrease 1000000
  nbatch 5000
  gridno 0
  statefile ""

Iteration 1:  1000000 integrand evaluations so far
[1] 4.7649 +- 29.3946  	chisq 0 (0 df)

Iteration 2:  3000000 integrand evaluations so far
[1] 12.26 +- 22.2577  	chisq 0.152392 (1 df)

Iteration 3:  6000000 integrand evaluations so far
[1] -0.14222 +- 5.64223  	chisq 0.4842 (2 df)

Iteration 4:  10000000 integrand evaluations so far
[1] 0.504138 +- 5.62171  	chisq 2.29147 (3 df)

Iteration 5:  15000000 integrand evaluations so far
[1] -0.880681 +- 5.51353  	chisq 3.88351 (4 df)

Iteration 6:  21000000 integrand evaluations so far
[1] -1.2186 +- 4.97557  	chisq 3.90375 (5 df)

Iteration 7:  28000000 integrand evaluations so far
[1] -1.18277 +- 4.97543  	chisq 4.82828 (6 df)

Iteration 8:  36000000 integrand evaluations so far
[1] -1.53225 +- 4.85345  	chisq 4.93015 (7 df)

Iteration 9:  45000000 integrand evaluations so far
[1] -3.96759 +- 4.06231  	chisq 5.77097 (8 df)

Iteration 10:  55000000 integrand evaluations so far
[1] -4.55035 +- 4.03837  	chisq 7.52209 (9 df)
    -4.6 ±      4        (1.92mi) ┃Vegas input parameters:
  ndim 8
  ncomp 1
  nvec 1
  epsrel 0
  epsabs 0
  flags 10
  seed 123456
  mineval 5000000
  maxeval 50000000
  nstart 1000000
  nincrease 1000000
  nbatch 5000
  gridno 0
  statefile ""

Iteration 1:  1000000 integrand evaluations so far
[1] 42.1985 +- 12.995  	chisq 0 (0 df)

Iteration 2:  3000000 integrand evaluations so far
[1] 32.0751 +- 9.05866  	chisq 1.18053 (1 df)

Iteration 3:  6000000 integrand evaluations so far
[1] 32.3515 +- 8.66501  	chisq 1.19148 (2 df)

Iteration 4:  10000000 integrand evaluations so far
[1] 4.32583 +- 1.03953  	chisq 11.8052 (3 df)

Iteration 5:  15000000 integrand evaluations so far
[1] 4.52483 +- 1.03511  	chisq 16.1256 (4 df)

Iteration 6:  21000000 integrand evaluations so far
[1] 5.18313 +- 1.02144  	chisq 31.5399 (5 df)

Iteration 7:  28000000 integrand evaluations so far
[1] 6.41481 +- 0.996942  	chisq 62.2204 (6 df)

Iteration 8:  36000000 integrand evaluations so far
[1] 6.45249 +- 0.996751  	chisq 65.9408 (7 df)

Iteration 9:  45000000 integrand evaluations so far
[1] 8.37379 +- 0.959378  	chisq 116.434 (8 df)

Iteration 10:  55000000 integrand evaluations so far
[1] 8.9889 +- 0.950543  	chisq 138.856 (9 df)
    8.99 ±   0.95        (1.05mi) ┃       5 ±    4.1        (12.4mi) ┃
┃   86 -    88 ┃   58 -    59 ┃  8.1693 ± 0.0055        (1.01mi) ┃ -7.5098 ± 0.0026        (23.3mi) ┃Vegas input parameters:
  ndim 10
  ncomp 1
  nvec 1
  epsrel 0
  epsabs 0
  flags 10
  seed 123456
  mineval 50000000
  maxeval 50000000
  nstart 1000000
  nincrease 1000000
  nbatch 5000
  gridno 0
  statefile ""

Iteration 1:  1000000 integrand evaluations so far
[1] 25.9594 +- 42.7734  	chisq 0 (0 df)

Iteration 2:  3000000 integrand evaluations so far
[1] 21.8998 +- 15.2857  	chisq 0.0103266 (1 df)

Iteration 3:  6000000 integrand evaluations so far
[1] 12.1728 +- 13.8206  	chisq 2.22914 (2 df)

Iteration 4:  10000000 integrand evaluations so far
[1] 13.5498 +- 13.7323  	chisq 3.0083 (3 df)

Iteration 5:  15000000 integrand evaluations so far
[1] 0.622845 +- 9.84758  	chisq 4.83258 (4 df)

Iteration 6:  21000000 integrand evaluations so far
[1] 2.04769 +- 9.45185  	chisq 5.0984 (5 df)

Iteration 7:  28000000 integrand evaluations so far
[1] -2.25526 +- 7.56364  	chisq 5.67469 (6 df)

Iteration 8:  36000000 integrand evaluations so far
[1] -3.10481 +- 7.20603  	chisq 5.81133 (7 df)

Iteration 9:  45000000 integrand evaluations so far
[1] -4.97849 +- 6.11765  	chisq 6.05343 (8 df)

Iteration 10:  55000000 integrand evaluations so far
[1] -4.9086 +- 6.10743  	chisq 6.09249 (9 df)
    -4.9 ±    6.1        (1.86mi) ┃Vegas input parameters:
  ndim 8
  ncomp 1
  nvec 1
  epsrel 0
  epsabs 0
  flags 10
  seed 123456
  mineval 5000000
  maxeval 50000000
  nstart 1000000
  nincrease 1000000
  nbatch 5000
  gridno 0
  statefile ""

Iteration 1:  1000000 integrand evaluations so far
[1] 29.2254 +- 9.38361  	chisq 0 (0 df)

Iteration 2:  3000000 integrand evaluations so far
[1] 6.57375 +- 2.18678  	chisq 6.16186 (1 df)

Iteration 3:  6000000 integrand evaluations so far
[1] 6.80895 +- 1.99414  	chisq 6.23054 (2 df)

Iteration 4:  10000000 integrand evaluations so far
[1] 6.85763 +- 1.99375  	chisq 7.75259 (3 df)

Iteration 5:  15000000 integrand evaluations so far
[1] 7.33725 +- 1.75096  	chisq 8.00561 (4 df)

Iteration 6:  21000000 integrand evaluations so far
[1] 7.36332 +- 1.75079  	chisq 9.13354 (5 df)

Iteration 7:  28000000 integrand evaluations so far
[1] 7.69865 +- 1.74125  	chisq 12.5103 (6 df)

Iteration 8:  36000000 integrand evaluations so far
[1] 8.9298 +- 1.6957  	chisq 22.1905 (7 df)

Iteration 9:  45000000 integrand evaluations so far
[1] 14.8025 +- 1.40236  	chisq 60.1409 (8 df)

Iteration 10:  55000000 integrand evaluations so far
[1] 19.1523 +- 1.18868  	chisq 94.3168 (9 df)
    19.2 ±    1.2        ( 57.3s) ┃    14.9 ±    6.2        (27.1mi) ┃
┃   86 -    88 ┃   59 -    60 ┃   7.642 ±  0.001        (6.63mi) ┃ -7.1075 ± 0.0039        (23.6mi) ┃Vegas input parameters:
  ndim 10
  ncomp 1
  nvec 1
  epsrel 0
  epsabs 0
  flags 10
  seed 123456
  mineval 50000000
  maxeval 50000000
  nstart 1000000
  nincrease 1000000
  nbatch 5000
  gridno 0
  statefile ""

Iteration 1:  1000000 integrand evaluations so far
[1] 4.15423 +- 24.7373  	chisq 0 (0 df)

Iteration 2:  3000000 integrand evaluations so far
[1] 1.26326 +- 20.0385  	chisq 0.0397247 (1 df)

Iteration 3:  6000000 integrand evaluations so far
[1] 2.27073 +- 20.0086  	chisq 0.886553 (2 df)

Iteration 4:  10000000 integrand evaluations so far
[1] -10.8114 +- 9.54748  	chisq 1.44007 (3 df)

Iteration 5:  15000000 integrand evaluations so far
[1] -9.0689 +- 9.42579  	chisq 2.75525 (4 df)

Iteration 6:  21000000 integrand evaluations so far
[1] -1.80538 +- 2.27686  	chisq 3.38587 (5 df)

Iteration 7:  28000000 integrand evaluations so far
[1] -1.86065 +- 2.27465  	chisq 3.68908 (6 df)

Iteration 8:  36000000 integrand evaluations so far
[1] -1.84419 +- 2.27462  	chisq 5.99746 (7 df)

Iteration 9:  45000000 integrand evaluations so far
[1] -1.63912 +- 2.26788  	chisq 7.37165 (8 df)

Iteration 10:  55000000 integrand evaluations so far
[1] -1.46302 +- 2.25992  	chisq 8.23138 (9 df)
    -1.5 ±    2.3        ( 1.9mi) ┃Vegas input parameters:
  ndim 8
  ncomp 1
  nvec 1
  epsrel 0
  epsabs 0
  flags 10
  seed 123456
  mineval 5000000
  maxeval 50000000
  nstart 1000000
  nincrease 1000000
  nbatch 5000
  gridno 0
  statefile ""

Iteration 1:  1000000 integrand evaluations so far
[1] 43.1697 +- 13.8624  	chisq 0 (0 df)

Iteration 2:  3000000 integrand evaluations so far
[1] 5.10375 +- 1.67741  	chisq 7.65248 (1 df)

Iteration 3:  6000000 integrand evaluations so far
[1] 5.17929 +- 1.67607  	chisq 8.92071 (2 df)

Iteration 4:  10000000 integrand evaluations so far
[1] 5.76947 +- 1.62125  	chisq 10.8477 (3 df)

Iteration 5:  15000000 integrand evaluations so far
[1] 6.96174 +- 1.56667  	chisq 19.0176 (4 df)

Iteration 6:  21000000 integrand evaluations so far
[1] 7.35157 +- 1.55207  	chisq 22.355 (5 df)

Iteration 7:  28000000 integrand evaluations so far
[1] 10.2611 +- 1.41477  	chisq 43.1355 (6 df)

Iteration 8:  36000000 integrand evaluations so far
[1] 11.7888 +- 1.38114  	chisq 67.9611 (7 df)

Iteration 9:  45000000 integrand evaluations so far
[1] 18.599 +- 1.15215  	chisq 147.911 (8 df)

Iteration 10:  55000000 integrand evaluations so far
[1] 24.0966 +- 0.967036  	chisq 224.954 (9 df)
    24.1 ±   0.97        (1.04mi) ┃    23.2 ±    2.5        (33.1mi) ┃
┣━━━━━━━━━━━━━━╋━━━━━━━━━━━━━━╋━━━━━━━━━━━━━━━━━━━━━━━━━━━━━━━━━━╋━━━━━━━━━━━━━━━━━━━━━━━━━━━━━━━━━━╋━━━━━━━━━━━━━━━━━━━━━━━━━━━━━━━━━━╋━━━━━━━━━━━━━━━━━━━━━━━━━━━━━━━━━━╋━━━━━━━━━━━━━━━━━━━━━━━━━━━━━━━━━━┫
┃   84 -    88 ┃   25 -    60 ┃ 714.645 ±  0.053        (5.79hr) ┃-659.169 ±  0.053        (21.6hr) ┃     -31 ±     52        (3.25hr) ┃  1.9466 ±   0.01 ·10⁺⁰³ (1.71hr) ┃   1.971 ±  0.053 ·10⁺⁰³ (32.3hr) ┃
┗━━━━━━━━━━━━━━┻━━━━━━━━━━━━━━┻━━━━━━━━━━━━━━━━━━━━━━━━━━━━━━━━━━┻━━━━━━━━━━━━━━━━━━━━━━━━━━━━━━━━━━┻━━━━━━━━━━━━━━━━━━━━━━━━━━━━━━━━━━┻━━━━━━━━━━━━━━━━━━━━━━━━━━━━━━━━━━┻━━━━━━━━━━━━━━━━━━━━━━━━━━━━━━━━━━┛

╍╍╍╍╍╍╍╍╍╍╍╍╍╍╍╍╍╍╍╍╍╍╍╍╍╍╍╍╍╍╍╍ Summary ╍╍╍╍╍╍╍╍╍╍╍╍╍╍╍╍╍╍╍╍╍╍╍╍╍╍╍╍╍╍╍
      Total cross section                     1.971 ± 0.053          pb
         Calculation time                               32.3       hours
              Output file                    outputs/qt_qt84_88_NNLL_muR0.5_muF1.0.root            
      Result in text file                    outputs/qt_qt84_88_NNLL_muR0.5_muF1.0.txt            

╍╍╍╍╍╍╍╍╍╍╍╍╍╍╍╍╍╍╍╍╍╍╍╍╍╍╍╍╍╍╍╍╍╍╍╍╍╍╍╍╍╍╍╍╍╍╍╍╍╍╍╍╍╍╍╍╍╍╍╍╍╍╍╍╍╍╍╍╍╍╍╍

