
╍╍╍╍╍╍╍╍╍╍╍╍╍╍╍╍╍╍╍╍╍╍╍╍╍╍╍ Process settings ╍╍╍╍╍╍╍╍╍╍╍╍╍╍╍╍╍╍╍╍╍╍╍╍╍╍╍
   proton-proton collisions at sqrt(s) = 13000 GeV 
   Computing NNLO+NNLL resummed cross section
   W+ ->  nu(p3)+e+(p4) production 

╍╍╍╍╍╍╍╍╍╍╍╍╍╍╍╍╍╍╍╍╍╍╍╍╍╍╍╍╍╍ CKM matrix ╍╍╍╍╍╍╍╍╍╍╍╍╍╍╍╍╍╍╍╍╍╍╍╍╍╍╍╍╍╍
     | Vud Vus Vub |   |   0.97427   0.2253  0.00351 | 
     | Vcd Vcs Vcb | = |    0.2252  0.97344   0.0412 | 
     | Vtd Vts Vtb |   |         0        0        0 | 

╍╍╍╍╍╍╍╍╍╍╍╍╍╍╍╍╍╍╍╍╍╍╍╍╍╍╍╍╍ EW parameters ╍╍╍╍╍╍╍╍╍╍╍╍╍╍╍╍╍╍╍╍╍╍╍╍╍╍╍╍
                                         Gf =  1.1663787e-05      GeV^-2
                                    1/alpha =  132.233229791            
                                 sin(thW)^2 = 0.222897222524            
                                     W mass =         80.385         GeV
                                     Z mass =        91.1876         GeV
                                    W width =          2.091         GeV
                                    Z width =          2.495         GeV

╍╍╍╍╍╍╍╍╍╍╍╍╍╍╍╍╍╍╍╍╍╍╍╍╍╍╍╍╍ QCD settings ╍╍╍╍╍╍╍╍╍╍╍╍╍╍╍╍╍╍╍╍╍╍╍╍╍╍╍╍╍
   Renormalization scale:     dynamic muren =              1      * m_ll
     Factorization scale:     dynamic mufac =            0.5      * m_ll
       Resummation scale:     dynamic mures =              1      * m_ll
          Strong coupling       alpha_s(MZ) =       0.118001            
                              running order =              3       -loop
         Non-perturbative     form factor g =            0.7       GeV^2

╍╍╍╍╍╍╍╍╍╍╍╍╍╍╍╍╍╍╍╍╍╍╍╍╍╍╍╍╍ PDF settings ╍╍╍╍╍╍╍╍╍╍╍╍╍╍╍╍╍╍╍╍╍╍╍╍╍╍╍╍╍
                                     PDF set:MSHT20nnlo_as118            
                                  PDF member:              0            
  Mellin moments of PDFs:                    Numerical integration            
                         nodes for the quadrature:            200            
                         Intervals for the quadrature:              1            

╍╍╍╍╍╍╍╍╍╍╍╍╍╍╍╍╍╍╍╍╍╍╍╍╍╍╍╍╍╍╍ qT recoil ╍╍╍╍╍╍╍╍╍╍╍╍╍╍╍╍╍╍╍╍╍╍╍╍╍╍╍╍╍╍
  qt-recoil prescription:       Collins-Soper kt1 = p_V(x)/2; kt2 = p_V(y)/2            

╍╍╍╍╍╍╍╍╍╍╍╍╍╍╍╍╍╍╍╍╍╍╍╍╍╍╍╍╍╍╍╍╍ Cuts ╍╍╍╍╍╍╍╍╍╍╍╍╍╍╍╍╍╍╍╍╍╍╍╍╍╍╍╍╍╍╍╍╍
                                  apply cuts:           true            
                                      pt_l >               0            
                                   |eta_l| <            1000            
                                    pt_lep >              25            
                                 |eta_lep| <             2.4            
                                   pt_alep >              25            
                                |eta_alep| <             2.4            
                                  user cuts:            true            

╍╍╍╍╍╍╍╍╍╍╍╍╍╍╍╍╍╍╍╍╍╍╍╍╍╍╍╍ ResummationDamp ╍╍╍╍╍╍╍╍╍╍╍╍╍╍╍╍╍╍╍╍╍╍╍╍╍╍╍
                                    damping :             on            
                                damping mode:              1            
                                  damp above:        60.2888         GeV
                               damping width:        20.0963         GeV
                          resummation cutoff:             20         MeV

╍╍╍╍╍╍╍╍╍╍╍╍╍╍╍╍╍╍╍╍╍╍╍╍╍╍╍╍ Debug settings ╍╍╍╍╍╍╍╍╍╍╍╍╍╍╍╍╍╍╍╍╍╍╍╍╍╍╍╍
                                 timeprofile:          false            
                                     verbose:          false            
                               cubaverbosity:              2            

╍╍╍╍╍╍╍╍╍╍╍╍╍╍╍╍╍╍╍╍╍╍╍╍╍╍╍╍╍╍╍╍╍╍╍╍╍╍╍╍╍╍╍╍╍╍╍╍╍╍╍╍╍╍╍╍╍╍╍╍╍╍╍╍╍╍╍╍╍╍╍╍

Warning: Histogram `a1_qt` contains non-integrable observable and will be deleted 
Warning: Histogram `a1_qt_vs_y` contains non-integrable observable and will be deleted 
Warning: Histogram `s_biganswer` contains non-integrable observable and will be deleted 
Warning: Histogram `wgt_a1_qt` contains non-integrable observable and will be deleted 

╍╍╍╍╍╍╍╍╍╍╍╍╍╍╍╍╍╍╍╍╍╍╍╍╍ Integration settings ╍╍╍╍╍╍╍╍╍╍╍╍╍╍╍╍╍╍╍╍╍╍╍╍╍
             Random seeds              123456                           
           Parallel cores                   1                           

             Resummation:     cuhre (dm, dpt)         iter =           5
                                   gauss (dy)        nodes =          64
                                                 intervals =           1
            Counter term:      cuhre (dm, dy)         iter =           5
                                  gauss (dpt)        nodes =          20
                                                 intervals =           5
                V+J Real:               vegas       ncalls =    50000000
             V+J Virtual:               vegas       ncalls =     5000000

Mellin inverse transform:           gaussian         nodes =          30
                                                 intervals =           1
                               imaginary axis         zmax =           2
  Angular variable costh:     semi-analytical      ncstart =         100
   Angular variables phi:            gaussian    intervals =          20

      Constant boundaries                  q2          low =          80
                                                      high =         100
                                            y          low =          -6
                                                      high =           6
                                        costh          low =          -1
                                                      high =           1
                                       eta(l)          low =         -10
                                                      high =          10

┏━━━━━━━━━━━━━━┰━━━━━━━━━━━━━━┰━━━━━━━━━━━━━━━━━━━━━━━━━━━━━━━━━━┰━━━━━━━━━━━━━━━━━━━━━━━━━━━━━━━━━━┰━━━━━━━━━━━━━━━━━━━━━━━━━━━━━━━━━━┰━━━━━━━━━━━━━━━━━━━━━━━━━━━━━━━━━━┰━━━━━━━━━━━━━━━━━━━━━━━━━━━━━━━━━━┓
┃           qT ┃        pT(l) ┃                      Resummation ┃                     Counter term ┃                         V+J Real ┃                      V+J Virtual ┃                            TOTAL ┃
┣━━━━━━━━━━━━━━╋━━━━━━━━━━━━━━╋━━━━━━━━━━━━━━━━━━━━━━━━━━━━━━━━━━╋━━━━━━━━━━━━━━━━━━━━━━━━━━━━━━━━━━╋━━━━━━━━━━━━━━━━━━━━━━━━━━━━━━━━━━╋━━━━━━━━━━━━━━━━━━━━━━━━━━━━━━━━━━╋━━━━━━━━━━━━━━━━━━━━━━━━━━━━━━━━━━┫
┃   68 -    70 ┃   25 -    26 ┃ 107.262 ±  0.067        (9.64mi) ┃ -92.064 ±   0.09        (26.4mi) ┃Vegas input parameters:
  ndim 10
  ncomp 1
  nvec 1
  epsrel 0
  epsabs 0
  flags 10
  seed 123456
  mineval 50000000
  maxeval 50000000
  nstart 1000000
  nincrease 1000000
  nbatch 5000
  gridno 0
  statefile ""

Iteration 1:  1000000 integrand evaluations so far
[1] 165.18 +- 95.2967  	chisq 0 (0 df)

Iteration 2:  3000000 integrand evaluations so far
[1] 52.4704 +- 32.1297  	chisq 1.57824 (1 df)

Iteration 3:  6000000 integrand evaluations so far
[1] 32.242 +- 23.6674  	chisq 2.44485 (2 df)

Iteration 4:  10000000 integrand evaluations so far
[1] 17.6691 +- 21.6494  	chisq 4.76715 (3 df)

Iteration 5:  15000000 integrand evaluations so far
[1] 0.23899 +- 20.4302  	chisq 10.689 (4 df)

Iteration 6:  21000000 integrand evaluations so far
[1] 9.58336 +- 19.8513  	chisq 14.4331 (5 df)

Iteration 7:  28000000 integrand evaluations so far
[1] 0.332781 +- 17.7214  	chisq 15.5025 (6 df)

Iteration 8:  36000000 integrand evaluations so far
[1] 0.845174 +- 17.7118  	chisq 16.2693 (7 df)

Iteration 9:  45000000 integrand evaluations so far
[1] 9.74899 +- 15.8492  	chisq 17.5376 (8 df)

Iteration 10:  55000000 integrand evaluations so far
[1] 8.38529 +- 15.209  	chisq 17.6311 (9 df)
       8 ±     15        (4.61mi) ┃Vegas input parameters:
  ndim 8
  ncomp 1
  nvec 1
  epsrel 0
  epsabs 0
  flags 10
  seed 123456
  mineval 5000000
  maxeval 50000000
  nstart 1000000
  nincrease 1000000
  nbatch 5000
  gridno 0
  statefile ""

Iteration 1:  1000000 integrand evaluations so far
[1] 143.559 +- 38.0082  	chisq 0 (0 df)

Iteration 2:  3000000 integrand evaluations so far
[1] 70.2341 +- 15.9245  	chisq 4.51421 (1 df)

Iteration 3:  6000000 integrand evaluations so far
[1] 53.0859 +- 10.8268  	chisq 6.67052 (2 df)

Iteration 4:  10000000 integrand evaluations so far
[1] 60.3286 +- 6.87657  	chisq 7.42063 (3 df)

Iteration 5:  15000000 integrand evaluations so far
[1] 65.8258 +- 6.41026  	chisq 12.2981 (4 df)

Iteration 6:  21000000 integrand evaluations so far
[1] 65.8983 +- 6.40988  	chisq 13.3874 (5 df)

Iteration 7:  28000000 integrand evaluations so far
[1] 69.8877 +- 6.0117  	chisq 16.6051 (6 df)

Iteration 8:  36000000 integrand evaluations so far
[1] 84.2448 +- 4.76015  	chisq 31.8949 (7 df)

Iteration 9:  45000000 integrand evaluations so far
[1] 93.0945 +- 4.25254  	chisq 49.0136 (8 df)

Iteration 10:  55000000 integrand evaluations so far
[1] 99.0661 +- 3.84917  	chisq 59.9254 (9 df)
    99.1 ±    3.8        (1.72mi) ┃     123 ±     16        (42.4mi) ┃
┃   68 -    70 ┃   26 -    27 ┃  86.327 ±   0.04        ( 8.9mi) ┃ -74.197 ±  0.038        (26.3mi) ┃Vegas input parameters:
  ndim 10
  ncomp 1
  nvec 1
  epsrel 0
  epsabs 0
  flags 10
  seed 123456
  mineval 50000000
  maxeval 50000000
  nstart 1000000
  nincrease 1000000
  nbatch 5000
  gridno 0
  statefile ""

Iteration 1:  1000000 integrand evaluations so far
[1] 319.303 +- 194.147  	chisq 0 (0 df)

Iteration 2:  3000000 integrand evaluations so far
[1] 141.759 +- 97.0053  	chisq 1.11452 (1 df)

Iteration 3:  6000000 integrand evaluations so far
[1] 156.893 +- 94.4264  	chisq 1.57848 (2 df)

Iteration 4:  10000000 integrand evaluations so far
[1] -0.473351 +- 19.3042  	chisq 4.47702 (3 df)

Iteration 5:  15000000 integrand evaluations so far
[1] -0.908635 +- 19.2996  	chisq 5.54813 (4 df)

Iteration 6:  21000000 integrand evaluations so far
[1] 9.66712 +- 14.0131  	chisq 6.18324 (5 df)

Iteration 7:  28000000 integrand evaluations so far
[1] 1.46263 +- 13.5257  	chisq 11.1974 (6 df)

Iteration 8:  36000000 integrand evaluations so far
[1] -0.710612 +- 13.299  	chisq 11.9742 (7 df)

Iteration 9:  45000000 integrand evaluations so far
[1] 0.367582 +- 13.2815  	chisq 14.4728 (8 df)

Iteration 10:  55000000 integrand evaluations so far
[1] -2.74395 +- 12.8858  	chisq 15.4077 (9 df)
      -3 ±     13        (4.64mi) ┃Vegas input parameters:
  ndim 8
  ncomp 1
  nvec 1
  epsrel 0
  epsabs 0
  flags 10
  seed 123456
  mineval 5000000
  maxeval 50000000
  nstart 1000000
  nincrease 1000000
  nbatch 5000
  gridno 0
  statefile ""

Iteration 1:  1000000 integrand evaluations so far
[1] 153.502 +- 34.8451  	chisq 0 (0 df)

Iteration 2:  3000000 integrand evaluations so far
[1] 91.6825 +- 20.733  	chisq 4.87262 (1 df)

Iteration 3:  6000000 integrand evaluations so far
[1] 88.9292 +- 17.5401  	chisq 4.93465 (2 df)

Iteration 4:  10000000 integrand evaluations so far
[1] 93.3353 +- 17.0765  	chisq 6.14429 (3 df)

Iteration 5:  15000000 integrand evaluations so far
[1] 94.9449 +- 13.7807  	chisq 6.16976 (4 df)

Iteration 6:  21000000 integrand evaluations so far
[1] 105.744 +- 11.6533  	chisq 8.32486 (5 df)

Iteration 7:  28000000 integrand evaluations so far
[1] 104.133 +- 5.7213  	chisq 8.35003 (6 df)

Iteration 8:  36000000 integrand evaluations so far
[1] 109.067 +- 3.96732  	chisq 9.78221 (7 df)

Iteration 9:  45000000 integrand evaluations so far
[1] 114.013 +- 3.05855  	chisq 13.6143 (8 df)

Iteration 10:  55000000 integrand evaluations so far
[1] 116.736 +- 2.18395  	chisq 15.2318 (9 df)
   116.7 ±    2.2        (1.72mi) ┃     126 ±     13        (41.6mi) ┃
┃   68 -    70 ┃   27 -    28 ┃ 117.291 ±  0.043        (2.61mi) ┃-101.382 ±  0.058        (25.9mi) ┃Vegas input parameters:
  ndim 10
  ncomp 1
  nvec 1
  epsrel 0
  epsabs 0
  flags 10
  seed 123456
  mineval 50000000
  maxeval 50000000
  nstart 1000000
  nincrease 1000000
  nbatch 5000
  gridno 0
  statefile ""

Iteration 1:  1000000 integrand evaluations so far
[1] -54.8016 +- 64.3437  	chisq 0 (0 df)

Iteration 2:  3000000 integrand evaluations so far
[1] -68.2031 +- 51.4501  	chisq 0.120295 (1 df)

Iteration 3:  6000000 integrand evaluations so far
[1] -74.6748 +- 46.8097  	chisq 0.21215 (2 df)

Iteration 4:  10000000 integrand evaluations so far
[1] -61.0284 +- 45.9469  	chisq 2.53898 (3 df)

Iteration 5:  15000000 integrand evaluations so far
[1] -4.53973 +- 31.2427  	chisq 5.35038 (4 df)

Iteration 6:  21000000 integrand evaluations so far
[1] -15.3535 +- 30.0105  	chisq 6.89978 (5 df)

Iteration 7:  28000000 integrand evaluations so far
[1] -7.01348 +- 28.2931  	chisq 7.5944 (6 df)

Iteration 8:  36000000 integrand evaluations so far
[1] -4.63774 +- 25.7094  	chisq 7.63485 (7 df)

Iteration 9:  45000000 integrand evaluations so far
[1] -17.2041 +- 20.3907  	chisq 8.27889 (8 df)

Iteration 10:  55000000 integrand evaluations so far
[1] -7.98554 +- 19.5592  	chisq 10.8372 (9 df)
      -8 ±     20        (4.66mi) ┃Vegas input parameters:
  ndim 8
  ncomp 1
  nvec 1
  epsrel 0
  epsabs 0
  flags 10
  seed 123456
  mineval 5000000
  maxeval 50000000
  nstart 1000000
  nincrease 1000000
  nbatch 5000
  gridno 0
  statefile ""

Iteration 1:  1000000 integrand evaluations so far
[1] 144.337 +- 34.2392  	chisq 0 (0 df)

Iteration 2:  3000000 integrand evaluations so far
[1] 74.4682 +- 17.5521  	chisq 5.64839 (1 df)

Iteration 3:  6000000 integrand evaluations so far
[1] 80.3994 +- 13.8154  	chisq 5.94854 (2 df)

Iteration 4:  10000000 integrand evaluations so far
[1] 89.5321 +- 12.7342  	chisq 8.85402 (3 df)

Iteration 5:  15000000 integrand evaluations so far
[1] 97.2468 +- 9.41195  	chisq 9.66295 (4 df)

Iteration 6:  21000000 integrand evaluations so far
[1] 105.756 +- 7.57851  	chisq 11.9873 (5 df)

Iteration 7:  28000000 integrand evaluations so far
[1] 112.772 +- 4.98233  	chisq 13.4968 (6 df)

Iteration 8:  36000000 integrand evaluations so far
[1] 115.589 +- 3.41462  	chisq 14.0997 (7 df)

Iteration 9:  45000000 integrand evaluations so far
[1] 115.038 +- 2.17304  	chisq 14.1436 (8 df)

Iteration 10:  55000000 integrand evaluations so far
[1] 116.92 +- 1.59186  	chisq 15.7637 (9 df)
   116.9 ±    1.6        (1.71mi) ┃     125 ±     20        (34.8mi) ┃
┃   68 -    70 ┃   28 -    29 ┃  82.932 ±  0.068        (2.42mi) ┃ -71.607 ±  0.028        ( 6.5mi) ┃Vegas input parameters:
  ndim 10
  ncomp 1
  nvec 1
  epsrel 0
  epsabs 0
  flags 10
  seed 123456
  mineval 50000000
  maxeval 50000000
  nstart 1000000
  nincrease 1000000
  nbatch 5000
  gridno 0
  statefile ""

Iteration 1:  1000000 integrand evaluations so far
[1] 14.6459 +- 45.3176  	chisq 0 (0 df)

Iteration 2:  3000000 integrand evaluations so far
[1] 20.4408 +- 44.885  	chisq 0.860625 (1 df)

Iteration 3:  6000000 integrand evaluations so far
[1] -28.4726 +- 26.7614  	chisq 2.70316 (2 df)

Iteration 4:  10000000 integrand evaluations so far
[1] -26.0182 +- 23.9769  	chisq 2.7458 (3 df)

Iteration 5:  15000000 integrand evaluations so far
[1] -35.4314 +- 22.5413  	chisq 4.07267 (4 df)

Iteration 6:  21000000 integrand evaluations so far
[1] -40.9609 +- 21.823  	chisq 5.03208 (5 df)

Iteration 7:  28000000 integrand evaluations so far
[1] -41.2374 +- 21.821  	chisq 5.92632 (6 df)

Iteration 8:  36000000 integrand evaluations so far
[1] -28.5567 +- 20.3415  	chisq 8.50412 (7 df)

Iteration 9:  45000000 integrand evaluations so far
[1] -26.1934 +- 20.2747  	chisq 10.5634 (8 df)

Iteration 10:  55000000 integrand evaluations so far
[1] -23.315 +- 20.1134  	chisq 11.8345 (9 df)
     -23 ±     20        (4.65mi) ┃Vegas input parameters:
  ndim 8
  ncomp 1
  nvec 1
  epsrel 0
  epsabs 0
  flags 10
  seed 123456
  mineval 5000000
  maxeval 50000000
  nstart 1000000
  nincrease 1000000
  nbatch 5000
  gridno 0
  statefile ""

Iteration 1:  1000000 integrand evaluations so far
[1] 114.802 +- 31.4961  	chisq 0 (0 df)

Iteration 2:  3000000 integrand evaluations so far
[1] 29.5151 +- 6.74237  	chisq 7.6846 (1 df)

Iteration 3:  6000000 integrand evaluations so far
[1] 30.7708 +- 6.62257  	chisq 8.66943 (2 df)

Iteration 4:  10000000 integrand evaluations so far
[1] 32.3299 +- 6.49186  	chisq 10.0873 (3 df)

Iteration 5:  15000000 integrand evaluations so far
[1] 35.3616 +- 6.3359  	chisq 14.6819 (4 df)

Iteration 6:  21000000 integrand evaluations so far
[1] 55.551 +- 4.78527  	chisq 38.3185 (5 df)

Iteration 7:  28000000 integrand evaluations so far
[1] 72.9153 +- 3.04172  	chisq 60.4132 (6 df)

Iteration 8:  36000000 integrand evaluations so far
[1] 80.6697 +- 1.6651  	chisq 69.6932 (7 df)

Iteration 9:  45000000 integrand evaluations so far
[1] 84.7954 +- 1.11332  	chisq 80.7963 (8 df)

Iteration 10:  55000000 integrand evaluations so far
[1] 84.8833 +- 1.11267  	chisq 86.1539 (9 df)
    84.9 ±    1.1        (1.67mi) ┃      73 ±     20        (15.2mi) ┃
┃   68 -    70 ┃   29 -    30 ┃ 101.423 ±  0.025        (2.42mi) ┃ -87.101 ±  0.053        (12.9mi) ┃Vegas input parameters:
  ndim 10
  ncomp 1
  nvec 1
  epsrel 0
  epsabs 0
  flags 10
  seed 123456
  mineval 50000000
  maxeval 50000000
  nstart 1000000
  nincrease 1000000
  nbatch 5000
  gridno 0
  statefile ""

Iteration 1:  1000000 integrand evaluations so far
[1] 8.06274 +- 39.3234  	chisq 0 (0 df)

Iteration 2:  3000000 integrand evaluations so far
[1] 21.0547 +- 38.1005  	chisq 1.78271 (1 df)

Iteration 3:  6000000 integrand evaluations so far
[1] -0.571898 +- 22.986  	chisq 2.28928 (2 df)

Iteration 4:  10000000 integrand evaluations so far
[1] -4.00861 +- 21.0052  	chisq 2.42483 (3 df)

Iteration 5:  15000000 integrand evaluations so far
[1] -19.0271 +- 13.1481  	chisq 3.26536 (4 df)

Iteration 6:  21000000 integrand evaluations so far
[1] -19.2213 +- 12.9632  	chisq 3.27318 (5 df)

Iteration 7:  28000000 integrand evaluations so far
[1] -19.0885 +- 12.9629  	chisq 5.2373 (6 df)

Iteration 8:  36000000 integrand evaluations so far
[1] -22.4673 +- 12.749  	chisq 7.31337 (7 df)

Iteration 9:  45000000 integrand evaluations so far
[1] -13.1791 +- 11.214  	chisq 9.65873 (8 df)

Iteration 10:  55000000 integrand evaluations so far
[1] -6.49714 +- 10.0911  	chisq 11.5251 (9 df)
      -6 ±     10        ( 4.7mi) ┃Vegas input parameters:
  ndim 8
  ncomp 1
  nvec 1
  epsrel 0
  epsabs 0
  flags 10
  seed 123456
  mineval 5000000
  maxeval 50000000
  nstart 1000000
  nincrease 1000000
  nbatch 5000
  gridno 0
  statefile ""

Iteration 1:  1000000 integrand evaluations so far
[1] 102.854 +- 26.3465  	chisq 0 (0 df)

Iteration 2:  3000000 integrand evaluations so far
[1] 106.433 +- 26.1279  	chisq 1.11698 (1 df)

Iteration 3:  6000000 integrand evaluations so far
[1] 108.718 +- 25.946  	chisq 1.66796 (2 df)

Iteration 4:  10000000 integrand evaluations so far
[1] 50.0225 +- 8.52932  	chisq 7.40562 (3 df)

Iteration 5:  15000000 integrand evaluations so far
[1] 54.8248 +- 7.67729  	chisq 9.07578 (4 df)

Iteration 6:  21000000 integrand evaluations so far
[1] 67.0824 +- 5.6654  	chisq 14.6728 (5 df)

Iteration 7:  28000000 integrand evaluations so far
[1] 82.4531 +- 3.74723  	chisq 27.7583 (6 df)

Iteration 8:  36000000 integrand evaluations so far
[1] 86.4144 +- 3.52618  	chisq 37.5182 (7 df)

Iteration 9:  45000000 integrand evaluations so far
[1] 90.5852 +- 3.35537  	chisq 52.3172 (8 df)

Iteration 10:  55000000 integrand evaluations so far
[1] 99.5992 +- 2.67047  	chisq 72.0049 (9 df)
    99.6 ±    2.7        (1.71mi) ┃     107 ±     10        (21.7mi) ┃
┃   68 -    70 ┃   30 -    31 ┃  96.896 ±  0.051        (4.79mi) ┃ -84.166 ±  0.044        (51.1mi) ┃Vegas input parameters:
  ndim 10
  ncomp 1
  nvec 1
  epsrel 0
  epsabs 0
  flags 10
  seed 123456
  mineval 50000000
  maxeval 50000000
  nstart 1000000
  nincrease 1000000
  nbatch 5000
  gridno 0
  statefile ""

Iteration 1:  1000000 integrand evaluations so far
[1] 21.4513 +- 23.2357  	chisq 0 (0 df)

Iteration 2:  3000000 integrand evaluations so far
[1] 3.61179 +- 18.5805  	chisq 1.63485 (1 df)

Iteration 3:  6000000 integrand evaluations so far
[1] -4.4616 +- 14.0867  	chisq 2.07886 (2 df)

Iteration 4:  10000000 integrand evaluations so far
[1] -1.03826 +- 12.7929  	chisq 2.41585 (3 df)

Iteration 5:  15000000 integrand evaluations so far
[1] 8.30857 +- 9.79251  	chisq 3.70504 (4 df)

Iteration 6:  21000000 integrand evaluations so far
[1] 9.61409 +- 9.76244  	chisq 6.60396 (5 df)

Iteration 7:  28000000 integrand evaluations so far
[1] 10.7313 +- 9.69627  	chisq 7.57331 (6 df)

Iteration 8:  36000000 integrand evaluations so far
[1] 10.1852 +- 9.67922  	chisq 8.47613 (7 df)

Iteration 9:  45000000 integrand evaluations so far
[1] 9.77869 +- 9.53041  	chisq 8.53395 (8 df)

Iteration 10:  55000000 integrand evaluations so far
[1] 8.57148 +- 9.4756  	chisq 9.93271 (9 df)
     8.6 ±    9.5        (4.64mi) ┃Vegas input parameters:
  ndim 8
  ncomp 1
  nvec 1
  epsrel 0
  epsabs 0
  flags 10
  seed 123456
  mineval 5000000
  maxeval 50000000
  nstart 1000000
  nincrease 1000000
  nbatch 5000
  gridno 0
  statefile ""

Iteration 1:  1000000 integrand evaluations so far
[1] 173.458 +- 38.3326  	chisq 0 (0 df)

Iteration 2:  3000000 integrand evaluations so far
[1] 61.4524 +- 11.6084  	chisq 9.39984 (1 df)

Iteration 3:  6000000 integrand evaluations so far
[1] 38.4112 +- 4.69047  	chisq 14.1083 (2 df)

Iteration 4:  10000000 integrand evaluations so far
[1] 40.2738 +- 4.63323  	chisq 20.6091 (3 df)

Iteration 5:  15000000 integrand evaluations so far
[1] 46.4661 +- 4.43313  	chisq 41.7447 (4 df)

Iteration 6:  21000000 integrand evaluations so far
[1] 60.6493 +- 3.61404  	chisq 72.2642 (5 df)

Iteration 7:  28000000 integrand evaluations so far
[1] 60.7486 +- 3.61322  	chisq 73.9317 (6 df)

Iteration 8:  36000000 integrand evaluations so far
[1] 66.6444 +- 3.27675  	chisq 88.9258 (7 df)

Iteration 9:  45000000 integrand evaluations so far
[1] 69.0738 +- 3.21809  	chisq 104.416 (8 df)

Iteration 10:  55000000 integrand evaluations so far
[1] 75.5418 +- 2.98554  	chisq 133.414 (9 df)
    75.5 ±      3        (1.73mi) ┃    96.8 ±    9.9        (1.04hr) ┃
┃   68 -    70 ┃   31 -    32 ┃  92.884 ±  0.051        (4.78mi) ┃ -79.831 ±  0.066        (25.9mi) ┃Vegas input parameters:
  ndim 10
  ncomp 1
  nvec 1
  epsrel 0
  epsabs 0
  flags 10
  seed 123456
  mineval 50000000
  maxeval 50000000
  nstart 1000000
  nincrease 1000000
  nbatch 5000
  gridno 0
  statefile ""

Iteration 1:  1000000 integrand evaluations so far
[1] -423.482 +- 475.641  	chisq 0 (0 df)

Iteration 2:  3000000 integrand evaluations so far
[1] -234.091 +- 174.487  	chisq 0.183202 (1 df)

Iteration 3:  6000000 integrand evaluations so far
[1] -115.87 +- 154.891  	chisq 2.34856 (2 df)

Iteration 4:  10000000 integrand evaluations so far
[1] 31.2018 +- 35.4053  	chisq 3.29985 (3 df)

Iteration 5:  15000000 integrand evaluations so far
[1] 28.8828 +- 35.3417  	chisq 4.49424 (4 df)

Iteration 6:  21000000 integrand evaluations so far
[1] -7.11106 +- 11.0427  	chisq 5.64371 (5 df)

Iteration 7:  28000000 integrand evaluations so far
[1] -4.31241 +- 10.8035  	chisq 7.14241 (6 df)

Iteration 8:  36000000 integrand evaluations so far
[1] -4.03249 +- 10.8001  	chisq 8.20715 (7 df)

Iteration 9:  45000000 integrand evaluations so far
[1] -5.41676 +- 10.6386  	chisq 8.76064 (8 df)

Iteration 10:  55000000 integrand evaluations so far
[1] -4.49259 +- 10.5854  	chisq 9.51691 (9 df)
      -4 ±     11        (4.76mi) ┃Vegas input parameters:
  ndim 8
  ncomp 1
  nvec 1
  epsrel 0
  epsabs 0
  flags 10
  seed 123456
  mineval 5000000
  maxeval 50000000
  nstart 1000000
  nincrease 1000000
  nbatch 5000
  gridno 0
  statefile ""

Iteration 1:  1000000 integrand evaluations so far
[1] 119.113 +- 27.2529  	chisq 0 (0 df)

Iteration 2:  3000000 integrand evaluations so far
[1] 112.722 +- 20.4245  	chisq 0.125489 (1 df)

Iteration 3:  6000000 integrand evaluations so far
[1] 112.354 +- 18.2838  	chisq 0.127121 (2 df)

Iteration 4:  10000000 integrand evaluations so far
[1] 78.6591 +- 9.5323  	chisq 4.79102 (3 df)

Iteration 5:  15000000 integrand evaluations so far
[1] 79.4433 +- 9.49625  	chisq 5.6874 (4 df)

Iteration 6:  21000000 integrand evaluations so far
[1] 81.8775 +- 8.04099  	chisq 5.91957 (5 df)

Iteration 7:  28000000 integrand evaluations so far
[1] 82.505 +- 8.02691  	chisq 7.66045 (6 df)

Iteration 8:  36000000 integrand evaluations so far
[1] 87.0663 +- 6.65014  	chisq 8.69005 (7 df)

Iteration 9:  45000000 integrand evaluations so far
[1] 95.0035 +- 4.23097  	chisq 11.0833 (8 df)

Iteration 10:  55000000 integrand evaluations so far
[1] 93.2496 +- 2.26185  	chisq 11.3239 (9 df)
    93.2 ±    2.3        (1.73mi) ┃     102 ±     11        (37.2mi) ┃
┃   68 -    70 ┃   32 -    33 ┃  98.112 ±  0.071        ( 42.3s) ┃ -83.387 ±   0.07        ( 6.7mi) ┃Vegas input parameters:
  ndim 10
  ncomp 1
  nvec 1
  epsrel 0
  epsabs 0
  flags 10
  seed 123456
  mineval 50000000
  maxeval 50000000
  nstart 1000000
  nincrease 1000000
  nbatch 5000
  gridno 0
  statefile ""

Iteration 1:  1000000 integrand evaluations so far
[1] 182.065 +- 96.319  	chisq 0 (0 df)

Iteration 2:  3000000 integrand evaluations so far
[1] -2.54853 +- 35.1896  	chisq 4.23956 (1 df)

Iteration 3:  6000000 integrand evaluations so far
[1] 6.71804 +- 22.2462  	chisq 4.35507 (2 df)

Iteration 4:  10000000 integrand evaluations so far
[1] 15.5501 +- 18.0125  	chisq 4.81273 (3 df)

Iteration 5:  15000000 integrand evaluations so far
[1] 19.4666 +- 14.595  	chisq 4.95038 (4 df)

Iteration 6:  21000000 integrand evaluations so far
[1] 19.0468 +- 14.5885  	chisq 5.88215 (5 df)

Iteration 7:  28000000 integrand evaluations so far
[1] 19.4934 +- 14.1983  	chisq 5.89991 (6 df)

Iteration 8:  36000000 integrand evaluations so far
[1] 20.258 +- 11.9559  	chisq 5.90988 (7 df)

Iteration 9:  45000000 integrand evaluations so far
[1] 9.23351 +- 8.06568  	chisq 7.47029 (8 df)

Iteration 10:  55000000 integrand evaluations so far
[1] 8.3624 +- 7.78378  	chisq 7.64013 (9 df)
     8.4 ±    7.8        (4.71mi) ┃Vegas input parameters:
  ndim 8
  ncomp 1
  nvec 1
  epsrel 0
  epsabs 0
  flags 10
  seed 123456
  mineval 5000000
  maxeval 50000000
  nstart 1000000
  nincrease 1000000
  nbatch 5000
  gridno 0
  statefile ""

Iteration 1:  1000000 integrand evaluations so far
[1] 104.157 +- 25.7363  	chisq 0 (0 df)

Iteration 2:  3000000 integrand evaluations so far
[1] 34.7489 +- 7.94269  	chisq 8.03893 (1 df)

Iteration 3:  6000000 integrand evaluations so far
[1] 35.1981 +- 7.93242  	chisq 9.27575 (2 df)

Iteration 4:  10000000 integrand evaluations so far
[1] 38.4723 +- 7.32474  	chisq 10.4321 (3 df)

Iteration 5:  15000000 integrand evaluations so far
[1] 43.1275 +- 7.0031  	chisq 15.1346 (4 df)

Iteration 6:  21000000 integrand evaluations so far
[1] 53.5416 +- 6.34459  	chisq 27.4733 (5 df)

Iteration 7:  28000000 integrand evaluations so far
[1] 60.9982 +- 5.81196  	chisq 36.0605 (6 df)

Iteration 8:  36000000 integrand evaluations so far
[1] 64.6935 +- 5.66982  	chisq 44.4275 (7 df)

Iteration 9:  45000000 integrand evaluations so far
[1] 81.7902 +- 4.63514  	chisq 71.8412 (8 df)

Iteration 10:  55000000 integrand evaluations so far
[1] 94.8793 +- 3.46368  	chisq 89.8994 (9 df)
    94.9 ±    3.5        (1.73mi) ┃     118 ±    8.5        (13.8mi) ┃
┃   68 -    70 ┃   33 -    34 ┃  99.162 ±  0.021        (17.7mi) ┃ -85.427 ±  0.059        (13.1mi) ┃Vegas input parameters:
  ndim 10
  ncomp 1
  nvec 1
  epsrel 0
  epsabs 0
  flags 10
  seed 123456
  mineval 50000000
  maxeval 50000000
  nstart 1000000
  nincrease 1000000
  nbatch 5000
  gridno 0
  statefile ""

Iteration 1:  1000000 integrand evaluations so far
[1] 249.111 +- 218.472  	chisq 0 (0 df)

Iteration 2:  3000000 integrand evaluations so far
[1] 29.121 +- 23.3603  	chisq 1.02567 (1 df)

Iteration 3:  6000000 integrand evaluations so far
[1] 3.64482 +- 15.3514  	chisq 3.11908 (2 df)

Iteration 4:  10000000 integrand evaluations so far
[1] 10.2996 +- 14.1836  	chisq 4.40302 (3 df)

Iteration 5:  15000000 integrand evaluations so far
[1] 5.36506 +- 9.47358  	chisq 4.62155 (4 df)

Iteration 6:  21000000 integrand evaluations so far
[1] 4.31791 +- 9.34702  	chisq 5.08187 (5 df)

Iteration 7:  28000000 integrand evaluations so far
[1] 2.28621 +- 8.69928  	chisq 5.435 (6 df)

Iteration 8:  36000000 integrand evaluations so far
[1] 2.71918 +- 8.63205  	chisq 5.59589 (7 df)

Iteration 9:  45000000 integrand evaluations so far
[1] 0.573812 +- 8.15959  	chisq 6.17604 (8 df)

Iteration 10:  55000000 integrand evaluations so far
[1] 4.20843 +- 7.55651  	chisq 7.56984 (9 df)
     4.2 ±    7.6        (4.67mi) ┃Vegas input parameters:
  ndim 8
  ncomp 1
  nvec 1
  epsrel 0
  epsabs 0
  flags 10
  seed 123456
  mineval 5000000
  maxeval 50000000
  nstart 1000000
  nincrease 1000000
  nbatch 5000
  gridno 0
  statefile ""

Iteration 1:  1000000 integrand evaluations so far
[1] 91.7924 +- 25.1923  	chisq 0 (0 df)

Iteration 2:  3000000 integrand evaluations so far
[1] 26.5713 +- 5.97232  	chisq 7.10168 (1 df)

Iteration 3:  6000000 integrand evaluations so far
[1] 29.0547 +- 5.79207  	chisq 10.0101 (2 df)

Iteration 4:  10000000 integrand evaluations so far
[1] 35.0202 +- 5.29467  	chisq 16.4635 (3 df)

Iteration 5:  15000000 integrand evaluations so far
[1] 42.6768 +- 4.85876  	chisq 29.7091 (4 df)

Iteration 6:  21000000 integrand evaluations so far
[1] 53.9364 +- 4.1989  	chisq 50.9204 (5 df)

Iteration 7:  28000000 integrand evaluations so far
[1] 70.0853 +- 3.12592  	chisq 84.1021 (6 df)

Iteration 8:  36000000 integrand evaluations so far
[1] 81.7267 +- 2.2032  	chisq 111.663 (7 df)

Iteration 9:  45000000 integrand evaluations so far
[1] 87.3659 +- 1.74667  	chisq 129.298 (8 df)

Iteration 10:  55000000 integrand evaluations so far
[1] 88.2931 +- 1.69408  	chisq 134.049 (9 df)
    88.3 ±    1.7        (1.74mi) ┃   106.2 ±    7.7        (37.3mi) ┃
┃   68 -    70 ┃   34 -    35 ┃  93.836 ±  0.056        (9.78mi) ┃ -81.119 ±   0.06        (17.9mi) ┃Vegas input parameters:
  ndim 10
  ncomp 1
  nvec 1
  epsrel 0
  epsabs 0
  flags 10
  seed 123456
  mineval 50000000
  maxeval 50000000
  nstart 1000000
  nincrease 1000000
  nbatch 5000
  gridno 0
  statefile ""

Iteration 1:  1000000 integrand evaluations so far
[1] 35.3088 +- 59.1211  	chisq 0 (0 df)

Iteration 2:  3000000 integrand evaluations so far
[1] -2.68501 +- 51.993  	chisq 1.82257 (1 df)

Iteration 3:  6000000 integrand evaluations so far
[1] -31.724 +- 24.1406  	chisq 2.22024 (2 df)

Iteration 4:  10000000 integrand evaluations so far
[1] -29.4253 +- 20.4676  	chisq 2.25249 (3 df)

Iteration 5:  15000000 integrand evaluations so far
[1] -30.9729 +- 17.866  	chisq 2.27651 (4 df)

Iteration 6:  21000000 integrand evaluations so far
[1] -27.6458 +- 17.6914  	chisq 4.06027 (5 df)

Iteration 7:  28000000 integrand evaluations so far
[1] -28.9766 +- 17.5888  	chisq 4.54926 (6 df)

Iteration 8:  36000000 integrand evaluations so far
[1] -22.4125 +- 16.622  	chisq 5.85197 (7 df)

Iteration 9:  45000000 integrand evaluations so far
[1] -24.0434 +- 16.5631  	chisq 7.21256 (8 df)

Iteration 10:  55000000 integrand evaluations so far
[1] -23.7831 +- 16.5611  	chisq 8.21696 (9 df)
     -24 ±     17        (4.72mi) ┃Vegas input parameters:
  ndim 8
  ncomp 1
  nvec 1
  epsrel 0
  epsabs 0
  flags 10
  seed 123456
  mineval 5000000
  maxeval 50000000
  nstart 1000000
  nincrease 1000000
  nbatch 5000
  gridno 0
  statefile ""

Iteration 1:  1000000 integrand evaluations so far
[1] 68.3711 +- 19.8963  	chisq 0 (0 df)

Iteration 2:  3000000 integrand evaluations so far
[1] 9.26915 +- 3.23998  	chisq 9.06426 (1 df)

Iteration 3:  6000000 integrand evaluations so far
[1] 9.6831 +- 1.87907  	chisq 9.08886 (2 df)

Iteration 4:  10000000 integrand evaluations so far
[1] 9.76314 +- 1.87846  	chisq 11.8627 (3 df)

Iteration 5:  15000000 integrand evaluations so far
[1] 9.80289 +- 1.87832  	chisq 15.013 (4 df)

Iteration 6:  21000000 integrand evaluations so far
[1] 10.9233 +- 1.86085  	chisq 34.2224 (5 df)

Iteration 7:  28000000 integrand evaluations so far
[1] 16.545 +- 1.76091  	chisq 121.542 (6 df)

Iteration 8:  36000000 integrand evaluations so far
[1] 21.2355 +- 1.69719  	chisq 221.377 (7 df)

Iteration 9:  45000000 integrand evaluations so far
[1] 31.8092 +- 1.53979  	chisq 440.82 (8 df)

Iteration 10:  55000000 integrand evaluations so far
[1] 50.0117 +- 1.23147  	chisq 828.599 (9 df)
      50 ±    1.2        (1.73mi) ┃      39 ±     17        (34.1mi) ┃
┃   68 -    70 ┃   35 -    36 ┃ 107.649 ±  0.098        (   20s) ┃ -92.259 ±  0.047        (3.58mi) ┃Vegas input parameters:
  ndim 10
  ncomp 1
  nvec 1
  epsrel 0
  epsabs 0
  flags 10
  seed 123456
  mineval 50000000
  maxeval 50000000
  nstart 1000000
  nincrease 1000000
  nbatch 5000
  gridno 0
  statefile ""

Iteration 1:  1000000 integrand evaluations so far
[1] 344.201 +- 364.463  	chisq 0 (0 df)

Iteration 2:  3000000 integrand evaluations so far
[1] 93.9621 +- 125.889  	chisq 0.535276 (1 df)

Iteration 3:  6000000 integrand evaluations so far
[1] 116.138 +- 101.386  	chisq 0.623581 (2 df)

Iteration 4:  10000000 integrand evaluations so far
[1] 44.7378 +- 42.7954  	chisq 1.22705 (3 df)

Iteration 5:  15000000 integrand evaluations so far
[1] 33.2962 +- 38.1791  	chisq 1.57726 (4 df)

Iteration 6:  21000000 integrand evaluations so far
[1] 30.6996 +- 22.2201  	chisq 1.58425 (5 df)

Iteration 7:  28000000 integrand evaluations so far
[1] 32.825 +- 21.812  	chisq 1.83562 (6 df)

Iteration 8:  36000000 integrand evaluations so far
[1] 26.441 +- 17.7513  	chisq 2.08931 (7 df)

Iteration 9:  45000000 integrand evaluations so far
[1] 25.054 +- 16.4628  	chisq 2.13294 (8 df)

Iteration 10:  55000000 integrand evaluations so far
[1] 12.6738 +- 10.095  	chisq 3.03925 (9 df)
      13 ±     10        (4.76mi) ┃Vegas input parameters:
  ndim 8
  ncomp 1
  nvec 1
  epsrel 0
  epsabs 0
  flags 10
  seed 123456
  mineval 5000000
  maxeval 50000000
  nstart 1000000
  nincrease 1000000
  nbatch 5000
  gridno 0
  statefile ""

Iteration 1:  1000000 integrand evaluations so far
[1] 124.084 +- 28.1307  	chisq 0 (0 df)

Iteration 2:  3000000 integrand evaluations so far
[1] 81.3272 +- 17.3594  	chisq 3.7309 (1 df)

Iteration 3:  6000000 integrand evaluations so far
[1] 34.8328 +- 5.75932  	chisq 11.7917 (2 df)

Iteration 4:  10000000 integrand evaluations so far
[1] 39.3709 +- 5.52329  	chisq 19.5251 (3 df)

Iteration 5:  15000000 integrand evaluations so far
[1] 51.9868 +- 4.60414  	chisq 36.6233 (4 df)

Iteration 6:  21000000 integrand evaluations so far
[1] 56.5481 +- 4.42492  	chisq 49.4804 (5 df)

Iteration 7:  28000000 integrand evaluations so far
[1] 68.546 +- 3.73085  	chisq 74.9103 (6 df)

Iteration 8:  36000000 integrand evaluations so far
[1] 84.2446 +- 2.82323  	chisq 116.34 (7 df)

Iteration 9:  45000000 integrand evaluations so far
[1] 92.3105 +- 1.93575  	chisq 131.744 (8 df)

Iteration 10:  55000000 integrand evaluations so far
[1] 94.1331 +- 1.48689  	chisq 133.906 (9 df)
    94.1 ±    1.5        (1.74mi) ┃     122 ±     10        (10.4mi) ┃
┃   68 -    70 ┃   36 -    37 ┃  83.255 ±  0.037        (5.14mi) ┃ -71.443 ±  0.048        (6.54mi) ┃Vegas input parameters:
  ndim 10
  ncomp 1
  nvec 1
  epsrel 0
  epsabs 0
  flags 10
  seed 123456
  mineval 50000000
  maxeval 50000000
  nstart 1000000
  nincrease 1000000
  nbatch 5000
  gridno 0
  statefile ""

Iteration 1:  1000000 integrand evaluations so far
[1] -11.4638 +- 68.0338  	chisq 0 (0 df)

Iteration 2:  3000000 integrand evaluations so far
[1] -1.26911 +- 66.1513  	chisq 0.411441 (1 df)

Iteration 3:  6000000 integrand evaluations so far
[1] 11.9606 +- 64.5038  	chisq 1.22455 (2 df)

Iteration 4:  10000000 integrand evaluations so far
[1] -22.3169 +- 44.5393  	chisq 1.76426 (3 df)

Iteration 5:  15000000 integrand evaluations so far
[1] 11.4804 +- 30.4147  	chisq 2.84319 (4 df)

Iteration 6:  21000000 integrand evaluations so far
[1] 10.914 +- 17.964  	chisq 2.84372 (5 df)

Iteration 7:  28000000 integrand evaluations so far
[1] 15.2723 +- 17.5248  	chisq 4.06234 (6 df)

Iteration 8:  36000000 integrand evaluations so far
[1] 12.8742 +- 16.922  	chisq 4.3393 (7 df)

Iteration 9:  45000000 integrand evaluations so far
[1] 13.2179 +- 16.0219  	chisq 4.34329 (8 df)

Iteration 10:  55000000 integrand evaluations so far
[1] 9.36402 +- 14.7475  	chisq 4.72204 (9 df)
       9 ±     15        (4.69mi) ┃Vegas input parameters:
  ndim 8
  ncomp 1
  nvec 1
  epsrel 0
  epsabs 0
  flags 10
  seed 123456
  mineval 5000000
  maxeval 50000000
  nstart 1000000
  nincrease 1000000
  nbatch 5000
  gridno 0
  statefile ""

Iteration 1:  1000000 integrand evaluations so far
[1] 100.864 +- 26.2643  	chisq 0 (0 df)

Iteration 2:  3000000 integrand evaluations so far
[1] 15.3075 +- 3.47145  	chisq 10.8002 (1 df)

Iteration 3:  6000000 integrand evaluations so far
[1] 16.3138 +- 3.41821  	chisq 13.5602 (2 df)

Iteration 4:  10000000 integrand evaluations so far
[1] 19.1301 +- 3.21082  	chisq 19.3295 (3 df)

Iteration 5:  15000000 integrand evaluations so far
[1] 22.1331 +- 3.11822  	chisq 34.7178 (4 df)

Iteration 6:  21000000 integrand evaluations so far
[1] 35.0869 +- 2.70827  	chisq 104.969 (5 df)

Iteration 7:  28000000 integrand evaluations so far
[1] 48.7831 +- 2.24651  	chisq 186.959 (6 df)

Iteration 8:  36000000 integrand evaluations so far
[1] 60.4147 +- 1.87099  	chisq 274.46 (7 df)

Iteration 9:  45000000 integrand evaluations so far
[1] 60.8195 +- 1.86348  	chisq 280.301 (8 df)

Iteration 10:  55000000 integrand evaluations so far
[1] 64.4342 +- 1.77268  	chisq 319.875 (9 df)
    64.4 ±    1.8        (1.72mi) ┃      86 ±     15        (18.1mi) ┃
┃   68 -    70 ┃   37 -    38 ┃  79.724 ±  0.071        (9.12mi) ┃  -69.19 ±  0.044        (26.2mi) ┃Vegas input parameters:
  ndim 10
  ncomp 1
  nvec 1
  epsrel 0
  epsabs 0
  flags 10
  seed 123456
  mineval 50000000
  maxeval 50000000
  nstart 1000000
  nincrease 1000000
  nbatch 5000
  gridno 0
  statefile ""

Iteration 1:  1000000 integrand evaluations so far
[1] -1173.57 +- 1143.6  	chisq 0 (0 df)

Iteration 2:  3000000 integrand evaluations so far
[1] 3.11292 +- 12.3869  	chisq 1.05881 (1 df)

Iteration 3:  6000000 integrand evaluations so far
[1] 4.03799 +- 12.208  	chisq 1.25331 (2 df)

Iteration 4:  10000000 integrand evaluations so far
[1] 3.62473 +- 12.0779  	chisq 1.30736 (3 df)

Iteration 5:  15000000 integrand evaluations so far
[1] 5.4956 +- 11.8811  	chisq 2.0497 (4 df)

Iteration 6:  21000000 integrand evaluations so far
[1] 5.02282 +- 11.8753  	chisq 3.67136 (5 df)

Iteration 7:  28000000 integrand evaluations so far
[1] 2.77046 +- 11.2393  	chisq 4.01641 (6 df)

Iteration 8:  36000000 integrand evaluations so far
[1] 4.58591 +- 11.0888  	chisq 4.99768 (7 df)

Iteration 9:  45000000 integrand evaluations so far
[1] 4.71482 +- 11.081  	chisq 5.09374 (8 df)

Iteration 10:  55000000 integrand evaluations so far
[1] 2.94024 +- 10.9212  	chisq 5.98912 (9 df)
       3 ±     11        ( 4.8mi) ┃Vegas input parameters:
  ndim 8
  ncomp 1
  nvec 1
  epsrel 0
  epsabs 0
  flags 10
  seed 123456
  mineval 5000000
  maxeval 50000000
  nstart 1000000
  nincrease 1000000
  nbatch 5000
  gridno 0
  statefile ""

Iteration 1:  1000000 integrand evaluations so far
[1] 86.3462 +- 23.8965  	chisq 0 (0 df)

Iteration 2:  3000000 integrand evaluations so far
[1] 56.8539 +- 16.4105  	chisq 2.8826 (1 df)

Iteration 3:  6000000 integrand evaluations so far
[1] 57.723 +- 16.3779  	chisq 3.58972 (2 df)

Iteration 4:  10000000 integrand evaluations so far
[1] 23.5427 +- 6.90683  	chisq 8.88737 (3 df)

Iteration 5:  15000000 integrand evaluations so far
[1] 24.834 +- 6.87087  	chisq 12.2527 (4 df)

Iteration 6:  21000000 integrand evaluations so far
[1] 25.4905 +- 6.85479  	chisq 14.206 (5 df)

Iteration 7:  28000000 integrand evaluations so far
[1] 28.9548 +- 6.74063  	chisq 21.9388 (6 df)

Iteration 8:  36000000 integrand evaluations so far
[1] 44.0522 +- 5.87543  	chisq 42.8202 (7 df)

Iteration 9:  45000000 integrand evaluations so far
[1] 65.3254 +- 4.25762  	chisq 70.4261 (8 df)

Iteration 10:  55000000 integrand evaluations so far
[1] 77.3752 +- 3.19738  	chisq 88.7959 (9 df)
    77.4 ±    3.2        (1.73mi) ┃      91 ±     11        (41.8mi) ┃
┃   68 -    70 ┃   38 -    39 ┃  97.447 ±  0.087        ( 9.4mi) ┃ -83.746 ±  0.066        (26.2mi) ┃Vegas input parameters:
  ndim 10
  ncomp 1
  nvec 1
  epsrel 0
  epsabs 0
  flags 10
  seed 123456
  mineval 50000000
  maxeval 50000000
  nstart 1000000
  nincrease 1000000
  nbatch 5000
  gridno 0
  statefile ""

Iteration 1:  1000000 integrand evaluations so far
[1] -25.1507 +- 37.2214  	chisq 0 (0 df)

Iteration 2:  3000000 integrand evaluations so far
[1] -40.1315 +- 30.8584  	chisq 0.518065 (1 df)

Iteration 3:  6000000 integrand evaluations so far
[1] -35.5839 +- 30.5657  	chisq 1.66829 (2 df)

Iteration 4:  10000000 integrand evaluations so far
[1] -33.2525 +- 26.5376  	chisq 1.69192 (3 df)

Iteration 5:  15000000 integrand evaluations so far
[1] -33.9156 +- 26.5287  	chisq 2.61779 (4 df)

Iteration 6:  21000000 integrand evaluations so far
[1] 1.92597 +- 8.47501  	chisq 4.6506 (5 df)

Iteration 7:  28000000 integrand evaluations so far
[1] 1.49027 +- 8.26332  	chisq 4.70417 (6 df)

Iteration 8:  36000000 integrand evaluations so far
[1] 2.04114 +- 8.24434  	chisq 5.67267 (7 df)

Iteration 9:  45000000 integrand evaluations so far
[1] -1.96627 +- 7.72683  	chisq 7.61569 (8 df)

Iteration 10:  55000000 integrand evaluations so far
[1] -2.71066 +- 7.66684  	chisq 8.21566 (9 df)
    -2.7 ±    7.7        (4.66mi) ┃Vegas input parameters:
  ndim 8
  ncomp 1
  nvec 1
  epsrel 0
  epsabs 0
  flags 10
  seed 123456
  mineval 5000000
  maxeval 50000000
  nstart 1000000
  nincrease 1000000
  nbatch 5000
  gridno 0
  statefile ""

Iteration 1:  1000000 integrand evaluations so far
[1] 70.1277 +- 21.8351  	chisq 0 (0 df)

Iteration 2:  3000000 integrand evaluations so far
[1] 48.3853 +- 15.2875  	chisq 1.94489 (1 df)

Iteration 3:  6000000 integrand evaluations so far
[1] 46.3985 +- 13.2324  	chisq 2.01224 (2 df)

Iteration 4:  10000000 integrand evaluations so far
[1] 47.3027 +- 10.3816  	chisq 2.02439 (3 df)

Iteration 5:  15000000 integrand evaluations so far
[1] 39.9712 +- 4.54659  	chisq 2.64147 (4 df)

Iteration 6:  21000000 integrand evaluations so far
[1] 39.9894 +- 4.54655  	chisq 3.71158 (5 df)

Iteration 7:  28000000 integrand evaluations so far
[1] 41.2716 +- 4.45216  	chisq 5.64695 (6 df)

Iteration 8:  36000000 integrand evaluations so far
[1] 43.3366 +- 4.37562  	chisq 11.9584 (7 df)

Iteration 9:  45000000 integrand evaluations so far
[1] 54.7763 +- 3.55397  	chisq 32.044 (8 df)

Iteration 10:  55000000 integrand evaluations so far
[1] 58.3302 +- 3.35554  	chisq 41.2565 (9 df)
    58.3 ±    3.4        (1.73mi) ┃    69.3 ±    8.4        (  42mi) ┃
┃   68 -    70 ┃   39 -    40 ┃  87.975 ±   0.04        (9.36mi) ┃ -75.796 ±  0.068        (13.2mi) ┃Vegas input parameters:
  ndim 10
  ncomp 1
  nvec 1
  epsrel 0
  epsabs 0
  flags 10
  seed 123456
  mineval 50000000
  maxeval 50000000
  nstart 1000000
  nincrease 1000000
  nbatch 5000
  gridno 0
  statefile ""

Iteration 1:  1000000 integrand evaluations so far
[1] 14.2419 +- 38.5899  	chisq 0 (0 df)

Iteration 2:  3000000 integrand evaluations so far
[1] -5.18542 +- 34.7747  	chisq 1.34841 (1 df)

Iteration 3:  6000000 integrand evaluations so far
[1] -0.359825 +- 34.3412  	chisq 2.12555 (2 df)

Iteration 4:  10000000 integrand evaluations so far
[1] -10.5335 +- 20.3642  	chisq 2.26092 (3 df)

Iteration 5:  15000000 integrand evaluations so far
[1] 0.88406 +- 18.2427  	chisq 3.85259 (4 df)

Iteration 6:  21000000 integrand evaluations so far
[1] 4.62327 +- 17.9472  	chisq 5.15994 (5 df)

Iteration 7:  28000000 integrand evaluations so far
[1] 5.10562 +- 17.9377  	chisq 5.84475 (6 df)

Iteration 8:  36000000 integrand evaluations so far
[1] 4.60857 +- 17.9241  	chisq 6.34938 (7 df)

Iteration 9:  45000000 integrand evaluations so far
[1] -1.95685 +- 14.7656  	chisq 6.76686 (8 df)

Iteration 10:  55000000 integrand evaluations so far
[1] -3.26511 +- 13.6926  	chisq 6.82291 (9 df)
      -3 ±     14        (4.66mi) ┃Vegas input parameters:
  ndim 8
  ncomp 1
  nvec 1
  epsrel 0
  epsabs 0
  flags 10
  seed 123456
  mineval 5000000
  maxeval 50000000
  nstart 1000000
  nincrease 1000000
  nbatch 5000
  gridno 0
  statefile ""

Iteration 1:  1000000 integrand evaluations so far
[1] 84.9037 +- 23.9206  	chisq 0 (0 df)

Iteration 2:  3000000 integrand evaluations so far
[1] 83.7622 +- 22.0224  	chisq 0.0149399 (1 df)

Iteration 3:  6000000 integrand evaluations so far
[1] 47.547 +- 12.1277  	chisq 3.89633 (2 df)

Iteration 4:  10000000 integrand evaluations so far
[1] 46.7155 +- 8.30494  	chisq 3.90518 (3 df)

Iteration 5:  15000000 integrand evaluations so far
[1] 52.6738 +- 6.26437  	chisq 5.09931 (4 df)

Iteration 6:  21000000 integrand evaluations so far
[1] 63.028 +- 4.49236  	chisq 10.7238 (5 df)

Iteration 7:  28000000 integrand evaluations so far
[1] 68.4233 +- 3.60447  	chisq 14.7729 (6 df)

Iteration 8:  36000000 integrand evaluations so far
[1] 75.7441 +- 2.62586  	chisq 23.563 (7 df)

Iteration 9:  45000000 integrand evaluations so far
[1] 79.0164 +- 1.75564  	chisq 26.3714 (8 df)

Iteration 10:  55000000 integrand evaluations so far
[1] 79.1628 +- 1.74677  	chisq 27.0612 (9 df)
    79.2 ±    1.7        (1.71mi) ┃      88 ±     14        (28.9mi) ┃
┃   68 -    70 ┃   40 -    41 ┃  77.172 ±  0.055        (4.83mi) ┃ -66.744 ±  0.032        (26.3mi) ┃Vegas input parameters:
  ndim 10
  ncomp 1
  nvec 1
  epsrel 0
  epsabs 0
  flags 10
  seed 123456
  mineval 50000000
  maxeval 50000000
  nstart 1000000
  nincrease 1000000
  nbatch 5000
  gridno 0
  statefile ""

Iteration 1:  1000000 integrand evaluations so far
[1] 108.535 +- 61.9826  	chisq 0 (0 df)

Iteration 2:  3000000 integrand evaluations so far
[1] 24.3519 +- 19.8532  	chisq 2.05551 (1 df)

Iteration 3:  6000000 integrand evaluations so far
[1] 22.3259 +- 19.7967  	chisq 3.88717 (2 df)

Iteration 4:  10000000 integrand evaluations so far
[1] 11.9109 +- 18.446  	chisq 5.98711 (3 df)

Iteration 5:  15000000 integrand evaluations so far
[1] 12.089 +- 18.4452  	chisq 7.0529 (4 df)

Iteration 6:  21000000 integrand evaluations so far
[1] 15.3995 +- 15.2015  	chisq 7.15331 (5 df)

Iteration 7:  28000000 integrand evaluations so far
[1] 7.78601 +- 14.7206  	chisq 11.1814 (6 df)

Iteration 8:  36000000 integrand evaluations so far
[1] 7.53486 +- 14.7187  	chisq 12.3019 (7 df)

Iteration 9:  45000000 integrand evaluations so far
[1] 6.33227 +- 13.2197  	chisq 12.3364 (8 df)

Iteration 10:  55000000 integrand evaluations so far
[1] 4.424 +- 12.8136  	chisq 12.6808 (9 df)
       4 ±     13        ( 4.6mi) ┃Vegas input parameters:
  ndim 8
  ncomp 1
  nvec 1
  epsrel 0
  epsabs 0
  flags 10
  seed 123456
  mineval 5000000
  maxeval 50000000
  nstart 1000000
  nincrease 1000000
  nbatch 5000
  gridno 0
  statefile ""

Iteration 1:  1000000 integrand evaluations so far
[1] 60.7001 +- 17.405  	chisq 0 (0 df)

Iteration 2:  3000000 integrand evaluations so far
[1] 29.5864 +- 8.04566  	chisq 4.06404 (1 df)

Iteration 3:  6000000 integrand evaluations so far
[1] 31.4575 +- 7.53425  	chisq 4.50341 (2 df)

Iteration 4:  10000000 integrand evaluations so far
[1] 32.3949 +- 6.99709  	chisq 4.61598 (3 df)

Iteration 5:  15000000 integrand evaluations so far
[1] 36.9352 +- 6.76575  	chisq 11.0906 (4 df)

Iteration 6:  21000000 integrand evaluations so far
[1] 42.1927 +- 6.42653  	chisq 17.2673 (5 df)

Iteration 7:  28000000 integrand evaluations so far
[1] 58.6524 +- 4.82161  	chisq 32.2749 (6 df)

Iteration 8:  36000000 integrand evaluations so far
[1] 72.0822 +- 3.40455  	chisq 47.7472 (7 df)

Iteration 9:  45000000 integrand evaluations so far
[1] 80.7226 +- 2.40794  	chisq 60.6351 (8 df)

Iteration 10:  55000000 integrand evaluations so far
[1] 86.2858 +- 1.70808  	chisq 71.3788 (9 df)
    86.3 ±    1.7        (1.67mi) ┃     101 ±     13        (37.4mi) ┃
┃   68 -    70 ┃   41 -    42 ┃  88.286 ±  0.029        (4.43mi) ┃ -76.053 ±  0.065        (3.38mi) ┃Vegas input parameters:
  ndim 10
  ncomp 1
  nvec 1
  epsrel 0
  epsabs 0
  flags 10
  seed 123456
  mineval 50000000
  maxeval 50000000
  nstart 1000000
  nincrease 1000000
  nbatch 5000
  gridno 0
  statefile ""

Iteration 1:  1000000 integrand evaluations so far
[1] -174.796 +- 143.205  	chisq 0 (0 df)

Iteration 2:  3000000 integrand evaluations so far
[1] -5.76837 +- 25.5352  	chisq 1.4389 (1 df)

Iteration 3:  6000000 integrand evaluations so far
[1] -9.4509 +- 15.5586  	chisq 1.47197 (2 df)

Iteration 4:  10000000 integrand evaluations so far
[1] -11.5989 +- 15.2898  	chisq 2.02846 (3 df)

Iteration 5:  15000000 integrand evaluations so far
[1] -7.92945 +- 14.7644  	chisq 2.88114 (4 df)

Iteration 6:  21000000 integrand evaluations so far
[1] -6.70825 +- 14.6657  	chisq 3.39451 (5 df)

Iteration 7:  28000000 integrand evaluations so far
[1] -9.94472 +- 14.4844  	chisq 5.37653 (6 df)

Iteration 8:  36000000 integrand evaluations so far
[1] -7.70447 +- 13.9093  	chisq 5.68385 (7 df)

Iteration 9:  45000000 integrand evaluations so far
[1] -4.35309 +- 12.7959  	chisq 6.06161 (8 df)

Iteration 10:  55000000 integrand evaluations so far
[1] -4.02706 +- 12.0385  	chisq 6.06726 (9 df)
      -4 ±     12        (4.65mi) ┃Vegas input parameters:
  ndim 8
  ncomp 1
  nvec 1
  epsrel 0
  epsabs 0
  flags 10
  seed 123456
  mineval 5000000
  maxeval 50000000
  nstart 1000000
  nincrease 1000000
  nbatch 5000
  gridno 0
  statefile ""

Iteration 1:  1000000 integrand evaluations so far
[1] 138.564 +- 30.3507  	chisq 0 (0 df)

Iteration 2:  3000000 integrand evaluations so far
[1] 37.4266 +- 7.46636  	chisq 11.8194 (1 df)

Iteration 3:  6000000 integrand evaluations so far
[1] 40.5399 +- 7.0948  	chisq 13.6109 (2 df)

Iteration 4:  10000000 integrand evaluations so far
[1] 47.813 +- 6.45036  	chisq 19.6709 (3 df)

Iteration 5:  15000000 integrand evaluations so far
[1] 48.7654 +- 6.42419  	chisq 22.3623 (4 df)

Iteration 6:  21000000 integrand evaluations so far
[1] 51.9282 +- 6.14975  	chisq 25.2613 (5 df)

Iteration 7:  28000000 integrand evaluations so far
[1] 64.6978 +- 4.91156  	chisq 37.1672 (6 df)

Iteration 8:  36000000 integrand evaluations so far
[1] 65.1729 +- 4.90253  	chisq 39.7137 (7 df)

Iteration 9:  45000000 integrand evaluations so far
[1] 65.4062 +- 4.89814  	chisq 40.9783 (8 df)

Iteration 10:  55000000 integrand evaluations so far
[1] 65.7658 +- 3.82309  	chisq 40.9921 (9 df)
    65.8 ±    3.8        (1.67mi) ┃      74 ±     13        (14.1mi) ┃
┃   68 -    70 ┃   42 -    43 ┃  83.748 ±  0.054        ( 1.2mi) ┃ -71.843 ±  0.034        (1.71mi) ┃Vegas input parameters:
  ndim 10
  ncomp 1
  nvec 1
  epsrel 0
  epsabs 0
  flags 10
  seed 123456
  mineval 50000000
  maxeval 50000000
  nstart 1000000
  nincrease 1000000
  nbatch 5000
  gridno 0
  statefile ""

Iteration 1:  1000000 integrand evaluations so far
[1] 187.821 +- 165.798  	chisq 0 (0 df)

Iteration 2:  3000000 integrand evaluations so far
[1] -59.8354 +- 32.0438  	chisq 2.31779 (1 df)

Iteration 3:  6000000 integrand evaluations so far
[1] -25.6925 +- 23.2606  	chisq 4.71766 (2 df)

Iteration 4:  10000000 integrand evaluations so far
[1] -26.8817 +- 22.8886  	chisq 4.80003 (3 df)

Iteration 5:  15000000 integrand evaluations so far
[1] 0.297863 +- 12.2025  	chisq 6.77003 (4 df)

Iteration 6:  21000000 integrand evaluations so far
[1] -3.93103 +- 11.6698  	chisq 8.17628 (5 df)

Iteration 7:  28000000 integrand evaluations so far
[1] 1.51826 +- 10.4424  	chisq 9.27038 (6 df)

Iteration 8:  36000000 integrand evaluations so far
[1] -1.20138 +- 10.0764  	chisq 10.2554 (7 df)

Iteration 9:  45000000 integrand evaluations so far
[1] -0.532953 +- 10.0446  	chisq 10.9538 (8 df)

Iteration 10:  55000000 integrand evaluations so far
[1] -1.26001 +- 10.0236  	chisq 12.2078 (9 df)
      -1 ±     10        (4.65mi) ┃Vegas input parameters:
  ndim 8
  ncomp 1
  nvec 1
  epsrel 0
  epsabs 0
  flags 10
  seed 123456
  mineval 5000000
  maxeval 50000000
  nstart 1000000
  nincrease 1000000
  nbatch 5000
  gridno 0
  statefile ""

Iteration 1:  1000000 integrand evaluations so far
[1] 93.56 +- 24.4971  	chisq 0 (0 df)

Iteration 2:  3000000 integrand evaluations so far
[1] 54.8912 +- 13.6913  	chisq 3.62355 (1 df)

Iteration 3:  6000000 integrand evaluations so far
[1] 48.205 +- 10.9307  	chisq 4.28126 (2 df)

Iteration 4:  10000000 integrand evaluations so far
[1] 53.4572 +- 9.72436  	chisq 5.38838 (3 df)

Iteration 5:  15000000 integrand evaluations so far
[1] 55.8672 +- 6.77917  	chisq 5.50788 (4 df)

Iteration 6:  21000000 integrand evaluations so far
[1] 63.7216 +- 5.47276  	chisq 9.36211 (5 df)

Iteration 7:  28000000 integrand evaluations so far
[1] 72.3039 +- 3.93462  	chisq 14.4525 (6 df)

Iteration 8:  36000000 integrand evaluations so far
[1] 77.7005 +- 3.07851  	chisq 19.303 (7 df)

Iteration 9:  45000000 integrand evaluations so far
[1] 78.5524 +- 3.04536  	chisq 22.8777 (8 df)

Iteration 10:  55000000 integrand evaluations so far
[1] 82.7566 +- 2.62341  	chisq 30.2674 (9 df)
    82.8 ±    2.6        (1.71mi) ┃      93 ±     10        (9.27mi) ┃
┃   68 -    70 ┃   43 -    44 ┃  81.084 ±  0.033        (2.54mi) ┃ -69.428 ±  0.012        (13.2mi) ┃Vegas input parameters:
  ndim 10
  ncomp 1
  nvec 1
  epsrel 0
  epsabs 0
  flags 10
  seed 123456
  mineval 50000000
  maxeval 50000000
  nstart 1000000
  nincrease 1000000
  nbatch 5000
  gridno 0
  statefile ""

Iteration 1:  1000000 integrand evaluations so far
[1] -63.5266 +- 34.6378  	chisq 0 (0 df)

Iteration 2:  3000000 integrand evaluations so far
[1] -18.3497 +- 26.356  	chisq 4.04036 (1 df)

Iteration 3:  6000000 integrand evaluations so far
[1] -14.6054 +- 21.389  	chisq 4.09948 (2 df)

Iteration 4:  10000000 integrand evaluations so far
[1] -17.4038 +- 21.142  	chisq 4.845 (3 df)

Iteration 5:  15000000 integrand evaluations so far
[1] -12.2627 +- 13.2652  	chisq 4.94253 (4 df)

Iteration 6:  21000000 integrand evaluations so far
[1] -17.4266 +- 11.3439  	chisq 5.50651 (5 df)

Iteration 7:  28000000 integrand evaluations so far
[1] -15.4115 +- 11.2697  	chisq 7.92788 (6 df)

Iteration 8:  36000000 integrand evaluations so far
[1] -14.3024 +- 11.133  	chisq 8.32945 (7 df)

Iteration 9:  45000000 integrand evaluations so far
[1] -9.30154 +- 10.6214  	chisq 10.5768 (8 df)

Iteration 10:  55000000 integrand evaluations so far
[1] -9.18068 +- 10.0247  	chisq 10.578 (9 df)
      -9 ±     10        (4.59mi) ┃Vegas input parameters:
  ndim 8
  ncomp 1
  nvec 1
  epsrel 0
  epsabs 0
  flags 10
  seed 123456
  mineval 5000000
  maxeval 50000000
  nstart 1000000
  nincrease 1000000
  nbatch 5000
  gridno 0
  statefile ""

Iteration 1:  1000000 integrand evaluations so far
[1] 92.1501 +- 24.9213  	chisq 0 (0 df)

Iteration 2:  3000000 integrand evaluations so far
[1] 21.2619 +- 5.60823  	chisq 8.52268 (1 df)

Iteration 3:  6000000 integrand evaluations so far
[1] 24.4434 +- 4.75877  	chisq 9.67211 (2 df)

Iteration 4:  10000000 integrand evaluations so far
[1] 26.7791 +- 4.65764  	chisq 15.4012 (3 df)

Iteration 5:  15000000 integrand evaluations so far
[1] 35.2085 +- 3.56912  	chisq 23.3359 (4 df)

Iteration 6:  21000000 integrand evaluations so far
[1] 41.3861 +- 3.30925  	chisq 44.6854 (5 df)

Iteration 7:  28000000 integrand evaluations so far
[1] 42.3906 +- 3.28199  	chisq 50.3001 (6 df)

Iteration 8:  36000000 integrand evaluations so far
[1] 47.9786 +- 3.05653  	chisq 72.151 (7 df)

Iteration 9:  45000000 integrand evaluations so far
[1] 50.6419 +- 2.96827  	chisq 85.49 (8 df)

Iteration 10:  55000000 integrand evaluations so far
[1] 59.3925 +- 2.49063  	chisq 114.857 (9 df)
    59.4 ±    2.5        (1.66mi) ┃      62 ±     10        (  22mi) ┃
┃   68 -    70 ┃   44 -    45 ┃  74.872 ±  0.039        ( 8.8mi) ┃ -64.444 ±  0.025        (51.5mi) ┃Vegas input parameters:
  ndim 10
  ncomp 1
  nvec 1
  epsrel 0
  epsabs 0
  flags 10
  seed 123456
  mineval 50000000
  maxeval 50000000
  nstart 1000000
  nincrease 1000000
  nbatch 5000
  gridno 0
  statefile ""

Iteration 1:  1000000 integrand evaluations so far
[1] -2.90934 +- 55.6085  	chisq 0 (0 df)

Iteration 2:  3000000 integrand evaluations so far
[1] -24.2244 +- 24.2415  	chisq 0.181396 (1 df)

Iteration 3:  6000000 integrand evaluations so far
[1] -13.2154 +- 17.5572  	chisq 0.615184 (2 df)

Iteration 4:  10000000 integrand evaluations so far
[1] -14.2161 +- 17.5236  	chisq 1.46351 (3 df)

Iteration 5:  15000000 integrand evaluations so far
[1] 0.598198 +- 13.4654  	chisq 3.20863 (4 df)

Iteration 6:  21000000 integrand evaluations so far
[1] -2.5037 +- 12.7286  	chisq 3.70715 (5 df)

Iteration 7:  28000000 integrand evaluations so far
[1] -0.684905 +- 12.6156  	chisq 4.86241 (6 df)

Iteration 8:  36000000 integrand evaluations so far
[1] -3.30676 +- 7.54421  	chisq 4.92965 (7 df)

Iteration 9:  45000000 integrand evaluations so far
[1] -5.27531 +- 7.29047  	chisq 5.9591 (8 df)

Iteration 10:  55000000 integrand evaluations so far
[1] -2.51084 +- 7.13122  	chisq 9.28683 (9 df)
    -2.5 ±    7.1        (4.54mi) ┃Vegas input parameters:
  ndim 8
  ncomp 1
  nvec 1
  epsrel 0
  epsabs 0
  flags 10
  seed 123456
  mineval 5000000
  maxeval 50000000
  nstart 1000000
  nincrease 1000000
  nbatch 5000
  gridno 0
  statefile ""

Iteration 1:  1000000 integrand evaluations so far
[1] 117.81 +- 28.135  	chisq 0 (0 df)

Iteration 2:  3000000 integrand evaluations so far
[1] 20.6149 +- 3.54934  	chisq 12.1271 (1 df)

Iteration 3:  6000000 integrand evaluations so far
[1] 20.9396 +- 3.54268  	chisq 14.3595 (2 df)

Iteration 4:  10000000 integrand evaluations so far
[1] 21.8234 +- 3.51855  	chisq 18.9429 (3 df)

Iteration 5:  15000000 integrand evaluations so far
[1] 29.8628 +- 3.01661  	chisq 38.6463 (4 df)

Iteration 6:  21000000 integrand evaluations so far
[1] 30.1035 +- 3.01287  	chisq 41.2148 (5 df)

Iteration 7:  28000000 integrand evaluations so far
[1] 32.3054 +- 2.95899  	chisq 56.2841 (6 df)

Iteration 8:  36000000 integrand evaluations so far
[1] 34.8934 +- 2.89655  	chisq 74.6004 (7 df)

Iteration 9:  45000000 integrand evaluations so far
[1] 43.4943 +- 2.6743  	chisq 134.35 (8 df)

Iteration 10:  55000000 integrand evaluations so far
[1] 54.7782 +- 2.33833  	chisq 209.954 (9 df)
    54.8 ±    2.3        (1.66mi) ┃    62.7 ±    7.5        (1.11hr) ┃
┃   68 -    70 ┃   45 -    46 ┃  94.637 ±  0.017        (8.85mi) ┃  -81.26 ±  0.048        ( 53.1s) ┃Vegas input parameters:
  ndim 10
  ncomp 1
  nvec 1
  epsrel 0
  epsabs 0
  flags 10
  seed 123456
  mineval 50000000
  maxeval 50000000
  nstart 1000000
  nincrease 1000000
  nbatch 5000
  gridno 0
  statefile ""

Iteration 1:  1000000 integrand evaluations so far
[1] -60.6765 +- 39.7222  	chisq 0 (0 df)

Iteration 2:  3000000 integrand evaluations so far
[1] -38.4101 +- 29.0165  	chisq 0.673727 (1 df)

Iteration 3:  6000000 integrand evaluations so far
[1] 0.201435 +- 19.9957  	chisq 4.0457 (2 df)

Iteration 4:  10000000 integrand evaluations so far
[1] -2.09172 +- 19.6214  	chisq 4.40033 (3 df)

Iteration 5:  15000000 integrand evaluations so far
[1] -2.32573 +- 19.1791  	chisq 4.40352 (4 df)

Iteration 6:  21000000 integrand evaluations so far
[1] -14.6474 +- 17.1844  	chisq 6.49663 (5 df)

Iteration 7:  28000000 integrand evaluations so far
[1] -17.0738 +- 16.791  	chisq 6.93709 (6 df)

Iteration 8:  36000000 integrand evaluations so far
[1] -16.2217 +- 16.7577  	chisq 7.58754 (7 df)

Iteration 9:  45000000 integrand evaluations so far
[1] -10.4577 +- 11.5607  	chisq 7.81328 (8 df)

Iteration 10:  55000000 integrand evaluations so far
[1] -9.50389 +- 11.3057  	chisq 7.96933 (9 df)
     -10 ±     11        (4.37mi) ┃Vegas input parameters:
  ndim 8
  ncomp 1
  nvec 1
  epsrel 0
  epsabs 0
  flags 10
  seed 123456
  mineval 5000000
  maxeval 50000000
  nstart 1000000
  nincrease 1000000
  nbatch 5000
  gridno 0
  statefile ""

Iteration 1:  1000000 integrand evaluations so far
[1] 56.3895 +- 16.8229  	chisq 0 (0 df)

Iteration 2:  3000000 integrand evaluations so far
[1] 41.0202 +- 11.4055  	chisq 1.54463 (1 df)

Iteration 3:  6000000 integrand evaluations so far
[1] 21.8918 +- 5.25096  	chisq 5.11393 (2 df)

Iteration 4:  10000000 integrand evaluations so far
[1] 22.1558 +- 5.24452  	chisq 6.1453 (3 df)

Iteration 5:  15000000 integrand evaluations so far
[1] 22.6017 +- 5.233  	chisq 7.79184 (4 df)

Iteration 6:  21000000 integrand evaluations so far
[1] 22.8264 +- 5.22988  	chisq 9.34182 (5 df)

Iteration 7:  28000000 integrand evaluations so far
[1] 24.0768 +- 5.18105  	chisq 12.4174 (6 df)

Iteration 8:  36000000 integrand evaluations so far
[1] 31.0982 +- 4.76699  	chisq 24.3857 (7 df)

Iteration 9:  45000000 integrand evaluations so far
[1] 33.9234 +- 4.64896  	chisq 31.5685 (8 df)

Iteration 10:  55000000 integrand evaluations so far
[1] 45.2595 +- 4.03618  	chisq 55.7142 (9 df)
    45.3 ±      4        (1.62mi) ┃      49 ±     12        (15.7mi) ┃
┃   68 -    70 ┃   46 -    47 ┃  73.003 ±  0.063        (4.67mi) ┃ -62.776 ±  0.031        (50.2mi) ┃Vegas input parameters:
  ndim 10
  ncomp 1
  nvec 1
  epsrel 0
  epsabs 0
  flags 10
  seed 123456
  mineval 50000000
  maxeval 50000000
  nstart 1000000
  nincrease 1000000
  nbatch 5000
  gridno 0
  statefile ""

Iteration 1:  1000000 integrand evaluations so far
[1] -96.4631 +- 125.779  	chisq 0 (0 df)

Iteration 2:  3000000 integrand evaluations so far
[1] 2.04857 +- 18.4286  	chisq 0.626878 (1 df)

Iteration 3:  6000000 integrand evaluations so far
[1] -1.50516 +- 15.8121  	chisq 0.767837 (2 df)

Iteration 4:  10000000 integrand evaluations so far
[1] -1.24544 +- 15.166  	chisq 0.771208 (3 df)

Iteration 5:  15000000 integrand evaluations so far
[1] -9.0417 +- 13.3658  	chisq 1.95456 (4 df)

Iteration 6:  21000000 integrand evaluations so far
[1] -0.558508 +- 11.8714  	chisq 3.86275 (5 df)

Iteration 7:  28000000 integrand evaluations so far
[1] -0.0239553 +- 11.8601  	chisq 4.92515 (6 df)

Iteration 8:  36000000 integrand evaluations so far
[1] -1.08439 +- 11.1691  	chisq 4.99581 (7 df)

Iteration 9:  45000000 integrand evaluations so far
[1] -1.68113 +- 11.154  	chisq 6.05723 (8 df)

Iteration 10:  55000000 integrand evaluations so far
[1] -1.3148 +- 9.83311  	chisq 6.06207 (9 df)
    -1.3 ±    9.8        (4.32mi) ┃Vegas input parameters:
  ndim 8
  ncomp 1
  nvec 1
  epsrel 0
  epsabs 0
  flags 10
  seed 123456
  mineval 5000000
  maxeval 50000000
  nstart 1000000
  nincrease 1000000
  nbatch 5000
  gridno 0
  statefile ""

Iteration 1:  1000000 integrand evaluations so far
[1] 125.057 +- 29.212  	chisq 0 (0 df)

Iteration 2:  3000000 integrand evaluations so far
[1] 23.886 +- 4.36952  	chisq 12.2692 (1 df)

Iteration 3:  6000000 integrand evaluations so far
[1] 27.445 +- 3.87446  	chisq 15.3728 (2 df)

Iteration 4:  10000000 integrand evaluations so far
[1] 33.3567 +- 3.44446  	chisq 26.4775 (3 df)

Iteration 5:  15000000 integrand evaluations so far
[1] 34.903 +- 3.3913  	chisq 33.058 (4 df)

Iteration 6:  21000000 integrand evaluations so far
[1] 46.6452 +- 2.50208  	chisq 59.3682 (5 df)

Iteration 7:  28000000 integrand evaluations so far
[1] 56.4433 +- 1.68631  	chisq 87.4659 (6 df)

Iteration 8:  36000000 integrand evaluations so far
[1] 62.0396 +- 1.09148  	chisq 106.42 (7 df)

Iteration 9:  45000000 integrand evaluations so far
[1] 63.8111 +- 0.797333  	chisq 112.069 (8 df)

Iteration 10:  55000000 integrand evaluations so far
[1] 63.8142 +- 0.797327  	chisq 113.099 (9 df)
   63.81 ±    0.8        (1.64mi) ┃    72.7 ±    9.9        (1.01hr) ┃
┃   68 -    70 ┃   47 -    48 ┃  65.238 ±  0.057        (2.37mi) ┃ -55.764 ±  0.028        (3.15mi) ┃Vegas input parameters:
  ndim 10
  ncomp 1
  nvec 1
  epsrel 0
  epsabs 0
  flags 10
  seed 123456
  mineval 50000000
  maxeval 50000000
  nstart 1000000
  nincrease 1000000
  nbatch 5000
  gridno 0
  statefile ""

Iteration 1:  1000000 integrand evaluations so far
[1] -141.012 +- 220.26  	chisq 0 (0 df)

Iteration 2:  3000000 integrand evaluations so far
[1] -11.0914 +- 20.5334  	chisq 0.350976 (1 df)

Iteration 3:  6000000 integrand evaluations so far
[1] -24.757 +- 16.676  	chisq 1.6521 (2 df)

Iteration 4:  10000000 integrand evaluations so far
[1] -20.6689 +- 13.8421  	chisq 1.84534 (3 df)

Iteration 5:  15000000 integrand evaluations so far
[1] -20.8286 +- 13.8412  	chisq 2.91663 (4 df)

Iteration 6:  21000000 integrand evaluations so far
[1] -18.795 +- 13.7464  	chisq 4.49699 (5 df)

Iteration 7:  28000000 integrand evaluations so far
[1] -19.9334 +- 13.7126  	chisq 5.89355 (6 df)

Iteration 8:  36000000 integrand evaluations so far
[1] -8.42746 +- 8.89854  	chisq 7.10977 (7 df)

Iteration 9:  45000000 integrand evaluations so far
[1] -7.06794 +- 8.75533  	chisq 7.84083 (8 df)

Iteration 10:  55000000 integrand evaluations so far
[1] -10.8556 +- 7.58608  	chisq 8.59167 (9 df)
   -10.9 ±    7.6        (4.37mi) ┃Vegas input parameters:
  ndim 8
  ncomp 1
  nvec 1
  epsrel 0
  epsabs 0
  flags 10
  seed 123456
  mineval 5000000
  maxeval 50000000
  nstart 1000000
  nincrease 1000000
  nbatch 5000
  gridno 0
  statefile ""

Iteration 1:  1000000 integrand evaluations so far
[1] 173.863 +- 35.517  	chisq 0 (0 df)

Iteration 2:  3000000 integrand evaluations so far
[1] 76.8421 +- 14.2602  	chisq 8.89625 (1 df)

Iteration 3:  6000000 integrand evaluations so far
[1] 79.1518 +- 13.2084  	chisq 9.08089 (2 df)

Iteration 4:  10000000 integrand evaluations so far
[1] 80.2131 +- 10.8873  	chisq 9.10103 (3 df)

Iteration 5:  15000000 integrand evaluations so far
[1] 56.1727 +- 5.03964  	chisq 15.3064 (4 df)

Iteration 6:  21000000 integrand evaluations so far
[1] 57.0498 +- 5.00382  	chisq 17.445 (5 df)

Iteration 7:  28000000 integrand evaluations so far
[1] 60.4936 +- 4.82137  	chisq 24.0608 (6 df)

Iteration 8:  36000000 integrand evaluations so far
[1] 65.7582 +- 3.91458  	chisq 27.5596 (7 df)

Iteration 9:  45000000 integrand evaluations so far
[1] 68.4465 +- 3.653  	chisq 31.2104 (8 df)

Iteration 10:  55000000 integrand evaluations so far
[1] 70.11 +- 2.43052  	chisq 31.5825 (9 df)
    70.1 ±    2.4        (1.59mi) ┃    68.7 ±      8        (11.5mi) ┃
┃   68 -    70 ┃   48 -    49 ┃   74.44 ±   0.03        (8.36mi) ┃   -64.7 ±  0.038        (24.8mi) ┃Vegas input parameters:
  ndim 10
  ncomp 1
  nvec 1
  epsrel 0
  epsabs 0
  flags 10
  seed 123456
  mineval 50000000
  maxeval 50000000
  nstart 1000000
  nincrease 1000000
  nbatch 5000
  gridno 0
  statefile ""

Iteration 1:  1000000 integrand evaluations so far
[1] 7.68103 +- 22.3886  	chisq 0 (0 df)

Iteration 2:  3000000 integrand evaluations so far
[1] 1.58053 +- 14.9665  	chisq 0.134232 (1 df)

Iteration 3:  6000000 integrand evaluations so far
[1] 2.15672 +- 14.9596  	chisq 1.74499 (2 df)

Iteration 4:  10000000 integrand evaluations so far
[1] 4.75487 +- 13.5253  	chisq 1.91021 (3 df)

Iteration 5:  15000000 integrand evaluations so far
[1] 8.78363 +- 13.1447  	chisq 3.50908 (4 df)

Iteration 6:  21000000 integrand evaluations so far
[1] 11.0605 +- 13.0652  	chisq 5.99643 (5 df)

Iteration 7:  28000000 integrand evaluations so far
[1] 7.04019 +- 11.7434  	chisq 6.48932 (6 df)

Iteration 8:  36000000 integrand evaluations so far
[1] 1.783 +- 10.5261  	chisq 7.50888 (7 df)

Iteration 9:  45000000 integrand evaluations so far
[1] 1.3446 +- 10.5175  	chisq 8.57674 (8 df)

Iteration 10:  55000000 integrand evaluations so far
[1] 3.30343 +- 9.0212  	chisq 8.70798 (9 df)
     3.3 ±      9        (4.29mi) ┃Vegas input parameters:
  ndim 8
  ncomp 1
  nvec 1
  epsrel 0
  epsabs 0
  flags 10
  seed 123456
  mineval 5000000
  maxeval 50000000
  nstart 1000000
  nincrease 1000000
  nbatch 5000
  gridno 0
  statefile ""

Iteration 1:  1000000 integrand evaluations so far
[1] 50.2725 +- 16.2473  	chisq 0 (0 df)

Iteration 2:  3000000 integrand evaluations so far
[1] 2.84574 +- 0.801439  	chisq 8.54167 (1 df)

Iteration 3:  6000000 integrand evaluations so far
[1] 2.91596 +- 0.800283  	chisq 11.2048 (2 df)

Iteration 4:  10000000 integrand evaluations so far
[1] 3.17905 +- 0.795829  	chisq 20.9416 (3 df)

Iteration 5:  15000000 integrand evaluations so far
[1] 3.27697 +- 0.795091  	chisq 29.1024 (4 df)

Iteration 6:  21000000 integrand evaluations so far
[1] 3.40455 +- 0.794201  	chisq 40.6178 (5 df)

Iteration 7:  28000000 integrand evaluations so far
[1] 3.50886 +- 0.793765  	chisq 56.3319 (6 df)

Iteration 8:  36000000 integrand evaluations so far
[1] 4.62979 +- 0.78718  	chisq 177.021 (7 df)

Iteration 9:  45000000 integrand evaluations so far
[1] 4.93418 +- 0.78556  	chisq 213.397 (8 df)

Iteration 10:  55000000 integrand evaluations so far
[1] 5.08207 +- 0.784795  	chisq 231.601 (9 df)
    5.08 ±   0.78        (1.59mi) ┃    18.1 ±    9.1        (39.1mi) ┃
┃   68 -    70 ┃   49 -    50 ┃  88.601 ±   0.05        (7.94mi) ┃ -76.092 ±  0.033        (11.9mi) ┃Vegas input parameters:
  ndim 10
  ncomp 1
  nvec 1
  epsrel 0
  epsabs 0
  flags 10
  seed 123456
  mineval 50000000
  maxeval 50000000
  nstart 1000000
  nincrease 1000000
  nbatch 5000
  gridno 0
  statefile ""

Iteration 1:  1000000 integrand evaluations so far
[1] 155.788 +- 155.65  	chisq 0 (0 df)

Iteration 2:  3000000 integrand evaluations so far
[1] -33.6442 +- 35.47  	chisq 1.56231 (1 df)

Iteration 3:  6000000 integrand evaluations so far
[1] -16.3552 +- 31.7084  	chisq 2.74521 (2 df)

Iteration 4:  10000000 integrand evaluations so far
[1] -0.527005 +- 28.7303  	chisq 4.13712 (3 df)

Iteration 5:  15000000 integrand evaluations so far
[1] 1.473 +- 28.6844  	chisq 5.65443 (4 df)

Iteration 6:  21000000 integrand evaluations so far
[1] 5.28232 +- 9.62609  	chisq 5.6743 (5 df)

Iteration 7:  28000000 integrand evaluations so far
[1] 5.07348 +- 9.62337  	chisq 6.5069 (6 df)

Iteration 8:  36000000 integrand evaluations so far
[1] 4.48746 +- 8.93426  	chisq 6.53375 (7 df)

Iteration 9:  45000000 integrand evaluations so far
[1] 4.92428 +- 8.92663  	chisq 7.93275 (8 df)

Iteration 10:  55000000 integrand evaluations so far
[1] 3.8445 +- 7.81947  	chisq 7.99563 (9 df)
     3.8 ±    7.8        (4.31mi) ┃Vegas input parameters:
  ndim 8
  ncomp 1
  nvec 1
  epsrel 0
  epsabs 0
  flags 10
  seed 123456
  mineval 5000000
  maxeval 50000000
  nstart 1000000
  nincrease 1000000
  nbatch 5000
  gridno 0
  statefile ""

Iteration 1:  1000000 integrand evaluations so far
[1] 67.9997 +- 18.8773  	chisq 0 (0 df)

Iteration 2:  3000000 integrand evaluations so far
[1] 13.1849 +- 3.62231  	chisq 8.75406 (1 df)

Iteration 3:  6000000 integrand evaluations so far
[1] 13.5253 +- 3.61325  	chisq 10.5198 (2 df)

Iteration 4:  10000000 integrand evaluations so far
[1] 13.5348 +- 3.61323  	chisq 11.5321 (3 df)

Iteration 5:  15000000 integrand evaluations so far
[1] 16.4087 +- 2.833  	chisq 13.1742 (4 df)

Iteration 6:  21000000 integrand evaluations so far
[1] 19.434 +- 2.68499  	chisq 24.3803 (5 df)

Iteration 7:  28000000 integrand evaluations so far
[1] 22.1592 +- 2.60257  	chisq 41.4221 (6 df)

Iteration 8:  36000000 integrand evaluations so far
[1] 30.6948 +- 2.28952  	chisq 88.9949 (7 df)

Iteration 9:  45000000 integrand evaluations so far
[1] 35.2901 +- 2.16343  	chisq 126.606 (8 df)

Iteration 10:  55000000 integrand evaluations so far
[1] 42.2869 +- 1.96349  	chisq 185.935 (9 df)
    42.3 ±      2        (1.58mi) ┃    58.6 ±    8.1        (25.7mi) ┃
┃   68 -    70 ┃   50 -    51 ┃  63.805 ±  0.043        (4.44mi) ┃ -54.666 ±   0.05        (6.46mi) ┃Vegas input parameters:
  ndim 10
  ncomp 1
  nvec 1
  epsrel 0
  epsabs 0
  flags 10
  seed 123456
  mineval 50000000
  maxeval 50000000
  nstart 1000000
  nincrease 1000000
  nbatch 5000
  gridno 0
  statefile ""

Iteration 1:  1000000 integrand evaluations so far
[1] -128.641 +- 140.579  	chisq 0 (0 df)

Iteration 2:  3000000 integrand evaluations so far
[1] -60.198 +- 128.475  	chisq 1.43835 (1 df)

Iteration 3:  6000000 integrand evaluations so far
[1] -18.2994 +- 13.7909  	chisq 1.54594 (2 df)

Iteration 4:  10000000 integrand evaluations so far
[1] -16.5618 +- 13.6781  	chisq 2.52011 (3 df)

Iteration 5:  15000000 integrand evaluations so far
[1] -10.0229 +- 11.8327  	chisq 3.42833 (4 df)

Iteration 6:  21000000 integrand evaluations so far
[1] -2.59805 +- 10.5552  	chisq 5.35597 (5 df)

Iteration 7:  28000000 integrand evaluations so far
[1] -1.04967 +- 10.1358  	chisq 5.63221 (6 df)

Iteration 8:  36000000 integrand evaluations so far
[1] -3.09059 +- 9.95754  	chisq 6.79513 (7 df)

Iteration 9:  45000000 integrand evaluations so far
[1] -4.35025 +- 9.8099  	chisq 7.33883 (8 df)

Iteration 10:  55000000 integrand evaluations so far
[1] -3.57954 +- 9.78416  	chisq 8.51633 (9 df)
    -3.6 ±    9.8        (4.41mi) ┃Vegas input parameters:
  ndim 8
  ncomp 1
  nvec 1
  epsrel 0
  epsabs 0
  flags 10
  seed 123456
  mineval 5000000
  maxeval 50000000
  nstart 1000000
  nincrease 1000000
  nbatch 5000
  gridno 0
  statefile ""

Iteration 1:  1000000 integrand evaluations so far
[1] 116.93 +- 29.1447  	chisq 0 (0 df)

Iteration 2:  3000000 integrand evaluations so far
[1] 69.7661 +- 18.2184  	chisq 4.29834 (1 df)

Iteration 3:  6000000 integrand evaluations so far
[1] 28.8711 +- 5.8873  	chisq 9.92461 (2 df)

Iteration 4:  10000000 integrand evaluations so far
[1] 30.6378 +- 5.74767  	chisq 11.8457 (3 df)

Iteration 5:  15000000 integrand evaluations so far
[1] 34.3455 +- 5.16281  	chisq 14.0001 (4 df)

Iteration 6:  21000000 integrand evaluations so far
[1] 36.7435 +- 5.04502  	chisq 18.7827 (5 df)

Iteration 7:  28000000 integrand evaluations so far
[1] 43.6265 +- 4.53321  	chisq 28.4469 (6 df)

Iteration 8:  36000000 integrand evaluations so far
[1] 50.4737 +- 3.36309  	chisq 33.521 (7 df)

Iteration 9:  45000000 integrand evaluations so far
[1] 51.479 +- 3.3002  	chisq 35.9329 (8 df)

Iteration 10:  55000000 integrand evaluations so far
[1] 53.4186 +- 3.15506  	chisq 39.9484 (9 df)
    53.4 ±    3.2        ( 1.6mi) ┃      59 ±     10        (16.9mi) ┃
┃   68 -    70 ┃   51 -    52 ┃  67.839 ±  0.013        (8.43mi) ┃ -58.565 ±  0.057        (12.3mi) ┃Vegas input parameters:
  ndim 10
  ncomp 1
  nvec 1
  epsrel 0
  epsabs 0
  flags 10
  seed 123456
  mineval 50000000
  maxeval 50000000
  nstart 1000000
  nincrease 1000000
  nbatch 5000
  gridno 0
  statefile ""

Iteration 1:  1000000 integrand evaluations so far
[1] 25.8628 +- 32.8772  	chisq 0 (0 df)

Iteration 2:  3000000 integrand evaluations so far
[1] 16.3719 +- 25.2841  	chisq 0.203966 (1 df)

Iteration 3:  6000000 integrand evaluations so far
[1] -16.6513 +- 12.6055  	chisq 2.47409 (2 df)

Iteration 4:  10000000 integrand evaluations so far
[1] -19.8642 +- 12.3273  	chisq 3.96229 (3 df)

Iteration 5:  15000000 integrand evaluations so far
[1] -23.3639 +- 12.0633  	chisq 5.86403 (4 df)

Iteration 6:  21000000 integrand evaluations so far
[1] -23.5339 +- 12.0621  	chisq 6.90965 (5 df)

Iteration 7:  28000000 integrand evaluations so far
[1] -24.6143 +- 12.0122  	chisq 7.88079 (6 df)

Iteration 8:  36000000 integrand evaluations so far
[1] -24.9389 +- 12.0055  	chisq 8.53174 (7 df)

Iteration 9:  45000000 integrand evaluations so far
[1] -26.0379 +- 11.2279  	chisq 8.59859 (8 df)

Iteration 10:  55000000 integrand evaluations so far
[1] -26.4839 +- 11.1826  	chisq 8.7948 (9 df)
     -26 ±     11        (4.32mi) ┃Vegas input parameters:
  ndim 8
  ncomp 1
  nvec 1
  epsrel 0
  epsabs 0
  flags 10
  seed 123456
  mineval 5000000
  maxeval 50000000
  nstart 1000000
  nincrease 1000000
  nbatch 5000
  gridno 0
  statefile ""

Iteration 1:  1000000 integrand evaluations so far
[1] 84.4612 +- 23.5931  	chisq 0 (0 df)

Iteration 2:  3000000 integrand evaluations so far
[1] 28.352 +- 7.52851  	chisq 6.29703 (1 df)

Iteration 3:  6000000 integrand evaluations so far
[1] 14.6602 +- 2.75819  	chisq 10.1173 (2 df)

Iteration 4:  10000000 integrand evaluations so far
[1] 16.224 +- 2.7071  	chisq 18.8771 (3 df)

Iteration 5:  15000000 integrand evaluations so far
[1] 22.7853 +- 2.37115  	chisq 44.1117 (4 df)

Iteration 6:  21000000 integrand evaluations so far
[1] 27.3844 +- 2.19  	chisq 69.7095 (5 df)

Iteration 7:  28000000 integrand evaluations so far
[1] 27.4762 +- 2.18918  	chisq 72.0556 (6 df)

Iteration 8:  36000000 integrand evaluations so far
[1] 31.8778 +- 2.04316  	chisq 103.407 (7 df)

Iteration 9:  45000000 integrand evaluations so far
[1] 36.0823 +- 1.93743  	chisq 145.41 (8 df)

Iteration 10:  55000000 integrand evaluations so far
[1] 43.619 +- 1.70147  	chisq 211.563 (9 df)
    43.6 ±    1.7        (1.56mi) ┃      26 ±     11        (26.6mi) ┃
┃   68 -    70 ┃   52 -    53 ┃  72.962 ±  0.013        (2.24mi) ┃ -63.094 ±  0.043        (12.1mi) ┃Vegas input parameters:
  ndim 10
  ncomp 1
  nvec 1
  epsrel 0
  epsabs 0
  flags 10
  seed 123456
  mineval 50000000
  maxeval 50000000
  nstart 1000000
  nincrease 1000000
  nbatch 5000
  gridno 0
  statefile ""

Iteration 1:  1000000 integrand evaluations so far
[1] -11.5593 +- 22.5044  	chisq 0 (0 df)

Iteration 2:  3000000 integrand evaluations so far
[1] -15.1452 +- 22.1642  	chisq 0.846199 (1 df)

Iteration 3:  6000000 integrand evaluations so far
[1] -20.8881 +- 19.4292  	chisq 1.13613 (2 df)

Iteration 4:  10000000 integrand evaluations so far
[1] -21.5582 +- 19.2754  	chisq 1.21154 (3 df)

Iteration 5:  15000000 integrand evaluations so far
[1] -16.9754 +- 7.76429  	chisq 1.27902 (4 df)

Iteration 6:  21000000 integrand evaluations so far
[1] -12.9497 +- 7.45151  	chisq 4.68437 (5 df)

Iteration 7:  28000000 integrand evaluations so far
[1] -12.6763 +- 7.44186  	chisq 5.20413 (6 df)

Iteration 8:  36000000 integrand evaluations so far
[1] -8.63617 +- 6.66578  	chisq 6.69497 (7 df)

Iteration 9:  45000000 integrand evaluations so far
[1] -7.97649 +- 6.62916  	chisq 7.58878 (8 df)

Iteration 10:  55000000 integrand evaluations so far
[1] -6.48703 +- 6.32577  	chisq 8.15325 (9 df)
    -6.5 ±    6.3        (4.36mi) ┃Vegas input parameters:
  ndim 8
  ncomp 1
  nvec 1
  epsrel 0
  epsabs 0
  flags 10
  seed 123456
  mineval 5000000
  maxeval 50000000
  nstart 1000000
  nincrease 1000000
  nbatch 5000
  gridno 0
  statefile ""

Iteration 1:  1000000 integrand evaluations so far
[1] 70.8111 +- 19.9091  	chisq 0 (0 df)

Iteration 2:  3000000 integrand evaluations so far
[1] 34.4718 +- 9.09797  	chisq 4.21095 (1 df)

Iteration 3:  6000000 integrand evaluations so far
[1] 37.2188 +- 8.70638  	chisq 5.2933 (2 df)

Iteration 4:  10000000 integrand evaluations so far
[1] 38.2407 +- 8.65083  	chisq 6.37627 (3 df)

Iteration 5:  15000000 integrand evaluations so far
[1] 42.6629 +- 7.25673  	chisq 7.25813 (4 df)

Iteration 6:  21000000 integrand evaluations so far
[1] 47.772 +- 6.69744  	chisq 10.6026 (5 df)

Iteration 7:  28000000 integrand evaluations so far
[1] 50.8965 +- 6.00071  	chisq 11.7061 (6 df)

Iteration 8:  36000000 integrand evaluations so far
[1] 53.2143 +- 5.78829  	chisq 13.8513 (7 df)

Iteration 9:  45000000 integrand evaluations so far
[1] 51.7404 +- 2.72896  	chisq 13.9346 (8 df)

Iteration 10:  55000000 integrand evaluations so far
[1] 51.7537 +- 2.72892  	chisq 14.9898 (9 df)
    51.8 ±    2.7        (1.61mi) ┃    55.1 ±    6.9        (20.3mi) ┃
┃   68 -    70 ┃   53 -    54 ┃  71.524 ±  0.066        (4.14mi) ┃ -62.056 ±  0.058        ( 44.9s) ┃Vegas input parameters:
  ndim 10
  ncomp 1
  nvec 1
  epsrel 0
  epsabs 0
  flags 10
  seed 123456
  mineval 50000000
  maxeval 50000000
  nstart 1000000
  nincrease 1000000
  nbatch 5000
  gridno 0
  statefile ""

Iteration 1:  1000000 integrand evaluations so far
[1] -28.655 +- 33.7613  	chisq 0 (0 df)

Iteration 2:  3000000 integrand evaluations so far
[1] -31.8453 +- 31.6008  	chisq 0.0720729 (1 df)

Iteration 3:  6000000 integrand evaluations so far
[1] -22.1714 +- 24.2914  	chisq 0.301142 (2 df)

Iteration 4:  10000000 integrand evaluations so far
[1] -13.6439 +- 22.2104  	chisq 1.05259 (3 df)

Iteration 5:  15000000 integrand evaluations so far
[1] -2.22232 +- 20.9214  	chisq 3.39898 (4 df)

Iteration 6:  21000000 integrand evaluations so far
[1] 4.44156 +- 19.9989  	chisq 4.5754 (5 df)

Iteration 7:  28000000 integrand evaluations so far
[1] -11.4011 +- 11.1582  	chisq 5.4866 (6 df)

Iteration 8:  36000000 integrand evaluations so far
[1] -12.4071 +- 11.0334  	chisq 5.85198 (7 df)

Iteration 9:  45000000 integrand evaluations so far
[1] -12.3505 +- 8.52646  	chisq 5.85204 (8 df)

Iteration 10:  55000000 integrand evaluations so far
[1] -8.29935 +- 8.22246  	chisq 9.07522 (9 df)
    -8.3 ±    8.2        (4.23mi) ┃Vegas input parameters:
  ndim 8
  ncomp 1
  nvec 1
  epsrel 0
  epsabs 0
  flags 10
  seed 123456
  mineval 5000000
  maxeval 50000000
  nstart 1000000
  nincrease 1000000
  nbatch 5000
  gridno 0
  statefile ""

Iteration 1:  1000000 integrand evaluations so far
[1] 33.7664 +- 14.4001  	chisq 0 (0 df)

Iteration 2:  3000000 integrand evaluations so far
[1] 1.2325 +- 0.749728  	chisq 5.11822 (1 df)

Iteration 3:  6000000 integrand evaluations so far
[1] 1.58148 +- 0.723358  	chisq 8.25344 (2 df)

Iteration 4:  10000000 integrand evaluations so far
[1] 1.731 +- 0.720541  	chisq 13.7486 (3 df)

Iteration 5:  15000000 integrand evaluations so far
[1] 1.76006 +- 0.720397  	chisq 17.8418 (4 df)

Iteration 6:  21000000 integrand evaluations so far
[1] 1.76348 +- 0.720392  	chisq 19.2312 (5 df)

Iteration 7:  28000000 integrand evaluations so far
[1] 1.87224 +- 0.719624  	chisq 29.9267 (6 df)

Iteration 8:  36000000 integrand evaluations so far
[1] 2.14554 +- 0.717928  	chisq 60.5656 (7 df)

Iteration 9:  45000000 integrand evaluations so far
[1] 5.23224 +- 0.693832  	chisq 340.65 (8 df)

Iteration 10:  55000000 integrand evaluations so far
[1] 13.7785 +- 0.627685  	chisq 1176.2 (9 df)
   13.78 ±   0.63        (1.52mi) ┃    14.9 ±    8.2        (10.6mi) ┃
┃   68 -    70 ┃   54 -    55 ┃  61.756 ±  0.054        (4.12mi) ┃-52.8462 ± 0.0071        (45.9mi) ┃Vegas input parameters:
  ndim 10
  ncomp 1
  nvec 1
  epsrel 0
  epsabs 0
  flags 10
  seed 123456
  mineval 50000000
  maxeval 50000000
  nstart 1000000
  nincrease 1000000
  nbatch 5000
  gridno 0
  statefile ""

Iteration 1:  1000000 integrand evaluations so far
[1] -75.9438 +- 52.0509  	chisq 0 (0 df)

Iteration 2:  3000000 integrand evaluations so far
[1] -68.4277 +- 29.3989  	chisq 0.0306194 (1 df)

Iteration 3:  6000000 integrand evaluations so far
[1] -4.35005 +- 17.9596  	chisq 7.60967 (2 df)

Iteration 4:  10000000 integrand evaluations so far
[1] -12.3958 +- 14.6604  	chisq 8.21118 (3 df)

Iteration 5:  15000000 integrand evaluations so far
[1] -13.8207 +- 14.554  	chisq 8.86413 (4 df)

Iteration 6:  21000000 integrand evaluations so far
[1] -11.8751 +- 12.0745  	chisq 8.92147 (5 df)

Iteration 7:  28000000 integrand evaluations so far
[1] -10.7582 +- 11.4258  	chisq 9.00329 (6 df)

Iteration 8:  36000000 integrand evaluations so far
[1] -9.56991 +- 10.6497  	chisq 9.08571 (7 df)

Iteration 9:  45000000 integrand evaluations so far
[1] -7.56249 +- 10.5137  	chisq 10.4855 (8 df)

Iteration 10:  55000000 integrand evaluations so far
[1] -4.34419 +- 9.10626  	chisq 10.8606 (9 df)
    -4.3 ±    9.1        (4.21mi) ┃Vegas input parameters:
  ndim 8
  ncomp 1
  nvec 1
  epsrel 0
  epsabs 0
  flags 10
  seed 123456
  mineval 5000000
  maxeval 50000000
  nstart 1000000
  nincrease 1000000
  nbatch 5000
  gridno 0
  statefile ""

Iteration 1:  1000000 integrand evaluations so far
[1] 55.9888 +- 17.2963  	chisq 0 (0 df)

Iteration 2:  3000000 integrand evaluations so far
[1] 48.4676 +- 13.4828  	chisq 0.481952 (1 df)

Iteration 3:  6000000 integrand evaluations so far
[1] 17.5552 +- 5.41691  	chisq 6.75033 (2 df)

Iteration 4:  10000000 integrand evaluations so far
[1] 19.6455 +- 5.1092  	chisq 8.09929 (3 df)

Iteration 5:  15000000 integrand evaluations so far
[1] 21.8843 +- 4.96985  	chisq 11.6681 (4 df)

Iteration 6:  21000000 integrand evaluations so far
[1] 24.9241 +- 4.75068  	chisq 16.0052 (5 df)

Iteration 7:  28000000 integrand evaluations so far
[1] 34.8809 +- 3.28922  	chisq 24.4426 (6 df)

Iteration 8:  36000000 integrand evaluations so far
[1] 35.0533 +- 3.28566  	chisq 25.7139 (7 df)

Iteration 9:  45000000 integrand evaluations so far
[1] 40.7997 +- 2.69808  	chisq 35.1058 (8 df)

Iteration 10:  55000000 integrand evaluations so far
[1] 45.6953 +- 2.32377  	chisq 47.8557 (9 df)
    45.7 ±    2.3        (1.53mi) ┃    50.3 ±    9.4        (55.7mi) ┃
┃   68 -    70 ┃   55 -    56 ┃  63.486 ±  0.019        (7.62mi) ┃ -54.774 ±  0.017        (11.4mi) ┃Vegas input parameters:
  ndim 10
  ncomp 1
  nvec 1
  epsrel 0
  epsabs 0
  flags 10
  seed 123456
  mineval 50000000
  maxeval 50000000
  nstart 1000000
  nincrease 1000000
  nbatch 5000
  gridno 0
  statefile ""

Iteration 1:  1000000 integrand evaluations so far
[1] -14.5592 +- 26.9544  	chisq 0 (0 df)

Iteration 2:  3000000 integrand evaluations so far
[1] -9.61096 +- 26.2549  	chisq 0.657833 (1 df)

Iteration 3:  6000000 integrand evaluations so far
[1] -1.6048 +- 19.6811  	chisq 0.870101 (2 df)

Iteration 4:  10000000 integrand evaluations so far
[1] -3.89701 +- 12.0794  	chisq 0.891864 (3 df)

Iteration 5:  15000000 integrand evaluations so far
[1] -3.62298 +- 11.0368  	chisq 0.89498 (4 df)

Iteration 6:  21000000 integrand evaluations so far
[1] -5.15754 +- 10.9151  	chisq 1.77626 (5 df)

Iteration 7:  28000000 integrand evaluations so far
[1] -4.03099 +- 9.21467  	chisq 1.81333 (6 df)

Iteration 8:  36000000 integrand evaluations so far
[1] 1.96382 +- 8.05884  	chisq 3.61336 (7 df)

Iteration 9:  45000000 integrand evaluations so far
[1] 0.835498 +- 7.41181  	chisq 3.74054 (8 df)

Iteration 10:  55000000 integrand evaluations so far
[1] 0.518857 +- 7.26872  	chisq 3.78827 (9 df)
     0.5 ±    7.3        (4.07mi) ┃Vegas input parameters:
  ndim 8
  ncomp 1
  nvec 1
  epsrel 0
  epsabs 0
  flags 10
  seed 123456
  mineval 5000000
  maxeval 50000000
  nstart 1000000
  nincrease 1000000
  nbatch 5000
  gridno 0
  statefile ""

Iteration 1:  1000000 integrand evaluations so far
[1] 64.3175 +- 19.5931  	chisq 0 (0 df)

Iteration 2:  3000000 integrand evaluations so far
[1] 12.246 +- 5.20087  	chisq 7.59847 (1 df)

Iteration 3:  6000000 integrand evaluations so far
[1] 14.014 +- 4.95466  	chisq 8.84859 (2 df)

Iteration 4:  10000000 integrand evaluations so far
[1] 17.5306 +- 4.2162  	chisq 10.6746 (3 df)

Iteration 5:  15000000 integrand evaluations so far
[1] 17.8908 +- 4.2074  	chisq 12.4248 (4 df)

Iteration 6:  21000000 integrand evaluations so far
[1] 19.6172 +- 4.12528  	chisq 16.7809 (5 df)

Iteration 7:  28000000 integrand evaluations so far
[1] 21.8675 +- 3.99968  	chisq 21.7427 (6 df)

Iteration 8:  36000000 integrand evaluations so far
[1] 28.0434 +- 3.72354  	chisq 39.627 (7 df)

Iteration 9:  45000000 integrand evaluations so far
[1] 29.1799 +- 3.69032  	chisq 44.8722 (8 df)

Iteration 10:  55000000 integrand evaluations so far
[1] 43.3702 +- 2.6293  	chisq 74.9032 (9 df)
    43.4 ±    2.6        (1.57mi) ┃    52.6 ±    7.7        (24.6mi) ┃
┃   68 -    70 ┃   56 -    57 ┃  78.868 ±  0.025        (3.69mi) ┃ -67.598 ±  0.043        (22.9mi) ┃Vegas input parameters:
  ndim 10
  ncomp 1
  nvec 1
  epsrel 0
  epsabs 0
  flags 10
  seed 123456
  mineval 50000000
  maxeval 50000000
  nstart 1000000
  nincrease 1000000
  nbatch 5000
  gridno 0
  statefile ""

Iteration 1:  1000000 integrand evaluations so far
[1] -261.719 +- 147.57  	chisq 0 (0 df)

Iteration 2:  3000000 integrand evaluations so far
[1] -38.8099 +- 29.8105  	chisq 2.37878 (1 df)

Iteration 3:  6000000 integrand evaluations so far
[1] 0.0672644 +- 6.89836  	chisq 4.1758 (2 df)

Iteration 4:  10000000 integrand evaluations so far
[1] 0.465286 +- 6.87736  	chisq 4.72342 (3 df)

Iteration 5:  15000000 integrand evaluations so far
[1] 0.792003 +- 6.74966  	chisq 4.78475 (4 df)

Iteration 6:  21000000 integrand evaluations so far
[1] 0.478097 +- 6.7337  	chisq 5.24287 (5 df)

Iteration 7:  28000000 integrand evaluations so far
[1] -0.657003 +- 6.68928  	chisq 7.40374 (6 df)

Iteration 8:  36000000 integrand evaluations so far
[1] -0.521244 +- 6.68787  	chisq 8.3763 (7 df)

Iteration 9:  45000000 integrand evaluations so far
[1] 0.435314 +- 5.16662  	chisq 8.42704 (8 df)

Iteration 10:  55000000 integrand evaluations so far
[1] -0.43251 +- 5.04141  	chisq 9.01627 (9 df)
    -0.4 ±      5        (4.11mi) ┃Vegas input parameters:
  ndim 8
  ncomp 1
  nvec 1
  epsrel 0
  epsabs 0
  flags 10
  seed 123456
  mineval 5000000
  maxeval 50000000
  nstart 1000000
  nincrease 1000000
  nbatch 5000
  gridno 0
  statefile ""

Iteration 1:  1000000 integrand evaluations so far
[1] 85.415 +- 21.8038  	chisq 0 (0 df)

Iteration 2:  3000000 integrand evaluations so far
[1] 8.48429 +- 1.91366  	chisq 12.5457 (1 df)

Iteration 3:  6000000 integrand evaluations so far
[1] 9.56251 +- 1.87443  	chisq 20.3678 (2 df)

Iteration 4:  10000000 integrand evaluations so far
[1] 10.8411 +- 1.83611  	chisq 31.8655 (3 df)

Iteration 5:  15000000 integrand evaluations so far
[1] 11.388 +- 1.83019  	chisq 45.6471 (4 df)

Iteration 6:  21000000 integrand evaluations so far
[1] 16.9477 +- 1.63419  	chisq 91.1701 (5 df)

Iteration 7:  28000000 integrand evaluations so far
[1] 17.1654 +- 1.63175  	chisq 97.1152 (6 df)

Iteration 8:  36000000 integrand evaluations so far
[1] 19.8172 +- 1.5808  	chisq 140.079 (7 df)

Iteration 9:  45000000 integrand evaluations so far
[1] 26.0004 +- 1.44564  	chisq 233.544 (8 df)

Iteration 10:  55000000 integrand evaluations so far
[1] 36.5907 +- 1.18829  	chisq 399 (9 df)
    36.6 ±    1.2        (1.46mi) ┃    47.4 ±    5.2        (32.1mi) ┃
┃   68 -    70 ┃   57 -    58 ┃   55.22 ±  0.026        (2.65mi) ┃ -47.539 ±  0.014        (5.95mi) ┃Vegas input parameters:
  ndim 10
  ncomp 1
  nvec 1
  epsrel 0
  epsabs 0
  flags 10
  seed 123456
  mineval 50000000
  maxeval 50000000
  nstart 1000000
  nincrease 1000000
  nbatch 5000
  gridno 0
  statefile ""

Iteration 1:  1000000 integrand evaluations so far
[1] 12.8446 +- 125.823  	chisq 0 (0 df)

Iteration 2:  3000000 integrand evaluations so far
[1] 77.2531 +- 46.5246  	chisq 0.303542 (1 df)

Iteration 3:  6000000 integrand evaluations so far
[1] 81.4824 +- 46.2238  	chisq 0.944683 (2 df)

Iteration 4:  10000000 integrand evaluations so far
[1] 71.2743 +- 45.5191  	chisq 2.55654 (3 df)

Iteration 5:  15000000 integrand evaluations so far
[1] 36.6607 +- 41.813  	chisq 6.25827 (4 df)

Iteration 6:  21000000 integrand evaluations so far
[1] 40.1122 +- 41.6018  	chisq 6.93427 (5 df)

Iteration 7:  28000000 integrand evaluations so far
[1] 11.5424 +- 14.9105  	chisq 7.4754 (6 df)

Iteration 8:  36000000 integrand evaluations so far
[1] -7.48019 +- 6.35535  	chisq 9.46438 (7 df)

Iteration 9:  45000000 integrand evaluations so far
[1] -8.12289 +- 6.19748  	chisq 9.67281 (8 df)

Iteration 10:  55000000 integrand evaluations so far
[1] -6.79443 +- 5.99503  	chisq 10.3878 (9 df)
    -6.8 ±      6        (4.28mi) ┃Vegas input parameters:
  ndim 8
  ncomp 1
  nvec 1
  epsrel 0
  epsabs 0
  flags 10
  seed 123456
  mineval 5000000
  maxeval 50000000
  nstart 1000000
  nincrease 1000000
  nbatch 5000
  gridno 0
  statefile ""

Iteration 1:  1000000 integrand evaluations so far
[1] 29.8588 +- 13.3884  	chisq 0 (0 df)

Iteration 2:  3000000 integrand evaluations so far
[1] 0.415291 +- 0.139492  	chisq 4.83695 (1 df)

Iteration 3:  6000000 integrand evaluations so far
[1] 0.421783 +- 0.139442  	chisq 7.8336 (2 df)

Iteration 4:  10000000 integrand evaluations so far
[1] 0.422246 +- 0.139442  	chisq 9.59382 (3 df)

Iteration 5:  15000000 integrand evaluations so far
[1] 0.428231 +- 0.139426  	chisq 17.7018 (4 df)

Iteration 6:  21000000 integrand evaluations so far
[1] 0.449945 +- 0.139378  	chisq 53.4201 (5 df)

Iteration 7:  28000000 integrand evaluations so far
[1] 0.477971 +- 0.139333  	chisq 115.395 (6 df)

Iteration 8:  36000000 integrand evaluations so far
[1] 0.480605 +- 0.13933  	chisq 125.768 (7 df)

Iteration 9:  45000000 integrand evaluations so far
[1] 0.547088 +- 0.139238  	chisq 297.727 (8 df)

Iteration 10:  55000000 integrand evaluations so far
[1] 0.904512 +- 0.138764  	chisq 1265.76 (9 df)
     0.9 ±   0.14        (1.54mi) ┃     1.8 ±      6        (14.4mi) ┃
┃   68 -    70 ┃   58 -    59 ┃  52.999 ±  0.015        (2.43mi) ┃  -45.53 ±  0.011        (22.1mi) ┃Vegas input parameters:
  ndim 10
  ncomp 1
  nvec 1
  epsrel 0
  epsabs 0
  flags 10
  seed 123456
  mineval 50000000
  maxeval 50000000
  nstart 1000000
  nincrease 1000000
  nbatch 5000
  gridno 0
  statefile ""

Iteration 1:  1000000 integrand evaluations so far
[1] 54.477 +- 34.1339  	chisq 0 (0 df)

Iteration 2:  3000000 integrand evaluations so far
[1] 32.7588 +- 25.0182  	chisq 0.874759 (1 df)

Iteration 3:  6000000 integrand evaluations so far
[1] 5.45762 +- 17.4278  	chisq 3.18822 (2 df)

Iteration 4:  10000000 integrand evaluations so far
[1] -1.98951 +- 15.5754  	chisq 4.09541 (3 df)

Iteration 5:  15000000 integrand evaluations so far
[1] 3.82128 +- 12.7458  	chisq 4.51675 (4 df)

Iteration 6:  21000000 integrand evaluations so far
[1] 2.39855 +- 12.6079  	chisq 5.0958 (5 df)

Iteration 7:  28000000 integrand evaluations so far
[1] 0.645051 +- 10.9298  	chisq 5.17365 (6 df)

Iteration 8:  36000000 integrand evaluations so far
[1] -0.190638 +- 10.8374  	chisq 5.52102 (7 df)

Iteration 9:  45000000 integrand evaluations so far
[1] -1.7852 +- 10.7705  	chisq 7.27854 (8 df)

Iteration 10:  55000000 integrand evaluations so far
[1] -3.93581 +- 8.81904  	chisq 7.39953 (9 df)
    -3.9 ±    8.8        (3.94mi) ┃Vegas input parameters:
  ndim 8
  ncomp 1
  nvec 1
  epsrel 0
  epsabs 0
  flags 10
  seed 123456
  mineval 5000000
  maxeval 50000000
  nstart 1000000
  nincrease 1000000
  nbatch 5000
  gridno 0
  statefile ""

Iteration 1:  1000000 integrand evaluations so far
[1] 50.9045 +- 18.0246  	chisq 0 (0 df)

Iteration 2:  3000000 integrand evaluations so far
[1] 1.67806 +- 0.526065  	chisq 7.46507 (1 df)

Iteration 3:  6000000 integrand evaluations so far
[1] 1.69137 +- 0.525944  	chisq 8.86299 (2 df)

Iteration 4:  10000000 integrand evaluations so far
[1] 1.73753 +- 0.52544  	chisq 12.8799 (3 df)

Iteration 5:  15000000 integrand evaluations so far
[1] 1.79492 +- 0.524914  	chisq 18.8403 (4 df)

Iteration 6:  21000000 integrand evaluations so far
[1] 1.92542 +- 0.524009  	chisq 36.7894 (5 df)

Iteration 7:  28000000 integrand evaluations so far
[1] 2.12371 +- 0.522985  	chisq 73.4596 (6 df)

Iteration 8:  36000000 integrand evaluations so far
[1] 2.66356 +- 0.520355  	chisq 179.681 (7 df)

Iteration 9:  45000000 integrand evaluations so far
[1] 4.80197 +- 0.508857  	chisq 566.081 (8 df)

Iteration 10:  55000000 integrand evaluations so far
[1] 9.25015 +- 0.485666  	chisq 1423.99 (9 df)
    9.25 ±   0.49        (1.48mi) ┃    12.8 ±    8.8        (  30mi) ┃
┃   68 -    70 ┃   59 -    60 ┃  65.241 ±  0.023        (7.84mi) ┃ -56.483 ±  0.011        (22.1mi) ┃Vegas input parameters:
  ndim 10
  ncomp 1
  nvec 1
  epsrel 0
  epsabs 0
  flags 10
  seed 123456
  mineval 50000000
  maxeval 50000000
  nstart 1000000
  nincrease 1000000
  nbatch 5000
  gridno 0
  statefile ""

Iteration 1:  1000000 integrand evaluations so far
[1] 25.9712 +- 33.2337  	chisq 0 (0 df)

Iteration 2:  3000000 integrand evaluations so far
[1] 24.0553 +- 28.0886  	chisq 0.0116346 (1 df)

Iteration 3:  6000000 integrand evaluations so far
[1] -15.4777 +- 7.51346  	chisq 2.14517 (2 df)

Iteration 4:  10000000 integrand evaluations so far
[1] -11.5556 +- 7.20928  	chisq 5.58008 (3 df)

Iteration 5:  15000000 integrand evaluations so far
[1] -11.2045 +- 7.2021  	chisq 6.77219 (4 df)

Iteration 6:  21000000 integrand evaluations so far
[1] -13.7953 +- 6.91356  	chisq 8.42029 (5 df)

Iteration 7:  28000000 integrand evaluations so far
[1] -15.0561 +- 6.85482  	chisq 10.3857 (6 df)

Iteration 8:  36000000 integrand evaluations so far
[1] -10.0421 +- 6.19477  	chisq 13.3045 (7 df)

Iteration 9:  45000000 integrand evaluations so far
[1] -8.1278 +- 5.7667  	chisq 14.0202 (8 df)

Iteration 10:  55000000 integrand evaluations so far
[1] -7.10226 +- 5.65796  	chisq 14.8668 (9 df)
    -7.1 ±    5.7        (4.29mi) ┃Vegas input parameters:
  ndim 8
  ncomp 1
  nvec 1
  epsrel 0
  epsabs 0
  flags 10
  seed 123456
  mineval 5000000
  maxeval 50000000
  nstart 1000000
  nincrease 1000000
  nbatch 5000
  gridno 0
  statefile ""

Iteration 1:  1000000 integrand evaluations so far
[1] 66.1131 +- 20.6031  	chisq 0 (0 df)

Iteration 2:  3000000 integrand evaluations so far
[1] 64.7677 +- 19.044  	chisq 0.0292821 (1 df)

Iteration 3:  6000000 integrand evaluations so far
[1] 4.11084 +- 1.23296  	chisq 10.2168 (2 df)

Iteration 4:  10000000 integrand evaluations so far
[1] 5.38964 +- 1.10103  	chisq 15.5274 (3 df)

Iteration 5:  15000000 integrand evaluations so far
[1] 5.49799 +- 1.09968  	chisq 19.4771 (4 df)

Iteration 6:  21000000 integrand evaluations so far
[1] 6.43165 +- 1.08641  	chisq 49.5217 (5 df)

Iteration 7:  28000000 integrand evaluations so far
[1] 6.6633 +- 1.08438  	chisq 61.7032 (6 df)

Iteration 8:  36000000 integrand evaluations so far
[1] 8.22021 +- 1.06616  	chisq 123.567 (7 df)

Iteration 9:  45000000 integrand evaluations so far
[1] 8.92342 +- 1.05934  	chisq 157.691 (8 df)

Iteration 10:  55000000 integrand evaluations so far
[1] 11.8755 +- 1.02628  	chisq 284.081 (9 df)
    11.9 ±      1        (1.46mi) ┃    13.5 ±    5.8        (35.7mi) ┃
┃   70 -    72 ┃   25 -    26 ┃  86.732 ±  0.037        (7.83mi) ┃ -74.687 ±  0.053        (23.7mi) ┃Vegas input parameters:
  ndim 10
  ncomp 1
  nvec 1
  epsrel 0
  epsabs 0
  flags 10
  seed 123456
  mineval 50000000
  maxeval 50000000
  nstart 1000000
  nincrease 1000000
  nbatch 5000
  gridno 0
  statefile ""

Iteration 1:  1000000 integrand evaluations so far
[1] -150.7 +- 92.0626  	chisq 0 (0 df)

Iteration 2:  3000000 integrand evaluations so far
[1] -88.1225 +- 40.2929  	chisq 0.571498 (1 df)

Iteration 3:  6000000 integrand evaluations so far
[1] -87.3608 +- 40.2868  	chisq 1.76273 (2 df)

Iteration 4:  10000000 integrand evaluations so far
[1] -13.5985 +- 8.89548  	chisq 5.28686 (3 df)

Iteration 5:  15000000 integrand evaluations so far
[1] -14.4447 +- 8.86964  	chisq 6.84682 (4 df)

Iteration 6:  21000000 integrand evaluations so far
[1] -13.24 +- 8.8322  	chisq 9.03714 (5 df)

Iteration 7:  28000000 integrand evaluations so far
[1] -11.7303 +- 8.50916  	chisq 9.44402 (6 df)

Iteration 8:  36000000 integrand evaluations so far
[1] -11.7958 +- 8.50628  	chisq 9.53136 (7 df)

Iteration 9:  45000000 integrand evaluations so far
[1] -12.6833 +- 8.35988  	chisq 9.85038 (8 df)

Iteration 10:  55000000 integrand evaluations so far
[1] -13.1876 +- 8.31469  	chisq 10.1879 (9 df)
   -13.2 ±    8.3        (4.01mi) ┃Vegas input parameters:
  ndim 8
  ncomp 1
  nvec 1
  epsrel 0
  epsabs 0
  flags 10
  seed 123456
  mineval 5000000
  maxeval 50000000
  nstart 1000000
  nincrease 1000000
  nbatch 5000
  gridno 0
  statefile ""

Iteration 1:  1000000 integrand evaluations so far
[1] 121.367 +- 29.1341  	chisq 0 (0 df)

Iteration 2:  3000000 integrand evaluations so far
[1] 123.76 +- 28.9858  	chisq 0.664467 (1 df)

Iteration 3:  6000000 integrand evaluations so far
[1] 124.55 +- 26.0094  	chisq 0.668278 (2 df)

Iteration 4:  10000000 integrand evaluations so far
[1] 43.7613 +- 7.00828  	chisq 11.0717 (3 df)

Iteration 5:  15000000 integrand evaluations so far
[1] 43.7657 +- 7.00827  	chisq 12.0817 (4 df)

Iteration 6:  21000000 integrand evaluations so far
[1] 47.0929 +- 6.49466  	chisq 13.6779 (5 df)

Iteration 7:  28000000 integrand evaluations so far
[1] 54.4074 +- 6.01111  	chisq 22.5256 (6 df)

Iteration 8:  36000000 integrand evaluations so far
[1] 63.2068 +- 5.39944  	chisq 33.6193 (7 df)

Iteration 9:  45000000 integrand evaluations so far
[1] 68.0621 +- 5.19632  	chisq 44.5723 (8 df)

Iteration 10:  55000000 integrand evaluations so far
[1] 79.8379 +- 4.44856  	chisq 63.7998 (9 df)
    79.8 ±    4.4        (1.59mi) ┃    78.7 ±    9.4        (37.1mi) ┃
┃   70 -    72 ┃   26 -    27 ┃  84.319 ±  0.038        (1.75mi) ┃ -72.702 ±  0.031        (5.84mi) ┃Vegas input parameters:
  ndim 10
  ncomp 1
  nvec 1
  epsrel 0
  epsabs 0
  flags 10
  seed 123456
  mineval 50000000
  maxeval 50000000
  nstart 1000000
  nincrease 1000000
  nbatch 5000
  gridno 0
  statefile ""

Iteration 1:  1000000 integrand evaluations so far
[1] 48.3067 +- 132.974  	chisq 0 (0 df)

Iteration 2:  3000000 integrand evaluations so far
[1] 80.1431 +- 129.217  	chisq 1.02888 (1 df)

Iteration 3:  6000000 integrand evaluations so far
[1] -21.8339 +- 45.7205  	chisq 1.74083 (2 df)

Iteration 4:  10000000 integrand evaluations so far
[1] -37.6499 +- 43.6023  	chisq 3.06293 (3 df)

Iteration 5:  15000000 integrand evaluations so far
[1] -15.8752 +- 30.71  	chisq 3.55782 (4 df)

Iteration 6:  21000000 integrand evaluations so far
[1] -21.2334 +- 27.5959  	chisq 3.71594 (5 df)

Iteration 7:  28000000 integrand evaluations so far
[1] -10.7315 +- 26.1536  	chisq 5.1386 (6 df)

Iteration 8:  36000000 integrand evaluations so far
[1] 20.0443 +- 21.3692  	chisq 9.30434 (7 df)

Iteration 9:  45000000 integrand evaluations so far
[1] 18.4557 +- 21.2436  	chisq 9.77604 (8 df)

Iteration 10:  55000000 integrand evaluations so far
[1] 15.1453 +- 21.0562  	chisq 11.1582 (9 df)
      15 ±     21        (4.07mi) ┃Vegas input parameters:
  ndim 8
  ncomp 1
  nvec 1
  epsrel 0
  epsabs 0
  flags 10
  seed 123456
  mineval 5000000
  maxeval 50000000
  nstart 1000000
  nincrease 1000000
  nbatch 5000
  gridno 0
  statefile ""

Iteration 1:  1000000 integrand evaluations so far
[1] 122.956 +- 29.5985  	chisq 0 (0 df)

Iteration 2:  3000000 integrand evaluations so far
[1] 22.1383 +- 4.58366  	chisq 11.8871 (1 df)

Iteration 3:  6000000 integrand evaluations so far
[1] 23.2129 +- 4.52867  	chisq 14.1917 (2 df)

Iteration 4:  10000000 integrand evaluations so far
[1] 25.6075 +- 4.4588  	chisq 23.3227 (3 df)

Iteration 5:  15000000 integrand evaluations so far
[1] 38.3444 +- 4.04037  	chisq 68.9409 (4 df)

Iteration 6:  21000000 integrand evaluations so far
[1] 60.2288 +- 2.95492  	chisq 132.015 (5 df)

Iteration 7:  28000000 integrand evaluations so far
[1] 77.7367 +- 2.25632  	chisq 216.212 (6 df)

Iteration 8:  36000000 integrand evaluations so far
[1] 77.8072 +- 2.25559  	chisq 217.737 (7 df)

Iteration 9:  45000000 integrand evaluations so far
[1] 80.5498 +- 2.17471  	chisq 238.727 (8 df)

Iteration 10:  55000000 integrand evaluations so far
[1] 87.2129 +- 1.87231  	chisq 275.005 (9 df)
    87.2 ±    1.9        (1.37mi) ┃     114 ±     21        (  13mi) ┃
┃   70 -    72 ┃   27 -    28 ┃  76.354 ±   0.04        ( 7.7mi) ┃ -65.891 ±  0.062        (11.4mi) ┃Vegas input parameters:
  ndim 10
  ncomp 1
  nvec 1
  epsrel 0
  epsabs 0
  flags 10
  seed 123456
  mineval 50000000
  maxeval 50000000
  nstart 1000000
  nincrease 1000000
  nbatch 5000
  gridno 0
  statefile ""

Iteration 1:  1000000 integrand evaluations so far
[1] -352.409 +- 369.541  	chisq 0 (0 df)

Iteration 2:  3000000 integrand evaluations so far
[1] 26.7423 +- 51.3201  	chisq 1.07339 (1 df)

Iteration 3:  6000000 integrand evaluations so far
[1] 25.8608 +- 16.9826  	chisq 1.07373 (2 df)

Iteration 4:  10000000 integrand evaluations so far
[1] 24.3251 +- 15.0263  	chisq 1.11138 (3 df)

Iteration 5:  15000000 integrand evaluations so far
[1] 23.8759 +- 14.954  	chisq 1.20441 (4 df)

Iteration 6:  21000000 integrand evaluations so far
[1] 17.7305 +- 14.1967  	chisq 2.91517 (5 df)

Iteration 7:  28000000 integrand evaluations so far
[1] 16.2741 +- 14.0111  	chisq 3.32029 (6 df)

Iteration 8:  36000000 integrand evaluations so far
[1] 13.8809 +- 13.8024  	chisq 4.30711 (7 df)

Iteration 9:  45000000 integrand evaluations so far
[1] 15.513 +- 13.7183  	chisq 5.45895 (8 df)

Iteration 10:  55000000 integrand evaluations so far
[1] 13.946 +- 13.36  	chisq 5.71204 (9 df)
      14 ±     13        (4.15mi) ┃Vegas input parameters:
  ndim 8
  ncomp 1
  nvec 1
  epsrel 0
  epsabs 0
  flags 10
  seed 123456
  mineval 5000000
  maxeval 50000000
  nstart 1000000
  nincrease 1000000
  nbatch 5000
  gridno 0
  statefile ""

Iteration 1:  1000000 integrand evaluations so far
[1] 93.7826 +- 22.7481  	chisq 0 (0 df)

Iteration 2:  3000000 integrand evaluations so far
[1] 55.0729 +- 14.1104  	chisq 4.70658 (1 df)

Iteration 3:  6000000 integrand evaluations so far
[1] 58.6042 +- 12.1159  	chisq 4.94496 (2 df)

Iteration 4:  10000000 integrand evaluations so far
[1] 59.8614 +- 12.041  	chisq 5.81851 (3 df)

Iteration 5:  15000000 integrand evaluations so far
[1] 58.6581 +- 9.19151  	chisq 5.84244 (4 df)

Iteration 6:  21000000 integrand evaluations so far
[1] 62.6805 +- 7.98845  	chisq 6.62526 (5 df)

Iteration 7:  28000000 integrand evaluations so far
[1] 74.3444 +- 6.1273  	chisq 11.8038 (6 df)

Iteration 8:  36000000 integrand evaluations so far
[1] 84.149 +- 4.86269  	chisq 18.7205 (7 df)

Iteration 9:  45000000 integrand evaluations so far
[1] 90.0758 +- 3.57159  	chisq 21.9463 (8 df)

Iteration 10:  55000000 integrand evaluations so far
[1] 95.8766 +- 2.78748  	chisq 28.6949 (9 df)
    95.9 ±    2.8        (1.54mi) ┃     120 ±     14        (24.8mi) ┃
┃   70 -    72 ┃   28 -    29 ┃  85.465 ±  0.069        ( 2.1mi) ┃ -74.064 ±   0.06        (11.6mi) ┃Vegas input parameters:
  ndim 10
  ncomp 1
  nvec 1
  epsrel 0
  epsabs 0
  flags 10
  seed 123456
  mineval 50000000
  maxeval 50000000
  nstart 1000000
  nincrease 1000000
  nbatch 5000
  gridno 0
  statefile ""

Iteration 1:  1000000 integrand evaluations so far
[1] 371.222 +- 368.07  	chisq 0 (0 df)

Iteration 2:  3000000 integrand evaluations so far
[1] -30.5997 +- 42.5795  	chisq 1.20797 (1 df)

Iteration 3:  6000000 integrand evaluations so far
[1] -11.0019 +- 27.5216  	chisq 1.57182 (2 df)

Iteration 4:  10000000 integrand evaluations so far
[1] -11.3902 +- 26.7078  	chisq 1.57524 (3 df)

Iteration 5:  15000000 integrand evaluations so far
[1] 4.39228 +- 24.5258  	chisq 3.80339 (4 df)

Iteration 6:  21000000 integrand evaluations so far
[1] 2.82502 +- 24.2733  	chisq 4.00275 (5 df)

Iteration 7:  28000000 integrand evaluations so far
[1] 15.4845 +- 18.2211  	chisq 4.62589 (6 df)

Iteration 8:  36000000 integrand evaluations so far
[1] 8.67794 +- 17.7747  	chisq 7.50893 (7 df)

Iteration 9:  45000000 integrand evaluations so far
[1] 5.43349 +- 16.3694  	chisq 7.72831 (8 df)

Iteration 10:  55000000 integrand evaluations so far
[1] 5.77822 +- 16.3265  	chisq 7.81303 (9 df)
       6 ±     16        (   4mi) ┃Vegas input parameters:
  ndim 8
  ncomp 1
  nvec 1
  epsrel 0
  epsabs 0
  flags 10
  seed 123456
  mineval 5000000
  maxeval 50000000
  nstart 1000000
  nincrease 1000000
  nbatch 5000
  gridno 0
  statefile ""

Iteration 1:  1000000 integrand evaluations so far
[1] 93.8518 +- 28.2716  	chisq 0 (0 df)

Iteration 2:  3000000 integrand evaluations so far
[1] 94.0648 +- 28.2708  	chisq 0.956002 (1 df)

Iteration 3:  6000000 integrand evaluations so far
[1] 89.8356 +- 25.7275  	chisq 1.08625 (2 df)

Iteration 4:  10000000 integrand evaluations so far
[1] 75.3677 +- 20.8122  	chisq 2.00128 (3 df)

Iteration 5:  15000000 integrand evaluations so far
[1] 62.9897 +- 16.2696  	chisq 2.91085 (4 df)

Iteration 6:  21000000 integrand evaluations so far
[1] 50.8289 +- 10.6971  	chisq 3.89495 (5 df)

Iteration 7:  28000000 integrand evaluations so far
[1] 53.4459 +- 10.4328  	chisq 5.12142 (6 df)

Iteration 8:  36000000 integrand evaluations so far
[1] 64.4831 +- 8.6353  	chisq 8.67565 (7 df)

Iteration 9:  45000000 integrand evaluations so far
[1] 78.8682 +- 5.00916  	chisq 12.858 (8 df)

Iteration 10:  55000000 integrand evaluations so far
[1] 86.4092 +- 4.21808  	chisq 20.6485 (9 df)
    86.4 ±    4.2        (1.55mi) ┃     104 ±     17        (19.3mi) ┃
┃   70 -    72 ┃   29 -    30 ┃  78.646 ±  0.062        (1.01mi) ┃ -67.922 ±  0.062        (22.6mi) ┃Vegas input parameters:
  ndim 10
  ncomp 1
  nvec 1
  epsrel 0
  epsabs 0
  flags 10
  seed 123456
  mineval 50000000
  maxeval 50000000
  nstart 1000000
  nincrease 1000000
  nbatch 5000
  gridno 0
  statefile ""

Iteration 1:  1000000 integrand evaluations so far
[1] 33.54 +- 21.2714  	chisq 0 (0 df)

Iteration 2:  3000000 integrand evaluations so far
[1] 18.0553 +- 17.3002  	chisq 1.56535 (1 df)

Iteration 3:  6000000 integrand evaluations so far
[1] 19.7132 +- 13.9678  	chisq 1.59173 (2 df)

Iteration 4:  10000000 integrand evaluations so far
[1] 9.11375 +- 11.6576  	chisq 3.48945 (3 df)

Iteration 5:  15000000 integrand evaluations so far
[1] 8.9718 +- 11.6459  	chisq 3.56348 (4 df)

Iteration 6:  21000000 integrand evaluations so far
[1] 6.48415 +- 11.484  	chisq 5.21584 (5 df)

Iteration 7:  28000000 integrand evaluations so far
[1] 2.49054 +- 11.1961  	chisq 7.6588 (6 df)

Iteration 8:  36000000 integrand evaluations so far
[1] 3.32343 +- 11.14  	chisq 8.21239 (7 df)

Iteration 9:  45000000 integrand evaluations so far
[1] 2.92602 +- 11.0745  	chisq 8.32085 (8 df)

Iteration 10:  55000000 integrand evaluations so far
[1] 4.9945 +- 10.405  	chisq 8.6184 (9 df)
       5 ±     10        (4.09mi) ┃Vegas input parameters:
  ndim 8
  ncomp 1
  nvec 1
  epsrel 0
  epsabs 0
  flags 10
  seed 123456
  mineval 5000000
  maxeval 50000000
  nstart 1000000
  nincrease 1000000
  nbatch 5000
  gridno 0
  statefile ""

Iteration 1:  1000000 integrand evaluations so far
[1] 88.2887 +- 23.4416  	chisq 0 (0 df)

Iteration 2:  3000000 integrand evaluations so far
[1] 82.301 +- 20.6645  	chisq 0.292705 (1 df)

Iteration 3:  6000000 integrand evaluations so far
[1] 84.7214 +- 20.4679  	chisq 1.01736 (2 df)

Iteration 4:  10000000 integrand evaluations so far
[1] 79.0342 +- 14.2986  	chisq 1.16816 (3 df)

Iteration 5:  15000000 integrand evaluations so far
[1] 84.5905 +- 13.4075  	chisq 2.41847 (4 df)

Iteration 6:  21000000 integrand evaluations so far
[1] 85.5988 +- 11.7117  	chisq 2.44234 (5 df)

Iteration 7:  28000000 integrand evaluations so far
[1] 89.2879 +- 7.12875  	chisq 2.59996 (6 df)

Iteration 8:  36000000 integrand evaluations so far
[1] 91.6842 +- 3.84655  	chisq 2.75937 (7 df)

Iteration 9:  45000000 integrand evaluations so far
[1] 92.7018 +- 2.09309  	chisq 2.85879 (8 df)

Iteration 10:  55000000 integrand evaluations so far
[1] 91.7351 +- 1.32263  	chisq 3.21389 (9 df)
    91.7 ±    1.3        (1.55mi) ┃     107 ±     10        (29.2mi) ┃
┃   70 -    72 ┃   30 -    31 ┃  81.237 ±  0.059        (8.28mi) ┃-70.1454 ± 0.0097        (44.8mi) ┃Vegas input parameters:
  ndim 10
  ncomp 1
  nvec 1
  epsrel 0
  epsabs 0
  flags 10
  seed 123456
  mineval 50000000
  maxeval 50000000
  nstart 1000000
  nincrease 1000000
  nbatch 5000
  gridno 0
  statefile ""

Iteration 1:  1000000 integrand evaluations so far
[1] 17.3893 +- 29.4169  	chisq 0 (0 df)

Iteration 2:  3000000 integrand evaluations so far
[1] 4.97742 +- 22.9187  	chisq 0.452988 (1 df)

Iteration 3:  6000000 integrand evaluations so far
[1] -10.3267 +- 21.1981  	chisq 3.53853 (2 df)

Iteration 4:  10000000 integrand evaluations so far
[1] 3.41611 +- 16.5484  	chisq 4.61463 (3 df)

Iteration 5:  15000000 integrand evaluations so far
[1] 0.516385 +- 15.563  	chisq 4.88037 (4 df)

Iteration 6:  21000000 integrand evaluations so far
[1] 8.76361 +- 13.0363  	chisq 5.82163 (5 df)

Iteration 7:  28000000 integrand evaluations so far
[1] 8.13176 +- 12.6218  	chisq 5.85917 (6 df)

Iteration 8:  36000000 integrand evaluations so far
[1] 7.24733 +- 11.4254  	chisq 5.88635 (7 df)

Iteration 9:  45000000 integrand evaluations so far
[1] 11.5344 +- 10.8603  	chisq 7.34577 (8 df)

Iteration 10:  55000000 integrand evaluations so far
[1] 12.5288 +- 9.57933  	chisq 7.38354 (9 df)
    12.5 ±    9.6        (4.03mi) ┃Vegas input parameters:
  ndim 8
  ncomp 1
  nvec 1
  epsrel 0
  epsabs 0
  flags 10
  seed 123456
  mineval 5000000
  maxeval 50000000
  nstart 1000000
  nincrease 1000000
  nbatch 5000
  gridno 0
  statefile ""

Iteration 1:  1000000 integrand evaluations so far
[1] 133.547 +- 33.2729  	chisq 0 (0 df)

Iteration 2:  3000000 integrand evaluations so far
[1] 80.4664 +- 20.7047  	chisq 4.15328 (1 df)

Iteration 3:  6000000 integrand evaluations so far
[1] 44.987 +- 9.16246  	chisq 7.80476 (2 df)

Iteration 4:  10000000 integrand evaluations so far
[1] 47.1916 +- 8.08772  	chisq 8.06691 (3 df)

Iteration 5:  15000000 integrand evaluations so far
[1] 48.9023 +- 7.94976  	chisq 9.38952 (4 df)

Iteration 6:  21000000 integrand evaluations so far
[1] 55.5028 +- 5.42282  	chisq 10.6788 (5 df)

Iteration 7:  28000000 integrand evaluations so far
[1] 57.6287 +- 5.33715  	chisq 15.5818 (6 df)

Iteration 8:  36000000 integrand evaluations so far
[1] 66.2154 +- 4.78831  	chisq 28.8492 (7 df)

Iteration 9:  45000000 integrand evaluations so far
[1] 80.3772 +- 3.13355  	chisq 44.1486 (8 df)

Iteration 10:  55000000 integrand evaluations so far
[1] 86.6434 +- 2.72849  	chisq 60.6852 (9 df)
    86.6 ±    2.7        (1.52mi) ┃   110.3 ±     10        (58.6mi) ┃
┃   70 -    72 ┃   31 -    32 ┃  72.913 ±  0.071        ( 8.2mi) ┃ -63.171 ±  0.061        (  23mi) ┃Vegas input parameters:
  ndim 10
  ncomp 1
  nvec 1
  epsrel 0
  epsabs 0
  flags 10
  seed 123456
  mineval 50000000
  maxeval 50000000
  nstart 1000000
  nincrease 1000000
  nbatch 5000
  gridno 0
  statefile ""

Iteration 1:  1000000 integrand evaluations so far
[1] -39.4507 +- 30.5785  	chisq 0 (0 df)

Iteration 2:  3000000 integrand evaluations so far
[1] -39.1548 +- 30.5771  	chisq 0.998765 (1 df)

Iteration 3:  6000000 integrand evaluations so far
[1] -26.6727 +- 29.3165  	chisq 3.06242 (2 df)

Iteration 4:  10000000 integrand evaluations so far
[1] -27.112 +- 22.3798  	chisq 3.06296 (3 df)

Iteration 5:  15000000 integrand evaluations so far
[1] -27.725 +- 19.1579  	chisq 3.06577 (4 df)

Iteration 6:  21000000 integrand evaluations so far
[1] -25.5653 +- 18.9801  	chisq 3.75398 (5 df)

Iteration 7:  28000000 integrand evaluations so far
[1] -24.3052 +- 15.2481  	chisq 3.76641 (6 df)

Iteration 8:  36000000 integrand evaluations so far
[1] -22.5473 +- 11.1186  	chisq 3.79479 (7 df)

Iteration 9:  45000000 integrand evaluations so far
[1] -22.8285 +- 11.112  	chisq 4.32802 (8 df)

Iteration 10:  55000000 integrand evaluations so far
[1] -22.6102 +- 10.9767  	chisq 4.34397 (9 df)
     -23 ±     11        (3.87mi) ┃Vegas input parameters:
  ndim 8
  ncomp 1
  nvec 1
  epsrel 0
  epsabs 0
  flags 10
  seed 123456
  mineval 5000000
  maxeval 50000000
  nstart 1000000
  nincrease 1000000
  nbatch 5000
  gridno 0
  statefile ""

Iteration 1:  1000000 integrand evaluations so far
[1] 124.911 +- 29.8457  	chisq 0 (0 df)

Iteration 2:  3000000 integrand evaluations so far
[1] 113.073 +- 23.8663  	chisq 0.436348 (1 df)

Iteration 3:  6000000 integrand evaluations so far
[1] 105.757 +- 20.801  	chisq 0.827216 (2 df)

Iteration 4:  10000000 integrand evaluations so far
[1] 105.928 +- 19.3058  	chisq 0.827706 (3 df)

Iteration 5:  15000000 integrand evaluations so far
[1] 111.119 +- 17.5267  	chisq 1.23891 (4 df)

Iteration 6:  21000000 integrand evaluations so far
[1] 85.2041 +- 8.93511  	chisq 4.19293 (5 df)

Iteration 7:  28000000 integrand evaluations so far
[1] 87.7054 +- 6.06095  	chisq 4.33808 (6 df)

Iteration 8:  36000000 integrand evaluations so far
[1] 83.8682 +- 3.37142  	chisq 4.91847 (7 df)

Iteration 9:  45000000 integrand evaluations so far
[1] 86.3839 +- 2.07856  	chisq 5.81666 (8 df)

Iteration 10:  55000000 integrand evaluations so far
[1] 87.2556 +- 1.99681  	chisq 8.09749 (9 df)
    87.3 ±      2        (1.47mi) ┃      74 ±     11        (36.6mi) ┃
┃   70 -    72 ┃   32 -    33 ┃  82.429 ±  0.043        (2.06mi) ┃ -70.946 ±  0.046        (22.2mi) ┃Vegas input parameters:
  ndim 10
  ncomp 1
  nvec 1
  epsrel 0
  epsabs 0
  flags 10
  seed 123456
  mineval 50000000
  maxeval 50000000
  nstart 1000000
  nincrease 1000000
  nbatch 5000
  gridno 0
  statefile ""

Iteration 1:  1000000 integrand evaluations so far
[1] 15.7189 +- 34.7197  	chisq 0 (0 df)

Iteration 2:  3000000 integrand evaluations so far
[1] 2.28086 +- 19.9211  	chisq 0.223324 (1 df)

Iteration 3:  6000000 integrand evaluations so far
[1] -0.690542 +- 15.2935  	chisq 0.277505 (2 df)

Iteration 4:  10000000 integrand evaluations so far
[1] -2.79668 +- 15.0235  	chisq 0.819377 (3 df)

Iteration 5:  15000000 integrand evaluations so far
[1] -3.83104 +- 14.1273  	chisq 0.860333 (4 df)

Iteration 6:  21000000 integrand evaluations so far
[1] -5.88431 +- 10.2218  	chisq 0.904666 (5 df)

Iteration 7:  28000000 integrand evaluations so far
[1] -2.52583 +- 10.0783  	chisq 4.77507 (6 df)

Iteration 8:  36000000 integrand evaluations so far
[1] -1.23176 +- 10.0267  	chisq 6.3909 (7 df)

Iteration 9:  45000000 integrand evaluations so far
[1] 0.78233 +- 9.91843  	chisq 8.2693 (8 df)

Iteration 10:  55000000 integrand evaluations so far
[1] 1.53269 +- 9.70142  	chisq 8.40154 (9 df)
     1.5 ±    9.7        ( 4.1mi) ┃Vegas input parameters:
  ndim 8
  ncomp 1
  nvec 1
  epsrel 0
  epsabs 0
  flags 10
  seed 123456
  mineval 5000000
  maxeval 50000000
  nstart 1000000
  nincrease 1000000
  nbatch 5000
  gridno 0
  statefile ""

Iteration 1:  1000000 integrand evaluations so far
[1] 72.5492 +- 21.2928  	chisq 0 (0 df)

Iteration 2:  3000000 integrand evaluations so far
[1] 5.9637 +- 1.82663  	chisq 9.85152 (1 df)

Iteration 3:  6000000 integrand evaluations so far
[1] 6.1952 +- 1.82204  	chisq 13.0513 (2 df)

Iteration 4:  10000000 integrand evaluations so far
[1] 6.44122 +- 1.81888  	chisq 18.2998 (3 df)

Iteration 5:  15000000 integrand evaluations so far
[1] 7.12555 +- 1.81137  	chisq 35.4925 (4 df)

Iteration 6:  21000000 integrand evaluations so far
[1] 9.3574 +- 1.78188  	chisq 82.4958 (5 df)

Iteration 7:  28000000 integrand evaluations so far
[1] 15.5933 +- 1.7005  	chisq 219.719 (6 df)

Iteration 8:  36000000 integrand evaluations so far
[1] 15.6307 +- 1.70034  	chisq 222.283 (7 df)

Iteration 9:  45000000 integrand evaluations so far
[1] 15.7927 +- 1.69918  	chisq 228.94 (8 df)

Iteration 10:  55000000 integrand evaluations so far
[1] 18.2206 +- 1.67329  	chisq 296.449 (9 df)
    18.2 ±    1.7        (1.44mi) ┃    31.2 ±    9.8        (29.8mi) ┃
┃   70 -    72 ┃   33 -    34 ┃  79.329 ±  0.072        (3.54mi) ┃ -68.379 ±  0.058        (5.69mi) ┃Vegas input parameters:
  ndim 10
  ncomp 1
  nvec 1
  epsrel 0
  epsabs 0
  flags 10
  seed 123456
  mineval 50000000
  maxeval 50000000
  nstart 1000000
  nincrease 1000000
  nbatch 5000
  gridno 0
  statefile ""

Iteration 1:  1000000 integrand evaluations so far
[1] -90.0566 +- 60.2946  	chisq 0 (0 df)

Iteration 2:  3000000 integrand evaluations so far
[1] -31.7454 +- 48.6897  	chisq 2.68843 (1 df)

Iteration 3:  6000000 integrand evaluations so far
[1] 10.0934 +- 21.3186  	chisq 3.60195 (2 df)

Iteration 4:  10000000 integrand evaluations so far
[1] 10.6152 +- 21.3127  	chisq 4.67246 (3 df)

Iteration 5:  15000000 integrand evaluations so far
[1] 10.9018 +- 21.3105  	chisq 5.57623 (4 df)

Iteration 6:  21000000 integrand evaluations so far
[1] 9.80101 +- 21.2776  	chisq 6.44008 (5 df)

Iteration 7:  28000000 integrand evaluations so far
[1] 14.4075 +- 15.0791  	chisq 6.53424 (6 df)

Iteration 8:  36000000 integrand evaluations so far
[1] 0.0350564 +- 3.75786  	chisq 7.50287 (7 df)

Iteration 9:  45000000 integrand evaluations so far
[1] 0.573478 +- 3.73607  	chisq 9.27757 (8 df)

Iteration 10:  55000000 integrand evaluations so far
[1] 0.940724 +- 3.69695  	chisq 9.74142 (9 df)
     0.9 ±    3.7        (4.04mi) ┃Vegas input parameters:
  ndim 8
  ncomp 1
  nvec 1
  epsrel 0
  epsabs 0
  flags 10
  seed 123456
  mineval 5000000
  maxeval 50000000
  nstart 1000000
  nincrease 1000000
  nbatch 5000
  gridno 0
  statefile ""

Iteration 1:  1000000 integrand evaluations so far
[1] 68.3469 +- 18.3899  	chisq 0 (0 df)

Iteration 2:  3000000 integrand evaluations so far
[1] 45.3531 +- 10.2275  	chisq 2.26347 (1 df)

Iteration 3:  6000000 integrand evaluations so far
[1] 46.8725 +- 10.0872  	chisq 3.0736 (2 df)

Iteration 4:  10000000 integrand evaluations so far
[1] 40.0204 +- 6.19391  	chisq 3.81431 (3 df)

Iteration 5:  15000000 integrand evaluations so far
[1] 45.9439 +- 5.15304  	chisq 6.78516 (4 df)

Iteration 6:  21000000 integrand evaluations so far
[1] 55.0371 +- 4.04465  	chisq 14.896 (5 df)

Iteration 7:  28000000 integrand evaluations so far
[1] 57.3543 +- 3.94162  	chisq 21.4216 (6 df)

Iteration 8:  36000000 integrand evaluations so far
[1] 64.9592 +- 3.40148  	chisq 36.0028 (7 df)

Iteration 9:  45000000 integrand evaluations so far
[1] 71.6899 +- 2.19213  	chisq 42.6998 (8 df)

Iteration 10:  55000000 integrand evaluations so far
[1] 77.3272 +- 1.58565  	chisq 56.5701 (9 df)
    77.3 ±    1.6        (1.48mi) ┃    89.2 ±      4        (14.8mi) ┃
┃   70 -    72 ┃   34 -    35 ┃  74.588 ±  0.056        (13.6mi) ┃ -64.942 ±   0.05        (43.9mi) ┃Vegas input parameters:
  ndim 10
  ncomp 1
  nvec 1
  epsrel 0
  epsabs 0
  flags 10
  seed 123456
  mineval 50000000
  maxeval 50000000
  nstart 1000000
  nincrease 1000000
  nbatch 5000
  gridno 0
  statefile ""

Iteration 1:  1000000 integrand evaluations so far
[1] -229.132 +- 222.431  	chisq 0 (0 df)

Iteration 2:  3000000 integrand evaluations so far
[1] 17.71 +- 43.7601  	chisq 1.28113 (1 df)

Iteration 3:  6000000 integrand evaluations so far
[1] 7.15445 +- 13.875  	chisq 1.34582 (2 df)

Iteration 4:  10000000 integrand evaluations so far
[1] -2.2183 +- 10.5512  	chisq 2.42784 (3 df)

Iteration 5:  15000000 integrand evaluations so far
[1] -1.68566 +- 10.5276  	chisq 2.99744 (4 df)

Iteration 6:  21000000 integrand evaluations so far
[1] -3.36172 +- 8.5035  	chisq 3.07037 (5 df)

Iteration 7:  28000000 integrand evaluations so far
[1] 0.189485 +- 8.17449  	chisq 5.36859 (6 df)

Iteration 8:  36000000 integrand evaluations so far
[1] 0.549766 +- 7.72962  	chisq 5.38694 (7 df)

Iteration 9:  45000000 integrand evaluations so far
[1] 2.88181 +- 7.53965  	chisq 7.26178 (8 df)

Iteration 10:  55000000 integrand evaluations so far
[1] 4.17615 +- 7.10039  	chisq 7.5223 (9 df)
     4.2 ±    7.1        ( 3.7mi) ┃Vegas input parameters:
  ndim 8
  ncomp 1
  nvec 1
  epsrel 0
  epsabs 0
  flags 10
  seed 123456
  mineval 5000000
  maxeval 50000000
  nstart 1000000
  nincrease 1000000
  nbatch 5000
  gridno 0
  statefile ""

Iteration 1:  1000000 integrand evaluations so far
[1] 111.351 +- 25.68  	chisq 0 (0 df)

Iteration 2:  3000000 integrand evaluations so far
[1] 30.3093 +- 6.44695  	chisq 10.6291 (1 df)

Iteration 3:  6000000 integrand evaluations so far
[1] 31.6715 +- 6.31846  	chisq 11.7604 (2 df)

Iteration 4:  10000000 integrand evaluations so far
[1] 32.4701 +- 6.28387  	chisq 13.2237 (3 df)

Iteration 5:  15000000 integrand evaluations so far
[1] 33.1073 +- 6.2677  	chisq 15.2239 (4 df)

Iteration 6:  21000000 integrand evaluations so far
[1] 44.7565 +- 5.51589  	chisq 30.542 (5 df)

Iteration 7:  28000000 integrand evaluations so far
[1] 63.08 +- 4.32324  	chisq 59.1539 (6 df)

Iteration 8:  36000000 integrand evaluations so far
[1] 76.9092 +- 2.82149  	chisq 76.9781 (7 df)

Iteration 9:  45000000 integrand evaluations so far
[1] 83.1506 +- 1.81076  	chisq 85.2983 (8 df)

Iteration 10:  55000000 integrand evaluations so far
[1] 86.218 +- 1.33538  	chisq 91.5893 (9 df)
    86.2 ±    1.3        (1.35mi) ┃     100 ±    7.2        (1.04hr) ┃
┃   70 -    72 ┃   35 -    36 ┃  94.423 ±  0.091        (  14mi) ┃ -81.115 ±  0.069        (58.9mi) ┃Vegas input parameters:
  ndim 10
  ncomp 1
  nvec 1
  epsrel 0
  epsabs 0
  flags 10
  seed 123456
  mineval 50000000
  maxeval 50000000
  nstart 1000000
  nincrease 1000000
  nbatch 5000
  gridno 0
  statefile ""

Iteration 1:  1000000 integrand evaluations so far
[1] -15.8163 +- 27.2937  	chisq 0 (0 df)

Iteration 2:  3000000 integrand evaluations so far
[1] 12.2327 +- 16.1111  	chisq 1.62089 (1 df)

Iteration 3:  6000000 integrand evaluations so far
[1] -1.92323 +- 12.9464  	chisq 3.80004 (2 df)

Iteration 4:  10000000 integrand evaluations so far
[1] -0.972215 +- 12.9019  	chisq 4.58775 (3 df)

Iteration 5:  15000000 integrand evaluations so far
[1] -1.37303 +- 12.6081  	chisq 4.60919 (4 df)

Iteration 6:  21000000 integrand evaluations so far
[1] 7.62278 +- 11.658  	chisq 8.11919 (5 df)

Iteration 7:  28000000 integrand evaluations so far
[1] 6.08232 +- 11.3766  	chisq 8.48527 (6 df)

Iteration 8:  36000000 integrand evaluations so far
[1] 4.87287 +- 11.002  	chisq 8.65974 (7 df)

Iteration 9:  45000000 integrand evaluations so far
[1] 5.00112 +- 10.4014  	chisq 8.66102 (8 df)

Iteration 10:  55000000 integrand evaluations so far
[1] 4.32229 +- 10.354  	chisq 9.12942 (9 df)
       4 ±     10        ( 3.6mi) ┃Vegas input parameters:
  ndim 8
  ncomp 1
  nvec 1
  epsrel 0
  epsabs 0
  flags 10
  seed 123456
  mineval 5000000
  maxeval 50000000
  nstart 1000000
  nincrease 1000000
  nbatch 5000
  gridno 0
  statefile ""

Iteration 1:  1000000 integrand evaluations so far
[1] 53.2417 +- 17.1664  	chisq 0 (0 df)

Iteration 2:  3000000 integrand evaluations so far
[1] 52.842 +- 15.9015  	chisq 0.00382075 (1 df)

Iteration 3:  6000000 integrand evaluations so far
[1] 4.77192 +- 1.52478  	chisq 9.22714 (2 df)

Iteration 4:  10000000 integrand evaluations so far
[1] 6.12967 +- 1.4728  	chisq 21.0579 (3 df)

Iteration 5:  15000000 integrand evaluations so far
[1] 6.17483 +- 1.47261  	chisq 24.6384 (4 df)

Iteration 6:  21000000 integrand evaluations so far
[1] 7.34141 +- 1.45783  	chisq 56.0668 (5 df)

Iteration 7:  28000000 integrand evaluations so far
[1] 7.35522 +- 1.45779  	chisq 57.7084 (6 df)

Iteration 8:  36000000 integrand evaluations so far
[1] 8.57785 +- 1.44328  	chisq 93.2292 (7 df)

Iteration 9:  45000000 integrand evaluations so far
[1] 10.7261 +- 1.42381  	chisq 175.892 (8 df)

Iteration 10:  55000000 integrand evaluations so far
[1] 11.4969 +- 1.41813  	chisq 212.664 (9 df)
    11.5 ±    1.4        (1.32mi) ┃      29 ±     10        ( 1.3hr) ┃
┃   70 -    72 ┃   36 -    37 ┃  72.527 ±  0.064        (3.26mi) ┃ -62.691 ±   0.04        (10.7mi) ┃Vegas input parameters:
  ndim 10
  ncomp 1
  nvec 1
  epsrel 0
  epsabs 0
  flags 10
  seed 123456
  mineval 50000000
  maxeval 50000000
  nstart 1000000
  nincrease 1000000
  nbatch 5000
  gridno 0
  statefile ""

Iteration 1:  1000000 integrand evaluations so far
[1] -455.061 +- 465.583  	chisq 0 (0 df)

Iteration 2:  3000000 integrand evaluations so far
[1] -15.8575 +- 11.8844  	chisq 0.890472 (1 df)

Iteration 3:  6000000 integrand evaluations so far
[1] -9.21334 +- 9.37105  	chisq 1.71683 (2 df)

Iteration 4:  10000000 integrand evaluations so far
[1] -11.9614 +- 9.0172  	chisq 2.87743 (3 df)

Iteration 5:  15000000 integrand evaluations so far
[1] -11.1218 +- 7.29984  	chisq 2.90258 (4 df)

Iteration 6:  21000000 integrand evaluations so far
[1] -10.7998 +- 7.26697  	chisq 3.11924 (5 df)

Iteration 7:  28000000 integrand evaluations so far
[1] -11.408 +- 7.19977  	chisq 3.49977 (6 df)

Iteration 8:  36000000 integrand evaluations so far
[1] -11.4394 +- 7.15503  	chisq 3.5013 (7 df)

Iteration 9:  45000000 integrand evaluations so far
[1] -11.2327 +- 7.13743  	chisq 3.67114 (8 df)

Iteration 10:  55000000 integrand evaluations so far
[1] -10.2455 +- 7.09137  	chisq 5.15803 (9 df)
   -10.2 ±    7.1        (3.59mi) ┃Vegas input parameters:
  ndim 8
  ncomp 1
  nvec 1
  epsrel 0
  epsabs 0
  flags 10
  seed 123456
  mineval 5000000
  maxeval 50000000
  nstart 1000000
  nincrease 1000000
  nbatch 5000
  gridno 0
  statefile ""

Iteration 1:  1000000 integrand evaluations so far
[1] 95.7405 +- 23.7312  	chisq 0 (0 df)

Iteration 2:  3000000 integrand evaluations so far
[1] 49.1648 +- 10.7861  	chisq 4.85483 (1 df)

Iteration 3:  6000000 integrand evaluations so far
[1] 51.1438 +- 10.4364  	chisq 5.38259 (2 df)

Iteration 4:  10000000 integrand evaluations so far
[1] 53.8492 +- 8.58222  	chisq 5.59014 (3 df)

Iteration 5:  15000000 integrand evaluations so far
[1] 58.4824 +- 7.55461  	chisq 6.88471 (4 df)

Iteration 6:  21000000 integrand evaluations so far
[1] 61.7831 +- 4.84609  	chisq 7.20907 (5 df)

Iteration 7:  28000000 integrand evaluations so far
[1] 68.7483 +- 3.52764  	chisq 11.6033 (6 df)

Iteration 8:  36000000 integrand evaluations so far
[1] 74.4495 +- 2.86319  	chisq 19.2575 (7 df)

Iteration 9:  45000000 integrand evaluations so far
[1] 80.4674 +- 2.24782  	chisq 30.7724 (8 df)

Iteration 10:  55000000 integrand evaluations so far
[1] 84.3445 +- 1.8947  	chisq 41.0482 (9 df)
    84.3 ±    1.9        (1.35mi) ┃    83.9 ±    7.3        (18.9mi) ┃
┃   70 -    72 ┃   37 -    38 ┃  65.805 ±  0.026        ( 52.8s) ┃ -57.293 ±  0.028        (5.46mi) ┃Vegas input parameters:
  ndim 10
  ncomp 1
  nvec 1
  epsrel 0
  epsabs 0
  flags 10
  seed 123456
  mineval 50000000
  maxeval 50000000
  nstart 1000000
  nincrease 1000000
  nbatch 5000
  gridno 0
  statefile ""

Iteration 1:  1000000 integrand evaluations so far
[1] 1604.28 +- 1238.49  	chisq 0 (0 df)

Iteration 2:  3000000 integrand evaluations so far
[1] 83.4209 +- 83.7077  	chisq 1.51487 (1 df)

Iteration 3:  6000000 integrand evaluations so far
[1] -8.52485 +- 58.9201  	chisq 3.90613 (2 df)

Iteration 4:  10000000 integrand evaluations so far
[1] 27.8513 +- 35.2644  	chisq 4.50003 (3 df)

Iteration 5:  15000000 integrand evaluations so far
[1] 17.2011 +- 34.3906  	chisq 6.36365 (4 df)

Iteration 6:  21000000 integrand evaluations so far
[1] 20.9044 +- 33.8493  	chisq 6.73494 (5 df)

Iteration 7:  28000000 integrand evaluations so far
[1] 28.4966 +- 20.0054  	chisq 6.81225 (6 df)

Iteration 8:  36000000 integrand evaluations so far
[1] 26.1398 +- 16.4762  	chisq 6.85539 (7 df)

Iteration 9:  45000000 integrand evaluations so far
[1] 10.9556 +- 10.8382  	chisq 8.35253 (8 df)

Iteration 10:  55000000 integrand evaluations so far
[1] 2.88447 +- 10.0618  	chisq 12.3672 (9 df)
       3 ±     10        (3.58mi) ┃Vegas input parameters:
  ndim 8
  ncomp 1
  nvec 1
  epsrel 0
  epsabs 0
  flags 10
  seed 123456
  mineval 5000000
  maxeval 50000000
  nstart 1000000
  nincrease 1000000
  nbatch 5000
  gridno 0
  statefile ""

Iteration 1:  1000000 integrand evaluations so far
[1] 116.836 +- 25.3893  	chisq 0 (0 df)

Iteration 2:  3000000 integrand evaluations so far
[1] 104.716 +- 21.9931  	chisq 0.912949 (1 df)

Iteration 3:  6000000 integrand evaluations so far
[1] 106.279 +- 20.5422  	chisq 0.952566 (2 df)

Iteration 4:  10000000 integrand evaluations so far
[1] 72.0013 +- 11.0866  	chisq 4.88143 (3 df)

Iteration 5:  15000000 integrand evaluations so far
[1] 58.1449 +- 4.82806  	chisq 6.80906 (4 df)

Iteration 6:  21000000 integrand evaluations so far
[1] 63.6578 +- 4.23699  	chisq 12.4813 (5 df)

Iteration 7:  28000000 integrand evaluations so far
[1] 66.7668 +- 3.89924  	chisq 15.9986 (6 df)

Iteration 8:  36000000 integrand evaluations so far
[1] 75.1216 +- 2.89543  	chisq 26.2328 (7 df)

Iteration 9:  45000000 integrand evaluations so far
[1] 75.6221 +- 2.86531  	chisq 27.676 (8 df)

Iteration 10:  55000000 integrand evaluations so far
[1] 77.1444 +- 2.7144  	chisq 30.4282 (9 df)
    77.1 ±    2.7        (1.29mi) ┃      89 ±     10        (11.2mi) ┃
┃   70 -    72 ┃   38 -    39 ┃ 75.6988 ± 0.0029        (6.48mi) ┃ -65.429 ±  0.019        (21.6mi) ┃Vegas input parameters:
  ndim 10
  ncomp 1
  nvec 1
  epsrel 0
  epsabs 0
  flags 10
  seed 123456
  mineval 50000000
  maxeval 50000000
  nstart 1000000
  nincrease 1000000
  nbatch 5000
  gridno 0
  statefile ""

Iteration 1:  1000000 integrand evaluations so far
[1] -27.6542 +- 34.9072  	chisq 0 (0 df)

Iteration 2:  3000000 integrand evaluations so far
[1] -8.23149 +- 31.9417  	chisq 1.90293 (1 df)

Iteration 3:  6000000 integrand evaluations so far
[1] -0.8254 +- 24.8236  	chisq 2.03868 (2 df)

Iteration 4:  10000000 integrand evaluations so far
[1] -5.67109 +- 20.8753  	chisq 2.16881 (3 df)

Iteration 5:  15000000 integrand evaluations so far
[1] -5.16518 +- 20.87  	chisq 3.31783 (4 df)

Iteration 6:  21000000 integrand evaluations so far
[1] -7.42893 +- 20.7172  	chisq 4.12425 (5 df)

Iteration 7:  28000000 integrand evaluations so far
[1] -14.7351 +- 15.0488  	chisq 4.38756 (6 df)

Iteration 8:  36000000 integrand evaluations so far
[1] 4.59131 +- 8.98253  	chisq 6.94972 (7 df)

Iteration 9:  45000000 integrand evaluations so far
[1] 2.20442 +- 7.99124  	chisq 7.28832 (8 df)

Iteration 10:  55000000 integrand evaluations so far
[1] 2.45736 +- 7.98695  	chisq 8.22218 (9 df)
     2.5 ±      8        (3.57mi) ┃Vegas input parameters:
  ndim 8
  ncomp 1
  nvec 1
  epsrel 0
  epsabs 0
  flags 10
  seed 123456
  mineval 5000000
  maxeval 50000000
  nstart 1000000
  nincrease 1000000
  nbatch 5000
  gridno 0
  statefile ""

Iteration 1:  1000000 integrand evaluations so far
[1] 106.186 +- 26.7097  	chisq 0 (0 df)

Iteration 2:  3000000 integrand evaluations so far
[1] 80.9724 +- 19.1009  	chisq 1.82381 (1 df)

Iteration 3:  6000000 integrand evaluations so far
[1] 81.8318 +- 18.314  	chisq 1.8489 (2 df)

Iteration 4:  10000000 integrand evaluations so far
[1] 70.6644 +- 12.6572  	chisq 2.56072 (3 df)

Iteration 5:  15000000 integrand evaluations so far
[1] 67.614 +- 9.75195  	chisq 2.70365 (4 df)

Iteration 6:  21000000 integrand evaluations so far
[1] 70.0991 +- 9.37021  	chisq 3.54971 (5 df)

Iteration 7:  28000000 integrand evaluations so far
[1] 67.198 +- 5.23114  	chisq 3.68897 (6 df)

Iteration 8:  36000000 integrand evaluations so far
[1] 72.6834 +- 4.20587  	chisq 6.79883 (7 df)

Iteration 9:  45000000 integrand evaluations so far
[1] 72.7486 +- 4.20539  	chisq 7.85044 (8 df)

Iteration 10:  55000000 integrand evaluations so far
[1] 74.5776 +- 4.06482  	chisq 10.7277 (9 df)
    74.6 ±    4.1        (1.33mi) ┃    87.3 ±      9        (  33mi) ┃
┃   70 -    72 ┃   39 -    40 ┃  81.711 ±  0.028        (6.61mi) ┃ -70.325 ±  0.014        (21.8mi) ┃Vegas input parameters:
  ndim 10
  ncomp 1
  nvec 1
  epsrel 0
  epsabs 0
  flags 10
  seed 123456
  mineval 50000000
  maxeval 50000000
  nstart 1000000
  nincrease 1000000
  nbatch 5000
  gridno 0
  statefile ""

Iteration 1:  1000000 integrand evaluations so far
[1] 15.9131 +- 45.9713  	chisq 0 (0 df)

Iteration 2:  3000000 integrand evaluations so far
[1] -17.9646 +- 30.9178  	chisq 0.991575 (1 df)

Iteration 3:  6000000 integrand evaluations so far
[1] 2.87005 +- 28.4062  	chisq 3.90484 (2 df)

Iteration 4:  10000000 integrand evaluations so far
[1] 3.48657 +- 28.1654  	chisq 3.93275 (3 df)

Iteration 5:  15000000 integrand evaluations so far
[1] -5.75634 +- 16.4633  	chisq 4.09633 (4 df)

Iteration 6:  21000000 integrand evaluations so far
[1] -4.88729 +- 16.443  	chisq 5.22506 (5 df)

Iteration 7:  28000000 integrand evaluations so far
[1] -11.6537 +- 15.1979  	chisq 6.38728 (6 df)

Iteration 8:  36000000 integrand evaluations so far
[1] -9.19695 +- 14.7035  	chisq 6.7955 (7 df)

Iteration 9:  45000000 integrand evaluations so far
[1] -8.0423 +- 13.045  	chisq 6.82447 (8 df)

Iteration 10:  55000000 integrand evaluations so far
[1] -12.2847 +- 11.5193  	chisq 7.3047 (9 df)
     -12 ±     12        (3.62mi) ┃Vegas input parameters:
  ndim 8
  ncomp 1
  nvec 1
  epsrel 0
  epsabs 0
  flags 10
  seed 123456
  mineval 5000000
  maxeval 50000000
  nstart 1000000
  nincrease 1000000
  nbatch 5000
  gridno 0
  statefile ""

Iteration 1:  1000000 integrand evaluations so far
[1] 103.753 +- 24.1341  	chisq 0 (0 df)

Iteration 2:  3000000 integrand evaluations so far
[1] 16.9289 +- 2.99351  	chisq 13.1448 (1 df)

Iteration 3:  6000000 integrand evaluations so far
[1] 20.0575 +- 2.85561  	chisq 25.2806 (2 df)

Iteration 4:  10000000 integrand evaluations so far
[1] 24.307 +- 2.68529  	chisq 44.4147 (3 df)

Iteration 5:  15000000 integrand evaluations so far
[1] 33.1062 +- 2.35655  	chisq 91.1285 (4 df)

Iteration 6:  21000000 integrand evaluations so far
[1] 47.318 +- 1.75075  	chisq 172.302 (5 df)

Iteration 7:  28000000 integrand evaluations so far
[1] 57.6218 +- 1.32222  	chisq 252.925 (6 df)

Iteration 8:  36000000 integrand evaluations so far
[1] 63.5897 +- 0.949087  	chisq 294.948 (7 df)

Iteration 9:  45000000 integrand evaluations so far
[1] 67.8142 +- 0.747757  	chisq 347.188 (8 df)

Iteration 10:  55000000 integrand evaluations so far
[1] 69.3829 +- 0.603617  	chisq 359.821 (9 df)
   69.38 ±    0.6        ( 1.3mi) ┃      68 ±     12        (33.3mi) ┃
┃   70 -    72 ┃   40 -    41 ┃  63.207 ±  0.054        ( 3.3mi) ┃ -54.676 ±   0.04        (5.48mi) ┃Vegas input parameters:
  ndim 10
  ncomp 1
  nvec 1
  epsrel 0
  epsabs 0
  flags 10
  seed 123456
  mineval 50000000
  maxeval 50000000
  nstart 1000000
  nincrease 1000000
  nbatch 5000
  gridno 0
  statefile ""

Iteration 1:  1000000 integrand evaluations so far
[1] 14.2272 +- 65.1017  	chisq 0 (0 df)

Iteration 2:  3000000 integrand evaluations so far
[1] 38.4859 +- 48.0526  	chisq 0.305045 (1 df)

Iteration 3:  6000000 integrand evaluations so far
[1] 48.2128 +- 46.9264  	chisq 1.18958 (2 df)

Iteration 4:  10000000 integrand evaluations so far
[1] 7.25693 +- 25.3725  	chisq 2.26598 (3 df)

Iteration 5:  15000000 integrand evaluations so far
[1] 22.7966 +- 22.8589  	chisq 4.25786 (4 df)

Iteration 6:  21000000 integrand evaluations so far
[1] 12.1025 +- 21.6979  	chisq 6.46856 (5 df)

Iteration 7:  28000000 integrand evaluations so far
[1] 11.4474 +- 21.6922  	chisq 8.198 (6 df)

Iteration 8:  36000000 integrand evaluations so far
[1] 9.07962 +- 21.5497  	chisq 9.10821 (7 df)

Iteration 9:  45000000 integrand evaluations so far
[1] 7.2767 +- 21.2585  	chisq 9.36896 (8 df)

Iteration 10:  55000000 integrand evaluations so far
[1] -1.60344 +- 16.5661  	chisq 9.81326 (9 df)
      -2 ±     17        (3.59mi) ┃Vegas input parameters:
  ndim 8
  ncomp 1
  nvec 1
  epsrel 0
  epsabs 0
  flags 10
  seed 123456
  mineval 5000000
  maxeval 50000000
  nstart 1000000
  nincrease 1000000
  nbatch 5000
  gridno 0
  statefile ""

Iteration 1:  1000000 integrand evaluations so far
[1] 44.1471 +- 16.0208  	chisq 0 (0 df)

Iteration 2:  3000000 integrand evaluations so far
[1] 45.6218 +- 15.5793  	chisq 0.155892 (1 df)

Iteration 3:  6000000 integrand evaluations so far
[1] 38.3129 +- 11.9723  	chisq 0.693445 (2 df)

Iteration 4:  10000000 integrand evaluations so far
[1] 38.3247 +- 11.9723  	chisq 1.68854 (3 df)

Iteration 5:  15000000 integrand evaluations so far
[1] 39.0942 +- 11.0633  	chisq 1.71682 (4 df)

Iteration 6:  21000000 integrand evaluations so far
[1] 39.295 +- 10.3395  	chisq 1.71942 (5 df)

Iteration 7:  28000000 integrand evaluations so far
[1] 38.4813 +- 8.69918  	chisq 1.74062 (6 df)

Iteration 8:  36000000 integrand evaluations so far
[1] 32.663 +- 5.01739  	chisq 2.41094 (7 df)

Iteration 9:  45000000 integrand evaluations so far
[1] 39.4296 +- 4.48814  	chisq 11.5122 (8 df)

Iteration 10:  55000000 integrand evaluations so far
[1] 47.625 +- 3.98644  	chisq 27.3091 (9 df)
    47.6 ±      4        (1.29mi) ┃      55 ±     17        (13.7mi) ┃
┃   70 -    72 ┃   41 -    42 ┃   72.06 ±  0.023        (1.68mi) ┃ -62.799 ±  0.044        ( 43.2s) ┃Vegas input parameters:
  ndim 10
  ncomp 1
  nvec 1
  epsrel 0
  epsabs 0
  flags 10
  seed 123456
  mineval 50000000
  maxeval 50000000
  nstart 1000000
  nincrease 1000000
  nbatch 5000
  gridno 0
  statefile ""

Iteration 1:  1000000 integrand evaluations so far
[1] 37.3976 +- 28.7383  	chisq 0 (0 df)

Iteration 2:  3000000 integrand evaluations so far
[1] 48.1795 +- 23.0809  	chisq 0.396531 (1 df)

Iteration 3:  6000000 integrand evaluations so far
[1] 45.9272 +- 22.9949  	chisq 1.67758 (2 df)

Iteration 4:  10000000 integrand evaluations so far
[1] 41.739 +- 21.8884  	chisq 2.03078 (3 df)

Iteration 5:  15000000 integrand evaluations so far
[1] 36.9415 +- 21.553  	chisq 3.61014 (4 df)

Iteration 6:  21000000 integrand evaluations so far
[1] 5.89924 +- 13.5548  	chisq 7.04186 (5 df)

Iteration 7:  28000000 integrand evaluations so far
[1] 1.80411 +- 10.454  	chisq 7.26712 (6 df)

Iteration 8:  36000000 integrand evaluations so far
[1] 2.56212 +- 10.3419  	chisq 7.51352 (7 df)

Iteration 9:  45000000 integrand evaluations so far
[1] -2.02685 +- 8.45203  	chisq 8.10644 (8 df)

Iteration 10:  55000000 integrand evaluations so far
[1] -2.24513 +- 8.4206  	chisq 8.19628 (9 df)
    -2.2 ±    8.4        (3.62mi) ┃Vegas input parameters:
  ndim 8
  ncomp 1
  nvec 1
  epsrel 0
  epsabs 0
  flags 10
  seed 123456
  mineval 5000000
  maxeval 50000000
  nstart 1000000
  nincrease 1000000
  nbatch 5000
  gridno 0
  statefile ""

Iteration 1:  1000000 integrand evaluations so far
[1] 47.0359 +- 13.6192  	chisq 0 (0 df)

Iteration 2:  3000000 integrand evaluations so far
[1] 3.68336 +- 1.122  	chisq 10.202 (1 df)

Iteration 3:  6000000 integrand evaluations so far
[1] 4.44353 +- 1.06393  	chisq 14.7538 (2 df)

Iteration 4:  10000000 integrand evaluations so far
[1] 5.38573 +- 1.03947  	chisq 32.0132 (3 df)

Iteration 5:  15000000 integrand evaluations so far
[1] 5.42508 +- 1.03936  	chisq 38.6518 (4 df)

Iteration 6:  21000000 integrand evaluations so far
[1] 5.93018 +- 1.0358  	chisq 73.2256 (5 df)

Iteration 7:  28000000 integrand evaluations so far
[1] 8.48738 +- 1.01641  	chisq 237.507 (6 df)

Iteration 8:  36000000 integrand evaluations so far
[1] 11.3978 +- 0.993983  	chisq 425.385 (7 df)

Iteration 9:  45000000 integrand evaluations so far
[1] 17.8924 +- 0.946132  	chisq 879.739 (8 df)

Iteration 10:  55000000 integrand evaluations so far
[1] 27.4176 +- 0.870673  	chisq 1541.54 (9 df)
   27.42 ±   0.87        (1.29mi) ┃    34.4 ±    8.5        (7.31mi) ┃
┃   70 -    72 ┃   42 -    43 ┃  69.206 ±  0.033        (3.35mi) ┃ -59.752 ±  0.026        (5.58mi) ┃Vegas input parameters:
  ndim 10
  ncomp 1
  nvec 1
  epsrel 0
  epsabs 0
  flags 10
  seed 123456
  mineval 50000000
  maxeval 50000000
  nstart 1000000
  nincrease 1000000
  nbatch 5000
  gridno 0
  statefile ""

Iteration 1:  1000000 integrand evaluations so far
[1] 230.478 +- 206.718  	chisq 0 (0 df)

Iteration 2:  3000000 integrand evaluations so far
[1] 89.8452 +- 157.118  	chisq 1.09592 (1 df)

Iteration 3:  6000000 integrand evaluations so far
[1] -25.4408 +- 67.1434  	chisq 1.75461 (2 df)

Iteration 4:  10000000 integrand evaluations so far
[1] -2.74926 +- 16.1563  	chisq 1.87584 (3 df)

Iteration 5:  15000000 integrand evaluations so far
[1] -3.34232 +- 16.1459  	chisq 2.91619 (4 df)

Iteration 6:  21000000 integrand evaluations so far
[1] -7.82821 +- 15.1579  	chisq 3.56683 (5 df)

Iteration 7:  28000000 integrand evaluations so far
[1] -8.81797 +- 14.6811  	chisq 3.6357 (6 df)

Iteration 8:  36000000 integrand evaluations so far
[1] -5.22357 +- 13.3852  	chisq 3.99091 (7 df)

Iteration 9:  45000000 integrand evaluations so far
[1] -1.422 +- 13.1683  	chisq 6.49983 (8 df)

Iteration 10:  55000000 integrand evaluations so far
[1] -1.91852 +- 13.1555  	chisq 7.23331 (9 df)
      -2 ±     13        (3.61mi) ┃Vegas input parameters:
  ndim 8
  ncomp 1
  nvec 1
  epsrel 0
  epsabs 0
  flags 10
  seed 123456
  mineval 5000000
  maxeval 50000000
  nstart 1000000
  nincrease 1000000
  nbatch 5000
  gridno 0
  statefile ""

Iteration 1:  1000000 integrand evaluations so far
[1] 92.6904 +- 22.3402  	chisq 0 (0 df)

Iteration 2:  3000000 integrand evaluations so far
[1] 77.0428 +- 17.6269  	chisq 1.29978 (1 df)

Iteration 3:  6000000 integrand evaluations so far
[1] 34.768 +- 8.14576  	chisq 8.61359 (2 df)

Iteration 4:  10000000 integrand evaluations so far
[1] 36.6286 +- 7.79013  	chisq 9.22448 (3 df)

Iteration 5:  15000000 integrand evaluations so far
[1] 41.8982 +- 6.94443  	chisq 11.4529 (4 df)

Iteration 6:  21000000 integrand evaluations so far
[1] 52.4606 +- 5.04148  	chisq 16.3442 (5 df)

Iteration 7:  28000000 integrand evaluations so far
[1] 61.8434 +- 4.18047  	chisq 27.4318 (6 df)

Iteration 8:  36000000 integrand evaluations so far
[1] 68.7302 +- 2.92922  	chisq 32.7631 (7 df)

Iteration 9:  45000000 integrand evaluations so far
[1] 72.7746 +- 2.61867  	chisq 42.2575 (8 df)

Iteration 10:  55000000 integrand evaluations so far
[1] 75.6838 +- 1.87354  	chisq 44.7858 (9 df)
    75.7 ±    1.9        (1.32mi) ┃      83 ±     13        (13.9mi) ┃
┃   70 -    72 ┃   43 -    44 ┃  71.226 ±  0.071        (6.59mi) ┃ -61.074 ±  0.051        (  22mi) ┃Vegas input parameters:
  ndim 10
  ncomp 1
  nvec 1
  epsrel 0
  epsabs 0
  flags 10
  seed 123456
  mineval 50000000
  maxeval 50000000
  nstart 1000000
  nincrease 1000000
  nbatch 5000
  gridno 0
  statefile ""

Iteration 1:  1000000 integrand evaluations so far
[1] -139.202 +- 153.579  	chisq 0 (0 df)

Iteration 2:  3000000 integrand evaluations so far
[1] 46.8343 +- 26.4572  	chisq 1.51221 (1 df)

Iteration 3:  6000000 integrand evaluations so far
[1] 46.5728 +- 21.4954  	chisq 1.5125 (2 df)

Iteration 4:  10000000 integrand evaluations so far
[1] 22.0425 +- 14.2249  	chisq 3.82949 (3 df)

Iteration 5:  15000000 integrand evaluations so far
[1] 20.3188 +- 11.1518  	chisq 3.86759 (4 df)

Iteration 6:  21000000 integrand evaluations so far
[1] 20.8039 +- 11.049  	chisq 3.97063 (5 df)

Iteration 7:  28000000 integrand evaluations so far
[1] 21.1828 +- 10.9016  	chisq 4.01502 (6 df)

Iteration 8:  36000000 integrand evaluations so far
[1] 23.31 +- 10.4357  	chisq 4.47025 (7 df)

Iteration 9:  45000000 integrand evaluations so far
[1] 22.7846 +- 10.3977  	chisq 4.8184 (8 df)

Iteration 10:  55000000 integrand evaluations so far
[1] 20.8338 +- 9.82857  	chisq 5.149 (9 df)
    20.8 ±    9.8        (3.57mi) ┃Vegas input parameters:
  ndim 8
  ncomp 1
  nvec 1
  epsrel 0
  epsabs 0
  flags 10
  seed 123456
  mineval 5000000
  maxeval 50000000
  nstart 1000000
  nincrease 1000000
  nbatch 5000
  gridno 0
  statefile ""

Iteration 1:  1000000 integrand evaluations so far
[1] 67.4591 +- 19.0259  	chisq 0 (0 df)

Iteration 2:  3000000 integrand evaluations so far
[1] 8.83989 +- 3.28269  	chisq 9.78391 (1 df)

Iteration 3:  6000000 integrand evaluations so far
[1] 10.1069 +- 3.2247  	chisq 14.0382 (2 df)

Iteration 4:  10000000 integrand evaluations so far
[1] 16.7655 +- 2.71652  	chisq 28.723 (3 df)

Iteration 5:  15000000 integrand evaluations so far
[1] 18.7435 +- 2.66644  	chisq 43.2371 (4 df)

Iteration 6:  21000000 integrand evaluations so far
[1] 27.8421 +- 2.40589  	chisq 105.875 (5 df)

Iteration 7:  28000000 integrand evaluations so far
[1] 38.8912 +- 2.12724  	chisq 202.526 (6 df)

Iteration 8:  36000000 integrand evaluations so far
[1] 53.8299 +- 1.64992  	chisq 326.305 (7 df)

Iteration 9:  45000000 integrand evaluations so far
[1] 63.8768 +- 1.21225  	chisq 406.885 (8 df)

Iteration 10:  55000000 integrand evaluations so far
[1] 63.9839 +- 1.21049  	chisq 409.567 (9 df)
      64 ±    1.2        ( 1.3mi) ┃      95 ±    9.9        (33.4mi) ┃
┃   70 -    72 ┃   44 -    45 ┃  63.438 ±  0.038        ( 9.51s) ┃ -54.002 ±  0.036        (22.2mi) ┃Vegas input parameters:
  ndim 10
  ncomp 1
  nvec 1
  epsrel 0
  epsabs 0
  flags 10
  seed 123456
  mineval 50000000
  maxeval 50000000
  nstart 1000000
  nincrease 1000000
  nbatch 5000
  gridno 0
  statefile ""

Iteration 1:  1000000 integrand evaluations so far
[1] 133.766 +- 150.791  	chisq 0 (0 df)

Iteration 2:  3000000 integrand evaluations so far
[1] 14.9137 +- 27.8003  	chisq 0.643101 (1 df)

Iteration 3:  6000000 integrand evaluations so far
[1] 24.7768 +- 23.9356  	chisq 1.12965 (2 df)

Iteration 4:  10000000 integrand evaluations so far
[1] 22.5757 +- 23.8555  	chisq 2.39627 (3 df)

Iteration 5:  15000000 integrand evaluations so far
[1] 2.99227 +- 13.2536  	chisq 3.37105 (4 df)

Iteration 6:  21000000 integrand evaluations so far
[1] 2.89541 +- 11.5231  	chisq 3.37127 (5 df)

Iteration 7:  28000000 integrand evaluations so far
[1] 0.768985 +- 11.3868  	chisq 4.81904 (6 df)

Iteration 8:  36000000 integrand evaluations so far
[1] 3.48592 +- 8.78918  	chisq 4.95989 (7 df)

Iteration 9:  45000000 integrand evaluations so far
[1] 3.66889 +- 8.78426  	chisq 5.34758 (8 df)

Iteration 10:  55000000 integrand evaluations so far
[1] 3.87645 +- 8.78151  	chisq 6.23802 (9 df)
     3.9 ±    8.8        ( 3.6mi) ┃Vegas input parameters:
  ndim 8
  ncomp 1
  nvec 1
  epsrel 0
  epsabs 0
  flags 10
  seed 123456
  mineval 5000000
  maxeval 50000000
  nstart 1000000
  nincrease 1000000
  nbatch 5000
  gridno 0
  statefile ""

Iteration 1:  1000000 integrand evaluations so far
[1] 69.2796 +- 18.0254  	chisq 0 (0 df)

Iteration 2:  3000000 integrand evaluations so far
[1] 69.2028 +- 15.8861  	chisq 8.14207e-05 (1 df)

Iteration 3:  6000000 integrand evaluations so far
[1] 39.7061 +- 7.95405  	chisq 4.60107 (2 df)

Iteration 4:  10000000 integrand evaluations so far
[1] 43.047 +- 7.56147  	chisq 6.43349 (3 df)

Iteration 5:  15000000 integrand evaluations so far
[1] 47.241 +- 5.64316  	chisq 7.1279 (4 df)

Iteration 6:  21000000 integrand evaluations so far
[1] 53.6963 +- 4.90924  	chisq 12.5086 (5 df)

Iteration 7:  28000000 integrand evaluations so far
[1] 66.9275 +- 3.47794  	chisq 27.0917 (6 df)

Iteration 8:  36000000 integrand evaluations so far
[1] 72.8623 +- 2.05035  	chisq 31.5546 (7 df)

Iteration 9:  45000000 integrand evaluations so far
[1] 76.6701 +- 1.53349  	chisq 39.382 (8 df)

Iteration 10:  55000000 integrand evaluations so far
[1] 77.5297 +- 1.45861  	chisq 42.6803 (9 df)
    77.5 ±    1.5        (1.31mi) ┃    90.8 ±    8.9        (27.3mi) ┃
┃   70 -    72 ┃   45 -    46 ┃  70.114 ±  0.044        ( 52.3s) ┃ -60.682 ±  0.025        ( 5.9mi) ┃Vegas input parameters:
  ndim 10
  ncomp 1
  nvec 1
  epsrel 0
  epsabs 0
  flags 10
  seed 123456
  mineval 50000000
  maxeval 50000000
  nstart 1000000
  nincrease 1000000
  nbatch 5000
  gridno 0
  statefile ""

Iteration 1:  1000000 integrand evaluations so far
[1] -27.2616 +- 39.7876  	chisq 0 (0 df)

Iteration 2:  3000000 integrand evaluations so far
[1] -13.2664 +- 30.1534  	chisq 0.290675 (1 df)

Iteration 3:  6000000 integrand evaluations so far
[1] 14.2321 +- 21.9015  	chisq 2.05104 (2 df)

Iteration 4:  10000000 integrand evaluations so far
[1] 8.54562 +- 20.9738  	chisq 2.86406 (3 df)

Iteration 5:  15000000 integrand evaluations so far
[1] 8.80253 +- 20.5261  	chisq 2.86761 (4 df)

Iteration 6:  21000000 integrand evaluations so far
[1] 12.7962 +- 20.3261  	chisq 4.8206 (5 df)

Iteration 7:  28000000 integrand evaluations so far
[1] 6.12403 +- 11.1179  	chisq 4.97435 (6 df)

Iteration 8:  36000000 integrand evaluations so far
[1] 3.86593 +- 10.8219  	chisq 5.75956 (7 df)

Iteration 9:  45000000 integrand evaluations so far
[1] 1.70472 +- 10.0676  	chisq 6.05597 (8 df)

Iteration 10:  55000000 integrand evaluations so far
[1] 4.63035 +- 9.21504  	chisq 6.57662 (9 df)
     4.6 ±    9.2        ( 3.6mi) ┃Vegas input parameters:
  ndim 8
  ncomp 1
  nvec 1
  epsrel 0
  epsabs 0
  flags 10
  seed 123456
  mineval 5000000
  maxeval 50000000
  nstart 1000000
  nincrease 1000000
  nbatch 5000
  gridno 0
  statefile ""

Iteration 1:  1000000 integrand evaluations so far
[1] 49.3432 +- 15.8118  	chisq 0 (0 df)

Iteration 2:  3000000 integrand evaluations so far
[1] 1.4335 +- 0.364791  	chisq 9.18574 (1 df)

Iteration 3:  6000000 integrand evaluations so far
[1] 1.5151 +- 0.363381  	chisq 15.6732 (2 df)

Iteration 4:  10000000 integrand evaluations so far
[1] 1.51812 +- 0.363376  	chisq 18.4556 (3 df)

Iteration 5:  15000000 integrand evaluations so far
[1] 1.56786 +- 0.363161  	chisq 34.3013 (4 df)

Iteration 6:  21000000 integrand evaluations so far
[1] 1.59989 +- 0.363097  	chisq 56.2633 (5 df)

Iteration 7:  28000000 integrand evaluations so far
[1] 1.82119 +- 0.362514  	chisq 172.014 (6 df)

Iteration 8:  36000000 integrand evaluations so far
[1] 2.22097 +- 0.361394  	chisq 369.165 (7 df)

Iteration 9:  45000000 integrand evaluations so far
[1] 2.52572 +- 0.360708  	chisq 556.59 (8 df)

Iteration 10:  55000000 integrand evaluations so far
[1] 3.92797 +- 0.357369  	chisq 1376.73 (9 df)
    3.93 ±   0.36        (1.33mi) ┃      18 ±    9.2        (11.7mi) ┃
┃   70 -    72 ┃   46 -    47 ┃  75.951 ±  0.034        (1.76mi) ┃ -65.554 ±   0.02        (22.4mi) ┃Vegas input parameters:
  ndim 10
  ncomp 1
  nvec 1
  epsrel 0
  epsabs 0
  flags 10
  seed 123456
  mineval 50000000
  maxeval 50000000
  nstart 1000000
  nincrease 1000000
  nbatch 5000
  gridno 0
  statefile ""

Iteration 1:  1000000 integrand evaluations so far
[1] 0.0478881 +- 35.8011  	chisq 0 (0 df)

Iteration 2:  3000000 integrand evaluations so far
[1] 2.76597 +- 17.399  	chisq 0.00754653 (1 df)

Iteration 3:  6000000 integrand evaluations so far
[1] 2.18336 +- 17.3884  	chisq 0.933948 (2 df)

Iteration 4:  10000000 integrand evaluations so far
[1] -0.313185 +- 16.8527  	chisq 1.27374 (3 df)

Iteration 5:  15000000 integrand evaluations so far
[1] -0.450015 +- 16.8475  	chisq 1.3793 (4 df)

Iteration 6:  21000000 integrand evaluations so far
[1] -4.80753 +- 16.4711  	chisq 2.8934 (5 df)

Iteration 7:  28000000 integrand evaluations so far
[1] -10.4353 +- 15.4467  	chisq 3.86207 (6 df)

Iteration 8:  36000000 integrand evaluations so far
[1] -6.00011 +- 8.95863  	chisq 3.9863 (7 df)

Iteration 9:  45000000 integrand evaluations so far
[1] -2.45429 +- 8.2921  	chisq 5.07977 (8 df)

Iteration 10:  55000000 integrand evaluations so far
[1] -1.29952 +- 8.24893  	chisq 6.9471 (9 df)
    -1.3 ±    8.2        (3.57mi) ┃Vegas input parameters:
  ndim 8
  ncomp 1
  nvec 1
  epsrel 0
  epsabs 0
  flags 10
  seed 123456
  mineval 5000000
  maxeval 50000000
  nstart 1000000
  nincrease 1000000
  nbatch 5000
  gridno 0
  statefile ""

Iteration 1:  1000000 integrand evaluations so far
[1] 79.6789 +- 19.5972  	chisq 0 (0 df)

Iteration 2:  3000000 integrand evaluations so far
[1] 83.3909 +- 18.002  	chisq 0.229726 (1 df)

Iteration 3:  6000000 integrand evaluations so far
[1] 85.1483 +- 17.3355  	chisq 0.360864 (2 df)

Iteration 4:  10000000 integrand evaluations so far
[1] 53.7685 +- 10.8909  	chisq 5.77402 (3 df)

Iteration 5:  15000000 integrand evaluations so far
[1] 54.3615 +- 8.12424  	chisq 5.7807 (4 df)

Iteration 6:  21000000 integrand evaluations so far
[1] 56.1447 +- 6.18956  	chisq 5.89552 (5 df)

Iteration 7:  28000000 integrand evaluations so far
[1] 49.1769 +- 2.37575  	chisq 7.38175 (6 df)

Iteration 8:  36000000 integrand evaluations so far
[1] 54.4759 +- 1.77182  	chisq 18.5918 (7 df)

Iteration 9:  45000000 integrand evaluations so far
[1] 57.4952 +- 1.20068  	chisq 23.9615 (8 df)

Iteration 10:  55000000 integrand evaluations so far
[1] 57.635 +- 1.19834  	chisq 27.4378 (9 df)
    57.6 ±    1.2        ( 1.3mi) ┃    66.7 ±    8.3        (  29mi) ┃
┃   70 -    72 ┃   47 -    48 ┃  56.055 ±  0.024        (6.53mi) ┃-48.3241 ± 0.0029        (5.55mi) ┃Vegas input parameters:
  ndim 10
  ncomp 1
  nvec 1
  epsrel 0
  epsabs 0
  flags 10
  seed 123456
  mineval 50000000
  maxeval 50000000
  nstart 1000000
  nincrease 1000000
  nbatch 5000
  gridno 0
  statefile ""

Iteration 1:  1000000 integrand evaluations so far
[1] 50.2535 +- 135.327  	chisq 0 (0 df)

Iteration 2:  3000000 integrand evaluations so far
[1] 67.3902 +- 134.129  	chisq 0.909301 (1 df)

Iteration 3:  6000000 integrand evaluations so far
[1] -43.28 +- 44.6812  	chisq 1.67507 (2 df)

Iteration 4:  10000000 integrand evaluations so far
[1] -10.9711 +- 21.7506  	chisq 2.36033 (3 df)

Iteration 5:  15000000 integrand evaluations so far
[1] -15.4293 +- 18.7577  	chisq 2.52426 (4 df)

Iteration 6:  21000000 integrand evaluations so far
[1] -0.383014 +- 11.2767  	chisq 3.53186 (5 df)

Iteration 7:  28000000 integrand evaluations so far
[1] -2.35482 +- 11.0582  	chisq 4.32846 (6 df)

Iteration 8:  36000000 integrand evaluations so far
[1] -0.668554 +- 10.6654  	chisq 4.66172 (7 df)

Iteration 9:  45000000 integrand evaluations so far
[1] -2.3365 +- 9.21381  	chisq 4.75813 (8 df)

Iteration 10:  55000000 integrand evaluations so far
[1] -2.52149 +- 9.21168  	chisq 5.63335 (9 df)
    -2.5 ±    9.2        (3.57mi) ┃Vegas input parameters:
  ndim 8
  ncomp 1
  nvec 1
  epsrel 0
  epsabs 0
  flags 10
  seed 123456
  mineval 5000000
  maxeval 50000000
  nstart 1000000
  nincrease 1000000
  nbatch 5000
  gridno 0
  statefile ""

Iteration 1:  1000000 integrand evaluations so far
[1] 57.5687 +- 18.8399  	chisq 0 (0 df)

Iteration 2:  3000000 integrand evaluations so far
[1] 6.91627 +- 2.28158  	chisq 7.33598 (1 df)

Iteration 3:  6000000 integrand evaluations so far
[1] 7.2809 +- 2.25746  	chisq 8.55034 (2 df)

Iteration 4:  10000000 integrand evaluations so far
[1] 9.409 +- 1.93333  	chisq 11.8843 (3 df)

Iteration 5:  15000000 integrand evaluations so far
[1] 9.86934 +- 1.92698  	chisq 20.533 (4 df)

Iteration 6:  21000000 integrand evaluations so far
[1] 13.7648 +- 1.82063  	chisq 58.6046 (5 df)

Iteration 7:  28000000 integrand evaluations so far
[1] 16.4636 +- 1.7792  	chisq 107.443 (6 df)

Iteration 8:  36000000 integrand evaluations so far
[1] 24.0779 +- 1.62522  	chisq 218.046 (7 df)

Iteration 9:  45000000 integrand evaluations so far
[1] 38.6643 +- 1.2468  	chisq 413.808 (8 df)

Iteration 10:  55000000 integrand evaluations so far
[1] 47.9761 +- 0.989701  	chisq 564.608 (9 df)
   47.98 ±   0.99        (1.33mi) ┃    53.2 ±    9.3        (  17mi) ┃
┃   70 -    72 ┃   48 -    49 ┃  57.278 ±  0.046        (3.43mi) ┃ -49.203 ±  0.025        ( 43.2s) ┃Vegas input parameters:
  ndim 10
  ncomp 1
  nvec 1
  epsrel 0
  epsabs 0
  flags 10
  seed 123456
  mineval 50000000
  maxeval 50000000
  nstart 1000000
  nincrease 1000000
  nbatch 5000
  gridno 0
  statefile ""

Iteration 1:  1000000 integrand evaluations so far
[1] -128.522 +- 103.055  	chisq 0 (0 df)

Iteration 2:  3000000 integrand evaluations so far
[1] 6.30353 +- 64.4583  	chisq 2.81152 (1 df)

Iteration 3:  6000000 integrand evaluations so far
[1] 0.29396 +- 7.31517  	chisq 2.82032 (2 df)

Iteration 4:  10000000 integrand evaluations so far
[1] -1.6481 +- 7.1257  	chisq 4.1988 (3 df)

Iteration 5:  15000000 integrand evaluations so far
[1] -1.06476 +- 7.10067  	chisq 5.15452 (4 df)

Iteration 6:  21000000 integrand evaluations so far
[1] -1.75183 +- 7.06733  	chisq 6.15364 (5 df)

Iteration 7:  28000000 integrand evaluations so far
[1] -3.39435 +- 5.71499  	chisq 6.30971 (6 df)

Iteration 8:  36000000 integrand evaluations so far
[1] -5.35173 +- 5.48886  	chisq 7.82199 (7 df)

Iteration 9:  45000000 integrand evaluations so far
[1] -7.03392 +- 5.37208  	chisq 10.053 (8 df)

Iteration 10:  55000000 integrand evaluations so far
[1] -6.85121 +- 4.95427  	chisq 10.0608 (9 df)
    -6.9 ±      5        (3.58mi) ┃Vegas input parameters:
  ndim 8
  ncomp 1
  nvec 1
  epsrel 0
  epsabs 0
  flags 10
  seed 123456
  mineval 5000000
  maxeval 50000000
  nstart 1000000
  nincrease 1000000
  nbatch 5000
  gridno 0
  statefile ""

Iteration 1:  1000000 integrand evaluations so far
[1] 104.511 +- 23.458  	chisq 0 (0 df)

Iteration 2:  3000000 integrand evaluations so far
[1] 69.5322 +- 15.6629  	chisq 4.01211 (1 df)

Iteration 3:  6000000 integrand evaluations so far
[1] 73.8559 +- 15.178  	chisq 5.2621 (2 df)

Iteration 4:  10000000 integrand evaluations so far
[1] 74.8829 +- 15.1545  	chisq 6.74168 (3 df)

Iteration 5:  15000000 integrand evaluations so far
[1] 69.6936 +- 12.3365  	chisq 7.08928 (4 df)

Iteration 6:  21000000 integrand evaluations so far
[1] 71.6015 +- 11.8835  	chisq 7.42106 (5 df)

Iteration 7:  28000000 integrand evaluations so far
[1] 59.1283 +- 5.84799  	chisq 8.87484 (6 df)

Iteration 8:  36000000 integrand evaluations so far
[1] 59.3503 +- 5.84356  	chisq 9.82724 (7 df)

Iteration 9:  45000000 integrand evaluations so far
[1] 59.7494 +- 5.2505  	chisq 9.85144 (8 df)

Iteration 10:  55000000 integrand evaluations so far
[1] 56.9588 +- 3.12643  	chisq 10.2891 (9 df)
      57 ±    3.1        (1.29mi) ┃    58.2 ±    5.9        (9.02mi) ┃
┃   70 -    72 ┃   49 -    50 ┃ 72.7008 ± 0.0058        (6.56mi) ┃ -63.211 ±  0.032        (21.7mi) ┃Vegas input parameters:
  ndim 10
  ncomp 1
  nvec 1
  epsrel 0
  epsabs 0
  flags 10
  seed 123456
  mineval 50000000
  maxeval 50000000
  nstart 1000000
  nincrease 1000000
  nbatch 5000
  gridno 0
  statefile ""

Iteration 1:  1000000 integrand evaluations so far
[1] 370.404 +- 306.171  	chisq 0 (0 df)

Iteration 2:  3000000 integrand evaluations so far
[1] 58.6236 +- 51.3756  	chisq 1.06702 (1 df)

Iteration 3:  6000000 integrand evaluations so far
[1] 40.5253 +- 49.674  	chisq 2.972 (2 df)

Iteration 4:  10000000 integrand evaluations so far
[1] 51.0685 +- 35.6741  	chisq 3.06503 (3 df)

Iteration 5:  15000000 integrand evaluations so far
[1] 29.9976 +- 32.5163  	chisq 5.12685 (4 df)

Iteration 6:  21000000 integrand evaluations so far
[1] -1.28806 +- 17.9263  	chisq 6.45681 (5 df)

Iteration 7:  28000000 integrand evaluations so far
[1] -7.41663 +- 5.90934  	chisq 6.58794 (6 df)

Iteration 8:  36000000 integrand evaluations so far
[1] -6.50937 +- 5.85584  	chisq 7.89571 (7 df)

Iteration 9:  45000000 integrand evaluations so far
[1] -5.78484 +- 5.83756  	chisq 10.3517 (8 df)

Iteration 10:  55000000 integrand evaluations so far
[1] -2.79753 +- 5.07651  	chisq 11.4261 (9 df)
    -2.8 ±    5.1        (3.59mi) ┃Vegas input parameters:
  ndim 8
  ncomp 1
  nvec 1
  epsrel 0
  epsabs 0
  flags 10
  seed 123456
  mineval 5000000
  maxeval 50000000
  nstart 1000000
  nincrease 1000000
  nbatch 5000
  gridno 0
  statefile ""

Iteration 1:  1000000 integrand evaluations so far
[1] 44.9355 +- 14.4353  	chisq 0 (0 df)

Iteration 2:  3000000 integrand evaluations so far
[1] 42.9451 +- 13.0069  	chisq 0.101069 (1 df)

Iteration 3:  6000000 integrand evaluations so far
[1] 43.8588 +- 12.5963  	chisq 0.180461 (2 df)

Iteration 4:  10000000 integrand evaluations so far
[1] 45.1707 +- 12.5128  	chisq 1.00149 (3 df)

Iteration 5:  15000000 integrand evaluations so far
[1] 46.3203 +- 12.171  	chisq 1.15819 (4 df)

Iteration 6:  21000000 integrand evaluations so far
[1] 39.2718 +- 8.69977  	chisq 1.84394 (5 df)

Iteration 7:  28000000 integrand evaluations so far
[1] 43.8471 +- 7.58514  	chisq 2.9972 (6 df)

Iteration 8:  36000000 integrand evaluations so far
[1] 47.6645 +- 4.35597  	chisq 3.37513 (7 df)

Iteration 9:  45000000 integrand evaluations so far
[1] 50.9181 +- 4.12161  	chisq 8.70298 (8 df)

Iteration 10:  55000000 integrand evaluations so far
[1] 53.6682 +- 3.42153  	chisq 10.1352 (9 df)
    53.7 ±    3.4        (1.33mi) ┃    60.4 ±    6.1        (33.2mi) ┃
┃   70 -    72 ┃   50 -    51 ┃   62.73 ±  0.056        ( 27.5s) ┃ -54.346 ±  0.036        (21.5mi) ┃Vegas input parameters:
  ndim 10
  ncomp 1
  nvec 1
  epsrel 0
  epsabs 0
  flags 10
  seed 123456
  mineval 50000000
  maxeval 50000000
  nstart 1000000
  nincrease 1000000
  nbatch 5000
  gridno 0
  statefile ""

Iteration 1:  1000000 integrand evaluations so far
[1] -9.27861 +- 16.0926  	chisq 0 (0 df)

Iteration 2:  3000000 integrand evaluations so far
[1] -18.5606 +- 10.7601  	chisq 0.601684 (1 df)

Iteration 3:  6000000 integrand evaluations so far
[1] -15.5754 +- 10.4897  	chisq 2.15236 (2 df)

Iteration 4:  10000000 integrand evaluations so far
[1] -18.485 +- 10.1694  	chisq 3.43161 (3 df)

Iteration 5:  15000000 integrand evaluations so far
[1] -20.9548 +- 9.61486  	chisq 3.98763 (4 df)

Iteration 6:  21000000 integrand evaluations so far
[1] -17.6841 +- 9.47391  	chisq 7.96364 (5 df)

Iteration 7:  28000000 integrand evaluations so far
[1] -11.5481 +- 8.85701  	chisq 11.2931 (6 df)

Iteration 8:  36000000 integrand evaluations so far
[1] -9.43942 +- 8.26086  	chisq 11.7288 (7 df)

Iteration 9:  45000000 integrand evaluations so far
[1] -10.5426 +- 8.03718  	chisq 12.0627 (8 df)

Iteration 10:  55000000 integrand evaluations so far
[1] -14.7647 +- 7.68276  	chisq 15.2622 (9 df)
   -14.8 ±    7.7        ( 3.6mi) ┃Vegas input parameters:
  ndim 8
  ncomp 1
  nvec 1
  epsrel 0
  epsabs 0
  flags 10
  seed 123456
  mineval 5000000
  maxeval 50000000
  nstart 1000000
  nincrease 1000000
  nbatch 5000
  gridno 0
  statefile ""

Iteration 1:  1000000 integrand evaluations so far
[1] 80.2438 +- 20.2597  	chisq 0 (0 df)

Iteration 2:  3000000 integrand evaluations so far
[1] 81.6297 +- 20.1183  	chisq 0.336559 (1 df)

Iteration 3:  6000000 integrand evaluations so far
[1] 22.163 +- 6.7634  	chisq 10.1869 (2 df)

Iteration 4:  10000000 integrand evaluations so far
[1] 23.8599 +- 6.51789  	chisq 11.07 (3 df)

Iteration 5:  15000000 integrand evaluations so far
[1] 26.1952 +- 6.25847  	chisq 12.7154 (4 df)

Iteration 6:  21000000 integrand evaluations so far
[1] 27.6988 +- 6.16646  	chisq 14.693 (5 df)

Iteration 7:  28000000 integrand evaluations so far
[1] 29.2131 +- 6.07754  	chisq 16.799 (6 df)

Iteration 8:  36000000 integrand evaluations so far
[1] 39.0704 +- 4.80235  	chisq 23.8026 (7 df)

Iteration 9:  45000000 integrand evaluations so far
[1] 48.7553 +- 3.14423  	chisq 30.9211 (8 df)

Iteration 10:  55000000 integrand evaluations so far
[1] 51.8559 +- 1.46622  	chisq 32.1639 (9 df)
    51.9 ±    1.5        (1.32mi) ┃    45.5 ±    7.8        (26.9mi) ┃
┃   70 -    72 ┃   51 -    52 ┃  53.051 ±  0.022        (6.53mi) ┃ -45.826 ±   0.04        (10.8mi) ┃Vegas input parameters:
  ndim 10
  ncomp 1
  nvec 1
  epsrel 0
  epsabs 0
  flags 10
  seed 123456
  mineval 50000000
  maxeval 50000000
  nstart 1000000
  nincrease 1000000
  nbatch 5000
  gridno 0
  statefile ""

Iteration 1:  1000000 integrand evaluations so far
[1] -10.8368 +- 33.1934  	chisq 0 (0 df)

Iteration 2:  3000000 integrand evaluations so far
[1] 11.5299 +- 16.7385  	chisq 0.608881 (1 df)

Iteration 3:  6000000 integrand evaluations so far
[1] 14.9416 +- 16.3656  	chisq 1.55167 (2 df)

Iteration 4:  10000000 integrand evaluations so far
[1] 3.13876 +- 12.6033  	chisq 2.82986 (3 df)

Iteration 5:  15000000 integrand evaluations so far
[1] 0.649029 +- 11.4018  	chisq 3.04477 (4 df)

Iteration 6:  21000000 integrand evaluations so far
[1] -2.19427 +- 10.7323  	chisq 3.59031 (5 df)

Iteration 7:  28000000 integrand evaluations so far
[1] -1.41345 +- 10.6925  	chisq 4.30526 (6 df)

Iteration 8:  36000000 integrand evaluations so far
[1] -2.05047 +- 10.6623  	chisq 4.93559 (7 df)

Iteration 9:  45000000 integrand evaluations so far
[1] -9.48395 +- 9.70593  	chisq 7.77218 (8 df)

Iteration 10:  55000000 integrand evaluations so far
[1] -7.91094 +- 9.13491  	chisq 8.00217 (9 df)
    -7.9 ±    9.1        (3.63mi) ┃Vegas input parameters:
  ndim 8
  ncomp 1
  nvec 1
  epsrel 0
  epsabs 0
  flags 10
  seed 123456
  mineval 5000000
  maxeval 50000000
  nstart 1000000
  nincrease 1000000
  nbatch 5000
  gridno 0
  statefile ""

Iteration 1:  1000000 integrand evaluations so far
[1] 44.3994 +- 13.8057  	chisq 0 (0 df)

Iteration 2:  3000000 integrand evaluations so far
[1] 5.65091 +- 1.73723  	chisq 8.00432 (1 df)

Iteration 3:  6000000 integrand evaluations so far
[1] 5.75677 +- 1.17665  	chisq 8.01118 (2 df)

Iteration 4:  10000000 integrand evaluations so far
[1] 7.40052 +- 1.07917  	chisq 20.2979 (3 df)

Iteration 5:  15000000 integrand evaluations so far
[1] 7.94013 +- 1.07317  	chisq 42.8601 (4 df)

Iteration 6:  21000000 integrand evaluations so far
[1] 8.69653 +- 1.06511  	chisq 76.0446 (5 df)

Iteration 7:  28000000 integrand evaluations so far
[1] 10.1317 +- 1.05  	chisq 140.49 (6 df)

Iteration 8:  36000000 integrand evaluations so far
[1] 14.4232 +- 1.00362  	chisq 333.862 (7 df)

Iteration 9:  45000000 integrand evaluations so far
[1] 20.7659 +- 0.934139  	chisq 632.65 (8 df)

Iteration 10:  55000000 integrand evaluations so far
[1] 32.8692 +- 0.78814  	chisq 1215.23 (9 df)
   32.87 ±   0.79        (1.29mi) ┃    32.2 ±    9.2        (22.3mi) ┃
┃   70 -    72 ┃   52 -    53 ┃  61.343 ±  0.039        (1.93mi) ┃ -53.176 ±  0.014        (10.7mi) ┃Vegas input parameters:
  ndim 10
  ncomp 1
  nvec 1
  epsrel 0
  epsabs 0
  flags 10
  seed 123456
  mineval 50000000
  maxeval 50000000
  nstart 1000000
  nincrease 1000000
  nbatch 5000
  gridno 0
  statefile ""

Iteration 1:  1000000 integrand evaluations so far
[1] -113.019 +- 140.804  	chisq 0 (0 df)

Iteration 2:  3000000 integrand evaluations so far
[1] -15.3046 +- 9.32908  	chisq 0.483728 (1 df)

Iteration 3:  6000000 integrand evaluations so far
[1] -12.8813 +- 8.70102  	chisq 1.00231 (2 df)

Iteration 4:  10000000 integrand evaluations so far
[1] -6.96399 +- 7.30653  	chisq 2.57089 (3 df)

Iteration 5:  15000000 integrand evaluations so far
[1] -6.53039 +- 7.06411  	chisq 2.62485 (4 df)

Iteration 6:  21000000 integrand evaluations so far
[1] -7.29587 +- 6.95401  	chisq 3.00453 (5 df)

Iteration 7:  28000000 integrand evaluations so far
[1] -6.5907 +- 6.93632  	chisq 5.02845 (6 df)

Iteration 8:  36000000 integrand evaluations so far
[1] -8.62367 +- 6.36893  	chisq 5.57591 (7 df)

Iteration 9:  45000000 integrand evaluations so far
[1] -6.53334 +- 6.13465  	chisq 7.06751 (8 df)

Iteration 10:  55000000 integrand evaluations so far
[1] -5.74774 +- 6.05266  	chisq 7.68517 (9 df)
    -5.7 ±    6.1        (3.58mi) ┃Vegas input parameters:
  ndim 8
  ncomp 1
  nvec 1
  epsrel 0
  epsabs 0
  flags 10
  seed 123456
  mineval 5000000
  maxeval 50000000
  nstart 1000000
  nincrease 1000000
  nbatch 5000
  gridno 0
  statefile ""

Iteration 1:  1000000 integrand evaluations so far
[1] 59.8535 +- 17.7272  	chisq 0 (0 df)

Iteration 2:  3000000 integrand evaluations so far
[1] 4.3958 +- 0.96701  	chisq 9.81603 (1 df)

Iteration 3:  6000000 integrand evaluations so far
[1] 4.42451 +- 0.966801  	chisq 11.8568 (2 df)

Iteration 4:  10000000 integrand evaluations so far
[1] 5.00862 +- 0.953903  	chisq 25.6292 (3 df)

Iteration 5:  15000000 integrand evaluations so far
[1] 5.04172 +- 0.953732  	chisq 28.9924 (4 df)

Iteration 6:  21000000 integrand evaluations so far
[1] 6.28204 +- 0.937094  	chisq 77.8941 (5 df)

Iteration 7:  28000000 integrand evaluations so far
[1] 7.05011 +- 0.929969  	chisq 122.241 (6 df)

Iteration 8:  36000000 integrand evaluations so far
[1] 9.87044 +- 0.90244  	chisq 279.923 (7 df)

Iteration 9:  45000000 integrand evaluations so far
[1] 16.3917 +- 0.838559  	chisq 662.3 (8 df)

Iteration 10:  55000000 integrand evaluations so far
[1] 20.8872 +- 0.795689  	chisq 950.762 (9 df)
   20.89 ±    0.8        ( 1.3mi) ┃    23.3 ±    6.1        (17.6mi) ┃
┃   70 -    72 ┃   53 -    54 ┃  58.265 ±  0.017        (3.26mi) ┃ -50.618 ±  0.019        (10.8mi) ┃Vegas input parameters:
  ndim 10
  ncomp 1
  nvec 1
  epsrel 0
  epsabs 0
  flags 10
  seed 123456
  mineval 50000000
  maxeval 50000000
  nstart 1000000
  nincrease 1000000
  nbatch 5000
  gridno 0
  statefile ""

Iteration 1:  1000000 integrand evaluations so far
[1] -23.5804 +- 24.7438  	chisq 0 (0 df)

Iteration 2:  3000000 integrand evaluations so far
[1] -12.9501 +- 22.3087  	chisq 0.986254 (1 df)

Iteration 3:  6000000 integrand evaluations so far
[1] -6.59604 +- 21.3691  	chisq 1.97007 (2 df)

Iteration 4:  10000000 integrand evaluations so far
[1] -1.29442 +- 12.3757  	chisq 2.06269 (3 df)

Iteration 5:  15000000 integrand evaluations so far
[1] -4.45534 +- 12.003  	chisq 3.16223 (4 df)

Iteration 6:  21000000 integrand evaluations so far
[1] -4.69034 +- 11.727  	chisq 3.17066 (5 df)

Iteration 7:  28000000 integrand evaluations so far
[1] -3.16813 +- 11.5272  	chisq 3.66918 (6 df)

Iteration 8:  36000000 integrand evaluations so far
[1] -3.97624 +- 11.4922  	chisq 4.47971 (7 df)

Iteration 9:  45000000 integrand evaluations so far
[1] -12.0906 +- 9.64399  	chisq 6.16526 (8 df)

Iteration 10:  55000000 integrand evaluations so far
[1] -9.96174 +- 9.44689  	chisq 7.3697 (9 df)
     -10 ±    9.4        (3.57mi) ┃Vegas input parameters:
  ndim 8
  ncomp 1
  nvec 1
  epsrel 0
  epsabs 0
  flags 10
  seed 123456
  mineval 5000000
  maxeval 50000000
  nstart 1000000
  nincrease 1000000
  nbatch 5000
  gridno 0
  statefile ""

Iteration 1:  1000000 integrand evaluations so far
[1] 85.2542 +- 21.4624  	chisq 0 (0 df)

Iteration 2:  3000000 integrand evaluations so far
[1] 18.1678 +- 5.0633  	chisq 10.3462 (1 df)

Iteration 3:  6000000 integrand evaluations so far
[1] 19.0033 +- 5.01953  	chisq 11.9281 (2 df)

Iteration 4:  10000000 integrand evaluations so far
[1] 20.3856 +- 4.93035  	chisq 14.0816 (3 df)

Iteration 5:  15000000 integrand evaluations so far
[1] 23.3834 +- 4.62391  	chisq 17.151 (4 df)

Iteration 6:  21000000 integrand evaluations so far
[1] 30.0864 +- 4.06524  	chisq 26.4067 (5 df)

Iteration 7:  28000000 integrand evaluations so far
[1] 37.3233 +- 2.58524  	chisq 31.7275 (6 df)

Iteration 8:  36000000 integrand evaluations so far
[1] 39.3509 +- 2.46068  	chisq 38.2684 (7 df)

Iteration 9:  45000000 integrand evaluations so far
[1] 44.1187 +- 2.15439  	chisq 54.3504 (8 df)

Iteration 10:  55000000 integrand evaluations so far
[1] 50.0977 +- 1.38377  	chisq 67.4614 (9 df)
    50.1 ±    1.4        (1.28mi) ┃    47.8 ±    9.5        (18.9mi) ┃
┃   70 -    72 ┃   54 -    55 ┃  59.569 ±  0.053        (3.25mi) ┃ -51.122 ±  0.031        (21.3mi) ┃Vegas input parameters:
  ndim 10
  ncomp 1
  nvec 1
  epsrel 0
  epsabs 0
  flags 10
  seed 123456
  mineval 50000000
  maxeval 50000000
  nstart 1000000
  nincrease 1000000
  nbatch 5000
  gridno 0
  statefile ""

Iteration 1:  1000000 integrand evaluations so far
[1] -2.74035 +- 55.4947  	chisq 0 (0 df)

Iteration 2:  3000000 integrand evaluations so far
[1] -10.1698 +- 19.4608  	chisq 0.020436 (1 df)

Iteration 3:  6000000 integrand evaluations so far
[1] -18.7013 +- 14.8583  	chisq 0.481255 (2 df)

Iteration 4:  10000000 integrand evaluations so far
[1] -13.7731 +- 10.9694  	chisq 0.723056 (3 df)

Iteration 5:  15000000 integrand evaluations so far
[1] -14.9226 +- 10.9029  	chisq 1.63143 (4 df)

Iteration 6:  21000000 integrand evaluations so far
[1] -14.1328 +- 10.7321  	chisq 1.80022 (5 df)

Iteration 7:  28000000 integrand evaluations so far
[1] -7.02771 +- 8.90518  	chisq 3.20738 (6 df)

Iteration 8:  36000000 integrand evaluations so far
[1] -7.51437 +- 8.86343  	chisq 3.52667 (7 df)

Iteration 9:  45000000 integrand evaluations so far
[1] -5.51047 +- 8.27216  	chisq 3.92301 (8 df)

Iteration 10:  55000000 integrand evaluations so far
[1] -6.11206 +- 7.59285  	chisq 3.95659 (9 df)
    -6.1 ±    7.6        (3.61mi) ┃Vegas input parameters:
  ndim 8
  ncomp 1
  nvec 1
  epsrel 0
  epsabs 0
  flags 10
  seed 123456
  mineval 5000000
  maxeval 50000000
  nstart 1000000
  nincrease 1000000
  nbatch 5000
  gridno 0
  statefile ""

Iteration 1:  1000000 integrand evaluations so far
[1] 77.5215 +- 21.0385  	chisq 0 (0 df)

Iteration 2:  3000000 integrand evaluations so far
[1] 28.917 +- 9.72167  	chisq 6.78643 (1 df)

Iteration 3:  6000000 integrand evaluations so far
[1] 2.7175 +- 0.572418  	chisq 14.0745 (2 df)

Iteration 4:  10000000 integrand evaluations so far
[1] 2.86899 +- 0.570273  	chisq 23.437 (3 df)

Iteration 5:  15000000 integrand evaluations so far
[1] 3.07066 +- 0.56895  	chisq 50.4221 (4 df)

Iteration 6:  21000000 integrand evaluations so far
[1] 3.24963 +- 0.568119  	chisq 84.3009 (5 df)

Iteration 7:  28000000 integrand evaluations so far
[1] 4.31321 +- 0.562111  	chisq 250.891 (6 df)

Iteration 8:  36000000 integrand evaluations so far
[1] 6.39752 +- 0.549741  	chisq 566.772 (7 df)

Iteration 9:  45000000 integrand evaluations so far
[1] 6.71722 +- 0.5481  	chisq 623.495 (8 df)

Iteration 10:  55000000 integrand evaluations so far
[1] 9.50933 +- 0.531291  	chisq 1053.19 (9 df)
    9.51 ±   0.53        (1.32mi) ┃    11.8 ±    7.6        (29.5mi) ┃
┃   70 -    72 ┃   55 -    56 ┃  50.983 ±  0.038        ( 51.8s) ┃ -43.827 ±  0.028        (1.47mi) ┃Vegas input parameters:
  ndim 10
  ncomp 1
  nvec 1
  epsrel 0
  epsabs 0
  flags 10
  seed 123456
  mineval 50000000
  maxeval 50000000
  nstart 1000000
  nincrease 1000000
  nbatch 5000
  gridno 0
  statefile ""

Iteration 1:  1000000 integrand evaluations so far
[1] 16.748 +- 16.5508  	chisq 0 (0 df)

Iteration 2:  3000000 integrand evaluations so far
[1] 10.713 +- 14.2274  	chisq 0.509301 (1 df)

Iteration 3:  6000000 integrand evaluations so far
[1] 7.97768 +- 14.115  	chisq 2.85609 (2 df)

Iteration 4:  10000000 integrand evaluations so far
[1] 9.87347 +- 13.5509  	chisq 3.0864 (3 df)

Iteration 5:  15000000 integrand evaluations so far
[1] 10.5854 +- 13.5297  	chisq 3.96998 (4 df)

Iteration 6:  21000000 integrand evaluations so far
[1] 10.791 +- 13.5043  	chisq 4.03134 (5 df)

Iteration 7:  28000000 integrand evaluations so far
[1] 9.28899 +- 13.4666  	chisq 6.25322 (6 df)

Iteration 8:  36000000 integrand evaluations so far
[1] 6.74675 +- 13.2847  	chisq 7.58158 (7 df)

Iteration 9:  45000000 integrand evaluations so far
[1] 9.92342 +- 10.5101  	chisq 7.73443 (8 df)

Iteration 10:  55000000 integrand evaluations so far
[1] 9.93415 +- 9.86902  	chisq 7.73444 (9 df)
     9.9 ±    9.9        (3.58mi) ┃Vegas input parameters:
  ndim 8
  ncomp 1
  nvec 1
  epsrel 0
  epsabs 0
  flags 10
  seed 123456
  mineval 5000000
  maxeval 50000000
  nstart 1000000
  nincrease 1000000
  nbatch 5000
  gridno 0
  statefile ""

Iteration 1:  1000000 integrand evaluations so far
[1] 80.4923 +- 20.8549  	chisq 0 (0 df)

Iteration 2:  3000000 integrand evaluations so far
[1] 37.0819 +- 9.02651  	chisq 5.33166 (1 df)

Iteration 3:  6000000 integrand evaluations so far
[1] 33.8972 +- 6.94992  	chisq 5.63738 (2 df)

Iteration 4:  10000000 integrand evaluations so far
[1] 34.9182 +- 6.86913  	chisq 6.57107 (3 df)

Iteration 5:  15000000 integrand evaluations so far
[1] 35.5674 +- 6.83534  	chisq 7.48136 (4 df)

Iteration 6:  21000000 integrand evaluations so far
[1] 36.932 +- 4.99527  	chisq 7.5669 (5 df)

Iteration 7:  28000000 integrand evaluations so far
[1] 41.6772 +- 4.29495  	chisq 11.0277 (6 df)

Iteration 8:  36000000 integrand evaluations so far
[1] 43.1961 +- 2.41219  	chisq 11.2104 (7 df)

Iteration 9:  45000000 integrand evaluations so far
[1] 45.4671 +- 1.80476  	chisq 13.2239 (8 df)

Iteration 10:  55000000 integrand evaluations so far
[1] 45.9204 +- 1.78304  	chisq 15.8617 (9 df)
    45.9 ±    1.8        (1.32mi) ┃      63 ±     10        (7.23mi) ┃
┃   70 -    72 ┃   56 -    57 ┃  57.375 ±  0.054        (3.26mi) ┃ -49.319 ±  0.023        (5.54mi) ┃Vegas input parameters:
  ndim 10
  ncomp 1
  nvec 1
  epsrel 0
  epsabs 0
  flags 10
  seed 123456
  mineval 50000000
  maxeval 50000000
  nstart 1000000
  nincrease 1000000
  nbatch 5000
  gridno 0
  statefile ""

Iteration 1:  1000000 integrand evaluations so far
[1] -34.9375 +- 25.8301  	chisq 0 (0 df)

Iteration 2:  3000000 integrand evaluations so far
[1] -15.3995 +- 13.7988  	chisq 0.800634 (1 df)

Iteration 3:  6000000 integrand evaluations so far
[1] -10.2768 +- 11.1743  	chisq 1.20102 (2 df)

Iteration 4:  10000000 integrand evaluations so far
[1] -7.59234 +- 10.6169  	chisq 1.7943 (3 df)

Iteration 5:  15000000 integrand evaluations so far
[1] 2.41718 +- 9.71991  	chisq 7.28668 (4 df)

Iteration 6:  21000000 integrand evaluations so far
[1] 2.77737 +- 9.71279  	chisq 8.22402 (5 df)

Iteration 7:  28000000 integrand evaluations so far
[1] 2.85232 +- 9.45069  	chisq 8.22514 (6 df)

Iteration 8:  36000000 integrand evaluations so far
[1] 7.17947 +- 8.08344  	chisq 9.00617 (7 df)

Iteration 9:  45000000 integrand evaluations so far
[1] 7.92097 +- 7.71325  	chisq 9.1002 (8 df)

Iteration 10:  55000000 integrand evaluations so far
[1] 7.65306 +- 7.55335  	chisq 9.1296 (9 df)
     7.7 ±    7.6        (3.57mi) ┃Vegas input parameters:
  ndim 8
  ncomp 1
  nvec 1
  epsrel 0
  epsabs 0
  flags 10
  seed 123456
  mineval 5000000
  maxeval 50000000
  nstart 1000000
  nincrease 1000000
  nbatch 5000
  gridno 0
  statefile ""

Iteration 1:  1000000 integrand evaluations so far
[1] 46.5289 +- 16.2756  	chisq 0 (0 df)

Iteration 2:  3000000 integrand evaluations so far
[1] 48.5904 +- 15.7799  	chisq 0.267456 (1 df)

Iteration 3:  6000000 integrand evaluations so far
[1] 4.38198 +- 1.27515  	chisq 8.16783 (2 df)

Iteration 4:  10000000 integrand evaluations so far
[1] 4.41466 +- 1.27493  	chisq 10.0874 (3 df)

Iteration 5:  15000000 integrand evaluations so far
[1] 5.42138 +- 1.25093  	chisq 26.8055 (4 df)

Iteration 6:  21000000 integrand evaluations so far
[1] 5.73226 +- 1.24673  	chisq 36.0166 (5 df)

Iteration 7:  28000000 integrand evaluations so far
[1] 6.16622 +- 1.24053  	chisq 48.2257 (6 df)

Iteration 8:  36000000 integrand evaluations so far
[1] 10.3101 +- 1.16939  	chisq 148.388 (7 df)

Iteration 9:  45000000 integrand evaluations so far
[1] 16.2015 +- 1.07655  	chisq 314.849 (8 df)

Iteration 10:  55000000 integrand evaluations so far
[1] 25.0989 +- 0.930373  	chisq 584.692 (9 df)
    25.1 ±   0.93        (1.29mi) ┃    40.8 ±    7.6        (13.7mi) ┃
┃   70 -    72 ┃   57 -    58 ┃  63.715 ±  0.045        (3.24mi) ┃ -54.779 ±  0.048        (21.1mi) ┃Vegas input parameters:
  ndim 10
  ncomp 1
  nvec 1
  epsrel 0
  epsabs 0
  flags 10
  seed 123456
  mineval 50000000
  maxeval 50000000
  nstart 1000000
  nincrease 1000000
  nbatch 5000
  gridno 0
  statefile ""

Iteration 1:  1000000 integrand evaluations so far
[1] -8.79427 +- 26.0715  	chisq 0 (0 df)

Iteration 2:  3000000 integrand evaluations so far
[1] -1.93849 +- 24.4617  	chisq 0.577781 (1 df)

Iteration 3:  6000000 integrand evaluations so far
[1] -2.53992 +- 24.4542  	chisq 1.55987 (2 df)

Iteration 4:  10000000 integrand evaluations so far
[1] -0.20469 +- 24.3424  	chisq 2.55967 (3 df)

Iteration 5:  15000000 integrand evaluations so far
[1] -8.49176 +- 22.8759  	chisq 3.55145 (4 df)

Iteration 6:  21000000 integrand evaluations so far
[1] 3.07593 +- 7.54382  	chisq 3.83835 (5 df)

Iteration 7:  28000000 integrand evaluations so far
[1] 0.212315 +- 6.703  	chisq 4.52291 (6 df)

Iteration 8:  36000000 integrand evaluations so far
[1] -0.043047 +- 6.69873  	chisq 5.66127 (7 df)

Iteration 9:  45000000 integrand evaluations so far
[1] -0.520442 +- 6.51193  	chisq 5.75363 (8 df)

Iteration 10:  55000000 integrand evaluations so far
[1] -3.01444 +- 6.34247  	chisq 8.60901 (9 df)
      -3 ±    6.3        (3.56mi) ┃Vegas input parameters:
  ndim 8
  ncomp 1
  nvec 1
  epsrel 0
  epsabs 0
  flags 10
  seed 123456
  mineval 5000000
  maxeval 50000000
  nstart 1000000
  nincrease 1000000
  nbatch 5000
  gridno 0
  statefile ""

Iteration 1:  1000000 integrand evaluations so far
[1] 80.9362 +- 21.4341  	chisq 0 (0 df)

Iteration 2:  3000000 integrand evaluations so far
[1] 81.7867 +- 20.7166  	chisq 0.0239169 (1 df)

Iteration 3:  6000000 integrand evaluations so far
[1] 24.4074 +- 6.68879  	chisq 8.58806 (2 df)

Iteration 4:  10000000 integrand evaluations so far
[1] 22.0035 +- 3.9013  	chisq 8.78382 (3 df)

Iteration 5:  15000000 integrand evaluations so far
[1] 25.8376 +- 3.46269  	chisq 13.3353 (4 df)

Iteration 6:  21000000 integrand evaluations so far
[1] 32.3745 +- 2.80604  	chisq 23.716 (5 df)

Iteration 7:  28000000 integrand evaluations so far
[1] 39.3532 +- 1.94619  	chisq 35.6347 (6 df)

Iteration 8:  36000000 integrand evaluations so far
[1] 43.1256 +- 1.51217  	chisq 45.1159 (7 df)

Iteration 9:  45000000 integrand evaluations so far
[1] 44.1702 +- 1.40584  	chisq 48.6331 (8 df)

Iteration 10:  55000000 integrand evaluations so far
[1] 45.8652 +- 1.0735  	chisq 52.1195 (9 df)
    45.9 ±    1.1        ( 1.3mi) ┃    51.8 ±    6.4        (29.2mi) ┃
┃   70 -    72 ┃   58 -    59 ┃  45.359 ±  0.043        ( 29.3s) ┃-39.0916 ± 0.0093        (20.9mi) ┃Vegas input parameters:
  ndim 10
  ncomp 1
  nvec 1
  epsrel 0
  epsabs 0
  flags 10
  seed 123456
  mineval 50000000
  maxeval 50000000
  nstart 1000000
  nincrease 1000000
  nbatch 5000
  gridno 0
  statefile ""

Iteration 1:  1000000 integrand evaluations so far
[1] -19.6954 +- 30.4282  	chisq 0 (0 df)

Iteration 2:  3000000 integrand evaluations so far
[1] -21.4912 +- 11.5397  	chisq 0.00406786 (1 df)

Iteration 3:  6000000 integrand evaluations so far
[1] -15.3287 +- 10.7183  	chisq 2.0813 (2 df)

Iteration 4:  10000000 integrand evaluations so far
[1] -11.2739 +- 10.1975  	chisq 3.59065 (3 df)

Iteration 5:  15000000 integrand evaluations so far
[1] -4.41163 +- 8.92559  	chisq 5.52673 (4 df)

Iteration 6:  21000000 integrand evaluations so far
[1] 2.14044 +- 7.30132  	chisq 7.15552 (5 df)

Iteration 7:  28000000 integrand evaluations so far
[1] 4.32168 +- 7.14916  	chisq 9.31932 (6 df)

Iteration 8:  36000000 integrand evaluations so far
[1] 4.96641 +- 7.13139  	chisq 10.9579 (7 df)

Iteration 9:  45000000 integrand evaluations so far
[1] 4.69843 +- 7.02964  	chisq 11.0077 (8 df)

Iteration 10:  55000000 integrand evaluations so far
[1] 5.113 +- 6.86792  	chisq 11.0842 (9 df)
     5.1 ±    6.9        (3.61mi) ┃Vegas input parameters:
  ndim 8
  ncomp 1
  nvec 1
  epsrel 0
  epsabs 0
  flags 10
  seed 123456
  mineval 5000000
  maxeval 50000000
  nstart 1000000
  nincrease 1000000
  nbatch 5000
  gridno 0
  statefile ""

Iteration 1:  1000000 integrand evaluations so far
[1] 74.8481 +- 22.9602  	chisq 0 (0 df)

Iteration 2:  3000000 integrand evaluations so far
[1] 5.20601 +- 1.206  	chisq 9.22553 (1 df)

Iteration 3:  6000000 integrand evaluations so far
[1] 5.3826 +- 1.19963  	chisq 11.259 (2 df)

Iteration 4:  10000000 integrand evaluations so far
[1] 6.02912 +- 1.18181  	chisq 21.113 (3 df)

Iteration 5:  15000000 integrand evaluations so far
[1] 6.06919 +- 1.18155  	chisq 23.6955 (4 df)

Iteration 6:  21000000 integrand evaluations so far
[1] 6.66031 +- 1.17337  	chisq 41.8422 (5 df)

Iteration 7:  28000000 integrand evaluations so far
[1] 7.23816 +- 1.16646  	chisq 62.4982 (6 df)

Iteration 8:  36000000 integrand evaluations so far
[1] 8.32114 +- 1.15248  	chisq 98.6514 (7 df)

Iteration 9:  45000000 integrand evaluations so far
[1] 13.7626 +- 1.07181  	chisq 263.675 (8 df)

Iteration 10:  55000000 integrand evaluations so far
[1] 14.2128 +- 1.06705  	chisq 283.609 (9 df)
    14.2 ±    1.1        (1.29mi) ┃    25.6 ±      7        (26.3mi) ┃
┃   70 -    72 ┃   59 -    60 ┃   46.66 ±  0.025        ( 57.7s) ┃ -40.232 ±  0.022        (  21mi) ┃Vegas input parameters:
  ndim 10
  ncomp 1
  nvec 1
  epsrel 0
  epsabs 0
  flags 10
  seed 123456
  mineval 50000000
  maxeval 50000000
  nstart 1000000
  nincrease 1000000
  nbatch 5000
  gridno 0
  statefile ""

Iteration 1:  1000000 integrand evaluations so far
[1] -2.57085 +- 28.8935  	chisq 0 (0 df)

Iteration 2:  3000000 integrand evaluations so far
[1] -2.25368 +- 28.5358  	chisq 0.00489577 (1 df)

Iteration 3:  6000000 integrand evaluations so far
[1] -2.08279 +- 26.8556  	chisq 0.00520959 (2 df)

Iteration 4:  10000000 integrand evaluations so far
[1] -6.51214 +- 8.99805  	chisq 0.0358521 (3 df)

Iteration 5:  15000000 integrand evaluations so far
[1] -5.24521 +- 4.7389  	chisq 0.0632866 (4 df)

Iteration 6:  21000000 integrand evaluations so far
[1] -5.39281 +- 4.67284  	chisq 0.0983319 (5 df)

Iteration 7:  28000000 integrand evaluations so far
[1] -5.72457 +- 4.5467  	chisq 0.192967 (6 df)

Iteration 8:  36000000 integrand evaluations so far
[1] -4.7796 +- 4.43985  	chisq 1.12301 (7 df)

Iteration 9:  45000000 integrand evaluations so far
[1] -4.65248 +- 4.4386  	chisq 2.57595 (8 df)

Iteration 10:  55000000 integrand evaluations so far
[1] -4.92094 +- 4.42522  	chisq 3.18363 (9 df)
    -4.9 ±    4.4        (3.55mi) ┃Vegas input parameters:
  ndim 8
  ncomp 1
  nvec 1
  epsrel 0
  epsabs 0
  flags 10
  seed 123456
  mineval 5000000
  maxeval 50000000
  nstart 1000000
  nincrease 1000000
  nbatch 5000
  gridno 0
  statefile ""

Iteration 1:  1000000 integrand evaluations so far
[1] 45.8904 +- 15.0426  	chisq 0 (0 df)

Iteration 2:  3000000 integrand evaluations so far
[1] 3.45891 +- 1.56727  	chisq 8.04397 (1 df)

Iteration 3:  6000000 integrand evaluations so far
[1] 4.07247 +- 1.40444  	chisq 8.82198 (2 df)

Iteration 4:  10000000 integrand evaluations so far
[1] 4.35593 +- 1.39675  	chisq 12.5481 (3 df)

Iteration 5:  15000000 integrand evaluations so far
[1] 4.71648 +- 1.39032  	chisq 19.8079 (4 df)

Iteration 6:  21000000 integrand evaluations so far
[1] 5.68425 +- 1.37045  	chisq 36.8771 (5 df)

Iteration 7:  28000000 integrand evaluations so far
[1] 6.99341 +- 1.34976  	chisq 67.3339 (6 df)

Iteration 8:  36000000 integrand evaluations so far
[1] 8.02952 +- 1.33659  	chisq 97.6833 (7 df)

Iteration 9:  45000000 integrand evaluations so far
[1] 13.1152 +- 1.25554  	chisq 220.789 (8 df)

Iteration 10:  55000000 integrand evaluations so far
[1] 15.8913 +- 1.21762  	chisq 302.955 (9 df)
    15.9 ±    1.2        (1.28mi) ┃    17.4 ±    4.6        (26.8mi) ┃
┣━━━━━━━━━━━━━━╋━━━━━━━━━━━━━━╋━━━━━━━━━━━━━━━━━━━━━━━━━━━━━━━━━━╋━━━━━━━━━━━━━━━━━━━━━━━━━━━━━━━━━━╋━━━━━━━━━━━━━━━━━━━━━━━━━━━━━━━━━━╋━━━━━━━━━━━━━━━━━━━━━━━━━━━━━━━━━━╋━━━━━━━━━━━━━━━━━━━━━━━━━━━━━━━━━━┫
┃   68 -    72 ┃   25 -    60 ┃ 5.30942 ± 0.0004 ·10⁺⁰³ (5.74hr) ┃-4.57628 ± 0.00036 ·10⁺⁰³ (20.5hr) ┃    -124 ±     87        (4.78hr) ┃   4.117 ±  0.019 ·10⁺⁰³ (1.75hr) ┃   4.726 ±  0.089 ·10⁺⁰³ (32.7hr) ┃
┗━━━━━━━━━━━━━━┻━━━━━━━━━━━━━━┻━━━━━━━━━━━━━━━━━━━━━━━━━━━━━━━━━━┻━━━━━━━━━━━━━━━━━━━━━━━━━━━━━━━━━━┻━━━━━━━━━━━━━━━━━━━━━━━━━━━━━━━━━━┻━━━━━━━━━━━━━━━━━━━━━━━━━━━━━━━━━━┻━━━━━━━━━━━━━━━━━━━━━━━━━━━━━━━━━━┛

╍╍╍╍╍╍╍╍╍╍╍╍╍╍╍╍╍╍╍╍╍╍╍╍╍╍╍╍╍╍╍╍ Summary ╍╍╍╍╍╍╍╍╍╍╍╍╍╍╍╍╍╍╍╍╍╍╍╍╍╍╍╍╍╍╍
      Total cross section                     4.726 ± 0.089          pb
         Calculation time                               32.7       hours
              Output file                    outputs/qt_qt68_72_NNLL_muR1.0_muF0.5.root            
      Result in text file                    outputs/qt_qt68_72_NNLL_muR1.0_muF0.5.txt            

╍╍╍╍╍╍╍╍╍╍╍╍╍╍╍╍╍╍╍╍╍╍╍╍╍╍╍╍╍╍╍╍╍╍╍╍╍╍╍╍╍╍╍╍╍╍╍╍╍╍╍╍╍╍╍╍╍╍╍╍╍╍╍╍╍╍╍╍╍╍╍╍

