
╍╍╍╍╍╍╍╍╍╍╍╍╍╍╍╍╍╍╍╍╍╍╍╍╍╍╍ Process settings ╍╍╍╍╍╍╍╍╍╍╍╍╍╍╍╍╍╍╍╍╍╍╍╍╍╍╍
   proton-proton collisions at sqrt(s) = 13000 GeV 
   Computing NNLO+NNLL resummed cross section
   W+ ->  nu(p3)+e+(p4) production 

╍╍╍╍╍╍╍╍╍╍╍╍╍╍╍╍╍╍╍╍╍╍╍╍╍╍╍╍╍╍ CKM matrix ╍╍╍╍╍╍╍╍╍╍╍╍╍╍╍╍╍╍╍╍╍╍╍╍╍╍╍╍╍╍
     | Vud Vus Vub |   |   0.97427   0.2253  0.00351 | 
     | Vcd Vcs Vcb | = |    0.2252  0.97344   0.0412 | 
     | Vtd Vts Vtb |   |         0        0        0 | 

╍╍╍╍╍╍╍╍╍╍╍╍╍╍╍╍╍╍╍╍╍╍╍╍╍╍╍╍╍ EW parameters ╍╍╍╍╍╍╍╍╍╍╍╍╍╍╍╍╍╍╍╍╍╍╍╍╍╍╍╍
                                         Gf =  1.1663787e-05      GeV^-2
                                    1/alpha =  132.233229791            
                                 sin(thW)^2 = 0.222897222524            
                                     W mass =         80.385         GeV
                                     Z mass =        91.1876         GeV
                                    W width =          2.091         GeV
                                    Z width =          2.495         GeV

╍╍╍╍╍╍╍╍╍╍╍╍╍╍╍╍╍╍╍╍╍╍╍╍╍╍╍╍╍ QCD settings ╍╍╍╍╍╍╍╍╍╍╍╍╍╍╍╍╍╍╍╍╍╍╍╍╍╍╍╍╍
   Renormalization scale:     dynamic muren =              2      * m_ll
     Factorization scale:     dynamic mufac =              2      * m_ll
       Resummation scale:     dynamic mures =              1      * m_ll
          Strong coupling       alpha_s(MZ) =       0.118001            
                              running order =              3       -loop
         Non-perturbative     form factor g =            0.7       GeV^2

╍╍╍╍╍╍╍╍╍╍╍╍╍╍╍╍╍╍╍╍╍╍╍╍╍╍╍╍╍ PDF settings ╍╍╍╍╍╍╍╍╍╍╍╍╍╍╍╍╍╍╍╍╍╍╍╍╍╍╍╍╍
                                     PDF set:MSHT20nnlo_as118            
                                  PDF member:              0            
  Mellin moments of PDFs:                    Numerical integration            
                         nodes for the quadrature:            200            
                         Intervals for the quadrature:              1            

╍╍╍╍╍╍╍╍╍╍╍╍╍╍╍╍╍╍╍╍╍╍╍╍╍╍╍╍╍╍╍ qT recoil ╍╍╍╍╍╍╍╍╍╍╍╍╍╍╍╍╍╍╍╍╍╍╍╍╍╍╍╍╍╍
  qt-recoil prescription:       Collins-Soper kt1 = p_V(x)/2; kt2 = p_V(y)/2            

╍╍╍╍╍╍╍╍╍╍╍╍╍╍╍╍╍╍╍╍╍╍╍╍╍╍╍╍╍╍╍╍╍ Cuts ╍╍╍╍╍╍╍╍╍╍╍╍╍╍╍╍╍╍╍╍╍╍╍╍╍╍╍╍╍╍╍╍╍
                                  apply cuts:           true            
                                      pt_l >               0            
                                   |eta_l| <            1000            
                                    pt_lep >              25            
                                 |eta_lep| <             2.4            
                                   pt_alep >              25            
                                |eta_alep| <             2.4            
                                  user cuts:            true            

╍╍╍╍╍╍╍╍╍╍╍╍╍╍╍╍╍╍╍╍╍╍╍╍╍╍╍╍ ResummationDamp ╍╍╍╍╍╍╍╍╍╍╍╍╍╍╍╍╍╍╍╍╍╍╍╍╍╍╍
                                    damping :             on            
                                damping mode:              1            
                                  damp above:        60.2888         GeV
                               damping width:        20.0963         GeV
                          resummation cutoff:             20         MeV

╍╍╍╍╍╍╍╍╍╍╍╍╍╍╍╍╍╍╍╍╍╍╍╍╍╍╍╍ Debug settings ╍╍╍╍╍╍╍╍╍╍╍╍╍╍╍╍╍╍╍╍╍╍╍╍╍╍╍╍
                                 timeprofile:          false            
                                     verbose:          false            
                               cubaverbosity:              2            

╍╍╍╍╍╍╍╍╍╍╍╍╍╍╍╍╍╍╍╍╍╍╍╍╍╍╍╍╍╍╍╍╍╍╍╍╍╍╍╍╍╍╍╍╍╍╍╍╍╍╍╍╍╍╍╍╍╍╍╍╍╍╍╍╍╍╍╍╍╍╍╍

Warning: Histogram `a1_qt` contains non-integrable observable and will be deleted 
Warning: Histogram `a1_qt_vs_y` contains non-integrable observable and will be deleted 
Warning: Histogram `s_biganswer` contains non-integrable observable and will be deleted 
Warning: Histogram `wgt_a1_qt` contains non-integrable observable and will be deleted 

╍╍╍╍╍╍╍╍╍╍╍╍╍╍╍╍╍╍╍╍╍╍╍╍╍ Integration settings ╍╍╍╍╍╍╍╍╍╍╍╍╍╍╍╍╍╍╍╍╍╍╍╍╍
             Random seeds              123456                           
           Parallel cores                   1                           

             Resummation:     cuhre (dm, dpt)         iter =           5
                                   gauss (dy)        nodes =          64
                                                 intervals =           1
            Counter term:      cuhre (dm, dy)         iter =           5
                                  gauss (dpt)        nodes =          20
                                                 intervals =           5
                V+J Real:               vegas       ncalls =    50000000
             V+J Virtual:               vegas       ncalls =     5000000

Mellin inverse transform:           gaussian         nodes =          30
                                                 intervals =           1
                               imaginary axis         zmax =           2
  Angular variable costh:     semi-analytical      ncstart =         100
   Angular variables phi:            gaussian    intervals =          20

      Constant boundaries                  q2          low =          80
                                                      high =         100
                                            y          low =          -6
                                                      high =           6
                                        costh          low =          -1
                                                      high =           1
                                       eta(l)          low =         -10
                                                      high =          10

┏━━━━━━━━━━━━━━┰━━━━━━━━━━━━━━┰━━━━━━━━━━━━━━━━━━━━━━━━━━━━━━━━━━┰━━━━━━━━━━━━━━━━━━━━━━━━━━━━━━━━━━┰━━━━━━━━━━━━━━━━━━━━━━━━━━━━━━━━━━┰━━━━━━━━━━━━━━━━━━━━━━━━━━━━━━━━━━┰━━━━━━━━━━━━━━━━━━━━━━━━━━━━━━━━━━┓
┃           qT ┃        pT(l) ┃                      Resummation ┃                     Counter term ┃                         V+J Real ┃                      V+J Virtual ┃                            TOTAL ┃
┣━━━━━━━━━━━━━━╋━━━━━━━━━━━━━━╋━━━━━━━━━━━━━━━━━━━━━━━━━━━━━━━━━━╋━━━━━━━━━━━━━━━━━━━━━━━━━━━━━━━━━━╋━━━━━━━━━━━━━━━━━━━━━━━━━━━━━━━━━━╋━━━━━━━━━━━━━━━━━━━━━━━━━━━━━━━━━━╋━━━━━━━━━━━━━━━━━━━━━━━━━━━━━━━━━━┫
┃   88 -    90 ┃   25 -    26 ┃  4.4788 ± 0.0037        ( 54.7s) ┃ -3.2901 ± 0.0014        ( 4.3mi) ┃Vegas input parameters:
  ndim 10
  ncomp 1
  nvec 1
  epsrel 0
  epsabs 0
  flags 10
  seed 123456
  mineval 50000000
  maxeval 50000000
  nstart 1000000
  nincrease 1000000
  nbatch 5000
  gridno 0
  statefile ""

Iteration 1:  1000000 integrand evaluations so far
[1] 8.84402 +- 26.7549  	chisq 0 (0 df)

Iteration 2:  3000000 integrand evaluations so far
[1] 17.2329 +- 14.709  	chisq 0.140895 (1 df)

Iteration 3:  6000000 integrand evaluations so far
[1] 11.8786 +- 14.3577  	chisq 2.94848 (2 df)

Iteration 4:  10000000 integrand evaluations so far
[1] 13.5305 +- 12.2282  	chisq 2.99668 (3 df)

Iteration 5:  15000000 integrand evaluations so far
[1] 6.37535 +- 7.27126  	chisq 3.52634 (4 df)

Iteration 6:  21000000 integrand evaluations so far
[1] 4.23839 +- 7.14845  	chisq 6.10502 (5 df)

Iteration 7:  28000000 integrand evaluations so far
[1] 3.99227 +- 6.0894  	chisq 6.10934 (6 df)

Iteration 8:  36000000 integrand evaluations so far
[1] 2.79512 +- 6.01977  	chisq 7.80906 (7 df)

Iteration 9:  45000000 integrand evaluations so far
[1] 2.23217 +- 5.98843  	chisq 8.65127 (8 df)

Iteration 10:  55000000 integrand evaluations so far
[1] 2.29596 +- 5.21203  	chisq 8.65174 (9 df)
     2.3 ±    5.2        (2.96mi) ┃Vegas input parameters:
  ndim 8
  ncomp 1
  nvec 1
  epsrel 0
  epsabs 0
  flags 10
  seed 123456
  mineval 5000000
  maxeval 50000000
  nstart 1000000
  nincrease 1000000
  nbatch 5000
  gridno 0
  statefile ""

Iteration 1:  1000000 integrand evaluations so far
[1] 59.5587 +- 18.1467  	chisq 0 (0 df)

Iteration 2:  3000000 integrand evaluations so far
[1] 32.4493 +- 9.04479  	chisq 2.96942 (1 df)

Iteration 3:  6000000 integrand evaluations so far
[1] 32.9225 +- 7.63099  	chisq 2.97892 (2 df)

Iteration 4:  10000000 integrand evaluations so far
[1] 34.4672 +- 6.48865  	chisq 3.12685 (3 df)

Iteration 5:  15000000 integrand evaluations so far
[1] 31.7645 +- 4.67555  	chisq 3.48772 (4 df)

Iteration 6:  21000000 integrand evaluations so far
[1] 33.0984 +- 3.92278  	chisq 3.76265 (5 df)

Iteration 7:  28000000 integrand evaluations so far
[1] 34.0676 +- 3.776  	chisq 4.5938 (6 df)

Iteration 8:  36000000 integrand evaluations so far
[1] 34.2182 +- 1.77178  	chisq 4.59584 (7 df)

Iteration 9:  45000000 integrand evaluations so far
[1] 33.9511 +- 0.741747  	chisq 4.6234 (8 df)

Iteration 10:  55000000 integrand evaluations so far
[1] 34.5633 +- 0.587031  	chisq 6.44647 (9 df)
   34.56 ±   0.59        (1.09mi) ┃      38 ±    5.2        (9.26mi) ┃
┃   88 -    90 ┃   26 -    27 ┃  7.6132 ± 0.0012        (12.9mi) ┃ -5.5466 ± 0.0011        (31.6mi) ┃Vegas input parameters:
  ndim 10
  ncomp 1
  nvec 1
  epsrel 0
  epsabs 0
  flags 10
  seed 123456
  mineval 50000000
  maxeval 50000000
  nstart 1000000
  nincrease 1000000
  nbatch 5000
  gridno 0
  statefile ""

Iteration 1:  1000000 integrand evaluations so far
[1] -60.29 +- 43.2788  	chisq 0 (0 df)

Iteration 2:  3000000 integrand evaluations so far
[1] -17.0376 +- 35.2875  	chisq 2.97968 (1 df)

Iteration 3:  6000000 integrand evaluations so far
[1] -6.48604 +- 4.3391  	chisq 3.07046 (2 df)

Iteration 4:  10000000 integrand evaluations so far
[1] -7.47092 +- 4.17337  	chisq 3.75803 (3 df)

Iteration 5:  15000000 integrand evaluations so far
[1] -7.74171 +- 4.16211  	chisq 4.5393 (4 df)

Iteration 6:  21000000 integrand evaluations so far
[1] -7.98625 +- 4.15536  	chisq 5.60402 (5 df)

Iteration 7:  28000000 integrand evaluations so far
[1] -0.170828 +- 2.04566  	chisq 10.273 (6 df)

Iteration 8:  36000000 integrand evaluations so far
[1] -0.0267125 +- 2.02608  	chisq 10.5335 (7 df)

Iteration 9:  45000000 integrand evaluations so far
[1] -0.336843 +- 2.01104  	chisq 12.1185 (8 df)

Iteration 10:  55000000 integrand evaluations so far
[1] 0.165055 +- 1.97817  	chisq 14.0393 (9 df)
     0.2 ±      2        (2.85mi) ┃Vegas input parameters:
  ndim 8
  ncomp 1
  nvec 1
  epsrel 0
  epsabs 0
  flags 10
  seed 123456
  mineval 5000000
  maxeval 50000000
  nstart 1000000
  nincrease 1000000
  nbatch 5000
  gridno 0
  statefile ""

Iteration 1:  1000000 integrand evaluations so far
[1] 45.4279 +- 14.2476  	chisq 0 (0 df)

Iteration 2:  3000000 integrand evaluations so far
[1] 26.2599 +- 8.22153  	chisq 2.71354 (1 df)

Iteration 3:  6000000 integrand evaluations so far
[1] 27.5269 +- 8.05501  	chisq 3.30584 (2 df)

Iteration 4:  10000000 integrand evaluations so far
[1] 30.7558 +- 6.43564  	chisq 3.75012 (3 df)

Iteration 5:  15000000 integrand evaluations so far
[1] 28.4256 +- 3.38217  	chisq 3.93124 (4 df)

Iteration 6:  21000000 integrand evaluations so far
[1] 29.6009 +- 2.32777  	chisq 4.16066 (5 df)

Iteration 7:  28000000 integrand evaluations so far
[1] 32.3132 +- 1.67653  	chisq 6.98174 (6 df)

Iteration 8:  36000000 integrand evaluations so far
[1] 34.0804 +- 1.45296  	chisq 11.4449 (7 df)

Iteration 9:  45000000 integrand evaluations so far
[1] 34.4928 +- 1.42134  	chisq 13.3165 (8 df)

Iteration 10:  55000000 integrand evaluations so far
[1] 36.4666 +- 1.30728  	chisq 25.8344 (9 df)
    36.5 ±    1.3        (1.09mi) ┃    38.7 ±    2.4        (48.5mi) ┃
┃   88 -    90 ┃   27 -    28 ┃  7.5204 ± 0.0052        (2.47mi) ┃ -5.4978 ± 0.0051        (7.55mi) ┃Vegas input parameters:
  ndim 10
  ncomp 1
  nvec 1
  epsrel 0
  epsabs 0
  flags 10
  seed 123456
  mineval 50000000
  maxeval 50000000
  nstart 1000000
  nincrease 1000000
  nbatch 5000
  gridno 0
  statefile ""

Iteration 1:  1000000 integrand evaluations so far
[1] 70.8381 +- 59.7831  	chisq 0 (0 df)

Iteration 2:  3000000 integrand evaluations so far
[1] 10.9776 +- 45.5881  	chisq 2.39566 (1 df)

Iteration 3:  6000000 integrand evaluations so far
[1] -22.1799 +- 32.7928  	chisq 3.49189 (2 df)

Iteration 4:  10000000 integrand evaluations so far
[1] 3.92344 +- 26.7647  	chisq 5.3898 (3 df)

Iteration 5:  15000000 integrand evaluations so far
[1] -4.39684 +- 25.8987  	chisq 6.9077 (4 df)

Iteration 6:  21000000 integrand evaluations so far
[1] -5.24395 +- 25.8841  	chisq 7.85713 (5 df)

Iteration 7:  28000000 integrand evaluations so far
[1] -0.576414 +- 0.306541  	chisq 7.88965 (6 df)

Iteration 8:  36000000 integrand evaluations so far
[1] -0.575037 +- 0.306458  	chisq 7.92691 (7 df)

Iteration 9:  45000000 integrand evaluations so far
[1] -0.571503 +- 0.30641  	chisq 8.34451 (8 df)

Iteration 10:  55000000 integrand evaluations so far
[1] -0.571657 +- 0.306408  	chisq 8.37687 (9 df)
   -0.57 ±   0.31        (2.84mi) ┃Vegas input parameters:
  ndim 8
  ncomp 1
  nvec 1
  epsrel 0
  epsabs 0
  flags 10
  seed 123456
  mineval 5000000
  maxeval 50000000
  nstart 1000000
  nincrease 1000000
  nbatch 5000
  gridno 0
  statefile ""

Iteration 1:  1000000 integrand evaluations so far
[1] 66.3874 +- 17.816  	chisq 0 (0 df)

Iteration 2:  3000000 integrand evaluations so far
[1] 10.7983 +- 3.29234  	chisq 10.0798 (1 df)

Iteration 3:  6000000 integrand evaluations so far
[1] 12.1517 +- 3.17488  	chisq 12.4911 (2 df)

Iteration 4:  10000000 integrand evaluations so far
[1] 14.6637 +- 2.96703  	chisq 17.4342 (3 df)

Iteration 5:  15000000 integrand evaluations so far
[1] 17.2076 +- 2.86239  	chisq 28.0434 (4 df)

Iteration 6:  21000000 integrand evaluations so far
[1] 18.4163 +- 2.81945  	chisq 34.031 (5 df)

Iteration 7:  28000000 integrand evaluations so far
[1] 25.0585 +- 2.12827  	chisq 46.9323 (6 df)

Iteration 8:  36000000 integrand evaluations so far
[1] 31.0255 +- 1.50441  	chisq 62.643 (7 df)

Iteration 9:  45000000 integrand evaluations so far
[1] 34.0012 +- 1.32093  	chisq 79.7242 (8 df)

Iteration 10:  55000000 integrand evaluations so far
[1] 36.737 +- 1.16863  	chisq 99.464 (9 df)
    36.7 ±    1.2        (1.08mi) ┃    38.2 ±    1.2        (13.9mi) ┃
┃   88 -    90 ┃   28 -    29 ┃  4.8064 ± 0.0029        (6.48mi) ┃ -3.5417 ± 0.0024        (8.08mi) ┃Vegas input parameters:
  ndim 10
  ncomp 1
  nvec 1
  epsrel 0
  epsabs 0
  flags 10
  seed 123456
  mineval 50000000
  maxeval 50000000
  nstart 1000000
  nincrease 1000000
  nbatch 5000
  gridno 0
  statefile ""

Iteration 1:  1000000 integrand evaluations so far
[1] -35.5658 +- 37.2457  	chisq 0 (0 df)

Iteration 2:  3000000 integrand evaluations so far
[1] -33.2372 +- 19.5066  	chisq 0.0053863 (1 df)

Iteration 3:  6000000 integrand evaluations so far
[1] -17.4347 +- 17.7529  	chisq 3.82707 (2 df)

Iteration 4:  10000000 integrand evaluations so far
[1] -7.92028 +- 6.41826  	chisq 4.15748 (3 df)

Iteration 5:  15000000 integrand evaluations so far
[1] -9.85406 +- 6.12045  	chisq 5.15891 (4 df)

Iteration 6:  21000000 integrand evaluations so far
[1] -7.85758 +- 5.99654  	chisq 7.81378 (5 df)

Iteration 7:  28000000 integrand evaluations so far
[1] -7.87761 +- 5.70659  	chisq 7.8139 (6 df)

Iteration 8:  36000000 integrand evaluations so far
[1] -8.65981 +- 5.65768  	chisq 8.91463 (7 df)

Iteration 9:  45000000 integrand evaluations so far
[1] -8.29557 +- 5.63771  	chisq 9.50273 (8 df)

Iteration 10:  55000000 integrand evaluations so far
[1] -8.5039 +- 5.61075  	chisq 9.64587 (9 df)
    -8.5 ±    5.6        (2.98mi) ┃Vegas input parameters:
  ndim 8
  ncomp 1
  nvec 1
  epsrel 0
  epsabs 0
  flags 10
  seed 123456
  mineval 5000000
  maxeval 50000000
  nstart 1000000
  nincrease 1000000
  nbatch 5000
  gridno 0
  statefile ""

Iteration 1:  1000000 integrand evaluations so far
[1] 69.167 +- 19.343  	chisq 0 (0 df)

Iteration 2:  3000000 integrand evaluations so far
[1] 10.4183 +- 3.40326  	chisq 9.51931 (1 df)

Iteration 3:  6000000 integrand evaluations so far
[1] 11.2367 +- 2.7764  	chisq 9.69221 (2 df)

Iteration 4:  10000000 integrand evaluations so far
[1] 13.4694 +- 2.57254  	chisq 14.2641 (3 df)

Iteration 5:  15000000 integrand evaluations so far
[1] 13.5842 +- 2.57049  	chisq 15.5107 (4 df)

Iteration 6:  21000000 integrand evaluations so far
[1] 14.703 +- 2.48215  	chisq 18.315 (5 df)

Iteration 7:  28000000 integrand evaluations so far
[1] 17.0659 +- 2.29763  	chisq 24.6456 (6 df)

Iteration 8:  36000000 integrand evaluations so far
[1] 22.6856 +- 1.87305  	chisq 42.4799 (7 df)

Iteration 9:  45000000 integrand evaluations so far
[1] 26.7436 +- 1.69453  	chisq 68.3376 (8 df)

Iteration 10:  55000000 integrand evaluations so far
[1] 29.1763 +- 1.58896  	chisq 85.409 (9 df)
    29.2 ±    1.6        (1.05mi) ┃    21.9 ±    5.8        (18.6mi) ┃
┃   88 -    90 ┃   29 -    30 ┃  6.5017 ± 0.0029        (13.4mi) ┃ -4.7671 ± 0.0022        (32.4mi) ┃Vegas input parameters:
  ndim 10
  ncomp 1
  nvec 1
  epsrel 0
  epsabs 0
  flags 10
  seed 123456
  mineval 50000000
  maxeval 50000000
  nstart 1000000
  nincrease 1000000
  nbatch 5000
  gridno 0
  statefile ""

Iteration 1:  1000000 integrand evaluations so far
[1] 19.8833 +- 16.6712  	chisq 0 (0 df)

Iteration 2:  3000000 integrand evaluations so far
[1] 23.6878 +- 14.3713  	chisq 0.202737 (1 df)

Iteration 3:  6000000 integrand evaluations so far
[1] 18.9255 +- 13.974  	chisq 2.21674 (2 df)

Iteration 4:  10000000 integrand evaluations so far
[1] 16.5912 +- 10.668  	chisq 2.28362 (3 df)

Iteration 5:  15000000 integrand evaluations so far
[1] 9.00459 +- 9.759  	chisq 5.38333 (4 df)

Iteration 6:  21000000 integrand evaluations so far
[1] 8.63024 +- 9.75112  	chisq 6.29518 (5 df)

Iteration 7:  28000000 integrand evaluations so far
[1] 9.65331 +- 9.31795  	chisq 6.42189 (6 df)

Iteration 8:  36000000 integrand evaluations so far
[1] 6.71033 +- 8.18615  	chisq 6.85908 (7 df)

Iteration 9:  45000000 integrand evaluations so far
[1] 6.3844 +- 8.18125  	chisq 8.18361 (8 df)

Iteration 10:  55000000 integrand evaluations so far
[1] 6.08444 +- 8.15377  	chisq 8.38401 (9 df)
     6.1 ±    8.2        (2.93mi) ┃Vegas input parameters:
  ndim 8
  ncomp 1
  nvec 1
  epsrel 0
  epsabs 0
  flags 10
  seed 123456
  mineval 5000000
  maxeval 50000000
  nstart 1000000
  nincrease 1000000
  nbatch 5000
  gridno 0
  statefile ""

Iteration 1:  1000000 integrand evaluations so far
[1] 55.1176 +- 16.335  	chisq 0 (0 df)

Iteration 2:  3000000 integrand evaluations so far
[1] 21.4316 +- 7.47674  	chisq 5.3797 (1 df)

Iteration 3:  6000000 integrand evaluations so far
[1] 18.8332 +- 5.91161  	chisq 5.70189 (2 df)

Iteration 4:  10000000 integrand evaluations so far
[1] 19.7344 +- 5.80309  	chisq 6.34072 (3 df)

Iteration 5:  15000000 integrand evaluations so far
[1] 18.7842 +- 3.50717  	chisq 6.38296 (4 df)

Iteration 6:  21000000 integrand evaluations so far
[1] 23.4561 +- 2.45469  	chisq 9.86141 (5 df)

Iteration 7:  28000000 integrand evaluations so far
[1] 26.6031 +- 1.37211  	chisq 12.252 (6 df)

Iteration 8:  36000000 integrand evaluations so far
[1] 28.1168 +- 1.24348  	chisq 19.0626 (7 df)

Iteration 9:  45000000 integrand evaluations so far
[1] 31.0515 +- 0.797589  	chisq 28.5255 (8 df)

Iteration 10:  55000000 integrand evaluations so far
[1] 32.2348 +- 0.573449  	chisq 33.0818 (9 df)
   32.23 ±   0.57        (1.09mi) ┃    40.1 ±    8.2        (49.9mi) ┃
┃   88 -    90 ┃   30 -    31 ┃  7.1979 ± 0.0047        (12.8mi) ┃ -5.2433 ± 0.0051        (31.3mi) ┃Vegas input parameters:
  ndim 10
  ncomp 1
  nvec 1
  epsrel 0
  epsabs 0
  flags 10
  seed 123456
  mineval 50000000
  maxeval 50000000
  nstart 1000000
  nincrease 1000000
  nbatch 5000
  gridno 0
  statefile ""

Iteration 1:  1000000 integrand evaluations so far
[1] 30.613 +- 33.5759  	chisq 0 (0 df)

Iteration 2:  3000000 integrand evaluations so far
[1] 28.2762 +- 19.8954  	chisq 0.00746546 (1 df)

Iteration 3:  6000000 integrand evaluations so far
[1] 22.3713 +- 14.6044  	chisq 0.198482 (2 df)

Iteration 4:  10000000 integrand evaluations so far
[1] 18.115 +- 12.0205  	chisq 0.461806 (3 df)

Iteration 5:  15000000 integrand evaluations so far
[1] 19.5664 +- 11.9243  	chisq 1.37617 (4 df)

Iteration 6:  21000000 integrand evaluations so far
[1] -7.56642 +- 6.29548  	chisq 8.55462 (5 df)

Iteration 7:  28000000 integrand evaluations so far
[1] -7.5919 +- 6.12707  	chisq 8.55493 (6 df)

Iteration 8:  36000000 integrand evaluations so far
[1] -8.39978 +- 6.04652  	chisq 9.22054 (7 df)

Iteration 9:  45000000 integrand evaluations so far
[1] -9.26796 +- 5.8364  	chisq 9.52242 (8 df)

Iteration 10:  55000000 integrand evaluations so far
[1] -9.33306 +- 5.46933  	chisq 9.52344 (9 df)
    -9.3 ±    5.5        (2.61mi) ┃Vegas input parameters:
  ndim 8
  ncomp 1
  nvec 1
  epsrel 0
  epsabs 0
  flags 10
  seed 123456
  mineval 5000000
  maxeval 50000000
  nstart 1000000
  nincrease 1000000
  nbatch 5000
  gridno 0
  statefile ""

Iteration 1:  1000000 integrand evaluations so far
[1] 69.3602 +- 16.1046  	chisq 0 (0 df)

Iteration 2:  3000000 integrand evaluations so far
[1] 65.1455 +- 14.3131  	chisq 0.325981 (1 df)

Iteration 3:  6000000 integrand evaluations so far
[1] 10.9086 +- 2.47288  	chisq 15.1268 (2 df)

Iteration 4:  10000000 integrand evaluations so far
[1] 13.7162 +- 2.12213  	chisq 20.0179 (3 df)

Iteration 5:  15000000 integrand evaluations so far
[1] 16.847 +- 1.94742  	chisq 33.8042 (4 df)

Iteration 6:  21000000 integrand evaluations so far
[1] 19.1096 +- 1.8454  	chisq 47.0333 (5 df)

Iteration 7:  28000000 integrand evaluations so far
[1] 24.8341 +- 1.52983  	chisq 77.801 (6 df)

Iteration 8:  36000000 integrand evaluations so far
[1] 29.7967 +- 1.2752  	chisq 112.28 (7 df)

Iteration 9:  45000000 integrand evaluations so far
[1] 34.5128 +- 0.944182  	chisq 142.556 (8 df)

Iteration 10:  55000000 integrand evaluations so far
[1] 36.5066 +- 0.679741  	chisq 151.812 (9 df)
   36.51 ±   0.68        (1.06mi) ┃    29.1 ±    5.5        (47.7mi) ┃
┃   88 -    90 ┃   31 -    32 ┃  6.1937 ± 0.0045        (6.04mi) ┃ -4.5354 ± 0.0035        (16.2mi) ┃Vegas input parameters:
  ndim 10
  ncomp 1
  nvec 1
  epsrel 0
  epsabs 0
  flags 10
  seed 123456
  mineval 50000000
  maxeval 50000000
  nstart 1000000
  nincrease 1000000
  nbatch 5000
  gridno 0
  statefile ""

Iteration 1:  1000000 integrand evaluations so far
[1] -10.589 +- 20.0722  	chisq 0 (0 df)

Iteration 2:  3000000 integrand evaluations so far
[1] -15.5628 +- 19.2234  	chisq 0.741719 (1 df)

Iteration 3:  6000000 integrand evaluations so far
[1] -10.9526 +- 6.79322  	chisq 0.807441 (2 df)

Iteration 4:  10000000 integrand evaluations so far
[1] -11.85 +- 5.9391  	chisq 0.881499 (3 df)

Iteration 5:  15000000 integrand evaluations so far
[1] -12.5691 +- 5.90821  	chisq 2.29412 (4 df)

Iteration 6:  21000000 integrand evaluations so far
[1] -0.968615 +- 4.15558  	chisq 9.92363 (5 df)

Iteration 7:  28000000 integrand evaluations so far
[1] -1.58772 +- 3.98576  	chisq 10.2009 (6 df)

Iteration 8:  36000000 integrand evaluations so far
[1] -0.789082 +- 3.73869  	chisq 10.5351 (7 df)

Iteration 9:  45000000 integrand evaluations so far
[1] 0.193656 +- 3.60951  	chisq 11.5525 (8 df)

Iteration 10:  55000000 integrand evaluations so far
[1] 0.40023 +- 3.58633  	chisq 11.8084 (9 df)
     0.4 ±    3.6        (2.68mi) ┃Vegas input parameters:
  ndim 8
  ncomp 1
  nvec 1
  epsrel 0
  epsabs 0
  flags 10
  seed 123456
  mineval 5000000
  maxeval 50000000
  nstart 1000000
  nincrease 1000000
  nbatch 5000
  gridno 0
  statefile ""

Iteration 1:  1000000 integrand evaluations so far
[1] 51.4582 +- 14.5799  	chisq 0 (0 df)

Iteration 2:  3000000 integrand evaluations so far
[1] 11.1774 +- 3.75454  	chisq 8.17497 (1 df)

Iteration 3:  6000000 integrand evaluations so far
[1] 8.16492 +- 2.03403  	chisq 9.08619 (2 df)

Iteration 4:  10000000 integrand evaluations so far
[1] 10.5425 +- 1.63133  	chisq 12.9161 (3 df)

Iteration 5:  15000000 integrand evaluations so far
[1] 12.0704 +- 1.52981  	chisq 20.1908 (4 df)

Iteration 6:  21000000 integrand evaluations so far
[1] 15.8932 +- 1.38353  	chisq 54.4805 (5 df)

Iteration 7:  28000000 integrand evaluations so far
[1] 21.345 +- 1.19441  	chisq 115.443 (6 df)

Iteration 8:  36000000 integrand evaluations so far
[1] 27.0811 +- 0.98879  	chisq 188.739 (7 df)

Iteration 9:  45000000 integrand evaluations so far
[1] 31.2326 +- 0.805563  	chisq 241.161 (8 df)

Iteration 10:  55000000 integrand evaluations so far
[1] 34.508 +- 0.632951  	chisq 284.368 (9 df)
   34.51 ±   0.63        (1.02mi) ┃    36.6 ±    3.6        (25.9mi) ┃
┃   88 -    90 ┃   32 -    33 ┃  5.4877 ± 0.0045        (11.9mi) ┃ -4.0115 ± 0.0035        (31.9mi) ┃Vegas input parameters:
  ndim 10
  ncomp 1
  nvec 1
  epsrel 0
  epsabs 0
  flags 10
  seed 123456
  mineval 50000000
  maxeval 50000000
  nstart 1000000
  nincrease 1000000
  nbatch 5000
  gridno 0
  statefile ""

Iteration 1:  1000000 integrand evaluations so far
[1] 44.8165 +- 37.6795  	chisq 0 (0 df)

Iteration 2:  3000000 integrand evaluations so far
[1] 51.171 +- 35.4711  	chisq 0.24996 (1 df)

Iteration 3:  6000000 integrand evaluations so far
[1] 9.88343 +- 5.3629  	chisq 1.6365 (2 df)

Iteration 4:  10000000 integrand evaluations so far
[1] 10.1271 +- 5.33224  	chisq 1.81753 (3 df)

Iteration 5:  15000000 integrand evaluations so far
[1] 10.4281 +- 5.32651  	chisq 3.30161 (4 df)

Iteration 6:  21000000 integrand evaluations so far
[1] 7.70375 +- 5.06791  	chisq 6.06289 (5 df)

Iteration 7:  28000000 integrand evaluations so far
[1] 3.97224 +- 3.9649  	chisq 7.46043 (6 df)

Iteration 8:  36000000 integrand evaluations so far
[1] 2.85469 +- 3.0252  	chisq 7.65057 (7 df)

Iteration 9:  45000000 integrand evaluations so far
[1] 3.30576 +- 2.91744  	chisq 7.9683 (8 df)

Iteration 10:  55000000 integrand evaluations so far
[1] 3.36041 +- 2.91686  	chisq 8.85922 (9 df)
     3.4 ±    2.9        (2.84mi) ┃Vegas input parameters:
  ndim 8
  ncomp 1
  nvec 1
  epsrel 0
  epsabs 0
  flags 10
  seed 123456
  mineval 5000000
  maxeval 50000000
  nstart 1000000
  nincrease 1000000
  nbatch 5000
  gridno 0
  statefile ""

Iteration 1:  1000000 integrand evaluations so far
[1] 57.9797 +- 16.4797  	chisq 0 (0 df)

Iteration 2:  3000000 integrand evaluations so far
[1] 5.88451 +- 2.17508  	chisq 10.1702 (1 df)

Iteration 3:  6000000 integrand evaluations so far
[1] 7.14346 +- 1.65978  	chisq 10.9722 (2 df)

Iteration 4:  10000000 integrand evaluations so far
[1] 7.58782 +- 1.6467  	chisq 15.5381 (3 df)

Iteration 5:  15000000 integrand evaluations so far
[1] 10.0855 +- 1.52235  	chisq 31.3681 (4 df)

Iteration 6:  21000000 integrand evaluations so far
[1] 13.0785 +- 1.43155  	chisq 64.7705 (5 df)

Iteration 7:  28000000 integrand evaluations so far
[1] 13.1985 +- 1.43002  	chisq 68.0506 (6 df)

Iteration 8:  36000000 integrand evaluations so far
[1] 13.5952 +- 1.42134  	chisq 74.409 (7 df)

Iteration 9:  45000000 integrand evaluations so far
[1] 16.9132 +- 1.3225  	chisq 115.003 (8 df)

Iteration 10:  55000000 integrand evaluations so far
[1] 22.3463 +- 1.17847  	chisq 196.951 (9 df)
    22.3 ±    1.2        (1.04mi) ┃    27.2 ±    3.1        (47.7mi) ┃
┃   88 -    90 ┃   33 -    34 ┃  6.5191 ± 0.0063        ( 3.4mi) ┃ -4.7994 ± 0.0026        (29.8mi) ┃Vegas input parameters:
  ndim 10
  ncomp 1
  nvec 1
  epsrel 0
  epsabs 0
  flags 10
  seed 123456
  mineval 50000000
  maxeval 50000000
  nstart 1000000
  nincrease 1000000
  nbatch 5000
  gridno 0
  statefile ""

Iteration 1:  1000000 integrand evaluations so far
[1] 10.4933 +- 17.6478  	chisq 0 (0 df)

Iteration 2:  3000000 integrand evaluations so far
[1] 8.38219 +- 17.5418  	chisq 1.19489 (1 df)

Iteration 3:  6000000 integrand evaluations so far
[1] -1.84815 +- 5.81846  	chisq 1.57705 (2 df)

Iteration 4:  10000000 integrand evaluations so far
[1] -2.49895 +- 4.6578  	chisq 1.61188 (3 df)

Iteration 5:  15000000 integrand evaluations so far
[1] -2.18794 +- 4.55483  	chisq 1.71385 (4 df)

Iteration 6:  21000000 integrand evaluations so far
[1] -0.675945 +- 3.38975  	chisq 1.96084 (5 df)

Iteration 7:  28000000 integrand evaluations so far
[1] 1.15866 +- 3.25435  	chisq 5.70226 (6 df)

Iteration 8:  36000000 integrand evaluations so far
[1] 0.464916 +- 3.17264  	chisq 6.6187 (7 df)

Iteration 9:  45000000 integrand evaluations so far
[1] 0.443308 +- 3.15246  	chisq 6.62236 (8 df)

Iteration 10:  55000000 integrand evaluations so far
[1] 0.0347275 +- 3.13154  	chisq 7.89229 (9 df)
       0 ±    3.1        (2.81mi) ┃Vegas input parameters:
  ndim 8
  ncomp 1
  nvec 1
  epsrel 0
  epsabs 0
  flags 10
  seed 123456
  mineval 5000000
  maxeval 50000000
  nstart 1000000
  nincrease 1000000
  nbatch 5000
  gridno 0
  statefile ""

Iteration 1:  1000000 integrand evaluations so far
[1] 53.8493 +- 17.1324  	chisq 0 (0 df)

Iteration 2:  3000000 integrand evaluations so far
[1] 10.0918 +- 4.56841  	chisq 7.02266 (1 df)

Iteration 3:  6000000 integrand evaluations so far
[1] 10.8212 +- 2.9643  	chisq 7.06669 (2 df)

Iteration 4:  10000000 integrand evaluations so far
[1] 12.5724 +- 2.36747  	chisq 8.03043 (3 df)

Iteration 5:  15000000 integrand evaluations so far
[1] 15.029 +- 2.24067  	chisq 18.3581 (4 df)

Iteration 6:  21000000 integrand evaluations so far
[1] 18.0579 +- 2.00021  	chisq 27.3546 (5 df)

Iteration 7:  28000000 integrand evaluations so far
[1] 21.981 +- 1.65031  	chisq 39.4041 (6 df)

Iteration 8:  36000000 integrand evaluations so far
[1] 23.5611 +- 1.54597  	chisq 46.8895 (7 df)

Iteration 9:  45000000 integrand evaluations so far
[1] 28.9673 +- 1.16778  	chisq 75.3675 (8 df)

Iteration 10:  55000000 integrand evaluations so far
[1] 32.9334 +- 0.781602  	chisq 96.2632 (9 df)
   32.93 ±   0.78        (1.07mi) ┃    34.7 ±    3.2        (37.1mi) ┃
┃   88 -    90 ┃   34 -    35 ┃  8.2259 ± 0.0051        ( 6.3mi) ┃ -6.0145 ± 0.0045        (7.23mi) ┃Vegas input parameters:
  ndim 10
  ncomp 1
  nvec 1
  epsrel 0
  epsabs 0
  flags 10
  seed 123456
  mineval 50000000
  maxeval 50000000
  nstart 1000000
  nincrease 1000000
  nbatch 5000
  gridno 0
  statefile ""

Iteration 1:  1000000 integrand evaluations so far
[1] -71.1533 +- 61.3379  	chisq 0 (0 df)

Iteration 2:  3000000 integrand evaluations so far
[1] -7.97899 +- 12.2545  	chisq 1.10488 (1 df)

Iteration 3:  6000000 integrand evaluations so far
[1] -5.56871 +- 11.9351  	chisq 1.85666 (2 df)

Iteration 4:  10000000 integrand evaluations so far
[1] -12.4248 +- 9.68689  	chisq 2.82367 (3 df)

Iteration 5:  15000000 integrand evaluations so far
[1] -8.90156 +- 9.41199  	chisq 5.18795 (4 df)

Iteration 6:  21000000 integrand evaluations so far
[1] -6.28386 +- 9.15981  	chisq 6.65102 (5 df)

Iteration 7:  28000000 integrand evaluations so far
[1] 0.0974478 +- 6.13453  	chisq 7.53111 (6 df)

Iteration 8:  36000000 integrand evaluations so far
[1] 2.22636 +- 4.533  	chisq 7.79639 (7 df)

Iteration 9:  45000000 integrand evaluations so far
[1] 2.74701 +- 4.35908  	chisq 7.97169 (8 df)

Iteration 10:  55000000 integrand evaluations so far
[1] 3.49212 +- 3.89042  	chisq 8.11529 (9 df)
     3.5 ±    3.9        (2.73mi) ┃Vegas input parameters:
  ndim 8
  ncomp 1
  nvec 1
  epsrel 0
  epsabs 0
  flags 10
  seed 123456
  mineval 5000000
  maxeval 50000000
  nstart 1000000
  nincrease 1000000
  nbatch 5000
  gridno 0
  statefile ""

Iteration 1:  1000000 integrand evaluations so far
[1] 21.6582 +- 8.95853  	chisq 0 (0 df)

Iteration 2:  3000000 integrand evaluations so far
[1] 2.81847 +- 1.85029  	chisq 4.61964 (1 df)

Iteration 3:  6000000 integrand evaluations so far
[1] 3.01348 +- 1.51598  	chisq 4.65343 (2 df)

Iteration 4:  10000000 integrand evaluations so far
[1] 2.1429 +- 0.574675  	chisq 5.03855 (3 df)

Iteration 5:  15000000 integrand evaluations so far
[1] 2.65854 +- 0.543678  	chisq 12.7085 (4 df)

Iteration 6:  21000000 integrand evaluations so far
[1] 2.75637 +- 0.542868  	chisq 23.5845 (5 df)

Iteration 7:  28000000 integrand evaluations so far
[1] 3.17442 +- 0.537626  	chisq 54.4378 (6 df)

Iteration 8:  36000000 integrand evaluations so far
[1] 3.36089 +- 0.536454  	chisq 82.0747 (7 df)

Iteration 9:  45000000 integrand evaluations so far
[1] 4.00512 +- 0.532152  	chisq 172.352 (8 df)

Iteration 10:  55000000 integrand evaluations so far
[1] 6.4551 +- 0.512411  	chisq 463.433 (9 df)
    6.46 ±   0.51        (1.06mi) ┃    12.2 ±    3.9        (17.3mi) ┃
┃   88 -    90 ┃   35 -    36 ┃  4.9497 ± 0.0027        (12.2mi) ┃ -3.6367 ± 0.0014        (58.4mi) ┃Vegas input parameters:
  ndim 10
  ncomp 1
  nvec 1
  epsrel 0
  epsabs 0
  flags 10
  seed 123456
  mineval 50000000
  maxeval 50000000
  nstart 1000000
  nincrease 1000000
  nbatch 5000
  gridno 0
  statefile ""

Iteration 1:  1000000 integrand evaluations so far
[1] 11.3043 +- 34.6806  	chisq 0 (0 df)

Iteration 2:  3000000 integrand evaluations so far
[1] 8.06083 +- 34.5469  	chisq 1.13673 (1 df)

Iteration 3:  6000000 integrand evaluations so far
[1] 11.3054 +- 5.94165  	chisq 1.14582 (2 df)

Iteration 4:  10000000 integrand evaluations so far
[1] 7.04207 +- 5.0947  	chisq 3.09033 (3 df)

Iteration 5:  15000000 integrand evaluations so far
[1] 4.35597 +- 4.53577  	chisq 4.43076 (4 df)

Iteration 6:  21000000 integrand evaluations so far
[1] 2.34417 +- 3.5368  	chisq 4.93264 (5 df)

Iteration 7:  28000000 integrand evaluations so far
[1] 2.67392 +- 3.23551  	chisq 4.98593 (6 df)

Iteration 8:  36000000 integrand evaluations so far
[1] 2.37225 +- 3.23073  	chisq 7.9316 (7 df)

Iteration 9:  45000000 integrand evaluations so far
[1] 3.08941 +- 3.19414  	chisq 10.1189 (8 df)

Iteration 10:  55000000 integrand evaluations so far
[1] 3.64987 +- 3.14784  	chisq 11.1888 (9 df)
     3.6 ±    3.1        (2.75mi) ┃Vegas input parameters:
  ndim 8
  ncomp 1
  nvec 1
  epsrel 0
  epsabs 0
  flags 10
  seed 123456
  mineval 5000000
  maxeval 50000000
  nstart 1000000
  nincrease 1000000
  nbatch 5000
  gridno 0
  statefile ""

Iteration 1:  1000000 integrand evaluations so far
[1] 56.9683 +- 16.4949  	chisq 0 (0 df)

Iteration 2:  3000000 integrand evaluations so far
[1] 57.5824 +- 15.7616  	chisq 0.0159431 (1 df)

Iteration 3:  6000000 integrand evaluations so far
[1] 16.1767 +- 5.30363  	chisq 7.79822 (2 df)

Iteration 4:  10000000 integrand evaluations so far
[1] 18.3621 +- 4.50209  	chisq 8.40588 (3 df)

Iteration 5:  15000000 integrand evaluations so far
[1] 19.9149 +- 4.26675  	chisq 9.57434 (4 df)

Iteration 6:  21000000 integrand evaluations so far
[1] 21.2195 +- 2.59176  	chisq 9.7225 (5 df)

Iteration 7:  28000000 integrand evaluations so far
[1] 23.7206 +- 2.33324  	chisq 14.6354 (6 df)

Iteration 8:  36000000 integrand evaluations so far
[1] 27.0505 +- 1.70615  	chisq 19.013 (7 df)

Iteration 9:  45000000 integrand evaluations so far
[1] 30.1868 +- 0.942628  	chisq 23.8767 (8 df)

Iteration 10:  55000000 integrand evaluations so far
[1] 30.9814 +- 0.70612  	chisq 25.4957 (9 df)
   30.98 ±   0.71        (1.05mi) ┃    35.9 ±    3.2        (1.24hr) ┃
┃   88 -    90 ┃   36 -    37 ┃  4.4034 ± 0.0042        ( 6.1mi) ┃-3.24955 ± 0.00047        (56.1mi) ┃Vegas input parameters:
  ndim 10
  ncomp 1
  nvec 1
  epsrel 0
  epsabs 0
  flags 10
  seed 123456
  mineval 50000000
  maxeval 50000000
  nstart 1000000
  nincrease 1000000
  nbatch 5000
  gridno 0
  statefile ""

Iteration 1:  1000000 integrand evaluations so far
[1] -13.7246 +- 24.2612  	chisq 0 (0 df)

Iteration 2:  3000000 integrand evaluations so far
[1] -5.67135 +- 9.44234  	chisq 0.129852 (1 df)

Iteration 3:  6000000 integrand evaluations so far
[1] -4.8425 +- 9.39634  	chisq 0.922571 (2 df)

Iteration 4:  10000000 integrand evaluations so far
[1] -5.25409 +- 9.38717  	chisq 1.90657 (3 df)

Iteration 5:  15000000 integrand evaluations so far
[1] -5.43876 +- 9.38184  	chisq 2.24726 (4 df)

Iteration 6:  21000000 integrand evaluations so far
[1] -2.09186 +- 0.975535  	chisq 2.37591 (5 df)

Iteration 7:  28000000 integrand evaluations so far
[1] -1.95107 +- 0.971711  	chisq 5.03777 (6 df)

Iteration 8:  36000000 integrand evaluations so far
[1] -1.81904 +- 0.964836  	chisq 6.34711 (7 df)

Iteration 9:  45000000 integrand evaluations so far
[1] -1.80789 +- 0.964763  	chisq 7.22945 (8 df)

Iteration 10:  55000000 integrand evaluations so far
[1] -1.80507 +- 0.964759  	chisq 8.33329 (9 df)
   -1.81 ±   0.96        ( 2.5mi) ┃Vegas input parameters:
  ndim 8
  ncomp 1
  nvec 1
  epsrel 0
  epsabs 0
  flags 10
  seed 123456
  mineval 5000000
  maxeval 50000000
  nstart 1000000
  nincrease 1000000
  nbatch 5000
  gridno 0
  statefile ""

Iteration 1:  1000000 integrand evaluations so far
[1] 36.349 +- 11.6006  	chisq 0 (0 df)

Iteration 2:  3000000 integrand evaluations so far
[1] 13.6812 +- 4.56037  	chisq 4.51613 (1 df)

Iteration 3:  6000000 integrand evaluations so far
[1] 9.26462 +- 2.01332  	chisq 5.68114 (2 df)

Iteration 4:  10000000 integrand evaluations so far
[1] 9.61011 +- 2.00073  	chisq 8.04347 (3 df)

Iteration 5:  15000000 integrand evaluations so far
[1] 11.938 +- 1.33197  	chisq 10.4749 (4 df)

Iteration 6:  21000000 integrand evaluations so far
[1] 15.3923 +- 1.17236  	chisq 40.3267 (5 df)

Iteration 7:  28000000 integrand evaluations so far
[1] 15.8235 +- 1.15892  	chisq 46.2586 (6 df)

Iteration 8:  36000000 integrand evaluations so far
[1] 18.0492 +- 1.07363  	chisq 72.274 (7 df)

Iteration 9:  45000000 integrand evaluations so far
[1] 23.3382 +- 0.87402  	chisq 144.23 (8 df)

Iteration 10:  55000000 integrand evaluations so far
[1] 24.688 +- 0.818133  	chisq 163.494 (9 df)
   24.69 ±   0.82        (1.02mi) ┃      24 ±    1.3        ( 1.1hr) ┃
┃   88 -    90 ┃   37 -    38 ┃  9.8222 ± 0.0058        (4.45mi) ┃ -7.1753 ± 0.0028        (7.51mi) ┃Vegas input parameters:
  ndim 10
  ncomp 1
  nvec 1
  epsrel 0
  epsabs 0
  flags 10
  seed 123456
  mineval 50000000
  maxeval 50000000
  nstart 1000000
  nincrease 1000000
  nbatch 5000
  gridno 0
  statefile ""

Iteration 1:  1000000 integrand evaluations so far
[1] 17.8817 +- 14.3436  	chisq 0 (0 df)

Iteration 2:  3000000 integrand evaluations so far
[1] 15.6914 +- 14.187  	chisq 1.07327 (1 df)

Iteration 3:  6000000 integrand evaluations so far
[1] 7.96195 +- 7.12569  	chisq 1.47026 (2 df)

Iteration 4:  10000000 integrand evaluations so far
[1] 10.3602 +- 6.02618  	chisq 1.86799 (3 df)

Iteration 5:  15000000 integrand evaluations so far
[1] 9.72364 +- 5.97801  	chisq 2.56873 (4 df)

Iteration 6:  21000000 integrand evaluations so far
[1] 8.07561 +- 5.61418  	chisq 3.2127 (5 df)

Iteration 7:  28000000 integrand evaluations so far
[1] 8.06974 +- 5.61013  	chisq 3.21346 (6 df)

Iteration 8:  36000000 integrand evaluations so far
[1] -0.560023 +- 4.23923  	chisq 8.72895 (7 df)

Iteration 9:  45000000 integrand evaluations so far
[1] -0.44874 +- 4.23413  	chisq 9.01566 (8 df)

Iteration 10:  55000000 integrand evaluations so far
[1] -0.306016 +- 4.23205  	chisq 10.1715 (9 df)
    -0.3 ±    4.2        (2.85mi) ┃Vegas input parameters:
  ndim 8
  ncomp 1
  nvec 1
  epsrel 0
  epsabs 0
  flags 10
  seed 123456
  mineval 5000000
  maxeval 50000000
  nstart 1000000
  nincrease 1000000
  nbatch 5000
  gridno 0
  statefile ""

Iteration 1:  1000000 integrand evaluations so far
[1] 28.5227 +- 9.7179  	chisq 0 (0 df)

Iteration 2:  3000000 integrand evaluations so far
[1] 17.134 +- 6.04204  	chisq 2.23892 (1 df)

Iteration 3:  6000000 integrand evaluations so far
[1] 9.18797 +- 2.83508  	chisq 4.45676 (2 df)

Iteration 4:  10000000 integrand evaluations so far
[1] 9.33999 +- 2.83175  	chisq 5.68168 (3 df)

Iteration 5:  15000000 integrand evaluations so far
[1] 10.572 +- 2.55201  	chisq 6.68944 (4 df)

Iteration 6:  21000000 integrand evaluations so far
[1] 10.6167 +- 2.55164  	chisq 7.74975 (5 df)

Iteration 7:  28000000 integrand evaluations so far
[1] 13.4832 +- 2.11648  	chisq 11.7945 (6 df)

Iteration 8:  36000000 integrand evaluations so far
[1] 18.1815 +- 1.49801  	chisq 21.669 (7 df)

Iteration 9:  45000000 integrand evaluations so far
[1] 18.2146 +- 1.49782  	chisq 23.582 (8 df)

Iteration 10:  55000000 integrand evaluations so far
[1] 18.4855 +- 1.49298  	chisq 28.6486 (9 df)
    18.5 ±    1.5        (1.05mi) ┃    20.8 ±    4.5        (15.9mi) ┃
┃   88 -    90 ┃   38 -    39 ┃  5.3538 ± 0.0036        (4.72mi) ┃ -3.9533 ± 0.0013        (14.3mi) ┃Vegas input parameters:
  ndim 10
  ncomp 1
  nvec 1
  epsrel 0
  epsabs 0
  flags 10
  seed 123456
  mineval 50000000
  maxeval 50000000
  nstart 1000000
  nincrease 1000000
  nbatch 5000
  gridno 0
  statefile ""

Iteration 1:  1000000 integrand evaluations so far
[1] 3.90029 +- 49.5485  	chisq 0 (0 df)

Iteration 2:  3000000 integrand evaluations so far
[1] 2.43977 +- 11.0474  	chisq 0.000914329 (1 df)

Iteration 3:  6000000 integrand evaluations so far
[1] -2.98589 +- 6.51279  	chisq 0.370603 (2 df)

Iteration 4:  10000000 integrand evaluations so far
[1] -1.07932 +- 3.98013  	chisq 0.507387 (3 df)

Iteration 5:  15000000 integrand evaluations so far
[1] 0.0100303 +- 3.75279  	chisq 1.18239 (4 df)

Iteration 6:  21000000 integrand evaluations so far
[1] 0.171857 +- 3.66954  	chisq 1.22477 (5 df)

Iteration 7:  28000000 integrand evaluations so far
[1] 0.554784 +- 3.21182  	chisq 1.27133 (6 df)

Iteration 8:  36000000 integrand evaluations so far
[1] 0.486172 +- 3.18496  	chisq 1.29873 (7 df)

Iteration 9:  45000000 integrand evaluations so far
[1] 0.643222 +- 2.96218  	chisq 1.31674 (8 df)

Iteration 10:  55000000 integrand evaluations so far
[1] 0.108211 +- 2.93285  	chisq 2.97244 (9 df)
     0.1 ±    2.9        (2.93mi) ┃Vegas input parameters:
  ndim 8
  ncomp 1
  nvec 1
  epsrel 0
  epsabs 0
  flags 10
  seed 123456
  mineval 5000000
  maxeval 50000000
  nstart 1000000
  nincrease 1000000
  nbatch 5000
  gridno 0
  statefile ""

Iteration 1:  1000000 integrand evaluations so far
[1] 29.1192 +- 9.91307  	chisq 0 (0 df)

Iteration 2:  3000000 integrand evaluations so far
[1] 0.467149 +- 0.122255  	chisq 8.35527 (1 df)

Iteration 3:  6000000 integrand evaluations so far
[1] 0.470421 +- 0.122244  	chisq 12.3979 (2 df)

Iteration 4:  10000000 integrand evaluations so far
[1] 0.481065 +- 0.12221  	chisq 26.0341 (3 df)

Iteration 5:  15000000 integrand evaluations so far
[1] 0.487706 +- 0.122196  	chisq 38.5632 (4 df)

Iteration 6:  21000000 integrand evaluations so far
[1] 0.494703 +- 0.122186  	chisq 58.4356 (5 df)

Iteration 7:  28000000 integrand evaluations so far
[1] 0.595698 +- 0.121947  	chisq 233.151 (6 df)

Iteration 8:  36000000 integrand evaluations so far
[1] 0.632863 +- 0.121883  	chisq 322.158 (7 df)

Iteration 9:  45000000 integrand evaluations so far
[1] 0.890392 +- 0.1214  	chisq 886.864 (8 df)

Iteration 10:  55000000 integrand evaluations so far
[1] 1.23624 +- 0.12077  	chisq 1669.85 (9 df)
    1.24 ±   0.12        (1.02mi) ┃     2.7 ±    2.9        (22.9mi) ┃
┃   88 -    90 ┃   39 -    40 ┃  5.4512 ± 0.0043        (9.86mi) ┃ -3.9827 ±  0.003        (13.1mi) ┃Vegas input parameters:
  ndim 10
  ncomp 1
  nvec 1
  epsrel 0
  epsabs 0
  flags 10
  seed 123456
  mineval 50000000
  maxeval 50000000
  nstart 1000000
  nincrease 1000000
  nbatch 5000
  gridno 0
  statefile ""

Iteration 1:  1000000 integrand evaluations so far
[1] 4.37053 +- 38.9161  	chisq 0 (0 df)

Iteration 2:  3000000 integrand evaluations so far
[1] 31.7807 +- 28.7242  	chisq 1.08984 (1 df)

Iteration 3:  6000000 integrand evaluations so far
[1] 31.1306 +- 28.7172  	chisq 2.14465 (2 df)

Iteration 4:  10000000 integrand evaluations so far
[1] 6.77665 +- 12.103  	chisq 3.01919 (3 df)

Iteration 5:  15000000 integrand evaluations so far
[1] 9.99349 +- 11.5785  	chisq 3.85244 (4 df)

Iteration 6:  21000000 integrand evaluations so far
[1] 0.692171 +- 4.58448  	chisq 4.61775 (5 df)

Iteration 7:  28000000 integrand evaluations so far
[1] 2.14882 +- 4.01846  	chisq 5.05349 (6 df)

Iteration 8:  36000000 integrand evaluations so far
[1] 1.39227 +- 3.97674  	chisq 6.76943 (7 df)

Iteration 9:  45000000 integrand evaluations so far
[1] 1.31543 +- 3.71711  	chisq 6.77238 (8 df)

Iteration 10:  55000000 integrand evaluations so far
[1] 1.33283 +- 3.71707  	chisq 7.76141 (9 df)
     1.3 ±    3.7        (2.79mi) ┃Vegas input parameters:
  ndim 8
  ncomp 1
  nvec 1
  epsrel 0
  epsabs 0
  flags 10
  seed 123456
  mineval 5000000
  maxeval 50000000
  nstart 1000000
  nincrease 1000000
  nbatch 5000
  gridno 0
  statefile ""

Iteration 1:  1000000 integrand evaluations so far
[1] 56.9289 +- 15.4255  	chisq 0 (0 df)

Iteration 2:  3000000 integrand evaluations so far
[1] 39.0495 +- 10.3265  	chisq 2.43448 (1 df)

Iteration 3:  6000000 integrand evaluations so far
[1] 27.3048 +- 6.69439  	chisq 4.6657 (2 df)

Iteration 4:  10000000 integrand evaluations so far
[1] 28.0882 +- 6.55129  	chisq 4.98947 (3 df)

Iteration 5:  15000000 integrand evaluations so far
[1] 29.2536 +- 5.27206  	chisq 5.07926 (4 df)

Iteration 6:  21000000 integrand evaluations so far
[1] 27.2264 +- 2.93402  	chisq 5.29346 (5 df)

Iteration 7:  28000000 integrand evaluations so far
[1] 25.8854 +- 1.37584  	chisq 5.56124 (6 df)

Iteration 8:  36000000 integrand evaluations so far
[1] 26.7519 +- 0.893317  	chisq 6.24707 (7 df)

Iteration 9:  45000000 integrand evaluations so far
[1] 26.8781 +- 0.882495  	chisq 7.07568 (8 df)

Iteration 10:  55000000 integrand evaluations so far
[1] 26.9776 +- 0.747733  	chisq 7.12078 (9 df)
   26.98 ±   0.75        (1.09mi) ┃    29.8 ±    3.8        (26.8mi) ┃
┃   88 -    90 ┃   40 -    41 ┃   6.373 ± 0.0039        (11.6mi) ┃  -4.707 ± 0.0016        (27.4mi) ┃Vegas input parameters:
  ndim 10
  ncomp 1
  nvec 1
  epsrel 0
  epsabs 0
  flags 10
  seed 123456
  mineval 50000000
  maxeval 50000000
  nstart 1000000
  nincrease 1000000
  nbatch 5000
  gridno 0
  statefile ""

Iteration 1:  1000000 integrand evaluations so far
[1] -0.964232 +- 7.5035  	chisq 0 (0 df)

Iteration 2:  3000000 integrand evaluations so far
[1] 0.0115473 +- 6.61182  	chisq 0.0756492 (1 df)

Iteration 3:  6000000 integrand evaluations so far
[1] 0.32512 +- 6.30522  	chisq 0.100477 (2 df)

Iteration 4:  10000000 integrand evaluations so far
[1] 1.07371 +- 5.96258  	chisq 0.233792 (3 df)

Iteration 5:  15000000 integrand evaluations so far
[1] -0.770333 +- 5.80774  	chisq 2.0997 (4 df)

Iteration 6:  21000000 integrand evaluations so far
[1] 1.44618 +- 5.55557  	chisq 3.81421 (5 df)

Iteration 7:  28000000 integrand evaluations so far
[1] 3.00121 +- 5.17622  	chisq 4.40818 (6 df)

Iteration 8:  36000000 integrand evaluations so far
[1] 4.90609 +- 5.08112  	chisq 8.12777 (7 df)

Iteration 9:  45000000 integrand evaluations so far
[1] 4.78073 +- 5.07938  	chisq 9.01907 (8 df)

Iteration 10:  55000000 integrand evaluations so far
[1] 5.18513 +- 4.85553  	chisq 9.09261 (9 df)
     5.2 ±    4.9        (2.84mi) ┃Vegas input parameters:
  ndim 8
  ncomp 1
  nvec 1
  epsrel 0
  epsabs 0
  flags 10
  seed 123456
  mineval 5000000
  maxeval 50000000
  nstart 1000000
  nincrease 1000000
  nbatch 5000
  gridno 0
  statefile ""

Iteration 1:  1000000 integrand evaluations so far
[1] 21.7673 +- 6.73068  	chisq 0 (0 df)

Iteration 2:  3000000 integrand evaluations so far
[1] 3.26748 +- 1.30439  	chisq 7.8495 (1 df)

Iteration 3:  6000000 integrand evaluations so far
[1] 3.32724 +- 1.30361  	chisq 9.59587 (2 df)

Iteration 4:  10000000 integrand evaluations so far
[1] 3.4726 +- 0.741166  	chisq 9.61424 (3 df)

Iteration 5:  15000000 integrand evaluations so far
[1] 3.63252 +- 0.735772  	chisq 12.8238 (4 df)

Iteration 6:  21000000 integrand evaluations so far
[1] 4.33873 +- 0.717078  	chisq 31.1872 (5 df)

Iteration 7:  28000000 integrand evaluations so far
[1] 5.0712 +- 0.702913  	chisq 57.86 (6 df)

Iteration 8:  36000000 integrand evaluations so far
[1] 7.46602 +- 0.663971  	chisq 165.605 (7 df)

Iteration 9:  45000000 integrand evaluations so far
[1] 10.0661 +- 0.630771  	chisq 322.88 (8 df)

Iteration 10:  55000000 integrand evaluations so far
[1] 13.3187 +- 0.588276  	chisq 527.101 (9 df)
   13.32 ±   0.59        (1.05mi) ┃    20.2 ±    4.9        (42.9mi) ┃
┃   88 -    90 ┃   41 -    42 ┃  7.2454 ± 0.0039        (10.8mi) ┃ -5.2912 ± 0.0019        (54.2mi) ┃Vegas input parameters:
  ndim 10
  ncomp 1
  nvec 1
  epsrel 0
  epsabs 0
  flags 10
  seed 123456
  mineval 50000000
  maxeval 50000000
  nstart 1000000
  nincrease 1000000
  nbatch 5000
  gridno 0
  statefile ""

Iteration 1:  1000000 integrand evaluations so far
[1] 26.9636 +- 15.8033  	chisq 0 (0 df)

Iteration 2:  3000000 integrand evaluations so far
[1] 25.8674 +- 15.7389  	chisq 0.591728 (1 df)

Iteration 3:  6000000 integrand evaluations so far
[1] 15.1121 +- 8.19083  	chisq 1.23216 (2 df)

Iteration 4:  10000000 integrand evaluations so far
[1] 13.3303 +- 8.12301  	chisq 4.10148 (3 df)

Iteration 5:  15000000 integrand evaluations so far
[1] 10.1067 +- 4.48787  	chisq 4.32816 (4 df)

Iteration 6:  21000000 integrand evaluations so far
[1] 6.99056 +- 4.17797  	chisq 7.94397 (5 df)

Iteration 7:  28000000 integrand evaluations so far
[1] 7.56866 +- 3.93233  	chisq 8.11172 (6 df)

Iteration 8:  36000000 integrand evaluations so far
[1] 4.1508 +- 3.58812  	chisq 12.6244 (7 df)

Iteration 9:  45000000 integrand evaluations so far
[1] 4.35894 +- 3.52742  	chisq 12.7247 (8 df)

Iteration 10:  55000000 integrand evaluations so far
[1] 1.67448 +- 3.11316  	chisq 15.3443 (9 df)
     1.7 ±    3.1        (2.84mi) ┃Vegas input parameters:
  ndim 8
  ncomp 1
  nvec 1
  epsrel 0
  epsabs 0
  flags 10
  seed 123456
  mineval 5000000
  maxeval 50000000
  nstart 1000000
  nincrease 1000000
  nbatch 5000
  gridno 0
  statefile ""

Iteration 1:  1000000 integrand evaluations so far
[1] 42.8299 +- 11.7194  	chisq 0 (0 df)

Iteration 2:  3000000 integrand evaluations so far
[1] 15.5109 +- 5.44823  	chisq 6.93223 (1 df)

Iteration 3:  6000000 integrand evaluations so far
[1] 2.74512 +- 0.577787  	chisq 12.4848 (2 df)

Iteration 4:  10000000 integrand evaluations so far
[1] 2.77441 +- 0.577534  	chisq 15.4144 (3 df)

Iteration 5:  15000000 integrand evaluations so far
[1] 2.90563 +- 0.575433  	chisq 22.5222 (4 df)

Iteration 6:  21000000 integrand evaluations so far
[1] 2.98766 +- 0.57488  	chisq 33.1008 (5 df)

Iteration 7:  28000000 integrand evaluations so far
[1] 4.16324 +- 0.554826  	chisq 94.1044 (6 df)

Iteration 8:  36000000 integrand evaluations so far
[1] 6.97756 +- 0.519536  	chisq 303.004 (7 df)

Iteration 9:  45000000 integrand evaluations so far
[1] 10.8434 +- 0.473983  	chisq 633.216 (8 df)

Iteration 10:  55000000 integrand evaluations so far
[1] 16.1843 +- 0.397915  	chisq 1063.31 (9 df)
   16.18 ±    0.4        (1.06mi) ┃    19.8 ±    3.1        (1.15hr) ┃
┃   88 -    90 ┃   42 -    43 ┃  7.4998 ± 0.0056        (4.26mi) ┃ -5.4895 ± 0.0028        (  27mi) ┃Vegas input parameters:
  ndim 10
  ncomp 1
  nvec 1
  epsrel 0
  epsabs 0
  flags 10
  seed 123456
  mineval 50000000
  maxeval 50000000
  nstart 1000000
  nincrease 1000000
  nbatch 5000
  gridno 0
  statefile ""

Iteration 1:  1000000 integrand evaluations so far
[1] 120.846 +- 111.825  	chisq 0 (0 df)

Iteration 2:  3000000 integrand evaluations so far
[1] -9.98292 +- 76.8857  	chisq 2.596 (1 df)

Iteration 3:  6000000 integrand evaluations so far
[1] 7.20512 +- 6.52951  	chisq 2.64634 (2 df)

Iteration 4:  10000000 integrand evaluations so far
[1] 5.07876 +- 6.33263  	chisq 4.43187 (3 df)

Iteration 5:  15000000 integrand evaluations so far
[1] 6.17345 +- 6.20852  	chisq 5.20176 (4 df)

Iteration 6:  21000000 integrand evaluations so far
[1] 5.06077 +- 3.41144  	chisq 5.24778 (5 df)

Iteration 7:  28000000 integrand evaluations so far
[1] 5.41074 +- 3.38118  	chisq 5.84377 (6 df)

Iteration 8:  36000000 integrand evaluations so far
[1] 3.89571 +- 3.09998  	chisq 7.10319 (7 df)

Iteration 9:  45000000 integrand evaluations so far
[1] 4.55307 +- 2.87662  	chisq 7.42689 (8 df)

Iteration 10:  55000000 integrand evaluations so far
[1] 4.39741 +- 2.87352  	chisq 8.7884 (9 df)
     4.4 ±    2.9        (2.73mi) ┃Vegas input parameters:
  ndim 8
  ncomp 1
  nvec 1
  epsrel 0
  epsabs 0
  flags 10
  seed 123456
  mineval 5000000
  maxeval 50000000
  nstart 1000000
  nincrease 1000000
  nbatch 5000
  gridno 0
  statefile ""

Iteration 1:  1000000 integrand evaluations so far
[1] 30.7797 +- 10.2933  	chisq 0 (0 df)

Iteration 2:  3000000 integrand evaluations so far
[1] 1.7364 +- 0.90999  	chisq 8.02402 (1 df)

Iteration 3:  6000000 integrand evaluations so far
[1] 2.22545 +- 0.87697  	chisq 12.0774 (2 df)

Iteration 4:  10000000 integrand evaluations so far
[1] 2.25729 +- 0.87655  	chisq 13.4544 (3 df)

Iteration 5:  15000000 integrand evaluations so far
[1] 2.65968 +- 0.86278  	chisq 20.2147 (4 df)

Iteration 6:  21000000 integrand evaluations so far
[1] 3.12211 +- 0.853667  	chisq 33.886 (5 df)

Iteration 7:  28000000 integrand evaluations so far
[1] 5.27652 +- 0.816758  	chisq 109.169 (6 df)

Iteration 8:  36000000 integrand evaluations so far
[1] 10.3054 +- 0.718158  	chisq 276.268 (7 df)

Iteration 9:  45000000 integrand evaluations so far
[1] 16.2151 +- 0.601251  	chisq 502.69 (8 df)

Iteration 10:  55000000 integrand evaluations so far
[1] 22.5429 +- 0.416076  	chisq 715.237 (9 df)
   22.54 ±   0.42        (1.08mi) ┃      29 ±    2.9        (35.1mi) ┃
┃   88 -    90 ┃   43 -    44 ┃  5.6699 ± 0.0037        (4.28mi) ┃ -4.1509 ± 0.0024        (23.4mi) ┃Vegas input parameters:
  ndim 10
  ncomp 1
  nvec 1
  epsrel 0
  epsabs 0
  flags 10
  seed 123456
  mineval 50000000
  maxeval 50000000
  nstart 1000000
  nincrease 1000000
  nbatch 5000
  gridno 0
  statefile ""

Iteration 1:  1000000 integrand evaluations so far
[1] 25.7894 +- 14.3557  	chisq 0 (0 df)

Iteration 2:  3000000 integrand evaluations so far
[1] 21.5595 +- 12.2903  	chisq 0.325111 (1 df)

Iteration 3:  6000000 integrand evaluations so far
[1] 23.4388 +- 11.3871  	chisq 0.490253 (2 df)

Iteration 4:  10000000 integrand evaluations so far
[1] 24.5216 +- 11.1775  	chisq 0.738136 (3 df)

Iteration 5:  15000000 integrand evaluations so far
[1] 10.7237 +- 8.59668  	chisq 4.46862 (4 df)

Iteration 6:  21000000 integrand evaluations so far
[1] -0.427393 +- 6.3116  	chisq 8.11871 (5 df)

Iteration 7:  28000000 integrand evaluations so far
[1] -0.999722 +- 6.28244  	chisq 9.01074 (6 df)

Iteration 8:  36000000 integrand evaluations so far
[1] -2.74281 +- 5.49908  	chisq 9.33995 (7 df)

Iteration 9:  45000000 integrand evaluations so far
[1] -3.30285 +- 5.35934  	chisq 9.54664 (8 df)

Iteration 10:  55000000 integrand evaluations so far
[1] -1.84905 +- 5.26681  	chisq 11.6963 (9 df)
    -1.8 ±    5.3        ( 2.8mi) ┃Vegas input parameters:
  ndim 8
  ncomp 1
  nvec 1
  epsrel 0
  epsabs 0
  flags 10
  seed 123456
  mineval 5000000
  maxeval 50000000
  nstart 1000000
  nincrease 1000000
  nbatch 5000
  gridno 0
  statefile ""

Iteration 1:  1000000 integrand evaluations so far
[1] 24.5416 +- 10.5221  	chisq 0 (0 df)

Iteration 2:  3000000 integrand evaluations so far
[1] 10.4195 +- 4.14139  	chisq 2.13151 (1 df)

Iteration 3:  6000000 integrand evaluations so far
[1] 7.7427 +- 2.40014  	chisq 2.76056 (2 df)

Iteration 4:  10000000 integrand evaluations so far
[1] 7.88759 +- 2.39598  	chisq 3.81292 (3 df)

Iteration 5:  15000000 integrand evaluations so far
[1] 8.5941 +- 2.32349  	chisq 5.27188 (4 df)

Iteration 6:  21000000 integrand evaluations so far
[1] 8.61955 +- 2.32336  	chisq 6.32956 (5 df)

Iteration 7:  28000000 integrand evaluations so far
[1] 10.1371 +- 1.77493  	chisq 7.35414 (6 df)

Iteration 8:  36000000 integrand evaluations so far
[1] 13.4276 +- 1.45893  	chisq 17.9499 (7 df)

Iteration 9:  45000000 integrand evaluations so far
[1] 16.628 +- 1.23803  	chisq 35.1421 (8 df)

Iteration 10:  55000000 integrand evaluations so far
[1] 20.1111 +- 1.05803  	chisq 64.4965 (9 df)
    20.1 ±    1.1        (1.07mi) ┃    19.8 ±    5.4        (31.6mi) ┃
┃   88 -    90 ┃   44 -    45 ┃  6.9455 ± 0.0046        (6.89mi) ┃ -5.0614 ± 0.0028        (16.2mi) ┃Vegas input parameters:
  ndim 10
  ncomp 1
  nvec 1
  epsrel 0
  epsabs 0
  flags 10
  seed 123456
  mineval 50000000
  maxeval 50000000
  nstart 1000000
  nincrease 1000000
  nbatch 5000
  gridno 0
  statefile ""

Iteration 1:  1000000 integrand evaluations so far
[1] 2.30425 +- 7.75129  	chisq 0 (0 df)

Iteration 2:  3000000 integrand evaluations so far
[1] 4.16938 +- 7.41598  	chisq 0.68401 (1 df)

Iteration 3:  6000000 integrand evaluations so far
[1] 5.95172 +- 6.88237  	chisq 1.10037 (2 df)

Iteration 4:  10000000 integrand evaluations so far
[1] 4.63597 +- 6.6329  	chisq 1.61383 (3 df)

Iteration 5:  15000000 integrand evaluations so far
[1] 4.20782 +- 6.6205  	chisq 2.72911 (4 df)

Iteration 6:  21000000 integrand evaluations so far
[1] 5.48439 +- 6.47896  	chisq 3.60806 (5 df)

Iteration 7:  28000000 integrand evaluations so far
[1] -0.489346 +- 4.27291  	chisq 5.11256 (6 df)

Iteration 8:  36000000 integrand evaluations so far
[1] -0.823979 +- 4.25692  	chisq 5.93378 (7 df)

Iteration 9:  45000000 integrand evaluations so far
[1] -0.771554 +- 4.25661  	chisq 6.96335 (8 df)

Iteration 10:  55000000 integrand evaluations so far
[1] -2.32401 +- 2.20142  	chisq 7.14494 (9 df)
    -2.3 ±    2.2        ( 2.8mi) ┃Vegas input parameters:
  ndim 8
  ncomp 1
  nvec 1
  epsrel 0
  epsabs 0
  flags 10
  seed 123456
  mineval 5000000
  maxeval 50000000
  nstart 1000000
  nincrease 1000000
  nbatch 5000
  gridno 0
  statefile ""

Iteration 1:  1000000 integrand evaluations so far
[1] 37.8664 +- 11.0852  	chisq 0 (0 df)

Iteration 2:  3000000 integrand evaluations so far
[1] 36.4948 +- 10.2372  	chisq 0.104036 (1 df)

Iteration 3:  6000000 integrand evaluations so far
[1] 32.9311 +- 8.48289  	chisq 0.49074 (2 df)

Iteration 4:  10000000 integrand evaluations so far
[1] 6.92403 +- 1.63018  	chisq 10.2505 (3 df)

Iteration 5:  15000000 integrand evaluations so far
[1] 6.9863 +- 1.6291  	chisq 11.358 (4 df)

Iteration 6:  21000000 integrand evaluations so far
[1] 7.86049 +- 1.59491  	chisq 18.2903 (5 df)

Iteration 7:  28000000 integrand evaluations so far
[1] 12.044 +- 1.38186  	chisq 45.8879 (6 df)

Iteration 8:  36000000 integrand evaluations so far
[1] 16.2121 +- 1.20134  	chisq 83.1424 (7 df)

Iteration 9:  45000000 integrand evaluations so far
[1] 23.0262 +- 0.806545  	chisq 141.717 (8 df)

Iteration 10:  55000000 integrand evaluations so far
[1] 27.1413 +- 0.512229  	chisq 185.345 (9 df)
   27.14 ±   0.51        (1.07mi) ┃    26.7 ±    2.3        (26.9mi) ┃
┃   88 -    90 ┃   45 -    46 ┃  6.9439 ± 0.0021        (3.24mi) ┃ -5.0433 ± 0.0048        (1.41mi) ┃Vegas input parameters:
  ndim 10
  ncomp 1
  nvec 1
  epsrel 0
  epsabs 0
  flags 10
  seed 123456
  mineval 50000000
  maxeval 50000000
  nstart 1000000
  nincrease 1000000
  nbatch 5000
  gridno 0
  statefile ""

Iteration 1:  1000000 integrand evaluations so far
[1] 355.938 +- 330.922  	chisq 0 (0 df)

Iteration 2:  3000000 integrand evaluations so far
[1] 3.23284 +- 9.67442  	chisq 1.13695 (1 df)

Iteration 3:  6000000 integrand evaluations so far
[1] 2.18531 +- 3.86113  	chisq 1.1509 (2 df)

Iteration 4:  10000000 integrand evaluations so far
[1] 2.4266 +- 3.82972  	chisq 1.39186 (3 df)

Iteration 5:  15000000 integrand evaluations so far
[1] 3.20059 +- 3.76168  	chisq 2.55179 (4 df)

Iteration 6:  21000000 integrand evaluations so far
[1] 1.23265 +- 2.30842  	chisq 2.99081 (5 df)

Iteration 7:  28000000 integrand evaluations so far
[1] 1.25291 +- 2.30835  	chisq 4.29578 (6 df)

Iteration 8:  36000000 integrand evaluations so far
[1] 1.23224 +- 2.30799  	chisq 4.5487 (7 df)

Iteration 9:  45000000 integrand evaluations so far
[1] 1.12322 +- 2.30623  	chisq 6.01621 (8 df)

Iteration 10:  55000000 integrand evaluations so far
[1] 1.56314 +- 2.25418  	chisq 6.83152 (9 df)
     1.6 ±    2.3        (2.89mi) ┃Vegas input parameters:
  ndim 8
  ncomp 1
  nvec 1
  epsrel 0
  epsabs 0
  flags 10
  seed 123456
  mineval 5000000
  maxeval 50000000
  nstart 1000000
  nincrease 1000000
  nbatch 5000
  gridno 0
  statefile ""

Iteration 1:  1000000 integrand evaluations so far
[1] 25.5772 +- 8.2206  	chisq 0 (0 df)

Iteration 2:  3000000 integrand evaluations so far
[1] 4.0674 +- 1.42059  	chisq 7.05723 (1 df)

Iteration 3:  6000000 integrand evaluations so far
[1] 4.09318 +- 1.42036  	chisq 8.09465 (2 df)

Iteration 4:  10000000 integrand evaluations so far
[1] 4.21172 +- 1.41846  	chisq 10.6928 (3 df)

Iteration 5:  15000000 integrand evaluations so far
[1] 4.73921 +- 1.40145  	chisq 16.4932 (4 df)

Iteration 6:  21000000 integrand evaluations so far
[1] 7.94295 +- 1.27238  	chisq 46.235 (5 df)

Iteration 7:  28000000 integrand evaluations so far
[1] 11.9061 +- 1.12556  	chisq 90.8494 (6 df)

Iteration 8:  36000000 integrand evaluations so far
[1] 16.1366 +- 0.959604  	chisq 142.567 (7 df)

Iteration 9:  45000000 integrand evaluations so far
[1] 16.1425 +- 0.95959  	chisq 143.801 (8 df)

Iteration 10:  55000000 integrand evaluations so far
[1] 16.3566 +- 0.955662  	chisq 149.895 (9 df)
   16.36 ±   0.96        (1.07mi) ┃    19.8 ±    2.4        ( 8.6mi) ┃
┃   88 -    90 ┃   46 -    47 ┃  6.3735 ± 0.0035        (3.44mi) ┃ -4.6827 ±  0.003        (6.34mi) ┃Vegas input parameters:
  ndim 10
  ncomp 1
  nvec 1
  epsrel 0
  epsabs 0
  flags 10
  seed 123456
  mineval 50000000
  maxeval 50000000
  nstart 1000000
  nincrease 1000000
  nbatch 5000
  gridno 0
  statefile ""

Iteration 1:  1000000 integrand evaluations so far
[1] -313.232 +- 330.265  	chisq 0 (0 df)

Iteration 2:  3000000 integrand evaluations so far
[1] -1.69335 +- 3.57478  	chisq 0.889919 (1 df)

Iteration 3:  6000000 integrand evaluations so far
[1] -2.08902 +- 3.56087  	chisq 2.4674 (2 df)

Iteration 4:  10000000 integrand evaluations so far
[1] -3.62282 +- 3.15725  	chisq 3.335 (3 df)

Iteration 5:  15000000 integrand evaluations so far
[1] -3.78686 +- 3.1474  	chisq 3.76805 (4 df)

Iteration 6:  21000000 integrand evaluations so far
[1] -2.73321 +- 3.0445  	chisq 5.51056 (5 df)

Iteration 7:  28000000 integrand evaluations so far
[1] -2.1513 +- 2.99652  	chisq 6.67882 (6 df)

Iteration 8:  36000000 integrand evaluations so far
[1] -3.06497 +- 2.48295  	chisq 6.97547 (7 df)

Iteration 9:  45000000 integrand evaluations so far
[1] -1.59833 +- 2.32581  	chisq 9.82212 (8 df)

Iteration 10:  55000000 integrand evaluations so far
[1] -2.68576 +- 2.25323  	chisq 13.3798 (9 df)
    -2.7 ±    2.3        (2.78mi) ┃Vegas input parameters:
  ndim 8
  ncomp 1
  nvec 1
  epsrel 0
  epsabs 0
  flags 10
  seed 123456
  mineval 5000000
  maxeval 50000000
  nstart 1000000
  nincrease 1000000
  nbatch 5000
  gridno 0
  statefile ""

Iteration 1:  1000000 integrand evaluations so far
[1] 31.3045 +- 10.7668  	chisq 0 (0 df)

Iteration 2:  3000000 integrand evaluations so far
[1] 30.2249 +- 9.78751  	chisq 0.0578976 (1 df)

Iteration 3:  6000000 integrand evaluations so far
[1] 12.56 +- 3.77261  	chisq 3.8838 (2 df)

Iteration 4:  10000000 integrand evaluations so far
[1] 12.0821 +- 1.76429  	chisq 3.90434 (3 df)

Iteration 5:  15000000 integrand evaluations so far
[1] 14.24 +- 1.60358  	chisq 12.5078 (4 df)

Iteration 6:  21000000 integrand evaluations so far
[1] 14.2499 +- 1.60355  	chisq 13.6051 (5 df)

Iteration 7:  28000000 integrand evaluations so far
[1] 15.3215 +- 1.52809  	chisq 18.464 (6 df)

Iteration 8:  36000000 integrand evaluations so far
[1] 17.4406 +- 1.4055  	chisq 30.9513 (7 df)

Iteration 9:  45000000 integrand evaluations so far
[1] 21.5955 +- 1.12408  	chisq 55.2016 (8 df)

Iteration 10:  55000000 integrand evaluations so far
[1] 25.8407 +- 0.700478  	chisq 78.5196 (9 df)
   25.84 ±    0.7        (1.08mi) ┃    24.8 ±    2.4        (13.6mi) ┃
┃   88 -    90 ┃   47 -    48 ┃  6.4112 ± 0.0018        (2.74mi) ┃ -4.6642 ± 0.0037        (13.3mi) ┃Vegas input parameters:
  ndim 10
  ncomp 1
  nvec 1
  epsrel 0
  epsabs 0
  flags 10
  seed 123456
  mineval 50000000
  maxeval 50000000
  nstart 1000000
  nincrease 1000000
  nbatch 5000
  gridno 0
  statefile ""

Iteration 1:  1000000 integrand evaluations so far
[1] -5.72931 +- 13.1953  	chisq 0 (0 df)

Iteration 2:  3000000 integrand evaluations so far
[1] -2.24806 +- 12.6734  	chisq 0.897491 (1 df)

Iteration 3:  6000000 integrand evaluations so far
[1] -6.1845 +- 12.386  	chisq 3.04918 (2 df)

Iteration 4:  10000000 integrand evaluations so far
[1] -2.00885 +- 2.79874  	chisq 3.16895 (3 df)

Iteration 5:  15000000 integrand evaluations so far
[1] -1.98879 +- 2.77366  	chisq 3.17183 (4 df)

Iteration 6:  21000000 integrand evaluations so far
[1] -1.47135 +- 2.74312  	chisq 4.76127 (5 df)

Iteration 7:  28000000 integrand evaluations so far
[1] -2.03976 +- 2.68124  	chisq 5.72371 (6 df)

Iteration 8:  36000000 integrand evaluations so far
[1] -2.14284 +- 2.67799  	chisq 6.33466 (7 df)

Iteration 9:  45000000 integrand evaluations so far
[1] 0.209674 +- 2.29202  	chisq 9.21967 (8 df)

Iteration 10:  55000000 integrand evaluations so far
[1] -0.075559 +- 2.28103  	chisq 10.8389 (9 df)
    -0.1 ±    2.3        (2.83mi) ┃Vegas input parameters:
  ndim 8
  ncomp 1
  nvec 1
  epsrel 0
  epsabs 0
  flags 10
  seed 123456
  mineval 5000000
  maxeval 50000000
  nstart 1000000
  nincrease 1000000
  nbatch 5000
  gridno 0
  statefile ""

Iteration 1:  1000000 integrand evaluations so far
[1] 38.5755 +- 10.9407  	chisq 0 (0 df)

Iteration 2:  3000000 integrand evaluations so far
[1] 2.93724 +- 1.13983  	chisq 10.7271 (1 df)

Iteration 3:  6000000 integrand evaluations so far
[1] 3.79063 +- 1.0622  	chisq 14.9877 (2 df)

Iteration 4:  10000000 integrand evaluations so far
[1] 3.90077 +- 1.06101  	chisq 19.7919 (3 df)

Iteration 5:  15000000 integrand evaluations so far
[1] 4.65108 +- 1.04218  	chisq 34.0095 (4 df)

Iteration 6:  21000000 integrand evaluations so far
[1] 4.94354 +- 1.03794  	chisq 43.6884 (5 df)

Iteration 7:  28000000 integrand evaluations so far
[1] 8.58991 +- 0.940907  	chisq 112.937 (6 df)

Iteration 8:  36000000 integrand evaluations so far
[1] 12.6484 +- 0.827738  	chisq 195.23 (7 df)

Iteration 9:  45000000 integrand evaluations so far
[1] 17.9468 +- 0.655434  	chisq 305.079 (8 df)

Iteration 10:  55000000 integrand evaluations so far
[1] 18.5063 +- 0.642527  	chisq 323.768 (9 df)
   18.51 ±   0.64        (1.05mi) ┃    20.2 ±    2.4        (19.9mi) ┃
┃   88 -    90 ┃   48 -    49 ┃ 5.50282 ± 0.00018        (8.28mi) ┃ -4.0185 ± 0.0013        (13.4mi) ┃Vegas input parameters:
  ndim 10
  ncomp 1
  nvec 1
  epsrel 0
  epsabs 0
  flags 10
  seed 123456
  mineval 50000000
  maxeval 50000000
  nstart 1000000
  nincrease 1000000
  nbatch 5000
  gridno 0
  statefile ""

Iteration 1:  1000000 integrand evaluations so far
[1] 35.1921 +- 32.4599  	chisq 0 (0 df)

Iteration 2:  3000000 integrand evaluations so far
[1] 1.10199 +- 4.49641  	chisq 1.12455 (1 df)

Iteration 3:  6000000 integrand evaluations so far
[1] 0.594731 +- 4.19302  	chisq 1.22215 (2 df)

Iteration 4:  10000000 integrand evaluations so far
[1] 0.0829037 +- 4.06005  	chisq 1.46087 (3 df)

Iteration 5:  15000000 integrand evaluations so far
[1] 1.36329 +- 3.97438  	chisq 3.84263 (4 df)

Iteration 6:  21000000 integrand evaluations so far
[1] 1.4969 +- 3.66196  	chisq 3.85012 (5 df)

Iteration 7:  28000000 integrand evaluations so far
[1] 1.10147 +- 3.62383  	chisq 4.41305 (6 df)

Iteration 8:  36000000 integrand evaluations so far
[1] -1.15289 +- 2.89131  	chisq 5.47792 (7 df)

Iteration 9:  45000000 integrand evaluations so far
[1] -0.842789 +- 2.85309  	chisq 5.91593 (8 df)

Iteration 10:  55000000 integrand evaluations so far
[1] -2.07271 +- 2.7864  	chisq 9.93806 (9 df)
    -2.1 ±    2.8        (2.75mi) ┃Vegas input parameters:
  ndim 8
  ncomp 1
  nvec 1
  epsrel 0
  epsabs 0
  flags 10
  seed 123456
  mineval 5000000
  maxeval 50000000
  nstart 1000000
  nincrease 1000000
  nbatch 5000
  gridno 0
  statefile ""

Iteration 1:  1000000 integrand evaluations so far
[1] 45.4952 +- 12.7683  	chisq 0 (0 df)

Iteration 2:  3000000 integrand evaluations so far
[1] 13.2807 +- 4.15794  	chisq 7.1207 (1 df)

Iteration 3:  6000000 integrand evaluations so far
[1] 15.8127 +- 3.70366  	chisq 8.91585 (2 df)

Iteration 4:  10000000 integrand evaluations so far
[1] 16.4365 +- 3.64172  	chisq 9.77123 (3 df)

Iteration 5:  15000000 integrand evaluations so far
[1] 19.5058 +- 2.99371  	chisq 11.9621 (4 df)

Iteration 6:  21000000 integrand evaluations so far
[1] 22.3879 +- 2.62764  	chisq 15.9988 (5 df)

Iteration 7:  28000000 integrand evaluations so far
[1] 25.677 +- 1.89903  	chisq 19.2787 (6 df)

Iteration 8:  36000000 integrand evaluations so far
[1] 28.1949 +- 1.27153  	chisq 22.4652 (7 df)

Iteration 9:  45000000 integrand evaluations so far
[1] 30.099 +- 1.06523  	chisq 29.9863 (8 df)

Iteration 10:  55000000 integrand evaluations so far
[1] 30.3637 +- 0.70419  	chisq 30.0959 (9 df)
   30.36 ±    0.7        (1.08mi) ┃    29.8 ±    2.9        (25.5mi) ┃
┃   88 -    90 ┃   49 -    50 ┃  5.9129 ± 0.0044        (3.24mi) ┃ -4.3377 ± 0.0019        (7.22mi) ┃Vegas input parameters:
  ndim 10
  ncomp 1
  nvec 1
  epsrel 0
  epsabs 0
  flags 10
  seed 123456
  mineval 50000000
  maxeval 50000000
  nstart 1000000
  nincrease 1000000
  nbatch 5000
  gridno 0
  statefile ""

Iteration 1:  1000000 integrand evaluations so far
[1] -3.12738 +- 7.49642  	chisq 0 (0 df)

Iteration 2:  3000000 integrand evaluations so far
[1] -1.2633 +- 7.10894  	chisq 0.613997 (1 df)

Iteration 3:  6000000 integrand evaluations so far
[1] -3.43097 +- 4.67544  	chisq 0.777849 (2 df)

Iteration 4:  10000000 integrand evaluations so far
[1] -0.109033 +- 3.92064  	chisq 2.47863 (3 df)

Iteration 5:  15000000 integrand evaluations so far
[1] -0.162081 +- 3.87555  	chisq 2.48664 (4 df)

Iteration 6:  21000000 integrand evaluations so far
[1] 0.727919 +- 3.72098  	chisq 3.16121 (5 df)

Iteration 7:  28000000 integrand evaluations so far
[1] -0.351855 +- 3.63642  	chisq 5.03528 (6 df)

Iteration 8:  36000000 integrand evaluations so far
[1] -0.417468 +- 3.59722  	chisq 5.05047 (7 df)

Iteration 9:  45000000 integrand evaluations so far
[1] -0.129167 +- 3.44382  	chisq 5.12741 (8 df)

Iteration 10:  55000000 integrand evaluations so far
[1] -0.211311 +- 3.36532  	chisq 5.14004 (9 df)
    -0.2 ±    3.4        (2.66mi) ┃Vegas input parameters:
  ndim 8
  ncomp 1
  nvec 1
  epsrel 0
  epsabs 0
  flags 10
  seed 123456
  mineval 5000000
  maxeval 50000000
  nstart 1000000
  nincrease 1000000
  nbatch 5000
  gridno 0
  statefile ""

Iteration 1:  1000000 integrand evaluations so far
[1] 27.7066 +- 8.91094  	chisq 0 (0 df)

Iteration 2:  3000000 integrand evaluations so far
[1] 6.60331 +- 2.51203  	chisq 6.0928 (1 df)

Iteration 3:  6000000 integrand evaluations so far
[1] 7.27554 +- 2.28133  	chisq 6.50143 (2 df)

Iteration 4:  10000000 integrand evaluations so far
[1] 8.00786 +- 1.99147  	chisq 6.93445 (3 df)

Iteration 5:  15000000 integrand evaluations so far
[1] 10.0413 +- 1.66771  	chisq 10.4245 (4 df)

Iteration 6:  21000000 integrand evaluations so far
[1] 12.5674 +- 1.31502  	chisq 16.4904 (5 df)

Iteration 7:  28000000 integrand evaluations so far
[1] 13.3125 +- 1.28364  	chisq 23.3001 (6 df)

Iteration 8:  36000000 integrand evaluations so far
[1] 14.3841 +- 1.24763  	chisq 35.8966 (7 df)

Iteration 9:  45000000 integrand evaluations so far
[1] 16.9282 +- 1.15246  	chisq 64.2354 (8 df)

Iteration 10:  55000000 integrand evaluations so far
[1] 18.1579 +- 1.10721  	chisq 79.021 (9 df)
    18.2 ±    1.1        (1.09mi) ┃    19.5 ±    3.5        (14.2mi) ┃
┃   88 -    90 ┃   50 -    51 ┃  7.5414 ± 0.0057        (4.33mi) ┃ -5.5023 ± 0.0053        (11.6mi) ┃Vegas input parameters:
  ndim 10
  ncomp 1
  nvec 1
  epsrel 0
  epsabs 0
  flags 10
  seed 123456
  mineval 50000000
  maxeval 50000000
  nstart 1000000
  nincrease 1000000
  nbatch 5000
  gridno 0
  statefile ""

Iteration 1:  1000000 integrand evaluations so far
[1] 17.3737 +- 12.2452  	chisq 0 (0 df)

Iteration 2:  3000000 integrand evaluations so far
[1] 6.87621 +- 5.02883  	chisq 0.884014 (1 df)

Iteration 3:  6000000 integrand evaluations so far
[1] 3.5066 +- 4.63223  	chisq 3.84735 (2 df)

Iteration 4:  10000000 integrand evaluations so far
[1] 2.99537 +- 4.54914  	chisq 4.18997 (3 df)

Iteration 5:  15000000 integrand evaluations so far
[1] 3.41029 +- 4.53069  	chisq 5.21768 (4 df)

Iteration 6:  21000000 integrand evaluations so far
[1] 3.40533 +- 4.50253  	chisq 5.21777 (5 df)

Iteration 7:  28000000 integrand evaluations so far
[1] 2.84777 +- 4.48635  	chisq 7.35604 (6 df)

Iteration 8:  36000000 integrand evaluations so far
[1] 3.41201 +- 4.37716  	chisq 7.68497 (7 df)

Iteration 9:  45000000 integrand evaluations so far
[1] 4.89247 +- 3.75303  	chisq 8.11691 (8 df)

Iteration 10:  55000000 integrand evaluations so far
[1] 5.62095 +- 3.72841  	chisq 10.9984 (9 df)
     5.6 ±    3.7        (2.57mi) ┃Vegas input parameters:
  ndim 8
  ncomp 1
  nvec 1
  epsrel 0
  epsabs 0
  flags 10
  seed 123456
  mineval 5000000
  maxeval 50000000
  nstart 1000000
  nincrease 1000000
  nbatch 5000
  gridno 0
  statefile ""

Iteration 1:  1000000 integrand evaluations so far
[1] 20.9984 +- 7.95622  	chisq 0 (0 df)

Iteration 2:  3000000 integrand evaluations so far
[1] 0.45828 +- 0.147384  	chisq 6.66719 (1 df)

Iteration 3:  6000000 integrand evaluations so far
[1] 0.492928 +- 0.146816  	chisq 13.8558 (2 df)

Iteration 4:  10000000 integrand evaluations so far
[1] 0.512336 +- 0.146661  	chisq 22.1356 (3 df)

Iteration 5:  15000000 integrand evaluations so far
[1] 0.542136 +- 0.146558  	chisq 51.4262 (4 df)

Iteration 6:  21000000 integrand evaluations so far
[1] 0.612366 +- 0.14631  	chisq 119.483 (5 df)

Iteration 7:  28000000 integrand evaluations so far
[1] 0.872192 +- 0.145502  	chisq 405.519 (6 df)

Iteration 8:  36000000 integrand evaluations so far
[1] 1.54575 +- 0.143368  	chisq 1141.62 (7 df)

Iteration 9:  45000000 integrand evaluations so far
[1] 2.82841 +- 0.1392  	chisq 2538.53 (8 df)

Iteration 10:  55000000 integrand evaluations so far
[1] 3.30733 +- 0.137681  	chisq 3084.05 (9 df)
    3.31 ±   0.14        (1.06mi) ┃      11 ±    3.7        (19.5mi) ┃
┃   88 -    90 ┃   51 -    52 ┃  5.4449 ± 0.0045        (5.32mi) ┃  -4.012 ± 0.0031        (2.95mi) ┃Vegas input parameters:
  ndim 10
  ncomp 1
  nvec 1
  epsrel 0
  epsabs 0
  flags 10
  seed 123456
  mineval 50000000
  maxeval 50000000
  nstart 1000000
  nincrease 1000000
  nbatch 5000
  gridno 0
  statefile ""

Iteration 1:  1000000 integrand evaluations so far
[1] 2.00807 +- 7.25048  	chisq 0 (0 df)

Iteration 2:  3000000 integrand evaluations so far
[1] -1.30495 +- 5.72569  	chisq 0.554738 (1 df)

Iteration 3:  6000000 integrand evaluations so far
[1] 1.32678 +- 4.95394  	chisq 1.39507 (2 df)

Iteration 4:  10000000 integrand evaluations so far
[1] 1.43745 +- 4.83658  	chisq 1.40573 (3 df)

Iteration 5:  15000000 integrand evaluations so far
[1] 1.43144 +- 4.67115  	chisq 1.40575 (4 df)

Iteration 6:  21000000 integrand evaluations so far
[1] 2.53961 +- 3.99504  	chisq 1.61534 (5 df)

Iteration 7:  28000000 integrand evaluations so far
[1] 0.594663 +- 3.8228  	chisq 4.42463 (6 df)

Iteration 8:  36000000 integrand evaluations so far
[1] 1.02496 +- 3.80966  	chisq 6.27008 (7 df)

Iteration 9:  45000000 integrand evaluations so far
[1] 0.479509 +- 3.73173  	chisq 6.77633 (8 df)

Iteration 10:  55000000 integrand evaluations so far
[1] 1.32786 +- 3.36371  	chisq 7.05194 (9 df)
     1.3 ±    3.4        (2.81mi) ┃Vegas input parameters:
  ndim 8
  ncomp 1
  nvec 1
  epsrel 0
  epsabs 0
  flags 10
  seed 123456
  mineval 5000000
  maxeval 50000000
  nstart 1000000
  nincrease 1000000
  nbatch 5000
  gridno 0
  statefile ""

Iteration 1:  1000000 integrand evaluations so far
[1] 49.998 +- 14.0075  	chisq 0 (0 df)

Iteration 2:  3000000 integrand evaluations so far
[1] 50.9934 +- 13.7528  	chisq 0.140106 (1 df)

Iteration 3:  6000000 integrand evaluations so far
[1] 22.8597 +- 6.78765  	chisq 5.67246 (2 df)

Iteration 4:  10000000 integrand evaluations so far
[1] 20.3074 +- 5.44339  	chisq 6.06868 (3 df)

Iteration 5:  15000000 integrand evaluations so far
[1] 20.7334 +- 5.4193  	chisq 6.76215 (4 df)

Iteration 6:  21000000 integrand evaluations so far
[1] 19.502 +- 4.12805  	chisq 6.88514 (5 df)

Iteration 7:  28000000 integrand evaluations so far
[1] 22.3596 +- 2.78945  	chisq 7.76698 (6 df)

Iteration 8:  36000000 integrand evaluations so far
[1] 23.3158 +- 2.71505  	chisq 9.99974 (7 df)

Iteration 9:  45000000 integrand evaluations so far
[1] 24.104 +- 1.36835  	chisq 10.1127 (8 df)

Iteration 10:  55000000 integrand evaluations so far
[1] 27.0293 +- 1.01857  	chisq 20.3626 (9 df)
      27 ±      1        (1.12mi) ┃    29.8 ±    3.5        (12.2mi) ┃
┃   88 -    90 ┃   52 -    53 ┃  5.0305 ± 0.0016        (2.01mi) ┃ -3.6857 ± 0.0034        ( 43.3s) ┃Vegas input parameters:
  ndim 10
  ncomp 1
  nvec 1
  epsrel 0
  epsabs 0
  flags 10
  seed 123456
  mineval 50000000
  maxeval 50000000
  nstart 1000000
  nincrease 1000000
  nbatch 5000
  gridno 0
  statefile ""

Iteration 1:  1000000 integrand evaluations so far
[1] -16.8588 +- 16.1677  	chisq 0 (0 df)

Iteration 2:  3000000 integrand evaluations so far
[1] 6.28519 +- 10.4681  	chisq 3.52829 (1 df)

Iteration 3:  6000000 integrand evaluations so far
[1] 0.899034 +- 10.0135  	chisq 6.64351 (2 df)

Iteration 4:  10000000 integrand evaluations so far
[1] 7.5693 +- 6.62974  	chisq 7.43356 (3 df)

Iteration 5:  15000000 integrand evaluations so far
[1] 6.10726 +- 5.75443  	chisq 7.63075 (4 df)

Iteration 6:  21000000 integrand evaluations so far
[1] 4.59432 +- 5.60889  	chisq 9.01485 (5 df)

Iteration 7:  28000000 integrand evaluations so far
[1] 6.09462 +- 5.35818  	chisq 9.83348 (6 df)

Iteration 8:  36000000 integrand evaluations so far
[1] 5.11903 +- 3.7276  	chisq 9.89773 (7 df)

Iteration 9:  45000000 integrand evaluations so far
[1] 2.56055 +- 3.39546  	chisq 12.6645 (8 df)

Iteration 10:  55000000 integrand evaluations so far
[1] 1.11864 +- 3.09456  	chisq 13.7291 (9 df)
     1.1 ±    3.1        (2.36mi) ┃Vegas input parameters:
  ndim 8
  ncomp 1
  nvec 1
  epsrel 0
  epsabs 0
  flags 10
  seed 123456
  mineval 5000000
  maxeval 50000000
  nstart 1000000
  nincrease 1000000
  nbatch 5000
  gridno 0
  statefile ""

Iteration 1:  1000000 integrand evaluations so far
[1] 34.9912 +- 10.9103  	chisq 0 (0 df)

Iteration 2:  3000000 integrand evaluations so far
[1] 4.15441 +- 1.54862  	chisq 8.15274 (1 df)

Iteration 3:  6000000 integrand evaluations so far
[1] 4.53101 +- 1.52013  	chisq 9.77486 (2 df)

Iteration 4:  10000000 integrand evaluations so far
[1] 5.66192 +- 1.44361  	chisq 15.4147 (3 df)

Iteration 5:  15000000 integrand evaluations so far
[1] 6.1204 +- 1.43404  	chisq 23.0418 (4 df)

Iteration 6:  21000000 integrand evaluations so far
[1] 9.29017 +- 1.17996  	chisq 38.1698 (5 df)

Iteration 7:  28000000 integrand evaluations so far
[1] 12.8497 +- 1.0275  	chisq 75.8188 (6 df)

Iteration 8:  36000000 integrand evaluations so far
[1] 18.0089 +- 0.796442  	chisq 138.977 (7 df)

Iteration 9:  45000000 integrand evaluations so far
[1] 21.7628 +- 0.579937  	chisq 186.267 (8 df)

Iteration 10:  55000000 integrand evaluations so far
[1] 24.4713 +- 0.424757  	chisq 233.32 (9 df)
   24.47 ±   0.42        ( 45.8s) ┃    26.9 ±    3.1        (5.86mi) ┃
┃   88 -    90 ┃   53 -    54 ┃  5.2317 ± 0.0031        ( 4.7mi) ┃   -3.82 ± 0.0021        (3.95mi) ┃Vegas input parameters:
  ndim 10
  ncomp 1
  nvec 1
  epsrel 0
  epsabs 0
  flags 10
  seed 123456
  mineval 50000000
  maxeval 50000000
  nstart 1000000
  nincrease 1000000
  nbatch 5000
  gridno 0
  statefile ""

Iteration 1:  1000000 integrand evaluations so far
[1] 21.2574 +- 10.1429  	chisq 0 (0 df)

Iteration 2:  3000000 integrand evaluations so far
[1] 17.096 +- 9.71198  	chisq 2.02407 (1 df)

Iteration 3:  6000000 integrand evaluations so far
[1] -1.52106 +- 5.44009  	chisq 7.37869 (2 df)

Iteration 4:  10000000 integrand evaluations so far
[1] -4.85018 +- 4.11188  	chisq 8.25226 (3 df)

Iteration 5:  15000000 integrand evaluations so far
[1] -4.74282 +- 3.8608  	chisq 8.25802 (4 df)

Iteration 6:  21000000 integrand evaluations so far
[1] -5.28035 +- 3.80706  	chisq 8.95925 (5 df)

Iteration 7:  28000000 integrand evaluations so far
[1] -5.25093 +- 3.80695  	chisq 9.97033 (6 df)

Iteration 8:  36000000 integrand evaluations so far
[1] -5.79436 +- 3.57067  	chisq 10.1397 (7 df)

Iteration 9:  45000000 integrand evaluations so far
[1] -4.44822 +- 3.47342  	chisq 12.7848 (8 df)

Iteration 10:  55000000 integrand evaluations so far
[1] -4.34355 +- 3.47199  	chisq 13.8873 (9 df)
    -4.3 ±    3.5        (2.91mi) ┃Vegas input parameters:
  ndim 8
  ncomp 1
  nvec 1
  epsrel 0
  epsabs 0
  flags 10
  seed 123456
  mineval 5000000
  maxeval 50000000
  nstart 1000000
  nincrease 1000000
  nbatch 5000
  gridno 0
  statefile ""

Iteration 1:  1000000 integrand evaluations so far
[1] 32.6032 +- 9.50047  	chisq 0 (0 df)

Iteration 2:  3000000 integrand evaluations so far
[1] 10.5327 +- 3.73538  	chisq 6.38359 (1 df)

Iteration 3:  6000000 integrand evaluations so far
[1] 11.9684 +- 3.60966  	chisq 8.61593 (2 df)

Iteration 4:  10000000 integrand evaluations so far
[1] 11.0668 +- 1.99223  	chisq 8.70564 (3 df)

Iteration 5:  15000000 integrand evaluations so far
[1] 11.937 +- 1.88653  	chisq 10.5525 (4 df)

Iteration 6:  21000000 integrand evaluations so far
[1] 13.0185 +- 1.83564  	chisq 16.7272 (5 df)

Iteration 7:  28000000 integrand evaluations so far
[1] 14.2767 +- 1.76948  	chisq 23.3654 (6 df)

Iteration 8:  36000000 integrand evaluations so far
[1] 18.3194 +- 1.46902  	chisq 40.1612 (7 df)

Iteration 9:  45000000 integrand evaluations so far
[1] 20.5612 +- 1.34968  	chisq 55.1012 (8 df)

Iteration 10:  55000000 integrand evaluations so far
[1] 23.9423 +- 1.12302  	chisq 75.4986 (9 df)
    23.9 ±    1.1        (1.05mi) ┃      21 ±    3.6        (12.6mi) ┃
┃   88 -    90 ┃   54 -    55 ┃  6.0652 ± 0.0019        (2.16mi) ┃ -4.4726 ± 0.0015        (11.6mi) ┃Vegas input parameters:
  ndim 10
  ncomp 1
  nvec 1
  epsrel 0
  epsabs 0
  flags 10
  seed 123456
  mineval 50000000
  maxeval 50000000
  nstart 1000000
  nincrease 1000000
  nbatch 5000
  gridno 0
  statefile ""

Iteration 1:  1000000 integrand evaluations so far
[1] -29.2263 +- 26.5958  	chisq 0 (0 df)

Iteration 2:  3000000 integrand evaluations so far
[1] -32.8446 +- 25.4761  	chisq 0.224546 (1 df)

Iteration 3:  6000000 integrand evaluations so far
[1] 4.73835 +- 11.3912  	chisq 2.94466 (2 df)

Iteration 4:  10000000 integrand evaluations so far
[1] 4.89588 +- 7.78972  	chisq 2.94502 (3 df)

Iteration 5:  15000000 integrand evaluations so far
[1] -0.175819 +- 6.20699  	chisq 4.10614 (4 df)

Iteration 6:  21000000 integrand evaluations so far
[1] 1.51715 +- 4.40938  	chisq 4.25632 (5 df)

Iteration 7:  28000000 integrand evaluations so far
[1] 1.83375 +- 4.40003  	chisq 5.47373 (6 df)

Iteration 8:  36000000 integrand evaluations so far
[1] 3.021 +- 4.33621  	chisq 8.00189 (7 df)

Iteration 9:  45000000 integrand evaluations so far
[1] 1.97141 +- 2.97961  	chisq 8.11289 (8 df)

Iteration 10:  55000000 integrand evaluations so far
[1] 1.87842 +- 2.97841  	chisq 9.32395 (9 df)
     1.9 ±      3        (2.62mi) ┃Vegas input parameters:
  ndim 8
  ncomp 1
  nvec 1
  epsrel 0
  epsabs 0
  flags 10
  seed 123456
  mineval 5000000
  maxeval 50000000
  nstart 1000000
  nincrease 1000000
  nbatch 5000
  gridno 0
  statefile ""

Iteration 1:  1000000 integrand evaluations so far
[1] 51.959 +- 15.1317  	chisq 0 (0 df)

Iteration 2:  3000000 integrand evaluations so far
[1] 15.3108 +- 4.45657  	chisq 6.42294 (1 df)

Iteration 3:  6000000 integrand evaluations so far
[1] 14.447 +- 3.02074  	chisq 6.49243 (2 df)

Iteration 4:  10000000 integrand evaluations so far
[1] 15.8358 +- 2.20798  	chisq 6.9463 (3 df)

Iteration 5:  15000000 integrand evaluations so far
[1] 16.1725 +- 2.19989  	chisq 10.1257 (4 df)

Iteration 6:  21000000 integrand evaluations so far
[1] 19.3834 +- 1.88659  	chisq 18.1782 (5 df)

Iteration 7:  28000000 integrand evaluations so far
[1] 21.8265 +- 1.5116  	chisq 22.8622 (6 df)

Iteration 8:  36000000 integrand evaluations so far
[1] 22.0295 +- 1.50375  	chisq 24.6049 (7 df)

Iteration 9:  45000000 integrand evaluations so far
[1] 23.5617 +- 1.41328  	chisq 33.5001 (8 df)

Iteration 10:  55000000 integrand evaluations so far
[1] 25.3879 +- 1.16794  	chisq 38.7665 (9 df)
    25.4 ±    1.2        (1.12mi) ┃    28.9 ±    3.2        (17.5mi) ┃
┃   88 -    90 ┃   55 -    56 ┃  7.1177 ± 0.0026        ( 3.4mi) ┃ -5.1808 ± 0.0023        (8.74mi) ┃Vegas input parameters:
  ndim 10
  ncomp 1
  nvec 1
  epsrel 0
  epsabs 0
  flags 10
  seed 123456
  mineval 50000000
  maxeval 50000000
  nstart 1000000
  nincrease 1000000
  nbatch 5000
  gridno 0
  statefile ""

Iteration 1:  1000000 integrand evaluations so far
[1] 56.8372 +- 42.6138  	chisq 0 (0 df)

Iteration 2:  3000000 integrand evaluations so far
[1] 46.4922 +- 41.4703  	chisq 1.11301 (1 df)

Iteration 3:  6000000 integrand evaluations so far
[1] 17.2071 +- 31.4967  	chisq 2.29148 (2 df)

Iteration 4:  10000000 integrand evaluations so far
[1] 1.91649 +- 2.61878  	chisq 2.5288 (3 df)

Iteration 5:  15000000 integrand evaluations so far
[1] -1.86318 +- 1.99509  	chisq 7.49332 (4 df)

Iteration 6:  21000000 integrand evaluations so far
[1] -1.39389 +- 1.91587  	chisq 8.20412 (5 df)

Iteration 7:  28000000 integrand evaluations so far
[1] -1.39779 +- 1.91013  	chisq 8.20481 (6 df)

Iteration 8:  36000000 integrand evaluations so far
[1] -1.50148 +- 1.90493  	chisq 8.74596 (7 df)

Iteration 9:  45000000 integrand evaluations so far
[1] -1.34331 +- 1.90173  	chisq 10.8029 (8 df)

Iteration 10:  55000000 integrand evaluations so far
[1] -1.41309 +- 1.90074  	chisq 12.0924 (9 df)
    -1.4 ±    1.9        (2.76mi) ┃Vegas input parameters:
  ndim 8
  ncomp 1
  nvec 1
  epsrel 0
  epsabs 0
  flags 10
  seed 123456
  mineval 5000000
  maxeval 50000000
  nstart 1000000
  nincrease 1000000
  nbatch 5000
  gridno 0
  statefile ""

Iteration 1:  1000000 integrand evaluations so far
[1] 22.1663 +- 8.16274  	chisq 0 (0 df)

Iteration 2:  3000000 integrand evaluations so far
[1] 1.25306 +- 0.488703  	chisq 6.58764 (1 df)

Iteration 3:  6000000 integrand evaluations so far
[1] 1.37245 +- 0.481064  	chisq 8.51152 (2 df)

Iteration 4:  10000000 integrand evaluations so far
[1] 1.77029 +- 0.455524  	chisq 15.1285 (3 df)

Iteration 5:  15000000 integrand evaluations so far
[1] 1.77896 +- 0.455489  	chisq 17.4827 (4 df)

Iteration 6:  21000000 integrand evaluations so far
[1] 1.80199 +- 0.455369  	chisq 22.347 (5 df)

Iteration 7:  28000000 integrand evaluations so far
[1] 2.61005 +- 0.445947  	chisq 99.2301 (6 df)

Iteration 8:  36000000 integrand evaluations so far
[1] 4.02312 +- 0.431542  	chisq 257.199 (7 df)

Iteration 9:  45000000 integrand evaluations so far
[1] 4.05422 +- 0.431359  	chisq 263.348 (8 df)

Iteration 10:  55000000 integrand evaluations so far
[1] 5.03477 +- 0.421658  	chisq 379.532 (9 df)
    5.03 ±   0.42        (1.05mi) ┃     5.6 ±    1.9        (  16mi) ┃
┃   88 -    90 ┃   56 -    57 ┃  5.1031 ± 0.0029        ( 29.8s) ┃ -3.7748 ± 0.0031        (12.1mi) ┃Vegas input parameters:
  ndim 10
  ncomp 1
  nvec 1
  epsrel 0
  epsabs 0
  flags 10
  seed 123456
  mineval 50000000
  maxeval 50000000
  nstart 1000000
  nincrease 1000000
  nbatch 5000
  gridno 0
  statefile ""

Iteration 1:  1000000 integrand evaluations so far
[1] -22.8332 +- 21.9173  	chisq 0 (0 df)

Iteration 2:  3000000 integrand evaluations so far
[1] -23.3755 +- 21.9086  	chisq 0.774438 (1 df)

Iteration 3:  6000000 integrand evaluations so far
[1] -2.88194 +- 3.44142  	chisq 1.67157 (2 df)

Iteration 4:  10000000 integrand evaluations so far
[1] -4.22043 +- 3.30508  	chisq 3.61932 (3 df)

Iteration 5:  15000000 integrand evaluations so far
[1] -3.95733 +- 3.20312  	chisq 3.72363 (4 df)

Iteration 6:  21000000 integrand evaluations so far
[1] -3.81699 +- 3.07524  	chisq 3.74817 (5 df)

Iteration 7:  28000000 integrand evaluations so far
[1] -3.78395 +- 3.07509  	chisq 4.92278 (6 df)

Iteration 8:  36000000 integrand evaluations so far
[1] -2.87021 +- 2.76363  	chisq 5.38191 (7 df)

Iteration 9:  45000000 integrand evaluations so far
[1] -2.68795 +- 2.70008  	chisq 5.47758 (8 df)

Iteration 10:  55000000 integrand evaluations so far
[1] -2.86732 +- 2.66367  	chisq 5.64234 (9 df)
    -2.9 ±    2.7        (2.74mi) ┃Vegas input parameters:
  ndim 8
  ncomp 1
  nvec 1
  epsrel 0
  epsabs 0
  flags 10
  seed 123456
  mineval 5000000
  maxeval 50000000
  nstart 1000000
  nincrease 1000000
  nbatch 5000
  gridno 0
  statefile ""

Iteration 1:  1000000 integrand evaluations so far
[1] 27.2781 +- 9.35563  	chisq 0 (0 df)

Iteration 2:  3000000 integrand evaluations so far
[1] 8.26171 +- 3.31472  	chisq 4.7246 (1 df)

Iteration 3:  6000000 integrand evaluations so far
[1] 2.69049 +- 0.806228  	chisq 7.72716 (2 df)

Iteration 4:  10000000 integrand evaluations so far
[1] 3.08332 +- 0.781049  	chisq 11.5883 (3 df)

Iteration 5:  15000000 integrand evaluations so far
[1] 3.1009 +- 0.780957  	chisq 13.7293 (4 df)

Iteration 6:  21000000 integrand evaluations so far
[1] 3.42203 +- 0.774179  	chisq 23.5135 (5 df)

Iteration 7:  28000000 integrand evaluations so far
[1] 3.77335 +- 0.77004  	chisq 42.8251 (6 df)

Iteration 8:  36000000 integrand evaluations so far
[1] 7.87405 +- 0.686464  	chisq 180.966 (7 df)

Iteration 9:  45000000 integrand evaluations so far
[1] 10.9176 +- 0.629864  	chisq 305.298 (8 df)

Iteration 10:  55000000 integrand evaluations so far
[1] 11.5712 +- 0.617892  	chisq 333.893 (9 df)
   11.57 ±   0.62        (1.04mi) ┃      10 ±    2.7        (16.4mi) ┃
┃   88 -    90 ┃   57 -    58 ┃  4.9992 ± 0.0036        (3.22mi) ┃ -3.6587 ± 0.0024        (2.94mi) ┃Vegas input parameters:
  ndim 10
  ncomp 1
  nvec 1
  epsrel 0
  epsabs 0
  flags 10
  seed 123456
  mineval 50000000
  maxeval 50000000
  nstart 1000000
  nincrease 1000000
  nbatch 5000
  gridno 0
  statefile ""

Iteration 1:  1000000 integrand evaluations so far
[1] 13.1321 +- 12.3624  	chisq 0 (0 df)

Iteration 2:  3000000 integrand evaluations so far
[1] 16.3312 +- 12.0819  	chisq 1.49256 (1 df)

Iteration 3:  6000000 integrand evaluations so far
[1] 10.1807 +- 11.1408  	chisq 3.22346 (2 df)

Iteration 4:  10000000 integrand evaluations so far
[1] 8.59241 +- 11.0398  	chisq 4.34952 (3 df)

Iteration 5:  15000000 integrand evaluations so far
[1] 3.52522 +- 5.20779  	chisq 4.62049 (4 df)

Iteration 6:  21000000 integrand evaluations so far
[1] 3.66624 +- 5.13868  	chisq 4.64831 (5 df)

Iteration 7:  28000000 integrand evaluations so far
[1] 1.10816 +- 3.46875  	chisq 5.10357 (6 df)

Iteration 8:  36000000 integrand evaluations so far
[1] 0.501199 +- 3.1893  	chisq 5.30157 (7 df)

Iteration 9:  45000000 integrand evaluations so far
[1] 0.80583 +- 3.02025  	chisq 5.38997 (8 df)

Iteration 10:  55000000 integrand evaluations so far
[1] 0.363334 +- 2.98169  	chisq 6.23593 (9 df)
     0.4 ±      3        (2.81mi) ┃Vegas input parameters:
  ndim 8
  ncomp 1
  nvec 1
  epsrel 0
  epsabs 0
  flags 10
  seed 123456
  mineval 5000000
  maxeval 50000000
  nstart 1000000
  nincrease 1000000
  nbatch 5000
  gridno 0
  statefile ""

Iteration 1:  1000000 integrand evaluations so far
[1] 47.0424 +- 13.525  	chisq 0 (0 df)

Iteration 2:  3000000 integrand evaluations so far
[1] 12.4181 +- 3.85136  	chisq 7.13201 (1 df)

Iteration 3:  6000000 integrand evaluations so far
[1] 12.8079 +- 3.22147  	chisq 7.16611 (2 df)

Iteration 4:  10000000 integrand evaluations so far
[1] 14.2717 +- 2.94759  	chisq 8.43441 (3 df)

Iteration 5:  15000000 integrand evaluations so far
[1] 16.7877 +- 2.31817  	chisq 10.3444 (4 df)

Iteration 6:  21000000 integrand evaluations so far
[1] 19.9051 +- 1.95791  	chisq 16.6529 (5 df)

Iteration 7:  28000000 integrand evaluations so far
[1] 21.842 +- 1.80779  	chisq 23.2887 (6 df)

Iteration 8:  36000000 integrand evaluations so far
[1] 22.37 +- 1.78066  	chisq 26.1531 (7 df)

Iteration 9:  45000000 integrand evaluations so far
[1] 24.7349 +- 1.50597  	chisq 32.3476 (8 df)

Iteration 10:  55000000 integrand evaluations so far
[1] 27.2639 +- 0.996506  	chisq 37.3644 (9 df)
   27.26 ±      1        ( 53.6s) ┃      29 ±    3.1        (9.88mi) ┃
┃   88 -    90 ┃   58 -    59 ┃  5.6241 ± 0.0035        (1.88mi) ┃ -4.0412 ± 0.0036        ( 44.1s) ┃Vegas input parameters:
  ndim 10
  ncomp 1
  nvec 1
  epsrel 0
  epsabs 0
  flags 10
  seed 123456
  mineval 50000000
  maxeval 50000000
  nstart 1000000
  nincrease 1000000
  nbatch 5000
  gridno 0
  statefile ""

Iteration 1:  1000000 integrand evaluations so far
[1] 64.317 +- 58.6032  	chisq 0 (0 df)

Iteration 2:  3000000 integrand evaluations so far
[1] -0.771687 +- 10.3653  	chisq 1.27342 (1 df)

Iteration 3:  6000000 integrand evaluations so far
[1] 1.00458 +- 10.2623  	chisq 2.7588 (2 df)

Iteration 4:  10000000 integrand evaluations so far
[1] -5.60969 +- 6.29864  	chisq 3.42528 (3 df)

Iteration 5:  15000000 integrand evaluations so far
[1] -6.63894 +- 6.20833  	chisq 4.36317 (4 df)

Iteration 6:  21000000 integrand evaluations so far
[1] -7.05961 +- 5.51281  	chisq 4.38488 (5 df)

Iteration 7:  28000000 integrand evaluations so far
[1] -7.48054 +- 4.84186  	chisq 4.41038 (6 df)

Iteration 8:  36000000 integrand evaluations so far
[1] -7.65357 +- 4.2328  	chisq 4.4158 (7 df)

Iteration 9:  45000000 integrand evaluations so far
[1] -7.33891 +- 4.10117  	chisq 4.50605 (8 df)

Iteration 10:  55000000 integrand evaluations so far
[1] -7.58988 +- 3.45983  	chisq 4.51904 (9 df)
    -7.6 ±    3.5        (2.78mi) ┃Vegas input parameters:
  ndim 8
  ncomp 1
  nvec 1
  epsrel 0
  epsabs 0
  flags 10
  seed 123456
  mineval 5000000
  maxeval 50000000
  nstart 1000000
  nincrease 1000000
  nbatch 5000
  gridno 0
  statefile ""

Iteration 1:  1000000 integrand evaluations so far
[1] 35.5355 +- 13.0868  	chisq 0 (0 df)

Iteration 2:  3000000 integrand evaluations so far
[1] 13.6143 +- 6.09481  	chisq 3.58294 (1 df)

Iteration 3:  6000000 integrand evaluations so far
[1] 14.5357 +- 5.86913  	chisq 3.89739 (2 df)

Iteration 4:  10000000 integrand evaluations so far
[1] 2.53673 +- 0.735719  	chisq 8.14379 (3 df)

Iteration 5:  15000000 integrand evaluations so far
[1] 2.84745 +- 0.722707  	chisq 13.2312 (4 df)

Iteration 6:  21000000 integrand evaluations so far
[1] 3.38892 +- 0.712946  	chisq 34.1541 (5 df)

Iteration 7:  28000000 integrand evaluations so far
[1] 4.11198 +- 0.702072  	chisq 68.1329 (6 df)

Iteration 8:  36000000 integrand evaluations so far
[1] 5.07513 +- 0.688726  	chisq 118.108 (7 df)

Iteration 9:  45000000 integrand evaluations so far
[1] 6.33201 +- 0.669389  	chisq 178.263 (8 df)

Iteration 10:  55000000 integrand evaluations so far
[1] 7.82901 +- 0.647353  	chisq 255.495 (9 df)
    7.83 ±   0.65        (1.11mi) ┃     1.8 ±    3.5        (6.52mi) ┃
┃   88 -    90 ┃   59 -    60 ┃  5.6265 ± 0.0021        ( 57.5s) ┃ -4.1451 ± 0.0026        (7.81mi) ┃Vegas input parameters:
  ndim 10
  ncomp 1
  nvec 1
  epsrel 0
  epsabs 0
  flags 10
  seed 123456
  mineval 50000000
  maxeval 50000000
  nstart 1000000
  nincrease 1000000
  nbatch 5000
  gridno 0
  statefile ""

Iteration 1:  1000000 integrand evaluations so far
[1] -31.4502 +- 42.4223  	chisq 0 (0 df)

Iteration 2:  3000000 integrand evaluations so far
[1] 14.0823 +- 23.4477  	chisq 1.65875 (1 df)

Iteration 3:  6000000 integrand evaluations so far
[1] -1.88972 +- 10.5627  	chisq 2.24088 (2 df)

Iteration 4:  10000000 integrand evaluations so far
[1] 0.0503924 +- 6.08388  	chisq 2.29137 (3 df)

Iteration 5:  15000000 integrand evaluations so far
[1] 0.214466 +- 5.93094  	chisq 2.30602 (4 df)

Iteration 6:  21000000 integrand evaluations so far
[1] -2.17246 +- 2.7307  	chisq 2.51156 (5 df)

Iteration 7:  28000000 integrand evaluations so far
[1] -2.49111 +- 2.71496  	chisq 3.69597 (6 df)

Iteration 8:  36000000 integrand evaluations so far
[1] -3.19024 +- 2.50138  	chisq 4.13471 (7 df)

Iteration 9:  45000000 integrand evaluations so far
[1] -3.07513 +- 2.49935  	chisq 5.43464 (8 df)

Iteration 10:  55000000 integrand evaluations so far
[1] -3.06255 +- 2.3463  	chisq 5.43486 (9 df)
    -3.1 ±    2.3        (2.92mi) ┃Vegas input parameters:
  ndim 8
  ncomp 1
  nvec 1
  epsrel 0
  epsabs 0
  flags 10
  seed 123456
  mineval 5000000
  maxeval 50000000
  nstart 1000000
  nincrease 1000000
  nbatch 5000
  gridno 0
  statefile ""

Iteration 1:  1000000 integrand evaluations so far
[1] 45.165 +- 12.6949  	chisq 0 (0 df)

Iteration 2:  3000000 integrand evaluations so far
[1] 33.1938 +- 9.31343  	chisq 1.92569 (1 df)

Iteration 3:  6000000 integrand evaluations so far
[1] 24.5219 +- 6.25432  	chisq 3.50476 (2 df)

Iteration 4:  10000000 integrand evaluations so far
[1] 19.431 +- 3.59515  	chisq 4.49431 (3 df)

Iteration 5:  15000000 integrand evaluations so far
[1] 19.8551 +- 2.76617  	chisq 4.52842 (4 df)

Iteration 6:  21000000 integrand evaluations so far
[1] 21.0591 +- 2.50812  	chisq 5.59349 (5 df)

Iteration 7:  28000000 integrand evaluations so far
[1] 21.389 +- 2.49531  	chisq 7.29064 (6 df)

Iteration 8:  36000000 integrand evaluations so far
[1] 21.63 +- 1.53304  	chisq 7.30562 (7 df)

Iteration 9:  45000000 integrand evaluations so far
[1] 23.4782 +- 1.20978  	chisq 11.158 (8 df)

Iteration 10:  55000000 integrand evaluations so far
[1] 24.8913 +- 1.08862  	chisq 18.3292 (9 df)
    24.9 ±    1.1        (1.09mi) ┃    23.3 ±    2.6        (12.8mi) ┃
┃   90 -    92 ┃   25 -    26 ┃  3.4813 ± 0.0032        (3.38mi) ┃ -2.5511 ± 0.0021        (23.1mi) ┃Vegas input parameters:
  ndim 10
  ncomp 1
  nvec 1
  epsrel 0
  epsabs 0
  flags 10
  seed 123456
  mineval 50000000
  maxeval 50000000
  nstart 1000000
  nincrease 1000000
  nbatch 5000
  gridno 0
  statefile ""

Iteration 1:  1000000 integrand evaluations so far
[1] -941.828 +- 818.476  	chisq 0 (0 df)

Iteration 2:  3000000 integrand evaluations so far
[1] 76.9182 +- 85.1198  	chisq 1.56618 (1 df)

Iteration 3:  6000000 integrand evaluations so far
[1] 1.71764 +- 53.3807  	chisq 2.85264 (2 df)

Iteration 4:  10000000 integrand evaluations so far
[1] -3.28398 +- 4.13759  	chisq 2.86147 (3 df)

Iteration 5:  15000000 integrand evaluations so far
[1] -3.06808 +- 4.13039  	chisq 3.64351 (4 df)

Iteration 6:  21000000 integrand evaluations so far
[1] -3.14908 +- 4.12959  	chisq 4.64666 (5 df)

Iteration 7:  28000000 integrand evaluations so far
[1] -2.67505 +- 4.10747  	chisq 5.87997 (6 df)

Iteration 8:  36000000 integrand evaluations so far
[1] -2.75797 +- 4.10636  	chisq 6.62862 (7 df)

Iteration 9:  45000000 integrand evaluations so far
[1] -3.40429 +- 3.97418  	chisq 7.01973 (8 df)

Iteration 10:  55000000 integrand evaluations so far
[1] -2.37934 +- 3.67366  	chisq 7.47682 (9 df)
    -2.4 ±    3.7        (2.38mi) ┃Vegas input parameters:
  ndim 8
  ncomp 1
  nvec 1
  epsrel 0
  epsabs 0
  flags 10
  seed 123456
  mineval 5000000
  maxeval 50000000
  nstart 1000000
  nincrease 1000000
  nbatch 5000
  gridno 0
  statefile ""

Iteration 1:  1000000 integrand evaluations so far
[1] 52.8459 +- 15.061  	chisq 0 (0 df)

Iteration 2:  3000000 integrand evaluations so far
[1] 45.9461 +- 12.5644  	chisq 0.690243 (1 df)

Iteration 3:  6000000 integrand evaluations so far
[1] 37.148 +- 8.89578  	chisq 1.67343 (2 df)

Iteration 4:  10000000 integrand evaluations so far
[1] 36.1082 +- 7.50223  	chisq 1.72075 (3 df)

Iteration 5:  15000000 integrand evaluations so far
[1] 21.9957 +- 3.08259  	chisq 5.97807 (4 df)

Iteration 6:  21000000 integrand evaluations so far
[1] 23.0065 +- 3.0318  	chisq 9.26763 (5 df)

Iteration 7:  28000000 integrand evaluations so far
[1] 23.948 +- 2.98311  	chisq 12.2945 (6 df)

Iteration 8:  36000000 integrand evaluations so far
[1] 28.9207 +- 2.13361  	chisq 17.9834 (7 df)

Iteration 9:  45000000 integrand evaluations so far
[1] 32.7828 +- 1.53057  	chisq 24.7337 (8 df)

Iteration 10:  55000000 integrand evaluations so far
[1] 35.4494 +- 1.15224  	chisq 31.7396 (9 df)
    35.4 ±    1.2        ( 55.2s) ┃      34 ±    3.9        (29.8mi) ┃
┃   90 -    92 ┃   26 -    27 ┃  3.9437 ± 0.0033        (2.02mi) ┃  -2.844 ± 0.0023        (11.1mi) ┃Vegas input parameters:
  ndim 10
  ncomp 1
  nvec 1
  epsrel 0
  epsabs 0
  flags 10
  seed 123456
  mineval 50000000
  maxeval 50000000
  nstart 1000000
  nincrease 1000000
  nbatch 5000
  gridno 0
  statefile ""

Iteration 1:  1000000 integrand evaluations so far
[1] 60.8999 +- 44.3115  	chisq 0 (0 df)

Iteration 2:  3000000 integrand evaluations so far
[1] 6.47325 +- 8.18401  	chisq 1.56194 (1 df)

Iteration 3:  6000000 integrand evaluations so far
[1] 3.57947 +- 7.46911  	chisq 2.31025 (2 df)

Iteration 4:  10000000 integrand evaluations so far
[1] -2.36836 +- 5.40803  	chisq 3.64317 (3 df)

Iteration 5:  15000000 integrand evaluations so far
[1] -1.71262 +- 5.36927  	chisq 4.67253 (4 df)

Iteration 6:  21000000 integrand evaluations so far
[1] -3.41672 +- 5.12177  	chisq 5.79092 (5 df)

Iteration 7:  28000000 integrand evaluations so far
[1] -1.90718 +- 5.02025  	chisq 8.00404 (6 df)

Iteration 8:  36000000 integrand evaluations so far
[1] -1.13606 +- 4.99173  	chisq 10.0866 (7 df)

Iteration 9:  45000000 integrand evaluations so far
[1] -1.182 +- 4.92621  	chisq 10.0898 (8 df)

Iteration 10:  55000000 integrand evaluations so far
[1] -1.10548 +- 4.5422  	chisq 10.0914 (9 df)
    -1.1 ±    4.5        (2.74mi) ┃Vegas input parameters:
  ndim 8
  ncomp 1
  nvec 1
  epsrel 0
  epsabs 0
  flags 10
  seed 123456
  mineval 5000000
  maxeval 50000000
  nstart 1000000
  nincrease 1000000
  nbatch 5000
  gridno 0
  statefile ""

Iteration 1:  1000000 integrand evaluations so far
[1] 70.5294 +- 18.6386  	chisq 0 (0 df)

Iteration 2:  3000000 integrand evaluations so far
[1] 70.9189 +- 17.7406  	chisq 0.00464251 (1 df)

Iteration 3:  6000000 integrand evaluations so far
[1] 38.4852 +- 10.0825  	chisq 4.94169 (2 df)

Iteration 4:  10000000 integrand evaluations so far
[1] 39.2844 +- 10.015  	chisq 5.41233 (3 df)

Iteration 5:  15000000 integrand evaluations so far
[1] 14.0505 +- 2.29784  	chisq 12.1135 (4 df)

Iteration 6:  21000000 integrand evaluations so far
[1] 14.1203 +- 2.297  	chisq 13.3767 (5 df)

Iteration 7:  28000000 integrand evaluations so far
[1] 15.0299 +- 2.25402  	chisq 17.6074 (6 df)

Iteration 8:  36000000 integrand evaluations so far
[1] 17.64 +- 2.10943  	chisq 28.4049 (7 df)

Iteration 9:  45000000 integrand evaluations so far
[1] 24.0125 +- 1.53643  	chisq 47.8437 (8 df)

Iteration 10:  55000000 integrand evaluations so far
[1] 27.481 +- 1.35069  	chisq 70.2779 (9 df)
    27.5 ±    1.4        ( 1.1mi) ┃    27.5 ±    4.7        (  17mi) ┃
┃   90 -    92 ┃   27 -    28 ┃  5.8188 ± 0.0037        (   57s) ┃-4.22028 ± 0.00069        (6.58mi) ┃Vegas input parameters:
  ndim 10
  ncomp 1
  nvec 1
  epsrel 0
  epsabs 0
  flags 10
  seed 123456
  mineval 50000000
  maxeval 50000000
  nstart 1000000
  nincrease 1000000
  nbatch 5000
  gridno 0
  statefile ""

Iteration 1:  1000000 integrand evaluations so far
[1] -4.75351 +- 6.94602  	chisq 0 (0 df)

Iteration 2:  3000000 integrand evaluations so far
[1] -2.01173 +- 6.70596  	chisq 2.29379 (1 df)

Iteration 3:  6000000 integrand evaluations so far
[1] -2.22342 +- 6.51362  	chisq 2.31141 (2 df)

Iteration 4:  10000000 integrand evaluations so far
[1] -0.416527 +- 5.93599  	chisq 2.76541 (3 df)

Iteration 5:  15000000 integrand evaluations so far
[1] 1.79777 +- 5.42194  	chisq 3.6052 (4 df)

Iteration 6:  21000000 integrand evaluations so far
[1] 1.54837 +- 5.20665  	chisq 3.63238 (5 df)

Iteration 7:  28000000 integrand evaluations so far
[1] 1.48564 +- 5.20628  	chisq 4.65525 (6 df)

Iteration 8:  36000000 integrand evaluations so far
[1] 0.0759187 +- 4.97843  	chisq 5.51164 (7 df)

Iteration 9:  45000000 integrand evaluations so far
[1] -2.41252 +- 3.71024  	chisq 6.07362 (8 df)

Iteration 10:  55000000 integrand evaluations so far
[1] -2.23343 +- 3.70568  	chisq 7.02161 (9 df)
    -2.2 ±    3.7        (2.42mi) ┃Vegas input parameters:
  ndim 8
  ncomp 1
  nvec 1
  epsrel 0
  epsabs 0
  flags 10
  seed 123456
  mineval 5000000
  maxeval 50000000
  nstart 1000000
  nincrease 1000000
  nbatch 5000
  gridno 0
  statefile ""

Iteration 1:  1000000 integrand evaluations so far
[1] 39.3653 +- 12.787  	chisq 0 (0 df)

Iteration 2:  3000000 integrand evaluations so far
[1] 2.33677 +- 0.584914  	chisq 8.40315 (1 df)

Iteration 3:  6000000 integrand evaluations so far
[1] 2.45871 +- 0.580851  	chisq 11.5421 (2 df)

Iteration 4:  10000000 integrand evaluations so far
[1] 2.51179 +- 0.580358  	chisq 16.468 (3 df)

Iteration 5:  15000000 integrand evaluations so far
[1] 2.81414 +- 0.575926  	chisq 34.3049 (4 df)

Iteration 6:  21000000 integrand evaluations so far
[1] 3.0448 +- 0.574253  	chisq 61.9471 (5 df)

Iteration 7:  28000000 integrand evaluations so far
[1] 3.51996 +- 0.569919  	chisq 107.483 (6 df)

Iteration 8:  36000000 integrand evaluations so far
[1] 3.56275 +- 0.569686  	chisq 114.362 (7 df)

Iteration 9:  45000000 integrand evaluations so far
[1] 4.62428 +- 0.560812  	chisq 226.697 (8 df)

Iteration 10:  55000000 integrand evaluations so far
[1] 7.97517 +- 0.533557  	chisq 603.144 (9 df)
    7.98 ±   0.53        (1.06mi) ┃     7.3 ±    3.7        (  11mi) ┃
┃   90 -    92 ┃   28 -    29 ┃  3.9816 ± 0.0023        (4.06mi) ┃ -2.9152 ± 0.0018        (  11mi) ┃Vegas input parameters:
  ndim 10
  ncomp 1
  nvec 1
  epsrel 0
  epsabs 0
  flags 10
  seed 123456
  mineval 50000000
  maxeval 50000000
  nstart 1000000
  nincrease 1000000
  nbatch 5000
  gridno 0
  statefile ""

Iteration 1:  1000000 integrand evaluations so far
[1] -56.7846 +- 59.9051  	chisq 0 (0 df)

Iteration 2:  3000000 integrand evaluations so far
[1] -30.9639 +- 20.7432  	chisq 0.211096 (1 df)

Iteration 3:  6000000 integrand evaluations so far
[1] -21.9422 +- 12.6091  	chisq 0.511112 (2 df)

Iteration 4:  10000000 integrand evaluations so far
[1] -2.78457 +- 5.82224  	chisq 3.44508 (3 df)

Iteration 5:  15000000 integrand evaluations so far
[1] -2.70251 +- 4.74015  	chisq 3.44567 (4 df)

Iteration 6:  21000000 integrand evaluations so far
[1] -1.79184 +- 4.58118  	chisq 4.00533 (5 df)

Iteration 7:  28000000 integrand evaluations so far
[1] -2.05871 +- 4.55321  	chisq 4.28413 (6 df)

Iteration 8:  36000000 integrand evaluations so far
[1] -2.16385 +- 4.35734  	chisq 4.29047 (7 df)

Iteration 9:  45000000 integrand evaluations so far
[1] -2.43957 +- 4.1632  	chisq 4.33642 (8 df)

Iteration 10:  55000000 integrand evaluations so far
[1] -2.63274 +- 4.12921  	chisq 4.46882 (9 df)
    -2.6 ±    4.1        (2.17mi) ┃Vegas input parameters:
  ndim 8
  ncomp 1
  nvec 1
  epsrel 0
  epsabs 0
  flags 10
  seed 123456
  mineval 5000000
  maxeval 50000000
  nstart 1000000
  nincrease 1000000
  nbatch 5000
  gridno 0
  statefile ""

Iteration 1:  1000000 integrand evaluations so far
[1] 26.5453 +- 10.9331  	chisq 0 (0 df)

Iteration 2:  3000000 integrand evaluations so far
[1] 21.4584 +- 8.42067  	chisq 0.532164 (1 df)

Iteration 3:  6000000 integrand evaluations so far
[1] 0.914748 +- 0.291678  	chisq 6.4913 (2 df)

Iteration 4:  10000000 integrand evaluations so far
[1] 0.967509 +- 0.290823  	chisq 12.0837 (3 df)

Iteration 5:  15000000 integrand evaluations so far
[1] 0.968112 +- 0.290823  	chisq 13.2333 (4 df)

Iteration 6:  21000000 integrand evaluations so far
[1] 0.987254 +- 0.290727  	chisq 19.8471 (5 df)

Iteration 7:  28000000 integrand evaluations so far
[1] 1.12552 +- 0.289619  	chisq 49.5625 (6 df)

Iteration 8:  36000000 integrand evaluations so far
[1] 1.12581 +- 0.289619  	chisq 50.8363 (7 df)

Iteration 9:  45000000 integrand evaluations so far
[1] 1.14112 +- 0.289563  	chisq 58.0649 (8 df)

Iteration 10:  55000000 integrand evaluations so far
[1] 1.14575 +- 0.289552  	chisq 61.4505 (9 df)
    1.15 ±   0.29        (1.08mi) ┃    -0.4 ±    4.1        (18.3mi) ┃
┃   90 -    92 ┃   29 -    30 ┃  3.8547 ± 0.0018        (5.57mi) ┃ -2.8055 ± 0.0011        (47.1mi) ┃Vegas input parameters:
  ndim 10
  ncomp 1
  nvec 1
  epsrel 0
  epsabs 0
  flags 10
  seed 123456
  mineval 50000000
  maxeval 50000000
  nstart 1000000
  nincrease 1000000
  nbatch 5000
  gridno 0
  statefile ""

Iteration 1:  1000000 integrand evaluations so far
[1] -9.31432 +- 20.687  	chisq 0 (0 df)

Iteration 2:  3000000 integrand evaluations so far
[1] 1.35841 +- 19.034  	chisq 1.7348 (1 df)

Iteration 3:  6000000 integrand evaluations so far
[1] -2.66466 +- 2.50451  	chisq 1.78026 (2 df)

Iteration 4:  10000000 integrand evaluations so far
[1] -2.54315 +- 2.50225  	chisq 3.08749 (3 df)

Iteration 5:  15000000 integrand evaluations so far
[1] -2.35147 +- 2.45077  	chisq 3.23159 (4 df)

Iteration 6:  21000000 integrand evaluations so far
[1] -1.62008 +- 2.33374  	chisq 4.18691 (5 df)

Iteration 7:  28000000 integrand evaluations so far
[1] -1.73894 +- 2.31217  	chisq 4.32787 (6 df)

Iteration 8:  36000000 integrand evaluations so far
[1] -1.82855 +- 2.30767  	chisq 4.71412 (7 df)

Iteration 9:  45000000 integrand evaluations so far
[1] -1.75492 +- 2.30665  	chisq 5.86965 (8 df)

Iteration 10:  55000000 integrand evaluations so far
[1] -2.02637 +- 2.29589  	chisq 7.35738 (9 df)
      -2 ±    2.3        (2.14mi) ┃Vegas input parameters:
  ndim 8
  ncomp 1
  nvec 1
  epsrel 0
  epsabs 0
  flags 10
  seed 123456
  mineval 5000000
  maxeval 50000000
  nstart 1000000
  nincrease 1000000
  nbatch 5000
  gridno 0
  statefile ""

Iteration 1:  1000000 integrand evaluations so far
[1] 42.481 +- 12.6648  	chisq 0 (0 df)

Iteration 2:  3000000 integrand evaluations so far
[1] 7.46004 +- 2.02769  	chisq 7.84759 (1 df)

Iteration 3:  6000000 integrand evaluations so far
[1] 6.08085 +- 1.39886  	chisq 8.73039 (2 df)

Iteration 4:  10000000 integrand evaluations so far
[1] 6.30609 +- 1.38727  	chisq 10.3023 (3 df)

Iteration 5:  15000000 integrand evaluations so far
[1] 8.42814 +- 1.21609  	chisq 20.4068 (4 df)

Iteration 6:  21000000 integrand evaluations so far
[1] 9.12545 +- 1.19832  	chisq 31.743 (5 df)

Iteration 7:  28000000 integrand evaluations so far
[1] 9.67323 +- 1.18774  	chisq 43.6235 (6 df)

Iteration 8:  36000000 integrand evaluations so far
[1] 14.0674 +- 1.02178  	chisq 96.2798 (7 df)

Iteration 9:  45000000 integrand evaluations so far
[1] 16.0834 +- 0.978227  	chisq 142.941 (8 df)

Iteration 10:  55000000 integrand evaluations so far
[1] 18.1421 +- 0.931751  	chisq 190.687 (9 df)
   18.14 ±   0.93        ( 57.5s) ┃    17.2 ±    2.5        (55.8mi) ┃
┃   90 -    92 ┃   30 -    31 ┃  5.2862 ± 0.0045        (1.99mi) ┃ -3.8132 ± 0.0008        (10.6mi) ┃Vegas input parameters:
  ndim 10
  ncomp 1
  nvec 1
  epsrel 0
  epsabs 0
  flags 10
  seed 123456
  mineval 50000000
  maxeval 50000000
  nstart 1000000
  nincrease 1000000
  nbatch 5000
  gridno 0
  statefile ""

Iteration 1:  1000000 integrand evaluations so far
[1] -4.20801 +- 9.04833  	chisq 0 (0 df)

Iteration 2:  3000000 integrand evaluations so far
[1] -4.5786 +- 4.80348  	chisq 0.00233572 (1 df)

Iteration 3:  6000000 integrand evaluations so far
[1] -4.13049 +- 4.77145  	chisq 0.657155 (2 df)

Iteration 4:  10000000 integrand evaluations so far
[1] -3.88358 +- 4.7651  	chisq 1.66327 (3 df)

Iteration 5:  15000000 integrand evaluations so far
[1] -1.564 +- 4.40295  	chisq 3.28378 (4 df)

Iteration 6:  21000000 integrand evaluations so far
[1] -2.38406 +- 4.30733  	chisq 4.09124 (5 df)

Iteration 7:  28000000 integrand evaluations so far
[1] -4.7439 +- 3.74824  	chisq 5.32772 (6 df)

Iteration 8:  36000000 integrand evaluations so far
[1] -4.90562 +- 3.74265  	chisq 5.95237 (7 df)

Iteration 9:  45000000 integrand evaluations so far
[1] -4.98649 +- 3.71756  	chisq 5.9873 (8 df)

Iteration 10:  55000000 integrand evaluations so far
[1] -5.32523 +- 3.68129  	chisq 6.41495 (9 df)
    -5.3 ±    3.7        (2.15mi) ┃Vegas input parameters:
  ndim 8
  ncomp 1
  nvec 1
  epsrel 0
  epsabs 0
  flags 10
  seed 123456
  mineval 5000000
  maxeval 50000000
  nstart 1000000
  nincrease 1000000
  nbatch 5000
  gridno 0
  statefile ""

Iteration 1:  1000000 integrand evaluations so far
[1] 22.1675 +- 6.80563  	chisq 0 (0 df)

Iteration 2:  3000000 integrand evaluations so far
[1] 22.8091 +- 6.57363  	chisq 0.132649 (1 df)

Iteration 3:  6000000 integrand evaluations so far
[1] 4.47253 +- 1.30375  	chisq 8.23211 (2 df)

Iteration 4:  10000000 integrand evaluations so far
[1] 4.54432 +- 1.3028  	chisq 10.3065 (3 df)

Iteration 5:  15000000 integrand evaluations so far
[1] 5.59427 +- 1.2321  	chisq 16.4581 (4 df)

Iteration 6:  21000000 integrand evaluations so far
[1] 6.98239 +- 1.16884  	chisq 29.144 (5 df)

Iteration 7:  28000000 integrand evaluations so far
[1] 8.99826 +- 1.10896  	chisq 58.9367 (6 df)

Iteration 8:  36000000 integrand evaluations so far
[1] 9.92505 +- 1.09011  	chisq 79.6615 (7 df)

Iteration 9:  45000000 integrand evaluations so far
[1] 15.0865 +- 0.971094  	chisq 188.259 (8 df)

Iteration 10:  55000000 integrand evaluations so far
[1] 18.653 +- 0.884648  	chisq 267.549 (9 df)
   18.65 ±   0.88        ( 48.4s) ┃    14.8 ±    3.8        (15.6mi) ┃
┃   90 -    92 ┃   31 -    32 ┃  4.4124 ± 0.0015        (7.61mi) ┃ -3.2132 ± 0.0011        (10.8mi) ┃Vegas input parameters:
  ndim 10
  ncomp 1
  nvec 1
  epsrel 0
  epsabs 0
  flags 10
  seed 123456
  mineval 50000000
  maxeval 50000000
  nstart 1000000
  nincrease 1000000
  nbatch 5000
  gridno 0
  statefile ""

Iteration 1:  1000000 integrand evaluations so far
[1] -11.8721 +- 35.4395  	chisq 0 (0 df)

Iteration 2:  3000000 integrand evaluations so far
[1] -1.44313 +- 12.9375  	chisq 0.0999135 (1 df)

Iteration 3:  6000000 integrand evaluations so far
[1] 12.5093 +- 7.2194  	chisq 1.7889 (2 df)

Iteration 4:  10000000 integrand evaluations so far
[1] 8.73023 +- 6.36906  	chisq 3.02487 (3 df)

Iteration 5:  15000000 integrand evaluations so far
[1] 4.45319 +- 4.91088  	chisq 4.13704 (4 df)

Iteration 6:  21000000 integrand evaluations so far
[1] 2.50456 +- 4.72604  	chisq 6.26868 (5 df)

Iteration 7:  28000000 integrand evaluations so far
[1] 3.05479 +- 4.69634  	chisq 7.35065 (6 df)

Iteration 8:  36000000 integrand evaluations so far
[1] 3.37034 +- 4.4901  	chisq 7.4032 (7 df)

Iteration 9:  45000000 integrand evaluations so far
[1] 3.17223 +- 4.48209  	chisq 7.94942 (8 df)

Iteration 10:  55000000 integrand evaluations so far
[1] 3.50636 +- 4.45307  	chisq 8.3799 (9 df)
     3.5 ±    4.5        (2.14mi) ┃Vegas input parameters:
  ndim 8
  ncomp 1
  nvec 1
  epsrel 0
  epsabs 0
  flags 10
  seed 123456
  mineval 5000000
  maxeval 50000000
  nstart 1000000
  nincrease 1000000
  nbatch 5000
  gridno 0
  statefile ""

Iteration 1:  1000000 integrand evaluations so far
[1] 63.8772 +- 18.6912  	chisq 0 (0 df)

Iteration 2:  3000000 integrand evaluations so far
[1] 8.46513 +- 2.94127  	chisq 9.01203 (1 df)

Iteration 3:  6000000 integrand evaluations so far
[1] 8.64844 +- 2.9359  	chisq 10.0768 (2 df)

Iteration 4:  10000000 integrand evaluations so far
[1] 10.5811 +- 1.91616  	chisq 10.8317 (3 df)

Iteration 5:  15000000 integrand evaluations so far
[1] 13.7629 +- 1.3031  	chisq 15.9614 (4 df)

Iteration 6:  21000000 integrand evaluations so far
[1] 14.0192 +- 1.29698  	chisq 20.088 (5 df)

Iteration 7:  28000000 integrand evaluations so far
[1] 14.2728 +- 1.29125  	chisq 24.4271 (6 df)

Iteration 8:  36000000 integrand evaluations so far
[1] 17.2049 +- 1.11756  	chisq 44.9756 (7 df)

Iteration 9:  45000000 integrand evaluations so far
[1] 23.4969 +- 0.860881  	chisq 122.935 (8 df)

Iteration 10:  55000000 integrand evaluations so far
[1] 27.3871 +- 0.682627  	chisq 177.94 (9 df)
   27.39 ±   0.68        ( 48.9s) ┃    32.1 ±    4.5        (21.4mi) ┃
┃   90 -    92 ┃   32 -    33 ┃   3.887 ±  0.002        (7.59mi) ┃ -2.8234 ± 0.0026        (21.7mi) ┃Vegas input parameters:
  ndim 10
  ncomp 1
  nvec 1
  epsrel 0
  epsabs 0
  flags 10
  seed 123456
  mineval 50000000
  maxeval 50000000
  nstart 1000000
  nincrease 1000000
  nbatch 5000
  gridno 0
  statefile ""

Iteration 1:  1000000 integrand evaluations so far
[1] 522.871 +- 544.779  	chisq 0 (0 df)

Iteration 2:  3000000 integrand evaluations so far
[1] -11.6368 +- 10.705  	chisq 0.963022 (1 df)

Iteration 3:  6000000 integrand evaluations so far
[1] -2.7506 +- 5.53475  	chisq 1.90348 (2 df)

Iteration 4:  10000000 integrand evaluations so far
[1] 0.288593 +- 4.40706  	chisq 2.72735 (3 df)

Iteration 5:  15000000 integrand evaluations so far
[1] -2.48227 +- 2.48082  	chisq 3.30603 (4 df)

Iteration 6:  21000000 integrand evaluations so far
[1] -2.3827 +- 2.44232  	chisq 3.35834 (5 df)

Iteration 7:  28000000 integrand evaluations so far
[1] -2.7748 +- 2.4322  	chisq 6.47447 (6 df)

Iteration 8:  36000000 integrand evaluations so far
[1] -3.22152 +- 2.39106  	chisq 7.48029 (7 df)

Iteration 9:  45000000 integrand evaluations so far
[1] -3.21574 +- 2.39105  	chisq 8.54043 (8 df)

Iteration 10:  55000000 integrand evaluations so far
[1] -3.1863 +- 2.39088  	chisq 9.59393 (9 df)
    -3.2 ±    2.4        (2.17mi) ┃Vegas input parameters:
  ndim 8
  ncomp 1
  nvec 1
  epsrel 0
  epsabs 0
  flags 10
  seed 123456
  mineval 5000000
  maxeval 50000000
  nstart 1000000
  nincrease 1000000
  nbatch 5000
  gridno 0
  statefile ""

Iteration 1:  1000000 integrand evaluations so far
[1] 26.7394 +- 9.6524  	chisq 0 (0 df)

Iteration 2:  3000000 integrand evaluations so far
[1] 27.7267 +- 9.41643  	chisq 0.216644 (1 df)

Iteration 3:  6000000 integrand evaluations so far
[1] 9.55724 +- 3.38799  	chisq 4.49346 (2 df)

Iteration 4:  10000000 integrand evaluations so far
[1] 9.41157 +- 1.97449  	chisq 4.49626 (3 df)

Iteration 5:  15000000 integrand evaluations so far
[1] 10.7069 +- 1.89895  	chisq 10.2304 (4 df)

Iteration 6:  21000000 integrand evaluations so far
[1] 10.7835 +- 1.89781  	chisq 11.5921 (5 df)

Iteration 7:  28000000 integrand evaluations so far
[1] 12.0713 +- 1.54893  	chisq 12.9713 (6 df)

Iteration 8:  36000000 integrand evaluations so far
[1] 13.0219 +- 1.52037  	chisq 23.2819 (7 df)

Iteration 9:  45000000 integrand evaluations so far
[1] 16.0611 +- 1.38545  	chisq 46.841 (8 df)

Iteration 10:  55000000 integrand evaluations so far
[1] 22.5405 +- 1.12316  	chisq 110.646 (9 df)
    22.5 ±    1.1        ( 48.7s) ┃    20.4 ±    2.6        (32.3mi) ┃
┃   90 -    92 ┃   33 -    34 ┃  3.5855 ± 0.0032        (7.84mi) ┃ -2.6019 ± 0.0026        (23.1mi) ┃Vegas input parameters:
  ndim 10
  ncomp 1
  nvec 1
  epsrel 0
  epsabs 0
  flags 10
  seed 123456
  mineval 50000000
  maxeval 50000000
  nstart 1000000
  nincrease 1000000
  nbatch 5000
  gridno 0
  statefile ""

Iteration 1:  1000000 integrand evaluations so far
[1] -16.8455 +- 8.44623  	chisq 0 (0 df)

Iteration 2:  3000000 integrand evaluations so far
[1] -16.1475 +- 8.4148  	chisq 0.91941 (1 df)

Iteration 3:  6000000 integrand evaluations so far
[1] -9.3547 +- 6.48984  	chisq 2.52765 (2 df)

Iteration 4:  10000000 integrand evaluations so far
[1] -8.63306 +- 6.39413  	chisq 2.94993 (3 df)

Iteration 5:  15000000 integrand evaluations so far
[1] -8.21614 +- 6.38211  	chisq 4.08194 (4 df)

Iteration 6:  21000000 integrand evaluations so far
[1] -7.08748 +- 5.2087  	chisq 4.1756 (5 df)

Iteration 7:  28000000 integrand evaluations so far
[1] -4.78226 +- 4.99102  	chisq 6.56899 (6 df)

Iteration 8:  36000000 integrand evaluations so far
[1] -1.89569 +- 4.3714  	chisq 8.00531 (7 df)

Iteration 9:  45000000 integrand evaluations so far
[1] -2.28502 +- 4.35392  	chisq 8.99884 (8 df)

Iteration 10:  55000000 integrand evaluations so far
[1] -0.641514 +- 4.20572  	chisq 11.1283 (9 df)
    -0.6 ±    4.2        (2.09mi) ┃Vegas input parameters:
  ndim 8
  ncomp 1
  nvec 1
  epsrel 0
  epsabs 0
  flags 10
  seed 123456
  mineval 5000000
  maxeval 50000000
  nstart 1000000
  nincrease 1000000
  nbatch 5000
  gridno 0
  statefile ""

Iteration 1:  1000000 integrand evaluations so far
[1] 45.6187 +- 13.963  	chisq 0 (0 df)

Iteration 2:  3000000 integrand evaluations so far
[1] 7.88858 +- 2.68181  	chisq 7.58123 (1 df)

Iteration 3:  6000000 integrand evaluations so far
[1] 8.98179 +- 2.61643  	chisq 11.0311 (2 df)

Iteration 4:  10000000 integrand evaluations so far
[1] 9.02096 +- 2.61625  	chisq 12.6379 (3 df)

Iteration 5:  15000000 integrand evaluations so far
[1] 11.81 +- 2.23414  	chisq 16.835 (4 df)

Iteration 6:  21000000 integrand evaluations so far
[1] 17.0479 +- 1.92075  	chisq 37.905 (5 df)

Iteration 7:  28000000 integrand evaluations so far
[1] 18.0841 +- 1.88272  	chisq 45.3271 (6 df)

Iteration 8:  36000000 integrand evaluations so far
[1] 19.0777 +- 1.82629  	chisq 50.0436 (7 df)

Iteration 9:  45000000 integrand evaluations so far
[1] 24.6504 +- 1.45038  	chisq 75.2565 (8 df)

Iteration 10:  55000000 integrand evaluations so far
[1] 29.5677 +- 0.965079  	chisq 95.8841 (9 df)
   29.57 ±   0.97        ( 47.2s) ┃    29.9 ±    4.3        (33.8mi) ┃
┃   90 -    92 ┃   34 -    35 ┃  6.0646 ± 0.0057        (1.98mi) ┃ -4.4128 ± 0.0043        (10.9mi) ┃Vegas input parameters:
  ndim 10
  ncomp 1
  nvec 1
  epsrel 0
  epsabs 0
  flags 10
  seed 123456
  mineval 50000000
  maxeval 50000000
  nstart 1000000
  nincrease 1000000
  nbatch 5000
  gridno 0
  statefile ""

Iteration 1:  1000000 integrand evaluations so far
[1] 13.2247 +- 14.1335  	chisq 0 (0 df)

Iteration 2:  3000000 integrand evaluations so far
[1] 14.2594 +- 13.1558  	chisq 0.0401266 (1 df)

Iteration 3:  6000000 integrand evaluations so far
[1] 4.02857 +- 6.90513  	chisq 0.874856 (2 df)

Iteration 4:  10000000 integrand evaluations so far
[1] 7.15545 +- 6.27153  	chisq 2.04597 (3 df)

Iteration 5:  15000000 integrand evaluations so far
[1] 6.78444 +- 6.19493  	chisq 2.19014 (4 df)

Iteration 6:  21000000 integrand evaluations so far
[1] 7.9124 +- 6.00119  	chisq 2.72857 (5 df)

Iteration 7:  28000000 integrand evaluations so far
[1] -1.99315 +- 2.98929  	chisq 6.35212 (6 df)

Iteration 8:  36000000 integrand evaluations so far
[1] -1.34646 +- 2.62323  	chisq 6.55567 (7 df)

Iteration 9:  45000000 integrand evaluations so far
[1] -1.41658 +- 2.62097  	chisq 6.97073 (8 df)

Iteration 10:  55000000 integrand evaluations so far
[1] -1.46268 +- 2.62056  	chisq 7.95524 (9 df)
    -1.5 ±    2.6        (2.83mi) ┃Vegas input parameters:
  ndim 8
  ncomp 1
  nvec 1
  epsrel 0
  epsabs 0
  flags 10
  seed 123456
  mineval 5000000
  maxeval 50000000
  nstart 1000000
  nincrease 1000000
  nbatch 5000
  gridno 0
  statefile ""

Iteration 1:  1000000 integrand evaluations so far
[1] 20.35 +- 7.31674  	chisq 0 (0 df)

Iteration 2:  3000000 integrand evaluations so far
[1] 14.8419 +- 4.87227  	chisq 1.01827 (1 df)

Iteration 3:  6000000 integrand evaluations so far
[1] 2.35269 +- 0.631317  	chisq 7.70105 (2 df)

Iteration 4:  10000000 integrand evaluations so far
[1] 2.70133 +- 0.6206  	chisq 16.7602 (3 df)

Iteration 5:  15000000 integrand evaluations so far
[1] 2.8762 +- 0.618206  	chisq 27.0734 (4 df)

Iteration 6:  21000000 integrand evaluations so far
[1] 3.56402 +- 0.607693  	chisq 63.783 (5 df)

Iteration 7:  28000000 integrand evaluations so far
[1] 6.03255 +- 0.567571  	chisq 193.011 (6 df)

Iteration 8:  36000000 integrand evaluations so far
[1] 8.31275 +- 0.538921  	chisq 357.023 (7 df)

Iteration 9:  45000000 integrand evaluations so far
[1] 12.0503 +- 0.488928  	chisq 628.876 (8 df)

Iteration 10:  55000000 integrand evaluations so far
[1] 12.1253 +- 0.488156  	chisq 636.34 (9 df)
   12.13 ±   0.49        (   1mi) ┃    12.3 ±    2.7        (16.8mi) ┃
┃   90 -    92 ┃   35 -    36 ┃  4.4228 ± 0.0012        (1.53mi) ┃-3.18341 ± 0.00057        (  43mi) ┃Vegas input parameters:
  ndim 10
  ncomp 1
  nvec 1
  epsrel 0
  epsabs 0
  flags 10
  seed 123456
  mineval 50000000
  maxeval 50000000
  nstart 1000000
  nincrease 1000000
  nbatch 5000
  gridno 0
  statefile ""

Iteration 1:  1000000 integrand evaluations so far
[1] -4.52328 +- 15.7079  	chisq 0 (0 df)

Iteration 2:  3000000 integrand evaluations so far
[1] -7.19648 +- 15.4673  	chisq 0.952344 (1 df)

Iteration 3:  6000000 integrand evaluations so far
[1] 8.2022 +- 8.07666  	chisq 2.31507 (2 df)

Iteration 4:  10000000 integrand evaluations so far
[1] 4.75441 +- 3.90793  	chisq 2.553 (3 df)

Iteration 5:  15000000 integrand evaluations so far
[1] 4.16581 +- 3.85786  	chisq 3.44387 (4 df)

Iteration 6:  21000000 integrand evaluations so far
[1] 5.6853 +- 3.6012  	chisq 4.64992 (5 df)

Iteration 7:  28000000 integrand evaluations so far
[1] 5.7079 +- 3.52045  	chisq 4.6508 (6 df)

Iteration 8:  36000000 integrand evaluations so far
[1] 5.32038 +- 3.49763  	chisq 5.58838 (7 df)

Iteration 9:  45000000 integrand evaluations so far
[1] 5.08613 +- 3.4887  	chisq 6.4681 (8 df)

Iteration 10:  55000000 integrand evaluations so far
[1] 4.72686 +- 3.46829  	chisq 7.37699 (9 df)
     4.7 ±    3.5        ( 2.1mi) ┃Vegas input parameters:
  ndim 8
  ncomp 1
  nvec 1
  epsrel 0
  epsabs 0
  flags 10
  seed 123456
  mineval 5000000
  maxeval 50000000
  nstart 1000000
  nincrease 1000000
  nbatch 5000
  gridno 0
  statefile ""

Iteration 1:  1000000 integrand evaluations so far
[1] 53.6511 +- 14.0181  	chisq 0 (0 df)

Iteration 2:  3000000 integrand evaluations so far
[1] 11.0138 +- 3.88983  	chisq 10.023 (1 df)

Iteration 3:  6000000 integrand evaluations so far
[1] 12.6457 +- 3.10996  	chisq 10.5108 (2 df)

Iteration 4:  10000000 integrand evaluations so far
[1] 14.6373 +- 2.67411  	chisq 12.0841 (3 df)

Iteration 5:  15000000 integrand evaluations so far
[1] 17.5193 +- 2.33766  	chisq 17.01 (4 df)

Iteration 6:  21000000 integrand evaluations so far
[1] 19.2194 +- 2.22902  	chisq 22.8358 (5 df)

Iteration 7:  28000000 integrand evaluations so far
[1] 21.8945 +- 2.02704  	chisq 31.1605 (6 df)

Iteration 8:  36000000 integrand evaluations so far
[1] 26.4789 +- 1.66711  	chisq 46.9673 (7 df)

Iteration 9:  45000000 integrand evaluations so far
[1] 29.5242 +- 1.28764  	chisq 55.238 (8 df)

Iteration 10:  55000000 integrand evaluations so far
[1] 31.5146 +- 0.901633  	chisq 59.9261 (9 df)
   31.51 ±    0.9        ( 48.8s) ┃    37.5 ±    3.6        (47.5mi) ┃
┃   90 -    92 ┃   36 -    37 ┃  3.1517 ± 0.0011        ( 3.7mi) ┃-2.31962 ± 0.00095        (10.6mi) ┃Vegas input parameters:
  ndim 10
  ncomp 1
  nvec 1
  epsrel 0
  epsabs 0
  flags 10
  seed 123456
  mineval 50000000
  maxeval 50000000
  nstart 1000000
  nincrease 1000000
  nbatch 5000
  gridno 0
  statefile ""

Iteration 1:  1000000 integrand evaluations so far
[1] -23.365 +- 24.9428  	chisq 0 (0 df)

Iteration 2:  3000000 integrand evaluations so far
[1] -28.0962 +- 23.2726  	chisq 0.277982 (1 df)

Iteration 3:  6000000 integrand evaluations so far
[1] -7.27224 +- 5.39292  	chisq 1.12405 (2 df)

Iteration 4:  10000000 integrand evaluations so far
[1] -7.90749 +- 5.3208  	chisq 1.64632 (3 df)

Iteration 5:  15000000 integrand evaluations so far
[1] -8.7855 +- 5.25861  	chisq 2.81789 (4 df)

Iteration 6:  21000000 integrand evaluations so far
[1] -4.99994 +- 4.38661  	chisq 4.52175 (5 df)

Iteration 7:  28000000 integrand evaluations so far
[1] -5.36721 +- 4.17599  	chisq 4.59655 (6 df)

Iteration 8:  36000000 integrand evaluations so far
[1] -5.45551 +- 3.9898  	chisq 4.60167 (7 df)

Iteration 9:  45000000 integrand evaluations so far
[1] -5.99043 +- 3.92021  	chisq 5.12154 (8 df)

Iteration 10:  55000000 integrand evaluations so far
[1] -6.16264 +- 3.83293  	chisq 5.16536 (9 df)
    -6.2 ±    3.8        (2.18mi) ┃Vegas input parameters:
  ndim 8
  ncomp 1
  nvec 1
  epsrel 0
  epsabs 0
  flags 10
  seed 123456
  mineval 5000000
  maxeval 50000000
  nstart 1000000
  nincrease 1000000
  nbatch 5000
  gridno 0
  statefile ""

Iteration 1:  1000000 integrand evaluations so far
[1] 24.2814 +- 8.49466  	chisq 0 (0 df)

Iteration 2:  3000000 integrand evaluations so far
[1] 1.14133 +- 0.416  	chisq 7.43844 (1 df)

Iteration 3:  6000000 integrand evaluations so far
[1] 1.17741 +- 0.415423  	chisq 10.1555 (2 df)

Iteration 4:  10000000 integrand evaluations so far
[1] 1.29544 +- 0.413346  	chisq 18.2486 (3 df)

Iteration 5:  15000000 integrand evaluations so far
[1] 1.29987 +- 0.413332  	chisq 19.9428 (4 df)

Iteration 6:  21000000 integrand evaluations so far
[1] 1.59699 +- 0.409626  	chisq 48.8887 (5 df)

Iteration 7:  28000000 integrand evaluations so far
[1] 1.60949 +- 0.409572  	chisq 52.3627 (6 df)

Iteration 8:  36000000 integrand evaluations so far
[1] 1.68372 +- 0.409108  	chisq 66.8869 (7 df)

Iteration 9:  45000000 integrand evaluations so far
[1] 1.69879 +- 0.409055  	chisq 72.1199 (8 df)

Iteration 10:  55000000 integrand evaluations so far
[1] 2.02085 +- 0.406729  	chisq 126.773 (9 df)
    2.02 ±   0.41        ( 46.1s) ┃    -3.3 ±    3.9        (17.3mi) ┃
┃   90 -    92 ┃   37 -    38 ┃  4.8123 ± 0.0034        (7.39mi) ┃-3.47669 ± 0.00088        (20.8mi) ┃Vegas input parameters:
  ndim 10
  ncomp 1
  nvec 1
  epsrel 0
  epsabs 0
  flags 10
  seed 123456
  mineval 50000000
  maxeval 50000000
  nstart 1000000
  nincrease 1000000
  nbatch 5000
  gridno 0
  statefile ""

Iteration 1:  1000000 integrand evaluations so far
[1] 6.47615 +- 17.1823  	chisq 0 (0 df)

Iteration 2:  3000000 integrand evaluations so far
[1] 9.61112 +- 14.4452  	chisq 0.113533 (1 df)

Iteration 3:  6000000 integrand evaluations so far
[1] 12.0595 +- 13.869  	chisq 0.480919 (2 df)

Iteration 4:  10000000 integrand evaluations so far
[1] 15.0816 +- 13.5201  	chisq 1.43663 (3 df)

Iteration 5:  15000000 integrand evaluations so far
[1] 11.8307 +- 13.2422  	chisq 2.85787 (4 df)

Iteration 6:  21000000 integrand evaluations so far
[1] 3.58116 +- 3.66511  	chisq 3.27816 (5 df)

Iteration 7:  28000000 integrand evaluations so far
[1] -0.305144 +- 3.25725  	chisq 8.62768 (6 df)

Iteration 8:  36000000 integrand evaluations so far
[1] -0.522355 +- 3.25055  	chisq 9.70963 (7 df)

Iteration 9:  45000000 integrand evaluations so far
[1] -0.344725 +- 3.2471  	chisq 11.1158 (8 df)

Iteration 10:  55000000 integrand evaluations so far
[1] -0.295906 +- 3.24674  	chisq 12.1365 (9 df)
    -0.3 ±    3.2        (2.13mi) ┃Vegas input parameters:
  ndim 8
  ncomp 1
  nvec 1
  epsrel 0
  epsabs 0
  flags 10
  seed 123456
  mineval 5000000
  maxeval 50000000
  nstart 1000000
  nincrease 1000000
  nbatch 5000
  gridno 0
  statefile ""

Iteration 1:  1000000 integrand evaluations so far
[1] 38.4634 +- 11.3449  	chisq 0 (0 df)

Iteration 2:  3000000 integrand evaluations so far
[1] 27.1813 +- 7.55312  	chisq 1.77631 (1 df)

Iteration 3:  6000000 integrand evaluations so far
[1] 12.3873 +- 2.59012  	chisq 6.12387 (2 df)

Iteration 4:  10000000 integrand evaluations so far
[1] 13.598 +- 2.14702  	chisq 6.82215 (3 df)

Iteration 5:  15000000 integrand evaluations so far
[1] 15.672 +- 1.34703  	chisq 8.36108 (4 df)

Iteration 6:  21000000 integrand evaluations so far
[1] 17.3904 +- 1.15178  	chisq 14.413 (5 df)

Iteration 7:  28000000 integrand evaluations so far
[1] 20.7139 +- 0.908522  	chisq 36.4522 (6 df)

Iteration 8:  36000000 integrand evaluations so far
[1] 23.8475 +- 0.685841  	chisq 64.1099 (7 df)

Iteration 9:  45000000 integrand evaluations so far
[1] 25.4617 +- 0.508106  	chisq 76.3897 (8 df)

Iteration 10:  55000000 integrand evaluations so far
[1] 25.8909 +- 0.486848  	chisq 85.0997 (9 df)
   25.89 ±   0.49        (   49s) ┃    26.9 ±    3.3        (31.2mi) ┃
┃   90 -    92 ┃   38 -    39 ┃  5.5724 ± 0.0028        (1.84mi) ┃-4.08441 ± 0.00089        (10.6mi) ┃Vegas input parameters:
  ndim 10
  ncomp 1
  nvec 1
  epsrel 0
  epsabs 0
  flags 10
  seed 123456
  mineval 50000000
  maxeval 50000000
  nstart 1000000
  nincrease 1000000
  nbatch 5000
  gridno 0
  statefile ""

Iteration 1:  1000000 integrand evaluations so far
[1] -20.7473 +- 64.8796  	chisq 0 (0 df)

Iteration 2:  3000000 integrand evaluations so far
[1] -10.0564 +- 16.6589  	chisq 0.0290689 (1 df)

Iteration 3:  6000000 integrand evaluations so far
[1] -5.83145 +- 16.1498  	chisq 1.09787 (2 df)

Iteration 4:  10000000 integrand evaluations so far
[1] -0.932153 +- 4.6465  	chisq 1.19821 (3 df)

Iteration 5:  15000000 integrand evaluations so far
[1] -1.43868 +- 4.59989  	chisq 1.79354 (4 df)

Iteration 6:  21000000 integrand evaluations so far
[1] -0.519803 +- 4.54687  	chisq 3.53482 (5 df)

Iteration 7:  28000000 integrand evaluations so far
[1] -2.62288 +- 4.14367  	chisq 4.79706 (6 df)

Iteration 8:  36000000 integrand evaluations so far
[1] -5.26128 +- 3.50173  	chisq 6.21541 (7 df)

Iteration 9:  45000000 integrand evaluations so far
[1] -4.70578 +- 3.2881  	chisq 6.42815 (8 df)

Iteration 10:  55000000 integrand evaluations so far
[1] -5.82911 +- 3.16836  	chisq 8.06051 (9 df)
    -5.8 ±    3.2        (2.11mi) ┃Vegas input parameters:
  ndim 8
  ncomp 1
  nvec 1
  epsrel 0
  epsabs 0
  flags 10
  seed 123456
  mineval 5000000
  maxeval 50000000
  nstart 1000000
  nincrease 1000000
  nbatch 5000
  gridno 0
  statefile ""

Iteration 1:  1000000 integrand evaluations so far
[1] 42.0235 +- 13.1  	chisq 0 (0 df)

Iteration 2:  3000000 integrand evaluations so far
[1] 5.76006 +- 2.31492  	chisq 7.90995 (1 df)

Iteration 3:  6000000 integrand evaluations so far
[1] 5.89257 +- 2.31082  	chisq 8.83523 (2 df)

Iteration 4:  10000000 integrand evaluations so far
[1] 6.51675 +- 1.31243  	chisq 8.94293 (3 df)

Iteration 5:  15000000 integrand evaluations so far
[1] 6.93868 +- 1.29891  	chisq 13.9864 (4 df)

Iteration 6:  21000000 integrand evaluations so far
[1] 7.73269 +- 1.26506  	chisq 21.2503 (5 df)

Iteration 7:  28000000 integrand evaluations so far
[1] 10.3233 +- 1.1808  	chisq 53.8134 (6 df)

Iteration 8:  36000000 integrand evaluations so far
[1] 12.9827 +- 1.08697  	chisq 87.0522 (7 df)

Iteration 9:  45000000 integrand evaluations so far
[1] 13.0769 +- 1.08611  	chisq 91.7986 (8 df)

Iteration 10:  55000000 integrand evaluations so far
[1] 13.9295 +- 1.0714  	chisq 114.697 (9 df)
    13.9 ±    1.1        ( 49.8s) ┃     9.6 ±    3.3        (15.4mi) ┃
┃   90 -    92 ┃   39 -    40 ┃  3.2211 ± 0.0028        (1.84mi) ┃ -2.3504 ± 0.0019        (1.34mi) ┃Vegas input parameters:
  ndim 10
  ncomp 1
  nvec 1
  epsrel 0
  epsabs 0
  flags 10
  seed 123456
  mineval 50000000
  maxeval 50000000
  nstart 1000000
  nincrease 1000000
  nbatch 5000
  gridno 0
  statefile ""

Iteration 1:  1000000 integrand evaluations so far
[1] -13.6348 +- 21.7908  	chisq 0 (0 df)

Iteration 2:  3000000 integrand evaluations so far
[1] -25.63 +- 18.3023  	chisq 1.02874 (1 df)

Iteration 3:  6000000 integrand evaluations so far
[1] -5.69482 +- 14.4896  	chisq 4.20737 (2 df)

Iteration 4:  10000000 integrand evaluations so far
[1] 6.71824 +- 8.97597  	chisq 5.3983 (3 df)

Iteration 5:  15000000 integrand evaluations so far
[1] 6.97634 +- 8.9723  	chisq 6.4096 (4 df)

Iteration 6:  21000000 integrand evaluations so far
[1] -0.505058 +- 3.6691  	chisq 7.24449 (5 df)

Iteration 7:  28000000 integrand evaluations so far
[1] -0.914711 +- 3.6293  	chisq 7.8222 (6 df)

Iteration 8:  36000000 integrand evaluations so far
[1] -0.335604 +- 3.48723  	chisq 8.15391 (7 df)

Iteration 9:  45000000 integrand evaluations so far
[1] -0.865095 +- 3.45926  	chisq 9.59706 (8 df)

Iteration 10:  55000000 integrand evaluations so far
[1] 0.659302 +- 3.30242  	chisq 11.7882 (9 df)
     0.7 ±    3.3        (2.15mi) ┃Vegas input parameters:
  ndim 8
  ncomp 1
  nvec 1
  epsrel 0
  epsabs 0
  flags 10
  seed 123456
  mineval 5000000
  maxeval 50000000
  nstart 1000000
  nincrease 1000000
  nbatch 5000
  gridno 0
  statefile ""

Iteration 1:  1000000 integrand evaluations so far
[1] 55.3035 +- 15.2729  	chisq 0 (0 df)

Iteration 2:  3000000 integrand evaluations so far
[1] 5.70263 +- 1.69891  	chisq 10.6793 (1 df)

Iteration 3:  6000000 integrand evaluations so far
[1] 5.92796 +- 1.6925  	chisq 13.0169 (2 df)

Iteration 4:  10000000 integrand evaluations so far
[1] 6.08493 +- 1.68784  	chisq 14.5798 (3 df)

Iteration 5:  15000000 integrand evaluations so far
[1] 7.0705 +- 1.61153  	chisq 18.4378 (4 df)

Iteration 6:  21000000 integrand evaluations so far
[1] 9.30493 +- 1.50339  	chisq 33.2598 (5 df)

Iteration 7:  28000000 integrand evaluations so far
[1] 13.8878 +- 1.27043  	chisq 65.7626 (6 df)

Iteration 8:  36000000 integrand evaluations so far
[1] 19.4296 +- 1.00287  	chisq 116.254 (7 df)

Iteration 9:  45000000 integrand evaluations so far
[1] 24.3339 +- 0.665997  	chisq 159.036 (8 df)

Iteration 10:  55000000 integrand evaluations so far
[1] 26.5966 +- 0.445613  	chisq 179.934 (9 df)
    26.6 ±   0.45        ( 47.8s) ┃    28.1 ±    3.3        (6.12mi) ┃
┃   90 -    92 ┃   40 -    41 ┃  4.0979 ± 0.0039        ( 58.7s) ┃-2.99532 ± 0.00012        (41.6mi) ┃Vegas input parameters:
  ndim 10
  ncomp 1
  nvec 1
  epsrel 0
  epsabs 0
  flags 10
  seed 123456
  mineval 50000000
  maxeval 50000000
  nstart 1000000
  nincrease 1000000
  nbatch 5000
  gridno 0
  statefile ""

Iteration 1:  1000000 integrand evaluations so far
[1] 245.559 +- 238.551  	chisq 0 (0 df)

Iteration 2:  3000000 integrand evaluations so far
[1] 2.11153 +- 12.7911  	chisq 1.04447 (1 df)

Iteration 3:  6000000 integrand evaluations so far
[1] -7.74743 +- 6.74702  	chisq 1.86756 (2 df)

Iteration 4:  10000000 integrand evaluations so far
[1] -5.74801 +- 5.34578  	chisq 2.10349 (3 df)

Iteration 5:  15000000 integrand evaluations so far
[1] -5.7826 +- 5.29696  	chisq 2.10579 (4 df)

Iteration 6:  21000000 integrand evaluations so far
[1] -1.81696 +- 3.31863  	chisq 3.02846 (5 df)

Iteration 7:  28000000 integrand evaluations so far
[1] -1.94301 +- 3.31474  	chisq 3.64449 (6 df)

Iteration 8:  36000000 integrand evaluations so far
[1] -1.89358 +- 3.31436  	chisq 4.61963 (7 df)

Iteration 9:  45000000 integrand evaluations so far
[1] -1.36021 +- 3.25468  	chisq 5.34521 (8 df)

Iteration 10:  55000000 integrand evaluations so far
[1] -0.169993 +- 3.08803  	chisq 6.6854 (9 df)
    -0.2 ±    3.1        (2.14mi) ┃Vegas input parameters:
  ndim 8
  ncomp 1
  nvec 1
  epsrel 0
  epsabs 0
  flags 10
  seed 123456
  mineval 5000000
  maxeval 50000000
  nstart 1000000
  nincrease 1000000
  nbatch 5000
  gridno 0
  statefile ""

Iteration 1:  1000000 integrand evaluations so far
[1] 19.3119 +- 7.61908  	chisq 0 (0 df)

Iteration 2:  3000000 integrand evaluations so far
[1] 2.56441 +- 1.35649  	chisq 4.9898 (1 df)

Iteration 3:  6000000 integrand evaluations so far
[1] 3.00652 +- 1.31037  	chisq 6.57878 (2 df)

Iteration 4:  10000000 integrand evaluations so far
[1] 3.20315 +- 1.30114  	chisq 8.18319 (3 df)

Iteration 5:  15000000 integrand evaluations so far
[1] 4.5841 +- 0.799393  	chisq 9.99262 (4 df)

Iteration 6:  21000000 integrand evaluations so far
[1] 4.79441 +- 0.795026  	chisq 16.3442 (5 df)

Iteration 7:  28000000 integrand evaluations so far
[1] 5.06913 +- 0.791495  	chisq 29.8167 (6 df)

Iteration 8:  36000000 integrand evaluations so far
[1] 8.16216 +- 0.721506  	chisq 120.161 (7 df)

Iteration 9:  45000000 integrand evaluations so far
[1] 8.23247 +- 0.720798  	chisq 125 (8 df)

Iteration 10:  55000000 integrand evaluations so far
[1] 9.83604 +- 0.694166  	chisq 193.237 (9 df)
    9.84 ±   0.69        ( 47.2s) ┃    10.8 ±    3.2        (45.5mi) ┃
┃   90 -    92 ┃   41 -    42 ┃  5.1319 ± 0.0031        (3.73mi) ┃ -3.7658 ± 0.0036        (2.71mi) ┃Vegas input parameters:
  ndim 10
  ncomp 1
  nvec 1
  epsrel 0
  epsabs 0
  flags 10
  seed 123456
  mineval 50000000
  maxeval 50000000
  nstart 1000000
  nincrease 1000000
  nbatch 5000
  gridno 0
  statefile ""

Iteration 1:  1000000 integrand evaluations so far
[1] -234.16 +- 239.856  	chisq 0 (0 df)

Iteration 2:  3000000 integrand evaluations so far
[1] -20.793 +- 22.0617  	chisq 0.798075 (1 df)

Iteration 3:  6000000 integrand evaluations so far
[1] -23.9 +- 15.4033  	chisq 0.836771 (2 df)

Iteration 4:  10000000 integrand evaluations so far
[1] -10.9334 +- 12.2277  	chisq 2.75287 (3 df)

Iteration 5:  15000000 integrand evaluations so far
[1] 3.44293 +- 5.08329  	chisq 4.424 (4 df)

Iteration 6:  21000000 integrand evaluations so far
[1] 6.86883 +- 4.68794  	chisq 7.4623 (5 df)

Iteration 7:  28000000 integrand evaluations so far
[1] 8.45897 +- 4.41085  	chisq 8.46522 (6 df)

Iteration 8:  36000000 integrand evaluations so far
[1] 10.2367 +- 4.17137  	chisq 10.0028 (7 df)

Iteration 9:  45000000 integrand evaluations so far
[1] 8.58503 +- 3.79559  	chisq 10.9139 (8 df)

Iteration 10:  55000000 integrand evaluations so far
[1] 7.06467 +- 3.69346  	chisq 13.9361 (9 df)
     7.1 ±    3.7        ( 2.1mi) ┃Vegas input parameters:
  ndim 8
  ncomp 1
  nvec 1
  epsrel 0
  epsabs 0
  flags 10
  seed 123456
  mineval 5000000
  maxeval 50000000
  nstart 1000000
  nincrease 1000000
  nbatch 5000
  gridno 0
  statefile ""

Iteration 1:  1000000 integrand evaluations so far
[1] 37.7147 +- 10.1184  	chisq 0 (0 df)

Iteration 2:  3000000 integrand evaluations so far
[1] 17.2702 +- 5.42005  	chisq 5.72529 (1 df)

Iteration 3:  6000000 integrand evaluations so far
[1] 11.8448 +- 2.24866  	chisq 6.93556 (2 df)

Iteration 4:  10000000 integrand evaluations so far
[1] 12.8204 +- 2.18679  	chisq 10.404 (3 df)

Iteration 5:  15000000 integrand evaluations so far
[1] 15.2157 +- 1.97455  	chisq 16.9 (4 df)

Iteration 6:  21000000 integrand evaluations so far
[1] 15.9051 +- 1.94193  	chisq 20.6205 (5 df)

Iteration 7:  28000000 integrand evaluations so far
[1] 18.3814 +- 1.82014  	chisq 34.003 (6 df)

Iteration 8:  36000000 integrand evaluations so far
[1] 23.1551 +- 1.32513  	chisq 48.6397 (7 df)

Iteration 9:  45000000 integrand evaluations so far
[1] 25.5901 +- 1.0707  	chisq 58.3671 (8 df)

Iteration 10:  55000000 integrand evaluations so far
[1] 27.6376 +- 0.687337  	chisq 64.5869 (9 df)
   27.64 ±   0.69        ( 45.8s) ┃    36.1 ±    3.8        ( 9.3mi) ┃
┃   90 -    92 ┃   42 -    43 ┃  4.9041 ± 0.0042        (1.86mi) ┃ -3.5377 ± 0.0031        (10.9mi) ┃Vegas input parameters:
  ndim 10
  ncomp 1
  nvec 1
  epsrel 0
  epsabs 0
  flags 10
  seed 123456
  mineval 50000000
  maxeval 50000000
  nstart 1000000
  nincrease 1000000
  nbatch 5000
  gridno 0
  statefile ""

Iteration 1:  1000000 integrand evaluations so far
[1] 0.00720991 +- 10.9752  	chisq 0 (0 df)

Iteration 2:  3000000 integrand evaluations so far
[1] 4.42137 +- 9.36  	chisq 0.593235 (1 df)

Iteration 3:  6000000 integrand evaluations so far
[1] -4.65019 +- 3.59649  	chisq 1.69525 (2 df)

Iteration 4:  10000000 integrand evaluations so far
[1] -4.54997 +- 3.59498  	chisq 2.62063 (3 df)

Iteration 5:  15000000 integrand evaluations so far
[1] -4.25714 +- 3.56491  	chisq 3.01891 (4 df)

Iteration 6:  21000000 integrand evaluations so far
[1] -4.14624 +- 3.56303  	chisq 3.93653 (5 df)

Iteration 7:  28000000 integrand evaluations so far
[1] -5.66833 +- 3.29794  	chisq 5.21032 (6 df)

Iteration 8:  36000000 integrand evaluations so far
[1] -5.67916 +- 2.82658  	chisq 5.21036 (7 df)

Iteration 9:  45000000 integrand evaluations so far
[1] -6.27038 +- 2.78846  	chisq 6.84319 (8 df)

Iteration 10:  55000000 integrand evaluations so far
[1] -5.69427 +- 2.75723  	chisq 8.75954 (9 df)
    -5.7 ±    2.8        ( 2.1mi) ┃Vegas input parameters:
  ndim 8
  ncomp 1
  nvec 1
  epsrel 0
  epsabs 0
  flags 10
  seed 123456
  mineval 5000000
  maxeval 50000000
  nstart 1000000
  nincrease 1000000
  nbatch 5000
  gridno 0
  statefile ""

Iteration 1:  1000000 integrand evaluations so far
[1] 23.2018 +- 8.84165  	chisq 0 (0 df)

Iteration 2:  3000000 integrand evaluations so far
[1] 3.54553 +- 1.53678  	chisq 5.09631 (1 df)

Iteration 3:  6000000 integrand evaluations so far
[1] 3.8329 +- 1.30087  	chisq 5.21967 (2 df)

Iteration 4:  10000000 integrand evaluations so far
[1] 3.94061 +- 1.29913  	chisq 7.7715 (3 df)

Iteration 5:  15000000 integrand evaluations so far
[1] 4.49032 +- 1.28165  	chisq 14.4702 (4 df)

Iteration 6:  21000000 integrand evaluations so far
[1] 6.67226 +- 1.19016  	chisq 35.5228 (5 df)

Iteration 7:  28000000 integrand evaluations so far
[1] 6.73318 +- 1.18952  	chisq 37.9468 (6 df)

Iteration 8:  36000000 integrand evaluations so far
[1] 7.47886 +- 1.1647  	chisq 47.4649 (7 df)

Iteration 9:  45000000 integrand evaluations so far
[1] 10.6884 +- 1.05524  	chisq 89.859 (8 df)

Iteration 10:  55000000 integrand evaluations so far
[1] 14.775 +- 0.91334  	chisq 149.641 (9 df)
   14.77 ±   0.91        ( 46.8s) ┃    10.4 ±    2.9        (15.6mi) ┃
┃   90 -    92 ┃   43 -    44 ┃  4.6863 ± 0.0024        (1.84mi) ┃ -3.4159 ±  0.001        (1.38mi) ┃Vegas input parameters:
  ndim 10
  ncomp 1
  nvec 1
  epsrel 0
  epsabs 0
  flags 10
  seed 123456
  mineval 50000000
  maxeval 50000000
  nstart 1000000
  nincrease 1000000
  nbatch 5000
  gridno 0
  statefile ""

Iteration 1:  1000000 integrand evaluations so far
[1] -32.141 +- 17.6106  	chisq 0 (0 df)

Iteration 2:  3000000 integrand evaluations so far
[1] -3.89527 +- 6.17331  	chisq 2.93293 (1 df)

Iteration 3:  6000000 integrand evaluations so far
[1] -1.24116 +- 5.95948  	chisq 5.64812 (2 df)

Iteration 4:  10000000 integrand evaluations so far
[1] -1.52292 +- 5.95032  	chisq 6.37585 (3 df)

Iteration 5:  15000000 integrand evaluations so far
[1] -1.90103 +- 5.93949  	chisq 7.48633 (4 df)

Iteration 6:  21000000 integrand evaluations so far
[1] -4.69267 +- 4.87885  	chisq 8.16552 (5 df)

Iteration 7:  28000000 integrand evaluations so far
[1] -4.24644 +- 4.86214  	chisq 9.38907 (6 df)

Iteration 8:  36000000 integrand evaluations so far
[1] -1.02471 +- 3.14664  	chisq 10.1445 (7 df)

Iteration 9:  45000000 integrand evaluations so far
[1] -1.49905 +- 3.12765  	chisq 12.0326 (8 df)

Iteration 10:  55000000 integrand evaluations so far
[1] -2.23702 +- 3.04717  	chisq 13.1286 (9 df)
    -2.2 ±      3        (2.11mi) ┃Vegas input parameters:
  ndim 8
  ncomp 1
  nvec 1
  epsrel 0
  epsabs 0
  flags 10
  seed 123456
  mineval 5000000
  maxeval 50000000
  nstart 1000000
  nincrease 1000000
  nbatch 5000
  gridno 0
  statefile ""

Iteration 1:  1000000 integrand evaluations so far
[1] 42.6576 +- 12.6646  	chisq 0 (0 df)

Iteration 2:  3000000 integrand evaluations so far
[1] 24.4364 +- 7.87359  	chisq 3.37416 (1 df)

Iteration 3:  6000000 integrand evaluations so far
[1] 2.65892 +- 0.747879  	chisq 11.0939 (2 df)

Iteration 4:  10000000 integrand evaluations so far
[1] 2.77152 +- 0.744468  	chisq 13.5848 (3 df)

Iteration 5:  15000000 integrand evaluations so far
[1] 3.46359 +- 0.727761  	chisq 33.057 (4 df)

Iteration 6:  21000000 integrand evaluations so far
[1] 3.4655 +- 0.727759  	chisq 34.2409 (5 df)

Iteration 7:  28000000 integrand evaluations so far
[1] 4.03945 +- 0.715006  	chisq 52.1448 (6 df)

Iteration 8:  36000000 integrand evaluations so far
[1] 4.53656 +- 0.708321  	chisq 78.1182 (7 df)

Iteration 9:  45000000 integrand evaluations so far
[1] 6.14584 +- 0.683981  	chisq 154.54 (8 df)

Iteration 10:  55000000 integrand evaluations so far
[1] 12.791 +- 0.563134  	chisq 447.537 (9 df)
   12.79 ±   0.56        ( 44.6s) ┃    11.8 ±    3.1        (6.07mi) ┃
┃   90 -    92 ┃   44 -    45 ┃  4.0578 ± 0.0029        (  14mi) ┃ -2.9303 ±  0.002        (21.4mi) ┃Vegas input parameters:
  ndim 10
  ncomp 1
  nvec 1
  epsrel 0
  epsabs 0
  flags 10
  seed 123456
  mineval 50000000
  maxeval 50000000
  nstart 1000000
  nincrease 1000000
  nbatch 5000
  gridno 0
  statefile ""

Iteration 1:  1000000 integrand evaluations so far
[1] 18.018 +- 8.2222  	chisq 0 (0 df)

Iteration 2:  3000000 integrand evaluations so far
[1] 14.3961 +- 7.32043  	chisq 0.935945 (1 df)

Iteration 3:  6000000 integrand evaluations so far
[1] -1.82242 +- 1.80056  	chisq 6.16055 (2 df)

Iteration 4:  10000000 integrand evaluations so far
[1] -1.6062 +- 1.79194  	chisq 7.67134 (3 df)

Iteration 5:  15000000 integrand evaluations so far
[1] -2.05774 +- 1.73414  	chisq 8.67164 (4 df)

Iteration 6:  21000000 integrand evaluations so far
[1] -1.94104 +- 1.71182  	chisq 8.84874 (5 df)

Iteration 7:  28000000 integrand evaluations so far
[1] -1.96369 +- 1.71139  	chisq 9.19697 (6 df)

Iteration 8:  36000000 integrand evaluations so far
[1] -1.81678 +- 1.70607  	chisq 10.3847 (7 df)

Iteration 9:  45000000 integrand evaluations so far
[1] -1.88756 +- 1.70499  	chisq 11.7395 (8 df)

Iteration 10:  55000000 integrand evaluations so far
[1] -1.80722 +- 1.68197  	chisq 11.8223 (9 df)
    -1.8 ±    1.7        (2.07mi) ┃Vegas input parameters:
  ndim 8
  ncomp 1
  nvec 1
  epsrel 0
  epsabs 0
  flags 10
  seed 123456
  mineval 5000000
  maxeval 50000000
  nstart 1000000
  nincrease 1000000
  nbatch 5000
  gridno 0
  statefile ""

Iteration 1:  1000000 integrand evaluations so far
[1] 23.8219 +- 8.96609  	chisq 0 (0 df)

Iteration 2:  3000000 integrand evaluations so far
[1] 0.975429 +- 0.358531  	chisq 6.50322 (1 df)

Iteration 3:  6000000 integrand evaluations so far
[1] 1.00891 +- 0.357887  	chisq 8.9312 (2 df)

Iteration 4:  10000000 integrand evaluations so far
[1] 1.09528 +- 0.356478  	chisq 16.342 (3 df)

Iteration 5:  15000000 integrand evaluations so far
[1] 1.14802 +- 0.356044  	chisq 25.3468 (4 df)

Iteration 6:  21000000 integrand evaluations so far
[1] 1.30297 +- 0.354833  	chisq 53.2314 (5 df)

Iteration 7:  28000000 integrand evaluations so far
[1] 1.30898 +- 0.354816  	chisq 56.1349 (6 df)

Iteration 8:  36000000 integrand evaluations so far
[1] 1.56035 +- 0.352935  	chisq 103.605 (7 df)

Iteration 9:  45000000 integrand evaluations so far
[1] 2.59357 +- 0.345687  	chisq 314.425 (8 df)

Iteration 10:  55000000 integrand evaluations so far
[1] 5.50154 +- 0.324573  	chisq 911.976 (9 df)
     5.5 ±   0.32        ( 48.9s) ┃     4.8 ±    1.7        (38.4mi) ┃
┃   90 -    92 ┃   45 -    46 ┃  5.4006 ± 0.0035        (1.12mi) ┃ -3.9007 ± 0.0033        (7.92mi) ┃Vegas input parameters:
  ndim 10
  ncomp 1
  nvec 1
  epsrel 0
  epsabs 0
  flags 10
  seed 123456
  mineval 50000000
  maxeval 50000000
  nstart 1000000
  nincrease 1000000
  nbatch 5000
  gridno 0
  statefile ""

Iteration 1:  1000000 integrand evaluations so far
[1] -79.554 +- 155.122  	chisq 0 (0 df)

Iteration 2:  3000000 integrand evaluations so far
[1] -11.8019 +- 10.7961  	chisq 0.191694 (1 df)

Iteration 3:  6000000 integrand evaluations so far
[1] -9.77939 +- 10.5448  	chisq 0.954472 (2 df)

Iteration 4:  10000000 integrand evaluations so far
[1] -12.2921 +- 10.0978  	chisq 1.63879 (3 df)

Iteration 5:  15000000 integrand evaluations so far
[1] -7.01862 +- 4.29904  	chisq 1.97191 (4 df)

Iteration 6:  21000000 integrand evaluations so far
[1] -7.11375 +- 4.25856  	chisq 1.99803 (5 df)

Iteration 7:  28000000 integrand evaluations so far
[1] -3.87935 +- 3.72086  	chisq 4.43627 (6 df)

Iteration 8:  36000000 integrand evaluations so far
[1] -2.61642 +- 3.63268  	chisq 6.89622 (7 df)

Iteration 9:  45000000 integrand evaluations so far
[1] -3.12133 +- 3.23748  	chisq 6.99012 (8 df)

Iteration 10:  55000000 integrand evaluations so far
[1] -2.55402 +- 3.20857  	chisq 8.71735 (9 df)
    -2.6 ±    3.2        (2.15mi) ┃Vegas input parameters:
  ndim 8
  ncomp 1
  nvec 1
  epsrel 0
  epsabs 0
  flags 10
  seed 123456
  mineval 5000000
  maxeval 50000000
  nstart 1000000
  nincrease 1000000
  nbatch 5000
  gridno 0
  statefile ""

Iteration 1:  1000000 integrand evaluations so far
[1] 15.7947 +- 6.33366  	chisq 0 (0 df)

Iteration 2:  3000000 integrand evaluations so far
[1] 0.519237 +- 0.173207  	chisq 5.82107 (1 df)

Iteration 3:  6000000 integrand evaluations so far
[1] 0.688045 +- 0.143701  	chisq 8.86859 (2 df)

Iteration 4:  10000000 integrand evaluations so far
[1] 0.693254 +- 0.143679  	chisq 13.1753 (3 df)

Iteration 5:  15000000 integrand evaluations so far
[1] 0.748431 +- 0.143219  	chisq 36.2274 (4 df)

Iteration 6:  21000000 integrand evaluations so far
[1] 0.766188 +- 0.143166  	chisq 57.1671 (5 df)

Iteration 7:  28000000 integrand evaluations so far
[1] 0.812674 +- 0.143028  	chisq 111.854 (6 df)

Iteration 8:  36000000 integrand evaluations so far
[1] 0.906686 +- 0.142755  	chisq 225.277 (7 df)

Iteration 9:  45000000 integrand evaluations so far
[1] 1.2614 +- 0.141752  	chisq 666.131 (8 df)

Iteration 10:  55000000 integrand evaluations so far
[1] 1.8684 +- 0.140062  	chisq 1439.59 (9 df)
    1.87 ±   0.14        ( 48.6s) ┃     0.8 ±    3.2        (  12mi) ┃
┃   90 -    92 ┃   46 -    47 ┃  4.4101 ± 0.0024        (3.91mi) ┃-3.20158 ± 0.00055        (  43mi) ┃Vegas input parameters:
  ndim 10
  ncomp 1
  nvec 1
  epsrel 0
  epsabs 0
  flags 10
  seed 123456
  mineval 50000000
  maxeval 50000000
  nstart 1000000
  nincrease 1000000
  nbatch 5000
  gridno 0
  statefile ""

Iteration 1:  1000000 integrand evaluations so far
[1] -1.35884 +- 11.9865  	chisq 0 (0 df)

Iteration 2:  3000000 integrand evaluations so far
[1] -6.22606 +- 6.87112  	chisq 0.24558 (1 df)

Iteration 3:  6000000 integrand evaluations so far
[1] -5.51233 +- 6.81702  	chisq 0.933448 (2 df)

Iteration 4:  10000000 integrand evaluations so far
[1] -3.20607 +- 4.5771  	chisq 1.14185 (3 df)

Iteration 5:  15000000 integrand evaluations so far
[1] -4.35624 +- 4.39102  	chisq 1.93459 (4 df)

Iteration 6:  21000000 integrand evaluations so far
[1] -3.28427 +- 4.29038  	chisq 3.2498 (5 df)

Iteration 7:  28000000 integrand evaluations so far
[1] -3.15591 +- 4.28874  	chisq 4.42358 (6 df)

Iteration 8:  36000000 integrand evaluations so far
[1] -2.24923 +- 3.86855  	chisq 4.66342 (7 df)

Iteration 9:  45000000 integrand evaluations so far
[1] -2.40531 +- 3.86629  	chisq 6.06018 (8 df)

Iteration 10:  55000000 integrand evaluations so far
[1] -2.19567 +- 3.86056  	chisq 7.0531 (9 df)
    -2.2 ±    3.9        (2.09mi) ┃Vegas input parameters:
  ndim 8
  ncomp 1
  nvec 1
  epsrel 0
  epsabs 0
  flags 10
  seed 123456
  mineval 5000000
  maxeval 50000000
  nstart 1000000
  nincrease 1000000
  nbatch 5000
  gridno 0
  statefile ""

Iteration 1:  1000000 integrand evaluations so far
[1] 31.0509 +- 10.0143  	chisq 0 (0 df)

Iteration 2:  3000000 integrand evaluations so far
[1] 1.80235 +- 0.539132  	chisq 8.55514 (1 df)

Iteration 3:  6000000 integrand evaluations so far
[1] 1.80947 +- 0.539104  	chisq 10.1974 (2 df)

Iteration 4:  10000000 integrand evaluations so far
[1] 2.00889 +- 0.534548  	chisq 18.3274 (3 df)

Iteration 5:  15000000 integrand evaluations so far
[1] 3.01595 +- 0.511791  	chisq 60.9193 (4 df)

Iteration 6:  21000000 integrand evaluations so far
[1] 3.49829 +- 0.504556  	chisq 92.5591 (5 df)

Iteration 7:  28000000 integrand evaluations so far
[1] 4.92795 +- 0.486768  	chisq 208.472 (6 df)

Iteration 8:  36000000 integrand evaluations so far
[1] 8.28315 +- 0.442429  	chisq 481.707 (7 df)

Iteration 9:  45000000 integrand evaluations so far
[1] 8.35371 +- 0.441805  	chisq 490.732 (8 df)

Iteration 10:  55000000 integrand evaluations so far
[1] 9.82935 +- 0.423313  	chisq 626.848 (9 df)
    9.83 ±   0.42        ( 45.3s) ┃     8.8 ±    3.9        (49.8mi) ┃
┃   90 -    92 ┃   47 -    48 ┃  4.7698 ± 0.0034        (1.85mi) ┃ -3.4543 ± 0.0023        (2.75mi) ┃Vegas input parameters:
  ndim 10
  ncomp 1
  nvec 1
  epsrel 0
  epsabs 0
  flags 10
  seed 123456
  mineval 50000000
  maxeval 50000000
  nstart 1000000
  nincrease 1000000
  nbatch 5000
  gridno 0
  statefile ""

Iteration 1:  1000000 integrand evaluations so far
[1] -53.0865 +- 39.6155  	chisq 0 (0 df)

Iteration 2:  3000000 integrand evaluations so far
[1] -4.17141 +- 6.02749  	chisq 1.56073 (1 df)

Iteration 3:  6000000 integrand evaluations so far
[1] -0.0591083 +- 4.25522  	chisq 2.4887 (2 df)

Iteration 4:  10000000 integrand evaluations so far
[1] 0.712401 +- 4.08222  	chisq 2.90137 (3 df)

Iteration 5:  15000000 integrand evaluations so far
[1] 2.00054 +- 3.7492  	chisq 3.53759 (4 df)

Iteration 6:  21000000 integrand evaluations so far
[1] 2.54034 +- 3.71514  	chisq 4.6838 (5 df)

Iteration 7:  28000000 integrand evaluations so far
[1] 2.93891 +- 3.62561  	chisq 4.92551 (6 df)

Iteration 8:  36000000 integrand evaluations so far
[1] 2.63909 +- 3.5876  	chisq 5.25337 (7 df)

Iteration 9:  45000000 integrand evaluations so far
[1] 3.30732 +- 3.4805  	chisq 5.84328 (8 df)

Iteration 10:  55000000 integrand evaluations so far
[1] 3.43546 +- 3.46819  	chisq 6.03517 (9 df)
     3.4 ±    3.5        (2.09mi) ┃Vegas input parameters:
  ndim 8
  ncomp 1
  nvec 1
  epsrel 0
  epsabs 0
  flags 10
  seed 123456
  mineval 5000000
  maxeval 50000000
  nstart 1000000
  nincrease 1000000
  nbatch 5000
  gridno 0
  statefile ""

Iteration 1:  1000000 integrand evaluations so far
[1] 55.2071 +- 13.4905  	chisq 0 (0 df)

Iteration 2:  3000000 integrand evaluations so far
[1] 9.45932 +- 2.07751  	chisq 11.7789 (1 df)

Iteration 3:  6000000 integrand evaluations so far
[1] 10.3671 +- 1.55404  	chisq 12.2124 (2 df)

Iteration 4:  10000000 integrand evaluations so far
[1] 11.5938 +- 1.43943  	chisq 16.5987 (3 df)

Iteration 5:  15000000 integrand evaluations so far
[1] 12.7434 +- 1.4021  	chisq 29.0594 (4 df)

Iteration 6:  21000000 integrand evaluations so far
[1] 14.0836 +- 1.35345  	chisq 42.4583 (5 df)

Iteration 7:  28000000 integrand evaluations so far
[1] 14.395 +- 1.34356  	chisq 46.0917 (6 df)

Iteration 8:  36000000 integrand evaluations so far
[1] 17.2601 +- 1.2058  	chisq 69.4659 (7 df)

Iteration 9:  45000000 integrand evaluations so far
[1] 18.7747 +- 1.14618  	chisq 85.8242 (8 df)

Iteration 10:  55000000 integrand evaluations so far
[1] 23.2539 +- 0.889027  	chisq 124.159 (9 df)
   23.25 ±   0.89        ( 48.6s) ┃      28 ±    3.6        ( 7.5mi) ┃
┃   90 -    92 ┃   48 -    49 ┃  4.0152 ± 0.0027        (1.86mi) ┃ -2.9049 ± 0.0018        (10.9mi) ┃Vegas input parameters:
  ndim 10
  ncomp 1
  nvec 1
  epsrel 0
  epsabs 0
  flags 10
  seed 123456
  mineval 50000000
  maxeval 50000000
  nstart 1000000
  nincrease 1000000
  nbatch 5000
  gridno 0
  statefile ""

Iteration 1:  1000000 integrand evaluations so far
[1] 4.26767 +- 4.457  	chisq 0 (0 df)

Iteration 2:  3000000 integrand evaluations so far
[1] 3.87877 +- 4.44427  	chisq 1.33401 (1 df)

Iteration 3:  6000000 integrand evaluations so far
[1] 4.70901 +- 4.3762  	chisq 2.48208 (2 df)

Iteration 4:  10000000 integrand evaluations so far
[1] 3.41254 +- 2.93759  	chisq 2.64183 (3 df)

Iteration 5:  15000000 integrand evaluations so far
[1] 4.67772 +- 2.7309  	chisq 4.00799 (4 df)

Iteration 6:  21000000 integrand evaluations so far
[1] 5.60413 +- 2.68774  	chisq 7.67791 (5 df)

Iteration 7:  28000000 integrand evaluations so far
[1] 5.51558 +- 2.6765  	chisq 7.80799 (6 df)

Iteration 8:  36000000 integrand evaluations so far
[1] 5.32847 +- 2.62274  	chisq 7.93088 (7 df)

Iteration 9:  45000000 integrand evaluations so far
[1] 3.60435 +- 2.10572  	chisq 9.14681 (8 df)

Iteration 10:  55000000 integrand evaluations so far
[1] 3.88339 +- 2.07321  	chisq 9.71996 (9 df)
     3.9 ±    2.1        (2.11mi) ┃Vegas input parameters:
  ndim 8
  ncomp 1
  nvec 1
  epsrel 0
  epsabs 0
  flags 10
  seed 123456
  mineval 5000000
  maxeval 50000000
  nstart 1000000
  nincrease 1000000
  nbatch 5000
  gridno 0
  statefile ""

Iteration 1:  1000000 integrand evaluations so far
[1] 50.7098 +- 13.7505  	chisq 0 (0 df)

Iteration 2:  3000000 integrand evaluations so far
[1] 22.9241 +- 6.12983  	chisq 5.09598 (1 df)

Iteration 3:  6000000 integrand evaluations so far
[1] 16.5793 +- 3.42105  	chisq 6.65204 (2 df)

Iteration 4:  10000000 integrand evaluations so far
[1] 17.4497 +- 3.30172  	chisq 7.59635 (3 df)

Iteration 5:  15000000 integrand evaluations so far
[1] 16.3747 +- 1.84378  	chisq 7.75039 (4 df)

Iteration 6:  21000000 integrand evaluations so far
[1] 16.6394 +- 1.83312  	chisq 9.53718 (5 df)

Iteration 7:  28000000 integrand evaluations so far
[1] 19.2218 +- 1.55175  	chisq 16.5395 (6 df)

Iteration 8:  36000000 integrand evaluations so far
[1] 23.0212 +- 1.32075  	chisq 38.2946 (7 df)

Iteration 9:  45000000 integrand evaluations so far
[1] 24.8861 +- 1.04048  	chisq 43.5498 (8 df)

Iteration 10:  55000000 integrand evaluations so far
[1] 26.6613 +- 0.663111  	chisq 48.4518 (9 df)
   26.66 ±   0.66        ( 48.9s) ┃    31.7 ±    2.2        (15.7mi) ┃
┃   90 -    92 ┃   49 -    50 ┃  3.9383 ± 0.0033        (1.88mi) ┃ -2.8516 ± 0.0022        (5.49mi) ┃Vegas input parameters:
  ndim 10
  ncomp 1
  nvec 1
  epsrel 0
  epsabs 0
  flags 10
  seed 123456
  mineval 50000000
  maxeval 50000000
  nstart 1000000
  nincrease 1000000
  nbatch 5000
  gridno 0
  statefile ""

Iteration 1:  1000000 integrand evaluations so far
[1] 10.5077 +- 6.40117  	chisq 0 (0 df)

Iteration 2:  3000000 integrand evaluations so far
[1] 11.1064 +- 6.25528  	chisq 0.19413 (1 df)

Iteration 3:  6000000 integrand evaluations so far
[1] 4.50233 +- 4.53903  	chisq 2.54838 (2 df)

Iteration 4:  10000000 integrand evaluations so far
[1] 1.40556 +- 4.2462  	chisq 6.27612 (3 df)

Iteration 5:  15000000 integrand evaluations so far
[1] 1.22547 +- 4.16517  	chisq 6.3237 (4 df)

Iteration 6:  21000000 integrand evaluations so far
[1] 1.22209 +- 3.95327  	chisq 6.32371 (5 df)

Iteration 7:  28000000 integrand evaluations so far
[1] 0.65078 +- 3.92563  	chisq 7.82218 (6 df)

Iteration 8:  36000000 integrand evaluations so far
[1] -0.0466318 +- 3.49022  	chisq 7.97282 (7 df)

Iteration 9:  45000000 integrand evaluations so far
[1] 0.688375 +- 3.40119  	chisq 8.85335 (8 df)

Iteration 10:  55000000 integrand evaluations so far
[1] 2.84 +- 3.12928  	chisq 11.4605 (9 df)
     2.8 ±    3.1        (2.11mi) ┃Vegas input parameters:
  ndim 8
  ncomp 1
  nvec 1
  epsrel 0
  epsabs 0
  flags 10
  seed 123456
  mineval 5000000
  maxeval 50000000
  nstart 1000000
  nincrease 1000000
  nbatch 5000
  gridno 0
  statefile ""

Iteration 1:  1000000 integrand evaluations so far
[1] 61.2802 +- 15.4705  	chisq 0 (0 df)

Iteration 2:  3000000 integrand evaluations so far
[1] 13.1119 +- 4.01214  	chisq 10.3933 (1 df)

Iteration 3:  6000000 integrand evaluations so far
[1] 10.3733 +- 1.75487  	chisq 10.9694 (2 df)

Iteration 4:  10000000 integrand evaluations so far
[1] 12.0009 +- 1.60005  	chisq 16.0696 (3 df)

Iteration 5:  15000000 integrand evaluations so far
[1] 14.8954 +- 1.21763  	chisq 23.845 (4 df)

Iteration 6:  21000000 integrand evaluations so far
[1] 18.0071 +- 1.01776  	chisq 45.5168 (5 df)

Iteration 7:  28000000 integrand evaluations so far
[1] 18.0742 +- 1.01665  	chisq 47.5107 (6 df)

Iteration 8:  36000000 integrand evaluations so far
[1] 18.8256 +- 0.977565  	chisq 54.7542 (7 df)

Iteration 9:  45000000 integrand evaluations so far
[1] 19.6227 +- 0.944401  	chisq 64.7204 (8 df)

Iteration 10:  55000000 integrand evaluations so far
[1] 21.7663 +- 0.870822  	chisq 99.1246 (9 df)
   21.77 ±   0.87        ( 48.6s) ┃    25.7 ±    3.2        (10.3mi) ┃
┃   90 -    92 ┃   50 -    51 ┃ 4.62817 ± 0.00086        (1.95mi) ┃ -3.3687 ± 0.0013        (  11mi) ┃Vegas input parameters:
  ndim 10
  ncomp 1
  nvec 1
  epsrel 0
  epsabs 0
  flags 10
  seed 123456
  mineval 50000000
  maxeval 50000000
  nstart 1000000
  nincrease 1000000
  nbatch 5000
  gridno 0
  statefile ""

Iteration 1:  1000000 integrand evaluations so far
[1] 8.51423 +- 7.80352  	chisq 0 (0 df)

Iteration 2:  3000000 integrand evaluations so far
[1] 9.50369 +- 7.61407  	chisq 0.335187 (1 df)

Iteration 3:  6000000 integrand evaluations so far
[1] 9.90294 +- 7.60131  	chisq 1.15625 (2 df)

Iteration 4:  10000000 integrand evaluations so far
[1] 8.50308 +- 7.51229  	chisq 2.61284 (3 df)

Iteration 5:  15000000 integrand evaluations so far
[1] 9.94102 +- 5.89169  	chisq 2.70803 (4 df)

Iteration 6:  21000000 integrand evaluations so far
[1] 3.69214 +- 4.23094  	chisq 5.0308 (5 df)

Iteration 7:  28000000 integrand evaluations so far
[1] 3.12427 +- 4.1707  	chisq 5.66793 (6 df)

Iteration 8:  36000000 integrand evaluations so far
[1] 2.69515 +- 4.15177  	chisq 6.8368 (7 df)

Iteration 9:  45000000 integrand evaluations so far
[1] 4.13756 +- 3.70552  	chisq 7.43017 (8 df)

Iteration 10:  55000000 integrand evaluations so far
[1] 4.58958 +- 3.63749  	chisq 7.83917 (9 df)
     4.6 ±    3.6        (2.07mi) ┃Vegas input parameters:
  ndim 8
  ncomp 1
  nvec 1
  epsrel 0
  epsabs 0
  flags 10
  seed 123456
  mineval 5000000
  maxeval 50000000
  nstart 1000000
  nincrease 1000000
  nbatch 5000
  gridno 0
  statefile ""

Iteration 1:  1000000 integrand evaluations so far
[1] 19.4882 +- 6.80293  	chisq 0 (0 df)

Iteration 2:  3000000 integrand evaluations so far
[1] 17.3294 +- 5.81109  	chisq 0.372516 (1 df)

Iteration 3:  6000000 integrand evaluations so far
[1] 10.7477 +- 3.55131  	chisq 2.41999 (2 df)

Iteration 4:  10000000 integrand evaluations so far
[1] 7.52558 +- 2.24143  	chisq 3.78825 (3 df)

Iteration 5:  15000000 integrand evaluations so far
[1] 8.21157 +- 2.15393  	chisq 5.01195 (4 df)

Iteration 6:  21000000 integrand evaluations so far
[1] 9.57452 +- 2.01015  	chisq 8.1146 (5 df)

Iteration 7:  28000000 integrand evaluations so far
[1] 11.4888 +- 1.84866  	chisq 13.9946 (6 df)

Iteration 8:  36000000 integrand evaluations so far
[1] 13.2914 +- 1.68296  	chisq 19.5474 (7 df)

Iteration 9:  45000000 integrand evaluations so far
[1] 14.0057 +- 1.64304  	chisq 23.391 (8 df)

Iteration 10:  55000000 integrand evaluations so far
[1] 15.8462 +- 1.5331  	chisq 33.0917 (9 df)
    15.8 ±    1.5        ( 44.5s) ┃    21.7 ±    3.9        (15.8mi) ┃
┃   90 -    92 ┃   51 -    52 ┃ 4.91339 ± 0.00065        (7.14mi) ┃ -3.5602 ±  0.003        (5.53mi) ┃Vegas input parameters:
  ndim 10
  ncomp 1
  nvec 1
  epsrel 0
  epsabs 0
  flags 10
  seed 123456
  mineval 50000000
  maxeval 50000000
  nstart 1000000
  nincrease 1000000
  nbatch 5000
  gridno 0
  statefile ""

Iteration 1:  1000000 integrand evaluations so far
[1] 15.4095 +- 22.2947  	chisq 0 (0 df)

Iteration 2:  3000000 integrand evaluations so far
[1] 22.2095 +- 19.7581  	chisq 0.433482 (1 df)

Iteration 3:  6000000 integrand evaluations so far
[1] 2.23674 +- 7.00519  	chisq 1.60224 (2 df)

Iteration 4:  10000000 integrand evaluations so far
[1] -6.36488 +- 5.23679  	chisq 5.01989 (3 df)

Iteration 5:  15000000 integrand evaluations so far
[1] -8.28523 +- 4.95175  	chisq 6.28975 (4 df)

Iteration 6:  21000000 integrand evaluations so far
[1] -7.49778 +- 3.09426  	chisq 6.33123 (5 df)

Iteration 7:  28000000 integrand evaluations so far
[1] -6.54025 +- 2.9968  	chisq 7.87583 (6 df)

Iteration 8:  36000000 integrand evaluations so far
[1] -6.20667 +- 2.96547  	chisq 8.47144 (7 df)

Iteration 9:  45000000 integrand evaluations so far
[1] -6.03931 +- 2.91114  	chisq 8.55917 (8 df)

Iteration 10:  55000000 integrand evaluations so far
[1] -5.13889 +- 2.85971  	chisq 11.2906 (9 df)
    -5.1 ±    2.9        (2.09mi) ┃Vegas input parameters:
  ndim 8
  ncomp 1
  nvec 1
  epsrel 0
  epsabs 0
  flags 10
  seed 123456
  mineval 5000000
  maxeval 50000000
  nstart 1000000
  nincrease 1000000
  nbatch 5000
  gridno 0
  statefile ""

Iteration 1:  1000000 integrand evaluations so far
[1] 20.0262 +- 7.68812  	chisq 0 (0 df)

Iteration 2:  3000000 integrand evaluations so far
[1] 1.91805 +- 0.973875  	chisq 5.63812 (1 df)

Iteration 3:  6000000 integrand evaluations so far
[1] 2.33248 +- 0.828459  	chisq 6.29344 (2 df)

Iteration 4:  10000000 integrand evaluations so far
[1] 2.43508 +- 0.605945  	chisq 6.32642 (3 df)

Iteration 5:  15000000 integrand evaluations so far
[1] 2.60629 +- 0.602786  	chisq 14.0032 (4 df)

Iteration 6:  21000000 integrand evaluations so far
[1] 3.1349 +- 0.591815  	chisq 35.3237 (5 df)

Iteration 7:  28000000 integrand evaluations so far
[1] 3.45289 +- 0.587418  	chisq 54.8266 (6 df)

Iteration 8:  36000000 integrand evaluations so far
[1] 3.54684 +- 0.586644  	chisq 64.529 (7 df)

Iteration 9:  45000000 integrand evaluations so far
[1] 5.61483 +- 0.557312  	chisq 191.982 (8 df)

Iteration 10:  55000000 integrand evaluations so far
[1] 8.40676 +- 0.522508  	chisq 399.389 (9 df)
    8.41 ±   0.52        ( 45.3s) ┃     4.6 ±    2.9        (15.5mi) ┃
┃   90 -    92 ┃   52 -    53 ┃  3.5103 ± 0.0019        (1.94mi) ┃ -2.5647 ± 0.0022        (11.1mi) ┃Vegas input parameters:
  ndim 10
  ncomp 1
  nvec 1
  epsrel 0
  epsabs 0
  flags 10
  seed 123456
  mineval 50000000
  maxeval 50000000
  nstart 1000000
  nincrease 1000000
  nbatch 5000
  gridno 0
  statefile ""

Iteration 1:  1000000 integrand evaluations so far
[1] 1.17788 +- 27.7215  	chisq 0 (0 df)

Iteration 2:  3000000 integrand evaluations so far
[1] 1.04214 +- 27.721  	chisq 0.688796 (1 df)

Iteration 3:  6000000 integrand evaluations so far
[1] 2.60978 +- 2.76906  	chisq 0.692026 (2 df)

Iteration 4:  10000000 integrand evaluations so far
[1] 2.61676 +- 2.76905  	chisq 1.69012 (3 df)

Iteration 5:  15000000 integrand evaluations so far
[1] 0.5772 +- 2.00522  	chisq 2.83082 (4 df)

Iteration 6:  21000000 integrand evaluations so far
[1] 0.483758 +- 2.0031  	chisq 3.85389 (5 df)

Iteration 7:  28000000 integrand evaluations so far
[1] 1.34758 +- 1.78218  	chisq 4.74623 (6 df)

Iteration 8:  36000000 integrand evaluations so far
[1] 0.902623 +- 1.73059  	chisq 5.83874 (7 df)

Iteration 9:  45000000 integrand evaluations so far
[1] 0.995146 +- 1.72183  	chisq 6.12194 (8 df)

Iteration 10:  55000000 integrand evaluations so far
[1] 1.06699 +- 1.71989  	chisq 6.89318 (9 df)
     1.1 ±    1.7        (2.05mi) ┃Vegas input parameters:
  ndim 8
  ncomp 1
  nvec 1
  epsrel 0
  epsabs 0
  flags 10
  seed 123456
  mineval 5000000
  maxeval 50000000
  nstart 1000000
  nincrease 1000000
  nbatch 5000
  gridno 0
  statefile ""

Iteration 1:  1000000 integrand evaluations so far
[1] 23.3864 +- 8.11876  	chisq 0 (0 df)

Iteration 2:  3000000 integrand evaluations so far
[1] 1.50661 +- 0.572297  	chisq 7.29913 (1 df)

Iteration 3:  6000000 integrand evaluations so far
[1] 1.68933 +- 0.55499  	chisq 9.01039 (2 df)

Iteration 4:  10000000 integrand evaluations so far
[1] 1.75045 +- 0.55403  	chisq 12.52 (3 df)

Iteration 5:  15000000 integrand evaluations so far
[1] 1.93557 +- 0.551249  	chisq 23.6666 (4 df)

Iteration 6:  21000000 integrand evaluations so far
[1] 2.6195 +- 0.537947  	chisq 55.9535 (5 df)

Iteration 7:  28000000 integrand evaluations so far
[1] 3.87375 +- 0.519527  	chisq 136.713 (6 df)

Iteration 8:  36000000 integrand evaluations so far
[1] 7.56411 +- 0.463718  	chisq 384.897 (7 df)

Iteration 9:  45000000 integrand evaluations so far
[1] 12.7664 +- 0.378132  	chisq 760.519 (8 df)

Iteration 10:  55000000 integrand evaluations so far
[1] 12.7748 +- 0.378103  	chisq 763.748 (9 df)
   12.77 ±   0.38        ( 45.1s) ┃    14.8 ±    1.8        (15.8mi) ┃
┃   90 -    92 ┃   53 -    54 ┃  3.5748 ± 0.0017        (3.72mi) ┃ -2.5946 ± 0.0019        (22.3mi) ┃Vegas input parameters:
  ndim 10
  ncomp 1
  nvec 1
  epsrel 0
  epsabs 0
  flags 10
  seed 123456
  mineval 50000000
  maxeval 50000000
  nstart 1000000
  nincrease 1000000
  nbatch 5000
  gridno 0
  statefile ""

Iteration 1:  1000000 integrand evaluations so far
[1] 11.2927 +- 22.6558  	chisq 0 (0 df)

Iteration 2:  3000000 integrand evaluations so far
[1] -1.47266 +- 11.2851  	chisq 0.422235 (1 df)

Iteration 3:  6000000 integrand evaluations so far
[1] 3.67469 +- 7.81358  	chisq 0.821856 (2 df)

Iteration 4:  10000000 integrand evaluations so far
[1] -3.261 +- 6.39156  	chisq 3.20325 (3 df)

Iteration 5:  15000000 integrand evaluations so far
[1] -5.52747 +- 6.05481  	chisq 4.42884 (4 df)

Iteration 6:  21000000 integrand evaluations so far
[1] -5.59103 +- 6.05378  	chisq 4.7532 (5 df)

Iteration 7:  28000000 integrand evaluations so far
[1] -5.70854 +- 6.05262  	chisq 5.73092 (6 df)

Iteration 8:  36000000 integrand evaluations so far
[1] 3.51026 +- 2.84491  	chisq 8.70865 (7 df)

Iteration 9:  45000000 integrand evaluations so far
[1] 3.94385 +- 2.8172  	chisq 9.90695 (8 df)

Iteration 10:  55000000 integrand evaluations so far
[1] 4.54548 +- 2.7637  	chisq 11.1192 (9 df)
     4.5 ±    2.8        (2.05mi) ┃Vegas input parameters:
  ndim 8
  ncomp 1
  nvec 1
  epsrel 0
  epsabs 0
  flags 10
  seed 123456
  mineval 5000000
  maxeval 50000000
  nstart 1000000
  nincrease 1000000
  nbatch 5000
  gridno 0
  statefile ""

Iteration 1:  1000000 integrand evaluations so far
[1] 16.0989 +- 6.64562  	chisq 0 (0 df)

Iteration 2:  3000000 integrand evaluations so far
[1] 0.242494 +- 0.0770572  	chisq 5.69374 (1 df)

Iteration 3:  6000000 integrand evaluations so far
[1] 0.249922 +- 0.0770027  	chisq 12.2619 (2 df)

Iteration 4:  10000000 integrand evaluations so far
[1] 0.25741 +- 0.0769599  	chisq 20.7839 (3 df)

Iteration 5:  15000000 integrand evaluations so far
[1] 0.259764 +- 0.0769535  	chisq 26.4109 (4 df)

Iteration 6:  21000000 integrand evaluations so far
[1] 0.289582 +- 0.0768599  	chisq 88.1778 (5 df)

Iteration 7:  28000000 integrand evaluations so far
[1] 0.361632 +- 0.0767044  	chisq 305.528 (6 df)

Iteration 8:  36000000 integrand evaluations so far
[1] 0.456802 +- 0.0765378  	chisq 660.328 (7 df)

Iteration 9:  45000000 integrand evaluations so far
[1] 0.955821 +- 0.0755355  	chisq 2294.01 (8 df)

Iteration 10:  55000000 integrand evaluations so far
[1] 2.11741 +- 0.0731714  	chisq 6132.1 (9 df)
   2.117 ±  0.073        ( 44.1s) ┃     7.6 ±    2.8        (28.8mi) ┃
┃   90 -    92 ┃   54 -    55 ┃  3.7813 ± 0.0027        ( 58.8s) ┃ -2.7515 ± 0.0014        (2.83mi) ┃Vegas input parameters:
  ndim 10
  ncomp 1
  nvec 1
  epsrel 0
  epsabs 0
  flags 10
  seed 123456
  mineval 50000000
  maxeval 50000000
  nstart 1000000
  nincrease 1000000
  nbatch 5000
  gridno 0
  statefile ""

Iteration 1:  1000000 integrand evaluations so far
[1] 40.0542 +- 37.4475  	chisq 0 (0 df)

Iteration 2:  3000000 integrand evaluations so far
[1] 20.9037 +- 13.8757  	chisq 0.303148 (1 df)

Iteration 3:  6000000 integrand evaluations so far
[1] 1.20432 +- 3.42432  	chisq 2.44942 (2 df)

Iteration 4:  10000000 integrand evaluations so far
[1] 1.34447 +- 3.29032  	chisq 2.47126 (3 df)

Iteration 5:  15000000 integrand evaluations so far
[1] 1.94793 +- 3.13492  	chisq 2.83598 (4 df)

Iteration 6:  21000000 integrand evaluations so far
[1] 2.92537 +- 2.97249  	chisq 3.79902 (5 df)

Iteration 7:  28000000 integrand evaluations so far
[1] 2.15778 +- 2.68086  	chisq 4.15639 (6 df)

Iteration 8:  36000000 integrand evaluations so far
[1] 2.33871 +- 2.66844  	chisq 4.64913 (7 df)

Iteration 9:  45000000 integrand evaluations so far
[1] 2.24568 +- 2.60726  	chisq 4.67594 (8 df)

Iteration 10:  55000000 integrand evaluations so far
[1] 2.45389 +- 2.56069  	chisq 4.8561 (9 df)
     2.5 ±    2.6        (2.04mi) ┃Vegas input parameters:
  ndim 8
  ncomp 1
  nvec 1
  epsrel 0
  epsabs 0
  flags 10
  seed 123456
  mineval 5000000
  maxeval 50000000
  nstart 1000000
  nincrease 1000000
  nbatch 5000
  gridno 0
  statefile ""

Iteration 1:  1000000 integrand evaluations so far
[1] 32.9136 +- 11.127  	chisq 0 (0 df)

Iteration 2:  3000000 integrand evaluations so far
[1] 5.32999 +- 1.88764  	chisq 6.32743 (1 df)

Iteration 3:  6000000 integrand evaluations so far
[1] 5.61584 +- 1.83242  	chisq 6.72517 (2 df)

Iteration 4:  10000000 integrand evaluations so far
[1] 5.12719 +- 0.855543  	chisq 6.81611 (3 df)

Iteration 5:  15000000 integrand evaluations so far
[1] 5.19967 +- 0.854111  	chisq 8.96063 (4 df)

Iteration 6:  21000000 integrand evaluations so far
[1] 7.44193 +- 0.733939  	chisq 35.3062 (5 df)

Iteration 7:  28000000 integrand evaluations so far
[1] 9.91396 +- 0.657876  	chisq 93.0299 (6 df)

Iteration 8:  36000000 integrand evaluations so far
[1] 9.91509 +- 0.657875  	chisq 94.074 (7 df)

Iteration 9:  45000000 integrand evaluations so far
[1] 10.2946 +- 0.646506  	chisq 103.787 (8 df)

Iteration 10:  55000000 integrand evaluations so far
[1] 11.3616 +- 0.617411  	chisq 134.748 (9 df)
   11.36 ±   0.62        (   46s) ┃    14.8 ±    2.6        (6.61mi) ┃
┃   90 -    92 ┃   55 -    56 ┃  4.7682 ± 0.0036        (3.71mi) ┃ -3.4801 ± 0.0023        (22.9mi) ┃Vegas input parameters:
  ndim 10
  ncomp 1
  nvec 1
  epsrel 0
  epsabs 0
  flags 10
  seed 123456
  mineval 50000000
  maxeval 50000000
  nstart 1000000
  nincrease 1000000
  nbatch 5000
  gridno 0
  statefile ""

Iteration 1:  1000000 integrand evaluations so far
[1] -14.3488 +- 16.5206  	chisq 0 (0 df)

Iteration 2:  3000000 integrand evaluations so far
[1] -10.2236 +- 9.25287  	chisq 0.0908502 (1 df)

Iteration 3:  6000000 integrand evaluations so far
[1] -6.17531 +- 5.84849  	chisq 0.409625 (2 df)

Iteration 4:  10000000 integrand evaluations so far
[1] -6.2944 +- 5.84759  	chisq 1.75266 (3 df)

Iteration 5:  15000000 integrand evaluations so far
[1] -8.19009 +- 5.29554  	chisq 2.33685 (4 df)

Iteration 6:  21000000 integrand evaluations so far
[1] -7.76183 +- 5.28556  	chisq 4.07456 (5 df)

Iteration 7:  28000000 integrand evaluations so far
[1] -8.12422 +- 5.25205  	chisq 4.44645 (6 df)

Iteration 8:  36000000 integrand evaluations so far
[1] -8.91943 +- 4.79043  	chisq 4.58286 (7 df)

Iteration 9:  45000000 integrand evaluations so far
[1] -2.76777 +- 2.75578  	chisq 7.04757 (8 df)

Iteration 10:  55000000 integrand evaluations so far
[1] -2.53325 +- 2.74439  	chisq 7.92566 (9 df)
    -2.5 ±    2.7        (2.06mi) ┃Vegas input parameters:
  ndim 8
  ncomp 1
  nvec 1
  epsrel 0
  epsabs 0
  flags 10
  seed 123456
  mineval 5000000
  maxeval 50000000
  nstart 1000000
  nincrease 1000000
  nbatch 5000
  gridno 0
  statefile ""

Iteration 1:  1000000 integrand evaluations so far
[1] 32.2568 +- 9.09076  	chisq 0 (0 df)

Iteration 2:  3000000 integrand evaluations so far
[1] 4.65697 +- 1.677  	chisq 9.54222 (1 df)

Iteration 3:  6000000 integrand evaluations so far
[1] 5.00111 +- 1.35426  	chisq 9.66328 (2 df)

Iteration 4:  10000000 integrand evaluations so far
[1] 5.09089 +- 1.35216  	chisq 11.0858 (3 df)

Iteration 5:  15000000 integrand evaluations so far
[1] 5.19187 +- 1.35033  	chisq 13.1406 (4 df)

Iteration 6:  21000000 integrand evaluations so far
[1] 6.24441 +- 1.30903  	chisq 23.2279 (5 df)

Iteration 7:  28000000 integrand evaluations so far
[1] 8.2359 +- 1.23011  	chisq 43.0192 (6 df)

Iteration 8:  36000000 integrand evaluations so far
[1] 10.2244 +- 1.16225  	chisq 67.3773 (7 df)

Iteration 9:  45000000 integrand evaluations so far
[1] 13.6194 +- 1.05596  	chisq 116.263 (8 df)

Iteration 10:  55000000 integrand evaluations so far
[1] 20.1567 +- 0.76864  	chisq 197.783 (9 df)
   20.16 ±   0.77        ( 47.2s) ┃    18.9 ±    2.9        (29.4mi) ┃
┃   90 -    92 ┃   56 -    57 ┃    4.38 ± 0.0017        (1.88mi) ┃ -3.1623 ± 0.0012        (2.94mi) ┃Vegas input parameters:
  ndim 10
  ncomp 1
  nvec 1
  epsrel 0
  epsabs 0
  flags 10
  seed 123456
  mineval 50000000
  maxeval 50000000
  nstart 1000000
  nincrease 1000000
  nbatch 5000
  gridno 0
  statefile ""

Iteration 1:  1000000 integrand evaluations so far
[1] 0.952291 +- 16.1492  	chisq 0 (0 df)

Iteration 2:  3000000 integrand evaluations so far
[1] -9.61103 +- 10.4813  	chisq 0.739262 (1 df)

Iteration 3:  6000000 integrand evaluations so far
[1] -7.68689 +- 9.76019  	chisq 0.99291 (2 df)

Iteration 4:  10000000 integrand evaluations so far
[1] -1.94524 +- 8.9644  	chisq 3.2053 (3 df)

Iteration 5:  15000000 integrand evaluations so far
[1] -3.32519 +- 7.51272  	chisq 3.28491 (4 df)

Iteration 6:  21000000 integrand evaluations so far
[1] 2.70039 +- 3.0107  	chisq 4.05127 (5 df)

Iteration 7:  28000000 integrand evaluations so far
[1] 1.7509 +- 2.90596  	chisq 5.50589 (6 df)

Iteration 8:  36000000 integrand evaluations so far
[1] 1.74121 +- 2.90594  	chisq 6.48339 (7 df)

Iteration 9:  45000000 integrand evaluations so far
[1] -0.286606 +- 2.07662  	chisq 7.47853 (8 df)

Iteration 10:  55000000 integrand evaluations so far
[1] -0.434431 +- 2.067  	chisq 8.02629 (9 df)
    -0.4 ±    2.1        (2.09mi) ┃Vegas input parameters:
  ndim 8
  ncomp 1
  nvec 1
  epsrel 0
  epsabs 0
  flags 10
  seed 123456
  mineval 5000000
  maxeval 50000000
  nstart 1000000
  nincrease 1000000
  nbatch 5000
  gridno 0
  statefile ""

Iteration 1:  1000000 integrand evaluations so far
[1] 16.5489 +- 5.48774  	chisq 0 (0 df)

Iteration 2:  3000000 integrand evaluations so far
[1] 2.38512 +- 1.06604  	chisq 6.92277 (1 df)

Iteration 3:  6000000 integrand evaluations so far
[1] 2.76074 +- 1.02024  	chisq 8.39939 (2 df)

Iteration 4:  10000000 integrand evaluations so far
[1] 3.43054 +- 0.938046  	chisq 11.1868 (3 df)

Iteration 5:  15000000 integrand evaluations so far
[1] 4.64709 +- 0.858311  	chisq 21.5195 (4 df)

Iteration 6:  21000000 integrand evaluations so far
[1] 5.15027 +- 0.841355  	chisq 30.3052 (5 df)

Iteration 7:  28000000 integrand evaluations so far
[1] 6.98335 +- 0.798647  	chisq 78.2789 (6 df)

Iteration 8:  36000000 integrand evaluations so far
[1] 6.98708 +- 0.79864  	chisq 79.5208 (7 df)

Iteration 9:  45000000 integrand evaluations so far
[1] 6.99355 +- 0.79862  	chisq 80.8771 (8 df)

Iteration 10:  55000000 integrand evaluations so far
[1] 7.19508 +- 0.796201  	chisq 91.4011 (9 df)
     7.2 ±    0.8        ( 45.4s) ┃       8 ±    2.2        (7.67mi) ┃
┃   90 -    92 ┃   57 -    58 ┃   3.554 ± 0.0031        (7.23mi) ┃ -2.5795 ± 0.0013        (11.7mi) ┃Vegas input parameters:
  ndim 10
  ncomp 1
  nvec 1
  epsrel 0
  epsabs 0
  flags 10
  seed 123456
  mineval 50000000
  maxeval 50000000
  nstart 1000000
  nincrease 1000000
  nbatch 5000
  gridno 0
  statefile ""

Iteration 1:  1000000 integrand evaluations so far
[1] 8.99758 +- 33.474  	chisq 0 (0 df)

Iteration 2:  3000000 integrand evaluations so far
[1] 6.88395 +- 22.4489  	chisq 0.00724579 (1 df)

Iteration 3:  6000000 integrand evaluations so far
[1] 12.2872 +- 13.77  	chisq 0.100124 (2 df)

Iteration 4:  10000000 integrand evaluations so far
[1] -6.75334 +- 6.50963  	chisq 2.56242 (3 df)

Iteration 5:  15000000 integrand evaluations so far
[1] -1.43093 +- 4.74478  	chisq 3.98863 (4 df)

Iteration 6:  21000000 integrand evaluations so far
[1] -2.70081 +- 4.56241  	chisq 4.9387 (5 df)

Iteration 7:  28000000 integrand evaluations so far
[1] -4.59708 +- 4.15216  	chisq 5.9445 (6 df)

Iteration 8:  36000000 integrand evaluations so far
[1] -5.42657 +- 4.05988  	chisq 6.85247 (7 df)

Iteration 9:  45000000 integrand evaluations so far
[1] -4.46473 +- 3.12491  	chisq 6.99019 (8 df)

Iteration 10:  55000000 integrand evaluations so far
[1] -3.41105 +- 2.79377  	chisq 7.55667 (9 df)
    -3.4 ±    2.8        (2.09mi) ┃Vegas input parameters:
  ndim 8
  ncomp 1
  nvec 1
  epsrel 0
  epsabs 0
  flags 10
  seed 123456
  mineval 5000000
  maxeval 50000000
  nstart 1000000
  nincrease 1000000
  nbatch 5000
  gridno 0
  statefile ""

Iteration 1:  1000000 integrand evaluations so far
[1] 19.1611 +- 7.07164  	chisq 0 (0 df)

Iteration 2:  3000000 integrand evaluations so far
[1] 3.09624 +- 1.19461  	chisq 5.31232 (1 df)

Iteration 3:  6000000 integrand evaluations so far
[1] 3.31167 +- 1.14927  	chisq 5.74901 (2 df)

Iteration 4:  10000000 integrand evaluations so far
[1] 3.71478 +- 1.10813  	chisq 7.49894 (3 df)

Iteration 5:  15000000 integrand evaluations so far
[1] 4.35916 +- 1.05728  	chisq 11.2699 (4 df)

Iteration 6:  21000000 integrand evaluations so far
[1] 4.57705 +- 1.05184  	chisq 15.4053 (5 df)

Iteration 7:  28000000 integrand evaluations so far
[1] 6.41397 +- 0.961632  	chisq 33.9832 (6 df)

Iteration 8:  36000000 integrand evaluations so far
[1] 7.3409 +- 0.930858  	chisq 48.7361 (7 df)

Iteration 9:  45000000 integrand evaluations so far
[1] 7.6026 +- 0.925563  	chisq 55.7025 (8 df)

Iteration 10:  55000000 integrand evaluations so far
[1] 9.53324 +- 0.878949  	chisq 100.016 (9 df)
    9.53 ±   0.88        ( 45.3s) ┃     7.1 ±    2.9        (21.7mi) ┃
┃   90 -    92 ┃   58 -    59 ┃  3.5637 ± 0.0026        (3.63mi) ┃ -2.5932 ± 0.0025        (2.91mi) ┃Vegas input parameters:
  ndim 10
  ncomp 1
  nvec 1
  epsrel 0
  epsabs 0
  flags 10
  seed 123456
  mineval 50000000
  maxeval 50000000
  nstart 1000000
  nincrease 1000000
  nbatch 5000
  gridno 0
  statefile ""

Iteration 1:  1000000 integrand evaluations so far
[1] 2.16478 +- 47.2184  	chisq 0 (0 df)

Iteration 2:  3000000 integrand evaluations so far
[1] 24.4941 +- 26.2701  	chisq 0.323881 (1 df)

Iteration 3:  6000000 integrand evaluations so far
[1] -5.84481 +- 10.9175  	chisq 1.93609 (2 df)

Iteration 4:  10000000 integrand evaluations so far
[1] -5.3298 +- 3.68962  	chisq 1.9386 (3 df)

Iteration 5:  15000000 integrand evaluations so far
[1] -3.65566 +- 3.57149  	chisq 5.20608 (4 df)

Iteration 6:  21000000 integrand evaluations so far
[1] -1.5869 +- 2.96652  	chisq 6.2881 (5 df)

Iteration 7:  28000000 integrand evaluations so far
[1] -1.78338 +- 2.94873  	chisq 6.65497 (6 df)

Iteration 8:  36000000 integrand evaluations so far
[1] -1.428 +- 2.93521  	chisq 8.24342 (7 df)

Iteration 9:  45000000 integrand evaluations so far
[1] -1.31105 +- 1.81392  	chisq 8.24599 (8 df)

Iteration 10:  55000000 integrand evaluations so far
[1] -0.421328 +- 1.68765  	chisq 10.0364 (9 df)
    -0.4 ±    1.7        (2.09mi) ┃Vegas input parameters:
  ndim 8
  ncomp 1
  nvec 1
  epsrel 0
  epsabs 0
  flags 10
  seed 123456
  mineval 5000000
  maxeval 50000000
  nstart 1000000
  nincrease 1000000
  nbatch 5000
  gridno 0
  statefile ""

Iteration 1:  1000000 integrand evaluations so far
[1] 20.6074 +- 7.51903  	chisq 0 (0 df)

Iteration 2:  3000000 integrand evaluations so far
[1] 0.483368 +- 0.150581  	chisq 7.16604 (1 df)

Iteration 3:  6000000 integrand evaluations so far
[1] 0.511773 +- 0.149993  	chisq 11.731 (2 df)

Iteration 4:  10000000 integrand evaluations so far
[1] 0.560089 +- 0.149184  	chisq 21.367 (3 df)

Iteration 5:  15000000 integrand evaluations so far
[1] 0.578555 +- 0.149122  	chisq 39.9928 (4 df)

Iteration 6:  21000000 integrand evaluations so far
[1] 0.611688 +- 0.149018  	chisq 75.3827 (5 df)

Iteration 7:  28000000 integrand evaluations so far
[1] 0.71723 +- 0.148683  	chisq 187.156 (6 df)

Iteration 8:  36000000 integrand evaluations so far
[1] 0.809483 +- 0.148445  	chisq 307.112 (7 df)

Iteration 9:  45000000 integrand evaluations so far
[1] 1.19474 +- 0.147344  	chisq 762.957 (8 df)

Iteration 10:  55000000 integrand evaluations so far
[1] 1.93303 +- 0.145266  	chisq 1659.31 (9 df)
    1.93 ±   0.15        (   48s) ┃     2.5 ±    1.7        (9.43mi) ┃
┃   90 -    92 ┃   59 -    60 ┃  4.1355 ± 0.0011        ( 39.5s) ┃-2.96739 ± 0.00075        (11.4mi) ┃Vegas input parameters:
  ndim 10
  ncomp 1
  nvec 1
  epsrel 0
  epsabs 0
  flags 10
  seed 123456
  mineval 50000000
  maxeval 50000000
  nstart 1000000
  nincrease 1000000
  nbatch 5000
  gridno 0
  statefile ""

Iteration 1:  1000000 integrand evaluations so far
[1] -5.41934 +- 10.5892  	chisq 0 (0 df)

Iteration 2:  3000000 integrand evaluations so far
[1] 0.15853 +- 9.74795  	chisq 1.81855 (1 df)

Iteration 3:  6000000 integrand evaluations so far
[1] 8.41343 +- 8.79612  	chisq 5.67916 (2 df)

Iteration 4:  10000000 integrand evaluations so far
[1] 9.04777 +- 8.72612  	chisq 6.00724 (3 df)

Iteration 5:  15000000 integrand evaluations so far
[1] 9.70929 +- 8.70128  	chisq 7.01805 (4 df)

Iteration 6:  21000000 integrand evaluations so far
[1] 0.427411 +- 7.13904  	chisq 10.4995 (5 df)

Iteration 7:  28000000 integrand evaluations so far
[1] -0.677007 +- 7.03825  	chisq 11.3531 (6 df)

Iteration 8:  36000000 integrand evaluations so far
[1] -4.83076 +- 4.24229  	chisq 11.9001 (7 df)

Iteration 9:  45000000 integrand evaluations so far
[1] -5.26598 +- 4.10181  	chisq 12.0617 (8 df)

Iteration 10:  55000000 integrand evaluations so far
[1] -3.08483 +- 3.98598  	chisq 17.14 (9 df)
    -3.1 ±      4        (2.09mi) ┃Vegas input parameters:
  ndim 8
  ncomp 1
  nvec 1
  epsrel 0
  epsabs 0
  flags 10
  seed 123456
  mineval 5000000
  maxeval 50000000
  nstart 1000000
  nincrease 1000000
  nbatch 5000
  gridno 0
  statefile ""

Iteration 1:  1000000 integrand evaluations so far
[1] 43.2305 +- 11.8516  	chisq 0 (0 df)

Iteration 2:  3000000 integrand evaluations so far
[1] 8.15298 +- 2.02132  	chisq 9.02241 (1 df)

Iteration 3:  6000000 integrand evaluations so far
[1] 8.4413 +- 1.99191  	chisq 9.72669 (2 df)

Iteration 4:  10000000 integrand evaluations so far
[1] 8.49393 +- 1.99128  	chisq 10.8188 (3 df)

Iteration 5:  15000000 integrand evaluations so far
[1] 9.48467 +- 1.79179  	chisq 12.1195 (4 df)

Iteration 6:  21000000 integrand evaluations so far
[1] 9.49018 +- 1.79178  	chisq 13.1887 (5 df)

Iteration 7:  28000000 integrand evaluations so far
[1] 10.7251 +- 1.58523  	chisq 15.3752 (6 df)

Iteration 8:  36000000 integrand evaluations so far
[1] 11.1234 +- 1.57348  	chisq 19.6467 (7 df)

Iteration 9:  45000000 integrand evaluations so far
[1] 13.7125 +- 1.39161  	chisq 32.0775 (8 df)

Iteration 10:  55000000 integrand evaluations so far
[1] 17.7476 +- 1.08951  	chisq 53.8 (9 df)
    17.7 ±    1.1        ( 44.1s) ┃    15.8 ±    4.1        (14.8mi) ┃
┣━━━━━━━━━━━━━━╋━━━━━━━━━━━━━━╋━━━━━━━━━━━━━━━━━━━━━━━━━━━━━━━━━━╋━━━━━━━━━━━━━━━━━━━━━━━━━━━━━━━━━━╋━━━━━━━━━━━━━━━━━━━━━━━━━━━━━━━━━━╋━━━━━━━━━━━━━━━━━━━━━━━━━━━━━━━━━━╋━━━━━━━━━━━━━━━━━━━━━━━━━━━━━━━━━━┫
┃   88 -    92 ┃   25 -    60 ┃ 368.905 ±  0.029        (5.44hr) ┃ -269.18 ±  0.021        (18.6hr) ┃     -29 ±     29        (2.88hr) ┃   1.355 ± 0.0069 ·10⁺⁰³ ( 1.1hr) ┃   1.426 ±  0.029 ·10⁺⁰³ (  28hr) ┃
┗━━━━━━━━━━━━━━┻━━━━━━━━━━━━━━┻━━━━━━━━━━━━━━━━━━━━━━━━━━━━━━━━━━┻━━━━━━━━━━━━━━━━━━━━━━━━━━━━━━━━━━┻━━━━━━━━━━━━━━━━━━━━━━━━━━━━━━━━━━┻━━━━━━━━━━━━━━━━━━━━━━━━━━━━━━━━━━┻━━━━━━━━━━━━━━━━━━━━━━━━━━━━━━━━━━┛

╍╍╍╍╍╍╍╍╍╍╍╍╍╍╍╍╍╍╍╍╍╍╍╍╍╍╍╍╍╍╍╍ Summary ╍╍╍╍╍╍╍╍╍╍╍╍╍╍╍╍╍╍╍╍╍╍╍╍╍╍╍╍╍╍╍
      Total cross section                     1.426 ± 0.029          pb
         Calculation time                                 28       hours
              Output file                    outputs/qt_qt88_92_NNLL_muR2.0_muF2.0.root            
      Result in text file                    outputs/qt_qt88_92_NNLL_muR2.0_muF2.0.txt            

╍╍╍╍╍╍╍╍╍╍╍╍╍╍╍╍╍╍╍╍╍╍╍╍╍╍╍╍╍╍╍╍╍╍╍╍╍╍╍╍╍╍╍╍╍╍╍╍╍╍╍╍╍╍╍╍╍╍╍╍╍╍╍╍╍╍╍╍╍╍╍╍

