
╍╍╍╍╍╍╍╍╍╍╍╍╍╍╍╍╍╍╍╍╍╍╍╍╍╍╍ Process settings ╍╍╍╍╍╍╍╍╍╍╍╍╍╍╍╍╍╍╍╍╍╍╍╍╍╍╍
   proton-proton collisions at sqrt(s) = 13000 GeV 
   Computing NNLO+NNLL resummed cross section
   W+ ->  nu(p3)+e+(p4) production 

╍╍╍╍╍╍╍╍╍╍╍╍╍╍╍╍╍╍╍╍╍╍╍╍╍╍╍╍╍╍ CKM matrix ╍╍╍╍╍╍╍╍╍╍╍╍╍╍╍╍╍╍╍╍╍╍╍╍╍╍╍╍╍╍
     | Vud Vus Vub |   |   0.97427   0.2253  0.00351 | 
     | Vcd Vcs Vcb | = |    0.2252  0.97344   0.0412 | 
     | Vtd Vts Vtb |   |         0        0        0 | 

╍╍╍╍╍╍╍╍╍╍╍╍╍╍╍╍╍╍╍╍╍╍╍╍╍╍╍╍╍ EW parameters ╍╍╍╍╍╍╍╍╍╍╍╍╍╍╍╍╍╍╍╍╍╍╍╍╍╍╍╍
                                         Gf =  1.1663787e-05      GeV^-2
                                    1/alpha =  132.233229791            
                                 sin(thW)^2 = 0.222897222524            
                                     W mass =         80.385         GeV
                                     Z mass =        91.1876         GeV
                                    W width =          2.091         GeV
                                    Z width =          2.495         GeV

╍╍╍╍╍╍╍╍╍╍╍╍╍╍╍╍╍╍╍╍╍╍╍╍╍╍╍╍╍ QCD settings ╍╍╍╍╍╍╍╍╍╍╍╍╍╍╍╍╍╍╍╍╍╍╍╍╍╍╍╍╍
   Renormalization scale:     dynamic muren =            0.5      * m_ll
     Factorization scale:     dynamic mufac =              1      * m_ll
       Resummation scale:     dynamic mures =              1      * m_ll
          Strong coupling       alpha_s(MZ) =       0.118001            
                              running order =              3       -loop
         Non-perturbative     form factor g =            0.7       GeV^2

╍╍╍╍╍╍╍╍╍╍╍╍╍╍╍╍╍╍╍╍╍╍╍╍╍╍╍╍╍ PDF settings ╍╍╍╍╍╍╍╍╍╍╍╍╍╍╍╍╍╍╍╍╍╍╍╍╍╍╍╍╍
                                     PDF set:MSHT20nnlo_as118            
                                  PDF member:              0            
  Mellin moments of PDFs:                    Numerical integration            
                         nodes for the quadrature:            200            
                         Intervals for the quadrature:              1            

╍╍╍╍╍╍╍╍╍╍╍╍╍╍╍╍╍╍╍╍╍╍╍╍╍╍╍╍╍╍╍ qT recoil ╍╍╍╍╍╍╍╍╍╍╍╍╍╍╍╍╍╍╍╍╍╍╍╍╍╍╍╍╍╍
  qt-recoil prescription:       Collins-Soper kt1 = p_V(x)/2; kt2 = p_V(y)/2            

╍╍╍╍╍╍╍╍╍╍╍╍╍╍╍╍╍╍╍╍╍╍╍╍╍╍╍╍╍╍╍╍╍ Cuts ╍╍╍╍╍╍╍╍╍╍╍╍╍╍╍╍╍╍╍╍╍╍╍╍╍╍╍╍╍╍╍╍╍
                                  apply cuts:           true            
                                      pt_l >               0            
                                   |eta_l| <            1000            
                                    pt_lep >              25            
                                 |eta_lep| <             2.4            
                                   pt_alep >              25            
                                |eta_alep| <             2.4            
                                  user cuts:            true            

╍╍╍╍╍╍╍╍╍╍╍╍╍╍╍╍╍╍╍╍╍╍╍╍╍╍╍╍ ResummationDamp ╍╍╍╍╍╍╍╍╍╍╍╍╍╍╍╍╍╍╍╍╍╍╍╍╍╍╍
                                    damping :             on            
                                damping mode:              1            
                                  damp above:        60.2888         GeV
                               damping width:        20.0963         GeV
                          resummation cutoff:             20         MeV

╍╍╍╍╍╍╍╍╍╍╍╍╍╍╍╍╍╍╍╍╍╍╍╍╍╍╍╍ Debug settings ╍╍╍╍╍╍╍╍╍╍╍╍╍╍╍╍╍╍╍╍╍╍╍╍╍╍╍╍
                                 timeprofile:          false            
                                     verbose:          false            
                               cubaverbosity:              2            

╍╍╍╍╍╍╍╍╍╍╍╍╍╍╍╍╍╍╍╍╍╍╍╍╍╍╍╍╍╍╍╍╍╍╍╍╍╍╍╍╍╍╍╍╍╍╍╍╍╍╍╍╍╍╍╍╍╍╍╍╍╍╍╍╍╍╍╍╍╍╍╍

Warning: Histogram `a1_qt` contains non-integrable observable and will be deleted 
Warning: Histogram `a1_qt_vs_y` contains non-integrable observable and will be deleted 
Warning: Histogram `s_biganswer` contains non-integrable observable and will be deleted 
Warning: Histogram `wgt_a1_qt` contains non-integrable observable and will be deleted 

╍╍╍╍╍╍╍╍╍╍╍╍╍╍╍╍╍╍╍╍╍╍╍╍╍ Integration settings ╍╍╍╍╍╍╍╍╍╍╍╍╍╍╍╍╍╍╍╍╍╍╍╍╍
             Random seeds              123456                           
           Parallel cores                   1                           

             Resummation:     cuhre (dm, dpt)         iter =           5
                                   gauss (dy)        nodes =          64
                                                 intervals =           1
            Counter term:      cuhre (dm, dy)         iter =           5
                                  gauss (dpt)        nodes =          20
                                                 intervals =           5
                V+J Real:               vegas       ncalls =    50000000
             V+J Virtual:               vegas       ncalls =     5000000

Mellin inverse transform:           gaussian         nodes =          30
                                                 intervals =           1
                               imaginary axis         zmax =           2
  Angular variable costh:     semi-analytical      ncstart =         100
   Angular variables phi:            gaussian    intervals =          20

      Constant boundaries                  q2          low =          80
                                                      high =         100
                                            y          low =          -6
                                                      high =           6
                                        costh          low =          -1
                                                      high =           1
                                       eta(l)          low =         -10
                                                      high =          10

┏━━━━━━━━━━━━━━┰━━━━━━━━━━━━━━┰━━━━━━━━━━━━━━━━━━━━━━━━━━━━━━━━━━┰━━━━━━━━━━━━━━━━━━━━━━━━━━━━━━━━━━┰━━━━━━━━━━━━━━━━━━━━━━━━━━━━━━━━━━┰━━━━━━━━━━━━━━━━━━━━━━━━━━━━━━━━━━┰━━━━━━━━━━━━━━━━━━━━━━━━━━━━━━━━━━┓
┃           qT ┃        pT(l) ┃                      Resummation ┃                     Counter term ┃                         V+J Real ┃                      V+J Virtual ┃                            TOTAL ┃
┣━━━━━━━━━━━━━━╋━━━━━━━━━━━━━━╋━━━━━━━━━━━━━━━━━━━━━━━━━━━━━━━━━━╋━━━━━━━━━━━━━━━━━━━━━━━━━━━━━━━━━━╋━━━━━━━━━━━━━━━━━━━━━━━━━━━━━━━━━━╋━━━━━━━━━━━━━━━━━━━━━━━━━━━━━━━━━━╋━━━━━━━━━━━━━━━━━━━━━━━━━━━━━━━━━━┫
┃    4 -     6 ┃   25 -    26 ┃  3.3614 ± 0.0026 ·10⁺⁰³ ( 24.9s) ┃ -5.4685 ± 0.0042 ·10⁺⁰³ (16.6mi) ┃Vegas input parameters:
  ndim 10
  ncomp 1
  nvec 1
  epsrel 0
  epsabs 0
  flags 10
  seed 123456
  mineval 50000000
  maxeval 50000000
  nstart 1000000
  nincrease 1000000
  nbatch 5000
  gridno 0
  statefile ""

Iteration 1:  1000000 integrand evaluations so far
[1] -5595.41 +- 1836.16  	chisq 0 (0 df)

Iteration 2:  3000000 integrand evaluations so far
[1] -6634.3 +- 1578.98  	chisq 1.22883 (1 df)

Iteration 3:  6000000 integrand evaluations so far
[1] -6040.55 +- 1165.15  	chisq 1.53926 (2 df)

Iteration 4:  10000000 integrand evaluations so far
[1] -6281.28 +- 723.387  	chisq 1.60872 (3 df)

Iteration 5:  15000000 integrand evaluations so far
[1] -6326.13 +- 504.389  	chisq 1.6162 (4 df)

Iteration 6:  21000000 integrand evaluations so far
[1] -6260.47 +- 398  	chisq 1.6611 (5 df)

Iteration 7:  28000000 integrand evaluations so far
[1] -6496.64 +- 385.345  	chisq 7.28755 (6 df)

Iteration 8:  36000000 integrand evaluations so far
[1] -6463.13 +- 374.171  	chisq 7.41985 (7 df)

Iteration 9:  45000000 integrand evaluations so far
[1] -6452.03 +- 362.042  	chisq 7.43364 (8 df)

Iteration 10:  55000000 integrand evaluations so far
[1] -6608.71 +- 325.457  	chisq 8.40963 (9 df)
   -6.61 ±   0.33 ·10⁺⁰³ (5.91mi) ┃Vegas input parameters:
  ndim 8
  ncomp 1
  nvec 1
  epsrel 0
  epsabs 0
  flags 10
  seed 123456
  mineval 5000000
  maxeval 50000000
  nstart 1000000
  nincrease 1000000
  nbatch 5000
  gridno 0
  statefile ""

Iteration 1:  1000000 integrand evaluations so far
[1] 11226.9 +- 3528.29  	chisq 0 (0 df)

Iteration 2:  3000000 integrand evaluations so far
[1] 5166.3 +- 693.027  	chisq 3.06892 (1 df)

Iteration 3:  6000000 integrand evaluations so far
[1] 5739.58 +- 665.98  	chisq 12.0103 (2 df)

Iteration 4:  10000000 integrand evaluations so far
[1] 6723.28 +- 623.666  	chisq 29.7426 (3 df)

Iteration 5:  15000000 integrand evaluations so far
[1] 9187.13 +- 480.945  	chisq 68.2488 (4 df)

Iteration 6:  21000000 integrand evaluations so far
[1] 11601.1 +- 188.051  	chisq 97.9873 (5 df)

Iteration 7:  28000000 integrand evaluations so far
[1] 12030 +- 95.8449  	chisq 105.016 (6 df)

Iteration 8:  36000000 integrand evaluations so far
[1] 12106.4 +- 87.474  	chisq 108.821 (7 df)

Iteration 9:  45000000 integrand evaluations so far
[1] 12176.9 +- 64.806  	chisq 110.259 (8 df)

Iteration 10:  55000000 integrand evaluations so far
[1] 12318.2 +- 44.1744  	chisq 119.136 (9 df)
  12.318 ±  0.044 ·10⁺⁰³ (2.18mi) ┃     3.6 ±   0.33 ·10⁺⁰³ (25.1mi) ┃
┃    4 -     6 ┃   26 -    27 ┃  4.0112 ± 0.0033 ·10⁺⁰³ ( 13.8s) ┃ -6.5382 ± 0.0061 ·10⁺⁰³ (8.11mi) ┃Vegas input parameters:
  ndim 10
  ncomp 1
  nvec 1
  epsrel 0
  epsabs 0
  flags 10
  seed 123456
  mineval 50000000
  maxeval 50000000
  nstart 1000000
  nincrease 1000000
  nbatch 5000
  gridno 0
  statefile ""

Iteration 1:  1000000 integrand evaluations so far
[1] -4744.87 +- 6748.8  	chisq 0 (0 df)

Iteration 2:  3000000 integrand evaluations so far
[1] -5141.7 +- 2438.66  	chisq 0.00397671 (1 df)

Iteration 3:  6000000 integrand evaluations so far
[1] -8442.81 +- 1497.37  	chisq 2.94526 (2 df)

Iteration 4:  10000000 integrand evaluations so far
[1] -6987.46 +- 728.495  	chisq 4.18286 (3 df)

Iteration 5:  15000000 integrand evaluations so far
[1] -6947.79 +- 719.412  	chisq 4.30253 (4 df)

Iteration 6:  21000000 integrand evaluations so far
[1] -6955.99 +- 678.302  	chisq 4.3037 (5 df)

Iteration 7:  28000000 integrand evaluations so far
[1] -6777.44 +- 576.606  	chisq 4.55353 (6 df)

Iteration 8:  36000000 integrand evaluations so far
[1] -6958.89 +- 417.746  	chisq 4.76196 (7 df)

Iteration 9:  45000000 integrand evaluations so far
[1] -7020.8 +- 413.837  	chisq 5.94104 (8 df)

Iteration 10:  55000000 integrand evaluations so far
[1] -7061.62 +- 403.216  	chisq 6.13309 (9 df)
   -7.06 ±    0.4 ·10⁺⁰³ (5.99mi) ┃Vegas input parameters:
  ndim 8
  ncomp 1
  nvec 1
  epsrel 0
  epsabs 0
  flags 10
  seed 123456
  mineval 5000000
  maxeval 50000000
  nstart 1000000
  nincrease 1000000
  nbatch 5000
  gridno 0
  statefile ""

Iteration 1:  1000000 integrand evaluations so far
[1] 9350.7 +- 2197.7  	chisq 0 (0 df)

Iteration 2:  3000000 integrand evaluations so far
[1] 9999.17 +- 1189.78  	chisq 0.12316 (1 df)

Iteration 3:  6000000 integrand evaluations so far
[1] 10283.8 +- 904.913  	chisq 0.258924 (2 df)

Iteration 4:  10000000 integrand evaluations so far
[1] 12069.8 +- 571.731  	chisq 6.74262 (3 df)

Iteration 5:  15000000 integrand evaluations so far
[1] 13224.5 +- 382.814  	chisq 14.1364 (4 df)

Iteration 6:  21000000 integrand evaluations so far
[1] 14079.8 +- 174.323  	chisq 20.434 (5 df)

Iteration 7:  28000000 integrand evaluations so far
[1] 14388.6 +- 145.8  	chisq 30.8766 (6 df)

Iteration 8:  36000000 integrand evaluations so far
[1] 14600 +- 93.8299  	chisq 34.4642 (7 df)

Iteration 9:  45000000 integrand evaluations so far
[1] 14695.1 +- 58.8613  	chisq 36.159 (8 df)

Iteration 10:  55000000 integrand evaluations so far
[1] 14789.5 +- 43.241  	chisq 41.7509 (9 df)
   14.79 ±  0.043 ·10⁺⁰³ ( 2.3mi) ┃     5.2 ±   0.41 ·10⁺⁰³ (16.6mi) ┃
┃    4 -     6 ┃   27 -    28 ┃  4.7875 ± 0.0023 ·10⁺⁰³ (1.24mi) ┃ -7.8645 ± 0.0024 ·10⁺⁰³ (31.8mi) ┃Vegas input parameters:
  ndim 10
  ncomp 1
  nvec 1
  epsrel 0
  epsabs 0
  flags 10
  seed 123456
  mineval 50000000
  maxeval 50000000
  nstart 1000000
  nincrease 1000000
  nbatch 5000
  gridno 0
  statefile ""

Iteration 1:  1000000 integrand evaluations so far
[1] -6256.14 +- 4156.41  	chisq 0 (0 df)

Iteration 2:  3000000 integrand evaluations so far
[1] -9788.7 +- 1549.33  	chisq 0.838902 (1 df)

Iteration 3:  6000000 integrand evaluations so far
[1] -10297.4 +- 1481.11  	chisq 2.09066 (2 df)

Iteration 4:  10000000 integrand evaluations so far
[1] -9430.83 +- 913.341  	chisq 2.64303 (3 df)

Iteration 5:  15000000 integrand evaluations so far
[1] -9797.85 +- 622.169  	chisq 2.94432 (4 df)

Iteration 6:  21000000 integrand evaluations so far
[1] -9131.05 +- 518.395  	chisq 6.70082 (5 df)

Iteration 7:  28000000 integrand evaluations so far
[1] -8927.42 +- 463.375  	chisq 7.4685 (6 df)

Iteration 8:  36000000 integrand evaluations so far
[1] -9126.34 +- 451.218  	chisq 11.0276 (7 df)

Iteration 9:  45000000 integrand evaluations so far
[1] -9162.93 +- 402.397  	chisq 11.0597 (8 df)

Iteration 10:  55000000 integrand evaluations so far
[1] -9269.58 +- 377.48  	chisq 11.6451 (9 df)
   -9.27 ±   0.38 ·10⁺⁰³ (5.99mi) ┃Vegas input parameters:
  ndim 8
  ncomp 1
  nvec 1
  epsrel 0
  epsabs 0
  flags 10
  seed 123456
  mineval 5000000
  maxeval 50000000
  nstart 1000000
  nincrease 1000000
  nbatch 5000
  gridno 0
  statefile ""

Iteration 1:  1000000 integrand evaluations so far
[1] 20200.5 +- 4262.42  	chisq 0 (0 df)

Iteration 2:  3000000 integrand evaluations so far
[1] 13604.2 +- 994.966  	chisq 2.53287 (1 df)

Iteration 3:  6000000 integrand evaluations so far
[1] 14191 +- 874.455  	chisq 4.06122 (2 df)

Iteration 4:  10000000 integrand evaluations so far
[1] 15511.7 +- 427.502  	chisq 7.05839 (3 df)

Iteration 5:  15000000 integrand evaluations so far
[1] 16234.5 +- 366.501  	chisq 17.8456 (4 df)

Iteration 6:  21000000 integrand evaluations so far
[1] 16973.1 +- 215.471  	chisq 24.0523 (5 df)

Iteration 7:  28000000 integrand evaluations so far
[1] 17248.8 +- 111.05  	chisq 26.2823 (6 df)

Iteration 8:  36000000 integrand evaluations so far
[1] 17488.2 +- 71.5639  	chisq 34.229 (7 df)

Iteration 9:  45000000 integrand evaluations so far
[1] 17560 +- 54.3232  	chisq 36.601 (8 df)

Iteration 10:  55000000 integrand evaluations so far
[1] 17607.9 +- 44.3333  	chisq 38.9284 (9 df)
  17.608 ±  0.044 ·10⁺⁰³ (2.23mi) ┃    5.26 ±   0.38 ·10⁺⁰³ (41.3mi) ┃
┃    4 -     6 ┃   28 -    29 ┃  5.6846 ± 0.0045 ·10⁺⁰³ ( 19.7s) ┃ -9.4095 ± 0.0082 ·10⁺⁰³ (4.71mi) ┃Vegas input parameters:
  ndim 10
  ncomp 1
  nvec 1
  epsrel 0
  epsabs 0
  flags 10
  seed 123456
  mineval 50000000
  maxeval 50000000
  nstart 1000000
  nincrease 1000000
  nbatch 5000
  gridno 0
  statefile ""

Iteration 1:  1000000 integrand evaluations so far
[1] -26414.6 +- 9631.25  	chisq 0 (0 df)

Iteration 2:  3000000 integrand evaluations so far
[1] -15755.3 +- 2281.85  	chisq 1.29771 (1 df)

Iteration 3:  6000000 integrand evaluations so far
[1] -15252.1 +- 1606.34  	chisq 1.39413 (2 df)

Iteration 4:  10000000 integrand evaluations so far
[1] -14174.7 +- 1123.96  	chisq 2.27543 (3 df)

Iteration 5:  15000000 integrand evaluations so far
[1] -13696.6 +- 1093.56  	chisq 5.66712 (4 df)

Iteration 6:  21000000 integrand evaluations so far
[1] -13741.9 +- 982.265  	chisq 5.67603 (5 df)

Iteration 7:  28000000 integrand evaluations so far
[1] -13729.3 +- 908.453  	chisq 5.67718 (6 df)

Iteration 8:  36000000 integrand evaluations so far
[1] -13034.1 +- 722.29  	chisq 7.26911 (7 df)

Iteration 9:  45000000 integrand evaluations so far
[1] -12823 +- 647.833  	chisq 7.70576 (8 df)

Iteration 10:  55000000 integrand evaluations so far
[1] -12185.5 +- 552.832  	chisq 11.2694 (9 df)
  -12.19 ±   0.55 ·10⁺⁰³ (5.94mi) ┃Vegas input parameters:
  ndim 8
  ncomp 1
  nvec 1
  epsrel 0
  epsabs 0
  flags 10
  seed 123456
  mineval 5000000
  maxeval 50000000
  nstart 1000000
  nincrease 1000000
  nbatch 5000
  gridno 0
  statefile ""

Iteration 1:  1000000 integrand evaluations so far
[1] 16882.4 +- 3413.49  	chisq 0 (0 df)

Iteration 2:  3000000 integrand evaluations so far
[1] 17440.1 +- 3386.45  	chisq 1.6914 (1 df)

Iteration 3:  6000000 integrand evaluations so far
[1] 15691.7 +- 917.9  	chisq 1.97907 (2 df)

Iteration 4:  10000000 integrand evaluations so far
[1] 18520.8 +- 611.827  	chisq 19.073 (3 df)

Iteration 5:  15000000 integrand evaluations so far
[1] 19762.2 +- 415.236  	chisq 26.7056 (4 df)

Iteration 6:  21000000 integrand evaluations so far
[1] 20361.2 +- 343.527  	chisq 33.2998 (5 df)

Iteration 7:  28000000 integrand evaluations so far
[1] 21125.2 +- 182.195  	chisq 40.182 (6 df)

Iteration 8:  36000000 integrand evaluations so far
[1] 21097.4 +- 98.8062  	chisq 40.2149 (7 df)

Iteration 9:  45000000 integrand evaluations so far
[1] 21075.1 +- 70.1694  	chisq 40.3172 (8 df)

Iteration 10:  55000000 integrand evaluations so far
[1] 21131.2 +- 57.3901  	chisq 42.2448 (9 df)
  21.131 ±  0.057 ·10⁺⁰³ (2.23mi) ┃    5.22 ±   0.56 ·10⁺⁰³ (13.2mi) ┃
┃    4 -     6 ┃   29 -    30 ┃  6.9571 ± 0.0067 ·10⁺⁰³ (1.14mi) ┃-11.5045 ±  0.009 ·10⁺⁰³ ( 2.5mi) ┃Vegas input parameters:
  ndim 10
  ncomp 1
  nvec 1
  epsrel 0
  epsabs 0
  flags 10
  seed 123456
  mineval 50000000
  maxeval 50000000
  nstart 1000000
  nincrease 1000000
  nbatch 5000
  gridno 0
  statefile ""

Iteration 1:  1000000 integrand evaluations so far
[1] -10625.7 +- 1859.16  	chisq 0 (0 df)

Iteration 2:  3000000 integrand evaluations so far
[1] -11301.8 +- 1505.78  	chisq 0.384357 (1 df)

Iteration 3:  6000000 integrand evaluations so far
[1] -13774.9 +- 1204.46  	chisq 7.87416 (2 df)

Iteration 4:  10000000 integrand evaluations so far
[1] -13479.7 +- 1094.4  	chisq 8.21868 (3 df)

Iteration 5:  15000000 integrand evaluations so far
[1] -13914.4 +- 983.472  	chisq 9.03863 (4 df)

Iteration 6:  21000000 integrand evaluations so far
[1] -13408.2 +- 734.917  	chisq 9.63861 (5 df)

Iteration 7:  28000000 integrand evaluations so far
[1] -13639.4 +- 655.574  	chisq 10.123 (6 df)

Iteration 8:  36000000 integrand evaluations so far
[1] -13932.6 +- 537.089  	chisq 10.7317 (7 df)

Iteration 9:  45000000 integrand evaluations so far
[1] -13878 +- 490.767  	chisq 10.7945 (8 df)

Iteration 10:  55000000 integrand evaluations so far
[1] -13901.2 +- 490.227  	chisq 11.8097 (9 df)
   -13.9 ±   0.49 ·10⁺⁰³ (6.06mi) ┃Vegas input parameters:
  ndim 8
  ncomp 1
  nvec 1
  epsrel 0
  epsabs 0
  flags 10
  seed 123456
  mineval 5000000
  maxeval 50000000
  nstart 1000000
  nincrease 1000000
  nbatch 5000
  gridno 0
  statefile ""

Iteration 1:  1000000 integrand evaluations so far
[1] 26686.9 +- 5006.12  	chisq 0 (0 df)

Iteration 2:  3000000 integrand evaluations so far
[1] 23199.8 +- 1727.23  	chisq 0.550762 (1 df)

Iteration 3:  6000000 integrand evaluations so far
[1] 24399.7 +- 1467.52  	chisq 2.28596 (2 df)

Iteration 4:  10000000 integrand evaluations so far
[1] 25759.6 +- 794.544  	chisq 3.50081 (3 df)

Iteration 5:  15000000 integrand evaluations so far
[1] 25683.1 +- 419.107  	chisq 3.51366 (4 df)

Iteration 6:  21000000 integrand evaluations so far
[1] 25950.5 +- 211.221  	chisq 4.05947 (5 df)

Iteration 7:  28000000 integrand evaluations so far
[1] 25844.1 +- 120.229  	chisq 4.43511 (6 df)

Iteration 8:  36000000 integrand evaluations so far
[1] 25881.1 +- 84.5145  	chisq 4.622 (7 df)

Iteration 9:  45000000 integrand evaluations so far
[1] 25839 +- 65.6617  	chisq 5.24546 (8 df)

Iteration 10:  55000000 integrand evaluations so far
[1] 25882.3 +- 55.3768  	chisq 6.74838 (9 df)
  25.882 ±  0.055 ·10⁺⁰³ (2.24mi) ┃    7.43 ±   0.49 ·10⁺⁰³ (11.9mi) ┃
┃    4 -     6 ┃   30 -    31 ┃   8.276 ± 0.0059 ·10⁺⁰³ ( 19.4s) ┃ -13.672 ± 0.0028 ·10⁺⁰³ (1.38mi) ┃Vegas input parameters:
  ndim 10
  ncomp 1
  nvec 1
  epsrel 0
  epsabs 0
  flags 10
  seed 123456
  mineval 50000000
  maxeval 50000000
  nstart 1000000
  nincrease 1000000
  nbatch 5000
  gridno 0
  statefile ""

Iteration 1:  1000000 integrand evaluations so far
[1] -20156.6 +- 5581.21  	chisq 0 (0 df)

Iteration 2:  3000000 integrand evaluations so far
[1] -21365.2 +- 2798.05  	chisq 0.0626406 (1 df)

Iteration 3:  6000000 integrand evaluations so far
[1] -17569.3 +- 1797.64  	chisq 3.19663 (2 df)

Iteration 4:  10000000 integrand evaluations so far
[1] -17669.6 +- 1339.35  	chisq 3.20363 (3 df)

Iteration 5:  15000000 integrand evaluations so far
[1] -15499.7 +- 898.73  	chisq 7.97825 (4 df)

Iteration 6:  21000000 integrand evaluations so far
[1] -15867.8 +- 795.36  	chisq 8.75199 (5 df)

Iteration 7:  28000000 integrand evaluations so far
[1] -15775 +- 735.802  	chisq 8.84655 (6 df)

Iteration 8:  36000000 integrand evaluations so far
[1] -16088.4 +- 674.303  	chisq 9.97928 (7 df)

Iteration 9:  45000000 integrand evaluations so far
[1] -16675.2 +- 600.06  	chisq 13.6181 (8 df)

Iteration 10:  55000000 integrand evaluations so far
[1] -16719.3 +- 564.57  	chisq 13.6653 (9 df)
  -16.72 ±   0.56 ·10⁺⁰³ (6.04mi) ┃Vegas input parameters:
  ndim 8
  ncomp 1
  nvec 1
  epsrel 0
  epsabs 0
  flags 10
  seed 123456
  mineval 5000000
  maxeval 50000000
  nstart 1000000
  nincrease 1000000
  nbatch 5000
  gridno 0
  statefile ""

Iteration 1:  1000000 integrand evaluations so far
[1] 37134 +- 6200.94  	chisq 0 (0 df)

Iteration 2:  3000000 integrand evaluations so far
[1] 29236.2 +- 1295.17  	chisq 1.69615 (1 df)

Iteration 3:  6000000 integrand evaluations so far
[1] 29399.4 +- 647.851  	chisq 1.71732 (2 df)

Iteration 4:  10000000 integrand evaluations so far
[1] 29644 +- 370.047  	chisq 1.92889 (3 df)

Iteration 5:  15000000 integrand evaluations so far
[1] 30240.1 +- 241.341  	chisq 6.44399 (4 df)

Iteration 6:  21000000 integrand evaluations so far
[1] 30258.3 +- 156.852  	chisq 6.45389 (5 df)

Iteration 7:  28000000 integrand evaluations so far
[1] 30280.1 +- 109.559  	chisq 6.49144 (6 df)

Iteration 8:  36000000 integrand evaluations so far
[1] 30319.1 +- 83.2588  	chisq 6.79171 (7 df)

Iteration 9:  45000000 integrand evaluations so far
[1] 30282.4 +- 68.2972  	chisq 7.38518 (8 df)

Iteration 10:  55000000 integrand evaluations so far
[1] 30311.3 +- 58.2919  	chisq 8.0439 (9 df)
  30.311 ±  0.058 ·10⁺⁰³ (2.24mi) ┃     8.2 ±   0.57 ·10⁺⁰³ (9.98mi) ┃
┃    4 -     6 ┃   31 -    32 ┃  9.2662 ± 0.0044 ·10⁺⁰³ ( 12.3s) ┃-15.2481 ±  0.009 ·10⁺⁰³ (4.88mi) ┃Vegas input parameters:
  ndim 10
  ncomp 1
  nvec 1
  epsrel 0
  epsabs 0
  flags 10
  seed 123456
  mineval 50000000
  maxeval 50000000
  nstart 1000000
  nincrease 1000000
  nbatch 5000
  gridno 0
  statefile ""

Iteration 1:  1000000 integrand evaluations so far
[1] -16306 +- 5129.56  	chisq 0 (0 df)

Iteration 2:  3000000 integrand evaluations so far
[1] -18743.8 +- 3353.61  	chisq 0.394456 (1 df)

Iteration 3:  6000000 integrand evaluations so far
[1] -19793.1 +- 2204.82  	chisq 0.56689 (2 df)

Iteration 4:  10000000 integrand evaluations so far
[1] -16663.4 +- 1134.38  	chisq 3.30711 (3 df)

Iteration 5:  15000000 integrand evaluations so far
[1] -17340.5 +- 752.882  	chisq 3.94385 (4 df)

Iteration 6:  21000000 integrand evaluations so far
[1] -17783.9 +- 646.064  	chisq 5.25948 (5 df)

Iteration 7:  28000000 integrand evaluations so far
[1] -17785.6 +- 646.062  	chisq 6.32494 (6 df)

Iteration 8:  36000000 integrand evaluations so far
[1] -17835.6 +- 643.474  	chisq 7.07372 (7 df)

Iteration 9:  45000000 integrand evaluations so far
[1] -17873.3 +- 640.328  	chisq 7.42686 (8 df)

Iteration 10:  55000000 integrand evaluations so far
[1] -17864.7 +- 625.726  	chisq 7.43085 (9 df)
  -17.86 ±   0.63 ·10⁺⁰³ ( 6.2mi) ┃Vegas input parameters:
  ndim 8
  ncomp 1
  nvec 1
  epsrel 0
  epsabs 0
  flags 10
  seed 123456
  mineval 5000000
  maxeval 50000000
  nstart 1000000
  nincrease 1000000
  nbatch 5000
  gridno 0
  statefile ""

Iteration 1:  1000000 integrand evaluations so far
[1] 32840.2 +- 5813.07  	chisq 0 (0 df)

Iteration 2:  3000000 integrand evaluations so far
[1] 33005.8 +- 1901.18  	chisq 0.000909549 (1 df)

Iteration 3:  6000000 integrand evaluations so far
[1] 33869.6 +- 1001.27  	chisq 0.286589 (2 df)

Iteration 4:  10000000 integrand evaluations so far
[1] 33763.3 +- 747.137  	chisq 0.312054 (3 df)

Iteration 5:  15000000 integrand evaluations so far
[1] 33384.1 +- 511.256  	chisq 0.796525 (4 df)

Iteration 6:  21000000 integrand evaluations so far
[1] 32807.4 +- 243.93  	chisq 2.44387 (5 df)

Iteration 7:  28000000 integrand evaluations so far
[1] 33225 +- 145.378  	chisq 6.98927 (6 df)

Iteration 8:  36000000 integrand evaluations so far
[1] 33328.9 +- 106.242  	chisq 8.08501 (7 df)

Iteration 9:  45000000 integrand evaluations so far
[1] 33335.8 +- 82.5683  	chisq 8.09592 (8 df)

Iteration 10:  55000000 integrand evaluations so far
[1] 33335.9 +- 67.9684  	chisq 8.09592 (9 df)
  33.336 ±  0.068 ·10⁺⁰³ (2.23mi) ┃    9.49 ±   0.63 ·10⁺⁰³ (13.5mi) ┃
┃    4 -     6 ┃   32 -    33 ┃ 10.1278 ± 0.0068 ·10⁺⁰³ ( 12.4s) ┃ -16.664 ±  0.011 ·10⁺⁰³ (1.31mi) ┃Vegas input parameters:
  ndim 10
  ncomp 1
  nvec 1
  epsrel 0
  epsabs 0
  flags 10
  seed 123456
  mineval 50000000
  maxeval 50000000
  nstart 1000000
  nincrease 1000000
  nbatch 5000
  gridno 0
  statefile ""

Iteration 1:  1000000 integrand evaluations so far
[1] -21112.2 +- 7041.76  	chisq 0 (0 df)

Iteration 2:  3000000 integrand evaluations so far
[1] -19332.6 +- 6134.23  	chisq 0.26486 (1 df)

Iteration 3:  6000000 integrand evaluations so far
[1] -18114.2 +- 3640.46  	chisq 0.325754 (2 df)

Iteration 4:  10000000 integrand evaluations so far
[1] -18187.4 +- 2046.81  	chisq 0.326344 (3 df)

Iteration 5:  15000000 integrand evaluations so far
[1] -17925 +- 1155.28  	chisq 0.350453 (4 df)

Iteration 6:  21000000 integrand evaluations so far
[1] -18389.6 +- 977.442  	chisq 0.919518 (5 df)

Iteration 7:  28000000 integrand evaluations so far
[1] -18615.4 +- 905.435  	chisq 1.29548 (6 df)

Iteration 8:  36000000 integrand evaluations so far
[1] -19028.4 +- 807.864  	chisq 2.31573 (7 df)

Iteration 9:  45000000 integrand evaluations so far
[1] -18832 +- 785.191  	chisq 3.38353 (8 df)

Iteration 10:  55000000 integrand evaluations so far
[1] -18614 +- 765.642  	chisq 4.9508 (9 df)
  -18.61 ±   0.77 ·10⁺⁰³ (6.09mi) ┃Vegas input parameters:
  ndim 8
  ncomp 1
  nvec 1
  epsrel 0
  epsabs 0
  flags 10
  seed 123456
  mineval 5000000
  maxeval 50000000
  nstart 1000000
  nincrease 1000000
  nbatch 5000
  gridno 0
  statefile ""

Iteration 1:  1000000 integrand evaluations so far
[1] 37139.5 +- 6127.05  	chisq 0 (0 df)

Iteration 2:  3000000 integrand evaluations so far
[1] 35697 +- 1636.6  	chisq 0.0596875 (1 df)

Iteration 3:  6000000 integrand evaluations so far
[1] 35977.9 +- 1044.14  	chisq 0.109395 (2 df)

Iteration 4:  10000000 integrand evaluations so far
[1] 35950.6 +- 494.95  	chisq 0.110279 (3 df)

Iteration 5:  15000000 integrand evaluations so far
[1] 36804.1 +- 282.95  	chisq 4.52695 (4 df)

Iteration 6:  21000000 integrand evaluations so far
[1] 36775 +- 170.765  	chisq 4.54349 (5 df)

Iteration 7:  28000000 integrand evaluations so far
[1] 36618.5 +- 119.939  	chisq 6.20217 (6 df)

Iteration 8:  36000000 integrand evaluations so far
[1] 36599.7 +- 94.2325  	chisq 6.26648 (7 df)

Iteration 9:  45000000 integrand evaluations so far
[1] 36551.4 +- 77.9602  	chisq 7.09897 (8 df)

Iteration 10:  55000000 integrand evaluations so far
[1] 36554.1 +- 67.6679  	chisq 7.104 (9 df)
  36.554 ±  0.068 ·10⁺⁰³ (2.22mi) ┃    11.4 ±   0.77 ·10⁺⁰³ (9.83mi) ┃
┃    4 -     6 ┃   33 -    34 ┃  11.199 ±  0.011 ·10⁺⁰³ ( 12.6s) ┃ -18.309 ±   0.01 ·10⁺⁰³ (5.55mi) ┃Vegas input parameters:
  ndim 10
  ncomp 1
  nvec 1
  epsrel 0
  epsabs 0
  flags 10
  seed 123456
  mineval 50000000
  maxeval 50000000
  nstart 1000000
  nincrease 1000000
  nbatch 5000
  gridno 0
  statefile ""

Iteration 1:  1000000 integrand evaluations so far
[1] -80275.1 +- 50674.3  	chisq 0 (0 df)

Iteration 2:  3000000 integrand evaluations so far
[1] -50931.1 +- 21872.6  	chisq 0.412101 (1 df)

Iteration 3:  6000000 integrand evaluations so far
[1] -25169.1 +- 2754.29  	chisq 1.82172 (2 df)

Iteration 4:  10000000 integrand evaluations so far
[1] -25604 +- 2573.3  	chisq 2.01791 (3 df)

Iteration 5:  15000000 integrand evaluations so far
[1] -25752 +- 1955.95  	chisq 2.02573 (4 df)

Iteration 6:  21000000 integrand evaluations so far
[1] -23730.3 +- 1517.47  	chisq 4.70925 (5 df)

Iteration 7:  28000000 integrand evaluations so far
[1] -22567.6 +- 1039.73  	chisq 5.81582 (6 df)

Iteration 8:  36000000 integrand evaluations so far
[1] -22029.3 +- 862.715  	chisq 6.67626 (7 df)

Iteration 9:  45000000 integrand evaluations so far
[1] -22354.6 +- 782.61  	chisq 7.47916 (8 df)

Iteration 10:  55000000 integrand evaluations so far
[1] -22163 +- 698.45  	chisq 7.77359 (9 df)
  -22.16 ±    0.7 ·10⁺⁰³ (6.07mi) ┃Vegas input parameters:
  ndim 8
  ncomp 1
  nvec 1
  epsrel 0
  epsabs 0
  flags 10
  seed 123456
  mineval 5000000
  maxeval 50000000
  nstart 1000000
  nincrease 1000000
  nbatch 5000
  gridno 0
  statefile ""

Iteration 1:  1000000 integrand evaluations so far
[1] 45551.4 +- 6769.04  	chisq 0 (0 df)

Iteration 2:  3000000 integrand evaluations so far
[1] 40110.3 +- 1178.78  	chisq 0.666322 (1 df)

Iteration 3:  6000000 integrand evaluations so far
[1] 39899.3 +- 806.492  	chisq 0.726549 (2 df)

Iteration 4:  10000000 integrand evaluations so far
[1] 40018.2 +- 506.896  	chisq 0.76246 (3 df)

Iteration 5:  15000000 integrand evaluations so far
[1] 40369.1 +- 304.095  	chisq 1.5113 (4 df)

Iteration 6:  21000000 integrand evaluations so far
[1] 40208.2 +- 196.525  	chisq 1.99239 (5 df)

Iteration 7:  28000000 integrand evaluations so far
[1] 40105.3 +- 138.724  	chisq 2.53825 (6 df)

Iteration 8:  36000000 integrand evaluations so far
[1] 40118.2 +- 105.902  	chisq 2.55878 (7 df)

Iteration 9:  45000000 integrand evaluations so far
[1] 40038.4 +- 86.2153  	chisq 4.243 (8 df)

Iteration 10:  55000000 integrand evaluations so far
[1] 40036.3 +- 73.9276  	chisq 4.24514 (9 df)
  40.036 ±  0.074 ·10⁺⁰³ (2.21mi) ┃   10.76 ±    0.7 ·10⁺⁰³ (  14mi) ┃
┃    4 -     6 ┃   34 -    35 ┃ 12.3899 ± 0.0078 ·10⁺⁰³ (  6.7s) ┃-20.3604 ± 0.0031 ·10⁺⁰³ (2.13mi) ┃Vegas input parameters:
  ndim 10
  ncomp 1
  nvec 1
  epsrel 0
  epsabs 0
  flags 10
  seed 123456
  mineval 50000000
  maxeval 50000000
  nstart 1000000
  nincrease 1000000
  nbatch 5000
  gridno 0
  statefile ""

Iteration 1:  1000000 integrand evaluations so far
[1] -29978.1 +- 5894.94  	chisq 0 (0 df)

Iteration 2:  3000000 integrand evaluations so far
[1] -30948.4 +- 5680.87  	chisq 0.379958 (1 df)

Iteration 3:  6000000 integrand evaluations so far
[1] -30924.9 +- 4521.92  	chisq 0.380004 (2 df)

Iteration 4:  10000000 integrand evaluations so far
[1] -25680.3 +- 2012.72  	chisq 2.05755 (3 df)

Iteration 5:  15000000 integrand evaluations so far
[1] -24885.8 +- 1244.47  	chisq 2.30981 (4 df)

Iteration 6:  21000000 integrand evaluations so far
[1] -25209 +- 1080.17  	chisq 2.5833 (5 df)

Iteration 7:  28000000 integrand evaluations so far
[1] -25096.2 +- 1076.49  	chisq 4.18505 (6 df)

Iteration 8:  36000000 integrand evaluations so far
[1] -25085.9 +- 1010.63  	chisq 4.18582 (7 df)

Iteration 9:  45000000 integrand evaluations so far
[1] -24546.5 +- 960.324  	chisq 7.12065 (8 df)

Iteration 10:  55000000 integrand evaluations so far
[1] -24965.3 +- 825.729  	chisq 7.85015 (9 df)
  -24.97 ±   0.83 ·10⁺⁰³ (6.08mi) ┃Vegas input parameters:
  ndim 8
  ncomp 1
  nvec 1
  epsrel 0
  epsabs 0
  flags 10
  seed 123456
  mineval 5000000
  maxeval 50000000
  nstart 1000000
  nincrease 1000000
  nbatch 5000
  gridno 0
  statefile ""

Iteration 1:  1000000 integrand evaluations so far
[1] 45227.2 +- 6798.02  	chisq 0 (0 df)

Iteration 2:  3000000 integrand evaluations so far
[1] 44578.6 +- 1236.45  	chisq 0.00941514 (1 df)

Iteration 3:  6000000 integrand evaluations so far
[1] 44180.5 +- 816.555  	chisq 0.193251 (2 df)

Iteration 4:  10000000 integrand evaluations so far
[1] 44369.8 +- 481.528  	chisq 0.275632 (3 df)

Iteration 5:  15000000 integrand evaluations so far
[1] 45032.3 +- 298.122  	chisq 3.34552 (4 df)

Iteration 6:  21000000 integrand evaluations so far
[1] 44542.2 +- 191.248  	chisq 7.93943 (5 df)

Iteration 7:  28000000 integrand evaluations so far
[1] 44592.5 +- 139.996  	chisq 8.08864 (6 df)

Iteration 8:  36000000 integrand evaluations so far
[1] 44570.1 +- 110.871  	chisq 8.15735 (7 df)

Iteration 9:  45000000 integrand evaluations so far
[1] 44514.1 +- 92.2342  	chisq 8.98463 (8 df)

Iteration 10:  55000000 integrand evaluations so far
[1] 44544.3 +- 79.7562  	chisq 9.40962 (9 df)
  44.544 ±   0.08 ·10⁺⁰³ (2.22mi) ┃   11.61 ±   0.83 ·10⁺⁰³ (10.5mi) ┃
┃    4 -     6 ┃   35 -    36 ┃  13.992 ±  0.012 ·10⁺⁰³ ( 11.3s) ┃ -23.043 ±  0.018 ·10⁺⁰³ (2.85mi) ┃Vegas input parameters:
  ndim 10
  ncomp 1
  nvec 1
  epsrel 0
  epsabs 0
  flags 10
  seed 123456
  mineval 50000000
  maxeval 50000000
  nstart 1000000
  nincrease 1000000
  nbatch 5000
  gridno 0
  statefile ""

Iteration 1:  1000000 integrand evaluations so far
[1] -14206 +- 22176.9  	chisq 0 (0 df)

Iteration 2:  3000000 integrand evaluations so far
[1] -5639.64 +- 13043.9  	chisq 0.228129 (1 df)

Iteration 3:  6000000 integrand evaluations so far
[1] -15237.4 +- 4391.47  	chisq 0.838741 (2 df)

Iteration 4:  10000000 integrand evaluations so far
[1] -16330 +- 4064.99  	chisq 1.27112 (3 df)

Iteration 5:  15000000 integrand evaluations so far
[1] -19425.5 +- 3225.05  	chisq 2.83601 (4 df)

Iteration 6:  21000000 integrand evaluations so far
[1] -25557.1 +- 2062.85  	chisq 8.95365 (5 df)

Iteration 7:  28000000 integrand evaluations so far
[1] -25828.9 +- 1495.76  	chisq 8.99025 (6 df)

Iteration 8:  36000000 integrand evaluations so far
[1] -26829.5 +- 1110.02  	chisq 9.98632 (7 df)

Iteration 9:  45000000 integrand evaluations so far
[1] -26687.6 +- 846.023  	chisq 10.0253 (8 df)

Iteration 10:  55000000 integrand evaluations so far
[1] -26753.9 +- 839.874  	chisq 10.4502 (9 df)
  -26.75 ±   0.84 ·10⁺⁰³ (6.07mi) ┃Vegas input parameters:
  ndim 8
  ncomp 1
  nvec 1
  epsrel 0
  epsabs 0
  flags 10
  seed 123456
  mineval 5000000
  maxeval 50000000
  nstart 1000000
  nincrease 1000000
  nbatch 5000
  gridno 0
  statefile ""

Iteration 1:  1000000 integrand evaluations so far
[1] 52837 +- 6776.75  	chisq 0 (0 df)

Iteration 2:  3000000 integrand evaluations so far
[1] 48867.6 +- 1157.27  	chisq 0.353399 (1 df)

Iteration 3:  6000000 integrand evaluations so far
[1] 49164.1 +- 499.64  	chisq 0.434094 (2 df)

Iteration 4:  10000000 integrand evaluations so far
[1] 49875 +- 318.983  	chisq 3.85137 (3 df)

Iteration 5:  15000000 integrand evaluations so far
[1] 50051.2 +- 230.583  	chisq 4.49033 (4 df)

Iteration 6:  21000000 integrand evaluations so far
[1] 49945.2 +- 170.962  	chisq 4.95948 (5 df)

Iteration 7:  28000000 integrand evaluations so far
[1] 50118.5 +- 134.767  	chisq 7.67477 (6 df)

Iteration 8:  36000000 integrand evaluations so far
[1] 50212.3 +- 111.984  	chisq 9.23947 (7 df)

Iteration 9:  45000000 integrand evaluations so far
[1] 50194.2 +- 95.9918  	chisq 9.33826 (8 df)

Iteration 10:  55000000 integrand evaluations so far
[1] 50217.7 +- 84.5203  	chisq 9.60414 (9 df)
  50.218 ±  0.085 ·10⁺⁰³ (2.22mi) ┃   14.41 ±   0.84 ·10⁺⁰³ (11.3mi) ┃
┃    4 -     6 ┃   36 -    37 ┃ 16.6667 ± 0.0087 ·10⁺⁰³ ( 21.5s) ┃ -27.178 ±  0.012 ·10⁺⁰³ (3.07mi) ┃Vegas input parameters:
  ndim 10
  ncomp 1
  nvec 1
  epsrel 0
  epsabs 0
  flags 10
  seed 123456
  mineval 50000000
  maxeval 50000000
  nstart 1000000
  nincrease 1000000
  nbatch 5000
  gridno 0
  statefile ""

Iteration 1:  1000000 integrand evaluations so far
[1] -41628.7 +- 10083.9  	chisq 0 (0 df)

Iteration 2:  3000000 integrand evaluations so far
[1] -34917.8 +- 6632.32  	chisq 0.780553 (1 df)

Iteration 3:  6000000 integrand evaluations so far
[1] -36704.7 +- 6105.2  	chisq 1.25607 (2 df)

Iteration 4:  10000000 integrand evaluations so far
[1] -33982.2 +- 5032.61  	chisq 1.87647 (3 df)

Iteration 5:  15000000 integrand evaluations so far
[1] -33044.3 +- 2559.76  	chisq 1.92333 (4 df)

Iteration 6:  21000000 integrand evaluations so far
[1] -32205.8 +- 2075.13  	chisq 2.23635 (5 df)

Iteration 7:  28000000 integrand evaluations so far
[1] -32020.5 +- 1570.76  	chisq 2.25501 (6 df)

Iteration 8:  36000000 integrand evaluations so far
[1] -32282.6 +- 1558.11  	chisq 3.98931 (7 df)

Iteration 9:  45000000 integrand evaluations so far
[1] -32391.6 +- 1549.92  	chisq 4.45672 (8 df)

Iteration 10:  55000000 integrand evaluations so far
[1] -32645.7 +- 1517.7  	chisq 5.1098 (9 df)
   -32.6 ±    1.5 ·10⁺⁰³ (6.13mi) ┃Vegas input parameters:
  ndim 8
  ncomp 1
  nvec 1
  epsrel 0
  epsabs 0
  flags 10
  seed 123456
  mineval 5000000
  maxeval 50000000
  nstart 1000000
  nincrease 1000000
  nbatch 5000
  gridno 0
  statefile ""

Iteration 1:  1000000 integrand evaluations so far
[1] 58138.7 +- 7905.51  	chisq 0 (0 df)

Iteration 2:  3000000 integrand evaluations so far
[1] 58412.3 +- 1706.64  	chisq 0.0012559 (1 df)

Iteration 3:  6000000 integrand evaluations so far
[1] 59188.5 +- 1412.44  	chisq 0.657947 (2 df)

Iteration 4:  10000000 integrand evaluations so far
[1] 57901 +- 663.034  	chisq 1.7238 (3 df)

Iteration 5:  15000000 integrand evaluations so far
[1] 58532.7 +- 402.825  	chisq 3.16249 (4 df)

Iteration 6:  21000000 integrand evaluations so far
[1] 58729 +- 273.906  	chisq 3.60413 (5 df)

Iteration 7:  28000000 integrand evaluations so far
[1] 59168 +- 204.281  	chisq 9.39279 (6 df)

Iteration 8:  36000000 integrand evaluations so far
[1] 59129.3 +- 158.451  	chisq 9.48275 (7 df)

Iteration 9:  45000000 integrand evaluations so far
[1] 59127.4 +- 128.788  	chisq 9.48317 (8 df)

Iteration 10:  55000000 integrand evaluations so far
[1] 59185.2 +- 109.715  	chisq 10.2183 (9 df)
   59.19 ±   0.11 ·10⁺⁰³ (2.21mi) ┃      16 ±    1.5 ·10⁺⁰³ (11.8mi) ┃
┃    4 -     6 ┃   37 -    38 ┃  22.317 ±   0.01 ·10⁺⁰³ ( 11.4s) ┃ -36.275 ±  0.012 ·10⁺⁰³ (5.68mi) ┃Vegas input parameters:
  ndim 10
  ncomp 1
  nvec 1
  epsrel 0
  epsabs 0
  flags 10
  seed 123456
  mineval 50000000
  maxeval 50000000
  nstart 1000000
  nincrease 1000000
  nbatch 5000
  gridno 0
  statefile ""

Iteration 1:  1000000 integrand evaluations so far
[1] -33571.7 +- 9681.62  	chisq 0 (0 df)

Iteration 2:  3000000 integrand evaluations so far
[1] -34644 +- 6531.19  	chisq 0.0225131 (1 df)

Iteration 3:  6000000 integrand evaluations so far
[1] -44733 +- 3093.04  	chisq 3.09859 (2 df)

Iteration 4:  10000000 integrand evaluations so far
[1] -44824.5 +- 2822.11  	chisq 3.10383 (3 df)

Iteration 5:  15000000 integrand evaluations so far
[1] -42359 +- 2460.95  	chisq 6.2897 (4 df)

Iteration 6:  21000000 integrand evaluations so far
[1] -42560.2 +- 1975.53  	chisq 6.30851 (5 df)

Iteration 7:  28000000 integrand evaluations so far
[1] -41767 +- 1540.57  	chisq 6.71999 (6 df)

Iteration 8:  36000000 integrand evaluations so far
[1] -41063 +- 1481.38  	chisq 9.49021 (7 df)

Iteration 9:  45000000 integrand evaluations so far
[1] -41896.3 +- 1402.58  	chisq 12.5456 (8 df)

Iteration 10:  55000000 integrand evaluations so far
[1] -42189.8 +- 1358.96  	chisq 13.2608 (9 df)
   -42.2 ±    1.4 ·10⁺⁰³ (6.17mi) ┃Vegas input parameters:
  ndim 8
  ncomp 1
  nvec 1
  epsrel 0
  epsabs 0
  flags 10
  seed 123456
  mineval 5000000
  maxeval 50000000
  nstart 1000000
  nincrease 1000000
  nbatch 5000
  gridno 0
  statefile ""

Iteration 1:  1000000 integrand evaluations so far
[1] 82564.6 +- 7978.59  	chisq 0 (0 df)

Iteration 2:  3000000 integrand evaluations so far
[1] 79574.6 +- 2164.78  	chisq 0.151603 (1 df)

Iteration 3:  6000000 integrand evaluations so far
[1] 80124.9 +- 1196.69  	chisq 0.244673 (2 df)

Iteration 4:  10000000 integrand evaluations so far
[1] 79668.6 +- 611.322  	chisq 0.441474 (3 df)

Iteration 5:  15000000 integrand evaluations so far
[1] 79125.6 +- 361.623  	chisq 1.65494 (4 df)

Iteration 6:  21000000 integrand evaluations so far
[1] 78719.4 +- 254.613  	chisq 4.15752 (5 df)

Iteration 7:  28000000 integrand evaluations so far
[1] 79064 +- 200.385  	chisq 8.97174 (6 df)

Iteration 8:  36000000 integrand evaluations so far
[1] 78954.4 +- 165.846  	chisq 9.92201 (7 df)

Iteration 9:  45000000 integrand evaluations so far
[1] 79036.4 +- 142.616  	chisq 10.8613 (8 df)

Iteration 10:  55000000 integrand evaluations so far
[1] 79170.5 +- 125.48  	chisq 14.775 (9 df)
   79.17 ±   0.13 ·10⁺⁰³ (2.25mi) ┃      23 ±    1.4 ·10⁺⁰³ (14.3mi) ┃
┃    4 -     6 ┃   38 -    39 ┃  24.303 ±  0.018 ·10⁺⁰³ ( 21.5s) ┃ -39.841 ±   0.02 ·10⁺⁰³ (5.69mi) ┃Vegas input parameters:
  ndim 10
  ncomp 1
  nvec 1
  epsrel 0
  epsabs 0
  flags 10
  seed 123456
  mineval 50000000
  maxeval 50000000
  nstart 1000000
  nincrease 1000000
  nbatch 5000
  gridno 0
  statefile ""

Iteration 1:  1000000 integrand evaluations so far
[1] -111660 +- 57586.2  	chisq 0 (0 df)

Iteration 2:  3000000 integrand evaluations so far
[1] -94660 +- 35485.5  	chisq 0.140496 (1 df)

Iteration 3:  6000000 integrand evaluations so far
[1] -36131 +- 9001.88  	chisq 3.04805 (2 df)

Iteration 4:  10000000 integrand evaluations so far
[1] -44555.2 +- 6376.78  	chisq 4.80595 (3 df)

Iteration 5:  15000000 integrand evaluations so far
[1] -45224.1 +- 6316.71  	chisq 5.39259 (4 df)

Iteration 6:  21000000 integrand evaluations so far
[1] -46002.2 +- 6265.43  	chisq 6.33112 (5 df)

Iteration 7:  28000000 integrand evaluations so far
[1] -45188.7 +- 6190.07  	chisq 7.03622 (6 df)

Iteration 8:  36000000 integrand evaluations so far
[1] -50218 +- 4447.49  	chisq 8.40077 (7 df)

Iteration 9:  45000000 integrand evaluations so far
[1] -47245.2 +- 3024.35  	chisq 9.23191 (8 df)

Iteration 10:  55000000 integrand evaluations so far
[1] -47635.4 +- 2991.17  	chisq 9.99469 (9 df)
   -47.6 ±      3 ·10⁺⁰³ (6.46mi) ┃Vegas input parameters:
  ndim 8
  ncomp 1
  nvec 1
  epsrel 0
  epsabs 0
  flags 10
  seed 123456
  mineval 5000000
  maxeval 50000000
  nstart 1000000
  nincrease 1000000
  nbatch 5000
  gridno 0
  statefile ""

Iteration 1:  1000000 integrand evaluations so far
[1] 86876.1 +- 8440.93  	chisq 0 (0 df)

Iteration 2:  3000000 integrand evaluations so far
[1] 87161.7 +- 1332.03  	chisq 0.00117434 (1 df)

Iteration 3:  6000000 integrand evaluations so far
[1] 86724.5 +- 664.684  	chisq 0.144646 (2 df)

Iteration 4:  10000000 integrand evaluations so far
[1] 87160.1 +- 404.859  	chisq 0.827572 (3 df)

Iteration 5:  15000000 integrand evaluations so far
[1] 87740.5 +- 294.222  	chisq 5.18231 (4 df)

Iteration 6:  21000000 integrand evaluations so far
[1] 87656.7 +- 229.59  	chisq 5.38954 (5 df)

Iteration 7:  28000000 integrand evaluations so far
[1] 87630 +- 188.315  	chisq 5.43093 (6 df)

Iteration 8:  36000000 integrand evaluations so far
[1] 87645.1 +- 160.28  	chisq 5.4542 (7 df)

Iteration 9:  45000000 integrand evaluations so far
[1] 87580.5 +- 139.918  	chisq 6.13619 (8 df)

Iteration 10:  55000000 integrand evaluations so far
[1] 87634.2 +- 124.403  	chisq 6.83927 (9 df)
   87.63 ±   0.12 ·10⁺⁰³ (2.27mi) ┃    24.5 ±      3 ·10⁺⁰³ (14.8mi) ┃
┃    4 -     6 ┃   39 -    40 ┃  20.719 ±  0.015 ·10⁺⁰³ (   41s) ┃ -34.039 ±  0.025 ·10⁺⁰³ (2.15mi) ┃Vegas input parameters:
  ndim 10
  ncomp 1
  nvec 1
  epsrel 0
  epsabs 0
  flags 10
  seed 123456
  mineval 50000000
  maxeval 50000000
  nstart 1000000
  nincrease 1000000
  nbatch 5000
  gridno 0
  statefile ""

Iteration 1:  1000000 integrand evaluations so far
[1] -23972.4 +- 11941.5  	chisq 0 (0 df)

Iteration 2:  3000000 integrand evaluations so far
[1] -40780.1 +- 7495.47  	chisq 3.26904 (1 df)

Iteration 3:  6000000 integrand evaluations so far
[1] -45446.9 +- 4104.71  	chisq 3.82274 (2 df)

Iteration 4:  10000000 integrand evaluations so far
[1] -43154.1 +- 2754.03  	chisq 4.39021 (3 df)

Iteration 5:  15000000 integrand evaluations so far
[1] -42353.6 +- 2381.77  	chisq 4.72541 (4 df)

Iteration 6:  21000000 integrand evaluations so far
[1] -42066.3 +- 2186.82  	chisq 4.81809 (5 df)

Iteration 7:  28000000 integrand evaluations so far
[1] -41908.1 +- 1829.7  	chisq 4.83553 (6 df)

Iteration 8:  36000000 integrand evaluations so far
[1] -40667.9 +- 1242.75  	chisq 5.68844 (7 df)

Iteration 9:  45000000 integrand evaluations so far
[1] -41499.8 +- 1124.76  	chisq 8.16627 (8 df)

Iteration 10:  55000000 integrand evaluations so far
[1] -41621.7 +- 1023.67  	chisq 8.2346 (9 df)
   -41.6 ±      1 ·10⁺⁰³ ( 6.3mi) ┃Vegas input parameters:
  ndim 8
  ncomp 1
  nvec 1
  epsrel 0
  epsabs 0
  flags 10
  seed 123456
  mineval 5000000
  maxeval 50000000
  nstart 1000000
  nincrease 1000000
  nbatch 5000
  gridno 0
  statefile ""

Iteration 1:  1000000 integrand evaluations so far
[1] 74022.8 +- 7228.7  	chisq 0 (0 df)

Iteration 2:  3000000 integrand evaluations so far
[1] 71713.5 +- 1587.72  	chisq 0.107235 (1 df)

Iteration 3:  6000000 integrand evaluations so far
[1] 74057.1 +- 867.033  	chisq 3.21201 (2 df)

Iteration 4:  10000000 integrand evaluations so far
[1] 74659.1 +- 498.351  	chisq 3.93196 (3 df)

Iteration 5:  15000000 integrand evaluations so far
[1] 74906.6 +- 326.091  	chisq 4.36338 (4 df)

Iteration 6:  21000000 integrand evaluations so far
[1] 74892.7 +- 234.553  	chisq 4.36717 (5 df)

Iteration 7:  28000000 integrand evaluations so far
[1] 74942.2 +- 184.452  	chisq 4.48406 (6 df)

Iteration 8:  36000000 integrand evaluations so far
[1] 74889.2 +- 153.699  	chisq 4.7543 (7 df)

Iteration 9:  45000000 integrand evaluations so far
[1] 74803.7 +- 132.411  	chisq 5.95597 (8 df)

Iteration 10:  55000000 integrand evaluations so far
[1] 74850.6 +- 116.459  	chisq 6.51087 (9 df)
   74.85 ±   0.12 ·10⁺⁰³ (2.29mi) ┃    19.9 ±      1 ·10⁺⁰³ (11.4mi) ┃
┃    4 -     6 ┃   40 -    41 ┃ 18.6227 ± 0.0098 ·10⁺⁰³ ( 35.6s) ┃ -30.472 ±  0.013 ·10⁺⁰³ (7.58mi) ┃Vegas input parameters:
  ndim 10
  ncomp 1
  nvec 1
  epsrel 0
  epsabs 0
  flags 10
  seed 123456
  mineval 50000000
  maxeval 50000000
  nstart 1000000
  nincrease 1000000
  nbatch 5000
  gridno 0
  statefile ""

Iteration 1:  1000000 integrand evaluations so far
[1] -30891.2 +- 11864.4  	chisq 0 (0 df)

Iteration 2:  3000000 integrand evaluations so far
[1] -28920.5 +- 4885.09  	chisq 0.0332225 (1 df)

Iteration 3:  6000000 integrand evaluations so far
[1] -32067.9 +- 3804.61  	chisq 1.08832 (2 df)

Iteration 4:  10000000 integrand evaluations so far
[1] -29834.4 +- 2315.49  	chisq 1.63572 (3 df)

Iteration 5:  15000000 integrand evaluations so far
[1] -31028.6 +- 1790.4  	chisq 2.29721 (4 df)

Iteration 6:  21000000 integrand evaluations so far
[1] -32172.6 +- 1535.24  	chisq 3.83943 (5 df)

Iteration 7:  28000000 integrand evaluations so far
[1] -34478.2 +- 1293.67  	chisq 11.6183 (6 df)

Iteration 8:  36000000 integrand evaluations so far
[1] -34863.3 +- 1165.81  	chisq 12.09 (7 df)

Iteration 9:  45000000 integrand evaluations so far
[1] -34902.6 +- 1029.64  	chisq 12.0951 (8 df)

Iteration 10:  55000000 integrand evaluations so far
[1] -34909.5 +- 925.189  	chisq 12.0954 (9 df)
  -34.91 ±   0.93 ·10⁺⁰³ (6.18mi) ┃Vegas input parameters:
  ndim 8
  ncomp 1
  nvec 1
  epsrel 0
  epsabs 0
  flags 10
  seed 123456
  mineval 5000000
  maxeval 50000000
  nstart 1000000
  nincrease 1000000
  nbatch 5000
  gridno 0
  statefile ""

Iteration 1:  1000000 integrand evaluations so far
[1] 63194.7 +- 6246.5  	chisq 0 (0 df)

Iteration 2:  3000000 integrand evaluations so far
[1] 64820.4 +- 1368.11  	chisq 0.0711492 (1 df)

Iteration 3:  6000000 integrand evaluations so far
[1] 66616 +- 644.649  	chisq 2.2853 (2 df)

Iteration 4:  10000000 integrand evaluations so far
[1] 67069.8 +- 407.123  	chisq 3.10971 (3 df)

Iteration 5:  15000000 integrand evaluations so far
[1] 67229.8 +- 281.961  	chisq 3.40643 (4 df)

Iteration 6:  21000000 integrand evaluations so far
[1] 67156.2 +- 208.079  	chisq 3.55596 (5 df)

Iteration 7:  28000000 integrand evaluations so far
[1] 67030.7 +- 165.008  	chisq 4.5375 (6 df)

Iteration 8:  36000000 integrand evaluations so far
[1] 67048.3 +- 137.576  	chisq 4.57509 (7 df)

Iteration 9:  45000000 integrand evaluations so far
[1] 66964.1 +- 118.634  	chisq 6.03659 (8 df)

Iteration 10:  55000000 integrand evaluations so far
[1] 66940.7 +- 104.736  	chisq 6.21361 (9 df)
   66.94 ±    0.1 ·10⁺⁰³ (2.24mi) ┃   20.18 ±   0.93 ·10⁺⁰³ (16.6mi) ┃
┃    4 -     6 ┃   41 -    42 ┃  17.273 ±  0.015 ·10⁺⁰³ ( 38.9s) ┃ -28.273 ±  0.017 ·10⁺⁰³ (8.39mi) ┃Vegas input parameters:
  ndim 10
  ncomp 1
  nvec 1
  epsrel 0
  epsabs 0
  flags 10
  seed 123456
  mineval 50000000
  maxeval 50000000
  nstart 1000000
  nincrease 1000000
  nbatch 5000
  gridno 0
  statefile ""

Iteration 1:  1000000 integrand evaluations so far
[1] -84461.7 +- 22156.7  	chisq 0 (0 df)

Iteration 2:  3000000 integrand evaluations so far
[1] -31557.7 +- 9195.24  	chisq 6.88746 (1 df)

Iteration 3:  6000000 integrand evaluations so far
[1] -31748.8 +- 3519.22  	chisq 6.88797 (2 df)

Iteration 4:  10000000 integrand evaluations so far
[1] -32269 +- 3102.68  	chisq 6.98608 (3 df)

Iteration 5:  15000000 integrand evaluations so far
[1] -32877.1 +- 3006.33  	chisq 7.61428 (4 df)

Iteration 6:  21000000 integrand evaluations so far
[1] -31930.7 +- 1905.72  	chisq 7.77996 (5 df)

Iteration 7:  28000000 integrand evaluations so far
[1] -32586.2 +- 1862.42  	chisq 10.4137 (6 df)

Iteration 8:  36000000 integrand evaluations so far
[1] -34088.4 +- 1741.42  	chisq 15.5884 (7 df)

Iteration 9:  45000000 integrand evaluations so far
[1] -34452.9 +- 1690.63  	chisq 16.3509 (8 df)

Iteration 10:  55000000 integrand evaluations so far
[1] -34244.6 +- 1482.21  	chisq 16.4165 (9 df)
   -34.2 ±    1.5 ·10⁺⁰³ (6.15mi) ┃Vegas input parameters:
  ndim 8
  ncomp 1
  nvec 1
  epsrel 0
  epsabs 0
  flags 10
  seed 123456
  mineval 5000000
  maxeval 50000000
  nstart 1000000
  nincrease 1000000
  nbatch 5000
  gridno 0
  statefile ""

Iteration 1:  1000000 integrand evaluations so far
[1] 63145.1 +- 8105.26  	chisq 0 (0 df)

Iteration 2:  3000000 integrand evaluations so far
[1] 65498.7 +- 5678.3  	chisq 0.165596 (1 df)

Iteration 3:  6000000 integrand evaluations so far
[1] 59294.3 +- 1157.52  	chisq 1.41127 (2 df)

Iteration 4:  10000000 integrand evaluations so far
[1] 60955.6 +- 684.206  	chisq 4.57728 (3 df)

Iteration 5:  15000000 integrand evaluations so far
[1] 61997 +- 411.109  	chisq 8.20326 (4 df)

Iteration 6:  21000000 integrand evaluations so far
[1] 62328.5 +- 255.494  	chisq 9.26283 (5 df)

Iteration 7:  28000000 integrand evaluations so far
[1] 62344.3 +- 181.785  	chisq 9.27054 (6 df)

Iteration 8:  36000000 integrand evaluations so far
[1] 62279.3 +- 142.847  	chisq 9.60481 (7 df)

Iteration 9:  45000000 integrand evaluations so far
[1] 62365.2 +- 119.288  	chisq 10.7992 (8 df)

Iteration 10:  55000000 integrand evaluations so far
[1] 62381.3 +- 102.904  	chisq 10.8704 (9 df)
   62.38 ±    0.1 ·10⁺⁰³ (2.26mi) ┃    17.1 ±    1.5 ·10⁺⁰³ (17.4mi) ┃
┃    4 -     6 ┃   42 -    43 ┃ 14.2971 ± 0.0038 ·10⁺⁰³ (1.25mi) ┃ -23.182 ±  0.022 ·10⁺⁰³ (13.3mi) ┃Vegas input parameters:
  ndim 10
  ncomp 1
  nvec 1
  epsrel 0
  epsabs 0
  flags 10
  seed 123456
  mineval 50000000
  maxeval 50000000
  nstart 1000000
  nincrease 1000000
  nbatch 5000
  gridno 0
  statefile ""

Iteration 1:  1000000 integrand evaluations so far
[1] 17988.3 +- 54767.7  	chisq 0 (0 df)

Iteration 2:  3000000 integrand evaluations so far
[1] -38742.3 +- 32763.1  	chisq 1.67094 (1 df)

Iteration 3:  6000000 integrand evaluations so far
[1] -25827.7 +- 4095.75  	chisq 1.82879 (2 df)

Iteration 4:  10000000 integrand evaluations so far
[1] -26919.4 +- 1951.36  	chisq 1.92069 (3 df)

Iteration 5:  15000000 integrand evaluations so far
[1] -26864 +- 1935.74  	chisq 1.9711 (4 df)

Iteration 6:  21000000 integrand evaluations so far
[1] -26125.3 +- 1786.71  	chisq 2.95474 (5 df)

Iteration 7:  28000000 integrand evaluations so far
[1] -26312.9 +- 1464.01  	chisq 2.98827 (6 df)

Iteration 8:  36000000 integrand evaluations so far
[1] -25324.6 +- 1200.46  	chisq 4.37923 (7 df)

Iteration 9:  45000000 integrand evaluations so far
[1] -26393.8 +- 1089.12  	chisq 8.86392 (8 df)

Iteration 10:  55000000 integrand evaluations so far
[1] -26074.1 +- 1019.43  	chisq 9.55967 (9 df)
   -26.1 ±      1 ·10⁺⁰³ (6.26mi) ┃Vegas input parameters:
  ndim 8
  ncomp 1
  nvec 1
  epsrel 0
  epsabs 0
  flags 10
  seed 123456
  mineval 5000000
  maxeval 50000000
  nstart 1000000
  nincrease 1000000
  nbatch 5000
  gridno 0
  statefile ""

Iteration 1:  1000000 integrand evaluations so far
[1] 59147.8 +- 6618.51  	chisq 0 (0 df)

Iteration 2:  3000000 integrand evaluations so far
[1] 51317.7 +- 2601.52  	chisq 1.65536 (1 df)

Iteration 3:  6000000 integrand evaluations so far
[1] 51368.6 +- 1346.58  	chisq 1.65589 (2 df)

Iteration 4:  10000000 integrand evaluations so far
[1] 50777.5 +- 514.038  	chisq 1.88145 (3 df)

Iteration 5:  15000000 integrand evaluations so far
[1] 50775.8 +- 264.806  	chisq 1.88147 (4 df)

Iteration 6:  21000000 integrand evaluations so far
[1] 50428.6 +- 176.351  	chisq 4.97034 (5 df)

Iteration 7:  28000000 integrand evaluations so far
[1] 50464.8 +- 133.428  	chisq 5.06923 (6 df)

Iteration 8:  36000000 integrand evaluations so far
[1] 50534.1 +- 108.661  	chisq 5.86898 (7 df)

Iteration 9:  45000000 integrand evaluations so far
[1] 50507.3 +- 92.5043  	chisq 6.08986 (8 df)

Iteration 10:  55000000 integrand evaluations so far
[1] 50527.5 +- 80.9361  	chisq 6.29298 (9 df)
  50.527 ±  0.081 ·10⁺⁰³ (2.26mi) ┃    15.6 ±      1 ·10⁺⁰³ (23.1mi) ┃
┃    4 -     6 ┃   43 -    44 ┃  5.7016 ± 0.0017 ·10⁺⁰³ (4.27mi) ┃ -9.1338 ± 0.0074 ·10⁺⁰³ (19.4mi) ┃Vegas input parameters:
  ndim 10
  ncomp 1
  nvec 1
  epsrel 0
  epsabs 0
  flags 10
  seed 123456
  mineval 50000000
  maxeval 50000000
  nstart 1000000
  nincrease 1000000
  nbatch 5000
  gridno 0
  statefile ""

Iteration 1:  1000000 integrand evaluations so far
[1] -10676.8 +- 2666.58  	chisq 0 (0 df)

Iteration 2:  3000000 integrand evaluations so far
[1] -12801.8 +- 1608.18  	chisq 0.998083 (1 df)

Iteration 3:  6000000 integrand evaluations so far
[1] -11447.7 +- 1435.79  	chisq 4.49258 (2 df)

Iteration 4:  10000000 integrand evaluations so far
[1] -10816.5 +- 953.081  	chisq 4.8381 (3 df)

Iteration 5:  15000000 integrand evaluations so far
[1] -10608.7 +- 839.079  	chisq 5.04936 (4 df)

Iteration 6:  21000000 integrand evaluations so far
[1] -10406.3 +- 651.52  	chisq 5.1959 (5 df)

Iteration 7:  28000000 integrand evaluations so far
[1] -10340.1 +- 630.789  	chisq 5.36091 (6 df)

Iteration 8:  36000000 integrand evaluations so far
[1] -10489.5 +- 542.304  	chisq 5.57603 (7 df)

Iteration 9:  45000000 integrand evaluations so far
[1] -10563 +- 473.037  	chisq 5.6528 (8 df)

Iteration 10:  55000000 integrand evaluations so far
[1] -10610.8 +- 437.949  	chisq 5.72444 (9 df)
  -10.61 ±   0.44 ·10⁺⁰³ (6.01mi) ┃Vegas input parameters:
  ndim 8
  ncomp 1
  nvec 1
  epsrel 0
  epsabs 0
  flags 10
  seed 123456
  mineval 5000000
  maxeval 50000000
  nstart 1000000
  nincrease 1000000
  nbatch 5000
  gridno 0
  statefile ""

Iteration 1:  1000000 integrand evaluations so far
[1] 17937 +- 3282  	chisq 0 (0 df)

Iteration 2:  3000000 integrand evaluations so far
[1] 16836.8 +- 871.853  	chisq 0.120924 (1 df)

Iteration 3:  6000000 integrand evaluations so far
[1] 18833.2 +- 509.845  	chisq 8.0899 (2 df)

Iteration 4:  10000000 integrand evaluations so far
[1] 19333 +- 234.623  	chisq 9.30873 (3 df)

Iteration 5:  15000000 integrand evaluations so far
[1] 19710.4 +- 143.718  	chisq 13.4507 (4 df)

Iteration 6:  21000000 integrand evaluations so far
[1] 19693.8 +- 100.128  	chisq 13.4768 (5 df)

Iteration 7:  28000000 integrand evaluations so far
[1] 19719.3 +- 73.5847  	chisq 13.6182 (6 df)

Iteration 8:  36000000 integrand evaluations so far
[1] 19703.3 +- 58.3248  	chisq 13.7457 (7 df)

Iteration 9:  45000000 integrand evaluations so far
[1] 19717.3 +- 49.0942  	chisq 13.9435 (8 df)

Iteration 10:  55000000 integrand evaluations so far
[1] 19730.7 +- 42.5816  	chisq 14.2465 (9 df)
  19.731 ±  0.043 ·10⁺⁰³ (2.15mi) ┃    5.69 ±   0.44 ·10⁺⁰³ (31.8mi) ┃
┃    4 -     6 ┃   44 -    45 ┃  2.1332 ± 0.0016 ·10⁺⁰³ (4.02mi) ┃ -3.4788 ± 0.0016 ·10⁺⁰³ (26.2mi) ┃Vegas input parameters:
  ndim 10
  ncomp 1
  nvec 1
  epsrel 0
  epsabs 0
  flags 10
  seed 123456
  mineval 50000000
  maxeval 50000000
  nstart 1000000
  nincrease 1000000
  nbatch 5000
  gridno 0
  statefile ""

Iteration 1:  1000000 integrand evaluations so far
[1] -4853.4 +- 2231.84  	chisq 0 (0 df)

Iteration 2:  3000000 integrand evaluations so far
[1] -4566.56 +- 1176.97  	chisq 0.0228821 (1 df)

Iteration 3:  6000000 integrand evaluations so far
[1] -4617.02 +- 666.105  	chisq 0.0255869 (2 df)

Iteration 4:  10000000 integrand evaluations so far
[1] -4139.52 +- 388.262  	chisq 0.803908 (3 df)

Iteration 5:  15000000 integrand evaluations so far
[1] -3938.79 +- 347.827  	chisq 2.15766 (4 df)

Iteration 6:  21000000 integrand evaluations so far
[1] -4100.21 +- 217.582  	chisq 2.51148 (5 df)

Iteration 7:  28000000 integrand evaluations so far
[1] -4103.64 +- 217.554  	chisq 3.47836 (6 df)

Iteration 8:  36000000 integrand evaluations so far
[1] -4149.69 +- 205.873  	chisq 3.90706 (7 df)

Iteration 9:  45000000 integrand evaluations so far
[1] -4105.43 +- 200.893  	chisq 4.874 (8 df)

Iteration 10:  55000000 integrand evaluations so far
[1] -4136.96 +- 187.919  	chisq 5.07105 (9 df)
   -4.14 ±   0.19 ·10⁺⁰³ (5.99mi) ┃Vegas input parameters:
  ndim 8
  ncomp 1
  nvec 1
  epsrel 0
  epsabs 0
  flags 10
  seed 123456
  mineval 5000000
  maxeval 50000000
  nstart 1000000
  nincrease 1000000
  nbatch 5000
  gridno 0
  statefile ""

Iteration 1:  1000000 integrand evaluations so far
[1] 4368.1 +- 1560.15  	chisq 0 (0 df)

Iteration 2:  3000000 integrand evaluations so far
[1] 4805.65 +- 1300.52  	chisq 0.257779 (1 df)

Iteration 3:  6000000 integrand evaluations so far
[1] 4920.53 +- 675.771  	chisq 0.268467 (2 df)

Iteration 4:  10000000 integrand evaluations so far
[1] 5006.84 +- 671.718  	chisq 1.6326 (3 df)

Iteration 5:  15000000 integrand evaluations so far
[1] 5148.72 +- 665.921  	chisq 4.22851 (4 df)

Iteration 6:  21000000 integrand evaluations so far
[1] 6855.25 +- 387.079  	chisq 14.1468 (5 df)

Iteration 7:  28000000 integrand evaluations so far
[1] 7304.78 +- 117.484  	chisq 15.6324 (6 df)

Iteration 8:  36000000 integrand evaluations so far
[1] 7510.23 +- 58.8783  	chisq 19.7162 (7 df)

Iteration 9:  45000000 integrand evaluations so far
[1] 7618.91 +- 34.1354  	chisq 24.849 (8 df)

Iteration 10:  55000000 integrand evaluations so far
[1] 7671.71 +- 23.9177  	chisq 29.5475 (9 df)
   7.672 ±  0.024 ·10⁺⁰³ (2.36mi) ┃    2.19 ±   0.19 ·10⁺⁰³ (38.6mi) ┃
┃    4 -     6 ┃   45 -    46 ┃ 1.14797 ± 0.0005 ·10⁺⁰³ (7.48mi) ┃ -1.8916 ± 0.0012 ·10⁺⁰³ (  12mi) ┃Vegas input parameters:
  ndim 10
  ncomp 1
  nvec 1
  epsrel 0
  epsabs 0
  flags 10
  seed 123456
  mineval 50000000
  maxeval 50000000
  nstart 1000000
  nincrease 1000000
  nbatch 5000
  gridno 0
  statefile ""

Iteration 1:  1000000 integrand evaluations so far
[1] 7409.7 +- 14841.3  	chisq 0 (0 df)

Iteration 2:  3000000 integrand evaluations so far
[1] -546.525 +- 1494.25  	chisq 0.290331 (1 df)

Iteration 3:  6000000 integrand evaluations so far
[1] -1128.12 +- 447.702  	chisq 0.456766 (2 df)

Iteration 4:  10000000 integrand evaluations so far
[1] -2054.08 +- 321.847  	chisq 9.30943 (3 df)

Iteration 5:  15000000 integrand evaluations so far
[1] -1908.52 +- 265.823  	chisq 9.953 (4 df)

Iteration 6:  21000000 integrand evaluations so far
[1] -2101.99 +- 144.759  	chisq 10.7061 (5 df)

Iteration 7:  28000000 integrand evaluations so far
[1] -2214.2 +- 118.35  	chisq 12.5182 (6 df)

Iteration 8:  36000000 integrand evaluations so far
[1] -2180.49 +- 110.344  	chisq 13.1388 (7 df)

Iteration 9:  45000000 integrand evaluations so far
[1] -2137.8 +- 93.1217  	chisq 13.659 (8 df)

Iteration 10:  55000000 integrand evaluations so far
[1] -2128.46 +- 89.9578  	chisq 13.8095 (9 df)
  -2.128 ±   0.09 ·10⁺⁰³ (6.24mi) ┃Vegas input parameters:
  ndim 8
  ncomp 1
  nvec 1
  epsrel 0
  epsabs 0
  flags 10
  seed 123456
  mineval 5000000
  maxeval 50000000
  nstart 1000000
  nincrease 1000000
  nbatch 5000
  gridno 0
  statefile ""

Iteration 1:  1000000 integrand evaluations so far
[1] 3062.62 +- 1239.8  	chisq 0 (0 df)

Iteration 2:  3000000 integrand evaluations so far
[1] 1462.29 +- 326.384  	chisq 1.79023 (1 df)

Iteration 3:  6000000 integrand evaluations so far
[1] 1873.5 +- 248.449  	chisq 5.5648 (2 df)

Iteration 4:  10000000 integrand evaluations so far
[1] 2080.72 +- 233.947  	chisq 11.7027 (3 df)

Iteration 5:  15000000 integrand evaluations so far
[1] 2083.38 +- 233.936  	chisq 13.044 (4 df)

Iteration 6:  21000000 integrand evaluations so far
[1] 2730.79 +- 171.631  	chisq 29.6312 (5 df)

Iteration 7:  28000000 integrand evaluations so far
[1] 3598.06 +- 100.168  	chisq 68.3552 (6 df)

Iteration 8:  36000000 integrand evaluations so far
[1] 4139.87 +- 48.01  	chisq 106.339 (7 df)

Iteration 9:  45000000 integrand evaluations so far
[1] 4150.31 +- 22.2467  	chisq 106.399 (8 df)

Iteration 10:  55000000 integrand evaluations so far
[1] 4158.14 +- 14.3032  	chisq 106.61 (9 df)
   4.158 ±  0.014 ·10⁺⁰³ (2.37mi) ┃   1.286 ±  0.091 ·10⁺⁰³ (28.1mi) ┃
┃    4 -     6 ┃   46 -    47 ┃  704.98 ±   0.41        (3.74mi) ┃-1.16807 ± 0.00035 ·10⁺⁰³ (10.5mi) ┃Vegas input parameters:
  ndim 10
  ncomp 1
  nvec 1
  epsrel 0
  epsabs 0
  flags 10
  seed 123456
  mineval 50000000
  maxeval 50000000
  nstart 1000000
  nincrease 1000000
  nbatch 5000
  gridno 0
  statefile ""

Iteration 1:  1000000 integrand evaluations so far
[1] 2677.12 +- 3670.62  	chisq 0 (0 df)

Iteration 2:  3000000 integrand evaluations so far
[1] -104.827 +- 496.272  	chisq 0.585102 (1 df)

Iteration 3:  6000000 integrand evaluations so far
[1] -816.915 +- 256.613  	chisq 3.39535 (2 df)

Iteration 4:  10000000 integrand evaluations so far
[1] -875.341 +- 252.672  	chisq 5.09611 (3 df)

Iteration 5:  15000000 integrand evaluations so far
[1] -897.831 +- 235.798  	chisq 5.15748 (4 df)

Iteration 6:  21000000 integrand evaluations so far
[1] -1086.19 +- 151.702  	chisq 6.24627 (5 df)

Iteration 7:  28000000 integrand evaluations so far
[1] -1175.37 +- 123.013  	chisq 7.25526 (6 df)

Iteration 8:  36000000 integrand evaluations so far
[1] -1352.39 +- 69.7673  	chisq 10.3081 (7 df)

Iteration 9:  45000000 integrand evaluations so far
[1] -1371.57 +- 47.2773  	chisq 10.4479 (8 df)

Iteration 10:  55000000 integrand evaluations so far
[1] -1351.65 +- 38.3105  	chisq 10.965 (9 df)
  -1.352 ±  0.038 ·10⁺⁰³ (6.27mi) ┃Vegas input parameters:
  ndim 8
  ncomp 1
  nvec 1
  epsrel 0
  epsabs 0
  flags 10
  seed 123456
  mineval 5000000
  maxeval 50000000
  nstart 1000000
  nincrease 1000000
  nbatch 5000
  gridno 0
  statefile ""

Iteration 1:  1000000 integrand evaluations so far
[1] 1785.38 +- 806.019  	chisq 0 (0 df)

Iteration 2:  3000000 integrand evaluations so far
[1] 97.5356 +- 24.2388  	chisq 4.38902 (1 df)

Iteration 3:  6000000 integrand evaluations so far
[1] 132.71 +- 22.69  	chisq 21.412 (2 df)

Iteration 4:  10000000 integrand evaluations so far
[1] 177.343 +- 22.2522  	chisq 122.664 (3 df)

Iteration 5:  15000000 integrand evaluations so far
[1] 184.865 +- 22.2112  	chisq 153.642 (4 df)

Iteration 6:  21000000 integrand evaluations so far
[1] 184.972 +- 22.211  	chisq 155.49 (5 df)

Iteration 7:  28000000 integrand evaluations so far
[1] 285.778 +- 21.6921  	chisq 601.503 (6 df)

Iteration 8:  36000000 integrand evaluations so far
[1] 602.141 +- 20.1357  	chisq 2138.91 (7 df)

Iteration 9:  45000000 integrand evaluations so far
[1] 1219.64 +- 16.8015  	chisq 5235.06 (8 df)

Iteration 10:  55000000 integrand evaluations so far
[1] 2022.6 +- 10.9198  	chisq 9189.39 (9 df)
   2.023 ±  0.011 ·10⁺⁰³ (2.41mi) ┃     208 ±     40        (22.9mi) ┃
┃    4 -     6 ┃   47 -    48 ┃  444.88 ±   0.21        (12.8mi) ┃ -740.25 ±   0.31        (46.2mi) ┃Vegas input parameters:
  ndim 10
  ncomp 1
  nvec 1
  epsrel 0
  epsabs 0
  flags 10
  seed 123456
  mineval 50000000
  maxeval 50000000
  nstart 1000000
  nincrease 1000000
  nbatch 5000
  gridno 0
  statefile ""

Iteration 1:  1000000 integrand evaluations so far
[1] -782.942 +- 403.577  	chisq 0 (0 df)

Iteration 2:  3000000 integrand evaluations so far
[1] -929.842 +- 360.425  	chisq 0.654568 (1 df)

Iteration 3:  6000000 integrand evaluations so far
[1] -877.357 +- 259.162  	chisq 0.698474 (2 df)

Iteration 4:  10000000 integrand evaluations so far
[1] -672.212 +- 128.358  	chisq 1.52872 (3 df)

Iteration 5:  15000000 integrand evaluations so far
[1] -748.898 +- 100.604  	chisq 2.45416 (4 df)

Iteration 6:  21000000 integrand evaluations so far
[1] -847.611 +- 83.1283  	chisq 5.48898 (5 df)

Iteration 7:  28000000 integrand evaluations so far
[1] -858.293 +- 74.694  	chisq 5.5747 (6 df)

Iteration 8:  36000000 integrand evaluations so far
[1] -914.808 +- 54.0224  	chisq 6.77507 (7 df)

Iteration 9:  45000000 integrand evaluations so far
[1] -928.88 +- 52.1342  	chisq 7.76292 (8 df)

Iteration 10:  55000000 integrand evaluations so far
[1] -943.275 +- 42.8334  	chisq 7.99754 (9 df)
    -943 ±     43        (6.27mi) ┃Vegas input parameters:
  ndim 8
  ncomp 1
  nvec 1
  epsrel 0
  epsabs 0
  flags 10
  seed 123456
  mineval 5000000
  maxeval 50000000
  nstart 1000000
  nincrease 1000000
  nbatch 5000
  gridno 0
  statefile ""

Iteration 1:  1000000 integrand evaluations so far
[1] 1246.09 +- 686.738  	chisq 0 (0 df)

Iteration 2:  3000000 integrand evaluations so far
[1] 57.7566 +- 18.1473  	chisq 2.9964 (1 df)

Iteration 3:  6000000 integrand evaluations so far
[1] 70.8773 +- 17.679  	chisq 13.2555 (2 df)

Iteration 4:  10000000 integrand evaluations so far
[1] 78.0008 +- 17.6216  	chisq 38.3061 (3 df)

Iteration 5:  15000000 integrand evaluations so far
[1] 78.8111 +- 17.6177  	chisq 43.0963 (4 df)

Iteration 6:  21000000 integrand evaluations so far
[1] 81.4742 +- 17.6042  	chisq 58.0633 (5 df)

Iteration 7:  28000000 integrand evaluations so far
[1] 146.638 +- 17.2168  	chisq 372.807 (6 df)

Iteration 8:  36000000 integrand evaluations so far
[1] 382.426 +- 15.8444  	chisq 1598.14 (7 df)

Iteration 9:  45000000 integrand evaluations so far
[1] 1110.8 +- 10.3245  	chisq 5270.82 (8 df)

Iteration 10:  55000000 integrand evaluations so far
[1] 1460.18 +- 6.17199  	chisq 7052.86 (9 df)
  1.4602 ± 0.0062 ·10⁺⁰³ (2.44mi) ┃     222 ±     43        (1.13hr) ┃
┃    4 -     6 ┃   48 -    49 ┃  274.42 ±   0.23        (4.29mi) ┃ -456.45 ±   0.19        (45.8mi) ┃Vegas input parameters:
  ndim 10
  ncomp 1
  nvec 1
  epsrel 0
  epsabs 0
  flags 10
  seed 123456
  mineval 50000000
  maxeval 50000000
  nstart 1000000
  nincrease 1000000
  nbatch 5000
  gridno 0
  statefile ""

Iteration 1:  1000000 integrand evaluations so far
[1] -493.141 +- 274.507  	chisq 0 (0 df)

Iteration 2:  3000000 integrand evaluations so far
[1] -30.6641 +- 17.645  	chisq 2.85018 (1 df)

Iteration 3:  6000000 integrand evaluations so far
[1] -30.0107 +- 17.6311  	chisq 3.71883 (2 df)

Iteration 4:  10000000 integrand evaluations so far
[1] -30.7462 +- 17.6248  	chisq 6.16717 (3 df)

Iteration 5:  15000000 integrand evaluations so far
[1] -33.06 +- 17.5889  	chisq 10.398 (4 df)

Iteration 6:  21000000 integrand evaluations so far
[1] -33.2549 +- 17.5686  	chisq 10.4513 (5 df)

Iteration 7:  28000000 integrand evaluations so far
[1] -34.9316 +- 17.5497  	chisq 14.6907 (6 df)

Iteration 8:  36000000 integrand evaluations so far
[1] -41.7601 +- 17.4292  	chisq 25.7543 (7 df)

Iteration 9:  45000000 integrand evaluations so far
[1] -53.3478 +- 17.2699  	chisq 50.042 (8 df)

Iteration 10:  55000000 integrand evaluations so far
[1] -121.44 +- 15.9715  	chisq 157.472 (9 df)
    -121 ±     16        (6.67mi) ┃Vegas input parameters:
  ndim 8
  ncomp 1
  nvec 1
  epsrel 0
  epsabs 0
  flags 10
  seed 123456
  mineval 5000000
  maxeval 50000000
  nstart 1000000
  nincrease 1000000
  nbatch 5000
  gridno 0
  statefile ""

Iteration 1:  1000000 integrand evaluations so far
[1] 1366.74 +- 1067.33  	chisq 0 (0 df)

Iteration 2:  3000000 integrand evaluations so far
[1] 76.99 +- 59.032  	chisq 1.46469 (1 df)

Iteration 3:  6000000 integrand evaluations so far
[1] 65.1866 +- 17.9287  	chisq 1.50873 (2 df)

Iteration 4:  10000000 integrand evaluations so far
[1] 69.7908 +- 17.8643  	chisq 10.6934 (3 df)

Iteration 5:  15000000 integrand evaluations so far
[1] 85.2909 +- 17.6245  	chisq 38.9327 (4 df)

Iteration 6:  21000000 integrand evaluations so far
[1] 174.626 +- 16.5893  	chisq 264.249 (5 df)

Iteration 7:  28000000 integrand evaluations so far
[1] 331.26 +- 14.9514  	chisq 739.185 (6 df)

Iteration 8:  36000000 integrand evaluations so far
[1] 709.212 +- 10.1016  	chisq 1914.85 (7 df)

Iteration 9:  45000000 integrand evaluations so far
[1] 925.186 +- 5.8418  	chisq 2601.66 (8 df)

Iteration 10:  55000000 integrand evaluations so far
[1] 986.183 +- 3.48875  	chisq 2771.12 (9 df)
   986.2 ±    3.5        (2.48mi) ┃     683 ±     16        (59.2mi) ┃
┃    4 -     6 ┃   49 -    50 ┃  166.69 ±   0.16        (3.83mi) ┃ -278.11 ±   0.28        (20.4mi) ┃Vegas input parameters:
  ndim 10
  ncomp 1
  nvec 1
  epsrel 0
  epsabs 0
  flags 10
  seed 123456
  mineval 50000000
  maxeval 50000000
  nstart 1000000
  nincrease 1000000
  nbatch 5000
  gridno 0
  statefile ""

Iteration 1:  1000000 integrand evaluations so far
[1] -102.604 +- 61.9783  	chisq 0 (0 df)

Iteration 2:  3000000 integrand evaluations so far
[1] -10.2571 +- 7.42728  	chisq 2.25242 (1 df)

Iteration 3:  6000000 integrand evaluations so far
[1] -11.1158 +- 7.39519  	chisq 3.80258 (2 df)

Iteration 4:  10000000 integrand evaluations so far
[1] -16.6464 +- 3.86344  	chisq 4.57182 (3 df)

Iteration 5:  15000000 integrand evaluations so far
[1] -16.632 +- 3.8634  	chisq 5.12673 (4 df)

Iteration 6:  21000000 integrand evaluations so far
[1] -17.4017 +- 3.8569  	chisq 16.9477 (5 df)

Iteration 7:  28000000 integrand evaluations so far
[1] -17.8503 +- 3.85233  	chisq 22.6498 (6 df)

Iteration 8:  36000000 integrand evaluations so far
[1] -17.9304 +- 3.85213  	chisq 26.8636 (7 df)

Iteration 9:  45000000 integrand evaluations so far
[1] -22.016 +- 3.82723  	chisq 114.148 (8 df)

Iteration 10:  55000000 integrand evaluations so far
[1] -32.4912 +- 3.76762  	chisq 356.542 (9 df)
   -32.5 ±    3.8        (6.68mi) ┃Vegas input parameters:
  ndim 8
  ncomp 1
  nvec 1
  epsrel 0
  epsabs 0
  flags 10
  seed 123456
  mineval 5000000
  maxeval 50000000
  nstart 1000000
  nincrease 1000000
  nbatch 5000
  gridno 0
  statefile ""

Iteration 1:  1000000 integrand evaluations so far
[1] 875.294 +- 708.8  	chisq 0 (0 df)

Iteration 2:  3000000 integrand evaluations so far
[1] 0.961845 +- 0.723905  	chisq 1.52162 (1 df)

Iteration 3:  6000000 integrand evaluations so far
[1] 1.18576 +- 0.716486  	chisq 6.21369 (2 df)

Iteration 4:  10000000 integrand evaluations so far
[1] 1.18878 +- 0.716484  	chisq 9.67244 (3 df)

Iteration 5:  15000000 integrand evaluations so far
[1] 1.28724 +- 0.716354  	chisq 61.5197 (4 df)

Iteration 6:  21000000 integrand evaluations so far
[1] 1.30457 +- 0.716344  	chisq 82.7093 (5 df)

Iteration 7:  28000000 integrand evaluations so far
[1] 2.51507 +- 0.715578  	chisq 1418.9 (6 df)

Iteration 8:  36000000 integrand evaluations so far
[1] 2.67651 +- 0.715484  	chisq 1611.88 (7 df)

Iteration 9:  45000000 integrand evaluations so far
[1] 3.34493 +- 0.715107  	chisq 2440.74 (8 df)

Iteration 10:  55000000 integrand evaluations so far
[1] 7.40755 +- 0.712769  	chisq 7384.29 (9 df)
    7.41 ±   0.71        ( 2.9mi) ┃  -136.5 ±    3.8        (33.8mi) ┃
┃    4 -     6 ┃   50 -    51 ┃  93.105 ±  0.059        (8.54mi) ┃ -155.61 ±   0.11        (19.5mi) ┃Vegas input parameters:
  ndim 10
  ncomp 1
  nvec 1
  epsrel 0
  epsabs 0
  flags 10
  seed 123456
  mineval 50000000
  maxeval 50000000
  nstart 1000000
  nincrease 1000000
  nbatch 5000
  gridno 0
  statefile ""

Iteration 1:  1000000 integrand evaluations so far
[1] 822.626 +- 886.744  	chisq 0 (0 df)

Iteration 2:  3000000 integrand evaluations so far
[1] 0.00169597 +- 0.00268569  	chisq 0.860609 (1 df)

Iteration 3:  6000000 integrand evaluations so far
[1] 0.00168931 +- 0.00268569  	chisq 3.21112 (2 df)

Iteration 4:  10000000 integrand evaluations so far
[1] 0.00168937 +- 0.00268569  	chisq 3.32459 (3 df)

Iteration 5:  15000000 integrand evaluations so far
[1] 0.00168847 +- 0.00268569  	chisq 11.4253 (4 df)

Iteration 6:  21000000 integrand evaluations so far
[1] 0.00168847 +- 0.00268569  	chisq 12.4546 (5 df)

Iteration 7:  28000000 integrand evaluations so far
[1] 0.00168825 +- 0.00268569  	chisq 15.2879 (6 df)

Iteration 8:  36000000 integrand evaluations so far
[1] 0.00168794 +- 0.00268569  	chisq 20.3576 (7 df)

Iteration 9:  45000000 integrand evaluations so far
[1] 0.00168762 +- 0.00268569  	chisq 28.9026 (8 df)

Iteration 10:  55000000 integrand evaluations so far
[1] 0.00168729 +- 0.00268569  	chisq 38.4266 (9 df)
     1.7 ±    2.7 ·10⁻⁰³ (7.14mi) ┃Vegas input parameters:
  ndim 8
  ncomp 1
  nvec 1
  epsrel 0
  epsabs 0
  flags 10
  seed 123456
  mineval 5000000
  maxeval 50000000
  nstart 1000000
  nincrease 1000000
  nbatch 5000
  gridno 0
  statefile ""

Iteration 1:  1000000 integrand evaluations so far
[1] 490.444 +- 352.274  	chisq 0 (0 df)

Iteration 2:  3000000 integrand evaluations so far
[1] 0.123885 +- 0.0455494  	chisq 1.93731 (1 df)

Iteration 3:  6000000 integrand evaluations so far
[1] 0.124467 +- 0.0455471  	chisq 3.56593 (2 df)

Iteration 4:  10000000 integrand evaluations so far
[1] 0.125096 +- 0.0455469  	chisq 23.8866 (3 df)

Iteration 5:  15000000 integrand evaluations so far
[1] 0.125199 +- 0.0455469  	chisq 41.7274 (4 df)

Iteration 6:  21000000 integrand evaluations so far
[1] 0.130967 +- 0.0455464  	chisq 860.224 (5 df)

Iteration 7:  28000000 integrand evaluations so far
[1] 0.164018 +- 0.0455442  	chisq 6190.57 (6 df)

Iteration 8:  36000000 integrand evaluations so far
[1] 0.290692 +- 0.0455357  	chisq 27011.6 (7 df)

Iteration 9:  45000000 integrand evaluations so far
[1] 0.292367 +- 0.0455356  	chisq 27307.3 (8 df)

Iteration 10:  55000000 integrand evaluations so far
[1] 0.321387 +- 0.0455337  	chisq 32193 (9 df)
   0.321 ±  0.046        ( 2.5mi) ┃  -62.18 ±   0.13        (37.7mi) ┃
┃    4 -     6 ┃   51 -    52 ┃  40.986 ±  0.012        (8.42mi) ┃ -67.901 ±  0.014        (2.67hr) ┃Vegas input parameters:
  ndim 10
  ncomp 1
  nvec 1
  epsrel 0
  epsabs 0
  flags 10
  seed 123456
  mineval 50000000
  maxeval 50000000
  nstart 1000000
  nincrease 1000000
  nbatch 5000
  gridno 0
  statefile ""

Iteration 1:  1000000 integrand evaluations so far
[1] -13.07 +- 9.90712  	chisq 0 (0 df)

Iteration 2:  3000000 integrand evaluations so far
[1] -1.96446e-06 +- 8.16738e-07  	chisq 1.74044 (1 df)

Iteration 3:  6000000 integrand evaluations so far
[1] -1.96578e-06 +- 8.16738e-07  	chisq 3.69477 (2 df)

Iteration 4:  10000000 integrand evaluations so far
[1] -1.96578e-06 +- 8.16738e-07  	chisq 4.81278 (3 df)

Iteration 5:  15000000 integrand evaluations so far
[1] -1.96578e-06 +- 8.16738e-07  	chisq 5.2763 (4 df)

Iteration 6:  21000000 integrand evaluations so far
[1] -1.96578e-06 +- 8.16738e-07  	chisq 10.7296 (5 df)

Iteration 7:  28000000 integrand evaluations so far
[1] -1.96578e-06 +- 8.16738e-07  	chisq 48.5045 (6 df)

Iteration 8:  36000000 integrand evaluations so far
[1] -1.96578e-06 +- 8.16738e-07  	chisq 76.3774 (7 df)

Iteration 9:  45000000 integrand evaluations so far
[1] -1.96578e-06 +- 8.16738e-07  	chisq 90.7347 (8 df)

Iteration 10:  55000000 integrand evaluations so far
[1] -1.96578e-06 +- 8.16738e-07  	chisq 130.91 (9 df)
   -1.97 ±   0.82 ·10⁻⁰⁶ (6.44mi) ┃Vegas input parameters:
  ndim 8
  ncomp 1
  nvec 1
  epsrel 0
  epsabs 0
  flags 10
  seed 123456
  mineval 5000000
  maxeval 50000000
  nstart 1000000
  nincrease 1000000
  nbatch 5000
  gridno 0
  statefile ""

Iteration 1:  1000000 integrand evaluations so far
[1] 483.718 +- 483.718  	chisq 0 (0 df)

Iteration 2:  3000000 integrand evaluations so far
[1] 0.253222 +- 0.249338  	chisq 0.998954 (1 df)

Iteration 3:  6000000 integrand evaluations so far
[1] 0.334093 +- 0.113625  	chisq 1.13172 (2 df)

Iteration 4:  10000000 integrand evaluations so far
[1] 0.369542 +- 0.113368  	chisq 22.6287 (3 df)

Iteration 5:  15000000 integrand evaluations so far
[1] 0.369651 +- 0.113368  	chisq 24.6084 (4 df)

Iteration 6:  21000000 integrand evaluations so far
[1] 0.37871 +- 0.113362  	chisq 88.0503 (5 df)

Iteration 7:  28000000 integrand evaluations so far
[1] 0.417678 +- 0.113345  	chisq 495.199 (6 df)

Iteration 8:  36000000 integrand evaluations so far
[1] 0.764553 +- 0.113206  	chisq 4295.23 (7 df)

Iteration 9:  45000000 integrand evaluations so far
[1] 2.41803 +- 0.112531  	chisq 22238.6 (8 df)

Iteration 10:  55000000 integrand evaluations so far
[1] 2.59932 +- 0.112464  	chisq 24433.9 (9 df)
     2.6 ±   0.11        (3.96mi) ┃  -24.32 ±   0.11        (2.99hr) ┃
┃    4 -     6 ┃   52 -    53 ┃  6.8464 ± 0.0064        (4.21mi) ┃-11.0032 ± 0.0065        (2.56hr) ┃Vegas input parameters:
  ndim 10
  ncomp 1
  nvec 1
  epsrel 0
  epsabs 0
  flags 10
  seed 123456
  mineval 50000000
  maxeval 50000000
  nstart 1000000
  nincrease 1000000
  nbatch 5000
  gridno 0
  statefile ""

Iteration 1:  1000000 integrand evaluations so far
[1] -0.000255494 +- 0.000255494  	chisq 0 (0 df)

Iteration 2:  3000000 integrand evaluations so far
[1] -4.80129e-14 +- 1.94075e-14  	chisq 1 (1 df)

Iteration 3:  6000000 integrand evaluations so far
[1] -4.80129e-14 +- 1.94075e-14  	chisq 2.02137 (2 df)

Iteration 4:  10000000 integrand evaluations so far
[1] -4.80129e-14 +- 1.94075e-14  	chisq 2.99649 (3 df)

Iteration 5:  15000000 integrand evaluations so far
[1] -4.80129e-14 +- 1.94075e-14  	chisq 4.94254 (4 df)

Iteration 6:  21000000 integrand evaluations so far
[1] -4.80129e-14 +- 1.94075e-14  	chisq 6.67448 (5 df)

Iteration 7:  28000000 integrand evaluations so far
[1] -4.80129e-14 +- 1.94075e-14  	chisq 7.76918 (6 df)

Iteration 8:  36000000 integrand evaluations so far
[1] -4.80129e-14 +- 1.94075e-14  	chisq 8.99687 (7 df)

Iteration 9:  45000000 integrand evaluations so far
[1] -4.80129e-14 +- 1.94075e-14  	chisq 11.1613 (8 df)

Iteration 10:  55000000 integrand evaluations so far
[1] -4.80129e-14 +- 1.94075e-14  	chisq 19.4849 (9 df)
  -0.048 ±  0.019 ·10⁻¹² (7.95mi) ┃Vegas input parameters:
  ndim 8
  ncomp 1
  nvec 1
  epsrel 0
  epsabs 0
  flags 10
  seed 123456
  mineval 5000000
  maxeval 50000000
  nstart 1000000
  nincrease 1000000
  nbatch 5000
  gridno 0
  statefile ""

Iteration 1:  1000000 integrand evaluations so far
[1] 0 +- 2.22045e-19  	chisq 0 (0 df)

Iteration 2:  3000000 integrand evaluations so far
[1] 0 +- 1.28198e-19  	chisq 0 (1 df)

Iteration 3:  6000000 integrand evaluations so far
[1] 9.69783e-41 +- 1.28198e-19  	chisq 1 (2 df)

Iteration 4:  10000000 integrand evaluations so far
[1] 1.10082e-34 +- 1.28198e-19  	chisq 15.6074 (3 df)

Iteration 5:  15000000 integrand evaluations so far
[1] 1.10271e-34 +- 1.28198e-19  	chisq 20.1298 (4 df)

Iteration 6:  21000000 integrand evaluations so far
[1] 1.1038e-34 +- 1.28198e-19  	chisq 36.286 (5 df)

Iteration 7:  28000000 integrand evaluations so far
[1] 1.10382e-34 +- 1.28198e-19  	chisq 39.1955 (6 df)

Iteration 8:  36000000 integrand evaluations so far
[1] 1.10382e-34 +- 1.28198e-19  	chisq 40.2763 (7 df)

Iteration 9:  45000000 integrand evaluations so far
[1] 1.10423e-34 +- 1.28198e-19  	chisq 88.1718 (8 df)

Iteration 10:  55000000 integrand evaluations so far
[1] 1.10695e-34 +- 1.28198e-19  	chisq 439.045 (9 df)
       0 ±   0.13 ·10⁻¹⁸ (3.61mi) ┃ -4.1568 ± 0.0091        (2.83hr) ┃
┃    4 -     6 ┃   53 -    54 ┃  3.4252 ± 0.0034 ·10⁻⁰³ (14.1hr) ┃ -5.1886 ± 0.0029 ·10⁻⁰³ (94.1hr) ┃Vegas input parameters:
  ndim 10
  ncomp 1
  nvec 1
  epsrel 0
  epsabs 0
  flags 10
  seed 123456
  mineval 50000000
  maxeval 50000000
  nstart 1000000
  nincrease 1000000
  nbatch 5000
  gridno 0
  statefile ""

Iteration 1:  1000000 integrand evaluations so far
[1] 0 +- 2.22045e-19  	chisq 0 (0 df)

Iteration 2:  3000000 integrand evaluations so far
[1] 0 +- 1.28198e-19  	chisq 0 (1 df)

Iteration 3:  6000000 integrand evaluations so far
[1] 0 +- 9.06494e-20  	chisq 0 (2 df)

Iteration 4:  10000000 integrand evaluations so far
[1] 0 +- 7.02167e-20  	chisq 0 (3 df)

Iteration 5:  15000000 integrand evaluations so far
[1] 0 +- 5.73317e-20  	chisq 0 (4 df)

Iteration 6:  21000000 integrand evaluations so far
[1] 0 +- 4.84541e-20  	chisq 0 (5 df)

Iteration 7:  28000000 integrand evaluations so far
[1] 0 +- 4.19625e-20  	chisq 0 (6 df)

Iteration 8:  36000000 integrand evaluations so far
[1] 0 +- 3.70074e-20  	chisq 0 (7 df)

Iteration 9:  45000000 integrand evaluations so far
[1] 0 +- 3.31005e-20  	chisq 0 (8 df)

Iteration 10:  55000000 integrand evaluations so far
[1] 0 +- 2.99405e-20  	chisq 0 (9 df)
       0 ±   0.03 ·10⁻¹⁸ (5.33mi) ┃Vegas input parameters:
  ndim 8
  ncomp 1
  nvec 1
  epsrel 0
  epsabs 0
  flags 10
  seed 123456
  mineval 5000000
  maxeval 50000000
  nstart 1000000
  nincrease 1000000
  nbatch 5000
  gridno 0
  statefile ""

Iteration 1:  1000000 integrand evaluations so far
[1] 0 +- 2.22045e-19  	chisq 0 (0 df)

Iteration 2:  3000000 integrand evaluations so far
[1] 0 +- 1.28198e-19  	chisq 0 (1 df)

Iteration 3:  6000000 integrand evaluations so far
[1] 0 +- 9.06494e-20  	chisq 0 (2 df)

Iteration 4:  10000000 integrand evaluations so far
[1] 0 +- 7.02167e-20  	chisq 0 (3 df)

Iteration 5:  15000000 integrand evaluations so far
[1] 0 +- 5.73317e-20  	chisq 0 (4 df)

Iteration 6:  21000000 integrand evaluations so far
[1] 0 +- 4.84541e-20  	chisq 0 (5 df)

Iteration 7:  28000000 integrand evaluations so far
[1] 0 +- 4.19625e-20  	chisq 0 (6 df)

Iteration 8:  36000000 integrand evaluations so far
[1] 0 +- 3.70074e-20  	chisq 0 (7 df)

Iteration 9:  45000000 integrand evaluations so far
[1] 0 +- 3.31005e-20  	chisq 0 (8 df)

Iteration 10:  55000000 integrand evaluations so far
[1] 0 +- 2.99405e-20  	chisq 0 (9 df)
       0 ±   0.03 ·10⁻¹⁸ ( 1.8mi) ┃ -1.7634 ± 0.0045 ·10⁻⁰³ ( 108hr) ┃
┃    4 -     6 ┃   54 -    55 ┃       0 ±      0        ( 1.75s) ┃       0 ±      0        ( 374ms) ┃Vegas input parameters:
  ndim 10
  ncomp 1
  nvec 1
  epsrel 0
  epsabs 0
  flags 10
  seed 123456
  mineval 50000000
  maxeval 50000000
  nstart 1000000
  nincrease 1000000
  nbatch 5000
  gridno 0
  statefile ""

Iteration 1:  1000000 integrand evaluations so far
[1] 0 +- 2.22045e-19  	chisq 0 (0 df)

Iteration 2:  3000000 integrand evaluations so far
[1] 0 +- 1.28198e-19  	chisq 0 (1 df)

Iteration 3:  6000000 integrand evaluations so far
[1] 0 +- 9.06494e-20  	chisq 0 (2 df)

Iteration 4:  10000000 integrand evaluations so far
[1] 0 +- 7.02167e-20  	chisq 0 (3 df)

Iteration 5:  15000000 integrand evaluations so far
[1] 0 +- 5.73317e-20  	chisq 0 (4 df)

Iteration 6:  21000000 integrand evaluations so far
[1] 0 +- 4.84541e-20  	chisq 0 (5 df)

Iteration 7:  28000000 integrand evaluations so far
[1] 0 +- 4.19625e-20  	chisq 0 (6 df)

Iteration 8:  36000000 integrand evaluations so far
[1] 0 +- 3.70074e-20  	chisq 0 (7 df)

Iteration 9:  45000000 integrand evaluations so far
[1] 0 +- 3.31005e-20  	chisq 0 (8 df)

Iteration 10:  55000000 integrand evaluations so far
[1] 0 +- 2.99405e-20  	chisq 0 (9 df)
       0 ±   0.03 ·10⁻¹⁸ (5.35mi) ┃Vegas input parameters:
  ndim 8
  ncomp 1
  nvec 1
  epsrel 0
  epsabs 0
  flags 10
  seed 123456
  mineval 5000000
  maxeval 50000000
  nstart 1000000
  nincrease 1000000
  nbatch 5000
  gridno 0
  statefile ""

Iteration 1:  1000000 integrand evaluations so far
[1] 0 +- 2.22045e-19  	chisq 0 (0 df)

Iteration 2:  3000000 integrand evaluations so far
[1] 0 +- 1.28198e-19  	chisq 0 (1 df)

Iteration 3:  6000000 integrand evaluations so far
[1] 0 +- 9.06494e-20  	chisq 0 (2 df)

Iteration 4:  10000000 integrand evaluations so far
[1] 0 +- 7.02167e-20  	chisq 0 (3 df)

Iteration 5:  15000000 integrand evaluations so far
[1] 0 +- 5.73317e-20  	chisq 0 (4 df)

Iteration 6:  21000000 integrand evaluations so far
[1] 0 +- 4.84541e-20  	chisq 0 (5 df)

Iteration 7:  28000000 integrand evaluations so far
[1] 0 +- 4.19625e-20  	chisq 0 (6 df)

Iteration 8:  36000000 integrand evaluations so far
[1] 0 +- 3.70074e-20  	chisq 0 (7 df)

Iteration 9:  45000000 integrand evaluations so far
[1] 0 +- 3.31005e-20  	chisq 0 (8 df)

Iteration 10:  55000000 integrand evaluations so far
[1] 0 +- 2.99405e-20  	chisq 0 (9 df)
       0 ±   0.03 ·10⁻¹⁸ (1.81mi) ┃       0 ±  0.042 ·10⁻¹⁸ (7.19mi) ┃
┃    4 -     6 ┃   55 -    56 ┃       0 ±      0        ( 1.77s) ┃       0 ±      0        ( 378ms) ┃Vegas input parameters:
  ndim 10
  ncomp 1
  nvec 1
  epsrel 0
  epsabs 0
  flags 10
  seed 123456
  mineval 50000000
  maxeval 50000000
  nstart 1000000
  nincrease 1000000
  nbatch 5000
  gridno 0
  statefile ""

Iteration 1:  1000000 integrand evaluations so far
[1] 0 +- 2.22045e-19  	chisq 0 (0 df)

Iteration 2:  3000000 integrand evaluations so far
[1] 0 +- 1.28198e-19  	chisq 0 (1 df)

Iteration 3:  6000000 integrand evaluations so far
[1] 0 +- 9.06494e-20  	chisq 0 (2 df)

Iteration 4:  10000000 integrand evaluations so far
[1] 0 +- 7.02167e-20  	chisq 0 (3 df)

Iteration 5:  15000000 integrand evaluations so far
[1] 0 +- 5.73317e-20  	chisq 0 (4 df)

Iteration 6:  21000000 integrand evaluations so far
[1] 0 +- 4.84541e-20  	chisq 0 (5 df)

Iteration 7:  28000000 integrand evaluations so far
[1] 0 +- 4.19625e-20  	chisq 0 (6 df)

Iteration 8:  36000000 integrand evaluations so far
[1] 0 +- 3.70074e-20  	chisq 0 (7 df)

Iteration 9:  45000000 integrand evaluations so far
[1] 0 +- 3.31005e-20  	chisq 0 (8 df)

Iteration 10:  55000000 integrand evaluations so far
[1] 0 +- 2.99405e-20  	chisq 0 (9 df)
       0 ±   0.03 ·10⁻¹⁸ (5.34mi) ┃Vegas input parameters:
  ndim 8
  ncomp 1
  nvec 1
  epsrel 0
  epsabs 0
  flags 10
  seed 123456
  mineval 5000000
  maxeval 50000000
  nstart 1000000
  nincrease 1000000
  nbatch 5000
  gridno 0
  statefile ""

Iteration 1:  1000000 integrand evaluations so far
[1] 0 +- 2.22045e-19  	chisq 0 (0 df)

Iteration 2:  3000000 integrand evaluations so far
[1] 0 +- 1.28198e-19  	chisq 0 (1 df)

Iteration 3:  6000000 integrand evaluations so far
[1] 0 +- 9.06494e-20  	chisq 0 (2 df)

Iteration 4:  10000000 integrand evaluations so far
[1] 0 +- 7.02167e-20  	chisq 0 (3 df)

Iteration 5:  15000000 integrand evaluations so far
[1] 0 +- 5.73317e-20  	chisq 0 (4 df)

Iteration 6:  21000000 integrand evaluations so far
[1] 0 +- 4.84541e-20  	chisq 0 (5 df)

Iteration 7:  28000000 integrand evaluations so far
[1] 0 +- 4.19625e-20  	chisq 0 (6 df)

Iteration 8:  36000000 integrand evaluations so far
[1] 0 +- 3.70074e-20  	chisq 0 (7 df)

Iteration 9:  45000000 integrand evaluations so far
[1] 0 +- 3.31005e-20  	chisq 0 (8 df)

Iteration 10:  55000000 integrand evaluations so far
[1] 0 +- 2.99405e-20  	chisq 0 (9 df)
       0 ±   0.03 ·10⁻¹⁸ (1.79mi) ┃       0 ±  0.042 ·10⁻¹⁸ (7.17mi) ┃
┃    4 -     6 ┃   56 -    57 ┃       0 ±      0        ( 1.74s) ┃       0 ±      0        ( 374ms) ┃Vegas input parameters:
  ndim 10
  ncomp 1
  nvec 1
  epsrel 0
  epsabs 0
  flags 10
  seed 123456
  mineval 50000000
  maxeval 50000000
  nstart 1000000
  nincrease 1000000
  nbatch 5000
  gridno 0
  statefile ""

Iteration 1:  1000000 integrand evaluations so far
[1] 0 +- 2.22045e-19  	chisq 0 (0 df)

Iteration 2:  3000000 integrand evaluations so far
[1] 0 +- 1.28198e-19  	chisq 0 (1 df)

Iteration 3:  6000000 integrand evaluations so far
[1] 0 +- 9.06494e-20  	chisq 0 (2 df)

Iteration 4:  10000000 integrand evaluations so far
[1] 0 +- 7.02167e-20  	chisq 0 (3 df)

Iteration 5:  15000000 integrand evaluations so far
[1] 0 +- 5.73317e-20  	chisq 0 (4 df)

Iteration 6:  21000000 integrand evaluations so far
[1] 0 +- 4.84541e-20  	chisq 0 (5 df)

Iteration 7:  28000000 integrand evaluations so far
[1] 0 +- 4.19625e-20  	chisq 0 (6 df)

Iteration 8:  36000000 integrand evaluations so far
[1] 0 +- 3.70074e-20  	chisq 0 (7 df)

Iteration 9:  45000000 integrand evaluations so far
[1] 0 +- 3.31005e-20  	chisq 0 (8 df)

Iteration 10:  55000000 integrand evaluations so far
[1] 0 +- 2.99405e-20  	chisq 0 (9 df)
       0 ±   0.03 ·10⁻¹⁸ (5.29mi) ┃Vegas input parameters:
  ndim 8
  ncomp 1
  nvec 1
  epsrel 0
  epsabs 0
  flags 10
  seed 123456
  mineval 5000000
  maxeval 50000000
  nstart 1000000
  nincrease 1000000
  nbatch 5000
  gridno 0
  statefile ""

Iteration 1:  1000000 integrand evaluations so far
[1] 0 +- 2.22045e-19  	chisq 0 (0 df)

Iteration 2:  3000000 integrand evaluations so far
[1] 0 +- 1.28198e-19  	chisq 0 (1 df)

Iteration 3:  6000000 integrand evaluations so far
[1] 0 +- 9.06494e-20  	chisq 0 (2 df)

Iteration 4:  10000000 integrand evaluations so far
[1] 0 +- 7.02167e-20  	chisq 0 (3 df)

Iteration 5:  15000000 integrand evaluations so far
[1] 0 +- 5.73317e-20  	chisq 0 (4 df)

Iteration 6:  21000000 integrand evaluations so far
[1] 0 +- 4.84541e-20  	chisq 0 (5 df)

Iteration 7:  28000000 integrand evaluations so far
[1] 0 +- 4.19625e-20  	chisq 0 (6 df)

Iteration 8:  36000000 integrand evaluations so far
[1] 0 +- 3.70074e-20  	chisq 0 (7 df)

Iteration 9:  45000000 integrand evaluations so far
[1] 0 +- 3.31005e-20  	chisq 0 (8 df)

Iteration 10:  55000000 integrand evaluations so far
[1] 0 +- 2.99405e-20  	chisq 0 (9 df)
       0 ±   0.03 ·10⁻¹⁸ ( 1.8mi) ┃       0 ±  0.042 ·10⁻¹⁸ (7.12mi) ┃
┃    4 -     6 ┃   57 -    58 ┃       0 ±      0        ( 1.75s) ┃       0 ±      0        ( 376ms) ┃Vegas input parameters:
  ndim 10
  ncomp 1
  nvec 1
  epsrel 0
  epsabs 0
  flags 10
  seed 123456
  mineval 50000000
  maxeval 50000000
  nstart 1000000
  nincrease 1000000
  nbatch 5000
  gridno 0
  statefile ""

Iteration 1:  1000000 integrand evaluations so far
[1] 0 +- 2.22045e-19  	chisq 0 (0 df)

Iteration 2:  3000000 integrand evaluations so far
[1] 0 +- 1.28198e-19  	chisq 0 (1 df)

Iteration 3:  6000000 integrand evaluations so far
[1] 0 +- 9.06494e-20  	chisq 0 (2 df)

Iteration 4:  10000000 integrand evaluations so far
[1] 0 +- 7.02167e-20  	chisq 0 (3 df)

Iteration 5:  15000000 integrand evaluations so far
[1] 0 +- 5.73317e-20  	chisq 0 (4 df)

Iteration 6:  21000000 integrand evaluations so far
[1] 0 +- 4.84541e-20  	chisq 0 (5 df)

Iteration 7:  28000000 integrand evaluations so far
[1] 0 +- 4.19625e-20  	chisq 0 (6 df)

Iteration 8:  36000000 integrand evaluations so far
[1] 0 +- 3.70074e-20  	chisq 0 (7 df)

Iteration 9:  45000000 integrand evaluations so far
[1] 0 +- 3.31005e-20  	chisq 0 (8 df)

Iteration 10:  55000000 integrand evaluations so far
[1] 0 +- 2.99405e-20  	chisq 0 (9 df)
       0 ±   0.03 ·10⁻¹⁸ (5.33mi) ┃Vegas input parameters:
  ndim 8
  ncomp 1
  nvec 1
  epsrel 0
  epsabs 0
  flags 10
  seed 123456
  mineval 5000000
  maxeval 50000000
  nstart 1000000
  nincrease 1000000
  nbatch 5000
  gridno 0
  statefile ""

Iteration 1:  1000000 integrand evaluations so far
[1] 0 +- 2.22045e-19  	chisq 0 (0 df)

Iteration 2:  3000000 integrand evaluations so far
[1] 0 +- 1.28198e-19  	chisq 0 (1 df)

Iteration 3:  6000000 integrand evaluations so far
[1] 0 +- 9.06494e-20  	chisq 0 (2 df)

Iteration 4:  10000000 integrand evaluations so far
[1] 0 +- 7.02167e-20  	chisq 0 (3 df)

Iteration 5:  15000000 integrand evaluations so far
[1] 0 +- 5.73317e-20  	chisq 0 (4 df)

Iteration 6:  21000000 integrand evaluations so far
[1] 0 +- 4.84541e-20  	chisq 0 (5 df)

Iteration 7:  28000000 integrand evaluations so far
[1] 0 +- 4.19625e-20  	chisq 0 (6 df)

Iteration 8:  36000000 integrand evaluations so far
[1] 0 +- 3.70074e-20  	chisq 0 (7 df)

Iteration 9:  45000000 integrand evaluations so far
[1] 0 +- 3.31005e-20  	chisq 0 (8 df)

Iteration 10:  55000000 integrand evaluations so far
[1] 0 +- 2.99405e-20  	chisq 0 (9 df)
       0 ±   0.03 ·10⁻¹⁸ ( 1.8mi) ┃       0 ±  0.042 ·10⁻¹⁸ (7.16mi) ┃
┃    4 -     6 ┃   58 -    59 ┃       0 ±      0        ( 1.74s) ┃       0 ±      0        ( 374ms) ┃Vegas input parameters:
  ndim 10
  ncomp 1
  nvec 1
  epsrel 0
  epsabs 0
  flags 10
  seed 123456
  mineval 50000000
  maxeval 50000000
  nstart 1000000
  nincrease 1000000
  nbatch 5000
  gridno 0
  statefile ""

Iteration 1:  1000000 integrand evaluations so far
[1] 0 +- 2.22045e-19  	chisq 0 (0 df)

Iteration 2:  3000000 integrand evaluations so far
[1] 0 +- 1.28198e-19  	chisq 0 (1 df)

Iteration 3:  6000000 integrand evaluations so far
[1] 0 +- 9.06494e-20  	chisq 0 (2 df)

Iteration 4:  10000000 integrand evaluations so far
[1] 0 +- 7.02167e-20  	chisq 0 (3 df)

Iteration 5:  15000000 integrand evaluations so far
[1] 0 +- 5.73317e-20  	chisq 0 (4 df)

Iteration 6:  21000000 integrand evaluations so far
[1] 0 +- 4.84541e-20  	chisq 0 (5 df)

Iteration 7:  28000000 integrand evaluations so far
[1] 0 +- 4.19625e-20  	chisq 0 (6 df)

Iteration 8:  36000000 integrand evaluations so far
[1] 0 +- 3.70074e-20  	chisq 0 (7 df)

Iteration 9:  45000000 integrand evaluations so far
[1] 0 +- 3.31005e-20  	chisq 0 (8 df)

Iteration 10:  55000000 integrand evaluations so far
[1] 0 +- 2.99405e-20  	chisq 0 (9 df)
       0 ±   0.03 ·10⁻¹⁸ (5.33mi) ┃Vegas input parameters:
  ndim 8
  ncomp 1
  nvec 1
  epsrel 0
  epsabs 0
  flags 10
  seed 123456
  mineval 5000000
  maxeval 50000000
  nstart 1000000
  nincrease 1000000
  nbatch 5000
  gridno 0
  statefile ""

Iteration 1:  1000000 integrand evaluations so far
[1] 0 +- 2.22045e-19  	chisq 0 (0 df)

Iteration 2:  3000000 integrand evaluations so far
[1] 0 +- 1.28198e-19  	chisq 0 (1 df)

Iteration 3:  6000000 integrand evaluations so far
[1] 0 +- 9.06494e-20  	chisq 0 (2 df)

Iteration 4:  10000000 integrand evaluations so far
[1] 0 +- 7.02167e-20  	chisq 0 (3 df)

Iteration 5:  15000000 integrand evaluations so far
[1] 0 +- 5.73317e-20  	chisq 0 (4 df)

Iteration 6:  21000000 integrand evaluations so far
[1] 0 +- 4.84541e-20  	chisq 0 (5 df)

Iteration 7:  28000000 integrand evaluations so far
[1] 0 +- 4.19625e-20  	chisq 0 (6 df)

Iteration 8:  36000000 integrand evaluations so far
[1] 0 +- 3.70074e-20  	chisq 0 (7 df)

Iteration 9:  45000000 integrand evaluations so far
[1] 0 +- 3.31005e-20  	chisq 0 (8 df)

Iteration 10:  55000000 integrand evaluations so far
[1] 0 +- 2.99405e-20  	chisq 0 (9 df)
       0 ±   0.03 ·10⁻¹⁸ ( 1.8mi) ┃       0 ±  0.042 ·10⁻¹⁸ (7.17mi) ┃
┃    4 -     6 ┃   59 -    60 ┃       0 ±      0        ( 1.75s) ┃       0 ±      0        ( 374ms) ┃Vegas input parameters:
  ndim 10
  ncomp 1
  nvec 1
  epsrel 0
  epsabs 0
  flags 10
  seed 123456
  mineval 50000000
  maxeval 50000000
  nstart 1000000
  nincrease 1000000
  nbatch 5000
  gridno 0
  statefile ""

Iteration 1:  1000000 integrand evaluations so far
[1] 0 +- 2.22045e-19  	chisq 0 (0 df)

Iteration 2:  3000000 integrand evaluations so far
[1] 0 +- 1.28198e-19  	chisq 0 (1 df)

Iteration 3:  6000000 integrand evaluations so far
[1] 0 +- 9.06494e-20  	chisq 0 (2 df)

Iteration 4:  10000000 integrand evaluations so far
[1] 0 +- 7.02167e-20  	chisq 0 (3 df)

Iteration 5:  15000000 integrand evaluations so far
[1] 0 +- 5.73317e-20  	chisq 0 (4 df)

Iteration 6:  21000000 integrand evaluations so far
[1] 0 +- 4.84541e-20  	chisq 0 (5 df)

Iteration 7:  28000000 integrand evaluations so far
[1] 0 +- 4.19625e-20  	chisq 0 (6 df)

Iteration 8:  36000000 integrand evaluations so far
[1] 0 +- 3.70074e-20  	chisq 0 (7 df)

Iteration 9:  45000000 integrand evaluations so far
[1] 0 +- 3.31005e-20  	chisq 0 (8 df)

Iteration 10:  55000000 integrand evaluations so far
[1] 0 +- 2.99405e-20  	chisq 0 (9 df)
       0 ±   0.03 ·10⁻¹⁸ (5.33mi) ┃Vegas input parameters:
  ndim 8
  ncomp 1
  nvec 1
  epsrel 0
  epsabs 0
  flags 10
  seed 123456
  mineval 5000000
  maxeval 50000000
  nstart 1000000
  nincrease 1000000
  nbatch 5000
  gridno 0
  statefile ""

Iteration 1:  1000000 integrand evaluations so far
[1] 0 +- 2.22045e-19  	chisq 0 (0 df)

Iteration 2:  3000000 integrand evaluations so far
[1] 0 +- 1.28198e-19  	chisq 0 (1 df)

Iteration 3:  6000000 integrand evaluations so far
[1] 0 +- 9.06494e-20  	chisq 0 (2 df)

Iteration 4:  10000000 integrand evaluations so far
[1] 0 +- 7.02167e-20  	chisq 0 (3 df)

Iteration 5:  15000000 integrand evaluations so far
[1] 0 +- 5.73317e-20  	chisq 0 (4 df)

Iteration 6:  21000000 integrand evaluations so far
[1] 0 +- 4.84541e-20  	chisq 0 (5 df)

Iteration 7:  28000000 integrand evaluations so far
[1] 0 +- 4.19625e-20  	chisq 0 (6 df)

Iteration 8:  36000000 integrand evaluations so far
[1] 0 +- 3.70074e-20  	chisq 0 (7 df)

Iteration 9:  45000000 integrand evaluations so far
[1] 0 +- 3.31005e-20  	chisq 0 (8 df)

Iteration 10:  55000000 integrand evaluations so far
[1] 0 +- 2.99405e-20  	chisq 0 (9 df)
       0 ±   0.03 ·10⁻¹⁸ (1.81mi) ┃       0 ±  0.042 ·10⁻¹⁸ (7.17mi) ┃
┃    6 -     8 ┃   25 -    26 ┃  3.1715 ± 0.0031 ·10⁺⁰³ ( 41.6s) ┃ -4.3339 ± 0.0037 ·10⁺⁰³ ( 2.2mi) ┃Vegas input parameters:
  ndim 10
  ncomp 1
  nvec 1
  epsrel 0
  epsabs 0
  flags 10
  seed 123456
  mineval 50000000
  maxeval 50000000
  nstart 1000000
  nincrease 1000000
  nbatch 5000
  gridno 0
  statefile ""

Iteration 1:  1000000 integrand evaluations so far
[1] -3650.59 +- 1614.13  	chisq 0 (0 df)

Iteration 2:  3000000 integrand evaluations so far
[1] -3354.7 +- 1203.41  	chisq 0.0756524 (1 df)

Iteration 3:  6000000 integrand evaluations so far
[1] -3567.09 +- 1188.84  	chisq 1.37056 (2 df)

Iteration 4:  10000000 integrand evaluations so far
[1] -3298.95 +- 1071.6  	chisq 1.64187 (3 df)

Iteration 5:  15000000 integrand evaluations so far
[1] -3672.64 +- 759.156  	chisq 1.886 (4 df)

Iteration 6:  21000000 integrand evaluations so far
[1] -3541.54 +- 468.61  	chisq 1.93418 (5 df)

Iteration 7:  28000000 integrand evaluations so far
[1] -3407.35 +- 425.385  	chisq 2.40014 (6 df)

Iteration 8:  36000000 integrand evaluations so far
[1] -3271.69 +- 408.149  	chisq 3.68113 (7 df)

Iteration 9:  45000000 integrand evaluations so far
[1] -3307.27 +- 406.434  	chisq 4.58732 (8 df)

Iteration 10:  55000000 integrand evaluations so far
[1] -3487.74 +- 377.443  	chisq 6.02051 (9 df)
   -3.49 ±   0.38 ·10⁺⁰³ (5.66mi) ┃Vegas input parameters:
  ndim 8
  ncomp 1
  nvec 1
  epsrel 0
  epsabs 0
  flags 10
  seed 123456
  mineval 5000000
  maxeval 50000000
  nstart 1000000
  nincrease 1000000
  nbatch 5000
  gridno 0
  statefile ""

Iteration 1:  1000000 integrand evaluations so far
[1] 9454.75 +- 2076.01  	chisq 0 (0 df)

Iteration 2:  3000000 integrand evaluations so far
[1] 7787.38 +- 1195.6  	chisq 0.965205 (1 df)

Iteration 3:  6000000 integrand evaluations so far
[1] 6362.85 +- 484.92  	chisq 2.66435 (2 df)

Iteration 4:  10000000 integrand evaluations so far
[1] 6801.3 +- 413.124  	chisq 5.64591 (3 df)

Iteration 5:  15000000 integrand evaluations so far
[1] 7151.3 +- 370.211  	chisq 9.29014 (4 df)

Iteration 6:  21000000 integrand evaluations so far
[1] 7672.9 +- 190.353  	chisq 11.9887 (5 df)

Iteration 7:  28000000 integrand evaluations so far
[1] 7751.85 +- 107.139  	chisq 12.2405 (6 df)

Iteration 8:  36000000 integrand evaluations so far
[1] 7861.79 +- 83.3577  	chisq 14.908 (7 df)

Iteration 9:  45000000 integrand evaluations so far
[1] 7907.14 +- 59.5439  	chisq 15.5125 (8 df)

Iteration 10:  55000000 integrand evaluations so far
[1] 7890.61 +- 40.114  	chisq 15.6536 (9 df)
   7.891 ±   0.04 ·10⁺⁰³ (2.11mi) ┃    3.24 ±   0.38 ·10⁺⁰³ (10.7mi) ┃
┃    6 -     8 ┃   26 -    27 ┃  3.6584 ± 0.0022 ·10⁺⁰³ ( 50.7s) ┃ -4.9931 ± 0.0033 ·10⁺⁰³ (8.85mi) ┃Vegas input parameters:
  ndim 10
  ncomp 1
  nvec 1
  epsrel 0
  epsabs 0
  flags 10
  seed 123456
  mineval 50000000
  maxeval 50000000
  nstart 1000000
  nincrease 1000000
  nbatch 5000
  gridno 0
  statefile ""

Iteration 1:  1000000 integrand evaluations so far
[1] 1401.59 +- 4692.99  	chisq 0 (0 df)

Iteration 2:  3000000 integrand evaluations so far
[1] -6511.72 +- 1607.91  	chisq 3.22143 (1 df)

Iteration 3:  6000000 integrand evaluations so far
[1] -4351 +- 615.644  	chisq 5.33744 (2 df)

Iteration 4:  10000000 integrand evaluations so far
[1] -3722.02 +- 443.855  	chisq 7.51104 (3 df)

Iteration 5:  15000000 integrand evaluations so far
[1] -4052.01 +- 360.068  	chisq 9.12762 (4 df)

Iteration 6:  21000000 integrand evaluations so far
[1] -4134.32 +- 343.878  	chisq 9.72214 (5 df)

Iteration 7:  28000000 integrand evaluations so far
[1] -4247.41 +- 321.375  	chisq 10.5765 (6 df)

Iteration 8:  36000000 integrand evaluations so far
[1] -4224.11 +- 320.66  	chisq 11.7603 (7 df)

Iteration 9:  45000000 integrand evaluations so far
[1] -3988.2 +- 290.652  	chisq 14.794 (8 df)

Iteration 10:  55000000 integrand evaluations so far
[1] -3986.12 +- 231.268  	chisq 14.7941 (9 df)
   -3.99 ±   0.23 ·10⁺⁰³ (5.81mi) ┃Vegas input parameters:
  ndim 8
  ncomp 1
  nvec 1
  epsrel 0
  epsabs 0
  flags 10
  seed 123456
  mineval 5000000
  maxeval 50000000
  nstart 1000000
  nincrease 1000000
  nbatch 5000
  gridno 0
  statefile ""

Iteration 1:  1000000 integrand evaluations so far
[1] 11895.1 +- 2719.57  	chisq 0 (0 df)

Iteration 2:  3000000 integrand evaluations so far
[1] 9127.81 +- 973.709  	chisq 1.18763 (1 df)

Iteration 3:  6000000 integrand evaluations so far
[1] 9324.97 +- 933.351  	chisq 1.69268 (2 df)

Iteration 4:  10000000 integrand evaluations so far
[1] 8459.79 +- 357.785  	chisq 2.69995 (3 df)

Iteration 5:  15000000 integrand evaluations so far
[1] 8597.72 +- 184.723  	chisq 2.90259 (4 df)

Iteration 6:  21000000 integrand evaluations so far
[1] 8907.88 +- 139.028  	chisq 9.40534 (5 df)

Iteration 7:  28000000 integrand evaluations so far
[1] 9097.56 +- 82.563  	chisq 12.2807 (6 df)

Iteration 8:  36000000 integrand evaluations so far
[1] 9174.27 +- 52.0664  	chisq 13.7138 (7 df)

Iteration 9:  45000000 integrand evaluations so far
[1] 9171.25 +- 37.3142  	chisq 13.7208 (8 df)

Iteration 10:  55000000 integrand evaluations so far
[1] 9185.47 +- 30.2337  	chisq 14.144 (9 df)
   9.185 ±   0.03 ·10⁺⁰³ (2.09mi) ┃    3.86 ±   0.23 ·10⁺⁰³ (17.6mi) ┃
┃    6 -     8 ┃   27 -    28 ┃  4.2119 ± 0.0041 ·10⁺⁰³ (   42s) ┃ -5.8326 ± 0.0023 ·10⁺⁰³ (17.3mi) ┃Vegas input parameters:
  ndim 10
  ncomp 1
  nvec 1
  epsrel 0
  epsabs 0
  flags 10
  seed 123456
  mineval 50000000
  maxeval 50000000
  nstart 1000000
  nincrease 1000000
  nbatch 5000
  gridno 0
  statefile ""

Iteration 1:  1000000 integrand evaluations so far
[1] 7996.88 +- 10154.3  	chisq 0 (0 df)

Iteration 2:  3000000 integrand evaluations so far
[1] -6420.49 +- 3650.1  	chisq 2.31504 (1 df)

Iteration 3:  6000000 integrand evaluations so far
[1] -3741.54 +- 1493.46  	chisq 2.96201 (2 df)

Iteration 4:  10000000 integrand evaluations so far
[1] -4584.32 +- 1166.91  	chisq 3.77961 (3 df)

Iteration 5:  15000000 integrand evaluations so far
[1] -4970.85 +- 973.984  	chisq 4.14133 (4 df)

Iteration 6:  21000000 integrand evaluations so far
[1] -4967.42 +- 581.955  	chisq 4.14135 (5 df)

Iteration 7:  28000000 integrand evaluations so far
[1] -4933.35 +- 488.332  	chisq 4.15294 (6 df)

Iteration 8:  36000000 integrand evaluations so far
[1] -4810.43 +- 380.479  	chisq 4.31418 (7 df)

Iteration 9:  45000000 integrand evaluations so far
[1] -4850.27 +- 321.418  	chisq 4.35246 (8 df)

Iteration 10:  55000000 integrand evaluations so far
[1] -4852.53 +- 299.14  	chisq 4.35283 (9 df)
   -4.85 ±    0.3 ·10⁺⁰³ (5.86mi) ┃Vegas input parameters:
  ndim 8
  ncomp 1
  nvec 1
  epsrel 0
  epsabs 0
  flags 10
  seed 123456
  mineval 5000000
  maxeval 50000000
  nstart 1000000
  nincrease 1000000
  nbatch 5000
  gridno 0
  statefile ""

Iteration 1:  1000000 integrand evaluations so far
[1] 10033.7 +- 2028.39  	chisq 0 (0 df)

Iteration 2:  3000000 integrand evaluations so far
[1] 7937.98 +- 728.278  	chisq 1.22544 (1 df)

Iteration 3:  6000000 integrand evaluations so far
[1] 8363.71 +- 671.086  	chisq 3.49016 (2 df)

Iteration 4:  10000000 integrand evaluations so far
[1] 9441.93 +- 399.463  	chisq 7.48811 (3 df)

Iteration 5:  15000000 integrand evaluations so far
[1] 10049.3 +- 189.026  	chisq 10.4672 (4 df)

Iteration 6:  21000000 integrand evaluations so far
[1] 10319.9 +- 134.434  	chisq 14.6148 (5 df)

Iteration 7:  28000000 integrand evaluations so far
[1] 10385.1 +- 124.647  	chisq 16.2901 (6 df)

Iteration 8:  36000000 integrand evaluations so far
[1] 10400 +- 90.8784  	chisq 16.3204 (7 df)

Iteration 9:  45000000 integrand evaluations so far
[1] 10427 +- 57.9394  	chisq 16.4697 (8 df)

Iteration 10:  55000000 integrand evaluations so far
[1] 10512.9 +- 44.9417  	chisq 21.9884 (9 df)
  10.513 ±  0.045 ·10⁺⁰³ (2.09mi) ┃    4.04 ±    0.3 ·10⁺⁰³ (25.9mi) ┃
┃    6 -     8 ┃   28 -    29 ┃  4.8411 ± 0.0041 ·10⁺⁰³ ( 13.5s) ┃ -6.7238 ± 0.0029 ·10⁺⁰³ (9.42mi) ┃Vegas input parameters:
  ndim 10
  ncomp 1
  nvec 1
  epsrel 0
  epsabs 0
  flags 10
  seed 123456
  mineval 50000000
  maxeval 50000000
  nstart 1000000
  nincrease 1000000
  nbatch 5000
  gridno 0
  statefile ""

Iteration 1:  1000000 integrand evaluations so far
[1] -7601.13 +- 2187.85  	chisq 0 (0 df)

Iteration 2:  3000000 integrand evaluations so far
[1] -7729.02 +- 2183.56  	chisq 0.872591 (1 df)

Iteration 3:  6000000 integrand evaluations so far
[1] -6906.99 +- 1095.79  	chisq 1.06202 (2 df)

Iteration 4:  10000000 integrand evaluations so far
[1] -6897.25 +- 810.034  	chisq 1.0622 (3 df)

Iteration 5:  15000000 integrand evaluations so far
[1] -6503.91 +- 633.426  	chisq 1.66908 (4 df)

Iteration 6:  21000000 integrand evaluations so far
[1] -6639.94 +- 552.697  	chisq 1.86231 (5 df)

Iteration 7:  28000000 integrand evaluations so far
[1] -6594.19 +- 534.216  	chisq 1.96651 (6 df)

Iteration 8:  36000000 integrand evaluations so far
[1] -6494.63 +- 473.93  	chisq 2.1296 (7 df)

Iteration 9:  45000000 integrand evaluations so far
[1] -6480.89 +- 459.765  	chisq 2.14387 (8 df)

Iteration 10:  55000000 integrand evaluations so far
[1] -6335.06 +- 400.272  	chisq 2.55951 (9 df)
   -6.34 ±    0.4 ·10⁺⁰³ (5.92mi) ┃Vegas input parameters:
  ndim 8
  ncomp 1
  nvec 1
  epsrel 0
  epsabs 0
  flags 10
  seed 123456
  mineval 5000000
  maxeval 50000000
  nstart 1000000
  nincrease 1000000
  nbatch 5000
  gridno 0
  statefile ""

Iteration 1:  1000000 integrand evaluations so far
[1] 10240.2 +- 2963.94  	chisq 0 (0 df)

Iteration 2:  3000000 integrand evaluations so far
[1] 10436.3 +- 1814.72  	chisq 0.00700165 (1 df)

Iteration 3:  6000000 integrand evaluations so far
[1] 11473.6 +- 777.608  	chisq 0.407226 (2 df)

Iteration 4:  10000000 integrand evaluations so far
[1] 11707.7 +- 329.913  	chisq 0.51773 (3 df)

Iteration 5:  15000000 integrand evaluations so far
[1] 11776.2 +- 324.304  	chisq 1.79682 (4 df)

Iteration 6:  21000000 integrand evaluations so far
[1] 11895.9 +- 218.441  	chisq 2.04611 (5 df)

Iteration 7:  28000000 integrand evaluations so far
[1] 12013.4 +- 119.171  	chisq 2.45814 (6 df)

Iteration 8:  36000000 integrand evaluations so far
[1] 12076.5 +- 76.3641  	chisq 2.93437 (7 df)

Iteration 9:  45000000 integrand evaluations so far
[1] 12051.5 +- 52.2313  	chisq 3.13591 (8 df)

Iteration 10:  55000000 integrand evaluations so far
[1] 12119.2 +- 47.5964  	chisq 13.0445 (9 df)
  12.119 ±  0.048 ·10⁺⁰³ (2.12mi) ┃     3.9 ±    0.4 ·10⁺⁰³ (17.7mi) ┃
┃    6 -     8 ┃   29 -    30 ┃  5.6044 ± 0.0015 ·10⁺⁰³ ( 11.8s) ┃ -7.7699 ± 0.0054 ·10⁺⁰³ (9.24mi) ┃Vegas input parameters:
  ndim 10
  ncomp 1
  nvec 1
  epsrel 0
  epsabs 0
  flags 10
  seed 123456
  mineval 50000000
  maxeval 50000000
  nstart 1000000
  nincrease 1000000
  nbatch 5000
  gridno 0
  statefile ""

Iteration 1:  1000000 integrand evaluations so far
[1] -5237.33 +- 1420.26  	chisq 0 (0 df)

Iteration 2:  3000000 integrand evaluations so far
[1] -4603.2 +- 1317.32  	chisq 1.427 (1 df)

Iteration 3:  6000000 integrand evaluations so far
[1] -5932.31 +- 1082.11  	chisq 4.55711 (2 df)

Iteration 4:  10000000 integrand evaluations so far
[1] -4698.39 +- 816.976  	chisq 7.58094 (3 df)

Iteration 5:  15000000 integrand evaluations so far
[1] -5167.9 +- 768.984  	chisq 10.4771 (4 df)

Iteration 6:  21000000 integrand evaluations so far
[1] -5460.88 +- 688.396  	chisq 11.208 (5 df)

Iteration 7:  28000000 integrand evaluations so far
[1] -5869.42 +- 513.323  	chisq 12.0013 (6 df)

Iteration 8:  36000000 integrand evaluations so far
[1] -5810.1 +- 510.159  	chisq 13.0875 (7 df)

Iteration 9:  45000000 integrand evaluations so far
[1] -5774.96 +- 505.838  	chisq 13.3689 (8 df)

Iteration 10:  55000000 integrand evaluations so far
[1] -5694.26 +- 492.118  	chisq 13.8445 (9 df)
   -5.69 ±   0.49 ·10⁺⁰³ (5.94mi) ┃Vegas input parameters:
  ndim 8
  ncomp 1
  nvec 1
  epsrel 0
  epsabs 0
  flags 10
  seed 123456
  mineval 5000000
  maxeval 50000000
  nstart 1000000
  nincrease 1000000
  nbatch 5000
  gridno 0
  statefile ""

Iteration 1:  1000000 integrand evaluations so far
[1] 12013.7 +- 2504.45  	chisq 0 (0 df)

Iteration 2:  3000000 integrand evaluations so far
[1] 13189.7 +- 1865.48  	chisq 0.495366 (1 df)

Iteration 3:  6000000 integrand evaluations so far
[1] 14467.7 +- 1175.49  	chisq 1.27371 (2 df)

Iteration 4:  10000000 integrand evaluations so far
[1] 13770.5 +- 595.867  	chisq 1.74715 (3 df)

Iteration 5:  15000000 integrand evaluations so far
[1] 13875.7 +- 271.134  	chisq 1.78645 (4 df)

Iteration 6:  21000000 integrand evaluations so far
[1] 13858.3 +- 130.663  	chisq 1.7918 (5 df)

Iteration 7:  28000000 integrand evaluations so far
[1] 14039.6 +- 82.7111  	chisq 5.00641 (6 df)

Iteration 8:  36000000 integrand evaluations so far
[1] 14026.8 +- 59.1573  	chisq 5.05565 (7 df)

Iteration 9:  45000000 integrand evaluations so far
[1] 14011.7 +- 48.5516  	chisq 5.25675 (8 df)

Iteration 10:  55000000 integrand evaluations so far
[1] 14057.1 +- 41.8296  	chisq 8.65279 (9 df)
  14.057 ±  0.042 ·10⁺⁰³ (2.11mi) ┃     6.2 ±   0.49 ·10⁺⁰³ (17.5mi) ┃
┃    6 -     8 ┃   30 -    31 ┃  6.5391 ± 0.0064 ·10⁺⁰³ ( 13.7s) ┃ -9.0437 ± 0.0018 ·10⁺⁰³ (10.2mi) ┃Vegas input parameters:
  ndim 10
  ncomp 1
  nvec 1
  epsrel 0
  epsabs 0
  flags 10
  seed 123456
  mineval 50000000
  maxeval 50000000
  nstart 1000000
  nincrease 1000000
  nbatch 5000
  gridno 0
  statefile ""

Iteration 1:  1000000 integrand evaluations so far
[1] -3113.04 +- 6212.58  	chisq 0 (0 df)

Iteration 2:  3000000 integrand evaluations so far
[1] -3940.53 +- 4826.66  	chisq 0.044755 (1 df)

Iteration 3:  6000000 integrand evaluations so far
[1] -10561.3 +- 2643.81  	chisq 2.73284 (2 df)

Iteration 4:  10000000 integrand evaluations so far
[1] -9588.56 +- 1401.97  	chisq 2.92118 (3 df)

Iteration 5:  15000000 integrand evaluations so far
[1] -9123.84 +- 1098  	chisq 3.20536 (4 df)

Iteration 6:  21000000 integrand evaluations so far
[1] -8546.99 +- 884.211  	chisq 3.99059 (5 df)

Iteration 7:  28000000 integrand evaluations so far
[1] -7990.15 +- 742.072  	chisq 5.33197 (6 df)

Iteration 8:  36000000 integrand evaluations so far
[1] -7484.04 +- 593.551  	chisq 6.62325 (7 df)

Iteration 9:  45000000 integrand evaluations so far
[1] -7962.28 +- 508.767  	chisq 9.07046 (8 df)

Iteration 10:  55000000 integrand evaluations so far
[1] -7936.78 +- 451.655  	chisq 9.08232 (9 df)
   -7.94 ±   0.45 ·10⁺⁰³ (5.93mi) ┃Vegas input parameters:
  ndim 8
  ncomp 1
  nvec 1
  epsrel 0
  epsabs 0
  flags 10
  seed 123456
  mineval 5000000
  maxeval 50000000
  nstart 1000000
  nincrease 1000000
  nbatch 5000
  gridno 0
  statefile ""

Iteration 1:  1000000 integrand evaluations so far
[1] 13609.6 +- 2451.05  	chisq 0 (0 df)

Iteration 2:  3000000 integrand evaluations so far
[1] 15912.7 +- 1680.46  	chisq 1.666 (1 df)

Iteration 3:  6000000 integrand evaluations so far
[1] 17245.9 +- 1111.95  	chisq 2.78566 (2 df)

Iteration 4:  10000000 integrand evaluations so far
[1] 16017.6 +- 389.374  	chisq 4.17636 (3 df)

Iteration 5:  15000000 integrand evaluations so far
[1] 16280 +- 338.324  	chisq 6.02999 (4 df)

Iteration 6:  21000000 integrand evaluations so far
[1] 16361.7 +- 195.908  	chisq 6.11758 (5 df)

Iteration 7:  28000000 integrand evaluations so far
[1] 16499.4 +- 112.279  	chisq 6.85363 (6 df)

Iteration 8:  36000000 integrand evaluations so far
[1] 16507.4 +- 75.9543  	chisq 6.86291 (7 df)

Iteration 9:  45000000 integrand evaluations so far
[1] 16359.4 +- 56.677  	chisq 15.4256 (8 df)

Iteration 10:  55000000 integrand evaluations so far
[1] 16411.3 +- 46.4606  	chisq 17.9827 (9 df)
  16.411 ±  0.046 ·10⁺⁰³ (2.13mi) ┃    5.97 ±   0.45 ·10⁺⁰³ (18.5mi) ┃
┃    6 -     8 ┃   31 -    32 ┃  7.7666 ± 0.0067 ·10⁺⁰³ (   22s) ┃-10.7234 ±  0.004 ·10⁺⁰³ (5.36mi) ┃Vegas input parameters:
  ndim 10
  ncomp 1
  nvec 1
  epsrel 0
  epsabs 0
  flags 10
  seed 123456
  mineval 50000000
  maxeval 50000000
  nstart 1000000
  nincrease 1000000
  nbatch 5000
  gridno 0
  statefile ""

Iteration 1:  1000000 integrand evaluations so far
[1] -18843.3 +- 11512.3  	chisq 0 (0 df)

Iteration 2:  3000000 integrand evaluations so far
[1] -11357.1 +- 2357.7  	chisq 0.441375 (1 df)

Iteration 3:  6000000 integrand evaluations so far
[1] -11384 +- 1814.1  	chisq 0.441694 (2 df)

Iteration 4:  10000000 integrand evaluations so far
[1] -10753.6 +- 1768.17  	chisq 2.8569 (3 df)

Iteration 5:  15000000 integrand evaluations so far
[1] -10898.5 +- 1757.09  	chisq 3.39418 (4 df)

Iteration 6:  21000000 integrand evaluations so far
[1] -10685.8 +- 1533.31  	chisq 3.45557 (5 df)

Iteration 7:  28000000 integrand evaluations so far
[1] -11163.5 +- 1419.67  	chisq 4.13549 (6 df)

Iteration 8:  36000000 integrand evaluations so far
[1] -11029.8 +- 1415.59  	chisq 5.68023 (7 df)

Iteration 9:  45000000 integrand evaluations so far
[1] -10091.4 +- 1197.31  	chisq 7.2245 (8 df)

Iteration 10:  55000000 integrand evaluations so far
[1] -10176.7 +- 1079.1  	chisq 7.25155 (9 df)
   -10.2 ±    1.1 ·10⁺⁰³ (   6mi) ┃Vegas input parameters:
  ndim 8
  ncomp 1
  nvec 1
  epsrel 0
  epsabs 0
  flags 10
  seed 123456
  mineval 5000000
  maxeval 50000000
  nstart 1000000
  nincrease 1000000
  nbatch 5000
  gridno 0
  statefile ""

Iteration 1:  1000000 integrand evaluations so far
[1] 14641.8 +- 2352.1  	chisq 0 (0 df)

Iteration 2:  3000000 integrand evaluations so far
[1] 17427.7 +- 847.355  	chisq 1.61212 (1 df)

Iteration 3:  6000000 integrand evaluations so far
[1] 18233.6 +- 573.372  	chisq 3.28053 (2 df)

Iteration 4:  10000000 integrand evaluations so far
[1] 18962.8 +- 410.668  	chisq 6.60197 (3 df)

Iteration 5:  15000000 integrand evaluations so far
[1] 19344.9 +- 208.53  	chisq 7.76801 (4 df)

Iteration 6:  21000000 integrand evaluations so far
[1] 19484.3 +- 124.796  	chisq 8.46483 (5 df)

Iteration 7:  28000000 integrand evaluations so far
[1] 19465.5 +- 86.5618  	chisq 8.50873 (6 df)

Iteration 8:  36000000 integrand evaluations so far
[1] 19419.7 +- 65.8837  	chisq 9.17551 (7 df)

Iteration 9:  45000000 integrand evaluations so far
[1] 19392.3 +- 53.5838  	chisq 9.6862 (8 df)

Iteration 10:  55000000 integrand evaluations so far
[1] 19459.7 +- 45.9866  	chisq 15.7072 (9 df)
   19.46 ±  0.046 ·10⁺⁰³ (2.12mi) ┃     6.3 ±    1.1 ·10⁺⁰³ (13.9mi) ┃
┃    6 -     8 ┃   32 -    33 ┃  9.1719 ± 0.0075 ·10⁺⁰³ ( 40.9s) ┃-12.6192 ±  0.003 ·10⁺⁰³ (5.43mi) ┃Vegas input parameters:
  ndim 10
  ncomp 1
  nvec 1
  epsrel 0
  epsabs 0
  flags 10
  seed 123456
  mineval 50000000
  maxeval 50000000
  nstart 1000000
  nincrease 1000000
  nbatch 5000
  gridno 0
  statefile ""

Iteration 1:  1000000 integrand evaluations so far
[1] -7167.25 +- 4275.45  	chisq 0 (0 df)

Iteration 2:  3000000 integrand evaluations so far
[1] -8402.12 +- 2314.72  	chisq 0.118012 (1 df)

Iteration 3:  6000000 integrand evaluations so far
[1] -7659.97 +- 1894.03  	chisq 0.429088 (2 df)

Iteration 4:  10000000 integrand evaluations so far
[1] -9630.22 +- 1211.3  	chisq 2.26011 (3 df)

Iteration 5:  15000000 integrand evaluations so far
[1] -9429.71 +- 1176.16  	chisq 2.73934 (4 df)

Iteration 6:  21000000 integrand evaluations so far
[1] -9003.49 +- 1092.58  	chisq 3.69742 (5 df)

Iteration 7:  28000000 integrand evaluations so far
[1] -9444.2 +- 1042.98  	chisq 5.53124 (6 df)

Iteration 8:  36000000 integrand evaluations so far
[1] -9628.54 +- 882.382  	chisq 5.64113 (7 df)

Iteration 9:  45000000 integrand evaluations so far
[1] -9522.74 +- 746.343  	chisq 5.69165 (8 df)

Iteration 10:  55000000 integrand evaluations so far
[1] -10093.4 +- 672.391  	chisq 8.79528 (9 df)
  -10.09 ±   0.67 ·10⁺⁰³ ( 5.9mi) ┃Vegas input parameters:
  ndim 8
  ncomp 1
  nvec 1
  epsrel 0
  epsabs 0
  flags 10
  seed 123456
  mineval 5000000
  maxeval 50000000
  nstart 1000000
  nincrease 1000000
  nbatch 5000
  gridno 0
  statefile ""

Iteration 1:  1000000 integrand evaluations so far
[1] 29550.9 +- 3770.95  	chisq 0 (0 df)

Iteration 2:  3000000 integrand evaluations so far
[1] 22370.2 +- 894.739  	chisq 3.84229 (1 df)

Iteration 3:  6000000 integrand evaluations so far
[1] 22222.7 +- 585.054  	chisq 3.88976 (2 df)

Iteration 4:  10000000 integrand evaluations so far
[1] 22464.9 +- 379.916  	chisq 4.18612 (3 df)

Iteration 5:  15000000 integrand evaluations so far
[1] 22864.9 +- 252.172  	chisq 6.1678 (4 df)

Iteration 6:  21000000 integrand evaluations so far
[1] 22742.7 +- 161.494  	chisq 6.5662 (5 df)

Iteration 7:  28000000 integrand evaluations so far
[1] 22645.5 +- 106.77  	chisq 7.21027 (6 df)

Iteration 8:  36000000 integrand evaluations so far
[1] 22651 +- 80.4219  	chisq 7.2166 (7 df)

Iteration 9:  45000000 integrand evaluations so far
[1] 22666.8 +- 65.0332  	chisq 7.32756 (8 df)

Iteration 10:  55000000 integrand evaluations so far
[1] 22720.8 +- 55.1299  	chisq 9.77788 (9 df)
  22.721 ±  0.055 ·10⁺⁰³ (2.09mi) ┃    9.18 ±   0.67 ·10⁺⁰³ (14.1mi) ┃
┃    6 -     8 ┃   33 -    34 ┃ 10.2647 ± 0.0077 ·10⁺⁰³ ( 14.6s) ┃ -14.175 ±  0.012 ·10⁺⁰³ (1.46mi) ┃Vegas input parameters:
  ndim 10
  ncomp 1
  nvec 1
  epsrel 0
  epsabs 0
  flags 10
  seed 123456
  mineval 50000000
  maxeval 50000000
  nstart 1000000
  nincrease 1000000
  nbatch 5000
  gridno 0
  statefile ""

Iteration 1:  1000000 integrand evaluations so far
[1] 14806.8 +- 55079.9  	chisq 0 (0 df)

Iteration 2:  3000000 integrand evaluations so far
[1] -11412.4 +- 3359.26  	chisq 0.227442 (1 df)

Iteration 3:  6000000 integrand evaluations so far
[1] -11452.6 +- 3253.48  	chisq 0.229759 (2 df)

Iteration 4:  10000000 integrand evaluations so far
[1] -10459.3 +- 2116.96  	chisq 0.391427 (3 df)

Iteration 5:  15000000 integrand evaluations so far
[1] -11103.6 +- 1933.37  	chisq 0.949664 (4 df)

Iteration 6:  21000000 integrand evaluations so far
[1] -10784.9 +- 1784.81  	chisq 1.13357 (5 df)

Iteration 7:  28000000 integrand evaluations so far
[1] -10495.4 +- 1523.25  	chisq 1.23044 (6 df)

Iteration 8:  36000000 integrand evaluations so far
[1] -11051 +- 1452.76  	chisq 2.70199 (7 df)

Iteration 9:  45000000 integrand evaluations so far
[1] -10434.8 +- 1166.88  	chisq 3.20891 (8 df)

Iteration 10:  55000000 integrand evaluations so far
[1] -11185 +- 947.221  	chisq 4.42083 (9 df)
  -11.19 ±   0.95 ·10⁺⁰³ (6.04mi) ┃Vegas input parameters:
  ndim 8
  ncomp 1
  nvec 1
  epsrel 0
  epsabs 0
  flags 10
  seed 123456
  mineval 5000000
  maxeval 50000000
  nstart 1000000
  nincrease 1000000
  nbatch 5000
  gridno 0
  statefile ""

Iteration 1:  1000000 integrand evaluations so far
[1] 19804.4 +- 2729.17  	chisq 0 (0 df)

Iteration 2:  3000000 integrand evaluations so far
[1] 23504.9 +- 1106.13  	chisq 2.1999 (1 df)

Iteration 3:  6000000 integrand evaluations so far
[1] 25062.6 +- 644.781  	chisq 5.20379 (2 df)

Iteration 4:  10000000 integrand evaluations so far
[1] 25040.3 +- 286.733  	chisq 5.20529 (3 df)

Iteration 5:  15000000 integrand evaluations so far
[1] 25095.9 +- 165.923  	chisq 5.26194 (4 df)

Iteration 6:  21000000 integrand evaluations so far
[1] 25194.2 +- 118.124  	chisq 5.97312 (5 df)

Iteration 7:  28000000 integrand evaluations so far
[1] 25331.7 +- 92.1162  	chisq 9.43222 (6 df)

Iteration 8:  36000000 integrand evaluations so far
[1] 25268.1 +- 75.4369  	chisq 10.878 (7 df)

Iteration 9:  45000000 integrand evaluations so far
[1] 25314.6 +- 64.2843  	chisq 12.2649 (8 df)

Iteration 10:  55000000 integrand evaluations so far
[1] 25368.8 +- 56.2326  	chisq 15.2906 (9 df)
  25.369 ±  0.056 ·10⁺⁰³ (2.12mi) ┃   10.27 ±   0.95 ·10⁺⁰³ (9.86mi) ┃
┃    6 -     8 ┃   34 -    35 ┃  11.523 ± 0.0079 ·10⁺⁰³ ( 13.9s) ┃-15.9437 ± 0.0045 ·10⁺⁰³ (5.68mi) ┃Vegas input parameters:
  ndim 10
  ncomp 1
  nvec 1
  epsrel 0
  epsabs 0
  flags 10
  seed 123456
  mineval 50000000
  maxeval 50000000
  nstart 1000000
  nincrease 1000000
  nbatch 5000
  gridno 0
  statefile ""

Iteration 1:  1000000 integrand evaluations so far
[1] -8271.59 +- 3154.97  	chisq 0 (0 df)

Iteration 2:  3000000 integrand evaluations so far
[1] -9916.81 +- 2259.69  	chisq 0.558368 (1 df)

Iteration 3:  6000000 integrand evaluations so far
[1] -11389.8 +- 1217.3  	chisq 1.15698 (2 df)

Iteration 4:  10000000 integrand evaluations so far
[1] -11558.2 +- 968.081  	chisq 1.20908 (3 df)

Iteration 5:  15000000 integrand evaluations so far
[1] -11276.4 +- 892.814  	chisq 1.77598 (4 df)

Iteration 6:  21000000 integrand evaluations so far
[1] -11389.5 +- 739.373  	chisq 1.82701 (5 df)

Iteration 7:  28000000 integrand evaluations so far
[1] -11721.8 +- 705.867  	chisq 4.10704 (6 df)

Iteration 8:  36000000 integrand evaluations so far
[1] -11421.3 +- 682.732  	chisq 6.91687 (7 df)

Iteration 9:  45000000 integrand evaluations so far
[1] -12064.2 +- 615.19  	chisq 11.6306 (8 df)

Iteration 10:  55000000 integrand evaluations so far
[1] -11574 +- 561.849  	chisq 15.4578 (9 df)
  -11.57 ±   0.56 ·10⁺⁰³ (5.95mi) ┃Vegas input parameters:
  ndim 8
  ncomp 1
  nvec 1
  epsrel 0
  epsabs 0
  flags 10
  seed 123456
  mineval 5000000
  maxeval 50000000
  nstart 1000000
  nincrease 1000000
  nbatch 5000
  gridno 0
  statefile ""

Iteration 1:  1000000 integrand evaluations so far
[1] 28931.4 +- 3968.78  	chisq 0 (0 df)

Iteration 2:  3000000 integrand evaluations so far
[1] 29925.8 +- 1726.55  	chisq 0.077438 (1 df)

Iteration 3:  6000000 integrand evaluations so far
[1] 28534.3 +- 514.22  	chisq 0.790186 (2 df)

Iteration 4:  10000000 integrand evaluations so far
[1] 28351.2 +- 262.979  	chisq 0.961975 (3 df)

Iteration 5:  15000000 integrand evaluations so far
[1] 28595.5 +- 171.391  	chisq 2.46243 (4 df)

Iteration 6:  21000000 integrand evaluations so far
[1] 28486.3 +- 124.512  	chisq 3.32212 (5 df)

Iteration 7:  28000000 integrand evaluations so far
[1] 28538.1 +- 98.333  	chisq 3.78294 (6 df)

Iteration 8:  36000000 integrand evaluations so far
[1] 28494.8 +- 80.7901  	chisq 4.37946 (7 df)

Iteration 9:  45000000 integrand evaluations so far
[1] 28524.2 +- 69.4125  	chisq 4.88421 (8 df)

Iteration 10:  55000000 integrand evaluations so far
[1] 28549.8 +- 60.9114  	chisq 5.47498 (9 df)
   28.55 ±  0.061 ·10⁺⁰³ (2.14mi) ┃   12.56 ±   0.57 ·10⁺⁰³ (  14mi) ┃
┃    6 -     8 ┃   35 -    36 ┃ 13.4907 ± 0.0023 ·10⁺⁰³ ( 23.3s) ┃ -18.552 ±  0.017 ·10⁺⁰³ (1.53mi) ┃Vegas input parameters:
  ndim 10
  ncomp 1
  nvec 1
  epsrel 0
  epsabs 0
  flags 10
  seed 123456
  mineval 50000000
  maxeval 50000000
  nstart 1000000
  nincrease 1000000
  nbatch 5000
  gridno 0
  statefile ""

Iteration 1:  1000000 integrand evaluations so far
[1] -11523.9 +- 5279.72  	chisq 0 (0 df)

Iteration 2:  3000000 integrand evaluations so far
[1] -9439.62 +- 2992.97  	chisq 0.229644 (1 df)

Iteration 3:  6000000 integrand evaluations so far
[1] -11573.1 +- 2275.63  	chisq 1.43396 (2 df)

Iteration 4:  10000000 integrand evaluations so far
[1] -12986.7 +- 1615.75  	chisq 2.21215 (3 df)

Iteration 5:  15000000 integrand evaluations so far
[1] -13409.7 +- 1579.31  	chisq 3.74898 (4 df)

Iteration 6:  21000000 integrand evaluations so far
[1] -13808.5 +- 1281.2  	chisq 3.93548 (5 df)

Iteration 7:  28000000 integrand evaluations so far
[1] -14073.7 +- 1142.05  	chisq 4.14416 (6 df)

Iteration 8:  36000000 integrand evaluations so far
[1] -14428.3 +- 976.026  	chisq 4.50164 (7 df)

Iteration 9:  45000000 integrand evaluations so far
[1] -15226.1 +- 834.491  	chisq 6.9859 (8 df)

Iteration 10:  55000000 integrand evaluations so far
[1] -15267.4 +- 779.066  	chisq 7.00493 (9 df)
  -15.27 ±   0.78 ·10⁺⁰³ (6.03mi) ┃Vegas input parameters:
  ndim 8
  ncomp 1
  nvec 1
  epsrel 0
  epsabs 0
  flags 10
  seed 123456
  mineval 5000000
  maxeval 50000000
  nstart 1000000
  nincrease 1000000
  nbatch 5000
  gridno 0
  statefile ""

Iteration 1:  1000000 integrand evaluations so far
[1] 34374.9 +- 3908.53  	chisq 0 (0 df)

Iteration 2:  3000000 integrand evaluations so far
[1] 32769.9 +- 1042.89  	chisq 0.181553 (1 df)

Iteration 3:  6000000 integrand evaluations so far
[1] 33289.3 +- 954.698  	chisq 1.7132 (2 df)

Iteration 4:  10000000 integrand evaluations so far
[1] 32826.1 +- 507.4  	chisq 2.04125 (3 df)

Iteration 5:  15000000 integrand evaluations so far
[1] 32793 +- 243.736  	chisq 2.04681 (4 df)

Iteration 6:  21000000 integrand evaluations so far
[1] 32904.5 +- 157.706  	chisq 2.40694 (5 df)

Iteration 7:  28000000 integrand evaluations so far
[1] 33056.2 +- 121.686  	chisq 4.69401 (6 df)

Iteration 8:  36000000 integrand evaluations so far
[1] 33091.7 +- 99.2587  	chisq 4.9487 (7 df)

Iteration 9:  45000000 integrand evaluations so far
[1] 33099.2 +- 83.3234  	chisq 4.96771 (8 df)

Iteration 10:  55000000 integrand evaluations so far
[1] 33175.6 +- 72.338  	chisq 8.38409 (9 df)
  33.176 ±  0.072 ·10⁺⁰³ (2.16mi) ┃   12.85 ±   0.78 ·10⁺⁰³ (10.1mi) ┃
┃    6 -     8 ┃   36 -    37 ┃ 17.5572 ±  0.008 ·10⁺⁰³ ( 24.7s) ┃ -24.093 ±  0.022 ·10⁺⁰³ (1.21mi) ┃Vegas input parameters:
  ndim 10
  ncomp 1
  nvec 1
  epsrel 0
  epsabs 0
  flags 10
  seed 123456
  mineval 50000000
  maxeval 50000000
  nstart 1000000
  nincrease 1000000
  nbatch 5000
  gridno 0
  statefile ""

Iteration 1:  1000000 integrand evaluations so far
[1] -13462.9 +- 8697.71  	chisq 0 (0 df)

Iteration 2:  3000000 integrand evaluations so far
[1] -14879.3 +- 3870.98  	chisq 0.033073 (1 df)

Iteration 3:  6000000 integrand evaluations so far
[1] -16595 +- 2996.53  	chisq 0.523218 (2 df)

Iteration 4:  10000000 integrand evaluations so far
[1] -16451.2 +- 2433.84  	chisq 0.529981 (3 df)

Iteration 5:  15000000 integrand evaluations so far
[1] -20499.7 +- 1769.1  	chisq 6.39645 (4 df)

Iteration 6:  21000000 integrand evaluations so far
[1] -19880.1 +- 1276.03  	chisq 6.65213 (5 df)

Iteration 7:  28000000 integrand evaluations so far
[1] -19622.7 +- 1223.53  	chisq 7.15716 (6 df)

Iteration 8:  36000000 integrand evaluations so far
[1] -19916.8 +- 1185.05  	chisq 8.09067 (7 df)

Iteration 9:  45000000 integrand evaluations so far
[1] -20001.6 +- 1120.07  	chisq 8.13863 (8 df)

Iteration 10:  55000000 integrand evaluations so far
[1] -19413.3 +- 965.752  	chisq 9.21365 (9 df)
  -19.41 ±   0.97 ·10⁺⁰³ (   6mi) ┃Vegas input parameters:
  ndim 8
  ncomp 1
  nvec 1
  epsrel 0
  epsabs 0
  flags 10
  seed 123456
  mineval 5000000
  maxeval 50000000
  nstart 1000000
  nincrease 1000000
  nbatch 5000
  gridno 0
  statefile ""

Iteration 1:  1000000 integrand evaluations so far
[1] 42068.6 +- 4287.72  	chisq 0 (0 df)

Iteration 2:  3000000 integrand evaluations so far
[1] 43026.4 +- 787.974  	chisq 0.0516386 (1 df)

Iteration 3:  6000000 integrand evaluations so far
[1] 43001.1 +- 430.802  	chisq 0.0531073 (2 df)

Iteration 4:  10000000 integrand evaluations so far
[1] 42712.3 +- 266.522  	chisq 0.781146 (3 df)

Iteration 5:  15000000 integrand evaluations so far
[1] 42761.7 +- 194.134  	chisq 0.854466 (4 df)

Iteration 6:  21000000 integrand evaluations so far
[1] 42778.3 +- 154.915  	chisq 0.874431 (5 df)

Iteration 7:  28000000 integrand evaluations so far
[1] 42825.5 +- 127.354  	chisq 1.1617 (6 df)

Iteration 8:  36000000 integrand evaluations so far
[1] 42828 +- 107.426  	chisq 1.16294 (7 df)

Iteration 9:  45000000 integrand evaluations so far
[1] 42943.7 +- 93.3966  	chisq 5.91497 (8 df)

Iteration 10:  55000000 integrand evaluations so far
[1] 43091.4 +- 83.0317  	chisq 17.8582 (9 df)
  43.091 ±  0.083 ·10⁺⁰³ (2.12mi) ┃   17.14 ±   0.97 ·10⁺⁰³ (9.74mi) ┃
┃    6 -     8 ┃   37 -    38 ┃ 19.6318 ± 0.0042 ·10⁺⁰³ ( 45.1s) ┃  -27.01 ±  0.016 ·10⁺⁰³ (5.72mi) ┃Vegas input parameters:
  ndim 10
  ncomp 1
  nvec 1
  epsrel 0
  epsabs 0
  flags 10
  seed 123456
  mineval 50000000
  maxeval 50000000
  nstart 1000000
  nincrease 1000000
  nbatch 5000
  gridno 0
  statefile ""

Iteration 1:  1000000 integrand evaluations so far
[1] -11245 +- 19358.4  	chisq 0 (0 df)

Iteration 2:  3000000 integrand evaluations so far
[1] -26274.5 +- 8284.14  	chisq 0.737891 (1 df)

Iteration 3:  6000000 integrand evaluations so far
[1] -22992.9 +- 3072.1  	chisq 0.919827 (2 df)

Iteration 4:  10000000 integrand evaluations so far
[1] -21743.7 +- 2408.37  	chisq 1.34882 (3 df)

Iteration 5:  15000000 integrand evaluations so far
[1] -20877.8 +- 1851.54  	chisq 1.66491 (4 df)

Iteration 6:  21000000 integrand evaluations so far
[1] -20017.7 +- 1603.73  	chisq 2.52894 (5 df)

Iteration 7:  28000000 integrand evaluations so far
[1] -20288.3 +- 1589.44  	chisq 4.1335 (6 df)

Iteration 8:  36000000 integrand evaluations so far
[1] -20236.7 +- 1588.49  	chisq 5.01078 (7 df)

Iteration 9:  45000000 integrand evaluations so far
[1] -20498.7 +- 1560.65  	chisq 5.79369 (8 df)

Iteration 10:  55000000 integrand evaluations so far
[1] -20730 +- 1398.02  	chisq 5.90493 (9 df)
   -20.7 ±    1.4 ·10⁺⁰³ (6.04mi) ┃Vegas input parameters:
  ndim 8
  ncomp 1
  nvec 1
  epsrel 0
  epsabs 0
  flags 10
  seed 123456
  mineval 5000000
  maxeval 50000000
  nstart 1000000
  nincrease 1000000
  nbatch 5000
  gridno 0
  statefile ""

Iteration 1:  1000000 integrand evaluations so far
[1] 39777.3 +- 3873.26  	chisq 0 (0 df)

Iteration 2:  3000000 integrand evaluations so far
[1] 47130.7 +- 776.066  	chisq 3.75515 (1 df)

Iteration 3:  6000000 integrand evaluations so far
[1] 47747.7 +- 445.065  	chisq 4.69684 (2 df)

Iteration 4:  10000000 integrand evaluations so far
[1] 48365.7 +- 298.071  	chisq 8.19298 (3 df)

Iteration 5:  15000000 integrand evaluations so far
[1] 48491.1 +- 226.709  	chisq 8.61307 (4 df)

Iteration 6:  21000000 integrand evaluations so far
[1] 48434.6 +- 175.24  	chisq 8.76757 (5 df)

Iteration 7:  28000000 integrand evaluations so far
[1] 48479.7 +- 139.615  	chisq 8.94936 (6 df)

Iteration 8:  36000000 integrand evaluations so far
[1] 48516.1 +- 118.197  	chisq 9.18916 (7 df)

Iteration 9:  45000000 integrand evaluations so far
[1] 48537.5 +- 102.196  	chisq 9.31849 (8 df)

Iteration 10:  55000000 integrand evaluations so far
[1] 48593.6 +- 89.8967  	chisq 10.6544 (9 df)
  48.594 ±   0.09 ·10⁺⁰³ (2.13mi) ┃    20.5 ±    1.4 ·10⁺⁰³ (14.6mi) ┃
┃    6 -     8 ┃   38 -    39 ┃ 16.8851 ± 0.0076 ·10⁺⁰³ ( 44.5s) ┃ -23.242 ±  0.017 ·10⁺⁰³ (10.5mi) ┃Vegas input parameters:
  ndim 10
  ncomp 1
  nvec 1
  epsrel 0
  epsabs 0
  flags 10
  seed 123456
  mineval 50000000
  maxeval 50000000
  nstart 1000000
  nincrease 1000000
  nbatch 5000
  gridno 0
  statefile ""

Iteration 1:  1000000 integrand evaluations so far
[1] -23422.9 +- 6011.07  	chisq 0 (0 df)

Iteration 2:  3000000 integrand evaluations so far
[1] -19416.6 +- 2207.33  	chisq 0.513445 (1 df)

Iteration 3:  6000000 integrand evaluations so far
[1] -18684.6 +- 2159.14  	chisq 3.05957 (2 df)

Iteration 4:  10000000 integrand evaluations so far
[1] -17864.9 +- 1808.17  	chisq 3.5421 (3 df)

Iteration 5:  15000000 integrand evaluations so far
[1] -18431.1 +- 1338.4  	chisq 3.75897 (4 df)

Iteration 6:  21000000 integrand evaluations so far
[1] -18322.9 +- 1104.49  	chisq 3.77949 (5 df)

Iteration 7:  28000000 integrand evaluations so far
[1] -17608.4 +- 1008.09  	chisq 6.28578 (6 df)

Iteration 8:  36000000 integrand evaluations so far
[1] -17703.4 +- 842.796  	chisq 6.31528 (7 df)

Iteration 9:  45000000 integrand evaluations so far
[1] -17919.5 +- 769.021  	chisq 6.70802 (8 df)

Iteration 10:  55000000 integrand evaluations so far
[1] -18277.1 +- 711.102  	chisq 8.19974 (9 df)
  -18.28 ±   0.71 ·10⁺⁰³ (5.88mi) ┃Vegas input parameters:
  ndim 8
  ncomp 1
  nvec 1
  epsrel 0
  epsabs 0
  flags 10
  seed 123456
  mineval 5000000
  maxeval 50000000
  nstart 1000000
  nincrease 1000000
  nbatch 5000
  gridno 0
  statefile ""

Iteration 1:  1000000 integrand evaluations so far
[1] 50874.6 +- 4828.85  	chisq 0 (0 df)

Iteration 2:  3000000 integrand evaluations so far
[1] 42417.9 +- 1223.98  	chisq 3.27757 (1 df)

Iteration 3:  6000000 integrand evaluations so far
[1] 41707.8 +- 676.66  	chisq 3.7623 (2 df)

Iteration 4:  10000000 integrand evaluations so far
[1] 42059.3 +- 373.114  	chisq 4.14996 (3 df)

Iteration 5:  15000000 integrand evaluations so far
[1] 42289.2 +- 228.677  	chisq 4.75801 (4 df)

Iteration 6:  21000000 integrand evaluations so far
[1] 41968.3 +- 163.379  	chisq 8.78162 (5 df)

Iteration 7:  28000000 integrand evaluations so far
[1] 41958.6 +- 129.071  	chisq 8.79096 (6 df)

Iteration 8:  36000000 integrand evaluations so far
[1] 41898 +- 107.54  	chisq 9.51016 (7 df)

Iteration 9:  45000000 integrand evaluations so far
[1] 41816.3 +- 92.3856  	chisq 11.718 (8 df)

Iteration 10:  55000000 integrand evaluations so far
[1] 41794 +- 81.2254  	chisq 11.9737 (9 df)
  41.794 ±  0.081 ·10⁺⁰³ (2.12mi) ┃   17.16 ±   0.72 ·10⁺⁰³ (19.3mi) ┃
┃    6 -     8 ┃   39 -    40 ┃   15.12 ±  0.012 ·10⁺⁰³ ( 44.6s) ┃-20.8056 ± 0.0073 ·10⁺⁰³ ( 6.3mi) ┃Vegas input parameters:
  ndim 10
  ncomp 1
  nvec 1
  epsrel 0
  epsabs 0
  flags 10
  seed 123456
  mineval 50000000
  maxeval 50000000
  nstart 1000000
  nincrease 1000000
  nbatch 5000
  gridno 0
  statefile ""

Iteration 1:  1000000 integrand evaluations so far
[1] -26267.6 +- 17060.7  	chisq 0 (0 df)

Iteration 2:  3000000 integrand evaluations so far
[1] -10318.5 +- 6119.84  	chisq 1.00299 (1 df)

Iteration 3:  6000000 integrand evaluations so far
[1] -15609.2 +- 4665.12  	chisq 2.78707 (2 df)

Iteration 4:  10000000 integrand evaluations so far
[1] -13812.2 +- 3894.25  	chisq 3.27645 (3 df)

Iteration 5:  15000000 integrand evaluations so far
[1] -17802.6 +- 2519.57  	chisq 5.08244 (4 df)

Iteration 6:  21000000 integrand evaluations so far
[1] -16321.6 +- 1889.78  	chisq 5.8723 (5 df)

Iteration 7:  28000000 integrand evaluations so far
[1] -16630.1 +- 1848.34  	chisq 6.4862 (6 df)

Iteration 8:  36000000 integrand evaluations so far
[1] -17104.2 +- 1447.24  	chisq 6.65631 (7 df)

Iteration 9:  45000000 integrand evaluations so far
[1] -17141.1 +- 1227.89  	chisq 6.65862 (8 df)

Iteration 10:  55000000 integrand evaluations so far
[1] -16872.3 +- 1188.69  	chisq 7.42121 (9 df)
   -16.9 ±    1.2 ·10⁺⁰³ (5.86mi) ┃Vegas input parameters:
  ndim 8
  ncomp 1
  nvec 1
  epsrel 0
  epsabs 0
  flags 10
  seed 123456
  mineval 5000000
  maxeval 50000000
  nstart 1000000
  nincrease 1000000
  nbatch 5000
  gridno 0
  statefile ""

Iteration 1:  1000000 integrand evaluations so far
[1] 37140.3 +- 4094.8  	chisq 0 (0 df)

Iteration 2:  3000000 integrand evaluations so far
[1] 39465.2 +- 3269.92  	chisq 0.889731 (1 df)

Iteration 3:  6000000 integrand evaluations so far
[1] 36942.8 +- 899.773  	chisq 1.53351 (2 df)

Iteration 4:  10000000 integrand evaluations so far
[1] 36790.2 +- 349.552  	chisq 1.5674 (3 df)

Iteration 5:  15000000 integrand evaluations so far
[1] 37138 +- 217.101  	chisq 3.17931 (4 df)

Iteration 6:  21000000 integrand evaluations so far
[1] 37312.3 +- 157.601  	chisq 4.54133 (5 df)

Iteration 7:  28000000 integrand evaluations so far
[1] 37224.1 +- 122.596  	chisq 5.33361 (6 df)

Iteration 8:  36000000 integrand evaluations so far
[1] 37213.2 +- 100.99  	chisq 5.35832 (7 df)

Iteration 9:  45000000 integrand evaluations so far
[1] 37182.8 +- 86.2517  	chisq 5.6928 (8 df)

Iteration 10:  55000000 integrand evaluations so far
[1] 37189.8 +- 75.6426  	chisq 5.72112 (9 df)
   37.19 ±  0.076 ·10⁺⁰³ (2.11mi) ┃    14.6 ±    1.2 ·10⁺⁰³ (  15mi) ┃
┃    6 -     8 ┃   40 -    41 ┃ 13.9675 ± 0.0055 ·10⁺⁰³ ( 43.1s) ┃ -19.241 ±  0.014 ·10⁺⁰³ (2.43mi) ┃Vegas input parameters:
  ndim 10
  ncomp 1
  nvec 1
  epsrel 0
  epsabs 0
  flags 10
  seed 123456
  mineval 50000000
  maxeval 50000000
  nstart 1000000
  nincrease 1000000
  nbatch 5000
  gridno 0
  statefile ""

Iteration 1:  1000000 integrand evaluations so far
[1] -29767.5 +- 8444.42  	chisq 0 (0 df)

Iteration 2:  3000000 integrand evaluations so far
[1] -23989.5 +- 5580.5  	chisq 0.831184 (1 df)

Iteration 3:  6000000 integrand evaluations so far
[1] -15007.5 +- 2030.74  	chisq 3.81716 (2 df)

Iteration 4:  10000000 integrand evaluations so far
[1] -16529.4 +- 1845.91  	chisq 7.04966 (3 df)

Iteration 5:  15000000 integrand evaluations so far
[1] -15537.8 +- 1685.5  	chisq 8.78536 (4 df)

Iteration 6:  21000000 integrand evaluations so far
[1] -16529.2 +- 1486.71  	chisq 10.344 (5 df)

Iteration 7:  28000000 integrand evaluations so far
[1] -17863.4 +- 1343.36  	chisq 14.7315 (6 df)

Iteration 8:  36000000 integrand evaluations so far
[1] -17230.9 +- 1034.4  	chisq 15.276 (7 df)

Iteration 9:  45000000 integrand evaluations so far
[1] -16131.2 +- 814.934  	chisq 18.2555 (8 df)

Iteration 10:  55000000 integrand evaluations so far
[1] -15770.4 +- 708.626  	chisq 19.0594 (9 df)
  -15.77 ±   0.71 ·10⁺⁰³ ( 5.9mi) ┃Vegas input parameters:
  ndim 8
  ncomp 1
  nvec 1
  epsrel 0
  epsabs 0
  flags 10
  seed 123456
  mineval 5000000
  maxeval 50000000
  nstart 1000000
  nincrease 1000000
  nbatch 5000
  gridno 0
  statefile ""

Iteration 1:  1000000 integrand evaluations so far
[1] 36091.1 +- 4082.39  	chisq 0 (0 df)

Iteration 2:  3000000 integrand evaluations so far
[1] 33802.2 +- 742.416  	chisq 0.325102 (1 df)

Iteration 3:  6000000 integrand evaluations so far
[1] 34409.7 +- 491.791  	chisq 1.51837 (2 df)

Iteration 4:  10000000 integrand evaluations so far
[1] 34526.6 +- 385.71  	chisq 1.66508 (3 df)

Iteration 5:  15000000 integrand evaluations so far
[1] 34641.3 +- 254.617  	chisq 1.82178 (4 df)

Iteration 6:  21000000 integrand evaluations so far
[1] 34460 +- 164.348  	chisq 2.69095 (5 df)

Iteration 7:  28000000 integrand evaluations so far
[1] 34422.2 +- 122.649  	chisq 2.81019 (6 df)

Iteration 8:  36000000 integrand evaluations so far
[1] 34482 +- 98.963  	chisq 3.4914 (7 df)

Iteration 9:  45000000 integrand evaluations so far
[1] 34464.6 +- 83.4047  	chisq 3.59802 (8 df)

Iteration 10:  55000000 integrand evaluations so far
[1] 34508.9 +- 72.4079  	chisq 4.74255 (9 df)
  34.509 ±  0.072 ·10⁺⁰³ ( 2.1mi) ┃   13.47 ±   0.71 ·10⁺⁰³ (11.1mi) ┃
┃    6 -     8 ┃   41 -    42 ┃  13.238 ± 0.0038 ·10⁺⁰³ ( 1.4mi) ┃-18.1838 ± 0.0049 ·10⁺⁰³ (18.1mi) ┃Vegas input parameters:
  ndim 10
  ncomp 1
  nvec 1
  epsrel 0
  epsabs 0
  flags 10
  seed 123456
  mineval 50000000
  maxeval 50000000
  nstart 1000000
  nincrease 1000000
  nbatch 5000
  gridno 0
  statefile ""

Iteration 1:  1000000 integrand evaluations so far
[1] -11608.5 +- 8688.5  	chisq 0 (0 df)

Iteration 2:  3000000 integrand evaluations so far
[1] -17500.2 +- 4806.96  	chisq 0.662658 (1 df)

Iteration 3:  6000000 integrand evaluations so far
[1] -14368.2 +- 2634.77  	chisq 1.26952 (2 df)

Iteration 4:  10000000 integrand evaluations so far
[1] -13383.3 +- 2196.23  	chisq 1.72738 (3 df)

Iteration 5:  15000000 integrand evaluations so far
[1] -13078 +- 1619.62  	chisq 1.76975 (4 df)

Iteration 6:  21000000 integrand evaluations so far
[1] -14299.2 +- 1223.55  	chisq 3.09417 (5 df)

Iteration 7:  28000000 integrand evaluations so far
[1] -14517.8 +- 1104.09  	chisq 3.26595 (6 df)

Iteration 8:  36000000 integrand evaluations so far
[1] -14489.1 +- 1052.92  	chisq 3.2734 (7 df)

Iteration 9:  45000000 integrand evaluations so far
[1] -14679.6 +- 853.122  	chisq 3.36872 (8 df)

Iteration 10:  55000000 integrand evaluations so far
[1] -14737.7 +- 707.753  	chisq 3.38358 (9 df)
  -14.74 ±   0.71 ·10⁺⁰³ (5.91mi) ┃Vegas input parameters:
  ndim 8
  ncomp 1
  nvec 1
  epsrel 0
  epsabs 0
  flags 10
  seed 123456
  mineval 5000000
  maxeval 50000000
  nstart 1000000
  nincrease 1000000
  nbatch 5000
  gridno 0
  statefile ""

Iteration 1:  1000000 integrand evaluations so far
[1] 29153.2 +- 3223.57  	chisq 0 (0 df)

Iteration 2:  3000000 integrand evaluations so far
[1] 30143.5 +- 609.552  	chisq 0.0978635 (1 df)

Iteration 3:  6000000 integrand evaluations so far
[1] 31990.2 +- 374.685  	chisq 14.8508 (2 df)

Iteration 4:  10000000 integrand evaluations so far
[1] 32295 +- 231.969  	chisq 15.9242 (3 df)

Iteration 5:  15000000 integrand evaluations so far
[1] 32519.8 +- 163.235  	chisq 17.7849 (4 df)

Iteration 6:  21000000 integrand evaluations so far
[1] 32523.4 +- 123.174  	chisq 17.7861 (5 df)

Iteration 7:  28000000 integrand evaluations so far
[1] 32552 +- 99.4897  	chisq 17.941 (6 df)

Iteration 8:  36000000 integrand evaluations so far
[1] 32582.2 +- 83.7523  	chisq 18.258 (7 df)

Iteration 9:  45000000 integrand evaluations so far
[1] 32623.3 +- 73.1067  	chisq 19.2678 (8 df)

Iteration 10:  55000000 integrand evaluations so far
[1] 32609.9 +- 64.665  	chisq 19.4228 (9 df)
   32.61 ±  0.065 ·10⁺⁰³ (2.14mi) ┃   12.93 ±   0.71 ·10⁺⁰³ (27.5mi) ┃
┃    6 -     8 ┃   42 -    43 ┃ 12.6647 ± 0.0097 ·10⁺⁰³ (1.41mi) ┃ -17.405 ± 0.0092 ·10⁺⁰³ (17.6mi) ┃Vegas input parameters:
  ndim 10
  ncomp 1
  nvec 1
  epsrel 0
  epsabs 0
  flags 10
  seed 123456
  mineval 50000000
  maxeval 50000000
  nstart 1000000
  nincrease 1000000
  nbatch 5000
  gridno 0
  statefile ""

Iteration 1:  1000000 integrand evaluations so far
[1] -16410.1 +- 4549.03  	chisq 0 (0 df)

Iteration 2:  3000000 integrand evaluations so far
[1] -17693.9 +- 1886.51  	chisq 0.0961829 (1 df)

Iteration 3:  6000000 integrand evaluations so far
[1] -17389.5 +- 1624.34  	chisq 0.19687 (2 df)

Iteration 4:  10000000 integrand evaluations so far
[1] -17765.7 +- 1558.61  	chisq 0.873389 (3 df)

Iteration 5:  15000000 integrand evaluations so far
[1] -17151.8 +- 1380.12  	chisq 1.59198 (4 df)

Iteration 6:  21000000 integrand evaluations so far
[1] -16723.9 +- 1330.18  	chisq 2.94429 (5 df)

Iteration 7:  28000000 integrand evaluations so far
[1] -16944.9 +- 1299.13  	chisq 3.54247 (6 df)

Iteration 8:  36000000 integrand evaluations so far
[1] -16375.6 +- 1095.94  	chisq 4.20838 (7 df)

Iteration 9:  45000000 integrand evaluations so far
[1] -16530.5 +- 924.359  	chisq 4.27759 (8 df)

Iteration 10:  55000000 integrand evaluations so far
[1] -15230.3 +- 691.034  	chisq 8.76261 (9 df)
  -15.23 ±   0.69 ·10⁺⁰³ (   6mi) ┃Vegas input parameters:
  ndim 8
  ncomp 1
  nvec 1
  epsrel 0
  epsabs 0
  flags 10
  seed 123456
  mineval 5000000
  maxeval 50000000
  nstart 1000000
  nincrease 1000000
  nbatch 5000
  gridno 0
  statefile ""

Iteration 1:  1000000 integrand evaluations so far
[1] 28308.8 +- 3029.7  	chisq 0 (0 df)

Iteration 2:  3000000 integrand evaluations so far
[1] 30096 +- 903.685  	chisq 0.381939 (1 df)

Iteration 3:  6000000 integrand evaluations so far
[1] 31221.2 +- 474.974  	chisq 2.52405 (2 df)

Iteration 4:  10000000 integrand evaluations so far
[1] 31253.4 +- 267.168  	chisq 2.53078 (3 df)

Iteration 5:  15000000 integrand evaluations so far
[1] 31396.7 +- 170.976  	chisq 3.01807 (4 df)

Iteration 6:  21000000 integrand evaluations so far
[1] 31189.4 +- 122.427  	chisq 6.03494 (5 df)

Iteration 7:  28000000 integrand evaluations so far
[1] 31278.5 +- 96.0541  	chisq 7.40996 (6 df)

Iteration 8:  36000000 integrand evaluations so far
[1] 31358 +- 79.59  	chisq 9.59625 (7 df)

Iteration 9:  45000000 integrand evaluations so far
[1] 31333 +- 68.6388  	chisq 9.97993 (8 df)

Iteration 10:  55000000 integrand evaluations so far
[1] 31346.8 +- 60.5743  	chisq 10.1614 (9 df)
  31.347 ±  0.061 ·10⁺⁰³ (2.15mi) ┃   11.38 ±   0.69 ·10⁺⁰³ (27.1mi) ┃
┃    6 -     8 ┃   43 -    44 ┃   10.96 ± 0.0034 ·10⁺⁰³ ( 55.8s) ┃ -14.992 ±  0.013 ·10⁺⁰³ (5.11mi) ┃Vegas input parameters:
  ndim 10
  ncomp 1
  nvec 1
  epsrel 0
  epsabs 0
  flags 10
  seed 123456
  mineval 50000000
  maxeval 50000000
  nstart 1000000
  nincrease 1000000
  nbatch 5000
  gridno 0
  statefile ""

Iteration 1:  1000000 integrand evaluations so far
[1] -15451.9 +- 4137.15  	chisq 0 (0 df)

Iteration 2:  3000000 integrand evaluations so far
[1] -14913.2 +- 4071.94  	chisq 0.542119 (1 df)

Iteration 3:  6000000 integrand evaluations so far
[1] -12295.2 +- 3781.87  	chisq 3.55071 (2 df)

Iteration 4:  10000000 integrand evaluations so far
[1] -11766.5 +- 2227.99  	chisq 3.58064 (3 df)

Iteration 5:  15000000 integrand evaluations so far
[1] -10396.1 +- 1714.33  	chisq 4.50794 (4 df)

Iteration 6:  21000000 integrand evaluations so far
[1] -10764.6 +- 966.331  	chisq 4.57566 (5 df)

Iteration 7:  28000000 integrand evaluations so far
[1] -11792 +- 641.958  	chisq 6.59874 (6 df)

Iteration 8:  36000000 integrand evaluations so far
[1] -11719.1 +- 628.239  	chisq 6.9032 (7 df)

Iteration 9:  45000000 integrand evaluations so far
[1] -11716.4 +- 605.043  	chisq 6.90346 (8 df)

Iteration 10:  55000000 integrand evaluations so far
[1] -11509.4 +- 567.515  	chisq 7.87726 (9 df)
  -11.51 ±   0.57 ·10⁺⁰³ (6.15mi) ┃Vegas input parameters:
  ndim 8
  ncomp 1
  nvec 1
  epsrel 0
  epsabs 0
  flags 10
  seed 123456
  mineval 5000000
  maxeval 50000000
  nstart 1000000
  nincrease 1000000
  nbatch 5000
  gridno 0
  statefile ""

Iteration 1:  1000000 integrand evaluations so far
[1] 27653.8 +- 3303.02  	chisq 0 (0 df)

Iteration 2:  3000000 integrand evaluations so far
[1] 27297.3 +- 946.392  	chisq 0.0126855 (1 df)

Iteration 3:  6000000 integrand evaluations so far
[1] 27319 +- 450.051  	chisq 0.0133602 (2 df)

Iteration 4:  10000000 integrand evaluations so far
[1] 27286 +- 247.525  	chisq 0.0210419 (3 df)

Iteration 5:  15000000 integrand evaluations so far
[1] 27239.4 +- 147.316  	chisq 0.0760771 (4 df)

Iteration 6:  21000000 integrand evaluations so far
[1] 27049.1 +- 107.841  	chisq 3.67069 (5 df)

Iteration 7:  28000000 integrand evaluations so far
[1] 27052.1 +- 85.0113  	chisq 3.67275 (6 df)

Iteration 8:  36000000 integrand evaluations so far
[1] 27074.6 +- 69.8645  	chisq 3.88818 (7 df)

Iteration 9:  45000000 integrand evaluations so far
[1] 26977.3 +- 59.5693  	chisq 10.9935 (8 df)

Iteration 10:  55000000 integrand evaluations so far
[1] 27009.8 +- 52.3288  	chisq 12.3003 (9 df)
   27.01 ±  0.052 ·10⁺⁰³ ( 2.2mi) ┃   11.47 ±   0.57 ·10⁺⁰³ (14.4mi) ┃
┃    6 -     8 ┃   44 -    45 ┃  4.6613 ±  0.003 ·10⁺⁰³ (2.79mi) ┃ -6.3259 ± 0.0056 ·10⁺⁰³ (  17mi) ┃Vegas input parameters:
  ndim 10
  ncomp 1
  nvec 1
  epsrel 0
  epsabs 0
  flags 10
  seed 123456
  mineval 50000000
  maxeval 50000000
  nstart 1000000
  nincrease 1000000
  nbatch 5000
  gridno 0
  statefile ""

Iteration 1:  1000000 integrand evaluations so far
[1] -3759.44 +- 893.868  	chisq 0 (0 df)

Iteration 2:  3000000 integrand evaluations so far
[1] -3940.05 +- 873.364  	chisq 0.90019 (1 df)

Iteration 3:  6000000 integrand evaluations so far
[1] -3822.79 +- 812.694  	chisq 1.03461 (2 df)

Iteration 4:  10000000 integrand evaluations so far
[1] -3387.52 +- 625.79  	chisq 1.73928 (3 df)

Iteration 5:  15000000 integrand evaluations so far
[1] -3996.76 +- 468.471  	chisq 3.89538 (4 df)

Iteration 6:  21000000 integrand evaluations so far
[1] -4602.82 +- 351.617  	chisq 7.72837 (5 df)

Iteration 7:  28000000 integrand evaluations so far
[1] -4881.54 +- 310.729  	chisq 10.5968 (6 df)

Iteration 8:  36000000 integrand evaluations so far
[1] -4976.57 +- 289.041  	chisq 11.2911 (7 df)

Iteration 9:  45000000 integrand evaluations so far
[1] -5012.91 +- 277.694  	chisq 11.4964 (8 df)

Iteration 10:  55000000 integrand evaluations so far
[1] -5001.13 +- 277.493  	chisq 12.7363 (9 df)
      -5 ±   0.28 ·10⁺⁰³ (5.69mi) ┃Vegas input parameters:
  ndim 8
  ncomp 1
  nvec 1
  epsrel 0
  epsabs 0
  flags 10
  seed 123456
  mineval 5000000
  maxeval 50000000
  nstart 1000000
  nincrease 1000000
  nbatch 5000
  gridno 0
  statefile ""

Iteration 1:  1000000 integrand evaluations so far
[1] 13193.8 +- 2096.19  	chisq 0 (0 df)

Iteration 2:  3000000 integrand evaluations so far
[1] 13460.6 +- 1767.16  	chisq 0.0559711 (1 df)

Iteration 3:  6000000 integrand evaluations so far
[1] 10425.1 +- 417.093  	chisq 3.18062 (2 df)

Iteration 4:  10000000 integrand evaluations so far
[1] 10985.4 +- 240.199  	chisq 5.88128 (3 df)

Iteration 5:  15000000 integrand evaluations so far
[1] 11335.7 +- 128.865  	chisq 8.86773 (4 df)

Iteration 6:  21000000 integrand evaluations so far
[1] 11184.4 +- 77.2011  	chisq 11.0185 (5 df)

Iteration 7:  28000000 integrand evaluations so far
[1] 11266.4 +- 55.9851  	chisq 13.399 (6 df)

Iteration 8:  36000000 integrand evaluations so far
[1] 11291.9 +- 43.4642  	chisq 13.9221 (7 df)

Iteration 9:  45000000 integrand evaluations so far
[1] 11273.4 +- 35.6708  	chisq 14.4812 (8 df)

Iteration 10:  55000000 integrand evaluations so far
[1] 11295.7 +- 30.5021  	chisq 15.9411 (9 df)
  11.296 ±  0.031 ·10⁺⁰³ (2.12mi) ┃    4.63 ±   0.28 ·10⁺⁰³ (27.6mi) ┃
┃    6 -     8 ┃   45 -    46 ┃ 1.68042 ± 0.00055 ·10⁺⁰³ (15.5mi) ┃-2.31423 ± 0.00071 ·10⁺⁰³ (25.8mi) ┃Vegas input parameters:
  ndim 10
  ncomp 1
  nvec 1
  epsrel 0
  epsabs 0
  flags 10
  seed 123456
  mineval 50000000
  maxeval 50000000
  nstart 1000000
  nincrease 1000000
  nbatch 5000
  gridno 0
  statefile ""

Iteration 1:  1000000 integrand evaluations so far
[1] 1030.28 +- 2890.45  	chisq 0 (0 df)

Iteration 2:  3000000 integrand evaluations so far
[1] 712.069 +- 2854.84  	chisq 0.494962 (1 df)

Iteration 3:  6000000 integrand evaluations so far
[1] 1080.61 +- 1907.96  	chisq 0.525079 (2 df)

Iteration 4:  10000000 integrand evaluations so far
[1] -3006.45 +- 667.779  	chisq 5.75428 (3 df)

Iteration 5:  15000000 integrand evaluations so far
[1] -1890.59 +- 264.679  	chisq 9.06698 (4 df)

Iteration 6:  21000000 integrand evaluations so far
[1] -1727.54 +- 213.265  	chisq 10.1488 (5 df)

Iteration 7:  28000000 integrand evaluations so far
[1] -1634.14 +- 151.481  	chisq 10.5359 (6 df)

Iteration 8:  36000000 integrand evaluations so far
[1] -1812.08 +- 122.897  	chisq 14.5732 (7 df)

Iteration 9:  45000000 integrand evaluations so far
[1] -1808.78 +- 101.193  	chisq 14.5754 (8 df)

Iteration 10:  55000000 integrand evaluations so far
[1] -1773.81 +- 89.7858  	chisq 15.1366 (9 df)
  -1.774 ±   0.09 ·10⁺⁰³ (5.88mi) ┃Vegas input parameters:
  ndim 8
  ncomp 1
  nvec 1
  epsrel 0
  epsabs 0
  flags 10
  seed 123456
  mineval 5000000
  maxeval 50000000
  nstart 1000000
  nincrease 1000000
  nbatch 5000
  gridno 0
  statefile ""

Iteration 1:  1000000 integrand evaluations so far
[1] 4435.17 +- 1091.3  	chisq 0 (0 df)

Iteration 2:  3000000 integrand evaluations so far
[1] 2653.49 +- 415.672  	chisq 3.11778 (1 df)

Iteration 3:  6000000 integrand evaluations so far
[1] 2999.06 +- 306.408  	chisq 4.63139 (2 df)

Iteration 4:  10000000 integrand evaluations so far
[1] 3590.51 +- 183.571  	chisq 10.4435 (3 df)

Iteration 5:  15000000 integrand evaluations so far
[1] 3894.94 +- 120.765  	chisq 15.2922 (4 df)

Iteration 6:  21000000 integrand evaluations so far
[1] 3943.24 +- 63.5849  	chisq 15.5135 (5 df)

Iteration 7:  28000000 integrand evaluations so far
[1] 4099.71 +- 41.1819  	chisq 25.9454 (6 df)

Iteration 8:  36000000 integrand evaluations so far
[1] 4159.96 +- 28.3909  	chisq 30.0237 (7 df)

Iteration 9:  45000000 integrand evaluations so far
[1] 4171.31 +- 19.5175  	chisq 30.3267 (8 df)

Iteration 10:  55000000 integrand evaluations so far
[1] 4188.04 +- 14.8016  	chisq 32.0569 (9 df)
   4.188 ±  0.015 ·10⁺⁰³ (2.14mi) ┃    1.78 ±  0.091 ·10⁺⁰³ (49.3mi) ┃
┃    6 -     8 ┃   46 -    47 ┃  875.03 ±    0.6        (9.05mi) ┃-1.21541 ± 0.00095 ·10⁺⁰³ (6.76mi) ┃Vegas input parameters:
  ndim 10
  ncomp 1
  nvec 1
  epsrel 0
  epsabs 0
  flags 10
  seed 123456
  mineval 50000000
  maxeval 50000000
  nstart 1000000
  nincrease 1000000
  nbatch 5000
  gridno 0
  statefile ""

Iteration 1:  1000000 integrand evaluations so far
[1] -588.642 +- 137.811  	chisq 0 (0 df)

Iteration 2:  3000000 integrand evaluations so far
[1] -584.425 +- 136.885  	chisq 0.0699533 (1 df)

Iteration 3:  6000000 integrand evaluations so far
[1] -611.175 +- 134.739  	chisq 1.29726 (2 df)

Iteration 4:  10000000 integrand evaluations so far
[1] -831.026 +- 110.036  	chisq 9.29093 (3 df)

Iteration 5:  15000000 integrand evaluations so far
[1] -921.191 +- 101.055  	chisq 13.579 (4 df)

Iteration 6:  21000000 integrand evaluations so far
[1] -927.817 +- 72.4318  	chisq 13.5878 (5 df)

Iteration 7:  28000000 integrand evaluations so far
[1] -984.726 +- 56.5853  	chisq 15.1719 (6 df)

Iteration 8:  36000000 integrand evaluations so far
[1] -993.019 +- 50.2273  	chisq 15.2732 (7 df)

Iteration 9:  45000000 integrand evaluations so far
[1] -993.927 +- 42.4324  	chisq 15.2743 (8 df)

Iteration 10:  55000000 integrand evaluations so far
[1] -999.512 +- 37.7601  	chisq 15.3576 (9 df)
      -1 ±  0.038 ·10⁺⁰³ (5.89mi) ┃Vegas input parameters:
  ndim 8
  ncomp 1
  nvec 1
  epsrel 0
  epsabs 0
  flags 10
  seed 123456
  mineval 5000000
  maxeval 50000000
  nstart 1000000
  nincrease 1000000
  nbatch 5000
  gridno 0
  statefile ""

Iteration 1:  1000000 integrand evaluations so far
[1] 3485.73 +- 1422.1  	chisq 0 (0 df)

Iteration 2:  3000000 integrand evaluations so far
[1] 455.991 +- 208.322  	chisq 4.63844 (1 df)

Iteration 3:  6000000 integrand evaluations so far
[1] 559.019 +- 170.79  	chisq 5.38445 (2 df)

Iteration 4:  10000000 integrand evaluations so far
[1] 882.989 +- 111.354  	chisq 11.6433 (3 df)

Iteration 5:  15000000 integrand evaluations so far
[1] 1214.36 +- 93.4775  	chisq 41.631 (4 df)

Iteration 6:  21000000 integrand evaluations so far
[1] 1402.53 +- 84.9952  	chisq 65.0209 (5 df)

Iteration 7:  28000000 integrand evaluations so far
[1] 2031.57 +- 39.8293  	chisq 135.205 (6 df)

Iteration 8:  36000000 integrand evaluations so far
[1] 2172.79 +- 18.3629  	chisq 151.17 (7 df)

Iteration 9:  45000000 integrand evaluations so far
[1] 2200.68 +- 11.5506  	chisq 154.988 (8 df)

Iteration 10:  55000000 integrand evaluations so far
[1] 2206.02 +- 8.10472  	chisq 155.408 (9 df)
   2.206 ± 0.0081 ·10⁺⁰³ (2.17mi) ┃     866 ±     39        (23.9mi) ┃
┃    6 -     8 ┃   47 -    48 ┃  517.94 ±   0.22        (10.1mi) ┃ -724.09 ±   0.19        (15.4mi) ┃Vegas input parameters:
  ndim 10
  ncomp 1
  nvec 1
  epsrel 0
  epsabs 0
  flags 10
  seed 123456
  mineval 50000000
  maxeval 50000000
  nstart 1000000
  nincrease 1000000
  nbatch 5000
  gridno 0
  statefile ""

Iteration 1:  1000000 integrand evaluations so far
[1] -1961.26 +- 1261.51  	chisq 0 (0 df)

Iteration 2:  3000000 integrand evaluations so far
[1] -379.579 +- 121.016  	chisq 1.58662 (1 df)

Iteration 3:  6000000 integrand evaluations so far
[1] -462.554 +- 108.11  	chisq 3.91493 (2 df)

Iteration 4:  10000000 integrand evaluations so far
[1] -472.581 +- 98.7153  	chisq 3.96667 (3 df)

Iteration 5:  15000000 integrand evaluations so far
[1] -534.31 +- 81.5541  	chisq 5.1984 (4 df)

Iteration 6:  21000000 integrand evaluations so far
[1] -560.017 +- 71.6192  	chisq 5.63265 (5 df)

Iteration 7:  28000000 integrand evaluations so far
[1] -566.804 +- 54.9148  	chisq 5.65445 (6 df)

Iteration 8:  36000000 integrand evaluations so far
[1] -568.733 +- 43.1334  	chisq 5.65767 (7 df)

Iteration 9:  45000000 integrand evaluations so far
[1] -562.769 +- 39.8007  	chisq 5.78636 (8 df)

Iteration 10:  55000000 integrand evaluations so far
[1] -575.271 +- 37.481  	chisq 6.65821 (9 df)
    -575 ±     37        (5.91mi) ┃Vegas input parameters:
  ndim 8
  ncomp 1
  nvec 1
  epsrel 0
  epsabs 0
  flags 10
  seed 123456
  mineval 5000000
  maxeval 50000000
  nstart 1000000
  nincrease 1000000
  nbatch 5000
  gridno 0
  statefile ""

Iteration 1:  1000000 integrand evaluations so far
[1] 729.327 +- 379.665  	chisq 0 (0 df)

Iteration 2:  3000000 integrand evaluations so far
[1] 58.2681 +- 24.5507  	chisq 3.13719 (1 df)

Iteration 3:  6000000 integrand evaluations so far
[1] 92.0798 +- 19.9871  	chisq 8.76194 (2 df)

Iteration 4:  10000000 integrand evaluations so far
[1] 95.7891 +- 19.9533  	chisq 18.9531 (3 df)

Iteration 5:  15000000 integrand evaluations so far
[1] 107.749 +- 19.8546  	chisq 55.3532 (4 df)

Iteration 6:  21000000 integrand evaluations so far
[1] 167.329 +- 19.3478  	chisq 234.041 (5 df)

Iteration 7:  28000000 integrand evaluations so far
[1] 302.568 +- 18.1509  	chisq 641.514 (6 df)

Iteration 8:  36000000 integrand evaluations so far
[1] 621.985 +- 15.0289  	chisq 1626.46 (7 df)

Iteration 9:  45000000 integrand evaluations so far
[1] 1095.2 +- 8.604  	chisq 3101.3 (8 df)

Iteration 10:  55000000 integrand evaluations so far
[1] 1212.09 +- 5.93317  	chisq 3453.17 (9 df)
  1.2121 ± 0.0059 ·10⁺⁰³ (2.29mi) ┃     431 ±     38        (33.7mi) ┃
┃    6 -     8 ┃   48 -    49 ┃ 325.067 ±  0.033        (  18mi) ┃ -456.11 ±   0.38        (29.9mi) ┃Vegas input parameters:
  ndim 10
  ncomp 1
  nvec 1
  epsrel 0
  epsabs 0
  flags 10
  seed 123456
  mineval 50000000
  maxeval 50000000
  nstart 1000000
  nincrease 1000000
  nbatch 5000
  gridno 0
  statefile ""

Iteration 1:  1000000 integrand evaluations so far
[1] -290.922 +- 110.159  	chisq 0 (0 df)

Iteration 2:  3000000 integrand evaluations so far
[1] -160.535 +- 91.7391  	chisq 4.57128 (1 df)

Iteration 3:  6000000 integrand evaluations so far
[1] -192.194 +- 77.9977  	chisq 5.00099 (2 df)

Iteration 4:  10000000 integrand evaluations so far
[1] -207.042 +- 70.711  	chisq 5.20445 (3 df)

Iteration 5:  15000000 integrand evaluations so far
[1] -279.245 +- 62.2869  	chisq 9.85749 (4 df)

Iteration 6:  21000000 integrand evaluations so far
[1] -275.996 +- 50.5772  	chisq 9.86548 (5 df)

Iteration 7:  28000000 integrand evaluations so far
[1] -276.779 +- 46.646  	chisq 9.86708 (6 df)

Iteration 8:  36000000 integrand evaluations so far
[1] -350.031 +- 37.8951  	chisq 17.1201 (7 df)

Iteration 9:  45000000 integrand evaluations so far
[1] -385.746 +- 30.4026  	chisq 19.6128 (8 df)

Iteration 10:  55000000 integrand evaluations so far
[1] -383.327 +- 30.3357  	chisq 21.0532 (9 df)
    -383 ±     30        (6.06mi) ┃Vegas input parameters:
  ndim 8
  ncomp 1
  nvec 1
  epsrel 0
  epsabs 0
  flags 10
  seed 123456
  mineval 5000000
  maxeval 50000000
  nstart 1000000
  nincrease 1000000
  nbatch 5000
  gridno 0
  statefile ""

Iteration 1:  1000000 integrand evaluations so far
[1] 1259.29 +- 509.981  	chisq 0 (0 df)

Iteration 2:  3000000 integrand evaluations so far
[1] 50.5916 +- 12.2242  	chisq 5.62052 (1 df)

Iteration 3:  6000000 integrand evaluations so far
[1] 61.4427 +- 11.9158  	chisq 21.4346 (2 df)

Iteration 4:  10000000 integrand evaluations so far
[1] 69.8797 +- 11.8296  	chisq 56.2171 (3 df)

Iteration 5:  15000000 integrand evaluations so far
[1] 92.6607 +- 11.6165  	chisq 160.092 (4 df)

Iteration 6:  21000000 integrand evaluations so far
[1] 160.934 +- 11.0104  	chisq 499.964 (5 df)

Iteration 7:  28000000 integrand evaluations so far
[1] 386.112 +- 8.86729  	chisq 1690.23 (6 df)

Iteration 8:  36000000 integrand evaluations so far
[1] 635.255 +- 5.83325  	chisq 3081.92 (7 df)

Iteration 9:  45000000 integrand evaluations so far
[1] 741.832 +- 3.85788  	chisq 3675.26 (8 df)

Iteration 10:  55000000 integrand evaluations so far
[1] 781.659 +- 2.90428  	chisq 3921.24 (9 df)
   781.7 ±    2.9        (2.26mi) ┃     267 ±     30        (56.2mi) ┃
┃    6 -     8 ┃   49 -    50 ┃ 206.662 ±  0.037        (15.3mi) ┃ -290.77 ±  0.053        (1.63hr) ┃Vegas input parameters:
  ndim 10
  ncomp 1
  nvec 1
  epsrel 0
  epsabs 0
  flags 10
  seed 123456
  mineval 50000000
  maxeval 50000000
  nstart 1000000
  nincrease 1000000
  nbatch 5000
  gridno 0
  statefile ""

Iteration 1:  1000000 integrand evaluations so far
[1] 33.3498 +- 75.2208  	chisq 0 (0 df)

Iteration 2:  3000000 integrand evaluations so far
[1] 57.3795 +- 65.4242  	chisq 0.419081 (1 df)

Iteration 3:  6000000 integrand evaluations so far
[1] -12.0709 +- 8.71155  	chisq 1.56629 (2 df)

Iteration 4:  10000000 integrand evaluations so far
[1] -14.1271 +- 8.55008  	chisq 3.08315 (3 df)

Iteration 5:  15000000 integrand evaluations so far
[1] -13.978 +- 8.54834  	chisq 3.83185 (4 df)

Iteration 6:  21000000 integrand evaluations so far
[1] -17.9832 +- 8.00595  	chisq 5.61842 (5 df)

Iteration 7:  28000000 integrand evaluations so far
[1] -22.4655 +- 7.90522  	chisq 18.1531 (6 df)

Iteration 8:  36000000 integrand evaluations so far
[1] -23.5937 +- 7.87403  	chisq 20.7398 (7 df)

Iteration 9:  45000000 integrand evaluations so far
[1] -23.9377 +- 7.85982  	chisq 21.2693 (8 df)

Iteration 10:  55000000 integrand evaluations so far
[1] -24.9841 +- 7.8454  	chisq 26.1026 (9 df)
     -25 ±    7.8        (6.29mi) ┃Vegas input parameters:
  ndim 8
  ncomp 1
  nvec 1
  epsrel 0
  epsabs 0
  flags 10
  seed 123456
  mineval 5000000
  maxeval 50000000
  nstart 1000000
  nincrease 1000000
  nbatch 5000
  gridno 0
  statefile ""

Iteration 1:  1000000 integrand evaluations so far
[1] 718.682 +- 713.227  	chisq 0 (0 df)

Iteration 2:  3000000 integrand evaluations so far
[1] 0.0180285 +- 0.00810655  	chisq 1.01531 (1 df)

Iteration 3:  6000000 integrand evaluations so far
[1] 0.0180301 +- 0.00810655  	chisq 2.29016 (2 df)

Iteration 4:  10000000 integrand evaluations so far
[1] 0.0180306 +- 0.00810655  	chisq 3.97877 (3 df)

Iteration 5:  15000000 integrand evaluations so far
[1] 0.0180435 +- 0.00810655  	chisq 44.8457 (4 df)

Iteration 6:  21000000 integrand evaluations so far
[1] 0.018053 +- 0.00810655  	chisq 114.403 (5 df)

Iteration 7:  28000000 integrand evaluations so far
[1] 0.0181255 +- 0.00810655  	chisq 656.399 (6 df)

Iteration 8:  36000000 integrand evaluations so far
[1] 0.01878 +- 0.00810655  	chisq 5709.9 (7 df)

Iteration 9:  45000000 integrand evaluations so far
[1] 0.0196651 +- 0.00810654  	chisq 12915.8 (8 df)

Iteration 10:  55000000 integrand evaluations so far
[1] 0.0222385 +- 0.00810652  	chisq 33842.7 (9 df)
  0.0222 ± 0.0081        (2.48mi) ┃  -109.1 ±    7.8        (2.03hr) ┃
┃    6 -     8 ┃   50 -    51 ┃ 127.945 ±  0.045        (17.7mi) ┃-180.717 ±   0.03        ( 1.7hr) ┃Vegas input parameters:
  ndim 10
  ncomp 1
  nvec 1
  epsrel 0
  epsabs 0
  flags 10
  seed 123456
  mineval 50000000
  maxeval 50000000
  nstart 1000000
  nincrease 1000000
  nbatch 5000
  gridno 0
  statefile ""

Iteration 1:  1000000 integrand evaluations so far
[1] -51.9579 +- 38.0923  	chisq 0 (0 df)

Iteration 2:  3000000 integrand evaluations so far
[1] -0.00572307 +- 0.00283655  	chisq 1.86008 (1 df)

Iteration 3:  6000000 integrand evaluations so far
[1] -0.00578495 +- 0.00283638  	chisq 5.72035 (2 df)

Iteration 4:  10000000 integrand evaluations so far
[1] -0.00578489 +- 0.00283638  	chisq 5.75677 (3 df)

Iteration 5:  15000000 integrand evaluations so far
[1] -0.00578513 +- 0.00283638  	chisq 8.26619 (4 df)

Iteration 6:  21000000 integrand evaluations so far
[1] -0.00578513 +- 0.00283638  	chisq 9.25372 (5 df)

Iteration 7:  28000000 integrand evaluations so far
[1] -0.00578511 +- 0.00283638  	chisq 9.41328 (6 df)

Iteration 8:  36000000 integrand evaluations so far
[1] -0.00578561 +- 0.00283638  	chisq 13.9428 (7 df)

Iteration 9:  45000000 integrand evaluations so far
[1] -0.00578619 +- 0.00283638  	chisq 22.7937 (8 df)

Iteration 10:  55000000 integrand evaluations so far
[1] -0.00578863 +- 0.00283638  	chisq 75.4843 (9 df)
    -5.8 ±    2.8 ·10⁻⁰³ (6.25mi) ┃Vegas input parameters:
  ndim 8
  ncomp 1
  nvec 1
  epsrel 0
  epsabs 0
  flags 10
  seed 123456
  mineval 5000000
  maxeval 50000000
  nstart 1000000
  nincrease 1000000
  nbatch 5000
  gridno 0
  statefile ""

Iteration 1:  1000000 integrand evaluations so far
[1] 180.635 +- 180.635  	chisq 0 (0 df)

Iteration 2:  3000000 integrand evaluations so far
[1] 0.0471787 +- 0.042753  	chisq 0.999478 (1 df)

Iteration 3:  6000000 integrand evaluations so far
[1] 0.0476601 +- 0.0427508  	chisq 2.23863 (2 df)

Iteration 4:  10000000 integrand evaluations so far
[1] 0.0496815 +- 0.0427448  	chisq 10.233 (3 df)

Iteration 5:  15000000 integrand evaluations so far
[1] 0.0497624 +- 0.0427448  	chisq 17.0946 (4 df)

Iteration 6:  21000000 integrand evaluations so far
[1] 0.053651 +- 0.0427442  	chisq 301.787 (5 df)

Iteration 7:  28000000 integrand evaluations so far
[1] 0.054931 +- 0.0427441  	chisq 454.289 (6 df)

Iteration 8:  36000000 integrand evaluations so far
[1] 0.055301 +- 0.042744  	chisq 530.576 (7 df)

Iteration 9:  45000000 integrand evaluations so far
[1] 0.0563185 +- 0.042744  	chisq 739.877 (8 df)

Iteration 10:  55000000 integrand evaluations so far
[1] 0.0782936 +- 0.0427425  	chisq 4621.07 (9 df)
   0.078 ±  0.043        (3.01mi) ┃   -52.7 ±  0.069        (2.15hr) ┃
┃    6 -     8 ┃   51 -    52 ┃  73.128 ±  0.048        (21.4mi) ┃-103.343 ±  0.066        (29.2mi) ┃Vegas input parameters:
  ndim 10
  ncomp 1
  nvec 1
  epsrel 0
  epsabs 0
  flags 10
  seed 123456
  mineval 50000000
  maxeval 50000000
  nstart 1000000
  nincrease 1000000
  nbatch 5000
  gridno 0
  statefile ""

Iteration 1:  1000000 integrand evaluations so far
[1] -144.841 +- 66.5929  	chisq 0 (0 df)

Iteration 2:  3000000 integrand evaluations so far
[1] -7.37056 +- 5.78816  	chisq 4.29393 (1 df)

Iteration 3:  6000000 integrand evaluations so far
[1] -8.08496 +- 4.70348  	chisq 4.33877 (2 df)

Iteration 4:  10000000 integrand evaluations so far
[1] -13.7884 +- 3.77278  	chisq 8.46228 (3 df)

Iteration 5:  15000000 integrand evaluations so far
[1] -13.7157 +- 3.76944  	chisq 8.67227 (4 df)

Iteration 6:  21000000 integrand evaluations so far
[1] -14.5058 +- 3.72015  	chisq 10.3636 (5 df)

Iteration 7:  28000000 integrand evaluations so far
[1] -18.2791 +- 3.61705  	chisq 29.1838 (6 df)

Iteration 8:  36000000 integrand evaluations so far
[1] -25.3141 +- 3.36798  	chisq 57.631 (7 df)

Iteration 9:  45000000 integrand evaluations so far
[1] -35.0813 +- 3.11425  	chisq 115.632 (8 df)

Iteration 10:  55000000 integrand evaluations so far
[1] -35.2273 +- 3.10023  	chisq 115.877 (9 df)
   -35.2 ±    3.1        (6.08mi) ┃Vegas input parameters:
  ndim 8
  ncomp 1
  nvec 1
  epsrel 0
  epsabs 0
  flags 10
  seed 123456
  mineval 5000000
  maxeval 50000000
  nstart 1000000
  nincrease 1000000
  nbatch 5000
  gridno 0
  statefile ""

Iteration 1:  1000000 integrand evaluations so far
[1] 48.121 +- 48.121  	chisq 0 (0 df)

Iteration 2:  3000000 integrand evaluations so far
[1] 0.0821453 +- 0.079933  	chisq 0.996592 (1 df)

Iteration 3:  6000000 integrand evaluations so far
[1] 0.119925 +- 0.0769143  	chisq 4.01106 (2 df)

Iteration 4:  10000000 integrand evaluations so far
[1] 0.120314 +- 0.0769138  	chisq 6.12499 (3 df)

Iteration 5:  15000000 integrand evaluations so far
[1] 0.120787 +- 0.0769136  	chisq 13.9711 (4 df)

Iteration 6:  21000000 integrand evaluations so far
[1] 0.121643 +- 0.0769134  	chisq 34.0543 (5 df)

Iteration 7:  28000000 integrand evaluations so far
[1] 0.124832 +- 0.0769128  	chisq 137.732 (6 df)

Iteration 8:  36000000 integrand evaluations so far
[1] 0.144504 +- 0.0769088  	chisq 771.094 (7 df)

Iteration 9:  45000000 integrand evaluations so far
[1] 0.258655 +- 0.0768858  	chisq 4459.55 (8 df)

Iteration 10:  55000000 integrand evaluations so far
[1] 0.754054 +- 0.0767843  	chisq 20195.6 (9 df)
   0.754 ±  0.077        (2.84mi) ┃   -64.7 ±    3.1        (59.5mi) ┃
┃    6 -     8 ┃   52 -    53 ┃  33.225 ±  0.016        (8.23mi) ┃