
╍╍╍╍╍╍╍╍╍╍╍╍╍╍╍╍╍╍╍╍╍╍╍╍╍╍╍ Process settings ╍╍╍╍╍╍╍╍╍╍╍╍╍╍╍╍╍╍╍╍╍╍╍╍╍╍╍
   proton-proton collisions at sqrt(s) = 13000 GeV 
   Computing NNLO+NNLL resummed cross section
   W+ ->  nu(p3)+e+(p4) production 

╍╍╍╍╍╍╍╍╍╍╍╍╍╍╍╍╍╍╍╍╍╍╍╍╍╍╍╍╍╍ CKM matrix ╍╍╍╍╍╍╍╍╍╍╍╍╍╍╍╍╍╍╍╍╍╍╍╍╍╍╍╍╍╍
     | Vud Vus Vub |   |   0.97427   0.2253  0.00351 | 
     | Vcd Vcs Vcb | = |    0.2252  0.97344   0.0412 | 
     | Vtd Vts Vtb |   |         0        0        0 | 

╍╍╍╍╍╍╍╍╍╍╍╍╍╍╍╍╍╍╍╍╍╍╍╍╍╍╍╍╍ EW parameters ╍╍╍╍╍╍╍╍╍╍╍╍╍╍╍╍╍╍╍╍╍╍╍╍╍╍╍╍
                                         Gf =  1.1663787e-05      GeV^-2
                                    1/alpha =  132.233229791            
                                 sin(thW)^2 = 0.222897222524            
                                     W mass =         80.385         GeV
                                     Z mass =        91.1876         GeV
                                    W width =          2.091         GeV
                                    Z width =          2.495         GeV

╍╍╍╍╍╍╍╍╍╍╍╍╍╍╍╍╍╍╍╍╍╍╍╍╍╍╍╍╍ QCD settings ╍╍╍╍╍╍╍╍╍╍╍╍╍╍╍╍╍╍╍╍╍╍╍╍╍╍╍╍╍
   Renormalization scale:     dynamic muren =              1      * m_ll
     Factorization scale:     dynamic mufac =            0.5      * m_ll
       Resummation scale:     dynamic mures =              1      * m_ll
          Strong coupling       alpha_s(MZ) =       0.118001            
                              running order =              3       -loop
         Non-perturbative     form factor g =            0.7       GeV^2

╍╍╍╍╍╍╍╍╍╍╍╍╍╍╍╍╍╍╍╍╍╍╍╍╍╍╍╍╍ PDF settings ╍╍╍╍╍╍╍╍╍╍╍╍╍╍╍╍╍╍╍╍╍╍╍╍╍╍╍╍╍
                                     PDF set:MSHT20nnlo_as118            
                                  PDF member:              0            
  Mellin moments of PDFs:                    Numerical integration            
                         nodes for the quadrature:            200            
                         Intervals for the quadrature:              1            

╍╍╍╍╍╍╍╍╍╍╍╍╍╍╍╍╍╍╍╍╍╍╍╍╍╍╍╍╍╍╍ qT recoil ╍╍╍╍╍╍╍╍╍╍╍╍╍╍╍╍╍╍╍╍╍╍╍╍╍╍╍╍╍╍
  qt-recoil prescription:       Collins-Soper kt1 = p_V(x)/2; kt2 = p_V(y)/2            

╍╍╍╍╍╍╍╍╍╍╍╍╍╍╍╍╍╍╍╍╍╍╍╍╍╍╍╍╍╍╍╍╍ Cuts ╍╍╍╍╍╍╍╍╍╍╍╍╍╍╍╍╍╍╍╍╍╍╍╍╍╍╍╍╍╍╍╍╍
                                  apply cuts:           true            
                                      pt_l >               0            
                                   |eta_l| <            1000            
                                    pt_lep >              25            
                                 |eta_lep| <             2.4            
                                   pt_alep >              25            
                                |eta_alep| <             2.4            
                                  user cuts:            true            

╍╍╍╍╍╍╍╍╍╍╍╍╍╍╍╍╍╍╍╍╍╍╍╍╍╍╍╍ ResummationDamp ╍╍╍╍╍╍╍╍╍╍╍╍╍╍╍╍╍╍╍╍╍╍╍╍╍╍╍
                                    damping :             on            
                                damping mode:              1            
                                  damp above:        60.2888         GeV
                               damping width:        20.0963         GeV
                          resummation cutoff:             20         MeV

╍╍╍╍╍╍╍╍╍╍╍╍╍╍╍╍╍╍╍╍╍╍╍╍╍╍╍╍ Debug settings ╍╍╍╍╍╍╍╍╍╍╍╍╍╍╍╍╍╍╍╍╍╍╍╍╍╍╍╍
                                 timeprofile:          false            
                                     verbose:          false            
                               cubaverbosity:              2            

╍╍╍╍╍╍╍╍╍╍╍╍╍╍╍╍╍╍╍╍╍╍╍╍╍╍╍╍╍╍╍╍╍╍╍╍╍╍╍╍╍╍╍╍╍╍╍╍╍╍╍╍╍╍╍╍╍╍╍╍╍╍╍╍╍╍╍╍╍╍╍╍

Warning: Histogram `a1_qt` contains non-integrable observable and will be deleted 
Warning: Histogram `a1_qt_vs_y` contains non-integrable observable and will be deleted 
Warning: Histogram `s_biganswer` contains non-integrable observable and will be deleted 
Warning: Histogram `wgt_a1_qt` contains non-integrable observable and will be deleted 

╍╍╍╍╍╍╍╍╍╍╍╍╍╍╍╍╍╍╍╍╍╍╍╍╍ Integration settings ╍╍╍╍╍╍╍╍╍╍╍╍╍╍╍╍╍╍╍╍╍╍╍╍╍
             Random seeds              123456                           
           Parallel cores                   1                           

             Resummation:     cuhre (dm, dpt)         iter =           5
                                   gauss (dy)        nodes =          64
                                                 intervals =           1
            Counter term:      cuhre (dm, dy)         iter =           5
                                  gauss (dpt)        nodes =          20
                                                 intervals =           5
                V+J Real:               vegas       ncalls =    50000000
             V+J Virtual:               vegas       ncalls =     5000000

Mellin inverse transform:           gaussian         nodes =          30
                                                 intervals =           1
                               imaginary axis         zmax =           2
  Angular variable costh:     semi-analytical      ncstart =         100
   Angular variables phi:            gaussian    intervals =          20

      Constant boundaries                  q2          low =          80
                                                      high =         100
                                            y          low =          -6
                                                      high =           6
                                        costh          low =          -1
                                                      high =           1
                                       eta(l)          low =         -10
                                                      high =          10

┏━━━━━━━━━━━━━━┰━━━━━━━━━━━━━━┰━━━━━━━━━━━━━━━━━━━━━━━━━━━━━━━━━━┰━━━━━━━━━━━━━━━━━━━━━━━━━━━━━━━━━━┰━━━━━━━━━━━━━━━━━━━━━━━━━━━━━━━━━━┰━━━━━━━━━━━━━━━━━━━━━━━━━━━━━━━━━━┰━━━━━━━━━━━━━━━━━━━━━━━━━━━━━━━━━━┓
┃           qT ┃        pT(l) ┃                      Resummation ┃                     Counter term ┃                         V+J Real ┃                      V+J Virtual ┃                            TOTAL ┃
┣━━━━━━━━━━━━━━╋━━━━━━━━━━━━━━╋━━━━━━━━━━━━━━━━━━━━━━━━━━━━━━━━━━╋━━━━━━━━━━━━━━━━━━━━━━━━━━━━━━━━━━╋━━━━━━━━━━━━━━━━━━━━━━━━━━━━━━━━━━╋━━━━━━━━━━━━━━━━━━━━━━━━━━━━━━━━━━╋━━━━━━━━━━━━━━━━━━━━━━━━━━━━━━━━━━┫
┃   44 -    46 ┃   25 -    26 ┃ 570.829 ±  0.071        (6.44mi) ┃ -483.73 ±    0.1        (30.9mi) ┃Vegas input parameters:
  ndim 10
  ncomp 1
  nvec 1
  epsrel 0
  epsabs 0
  flags 10
  seed 123456
  mineval 50000000
  maxeval 50000000
  nstart 1000000
  nincrease 1000000
  nbatch 5000
  gridno 0
  statefile ""

Iteration 1:  1000000 integrand evaluations so far
[1] 770.68 +- 568.113  	chisq 0 (0 df)

Iteration 2:  3000000 integrand evaluations so far
[1] -129.573 +- 163.302  	chisq 2.73724 (1 df)

Iteration 3:  6000000 integrand evaluations so far
[1] -51.7138 +- 141.812  	chisq 3.66175 (2 df)

Iteration 4:  10000000 integrand evaluations so far
[1] -134.188 +- 122.993  	chisq 5.02667 (3 df)

Iteration 5:  15000000 integrand evaluations so far
[1] -100.001 +- 91.9295  	chisq 5.20173 (4 df)

Iteration 6:  21000000 integrand evaluations so far
[1] -154.007 +- 74.5644  	chisq 6.21055 (5 df)

Iteration 7:  28000000 integrand evaluations so far
[1] -163.206 +- 60.0732  	chisq 6.25392 (6 df)

Iteration 8:  36000000 integrand evaluations so far
[1] -161.695 +- 57.2726  	chisq 6.26086 (7 df)

Iteration 9:  45000000 integrand evaluations so far
[1] -171.193 +- 55.5226  	chisq 6.71784 (8 df)

Iteration 10:  55000000 integrand evaluations so far
[1] -173.513 +- 55.4671  	chisq 7.59151 (9 df)
    -174 ±     55        (3.68mi) ┃Vegas input parameters:
  ndim 8
  ncomp 1
  nvec 1
  epsrel 0
  epsabs 0
  flags 10
  seed 123456
  mineval 5000000
  maxeval 50000000
  nstart 1000000
  nincrease 1000000
  nbatch 5000
  gridno 0
  statefile ""

Iteration 1:  1000000 integrand evaluations so far
[1] 708.683 +- 117.433  	chisq 0 (0 df)

Iteration 2:  3000000 integrand evaluations so far
[1] 513.752 +- 50.0456  	chisq 3.36686 (1 df)

Iteration 3:  6000000 integrand evaluations so far
[1] 514.261 +- 31.3389  	chisq 3.36703 (2 df)

Iteration 4:  10000000 integrand evaluations so far
[1] 550.761 +- 26.1317  	chisq 7.81896 (3 df)

Iteration 5:  15000000 integrand evaluations so far
[1] 567.878 +- 23.9382  	chisq 10.4866 (4 df)

Iteration 6:  21000000 integrand evaluations so far
[1] 601.609 +- 17.9653  	chisq 15.0326 (5 df)

Iteration 7:  28000000 integrand evaluations so far
[1] 602.375 +- 10.6855  	chisq 15.0354 (6 df)

Iteration 8:  36000000 integrand evaluations so far
[1] 614.659 +- 7.14538  	chisq 17.4259 (7 df)

Iteration 9:  45000000 integrand evaluations so far
[1] 615.587 +- 5.32384  	chisq 17.4639 (8 df)

Iteration 10:  55000000 integrand evaluations so far
[1] 616.344 +- 4.9853  	chisq 17.6279 (9 df)
   616.3 ±      5        (1.81mi) ┃     530 ±     56        (42.8mi) ┃
┃   44 -    46 ┃   26 -    27 ┃  523.66 ±   0.24        (1.73mi) ┃ -442.86 ±   0.23        (7.66mi) ┃Vegas input parameters:
  ndim 10
  ncomp 1
  nvec 1
  epsrel 0
  epsabs 0
  flags 10
  seed 123456
  mineval 50000000
  maxeval 50000000
  nstart 1000000
  nincrease 1000000
  nbatch 5000
  gridno 0
  statefile ""

Iteration 1:  1000000 integrand evaluations so far
[1] -741.149 +- 420.558  	chisq 0 (0 df)

Iteration 2:  3000000 integrand evaluations so far
[1] 6.68098 +- 241.572  	chisq 4.71894 (1 df)

Iteration 3:  6000000 integrand evaluations so far
[1] -166.845 +- 125.209  	chisq 5.42446 (2 df)

Iteration 4:  10000000 integrand evaluations so far
[1] -163.28 +- 116.989  	chisq 5.43084 (3 df)

Iteration 5:  15000000 integrand evaluations so far
[1] -144.523 +- 116.019  	chisq 6.98593 (4 df)

Iteration 6:  21000000 integrand evaluations so far
[1] -118.799 +- 112.921  	chisq 7.91917 (5 df)

Iteration 7:  28000000 integrand evaluations so far
[1] -113.786 +- 106.079  	chisq 7.93594 (6 df)

Iteration 8:  36000000 integrand evaluations so far
[1] -74.2303 +- 79.7837  	chisq 8.25609 (7 df)

Iteration 9:  45000000 integrand evaluations so far
[1] -89.9473 +- 73.6954  	chisq 8.52045 (8 df)

Iteration 10:  55000000 integrand evaluations so far
[1] -99.2037 +- 72.0777  	chisq 8.88378 (9 df)
     -99 ±     72        (3.67mi) ┃Vegas input parameters:
  ndim 8
  ncomp 1
  nvec 1
  epsrel 0
  epsabs 0
  flags 10
  seed 123456
  mineval 5000000
  maxeval 50000000
  nstart 1000000
  nincrease 1000000
  nbatch 5000
  gridno 0
  statefile ""

Iteration 1:  1000000 integrand evaluations so far
[1] 629.748 +- 107.714  	chisq 0 (0 df)

Iteration 2:  3000000 integrand evaluations so far
[1] 465.258 +- 46.5682  	chisq 2.86812 (1 df)

Iteration 3:  6000000 integrand evaluations so far
[1] 489.216 +- 44.0819  	chisq 5.41476 (2 df)

Iteration 4:  10000000 integrand evaluations so far
[1] 523.529 +- 38.9198  	chisq 8.1627 (3 df)

Iteration 5:  15000000 integrand evaluations so far
[1] 559.752 +- 26.2331  	chisq 9.75009 (4 df)

Iteration 6:  21000000 integrand evaluations so far
[1] 563.277 +- 19.0344  	chisq 9.78823 (5 df)

Iteration 7:  28000000 integrand evaluations so far
[1] 547.243 +- 12.2282  	chisq 10.9965 (6 df)

Iteration 8:  36000000 integrand evaluations so far
[1] 547.272 +- 7.86809  	chisq 10.9965 (7 df)

Iteration 9:  45000000 integrand evaluations so far
[1] 550.378 +- 7.58115  	chisq 13.173 (8 df)

Iteration 10:  55000000 integrand evaluations so far
[1] 549.244 +- 6.57944  	chisq 13.2637 (9 df)
   549.2 ±    6.6        (1.81mi) ┃     531 ±     72        (14.9mi) ┃
┃   44 -    46 ┃   27 -    28 ┃  475.13 ±   0.22        (2.92mi) ┃ -403.51 ±   0.28        (7.47mi) ┃Vegas input parameters:
  ndim 10
  ncomp 1
  nvec 1
  epsrel 0
  epsabs 0
  flags 10
  seed 123456
  mineval 50000000
  maxeval 50000000
  nstart 1000000
  nincrease 1000000
  nbatch 5000
  gridno 0
  statefile ""

Iteration 1:  1000000 integrand evaluations so far
[1] -479.224 +- 859.414  	chisq 0 (0 df)

Iteration 2:  3000000 integrand evaluations so far
[1] -875.702 +- 567.745  	chisq 0.377638 (1 df)

Iteration 3:  6000000 integrand evaluations so far
[1] -711.278 +- 544.951  	chisq 1.44358 (2 df)

Iteration 4:  10000000 integrand evaluations so far
[1] -174.55 +- 119.089  	chisq 2.46228 (3 df)

Iteration 5:  15000000 integrand evaluations so far
[1] -152.82 +- 112.69  	chisq 2.78064 (4 df)

Iteration 6:  21000000 integrand evaluations so far
[1] -139.25 +- 112.127  	chisq 4.23459 (5 df)

Iteration 7:  28000000 integrand evaluations so far
[1] -39.1898 +- 85.3786  	chisq 6.12974 (6 df)

Iteration 8:  36000000 integrand evaluations so far
[1] -19.8075 +- 79.9125  	chisq 6.54555 (7 df)

Iteration 9:  45000000 integrand evaluations so far
[1] 27.6059 +- 67.2648  	chisq 7.75321 (8 df)

Iteration 10:  55000000 integrand evaluations so far
[1] 32.05 +- 61.0369  	chisq 7.77793 (9 df)
      32 ±     61        ( 3.6mi) ┃Vegas input parameters:
  ndim 8
  ncomp 1
  nvec 1
  epsrel 0
  epsabs 0
  flags 10
  seed 123456
  mineval 5000000
  maxeval 50000000
  nstart 1000000
  nincrease 1000000
  nbatch 5000
  gridno 0
  statefile ""

Iteration 1:  1000000 integrand evaluations so far
[1] 440.336 +- 81.0862  	chisq 0 (0 df)

Iteration 2:  3000000 integrand evaluations so far
[1] 451.781 +- 76.3259  	chisq 0.174818 (1 df)

Iteration 3:  6000000 integrand evaluations so far
[1] 469.508 +- 69.6437  	chisq 0.496976 (2 df)

Iteration 4:  10000000 integrand evaluations so far
[1] 496.826 +- 52.3065  	chisq 0.849957 (3 df)

Iteration 5:  15000000 integrand evaluations so far
[1] 497.281 +- 32.9983  	chisq 0.850083 (4 df)

Iteration 6:  21000000 integrand evaluations so far
[1] 466.604 +- 19.1884  	chisq 2.15591 (5 df)

Iteration 7:  28000000 integrand evaluations so far
[1] 466.322 +- 10.662  	chisq 2.15622 (6 df)

Iteration 8:  36000000 integrand evaluations so far
[1] 482.802 +- 8.33653  	chisq 8.30315 (7 df)

Iteration 9:  45000000 integrand evaluations so far
[1] 491.091 +- 6.13779  	chisq 10.462 (8 df)

Iteration 10:  55000000 integrand evaluations so far
[1] 494.665 +- 4.56608  	chisq 11.2214 (9 df)
   494.7 ±    4.6        (1.82mi) ┃     598 ±     61        (15.8mi) ┃
┃   44 -    46 ┃   28 -    29 ┃  446.64 ±   0.43        ( 30.9s) ┃ -377.96 ±    0.1        (7.92mi) ┃Vegas input parameters:
  ndim 10
  ncomp 1
  nvec 1
  epsrel 0
  epsabs 0
  flags 10
  seed 123456
  mineval 50000000
  maxeval 50000000
  nstart 1000000
  nincrease 1000000
  nbatch 5000
  gridno 0
  statefile ""

Iteration 1:  1000000 integrand evaluations so far
[1] 1005.76 +- 772.96  	chisq 0 (0 df)

Iteration 2:  3000000 integrand evaluations so far
[1] -181.49 +- 447.321  	chisq 3.54721 (1 df)

Iteration 3:  6000000 integrand evaluations so far
[1] 95.2284 +- 189.669  	chisq 4.01377 (2 df)

Iteration 4:  10000000 integrand evaluations so far
[1] 76.0032 +- 188.78  	chisq 5.11169 (3 df)

Iteration 5:  15000000 integrand evaluations so far
[1] 108.395 +- 159.01  	chisq 5.21302 (4 df)

Iteration 6:  21000000 integrand evaluations so far
[1] -1.92776 +- 111.197  	chisq 6.1551 (5 df)

Iteration 7:  28000000 integrand evaluations so far
[1] 30.164 +- 94.6667  	chisq 6.45773 (6 df)

Iteration 8:  36000000 integrand evaluations so far
[1] 43.5399 +- 71.035  	chisq 6.50342 (7 df)

Iteration 9:  45000000 integrand evaluations so far
[1] 73.1686 +- 69.5159  	chisq 10.615 (8 df)

Iteration 10:  55000000 integrand evaluations so far
[1] 76.8359 +- 67.3553  	chisq 10.6605 (9 df)
      77 ±     67        (3.65mi) ┃Vegas input parameters:
  ndim 8
  ncomp 1
  nvec 1
  epsrel 0
  epsabs 0
  flags 10
  seed 123456
  mineval 5000000
  maxeval 50000000
  nstart 1000000
  nincrease 1000000
  nbatch 5000
  gridno 0
  statefile ""

Iteration 1:  1000000 integrand evaluations so far
[1] 460.993 +- 89.2887  	chisq 0 (0 df)

Iteration 2:  3000000 integrand evaluations so far
[1] 408.268 +- 68.8652  	chisq 0.860652 (1 df)

Iteration 3:  6000000 integrand evaluations so far
[1] 388.457 +- 50.0886  	chisq 1.03637 (2 df)

Iteration 4:  10000000 integrand evaluations so far
[1] 408.38 +- 42.4087  	chisq 1.59511 (3 df)

Iteration 5:  15000000 integrand evaluations so far
[1] 415.276 +- 29.3346  	chisq 1.64581 (4 df)

Iteration 6:  21000000 integrand evaluations so far
[1] 421.37 +- 15.1721  	chisq 1.70472 (5 df)

Iteration 7:  28000000 integrand evaluations so far
[1] 422.79 +- 15.1105  	chisq 2.78641 (6 df)

Iteration 8:  36000000 integrand evaluations so far
[1] 424.812 +- 14.9677  	chisq 3.73866 (7 df)

Iteration 9:  45000000 integrand evaluations so far
[1] 433.596 +- 13.2713  	chisq 5.34941 (8 df)

Iteration 10:  55000000 integrand evaluations so far
[1] 445.341 +- 10.272  	chisq 7.30271 (9 df)
     445 ±     10        (1.84mi) ┃     591 ±     68        (13.9mi) ┃
┃   44 -    46 ┃   29 -    30 ┃  445.99 ±   0.12        (6.51mi) ┃-376.756 ±  0.065        (  59mi) ┃Vegas input parameters:
  ndim 10
  ncomp 1
  nvec 1
  epsrel 0
  epsabs 0
  flags 10
  seed 123456
  mineval 50000000
  maxeval 50000000
  nstart 1000000
  nincrease 1000000
  nbatch 5000
  gridno 0
  statefile ""

Iteration 1:  1000000 integrand evaluations so far
[1] -179.936 +- 374.163  	chisq 0 (0 df)

Iteration 2:  3000000 integrand evaluations so far
[1] 48.304 +- 124.023  	chisq 0.418033 (1 df)

Iteration 3:  6000000 integrand evaluations so far
[1] -26.6308 +- 99.1937  	chisq 1.43117 (2 df)

Iteration 4:  10000000 integrand evaluations so far
[1] -84.1274 +- 72.2322  	chisq 2.14644 (3 df)

Iteration 5:  15000000 integrand evaluations so far
[1] -78.1747 +- 66.4468  	chisq 2.1906 (4 df)

Iteration 6:  21000000 integrand evaluations so far
[1] -30.4507 +- 61.6786  	chisq 5.91871 (5 df)

Iteration 7:  28000000 integrand evaluations so far
[1] -20.5143 +- 60.9107  	chisq 6.96746 (6 df)

Iteration 8:  36000000 integrand evaluations so far
[1] -19.5038 +- 60.9023  	chisq 7.96985 (7 df)

Iteration 9:  45000000 integrand evaluations so far
[1] -15.2412 +- 59.8371  	chisq 8.11113 (8 df)

Iteration 10:  55000000 integrand evaluations so far
[1] -12.1367 +- 59.7614  	chisq 9.17549 (9 df)
     -12 ±     60        (3.59mi) ┃Vegas input parameters:
  ndim 8
  ncomp 1
  nvec 1
  epsrel 0
  epsabs 0
  flags 10
  seed 123456
  mineval 5000000
  maxeval 50000000
  nstart 1000000
  nincrease 1000000
  nbatch 5000
  gridno 0
  statefile ""

Iteration 1:  1000000 integrand evaluations so far
[1] 445.658 +- 88.5545  	chisq 0 (0 df)

Iteration 2:  3000000 integrand evaluations so far
[1] 369.612 +- 54.494  	chisq 1.18693 (1 df)

Iteration 3:  6000000 integrand evaluations so far
[1] 382.959 +- 45.7492  	chisq 1.39016 (2 df)

Iteration 4:  10000000 integrand evaluations so far
[1] 329.777 +- 21.633  	chisq 3.13064 (3 df)

Iteration 5:  15000000 integrand evaluations so far
[1] 342.018 +- 20.7288  	chisq 7.04286 (4 df)

Iteration 6:  21000000 integrand evaluations so far
[1] 357.643 +- 19.1896  	chisq 11.0163 (5 df)

Iteration 7:  28000000 integrand evaluations so far
[1] 392.202 +- 13.2039  	chisq 17.1758 (6 df)

Iteration 8:  36000000 integrand evaluations so far
[1] 408.217 +- 10.0408  	chisq 20.6641 (7 df)

Iteration 9:  45000000 integrand evaluations so far
[1] 421.524 +- 7.27976  	chisq 24.3669 (8 df)

Iteration 10:  55000000 integrand evaluations so far
[1] 434.682 +- 5.81616  	chisq 33.4001 (9 df)
   434.7 ±    5.8        (1.78mi) ┃     492 ±     60        (1.18hr) ┃
┃   44 -    46 ┃   30 -    31 ┃  410.85 ±   0.38        (2.15mi) ┃-347.873 ±  0.058        (58.6mi) ┃Vegas input parameters:
  ndim 10
  ncomp 1
  nvec 1
  epsrel 0
  epsabs 0
  flags 10
  seed 123456
  mineval 50000000
  maxeval 50000000
  nstart 1000000
  nincrease 1000000
  nbatch 5000
  gridno 0
  statefile ""

Iteration 1:  1000000 integrand evaluations so far
[1] -66.4325 +- 260.629  	chisq 0 (0 df)

Iteration 2:  3000000 integrand evaluations so far
[1] 23.9598 +- 136.722  	chisq 0.165957 (1 df)

Iteration 3:  6000000 integrand evaluations so far
[1] -67.7034 +- 82.68  	chisq 0.874576 (2 df)

Iteration 4:  10000000 integrand evaluations so far
[1] -101.361 +- 71.2835  	chisq 1.5202 (3 df)

Iteration 5:  15000000 integrand evaluations so far
[1] -100.558 +- 71.265  	chisq 1.76451 (4 df)

Iteration 6:  21000000 integrand evaluations so far
[1] -68.1506 +- 64.367  	chisq 2.88707 (5 df)

Iteration 7:  28000000 integrand evaluations so far
[1] -74.6027 +- 63.4569  	chisq 3.24493 (6 df)

Iteration 8:  36000000 integrand evaluations so far
[1] -103.664 +- 54.391  	chisq 4.03542 (7 df)

Iteration 9:  45000000 integrand evaluations so far
[1] -98.4594 +- 53.6482  	chisq 4.37298 (8 df)

Iteration 10:  55000000 integrand evaluations so far
[1] -102.998 +- 51.304  	chisq 4.45672 (9 df)
    -103 ±     51        (3.63mi) ┃Vegas input parameters:
  ndim 8
  ncomp 1
  nvec 1
  epsrel 0
  epsabs 0
  flags 10
  seed 123456
  mineval 5000000
  maxeval 50000000
  nstart 1000000
  nincrease 1000000
  nbatch 5000
  gridno 0
  statefile ""

Iteration 1:  1000000 integrand evaluations so far
[1] 455.61 +- 83.561  	chisq 0 (0 df)

Iteration 2:  3000000 integrand evaluations so far
[1] 310.174 +- 42.3566  	chisq 4.07672 (1 df)

Iteration 3:  6000000 integrand evaluations so far
[1] 313.127 +- 33.8535  	chisq 4.09018 (2 df)

Iteration 4:  10000000 integrand evaluations so far
[1] 318.463 +- 25.8361  	chisq 4.14967 (3 df)

Iteration 5:  15000000 integrand evaluations so far
[1] 348.719 +- 21.2328  	chisq 8.37475 (4 df)

Iteration 6:  21000000 integrand evaluations so far
[1] 363.797 +- 12.1991  	chisq 9.12748 (5 df)

Iteration 7:  28000000 integrand evaluations so far
[1] 388.974 +- 7.94501  	chisq 16.5245 (6 df)

Iteration 8:  36000000 integrand evaluations so far
[1] 395.569 +- 5.4734  	chisq 17.8358 (7 df)

Iteration 9:  45000000 integrand evaluations so far
[1] 398.012 +- 4.12186  	chisq 18.296 (8 df)

Iteration 10:  55000000 integrand evaluations so far
[1] 400.517 +- 3.36554  	chisq 19.4041 (9 df)
   400.5 ±    3.4        (1.77mi) ┃     360 ±     51        ( 1.1hr) ┃
┃   44 -    46 ┃   31 -    32 ┃  395.22 ±   0.32        (3.06mi) ┃  -334.5 ±   0.31        (7.21mi) ┃Vegas input parameters:
  ndim 10
  ncomp 1
  nvec 1
  epsrel 0
  epsabs 0
  flags 10
  seed 123456
  mineval 50000000
  maxeval 50000000
  nstart 1000000
  nincrease 1000000
  nbatch 5000
  gridno 0
  statefile ""

Iteration 1:  1000000 integrand evaluations so far
[1] 40.4487 +- 143.213  	chisq 0 (0 df)

Iteration 2:  3000000 integrand evaluations so far
[1] -18.7999 +- 70.8147  	chisq 0.226547 (1 df)

Iteration 3:  6000000 integrand evaluations so far
[1] -26.9706 +- 67.8492  	chisq 0.388898 (2 df)

Iteration 4:  10000000 integrand evaluations so far
[1] -39.4257 +- 52.6602  	chisq 0.473649 (3 df)

Iteration 5:  15000000 integrand evaluations so far
[1] -33.7326 +- 48.0624  	chisq 0.543638 (4 df)

Iteration 6:  21000000 integrand evaluations so far
[1] -44.9703 +- 44.876  	chisq 0.970082 (5 df)

Iteration 7:  28000000 integrand evaluations so far
[1] -20.2692 +- 40.5568  	chisq 2.62358 (6 df)

Iteration 8:  36000000 integrand evaluations so far
[1] -12.7911 +- 38.5895  	chisq 2.98272 (7 df)

Iteration 9:  45000000 integrand evaluations so far
[1] -9.77018 +- 38.3967  	chisq 3.59762 (8 df)

Iteration 10:  55000000 integrand evaluations so far
[1] -7.7751 +- 36.6166  	chisq 3.62742 (9 df)
      -8 ±     37        (3.63mi) ┃Vegas input parameters:
  ndim 8
  ncomp 1
  nvec 1
  epsrel 0
  epsabs 0
  flags 10
  seed 123456
  mineval 5000000
  maxeval 50000000
  nstart 1000000
  nincrease 1000000
  nbatch 5000
  gridno 0
  statefile ""

Iteration 1:  1000000 integrand evaluations so far
[1] 357.996 +- 77.3842  	chisq 0 (0 df)

Iteration 2:  3000000 integrand evaluations so far
[1] 363.037 +- 77.161  	chisq 0.73668 (1 df)

Iteration 3:  6000000 integrand evaluations so far
[1] 379.658 +- 73.0648  	chisq 1.18561 (2 df)

Iteration 4:  10000000 integrand evaluations so far
[1] 388.614 +- 66.6551  	chisq 1.27517 (3 df)

Iteration 5:  15000000 integrand evaluations so far
[1] 287.336 +- 34.6806  	chisq 4.44084 (4 df)

Iteration 6:  21000000 integrand evaluations so far
[1] 311.071 +- 30.6325  	chisq 6.57163 (5 df)

Iteration 7:  28000000 integrand evaluations so far
[1] 334.398 +- 26.7163  	chisq 8.99442 (6 df)

Iteration 8:  36000000 integrand evaluations so far
[1] 342.749 +- 18.7575  	chisq 9.18715 (7 df)

Iteration 9:  45000000 integrand evaluations so far
[1] 365.334 +- 11.55  	chisq 11.5222 (8 df)

Iteration 10:  55000000 integrand evaluations so far
[1] 373.124 +- 10.0246  	chisq 13.3659 (9 df)
     373 ±     10        (1.82mi) ┃     426 ±     38        (15.7mi) ┃
┃   44 -    46 ┃   32 -    33 ┃  391.77 ±   0.17        (6.17mi) ┃    -332 ±   0.25        (14.6mi) ┃Vegas input parameters:
  ndim 10
  ncomp 1
  nvec 1
  epsrel 0
  epsabs 0
  flags 10
  seed 123456
  mineval 50000000
  maxeval 50000000
  nstart 1000000
  nincrease 1000000
  nbatch 5000
  gridno 0
  statefile ""

Iteration 1:  1000000 integrand evaluations so far
[1] 497.691 +- 214.701  	chisq 0 (0 df)

Iteration 2:  3000000 integrand evaluations so far
[1] 55.5822 +- 105.113  	chisq 5.57698 (1 df)

Iteration 3:  6000000 integrand evaluations so far
[1] 58.8508 +- 105.057  	chisq 6.49375 (2 df)

Iteration 4:  10000000 integrand evaluations so far
[1] 64.6973 +- 104.334  	chisq 6.71936 (3 df)

Iteration 5:  15000000 integrand evaluations so far
[1] 28.2057 +- 86.6418  	chisq 7.11348 (4 df)

Iteration 6:  21000000 integrand evaluations so far
[1] 64.3485 +- 83.2358  	chisq 9.37117 (5 df)

Iteration 7:  28000000 integrand evaluations so far
[1] 88.6286 +- 80.9036  	chisq 10.9112 (6 df)

Iteration 8:  36000000 integrand evaluations so far
[1] 50.782 +- 69.4732  	chisq 11.7445 (7 df)

Iteration 9:  45000000 integrand evaluations so far
[1] 3.70613 +- 57.6389  	chisq 13.2177 (8 df)

Iteration 10:  55000000 integrand evaluations so far
[1] -13.525 +- 44.8666  	chisq 13.4445 (9 df)
     -14 ±     45        (3.63mi) ┃Vegas input parameters:
  ndim 8
  ncomp 1
  nvec 1
  epsrel 0
  epsabs 0
  flags 10
  seed 123456
  mineval 5000000
  maxeval 50000000
  nstart 1000000
  nincrease 1000000
  nbatch 5000
  gridno 0
  statefile ""

Iteration 1:  1000000 integrand evaluations so far
[1] 268.321 +- 66.3224  	chisq 0 (0 df)

Iteration 2:  3000000 integrand evaluations so far
[1] 126.606 +- 27.9874  	chisq 5.55498 (1 df)

Iteration 3:  6000000 integrand evaluations so far
[1] 154.06 +- 23.2224  	chisq 8.64383 (2 df)

Iteration 4:  10000000 integrand evaluations so far
[1] 163.686 +- 22.5487  	chisq 11.6488 (3 df)

Iteration 5:  15000000 integrand evaluations so far
[1] 186.508 +- 21.2067  	chisq 20.519 (4 df)

Iteration 6:  21000000 integrand evaluations so far
[1] 214.755 +- 19.7793  	chisq 34.1565 (5 df)

Iteration 7:  28000000 integrand evaluations so far
[1] 248.083 +- 18.064  	chisq 51.2692 (6 df)

Iteration 8:  36000000 integrand evaluations so far
[1] 285.181 +- 15.1317  	chisq 65.4072 (7 df)

Iteration 9:  45000000 integrand evaluations so far
[1] 331.674 +- 12.1426  	chisq 91.922 (8 df)

Iteration 10:  55000000 integrand evaluations so far
[1] 347.746 +- 7.58743  	chisq 94.7963 (9 df)
   347.7 ±    7.6        (1.82mi) ┃     394 ±     46        (26.3mi) ┃
┃   44 -    46 ┃   33 -    34 ┃  367.29 ±   0.23        (1.53mi) ┃ -311.46 ±    0.2        (1.87mi) ┃Vegas input parameters:
  ndim 10
  ncomp 1
  nvec 1
  epsrel 0
  epsabs 0
  flags 10
  seed 123456
  mineval 50000000
  maxeval 50000000
  nstart 1000000
  nincrease 1000000
  nbatch 5000
  gridno 0
  statefile ""

Iteration 1:  1000000 integrand evaluations so far
[1] 49.1061 +- 275.615  	chisq 0 (0 df)

Iteration 2:  3000000 integrand evaluations so far
[1] -188.542 +- 75.7412  	chisq 0.8042 (1 df)

Iteration 3:  6000000 integrand evaluations so far
[1] -192.566 +- 73.8903  	chisq 0.862677 (2 df)

Iteration 4:  10000000 integrand evaluations so far
[1] -185.16 +- 73.287  	chisq 1.4805 (3 df)

Iteration 5:  15000000 integrand evaluations so far
[1] -171.969 +- 67.2959  	chisq 1.68707 (4 df)

Iteration 6:  21000000 integrand evaluations so far
[1] -170.32 +- 67.2783  	chisq 2.83174 (5 df)

Iteration 7:  28000000 integrand evaluations so far
[1] -167.636 +- 66.9892  	chisq 3.01735 (6 df)

Iteration 8:  36000000 integrand evaluations so far
[1] -164.397 +- 61.6678  	chisq 3.03268 (7 df)

Iteration 9:  45000000 integrand evaluations so far
[1] -123.666 +- 56.1186  	chisq 5.5708 (8 df)

Iteration 10:  55000000 integrand evaluations so far
[1] -33.1262 +- 43.0897  	chisq 11.9128 (9 df)
     -33 ±     43        (3.62mi) ┃Vegas input parameters:
  ndim 8
  ncomp 1
  nvec 1
  epsrel 0
  epsabs 0
  flags 10
  seed 123456
  mineval 5000000
  maxeval 50000000
  nstart 1000000
  nincrease 1000000
  nbatch 5000
  gridno 0
  statefile ""

Iteration 1:  1000000 integrand evaluations so far
[1] 528.77 +- 85.2679  	chisq 0 (0 df)

Iteration 2:  3000000 integrand evaluations so far
[1] 292.72 +- 29.3023  	chisq 8.68994 (1 df)

Iteration 3:  6000000 integrand evaluations so far
[1] 310.528 +- 20.1791  	chisq 9.39244 (2 df)

Iteration 4:  10000000 integrand evaluations so far
[1] 315.143 +- 13.2689  	chisq 9.48459 (3 df)

Iteration 5:  15000000 integrand evaluations so far
[1] 319.353 +- 12.672  	chisq 10.6295 (4 df)

Iteration 6:  21000000 integrand evaluations so far
[1] 327.399 +- 9.61519  	chisq 11.5796 (5 df)

Iteration 7:  28000000 integrand evaluations so far
[1] 323.653 +- 6.25749  	chisq 11.8428 (6 df)

Iteration 8:  36000000 integrand evaluations so far
[1] 329.788 +- 4.88536  	chisq 14.3045 (7 df)

Iteration 9:  45000000 integrand evaluations so far
[1] 332.631 +- 4.70338  	chisq 18.9347 (8 df)

Iteration 10:  55000000 integrand evaluations so far
[1] 337.282 +- 4.25611  	chisq 24.3343 (9 df)
   337.3 ±    4.3        (1.78mi) ┃     360 ±     43        ( 8.8mi) ┃
┃   44 -    46 ┃   34 -    35 ┃  385.76 ±   0.26        ( 8.73s) ┃ -326.51 ±   0.16        (1.02mi) ┃Vegas input parameters:
  ndim 10
  ncomp 1
  nvec 1
  epsrel 0
  epsabs 0
  flags 10
  seed 123456
  mineval 50000000
  maxeval 50000000
  nstart 1000000
  nincrease 1000000
  nbatch 5000
  gridno 0
  statefile ""

Iteration 1:  1000000 integrand evaluations so far
[1] -506.665 +- 354.799  	chisq 0 (0 df)

Iteration 2:  3000000 integrand evaluations so far
[1] -278.02 +- 244.387  	chisq 0.790217 (1 df)

Iteration 3:  6000000 integrand evaluations so far
[1] -162.006 +- 112.264  	chisq 1.07584 (2 df)

Iteration 4:  10000000 integrand evaluations so far
[1] -38.5688 +- 87.3685  	chisq 4.14159 (3 df)

Iteration 5:  15000000 integrand evaluations so far
[1] -49.8685 +- 86.5901  	chisq 5.08449 (4 df)

Iteration 6:  21000000 integrand evaluations so far
[1] -13.9534 +- 58.9776  	chisq 5.4054 (5 df)

Iteration 7:  28000000 integrand evaluations so far
[1] 23.0461 +- 54.161  	chisq 7.9175 (6 df)

Iteration 8:  36000000 integrand evaluations so far
[1] 18.4893 +- 53.9753  	chisq 8.9518 (7 df)

Iteration 9:  45000000 integrand evaluations so far
[1] 16.6796 +- 52.167  	chisq 8.96886 (8 df)

Iteration 10:  55000000 integrand evaluations so far
[1] 24.468 +- 51.4586  	chisq 9.7952 (9 df)
      24 ±     51        (3.59mi) ┃Vegas input parameters:
  ndim 8
  ncomp 1
  nvec 1
  epsrel 0
  epsabs 0
  flags 10
  seed 123456
  mineval 5000000
  maxeval 50000000
  nstart 1000000
  nincrease 1000000
  nbatch 5000
  gridno 0
  statefile ""

Iteration 1:  1000000 integrand evaluations so far
[1] 245.99 +- 59.9396  	chisq 0 (0 df)

Iteration 2:  3000000 integrand evaluations so far
[1] 109.687 +- 23.5533  	chisq 6.11539 (1 df)

Iteration 3:  6000000 integrand evaluations so far
[1] 116.159 +- 18.9085  	chisq 6.32779 (2 df)

Iteration 4:  10000000 integrand evaluations so far
[1] 119.858 +- 18.7508  	chisq 8.63169 (3 df)

Iteration 5:  15000000 integrand evaluations so far
[1] 126.803 +- 18.5609  	chisq 15.4403 (4 df)

Iteration 6:  21000000 integrand evaluations so far
[1] 188.056 +- 13.6011  	chisq 38.9609 (5 df)

Iteration 7:  28000000 integrand evaluations so far
[1] 190.113 +- 13.5476  	chisq 41.8771 (6 df)

Iteration 8:  36000000 integrand evaluations so far
[1] 222.565 +- 11.6627  	chisq 64.0398 (7 df)

Iteration 9:  45000000 integrand evaluations so far
[1] 251.353 +- 10.3078  	chisq 91.8795 (8 df)

Iteration 10:  55000000 integrand evaluations so far
[1] 272.557 +- 9.42413  	chisq 117.665 (9 df)
   272.6 ±    9.4        (1.83mi) ┃     356 ±     52        (6.58mi) ┃
┃   44 -    46 ┃   35 -    36 ┃  332.77 ±   0.18        (1.04mi) ┃ -282.09 ±   0.19        (14.3mi) ┃Vegas input parameters:
  ndim 10
  ncomp 1
  nvec 1
  epsrel 0
  epsabs 0
  flags 10
  seed 123456
  mineval 50000000
  maxeval 50000000
  nstart 1000000
  nincrease 1000000
  nbatch 5000
  gridno 0
  statefile ""

Iteration 1:  1000000 integrand evaluations so far
[1] 268.545 +- 178.03  	chisq 0 (0 df)

Iteration 2:  3000000 integrand evaluations so far
[1] 105.975 +- 121.966  	chisq 1.57138 (1 df)

Iteration 3:  6000000 integrand evaluations so far
[1] 109.37 +- 121.918  	chisq 2.552 (2 df)

Iteration 4:  10000000 integrand evaluations so far
[1] 38.1585 +- 82.7203  	chisq 3.1842 (3 df)

Iteration 5:  15000000 integrand evaluations so far
[1] 44.4314 +- 80.7548  	chisq 3.30667 (4 df)

Iteration 6:  21000000 integrand evaluations so far
[1] -25.9792 +- 33.997  	chisq 4.23064 (5 df)

Iteration 7:  28000000 integrand evaluations so far
[1] -30.43 +- 33.8109  	chisq 5.80057 (6 df)

Iteration 8:  36000000 integrand evaluations so far
[1] -17.7908 +- 32.5762  	chisq 7.74955 (7 df)

Iteration 9:  45000000 integrand evaluations so far
[1] -5.53083 +- 31.4488  	chisq 9.83186 (8 df)

Iteration 10:  55000000 integrand evaluations so far
[1] -25.0941 +- 29.9666  	chisq 14.0363 (9 df)
     -25 ±     30        (3.64mi) ┃Vegas input parameters:
  ndim 8
  ncomp 1
  nvec 1
  epsrel 0
  epsabs 0
  flags 10
  seed 123456
  mineval 5000000
  maxeval 50000000
  nstart 1000000
  nincrease 1000000
  nbatch 5000
  gridno 0
  statefile ""

Iteration 1:  1000000 integrand evaluations so far
[1] 252.829 +- 57.6927  	chisq 0 (0 df)

Iteration 2:  3000000 integrand evaluations so far
[1] 141.203 +- 25.6169  	chisq 4.66294 (1 df)

Iteration 3:  6000000 integrand evaluations so far
[1] 147.56 +- 25.1612  	chisq 6.40982 (2 df)

Iteration 4:  10000000 integrand evaluations so far
[1] 170.469 +- 15.1488  	chisq 7.7102 (3 df)

Iteration 5:  15000000 integrand evaluations so far
[1] 186.293 +- 14.214  	chisq 16.8325 (4 df)

Iteration 6:  21000000 integrand evaluations so far
[1] 197.845 +- 13.8161  	chisq 28.7961 (5 df)

Iteration 7:  28000000 integrand evaluations so far
[1] 240.426 +- 10.6973  	chisq 52.513 (6 df)

Iteration 8:  36000000 integrand evaluations so far
[1] 260.798 +- 9.25649  	chisq 66.9475 (7 df)

Iteration 9:  45000000 integrand evaluations so far
[1] 278.487 +- 8.16939  	chisq 83.4656 (8 df)

Iteration 10:  55000000 integrand evaluations so far
[1] 294.365 +- 6.19109  	chisq 92.3396 (9 df)
   294.4 ±    6.2        (1.78mi) ┃     320 ±     31        (20.8mi) ┃
┃   44 -    46 ┃   36 -    37 ┃  362.68 ±   0.24        ( 15.7s) ┃-306.704 ±  0.096        (1.79mi) ┃Vegas input parameters:
  ndim 10
  ncomp 1
  nvec 1
  epsrel 0
  epsabs 0
  flags 10
  seed 123456
  mineval 50000000
  maxeval 50000000
  nstart 1000000
  nincrease 1000000
  nbatch 5000
  gridno 0
  statefile ""

Iteration 1:  1000000 integrand evaluations so far
[1] -168.362 +- 150.079  	chisq 0 (0 df)

Iteration 2:  3000000 integrand evaluations so far
[1] -76.5277 +- 129.715  	chisq 1.48021 (1 df)

Iteration 3:  6000000 integrand evaluations so far
[1] -42.0588 +- 98.3609  	chisq 1.64636 (2 df)

Iteration 4:  10000000 integrand evaluations so far
[1] 64.9617 +- 59.8406  	chisq 3.52582 (3 df)

Iteration 5:  15000000 integrand evaluations so far
[1] 21.9983 +- 49.772  	chisq 5.19834 (4 df)

Iteration 6:  21000000 integrand evaluations so far
[1] 52.4733 +- 41.6391  	chisq 6.44757 (5 df)

Iteration 7:  28000000 integrand evaluations so far
[1] 10.1272 +- 36.5795  	chisq 10.9787 (6 df)

Iteration 8:  36000000 integrand evaluations so far
[1] -11.3395 +- 33.2152  	chisq 12.9412 (7 df)

Iteration 9:  45000000 integrand evaluations so far
[1] -20.4283 +- 31.3465  	chisq 13.6259 (8 df)

Iteration 10:  55000000 integrand evaluations so far
[1] -13.3798 +- 31.0343  	chisq 16.1776 (9 df)
     -13 ±     31        (3.56mi) ┃Vegas input parameters:
  ndim 8
  ncomp 1
  nvec 1
  epsrel 0
  epsabs 0
  flags 10
  seed 123456
  mineval 5000000
  maxeval 50000000
  nstart 1000000
  nincrease 1000000
  nbatch 5000
  gridno 0
  statefile ""

Iteration 1:  1000000 integrand evaluations so far
[1] 293.3 +- 65.0226  	chisq 0 (0 df)

Iteration 2:  3000000 integrand evaluations so far
[1] 272.532 +- 55.1269  	chisq 0.362774 (1 df)

Iteration 3:  6000000 integrand evaluations so far
[1] 287.641 +- 52.979  	chisq 1.34596 (2 df)

Iteration 4:  10000000 integrand evaluations so far
[1] 271.341 +- 40.1013  	chisq 1.5676 (3 df)

Iteration 5:  15000000 integrand evaluations so far
[1] 285.65 +- 38.4775  	chisq 3.17203 (4 df)

Iteration 6:  21000000 integrand evaluations so far
[1] 272.784 +- 24.3138  	chisq 3.35815 (5 df)

Iteration 7:  28000000 integrand evaluations so far
[1] 302.42 +- 18.2909  	chisq 6.78089 (6 df)

Iteration 8:  36000000 integrand evaluations so far
[1] 309.123 +- 12.2751  	chisq 7.02526 (7 df)

Iteration 9:  45000000 integrand evaluations so far
[1] 306.87 +- 7.41892  	chisq 7.07833 (8 df)

Iteration 10:  55000000 integrand evaluations so far
[1] 310.532 +- 6.56905  	chisq 8.20623 (9 df)
   310.5 ±    6.6        (1.76mi) ┃     353 ±     32        (7.38mi) ┃
┃   44 -    46 ┃   37 -    38 ┃  334.27 ±   0.24        (2.04mi) ┃ -282.55 ±   0.11        (  27mi) ┃Vegas input parameters:
  ndim 10
  ncomp 1
  nvec 1
  epsrel 0
  epsabs 0
  flags 10
  seed 123456
  mineval 50000000
  maxeval 50000000
  nstart 1000000
  nincrease 1000000
  nbatch 5000
  gridno 0
  statefile ""

Iteration 1:  1000000 integrand evaluations so far
[1] -375.739 +- 399.489  	chisq 0 (0 df)

Iteration 2:  3000000 integrand evaluations so far
[1] 107.455 +- 141.661  	chisq 1.67339 (1 df)

Iteration 3:  6000000 integrand evaluations so far
[1] 67.4977 +- 131.714  	chisq 2.26052 (2 df)

Iteration 4:  10000000 integrand evaluations so far
[1] -63.782 +- 65.1948  	chisq 3.5763 (3 df)

Iteration 5:  15000000 integrand evaluations so far
[1] -73.2682 +- 49.04  	chisq 3.62506 (4 df)

Iteration 6:  21000000 integrand evaluations so far
[1] -53.9605 +- 47.8063  	chisq 6.74508 (5 df)

Iteration 7:  28000000 integrand evaluations so far
[1] -60.6817 +- 41.0244  	chisq 6.82006 (6 df)

Iteration 8:  36000000 integrand evaluations so far
[1] -59.6333 +- 41.0089  	chisq 7.68726 (7 df)

Iteration 9:  45000000 integrand evaluations so far
[1] -74.4485 +- 34.2153  	chisq 8.11676 (8 df)

Iteration 10:  55000000 integrand evaluations so far
[1] -64.4358 +- 33.4658  	chisq 10.0932 (9 df)
     -64 ±     33        (3.61mi) ┃Vegas input parameters:
  ndim 8
  ncomp 1
  nvec 1
  epsrel 0
  epsabs 0
  flags 10
  seed 123456
  mineval 5000000
  maxeval 50000000
  nstart 1000000
  nincrease 1000000
  nbatch 5000
  gridno 0
  statefile ""

Iteration 1:  1000000 integrand evaluations so far
[1] 385.854 +- 74.743  	chisq 0 (0 df)

Iteration 2:  3000000 integrand evaluations so far
[1] 129.953 +- 20.0267  	chisq 12.6286 (1 df)

Iteration 3:  6000000 integrand evaluations so far
[1] 144.234 +- 18.5851  	chisq 16.2925 (2 df)

Iteration 4:  10000000 integrand evaluations so far
[1] 170.413 +- 16.4359  	chisq 25.398 (3 df)

Iteration 5:  15000000 integrand evaluations so far
[1] 203.116 +- 13.8832  	chisq 39.2164 (4 df)

Iteration 6:  21000000 integrand evaluations so far
[1] 243.485 +- 10.4929  	chisq 58.9351 (5 df)

Iteration 7:  28000000 integrand evaluations so far
[1] 273.192 +- 7.55174  	chisq 75.5645 (6 df)

Iteration 8:  36000000 integrand evaluations so far
[1] 287.909 +- 6.09158  	chisq 86.4356 (7 df)

Iteration 9:  45000000 integrand evaluations so far
[1] 293.307 +- 5.4862  	chisq 90.5932 (8 df)

Iteration 10:  55000000 integrand evaluations so far
[1] 300.485 +- 4.50416  	chisq 95.8449 (9 df)
   300.5 ±    4.5        ( 1.8mi) ┃     288 ±     34        (34.4mi) ┃
┃   44 -    46 ┃   38 -    39 ┃  331.76 ±  0.031        (1.65mi) ┃-290.177 ±   0.08        ( 38.5s) ┃Vegas input parameters:
  ndim 10
  ncomp 1
  nvec 1
  epsrel 0
  epsabs 0
  flags 10
  seed 123456
  mineval 50000000
  maxeval 50000000
  nstart 1000000
  nincrease 1000000
  nbatch 5000
  gridno 0
  statefile ""

Iteration 1:  1000000 integrand evaluations so far
[1] -637.739 +- 462.548  	chisq 0 (0 df)

Iteration 2:  3000000 integrand evaluations so far
[1] -149.743 +- 356.783  	chisq 2.74809 (1 df)

Iteration 3:  6000000 integrand evaluations so far
[1] 20.8173 +- 56.2314  	chisq 2.98245 (2 df)

Iteration 4:  10000000 integrand evaluations so far
[1] 12.5023 +- 53.0153  	chisq 3.17923 (3 df)

Iteration 5:  15000000 integrand evaluations so far
[1] -24.4045 +- 47.2823  	chisq 5.54812 (4 df)

Iteration 6:  21000000 integrand evaluations so far
[1] -20.191 +- 47.1426  	chisq 6.89337 (5 df)

Iteration 7:  28000000 integrand evaluations so far
[1] -26.8601 +- 44.1268  	chisq 7.05496 (6 df)

Iteration 8:  36000000 integrand evaluations so far
[1] -30.3991 +- 43.9629  	chisq 7.92238 (7 df)

Iteration 9:  45000000 integrand evaluations so far
[1] -28.7585 +- 39.834  	chisq 7.93016 (8 df)

Iteration 10:  55000000 integrand evaluations so far
[1] -27.1929 +- 39.7949  	chisq 8.71836 (9 df)
     -27 ±     40        (3.63mi) ┃Vegas input parameters:
  ndim 8
  ncomp 1
  nvec 1
  epsrel 0
  epsabs 0
  flags 10
  seed 123456
  mineval 5000000
  maxeval 50000000
  nstart 1000000
  nincrease 1000000
  nbatch 5000
  gridno 0
  statefile ""

Iteration 1:  1000000 integrand evaluations so far
[1] 285.303 +- 60.4952  	chisq 0 (0 df)

Iteration 2:  3000000 integrand evaluations so far
[1] 286.753 +- 60.4761  	chisq 0.910539 (1 df)

Iteration 3:  6000000 integrand evaluations so far
[1] 298.457 +- 56.2664  	chisq 1.18926 (2 df)

Iteration 4:  10000000 integrand evaluations so far
[1] 197.63 +- 28.947  	chisq 5.55614 (3 df)

Iteration 5:  15000000 integrand evaluations so far
[1] 206.706 +- 24.3272  	chisq 5.89082 (4 df)

Iteration 6:  21000000 integrand evaluations so far
[1] 213.821 +- 21.4694  	chisq 6.27758 (5 df)

Iteration 7:  28000000 integrand evaluations so far
[1] 222.727 +- 13.0188  	chisq 6.54972 (6 df)

Iteration 8:  36000000 integrand evaluations so far
[1] 236.497 +- 12.3198  	chisq 17.2574 (7 df)

Iteration 9:  45000000 integrand evaluations so far
[1] 262.595 +- 8.91065  	chisq 26.6676 (8 df)

Iteration 10:  55000000 integrand evaluations so far
[1] 265.706 +- 4.78409  	chisq 26.8388 (9 df)
   265.7 ±    4.8        (1.84mi) ┃     280 ±     40        (7.77mi) ┃
┃   44 -    46 ┃   39 -    40 ┃  321.95 ±   0.25        (   17s) ┃-272.889 ±  0.057        (55.5mi) ┃Vegas input parameters:
  ndim 10
  ncomp 1
  nvec 1
  epsrel 0
  epsabs 0
  flags 10
  seed 123456
  mineval 50000000
  maxeval 50000000
  nstart 1000000
  nincrease 1000000
  nbatch 5000
  gridno 0
  statefile ""

Iteration 1:  1000000 integrand evaluations so far
[1] 21.9796 +- 179.005  	chisq 0 (0 df)

Iteration 2:  3000000 integrand evaluations so far
[1] -142.682 +- 62.3369  	chisq 0.962942 (1 df)

Iteration 3:  6000000 integrand evaluations so far
[1] -136.756 +- 37.3142  	chisq 0.97703 (2 df)

Iteration 4:  10000000 integrand evaluations so far
[1] -125.016 +- 35.5871  	chisq 2.07161 (3 df)

Iteration 5:  15000000 integrand evaluations so far
[1] -123.03 +- 34.2699  	chisq 2.11446 (4 df)

Iteration 6:  21000000 integrand evaluations so far
[1] -124.523 +- 34.2038  	chisq 2.60664 (5 df)

Iteration 7:  28000000 integrand evaluations so far
[1] -110.501 +- 33.552  	chisq 7.05895 (6 df)

Iteration 8:  36000000 integrand evaluations so far
[1] -108.507 +- 33.2049  	chisq 7.23057 (7 df)

Iteration 9:  45000000 integrand evaluations so far
[1] -97.1185 +- 32.4492  	chisq 9.8446 (8 df)

Iteration 10:  55000000 integrand evaluations so far
[1] -103.167 +- 30.8913  	chisq 10.2153 (9 df)
    -103 ±     31        (3.66mi) ┃Vegas input parameters:
  ndim 8
  ncomp 1
  nvec 1
  epsrel 0
  epsabs 0
  flags 10
  seed 123456
  mineval 5000000
  maxeval 50000000
  nstart 1000000
  nincrease 1000000
  nbatch 5000
  gridno 0
  statefile ""

Iteration 1:  1000000 integrand evaluations so far
[1] 325.68 +- 70.7749  	chisq 0 (0 df)

Iteration 2:  3000000 integrand evaluations so far
[1] 215.471 +- 36.1726  	chisq 3.28215 (1 df)

Iteration 3:  6000000 integrand evaluations so far
[1] 176.659 +- 17.9929  	chisq 4.81193 (2 df)

Iteration 4:  10000000 integrand evaluations so far
[1] 180.35 +- 10.2693  	chisq 4.87437 (3 df)

Iteration 5:  15000000 integrand evaluations so far
[1] 183.785 +- 10.1687  	chisq 10.6116 (4 df)

Iteration 6:  21000000 integrand evaluations so far
[1] 199.689 +- 9.34653  	chisq 26.3755 (5 df)

Iteration 7:  28000000 integrand evaluations so far
[1] 233.994 +- 6.87267  	chisq 55.7057 (6 df)

Iteration 8:  36000000 integrand evaluations so far
[1] 254.535 +- 4.76756  	chisq 72.9247 (7 df)

Iteration 9:  45000000 integrand evaluations so far
[1] 261.377 +- 3.83201  	chisq 78.7441 (8 df)

Iteration 10:  55000000 integrand evaluations so far
[1] 265.36 +- 3.16506  	chisq 82.1435 (9 df)
   265.4 ±    3.2        ( 1.8mi) ┃     211 ±     31        (1.02hr) ┃
┃   44 -    46 ┃   40 -    41 ┃  292.64 ±   0.19        ( 6.2mi) ┃ -249.08 ±   0.16        (27.6mi) ┃Vegas input parameters:
  ndim 10
  ncomp 1
  nvec 1
  epsrel 0
  epsabs 0
  flags 10
  seed 123456
  mineval 50000000
  maxeval 50000000
  nstart 1000000
  nincrease 1000000
  nbatch 5000
  gridno 0
  statefile ""

Iteration 1:  1000000 integrand evaluations so far
[1] -452.276 +- 256.383  	chisq 0 (0 df)

Iteration 2:  3000000 integrand evaluations so far
[1] -362.357 +- 248.111  	chisq 1.93734 (1 df)

Iteration 3:  6000000 integrand evaluations so far
[1] -252.263 +- 138.89  	chisq 2.22409 (2 df)

Iteration 4:  10000000 integrand evaluations so far
[1] -7.59657 +- 64.6958  	chisq 6.18714 (3 df)

Iteration 5:  15000000 integrand evaluations so far
[1] -2.91294 +- 63.6472  	chisq 6.35014 (4 df)

Iteration 6:  21000000 integrand evaluations so far
[1] -27.5872 +- 54.9861  	chisq 6.94266 (5 df)

Iteration 7:  28000000 integrand evaluations so far
[1] -20.1827 +- 51.0262  	chisq 7.07327 (6 df)

Iteration 8:  36000000 integrand evaluations so far
[1] -36.1253 +- 48.8392  	chisq 8.23701 (7 df)

Iteration 9:  45000000 integrand evaluations so far
[1] -10.071 +- 43.3401  	chisq 9.57616 (8 df)

Iteration 10:  55000000 integrand evaluations so far
[1] -12.4258 +- 43.2744  	chisq 10.5505 (9 df)
     -12 ±     43        (3.67mi) ┃Vegas input parameters:
  ndim 8
  ncomp 1
  nvec 1
  epsrel 0
  epsabs 0
  flags 10
  seed 123456
  mineval 5000000
  maxeval 50000000
  nstart 1000000
  nincrease 1000000
  nbatch 5000
  gridno 0
  statefile ""

Iteration 1:  1000000 integrand evaluations so far
[1] 352.811 +- 78.3829  	chisq 0 (0 df)

Iteration 2:  3000000 integrand evaluations so far
[1] 268.129 +- 60.0767  	chisq 2.82916 (1 df)

Iteration 3:  6000000 integrand evaluations so far
[1] 261.828 +- 54.3701  	chisq 2.88994 (2 df)

Iteration 4:  10000000 integrand evaluations so far
[1] 229.867 +- 34.4819  	chisq 3.468 (3 df)

Iteration 5:  15000000 integrand evaluations so far
[1] 246.819 +- 30.9752  	chisq 4.7199 (4 df)

Iteration 6:  21000000 integrand evaluations so far
[1] 220.107 +- 14.1499  	chisq 5.65972 (5 df)

Iteration 7:  28000000 integrand evaluations so far
[1] 228.209 +- 8.52546  	chisq 6.17445 (6 df)

Iteration 8:  36000000 integrand evaluations so far
[1] 238.354 +- 6.08813  	chisq 9.06388 (7 df)

Iteration 9:  45000000 integrand evaluations so far
[1] 247.851 +- 4.22339  	chisq 13.7549 (8 df)

Iteration 10:  55000000 integrand evaluations so far
[1] 249.141 +- 4.08788  	chisq 15.2324 (9 df)
   249.1 ±    4.1        (1.82mi) ┃     280 ±     43        (39.3mi) ┃
┃   44 -    46 ┃   41 -    42 ┃  344.17 ±   0.23        (1.79mi) ┃ -290.05 ±   0.14        ( 54.5s) ┃Vegas input parameters:
  ndim 10
  ncomp 1
  nvec 1
  epsrel 0
  epsabs 0
  flags 10
  seed 123456
  mineval 50000000
  maxeval 50000000
  nstart 1000000
  nincrease 1000000
  nbatch 5000
  gridno 0
  statefile ""

Iteration 1:  1000000 integrand evaluations so far
[1] 204.673 +- 219.929  	chisq 0 (0 df)

Iteration 2:  3000000 integrand evaluations so far
[1] 233.62 +- 142.731  	chisq 0.02993 (1 df)

Iteration 3:  6000000 integrand evaluations so far
[1] 64.6928 +- 92.6213  	chisq 2.44962 (2 df)

Iteration 4:  10000000 integrand evaluations so far
[1] 95.1979 +- 72.3258  	chisq 2.72759 (3 df)

Iteration 5:  15000000 integrand evaluations so far
[1] 80.4244 +- 71.6558  	chisq 4.99015 (4 df)

Iteration 6:  21000000 integrand evaluations so far
[1] 12.4538 +- 42.7852  	chisq 6.38846 (5 df)

Iteration 7:  28000000 integrand evaluations so far
[1] 7.84744 +- 42.5668  	chisq 7.52692 (6 df)

Iteration 8:  36000000 integrand evaluations so far
[1] -13.8829 +- 38.0627  	chisq 8.82716 (7 df)

Iteration 9:  45000000 integrand evaluations so far
[1] -8.71451 +- 37.6539  	chisq 9.69019 (8 df)

Iteration 10:  55000000 integrand evaluations so far
[1] -18.0286 +- 36.2904  	chisq 10.5507 (9 df)
     -18 ±     36        (3.62mi) ┃Vegas input parameters:
  ndim 8
  ncomp 1
  nvec 1
  epsrel 0
  epsabs 0
  flags 10
  seed 123456
  mineval 5000000
  maxeval 50000000
  nstart 1000000
  nincrease 1000000
  nbatch 5000
  gridno 0
  statefile ""

Iteration 1:  1000000 integrand evaluations so far
[1] 362.511 +- 74.2091  	chisq 0 (0 df)

Iteration 2:  3000000 integrand evaluations so far
[1] 179.428 +- 33.2604  	chisq 7.61682 (1 df)

Iteration 3:  6000000 integrand evaluations so far
[1] 155.356 +- 20.3707  	chisq 8.45501 (2 df)

Iteration 4:  10000000 integrand evaluations so far
[1] 173.838 +- 18.5999  	chisq 13.4048 (3 df)

Iteration 5:  15000000 integrand evaluations so far
[1] 191.138 +- 16.7904  	chisq 18.0785 (4 df)

Iteration 6:  21000000 integrand evaluations so far
[1] 210.705 +- 15.0828  	chisq 25.1129 (5 df)

Iteration 7:  28000000 integrand evaluations so far
[1] 230.603 +- 12.4095  	chisq 30.4998 (6 df)

Iteration 8:  36000000 integrand evaluations so far
[1] 256.212 +- 8.55356  	chisq 38.6132 (7 df)

Iteration 9:  45000000 integrand evaluations so far
[1] 264.691 +- 5.1268  	chisq 40.147 (8 df)

Iteration 10:  55000000 integrand evaluations so far
[1] 267.248 +- 3.75549  	chisq 40.6837 (9 df)
   267.2 ±    3.8        ( 1.8mi) ┃     303 ±     36        (8.12mi) ┃
┃   44 -    46 ┃   42 -    43 ┃  271.75 ±   0.13        (3.42mi) ┃ -229.78 ±   0.22        (3.52mi) ┃Vegas input parameters:
  ndim 10
  ncomp 1
  nvec 1
  epsrel 0
  epsabs 0
  flags 10
  seed 123456
  mineval 50000000
  maxeval 50000000
  nstart 1000000
  nincrease 1000000
  nbatch 5000
  gridno 0
  statefile ""

Iteration 1:  1000000 integrand evaluations so far
[1] 591.825 +- 566.427  	chisq 0 (0 df)

Iteration 2:  3000000 integrand evaluations so far
[1] -99.2575 +- 114.907  	chisq 1.55247 (1 df)

Iteration 3:  6000000 integrand evaluations so far
[1] -11.4202 +- 37.9847  	chisq 2.20849 (2 df)

Iteration 4:  10000000 integrand evaluations so far
[1] 13.4835 +- 33.4313  	chisq 4.11571 (3 df)

Iteration 5:  15000000 integrand evaluations so far
[1] 23.1596 +- 30.6809  	chisq 4.64667 (4 df)

Iteration 6:  21000000 integrand evaluations so far
[1] 27.7882 +- 30.272  	chisq 5.50629 (5 df)

Iteration 7:  28000000 integrand evaluations so far
[1] 22.4667 +- 23.3893  	chisq 5.58297 (6 df)

Iteration 8:  36000000 integrand evaluations so far
[1] 21.4657 +- 23.3481  	chisq 6.10322 (7 df)

Iteration 9:  45000000 integrand evaluations so far
[1] 21.9411 +- 23.2645  	chisq 6.16122 (8 df)

Iteration 10:  55000000 integrand evaluations so far
[1] 19.7635 +- 23.2146  	chisq 8.20714 (9 df)
      20 ±     23        ( 3.6mi) ┃Vegas input parameters:
  ndim 8
  ncomp 1
  nvec 1
  epsrel 0
  epsabs 0
  flags 10
  seed 123456
  mineval 5000000
  maxeval 50000000
  nstart 1000000
  nincrease 1000000
  nbatch 5000
  gridno 0
  statefile ""

Iteration 1:  1000000 integrand evaluations so far
[1] 247.548 +- 57.8863  	chisq 0 (0 df)

Iteration 2:  3000000 integrand evaluations so far
[1] 123.482 +- 19.5283  	chisq 5.18357 (1 df)

Iteration 3:  6000000 integrand evaluations so far
[1] 126.515 +- 19.4396  	chisq 7.84566 (2 df)

Iteration 4:  10000000 integrand evaluations so far
[1] 146.577 +- 12.6346  	chisq 9.68971 (3 df)

Iteration 5:  15000000 integrand evaluations so far
[1] 168.813 +- 11.2551  	chisq 24.6922 (4 df)

Iteration 6:  21000000 integrand evaluations so far
[1] 204.569 +- 7.92175  	chisq 44.6933 (5 df)

Iteration 7:  28000000 integrand evaluations so far
[1] 220.106 +- 5.79985  	chisq 52.9841 (6 df)

Iteration 8:  36000000 integrand evaluations so far
[1] 223.115 +- 5.58937  	chisq 56.7612 (7 df)

Iteration 9:  45000000 integrand evaluations so far
[1] 224.779 +- 5.53121  	chisq 61.0419 (8 df)

Iteration 10:  55000000 integrand evaluations so far
[1] 232.883 +- 5.00854  	chisq 72.9638 (9 df)
   232.9 ±      5        (1.82mi) ┃     295 ±     24        (12.4mi) ┃
┃   44 -    46 ┃   43 -    44 ┃  324.53 ±   0.13        (1.73mi) ┃ -274.61 ±   0.27        (6.91mi) ┃Vegas input parameters:
  ndim 10
  ncomp 1
  nvec 1
  epsrel 0
  epsabs 0
  flags 10
  seed 123456
  mineval 50000000
  maxeval 50000000
  nstart 1000000
  nincrease 1000000
  nbatch 5000
  gridno 0
  statefile ""

Iteration 1:  1000000 integrand evaluations so far
[1] -103.224 +- 267.351  	chisq 0 (0 df)

Iteration 2:  3000000 integrand evaluations so far
[1] -59.8995 +- 100.368  	chisq 0.0305684 (1 df)

Iteration 3:  6000000 integrand evaluations so far
[1] -31.7527 +- 78.0914  	chisq 0.229854 (2 df)

Iteration 4:  10000000 integrand evaluations so far
[1] -13.8113 +- 57.0671  	chisq 0.343133 (3 df)

Iteration 5:  15000000 integrand evaluations so far
[1] -12.8507 +- 56.6225  	chisq 0.361387 (4 df)

Iteration 6:  21000000 integrand evaluations so far
[1] -26.2188 +- 39.9486  	chisq 0.472369 (5 df)

Iteration 7:  28000000 integrand evaluations so far
[1] -26.934 +- 39.9424  	chisq 1.50032 (6 df)

Iteration 8:  36000000 integrand evaluations so far
[1] -18.6596 +- 36.6079  	chisq 1.76853 (7 df)

Iteration 9:  45000000 integrand evaluations so far
[1] -20.4222 +- 36.5834  	chisq 3.50666 (8 df)

Iteration 10:  55000000 integrand evaluations so far
[1] -25.4075 +- 36.335  	chisq 4.87836 (9 df)
     -25 ±     36        (3.61mi) ┃Vegas input parameters:
  ndim 8
  ncomp 1
  nvec 1
  epsrel 0
  epsabs 0
  flags 10
  seed 123456
  mineval 5000000
  maxeval 50000000
  nstart 1000000
  nincrease 1000000
  nbatch 5000
  gridno 0
  statefile ""

Iteration 1:  1000000 integrand evaluations so far
[1] 241.179 +- 57.3953  	chisq 0 (0 df)

Iteration 2:  3000000 integrand evaluations so far
[1] 246.997 +- 56.9765  	chisq 0.706825 (1 df)

Iteration 3:  6000000 integrand evaluations so far
[1] 83.2391 +- 15.1816  	chisq 9.59875 (2 df)

Iteration 4:  10000000 integrand evaluations so far
[1] 103.961 +- 13.6783  	chisq 19.4956 (3 df)

Iteration 5:  15000000 integrand evaluations so far
[1] 123.456 +- 12.2823  	chisq 29.9823 (4 df)

Iteration 6:  21000000 integrand evaluations so far
[1] 150.821 +- 9.4293  	chisq 42.0717 (5 df)

Iteration 7:  28000000 integrand evaluations so far
[1] 168.576 +- 8.3395  	chisq 58.3505 (6 df)

Iteration 8:  36000000 integrand evaluations so far
[1] 182.466 +- 7.44935  	chisq 72.0794 (7 df)

Iteration 9:  45000000 integrand evaluations so far
[1] 205.644 +- 6.07634  	chisq 101.007 (8 df)

Iteration 10:  55000000 integrand evaluations so far
[1] 227.651 +- 4.50836  	chisq 130.188 (9 df)
   227.7 ±    4.5        (1.79mi) ┃     252 ±     37        (  14mi) ┃
┃   44 -    46 ┃   44 -    45 ┃  265.48 ±   0.21        (1.53mi) ┃ -225.09 ±   0.18        (   7mi) ┃Vegas input parameters:
  ndim 10
  ncomp 1
  nvec 1
  epsrel 0
  epsabs 0
  flags 10
  seed 123456
  mineval 50000000
  maxeval 50000000
  nstart 1000000
  nincrease 1000000
  nbatch 5000
  gridno 0
  statefile ""

Iteration 1:  1000000 integrand evaluations so far
[1] 816.08 +- 649.135  	chisq 0 (0 df)

Iteration 2:  3000000 integrand evaluations so far
[1] 723.13 +- 464.365  	chisq 0.0419934 (1 df)

Iteration 3:  6000000 integrand evaluations so far
[1] 643.494 +- 459.764  	chisq 1.53358 (2 df)

Iteration 4:  10000000 integrand evaluations so far
[1] 347.467 +- 225.041  	chisq 2.07876 (3 df)

Iteration 5:  15000000 integrand evaluations so far
[1] 104.924 +- 80.3393  	chisq 3.41003 (4 df)

Iteration 6:  21000000 integrand evaluations so far
[1] -44.2675 +- 19.8116  	chisq 7.08183 (5 df)

Iteration 7:  28000000 integrand evaluations so far
[1] -46.9004 +- 19.3027  	chisq 7.43006 (6 df)

Iteration 8:  36000000 integrand evaluations so far
[1] -47.1655 +- 19.3001  	chisq 8.13893 (7 df)

Iteration 9:  45000000 integrand evaluations so far
[1] -52.0352 +- 18.8718  	chisq 9.58936 (8 df)

Iteration 10:  55000000 integrand evaluations so far
[1] -37.0326 +- 17.3063  	chisq 13.5634 (9 df)
     -37 ±     17        (3.66mi) ┃Vegas input parameters:
  ndim 8
  ncomp 1
  nvec 1
  epsrel 0
  epsabs 0
  flags 10
  seed 123456
  mineval 5000000
  maxeval 50000000
  nstart 1000000
  nincrease 1000000
  nbatch 5000
  gridno 0
  statefile ""

Iteration 1:  1000000 integrand evaluations so far
[1] 259.894 +- 54.4415  	chisq 0 (0 df)

Iteration 2:  3000000 integrand evaluations so far
[1] 114.316 +- 22.1486  	chisq 8.5686 (1 df)

Iteration 3:  6000000 integrand evaluations so far
[1] 117.91 +- 21.9088  	chisq 9.79128 (2 df)

Iteration 4:  10000000 integrand evaluations so far
[1] 127.094 +- 20.6582  	chisq 11.3757 (3 df)

Iteration 5:  15000000 integrand evaluations so far
[1] 155.621 +- 17.3778  	chisq 17.898 (4 df)

Iteration 6:  21000000 integrand evaluations so far
[1] 181.343 +- 13.1784  	chisq 23.0538 (5 df)

Iteration 7:  28000000 integrand evaluations so far
[1] 185.91 +- 12.6687  	chisq 24.6375 (6 df)

Iteration 8:  36000000 integrand evaluations so far
[1] 196.658 +- 11.8843  	chisq 30.6351 (7 df)

Iteration 9:  45000000 integrand evaluations so far
[1] 202.443 +- 11.4659  	chisq 34.061 (8 df)

Iteration 10:  55000000 integrand evaluations so far
[1] 221.022 +- 9.41825  	chisq 42.1328 (9 df)
     221 ±    9.4        (1.82mi) ┃     224 ±     20        (  14mi) ┃
┃   44 -    46 ┃   45 -    46 ┃  285.37 ±    0.2        (1.99mi) ┃  -242.1 ±   0.24        (13.7mi) ┃Vegas input parameters:
  ndim 10
  ncomp 1
  nvec 1
  epsrel 0
  epsabs 0
  flags 10
  seed 123456
  mineval 50000000
  maxeval 50000000
  nstart 1000000
  nincrease 1000000
  nbatch 5000
  gridno 0
  statefile ""

Iteration 1:  1000000 integrand evaluations so far
[1] 48.3371 +- 165.825  	chisq 0 (0 df)

Iteration 2:  3000000 integrand evaluations so far
[1] -12.0388 +- 104.658  	chisq 0.220329 (1 df)

Iteration 3:  6000000 integrand evaluations so far
[1] -38.0563 +- 84.3048  	chisq 0.39633 (2 df)

Iteration 4:  10000000 integrand evaluations so far
[1] -35.0876 +- 79.9228  	chisq 0.408576 (3 df)

Iteration 5:  15000000 integrand evaluations so far
[1] -57.8803 +- 54.6379  	chisq 0.561266 (4 df)

Iteration 6:  21000000 integrand evaluations so far
[1] -54.1341 +- 53.675  	chisq 0.695821 (5 df)

Iteration 7:  28000000 integrand evaluations so far
[1] -29.7781 +- 49.7232  	chisq 2.14763 (6 df)

Iteration 8:  36000000 integrand evaluations so far
[1] 33.4014 +- 35.6484  	chisq 5.4696 (7 df)

Iteration 9:  45000000 integrand evaluations so far
[1] 41.0363 +- 34.1518  	chisq 6.02763 (8 df)

Iteration 10:  55000000 integrand evaluations so far
[1] 49.6515 +- 31.8926  	chisq 6.52505 (9 df)
      50 ±     32        (3.59mi) ┃Vegas input parameters:
  ndim 8
  ncomp 1
  nvec 1
  epsrel 0
  epsabs 0
  flags 10
  seed 123456
  mineval 5000000
  maxeval 50000000
  nstart 1000000
  nincrease 1000000
  nbatch 5000
  gridno 0
  statefile ""

Iteration 1:  1000000 integrand evaluations so far
[1] 218.127 +- 50.6438  	chisq 0 (0 df)

Iteration 2:  3000000 integrand evaluations so far
[1] 214.497 +- 47.0692  	chisq 0.0377179 (1 df)

Iteration 3:  6000000 integrand evaluations so far
[1] 216.744 +- 47.0038  	chisq 0.858094 (2 df)

Iteration 4:  10000000 integrand evaluations so far
[1] 181.544 +- 35.3699  	chisq 2.15103 (3 df)

Iteration 5:  15000000 integrand evaluations so far
[1] 191.919 +- 33.5364  	chisq 3.00311 (4 df)

Iteration 6:  21000000 integrand evaluations so far
[1] 199.772 +- 21.5319  	chisq 3.09639 (5 df)

Iteration 7:  28000000 integrand evaluations so far
[1] 185.592 +- 10.2147  	chisq 3.65607 (6 df)

Iteration 8:  36000000 integrand evaluations so far
[1] 212.604 +- 7.90507  	chisq 21.0908 (7 df)

Iteration 9:  45000000 integrand evaluations so far
[1] 218.835 +- 7.40693  	chisq 26.1821 (8 df)

Iteration 10:  55000000 integrand evaluations so far
[1] 229.35 +- 5.57075  	chisq 30.8214 (9 df)
   229.3 ±    5.6        (1.81mi) ┃     322 ±     32        (21.1mi) ┃
┃   44 -    46 ┃   46 -    47 ┃  287.52 ±   0.14        ( 3.4mi) ┃ -241.97 ±   0.15        (27.3mi) ┃Vegas input parameters:
  ndim 10
  ncomp 1
  nvec 1
  epsrel 0
  epsabs 0
  flags 10
  seed 123456
  mineval 50000000
  maxeval 50000000
  nstart 1000000
  nincrease 1000000
  nbatch 5000
  gridno 0
  statefile ""

Iteration 1:  1000000 integrand evaluations so far
[1] -26.854 +- 191.4  	chisq 0 (0 df)

Iteration 2:  3000000 integrand evaluations so far
[1] -131.039 +- 138.659  	chisq 0.623556 (1 df)

Iteration 3:  6000000 integrand evaluations so far
[1] -71.7563 +- 125.542  	chisq 1.63774 (2 df)

Iteration 4:  10000000 integrand evaluations so far
[1] -38.5864 +- 65.3164  	chisq 1.73346 (3 df)

Iteration 5:  15000000 integrand evaluations so far
[1] -53.7018 +- 62.2486  	chisq 2.3173 (4 df)

Iteration 6:  21000000 integrand evaluations so far
[1] -68.0952 +- 60.0581  	chisq 3.09058 (5 df)

Iteration 7:  28000000 integrand evaluations so far
[1] -57.6772 +- 59.2742  	chisq 4.25083 (6 df)

Iteration 8:  36000000 integrand evaluations so far
[1] -55.7761 +- 59.2476  	chisq 5.3957 (7 df)

Iteration 9:  45000000 integrand evaluations so far
[1] -44.6992 +- 58.3666  	chisq 6.57982 (8 df)

Iteration 10:  55000000 integrand evaluations so far
[1] -40.7611 +- 47.2894  	chisq 6.59307 (9 df)
     -41 ±     47        (3.64mi) ┃Vegas input parameters:
  ndim 8
  ncomp 1
  nvec 1
  epsrel 0
  epsabs 0
  flags 10
  seed 123456
  mineval 5000000
  maxeval 50000000
  nstart 1000000
  nincrease 1000000
  nbatch 5000
  gridno 0
  statefile ""

Iteration 1:  1000000 integrand evaluations so far
[1] 298.998 +- 64.8841  	chisq 0 (0 df)

Iteration 2:  3000000 integrand evaluations so far
[1] 188.936 +- 38.7174  	chisq 4.46844 (1 df)

Iteration 3:  6000000 integrand evaluations so far
[1] 192.416 +- 30.6622  	chisq 4.4901 (2 df)

Iteration 4:  10000000 integrand evaluations so far
[1] 201.805 +- 29.0618  	chisq 5.4125 (3 df)

Iteration 5:  15000000 integrand evaluations so far
[1] 209.012 +- 28.3884  	chisq 6.75483 (4 df)

Iteration 6:  21000000 integrand evaluations so far
[1] 209.364 +- 17.6738  	chisq 6.75509 (5 df)

Iteration 7:  28000000 integrand evaluations so far
[1] 207.877 +- 8.79975  	chisq 6.7645 (6 df)

Iteration 8:  36000000 integrand evaluations so far
[1] 218.453 +- 5.78043  	chisq 9.30554 (7 df)

Iteration 9:  45000000 integrand evaluations so far
[1] 218.427 +- 4.22407  	chisq 9.30558 (8 df)

Iteration 10:  55000000 integrand evaluations so far
[1] 221.603 +- 3.37935  	chisq 10.876 (9 df)
   221.6 ±    3.4        (1.83mi) ┃     226 ±     47        (36.1mi) ┃
┃   44 -    46 ┃   47 -    48 ┃ 256.844 ±  0.035        (6.55mi) ┃ -218.26 ±   0.16        (13.2mi) ┃Vegas input parameters:
  ndim 10
  ncomp 1
  nvec 1
  epsrel 0
  epsabs 0
  flags 10
  seed 123456
  mineval 50000000
  maxeval 50000000
  nstart 1000000
  nincrease 1000000
  nbatch 5000
  gridno 0
  statefile ""

Iteration 1:  1000000 integrand evaluations so far
[1] 88.8999 +- 103.164  	chisq 0 (0 df)

Iteration 2:  3000000 integrand evaluations so far
[1] 19.824 +- 83.4036  	chisq 1.29429 (1 df)

Iteration 3:  6000000 integrand evaluations so far
[1] -28.821 +- 71.0183  	chisq 2.53155 (2 df)

Iteration 4:  10000000 integrand evaluations so far
[1] -25.7737 +- 70.9417  	chisq 3.38534 (3 df)

Iteration 5:  15000000 integrand evaluations so far
[1] 1.95534 +- 52.0695  	chisq 3.71655 (4 df)

Iteration 6:  21000000 integrand evaluations so far
[1] -28.0752 +- 32.3811  	chisq 4.25894 (5 df)

Iteration 7:  28000000 integrand evaluations so far
[1] -25.8211 +- 32.3284  	chisq 5.74991 (6 df)

Iteration 8:  36000000 integrand evaluations so far
[1] -38.8096 +- 30.9705  	chisq 7.71261 (7 df)

Iteration 9:  45000000 integrand evaluations so far
[1] -40.5257 +- 30.6946  	chisq 7.88567 (8 df)

Iteration 10:  55000000 integrand evaluations so far
[1] -47.5041 +- 30.2948  	chisq 9.88314 (9 df)
     -48 ±     30        (3.67mi) ┃Vegas input parameters:
  ndim 8
  ncomp 1
  nvec 1
  epsrel 0
  epsabs 0
  flags 10
  seed 123456
  mineval 5000000
  maxeval 50000000
  nstart 1000000
  nincrease 1000000
  nbatch 5000
  gridno 0
  statefile ""

Iteration 1:  1000000 integrand evaluations so far
[1] 259.924 +- 60.125  	chisq 0 (0 df)

Iteration 2:  3000000 integrand evaluations so far
[1] 169.676 +- 38.1999  	chisq 3.77808 (1 df)

Iteration 3:  6000000 integrand evaluations so far
[1] 113.089 +- 17.6855  	chisq 6.57107 (2 df)

Iteration 4:  10000000 integrand evaluations so far
[1] 124.7 +- 10.9084  	chisq 7.26682 (3 df)

Iteration 5:  15000000 integrand evaluations so far
[1] 148.491 +- 9.43561  	chisq 26.1578 (4 df)

Iteration 6:  21000000 integrand evaluations so far
[1] 173.999 +- 7.33961  	chisq 44.663 (5 df)

Iteration 7:  28000000 integrand evaluations so far
[1] 199.116 +- 5.47533  	chisq 71.0684 (6 df)

Iteration 8:  36000000 integrand evaluations so far
[1] 216.85 +- 3.91158  	chisq 92.4949 (7 df)

Iteration 9:  45000000 integrand evaluations so far
[1] 222.243 +- 3.30965  	chisq 99.184 (8 df)

Iteration 10:  55000000 integrand evaluations so far
[1] 226.119 +- 3.06255  	chisq 108.728 (9 df)
   226.1 ±    3.1        (1.81mi) ┃     217 ±     30        (25.2mi) ┃
┃   44 -    46 ┃   48 -    49 ┃  289.13 ±   0.21        (3.28mi) ┃-244.497 ±  0.053        (  27mi) ┃Vegas input parameters:
  ndim 10
  ncomp 1
  nvec 1
  epsrel 0
  epsabs 0
  flags 10
  seed 123456
  mineval 50000000
  maxeval 50000000
  nstart 1000000
  nincrease 1000000
  nbatch 5000
  gridno 0
  statefile ""

Iteration 1:  1000000 integrand evaluations so far
[1] -202.666 +- 246.877  	chisq 0 (0 df)

Iteration 2:  3000000 integrand evaluations so far
[1] 10.4531 +- 95.772  	chisq 0.877233 (1 df)

Iteration 3:  6000000 integrand evaluations so far
[1] 17.9065 +- 95.4409  	chisq 1.75475 (2 df)

Iteration 4:  10000000 integrand evaluations so far
[1] -51.0507 +- 41.353  	chisq 2.39743 (3 df)

Iteration 5:  15000000 integrand evaluations so far
[1] -53.6182 +- 41.1812  	chisq 2.86243 (4 df)

Iteration 6:  21000000 integrand evaluations so far
[1] -47.5632 +- 39.1484  	chisq 3.08696 (5 df)

Iteration 7:  28000000 integrand evaluations so far
[1] -51.2464 +- 36.2617  	chisq 3.14927 (6 df)

Iteration 8:  36000000 integrand evaluations so far
[1] -51.6094 +- 29.4765  	chisq 3.14957 (7 df)

Iteration 9:  45000000 integrand evaluations so far
[1] -52.3908 +- 28.1178  	chisq 3.15737 (8 df)

Iteration 10:  55000000 integrand evaluations so far
[1] -44.6167 +- 24.6385  	chisq 3.48662 (9 df)
     -45 ±     25        (3.52mi) ┃Vegas input parameters:
  ndim 8
  ncomp 1
  nvec 1
  epsrel 0
  epsabs 0
  flags 10
  seed 123456
  mineval 5000000
  maxeval 50000000
  nstart 1000000
  nincrease 1000000
  nbatch 5000
  gridno 0
  statefile ""

Iteration 1:  1000000 integrand evaluations so far
[1] 182.083 +- 46.4887  	chisq 0 (0 df)

Iteration 2:  3000000 integrand evaluations so far
[1] 106.342 +- 22.2501  	chisq 3.44306 (1 df)

Iteration 3:  6000000 integrand evaluations so far
[1] 101.157 +- 15.4205  	chisq 3.54755 (2 df)

Iteration 4:  10000000 integrand evaluations so far
[1] 125.547 +- 11.6978  	chisq 9.43994 (3 df)

Iteration 5:  15000000 integrand evaluations so far
[1] 147.399 +- 9.65127  	chisq 20.3693 (4 df)

Iteration 6:  21000000 integrand evaluations so far
[1] 166.621 +- 8.19687  	chisq 34.6031 (5 df)

Iteration 7:  28000000 integrand evaluations so far
[1] 186.546 +- 5.40446  	chisq 45.0557 (6 df)

Iteration 8:  36000000 integrand evaluations so far
[1] 201.543 +- 3.75834  	chisq 59.9676 (7 df)

Iteration 9:  45000000 integrand evaluations so far
[1] 201.619 +- 3.75768  	chisq 61.1255 (8 df)

Iteration 10:  55000000 integrand evaluations so far
[1] 202.898 +- 3.65814  	chisq 63.3415 (9 df)
   202.9 ±    3.7        (1.78mi) ┃     203 ±     25        (35.6mi) ┃
┃   44 -    46 ┃   49 -    50 ┃  231.21 ±   0.16        (1.62mi) ┃ -195.85 ±   0.15        (13.3mi) ┃Vegas input parameters:
  ndim 10
  ncomp 1
  nvec 1
  epsrel 0
  epsabs 0
  flags 10
  seed 123456
  mineval 50000000
  maxeval 50000000
  nstart 1000000
  nincrease 1000000
  nbatch 5000
  gridno 0
  statefile ""

Iteration 1:  1000000 integrand evaluations so far
[1] 271.54 +- 392.315  	chisq 0 (0 df)

Iteration 2:  3000000 integrand evaluations so far
[1] -175.718 +- 206.428  	chisq 1.79733 (1 df)

Iteration 3:  6000000 integrand evaluations so far
[1] 14.2711 +- 152.188  	chisq 3.65305 (2 df)

Iteration 4:  10000000 integrand evaluations so far
[1] -17.1055 +- 61.7791  	chisq 3.70394 (3 df)

Iteration 5:  15000000 integrand evaluations so far
[1] -32.45 +- 56.0525  	chisq 4.05287 (4 df)

Iteration 6:  21000000 integrand evaluations so far
[1] -45.6799 +- 53.8662  	chisq 4.78118 (5 df)

Iteration 7:  28000000 integrand evaluations so far
[1] -42.0091 +- 45.7316  	chisq 4.79781 (6 df)

Iteration 8:  36000000 integrand evaluations so far
[1] -23.199 +- 40.7519  	chisq 5.61937 (7 df)

Iteration 9:  45000000 integrand evaluations so far
[1] -24.6299 +- 37.9251  	chisq 5.62858 (8 df)

Iteration 10:  55000000 integrand evaluations so far
[1] -16.2857 +- 29.4737  	chisq 5.75081 (9 df)
     -16 ±     29        (3.64mi) ┃Vegas input parameters:
  ndim 8
  ncomp 1
  nvec 1
  epsrel 0
  epsabs 0
  flags 10
  seed 123456
  mineval 5000000
  maxeval 50000000
  nstart 1000000
  nincrease 1000000
  nbatch 5000
  gridno 0
  statefile ""

Iteration 1:  1000000 integrand evaluations so far
[1] 237.011 +- 56.2869  	chisq 0 (0 df)

Iteration 2:  3000000 integrand evaluations so far
[1] 151.353 +- 32.8114  	chisq 3.50796 (1 df)

Iteration 3:  6000000 integrand evaluations so far
[1] 157.843 +- 31.9396  	chisq 4.25418 (2 df)

Iteration 4:  10000000 integrand evaluations so far
[1] 169.137 +- 30.5054  	chisq 5.67828 (3 df)

Iteration 5:  15000000 integrand evaluations so far
[1] 182.761 +- 26.7063  	chisq 6.53229 (4 df)

Iteration 6:  21000000 integrand evaluations so far
[1] 198.987 +- 24.4954  	chisq 8.85803 (5 df)

Iteration 7:  28000000 integrand evaluations so far
[1] 214.527 +- 14.5836  	chisq 9.48152 (6 df)

Iteration 8:  36000000 integrand evaluations so far
[1] 221.562 +- 10.0992  	chisq 9.92857 (7 df)

Iteration 9:  45000000 integrand evaluations so far
[1] 230.635 +- 8.38537  	chisq 12.5276 (8 df)

Iteration 10:  55000000 integrand evaluations so far
[1] 233.958 +- 7.87017  	chisq 13.8458 (9 df)
     234 ±    7.9        (1.82mi) ┃     253 ±     31        (20.4mi) ┃
┃   44 -    46 ┃   50 -    51 ┃ 279.507 ±  0.081        (5.87mi) ┃ -246.16 ±   0.13        (1.24mi) ┃Vegas input parameters:
  ndim 10
  ncomp 1
  nvec 1
  epsrel 0
  epsabs 0
  flags 10
  seed 123456
  mineval 50000000
  maxeval 50000000
  nstart 1000000
  nincrease 1000000
  nbatch 5000
  gridno 0
  statefile ""

Iteration 1:  1000000 integrand evaluations so far
[1] 154.555 +- 81.3789  	chisq 0 (0 df)

Iteration 2:  3000000 integrand evaluations so far
[1] 36.509 +- 30.7364  	chisq 2.45428 (1 df)

Iteration 3:  6000000 integrand evaluations so far
[1] 12.5662 +- 27.9867  	chisq 6.00452 (2 df)

Iteration 4:  10000000 integrand evaluations so far
[1] -12.2183 +- 22.3746  	chisq 8.17793 (3 df)

Iteration 5:  15000000 integrand evaluations so far
[1] -14.4873 +- 22.2165  	chisq 8.9081 (4 df)

Iteration 6:  21000000 integrand evaluations so far
[1] -12.0411 +- 22.026  	chisq 9.61806 (5 df)

Iteration 7:  28000000 integrand evaluations so far
[1] -15.7272 +- 21.8264  	chisq 11.1703 (6 df)

Iteration 8:  36000000 integrand evaluations so far
[1] -14.8242 +- 21.3884  	chisq 11.2134 (7 df)

Iteration 9:  45000000 integrand evaluations so far
[1] -12.1936 +- 21.3161  	chisq 13.4561 (8 df)

Iteration 10:  55000000 integrand evaluations so far
[1] -11.6096 +- 20.2249  	chisq 13.4636 (9 df)
     -12 ±     20        (3.58mi) ┃Vegas input parameters:
  ndim 8
  ncomp 1
  nvec 1
  epsrel 0
  epsabs 0
  flags 10
  seed 123456
  mineval 5000000
  maxeval 50000000
  nstart 1000000
  nincrease 1000000
  nbatch 5000
  gridno 0
  statefile ""

Iteration 1:  1000000 integrand evaluations so far
[1] 204.544 +- 51.5049  	chisq 0 (0 df)

Iteration 2:  3000000 integrand evaluations so far
[1] 55.6394 +- 12.2173  	chisq 8.85663 (1 df)

Iteration 3:  6000000 integrand evaluations so far
[1] 61.738 +- 11.9234  	chisq 14.0995 (2 df)

Iteration 4:  10000000 integrand evaluations so far
[1] 84.0611 +- 8.69856  	chisq 21.5928 (3 df)

Iteration 5:  15000000 integrand evaluations so far
[1] 90.6536 +- 8.50533  	chisq 34.6668 (4 df)

Iteration 6:  21000000 integrand evaluations so far
[1] 113.14 +- 7.6302  	chisq 70.4743 (5 df)

Iteration 7:  28000000 integrand evaluations so far
[1] 124.504 +- 7.21174  	chisq 91.2681 (6 df)

Iteration 8:  36000000 integrand evaluations so far
[1] 150.36 +- 6.08233  	chisq 135.795 (7 df)

Iteration 9:  45000000 integrand evaluations so far
[1] 171.815 +- 5.28649  	chisq 186.669 (8 df)

Iteration 10:  55000000 integrand evaluations so far
[1] 190.631 +- 4.27659  	chisq 223.329 (9 df)
   190.6 ±    4.3        ( 1.8mi) ┃     212 ±     21        (12.5mi) ┃
┃   44 -    46 ┃   51 -    52 ┃  240.71 ±   0.15        ( 51.9s) ┃ -203.96 ±   0.17        (6.96mi) ┃Vegas input parameters:
  ndim 10
  ncomp 1
  nvec 1
  epsrel 0
  epsabs 0
  flags 10
  seed 123456
  mineval 50000000
  maxeval 50000000
  nstart 1000000
  nincrease 1000000
  nbatch 5000
  gridno 0
  statefile ""

Iteration 1:  1000000 integrand evaluations so far
[1] 44.5168 +- 202.962  	chisq 0 (0 df)

Iteration 2:  3000000 integrand evaluations so far
[1] 64.609 +- 81.4532  	chisq 0.0116814 (1 df)

Iteration 3:  6000000 integrand evaluations so far
[1] 59.8899 +- 76.6781  	chisq 0.0411742 (2 df)

Iteration 4:  10000000 integrand evaluations so far
[1] 38.719 +- 67.4896  	chisq 0.379529 (3 df)

Iteration 5:  15000000 integrand evaluations so far
[1] 52.462 +- 41.3678  	chisq 0.44595 (4 df)

Iteration 6:  21000000 integrand evaluations so far
[1] 45.9933 +- 41.1002  	chisq 2.34232 (5 df)

Iteration 7:  28000000 integrand evaluations so far
[1] 48.9652 +- 40.9745  	chisq 3.19793 (6 df)

Iteration 8:  36000000 integrand evaluations so far
[1] 40.6847 +- 38.7724  	chisq 3.58839 (7 df)

Iteration 9:  45000000 integrand evaluations so far
[1] 21.3459 +- 37.1965  	chisq 6.71211 (8 df)

Iteration 10:  55000000 integrand evaluations so far
[1] 23.5964 +- 36.906  	chisq 6.94738 (9 df)
      24 ±     37        (3.59mi) ┃Vegas input parameters:
  ndim 8
  ncomp 1
  nvec 1
  epsrel 0
  epsabs 0
  flags 10
  seed 123456
  mineval 5000000
  maxeval 50000000
  nstart 1000000
  nincrease 1000000
  nbatch 5000
  gridno 0
  statefile ""

Iteration 1:  1000000 integrand evaluations so far
[1] 274.324 +- 63.2875  	chisq 0 (0 df)

Iteration 2:  3000000 integrand evaluations so far
[1] 234.683 +- 47.8716  	chisq 0.91703 (1 df)

Iteration 3:  6000000 integrand evaluations so far
[1] 235.593 +- 44.7741  	chisq 0.919915 (2 df)

Iteration 4:  10000000 integrand evaluations so far
[1] 152.427 +- 19.8295  	chisq 5.21191 (3 df)

Iteration 5:  15000000 integrand evaluations so far
[1] 162.229 +- 16.689  	chisq 6.04962 (4 df)

Iteration 6:  21000000 integrand evaluations so far
[1] 172.93 +- 10.9556  	chisq 6.7722 (5 df)

Iteration 7:  28000000 integrand evaluations so far
[1] 192.911 +- 7.8361  	chisq 13.5823 (6 df)

Iteration 8:  36000000 integrand evaluations so far
[1] 193.356 +- 7.82684  	chisq 14.9496 (7 df)

Iteration 9:  45000000 integrand evaluations so far
[1] 197.16 +- 7.49538  	chisq 17.7994 (8 df)

Iteration 10:  55000000 integrand evaluations so far
[1] 205.855 +- 5.54129  	chisq 20.7672 (9 df)
   205.9 ±    5.5        (1.78mi) ┃     266 ±     37        (13.2mi) ┃
┃   44 -    46 ┃   52 -    53 ┃  244.64 ±   0.18        (1.72mi) ┃-208.057 ±  0.045        (6.71mi) ┃Vegas input parameters:
  ndim 10
  ncomp 1
  nvec 1
  epsrel 0
  epsabs 0
  flags 10
  seed 123456
  mineval 50000000
  maxeval 50000000
  nstart 1000000
  nincrease 1000000
  nbatch 5000
  gridno 0
  statefile ""

Iteration 1:  1000000 integrand evaluations so far
[1] -48.3218 +- 84.6742  	chisq 0 (0 df)

Iteration 2:  3000000 integrand evaluations so far
[1] -56.5656 +- 84.3557  	chisq 1.26246 (1 df)

Iteration 3:  6000000 integrand evaluations so far
[1] -57.735 +- 82.82  	chisq 1.26778 (2 df)

Iteration 4:  10000000 integrand evaluations so far
[1] -92.4802 +- 63.7795  	chisq 1.70027 (3 df)

Iteration 5:  15000000 integrand evaluations so far
[1] -39.5982 +- 26.9791  	chisq 2.53756 (4 df)

Iteration 6:  21000000 integrand evaluations so far
[1] -50.9848 +- 23.73  	chisq 3.32448 (5 df)

Iteration 7:  28000000 integrand evaluations so far
[1] -53.4671 +- 23.5566  	chisq 4.07575 (6 df)

Iteration 8:  36000000 integrand evaluations so far
[1] -41.7992 +- 21.19  	chisq 5.36136 (7 df)

Iteration 9:  45000000 integrand evaluations so far
[1] -44.34 +- 20.9403  	chisq 5.97497 (8 df)

Iteration 10:  55000000 integrand evaluations so far
[1] -32.0831 +- 19.6869  	chisq 8.9252 (9 df)
     -32 ±     20        (3.62mi) ┃Vegas input parameters:
  ndim 8
  ncomp 1
  nvec 1
  epsrel 0
  epsabs 0
  flags 10
  seed 123456
  mineval 5000000
  maxeval 50000000
  nstart 1000000
  nincrease 1000000
  nbatch 5000
  gridno 0
  statefile ""

Iteration 1:  1000000 integrand evaluations so far
[1] 378.743 +- 78.1235  	chisq 0 (0 df)

Iteration 2:  3000000 integrand evaluations so far
[1] 151.781 +- 26.4131  	chisq 9.52925 (1 df)

Iteration 3:  6000000 integrand evaluations so far
[1] 158.743 +- 21.9214  	chisq 9.75249 (2 df)

Iteration 4:  10000000 integrand evaluations so far
[1] 160.561 +- 21.8624  	chisq 11.0316 (3 df)

Iteration 5:  15000000 integrand evaluations so far
[1] 156.547 +- 16.8078  	chisq 11.114 (4 df)

Iteration 6:  21000000 integrand evaluations so far
[1] 162.729 +- 13.1216  	chisq 11.4604 (5 df)

Iteration 7:  28000000 integrand evaluations so far
[1] 183.996 +- 10.2498  	chisq 18.1995 (6 df)

Iteration 8:  36000000 integrand evaluations so far
[1] 198.566 +- 8.63056  	chisq 25.1426 (7 df)

Iteration 9:  45000000 integrand evaluations so far
[1] 202.541 +- 8.19448  	chisq 27.2967 (8 df)

Iteration 10:  55000000 integrand evaluations so far
[1] 210.562 +- 6.13613  	chisq 29.4779 (9 df)
   210.6 ±    6.1        ( 1.8mi) ┃     215 ±     21        (13.9mi) ┃
┃   44 -    46 ┃   53 -    54 ┃ 234.617 ±  0.081        ( 3.2mi) ┃-196.867 ±  0.045        (1.84mi) ┃Vegas input parameters:
  ndim 10
  ncomp 1
  nvec 1
  epsrel 0
  epsabs 0
  flags 10
  seed 123456
  mineval 50000000
  maxeval 50000000
  nstart 1000000
  nincrease 1000000
  nbatch 5000
  gridno 0
  statefile ""

Iteration 1:  1000000 integrand evaluations so far
[1] 141.792 +- 131.087  	chisq 0 (0 df)

Iteration 2:  3000000 integrand evaluations so far
[1] 108.646 +- 128.281  	chisq 1.50984 (1 df)

Iteration 3:  6000000 integrand evaluations so far
[1] 53.0327 +- 54.8042  	chisq 1.73975 (2 df)

Iteration 4:  10000000 integrand evaluations so far
[1] 62.6875 +- 50.3293  	chisq 1.93788 (3 df)

Iteration 5:  15000000 integrand evaluations so far
[1] 11.5762 +- 38.7438  	chisq 4.46936 (4 df)

Iteration 6:  21000000 integrand evaluations so far
[1] -8.38518 +- 36.9833  	chisq 7.45818 (5 df)

Iteration 7:  28000000 integrand evaluations so far
[1] -12.1131 +- 33.0475  	chisq 7.5086 (6 df)

Iteration 8:  36000000 integrand evaluations so far
[1] -5.38313 +- 31.9499  	chisq 8.14345 (7 df)

Iteration 9:  45000000 integrand evaluations so far
[1] 0.51875 +- 31.662  	chisq 10.0451 (8 df)

Iteration 10:  55000000 integrand evaluations so far
[1] -10.9733 +- 29.3978  	chisq 11.0004 (9 df)
     -11 ±     29        (3.62mi) ┃Vegas input parameters:
  ndim 8
  ncomp 1
  nvec 1
  epsrel 0
  epsabs 0
  flags 10
  seed 123456
  mineval 5000000
  maxeval 50000000
  nstart 1000000
  nincrease 1000000
  nbatch 5000
  gridno 0
  statefile ""

Iteration 1:  1000000 integrand evaluations so far
[1] 145.621 +- 43.3654  	chisq 0 (0 df)

Iteration 2:  3000000 integrand evaluations so far
[1] 146.231 +- 40.6088  	chisq 0.0016077 (1 df)

Iteration 3:  6000000 integrand evaluations so far
[1] 111.31 +- 30.2495  	chisq 1.66296 (2 df)

Iteration 4:  10000000 integrand evaluations so far
[1] 116.154 +- 29.1573  	chisq 2.02465 (3 df)

Iteration 5:  15000000 integrand evaluations so far
[1] 120.215 +- 28.7581  	chisq 2.73778 (4 df)

Iteration 6:  21000000 integrand evaluations so far
[1] 131.813 +- 20.6423  	chisq 3.07332 (5 df)

Iteration 7:  28000000 integrand evaluations so far
[1] 144.446 +- 17.9816  	chisq 4.62632 (6 df)

Iteration 8:  36000000 integrand evaluations so far
[1] 159.778 +- 15.7827  	chisq 7.79253 (7 df)

Iteration 9:  45000000 integrand evaluations so far
[1] 181.622 +- 10.8783  	chisq 11.4418 (8 df)

Iteration 10:  55000000 integrand evaluations so far
[1] 188.804 +- 10.1152  	chisq 14.6611 (9 df)
     189 ±     10        (1.85mi) ┃     216 ±     31        (10.5mi) ┃
┃   44 -    46 ┃   54 -    55 ┃  239.36 ±   0.21        ( 17.3s) ┃-201.856 ±   0.05        (13.1mi) ┃Vegas input parameters:
  ndim 10
  ncomp 1
  nvec 1
  epsrel 0
  epsabs 0
  flags 10
  seed 123456
  mineval 50000000
  maxeval 50000000
  nstart 1000000
  nincrease 1000000
  nbatch 5000
  gridno 0
  statefile ""

Iteration 1:  1000000 integrand evaluations so far
[1] -27.1438 +- 82.2533  	chisq 0 (0 df)

Iteration 2:  3000000 integrand evaluations so far
[1] -35.2576 +- 76.3577  	chisq 0.070402 (1 df)

Iteration 3:  6000000 integrand evaluations so far
[1] 6.72004 +- 37.729  	chisq 0.470248 (2 df)

Iteration 4:  10000000 integrand evaluations so far
[1] 8.06304 +- 37.6238  	chisq 0.697671 (3 df)

Iteration 5:  15000000 integrand evaluations so far
[1] -7.63669 +- 32.0614  	chisq 1.33357 (4 df)

Iteration 6:  21000000 integrand evaluations so far
[1] -11.035 +- 29.6595  	chisq 1.41147 (5 df)

Iteration 7:  28000000 integrand evaluations so far
[1] -7.14525 +- 28.2593  	chisq 1.59804 (6 df)

Iteration 8:  36000000 integrand evaluations so far
[1] -16.1322 +- 27.5872  	chisq 3.74976 (7 df)

Iteration 9:  45000000 integrand evaluations so far
[1] -11.7759 +- 27.4139  	chisq 5.74104 (8 df)

Iteration 10:  55000000 integrand evaluations so far
[1] -7.86751 +- 25.6236  	chisq 5.90191 (9 df)
      -8 ±     26        (3.67mi) ┃Vegas input parameters:
  ndim 8
  ncomp 1
  nvec 1
  epsrel 0
  epsabs 0
  flags 10
  seed 123456
  mineval 5000000
  maxeval 50000000
  nstart 1000000
  nincrease 1000000
  nbatch 5000
  gridno 0
  statefile ""

Iteration 1:  1000000 integrand evaluations so far
[1] 194.345 +- 48.8732  	chisq 0 (0 df)

Iteration 2:  3000000 integrand evaluations so far
[1] 104.089 +- 22.2283  	chisq 4.29984 (1 df)

Iteration 3:  6000000 integrand evaluations so far
[1] 110.882 +- 21.5899  	chisq 5.94914 (2 df)

Iteration 4:  10000000 integrand evaluations so far
[1] 121.643 +- 20.9433  	chisq 10.1599 (3 df)

Iteration 5:  15000000 integrand evaluations so far
[1] 146.809 +- 13.8961  	chisq 12.7395 (4 df)

Iteration 6:  21000000 integrand evaluations so far
[1] 178.287 +- 10.2139  	chisq 23.9005 (5 df)

Iteration 7:  28000000 integrand evaluations so far
[1] 188.002 +- 6.04214  	chisq 25.2921 (6 df)

Iteration 8:  36000000 integrand evaluations so far
[1] 190.46 +- 5.8822  	chisq 28.4608 (7 df)

Iteration 9:  45000000 integrand evaluations so far
[1] 195.975 +- 4.732  	chisq 30.9527 (8 df)

Iteration 10:  55000000 integrand evaluations so far
[1] 204.852 +- 4.07944  	chisq 44.6555 (9 df)
   204.9 ±    4.1        (1.83mi) ┃     234 ±     26        (18.8mi) ┃
┃   44 -    46 ┃   55 -    56 ┃ 243.316 ±  0.082        (5.89mi) ┃ -205.37 ±   0.19        (  13mi) ┃Vegas input parameters:
  ndim 10
  ncomp 1
  nvec 1
  epsrel 0
  epsabs 0
  flags 10
  seed 123456
  mineval 50000000
  maxeval 50000000
  nstart 1000000
  nincrease 1000000
  nbatch 5000
  gridno 0
  statefile ""

Iteration 1:  1000000 integrand evaluations so far
[1] -246.239 +- 262.966  	chisq 0 (0 df)

Iteration 2:  3000000 integrand evaluations so far
[1] -142.836 +- 251.919  	chisq 1.87992 (1 df)

Iteration 3:  6000000 integrand evaluations so far
[1] -177.889 +- 230.72  	chisq 2.00001 (2 df)

Iteration 4:  10000000 integrand evaluations so far
[1] -18.0575 +- 57.7845  	chisq 2.51203 (3 df)

Iteration 5:  15000000 integrand evaluations so far
[1] -1.6765 +- 55.5394  	chisq 3.56675 (4 df)

Iteration 6:  21000000 integrand evaluations so far
[1] -6.88113 +- 21.8727  	chisq 3.57714 (5 df)

Iteration 7:  28000000 integrand evaluations so far
[1] -3.87048 +- 21.6323  	chisq 4.4435 (6 df)

Iteration 8:  36000000 integrand evaluations so far
[1] -2.82147 +- 19.7034  	chisq 4.4573 (7 df)

Iteration 9:  45000000 integrand evaluations so far
[1] -24.2725 +- 14.2966  	chisq 6.96041 (8 df)

Iteration 10:  55000000 integrand evaluations so far
[1] -23.8901 +- 14.2178  	chisq 7.02549 (9 df)
     -24 ±     14        (3.59mi) ┃Vegas input parameters:
  ndim 8
  ncomp 1
  nvec 1
  epsrel 0
  epsabs 0
  flags 10
  seed 123456
  mineval 5000000
  maxeval 50000000
  nstart 1000000
  nincrease 1000000
  nbatch 5000
  gridno 0
  statefile ""

Iteration 1:  1000000 integrand evaluations so far
[1] 182.08 +- 49.9674  	chisq 0 (0 df)

Iteration 2:  3000000 integrand evaluations so far
[1] 68.6802 +- 17.0947  	chisq 5.83328 (1 df)

Iteration 3:  6000000 integrand evaluations so far
[1] 61.01 +- 10.3105  	chisq 6.14972 (2 df)

Iteration 4:  10000000 integrand evaluations so far
[1] 64.25 +- 10.2309  	chisq 12.5709 (3 df)

Iteration 5:  15000000 integrand evaluations so far
[1] 83.6919 +- 8.95538  	chisq 28.0167 (4 df)

Iteration 6:  21000000 integrand evaluations so far
[1] 113.499 +- 6.92331  	chisq 55.5522 (5 df)

Iteration 7:  28000000 integrand evaluations so far
[1] 113.581 +- 6.92294  	chisq 56.8628 (6 df)

Iteration 8:  36000000 integrand evaluations so far
[1] 120.24 +- 6.58739  	chisq 66.6451 (7 df)

Iteration 9:  45000000 integrand evaluations so far
[1] 144.129 +- 5.62717  	chisq 115.301 (8 df)

Iteration 10:  55000000 integrand evaluations so far
[1] 159.595 +- 5.16279  	chisq 163.039 (9 df)
   159.6 ±    5.2        (1.81mi) ┃     174 ±     15        (24.3mi) ┃
┃   44 -    46 ┃   56 -    57 ┃ 205.544 ±  0.082        (6.32mi) ┃  -173.8 ±  0.031        (26.2mi) ┃Vegas input parameters:
  ndim 10
  ncomp 1
  nvec 1
  epsrel 0
  epsabs 0
  flags 10
  seed 123456
  mineval 50000000
  maxeval 50000000
  nstart 1000000
  nincrease 1000000
  nbatch 5000
  gridno 0
  statefile ""

Iteration 1:  1000000 integrand evaluations so far
[1] 1487.49 +- 1068.85  	chisq 0 (0 df)

Iteration 2:  3000000 integrand evaluations so far
[1] 885.545 +- 637.455  	chisq 0.492239 (1 df)

Iteration 3:  6000000 integrand evaluations so far
[1] 53.4146 +- 66.7788  	chisq 2.21521 (2 df)

Iteration 4:  10000000 integrand evaluations so far
[1] 43.8355 +- 52.1543  	chisq 2.26796 (3 df)

Iteration 5:  15000000 integrand evaluations so far
[1] 30.7093 +- 28.1427  	chisq 2.35732 (4 df)

Iteration 6:  21000000 integrand evaluations so far
[1] 29.2148 +- 28.1179  	chisq 3.96155 (5 df)

Iteration 7:  28000000 integrand evaluations so far
[1] 30.0283 +- 26.7488  	chisq 3.97036 (6 df)

Iteration 8:  36000000 integrand evaluations so far
[1] 31.5018 +- 26.7214  	chisq 5.45441 (7 df)

Iteration 9:  45000000 integrand evaluations so far
[1] 34.6615 +- 24.8283  	chisq 5.55671 (8 df)

Iteration 10:  55000000 integrand evaluations so far
[1] 33.872 +- 23.5332  	chisq 5.56666 (9 df)
      34 ±     24        (3.63mi) ┃Vegas input parameters:
  ndim 8
  ncomp 1
  nvec 1
  epsrel 0
  epsabs 0
  flags 10
  seed 123456
  mineval 5000000
  maxeval 50000000
  nstart 1000000
  nincrease 1000000
  nbatch 5000
  gridno 0
  statefile ""

Iteration 1:  1000000 integrand evaluations so far
[1] 291.774 +- 63.1814  	chisq 0 (0 df)

Iteration 2:  3000000 integrand evaluations so far
[1] 131.496 +- 24.9763  	chisq 7.62722 (1 df)

Iteration 3:  6000000 integrand evaluations so far
[1] 136.611 +- 24.6567  	chisq 9.27643 (2 df)

Iteration 4:  10000000 integrand evaluations so far
[1] 137.77 +- 24.6306  	chisq 10.3234 (3 df)

Iteration 5:  15000000 integrand evaluations so far
[1] 146.509 +- 20.1823  	chisq 10.7064 (4 df)

Iteration 6:  21000000 integrand evaluations so far
[1] 159.048 +- 11.9493  	chisq 11.3007 (5 df)

Iteration 7:  28000000 integrand evaluations so far
[1] 160.91 +- 11.8265  	chisq 12.4889 (6 df)

Iteration 8:  36000000 integrand evaluations so far
[1] 167.207 +- 11.0028  	chisq 14.5978 (7 df)

Iteration 9:  45000000 integrand evaluations so far
[1] 174.273 +- 10.6057  	chisq 20.4155 (8 df)

Iteration 10:  55000000 integrand evaluations so far
[1] 179.78 +- 10.1076  	chisq 23.3547 (9 df)
     180 ±     10        (1.83mi) ┃     245 ±     26        (37.9mi) ┃
┃   44 -    46 ┃   57 -    58 ┃  230.77 ±   0.14        ( 53.9s) ┃-195.022 ±  0.062        (13.1mi) ┃Vegas input parameters:
  ndim 10
  ncomp 1
  nvec 1
  epsrel 0
  epsabs 0
  flags 10
  seed 123456
  mineval 50000000
  maxeval 50000000
  nstart 1000000
  nincrease 1000000
  nbatch 5000
  gridno 0
  statefile ""

Iteration 1:  1000000 integrand evaluations so far
[1] -526.517 +- 389.48  	chisq 0 (0 df)

Iteration 2:  3000000 integrand evaluations so far
[1] -63.8264 +- 81.6489  	chisq 1.47615 (1 df)

Iteration 3:  6000000 integrand evaluations so far
[1] -97.2576 +- 49.4677  	chisq 1.74102 (2 df)

Iteration 4:  10000000 integrand evaluations so far
[1] -78.7377 +- 36.1849  	chisq 2.04249 (3 df)

Iteration 5:  15000000 integrand evaluations so far
[1] -82.9866 +- 34.5256  	chisq 2.19636 (4 df)

Iteration 6:  21000000 integrand evaluations so far
[1] -87.5145 +- 33.9439  	chisq 2.71116 (5 df)

Iteration 7:  28000000 integrand evaluations so far
[1] -95.0418 +- 33.0415  	chisq 3.64848 (6 df)

Iteration 8:  36000000 integrand evaluations so far
[1] -84.8919 +- 32.0937  	chisq 5.31716 (7 df)

Iteration 9:  45000000 integrand evaluations so far
[1] -76.2097 +- 31.5668  	chisq 7.56454 (8 df)

Iteration 10:  55000000 integrand evaluations so far
[1] -51.8462 +- 26.8476  	chisq 9.71781 (9 df)
     -52 ±     27        (3.63mi) ┃Vegas input parameters:
  ndim 8
  ncomp 1
  nvec 1
  epsrel 0
  epsabs 0
  flags 10
  seed 123456
  mineval 5000000
  maxeval 50000000
  nstart 1000000
  nincrease 1000000
  nbatch 5000
  gridno 0
  statefile ""

Iteration 1:  1000000 integrand evaluations so far
[1] 313.76 +- 68.2177  	chisq 0 (0 df)

Iteration 2:  3000000 integrand evaluations so far
[1] 59.622 +- 12.2246  	chisq 14.3391 (1 df)

Iteration 3:  6000000 integrand evaluations so far
[1] 64.6222 +- 11.9881  	chisq 18.7045 (2 df)

Iteration 4:  10000000 integrand evaluations so far
[1] 67.4945 +- 11.8829  	chisq 21.9897 (3 df)

Iteration 5:  15000000 integrand evaluations so far
[1] 73.7955 +- 11.6329  	chisq 28.743 (4 df)

Iteration 6:  21000000 integrand evaluations so far
[1] 91.6088 +- 10.8236  	chisq 46.2029 (5 df)

Iteration 7:  28000000 integrand evaluations so far
[1] 131.615 +- 8.71581  	chisq 85.0636 (6 df)

Iteration 8:  36000000 integrand evaluations so far
[1] 169.032 +- 6.32504  	chisq 123.999 (7 df)

Iteration 9:  45000000 integrand evaluations so far
[1] 170.456 +- 6.28252  	chisq 127.778 (8 df)

Iteration 10:  55000000 integrand evaluations so far
[1] 181.121 +- 5.10544  	chisq 136.265 (9 df)
   181.1 ±    5.1        (1.83mi) ┃     165 ±     27        (19.4mi) ┃
┃   44 -    46 ┃   58 -    59 ┃ 213.184 ±  0.042        (5.96mi) ┃-180.229 ±  0.021        (25.6mi) ┃Vegas input parameters:
  ndim 10
  ncomp 1
  nvec 1
  epsrel 0
  epsabs 0
  flags 10
  seed 123456
  mineval 50000000
  maxeval 50000000
  nstart 1000000
  nincrease 1000000
  nbatch 5000
  gridno 0
  statefile ""

Iteration 1:  1000000 integrand evaluations so far
[1] 25.0334 +- 66.2221  	chisq 0 (0 df)

Iteration 2:  3000000 integrand evaluations so far
[1] -4.626 +- 40.0266  	chisq 0.316064 (1 df)

Iteration 3:  6000000 integrand evaluations so far
[1] 6.30726 +- 31.4357  	chisq 0.510773 (2 df)

Iteration 4:  10000000 integrand evaluations so far
[1] 15.1134 +- 30.1191  	chisq 1.46768 (3 df)

Iteration 5:  15000000 integrand evaluations so far
[1] 10.4459 +- 29.8754  	chisq 2.95734 (4 df)

Iteration 6:  21000000 integrand evaluations so far
[1] 11.4419 +- 29.7763  	chisq 3.12516 (5 df)

Iteration 7:  28000000 integrand evaluations so far
[1] 19.2612 +- 26.0397  	chisq 3.41832 (6 df)

Iteration 8:  36000000 integrand evaluations so far
[1] 12.655 +- 25.6482  	chisq 5.57487 (7 df)

Iteration 9:  45000000 integrand evaluations so far
[1] 16.8835 +- 25.0139  	chisq 6.1313 (8 df)

Iteration 10:  55000000 integrand evaluations so far
[1] 7.91616 +- 20.5588  	chisq 6.52736 (9 df)
       8 ±     21        (3.63mi) ┃Vegas input parameters:
  ndim 8
  ncomp 1
  nvec 1
  epsrel 0
  epsabs 0
  flags 10
  seed 123456
  mineval 5000000
  maxeval 50000000
  nstart 1000000
  nincrease 1000000
  nbatch 5000
  gridno 0
  statefile ""

Iteration 1:  1000000 integrand evaluations so far
[1] 244.129 +- 54.7643  	chisq 0 (0 df)

Iteration 2:  3000000 integrand evaluations so far
[1] 246.547 +- 50.4869  	chisq 0.0129824 (1 df)

Iteration 3:  6000000 integrand evaluations so far
[1] 251.203 +- 47.8197  	chisq 0.0956534 (2 df)

Iteration 4:  10000000 integrand evaluations so far
[1] 255.437 +- 46.3717  	chisq 0.22711 (3 df)

Iteration 5:  15000000 integrand evaluations so far
[1] 164.916 +- 22.1528  	chisq 5.16453 (4 df)

Iteration 6:  21000000 integrand evaluations so far
[1] 176.029 +- 18.7916  	chisq 6.06198 (5 df)

Iteration 7:  28000000 integrand evaluations so far
[1] 193.854 +- 15.1593  	chisq 8.63828 (6 df)

Iteration 8:  36000000 integrand evaluations so far
[1] 212.316 +- 10.5113  	chisq 11.4951 (7 df)

Iteration 9:  45000000 integrand evaluations so far
[1] 217.827 +- 8.10589  	chisq 12.1732 (8 df)

Iteration 10:  55000000 integrand evaluations so far
[1] 211.651 +- 4.71224  	chisq 13.05 (9 df)
   211.7 ±    4.7        (1.78mi) ┃     253 ±     21        (  37mi) ┃
┃   44 -    46 ┃   59 -    60 ┃ 212.479 ±  0.062        (5.97mi) ┃ -179.72 ±   0.11        (12.7mi) ┃Vegas input parameters:
  ndim 10
  ncomp 1
  nvec 1
  epsrel 0
  epsabs 0
  flags 10
  seed 123456
  mineval 50000000
  maxeval 50000000
  nstart 1000000
  nincrease 1000000
  nbatch 5000
  gridno 0
  statefile ""

Iteration 1:  1000000 integrand evaluations so far
[1] 8.83728 +- 63.6213  	chisq 0 (0 df)

Iteration 2:  3000000 integrand evaluations so far
[1] 8.84153 +- 60.9708  	chisq 5.48373e-08 (1 df)

Iteration 3:  6000000 integrand evaluations so far
[1] 55.5014 +- 38.3749  	chisq 0.969856 (2 df)

Iteration 4:  10000000 integrand evaluations so far
[1] 50.054 +- 34.6768  	chisq 1.0797 (3 df)

Iteration 5:  15000000 integrand evaluations so far
[1] 42.7148 +- 34.2252  	chisq 2.8109 (4 df)

Iteration 6:  21000000 integrand evaluations so far
[1] 39.4576 +- 33.5692  	chisq 3.04945 (5 df)

Iteration 7:  28000000 integrand evaluations so far
[1] 20.7397 +- 30.9177  	chisq 5.0985 (6 df)

Iteration 8:  36000000 integrand evaluations so far
[1] 14.4209 +- 29.2814  	chisq 5.50382 (7 df)

Iteration 9:  45000000 integrand evaluations so far
[1] 12.278 +- 29.232  	chisq 7.09351 (8 df)

Iteration 10:  55000000 integrand evaluations so far
[1] -16.3897 +- 18.7234  	chisq 8.72432 (9 df)
     -16 ±     19        (3.57mi) ┃Vegas input parameters:
  ndim 8
  ncomp 1
  nvec 1
  epsrel 0
  epsabs 0
  flags 10
  seed 123456
  mineval 5000000
  maxeval 50000000
  nstart 1000000
  nincrease 1000000
  nbatch 5000
  gridno 0
  statefile ""

Iteration 1:  1000000 integrand evaluations so far
[1] 246.014 +- 56.6392  	chisq 0 (0 df)

Iteration 2:  3000000 integrand evaluations so far
[1] 111.401 +- 19.8896  	chisq 6.44311 (1 df)

Iteration 3:  6000000 integrand evaluations so far
[1] 107.228 +- 15.188  	chisq 6.54872 (2 df)

Iteration 4:  10000000 integrand evaluations so far
[1] 109.931 +- 15.0527  	chisq 8.33451 (3 df)

Iteration 5:  15000000 integrand evaluations so far
[1] 124.104 +- 11.7231  	chisq 10.5878 (4 df)

Iteration 6:  21000000 integrand evaluations so far
[1] 133.314 +- 11.0923  	chisq 16.4807 (5 df)

Iteration 7:  28000000 integrand evaluations so far
[1] 155.721 +- 9.40476  	chisq 30.9962 (6 df)

Iteration 8:  36000000 integrand evaluations so far
[1] 179.276 +- 6.40268  	chisq 42.6876 (7 df)

Iteration 9:  45000000 integrand evaluations so far
[1] 194.879 +- 4.56221  	chisq 54.7515 (8 df)

Iteration 10:  55000000 integrand evaluations so far
[1] 199.471 +- 3.68321  	chisq 57.6611 (9 df)
   199.5 ±    3.7        ( 1.8mi) ┃     216 ±     19        (24.1mi) ┃
┃   46 -    48 ┃   25 -    26 ┃  482.61 ±    0.3        (1.59mi) ┃ -409.16 ±   0.32        (15.6mi) ┃Vegas input parameters:
  ndim 10
  ncomp 1
  nvec 1
  epsrel 0
  epsabs 0
  flags 10
  seed 123456
  mineval 50000000
  maxeval 50000000
  nstart 1000000
  nincrease 1000000
  nbatch 5000
  gridno 0
  statefile ""

Iteration 1:  1000000 integrand evaluations so far
[1] 391.259 +- 417.796  	chisq 0 (0 df)

Iteration 2:  3000000 integrand evaluations so far
[1] -146.719 +- 294.598  	chisq 3.29765 (1 df)

Iteration 3:  6000000 integrand evaluations so far
[1] 175.529 +- 173.473  	chisq 5.12926 (2 df)

Iteration 4:  10000000 integrand evaluations so far
[1] -82.5376 +- 68.9268  	chisq 7.75728 (3 df)

Iteration 5:  15000000 integrand evaluations so far
[1] -56.1169 +- 61.5236  	chisq 8.48008 (4 df)

Iteration 6:  21000000 integrand evaluations so far
[1] -63.8892 +- 55.4577  	chisq 8.56521 (5 df)

Iteration 7:  28000000 integrand evaluations so far
[1] -37.465 +- 51.942  	chisq 10.4144 (6 df)

Iteration 8:  36000000 integrand evaluations so far
[1] -28.9752 +- 51.4144  	chisq 11.7362 (7 df)

Iteration 9:  45000000 integrand evaluations so far
[1] -37.4829 +- 50.5219  	chisq 12.5318 (8 df)

Iteration 10:  55000000 integrand evaluations so far
[1] -27.7262 +- 49.7894  	chisq 13.8273 (9 df)
     -28 ±     50        (3.61mi) ┃Vegas input parameters:
  ndim 8
  ncomp 1
  nvec 1
  epsrel 0
  epsabs 0
  flags 10
  seed 123456
  mineval 5000000
  maxeval 50000000
  nstart 1000000
  nincrease 1000000
  nbatch 5000
  gridno 0
  statefile ""

Iteration 1:  1000000 integrand evaluations so far
[1] 584.324 +- 100.485  	chisq 0 (0 df)

Iteration 2:  3000000 integrand evaluations so far
[1] 412.759 +- 46.4386  	chisq 3.70681 (1 df)

Iteration 3:  6000000 integrand evaluations so far
[1] 437.732 +- 37.1725  	chisq 4.5118 (2 df)

Iteration 4:  10000000 integrand evaluations so far
[1] 452.551 +- 25.494  	chisq 4.81185 (3 df)

Iteration 5:  15000000 integrand evaluations so far
[1] 495.02 +- 19.8615  	chisq 11.872 (4 df)

Iteration 6:  21000000 integrand evaluations so far
[1] 504.23 +- 15.9826  	chisq 12.4822 (5 df)

Iteration 7:  28000000 integrand evaluations so far
[1] 512.659 +- 12.7466  	chisq 13.2464 (6 df)

Iteration 8:  36000000 integrand evaluations so far
[1] 521.768 +- 9.64597  	chisq 14.4414 (7 df)

Iteration 9:  45000000 integrand evaluations so far
[1] 531.044 +- 6.89875  	chisq 16.3344 (8 df)

Iteration 10:  55000000 integrand evaluations so far
[1] 536.925 +- 5.73365  	chisq 18.6846 (9 df)
   536.9 ±    5.7        (1.82mi) ┃     583 ±     50        (22.6mi) ┃
┃   46 -    48 ┃   26 -    27 ┃  454.24 ±   0.29        (1.79mi) ┃ -384.09 ±   0.27        (7.63mi) ┃Vegas input parameters:
  ndim 10
  ncomp 1
  nvec 1
  epsrel 0
  epsabs 0
  flags 10
  seed 123456
  mineval 50000000
  maxeval 50000000
  nstart 1000000
  nincrease 1000000
  nbatch 5000
  gridno 0
  statefile ""

Iteration 1:  1000000 integrand evaluations so far
[1] -194.143 +- 219.068  	chisq 0 (0 df)

Iteration 2:  3000000 integrand evaluations so far
[1] 111.411 +- 124.95  	chisq 2.8835 (1 df)

Iteration 3:  6000000 integrand evaluations so far
[1] -20.8197 +- 102.619  	chisq 6.3242 (2 df)

Iteration 4:  10000000 integrand evaluations so far
[1] -9.66015 +- 102.111  	chisq 7.52124 (3 df)

Iteration 5:  15000000 integrand evaluations so far
[1] -3.73678 +- 101.967  	chisq 8.71872 (4 df)

Iteration 6:  21000000 integrand evaluations so far
[1] 16.1208 +- 81.9735  	chisq 8.82594 (5 df)

Iteration 7:  28000000 integrand evaluations so far
[1] 2.6087 +- 77.2254  	chisq 9.06748 (6 df)

Iteration 8:  36000000 integrand evaluations so far
[1] 21.5015 +- 66.5306  	chisq 9.29964 (7 df)

Iteration 9:  45000000 integrand evaluations so far
[1] 10.3592 +- 57.1383  	chisq 9.40653 (8 df)

Iteration 10:  55000000 integrand evaluations so far
[1] 30.3204 +- 52.5558  	chisq 10.1992 (9 df)
      30 ±     53        (3.58mi) ┃Vegas input parameters:
  ndim 8
  ncomp 1
  nvec 1
  epsrel 0
  epsabs 0
  flags 10
  seed 123456
  mineval 5000000
  maxeval 50000000
  nstart 1000000
  nincrease 1000000
  nbatch 5000
  gridno 0
  statefile ""

Iteration 1:  1000000 integrand evaluations so far
[1] 566.225 +- 92.0268  	chisq 0 (0 df)

Iteration 2:  3000000 integrand evaluations so far
[1] 424.931 +- 42.5518  	chisq 2.99839 (1 df)

Iteration 3:  6000000 integrand evaluations so far
[1] 444.962 +- 30.2823  	chisq 3.44736 (2 df)

Iteration 4:  10000000 integrand evaluations so far
[1] 460.004 +- 21.7091  	chisq 3.95503 (3 df)

Iteration 5:  15000000 integrand evaluations so far
[1] 468.759 +- 14.6672  	chisq 4.25426 (4 df)

Iteration 6:  21000000 integrand evaluations so far
[1] 464.771 +- 9.5535  	chisq 4.38266 (5 df)

Iteration 7:  28000000 integrand evaluations so far
[1] 458.044 +- 6.45516  	chisq 5.29522 (6 df)

Iteration 8:  36000000 integrand evaluations so far
[1] 462.712 +- 5.96178  	chisq 8.85239 (7 df)

Iteration 9:  45000000 integrand evaluations so far
[1] 465.793 +- 5.24642  	chisq 10.0366 (8 df)

Iteration 10:  55000000 integrand evaluations so far
[1] 468.332 +- 4.5421  	chisq 10.9718 (9 df)
   468.3 ±    4.5        (1.79mi) ┃     569 ±     53        (14.8mi) ┃
┃   46 -    48 ┃   27 -    28 ┃  423.62 ±    0.4        (1.09mi) ┃ -361.46 ±   0.25        (7.58mi) ┃Vegas input parameters:
  ndim 10
  ncomp 1
  nvec 1
  epsrel 0
  epsabs 0
  flags 10
  seed 123456
  mineval 50000000
  maxeval 50000000
  nstart 1000000
  nincrease 1000000
  nbatch 5000
  gridno 0
  statefile ""

Iteration 1:  1000000 integrand evaluations so far
[1] -1092 +- 800.198  	chisq 0 (0 df)

Iteration 2:  3000000 integrand evaluations so far
[1] -262.896 +- 129.294  	chisq 1.10233 (1 df)

Iteration 3:  6000000 integrand evaluations so far
[1] -269.821 +- 128.957  	chisq 1.65199 (2 df)

Iteration 4:  10000000 integrand evaluations so far
[1] -256.684 +- 128.63  	chisq 3.70384 (3 df)

Iteration 5:  15000000 integrand evaluations so far
[1] -205.654 +- 120.258  	chisq 4.95356 (4 df)

Iteration 6:  21000000 integrand evaluations so far
[1] -158.832 +- 106.925  	chisq 5.67732 (5 df)

Iteration 7:  28000000 integrand evaluations so far
[1] -42.5042 +- 63.8226  	chisq 7.51603 (6 df)

Iteration 8:  36000000 integrand evaluations so far
[1] -104.291 +- 54.3701  	chisq 10.9331 (7 df)

Iteration 9:  45000000 integrand evaluations so far
[1] -104.335 +- 51.5508  	chisq 10.9331 (8 df)

Iteration 10:  55000000 integrand evaluations so far
[1] -73.246 +- 46.9053  	chisq 13.0463 (9 df)
     -73 ±     47        (3.63mi) ┃Vegas input parameters:
  ndim 8
  ncomp 1
  nvec 1
  epsrel 0
  epsabs 0
  flags 10
  seed 123456
  mineval 5000000
  maxeval 50000000
  nstart 1000000
  nincrease 1000000
  nbatch 5000
  gridno 0
  statefile ""

Iteration 1:  1000000 integrand evaluations so far
[1] 426.734 +- 77.939  	chisq 0 (0 df)

Iteration 2:  3000000 integrand evaluations so far
[1] 342.614 +- 42.6605  	chisq 1.6632 (1 df)

Iteration 3:  6000000 integrand evaluations so far
[1] 345.676 +- 27.8473  	chisq 1.67218 (2 df)

Iteration 4:  10000000 integrand evaluations so far
[1] 362.868 +- 25.5484  	chisq 4.08006 (3 df)

Iteration 5:  15000000 integrand evaluations so far
[1] 367.527 +- 25.2909  	chisq 5.73821 (4 df)

Iteration 6:  21000000 integrand evaluations so far
[1] 388.206 +- 19.0169  	chisq 7.27642 (5 df)

Iteration 7:  28000000 integrand evaluations so far
[1] 402.206 +- 13.6433  	chisq 8.39329 (6 df)

Iteration 8:  36000000 integrand evaluations so far
[1] 419.486 +- 11.3091  	chisq 13.5199 (7 df)

Iteration 9:  45000000 integrand evaluations so far
[1] 434.782 +- 8.86955  	chisq 18.2725 (8 df)

Iteration 10:  55000000 integrand evaluations so far
[1] 441.763 +- 6.37614  	chisq 19.5547 (9 df)
   441.8 ±    6.4        (1.81mi) ┃     431 ±     47        (14.1mi) ┃
┃   46 -    48 ┃   28 -    29 ┃   401.2 ±   0.11        (3.23mi) ┃ -339.99 ±   0.13        (30.1mi) ┃Vegas input parameters:
  ndim 10
  ncomp 1
  nvec 1
  epsrel 0
  epsabs 0
  flags 10
  seed 123456
  mineval 50000000
  maxeval 50000000
  nstart 1000000
  nincrease 1000000
  nbatch 5000
  gridno 0
  statefile ""

Iteration 1:  1000000 integrand evaluations so far
[1] -28.0122 +- 79.3916  	chisq 0 (0 df)

Iteration 2:  3000000 integrand evaluations so far
[1] -50.9843 +- 69.6107  	chisq 0.362102 (1 df)

Iteration 3:  6000000 integrand evaluations so far
[1] -30.4794 +- 61.5411  	chisq 0.759375 (2 df)

Iteration 4:  10000000 integrand evaluations so far
[1] -16.5828 +- 54.8602  	chisq 1.0077 (3 df)

Iteration 5:  15000000 integrand evaluations so far
[1] -10.3359 +- 54.5164  	chisq 2.04572 (4 df)

Iteration 6:  21000000 integrand evaluations so far
[1] 5.88797 +- 49.7874  	chisq 2.57935 (5 df)

Iteration 7:  28000000 integrand evaluations so far
[1] 11.0454 +- 47.1623  	chisq 2.68386 (6 df)

Iteration 8:  36000000 integrand evaluations so far
[1] 20.8272 +- 43.5262  	chisq 2.97403 (7 df)

Iteration 9:  45000000 integrand evaluations so far
[1] 24.3695 +- 43.3725  	chisq 3.91338 (8 df)

Iteration 10:  55000000 integrand evaluations so far
[1] 27.9525 +- 43.1971  	chisq 4.7591 (9 df)
      28 ±     43        (3.65mi) ┃Vegas input parameters:
  ndim 8
  ncomp 1
  nvec 1
  epsrel 0
  epsabs 0
  flags 10
  seed 123456
  mineval 5000000
  maxeval 50000000
  nstart 1000000
  nincrease 1000000
  nbatch 5000
  gridno 0
  statefile ""

Iteration 1:  1000000 integrand evaluations so far
[1] 317.211 +- 72.0058  	chisq 0 (0 df)

Iteration 2:  3000000 integrand evaluations so far
[1] 170.626 +- 26.2174  	chisq 4.77765 (1 df)

Iteration 3:  6000000 integrand evaluations so far
[1] 171.089 +- 26.2137  	chisq 5.90358 (2 df)

Iteration 4:  10000000 integrand evaluations so far
[1] 186.854 +- 25.0597  	chisq 10.1043 (3 df)

Iteration 5:  15000000 integrand evaluations so far
[1] 222.504 +- 23.0453  	chisq 23.2194 (4 df)

Iteration 6:  21000000 integrand evaluations so far
[1] 268.695 +- 19.8249  	chisq 38.6737 (5 df)

Iteration 7:  28000000 integrand evaluations so far
[1] 318.202 +- 16.1977  	chisq 57.4318 (6 df)

Iteration 8:  36000000 integrand evaluations so far
[1] 359.115 +- 10.5451  	chisq 68.5048 (7 df)

Iteration 9:  45000000 integrand evaluations so far
[1] 375.012 +- 6.52792  	chisq 72.1894 (8 df)

Iteration 10:  55000000 integrand evaluations so far
[1] 387.007 +- 4.57379  	chisq 78.8223 (9 df)
     387 ±    4.6        (1.83mi) ┃     476 ±     43        (38.8mi) ┃
┃   46 -    48 ┃   29 -    30 ┃  378.89 ±   0.27        (  13mi) ┃-320.212 ±  0.078        (58.1mi) ┃Vegas input parameters:
  ndim 10
  ncomp 1
  nvec 1
  epsrel 0
  epsabs 0
  flags 10
  seed 123456
  mineval 50000000
  maxeval 50000000
  nstart 1000000
  nincrease 1000000
  nbatch 5000
  gridno 0
  statefile ""

Iteration 1:  1000000 integrand evaluations so far
[1] -17.544 +- 167.265  	chisq 0 (0 df)

Iteration 2:  3000000 integrand evaluations so far
[1] -39.1726 +- 165.99  	chisq 1.10139 (1 df)

Iteration 3:  6000000 integrand evaluations so far
[1] -27.4191 +- 42.4636  	chisq 1.10675 (2 df)

Iteration 4:  10000000 integrand evaluations so far
[1] -16.7077 +- 39.6443  	chisq 1.6024 (3 df)

Iteration 5:  15000000 integrand evaluations so far
[1] -26.4346 +- 38.4597  	chisq 2.62495 (4 df)

Iteration 6:  21000000 integrand evaluations so far
[1] -15.3517 +- 37.2813  	chisq 4.00117 (5 df)

Iteration 7:  28000000 integrand evaluations so far
[1] -6.85675 +- 36.9328  	chisq 6.79179 (6 df)

Iteration 8:  36000000 integrand evaluations so far
[1] -16.7359 +- 34.6663  	chisq 7.39318 (7 df)

Iteration 9:  45000000 integrand evaluations so far
[1] -5.48364 +- 32.1844  	chisq 8.15629 (8 df)

Iteration 10:  55000000 integrand evaluations so far
[1] -6.96553 +- 32.1573  	chisq 9.41704 (9 df)
      -7 ±     32        (3.61mi) ┃Vegas input parameters:
  ndim 8
  ncomp 1
  nvec 1
  epsrel 0
  epsabs 0
  flags 10
  seed 123456
  mineval 5000000
  maxeval 50000000
  nstart 1000000
  nincrease 1000000
  nbatch 5000
  gridno 0
  statefile ""

Iteration 1:  1000000 integrand evaluations so far
[1] 415.385 +- 80.2877  	chisq 0 (0 df)

Iteration 2:  3000000 integrand evaluations so far
[1] 383.586 +- 69.2491  	chisq 0.612581 (1 df)

Iteration 3:  6000000 integrand evaluations so far
[1] 393.592 +- 58.5622  	chisq 0.685872 (2 df)

Iteration 4:  10000000 integrand evaluations so far
[1] 364.218 +- 37.5612  	chisq 1.1133 (3 df)

Iteration 5:  15000000 integrand evaluations so far
[1] 376.167 +- 27.8377  	chisq 1.33784 (4 df)

Iteration 6:  21000000 integrand evaluations so far
[1] 366.65 +- 15.6916  	chisq 1.50915 (5 df)

Iteration 7:  28000000 integrand evaluations so far
[1] 367.056 +- 10.3905  	chisq 1.51034 (6 df)

Iteration 8:  36000000 integrand evaluations so far
[1] 369.98 +- 7.2486  	chisq 1.66462 (7 df)

Iteration 9:  45000000 integrand evaluations so far
[1] 377.356 +- 5.7252  	chisq 4.41718 (8 df)

Iteration 10:  55000000 integrand evaluations so far
[1] 379.845 +- 4.40739  	chisq 4.8812 (9 df)
   379.8 ±    4.4        (1.84mi) ┃     432 ±     32        (1.28hr) ┃
┃   46 -    48 ┃   30 -    31 ┃  376.81 ±   0.36        (6.23mi) ┃-319.087 ±  0.021        (58.1mi) ┃Vegas input parameters:
  ndim 10
  ncomp 1
  nvec 1
  epsrel 0
  epsabs 0
  flags 10
  seed 123456
  mineval 50000000
  maxeval 50000000
  nstart 1000000
  nincrease 1000000
  nbatch 5000
  gridno 0
  statefile ""

Iteration 1:  1000000 integrand evaluations so far
[1] -400.629 +- 332.338  	chisq 0 (0 df)

Iteration 2:  3000000 integrand evaluations so far
[1] -376.728 +- 258.179  	chisq 0.0130442 (1 df)

Iteration 3:  6000000 integrand evaluations so far
[1] 75.1095 +- 99.2888  	chisq 3.6075 (2 df)

Iteration 4:  10000000 integrand evaluations so far
[1] 50.3898 +- 77.3514  	chisq 3.76519 (3 df)

Iteration 5:  15000000 integrand evaluations so far
[1] 24.0216 +- 74.0595  	chisq 5.16013 (4 df)

Iteration 6:  21000000 integrand evaluations so far
[1] -0.755887 +- 65.5688  	chisq 5.67797 (5 df)

Iteration 7:  28000000 integrand evaluations so far
[1] 10.0458 +- 65.1994  	chisq 8.09326 (6 df)

Iteration 8:  36000000 integrand evaluations so far
[1] -27.6581 +- 42.9246  	chisq 8.68351 (7 df)

Iteration 9:  45000000 integrand evaluations so far
[1] -7.45851 +- 38.7732  	chisq 9.88653 (8 df)

Iteration 10:  55000000 integrand evaluations so far
[1] -22.1243 +- 36.3839  	chisq 11.0843 (9 df)
     -22 ±     36        (3.62mi) ┃Vegas input parameters:
  ndim 8
  ncomp 1
  nvec 1
  epsrel 0
  epsabs 0
  flags 10
  seed 123456
  mineval 5000000
  maxeval 50000000
  nstart 1000000
  nincrease 1000000
  nbatch 5000
  gridno 0
  statefile ""

Iteration 1:  1000000 integrand evaluations so far
[1] 370.551 +- 77.6067  	chisq 0 (0 df)

Iteration 2:  3000000 integrand evaluations so far
[1] 274.056 +- 40.9517  	chisq 2.14264 (1 df)

Iteration 3:  6000000 integrand evaluations so far
[1] 282.638 +- 40.644  	chisq 5.07635 (2 df)

Iteration 4:  10000000 integrand evaluations so far
[1] 306.82 +- 37.1503  	chisq 7.22792 (3 df)

Iteration 5:  15000000 integrand evaluations so far
[1] 312.78 +- 24.0571  	chisq 7.27224 (4 df)

Iteration 6:  21000000 integrand evaluations so far
[1] 329.064 +- 19.5302  	chisq 8.6162 (5 df)

Iteration 7:  28000000 integrand evaluations so far
[1] 341.166 +- 17.6739  	chisq 10.7366 (6 df)

Iteration 8:  36000000 integrand evaluations so far
[1] 351.486 +- 10.7227  	chisq 11.2762 (7 df)

Iteration 9:  45000000 integrand evaluations so far
[1] 360.254 +- 7.14472  	chisq 12.4787 (8 df)

Iteration 10:  55000000 integrand evaluations so far
[1] 363.295 +- 5.30845  	chisq 12.8833 (9 df)
   363.3 ±    5.3        (1.81mi) ┃     399 ±     37        (1.16hr) ┃
┃   46 -    48 ┃   31 -    32 ┃  341.75 ±   0.34        (6.28mi) ┃ -289.42 ±   0.13        (28.8mi) ┃Vegas input parameters:
  ndim 10
  ncomp 1
  nvec 1
  epsrel 0
  epsabs 0
  flags 10
  seed 123456
  mineval 50000000
  maxeval 50000000
  nstart 1000000
  nincrease 1000000
  nbatch 5000
  gridno 0
  statefile ""

Iteration 1:  1000000 integrand evaluations so far
[1] 1.18249 +- 230.403  	chisq 0 (0 df)

Iteration 2:  3000000 integrand evaluations so far
[1] -112.467 +- 169.922  	chisq 0.533467 (1 df)

Iteration 3:  6000000 integrand evaluations so far
[1] -93.0499 +- 168.931  	chisq 1.65578 (2 df)

Iteration 4:  10000000 integrand evaluations so far
[1] -63.3091 +- 90.3809  	chisq 1.6992 (3 df)

Iteration 5:  15000000 integrand evaluations so far
[1] -84.2379 +- 83.8943  	chisq 2.08667 (4 df)

Iteration 6:  21000000 integrand evaluations so far
[1] -95.7678 +- 83.2543  	chisq 3.32934 (5 df)

Iteration 7:  28000000 integrand evaluations so far
[1] -87.6126 +- 82.8591  	chisq 4.34239 (6 df)

Iteration 8:  36000000 integrand evaluations so far
[1] -97.7301 +- 51.1865  	chisq 4.3665 (7 df)

Iteration 9:  45000000 integrand evaluations so far
[1] -91.5079 +- 50.8967  	chisq 5.675 (8 df)

Iteration 10:  55000000 integrand evaluations so far
[1] -74.5175 +- 48.1939  	chisq 6.75287 (9 df)
     -75 ±     48        (3.66mi) ┃Vegas input parameters:
  ndim 8
  ncomp 1
  nvec 1
  epsrel 0
  epsabs 0
  flags 10
  seed 123456
  mineval 5000000
  maxeval 50000000
  nstart 1000000
  nincrease 1000000
  nbatch 5000
  gridno 0
  statefile ""

Iteration 1:  1000000 integrand evaluations so far
[1] 320.68 +- 70.7126  	chisq 0 (0 df)

Iteration 2:  3000000 integrand evaluations so far
[1] 151.767 +- 23.0726  	chisq 6.3859 (1 df)

Iteration 3:  6000000 integrand evaluations so far
[1] 161.427 +- 22.114  	chisq 8.54013 (2 df)

Iteration 4:  10000000 integrand evaluations so far
[1] 167.956 +- 21.7653  	chisq 11.3261 (3 df)

Iteration 5:  15000000 integrand evaluations so far
[1] 207.581 +- 19.2451  	chisq 26.5183 (4 df)

Iteration 6:  21000000 integrand evaluations so far
[1] 259.012 +- 14.6549  	chisq 43.517 (5 df)

Iteration 7:  28000000 integrand evaluations so far
[1] 297.994 +- 10.5406  	chisq 58.176 (6 df)

Iteration 8:  36000000 integrand evaluations so far
[1] 314.188 +- 8.77149  	chisq 65.8525 (7 df)

Iteration 9:  45000000 integrand evaluations so far
[1] 323.24 +- 6.60474  	chisq 68.3118 (8 df)

Iteration 10:  55000000 integrand evaluations so far
[1] 328.907 +- 4.92737  	chisq 69.9719 (9 df)
   328.9 ±    4.9        (1.81mi) ┃     307 ±     48        (40.6mi) ┃
┃   46 -    48 ┃   32 -    33 ┃  351.53 ±   0.34        (3.64mi) ┃ -297.72 ±   0.17        (29.1mi) ┃Vegas input parameters:
  ndim 10
  ncomp 1
  nvec 1
  epsrel 0
  epsabs 0
  flags 10
  seed 123456
  mineval 50000000
  maxeval 50000000
  nstart 1000000
  nincrease 1000000
  nbatch 5000
  gridno 0
  statefile ""

Iteration 1:  1000000 integrand evaluations so far
[1] 205.965 +- 267.159  	chisq 0 (0 df)

Iteration 2:  3000000 integrand evaluations so far
[1] 34.7185 +- 96.395  	chisq 0.472367 (1 df)

Iteration 3:  6000000 integrand evaluations so far
[1] 54.9497 +- 86.4918  	chisq 0.698354 (2 df)

Iteration 4:  10000000 integrand evaluations so far
[1] 60.2771 +- 86.0852  	chisq 1.10287 (3 df)

Iteration 5:  15000000 integrand evaluations so far
[1] 71.2535 +- 84.4804  	chisq 1.54301 (4 df)

Iteration 6:  21000000 integrand evaluations so far
[1] 64.0317 +- 70.6059  	chisq 1.56725 (5 df)

Iteration 7:  28000000 integrand evaluations so far
[1] 46.5571 +- 69.7508  	chisq 4.11157 (6 df)

Iteration 8:  36000000 integrand evaluations so far
[1] 72.5993 +- 65.805  	chisq 5.3795 (7 df)

Iteration 9:  45000000 integrand evaluations so far
[1] 89.7756 +- 44.3659  	chisq 5.50441 (8 df)

Iteration 10:  55000000 integrand evaluations so far
[1] 71.8238 +- 41.4912  	chisq 6.81011 (9 df)
      72 ±     41        (3.69mi) ┃Vegas input parameters:
  ndim 8
  ncomp 1
  nvec 1
  epsrel 0
  epsabs 0
  flags 10
  seed 123456
  mineval 5000000
  maxeval 50000000
  nstart 1000000
  nincrease 1000000
  nbatch 5000
  gridno 0
  statefile ""

Iteration 1:  1000000 integrand evaluations so far
[1] 233.89 +- 58.56  	chisq 0 (0 df)

Iteration 2:  3000000 integrand evaluations so far
[1] 239.327 +- 55.2387  	chisq 0.0782172 (1 df)

Iteration 3:  6000000 integrand evaluations so far
[1] 243.938 +- 54.1496  	chisq 0.256706 (2 df)

Iteration 4:  10000000 integrand evaluations so far
[1] 111.573 +- 19.1133  	chisq 7.08237 (3 df)

Iteration 5:  15000000 integrand evaluations so far
[1] 118.263 +- 18.806  	chisq 10.9224 (4 df)

Iteration 6:  21000000 integrand evaluations so far
[1] 124.236 +- 18.591  	chisq 15.3595 (5 df)

Iteration 7:  28000000 integrand evaluations so far
[1] 135.691 +- 18.1087  	chisq 22.7728 (6 df)

Iteration 8:  36000000 integrand evaluations so far
[1] 197.612 +- 13.1086  	chisq 47.3371 (7 df)

Iteration 9:  45000000 integrand evaluations so far
[1] 248.44 +- 9.66275  	chisq 80.2619 (8 df)

Iteration 10:  55000000 integrand evaluations so far
[1] 296.925 +- 6.39149  	chisq 125.024 (9 df)
   296.9 ±    6.4        ( 1.8mi) ┃     423 ±     42        (38.2mi) ┃
┃   46 -    48 ┃   33 -    34 ┃  326.08 ±   0.28        (2.07mi) ┃ -272.56 ±   0.24        (3.69mi) ┃Vegas input parameters:
  ndim 10
  ncomp 1
  nvec 1
  epsrel 0
  epsabs 0
  flags 10
  seed 123456
  mineval 50000000
  maxeval 50000000
  nstart 1000000
  nincrease 1000000
  nbatch 5000
  gridno 0
  statefile ""

Iteration 1:  1000000 integrand evaluations so far
[1] 77.012 +- 103.42  	chisq 0 (0 df)

Iteration 2:  3000000 integrand evaluations so far
[1] 108.403 +- 95.8432  	chisq 0.652695 (1 df)

Iteration 3:  6000000 integrand evaluations so far
[1] 80.0284 +- 68.9302  	chisq 0.834246 (2 df)

Iteration 4:  10000000 integrand evaluations so far
[1] 56.5233 +- 62.9562  	chisq 1.53547 (3 df)

Iteration 5:  15000000 integrand evaluations so far
[1] 25.537 +- 46.4621  	chisq 2.06748 (4 df)

Iteration 6:  21000000 integrand evaluations so far
[1] 26.147 +- 42.6355  	chisq 2.06857 (5 df)

Iteration 7:  28000000 integrand evaluations so far
[1] -1.93888 +- 36.1517  	chisq 3.61273 (6 df)

Iteration 8:  36000000 integrand evaluations so far
[1] -3.59207 +- 36.0051  	chisq 3.87106 (7 df)

Iteration 9:  45000000 integrand evaluations so far
[1] -1.43242 +- 33.9452  	chisq 3.90343 (8 df)

Iteration 10:  55000000 integrand evaluations so far
[1] 7.4265 +- 33.4039  	chisq 6.05631 (9 df)
       7 ±     33        (3.66mi) ┃Vegas input parameters:
  ndim 8
  ncomp 1
  nvec 1
  epsrel 0
  epsabs 0
  flags 10
  seed 123456
  mineval 5000000
  maxeval 50000000
  nstart 1000000
  nincrease 1000000
  nbatch 5000
  gridno 0
  statefile ""

Iteration 1:  1000000 integrand evaluations so far
[1] 335.314 +- 69.9008  	chisq 0 (0 df)

Iteration 2:  3000000 integrand evaluations so far
[1] 343.576 +- 69.1751  	chisq 0.676249 (1 df)

Iteration 3:  6000000 integrand evaluations so far
[1] 199.144 +- 29.4191  	chisq 5.99821 (2 df)

Iteration 4:  10000000 integrand evaluations so far
[1] 230.089 +- 23.033  	chisq 8.85702 (3 df)

Iteration 5:  15000000 integrand evaluations so far
[1] 251.773 +- 16.6574  	chisq 10.7151 (4 df)

Iteration 6:  21000000 integrand evaluations so far
[1] 269.558 +- 12.8917  	chisq 13.5577 (5 df)

Iteration 7:  28000000 integrand evaluations so far
[1] 277.114 +- 7.4628  	chisq 14.0745 (6 df)

Iteration 8:  36000000 integrand evaluations so far
[1] 278.258 +- 7.418  	chisq 16.0346 (7 df)

Iteration 9:  45000000 integrand evaluations so far
[1] 283.282 +- 6.52473  	chisq 18.0616 (8 df)

Iteration 10:  55000000 integrand evaluations so far
[1] 289.911 +- 5.68789  	chisq 22.3609 (9 df)
   289.9 ±    5.7        (1.82mi) ┃     351 ±     34        (11.2mi) ┃
┃   46 -    48 ┃   34 -    35 ┃  344.99 ±   0.29        (6.13mi) ┃ -292.37 ±    0.1        (1.97mi) ┃Vegas input parameters:
  ndim 10
  ncomp 1
  nvec 1
  epsrel 0
  epsabs 0
  flags 10
  seed 123456
  mineval 50000000
  maxeval 50000000
  nstart 1000000
  nincrease 1000000
  nbatch 5000
  gridno 0
  statefile ""

Iteration 1:  1000000 integrand evaluations so far
[1] 197.821 +- 154.901  	chisq 0 (0 df)

Iteration 2:  3000000 integrand evaluations so far
[1] 40.7489 +- 54.5614  	chisq 1.17387 (1 df)

Iteration 3:  6000000 integrand evaluations so far
[1] 17.4815 +- 51.4942  	chisq 2.83814 (2 df)

Iteration 4:  10000000 integrand evaluations so far
[1] 36.0852 +- 49.1635  	chisq 4.31339 (3 df)

Iteration 5:  15000000 integrand evaluations so far
[1] -37.2749 +- 37.8351  	chisq 9.77399 (4 df)

Iteration 6:  21000000 integrand evaluations so far
[1] -40.4563 +- 36.2823  	chisq 9.86193 (5 df)

Iteration 7:  28000000 integrand evaluations so far
[1] -29.8639 +- 35.4724  	chisq 11.7925 (6 df)

Iteration 8:  36000000 integrand evaluations so far
[1] -26.5684 +- 29.6746  	chisq 11.8213 (7 df)

Iteration 9:  45000000 integrand evaluations so far
[1] -31.5637 +- 28.3358  	chisq 12.1426 (8 df)

Iteration 10:  55000000 integrand evaluations so far
[1] -6.24278 +- 23.6679  	chisq 14.7838 (9 df)
      -6 ±     24        (3.66mi) ┃Vegas input parameters:
  ndim 8
  ncomp 1
  nvec 1
  epsrel 0
  epsabs 0
  flags 10
  seed 123456
  mineval 5000000
  maxeval 50000000
  nstart 1000000
  nincrease 1000000
  nbatch 5000
  gridno 0
  statefile ""

Iteration 1:  1000000 integrand evaluations so far
[1] 220.197 +- 57.1561  	chisq 0 (0 df)

Iteration 2:  3000000 integrand evaluations so far
[1] 130.328 +- 29.5781  	chisq 3.37647 (1 df)

Iteration 3:  6000000 integrand evaluations so far
[1] 138.375 +- 28.5878  	chisq 4.50058 (2 df)

Iteration 4:  10000000 integrand evaluations so far
[1] 156.411 +- 24.9538  	chisq 6.17244 (3 df)

Iteration 5:  15000000 integrand evaluations so far
[1] 169.13 +- 23.8627  	chisq 9.20944 (4 df)

Iteration 6:  21000000 integrand evaluations so far
[1] 172.535 +- 23.7416  	chisq 11.2215 (5 df)

Iteration 7:  28000000 integrand evaluations so far
[1] 182.188 +- 23.1278  	chisq 14.4596 (6 df)

Iteration 8:  36000000 integrand evaluations so far
[1] 223.684 +- 19.6684  	chisq 26.0909 (7 df)

Iteration 9:  45000000 integrand evaluations so far
[1] 260.564 +- 12.208  	chisq 31.8103 (8 df)

Iteration 10:  55000000 integrand evaluations so far
[1] 280.101 +- 8.47391  	chisq 36.7528 (9 df)
   280.1 ±    8.5        (1.83mi) ┃     326 ±     25        (13.6mi) ┃
┃   46 -    48 ┃   35 -    36 ┃ 295.964 ±  0.052        (6.93mi) ┃ -250.58 ±   0.17        (1.02mi) ┃Vegas input parameters:
  ndim 10
  ncomp 1
  nvec 1
  epsrel 0
  epsabs 0
  flags 10
  seed 123456
  mineval 50000000
  maxeval 50000000
  nstart 1000000
  nincrease 1000000
  nbatch 5000
  gridno 0
  statefile ""

Iteration 1:  1000000 integrand evaluations so far
[1] 50.0156 +- 203.462  	chisq 0 (0 df)

Iteration 2:  3000000 integrand evaluations so far
[1] 20.1838 +- 76.3919  	chisq 0.0250255 (1 df)

Iteration 3:  6000000 integrand evaluations so far
[1] 40.9885 +- 59.4734  	chisq 0.213325 (2 df)

Iteration 4:  10000000 integrand evaluations so far
[1] 0.563206 +- 52.5386  	chisq 2.31712 (3 df)

Iteration 5:  15000000 integrand evaluations so far
[1] -2.39657 +- 52.0923  	chisq 2.50473 (4 df)

Iteration 6:  21000000 integrand evaluations so far
[1] 11.2828 +- 48.2401  	chisq 2.98888 (5 df)

Iteration 7:  28000000 integrand evaluations so far
[1] 7.22828 +- 47.9289  	chisq 3.53816 (6 df)

Iteration 8:  36000000 integrand evaluations so far
[1] 5.49624 +- 47.9008  	chisq 4.65244 (7 df)

Iteration 9:  45000000 integrand evaluations so far
[1] -5.95946 +- 45.8093  	chisq 5.32204 (8 df)

Iteration 10:  55000000 integrand evaluations so far
[1] -23.0293 +- 43.734  	chisq 6.88999 (9 df)
     -23 ±     44        (3.62mi) ┃Vegas input parameters:
  ndim 8
  ncomp 1
  nvec 1
  epsrel 0
  epsabs 0
  flags 10
  seed 123456
  mineval 5000000
  maxeval 50000000
  nstart 1000000
  nincrease 1000000
  nbatch 5000
  gridno 0
  statefile ""

Iteration 1:  1000000 integrand evaluations so far
[1] 313.46 +- 66.2128  	chisq 0 (0 df)

Iteration 2:  3000000 integrand evaluations so far
[1] 260.447 +- 48.7604  	chisq 1.4006 (1 df)

Iteration 3:  6000000 integrand evaluations so far
[1] 270.373 +- 46.5054  	chisq 1.85925 (2 df)

Iteration 4:  10000000 integrand evaluations so far
[1] 273.692 +- 46.3185  	chisq 2.49382 (3 df)

Iteration 5:  15000000 integrand evaluations so far
[1] 276.367 +- 35.5728  	chisq 2.50196 (4 df)

Iteration 6:  21000000 integrand evaluations so far
[1] 261.116 +- 20.8053  	chisq 2.78132 (5 df)

Iteration 7:  28000000 integrand evaluations so far
[1] 262.454 +- 14.1223  	chisq 2.78899 (6 df)

Iteration 8:  36000000 integrand evaluations so far
[1] 268.763 +- 8.19606  	chisq 3.08992 (7 df)

Iteration 9:  45000000 integrand evaluations so far
[1] 276.067 +- 5.99229  	chisq 4.79617 (8 df)

Iteration 10:  55000000 integrand evaluations so far
[1] 276.826 +- 5.94235  	chisq 5.76158 (9 df)
   276.8 ±    5.9        (1.82mi) ┃     299 ±     44        (13.4mi) ┃
┃   46 -    48 ┃   36 -    37 ┃  314.49 ±   0.17        (1.04mi) ┃ -266.34 ±   0.15        (6.98mi) ┃Vegas input parameters:
  ndim 10
  ncomp 1
  nvec 1
  epsrel 0
  epsabs 0
  flags 10
  seed 123456
  mineval 50000000
  maxeval 50000000
  nstart 1000000
  nincrease 1000000
  nbatch 5000
  gridno 0
  statefile ""

Iteration 1:  1000000 integrand evaluations so far
[1] -364.497 +- 200.473  	chisq 0 (0 df)

Iteration 2:  3000000 integrand evaluations so far
[1] -326.425 +- 197.887  	chisq 1.40721 (1 df)

Iteration 3:  6000000 integrand evaluations so far
[1] -338.674 +- 188.934  	chisq 1.45053 (2 df)

Iteration 4:  10000000 integrand evaluations so far
[1] -127.687 +- 72.6593  	chisq 2.91406 (3 df)

Iteration 5:  15000000 integrand evaluations so far
[1] -71.7295 +- 54.068  	chisq 4.2431 (4 df)

Iteration 6:  21000000 integrand evaluations so far
[1] -93.2592 +- 45.8194  	chisq 4.80568 (5 df)

Iteration 7:  28000000 integrand evaluations so far
[1] -80.9079 +- 43.1217  	chisq 5.4415 (6 df)

Iteration 8:  36000000 integrand evaluations so far
[1] -69.6763 +- 41.7058  	chisq 6.49179 (7 df)

Iteration 9:  45000000 integrand evaluations so far
[1] -57.2752 +- 36.0153  	chisq 6.83951 (8 df)

Iteration 10:  55000000 integrand evaluations so far
[1] -48.345 +- 33.7612  	chisq 7.34654 (9 df)
     -48 ±     34        (3.56mi) ┃Vegas input parameters:
  ndim 8
  ncomp 1
  nvec 1
  epsrel 0
  epsabs 0
  flags 10
  seed 123456
  mineval 5000000
  maxeval 50000000
  nstart 1000000
  nincrease 1000000
  nbatch 5000
  gridno 0
  statefile ""

Iteration 1:  1000000 integrand evaluations so far
[1] 386.19 +- 79.0108  	chisq 0 (0 df)

Iteration 2:  3000000 integrand evaluations so far
[1] 319.512 +- 51.1644  	chisq 1.22647 (1 df)

Iteration 3:  6000000 integrand evaluations so far
[1] 206.894 +- 24.6621  	chisq 7.53766 (2 df)

Iteration 4:  10000000 integrand evaluations so far
[1] 222.966 +- 20.9093  	chisq 9.04809 (3 df)

Iteration 5:  15000000 integrand evaluations so far
[1] 237.545 +- 15.0484  	chisq 10.0566 (4 df)

Iteration 6:  21000000 integrand evaluations so far
[1] 248.085 +- 13.8232  	chisq 13.197 (5 df)

Iteration 7:  28000000 integrand evaluations so far
[1] 255.974 +- 10.32  	chisq 13.9329 (6 df)

Iteration 8:  36000000 integrand evaluations so far
[1] 257.967 +- 10.0189  	chisq 14.5811 (7 df)

Iteration 9:  45000000 integrand evaluations so far
[1] 262.692 +- 8.03505  	chisq 15.2043 (8 df)

Iteration 10:  55000000 integrand evaluations so far
[1] 269.318 +- 5.37179  	chisq 16.4342 (9 df)
   269.3 ±    5.4        (1.78mi) ┃     269 ±     34        (13.4mi) ┃
┃   46 -    48 ┃   37 -    38 ┃     307 ±   0.25        ( 3.5mi) ┃ -259.65 ±   0.21        (28.2mi) ┃Vegas input parameters:
  ndim 10
  ncomp 1
  nvec 1
  epsrel 0
  epsabs 0
  flags 10
  seed 123456
  mineval 50000000
  maxeval 50000000
  nstart 1000000
  nincrease 1000000
  nbatch 5000
  gridno 0
  statefile ""

Iteration 1:  1000000 integrand evaluations so far
[1] -130.7 +- 186.942  	chisq 0 (0 df)

Iteration 2:  3000000 integrand evaluations so far
[1] -141.582 +- 157.998  	chisq 0.0118603 (1 df)

Iteration 3:  6000000 integrand evaluations so far
[1] -64.098 +- 123.686  	chisq 0.633046 (2 df)

Iteration 4:  10000000 integrand evaluations so far
[1] -5.52514 +- 74.7371  	chisq 0.986272 (3 df)

Iteration 5:  15000000 integrand evaluations so far
[1] -6.07486 +- 65.1542  	chisq 0.986497 (4 df)

Iteration 6:  21000000 integrand evaluations so far
[1] -0.747312 +- 64.8552  	chisq 1.71667 (5 df)

Iteration 7:  28000000 integrand evaluations so far
[1] -14.9873 +- 62.9531  	chisq 2.55079 (6 df)

Iteration 8:  36000000 integrand evaluations so far
[1] 23.4015 +- 56.4276  	chisq 4.44254 (7 df)

Iteration 9:  45000000 integrand evaluations so far
[1] 7.63707 +- 48.79  	chisq 4.75179 (8 df)

Iteration 10:  55000000 integrand evaluations so far
[1] -3.54107 +- 48.1928  	chisq 6.9091 (9 df)
      -4 ±     48        (3.61mi) ┃Vegas input parameters:
  ndim 8
  ncomp 1
  nvec 1
  epsrel 0
  epsabs 0
  flags 10
  seed 123456
  mineval 5000000
  maxeval 50000000
  nstart 1000000
  nincrease 1000000
  nbatch 5000
  gridno 0
  statefile ""

Iteration 1:  1000000 integrand evaluations so far
[1] 380.95 +- 76.2754  	chisq 0 (0 df)

Iteration 2:  3000000 integrand evaluations so far
[1] 369.374 +- 68.626  	chisq 0.120896 (1 df)

Iteration 3:  6000000 integrand evaluations so far
[1] 132.764 +- 19.3098  	chisq 13.0305 (2 df)

Iteration 4:  10000000 integrand evaluations so far
[1] 155.938 +- 13.5307  	chisq 15.8602 (3 df)

Iteration 5:  15000000 integrand evaluations so far
[1] 180.579 +- 11.0002  	chisq 25.641 (4 df)

Iteration 6:  21000000 integrand evaluations so far
[1] 190.295 +- 10.5972  	chisq 36.4862 (5 df)

Iteration 7:  28000000 integrand evaluations so far
[1] 216.35 +- 7.48617  	chisq 48.5535 (6 df)

Iteration 8:  36000000 integrand evaluations so far
[1] 236.818 +- 5.30654  	chisq 63.5794 (7 df)

Iteration 9:  45000000 integrand evaluations so far
[1] 241.7 +- 4.96868  	chisq 70.4422 (8 df)

Iteration 10:  55000000 integrand evaluations so far
[1] 247.363 +- 4.44746  	chisq 76.9765 (9 df)
   247.4 ±    4.4        (1.82mi) ┃     291 ±     48        (37.2mi) ┃
┃   46 -    48 ┃   38 -    39 ┃ 293.649 ±  0.087        (1.06mi) ┃ -248.26 ±   0.12        (14.2mi) ┃Vegas input parameters:
  ndim 10
  ncomp 1
  nvec 1
  epsrel 0
  epsabs 0
  flags 10
  seed 123456
  mineval 50000000
  maxeval 50000000
  nstart 1000000
  nincrease 1000000
  nbatch 5000
  gridno 0
  statefile ""

Iteration 1:  1000000 integrand evaluations so far
[1] 191.375 +- 194.626  	chisq 0 (0 df)

Iteration 2:  3000000 integrand evaluations so far
[1] -21.145 +- 89.7386  	chisq 1.51427 (1 df)

Iteration 3:  6000000 integrand evaluations so far
[1] -29.6165 +- 76.1383  	chisq 1.54608 (2 df)

Iteration 4:  10000000 integrand evaluations so far
[1] 38.2564 +- 59.838  	chisq 3.6245 (3 df)

Iteration 5:  15000000 integrand evaluations so far
[1] 37.5208 +- 46.6028  	chisq 3.62488 (4 df)

Iteration 6:  21000000 integrand evaluations so far
[1] 13.678 +- 44.8096  	chisq 7.09288 (5 df)

Iteration 7:  28000000 integrand evaluations so far
[1] 41.2746 +- 34.2595  	chisq 8.00583 (6 df)

Iteration 8:  36000000 integrand evaluations so far
[1] 42.2058 +- 34.246  	chisq 8.94817 (7 df)

Iteration 9:  45000000 integrand evaluations so far
[1] 40.4618 +- 32.4954  	chisq 8.9742 (8 df)

Iteration 10:  55000000 integrand evaluations so far
[1] 43.7891 +- 23.8341  	chisq 8.99689 (9 df)
      44 ±     24        ( 3.6mi) ┃Vegas input parameters:
  ndim 8
  ncomp 1
  nvec 1
  epsrel 0
  epsabs 0
  flags 10
  seed 123456
  mineval 5000000
  maxeval 50000000
  nstart 1000000
  nincrease 1000000
  nbatch 5000
  gridno 0
  statefile ""

Iteration 1:  1000000 integrand evaluations so far
[1] 230.234 +- 56.6817  	chisq 0 (0 df)

Iteration 2:  3000000 integrand evaluations so far
[1] 210.961 +- 44.5242  	chisq 0.301884 (1 df)

Iteration 3:  6000000 integrand evaluations so far
[1] 203.671 +- 39.2458  	chisq 0.422086 (2 df)

Iteration 4:  10000000 integrand evaluations so far
[1] 204.496 +- 31.6384  	chisq 0.423348 (3 df)

Iteration 5:  15000000 integrand evaluations so far
[1] 170.291 +- 14.033  	chisq 1.87845 (4 df)

Iteration 6:  21000000 integrand evaluations so far
[1] 177.033 +- 13.3889  	chisq 4.45183 (5 df)

Iteration 7:  28000000 integrand evaluations so far
[1] 198.535 +- 11.9416  	chisq 17.064 (6 df)

Iteration 8:  36000000 integrand evaluations so far
[1] 222.861 +- 8.54769  	chisq 25.5735 (7 df)

Iteration 9:  45000000 integrand evaluations so far
[1] 241.38 +- 6.60839  	chisq 37.2421 (8 df)

Iteration 10:  55000000 integrand evaluations so far
[1] 251.731 +- 4.84572  	chisq 42.549 (9 df)
   251.7 ±    4.8        (1.77mi) ┃     341 ±     24        (20.6mi) ┃
┃   46 -    48 ┃   39 -    40 ┃  293.01 ±   0.29        (1.92mi) ┃-247.394 ±  0.079        (53.3mi) ┃Vegas input parameters:
  ndim 10
  ncomp 1
  nvec 1
  epsrel 0
  epsabs 0
  flags 10
  seed 123456
  mineval 50000000
  maxeval 50000000
  nstart 1000000
  nincrease 1000000
  nbatch 5000
  gridno 0
  statefile ""

Iteration 1:  1000000 integrand evaluations so far
[1] 307.196 +- 225.548  	chisq 0 (0 df)

Iteration 2:  3000000 integrand evaluations so far
[1] 286.921 +- 224.78  	chisq 1.18945 (1 df)

Iteration 3:  6000000 integrand evaluations so far
[1] 120.748 +- 114.364  	chisq 1.92685 (2 df)

Iteration 4:  10000000 integrand evaluations so far
[1] -30.4726 +- 34.4555  	chisq 3.8498 (3 df)

Iteration 5:  15000000 integrand evaluations so far
[1] -36.2038 +- 32.6699  	chisq 4.12384 (4 df)

Iteration 6:  21000000 integrand evaluations so far
[1] -38.3043 +- 32.6333  	chisq 5.97276 (5 df)

Iteration 7:  28000000 integrand evaluations so far
[1] -40.2167 +- 31.8787  	chisq 6.04788 (6 df)

Iteration 8:  36000000 integrand evaluations so far
[1] -45.0949 +- 29.6133  	chisq 6.2187 (7 df)

Iteration 9:  45000000 integrand evaluations so far
[1] -42.3711 +- 29.3629  	chisq 6.72112 (8 df)

Iteration 10:  55000000 integrand evaluations so far
[1] -27.0489 +- 26.8191  	chisq 8.36385 (9 df)
     -27 ±     27        (3.62mi) ┃Vegas input parameters:
  ndim 8
  ncomp 1
  nvec 1
  epsrel 0
  epsabs 0
  flags 10
  seed 123456
  mineval 5000000
  maxeval 50000000
  nstart 1000000
  nincrease 1000000
  nbatch 5000
  gridno 0
  statefile ""

Iteration 1:  1000000 integrand evaluations so far
[1] 309.516 +- 61.2782  	chisq 0 (0 df)

Iteration 2:  3000000 integrand evaluations so far
[1] 312.34 +- 60.3079  	chisq 0.0676306 (1 df)

Iteration 3:  6000000 integrand evaluations so far
[1] 60.172 +- 7.87013  	chisq 17.8542 (2 df)

Iteration 4:  10000000 integrand evaluations so far
[1] 62.0487 +- 7.84607  	chisq 27.1684 (3 df)

Iteration 5:  15000000 integrand evaluations so far
[1] 80.6724 +- 7.33568  	chisq 71.9304 (4 df)

Iteration 6:  21000000 integrand evaluations so far
[1] 116.182 +- 6.23789  	chisq 156.553 (5 df)

Iteration 7:  28000000 integrand evaluations so far
[1] 141.266 +- 5.60895  	chisq 240.994 (6 df)

Iteration 8:  36000000 integrand evaluations so far
[1] 159.967 +- 5.13119  	chisq 309.158 (7 df)

Iteration 9:  45000000 integrand evaluations so far
[1] 191.575 +- 3.84845  	chisq 395.89 (8 df)

Iteration 10:  55000000 integrand evaluations so far
[1] 191.625 +- 3.84828  	chisq 397.815 (9 df)
   191.6 ±    3.8        ( 1.8mi) ┃     210 ±     27        (1.01hr) ┃
┃   46 -    48 ┃   40 -    41 ┃  257.63 ±    0.2        (1.66mi) ┃ -218.76 ±   0.19        ( 6.7mi) ┃Vegas input parameters:
  ndim 10
  ncomp 1
  nvec 1
  epsrel 0
  epsabs 0
  flags 10
  seed 123456
  mineval 50000000
  maxeval 50000000
  nstart 1000000
  nincrease 1000000
  nbatch 5000
  gridno 0
  statefile ""

Iteration 1:  1000000 integrand evaluations so far
[1] 419.143 +- 457.702  	chisq 0 (0 df)

Iteration 2:  3000000 integrand evaluations so far
[1] 0.251705 +- 37.2192  	chisq 0.843178 (1 df)

Iteration 3:  6000000 integrand evaluations so far
[1] 9.29954 +- 32.8487  	chisq 1.1105 (2 df)

Iteration 4:  10000000 integrand evaluations so far
[1] 20.0274 +- 29.7686  	chisq 1.70722 (3 df)

Iteration 5:  15000000 integrand evaluations so far
[1] 16.4034 +- 28.2811  	chisq 1.85932 (4 df)

Iteration 6:  21000000 integrand evaluations so far
[1] -4.51124 +- 24.725  	chisq 4.17993 (5 df)

Iteration 7:  28000000 integrand evaluations so far
[1] -4.45368 +- 24.2959  	chisq 4.18009 (6 df)

Iteration 8:  36000000 integrand evaluations so far
[1] -3.97726 +- 24.2862  	chisq 4.65735 (7 df)

Iteration 9:  45000000 integrand evaluations so far
[1] -4.01806 +- 23.22  	chisq 4.65739 (8 df)

Iteration 10:  55000000 integrand evaluations so far
[1] -1.49712 +- 22.8393  	chisq 5.01988 (9 df)
      -1 ±     23        (3.59mi) ┃Vegas input parameters:
  ndim 8
  ncomp 1
  nvec 1
  epsrel 0
  epsabs 0
  flags 10
  seed 123456
  mineval 5000000
  maxeval 50000000
  nstart 1000000
  nincrease 1000000
  nbatch 5000
  gridno 0
  statefile ""

Iteration 1:  1000000 integrand evaluations so far
[1] 274.82 +- 52.9602  	chisq 0 (0 df)

Iteration 2:  3000000 integrand evaluations so far
[1] 183.303 +- 25.9229  	chisq 3.92698 (1 df)

Iteration 3:  6000000 integrand evaluations so far
[1] 177.24 +- 16.8689  	chisq 4.02184 (2 df)

Iteration 4:  10000000 integrand evaluations so far
[1] 188.327 +- 15.0758  	chisq 6.16781 (3 df)

Iteration 5:  15000000 integrand evaluations so far
[1] 196.896 +- 14.0578  	chisq 8.64327 (4 df)

Iteration 6:  21000000 integrand evaluations so far
[1] 213.266 +- 9.28197  	chisq 11.0476 (5 df)

Iteration 7:  28000000 integrand evaluations so far
[1] 230.25 +- 7.0559  	chisq 18.9784 (6 df)

Iteration 8:  36000000 integrand evaluations so far
[1] 238.236 +- 5.61232  	chisq 22.4659 (7 df)

Iteration 9:  45000000 integrand evaluations so far
[1] 239.883 +- 5.47432  	chisq 24.2407 (8 df)

Iteration 10:  55000000 integrand evaluations so far
[1] 239.483 +- 4.64487  	chisq 24.2598 (9 df)
   239.5 ±    4.6        ( 1.8mi) ┃     277 ±     23        (13.8mi) ┃
┃   46 -    48 ┃   41 -    42 ┃ 313.945 ±  0.098        (1.73mi) ┃  -265.6 ±   0.11        (6.97mi) ┃Vegas input parameters:
  ndim 10
  ncomp 1
  nvec 1
  epsrel 0
  epsabs 0
  flags 10
  seed 123456
  mineval 50000000
  maxeval 50000000
  nstart 1000000
  nincrease 1000000
  nbatch 5000
  gridno 0
  statefile ""

Iteration 1:  1000000 integrand evaluations so far
[1] -133.246 +- 197.087  	chisq 0 (0 df)

Iteration 2:  3000000 integrand evaluations so far
[1] -106.164 +- 145.643  	chisq 0.0415991 (1 df)

Iteration 3:  6000000 integrand evaluations so far
[1] -88.8124 +- 121.167  	chisq 0.0877004 (2 df)

Iteration 4:  10000000 integrand evaluations so far
[1] 34.2363 +- 58.7018  	chisq 1.43529 (3 df)

Iteration 5:  15000000 integrand evaluations so far
[1] 22.4064 +- 49.8067  	chisq 1.58028 (4 df)

Iteration 6:  21000000 integrand evaluations so far
[1] 8.2707 +- 47.7678  	chisq 2.58469 (5 df)

Iteration 7:  28000000 integrand evaluations so far
[1] -25.9238 +- 44.9164  	chisq 7.00901 (6 df)

Iteration 8:  36000000 integrand evaluations so far
[1] -19.3741 +- 44.4535  	chisq 8.04587 (7 df)

Iteration 9:  45000000 integrand evaluations so far
[1] -1.03614 +- 38.2402  	chisq 8.70036 (8 df)

Iteration 10:  55000000 integrand evaluations so far
[1] -19.7679 +- 28.4294  	chisq 9.23681 (9 df)
     -20 ±     28        (3.87mi) ┃Vegas input parameters:
  ndim 8
  ncomp 1
  nvec 1
  epsrel 0
  epsabs 0
  flags 10
  seed 123456
  mineval 5000000
  maxeval 50000000
  nstart 1000000
  nincrease 1000000
  nbatch 5000
  gridno 0
  statefile ""

Iteration 1:  1000000 integrand evaluations so far
[1] 239.524 +- 54.0125  	chisq 0 (0 df)

Iteration 2:  3000000 integrand evaluations so far
[1] 169.608 +- 32.2212  	chisq 2.60133 (1 df)

Iteration 3:  6000000 integrand evaluations so far
[1] 173.443 +- 29.4219  	chisq 2.68658 (2 df)

Iteration 4:  10000000 integrand evaluations so far
[1] 168.222 +- 24.2711  	chisq 2.78518 (3 df)

Iteration 5:  15000000 integrand evaluations so far
[1] 175.093 +- 23.4708  	chisq 4.02084 (4 df)

Iteration 6:  21000000 integrand evaluations so far
[1] 184.704 +- 22.278  	chisq 5.71382 (5 df)

Iteration 7:  28000000 integrand evaluations so far
[1] 210.143 +- 16.4457  	chisq 8.5792 (6 df)

Iteration 8:  36000000 integrand evaluations so far
[1] 207.27 +- 6.13592  	chisq 8.61466 (7 df)

Iteration 9:  45000000 integrand evaluations so far
[1] 214.912 +- 4.63803  	chisq 12.2338 (8 df)

Iteration 10:  55000000 integrand evaluations so far
[1] 215.026 +- 3.56234  	chisq 12.2353 (9 df)
     215 ±    3.6        (1.82mi) ┃     244 ±     29        (14.4mi) ┃
┃   46 -    48 ┃   42 -    43 ┃  247.79 ±  0.062        (3.49mi) ┃-209.743 ±  0.078        (27.2mi) ┃Vegas input parameters:
  ndim 10
  ncomp 1
  nvec 1
  epsrel 0
  epsabs 0
  flags 10
  seed 123456
  mineval 50000000
  maxeval 50000000
  nstart 1000000
  nincrease 1000000
  nbatch 5000
  gridno 0
  statefile ""

Iteration 1:  1000000 integrand evaluations so far
[1] -513.079 +- 519.817  	chisq 0 (0 df)

Iteration 2:  3000000 integrand evaluations so far
[1] 61.2714 +- 131.849  	chisq 1.30476 (1 df)

Iteration 3:  6000000 integrand evaluations so far
[1] 18.6594 +- 47.054  	chisq 1.42446 (2 df)

Iteration 4:  10000000 integrand evaluations so far
[1] 8.92403 +- 36.3841  	chisq 1.53092 (3 df)

Iteration 5:  15000000 integrand evaluations so far
[1] 7.07586 +- 36.3358  	chisq 2.50265 (4 df)

Iteration 6:  21000000 integrand evaluations so far
[1] 11.908 +- 35.8673  	chisq 3.19295 (5 df)

Iteration 7:  28000000 integrand evaluations so far
[1] 10.1286 +- 26.9015  	chisq 3.19858 (6 df)

Iteration 8:  36000000 integrand evaluations so far
[1] 14.7993 +- 23.2759  	chisq 3.31849 (7 df)

Iteration 9:  45000000 integrand evaluations so far
[1] 17.188 +- 22.544  	chisq 3.48865 (8 df)

Iteration 10:  55000000 integrand evaluations so far
[1] 18.9742 +- 22.4619  	chisq 4.35245 (9 df)
      19 ±     22        ( 3.6mi) ┃Vegas input parameters:
  ndim 8
  ncomp 1
  nvec 1
  epsrel 0
  epsabs 0
  flags 10
  seed 123456
  mineval 5000000
  maxeval 50000000
  nstart 1000000
  nincrease 1000000
  nbatch 5000
  gridno 0
  statefile ""

Iteration 1:  1000000 integrand evaluations so far
[1] 235.102 +- 51.347  	chisq 0 (0 df)

Iteration 2:  3000000 integrand evaluations so far
[1] 66.5056 +- 10.5346  	chisq 11.255 (1 df)

Iteration 3:  6000000 integrand evaluations so far
[1] 68.0016 +- 10.4724  	chisq 12.9688 (2 df)

Iteration 4:  10000000 integrand evaluations so far
[1] 83.4387 +- 8.27857  	chisq 18.7617 (3 df)

Iteration 5:  15000000 integrand evaluations so far
[1] 94.1939 +- 8.0151  	chisq 45.7079 (4 df)

Iteration 6:  21000000 integrand evaluations so far
[1] 96.5545 +- 7.95635  	chisq 51.6467 (5 df)

Iteration 7:  28000000 integrand evaluations so far
[1] 111.949 +- 7.50103  	chisq 85.3171 (6 df)

Iteration 8:  36000000 integrand evaluations so far
[1] 153.418 +- 5.73312  	chisq 158.818 (7 df)

Iteration 9:  45000000 integrand evaluations so far
[1] 153.54 +- 5.73222  	chisq 160.265 (8 df)

Iteration 10:  55000000 integrand evaluations so far
[1] 157.015 +- 5.61031  	chisq 169 (9 df)
     157 ±    5.6        ( 1.8mi) ┃     214 ±     23        (36.1mi) ┃
┃   46 -    48 ┃   43 -    44 ┃  265.48 ±   0.11        (3.55mi) ┃ -225.14 ±   0.11        (27.5mi) ┃Vegas input parameters:
  ndim 10
  ncomp 1
  nvec 1
  epsrel 0
  epsabs 0
  flags 10
  seed 123456
  mineval 50000000
  maxeval 50000000
  nstart 1000000
  nincrease 1000000
  nbatch 5000
  gridno 0
  statefile ""

Iteration 1:  1000000 integrand evaluations so far
[1] -164.04 +- 132.305  	chisq 0 (0 df)

Iteration 2:  3000000 integrand evaluations so far
[1] -156.703 +- 91.0445  	chisq 0.00584151 (1 df)

Iteration 3:  6000000 integrand evaluations so far
[1] -96.6573 +- 83.6846  	chisq 2.80954 (2 df)

Iteration 4:  10000000 integrand evaluations so far
[1] -95.0113 +- 83.6655  	chisq 3.65522 (3 df)

Iteration 5:  15000000 integrand evaluations so far
[1] -29.3688 +- 57.0714  	chisq 4.80649 (4 df)

Iteration 6:  21000000 integrand evaluations so far
[1] 4.3646 +- 32.7582  	chisq 5.32752 (5 df)

Iteration 7:  28000000 integrand evaluations so far
[1] 13.7008 +- 32.0736  	chisq 7.2914 (6 df)

Iteration 8:  36000000 integrand evaluations so far
[1] 18.6907 +- 30.9521  	chisq 7.64365 (7 df)

Iteration 9:  45000000 integrand evaluations so far
[1] -3.7863 +- 27.2393  	chisq 9.98206 (8 df)

Iteration 10:  55000000 integrand evaluations so far
[1] -1.98157 +- 27.1392  	chisq 10.5806 (9 df)
      -2 ±     27        (3.62mi) ┃Vegas input parameters:
  ndim 8
  ncomp 1
  nvec 1
  epsrel 0
  epsabs 0
  flags 10
  seed 123456
  mineval 5000000
  maxeval 50000000
  nstart 1000000
  nincrease 1000000
  nbatch 5000
  gridno 0
  statefile ""

Iteration 1:  1000000 integrand evaluations so far
[1] 215.519 +- 47.4676  	chisq 0 (0 df)

Iteration 2:  3000000 integrand evaluations so far
[1] 132.935 +- 24.163  	chisq 4.08565 (1 df)

Iteration 3:  6000000 integrand evaluations so far
[1] 135.288 +- 24.0148  	chisq 4.86156 (2 df)

Iteration 4:  10000000 integrand evaluations so far
[1] 140.288 +- 23.3009  	chisq 5.60167 (3 df)

Iteration 5:  15000000 integrand evaluations so far
[1] 149.132 +- 21.6117  	chisq 6.63262 (4 df)

Iteration 6:  21000000 integrand evaluations so far
[1] 171.102 +- 16.1494  	chisq 8.97279 (5 df)

Iteration 7:  28000000 integrand evaluations so far
[1] 185.502 +- 8.56264  	chisq 10.0789 (6 df)

Iteration 8:  36000000 integrand evaluations so far
[1] 196.128 +- 5.11641  	chisq 12.4741 (7 df)

Iteration 9:  45000000 integrand evaluations so far
[1] 203.388 +- 3.61109  	chisq 16.4855 (8 df)

Iteration 10:  55000000 integrand evaluations so far
[1] 207.96 +- 2.88158  	chisq 20.8998 (9 df)
     208 ±    2.9        (1.81mi) ┃     246 ±     27        (36.5mi) ┃
┃   46 -    48 ┃   44 -    45 ┃  270.39 ±   0.17        (1.71mi) ┃ -228.31 ±    0.2        (13.6mi) ┃Vegas input parameters:
  ndim 10
  ncomp 1
  nvec 1
  epsrel 0
  epsabs 0
  flags 10
  seed 123456
  mineval 50000000
  maxeval 50000000
  nstart 1000000
  nincrease 1000000
  nbatch 5000
  gridno 0
  statefile ""

Iteration 1:  1000000 integrand evaluations so far
[1] -14.2339 +- 201.511  	chisq 0 (0 df)

Iteration 2:  3000000 integrand evaluations so far
[1] -22.5693 +- 49.9488  	chisq 0.001823 (1 df)

Iteration 3:  6000000 integrand evaluations so far
[1] 8.06699 +- 38.0701  	chisq 0.899515 (2 df)

Iteration 4:  10000000 integrand evaluations so far
[1] 14.5851 +- 32.5971  	chisq 1.00937 (3 df)

Iteration 5:  15000000 integrand evaluations so far
[1] 21.63 +- 32.1004  	chisq 2.55376 (4 df)

Iteration 6:  21000000 integrand evaluations so far
[1] 9.05398 +- 30.1658  	chisq 3.86671 (5 df)

Iteration 7:  28000000 integrand evaluations so far
[1] 7.93044 +- 30.1488  	chisq 5.09546 (6 df)

Iteration 8:  36000000 integrand evaluations so far
[1] 9.90331 +- 29.7793  	chisq 5.27123 (7 df)

Iteration 9:  45000000 integrand evaluations so far
[1] 10.4548 +- 29.7731  	chisq 6.10313 (8 df)

Iteration 10:  55000000 integrand evaluations so far
[1] 10.0287 +- 29.7703  	chisq 7.16774 (9 df)
      10 ±     30        (3.62mi) ┃Vegas input parameters:
  ndim 8
  ncomp 1
  nvec 1
  epsrel 0
  epsabs 0
  flags 10
  seed 123456
  mineval 5000000
  maxeval 50000000
  nstart 1000000
  nincrease 1000000
  nbatch 5000
  gridno 0
  statefile ""

Iteration 1:  1000000 integrand evaluations so far
[1] 201.532 +- 51.5452  	chisq 0 (0 df)

Iteration 2:  3000000 integrand evaluations so far
[1] 48.1638 +- 8.95717  	chisq 9.12875 (1 df)

Iteration 3:  6000000 integrand evaluations so far
[1] 49.8625 +- 8.89866  	chisq 11.8908 (2 df)

Iteration 4:  10000000 integrand evaluations so far
[1] 52.6686 +- 8.83732  	chisq 19.1292 (3 df)

Iteration 5:  15000000 integrand evaluations so far
[1] 56.4822 +- 8.73113  	chisq 26.9244 (4 df)

Iteration 6:  21000000 integrand evaluations so far
[1] 92.7605 +- 6.47504  	chisq 65.288 (5 df)

Iteration 7:  28000000 integrand evaluations so far
[1] 99.3996 +- 6.3148  	chisq 86.7958 (6 df)

Iteration 8:  36000000 integrand evaluations so far
[1] 132.028 +- 5.18009  	chisq 168.418 (7 df)

Iteration 9:  45000000 integrand evaluations so far
[1] 164.76 +- 4.05523  	chisq 271.546 (8 df)

Iteration 10:  55000000 integrand evaluations so far
[1] 187.069 +- 3.13762  	chisq 346.956 (9 df)
   187.1 ±    3.1        (1.82mi) ┃     239 ±     30        (20.8mi) ┃
┃   46 -    48 ┃   45 -    46 ┃  234.12 ±   0.19        (3.42mi) ┃-198.872 ±  0.082        (27.1mi) ┃Vegas input parameters:
  ndim 10
  ncomp 1
  nvec 1
  epsrel 0
  epsabs 0
  flags 10
  seed 123456
  mineval 50000000
  maxeval 50000000
  nstart 1000000
  nincrease 1000000
  nbatch 5000
  gridno 0
  statefile ""

Iteration 1:  1000000 integrand evaluations so far
[1] -1294.66 +- 1400.15  	chisq 0 (0 df)

Iteration 2:  3000000 integrand evaluations so far
[1] -99.6619 +- 1110.18  	chisq 1.96182 (1 df)

Iteration 3:  6000000 integrand evaluations so far
[1] 118.586 +- 112.702  	chisq 2.00087 (2 df)

Iteration 4:  10000000 integrand evaluations so far
[1] 75.2952 +- 39.2568  	chisq 2.16879 (3 df)

Iteration 5:  15000000 integrand evaluations so far
[1] 53.135 +- 36.9474  	chisq 4.95926 (4 df)

Iteration 6:  21000000 integrand evaluations so far
[1] 38.7798 +- 33.8984  	chisq 5.91324 (5 df)

Iteration 7:  28000000 integrand evaluations so far
[1] 38.6443 +- 33.5862  	chisq 5.91411 (6 df)

Iteration 8:  36000000 integrand evaluations so far
[1] 24.3747 +- 30.7478  	chisq 7.0292 (7 df)

Iteration 9:  45000000 integrand evaluations so far
[1] 27.1096 +- 30.3041  	chisq 7.30527 (8 df)

Iteration 10:  55000000 integrand evaluations so far
[1] 21.4917 +- 28.7955  	chisq 7.65928 (9 df)
      21 ±     29        (3.68mi) ┃Vegas input parameters:
  ndim 8
  ncomp 1
  nvec 1
  epsrel 0
  epsabs 0
  flags 10
  seed 123456
  mineval 5000000
  maxeval 50000000
  nstart 1000000
  nincrease 1000000
  nbatch 5000
  gridno 0
  statefile ""

Iteration 1:  1000000 integrand evaluations so far
[1] 319.378 +- 66.6916  	chisq 0 (0 df)

Iteration 2:  3000000 integrand evaluations so far
[1] 147.379 +- 25.9694  	chisq 7.8402 (1 df)

Iteration 3:  6000000 integrand evaluations so far
[1] 158.348 +- 25.2316  	chisq 11.0252 (2 df)

Iteration 4:  10000000 integrand evaluations so far
[1] 147.736 +- 16.399  	chisq 11.3314 (3 df)

Iteration 5:  15000000 integrand evaluations so far
[1] 164.361 +- 11.6974  	chisq 13.4237 (4 df)

Iteration 6:  21000000 integrand evaluations so far
[1] 181.7 +- 8.96582  	chisq 18.7502 (5 df)

Iteration 7:  28000000 integrand evaluations so far
[1] 191.671 +- 7.92942  	chisq 24.4277 (6 df)

Iteration 8:  36000000 integrand evaluations so far
[1] 205.299 +- 6.15185  	chisq 31.8472 (7 df)

Iteration 9:  45000000 integrand evaluations so far
[1] 209.896 +- 4.12439  	chisq 32.8617 (8 df)

Iteration 10:  55000000 integrand evaluations so far
[1] 210.939 +- 2.99109  	chisq 32.9966 (9 df)
   210.9 ±      3        (1.84mi) ┃     268 ±     29        (  36mi) ┃
┃   46 -    48 ┃   46 -    47 ┃  260.51 ±   0.23        ( 3.6mi) ┃-220.336 ±  0.094        (27.3mi) ┃Vegas input parameters:
  ndim 10
  ncomp 1
  nvec 1
  epsrel 0
  epsabs 0
  flags 10
  seed 123456
  mineval 50000000
  maxeval 50000000
  nstart 1000000
  nincrease 1000000
  nbatch 5000
  gridno 0
  statefile ""

Iteration 1:  1000000 integrand evaluations so far
[1] -86.1674 +- 143.825  	chisq 0 (0 df)

Iteration 2:  3000000 integrand evaluations so far
[1] -97.9989 +- 143.044  	chisq 0.625113 (1 df)

Iteration 3:  6000000 integrand evaluations so far
[1] 18.7092 +- 63.7538  	chisq 1.4558 (2 df)

Iteration 4:  10000000 integrand evaluations so far
[1] 28.2392 +- 53.9342  	chisq 1.53438 (3 df)

Iteration 5:  15000000 integrand evaluations so far
[1] 21.1903 +- 53.6992  	chisq 3.49902 (4 df)

Iteration 6:  21000000 integrand evaluations so far
[1] 27.5878 +- 48.4665  	chisq 3.57558 (5 df)

Iteration 7:  28000000 integrand evaluations so far
[1] 18.5981 +- 46.2593  	chisq 3.96211 (6 df)

Iteration 8:  36000000 integrand evaluations so far
[1] -11.8324 +- 36.947  	chisq 5.15721 (7 df)

Iteration 9:  45000000 integrand evaluations so far
[1] -19.7421 +- 29.928  	chisq 5.29049 (8 df)

Iteration 10:  55000000 integrand evaluations so far
[1] -17.2183 +- 29.0589  	chisq 5.41473 (9 df)
     -17 ±     29        (3.64mi) ┃Vegas input parameters:
  ndim 8
  ncomp 1
  nvec 1
  epsrel 0
  epsabs 0
  flags 10
  seed 123456
  mineval 5000000
  maxeval 50000000
  nstart 1000000
  nincrease 1000000
  nbatch 5000
  gridno 0
  statefile ""

Iteration 1:  1000000 integrand evaluations so far
[1] 194.987 +- 50.0823  	chisq 0 (0 df)

Iteration 2:  3000000 integrand evaluations so far
[1] 33.3506 +- 5.66066  	chisq 10.551 (1 df)

Iteration 3:  6000000 integrand evaluations so far
[1] 34.0931 +- 5.64579  	chisq 13.829 (2 df)

Iteration 4:  10000000 integrand evaluations so far
[1] 36.3253 +- 5.58828  	chisq 21.5418 (3 df)

Iteration 5:  15000000 integrand evaluations so far
[1] 40.5695 +- 5.51926  	chisq 45.0389 (4 df)

Iteration 6:  21000000 integrand evaluations so far
[1] 50.8652 +- 5.3312  	chisq 96.9854 (5 df)

Iteration 7:  28000000 integrand evaluations so far
[1] 65.0115 +- 5.11354  	chisq 185.014 (6 df)

Iteration 8:  36000000 integrand evaluations so far
[1] 88.9548 +- 4.67998  	chisq 320.028 (7 df)

Iteration 9:  45000000 integrand evaluations so far
[1] 109.482 +- 4.26445  	chisq 433.395 (8 df)

Iteration 10:  55000000 integrand evaluations so far
[1] 144.403 +- 3.41937  	chisq 621.199 (9 df)
   144.4 ±    3.4        (1.81mi) ┃     167 ±     29        (36.3mi) ┃
┃   46 -    48 ┃   47 -    48 ┃   238.6 ±   0.19        (1.75mi) ┃ -201.04 ±   0.19        (13.5mi) ┃Vegas input parameters:
  ndim 10
  ncomp 1
  nvec 1
  epsrel 0
  epsabs 0
  flags 10
  seed 123456
  mineval 50000000
  maxeval 50000000
  nstart 1000000
  nincrease 1000000
  nbatch 5000
  gridno 0
  statefile ""

Iteration 1:  1000000 integrand evaluations so far
[1] 37.1875 +- 135.783  	chisq 0 (0 df)

Iteration 2:  3000000 integrand evaluations so far
[1] 36.6042 +- 55.9525  	chisq 2.22258e-05 (1 df)

Iteration 3:  6000000 integrand evaluations so far
[1] 19.4544 +- 53.2721  	chisq 1.00463 (2 df)

Iteration 4:  10000000 integrand evaluations so far
[1] 8.84375 +- 51.7004  	chisq 1.68702 (3 df)

Iteration 5:  15000000 integrand evaluations so far
[1] -6.76143 +- 33.8399  	chisq 1.84642 (4 df)

Iteration 6:  21000000 integrand evaluations so far
[1] 2.28403 +- 29.7553  	chisq 2.1614 (5 df)

Iteration 7:  28000000 integrand evaluations so far
[1] 12.2254 +- 24.2747  	chisq 2.49516 (6 df)

Iteration 8:  36000000 integrand evaluations so far
[1] 4.83798 +- 21.8113  	chisq 2.97586 (7 df)

Iteration 9:  45000000 integrand evaluations so far
[1] 10.681 +- 21.2041  	chisq 4.28294 (8 df)

Iteration 10:  55000000 integrand evaluations so far
[1] -2.06557 +- 19.3299  	chisq 6.42172 (9 df)
      -2 ±     19        (3.61mi) ┃Vegas input parameters:
  ndim 8
  ncomp 1
  nvec 1
  epsrel 0
  epsabs 0
  flags 10
  seed 123456
  mineval 5000000
  maxeval 50000000
  nstart 1000000
  nincrease 1000000
  nbatch 5000
  gridno 0
  statefile ""

Iteration 1:  1000000 integrand evaluations so far
[1] 174.086 +- 44.1887  	chisq 0 (0 df)

Iteration 2:  3000000 integrand evaluations so far
[1] 150.143 +- 32.6307  	chisq 0.64564 (1 df)

Iteration 3:  6000000 integrand evaluations so far
[1] 148.705 +- 28.963  	chisq 0.654791 (2 df)

Iteration 4:  10000000 integrand evaluations so far
[1] 156.335 +- 22.16  	chisq 0.822141 (3 df)

Iteration 5:  15000000 integrand evaluations so far
[1] 151.726 +- 10.8255  	chisq 0.878945 (4 df)

Iteration 6:  21000000 integrand evaluations so far
[1] 163.731 +- 9.51428  	chisq 6.28265 (5 df)

Iteration 7:  28000000 integrand evaluations so far
[1] 169.513 +- 7.07846  	chisq 7.10965 (6 df)

Iteration 8:  36000000 integrand evaluations so far
[1] 183.406 +- 5.49337  	chisq 16.7962 (7 df)

Iteration 9:  45000000 integrand evaluations so far
[1] 192.665 +- 4.54301  	chisq 25.7833 (8 df)

Iteration 10:  55000000 integrand evaluations so far
[1] 196.113 +- 4.23803  	chisq 30.2241 (9 df)
   196.1 ±    4.2        (1.81mi) ┃     232 ±     20        (20.7mi) ┃
┃   46 -    48 ┃   48 -    49 ┃  249.97 ±   0.11        (6.36mi) ┃ -212.14 ±   0.18        (26.7mi) ┃Vegas input parameters:
  ndim 10
  ncomp 1
  nvec 1
  epsrel 0
  epsabs 0
  flags 10
  seed 123456
  mineval 50000000
  maxeval 50000000
  nstart 1000000
  nincrease 1000000
  nbatch 5000
  gridno 0
  statefile ""

Iteration 1:  1000000 integrand evaluations so far
[1] -68.4831 +- 126.797  	chisq 0 (0 df)

Iteration 2:  3000000 integrand evaluations so far
[1] 14.013 +- 80.7123  	chisq 0.711651 (1 df)

Iteration 3:  6000000 integrand evaluations so far
[1] 59.8368 +- 67.9052  	chisq 1.81488 (2 df)

Iteration 4:  10000000 integrand evaluations so far
[1] 30.6517 +- 46.4115  	chisq 2.16154 (3 df)

Iteration 5:  15000000 integrand evaluations so far
[1] 44.0862 +- 42.4924  	chisq 2.67954 (4 df)

Iteration 6:  21000000 integrand evaluations so far
[1] 47.2204 +- 42.3772  	chisq 3.68413 (5 df)

Iteration 7:  28000000 integrand evaluations so far
[1] 21.3915 +- 39.906  	chisq 6.96499 (6 df)

Iteration 8:  36000000 integrand evaluations so far
[1] 19.9943 +- 39.8844  	chisq 8.10055 (7 df)

Iteration 9:  45000000 integrand evaluations so far
[1] 15.5294 +- 33.9123  	chisq 8.14578 (8 df)

Iteration 10:  55000000 integrand evaluations so far
[1] 11.1837 +- 32.4944  	chisq 8.34634 (9 df)
      11 ±     32        (3.66mi) ┃Vegas input parameters:
  ndim 8
  ncomp 1
  nvec 1
  epsrel 0
  epsabs 0
  flags 10
  seed 123456
  mineval 5000000
  maxeval 50000000
  nstart 1000000
  nincrease 1000000
  nbatch 5000
  gridno 0
  statefile ""

Iteration 1:  1000000 integrand evaluations so far
[1] 190.566 +- 51.1375  	chisq 0 (0 df)

Iteration 2:  3000000 integrand evaluations so far
[1] 69.3964 +- 21.2354  	chisq 6.78438 (1 df)

Iteration 3:  6000000 integrand evaluations so far
[1] 76.3567 +- 20.5641  	chisq 8.51093 (2 df)

Iteration 4:  10000000 integrand evaluations so far
[1] 83.7193 +- 19.5097  	chisq 9.79377 (3 df)

Iteration 5:  15000000 integrand evaluations so far
[1] 111.96 +- 14.8599  	chisq 14.7841 (4 df)

Iteration 6:  21000000 integrand evaluations so far
[1] 139.606 +- 11.749  	chisq 24.0177 (5 df)

Iteration 7:  28000000 integrand evaluations so far
[1] 158.763 +- 8.82055  	chisq 30.1101 (6 df)

Iteration 8:  36000000 integrand evaluations so far
[1] 172.368 +- 7.24925  	chisq 37.4406 (7 df)

Iteration 9:  45000000 integrand evaluations so far
[1] 183.396 +- 6.37322  	chisq 47.6324 (8 df)

Iteration 10:  55000000 integrand evaluations so far
[1] 193.531 +- 4.79148  	chisq 53.4486 (9 df)
   193.5 ±    4.8        (1.82mi) ┃     243 ±     33        (38.5mi) ┃
┃   46 -    48 ┃   49 -    50 ┃  228.28 ±   0.16        (3.02mi) ┃ -192.86 ±   0.15        (6.93mi) ┃Vegas input parameters:
  ndim 10
  ncomp 1
  nvec 1
  epsrel 0
  epsabs 0
  flags 10
  seed 123456
  mineval 50000000
  maxeval 50000000
  nstart 1000000
  nincrease 1000000
  nbatch 5000
  gridno 0
  statefile ""

Iteration 1:  1000000 integrand evaluations so far
[1] -539.779 +- 407.811  	chisq 0 (0 df)

Iteration 2:  3000000 integrand evaluations so far
[1] -71.0228 +- 100.548  	chisq 1.40674 (1 df)

Iteration 3:  6000000 integrand evaluations so far
[1] -58.0568 +- 53.3319  	chisq 1.42988 (2 df)

Iteration 4:  10000000 integrand evaluations so far
[1] -34.9785 +- 32.6317  	chisq 1.72919 (3 df)

Iteration 5:  15000000 integrand evaluations so far
[1] -46.0396 +- 30.0856  	chisq 2.49536 (4 df)

Iteration 6:  21000000 integrand evaluations so far
[1] -37.4242 +- 27.7216  	chisq 3.03853 (5 df)

Iteration 7:  28000000 integrand evaluations so far
[1] -28.9121 +- 24.8477  	chisq 3.5181 (6 df)

Iteration 8:  36000000 integrand evaluations so far
[1] -28.1911 +- 24.8377  	chisq 4.56712 (7 df)

Iteration 9:  45000000 integrand evaluations so far
[1] -26.1329 +- 20.1008  	chisq 4.58702 (8 df)

Iteration 10:  55000000 integrand evaluations so far
[1] -25.0312 +- 19.6857  	chisq 4.66051 (9 df)
     -25 ±     20        (3.66mi) ┃Vegas input parameters:
  ndim 8
  ncomp 1
  nvec 1
  epsrel 0
  epsabs 0
  flags 10
  seed 123456
  mineval 5000000
  maxeval 50000000
  nstart 1000000
  nincrease 1000000
  nbatch 5000
  gridno 0
  statefile ""

Iteration 1:  1000000 integrand evaluations so far
[1] 186.476 +- 46.6434  	chisq 0 (0 df)

Iteration 2:  3000000 integrand evaluations so far
[1] 167.428 +- 37.1612  	chisq 0.456583 (1 df)

Iteration 3:  6000000 integrand evaluations so far
[1] 169.986 +- 37.0207  	chisq 1.08453 (2 df)

Iteration 4:  10000000 integrand evaluations so far
[1] 101.711 +- 16.4459  	chisq 5.32193 (3 df)

Iteration 5:  15000000 integrand evaluations so far
[1] 114.313 +- 15.4457  	chisq 10.3006 (4 df)

Iteration 6:  21000000 integrand evaluations so far
[1] 130.436 +- 13.7229  	chisq 15.4732 (5 df)

Iteration 7:  28000000 integrand evaluations so far
[1] 155.317 +- 10.6818  	chisq 23.8148 (6 df)

Iteration 8:  36000000 integrand evaluations so far
[1] 169.031 +- 9.71234  	chisq 33.3262 (7 df)

Iteration 9:  45000000 integrand evaluations so far
[1] 174.279 +- 9.32685  	chisq 37.0799 (8 df)

Iteration 10:  55000000 integrand evaluations so far
[1] 194.79 +- 7.16412  	chisq 48.875 (9 df)
   194.8 ±    7.2        (1.84mi) ┃     205 ±     21        (15.4mi) ┃
┃   46 -    48 ┃   50 -    51 ┃ 208.487 ±  0.047        (6.48mi) ┃ -178.91 ±   0.17        ( 53.4s) ┃Vegas input parameters:
  ndim 10
  ncomp 1
  nvec 1
  epsrel 0
  epsabs 0
  flags 10
  seed 123456
  mineval 50000000
  maxeval 50000000
  nstart 1000000
  nincrease 1000000
  nbatch 5000
  gridno 0
  statefile ""

Iteration 1:  1000000 integrand evaluations so far
[1] -165.8 +- 148.168  	chisq 0 (0 df)

Iteration 2:  3000000 integrand evaluations so far
[1] -219.755 +- 136.669  	chisq 0.888795 (1 df)

Iteration 3:  6000000 integrand evaluations so far
[1] -16.6592 +- 59.8398  	chisq 3.6209 (2 df)

Iteration 4:  10000000 integrand evaluations so far
[1] -4.76011 +- 58.3299  	chisq 4.41447 (3 df)

Iteration 5:  15000000 integrand evaluations so far
[1] 22.658 +- 37.6326  	chisq 4.79297 (4 df)

Iteration 6:  21000000 integrand evaluations so far
[1] 22.9183 +- 29.0532  	chisq 4.79309 (5 df)

Iteration 7:  28000000 integrand evaluations so far
[1] 21.1069 +- 26.5734  	chisq 4.81687 (6 df)

Iteration 8:  36000000 integrand evaluations so far
[1] 19.0702 +- 26.465  	chisq 5.53896 (7 df)

Iteration 9:  45000000 integrand evaluations so far
[1] 15.2782 +- 25.79  	chisq 5.94662 (8 df)

Iteration 10:  55000000 integrand evaluations so far
[1] 20.2497 +- 24.9371  	chisq 6.51787 (9 df)
      20 ±     25        (3.61mi) ┃Vegas input parameters:
  ndim 8
  ncomp 1
  nvec 1
  epsrel 0
  epsabs 0
  flags 10
  seed 123456
  mineval 5000000
  maxeval 50000000
  nstart 1000000
  nincrease 1000000
  nbatch 5000
  gridno 0
  statefile ""

Iteration 1:  1000000 integrand evaluations so far
[1] 141.467 +- 38.2737  	chisq 0 (0 df)

Iteration 2:  3000000 integrand evaluations so far
[1] 106.092 +- 23.4206  	chisq 1.36561 (1 df)

Iteration 3:  6000000 integrand evaluations so far
[1] 109.391 +- 21.9451  	chisq 1.52816 (2 df)

Iteration 4:  10000000 integrand evaluations so far
[1] 125.412 +- 17.3063  	chisq 2.9379 (3 df)

Iteration 5:  15000000 integrand evaluations so far
[1] 146.245 +- 13.8829  	chisq 7.00269 (4 df)

Iteration 6:  21000000 integrand evaluations so far
[1] 155.581 +- 9.00242  	chisq 7.78295 (5 df)

Iteration 7:  28000000 integrand evaluations so far
[1] 165.719 +- 5.73727  	chisq 9.91862 (6 df)

Iteration 8:  36000000 integrand evaluations so far
[1] 175.326 +- 3.87815  	chisq 15.0821 (7 df)

Iteration 9:  45000000 integrand evaluations so far
[1] 175.17 +- 2.55967  	chisq 15.085 (8 df)

Iteration 10:  55000000 integrand evaluations so far
[1] 175.365 +- 2.31366  	chisq 15.117 (9 df)
   175.4 ±    2.3        (1.83mi) ┃     225 ±     25        (12.8mi) ┃
┃   46 -    48 ┃   51 -    52 ┃  251.55 ±   0.08        (6.49mi) ┃ -212.62 ±   0.19        (26.6mi) ┃Vegas input parameters:
  ndim 10
  ncomp 1
  nvec 1
  epsrel 0
  epsabs 0
  flags 10
  seed 123456
  mineval 50000000
  maxeval 50000000
  nstart 1000000
  nincrease 1000000
  nbatch 5000
  gridno 0
  statefile ""

Iteration 1:  1000000 integrand evaluations so far
[1] 61.614 +- 86.7224  	chisq 0 (0 df)

Iteration 2:  3000000 integrand evaluations so far
[1] 11.6059 +- 82.0595  	chisq 3.17756 (1 df)

Iteration 3:  6000000 integrand evaluations so far
[1] -2.31604 +- 81.1807  	chisq 4.52862 (2 df)

Iteration 4:  10000000 integrand evaluations so far
[1] -3.34903 +- 27.6793  	chisq 4.5288 (3 df)

Iteration 5:  15000000 integrand evaluations so far
[1] -15.3084 +- 26.4567  	chisq 6.68975 (4 df)

Iteration 6:  21000000 integrand evaluations so far
[1] -30.5401 +- 23.9673  	chisq 8.53798 (5 df)

Iteration 7:  28000000 integrand evaluations so far
[1] -33.3515 +- 23.863  	chisq 10.1223 (6 df)

Iteration 8:  36000000 integrand evaluations so far
[1] -43.0554 +- 14.7654  	chisq 10.3902 (7 df)

Iteration 9:  45000000 integrand evaluations so far
[1] -42.9144 +- 14.6606  	chisq 10.3967 (8 df)

Iteration 10:  55000000 integrand evaluations so far
[1] -43.8286 +- 14.6281  	chisq 11.2756 (9 df)
     -44 ±     15        (3.64mi) ┃Vegas input parameters:
  ndim 8
  ncomp 1
  nvec 1
  epsrel 0
  epsabs 0
  flags 10
  seed 123456
  mineval 5000000
  maxeval 50000000
  nstart 1000000
  nincrease 1000000
  nbatch 5000
  gridno 0
  statefile ""

Iteration 1:  1000000 integrand evaluations so far
[1] 225.498 +- 52.2076  	chisq 0 (0 df)

Iteration 2:  3000000 integrand evaluations so far
[1] 65.4617 +- 14.6554  	chisq 10.2003 (1 df)

Iteration 3:  6000000 integrand evaluations so far
[1] 75.0643 +- 13.985  	chisq 15.0025 (2 df)

Iteration 4:  10000000 integrand evaluations so far
[1] 79.2768 +- 13.7239  	chisq 17.4556 (3 df)

Iteration 5:  15000000 integrand evaluations so far
[1] 84.9842 +- 13.4983  	chisq 22.7606 (4 df)

Iteration 6:  21000000 integrand evaluations so far
[1] 110.701 +- 10.9804  	chisq 33.4911 (5 df)

Iteration 7:  28000000 integrand evaluations so far
[1] 127.247 +- 9.96226  	chisq 46.3287 (6 df)

Iteration 8:  36000000 integrand evaluations so far
[1] 152.561 +- 8.27642  	chisq 67.1692 (7 df)

Iteration 9:  45000000 integrand evaluations so far
[1] 179.084 +- 5.47926  	chisq 85.4522 (8 df)

Iteration 10:  55000000 integrand evaluations so far
[1] 191.692 +- 3.45936  	chisq 94.2572 (9 df)
   191.7 ±    3.5        (1.81mi) ┃     187 ±     15        (38.5mi) ┃
┃   46 -    48 ┃   52 -    53 ┃ 204.547 ±  0.033        (6.34mi) ┃-173.325 ±  0.073        (6.94mi) ┃Vegas input parameters:
  ndim 10
  ncomp 1
  nvec 1
  epsrel 0
  epsabs 0
  flags 10
  seed 123456
  mineval 50000000
  maxeval 50000000
  nstart 1000000
  nincrease 1000000
  nbatch 5000
  gridno 0
  statefile ""

Iteration 1:  1000000 integrand evaluations so far
[1] -0.434547 +- 90.5204  	chisq 0 (0 df)

Iteration 2:  3000000 integrand evaluations so far
[1] 7.69104 +- 52.8527  	chisq 0.0122257 (1 df)

Iteration 3:  6000000 integrand evaluations so far
[1] -22.0259 +- 27.1985  	chisq 0.442237 (2 df)

Iteration 4:  10000000 integrand evaluations so far
[1] -15.2293 +- 26.5093  	chisq 1.69035 (3 df)

Iteration 5:  15000000 integrand evaluations so far
[1] -15.0673 +- 24.8905  	chisq 1.69066 (4 df)

Iteration 6:  21000000 integrand evaluations so far
[1] 0.367753 +- 22.8616  	chisq 4.14964 (5 df)

Iteration 7:  28000000 integrand evaluations so far
[1] 6.15469 +- 22.3798  	chisq 5.686 (6 df)

Iteration 8:  36000000 integrand evaluations so far
[1] 4.04462 +- 21.4917  	chisq 5.80028 (7 df)

Iteration 9:  45000000 integrand evaluations so far
[1] 3.21085 +- 21.4729  	chisq 6.6618 (8 df)

Iteration 10:  55000000 integrand evaluations so far
[1] 3.8001 +- 21.4687  	chisq 8.60612 (9 df)
       4 ±     21        (3.63mi) ┃Vegas input parameters:
  ndim 8
  ncomp 1
  nvec 1
  epsrel 0
  epsabs 0
  flags 10
  seed 123456
  mineval 5000000
  maxeval 50000000
  nstart 1000000
  nincrease 1000000
  nbatch 5000
  gridno 0
  statefile ""

Iteration 1:  1000000 integrand evaluations so far
[1] 146.131 +- 37.2429  	chisq 0 (0 df)

Iteration 2:  3000000 integrand evaluations so far
[1] 145.275 +- 34.0081  	chisq 0.00317555 (1 df)

Iteration 3:  6000000 integrand evaluations so far
[1] 118.937 +- 23.8914  	chisq 1.18746 (2 df)

Iteration 4:  10000000 integrand evaluations so far
[1] 86.5101 +- 13.1001  	chisq 3.82159 (3 df)

Iteration 5:  15000000 integrand evaluations so far
[1] 95.2249 +- 8.01793  	chisq 4.52924 (4 df)

Iteration 6:  21000000 integrand evaluations so far
[1] 105.982 +- 7.46056  	chisq 17.9406 (5 df)

Iteration 7:  28000000 integrand evaluations so far
[1] 116.045 +- 7.06852  	chisq 35.7188 (6 df)

Iteration 8:  36000000 integrand evaluations so far
[1] 136.134 +- 6.08462  	chisq 66.905 (7 df)

Iteration 9:  45000000 integrand evaluations so far
[1] 157.457 +- 4.94948  	chisq 103.204 (8 df)

Iteration 10:  55000000 integrand evaluations so far
[1] 174.259 +- 3.75558  	chisq 130.368 (9 df)
   174.3 ±    3.8        (1.79mi) ┃     209 ±     22        (18.7mi) ┃
┃   46 -    48 ┃   53 -    54 ┃  218.24 ±   0.17        ( 3.4mi) ┃-185.507 ±  0.035        (6.67mi) ┃Vegas input parameters:
  ndim 10
  ncomp 1
  nvec 1
  epsrel 0
  epsabs 0
  flags 10
  seed 123456
  mineval 50000000
  maxeval 50000000
  nstart 1000000
  nincrease 1000000
  nbatch 5000
  gridno 0
  statefile ""

Iteration 1:  1000000 integrand evaluations so far
[1] -202.541 +- 123.363  	chisq 0 (0 df)

Iteration 2:  3000000 integrand evaluations so far
[1] -130.267 +- 95.7832  	chisq 0.864227 (1 df)

Iteration 3:  6000000 integrand evaluations so far
[1] -117.109 +- 95.4571  	chisq 3.6405 (2 df)

Iteration 4:  10000000 integrand evaluations so far
[1] -103.903 +- 79.2475  	chisq 3.70208 (3 df)

Iteration 5:  15000000 integrand evaluations so far
[1] -29.5711 +- 61.9899  	chisq 5.96892 (4 df)

Iteration 6:  21000000 integrand evaluations so far
[1] -49.1145 +- 49.2079  	chisq 6.23764 (5 df)

Iteration 7:  28000000 integrand evaluations so far
[1] -15.8992 +- 39.2152  	chisq 7.48625 (6 df)

Iteration 8:  36000000 integrand evaluations so far
[1] -21.3933 +- 35.9506  	chisq 7.60926 (7 df)

Iteration 9:  45000000 integrand evaluations so far
[1] -28.3172 +- 35.5339  	chisq 9.21857 (8 df)

Iteration 10:  55000000 integrand evaluations so far
[1] -33.3982 +- 31.7035  	chisq 9.31881 (9 df)
     -33 ±     32        (3.58mi) ┃Vegas input parameters:
  ndim 8
  ncomp 1
  nvec 1
  epsrel 0
  epsabs 0
  flags 10
  seed 123456
  mineval 5000000
  maxeval 50000000
  nstart 1000000
  nincrease 1000000
  nbatch 5000
  gridno 0
  statefile ""

Iteration 1:  1000000 integrand evaluations so far
[1] 307.189 +- 65.4016  	chisq 0 (0 df)

Iteration 2:  3000000 integrand evaluations so far
[1] 141.418 +- 24.3909  	chisq 7.46243 (1 df)

Iteration 3:  6000000 integrand evaluations so far
[1] 149.902 +- 22.4819  	chisq 8.26685 (2 df)

Iteration 4:  10000000 integrand evaluations so far
[1] 156.215 +- 21.9234  	chisq 9.87417 (3 df)

Iteration 5:  15000000 integrand evaluations so far
[1] 140.114 +- 12.8832  	chisq 10.698 (4 df)

Iteration 6:  21000000 integrand evaluations so far
[1] 153.895 +- 10.9857  	chisq 14.8911 (5 df)

Iteration 7:  28000000 integrand evaluations so far
[1] 166.583 +- 8.90629  	chisq 18.7832 (6 df)

Iteration 8:  36000000 integrand evaluations so far
[1] 170.093 +- 5.49037  	chisq 19.0337 (7 df)

Iteration 9:  45000000 integrand evaluations so far
[1] 172.932 +- 5.29705  	chisq 22.8985 (8 df)

Iteration 10:  55000000 integrand evaluations so far
[1] 179.871 +- 4.6836  	chisq 30.7613 (9 df)
   179.9 ±    4.7        (1.78mi) ┃     179 ±     32        (15.4mi) ┃
┃   46 -    48 ┃   54 -    55 ┃ 200.339 ±  0.018        (6.07mi) ┃-168.986 ±  0.028        (26.3mi) ┃Vegas input parameters:
  ndim 10
  ncomp 1
  nvec 1
  epsrel 0
  epsabs 0
  flags 10
  seed 123456
  mineval 50000000
  maxeval 50000000
  nstart 1000000
  nincrease 1000000
  nbatch 5000
  gridno 0
  statefile ""

Iteration 1:  1000000 integrand evaluations so far
[1] -149.725 +- 213.522  	chisq 0 (0 df)

Iteration 2:  3000000 integrand evaluations so far
[1] -98.2803 +- 74.4505  	chisq 0.0660825 (1 df)

Iteration 3:  6000000 integrand evaluations so far
[1] -104.745 +- 55.5355  	chisq 0.083079 (2 df)

Iteration 4:  10000000 integrand evaluations so far
[1] -87.1239 +- 53.2056  	chisq 1.30861 (3 df)

Iteration 5:  15000000 integrand evaluations so far
[1] -62.2751 +- 33.8792  	chisq 1.67549 (4 df)

Iteration 6:  21000000 integrand evaluations so far
[1] -65.0776 +- 33.1555  	chisq 1.83738 (5 df)

Iteration 7:  28000000 integrand evaluations so far
[1] -58.1358 +- 32.5097  	chisq 2.97379 (6 df)

Iteration 8:  36000000 integrand evaluations so far
[1] -56.651 +- 32.4636  	chisq 3.7093 (7 df)

Iteration 9:  45000000 integrand evaluations so far
[1] -58.8305 +- 31.9504  	chisq 3.85299 (8 df)

Iteration 10:  55000000 integrand evaluations so far
[1] -54.6223 +- 31.7424  	chisq 5.19003 (9 df)
     -55 ±     32        (3.66mi) ┃Vegas input parameters:
  ndim 8
  ncomp 1
  nvec 1
  epsrel 0
  epsabs 0
  flags 10
  seed 123456
  mineval 5000000
  maxeval 50000000
  nstart 1000000
  nincrease 1000000
  nbatch 5000
  gridno 0
  statefile ""

Iteration 1:  1000000 integrand evaluations so far
[1] 154.488 +- 41.439  	chisq 0 (0 df)

Iteration 2:  3000000 integrand evaluations so far
[1] 158.546 +- 40.7416  	chisq 0.28728 (1 df)

Iteration 3:  6000000 integrand evaluations so far
[1] 32.6028 +- 8.08823  	chisq 10.2353 (2 df)

Iteration 4:  10000000 integrand evaluations so far
[1] 35.6436 +- 7.98165  	chisq 15.6341 (3 df)

Iteration 5:  15000000 integrand evaluations so far
[1] 45.8418 +- 7.64356  	chisq 35.3213 (4 df)

Iteration 6:  21000000 integrand evaluations so far
[1] 71.4614 +- 6.84935  	chisq 92.345 (5 df)

Iteration 7:  28000000 integrand evaluations so far
[1] 95.7059 +- 5.90461  	chisq 141.128 (6 df)

Iteration 8:  36000000 integrand evaluations so far
[1] 133.565 +- 4.29016  	chisq 228.214 (7 df)

Iteration 9:  45000000 integrand evaluations so far
[1] 151.099 +- 3.39064  	chisq 272.713 (8 df)

Iteration 10:  55000000 integrand evaluations so far
[1] 157.038 +- 3.05509  	chisq 289.021 (9 df)
     157 ±    3.1        (1.83mi) ┃     134 ±     32        (37.8mi) ┃
┃   46 -    48 ┃   55 -    56 ┃ 211.419 ±  0.044        (5.93mi) ┃ -180.83 ±   0.12        ( 30.2s) ┃Vegas input parameters:
  ndim 10
  ncomp 1
  nvec 1
  epsrel 0
  epsabs 0
  flags 10
  seed 123456
  mineval 50000000
  maxeval 50000000
  nstart 1000000
  nincrease 1000000
  nbatch 5000
  gridno 0
  statefile ""

Iteration 1:  1000000 integrand evaluations so far
[1] 38.9088 +- 38.2116  	chisq 0 (0 df)

Iteration 2:  3000000 integrand evaluations so far
[1] 35.8525 +- 36.2294  	chisq 0.0633065 (1 df)

Iteration 3:  6000000 integrand evaluations so far
[1] 29.5485 +- 33.0858  	chisq 0.245684 (2 df)

Iteration 4:  10000000 integrand evaluations so far
[1] 5.28342 +- 27.6542  	chisq 2.03037 (3 df)

Iteration 5:  15000000 integrand evaluations so far
[1] 10.5959 +- 26.2062  	chisq 2.39226 (4 df)

Iteration 6:  21000000 integrand evaluations so far
[1] 9.95864 +- 23.7047  	chisq 2.39551 (5 df)

Iteration 7:  28000000 integrand evaluations so far
[1] 4.78259 +- 23.1817  	chisq 3.48808 (6 df)

Iteration 8:  36000000 integrand evaluations so far
[1] 1.08253 +- 21.6627  	chisq 3.68907 (7 df)

Iteration 9:  45000000 integrand evaluations so far
[1] 4.98413 +- 19.833  	chisq 3.88956 (8 df)

Iteration 10:  55000000 integrand evaluations so far
[1] -1.97148 +- 16.5814  	chisq 4.29816 (9 df)
      -2 ±     17        (3.61mi) ┃Vegas input parameters:
  ndim 8
  ncomp 1
  nvec 1
  epsrel 0
  epsabs 0
  flags 10
  seed 123456
  mineval 5000000
  maxeval 50000000
  nstart 1000000
  nincrease 1000000
  nbatch 5000
  gridno 0
  statefile ""

Iteration 1:  1000000 integrand evaluations so far
[1] 148.616 +- 40.8178  	chisq 0 (0 df)

Iteration 2:  3000000 integrand evaluations so far
[1] 154.437 +- 38.583  	chisq 0.190929 (1 df)

Iteration 3:  6000000 integrand evaluations so far
[1] 117.93 +- 26.9475  	chisq 1.93886 (2 df)

Iteration 4:  10000000 integrand evaluations so far
[1] 137.297 +- 23.8198  	chisq 4.30103 (3 df)

Iteration 5:  15000000 integrand evaluations so far
[1] 149.446 +- 21.9719  	chisq 6.04533 (4 df)

Iteration 6:  21000000 integrand evaluations so far
[1] 162.96 +- 16.4122  	chisq 6.90107 (5 df)

Iteration 7:  28000000 integrand evaluations so far
[1] 170.325 +- 12.1151  	chisq 7.34358 (6 df)

Iteration 8:  36000000 integrand evaluations so far
[1] 166.27 +- 5.58587  	chisq 7.48585 (7 df)

Iteration 9:  45000000 integrand evaluations so far
[1] 168 +- 4.78844  	chisq 7.84796 (8 df)

Iteration 10:  55000000 integrand evaluations so far
[1] 171.151 +- 4.38539  	chisq 10.5322 (9 df)
   171.2 ±    4.4        (1.82mi) ┃     200 ±     17        (11.9mi) ┃
┃   46 -    48 ┃   56 -    57 ┃  210.16 ±   0.19        (3.14mi) ┃ -177.39 ±   0.13        (  13mi) ┃Vegas input parameters:
  ndim 10
  ncomp 1
  nvec 1
  epsrel 0
  epsabs 0
  flags 10
  seed 123456
  mineval 50000000
  maxeval 50000000
  nstart 1000000
  nincrease 1000000
  nbatch 5000
  gridno 0
  statefile ""

Iteration 1:  1000000 integrand evaluations so far
[1] 62.4323 +- 106.107  	chisq 0 (0 df)

Iteration 2:  3000000 integrand evaluations so far
[1] 107.714 +- 95.1595  	chisq 0.930614 (1 df)

Iteration 3:  6000000 integrand evaluations so far
[1] 116.83 +- 94.7181  	chisq 1.9221 (2 df)

Iteration 4:  10000000 integrand evaluations so far
[1] -6.72897 +- 48.3343  	chisq 4.22292 (3 df)

Iteration 5:  15000000 integrand evaluations so far
[1] -4.08521 +- 41.6082  	chisq 4.23448 (4 df)

Iteration 6:  21000000 integrand evaluations so far
[1] -35.0425 +- 33.0011  	chisq 5.72685 (5 df)

Iteration 7:  28000000 integrand evaluations so far
[1] -27.9832 +- 31.7694  	chisq 6.35149 (6 df)

Iteration 8:  36000000 integrand evaluations so far
[1] -16.7395 +- 29.7131  	chisq 7.35146 (7 df)

Iteration 9:  45000000 integrand evaluations so far
[1] -19.3384 +- 29.4571  	chisq 7.79742 (8 df)

Iteration 10:  55000000 integrand evaluations so far
[1] -15.7406 +- 27.8837  	chisq 7.94089 (9 df)
     -16 ±     28        (3.66mi) ┃Vegas input parameters:
  ndim 8
  ncomp 1
  nvec 1
  epsrel 0
  epsabs 0
  flags 10
  seed 123456
  mineval 5000000
  maxeval 50000000
  nstart 1000000
  nincrease 1000000
  nbatch 5000
  gridno 0
  statefile ""

Iteration 1:  1000000 integrand evaluations so far
[1] 198.046 +- 51.4287  	chisq 0 (0 df)

Iteration 2:  3000000 integrand evaluations so far
[1] 60.6267 +- 13.0392  	chisq 7.63028 (1 df)

Iteration 3:  6000000 integrand evaluations so far
[1] 66.0558 +- 10.4752  	chisq 8.11917 (2 df)

Iteration 4:  10000000 integrand evaluations so far
[1] 79.4179 +- 8.81246  	chisq 13.6866 (3 df)

Iteration 5:  15000000 integrand evaluations so far
[1] 82.3806 +- 8.68032  	chisq 17.484 (4 df)

Iteration 6:  21000000 integrand evaluations so far
[1] 100.041 +- 7.93527  	chisq 42.678 (5 df)

Iteration 7:  28000000 integrand evaluations so far
[1] 128.032 +- 6.22265  	chisq 74.9918 (6 df)

Iteration 8:  36000000 integrand evaluations so far
[1] 146.561 +- 5.38034  	chisq 110.121 (7 df)

Iteration 9:  45000000 integrand evaluations so far
[1] 165.036 +- 3.94305  	chisq 135.591 (8 df)

Iteration 10:  55000000 integrand evaluations so far
[1] 170.571 +- 3.54607  	chisq 145.897 (9 df)
   170.6 ±    3.5        (1.82mi) ┃     188 ±     28        (21.6mi) ┃
┃   46 -    48 ┃   57 -    58 ┃ 182.039 ±   0.08        (3.14mi) ┃ -153.87 ±   0.15        (12.8mi) ┃Vegas input parameters:
  ndim 10
  ncomp 1
  nvec 1
  epsrel 0
  epsabs 0
  flags 10
  seed 123456
  mineval 50000000
  maxeval 50000000
  nstart 1000000
  nincrease 1000000
  nbatch 5000
  gridno 0
  statefile ""

Iteration 1:  1000000 integrand evaluations so far
[1] -1289.93 +- 916.179  	chisq 0 (0 df)

Iteration 2:  3000000 integrand evaluations so far
[1] 44.4317 +- 46.1102  	chisq 2.12661 (1 df)

Iteration 3:  6000000 integrand evaluations so far
[1] 35.8137 +- 42.4511  	chisq 2.35579 (2 df)

Iteration 4:  10000000 integrand evaluations so far
[1] 40.0544 +- 42.0055  	chisq 2.83372 (3 df)

Iteration 5:  15000000 integrand evaluations so far
[1] 36.9715 +- 40.2157  	chisq 2.89831 (4 df)

Iteration 6:  21000000 integrand evaluations so far
[1] 16.0862 +- 34.1014  	chisq 3.85825 (5 df)

Iteration 7:  28000000 integrand evaluations so far
[1] 12.9463 +- 33.9863  	chisq 5.11591 (6 df)

Iteration 8:  36000000 integrand evaluations so far
[1] 16.7377 +- 33.7762  	chisq 6.12596 (7 df)

Iteration 9:  45000000 integrand evaluations so far
[1] 5.17191 +- 32.7729  	chisq 8.12925 (8 df)

Iteration 10:  55000000 integrand evaluations so far
[1] 5.45948 +- 29.4397  	chisq 8.12965 (9 df)
       5 ±     29        (3.62mi) ┃Vegas input parameters:
  ndim 8
  ncomp 1
  nvec 1
  epsrel 0
  epsabs 0
  flags 10
  seed 123456
  mineval 5000000
  maxeval 50000000
  nstart 1000000
  nincrease 1000000
  nbatch 5000
  gridno 0
  statefile ""

Iteration 1:  1000000 integrand evaluations so far
[1] 296.534 +- 59.1395  	chisq 0 (0 df)

Iteration 2:  3000000 integrand evaluations so far
[1] 97.6154 +- 15.9566  	chisq 12.2018 (1 df)

Iteration 3:  6000000 integrand evaluations so far
[1] 96.1406 +- 8.75329  	chisq 12.214 (2 df)

Iteration 4:  10000000 integrand evaluations so far
[1] 98.5974 +- 8.67033  	chisq 16.3902 (3 df)

Iteration 5:  15000000 integrand evaluations so far
[1] 102.489 +- 8.47067  	chisq 20.8148 (4 df)

Iteration 6:  21000000 integrand evaluations so far
[1] 116.559 +- 7.19227  	chisq 30.7022 (5 df)

Iteration 7:  28000000 integrand evaluations so far
[1] 129.594 +- 6.32339  	chisq 45.1704 (6 df)

Iteration 8:  36000000 integrand evaluations so far
[1] 147.933 +- 4.8064  	chisq 65.0904 (7 df)

Iteration 9:  45000000 integrand evaluations so far
[1] 151.113 +- 4.66459  	chisq 72.6186 (8 df)

Iteration 10:  55000000 integrand evaluations so far
[1] 160.78 +- 4.20068  	chisq 95.3396 (9 df)
   160.8 ±    4.2        (1.81mi) ┃     194 ±     30        (21.4mi) ┃
┃   46 -    48 ┃   58 -    59 ┃ 199.314 ± 0.0057        (6.08mi) ┃-168.304 ±  0.053        (25.4mi) ┃Vegas input parameters:
  ndim 10
  ncomp 1
  nvec 1
  epsrel 0
  epsabs 0
  flags 10
  seed 123456
  mineval 50000000
  maxeval 50000000
  nstart 1000000
  nincrease 1000000
  nbatch 5000
  gridno 0
  statefile ""

Iteration 1:  1000000 integrand evaluations so far
[1] -584.78 +- 1090.76  	chisq 0 (0 df)

Iteration 2:  3000000 integrand evaluations so far
[1] -57.2351 +- 69.49  	chisq 0.234868 (1 df)

Iteration 3:  6000000 integrand evaluations so far
[1] -50.9482 +- 45.6441  	chisq 0.249264 (2 df)

Iteration 4:  10000000 integrand evaluations so far
[1] -49.447 +- 35.6729  	chisq 0.252044 (3 df)

Iteration 5:  15000000 integrand evaluations so far
[1] -49.4722 +- 35.6729  	chisq 1.38863 (4 df)

Iteration 6:  21000000 integrand evaluations so far
[1] -50.138 +- 35.2166  	chisq 1.40233 (5 df)

Iteration 7:  28000000 integrand evaluations so far
[1] -58.1739 +- 34.2767  	chisq 2.39096 (6 df)

Iteration 8:  36000000 integrand evaluations so far
[1] -38.9657 +- 20.5974  	chisq 2.88248 (7 df)

Iteration 9:  45000000 integrand evaluations so far
[1] -37.755 +- 20.1043  	chisq 2.95552 (8 df)

Iteration 10:  55000000 integrand evaluations so far
[1] -32.5142 +- 19.7566  	chisq 4.93739 (9 df)
     -33 ±     20        (3.59mi) ┃Vegas input parameters:
  ndim 8
  ncomp 1
  nvec 1
  epsrel 0
  epsabs 0
  flags 10
  seed 123456
  mineval 5000000
  maxeval 50000000
  nstart 1000000
  nincrease 1000000
  nbatch 5000
  gridno 0
  statefile ""

Iteration 1:  1000000 integrand evaluations so far
[1] 185.06 +- 52.2902  	chisq 0 (0 df)

Iteration 2:  3000000 integrand evaluations so far
[1] 26.0571 +- 9.10127  	chisq 9.53521 (1 df)

Iteration 3:  6000000 integrand evaluations so far
[1] 29.1906 +- 8.89283  	chisq 12.153 (2 df)

Iteration 4:  10000000 integrand evaluations so far
[1] 35.3249 +- 8.03469  	chisq 14.7435 (3 df)

Iteration 5:  15000000 integrand evaluations so far
[1] 42.9175 +- 7.68623  	chisq 25.2667 (4 df)

Iteration 6:  21000000 integrand evaluations so far
[1] 58.2086 +- 6.96108  	chisq 47.2804 (5 df)

Iteration 7:  28000000 integrand evaluations so far
[1] 64.6671 +- 6.78241  	chisq 64.2671 (6 df)

Iteration 8:  36000000 integrand evaluations so far
[1] 73.4043 +- 6.54078  	chisq 87.9798 (7 df)

Iteration 9:  45000000 integrand evaluations so far
[1] 78.865 +- 6.38341  	chisq 102.642 (8 df)

Iteration 10:  55000000 integrand evaluations so far
[1] 100.827 +- 5.73243  	chisq 163.793 (9 df)
   100.8 ±    5.7        (1.85mi) ┃      99 ±     21        (36.9mi) ┃
┃   46 -    48 ┃   59 -    60 ┃ 179.869 ±  0.067        (12.4mi) ┃-151.941 ±   0.03        (25.3mi) ┃Vegas input parameters:
  ndim 10
  ncomp 1
  nvec 1
  epsrel 0
  epsabs 0
  flags 10
  seed 123456
  mineval 50000000
  maxeval 50000000
  nstart 1000000
  nincrease 1000000
  nbatch 5000
  gridno 0
  statefile ""

Iteration 1:  1000000 integrand evaluations so far
[1] -13.0616 +- 147.618  	chisq 0 (0 df)

Iteration 2:  3000000 integrand evaluations so far
[1] 14.842 +- 144.968  	chisq 1.00418 (1 df)

Iteration 3:  6000000 integrand evaluations so far
[1] 75.7425 +- 112.835  	chisq 1.45189 (2 df)

Iteration 4:  10000000 integrand evaluations so far
[1] -52.7009 +- 35.2013  	chisq 2.88741 (3 df)

Iteration 5:  15000000 integrand evaluations so far
[1] -30.9621 +- 31.1582  	chisq 4.64879 (4 df)

Iteration 6:  21000000 integrand evaluations so far
[1] -8.21654 +- 25.5138  	chisq 6.26615 (5 df)

Iteration 7:  28000000 integrand evaluations so far
[1] -4.19724 +- 24.9661  	chisq 6.85041 (6 df)

Iteration 8:  36000000 integrand evaluations so far
[1] -2.52475 +- 22.0217  	chisq 6.87063 (7 df)

Iteration 9:  45000000 integrand evaluations so far
[1] -12.521 +- 19.4855  	chisq 7.81985 (8 df)

Iteration 10:  55000000 integrand evaluations so far
[1] -10.2422 +- 19.1107  	chisq 8.1789 (9 df)
     -10 ±     19        (3.62mi) ┃Vegas input parameters:
  ndim 8
  ncomp 1
  nvec 1
  epsrel 0
  epsabs 0
  flags 10
  seed 123456
  mineval 5000000
  maxeval 50000000
  nstart 1000000
  nincrease 1000000
  nbatch 5000
  gridno 0
  statefile ""

Iteration 1:  1000000 integrand evaluations so far
[1] 324.216 +- 64.0311  	chisq 0 (0 df)

Iteration 2:  3000000 integrand evaluations so far
[1] 106.068 +- 16.8087  	chisq 12.4661 (1 df)

Iteration 3:  6000000 integrand evaluations so far
[1] 106.803 +- 11.8757  	chisq 12.4699 (2 df)

Iteration 4:  10000000 integrand evaluations so far
[1] 107.875 +- 11.8536  	chisq 14.6633 (3 df)

Iteration 5:  15000000 integrand evaluations so far
[1] 119.841 +- 9.88599  	chisq 18.0107 (4 df)

Iteration 6:  21000000 integrand evaluations so far
[1] 125.187 +- 9.59992  	chisq 23.1387 (5 df)

Iteration 7:  28000000 integrand evaluations so far
[1] 128.986 +- 9.3788  	chisq 26.5775 (6 df)

Iteration 8:  36000000 integrand evaluations so far
[1] 140.188 +- 8.47243  	chisq 34.3331 (7 df)

Iteration 9:  45000000 integrand evaluations so far
[1] 155.566 +- 7.0455  	chisq 45.0121 (8 df)

Iteration 10:  55000000 integrand evaluations so far
[1] 168.447 +- 5.63223  	chisq 54.2736 (9 df)
   168.4 ±    5.6        (1.78mi) ┃     186 ±     20        (43.2mi) ┃
┣━━━━━━━━━━━━━━╋━━━━━━━━━━━━━━╋━━━━━━━━━━━━━━━━━━━━━━━━━━━━━━━━━━╋━━━━━━━━━━━━━━━━━━━━━━━━━━━━━━━━━━╋━━━━━━━━━━━━━━━━━━━━━━━━━━━━━━━━━━╋━━━━━━━━━━━━━━━━━━━━━━━━━━━━━━━━━━╋━━━━━━━━━━━━━━━━━━━━━━━━━━━━━━━━━━┫
┃   44 -    48 ┃   25 -    60 ┃ 21.3079 ± 0.0017 ·10⁺⁰³ (4.24hr) ┃-18.0567 ± 0.0013 ·10⁺⁰³ (20.5hr) ┃    -1.1 ±    0.3 ·10⁺⁰³ (4.23hr) ┃  18.558 ±  0.046 ·10⁺⁰³ (2.11hr) ┃   20.71 ±    0.3 ·10⁺⁰³ (31.1hr) ┃
┗━━━━━━━━━━━━━━┻━━━━━━━━━━━━━━┻━━━━━━━━━━━━━━━━━━━━━━━━━━━━━━━━━━┻━━━━━━━━━━━━━━━━━━━━━━━━━━━━━━━━━━┻━━━━━━━━━━━━━━━━━━━━━━━━━━━━━━━━━━┻━━━━━━━━━━━━━━━━━━━━━━━━━━━━━━━━━━┻━━━━━━━━━━━━━━━━━━━━━━━━━━━━━━━━━━┛

╍╍╍╍╍╍╍╍╍╍╍╍╍╍╍╍╍╍╍╍╍╍╍╍╍╍╍╍╍╍╍╍ Summary ╍╍╍╍╍╍╍╍╍╍╍╍╍╍╍╍╍╍╍╍╍╍╍╍╍╍╍╍╍╍╍
      Total cross section                       20.71 ± 0.3          pb
         Calculation time                               31.1       hours
              Output file                    outputs/qt_qt44_48_NNLL_muR1.0_muF0.5.root            
      Result in text file                    outputs/qt_qt44_48_NNLL_muR1.0_muF0.5.txt            

╍╍╍╍╍╍╍╍╍╍╍╍╍╍╍╍╍╍╍╍╍╍╍╍╍╍╍╍╍╍╍╍╍╍╍╍╍╍╍╍╍╍╍╍╍╍╍╍╍╍╍╍╍╍╍╍╍╍╍╍╍╍╍╍╍╍╍╍╍╍╍╍

