
╍╍╍╍╍╍╍╍╍╍╍╍╍╍╍╍╍╍╍╍╍╍╍╍╍╍╍ Process settings ╍╍╍╍╍╍╍╍╍╍╍╍╍╍╍╍╍╍╍╍╍╍╍╍╍╍╍
   proton-proton collisions at sqrt(s) = 13000 GeV 
   Computing NNLO+NNLL resummed cross section
   W+ ->  nu(p3)+e+(p4) production 

╍╍╍╍╍╍╍╍╍╍╍╍╍╍╍╍╍╍╍╍╍╍╍╍╍╍╍╍╍╍ CKM matrix ╍╍╍╍╍╍╍╍╍╍╍╍╍╍╍╍╍╍╍╍╍╍╍╍╍╍╍╍╍╍
     | Vud Vus Vub |   |   0.97427   0.2253  0.00351 | 
     | Vcd Vcs Vcb | = |    0.2252  0.97344   0.0412 | 
     | Vtd Vts Vtb |   |         0        0        0 | 

╍╍╍╍╍╍╍╍╍╍╍╍╍╍╍╍╍╍╍╍╍╍╍╍╍╍╍╍╍ EW parameters ╍╍╍╍╍╍╍╍╍╍╍╍╍╍╍╍╍╍╍╍╍╍╍╍╍╍╍╍
                                         Gf =  1.1663787e-05      GeV^-2
                                    1/alpha =  132.233229791            
                                 sin(thW)^2 = 0.222897222524            
                                     W mass =         80.385         GeV
                                     Z mass =        91.1876         GeV
                                    W width =          2.091         GeV
                                    Z width =          2.495         GeV

╍╍╍╍╍╍╍╍╍╍╍╍╍╍╍╍╍╍╍╍╍╍╍╍╍╍╍╍╍ QCD settings ╍╍╍╍╍╍╍╍╍╍╍╍╍╍╍╍╍╍╍╍╍╍╍╍╍╍╍╍╍
   Renormalization scale:     dynamic muren =              2      * m_ll
     Factorization scale:     dynamic mufac =              1      * m_ll
       Resummation scale:     dynamic mures =              1      * m_ll
          Strong coupling       alpha_s(MZ) =       0.118001            
                              running order =              3       -loop
         Non-perturbative     form factor g =            0.7       GeV^2

╍╍╍╍╍╍╍╍╍╍╍╍╍╍╍╍╍╍╍╍╍╍╍╍╍╍╍╍╍ PDF settings ╍╍╍╍╍╍╍╍╍╍╍╍╍╍╍╍╍╍╍╍╍╍╍╍╍╍╍╍╍
                                     PDF set:MSHT20nnlo_as118            
                                  PDF member:              0            
  Mellin moments of PDFs:                    Numerical integration            
                         nodes for the quadrature:            200            
                         Intervals for the quadrature:              1            

╍╍╍╍╍╍╍╍╍╍╍╍╍╍╍╍╍╍╍╍╍╍╍╍╍╍╍╍╍╍╍ qT recoil ╍╍╍╍╍╍╍╍╍╍╍╍╍╍╍╍╍╍╍╍╍╍╍╍╍╍╍╍╍╍
  qt-recoil prescription:       Collins-Soper kt1 = p_V(x)/2; kt2 = p_V(y)/2            

╍╍╍╍╍╍╍╍╍╍╍╍╍╍╍╍╍╍╍╍╍╍╍╍╍╍╍╍╍╍╍╍╍ Cuts ╍╍╍╍╍╍╍╍╍╍╍╍╍╍╍╍╍╍╍╍╍╍╍╍╍╍╍╍╍╍╍╍╍
                                  apply cuts:           true            
                                      pt_l >               0            
                                   |eta_l| <            1000            
                                    pt_lep >              25            
                                 |eta_lep| <             2.4            
                                   pt_alep >              25            
                                |eta_alep| <             2.4            
                                  user cuts:            true            

╍╍╍╍╍╍╍╍╍╍╍╍╍╍╍╍╍╍╍╍╍╍╍╍╍╍╍╍ ResummationDamp ╍╍╍╍╍╍╍╍╍╍╍╍╍╍╍╍╍╍╍╍╍╍╍╍╍╍╍
                                    damping :             on            
                                damping mode:              1            
                                  damp above:        60.2888         GeV
                               damping width:        20.0963         GeV
                          resummation cutoff:             20         MeV

╍╍╍╍╍╍╍╍╍╍╍╍╍╍╍╍╍╍╍╍╍╍╍╍╍╍╍╍ Debug settings ╍╍╍╍╍╍╍╍╍╍╍╍╍╍╍╍╍╍╍╍╍╍╍╍╍╍╍╍
                                 timeprofile:          false            
                                     verbose:          false            
                               cubaverbosity:              2            

╍╍╍╍╍╍╍╍╍╍╍╍╍╍╍╍╍╍╍╍╍╍╍╍╍╍╍╍╍╍╍╍╍╍╍╍╍╍╍╍╍╍╍╍╍╍╍╍╍╍╍╍╍╍╍╍╍╍╍╍╍╍╍╍╍╍╍╍╍╍╍╍

Warning: Histogram `a1_qt` contains non-integrable observable and will be deleted 
Warning: Histogram `a1_qt_vs_y` contains non-integrable observable and will be deleted 
Warning: Histogram `s_biganswer` contains non-integrable observable and will be deleted 
Warning: Histogram `wgt_a1_qt` contains non-integrable observable and will be deleted 

╍╍╍╍╍╍╍╍╍╍╍╍╍╍╍╍╍╍╍╍╍╍╍╍╍ Integration settings ╍╍╍╍╍╍╍╍╍╍╍╍╍╍╍╍╍╍╍╍╍╍╍╍╍
             Random seeds              123456                           
           Parallel cores                   1                           

             Resummation:     cuhre (dm, dpt)         iter =           5
                                   gauss (dy)        nodes =          64
                                                 intervals =           1
            Counter term:      cuhre (dm, dy)         iter =           5
                                  gauss (dpt)        nodes =          20
                                                 intervals =           5
                V+J Real:               vegas       ncalls =    50000000
             V+J Virtual:               vegas       ncalls =     5000000

Mellin inverse transform:           gaussian         nodes =          30
                                                 intervals =           1
                               imaginary axis         zmax =           2
  Angular variable costh:     semi-analytical      ncstart =         100
   Angular variables phi:            gaussian    intervals =          20

      Constant boundaries                  q2          low =          80
                                                      high =         100
                                            y          low =          -6
                                                      high =           6
                                        costh          low =          -1
                                                      high =           1
                                       eta(l)          low =         -10
                                                      high =          10

┏━━━━━━━━━━━━━━┰━━━━━━━━━━━━━━┰━━━━━━━━━━━━━━━━━━━━━━━━━━━━━━━━━━┰━━━━━━━━━━━━━━━━━━━━━━━━━━━━━━━━━━┰━━━━━━━━━━━━━━━━━━━━━━━━━━━━━━━━━━┰━━━━━━━━━━━━━━━━━━━━━━━━━━━━━━━━━━┰━━━━━━━━━━━━━━━━━━━━━━━━━━━━━━━━━━┓
┃           qT ┃        pT(l) ┃                      Resummation ┃                     Counter term ┃                         V+J Real ┃                      V+J Virtual ┃                            TOTAL ┃
┣━━━━━━━━━━━━━━╋━━━━━━━━━━━━━━╋━━━━━━━━━━━━━━━━━━━━━━━━━━━━━━━━━━╋━━━━━━━━━━━━━━━━━━━━━━━━━━━━━━━━━━╋━━━━━━━━━━━━━━━━━━━━━━━━━━━━━━━━━━╋━━━━━━━━━━━━━━━━━━━━━━━━━━━━━━━━━━╋━━━━━━━━━━━━━━━━━━━━━━━━━━━━━━━━━━┫
┃   12 -    14 ┃   25 -    26 ┃  2.1974 ± 0.0019 ·10⁺⁰³ ( 13.4s) ┃ -2.2565 ± 0.0019 ·10⁺⁰³ (28.8mi) ┃Vegas input parameters:
  ndim 10
  ncomp 1
  nvec 1
  epsrel 0
  epsabs 0
  flags 10
  seed 123456
  mineval 50000000
  maxeval 50000000
  nstart 1000000
  nincrease 1000000
  nbatch 5000
  gridno 0
  statefile ""

Iteration 1:  1000000 integrand evaluations so far
[1] -558.733 +- 1245.74  	chisq 0 (0 df)

Iteration 2:  3000000 integrand evaluations so far
[1] -141.232 +- 291.946  	chisq 0.118848 (1 df)

Iteration 3:  6000000 integrand evaluations so far
[1] -476.073 +- 243.58  	chisq 4.44752 (2 df)

Iteration 4:  10000000 integrand evaluations so far
[1] -450.99 +- 242.137  	chisq 5.34487 (3 df)

Iteration 5:  15000000 integrand evaluations so far
[1] -433.242 +- 216.38  	chisq 5.37155 (4 df)

Iteration 6:  21000000 integrand evaluations so far
[1] -563.657 +- 197.461  	chisq 7.54382 (5 df)

Iteration 7:  28000000 integrand evaluations so far
[1] -621.139 +- 184.157  	chisq 8.19465 (6 df)

Iteration 8:  36000000 integrand evaluations so far
[1] -547.44 +- 162.841  	chisq 8.92899 (7 df)

Iteration 9:  45000000 integrand evaluations so far
[1] -542.893 +- 121.883  	chisq 8.93076 (8 df)

Iteration 10:  55000000 integrand evaluations so far
[1] -527.329 +- 109.387  	chisq 9.01458 (9 df)
    -530 ±    110        (4.79mi) ┃Vegas input parameters:
  ndim 8
  ncomp 1
  nvec 1
  epsrel 0
  epsabs 0
  flags 10
  seed 123456
  mineval 5000000
  maxeval 50000000
  nstart 1000000
  nincrease 1000000
  nbatch 5000
  gridno 0
  statefile ""

Iteration 1:  1000000 integrand evaluations so far
[1] 2475.23 +- 754.464  	chisq 0 (0 df)

Iteration 2:  3000000 integrand evaluations so far
[1] 2487.89 +- 754.349  	chisq 0.923654 (1 df)

Iteration 3:  6000000 integrand evaluations so far
[1] 1056.36 +- 230.498  	chisq 4.89583 (2 df)

Iteration 4:  10000000 integrand evaluations so far
[1] 1241.55 +- 219.465  	chisq 11.8039 (3 df)

Iteration 5:  15000000 integrand evaluations so far
[1] 1383.76 +- 211.259  	chisq 17.5265 (4 df)

Iteration 6:  21000000 integrand evaluations so far
[1] 2084.55 +- 151.494  	chisq 40.1786 (5 df)

Iteration 7:  28000000 integrand evaluations so far
[1] 2595.04 +- 64.8521  	chisq 54.0812 (6 df)

Iteration 8:  36000000 integrand evaluations so far
[1] 2645.83 +- 60.0108  	chisq 58.3488 (7 df)

Iteration 9:  45000000 integrand evaluations so far
[1] 2754.98 +- 45.4355  	chisq 66.101 (8 df)

Iteration 10:  55000000 integrand evaluations so far
[1] 2842.53 +- 29.0825  	chisq 72.39 (9 df)
   2.843 ±  0.029 ·10⁺⁰³ (1.99mi) ┃    2.26 ±   0.11 ·10⁺⁰³ (35.8mi) ┃
┃   12 -    14 ┃   26 -    27 ┃  2.4724 ± 0.0022 ·10⁺⁰³ ( 43.1s) ┃-2.54013 ± 0.00046 ·10⁺⁰³ (15.1mi) ┃Vegas input parameters:
  ndim 10
  ncomp 1
  nvec 1
  epsrel 0
  epsabs 0
  flags 10
  seed 123456
  mineval 50000000
  maxeval 50000000
  nstart 1000000
  nincrease 1000000
  nbatch 5000
  gridno 0
  statefile ""

Iteration 1:  1000000 integrand evaluations so far
[1] -68929.8 +- 64847.8  	chisq 0 (0 df)

Iteration 2:  3000000 integrand evaluations so far
[1] 2984.05 +- 2857.88  	chisq 1.23219 (1 df)

Iteration 3:  6000000 integrand evaluations so far
[1] -557.758 +- 345.179  	chisq 2.79083 (2 df)

Iteration 4:  10000000 integrand evaluations so far
[1] -572.489 +- 344.867  	chisq 3.79815 (3 df)

Iteration 5:  15000000 integrand evaluations so far
[1] -628.56 +- 341.667  	chisq 5.2293 (4 df)

Iteration 6:  21000000 integrand evaluations so far
[1] -452.507 +- 324.151  	chisq 7.88691 (5 df)

Iteration 7:  28000000 integrand evaluations so far
[1] -422.982 +- 259.308  	chisq 7.90995 (6 df)

Iteration 8:  36000000 integrand evaluations so far
[1] -508.848 +- 236.63  	chisq 8.56552 (7 df)

Iteration 9:  45000000 integrand evaluations so far
[1] -536.164 +- 234.701  	chisq 9.38582 (8 df)

Iteration 10:  55000000 integrand evaluations so far
[1] -629.695 +- 219.867  	chisq 10.6832 (9 df)
    -630 ±    220        (4.78mi) ┃Vegas input parameters:
  ndim 8
  ncomp 1
  nvec 1
  epsrel 0
  epsabs 0
  flags 10
  seed 123456
  mineval 5000000
  maxeval 50000000
  nstart 1000000
  nincrease 1000000
  nbatch 5000
  gridno 0
  statefile ""

Iteration 1:  1000000 integrand evaluations so far
[1] 4165.93 +- 810.284  	chisq 0 (0 df)

Iteration 2:  3000000 integrand evaluations so far
[1] 2697.85 +- 229.177  	chisq 3.56806 (1 df)

Iteration 3:  6000000 integrand evaluations so far
[1] 2927.21 +- 171.356  	chisq 5.8395 (2 df)

Iteration 4:  10000000 integrand evaluations so far
[1] 3082.65 +- 117.984  	chisq 7.40418 (3 df)

Iteration 5:  15000000 integrand evaluations so far
[1] 3176.65 +- 74.297  	chisq 8.4559 (4 df)

Iteration 6:  21000000 integrand evaluations so far
[1] 3216.85 +- 61.9737  	chisq 9.41811 (5 df)

Iteration 7:  28000000 integrand evaluations so far
[1] 3250.62 +- 44.5123  	chisq 10.0317 (6 df)

Iteration 8:  36000000 integrand evaluations so far
[1] 3246.25 +- 30.8373  	chisq 10.0503 (7 df)

Iteration 9:  45000000 integrand evaluations so far
[1] 3263.12 +- 22.928  	chisq 10.7192 (8 df)

Iteration 10:  55000000 integrand evaluations so far
[1] 3265.57 +- 17.7799  	chisq 10.748 (9 df)
   3.266 ±  0.018 ·10⁺⁰³ (1.93mi) ┃    2.57 ±   0.22 ·10⁺⁰³ (22.5mi) ┃
┃   12 -    14 ┃   27 -    28 ┃  2.7855 ± 0.0016 ·10⁺⁰³ ( 11.7s) ┃ -2.8187 ± 0.0024 ·10⁺⁰³ (   1mi) ┃Vegas input parameters:
  ndim 10
  ncomp 1
  nvec 1
  epsrel 0
  epsabs 0
  flags 10
  seed 123456
  mineval 50000000
  maxeval 50000000
  nstart 1000000
  nincrease 1000000
  nbatch 5000
  gridno 0
  statefile ""

Iteration 1:  1000000 integrand evaluations so far
[1] 66157.8 +- 64340.6  	chisq 0 (0 df)

Iteration 2:  3000000 integrand evaluations so far
[1] 428.85 +- 665.899  	chisq 1.04373 (1 df)

Iteration 3:  6000000 integrand evaluations so far
[1] 766.668 +- 568.377  	chisq 1.99182 (2 df)

Iteration 4:  10000000 integrand evaluations so far
[1] 843.793 +- 557.076  	chisq 2.45951 (3 df)

Iteration 5:  15000000 integrand evaluations so far
[1] 160.263 +- 349.405  	chisq 4.94138 (4 df)

Iteration 6:  21000000 integrand evaluations so far
[1] -210.584 +- 255.344  	chisq 7.35911 (5 df)

Iteration 7:  28000000 integrand evaluations so far
[1] -399.848 +- 173.672  	chisq 8.38143 (6 df)

Iteration 8:  36000000 integrand evaluations so far
[1] -690.993 +- 141.003  	chisq 16.6271 (7 df)

Iteration 9:  45000000 integrand evaluations so far
[1] -747.067 +- 136.687  	chisq 19.2505 (8 df)

Iteration 10:  55000000 integrand evaluations so far
[1] -735.191 +- 135.952  	chisq 19.954 (9 df)
    -740 ±    140        (4.82mi) ┃Vegas input parameters:
  ndim 8
  ncomp 1
  nvec 1
  epsrel 0
  epsabs 0
  flags 10
  seed 123456
  mineval 5000000
  maxeval 50000000
  nstart 1000000
  nincrease 1000000
  nbatch 5000
  gridno 0
  statefile ""

Iteration 1:  1000000 integrand evaluations so far
[1] 2230.91 +- 457.874  	chisq 0 (0 df)

Iteration 2:  3000000 integrand evaluations so far
[1] 2391.53 +- 377.975  	chisq 0.386284 (1 df)

Iteration 3:  6000000 integrand evaluations so far
[1] 2624.59 +- 264.108  	chisq 1.12923 (2 df)

Iteration 4:  10000000 integrand evaluations so far
[1] 2940.71 +- 166.238  	chisq 3.50177 (3 df)

Iteration 5:  15000000 integrand evaluations so far
[1] 3231.75 +- 102.288  	chisq 8.43445 (4 df)

Iteration 6:  21000000 integrand evaluations so far
[1] 3334.41 +- 83.346  	chisq 11.4316 (5 df)

Iteration 7:  28000000 integrand evaluations so far
[1] 3523.34 +- 60.5823  	chisq 22.3261 (6 df)

Iteration 8:  36000000 integrand evaluations so far
[1] 3587.11 +- 45.6794  	chisq 24.8948 (7 df)

Iteration 9:  45000000 integrand evaluations so far
[1] 3650.75 +- 30.5347  	chisq 28.4034 (8 df)

Iteration 10:  55000000 integrand evaluations so far
[1] 3658.82 +- 21.1692  	chisq 28.5379 (9 df)
   3.659 ±  0.021 ·10⁺⁰³ (1.88mi) ┃    2.89 ±   0.14 ·10⁺⁰³ ( 7.9mi) ┃
┃   12 -    14 ┃   28 -    29 ┃  3.1496 ± 0.0017 ·10⁺⁰³ ( 5.97s) ┃ -3.1725 ± 0.0027 ·10⁺⁰³ (   2mi) ┃Vegas input parameters:
  ndim 10
  ncomp 1
  nvec 1
  epsrel 0
  epsabs 0
  flags 10
  seed 123456
  mineval 50000000
  maxeval 50000000
  nstart 1000000
  nincrease 1000000
  nbatch 5000
  gridno 0
  statefile ""

Iteration 1:  1000000 integrand evaluations so far
[1] 20846.4 +- 22726.3  	chisq 0 (0 df)

Iteration 2:  3000000 integrand evaluations so far
[1] 171.614 +- 1849.77  	chisq 0.83313 (1 df)

Iteration 3:  6000000 integrand evaluations so far
[1] -514.544 +- 263.964  	chisq 0.973588 (2 df)

Iteration 4:  10000000 integrand evaluations so far
[1] -615.688 +- 243.603  	chisq 1.96351 (3 df)

Iteration 5:  15000000 integrand evaluations so far
[1] -740.378 +- 211.024  	chisq 3.01322 (4 df)

Iteration 6:  21000000 integrand evaluations so far
[1] -704.17 +- 209.011  	chisq 4.56342 (5 df)

Iteration 7:  28000000 integrand evaluations so far
[1] -837.448 +- 201.2  	chisq 10.1077 (6 df)

Iteration 8:  36000000 integrand evaluations so far
[1] -833.875 +- 196.897  	chisq 10.1152 (7 df)

Iteration 9:  45000000 integrand evaluations so far
[1] -824.861 +- 181.411  	chisq 10.129 (8 df)

Iteration 10:  55000000 integrand evaluations so far
[1] -820.441 +- 178.905  	chisq 10.1507 (9 df)
    -820 ±    180        (4.78mi) ┃Vegas input parameters:
  ndim 8
  ncomp 1
  nvec 1
  epsrel 0
  epsabs 0
  flags 10
  seed 123456
  mineval 5000000
  maxeval 50000000
  nstart 1000000
  nincrease 1000000
  nbatch 5000
  gridno 0
  statefile ""

Iteration 1:  1000000 integrand evaluations so far
[1] 4994.86 +- 821.168  	chisq 0 (0 df)

Iteration 2:  3000000 integrand evaluations so far
[1] 4141.21 +- 305.7  	chisq 1.25454 (1 df)

Iteration 3:  6000000 integrand evaluations so far
[1] 3847.61 +- 125.249  	chisq 2.36301 (2 df)

Iteration 4:  10000000 integrand evaluations so far
[1] 3939.64 +- 112.392  	chisq 5.13516 (3 df)

Iteration 5:  15000000 integrand evaluations so far
[1] 4040.61 +- 99.1219  	chisq 8.76756 (4 df)

Iteration 6:  21000000 integrand evaluations so far
[1] 4113.13 +- 75.8447  	chisq 10.0589 (5 df)

Iteration 7:  28000000 integrand evaluations so far
[1] 4070.09 +- 44.0397  	chisq 10.5447 (6 df)

Iteration 8:  36000000 integrand evaluations so far
[1] 4063.11 +- 30.3672  	chisq 10.5927 (7 df)

Iteration 9:  45000000 integrand evaluations so far
[1] 4080.18 +- 23.5138  	chisq 11.3816 (8 df)

Iteration 10:  55000000 integrand evaluations so far
[1] 4094.06 +- 19.0834  	chisq 12.4032 (9 df)
   4.094 ±  0.019 ·10⁺⁰³ ( 1.8mi) ┃    3.25 ±   0.18 ·10⁺⁰³ (8.68mi) ┃
┃   12 -    14 ┃   29 -    30 ┃  3.5111 ± 0.0026 ·10⁺⁰³ ( 11.2s) ┃ -3.5953 ± 0.0035 ·10⁺⁰³ (2.12mi) ┃Vegas input parameters:
  ndim 10
  ncomp 1
  nvec 1
  epsrel 0
  epsabs 0
  flags 10
  seed 123456
  mineval 50000000
  maxeval 50000000
  nstart 1000000
  nincrease 1000000
  nbatch 5000
  gridno 0
  statefile ""

Iteration 1:  1000000 integrand evaluations so far
[1] 4479.09 +- 6555.73  	chisq 0 (0 df)

Iteration 2:  3000000 integrand evaluations so far
[1] -522.973 +- 1307.16  	chisq 0.606283 (1 df)

Iteration 3:  6000000 integrand evaluations so far
[1] -1707.79 +- 597.935  	chisq 1.64524 (2 df)

Iteration 4:  10000000 integrand evaluations so far
[1] -1609.29 +- 363.966  	chisq 1.68834 (3 df)

Iteration 5:  15000000 integrand evaluations so far
[1] -1417.02 +- 307.41  	chisq 2.66193 (4 df)

Iteration 6:  21000000 integrand evaluations so far
[1] -1457.93 +- 281.642  	chisq 2.77216 (5 df)

Iteration 7:  28000000 integrand evaluations so far
[1] -1322.39 +- 245.212  	chisq 3.72937 (6 df)

Iteration 8:  36000000 integrand evaluations so far
[1] -1306.57 +- 217.816  	chisq 3.74908 (7 df)

Iteration 9:  45000000 integrand evaluations so far
[1] -1265.13 +- 215.086  	chisq 5.20276 (8 df)

Iteration 10:  55000000 integrand evaluations so far
[1] -1346.73 +- 201.209  	chisq 6.3555 (9 df)
   -1.35 ±    0.2 ·10⁺⁰³ (4.84mi) ┃Vegas input parameters:
  ndim 8
  ncomp 1
  nvec 1
  epsrel 0
  epsabs 0
  flags 10
  seed 123456
  mineval 5000000
  maxeval 50000000
  nstart 1000000
  nincrease 1000000
  nbatch 5000
  gridno 0
  statefile ""

Iteration 1:  1000000 integrand evaluations so far
[1] 4524.53 +- 892.233  	chisq 0 (0 df)

Iteration 2:  3000000 integrand evaluations so far
[1] 4862.67 +- 836.921  	chisq 1.19552 (1 df)

Iteration 3:  6000000 integrand evaluations so far
[1] 4609.37 +- 385.295  	chisq 1.31175 (2 df)

Iteration 4:  10000000 integrand evaluations so far
[1] 4652.32 +- 229.722  	chisq 1.33103 (3 df)

Iteration 5:  15000000 integrand evaluations so far
[1] 4540.34 +- 130.684  	chisq 1.68235 (4 df)

Iteration 6:  21000000 integrand evaluations so far
[1] 4521.34 +- 67.7449  	chisq 1.71127 (5 df)

Iteration 7:  28000000 integrand evaluations so far
[1] 4546.24 +- 45.7601  	chisq 1.9598 (6 df)

Iteration 8:  36000000 integrand evaluations so far
[1] 4523.85 +- 32.48  	chisq 2.44239 (7 df)

Iteration 9:  45000000 integrand evaluations so far
[1] 4546.69 +- 23.8878  	chisq 3.51943 (8 df)

Iteration 10:  55000000 integrand evaluations so far
[1] 4563.68 +- 19.4439  	chisq 5.01914 (9 df)
   4.564 ±  0.019 ·10⁺⁰³ ( 1.8mi) ┃    3.13 ±    0.2 ·10⁺⁰³ (8.95mi) ┃
┃   12 -    14 ┃   30 -    31 ┃  3.9837 ± 0.0038 ·10⁺⁰³ ( 9.56s) ┃ -4.0936 ± 0.0039 ·10⁺⁰³ ( 33.3s) ┃Vegas input parameters:
  ndim 10
  ncomp 1
  nvec 1
  epsrel 0
  epsabs 0
  flags 10
  seed 123456
  mineval 50000000
  maxeval 50000000
  nstart 1000000
  nincrease 1000000
  nbatch 5000
  gridno 0
  statefile ""

Iteration 1:  1000000 integrand evaluations so far
[1] -1452.73 +- 688.317  	chisq 0 (0 df)

Iteration 2:  3000000 integrand evaluations so far
[1] -974.748 +- 510.691  	chisq 1.07272 (1 df)

Iteration 3:  6000000 integrand evaluations so far
[1] -733.304 +- 473.476  	chisq 2.66439 (2 df)

Iteration 4:  10000000 integrand evaluations so far
[1] -847.631 +- 436.669  	chisq 3.05456 (3 df)

Iteration 5:  15000000 integrand evaluations so far
[1] -1317.5 +- 354.592  	chisq 6.45406 (4 df)

Iteration 6:  21000000 integrand evaluations so far
[1] -1239.9 +- 329.622  	chisq 6.80654 (5 df)

Iteration 7:  28000000 integrand evaluations so far
[1] -1222.19 +- 310.226  	chisq 6.83183 (6 df)

Iteration 8:  36000000 integrand evaluations so far
[1] -1125.64 +- 290.654  	chisq 7.62442 (7 df)

Iteration 9:  45000000 integrand evaluations so far
[1] -1098.46 +- 255.237  	chisq 7.66264 (8 df)

Iteration 10:  55000000 integrand evaluations so far
[1] -1165.55 +- 180.605  	chisq 7.80101 (9 df)
   -1.17 ±   0.18 ·10⁺⁰³ (4.83mi) ┃Vegas input parameters:
  ndim 8
  ncomp 1
  nvec 1
  epsrel 0
  epsabs 0
  flags 10
  seed 123456
  mineval 5000000
  maxeval 50000000
  nstart 1000000
  nincrease 1000000
  nbatch 5000
  gridno 0
  statefile ""

Iteration 1:  1000000 integrand evaluations so far
[1] 6746.94 +- 1009.09  	chisq 0 (0 df)

Iteration 2:  3000000 integrand evaluations so far
[1] 6660.95 +- 890.549  	chisq 0.0328343 (1 df)

Iteration 3:  6000000 integrand evaluations so far
[1] 6344.09 +- 718.622  	chisq 0.395734 (2 df)

Iteration 4:  10000000 integrand evaluations so far
[1] 5909.69 +- 389.465  	chisq 0.91311 (3 df)

Iteration 5:  15000000 integrand evaluations so far
[1] 5095.83 +- 164.195  	chisq 6.22381 (4 df)

Iteration 6:  21000000 integrand evaluations so far
[1] 5248.29 +- 126.252  	chisq 8.33294 (5 df)

Iteration 7:  28000000 integrand evaluations so far
[1] 5164.38 +- 75.8581  	chisq 9.02412 (6 df)

Iteration 8:  36000000 integrand evaluations so far
[1] 5158.15 +- 43.9094  	chisq 9.03427 (7 df)

Iteration 9:  45000000 integrand evaluations so far
[1] 5219.44 +- 31.3826  	chisq 13.0165 (8 df)

Iteration 10:  55000000 integrand evaluations so far
[1] 5239.37 +- 24.6067  	chisq 14.0639 (9 df)
   5.239 ±  0.025 ·10⁺⁰³ (1.85mi) ┃    3.96 ±   0.18 ·10⁺⁰³ (7.39mi) ┃
┃   12 -    14 ┃   31 -    32 ┃    4.57 ± 0.0037 ·10⁺⁰³ ( 5.91s) ┃ -4.6471 ± 0.0041 ·10⁺⁰³ (1.15mi) ┃Vegas input parameters:
  ndim 10
  ncomp 1
  nvec 1
  epsrel 0
  epsabs 0
  flags 10
  seed 123456
  mineval 50000000
  maxeval 50000000
  nstart 1000000
  nincrease 1000000
  nbatch 5000
  gridno 0
  statefile ""

Iteration 1:  1000000 integrand evaluations so far
[1] -6025.82 +- 3602.94  	chisq 0 (0 df)

Iteration 2:  3000000 integrand evaluations so far
[1] -1142.87 +- 949.725  	chisq 1.97391 (1 df)

Iteration 3:  6000000 integrand evaluations so far
[1] -1242.85 +- 600.285  	chisq 1.99236 (2 df)

Iteration 4:  10000000 integrand evaluations so far
[1] -1942.23 +- 474.481  	chisq 5.60992 (3 df)

Iteration 5:  15000000 integrand evaluations so far
[1] -1786.39 +- 377.867  	chisq 5.90484 (4 df)

Iteration 6:  21000000 integrand evaluations so far
[1] -1799.92 +- 377.468  	chisq 6.51124 (5 df)

Iteration 7:  28000000 integrand evaluations so far
[1] -1627.51 +- 341.509  	chisq 7.66097 (6 df)

Iteration 8:  36000000 integrand evaluations so far
[1] -1418.86 +- 283.188  	chisq 8.85597 (7 df)

Iteration 9:  45000000 integrand evaluations so far
[1] -1557.26 +- 248.82  	chisq 9.90364 (8 df)

Iteration 10:  55000000 integrand evaluations so far
[1] -1674.42 +- 209.843  	chisq 10.6714 (9 df)
   -1.67 ±   0.21 ·10⁺⁰³ (4.81mi) ┃Vegas input parameters:
  ndim 8
  ncomp 1
  nvec 1
  epsrel 0
  epsabs 0
  flags 10
  seed 123456
  mineval 5000000
  maxeval 50000000
  nstart 1000000
  nincrease 1000000
  nbatch 5000
  gridno 0
  statefile ""

Iteration 1:  1000000 integrand evaluations so far
[1] 7141.84 +- 1096.58  	chisq 0 (0 df)

Iteration 2:  3000000 integrand evaluations so far
[1] 5257.66 +- 343.87  	chisq 3.27428 (1 df)

Iteration 3:  6000000 integrand evaluations so far
[1] 5660.44 +- 181.945  	chisq 5.1797 (2 df)

Iteration 4:  10000000 integrand evaluations so far
[1] 5691.94 +- 179.186  	chisq 6.17539 (3 df)

Iteration 5:  15000000 integrand evaluations so far
[1] 5704.64 +- 154.181  	chisq 6.19474 (4 df)

Iteration 6:  21000000 integrand evaluations so far
[1] 5873.99 +- 114.744  	chisq 8.89888 (5 df)

Iteration 7:  28000000 integrand evaluations so far
[1] 5934.73 +- 78.0248  	chisq 9.42008 (6 df)

Iteration 8:  36000000 integrand evaluations so far
[1] 5972.38 +- 59.5287  	chisq 9.97728 (7 df)

Iteration 9:  45000000 integrand evaluations so far
[1] 5996.06 +- 43.2519  	chisq 10.3124 (8 df)

Iteration 10:  55000000 integrand evaluations so far
[1] 5980.29 +- 31.4906  	chisq 10.5955 (9 df)
    5.98 ±  0.031 ·10⁺⁰³ (1.93mi) ┃    4.23 ±   0.21 ·10⁺⁰³ (7.98mi) ┃
┃   12 -    14 ┃   32 -    33 ┃  5.3608 ± 0.0015 ·10⁺⁰³ ( 10.6s) ┃-5.45023 ± 0.00099 ·10⁺⁰³ (4.47mi) ┃Vegas input parameters:
  ndim 10
  ncomp 1
  nvec 1
  epsrel 0
  epsabs 0
  flags 10
  seed 123456
  mineval 50000000
  maxeval 50000000
  nstart 1000000
  nincrease 1000000
  nbatch 5000
  gridno 0
  statefile ""

Iteration 1:  1000000 integrand evaluations so far
[1] -458.548 +- 2359.05  	chisq 0 (0 df)

Iteration 2:  3000000 integrand evaluations so far
[1] 1120.64 +- 1781.58  	chisq 1.04298 (1 df)

Iteration 3:  6000000 integrand evaluations so far
[1] 682.549 +- 1167.82  	chisq 1.149 (2 df)

Iteration 4:  10000000 integrand evaluations so far
[1] -610.607 +- 523.771  	chisq 2.68393 (3 df)

Iteration 5:  15000000 integrand evaluations so far
[1] -874.395 +- 422.595  	chisq 3.41066 (4 df)

Iteration 6:  21000000 integrand evaluations so far
[1] -1152.05 +- 332.826  	chisq 4.54752 (5 df)

Iteration 7:  28000000 integrand evaluations so far
[1] -1394.42 +- 315.147  	chisq 9.67503 (6 df)

Iteration 8:  36000000 integrand evaluations so far
[1] -1372.38 +- 308.83  	chisq 9.79823 (7 df)

Iteration 9:  45000000 integrand evaluations so far
[1] -1511.91 +- 270.685  	chisq 10.6789 (8 df)

Iteration 10:  55000000 integrand evaluations so far
[1] -1458.78 +- 232.855  	chisq 10.8271 (9 df)
   -1.46 ±   0.23 ·10⁺⁰³ (4.75mi) ┃Vegas input parameters:
  ndim 8
  ncomp 1
  nvec 1
  epsrel 0
  epsabs 0
  flags 10
  seed 123456
  mineval 5000000
  maxeval 50000000
  nstart 1000000
  nincrease 1000000
  nbatch 5000
  gridno 0
  statefile ""

Iteration 1:  1000000 integrand evaluations so far
[1] 7386.61 +- 1077.93  	chisq 0 (0 df)

Iteration 2:  3000000 integrand evaluations so far
[1] 7116.62 +- 408.343  	chisq 0.0732467 (1 df)

Iteration 3:  6000000 integrand evaluations so far
[1] 7144.54 +- 246.411  	chisq 0.0806007 (2 df)

Iteration 4:  10000000 integrand evaluations so far
[1] 7218.65 +- 140.241  	chisq 0.214394 (3 df)

Iteration 5:  15000000 integrand evaluations so far
[1] 6942.91 +- 78.066  	chisq 5.81606 (4 df)

Iteration 6:  21000000 integrand evaluations so far
[1] 7038.5 +- 60.5083  	chisq 9.57176 (5 df)

Iteration 7:  28000000 integrand evaluations so far
[1] 7084.86 +- 48.5677  	chisq 11.2215 (6 df)

Iteration 8:  36000000 integrand evaluations so far
[1] 7077.69 +- 38.6847  	chisq 11.2811 (7 df)

Iteration 9:  45000000 integrand evaluations so far
[1] 7068.84 +- 31.4179  	chisq 11.4349 (8 df)

Iteration 10:  55000000 integrand evaluations so far
[1] 7084.62 +- 26.6834  	chisq 12.3403 (9 df)
   7.085 ±  0.027 ·10⁺⁰³ (1.89mi) ┃    5.54 ±   0.23 ·10⁺⁰³ (11.3mi) ┃
┃   12 -    14 ┃   33 -    34 ┃   6.778 ±  0.006 ·10⁺⁰³ ( 19.4s) ┃ -6.8935 ± 0.0049 ·10⁺⁰³ (2.41mi) ┃Vegas input parameters:
  ndim 10
  ncomp 1
  nvec 1
  epsrel 0
  epsabs 0
  flags 10
  seed 123456
  mineval 50000000
  maxeval 50000000
  nstart 1000000
  nincrease 1000000
  nbatch 5000
  gridno 0
  statefile ""

Iteration 1:  1000000 integrand evaluations so far
[1] -4777.45 +- 1668.13  	chisq 0 (0 df)

Iteration 2:  3000000 integrand evaluations so far
[1] -3085.03 +- 1442.06  	chisq 4.07361 (1 df)

Iteration 3:  6000000 integrand evaluations so far
[1] -3132.23 +- 1324.72  	chisq 4.08047 (2 df)

Iteration 4:  10000000 integrand evaluations so far
[1] -2907 +- 948.898  	chisq 4.13984 (3 df)

Iteration 5:  15000000 integrand evaluations so far
[1] -2556.51 +- 521.303  	chisq 4.33524 (4 df)

Iteration 6:  21000000 integrand evaluations so far
[1] -2758.27 +- 469.235  	chisq 5.12456 (5 df)

Iteration 7:  28000000 integrand evaluations so far
[1] -2682.16 +- 434.409  	chisq 5.30864 (6 df)

Iteration 8:  36000000 integrand evaluations so far
[1] -2549.83 +- 430.152  	chisq 10.067 (7 df)

Iteration 9:  45000000 integrand evaluations so far
[1] -2347.76 +- 389.31  	chisq 11.287 (8 df)

Iteration 10:  55000000 integrand evaluations so far
[1] -2409.71 +- 371.908  	chisq 11.5767 (9 df)
   -2.41 ±   0.37 ·10⁺⁰³ (4.79mi) ┃Vegas input parameters:
  ndim 8
  ncomp 1
  nvec 1
  epsrel 0
  epsabs 0
  flags 10
  seed 123456
  mineval 5000000
  maxeval 50000000
  nstart 1000000
  nincrease 1000000
  nbatch 5000
  gridno 0
  statefile ""

Iteration 1:  1000000 integrand evaluations so far
[1] 8037.29 +- 1023.48  	chisq 0 (0 df)

Iteration 2:  3000000 integrand evaluations so far
[1] 8859.79 +- 547.576  	chisq 0.90483 (1 df)

Iteration 3:  6000000 integrand evaluations so far
[1] 8601.78 +- 216.624  	chisq 1.16805 (2 df)

Iteration 4:  10000000 integrand evaluations so far
[1] 9034.37 +- 144.75  	chisq 8.37285 (3 df)

Iteration 5:  15000000 integrand evaluations so far
[1] 8978.13 +- 102.14  	chisq 8.6735 (4 df)

Iteration 6:  21000000 integrand evaluations so far
[1] 9002.97 +- 69.8304  	chisq 8.78459 (5 df)

Iteration 7:  28000000 integrand evaluations so far
[1] 9020.13 +- 51.6483  	chisq 8.91781 (6 df)

Iteration 8:  36000000 integrand evaluations so far
[1] 9017.62 +- 41.4948  	chisq 8.92445 (7 df)

Iteration 9:  45000000 integrand evaluations so far
[1] 9033.94 +- 34.8088  	chisq 9.44635 (8 df)

Iteration 10:  55000000 integrand evaluations so far
[1] 9014.58 +- 30.6473  	chisq 10.8229 (9 df)
   9.015 ±  0.031 ·10⁺⁰³ (1.85mi) ┃    6.49 ±   0.37 ·10⁺⁰³ (9.37mi) ┃
┃   12 -    14 ┃   34 -    35 ┃  8.7888 ±  0.005 ·10⁺⁰³ (   19s) ┃ -8.9171 ± 0.0059 ·10⁺⁰³ (4.62mi) ┃Vegas input parameters:
  ndim 10
  ncomp 1
  nvec 1
  epsrel 0
  epsabs 0
  flags 10
  seed 123456
  mineval 50000000
  maxeval 50000000
  nstart 1000000
  nincrease 1000000
  nbatch 5000
  gridno 0
  statefile ""

Iteration 1:  1000000 integrand evaluations so far
[1] -2424.83 +- 2270.5  	chisq 0 (0 df)

Iteration 2:  3000000 integrand evaluations so far
[1] -2468.74 +- 951.072  	chisq 0.000453722 (1 df)

Iteration 3:  6000000 integrand evaluations so far
[1] -2402.3 +- 746.359  	chisq 0.0131579 (2 df)

Iteration 4:  10000000 integrand evaluations so far
[1] -2782.29 +- 651.049  	chisq 1.09728 (3 df)

Iteration 5:  15000000 integrand evaluations so far
[1] -2383.92 +- 450.809  	chisq 1.81657 (4 df)

Iteration 6:  21000000 integrand evaluations so far
[1] -2236.56 +- 355.954  	chisq 2.10033 (5 df)

Iteration 7:  28000000 integrand evaluations so far
[1] -2322.22 +- 342.507  	chisq 2.88168 (6 df)

Iteration 8:  36000000 integrand evaluations so far
[1] -2309.31 +- 321.604  	chisq 2.8937 (7 df)

Iteration 9:  45000000 integrand evaluations so far
[1] -2278.03 +- 320.199  	chisq 3.97869 (8 df)

Iteration 10:  55000000 integrand evaluations so far
[1] -2271.11 +- 307.403  	chisq 3.98465 (9 df)
   -2.27 ±   0.31 ·10⁺⁰³ (4.87mi) ┃Vegas input parameters:
  ndim 8
  ncomp 1
  nvec 1
  epsrel 0
  epsabs 0
  flags 10
  seed 123456
  mineval 5000000
  maxeval 50000000
  nstart 1000000
  nincrease 1000000
  nbatch 5000
  gridno 0
  statefile ""

Iteration 1:  1000000 integrand evaluations so far
[1] 12745.6 +- 1269.25  	chisq 0 (0 df)

Iteration 2:  3000000 integrand evaluations so far
[1] 11606.2 +- 255.923  	chisq 0.840003 (1 df)

Iteration 3:  6000000 integrand evaluations so far
[1] 11692.3 +- 131.147  	chisq 0.9936 (2 df)

Iteration 4:  10000000 integrand evaluations so far
[1] 11772.2 +- 92.8055  	chisq 1.73732 (3 df)

Iteration 5:  15000000 integrand evaluations so far
[1] 11737.2 +- 71.6947  	chisq 2.09032 (4 df)

Iteration 6:  21000000 integrand evaluations so far
[1] 11674.4 +- 56.5423  	chisq 4.12248 (5 df)

Iteration 7:  28000000 integrand evaluations so far
[1] 11668 +- 46.7199  	chisq 4.16269 (6 df)

Iteration 8:  36000000 integrand evaluations so far
[1] 11634.4 +- 39.868  	chisq 6.06553 (7 df)

Iteration 9:  45000000 integrand evaluations so far
[1] 11661.7 +- 34.7873  	chisq 8.03416 (8 df)

Iteration 10:  55000000 integrand evaluations so far
[1] 11666 +- 30.8445  	chisq 8.10648 (9 df)
  11.666 ±  0.031 ·10⁺⁰³ (1.87mi) ┃    9.27 ±   0.31 ·10⁺⁰³ (11.7mi) ┃
┃   12 -    14 ┃   35 -    36 ┃  7.8682 ±  0.006 ·10⁺⁰³ (1.18mi) ┃  -8.007 ± 0.0038 ·10⁺⁰³ (8.68mi) ┃Vegas input parameters:
  ndim 10
  ncomp 1
  nvec 1
  epsrel 0
  epsabs 0
  flags 10
  seed 123456
  mineval 50000000
  maxeval 50000000
  nstart 1000000
  nincrease 1000000
  nbatch 5000
  gridno 0
  statefile ""

Iteration 1:  1000000 integrand evaluations so far
[1] 19374 +- 21623.7  	chisq 0 (0 df)

Iteration 2:  3000000 integrand evaluations so far
[1] -1560.34 +- 1101.06  	chisq 0.93969 (1 df)

Iteration 3:  6000000 integrand evaluations so far
[1] -2194.48 +- 745.577  	chisq 1.55229 (2 df)

Iteration 4:  10000000 integrand evaluations so far
[1] -2307.55 +- 692.033  	chisq 1.71836 (3 df)

Iteration 5:  15000000 integrand evaluations so far
[1] -2045.33 +- 635.295  	chisq 2.63135 (4 df)

Iteration 6:  21000000 integrand evaluations so far
[1] -2118.22 +- 622.948  	chisq 2.97336 (5 df)

Iteration 7:  28000000 integrand evaluations so far
[1] -2011.01 +- 545.608  	chisq 3.10053 (6 df)

Iteration 8:  36000000 integrand evaluations so far
[1] -1750.08 +- 414.216  	chisq 3.64042 (7 df)

Iteration 9:  45000000 integrand evaluations so far
[1] -1710.04 +- 411.565  	chisq 4.37266 (8 df)

Iteration 10:  55000000 integrand evaluations so far
[1] -1754.34 +- 355.609  	chisq 4.41837 (9 df)
   -1.75 ±   0.36 ·10⁺⁰³ (4.83mi) ┃Vegas input parameters:
  ndim 8
  ncomp 1
  nvec 1
  epsrel 0
  epsabs 0
  flags 10
  seed 123456
  mineval 5000000
  maxeval 50000000
  nstart 1000000
  nincrease 1000000
  nbatch 5000
  gridno 0
  statefile ""

Iteration 1:  1000000 integrand evaluations so far
[1] 10899.4 +- 1210.89  	chisq 0 (0 df)

Iteration 2:  3000000 integrand evaluations so far
[1] 10108.7 +- 285.877  	chisq 0.451499 (1 df)

Iteration 3:  6000000 integrand evaluations so far
[1] 10430.4 +- 157.545  	chisq 2.27 (2 df)

Iteration 4:  10000000 integrand evaluations so far
[1] 10422.8 +- 96.6378  	chisq 2.27371 (3 df)

Iteration 5:  15000000 integrand evaluations so far
[1] 10377.3 +- 72.309  	chisq 2.77914 (4 df)

Iteration 6:  21000000 integrand evaluations so far
[1] 10410.9 +- 66.4039  	chisq 4.16408 (5 df)

Iteration 7:  28000000 integrand evaluations so far
[1] 10427.1 +- 56.5079  	chisq 4.378 (6 df)

Iteration 8:  36000000 integrand evaluations so far
[1] 10419.9 +- 45.5927  	chisq 4.42366 (7 df)

Iteration 9:  45000000 integrand evaluations so far
[1] 10397.2 +- 37.7956  	chisq 5.22127 (8 df)

Iteration 10:  55000000 integrand evaluations so far
[1] 10413.4 +- 32.6009  	chisq 5.94278 (9 df)
  10.413 ±  0.033 ·10⁺⁰³ (1.82mi) ┃    8.52 ±   0.36 ·10⁺⁰³ (16.5mi) ┃
┃   12 -    14 ┃   36 -    37 ┃  7.0374 ± 0.0037 ·10⁺⁰³ ( 1.2mi) ┃ -7.4523 ± 0.0053 ·10⁺⁰³ ( 33.5s) ┃Vegas input parameters:
  ndim 10
  ncomp 1
  nvec 1
  epsrel 0
  epsabs 0
  flags 10
  seed 123456
  mineval 50000000
  maxeval 50000000
  nstart 1000000
  nincrease 1000000
  nbatch 5000
  gridno 0
  statefile ""

Iteration 1:  1000000 integrand evaluations so far
[1] -5812.43 +- 4823.71  	chisq 0 (0 df)

Iteration 2:  3000000 integrand evaluations so far
[1] -4938.55 +- 1229.25  	chisq 0.0350991 (1 df)

Iteration 3:  6000000 integrand evaluations so far
[1] -3492.28 +- 832.469  	chisq 2.592 (2 df)

Iteration 4:  10000000 integrand evaluations so far
[1] -2649.97 +- 565.855  	chisq 4.49506 (3 df)

Iteration 5:  15000000 integrand evaluations so far
[1] -2707.53 +- 560.456  	chisq 5.03992 (4 df)

Iteration 6:  21000000 integrand evaluations so far
[1] -2598.2 +- 493.791  	chisq 5.21 (5 df)

Iteration 7:  28000000 integrand evaluations so far
[1] -2563.89 +- 411.959  	chisq 5.22588 (6 df)

Iteration 8:  36000000 integrand evaluations so far
[1] -2509.3 +- 297.006  	chisq 5.26246 (7 df)

Iteration 9:  45000000 integrand evaluations so far
[1] -2616.8 +- 269.543  	chisq 6.00517 (8 df)

Iteration 10:  55000000 integrand evaluations so far
[1] -2486.99 +- 223.625  	chisq 6.74932 (9 df)
   -2.49 ±   0.22 ·10⁺⁰³ (4.88mi) ┃Vegas input parameters:
  ndim 8
  ncomp 1
  nvec 1
  epsrel 0
  epsabs 0
  flags 10
  seed 123456
  mineval 5000000
  maxeval 50000000
  nstart 1000000
  nincrease 1000000
  nbatch 5000
  gridno 0
  statefile ""

Iteration 1:  1000000 integrand evaluations so far
[1] 8854.62 +- 1054.69  	chisq 0 (0 df)

Iteration 2:  3000000 integrand evaluations so far
[1] 9351.89 +- 439.993  	chisq 0.269143 (1 df)

Iteration 3:  6000000 integrand evaluations so far
[1] 9266.18 +- 213.474  	chisq 0.318772 (2 df)

Iteration 4:  10000000 integrand evaluations so far
[1] 9311.22 +- 206.906  	chisq 1.05335 (3 df)

Iteration 5:  15000000 integrand evaluations so far
[1] 9269.19 +- 156.14  	chisq 1.14919 (4 df)

Iteration 6:  21000000 integrand evaluations so far
[1] 9282.99 +- 90.9122  	chisq 1.16102 (5 df)

Iteration 7:  28000000 integrand evaluations so far
[1] 9346.12 +- 62.8633  	chisq 2.08493 (6 df)

Iteration 8:  36000000 integrand evaluations so far
[1] 9291.56 +- 47.645  	chisq 3.85484 (7 df)

Iteration 9:  45000000 integrand evaluations so far
[1] 9278.33 +- 38.1498  	chisq 4.06962 (8 df)

Iteration 10:  55000000 integrand evaluations so far
[1] 9292.3 +- 32.4702  	chisq 4.55589 (9 df)
   9.292 ±  0.032 ·10⁺⁰³ (1.85mi) ┃    6.39 ±   0.23 ·10⁺⁰³ (8.49mi) ┃
┃   12 -    14 ┃   37 -    38 ┃  6.7366 ± 0.0041 ·10⁺⁰³ (2.13mi) ┃ -6.8707 ± 0.0058 ·10⁺⁰³ (8.54mi) ┃Vegas input parameters:
  ndim 10
  ncomp 1
  nvec 1
  epsrel 0
  epsabs 0
  flags 10
  seed 123456
  mineval 50000000
  maxeval 50000000
  nstart 1000000
  nincrease 1000000
  nbatch 5000
  gridno 0
  statefile ""

Iteration 1:  1000000 integrand evaluations so far
[1] -2493.06 +- 1749.49  	chisq 0 (0 df)

Iteration 2:  3000000 integrand evaluations so far
[1] -1592.49 +- 880.346  	chisq 0.354826 (1 df)

Iteration 3:  6000000 integrand evaluations so far
[1] -1545.11 +- 870.46  	chisq 0.484554 (2 df)

Iteration 4:  10000000 integrand evaluations so far
[1] -1626.5 +- 866.786  	chisq 1.52233 (3 df)

Iteration 5:  15000000 integrand evaluations so far
[1] -1319.57 +- 844.844  	chisq 4.03072 (4 df)

Iteration 6:  21000000 integrand evaluations so far
[1] -1541.05 +- 817.375  	chisq 5.10501 (5 df)

Iteration 7:  28000000 integrand evaluations so far
[1] -1264.05 +- 491.667  	chisq 5.28497 (6 df)

Iteration 8:  36000000 integrand evaluations so far
[1] -1304.78 +- 490.298  	chisq 6.51808 (7 df)

Iteration 9:  45000000 integrand evaluations so far
[1] -1565.69 +- 417.196  	chisq 7.54424 (8 df)

Iteration 10:  55000000 integrand evaluations so far
[1] -1728.5 +- 409.472  	chisq 11.6954 (9 df)
   -1.73 ±   0.41 ·10⁺⁰³ (4.93mi) ┃Vegas input parameters:
  ndim 8
  ncomp 1
  nvec 1
  epsrel 0
  epsabs 0
  flags 10
  seed 123456
  mineval 5000000
  maxeval 50000000
  nstart 1000000
  nincrease 1000000
  nbatch 5000
  gridno 0
  statefile ""

Iteration 1:  1000000 integrand evaluations so far
[1] 7204.77 +- 931.155  	chisq 0 (0 df)

Iteration 2:  3000000 integrand evaluations so far
[1] 8051.08 +- 304.662  	chisq 0.925093 (1 df)

Iteration 3:  6000000 integrand evaluations so far
[1] 8418.36 +- 165.278  	chisq 2.98458 (2 df)

Iteration 4:  10000000 integrand evaluations so far
[1] 8553.32 +- 105.068  	chisq 4.10354 (3 df)

Iteration 5:  15000000 integrand evaluations so far
[1] 8737.12 +- 74.7193  	chisq 10.2949 (4 df)

Iteration 6:  21000000 integrand evaluations so far
[1] 8766.86 +- 54.8053  	chisq 10.6378 (5 df)

Iteration 7:  28000000 integrand evaluations so far
[1] 8852.81 +- 44.0952  	chisq 17.6125 (6 df)

Iteration 8:  36000000 integrand evaluations so far
[1] 8848.54 +- 37.1164  	chisq 17.6447 (7 df)

Iteration 9:  45000000 integrand evaluations so far
[1] 8878.18 +- 32.0719  	chisq 20.1611 (8 df)

Iteration 10:  55000000 integrand evaluations so far
[1] 8879.28 +- 28.1075  	chisq 20.1662 (9 df)
   8.879 ±  0.028 ·10⁺⁰³ (1.81mi) ┃    7.02 ±   0.41 ·10⁺⁰³ (17.4mi) ┃
┃   12 -    14 ┃   38 -    39 ┃  6.6102 ± 0.0032 ·10⁺⁰³ (2.07mi) ┃ -6.7358 ± 0.0047 ·10⁺⁰³ (8.51mi) ┃Vegas input parameters:
  ndim 10
  ncomp 1
  nvec 1
  epsrel 0
  epsabs 0
  flags 10
  seed 123456
  mineval 50000000
  maxeval 50000000
  nstart 1000000
  nincrease 1000000
  nbatch 5000
  gridno 0
  statefile ""

Iteration 1:  1000000 integrand evaluations so far
[1] -1602.38 +- 3539.78  	chisq 0 (0 df)

Iteration 2:  3000000 integrand evaluations so far
[1] -1962.87 +- 2127.19  	chisq 0.0162334 (1 df)

Iteration 3:  6000000 integrand evaluations so far
[1] 28.1391 +- 873.081  	chisq 1.06977 (2 df)

Iteration 4:  10000000 integrand evaluations so far
[1] 60.9974 +- 850.959  	chisq 1.09808 (3 df)

Iteration 5:  15000000 integrand evaluations so far
[1] -49.7973 +- 644.195  	chisq 1.13779 (4 df)

Iteration 6:  21000000 integrand evaluations so far
[1] -1075.38 +- 507.439  	chisq 7.81642 (5 df)

Iteration 7:  28000000 integrand evaluations so far
[1] -1103.12 +- 441.209  	chisq 7.82866 (6 df)

Iteration 8:  36000000 integrand evaluations so far
[1] -1088.93 +- 440.894  	chisq 8.55315 (7 df)

Iteration 9:  45000000 integrand evaluations so far
[1] -1167.58 +- 427.086  	chisq 9.06932 (8 df)

Iteration 10:  55000000 integrand evaluations so far
[1] -1322.02 +- 403.197  	chisq 10.2718 (9 df)
   -1.32 ±    0.4 ·10⁺⁰³ (5.01mi) ┃Vegas input parameters:
  ndim 8
  ncomp 1
  nvec 1
  epsrel 0
  epsabs 0
  flags 10
  seed 123456
  mineval 5000000
  maxeval 50000000
  nstart 1000000
  nincrease 1000000
  nbatch 5000
  gridno 0
  statefile ""

Iteration 1:  1000000 integrand evaluations so far
[1] 9860.25 +- 1103.12  	chisq 0 (0 df)

Iteration 2:  3000000 integrand evaluations so far
[1] 8555.35 +- 286.968  	chisq 1.50088 (1 df)

Iteration 3:  6000000 integrand evaluations so far
[1] 8662.49 +- 174.925  	chisq 1.72271 (2 df)

Iteration 4:  10000000 integrand evaluations so far
[1] 8616.5 +- 101.132  	chisq 1.82653 (3 df)

Iteration 5:  15000000 integrand evaluations so far
[1] 8685.05 +- 70.7301  	chisq 2.72563 (4 df)

Iteration 6:  21000000 integrand evaluations so far
[1] 8671.65 +- 58.4253  	chisq 2.83854 (5 df)

Iteration 7:  28000000 integrand evaluations so far
[1] 8648.05 +- 47.6293  	chisq 3.32478 (6 df)

Iteration 8:  36000000 integrand evaluations so far
[1] 8638.08 +- 38.6303  	chisq 3.45301 (7 df)

Iteration 9:  45000000 integrand evaluations so far
[1] 8619.06 +- 32.4267  	chisq 4.2733 (8 df)

Iteration 10:  55000000 integrand evaluations so far
[1] 8625.36 +- 28.1445  	chisq 4.42614 (9 df)
   8.625 ±  0.028 ·10⁺⁰³ (1.82mi) ┃    7.18 ±    0.4 ·10⁺⁰³ (17.4mi) ┃
┃   12 -    14 ┃   39 -    40 ┃  6.4432 ± 0.0032 ·10⁺⁰³ (1.17mi) ┃ -6.5358 ± 0.0029 ·10⁺⁰³ (16.7mi) ┃Vegas input parameters:
  ndim 10
  ncomp 1
  nvec 1
  epsrel 0
  epsabs 0
  flags 10
  seed 123456
  mineval 50000000
  maxeval 50000000
  nstart 1000000
  nincrease 1000000
  nbatch 5000
  gridno 0
  statefile ""

Iteration 1:  1000000 integrand evaluations so far
[1] 9060.04 +- 10991.3  	chisq 0 (0 df)

Iteration 2:  3000000 integrand evaluations so far
[1] -1212.58 +- 8279.52  	chisq 2.01936 (1 df)

Iteration 3:  6000000 integrand evaluations so far
[1] -3385.8 +- 3070.21  	chisq 2.09924 (2 df)

Iteration 4:  10000000 integrand evaluations so far
[1] -2504.26 +- 905.974  	chisq 2.18954 (3 df)

Iteration 5:  15000000 integrand evaluations so far
[1] -2250.47 +- 682.114  	chisq 2.37072 (4 df)

Iteration 6:  21000000 integrand evaluations so far
[1] -2465.13 +- 614.824  	chisq 2.89875 (5 df)

Iteration 7:  28000000 integrand evaluations so far
[1] -1722.32 +- 452.656  	chisq 6.0861 (6 df)

Iteration 8:  36000000 integrand evaluations so far
[1] -1808.65 +- 437.865  	chisq 6.65182 (7 df)

Iteration 9:  45000000 integrand evaluations so far
[1] -1823.21 +- 426.389  	chisq 6.6732 (8 df)

Iteration 10:  55000000 integrand evaluations so far
[1] -1827.75 +- 380.532  	chisq 6.67376 (9 df)
   -1.83 ±   0.38 ·10⁺⁰³ ( 4.9mi) ┃Vegas input parameters:
  ndim 8
  ncomp 1
  nvec 1
  epsrel 0
  epsabs 0
  flags 10
  seed 123456
  mineval 5000000
  maxeval 50000000
  nstart 1000000
  nincrease 1000000
  nbatch 5000
  gridno 0
  statefile ""

Iteration 1:  1000000 integrand evaluations so far
[1] 8219.7 +- 958.147  	chisq 0 (0 df)

Iteration 2:  3000000 integrand evaluations so far
[1] 8301.76 +- 296.377  	chisq 0.00811183 (1 df)

Iteration 3:  6000000 integrand evaluations so far
[1] 8265.77 +- 185.638  	chisq 0.0323825 (2 df)

Iteration 4:  10000000 integrand evaluations so far
[1] 8298.69 +- 114.577  	chisq 0.0832046 (3 df)

Iteration 5:  15000000 integrand evaluations so far
[1] 8321.38 +- 80.4357  	chisq 0.160493 (4 df)

Iteration 6:  21000000 integrand evaluations so far
[1] 8342.05 +- 58.6153  	chisq 0.301347 (5 df)

Iteration 7:  28000000 integrand evaluations so far
[1] 8347 +- 44.9892  	chisq 0.318719 (6 df)

Iteration 8:  36000000 integrand evaluations so far
[1] 8370.85 +- 36.8073  	chisq 1.1683 (7 df)

Iteration 9:  45000000 integrand evaluations so far
[1] 8413.76 +- 31.4284  	chisq 6.18509 (8 df)

Iteration 10:  55000000 integrand evaluations so far
[1] 8381.99 +- 27.2294  	chisq 10.2829 (9 df)
   8.382 ±  0.027 ·10⁺⁰³ (1.83mi) ┃    6.46 ±   0.38 ·10⁺⁰³ (24.6mi) ┃
┃   12 -    14 ┃   40 -    41 ┃  6.1682 ± 0.0026 ·10⁺⁰³ ( 21.4s) ┃ -6.2627 ± 0.0011 ·10⁺⁰³ (8.34mi) ┃Vegas input parameters:
  ndim 10
  ncomp 1
  nvec 1
  epsrel 0
  epsabs 0
  flags 10
  seed 123456
  mineval 50000000
  maxeval 50000000
  nstart 1000000
  nincrease 1000000
  nbatch 5000
  gridno 0
  statefile ""

Iteration 1:  1000000 integrand evaluations so far
[1] -2351.93 +- 2710.67  	chisq 0 (0 df)

Iteration 2:  3000000 integrand evaluations so far
[1] -1290.49 +- 1819.88  	chisq 0.279165 (1 df)

Iteration 3:  6000000 integrand evaluations so far
[1] -2786.41 +- 1124.49  	chisq 1.37209 (2 df)

Iteration 4:  10000000 integrand evaluations so far
[1] -2942.52 +- 936.249  	chisq 1.43492 (3 df)

Iteration 5:  15000000 integrand evaluations so far
[1] -2551.32 +- 557.041  	chisq 1.70517 (4 df)

Iteration 6:  21000000 integrand evaluations so far
[1] -2065.97 +- 484.982  	chisq 4.84235 (5 df)

Iteration 7:  28000000 integrand evaluations so far
[1] -1736.45 +- 435.142  	chisq 7.21008 (6 df)

Iteration 8:  36000000 integrand evaluations so far
[1] -1633.67 +- 426.164  	chisq 8.57614 (7 df)

Iteration 9:  45000000 integrand evaluations so far
[1] -1721.02 +- 383.521  	chisq 8.79711 (8 df)

Iteration 10:  55000000 integrand evaluations so far
[1] -1520.14 +- 329.762  	chisq 9.84944 (9 df)
   -1.52 ±   0.33 ·10⁺⁰³ (4.87mi) ┃Vegas input parameters:
  ndim 8
  ncomp 1
  nvec 1
  epsrel 0
  epsabs 0
  flags 10
  seed 123456
  mineval 5000000
  maxeval 50000000
  nstart 1000000
  nincrease 1000000
  nbatch 5000
  gridno 0
  statefile ""

Iteration 1:  1000000 integrand evaluations so far
[1] 8103.58 +- 1028.21  	chisq 0 (0 df)

Iteration 2:  3000000 integrand evaluations so far
[1] 7790.16 +- 313.568  	chisq 0.102441 (1 df)

Iteration 3:  6000000 integrand evaluations so far
[1] 7669.85 +- 162.738  	chisq 0.303931 (2 df)

Iteration 4:  10000000 integrand evaluations so far
[1] 7943.8 +- 126.106  	chisq 7.3967 (3 df)

Iteration 5:  15000000 integrand evaluations so far
[1] 8031.81 +- 92.8369  	chisq 8.46 (4 df)

Iteration 6:  21000000 integrand evaluations so far
[1] 8008.75 +- 64.4473  	chisq 8.57907 (5 df)

Iteration 7:  28000000 integrand evaluations so far
[1] 8047.28 +- 47.374  	chisq 9.35649 (6 df)

Iteration 8:  36000000 integrand evaluations so far
[1] 8073.88 +- 38.1461  	chisq 10.2537 (7 df)

Iteration 9:  45000000 integrand evaluations so far
[1] 8080.72 +- 31.7436  	chisq 10.358 (8 df)

Iteration 10:  55000000 integrand evaluations so far
[1] 8079.33 +- 27.7469  	chisq 10.3661 (9 df)
   8.079 ±  0.028 ·10⁺⁰³ (1.82mi) ┃    6.46 ±   0.33 ·10⁺⁰³ (15.4mi) ┃
┃   12 -    14 ┃   41 -    42 ┃   5.972 ± 0.0016 ·10⁺⁰³ (2.42mi) ┃ -6.0821 ± 0.0053 ·10⁺⁰³ (  16mi) ┃Vegas input parameters:
  ndim 10
  ncomp 1
  nvec 1
  epsrel 0
  epsabs 0
  flags 10
  seed 123456
  mineval 50000000
  maxeval 50000000
  nstart 1000000
  nincrease 1000000
  nbatch 5000
  gridno 0
  statefile ""

Iteration 1:  1000000 integrand evaluations so far
[1] -5581.51 +- 3029.89  	chisq 0 (0 df)

Iteration 2:  3000000 integrand evaluations so far
[1] -1067.65 +- 1718.29  	chisq 3.27166 (1 df)

Iteration 3:  6000000 integrand evaluations so far
[1] -2147.78 +- 667.314  	chisq 3.73699 (2 df)

Iteration 4:  10000000 integrand evaluations so far
[1] -1529.77 +- 436.95  	chisq 5.23844 (3 df)

Iteration 5:  15000000 integrand evaluations so far
[1] -1447.82 +- 417.804  	chisq 5.64873 (4 df)

Iteration 6:  21000000 integrand evaluations so far
[1] -1672.35 +- 377.679  	chisq 7.22815 (5 df)

Iteration 7:  28000000 integrand evaluations so far
[1] -1699.19 +- 376.799  	chisq 8.31313 (6 df)

Iteration 8:  36000000 integrand evaluations so far
[1] -1602.73 +- 345.143  	chisq 8.72028 (7 df)

Iteration 9:  45000000 integrand evaluations so far
[1] -1660.61 +- 337.373  	chisq 9.35213 (8 df)

Iteration 10:  55000000 integrand evaluations so far
[1] -1696.16 +- 332.892  	chisq 9.7729 (9 df)
    -1.7 ±   0.33 ·10⁺⁰³ (4.88mi) ┃Vegas input parameters:
  ndim 8
  ncomp 1
  nvec 1
  epsrel 0
  epsabs 0
  flags 10
  seed 123456
  mineval 5000000
  maxeval 50000000
  nstart 1000000
  nincrease 1000000
  nbatch 5000
  gridno 0
  statefile ""

Iteration 1:  1000000 integrand evaluations so far
[1] 8083.05 +- 957.57  	chisq 0 (0 df)

Iteration 2:  3000000 integrand evaluations so far
[1] 7770.26 +- 368.822  	chisq 0.125285 (1 df)

Iteration 3:  6000000 integrand evaluations so far
[1] 7851.69 +- 240.581  	chisq 0.210119 (2 df)

Iteration 4:  10000000 integrand evaluations so far
[1] 7755.58 +- 135.65  	chisq 0.444104 (3 df)

Iteration 5:  15000000 integrand evaluations so far
[1] 7869.49 +- 81.4378  	chisq 1.54676 (4 df)

Iteration 6:  21000000 integrand evaluations so far
[1] 7826.13 +- 61.8739  	chisq 2.21728 (5 df)

Iteration 7:  28000000 integrand evaluations so far
[1] 7800.52 +- 48.3695  	chisq 2.65809 (6 df)

Iteration 8:  36000000 integrand evaluations so far
[1] 7801.15 +- 38.4843  	chisq 2.65857 (7 df)

Iteration 9:  45000000 integrand evaluations so far
[1] 7836.16 +- 33.2974  	chisq 5.94989 (8 df)

Iteration 10:  55000000 integrand evaluations so far
[1] 7826.73 +- 29.2387  	chisq 6.30016 (9 df)
   7.827 ±  0.029 ·10⁺⁰³ (1.86mi) ┃    6.02 ±   0.33 ·10⁺⁰³ (25.2mi) ┃
┃   12 -    14 ┃   42 -    43 ┃  5.8066 ± 0.0046 ·10⁺⁰³ (1.36mi) ┃ -5.9304 ±  0.005 ·10⁺⁰³ (2.09mi) ┃Vegas input parameters:
  ndim 10
  ncomp 1
  nvec 1
  epsrel 0
  epsabs 0
  flags 10
  seed 123456
  mineval 50000000
  maxeval 50000000
  nstart 1000000
  nincrease 1000000
  nbatch 5000
  gridno 0
  statefile ""

Iteration 1:  1000000 integrand evaluations so far
[1] -10961.5 +- 8263.34  	chisq 0 (0 df)

Iteration 2:  3000000 integrand evaluations so far
[1] -3430.84 +- 1340.84  	chisq 0.852992 (1 df)

Iteration 3:  6000000 integrand evaluations so far
[1] -1983.02 +- 801.945  	chisq 2.66826 (2 df)

Iteration 4:  10000000 integrand evaluations so far
[1] -2236.76 +- 576.131  	chisq 2.87515 (3 df)

Iteration 5:  15000000 integrand evaluations so far
[1] -2269.2 +- 413.458  	chisq 2.88169 (4 df)

Iteration 6:  21000000 integrand evaluations so far
[1] -2520.18 +- 374.55  	chisq 4.93623 (5 df)

Iteration 7:  28000000 integrand evaluations so far
[1] -2436.6 +- 359.335  	chisq 5.56184 (6 df)

Iteration 8:  36000000 integrand evaluations so far
[1] -2210.93 +- 341.676  	chisq 9.6758 (7 df)

Iteration 9:  45000000 integrand evaluations so far
[1] -1936.1 +- 256.65  	chisq 11.1605 (8 df)

Iteration 10:  55000000 integrand evaluations so far
[1] -1974.15 +- 234.088  	chisq 11.2913 (9 df)
   -1.97 ±   0.23 ·10⁺⁰³ (4.85mi) ┃Vegas input parameters:
  ndim 8
  ncomp 1
  nvec 1
  epsrel 0
  epsabs 0
  flags 10
  seed 123456
  mineval 5000000
  maxeval 50000000
  nstart 1000000
  nincrease 1000000
  nbatch 5000
  gridno 0
  statefile ""

Iteration 1:  1000000 integrand evaluations so far
[1] 6899.49 +- 921.682  	chisq 0 (0 df)

Iteration 2:  3000000 integrand evaluations so far
[1] 7553.12 +- 496.218  	chisq 0.708182 (1 df)

Iteration 3:  6000000 integrand evaluations so far
[1] 7796.09 +- 257.966  	chisq 1.03674 (2 df)

Iteration 4:  10000000 integrand evaluations so far
[1] 7771.24 +- 121.98  	chisq 1.04869 (3 df)

Iteration 5:  15000000 integrand evaluations so far
[1] 7762.63 +- 71.7393  	chisq 1.0563 (4 df)

Iteration 6:  21000000 integrand evaluations so far
[1] 7711.3 +- 49.9821  	chisq 2.05133 (5 df)

Iteration 7:  28000000 integrand evaluations so far
[1] 7704.91 +- 38.519  	chisq 2.09159 (6 df)

Iteration 8:  36000000 integrand evaluations so far
[1] 7693.85 +- 32.6513  	chisq 2.38445 (7 df)

Iteration 9:  45000000 integrand evaluations so far
[1] 7701.05 +- 28.5057  	chisq 2.58882 (8 df)

Iteration 10:  55000000 integrand evaluations so far
[1] 7685.83 +- 25.0517  	chisq 3.83996 (9 df)
   7.686 ±  0.025 ·10⁺⁰³ (1.88mi) ┃    5.59 ±   0.24 ·10⁺⁰³ (10.2mi) ┃
┃   12 -    14 ┃   43 -    44 ┃  5.6756 ± 0.0051 ·10⁺⁰³ (2.16mi) ┃ -5.7693 ± 0.0038 ·10⁺⁰³ (30.5mi) ┃Vegas input parameters:
  ndim 10
  ncomp 1
  nvec 1
  epsrel 0
  epsabs 0
  flags 10
  seed 123456
  mineval 50000000
  maxeval 50000000
  nstart 1000000
  nincrease 1000000
  nbatch 5000
  gridno 0
  statefile ""

Iteration 1:  1000000 integrand evaluations so far
[1] -4165.84 +- 2077.93  	chisq 0 (0 df)

Iteration 2:  3000000 integrand evaluations so far
[1] -4248.87 +- 1678.93  	chisq 0.00459904 (1 df)

Iteration 3:  6000000 integrand evaluations so far
[1] -1685.08 +- 954.795  	chisq 3.45106 (2 df)

Iteration 4:  10000000 integrand evaluations so far
[1] -1210.74 +- 761.051  	chisq 4.12788 (3 df)

Iteration 5:  15000000 integrand evaluations so far
[1] -1105.05 +- 623.521  	chisq 4.18654 (4 df)

Iteration 6:  21000000 integrand evaluations so far
[1] -919.406 +- 585.284  	chisq 4.93221 (5 df)

Iteration 7:  28000000 integrand evaluations so far
[1] -1028.88 +- 435.672  	chisq 5.01068 (6 df)

Iteration 8:  36000000 integrand evaluations so far
[1] -1280.89 +- 237.342  	chisq 5.48644 (7 df)

Iteration 9:  45000000 integrand evaluations so far
[1] -1321.99 +- 224.625  	chisq 5.77398 (8 df)

Iteration 10:  55000000 integrand evaluations so far
[1] -1396.44 +- 195.739  	chisq 6.23054 (9 df)
    -1.4 ±    0.2 ·10⁺⁰³ (4.94mi) ┃Vegas input parameters:
  ndim 8
  ncomp 1
  nvec 1
  epsrel 0
  epsabs 0
  flags 10
  seed 123456
  mineval 5000000
  maxeval 50000000
  nstart 1000000
  nincrease 1000000
  nbatch 5000
  gridno 0
  statefile ""

Iteration 1:  1000000 integrand evaluations so far
[1] 7059.48 +- 870.849  	chisq 0 (0 df)

Iteration 2:  3000000 integrand evaluations so far
[1] 7547.58 +- 262.625  	chisq 0.34557 (1 df)

Iteration 3:  6000000 integrand evaluations so far
[1] 7521.34 +- 131.985  	chisq 0.358922 (2 df)

Iteration 4:  10000000 integrand evaluations so far
[1] 7552.71 +- 81.7635  	chisq 0.45058 (3 df)

Iteration 5:  15000000 integrand evaluations so far
[1] 7529.73 +- 58.4635  	chisq 0.612232 (4 df)

Iteration 6:  21000000 integrand evaluations so far
[1] 7546.9 +- 45.2202  	chisq 0.827057 (5 df)

Iteration 7:  28000000 integrand evaluations so far
[1] 7517.08 +- 36.0999  	chisq 2.02617 (6 df)

Iteration 8:  36000000 integrand evaluations so far
[1] 7511.54 +- 30.0878  	chisq 2.10324 (7 df)

Iteration 9:  45000000 integrand evaluations so far
[1] 7507.6 +- 25.7461  	chisq 2.16747 (8 df)

Iteration 10:  55000000 integrand evaluations so far
[1] 7509.39 +- 22.6612  	chisq 2.18887 (9 df)
   7.509 ±  0.023 ·10⁺⁰³ (1.87mi) ┃    6.02 ±    0.2 ·10⁺⁰³ (39.4mi) ┃
┃   12 -    14 ┃   44 -    45 ┃  5.5713 ± 0.0015 ·10⁺⁰³ ( 43.1s) ┃ -5.6487 ±  0.005 ·10⁺⁰³ (14.9mi) ┃Vegas input parameters:
  ndim 10
  ncomp 1
  nvec 1
  epsrel 0
  epsabs 0
  flags 10
  seed 123456
  mineval 50000000
  maxeval 50000000
  nstart 1000000
  nincrease 1000000
  nbatch 5000
  gridno 0
  statefile ""

Iteration 1:  1000000 integrand evaluations so far
[1] -3654.34 +- 1237.65  	chisq 0 (0 df)

Iteration 2:  3000000 integrand evaluations so far
[1] -3787.8 +- 1041.81  	chisq 0.0398988 (1 df)

Iteration 3:  6000000 integrand evaluations so far
[1] -3753.57 +- 842.647  	chisq 0.0430204 (2 df)

Iteration 4:  10000000 integrand evaluations so far
[1] -1688.29 +- 568.667  	chisq 11.0741 (3 df)

Iteration 5:  15000000 integrand evaluations so far
[1] -1477.56 +- 451.014  	chisq 11.4442 (4 df)

Iteration 6:  21000000 integrand evaluations so far
[1] -1340.56 +- 334.383  	chisq 11.6491 (5 df)

Iteration 7:  28000000 integrand evaluations so far
[1] -1438.64 +- 273.525  	chisq 11.9091 (6 df)

Iteration 8:  36000000 integrand evaluations so far
[1] -1624.77 +- 235.123  	chisq 13.6828 (7 df)

Iteration 9:  45000000 integrand evaluations so far
[1] -1419.92 +- 207.409  	chisq 17.1044 (8 df)

Iteration 10:  55000000 integrand evaluations so far
[1] -1423.74 +- 198.801  	chisq 17.1086 (9 df)
   -1.42 ±    0.2 ·10⁺⁰³ (4.99mi) ┃Vegas input parameters:
  ndim 8
  ncomp 1
  nvec 1
  epsrel 0
  epsabs 0
  flags 10
  seed 123456
  mineval 5000000
  maxeval 50000000
  nstart 1000000
  nincrease 1000000
  nbatch 5000
  gridno 0
  statefile ""

Iteration 1:  1000000 integrand evaluations so far
[1] 8309.77 +- 1014.22  	chisq 0 (0 df)

Iteration 2:  3000000 integrand evaluations so far
[1] 7484.55 +- 290.85  	chisq 0.721359 (1 df)

Iteration 3:  6000000 integrand evaluations so far
[1] 7490.69 +- 149.347  	chisq 0.721965 (2 df)

Iteration 4:  10000000 integrand evaluations so far
[1] 7489.24 +- 92.5671  	chisq 0.722119 (3 df)

Iteration 5:  15000000 integrand evaluations so far
[1] 7555.38 +- 78.8558  	chisq 2.5836 (4 df)

Iteration 6:  21000000 integrand evaluations so far
[1] 7489.16 +- 59.3909  	chisq 4.21309 (5 df)

Iteration 7:  28000000 integrand evaluations so far
[1] 7396.53 +- 42.6158  	chisq 9.22737 (6 df)

Iteration 8:  36000000 integrand evaluations so far
[1] 7398.51 +- 33.9221  	chisq 9.23325 (7 df)

Iteration 9:  45000000 integrand evaluations so far
[1] 7388.72 +- 28.025  	chisq 9.49557 (8 df)

Iteration 10:  55000000 integrand evaluations so far
[1] 7388.31 +- 24.0817  	chisq 9.49641 (9 df)
   7.388 ±  0.024 ·10⁺⁰³ (1.86mi) ┃    5.89 ±    0.2 ·10⁺⁰³ (22.4mi) ┃
┃   12 -    14 ┃   45 -    46 ┃ 5.45517 ± 0.00071 ·10⁺⁰³ ( 39.7s) ┃ -5.5465 ± 0.0031 ·10⁺⁰³ (7.28mi) ┃Vegas input parameters:
  ndim 10
  ncomp 1
  nvec 1
  epsrel 0
  epsabs 0
  flags 10
  seed 123456
  mineval 50000000
  maxeval 50000000
  nstart 1000000
  nincrease 1000000
  nbatch 5000
  gridno 0
  statefile ""

Iteration 1:  1000000 integrand evaluations so far
[1] 444.977 +- 1481.58  	chisq 0 (0 df)

Iteration 2:  3000000 integrand evaluations so far
[1] -98.0952 +- 1125.15  	chisq 0.317422 (1 df)

Iteration 3:  6000000 integrand evaluations so far
[1] -726.526 +- 965.651  	chisq 1.5017 (2 df)

Iteration 4:  10000000 integrand evaluations so far
[1] -433.296 +- 891.489  	chisq 2.126 (3 df)

Iteration 5:  15000000 integrand evaluations so far
[1] -2132.5 +- 606.87  	chisq 8.89636 (4 df)

Iteration 6:  21000000 integrand evaluations so far
[1] -1681.72 +- 346.498  	chisq 9.71497 (5 df)

Iteration 7:  28000000 integrand evaluations so far
[1] -1631.94 +- 271.609  	chisq 9.76851 (6 df)

Iteration 8:  36000000 integrand evaluations so far
[1] -1636.29 +- 193.257  	chisq 9.76903 (7 df)

Iteration 9:  45000000 integrand evaluations so far
[1] -1547.41 +- 175.566  	chisq 10.9796 (8 df)

Iteration 10:  55000000 integrand evaluations so far
[1] -1657.45 +- 164.351  	chisq 14.1557 (9 df)
   -1.66 ±   0.16 ·10⁺⁰³ (5.01mi) ┃Vegas input parameters:
  ndim 8
  ncomp 1
  nvec 1
  epsrel 0
  epsabs 0
  flags 10
  seed 123456
  mineval 5000000
  maxeval 50000000
  nstart 1000000
  nincrease 1000000
  nbatch 5000
  gridno 0
  statefile ""

Iteration 1:  1000000 integrand evaluations so far
[1] 7830.56 +- 908.956  	chisq 0 (0 df)

Iteration 2:  3000000 integrand evaluations so far
[1] 7327.65 +- 259.663  	chisq 0.333325 (1 df)

Iteration 3:  6000000 integrand evaluations so far
[1] 7404.27 +- 150.389  	chisq 0.464354 (2 df)

Iteration 4:  10000000 integrand evaluations so far
[1] 7286.03 +- 83.3023  	chisq 1.35616 (3 df)

Iteration 5:  15000000 integrand evaluations so far
[1] 7317.37 +- 58.6343  	chisq 1.63678 (4 df)

Iteration 6:  21000000 integrand evaluations so far
[1] 7349.44 +- 46.7836  	chisq 2.45971 (5 df)

Iteration 7:  28000000 integrand evaluations so far
[1] 7358.51 +- 37.0403  	chisq 2.56037 (6 df)

Iteration 8:  36000000 integrand evaluations so far
[1] 7376.44 +- 29.9686  	chisq 3.23941 (7 df)

Iteration 9:  45000000 integrand evaluations so far
[1] 7354.62 +- 25.2226  	chisq 5.05757 (8 df)

Iteration 10:  55000000 integrand evaluations so far
[1] 7358.18 +- 21.9893  	chisq 5.14067 (9 df)
   7.358 ±  0.022 ·10⁺⁰³ (1.93mi) ┃    5.61 ±   0.17 ·10⁺⁰³ (14.9mi) ┃
┃   12 -    14 ┃   46 -    47 ┃  5.2689 ± 0.0014 ·10⁺⁰³ (1.18mi) ┃ -5.3406 ± 0.0037 ·10⁺⁰³ (6.91mi) ┃Vegas input parameters:
  ndim 10
  ncomp 1
  nvec 1
  epsrel 0
  epsabs 0
  flags 10
  seed 123456
  mineval 50000000
  maxeval 50000000
  nstart 1000000
  nincrease 1000000
  nbatch 5000
  gridno 0
  statefile ""

Iteration 1:  1000000 integrand evaluations so far
[1] -1844.47 +- 1650.82  	chisq 0 (0 df)

Iteration 2:  3000000 integrand evaluations so far
[1] -1607.03 +- 1366.73  	chisq 0.0657645 (1 df)

Iteration 3:  6000000 integrand evaluations so far
[1] -2520.41 +- 911.468  	chisq 0.870132 (2 df)

Iteration 4:  10000000 integrand evaluations so far
[1] -1266.88 +- 483.657  	chisq 3.50283 (3 df)

Iteration 5:  15000000 integrand evaluations so far
[1] -1551.17 +- 413.192  	chisq 4.78168 (4 df)

Iteration 6:  21000000 integrand evaluations so far
[1] -1474.2 +- 341.065  	chisq 4.89059 (5 df)

Iteration 7:  28000000 integrand evaluations so far
[1] -1389.02 +- 326.714  	chisq 5.64763 (6 df)

Iteration 8:  36000000 integrand evaluations so far
[1] -1434.49 +- 295.656  	chisq 5.7546 (7 df)

Iteration 9:  45000000 integrand evaluations so far
[1] -1368.03 +- 274.324  	chisq 6.11789 (8 df)

Iteration 10:  55000000 integrand evaluations so far
[1] -1317.12 +- 239.454  	chisq 6.26256 (9 df)
   -1.32 ±   0.24 ·10⁺⁰³ (4.98mi) ┃Vegas input parameters:
  ndim 8
  ncomp 1
  nvec 1
  epsrel 0
  epsabs 0
  flags 10
  seed 123456
  mineval 5000000
  maxeval 50000000
  nstart 1000000
  nincrease 1000000
  nbatch 5000
  gridno 0
  statefile ""

Iteration 1:  1000000 integrand evaluations so far
[1] 5112.49 +- 705.246  	chisq 0 (0 df)

Iteration 2:  3000000 integrand evaluations so far
[1] 6693.89 +- 322.235  	chisq 6.35476 (1 df)

Iteration 3:  6000000 integrand evaluations so far
[1] 6998.43 +- 158.427  	chisq 7.53266 (2 df)

Iteration 4:  10000000 integrand evaluations so far
[1] 6837.45 +- 79.9358  	chisq 8.91777 (3 df)

Iteration 5:  15000000 integrand evaluations so far
[1] 7010.26 +- 55.4477  	chisq 17.9254 (4 df)

Iteration 6:  21000000 integrand evaluations so far
[1] 7049.94 +- 41.3408  	chisq 19.0786 (5 df)

Iteration 7:  28000000 integrand evaluations so far
[1] 7056.67 +- 32.6283  	chisq 19.1489 (6 df)

Iteration 8:  36000000 integrand evaluations so far
[1] 7097.13 +- 27.264  	chisq 24.2453 (7 df)

Iteration 9:  45000000 integrand evaluations so far
[1] 7083.34 +- 23.1248  	chisq 25.1573 (8 df)

Iteration 10:  55000000 integrand evaluations so far
[1] 7105.71 +- 20.1977  	chisq 29.1032 (9 df)
   7.106 ±   0.02 ·10⁺⁰³ (1.88mi) ┃    5.72 ±   0.24 ·10⁺⁰³ (  15mi) ┃
┃   12 -    14 ┃   47 -    48 ┃  3.0915 ± 0.0026 ·10⁺⁰³ ( 59.2s) ┃-3.11494 ± 0.00048 ·10⁺⁰³ (12.8mi) ┃Vegas input parameters:
  ndim 10
  ncomp 1
  nvec 1
  epsrel 0
  epsabs 0
  flags 10
  seed 123456
  mineval 50000000
  maxeval 50000000
  nstart 1000000
  nincrease 1000000
  nbatch 5000
  gridno 0
  statefile ""

Iteration 1:  1000000 integrand evaluations so far
[1] -1347.83 +- 917.663  	chisq 0 (0 df)

Iteration 2:  3000000 integrand evaluations so far
[1] -1262.45 +- 645.772  	chisq 0.0171475 (1 df)

Iteration 3:  6000000 integrand evaluations so far
[1] -974.236 +- 619.331  	chisq 2.50046 (2 df)

Iteration 4:  10000000 integrand evaluations so far
[1] -711.811 +- 444.51  	chisq 2.87075 (3 df)

Iteration 5:  15000000 integrand evaluations so far
[1] -851.17 +- 423.109  	chisq 3.91669 (4 df)

Iteration 6:  21000000 integrand evaluations so far
[1] -587.359 +- 313.07  	chisq 4.77582 (5 df)

Iteration 7:  28000000 integrand evaluations so far
[1] -536.665 +- 307.811  	chisq 5.56276 (6 df)

Iteration 8:  36000000 integrand evaluations so far
[1] -355.559 +- 262.39  	chisq 6.8292 (7 df)

Iteration 9:  45000000 integrand evaluations so far
[1] -305.021 +- 254.689  	chisq 7.47061 (8 df)

Iteration 10:  55000000 integrand evaluations so far
[1] -505.969 +- 220.312  	chisq 9.94352 (9 df)
    -510 ±    220        (4.84mi) ┃Vegas input parameters:
  ndim 8
  ncomp 1
  nvec 1
  epsrel 0
  epsabs 0
  flags 10
  seed 123456
  mineval 5000000
  maxeval 50000000
  nstart 1000000
  nincrease 1000000
  nbatch 5000
  gridno 0
  statefile ""

Iteration 1:  1000000 integrand evaluations so far
[1] 4718.78 +- 677.194  	chisq 0 (0 df)

Iteration 2:  3000000 integrand evaluations so far
[1] 3971.49 +- 195.389  	chisq 1.32834 (1 df)

Iteration 3:  6000000 integrand evaluations so far
[1] 3876.5 +- 118.517  	chisq 1.70226 (2 df)

Iteration 4:  10000000 integrand evaluations so far
[1] 4031.76 +- 106.683  	chisq 10.7477 (3 df)

Iteration 5:  15000000 integrand evaluations so far
[1] 4192.31 +- 86.3461  	chisq 17.3134 (4 df)

Iteration 6:  21000000 integrand evaluations so far
[1] 4179.53 +- 52.9015  	chisq 17.3485 (5 df)

Iteration 7:  28000000 integrand evaluations so far
[1] 4168.16 +- 33.4313  	chisq 17.4254 (6 df)

Iteration 8:  36000000 integrand evaluations so far
[1] 4161.85 +- 24.9788  	chisq 17.506 (7 df)

Iteration 9:  45000000 integrand evaluations so far
[1] 4164.35 +- 19.8944  	chisq 17.5333 (8 df)

Iteration 10:  55000000 integrand evaluations so far
[1] 4175.66 +- 16.452  	chisq 18.5564 (9 df)
   4.176 ±  0.016 ·10⁺⁰³ (1.85mi) ┃    3.65 ±   0.22 ·10⁺⁰³ (20.4mi) ┃
┃   12 -    14 ┃   48 -    49 ┃ 1.00181 ± 0.00062 ·10⁺⁰³ ( 52.3s) ┃-1.01948 ± 0.00079 ·10⁺⁰³ (6.03mi) ┃Vegas input parameters:
  ndim 10
  ncomp 1
  nvec 1
  epsrel 0
  epsabs 0
  flags 10
  seed 123456
  mineval 50000000
  maxeval 50000000
  nstart 1000000
  nincrease 1000000
  nbatch 5000
  gridno 0
  statefile ""

Iteration 1:  1000000 integrand evaluations so far
[1] -386.09 +- 531.956  	chisq 0 (0 df)

Iteration 2:  3000000 integrand evaluations so far
[1] -200.264 +- 168.208  	chisq 0.135584 (1 df)

Iteration 3:  6000000 integrand evaluations so far
[1] -209.46 +- 149.944  	chisq 0.150136 (2 df)

Iteration 4:  10000000 integrand evaluations so far
[1] -219.958 +- 136.124  	chisq 0.178014 (3 df)

Iteration 5:  15000000 integrand evaluations so far
[1] -231.243 +- 135.749  	chisq 1.42518 (4 df)

Iteration 6:  21000000 integrand evaluations so far
[1] -211.187 +- 124.947  	chisq 1.56801 (5 df)

Iteration 7:  28000000 integrand evaluations so far
[1] -208.576 +- 101.878  	chisq 1.56931 (6 df)

Iteration 8:  36000000 integrand evaluations so far
[1] -202.169 +- 87.5206  	chisq 1.58441 (7 df)

Iteration 9:  45000000 integrand evaluations so far
[1] -228.095 +- 81.8119  	chisq 2.27973 (8 df)

Iteration 10:  55000000 integrand evaluations so far
[1] -197.72 +- 78.9834  	chisq 4.30832 (9 df)
    -198 ±     79        (4.86mi) ┃Vegas input parameters:
  ndim 8
  ncomp 1
  nvec 1
  epsrel 0
  epsabs 0
  flags 10
  seed 123456
  mineval 5000000
  maxeval 50000000
  nstart 1000000
  nincrease 1000000
  nbatch 5000
  gridno 0
  statefile ""

Iteration 1:  1000000 integrand evaluations so far
[1] 1733.37 +- 448.034  	chisq 0 (0 df)

Iteration 2:  3000000 integrand evaluations so far
[1] 664.591 +- 111.103  	chisq 6.06343 (1 df)

Iteration 3:  6000000 integrand evaluations so far
[1] 778.941 +- 90.5892  	chisq 9.22385 (2 df)

Iteration 4:  10000000 integrand evaluations so far
[1] 950.202 +- 67.1748  	chisq 17.164 (3 df)

Iteration 5:  15000000 integrand evaluations so far
[1] 1032.94 +- 60.6758  	chisq 25.4033 (4 df)

Iteration 6:  21000000 integrand evaluations so far
[1] 1156.46 +- 40.8669  	chisq 32.9885 (5 df)

Iteration 7:  28000000 integrand evaluations so far
[1] 1217.16 +- 35.4962  	chisq 41.9709 (6 df)

Iteration 8:  36000000 integrand evaluations so far
[1] 1286.48 +- 19.6963  	chisq 47.4816 (7 df)

Iteration 9:  45000000 integrand evaluations so far
[1] 1320.04 +- 12.3354  	chisq 52.258 (8 df)

Iteration 10:  55000000 integrand evaluations so far
[1] 1339.71 +- 8.7455  	chisq 57.3724 (9 df)
  1.3397 ± 0.0087 ·10⁺⁰³ ( 1.9mi) ┃   1.124 ±  0.079 ·10⁺⁰³ (13.7mi) ┃
┃   12 -    14 ┃   49 -    50 ┃  461.47 ±   0.25        (13.2mi) ┃  -474.4 ±   0.13        (46.2mi) ┃Vegas input parameters:
  ndim 10
  ncomp 1
  nvec 1
  epsrel 0
  epsabs 0
  flags 10
  seed 123456
  mineval 50000000
  maxeval 50000000
  nstart 1000000
  nincrease 1000000
  nbatch 5000
  gridno 0
  statefile ""

Iteration 1:  1000000 integrand evaluations so far
[1] -124.784 +- 132.256  	chisq 0 (0 df)

Iteration 2:  3000000 integrand evaluations so far
[1] -131.561 +- 68.0887  	chisq 0.00357213 (1 df)

Iteration 3:  6000000 integrand evaluations so far
[1] -129.344 +- 68.0563  	chisq 1.1184 (2 df)

Iteration 4:  10000000 integrand evaluations so far
[1] -131.316 +- 68.0282  	chisq 2.13659 (3 df)

Iteration 5:  15000000 integrand evaluations so far
[1] -165.394 +- 61.8522  	chisq 3.58436 (4 df)

Iteration 6:  21000000 integrand evaluations so far
[1] -166.038 +- 34.0829  	chisq 3.58451 (5 df)

Iteration 7:  28000000 integrand evaluations so far
[1] -150.947 +- 31.7338  	chisq 5.05744 (6 df)

Iteration 8:  36000000 integrand evaluations so far
[1] -141.245 +- 22.5371  	chisq 5.24603 (7 df)

Iteration 9:  45000000 integrand evaluations so far
[1] -134.975 +- 22.082  	chisq 7.18266 (8 df)

Iteration 10:  55000000 integrand evaluations so far
[1] -138.427 +- 21.3957  	chisq 7.58201 (9 df)
    -138 ±     21        (5.07mi) ┃Vegas input parameters:
  ndim 8
  ncomp 1
  nvec 1
  epsrel 0
  epsabs 0
  flags 10
  seed 123456
  mineval 5000000
  maxeval 50000000
  nstart 1000000
  nincrease 1000000
  nbatch 5000
  gridno 0
  statefile ""

Iteration 1:  1000000 integrand evaluations so far
[1] 824.419 +- 290.426  	chisq 0 (0 df)

Iteration 2:  3000000 integrand evaluations so far
[1] 59.0255 +- 16.7596  	chisq 6.96863 (1 df)

Iteration 3:  6000000 integrand evaluations so far
[1] 63.4586 +- 16.5876  	chisq 10.3947 (2 df)

Iteration 4:  10000000 integrand evaluations so far
[1] 105.496 +- 14.9992  	chisq 45.6158 (3 df)

Iteration 5:  15000000 integrand evaluations so far
[1] 111.07 +- 14.9191  	chisq 58.5819 (4 df)

Iteration 6:  21000000 integrand evaluations so far
[1] 173.639 +- 13.5698  	chisq 160.425 (5 df)

Iteration 7:  28000000 integrand evaluations so far
[1] 225.383 +- 12.7466  	chisq 284.023 (6 df)

Iteration 8:  36000000 integrand evaluations so far
[1] 372.561 +- 10.2996  	chisq 668.132 (7 df)

Iteration 9:  45000000 integrand evaluations so far
[1] 528.996 +- 6.13508  	chisq 1025.68 (8 df)

Iteration 10:  55000000 integrand evaluations so far
[1] 583.222 +- 4.36498  	chisq 1183.89 (9 df)
   583.2 ±    4.4        (1.92mi) ┃     432 ±     22        (1.11hr) ┃
┃   12 -    14 ┃   50 -    51 ┃ 266.237 ±  0.012        (24.8mi) ┃ -275.62 ±   0.12        (23.2mi) ┃Vegas input parameters:
  ndim 10
  ncomp 1
  nvec 1
  epsrel 0
  epsabs 0
  flags 10
  seed 123456
  mineval 50000000
  maxeval 50000000
  nstart 1000000
  nincrease 1000000
  nbatch 5000
  gridno 0
  statefile ""

Iteration 1:  1000000 integrand evaluations so far
[1] -14.8598 +- 140.191  	chisq 0 (0 df)

Iteration 2:  3000000 integrand evaluations so far
[1] 11.58 +- 137.34  	chisq 0.883491 (1 df)

Iteration 3:  6000000 integrand evaluations so far
[1] -29.9367 +- 17.4171  	chisq 0.976365 (2 df)

Iteration 4:  10000000 integrand evaluations so far
[1] -30.116 +- 17.114  	chisq 0.979438 (3 df)

Iteration 5:  15000000 integrand evaluations so far
[1] -48.2915 +- 14.7316  	chisq 5.33354 (4 df)

Iteration 6:  21000000 integrand evaluations so far
[1] -51.8021 +- 14.107  	chisq 6.01781 (5 df)

Iteration 7:  28000000 integrand evaluations so far
[1] -49.7606 +- 13.1857  	chisq 6.18354 (6 df)

Iteration 8:  36000000 integrand evaluations so far
[1] -51.8883 +- 12.8363  	chisq 6.68154 (7 df)

Iteration 9:  45000000 integrand evaluations so far
[1] -55.9596 +- 11.572  	chisq 7.21868 (8 df)

Iteration 10:  55000000 integrand evaluations so far
[1] -58.0049 +- 11.3154  	chisq 7.93104 (9 df)
     -58 ±     11        (5.07mi) ┃Vegas input parameters:
  ndim 8
  ncomp 1
  nvec 1
  epsrel 0
  epsabs 0
  flags 10
  seed 123456
  mineval 5000000
  maxeval 50000000
  nstart 1000000
  nincrease 1000000
  nbatch 5000
  gridno 0
  statefile ""

Iteration 1:  1000000 integrand evaluations so far
[1] 63.6033 +- 41.2935  	chisq 0 (0 df)

Iteration 2:  3000000 integrand evaluations so far
[1] 0.825104 +- 0.397676  	chisq 2.3115 (1 df)

Iteration 3:  6000000 integrand evaluations so far
[1] 0.833708 +- 0.397627  	chisq 4.19342 (2 df)

Iteration 4:  10000000 integrand evaluations so far
[1] 0.852564 +- 0.397576  	chisq 13.0641 (3 df)

Iteration 5:  15000000 integrand evaluations so far
[1] 0.904963 +- 0.397496  	chisq 56.2284 (4 df)

Iteration 6:  21000000 integrand evaluations so far
[1] 0.932492 +- 0.397472  	chisq 95.2031 (5 df)

Iteration 7:  28000000 integrand evaluations so far
[1] 1.0217 +- 0.397407  	chisq 250.118 (6 df)

Iteration 8:  36000000 integrand evaluations so far
[1] 1.09519 +- 0.397368  	chisq 424.755 (7 df)

Iteration 9:  45000000 integrand evaluations so far
[1] 1.52007 +- 0.397136  	chisq 1400.36 (8 df)

Iteration 10:  55000000 integrand evaluations so far
[1] 3.82244 +- 0.395889  	chisq 6761.49 (9 df)
    3.82 ±    0.4        ( 2.2mi) ┃     -64 ±     11        (55.3mi) ┃
┃   12 -    14 ┃   51 -    52 ┃  166.49 ±   0.15        (12.6mi) ┃ -173.35 ±   0.12        (22.8mi) ┃Vegas input parameters:
  ndim 10
  ncomp 1
  nvec 1
  epsrel 0
  epsabs 0
  flags 10
  seed 123456
  mineval 50000000
  maxeval 50000000
  nstart 1000000
  nincrease 1000000
  nbatch 5000
  gridno 0
  statefile ""

Iteration 1:  1000000 integrand evaluations so far
[1] -130.905 +- 87.2597  	chisq 0 (0 df)

Iteration 2:  3000000 integrand evaluations so far
[1] -7.83926 +- 20.9336  	chisq 2.11052 (1 df)

Iteration 3:  6000000 integrand evaluations so far
[1] -12.5456 +- 20.6638  	chisq 4.08408 (2 df)

Iteration 4:  10000000 integrand evaluations so far
[1] -24.3315 +- 17.7694  	chisq 5.33278 (3 df)

Iteration 5:  15000000 integrand evaluations so far
[1] -22.3461 +- 17.2423  	chisq 5.54637 (4 df)

Iteration 6:  21000000 integrand evaluations so far
[1] -27.6049 +- 15.7796  	chisq 6.11895 (5 df)

Iteration 7:  28000000 integrand evaluations so far
[1] -31.483 +- 15.3469  	chisq 7.23572 (6 df)

Iteration 8:  36000000 integrand evaluations so far
[1] -28.1135 +- 14.9891  	chisq 8.28162 (7 df)

Iteration 9:  45000000 integrand evaluations so far
[1] -34.8806 +- 13.4779  	chisq 9.34612 (8 df)

Iteration 10:  55000000 integrand evaluations so far
[1] -36.5159 +- 12.4938  	chisq 9.45075 (9 df)
     -37 ±     12        (5.03mi) ┃Vegas input parameters:
  ndim 8
  ncomp 1
  nvec 1
  epsrel 0
  epsabs 0
  flags 10
  seed 123456
  mineval 5000000
  maxeval 50000000
  nstart 1000000
  nincrease 1000000
  nbatch 5000
  gridno 0
  statefile ""

Iteration 1:  1000000 integrand evaluations so far
[1] 17.4463 +- 17.4463  	chisq 0 (0 df)

Iteration 2:  3000000 integrand evaluations so far
[1] 0.0186328 +- 0.0128546  	chisq 0.997866 (1 df)

Iteration 3:  6000000 integrand evaluations so far
[1] 0.0265166 +- 0.00833266  	chisq 1.64659 (2 df)

Iteration 4:  10000000 integrand evaluations so far
[1] 0.0270021 +- 0.00833198  	chisq 22.5073 (3 df)

Iteration 5:  15000000 integrand evaluations so far
[1] 0.0270501 +- 0.00833198  	chisq 45.2331 (4 df)

Iteration 6:  21000000 integrand evaluations so far
[1] 0.0270967 +- 0.00833197  	chisq 85.6207 (5 df)

Iteration 7:  28000000 integrand evaluations so far
[1] 0.0271027 +- 0.00833197  	chisq 101.175 (6 df)

Iteration 8:  36000000 integrand evaluations so far
[1] 0.0271101 +- 0.00833197  	chisq 126.023 (7 df)

Iteration 9:  45000000 integrand evaluations so far
[1] 0.0272465 +- 0.00833197  	chisq 583.939 (8 df)

Iteration 10:  55000000 integrand evaluations so far
[1] 0.0280979 +- 0.00833195  	chisq 3454.92 (9 df)
  0.0281 ± 0.0083        (2.21mi) ┃     -43 ±     12        (42.7mi) ┃
┃   12 -    14 ┃   52 -    53 ┃ 106.986 ±   0.05        (3.74mi) ┃-111.756 ±  0.033        (44.7mi) ┃Vegas input parameters:
  ndim 10
  ncomp 1
  nvec 1
  epsrel 0
  epsabs 0
  flags 10
  seed 123456
  mineval 50000000
  maxeval 50000000
  nstart 1000000
  nincrease 1000000
  nbatch 5000
  gridno 0
  statefile ""

Iteration 1:  1000000 integrand evaluations so far
[1] 800.322 +- 811.315  	chisq 0 (0 df)

Iteration 2:  3000000 integrand evaluations so far
[1] -0.111108 +- 0.151614  	chisq 0.973356 (1 df)

Iteration 3:  6000000 integrand evaluations so far
[1] -0.111648 +- 0.151614  	chisq 2.21039 (2 df)

Iteration 4:  10000000 integrand evaluations so far
[1] -0.112422 +- 0.151612  	chisq 3.83607 (3 df)

Iteration 5:  15000000 integrand evaluations so far
[1] -0.112946 +- 0.151611  	chisq 4.50117 (4 df)

Iteration 6:  21000000 integrand evaluations so far
[1] -0.112699 +- 0.151611  	chisq 5.47693 (5 df)

Iteration 7:  28000000 integrand evaluations so far
[1] -0.117375 +- 0.151593  	chisq 9.64158 (6 df)

Iteration 8:  36000000 integrand evaluations so far
[1] -0.119563 +- 0.151585  	chisq 11.4453 (7 df)

Iteration 9:  45000000 integrand evaluations so far
[1] -0.122596 +- 0.15158  	chisq 18.0165 (8 df)

Iteration 10:  55000000 integrand evaluations so far
[1] -0.125283 +- 0.151577  	chisq 25.473 (9 df)
   -0.13 ±   0.15        (5.08mi) ┃Vegas input parameters:
  ndim 8
  ncomp 1
  nvec 1
  epsrel 0
  epsabs 0
  flags 10
  seed 123456
  mineval 5000000
  maxeval 50000000
  nstart 1000000
  nincrease 1000000
  nbatch 5000
  gridno 0
  statefile ""

Iteration 1:  1000000 integrand evaluations so far
[1] 103.345 +- 76.5374  	chisq 0 (0 df)

Iteration 2:  3000000 integrand evaluations so far
[1] 0.438935 +- 0.296437  	chisq 1.80776 (1 df)

Iteration 3:  6000000 integrand evaluations so far
[1] 0.567425 +- 0.255206  	chisq 2.53361 (2 df)

Iteration 4:  10000000 integrand evaluations so far
[1] 0.571777 +- 0.255187  	chisq 4.49617 (3 df)

Iteration 5:  15000000 integrand evaluations so far
[1] 0.571781 +- 0.255187  	chisq 5.49987 (4 df)

Iteration 6:  21000000 integrand evaluations so far
[1] 0.603077 +- 0.255119  	chisq 33.9775 (5 df)

Iteration 7:  28000000 integrand evaluations so far
[1] 0.63605 +- 0.255081  	chisq 90.4982 (6 df)

Iteration 8:  36000000 integrand evaluations so far
[1] 0.764997 +- 0.254936  	chisq 314.874 (7 df)

Iteration 9:  45000000 integrand evaluations so far
[1] 0.843328 +- 0.254868  	chisq 492.319 (8 df)

Iteration 10:  55000000 integrand evaluations so far
[1] 1.06107 +- 0.254683  	chisq 994.428 (9 df)
    1.06 ±   0.25        (2.21mi) ┃   -3.84 ±    0.3        (55.8mi) ┃
┃   12 -    14 ┃   53 -    54 ┃  67.782 ±  0.063        (12.4mi) ┃ -71.162 ±  0.045        (22.2mi) ┃Vegas input parameters:
  ndim 10
  ncomp 1
  nvec 1
  epsrel 0
  epsabs 0
  flags 10
  seed 123456
  mineval 50000000
  maxeval 50000000
  nstart 1000000
  nincrease 1000000
  nbatch 5000
  gridno 0
  statefile ""

Iteration 1:  1000000 integrand evaluations so far
[1] -6.99632 +- 5.73405  	chisq 0 (0 df)

Iteration 2:  3000000 integrand evaluations so far
[1] -0.0340704 +- 0.0238933  	chisq 1.47429 (1 df)

Iteration 3:  6000000 integrand evaluations so far
[1] -0.0347848 +- 0.0238881  	chisq 3.52211 (2 df)

Iteration 4:  10000000 integrand evaluations so far
[1] -0.0347774 +- 0.0238876  	chisq 3.52437 (3 df)

Iteration 5:  15000000 integrand evaluations so far
[1] -0.0347994 +- 0.0238876  	chisq 9.17483 (4 df)

Iteration 6:  21000000 integrand evaluations so far
[1] -0.0348391 +- 0.0238876  	chisq 11.4618 (5 df)

Iteration 7:  28000000 integrand evaluations so far
[1] -0.0348699 +- 0.0238876  	chisq 12.3381 (6 df)

Iteration 8:  36000000 integrand evaluations so far
[1] -0.0348893 +- 0.0238875  	chisq 12.6463 (7 df)

Iteration 9:  45000000 integrand evaluations so far
[1] -0.0348707 +- 0.0238875  	chisq 14.4887 (8 df)

Iteration 10:  55000000 integrand evaluations so far
[1] -0.0349233 +- 0.0238875  	chisq 18.2792 (9 df)
  -0.035 ±  0.024        (4.97mi) ┃Vegas input parameters:
  ndim 8
  ncomp 1
  nvec 1
  epsrel 0
  epsabs 0
  flags 10
  seed 123456
  mineval 5000000
  maxeval 50000000
  nstart 1000000
  nincrease 1000000
  nbatch 5000
  gridno 0
  statefile ""

Iteration 1:  1000000 integrand evaluations so far
[1] 0 +- 2.22045e-19  	chisq 0 (0 df)

Iteration 2:  3000000 integrand evaluations so far
[1] 1.51612e-39 +- 2.22045e-19  	chisq 3.5754 (1 df)

Iteration 3:  6000000 integrand evaluations so far
[1] 2.24283e-37 +- 2.22045e-19  	chisq 9.39321 (2 df)

Iteration 4:  10000000 integrand evaluations so far
[1] 2.70088e-37 +- 2.22045e-19  	chisq 15.7473 (3 df)

Iteration 5:  15000000 integrand evaluations so far
[1] 3.13628e-37 +- 2.22045e-19  	chisq 41.9688 (4 df)

Iteration 6:  21000000 integrand evaluations so far
[1] 3.46279e-37 +- 2.22045e-19  	chisq 84.9582 (5 df)

Iteration 7:  28000000 integrand evaluations so far
[1] 3.55936e-37 +- 2.22045e-19  	chisq 104.404 (6 df)

Iteration 8:  36000000 integrand evaluations so far
[1] 5.4396e-37 +- 2.22045e-19  	chisq 441.26 (7 df)

Iteration 9:  45000000 integrand evaluations so far
[1] 1.64675e-36 +- 2.22045e-19  	chisq 2462.31 (8 df)

Iteration 10:  55000000 integrand evaluations so far
[1] 2.74266e-36 +- 2.22045e-19  	chisq 4561.37 (9 df)
       0 ±   0.22 ·10⁻¹⁸ (2.04mi) ┃  -3.415 ±  0.081        (41.6mi) ┃
┃   12 -    14 ┃   54 -    55 ┃  40.448 ±  0.021        (24.6mi) ┃ -42.428 ±  0.025        (11.2mi) ┃Vegas input parameters:
  ndim 10
  ncomp 1
  nvec 1
  epsrel 0
  epsabs 0
  flags 10
  seed 123456
  mineval 50000000
  maxeval 50000000
  nstart 1000000
  nincrease 1000000
  nbatch 5000
  gridno 0
  statefile ""

Iteration 1:  1000000 integrand evaluations so far
[1] -16.0537 +- 11.1293  	chisq 0 (0 df)

Iteration 2:  3000000 integrand evaluations so far
[1] -0.00491274 +- 0.00348872  	chisq 2.07945 (1 df)

Iteration 3:  6000000 integrand evaluations so far
[1] -0.00489117 +- 0.00348865  	chisq 3.11658 (2 df)

Iteration 4:  10000000 integrand evaluations so far
[1] -0.00480951 +- 0.00348807  	chisq 4.74992 (3 df)

Iteration 5:  15000000 integrand evaluations so far
[1] -0.00481117 +- 0.00348807  	chisq 4.97651 (4 df)

Iteration 6:  21000000 integrand evaluations so far
[1] -0.00481037 +- 0.00348807  	chisq 5.86341 (5 df)

Iteration 7:  28000000 integrand evaluations so far
[1] -0.00480969 +- 0.00348807  	chisq 6.15855 (6 df)

Iteration 8:  36000000 integrand evaluations so far
[1] -0.00481001 +- 0.00348807  	chisq 6.31745 (7 df)

Iteration 9:  45000000 integrand evaluations so far
[1] -0.0048102 +- 0.00348807  	chisq 6.37003 (8 df)

Iteration 10:  55000000 integrand evaluations so far
[1] -0.00481727 +- 0.00348807  	chisq 12.8779 (9 df)
    -4.8 ±    3.5 ·10⁻⁰³ (5.18mi) ┃Vegas input parameters:
  ndim 8
  ncomp 1
  nvec 1
  epsrel 0
  epsabs 0
  flags 10
  seed 123456
  mineval 5000000
  maxeval 50000000
  nstart 1000000
  nincrease 1000000
  nbatch 5000
  gridno 0
  statefile ""

Iteration 1:  1000000 integrand evaluations so far
[1] 0 +- 2.22045e-19  	chisq 0 (0 df)

Iteration 2:  3000000 integrand evaluations so far
[1] 0 +- 1.28198e-19  	chisq 0 (1 df)

Iteration 3:  6000000 integrand evaluations so far
[1] 1.35418e-39 +- 1.28198e-19  	chisq 1 (2 df)

Iteration 4:  10000000 integrand evaluations so far
[1] 1.51324e-36 +- 1.28198e-19  	chisq 3.14337 (3 df)

Iteration 5:  15000000 integrand evaluations so far
[1] 1.91122e-36 +- 1.28198e-19  	chisq 7.80814 (4 df)

Iteration 6:  21000000 integrand evaluations so far
[1] 1.95617e-36 +- 1.28198e-19  	chisq 19.2515 (5 df)

Iteration 7:  28000000 integrand evaluations so far
[1] 1.95834e-36 +- 1.28198e-19  	chisq 24.0953 (6 df)

Iteration 8:  36000000 integrand evaluations so far
[1] 2.08734e-36 +- 1.28198e-19  	chisq 210.293 (7 df)

Iteration 9:  45000000 integrand evaluations so far
[1] 2.15719e-36 +- 1.28198e-19  	chisq 410.964 (8 df)

Iteration 10:  55000000 integrand evaluations so far
[1] 2.15831e-36 +- 1.28198e-19  	chisq 417.296 (9 df)
       0 ±   0.13 ·10⁻¹⁸ (3.34mi) ┃  -1.985 ±  0.033        (44.3mi) ┃
┃   12 -    14 ┃   55 -    56 ┃ 20.4579 ± 0.0029        (12.6mi) ┃-21.6429 ± 0.0096        (11.1mi) ┃Vegas input parameters:
  ndim 10
  ncomp 1
  nvec 1
  epsrel 0
  epsabs 0
  flags 10
  seed 123456
  mineval 50000000
  maxeval 50000000
  nstart 1000000
  nincrease 1000000
  nbatch 5000
  gridno 0
  statefile ""

Iteration 1:  1000000 integrand evaluations so far
[1] 1.41703 +- 2.88771  	chisq 0 (0 df)

Iteration 2:  3000000 integrand evaluations so far
[1] -1.02708e-05 +- 2.50174e-05  	chisq 0.2408 (1 df)

Iteration 3:  6000000 integrand evaluations so far
[1] -1.0271e-05 +- 2.50174e-05  	chisq 1.24964 (2 df)

Iteration 4:  10000000 integrand evaluations so far
[1] -1.02931e-05 +- 2.50173e-05  	chisq 2.42715 (3 df)

Iteration 5:  15000000 integrand evaluations so far
[1] -1.02935e-05 +- 2.50173e-05  	chisq 4.22055 (4 df)

Iteration 6:  21000000 integrand evaluations so far
[1] -1.02937e-05 +- 2.50173e-05  	chisq 6.50382 (5 df)

Iteration 7:  28000000 integrand evaluations so far
[1] -1.02944e-05 +- 2.50173e-05  	chisq 15.409 (6 df)

Iteration 8:  36000000 integrand evaluations so far
[1] -1.02946e-05 +- 2.50173e-05  	chisq 17.6861 (7 df)

Iteration 9:  45000000 integrand evaluations so far
[1] -1.0295e-05 +- 2.50173e-05  	chisq 23.5793 (8 df)

Iteration 10:  55000000 integrand evaluations so far
[1] -1.0295e-05 +- 2.50173e-05  	chisq 23.58 (9 df)
     -10 ±     25 ·10⁻⁰⁶ (5.34mi) ┃Vegas input parameters:
  ndim 8
  ncomp 1
  nvec 1
  epsrel 0
  epsabs 0
  flags 10
  seed 123456
  mineval 5000000
  maxeval 50000000
  nstart 1000000
  nincrease 1000000
  nbatch 5000
  gridno 0
  statefile ""

Iteration 1:  1000000 integrand evaluations so far
[1] 0 +- 2.22045e-19  	chisq 0 (0 df)

Iteration 2:  3000000 integrand evaluations so far
[1] 0 +- 1.28198e-19  	chisq 0 (1 df)

Iteration 3:  6000000 integrand evaluations so far
[1] 0 +- 9.06494e-20  	chisq 0 (2 df)

Iteration 4:  10000000 integrand evaluations so far
[1] 3.04769e-40 +- 9.06494e-20  	chisq 1 (3 df)

Iteration 5:  15000000 integrand evaluations so far
[1] 2.24963e-37 +- 9.06494e-20  	chisq 2.04023 (4 df)

Iteration 6:  21000000 integrand evaluations so far
[1] 4.1338e-37 +- 9.06494e-20  	chisq 5.88313 (5 df)

Iteration 7:  28000000 integrand evaluations so far
[1] 4.38114e-37 +- 9.06494e-20  	chisq 18.5851 (6 df)

Iteration 8:  36000000 integrand evaluations so far
[1] 4.39114e-37 +- 9.06494e-20  	chisq 22.1269 (7 df)

Iteration 9:  45000000 integrand evaluations so far
[1] 4.50426e-37 +- 9.06494e-20  	chisq 51.9439 (8 df)

Iteration 10:  55000000 integrand evaluations so far
[1] 5.53463e-37 +- 9.06494e-20  	chisq 365.918 (9 df)
       0 ±  0.091 ·10⁻¹⁸ (2.53mi) ┃  -1.185 ±   0.01        (31.5mi) ┃
┃   12 -    14 ┃   56 -    57 ┃  5.8259 ± 0.0048        (26.8mi) ┃ -6.1296 ± 0.0046        (1.47hr) ┃Vegas input parameters:
  ndim 10
  ncomp 1
  nvec 1
  epsrel 0
  epsabs 0
  flags 10
  seed 123456
  mineval 50000000
  maxeval 50000000
  nstart 1000000
  nincrease 1000000
  nbatch 5000
  gridno 0
  statefile ""

Iteration 1:  1000000 integrand evaluations so far
[1] -13.2612 +- 13.2612  	chisq 0 (0 df)

Iteration 2:  3000000 integrand evaluations so far
[1] 0.00384216 +- 0.00386857  	chisq 1.00058 (1 df)

Iteration 3:  6000000 integrand evaluations so far
[1] 3.0951e-05 +- 2.20399e-05  	chisq 1.97118 (2 df)

Iteration 4:  10000000 integrand evaluations so far
[1] 3.09779e-05 +- 2.20399e-05  	chisq 2.91886 (3 df)

Iteration 5:  15000000 integrand evaluations so far
[1] 3.09768e-05 +- 2.20399e-05  	chisq 4.91338 (4 df)

Iteration 6:  21000000 integrand evaluations so far
[1] 3.09754e-05 +- 2.20399e-05  	chisq 6.24813 (5 df)

Iteration 7:  28000000 integrand evaluations so far
[1] 3.09755e-05 +- 2.20399e-05  	chisq 6.26635 (6 df)

Iteration 8:  36000000 integrand evaluations so far
[1] 3.09756e-05 +- 2.20399e-05  	chisq 7.45946 (7 df)

Iteration 9:  45000000 integrand evaluations so far
[1] 3.09755e-05 +- 2.20399e-05  	chisq 7.58455 (8 df)

Iteration 10:  55000000 integrand evaluations so far
[1] 3.09755e-05 +- 2.20399e-05  	chisq 8.24699 (9 df)
   0.031 ±  0.022 ·10⁻⁰³ (5.81mi) ┃Vegas input parameters:
  ndim 8
  ncomp 1
  nvec 1
  epsrel 0
  epsabs 0
  flags 10
  seed 123456
  mineval 5000000
  maxeval 50000000
  nstart 1000000
  nincrease 1000000
  nbatch 5000
  gridno 0
  statefile ""

Iteration 1:  1000000 integrand evaluations so far
[1] 0 +- 2.22045e-19  	chisq 0 (0 df)

Iteration 2:  3000000 integrand evaluations so far
[1] 0 +- 1.28198e-19  	chisq 0 (1 df)

Iteration 3:  6000000 integrand evaluations so far
[1] 2.6404e-39 +- 1.28198e-19  	chisq 1 (2 df)

Iteration 4:  10000000 integrand evaluations so far
[1] 1.32641e-33 +- 1.28198e-19  	chisq 20.2161 (3 df)

Iteration 5:  15000000 integrand evaluations so far
[1] 1.32881e-33 +- 1.28198e-19  	chisq 25.1564 (4 df)

Iteration 6:  21000000 integrand evaluations so far
[1] 1.32893e-33 +- 1.28198e-19  	chisq 31.3751 (5 df)

Iteration 7:  28000000 integrand evaluations so far
[1] 1.32908e-33 +- 1.28198e-19  	chisq 60.2262 (6 df)

Iteration 8:  36000000 integrand evaluations so far
[1] 1.3291e-33 +- 1.28198e-19  	chisq 68.9774 (7 df)

Iteration 9:  45000000 integrand evaluations so far
[1] 1.32983e-33 +- 1.28198e-19  	chisq 284.93 (8 df)

Iteration 10:  55000000 integrand evaluations so far
[1] 1.32999e-33 +- 1.28198e-19  	chisq 352.158 (9 df)
       0 ±   0.13 ·10⁻¹⁸ (3.88mi) ┃ -0.3036 ± 0.0066        (2.07hr) ┃
┃   12 -    14 ┃   57 -    58 ┃ 0.19226 ± 0.00011        (6.12hr) ┃-0.20061 ± 0.00019        (5.73hr) ┃Vegas input parameters:
  ndim 10
  ncomp 1
  nvec 1
  epsrel 0
  epsabs 0
  flags 10
  seed 123456
  mineval 50000000
  maxeval 50000000
  nstart 1000000
  nincrease 1000000
  nbatch 5000
  gridno 0
  statefile ""

Iteration 1:  1000000 integrand evaluations so far
[1] 0 +- 2.22045e-19  	chisq 0 (0 df)

Iteration 2:  3000000 integrand evaluations so far
[1] 0 +- 1.28198e-19  	chisq 0 (1 df)

Iteration 3:  6000000 integrand evaluations so far
[1] 0 +- 9.06494e-20  	chisq 0 (2 df)

Iteration 4:  10000000 integrand evaluations so far
[1] 0 +- 7.02167e-20  	chisq 0 (3 df)

Iteration 5:  15000000 integrand evaluations so far
[1] 0 +- 5.73317e-20  	chisq 0 (4 df)

Iteration 6:  21000000 integrand evaluations so far
[1] 0 +- 4.84541e-20  	chisq 0 (5 df)

Iteration 7:  28000000 integrand evaluations so far
[1] 0 +- 4.19625e-20  	chisq 0 (6 df)

Iteration 8:  36000000 integrand evaluations so far
[1] 0 +- 3.70074e-20  	chisq 0 (7 df)

Iteration 9:  45000000 integrand evaluations so far
[1] 0 +- 3.31005e-20  	chisq 0 (8 df)

Iteration 10:  55000000 integrand evaluations so far
[1] 0 +- 2.99405e-20  	chisq 0 (9 df)
       0 ±   0.03 ·10⁻¹⁸ ( 4.5mi) ┃Vegas input parameters:
  ndim 8
  ncomp 1
  nvec 1
  epsrel 0
  epsabs 0
  flags 10
  seed 123456
  mineval 5000000
  maxeval 50000000
  nstart 1000000
  nincrease 1000000
  nbatch 5000
  gridno 0
  statefile ""

Iteration 1:  1000000 integrand evaluations so far
[1] 0 +- 2.22045e-19  	chisq 0 (0 df)

Iteration 2:  3000000 integrand evaluations so far
[1] 0 +- 1.28198e-19  	chisq 0 (1 df)

Iteration 3:  6000000 integrand evaluations so far
[1] 0 +- 9.06494e-20  	chisq 0 (2 df)

Iteration 4:  10000000 integrand evaluations so far
[1] 0 +- 7.02167e-20  	chisq 0 (3 df)

Iteration 5:  15000000 integrand evaluations so far
[1] 0 +- 5.73317e-20  	chisq 0 (4 df)

Iteration 6:  21000000 integrand evaluations so far
[1] 0 +- 4.84541e-20  	chisq 0 (5 df)

Iteration 7:  28000000 integrand evaluations so far
[1] 0 +- 4.19625e-20  	chisq 0 (6 df)

Iteration 8:  36000000 integrand evaluations so far
[1] 0 +- 3.70074e-20  	chisq 0 (7 df)

Iteration 9:  45000000 integrand evaluations so far
[1] 0 +- 3.31005e-20  	chisq 0 (8 df)

Iteration 10:  55000000 integrand evaluations so far
[1] 0 +- 2.99405e-20  	chisq 0 (9 df)
       0 ±   0.03 ·10⁻¹⁸ (1.69mi) ┃   -8.36 ±   0.22 ·10⁻⁰³ (  12hr) ┃
┃   12 -    14 ┃   58 -    59 ┃       0 ±      0        ( 1.35s) ┃       0 ±      0        ( 341ms) ┃Vegas input parameters:
  ndim 10
  ncomp 1
  nvec 1
  epsrel 0
  epsabs 0
  flags 10
  seed 123456
  mineval 50000000
  maxeval 50000000
  nstart 1000000
  nincrease 1000000
  nbatch 5000
  gridno 0
  statefile ""

Iteration 1:  1000000 integrand evaluations so far
[1] 0 +- 2.22045e-19  	chisq 0 (0 df)

Iteration 2:  3000000 integrand evaluations so far
[1] 0 +- 1.28198e-19  	chisq 0 (1 df)

Iteration 3:  6000000 integrand evaluations so far
[1] 0 +- 9.06494e-20  	chisq 0 (2 df)

Iteration 4:  10000000 integrand evaluations so far
[1] 0 +- 7.02167e-20  	chisq 0 (3 df)

Iteration 5:  15000000 integrand evaluations so far
[1] 0 +- 5.73317e-20  	chisq 0 (4 df)

Iteration 6:  21000000 integrand evaluations so far
[1] 0 +- 4.84541e-20  	chisq 0 (5 df)

Iteration 7:  28000000 integrand evaluations so far
[1] 0 +- 4.19625e-20  	chisq 0 (6 df)

Iteration 8:  36000000 integrand evaluations so far
[1] 0 +- 3.70074e-20  	chisq 0 (7 df)

Iteration 9:  45000000 integrand evaluations so far
[1] 0 +- 3.31005e-20  	chisq 0 (8 df)

Iteration 10:  55000000 integrand evaluations so far
[1] 0 +- 2.99405e-20  	chisq 0 (9 df)
       0 ±   0.03 ·10⁻¹⁸ (4.54mi) ┃Vegas input parameters:
  ndim 8
  ncomp 1
  nvec 1
  epsrel 0
  epsabs 0
  flags 10
  seed 123456
  mineval 5000000
  maxeval 50000000
  nstart 1000000
  nincrease 1000000
  nbatch 5000
  gridno 0
  statefile ""

Iteration 1:  1000000 integrand evaluations so far
[1] 0 +- 2.22045e-19  	chisq 0 (0 df)

Iteration 2:  3000000 integrand evaluations so far
[1] 0 +- 1.28198e-19  	chisq 0 (1 df)

Iteration 3:  6000000 integrand evaluations so far
[1] 0 +- 9.06494e-20  	chisq 0 (2 df)

Iteration 4:  10000000 integrand evaluations so far
[1] 0 +- 7.02167e-20  	chisq 0 (3 df)

Iteration 5:  15000000 integrand evaluations so far
[1] 0 +- 5.73317e-20  	chisq 0 (4 df)

Iteration 6:  21000000 integrand evaluations so far
[1] 0 +- 4.84541e-20  	chisq 0 (5 df)

Iteration 7:  28000000 integrand evaluations so far
[1] 0 +- 4.19625e-20  	chisq 0 (6 df)

Iteration 8:  36000000 integrand evaluations so far
[1] 0 +- 3.70074e-20  	chisq 0 (7 df)

Iteration 9:  45000000 integrand evaluations so far
[1] 0 +- 3.31005e-20  	chisq 0 (8 df)

Iteration 10:  55000000 integrand evaluations so far
[1] 0 +- 2.99405e-20  	chisq 0 (9 df)
       0 ±   0.03 ·10⁻¹⁸ (1.71mi) ┃       0 ±  0.042 ·10⁻¹⁸ (6.28mi) ┃
┃   12 -    14 ┃   59 -    60 ┃       0 ±      0        ( 1.55s) ┃       0 ±      0        ( 346ms) ┃Vegas input parameters:
  ndim 10
  ncomp 1
  nvec 1
  epsrel 0
  epsabs 0
  flags 10
  seed 123456
  mineval 50000000
  maxeval 50000000
  nstart 1000000
  nincrease 1000000
  nbatch 5000
  gridno 0
  statefile ""

Iteration 1:  1000000 integrand evaluations so far
[1] 0 +- 2.22045e-19  	chisq 0 (0 df)

Iteration 2:  3000000 integrand evaluations so far
[1] 0 +- 1.28198e-19  	chisq 0 (1 df)

Iteration 3:  6000000 integrand evaluations so far
[1] 0 +- 9.06494e-20  	chisq 0 (2 df)

Iteration 4:  10000000 integrand evaluations so far
[1] 0 +- 7.02167e-20  	chisq 0 (3 df)

Iteration 5:  15000000 integrand evaluations so far
[1] 0 +- 5.73317e-20  	chisq 0 (4 df)

Iteration 6:  21000000 integrand evaluations so far
[1] 0 +- 4.84541e-20  	chisq 0 (5 df)

Iteration 7:  28000000 integrand evaluations so far
[1] 0 +- 4.19625e-20  	chisq 0 (6 df)

Iteration 8:  36000000 integrand evaluations so far
[1] 0 +- 3.70074e-20  	chisq 0 (7 df)

Iteration 9:  45000000 integrand evaluations so far
[1] 0 +- 3.31005e-20  	chisq 0 (8 df)

Iteration 10:  55000000 integrand evaluations so far
[1] 0 +- 2.99405e-20  	chisq 0 (9 df)
       0 ±   0.03 ·10⁻¹⁸ (4.51mi) ┃Vegas input parameters:
  ndim 8
  ncomp 1
  nvec 1
  epsrel 0
  epsabs 0
  flags 10
  seed 123456
  mineval 5000000
  maxeval 50000000
  nstart 1000000
  nincrease 1000000
  nbatch 5000
  gridno 0
  statefile ""

Iteration 1:  1000000 integrand evaluations so far
[1] 0 +- 2.22045e-19  	chisq 0 (0 df)

Iteration 2:  3000000 integrand evaluations so far
[1] 0 +- 1.28198e-19  	chisq 0 (1 df)

Iteration 3:  6000000 integrand evaluations so far
[1] 0 +- 9.06494e-20  	chisq 0 (2 df)

Iteration 4:  10000000 integrand evaluations so far
[1] 0 +- 7.02167e-20  	chisq 0 (3 df)

Iteration 5:  15000000 integrand evaluations so far
[1] 0 +- 5.73317e-20  	chisq 0 (4 df)

Iteration 6:  21000000 integrand evaluations so far
[1] 0 +- 4.84541e-20  	chisq 0 (5 df)

Iteration 7:  28000000 integrand evaluations so far
[1] 0 +- 4.19625e-20  	chisq 0 (6 df)

Iteration 8:  36000000 integrand evaluations so far
[1] 0 +- 3.70074e-20  	chisq 0 (7 df)

Iteration 9:  45000000 integrand evaluations so far
[1] 0 +- 3.31005e-20  	chisq 0 (8 df)

Iteration 10:  55000000 integrand evaluations so far
[1] 0 +- 2.99405e-20  	chisq 0 (9 df)
       0 ±   0.03 ·10⁻¹⁸ (1.71mi) ┃       0 ±  0.042 ·10⁻¹⁸ (6.25mi) ┃
┃   14 -    16 ┃   25 -    26 ┃  1.9827 ± 0.0013 ·10⁺⁰³ ( 9.84s) ┃ -1.9402 ± 0.0017 ·10⁺⁰³ (7.34mi) ┃Vegas input parameters:
  ndim 10
  ncomp 1
  nvec 1
  epsrel 0
  epsabs 0
  flags 10
  seed 123456
  mineval 50000000
  maxeval 50000000
  nstart 1000000
  nincrease 1000000
  nbatch 5000
  gridno 0
  statefile ""

Iteration 1:  1000000 integrand evaluations so far
[1] 1148.1 +- 1905.92  	chisq 0 (0 df)

Iteration 2:  3000000 integrand evaluations so far
[1] -242.166 +- 316.577  	chisq 0.547192 (1 df)

Iteration 3:  6000000 integrand evaluations so far
[1] -300.239 +- 234.284  	chisq 0.621587 (2 df)

Iteration 4:  10000000 integrand evaluations so far
[1] -466.216 +- 145.392  	chisq 1.43784 (3 df)

Iteration 5:  15000000 integrand evaluations so far
[1] -526.229 +- 112.856  	chisq 1.86646 (4 df)

Iteration 6:  21000000 integrand evaluations so far
[1] -579.721 +- 106.429  	chisq 3.89655 (5 df)

Iteration 7:  28000000 integrand evaluations so far
[1] -564.633 +- 91.1117  	chisq 3.97179 (6 df)

Iteration 8:  36000000 integrand evaluations so far
[1] -507.31 +- 81.7997  	chisq 6.01251 (7 df)

Iteration 9:  45000000 integrand evaluations so far
[1] -477.055 +- 78.0007  	chisq 7.52034 (8 df)

Iteration 10:  55000000 integrand evaluations so far
[1] -499.342 +- 66.581  	chisq 7.82116 (9 df)
    -499 ±     67        (4.76mi) ┃Vegas input parameters:
  ndim 8
  ncomp 1
  nvec 1
  epsrel 0
  epsabs 0
  flags 10
  seed 123456
  mineval 5000000
  maxeval 50000000
  nstart 1000000
  nincrease 1000000
  nbatch 5000
  gridno 0
  statefile ""

Iteration 1:  1000000 integrand evaluations so far
[1] 2138.97 +- 445.613  	chisq 0 (0 df)

Iteration 2:  3000000 integrand evaluations so far
[1] 1400.91 +- 153.256  	chisq 3.1113 (1 df)

Iteration 3:  6000000 integrand evaluations so far
[1] 1613.78 +- 133.978  	chisq 11.2942 (2 df)

Iteration 4:  10000000 integrand evaluations so far
[1] 1859.16 +- 110.593  	chisq 21.8219 (3 df)

Iteration 5:  15000000 integrand evaluations so far
[1] 2112.18 +- 73.2015  	chisq 31.1373 (4 df)

Iteration 6:  21000000 integrand evaluations so far
[1] 2207.36 +- 37.9392  	chisq 33.4492 (5 df)

Iteration 7:  28000000 integrand evaluations so far
[1] 2252.93 +- 23.0824  	chisq 35.739 (6 df)

Iteration 8:  36000000 integrand evaluations so far
[1] 2288.13 +- 18.2095  	chisq 41.8968 (7 df)

Iteration 9:  45000000 integrand evaluations so far
[1] 2331.57 +- 14.5556  	chisq 57.664 (8 df)

Iteration 10:  55000000 integrand evaluations so far
[1] 2354.54 +- 12.2664  	chisq 66.2511 (9 df)
   2.355 ±  0.012 ·10⁺⁰³ (1.83mi) ┃   1.898 ±  0.068 ·10⁺⁰³ (14.1mi) ┃
┃   14 -    16 ┃   26 -    27 ┃  2.2188 ± 0.0021 ·10⁺⁰³ ( 38.8s) ┃-2.14833 ± 0.00084 ·10⁺⁰³ (7.78mi) ┃Vegas input parameters:
  ndim 10
  ncomp 1
  nvec 1
  epsrel 0
  epsabs 0
  flags 10
  seed 123456
  mineval 50000000
  maxeval 50000000
  nstart 1000000
  nincrease 1000000
  nbatch 5000
  gridno 0
  statefile ""

Iteration 1:  1000000 integrand evaluations so far
[1] 718.923 +- 2239.73  	chisq 0 (0 df)

Iteration 2:  3000000 integrand evaluations so far
[1] 1419.02 +- 1846.9  	chisq 0.30531 (1 df)

Iteration 3:  6000000 integrand evaluations so far
[1] -473.594 +- 523.379  	chisq 1.44712 (2 df)

Iteration 4:  10000000 integrand evaluations so far
[1] -865.244 +- 372.513  	chisq 2.582 (3 df)

Iteration 5:  15000000 integrand evaluations so far
[1] -680.917 +- 183.901  	chisq 2.90575 (4 df)

Iteration 6:  21000000 integrand evaluations so far
[1] -656.534 +- 155.646  	chisq 2.96772 (5 df)

Iteration 7:  28000000 integrand evaluations so far
[1] -680.369 +- 147.495  	chisq 3.19763 (6 df)

Iteration 8:  36000000 integrand evaluations so far
[1] -801.006 +- 135.878  	chisq 7.61853 (7 df)

Iteration 9:  45000000 integrand evaluations so far
[1] -695.137 +- 91.7933  	chisq 8.73524 (8 df)

Iteration 10:  55000000 integrand evaluations so far
[1] -672.951 +- 86.9076  	chisq 9.29899 (9 df)
    -673 ±     87        (4.76mi) ┃Vegas input parameters:
  ndim 8
  ncomp 1
  nvec 1
  epsrel 0
  epsabs 0
  flags 10
  seed 123456
  mineval 5000000
  maxeval 50000000
  nstart 1000000
  nincrease 1000000
  nbatch 5000
  gridno 0
  statefile ""

Iteration 1:  1000000 integrand evaluations so far
[1] 2285.8 +- 475.787  	chisq 0 (0 df)

Iteration 2:  3000000 integrand evaluations so far
[1] 1976.03 +- 262.213  	chisq 0.608805 (1 df)

Iteration 3:  6000000 integrand evaluations so far
[1] 1816.32 +- 160.191  	chisq 1.20074 (2 df)

Iteration 4:  10000000 integrand evaluations so far
[1] 1942.56 +- 77.8202  	chisq 2.01361 (3 df)

Iteration 5:  15000000 integrand evaluations so far
[1] 2114.96 +- 60.2178  	chisq 14.2465 (4 df)

Iteration 6:  21000000 integrand evaluations so far
[1] 2260.88 +- 50.3515  	chisq 33.7634 (5 df)

Iteration 7:  28000000 integrand evaluations so far
[1] 2402.81 +- 35.4363  	chisq 49.508 (6 df)

Iteration 8:  36000000 integrand evaluations so far
[1] 2515.82 +- 23.8762  	chisq 68.1318 (7 df)

Iteration 9:  45000000 integrand evaluations so far
[1] 2583.96 +- 18.5724  	chisq 88.7549 (8 df)

Iteration 10:  55000000 integrand evaluations so far
[1] 2621.22 +- 14.946  	chisq 100.176 (9 df)
   2.621 ±  0.015 ·10⁺⁰³ (1.85mi) ┃   2.019 ±  0.088 ·10⁺⁰³ (  15mi) ┃
┃   14 -    16 ┃   27 -    28 ┃  2.4961 ±  0.002 ·10⁺⁰³ ( 10.1s) ┃ -2.4128 ± 0.0016 ·10⁺⁰³ (3.92mi) ┃Vegas input parameters:
  ndim 10
  ncomp 1
  nvec 1
  epsrel 0
  epsabs 0
  flags 10
  seed 123456
  mineval 50000000
  maxeval 50000000
  nstart 1000000
  nincrease 1000000
  nbatch 5000
  gridno 0
  statefile ""

Iteration 1:  1000000 integrand evaluations so far
[1] 1044.02 +- 1611.61  	chisq 0 (0 df)

Iteration 2:  3000000 integrand evaluations so far
[1] 1278.48 +- 1087.22  	chisq 0.0388426 (1 df)

Iteration 3:  6000000 integrand evaluations so far
[1] -116.538 +- 787.779  	chisq 3.50502 (2 df)

Iteration 4:  10000000 integrand evaluations so far
[1] -617.479 +- 290.4  	chisq 3.97297 (3 df)

Iteration 5:  15000000 integrand evaluations so far
[1] -457.22 +- 198.082  	chisq 4.5425 (4 df)

Iteration 6:  21000000 integrand evaluations so far
[1] -490.237 +- 176.67  	chisq 4.67835 (5 df)

Iteration 7:  28000000 integrand evaluations so far
[1] -520.126 +- 161.695  	chisq 4.85466 (6 df)

Iteration 8:  36000000 integrand evaluations so far
[1] -556.579 +- 154.005  	chisq 5.40197 (7 df)

Iteration 9:  45000000 integrand evaluations so far
[1] -517.888 +- 134.855  	chisq 5.6726 (8 df)

Iteration 10:  55000000 integrand evaluations so far
[1] -523.756 +- 113.742  	chisq 5.67916 (9 df)
    -520 ±    110        ( 4.7mi) ┃Vegas input parameters:
  ndim 8
  ncomp 1
  nvec 1
  epsrel 0
  epsabs 0
  flags 10
  seed 123456
  mineval 5000000
  maxeval 50000000
  nstart 1000000
  nincrease 1000000
  nbatch 5000
  gridno 0
  statefile ""

Iteration 1:  1000000 integrand evaluations so far
[1] 3119.71 +- 697.297  	chisq 0 (0 df)

Iteration 2:  3000000 integrand evaluations so far
[1] 1861.6 +- 187.054  	chisq 3.50781 (1 df)

Iteration 3:  6000000 integrand evaluations so far
[1] 2244.46 +- 142.723  	chisq 13.5342 (2 df)

Iteration 4:  10000000 integrand evaluations so far
[1] 2538.73 +- 95.8895  	chisq 21.2834 (3 df)

Iteration 5:  15000000 integrand evaluations so far
[1] 2577.21 +- 94.3546  	chisq 26.3535 (4 df)

Iteration 6:  21000000 integrand evaluations so far
[1] 2687.19 +- 87.2079  	chisq 35.6749 (5 df)

Iteration 7:  28000000 integrand evaluations so far
[1] 2874.33 +- 50.7128  	chisq 42.6329 (6 df)

Iteration 8:  36000000 integrand evaluations so far
[1] 2964.44 +- 29.6635  	chisq 47.4324 (7 df)

Iteration 9:  45000000 integrand evaluations so far
[1] 2987.91 +- 23.6693  	chisq 49.1549 (8 df)

Iteration 10:  55000000 integrand evaluations so far
[1] 2963.04 +- 19.1068  	chisq 52.3229 (9 df)
   2.963 ±  0.019 ·10⁺⁰³ (1.79mi) ┃    2.52 ±   0.12 ·10⁺⁰³ (10.6mi) ┃
┃   14 -    16 ┃   28 -    29 ┃  2.7877 ± 0.0019 ·10⁺⁰³ ( 16.7s) ┃  -2.715 ± 0.0026 ·10⁺⁰³ (1.99mi) ┃Vegas input parameters:
  ndim 10
  ncomp 1
  nvec 1
  epsrel 0
  epsabs 0
  flags 10
  seed 123456
  mineval 50000000
  maxeval 50000000
  nstart 1000000
  nincrease 1000000
  nbatch 5000
  gridno 0
  statefile ""

Iteration 1:  1000000 integrand evaluations so far
[1] -299.991 +- 1517.22  	chisq 0 (0 df)

Iteration 2:  3000000 integrand evaluations so far
[1] -470.091 +- 816.777  	chisq 0.0176985 (1 df)

Iteration 3:  6000000 integrand evaluations so far
[1] -638.487 +- 774.329  	chisq 0.437565 (2 df)

Iteration 4:  10000000 integrand evaluations so far
[1] -1171.21 +- 324.424  	chisq 1.01167 (3 df)

Iteration 5:  15000000 integrand evaluations so far
[1] -773.703 +- 283.203  	chisq 7.32046 (4 df)

Iteration 6:  21000000 integrand evaluations so far
[1] -760.162 +- 256.054  	chisq 7.33298 (5 df)

Iteration 7:  28000000 integrand evaluations so far
[1] -724.974 +- 250.656  	chisq 7.78565 (6 df)

Iteration 8:  36000000 integrand evaluations so far
[1] -757.439 +- 229.645  	chisq 7.89009 (7 df)

Iteration 9:  45000000 integrand evaluations so far
[1] -636.846 +- 206.277  	chisq 9.31773 (8 df)

Iteration 10:  55000000 integrand evaluations so far
[1] -527.328 +- 162.622  	chisq 10.0625 (9 df)
    -530 ±    160        ( 4.7mi) ┃Vegas input parameters:
  ndim 8
  ncomp 1
  nvec 1
  epsrel 0
  epsabs 0
  flags 10
  seed 123456
  mineval 5000000
  maxeval 50000000
  nstart 1000000
  nincrease 1000000
  nbatch 5000
  gridno 0
  statefile ""

Iteration 1:  1000000 integrand evaluations so far
[1] 3404.92 +- 627.601  	chisq 0 (0 df)

Iteration 2:  3000000 integrand evaluations so far
[1] 3282.19 +- 356.206  	chisq 0.0564128 (1 df)

Iteration 3:  6000000 integrand evaluations so far
[1] 3324.84 +- 263.988  	chisq 0.088212 (2 df)

Iteration 4:  10000000 integrand evaluations so far
[1] 3269.87 +- 127.248  	chisq 0.144695 (3 df)

Iteration 5:  15000000 integrand evaluations so far
[1] 3265.6 +- 72.5773  	chisq 0.146367 (4 df)

Iteration 6:  21000000 integrand evaluations so far
[1] 3328.13 +- 47.4794  	chisq 1.44431 (5 df)

Iteration 7:  28000000 integrand evaluations so far
[1] 3345.99 +- 30.7408  	chisq 1.68772 (6 df)

Iteration 8:  36000000 integrand evaluations so far
[1] 3333.59 +- 23.7814  	chisq 2.09286 (7 df)

Iteration 9:  45000000 integrand evaluations so far
[1] 3356.96 +- 19.4027  	chisq 4.98245 (8 df)

Iteration 10:  55000000 integrand evaluations so far
[1] 3368.82 +- 16.067  	chisq 6.17107 (9 df)
   3.369 ±  0.016 ·10⁺⁰³ ( 1.8mi) ┃    2.91 ±   0.16 ·10⁺⁰³ (8.77mi) ┃
┃   14 -    16 ┃   29 -    30 ┃   3.103 ±  0.002 ·10⁺⁰³ ( 10.2s) ┃ -3.0402 ± 0.0015 ·10⁺⁰³ (4.08mi) ┃Vegas input parameters:
  ndim 10
  ncomp 1
  nvec 1
  epsrel 0
  epsabs 0
  flags 10
  seed 123456
  mineval 50000000
  maxeval 50000000
  nstart 1000000
  nincrease 1000000
  nbatch 5000
  gridno 0
  statefile ""

Iteration 1:  1000000 integrand evaluations so far
[1] -8616.59 +- 6835.99  	chisq 0 (0 df)

Iteration 2:  3000000 integrand evaluations so far
[1] -2153.77 +- 960.136  	chisq 0.91179 (1 df)

Iteration 3:  6000000 integrand evaluations so far
[1] -1382.86 +- 713.478  	chisq 2.35144 (2 df)

Iteration 4:  10000000 integrand evaluations so far
[1] -402.95 +- 338.927  	chisq 4.78744 (3 df)

Iteration 5:  15000000 integrand evaluations so far
[1] -466.385 +- 328.475  	chisq 5.36432 (4 df)

Iteration 6:  21000000 integrand evaluations so far
[1] -494.138 +- 284.58  	chisq 5.39294 (5 df)

Iteration 7:  28000000 integrand evaluations so far
[1] -513.463 +- 243.48  	chisq 5.41015 (6 df)

Iteration 8:  36000000 integrand evaluations so far
[1] -486.834 +- 190.171  	chisq 5.44082 (7 df)

Iteration 9:  45000000 integrand evaluations so far
[1] -442.947 +- 167.616  	chisq 5.67949 (8 df)

Iteration 10:  55000000 integrand evaluations so far
[1] -595.218 +- 152.486  	chisq 10.467 (9 df)
    -600 ±    150        (4.68mi) ┃Vegas input parameters:
  ndim 8
  ncomp 1
  nvec 1
  epsrel 0
  epsabs 0
  flags 10
  seed 123456
  mineval 5000000
  maxeval 50000000
  nstart 1000000
  nincrease 1000000
  nbatch 5000
  gridno 0
  statefile ""

Iteration 1:  1000000 integrand evaluations so far
[1] 4713.15 +- 694.983  	chisq 0 (0 df)

Iteration 2:  3000000 integrand evaluations so far
[1] 4003.22 +- 351.532  	chisq 1.40223 (1 df)

Iteration 3:  6000000 integrand evaluations so far
[1] 3593.04 +- 144.997  	chisq 3.04286 (2 df)

Iteration 4:  10000000 integrand evaluations so far
[1] 3665.68 +- 95.7468  	chisq 3.48786 (3 df)

Iteration 5:  15000000 integrand evaluations so far
[1] 3734.36 +- 70.6102  	chisq 4.61592 (4 df)

Iteration 6:  21000000 integrand evaluations so far
[1] 3774.22 +- 48.1862  	chisq 5.21236 (5 df)

Iteration 7:  28000000 integrand evaluations so far
[1] 3771.26 +- 33.4449  	chisq 5.21964 (6 df)

Iteration 8:  36000000 integrand evaluations so far
[1] 3771.42 +- 24.5215  	chisq 5.21969 (7 df)

Iteration 9:  45000000 integrand evaluations so far
[1] 3775.64 +- 19.1833  	chisq 5.29629 (8 df)

Iteration 10:  55000000 integrand evaluations so far
[1] 3783.36 +- 16.674  	chisq 5.95782 (9 df)
   3.783 ±  0.017 ·10⁺⁰³ (1.76mi) ┃    3.25 ±   0.15 ·10⁺⁰³ (10.7mi) ┃
┃   14 -    16 ┃   30 -    31 ┃  3.5575 ± 0.0031 ·10⁺⁰³ ( 9.06s) ┃ -3.4582 ± 0.0014 ·10⁺⁰³ (4.16mi) ┃Vegas input parameters:
  ndim 10
  ncomp 1
  nvec 1
  epsrel 0
  epsabs 0
  flags 10
  seed 123456
  mineval 50000000
  maxeval 50000000
  nstart 1000000
  nincrease 1000000
  nbatch 5000
  gridno 0
  statefile ""

Iteration 1:  1000000 integrand evaluations so far
[1] 20235.4 +- 21289.8  	chisq 0 (0 df)

Iteration 2:  3000000 integrand evaluations so far
[1] -68.4396 +- 380.809  	chisq 0.909811 (1 df)

Iteration 3:  6000000 integrand evaluations so far
[1] -292.505 +- 343.167  	chisq 2.75207 (2 df)

Iteration 4:  10000000 integrand evaluations so far
[1] -486.569 +- 283.481  	chisq 3.75899 (3 df)

Iteration 5:  15000000 integrand evaluations so far
[1] -608.65 +- 266.958  	chisq 5.39772 (4 df)

Iteration 6:  21000000 integrand evaluations so far
[1] -581.564 +- 252.479  	chisq 5.49527 (5 df)

Iteration 7:  28000000 integrand evaluations so far
[1] -533.299 +- 236.785  	chisq 5.79865 (6 df)

Iteration 8:  36000000 integrand evaluations so far
[1] -614.277 +- 214.717  	chisq 6.45679 (7 df)

Iteration 9:  45000000 integrand evaluations so far
[1] -737.094 +- 191.967  	chisq 8.08711 (8 df)

Iteration 10:  55000000 integrand evaluations so far
[1] -813.285 +- 166.748  	chisq 8.7288 (9 df)
    -810 ±    170        (4.78mi) ┃Vegas input parameters:
  ndim 8
  ncomp 1
  nvec 1
  epsrel 0
  epsabs 0
  flags 10
  seed 123456
  mineval 5000000
  maxeval 50000000
  nstart 1000000
  nincrease 1000000
  nbatch 5000
  gridno 0
  statefile ""

Iteration 1:  1000000 integrand evaluations so far
[1] 5176.77 +- 767.733  	chisq 0 (0 df)

Iteration 2:  3000000 integrand evaluations so far
[1] 4405.8 +- 301.311  	chisq 1.19207 (1 df)

Iteration 3:  6000000 integrand evaluations so far
[1] 4399.85 +- 155.223  	chisq 1.1926 (2 df)

Iteration 4:  10000000 integrand evaluations so far
[1] 4358.6 +- 82.1967  	chisq 1.29074 (3 df)

Iteration 5:  15000000 integrand evaluations so far
[1] 4315.31 +- 62.2592  	chisq 1.94132 (4 df)

Iteration 6:  21000000 integrand evaluations so far
[1] 4325.55 +- 44.5606  	chisq 1.99677 (5 df)

Iteration 7:  28000000 integrand evaluations so far
[1] 4327.5 +- 33.038  	chisq 2.00105 (6 df)

Iteration 8:  36000000 integrand evaluations so far
[1] 4326.68 +- 25.7867  	chisq 2.00264 (7 df)

Iteration 9:  45000000 integrand evaluations so far
[1] 4348.94 +- 21.2435  	chisq 4.32171 (8 df)

Iteration 10:  55000000 integrand evaluations so far
[1] 4339.72 +- 17.9172  	chisq 4.97426 (9 df)
    4.34 ±  0.018 ·10⁺⁰³ ( 1.8mi) ┃    3.63 ±   0.17 ·10⁺⁰³ (10.9mi) ┃
┃   14 -    16 ┃   31 -    32 ┃  4.1517 ± 0.0038 ·10⁺⁰³ ( 17.5s) ┃ -4.0271 ± 0.0017 ·10⁺⁰³ (4.24mi) ┃Vegas input parameters:
  ndim 10
  ncomp 1
  nvec 1
  epsrel 0
  epsabs 0
  flags 10
  seed 123456
  mineval 50000000
  maxeval 50000000
  nstart 1000000
  nincrease 1000000
  nbatch 5000
  gridno 0
  statefile ""

Iteration 1:  1000000 integrand evaluations so far
[1] 3776.08 +- 3940.28  	chisq 0 (0 df)

Iteration 2:  3000000 integrand evaluations so far
[1] 2989.71 +- 2080.8  	chisq 0.0552311 (1 df)

Iteration 3:  6000000 integrand evaluations so far
[1] -171.828 +- 636.02  	chisq 2.60168 (2 df)

Iteration 4:  10000000 integrand evaluations so far
[1] -110.847 +- 597.238  	chisq 2.67943 (3 df)

Iteration 5:  15000000 integrand evaluations so far
[1] -1110.65 +- 422.658  	chisq 8.29355 (4 df)

Iteration 6:  21000000 integrand evaluations so far
[1] -1253.46 +- 291.203  	chisq 8.51088 (5 df)

Iteration 7:  28000000 integrand evaluations so far
[1] -1282.12 +- 281.964  	chisq 8.66598 (6 df)

Iteration 8:  36000000 integrand evaluations so far
[1] -1290.34 +- 278.834  	chisq 8.70447 (7 df)

Iteration 9:  45000000 integrand evaluations so far
[1] -1156.24 +- 257.015  	chisq 10.2427 (8 df)

Iteration 10:  55000000 integrand evaluations so far
[1] -1169.85 +- 256.672  	chisq 11.2938 (9 df)
   -1.17 ±   0.26 ·10⁺⁰³ (4.68mi) ┃Vegas input parameters:
  ndim 8
  ncomp 1
  nvec 1
  epsrel 0
  epsabs 0
  flags 10
  seed 123456
  mineval 5000000
  maxeval 50000000
  nstart 1000000
  nincrease 1000000
  nbatch 5000
  gridno 0
  statefile ""

Iteration 1:  1000000 integrand evaluations so far
[1] 5549.67 +- 763.838  	chisq 0 (0 df)

Iteration 2:  3000000 integrand evaluations so far
[1] 4674.72 +- 223.11  	chisq 1.4345 (1 df)

Iteration 3:  6000000 integrand evaluations so far
[1] 4836.43 +- 129.044  	chisq 2.22396 (2 df)

Iteration 4:  10000000 integrand evaluations so far
[1] 4935.45 +- 78.4288  	chisq 3.15761 (3 df)

Iteration 5:  15000000 integrand evaluations so far
[1] 5008.13 +- 64.0624  	chisq 5.73779 (4 df)

Iteration 6:  21000000 integrand evaluations so far
[1] 5051.37 +- 53.7916  	chisq 7.28251 (5 df)

Iteration 7:  28000000 integrand evaluations so far
[1] 5061.81 +- 40.7192  	chisq 7.37076 (6 df)

Iteration 8:  36000000 integrand evaluations so far
[1] 5071.32 +- 30.9091  	chisq 7.49949 (7 df)

Iteration 9:  45000000 integrand evaluations so far
[1] 5071.99 +- 24.7217  	chisq 7.50077 (8 df)

Iteration 10:  55000000 integrand evaluations so far
[1] 5069.02 +- 20.6943  	chisq 7.5487 (9 df)
   5.069 ±  0.021 ·10⁺⁰³ (1.77mi) ┃    4.02 ±   0.26 ·10⁺⁰³ (  11mi) ┃
┃   14 -    16 ┃   32 -    33 ┃ 5.09213 ± 0.00065 ·10⁺⁰³ ( 9.07s) ┃ -4.9358 ± 0.0047 ·10⁺⁰³ (1.15mi) ┃Vegas input parameters:
  ndim 10
  ncomp 1
  nvec 1
  epsrel 0
  epsabs 0
  flags 10
  seed 123456
  mineval 50000000
  maxeval 50000000
  nstart 1000000
  nincrease 1000000
  nbatch 5000
  gridno 0
  statefile ""

Iteration 1:  1000000 integrand evaluations so far
[1] -1274.27 +- 1398.9  	chisq 0 (0 df)

Iteration 2:  3000000 integrand evaluations so far
[1] -590.553 +- 1220.62  	chisq 1.00097 (1 df)

Iteration 3:  6000000 integrand evaluations so far
[1] -275.435 +- 685.629  	chisq 1.09834 (2 df)

Iteration 4:  10000000 integrand evaluations so far
[1] -901.594 +- 518.828  	chisq 3.04989 (3 df)

Iteration 5:  15000000 integrand evaluations so far
[1] -1307.94 +- 430.473  	chisq 5.01848 (4 df)

Iteration 6:  21000000 integrand evaluations so far
[1] -997.237 +- 298.945  	chisq 6.02469 (5 df)

Iteration 7:  28000000 integrand evaluations so far
[1] -1148.44 +- 258.409  	chisq 7.0366 (6 df)

Iteration 8:  36000000 integrand evaluations so far
[1] -1235.08 +- 252.655  	chisq 9.58906 (7 df)

Iteration 9:  45000000 integrand evaluations so far
[1] -1184.59 +- 246.755  	chisq 10.4542 (8 df)

Iteration 10:  55000000 integrand evaluations so far
[1] -1267.06 +- 230.082  	chisq 11.3098 (9 df)
   -1.27 ±   0.23 ·10⁺⁰³ (4.75mi) ┃Vegas input parameters:
  ndim 8
  ncomp 1
  nvec 1
  epsrel 0
  epsabs 0
  flags 10
  seed 123456
  mineval 5000000
  maxeval 50000000
  nstart 1000000
  nincrease 1000000
  nbatch 5000
  gridno 0
  statefile ""

Iteration 1:  1000000 integrand evaluations so far
[1] 6843.27 +- 868.008  	chisq 0 (0 df)

Iteration 2:  3000000 integrand evaluations so far
[1] 6054.94 +- 294.641  	chisq 0.932251 (1 df)

Iteration 3:  6000000 integrand evaluations so far
[1] 6039.82 +- 149.059  	chisq 0.935793 (2 df)

Iteration 4:  10000000 integrand evaluations so far
[1] 6197.82 +- 98.2973  	chisq 2.92396 (3 df)

Iteration 5:  15000000 integrand evaluations so far
[1] 6244.34 +- 84.6986  	chisq 3.79353 (4 df)

Iteration 6:  21000000 integrand evaluations so far
[1] 6269.81 +- 61.8947  	chisq 3.98768 (5 df)

Iteration 7:  28000000 integrand evaluations so far
[1] 6278.74 +- 45.0691  	chisq 4.03195 (6 df)

Iteration 8:  36000000 integrand evaluations so far
[1] 6276.09 +- 36.5174  	chisq 4.042 (7 df)

Iteration 9:  45000000 integrand evaluations so far
[1] 6312.13 +- 30.228  	chisq 7.13538 (8 df)

Iteration 10:  55000000 integrand evaluations so far
[1] 6335.95 +- 25.3525  	chisq 9.22923 (9 df)
   6.336 ±  0.025 ·10⁺⁰³ ( 1.8mi) ┃    5.23 ±   0.23 ·10⁺⁰³ (7.85mi) ┃
┃   14 -    16 ┃   33 -    34 ┃  6.8155 ± 0.0018 ·10⁺⁰³ ( 17.6s) ┃ -6.6038 ± 0.0028 ·10⁺⁰³ (4.38mi) ┃Vegas input parameters:
  ndim 10
  ncomp 1
  nvec 1
  epsrel 0
  epsabs 0
  flags 10
  seed 123456
  mineval 50000000
  maxeval 50000000
  nstart 1000000
  nincrease 1000000
  nbatch 5000
  gridno 0
  statefile ""

Iteration 1:  1000000 integrand evaluations so far
[1] -1254.06 +- 1517.69  	chisq 0 (0 df)

Iteration 2:  3000000 integrand evaluations so far
[1] -1137.06 +- 1092.5  	chisq 0.0123334 (1 df)

Iteration 3:  6000000 integrand evaluations so far
[1] -1398.6 +- 704.318  	chisq 0.110401 (2 df)

Iteration 4:  10000000 integrand evaluations so far
[1] -1515.52 +- 489.045  	chisq 0.163619 (3 df)

Iteration 5:  15000000 integrand evaluations so far
[1] -1539.05 +- 453.688  	chisq 0.180229 (4 df)

Iteration 6:  21000000 integrand evaluations so far
[1] -1433.05 +- 367.568  	chisq 0.339112 (5 df)

Iteration 7:  28000000 integrand evaluations so far
[1] -1517.92 +- 277.559  	chisq 0.463169 (6 df)

Iteration 8:  36000000 integrand evaluations so far
[1] -1538.87 +- 240.273  	chisq 0.485899 (7 df)

Iteration 9:  45000000 integrand evaluations so far
[1] -1593.14 +- 227.901  	chisq 0.994433 (8 df)

Iteration 10:  55000000 integrand evaluations so far
[1] -1525.13 +- 218.901  	chisq 2.1448 (9 df)
   -1.53 ±   0.22 ·10⁺⁰³ (4.77mi) ┃Vegas input parameters:
  ndim 8
  ncomp 1
  nvec 1
  epsrel 0
  epsabs 0
  flags 10
  seed 123456
  mineval 5000000
  maxeval 50000000
  nstart 1000000
  nincrease 1000000
  nbatch 5000
  gridno 0
  statefile ""

Iteration 1:  1000000 integrand evaluations so far
[1] 7823.9 +- 860.42  	chisq 0 (0 df)

Iteration 2:  3000000 integrand evaluations so far
[1] 8219.61 +- 258.32  	chisq 0.232457 (1 df)

Iteration 3:  6000000 integrand evaluations so far
[1] 8204.28 +- 117.768  	chisq 0.236899 (2 df)

Iteration 4:  10000000 integrand evaluations so far
[1] 8420.41 +- 81.0299  	chisq 6.63274 (3 df)

Iteration 5:  15000000 integrand evaluations so far
[1] 8355.28 +- 57.6091  	chisq 7.93932 (4 df)

Iteration 6:  21000000 integrand evaluations so far
[1] 8394.8 +- 46.9311  	chisq 9.33842 (5 df)

Iteration 7:  28000000 integrand evaluations so far
[1] 8422.76 +- 39.705  	chisq 10.5877 (6 df)

Iteration 8:  36000000 integrand evaluations so far
[1] 8421.17 +- 33.7718  	chisq 10.5936 (7 df)

Iteration 9:  45000000 integrand evaluations so far
[1] 8446.13 +- 28.9518  	chisq 12.655 (8 df)

Iteration 10:  55000000 integrand evaluations so far
[1] 8455.98 +- 25.3361  	chisq 13.1493 (9 df)
   8.456 ±  0.025 ·10⁺⁰³ (1.84mi) ┃    7.14 ±   0.22 ·10⁺⁰³ (11.3mi) ┃
┃   14 -    16 ┃   34 -    35 ┃  6.3168 ± 0.0026 ·10⁺⁰³ ( 33.7s) ┃ -6.1268 ± 0.0041 ·10⁺⁰³ (8.41mi) ┃Vegas input parameters:
  ndim 10
  ncomp 1
  nvec 1
  epsrel 0
  epsabs 0
  flags 10
  seed 123456
  mineval 50000000
  maxeval 50000000
  nstart 1000000
  nincrease 1000000
  nbatch 5000
  gridno 0
  statefile ""

Iteration 1:  1000000 integrand evaluations so far
[1] 4299.9 +- 7479.61  	chisq 0 (0 df)

Iteration 2:  3000000 integrand evaluations so far
[1] -3810.55 +- 3593.01  	chisq 1.52852 (1 df)

Iteration 3:  6000000 integrand evaluations so far
[1] -2306.1 +- 904.259  	chisq 1.71569 (2 df)

Iteration 4:  10000000 integrand evaluations so far
[1] -1656.34 +- 700.622  	chisq 3.00755 (3 df)

Iteration 5:  15000000 integrand evaluations so far
[1] -1118.7 +- 559.88  	chisq 4.63689 (4 df)

Iteration 6:  21000000 integrand evaluations so far
[1] -1049.28 +- 464.163  	chisq 4.68606 (5 df)

Iteration 7:  28000000 integrand evaluations so far
[1] -888.571 +- 391.677  	chisq 5.10237 (6 df)

Iteration 8:  36000000 integrand evaluations so far
[1] -905.947 +- 295.29  	chisq 5.10693 (7 df)

Iteration 9:  45000000 integrand evaluations so far
[1] -950.722 +- 287.998  	chisq 5.5783 (8 df)

Iteration 10:  55000000 integrand evaluations so far
[1] -948.643 +- 275.358  	chisq 5.5789 (9 df)
    -950 ±    280        ( 4.8mi) ┃Vegas input parameters:
  ndim 8
  ncomp 1
  nvec 1
  epsrel 0
  epsabs 0
  flags 10
  seed 123456
  mineval 5000000
  maxeval 50000000
  nstart 1000000
  nincrease 1000000
  nbatch 5000
  gridno 0
  statefile ""

Iteration 1:  1000000 integrand evaluations so far
[1] 8347.99 +- 869.756  	chisq 0 (0 df)

Iteration 2:  3000000 integrand evaluations so far
[1] 7726.69 +- 213.046  	chisq 0.542863 (1 df)

Iteration 3:  6000000 integrand evaluations so far
[1] 7693.09 +- 112.766  	chisq 0.577414 (2 df)

Iteration 4:  10000000 integrand evaluations so far
[1] 7693.67 +- 73.8366  	chisq 0.577461 (3 df)

Iteration 5:  15000000 integrand evaluations so far
[1] 7672.03 +- 55.638  	chisq 0.776207 (4 df)

Iteration 6:  21000000 integrand evaluations so far
[1] 7690.91 +- 46.2853  	chisq 1.1499 (5 df)

Iteration 7:  28000000 integrand evaluations so far
[1] 7719.44 +- 38.6777  	chisq 2.40909 (6 df)

Iteration 8:  36000000 integrand evaluations so far
[1] 7743.4 +- 32.1666  	chisq 3.65467 (7 df)

Iteration 9:  45000000 integrand evaluations so far
[1] 7776.78 +- 27.7361  	chisq 7.85092 (8 df)

Iteration 10:  55000000 integrand evaluations so far
[1] 7778.66 +- 24.312  	chisq 7.87074 (9 df)
   7.779 ±  0.024 ·10⁺⁰³ (1.87mi) ┃    7.02 ±   0.28 ·10⁺⁰³ (15.6mi) ┃
┃   14 -    16 ┃   35 -    36 ┃   5.502 ± 0.0033 ·10⁺⁰³ ( 38.9s) ┃ -5.3365 ± 0.0025 ·10⁺⁰³ (16.2mi) ┃Vegas input parameters:
  ndim 10
  ncomp 1
  nvec 1
  epsrel 0
  epsabs 0
  flags 10
  seed 123456
  mineval 50000000
  maxeval 50000000
  nstart 1000000
  nincrease 1000000
  nbatch 5000
  gridno 0
  statefile ""

Iteration 1:  1000000 integrand evaluations so far
[1] -19419.9 +- 22493.3  	chisq 0 (0 df)

Iteration 2:  3000000 integrand evaluations so far
[1] 2629.21 +- 13294.3  	chisq 1.47675 (1 df)

Iteration 3:  6000000 integrand evaluations so far
[1] -1875.25 +- 802.311  	chisq 1.59197 (2 df)

Iteration 4:  10000000 integrand evaluations so far
[1] -1649.45 +- 755.177  	chisq 2.28655 (3 df)

Iteration 5:  15000000 integrand evaluations so far
[1] -1404.02 +- 680.396  	chisq 2.84762 (4 df)

Iteration 6:  21000000 integrand evaluations so far
[1] -1682.79 +- 472.012  	chisq 3.17122 (5 df)

Iteration 7:  28000000 integrand evaluations so far
[1] -1402.3 +- 438.936  	chisq 5.7823 (6 df)

Iteration 8:  36000000 integrand evaluations so far
[1] -1573.16 +- 420.356  	chisq 7.61091 (7 df)

Iteration 9:  45000000 integrand evaluations so far
[1] -1469.71 +- 393.178  	chisq 8.09498 (8 df)

Iteration 10:  55000000 integrand evaluations so far
[1] -1356.53 +- 339.723  	chisq 8.42194 (9 df)
   -1.36 ±   0.34 ·10⁺⁰³ (4.77mi) ┃Vegas input parameters:
  ndim 8
  ncomp 1
  nvec 1
  epsrel 0
  epsabs 0
  flags 10
  seed 123456
  mineval 5000000
  maxeval 50000000
  nstart 1000000
  nincrease 1000000
  nbatch 5000
  gridno 0
  statefile ""

Iteration 1:  1000000 integrand evaluations so far
[1] 6660.13 +- 819.933  	chisq 0 (0 df)

Iteration 2:  3000000 integrand evaluations so far
[1] 6508.06 +- 289.098  	chisq 0.0392815 (1 df)

Iteration 3:  6000000 integrand evaluations so far
[1] 6641.03 +- 199.943  	chisq 0.444791 (2 df)

Iteration 4:  10000000 integrand evaluations so far
[1] 6620.52 +- 112.639  	chisq 0.460193 (3 df)

Iteration 5:  15000000 integrand evaluations so far
[1] 6749.33 +- 88.8664  	chisq 3.92366 (4 df)

Iteration 6:  21000000 integrand evaluations so far
[1] 6775.86 +- 69.7119  	chisq 4.1554 (5 df)

Iteration 7:  28000000 integrand evaluations so far
[1] 6818.45 +- 50.6965  	chisq 4.94738 (6 df)

Iteration 8:  36000000 integrand evaluations so far
[1] 6785.29 +- 37.7591  	chisq 5.90803 (7 df)

Iteration 9:  45000000 integrand evaluations so far
[1] 6763.82 +- 30.6794  	chisq 6.85937 (8 df)

Iteration 10:  55000000 integrand evaluations so far
[1] 6788.97 +- 26.0281  	chisq 9.25823 (9 df)
   6.789 ±  0.026 ·10⁺⁰³ ( 1.8mi) ┃     5.6 ±   0.34 ·10⁺⁰³ (23.4mi) ┃
┃   14 -    16 ┃   36 -    37 ┃  5.0427 ± 0.0029 ·10⁺⁰³ (1.31mi) ┃ -5.0897 ± 0.0045 ·10⁺⁰³ ( 31.3s) ┃Vegas input parameters:
  ndim 10
  ncomp 1
  nvec 1
  epsrel 0
  epsabs 0
  flags 10
  seed 123456
  mineval 50000000
  maxeval 50000000
  nstart 1000000
  nincrease 1000000
  nbatch 5000
  gridno 0
  statefile ""

Iteration 1:  1000000 integrand evaluations so far
[1] -1306.98 +- 703.165  	chisq 0 (0 df)

Iteration 2:  3000000 integrand evaluations so far
[1] -1291.18 +- 645.617  	chisq 0.0032192 (1 df)

Iteration 3:  6000000 integrand evaluations so far
[1] -973.061 +- 466.143  	chisq 0.510391 (2 df)

Iteration 4:  10000000 integrand evaluations so far
[1] -1217.76 +- 339.739  	chisq 1.09819 (3 df)

Iteration 5:  15000000 integrand evaluations so far
[1] -1021.07 +- 311.658  	chisq 3.21312 (4 df)

Iteration 6:  21000000 integrand evaluations so far
[1] -967.908 +- 298.568  	chisq 3.56694 (5 df)

Iteration 7:  28000000 integrand evaluations so far
[1] -977.297 +- 298.419  	chisq 4.55317 (6 df)

Iteration 8:  36000000 integrand evaluations so far
[1] -1003.5 +- 252.293  	chisq 4.58021 (7 df)

Iteration 9:  45000000 integrand evaluations so far
[1] -1169.3 +- 214.943  	chisq 6.15532 (8 df)

Iteration 10:  55000000 integrand evaluations so far
[1] -1151.97 +- 213.486  	chisq 6.63642 (9 df)
   -1.15 ±   0.21 ·10⁺⁰³ (4.77mi) ┃Vegas input parameters:
  ndim 8
  ncomp 1
  nvec 1
  epsrel 0
  epsabs 0
  flags 10
  seed 123456
  mineval 5000000
  maxeval 50000000
  nstart 1000000
  nincrease 1000000
  nbatch 5000
  gridno 0
  statefile ""

Iteration 1:  1000000 integrand evaluations so far
[1] 5709.12 +- 694.049  	chisq 0 (0 df)

Iteration 2:  3000000 integrand evaluations so far
[1] 5725.21 +- 228.78  	chisq 0.000602809 (1 df)

Iteration 3:  6000000 integrand evaluations so far
[1] 5942.05 +- 159.944  	chisq 1.75783 (2 df)

Iteration 4:  10000000 integrand evaluations so far
[1] 6023.32 +- 112.955  	chisq 2.27293 (3 df)

Iteration 5:  15000000 integrand evaluations so far
[1] 6053.76 +- 84.1326  	chisq 2.43596 (4 df)

Iteration 6:  21000000 integrand evaluations so far
[1] 6037.34 +- 57.8204  	chisq 2.50812 (5 df)

Iteration 7:  28000000 integrand evaluations so far
[1] 6009.7 +- 40.1879  	chisq 2.95006 (6 df)

Iteration 8:  36000000 integrand evaluations so far
[1] 6040 +- 37.5853  	chisq 7.48489 (7 df)

Iteration 9:  45000000 integrand evaluations so far
[1] 6049.36 +- 33.274  	chisq 7.77146 (8 df)

Iteration 10:  55000000 integrand evaluations so far
[1] 6077.72 +- 27.5982  	chisq 10.099 (9 df)
   6.078 ±  0.028 ·10⁺⁰³ (1.78mi) ┃    4.88 ±   0.22 ·10⁺⁰³ (8.38mi) ┃
┃   14 -    16 ┃   37 -    38 ┃  4.7889 ± 0.0047 ·10⁺⁰³ (1.31mi) ┃ -4.6582 ± 0.0016 ·10⁺⁰³ (8.12mi) ┃Vegas input parameters:
  ndim 10
  ncomp 1
  nvec 1
  epsrel 0
  epsabs 0
  flags 10
  seed 123456
  mineval 50000000
  maxeval 50000000
  nstart 1000000
  nincrease 1000000
  nbatch 5000
  gridno 0
  statefile ""

Iteration 1:  1000000 integrand evaluations so far
[1] -3884.3 +- 1072.48  	chisq 0 (0 df)

Iteration 2:  3000000 integrand evaluations so far
[1] -2474.8 +- 799.598  	chisq 3.88892 (1 df)

Iteration 3:  6000000 integrand evaluations so far
[1] -1857.06 +- 723.651  	chisq 7.18755 (2 df)

Iteration 4:  10000000 integrand evaluations so far
[1] -2037.19 +- 604.572  	chisq 7.3927 (3 df)

Iteration 5:  15000000 integrand evaluations so far
[1] -1786.86 +- 455.044  	chisq 7.78823 (4 df)

Iteration 6:  21000000 integrand evaluations so far
[1] -1509.57 +- 404.108  	chisq 9.54522 (5 df)

Iteration 7:  28000000 integrand evaluations so far
[1] -1308.52 +- 370.101  	chisq 11.0805 (6 df)

Iteration 8:  36000000 integrand evaluations so far
[1] -1259.51 +- 360.567  	chisq 11.4253 (7 df)

Iteration 9:  45000000 integrand evaluations so far
[1] -1351.42 +- 299.498  	chisq 11.6349 (8 df)

Iteration 10:  55000000 integrand evaluations so far
[1] -1336.39 +- 296.203  	chisq 11.7498 (9 df)
   -1.34 ±    0.3 ·10⁺⁰³ (4.73mi) ┃Vegas input parameters:
  ndim 8
  ncomp 1
  nvec 1
  epsrel 0
  epsabs 0
  flags 10
  seed 123456
  mineval 5000000
  maxeval 50000000
  nstart 1000000
  nincrease 1000000
  nbatch 5000
  gridno 0
  statefile ""

Iteration 1:  1000000 integrand evaluations so far
[1] 4896.35 +- 631.951  	chisq 0 (0 df)

Iteration 2:  3000000 integrand evaluations so far
[1] 5618.39 +- 333.878  	chisq 1.81095 (1 df)

Iteration 3:  6000000 integrand evaluations so far
[1] 5843.45 +- 181.854  	chisq 2.45695 (2 df)

Iteration 4:  10000000 integrand evaluations so far
[1] 5714.17 +- 95.2852  	chisq 3.15349 (3 df)

Iteration 5:  15000000 integrand evaluations so far
[1] 5766.06 +- 88.2206  	chisq 5.23011 (4 df)

Iteration 6:  21000000 integrand evaluations so far
[1] 5761.69 +- 66.2403  	chisq 5.23573 (5 df)

Iteration 7:  28000000 integrand evaluations so far
[1] 5841.94 +- 49.7471  	chisq 8.60154 (6 df)

Iteration 8:  36000000 integrand evaluations so far
[1] 5809.68 +- 37.6061  	chisq 9.58286 (7 df)

Iteration 9:  45000000 integrand evaluations so far
[1] 5818.91 +- 33.6272  	chisq 9.88399 (8 df)

Iteration 10:  55000000 integrand evaluations so far
[1] 5834.97 +- 29.1218  	chisq 10.7959 (9 df)
   5.835 ±  0.029 ·10⁺⁰³ ( 1.8mi) ┃    4.63 ±    0.3 ·10⁺⁰³ (  16mi) ┃
┃   14 -    16 ┃   38 -    39 ┃  4.6243 ± 0.0045 ·10⁺⁰³ ( 17.5s) ┃  -4.497 ± 0.0032 ·10⁺⁰³ (2.15mi) ┃Vegas input parameters:
  ndim 10
  ncomp 1
  nvec 1
  epsrel 0
  epsabs 0
  flags 10
  seed 123456
  mineval 50000000
  maxeval 50000000
  nstart 1000000
  nincrease 1000000
  nbatch 5000
  gridno 0
  statefile ""

Iteration 1:  1000000 integrand evaluations so far
[1] -163.811 +- 1021.27  	chisq 0 (0 df)

Iteration 2:  3000000 integrand evaluations so far
[1] -778.855 +- 429.533  	chisq 0.440628 (1 df)

Iteration 3:  6000000 integrand evaluations so far
[1] -855.984 +- 423.67  	chisq 1.62971 (2 df)

Iteration 4:  10000000 integrand evaluations so far
[1] -727.593 +- 343.939  	chisq 1.89905 (3 df)

Iteration 5:  15000000 integrand evaluations so far
[1] -952.155 +- 321.801  	chisq 5.32064 (4 df)

Iteration 6:  21000000 integrand evaluations so far
[1] -894.671 +- 315.832  	chisq 6.18883 (5 df)

Iteration 7:  28000000 integrand evaluations so far
[1] -885.749 +- 315.706  	chisq 7.19428 (6 df)

Iteration 8:  36000000 integrand evaluations so far
[1] -885.052 +- 315.706  	chisq 8.19345 (7 df)

Iteration 9:  45000000 integrand evaluations so far
[1] -828.956 +- 309.29  	chisq 8.97823 (8 df)

Iteration 10:  55000000 integrand evaluations so far
[1] -839.037 +- 306.459  	chisq 9.03654 (9 df)
    -840 ±    310        (4.78mi) ┃Vegas input parameters:
  ndim 8
  ncomp 1
  nvec 1
  epsrel 0
  epsabs 0
  flags 10
  seed 123456
  mineval 5000000
  maxeval 50000000
  nstart 1000000
  nincrease 1000000
  nbatch 5000
  gridno 0
  statefile ""

Iteration 1:  1000000 integrand evaluations so far
[1] 4264.9 +- 610.832  	chisq 0 (0 df)

Iteration 2:  3000000 integrand evaluations so far
[1] 4767.68 +- 297.647  	chisq 0.888469 (1 df)

Iteration 3:  6000000 integrand evaluations so far
[1] 5063.71 +- 258.121  	chisq 4.87775 (2 df)

Iteration 4:  10000000 integrand evaluations so far
[1] 5356.6 +- 151.195  	chisq 6.83777 (3 df)

Iteration 5:  15000000 integrand evaluations so far
[1] 5692.73 +- 90.0439  	chisq 14.4969 (4 df)

Iteration 6:  21000000 integrand evaluations so far
[1] 5630.36 +- 59.6151  	chisq 15.3513 (5 df)

Iteration 7:  28000000 integrand evaluations so far
[1] 5640.83 +- 42.8831  	chisq 15.4153 (6 df)

Iteration 8:  36000000 integrand evaluations so far
[1] 5597.93 +- 33.2902  	chisq 17.934 (7 df)

Iteration 9:  45000000 integrand evaluations so far
[1] 5599.42 +- 27.3676  	chisq 17.9402 (8 df)

Iteration 10:  55000000 integrand evaluations so far
[1] 5602.15 +- 23.1729  	chisq 17.9753 (9 df)
   5.602 ±  0.023 ·10⁺⁰³ ( 1.8mi) ┃    4.89 ±   0.31 ·10⁺⁰³ (9.02mi) ┃
┃   14 -    16 ┃   39 -    40 ┃  4.7294 ± 0.0022 ·10⁺⁰³ (3.98mi) ┃ -4.5918 ± 0.0019 ·10⁺⁰³ (  16mi) ┃Vegas input parameters:
  ndim 10
  ncomp 1
  nvec 1
  epsrel 0
  epsabs 0
  flags 10
  seed 123456
  mineval 50000000
  maxeval 50000000
  nstart 1000000
  nincrease 1000000
  nbatch 5000
  gridno 0
  statefile ""

Iteration 1:  1000000 integrand evaluations so far
[1] -1701.11 +- 1060.41  	chisq 0 (0 df)

Iteration 2:  3000000 integrand evaluations so far
[1] -1134.68 +- 940.683  	chisq 1.33921 (1 df)

Iteration 3:  6000000 integrand evaluations so far
[1] -279.823 +- 546.458  	chisq 2.5857 (2 df)

Iteration 4:  10000000 integrand evaluations so far
[1] -934.195 +- 471.027  	chisq 8.16492 (3 df)

Iteration 5:  15000000 integrand evaluations so far
[1] -812.504 +- 357.562  	chisq 8.32243 (4 df)

Iteration 6:  21000000 integrand evaluations so far
[1] -850.114 +- 332.933  	chisq 8.40561 (5 df)

Iteration 7:  28000000 integrand evaluations so far
[1] -998.188 +- 320.453  	chisq 11.0945 (6 df)

Iteration 8:  36000000 integrand evaluations so far
[1] -870.464 +- 279.792  	chisq 11.7629 (7 df)

Iteration 9:  45000000 integrand evaluations so far
[1] -701.171 +- 233.769  	chisq 12.9755 (8 df)

Iteration 10:  55000000 integrand evaluations so far
[1] -813.359 +- 222.324  	chisq 15.3866 (9 df)
    -810 ±    220        ( 4.8mi) ┃Vegas input parameters:
  ndim 8
  ncomp 1
  nvec 1
  epsrel 0
  epsabs 0
  flags 10
  seed 123456
  mineval 5000000
  maxeval 50000000
  nstart 1000000
  nincrease 1000000
  nbatch 5000
  gridno 0
  statefile ""

Iteration 1:  1000000 integrand evaluations so far
[1] 3628.15 +- 517.631  	chisq 0 (0 df)

Iteration 2:  3000000 integrand evaluations so far
[1] 4424.39 +- 271.828  	chisq 3.2671 (1 df)

Iteration 3:  6000000 integrand evaluations so far
[1] 4874.58 +- 216.675  	chisq 10.7897 (2 df)

Iteration 4:  10000000 integrand evaluations so far
[1] 5325.55 +- 143.2  	chisq 18.4809 (3 df)

Iteration 5:  15000000 integrand evaluations so far
[1] 5613.22 +- 83.452  	chisq 24.5919 (4 df)

Iteration 6:  21000000 integrand evaluations so far
[1] 5728.58 +- 64.503  	chisq 29.3387 (5 df)

Iteration 7:  28000000 integrand evaluations so far
[1] 5738.77 +- 47.3961  	chisq 29.3929 (6 df)

Iteration 8:  36000000 integrand evaluations so far
[1] 5676.36 +- 34.8034  	chisq 33.1555 (7 df)

Iteration 9:  45000000 integrand evaluations so far
[1] 5658.19 +- 27.7594  	chisq 33.9045 (8 df)

Iteration 10:  55000000 integrand evaluations so far
[1] 5690.2 +- 23.8769  	chisq 39.0145 (9 df)
    5.69 ±  0.024 ·10⁺⁰³ (1.79mi) ┃    5.01 ±   0.22 ·10⁺⁰³ (26.6mi) ┃
┃   14 -    16 ┃   40 -    41 ┃  4.8343 ± 0.0016 ·10⁺⁰³ (3.93mi) ┃-4.68201 ± 0.00058 ·10⁺⁰³ (31.9mi) ┃Vegas input parameters:
  ndim 10
  ncomp 1
  nvec 1
  epsrel 0
  epsabs 0
  flags 10
  seed 123456
  mineval 50000000
  maxeval 50000000
  nstart 1000000
  nincrease 1000000
  nbatch 5000
  gridno 0
  statefile ""

Iteration 1:  1000000 integrand evaluations so far
[1] -2403.17 +- 1166.03  	chisq 0 (0 df)

Iteration 2:  3000000 integrand evaluations so far
[1] -2693.51 +- 1088.15  	chisq 0.480191 (1 df)

Iteration 3:  6000000 integrand evaluations so far
[1] -2940 +- 961.75  	chisq 0.714685 (2 df)

Iteration 4:  10000000 integrand evaluations so far
[1] -2680.55 +- 856.849  	chisq 1.06756 (3 df)

Iteration 5:  15000000 integrand evaluations so far
[1] -2269.69 +- 781.272  	chisq 2.43104 (4 df)

Iteration 6:  21000000 integrand evaluations so far
[1] -2036.02 +- 622.462  	chisq 2.67596 (5 df)

Iteration 7:  28000000 integrand evaluations so far
[1] -1735.62 +- 496.874  	chisq 3.3179 (6 df)

Iteration 8:  36000000 integrand evaluations so far
[1] -1396.25 +- 418.489  	chisq 4.92307 (7 df)

Iteration 9:  45000000 integrand evaluations so far
[1] -1277.94 +- 403.45  	chisq 6.05543 (8 df)

Iteration 10:  55000000 integrand evaluations so far
[1] -939.528 +- 273.011  	chisq 7.35333 (9 df)
    -940 ±    270        (4.82mi) ┃Vegas input parameters:
  ndim 8
  ncomp 1
  nvec 1
  epsrel 0
  epsabs 0
  flags 10
  seed 123456
  mineval 5000000
  maxeval 50000000
  nstart 1000000
  nincrease 1000000
  nbatch 5000
  gridno 0
  statefile ""

Iteration 1:  1000000 integrand evaluations so far
[1] 5119.52 +- 696.16  	chisq 0 (0 df)

Iteration 2:  3000000 integrand evaluations so far
[1] 5259.31 +- 326.785  	chisq 0.0517146 (1 df)

Iteration 3:  6000000 integrand evaluations so far
[1] 5537.81 +- 172.329  	chisq 1.05783 (2 df)

Iteration 4:  10000000 integrand evaluations so far
[1] 5574.84 +- 107.494  	chisq 1.13343 (3 df)

Iteration 5:  15000000 integrand evaluations so far
[1] 5760.57 +- 80.609  	chisq 7.95454 (4 df)

Iteration 6:  21000000 integrand evaluations so far
[1] 5751.31 +- 54.535  	chisq 7.97889 (5 df)

Iteration 7:  28000000 integrand evaluations so far
[1] 5766.52 +- 39.5714  	chisq 8.14335 (6 df)

Iteration 8:  36000000 integrand evaluations so far
[1] 5773.23 +- 32.4272  	chisq 8.23087 (7 df)

Iteration 9:  45000000 integrand evaluations so far
[1] 5773.97 +- 27.0352  	chisq 8.23255 (8 df)

Iteration 10:  55000000 integrand evaluations so far
[1] 5782.85 +- 23.1843  	chisq 8.6408 (9 df)
   5.783 ±  0.023 ·10⁺⁰³ ( 1.8mi) ┃       5 ±   0.27 ·10⁺⁰³ (42.4mi) ┃
┃   14 -    16 ┃   41 -    42 ┃  4.7244 ± 0.0031 ·10⁺⁰³ ( 17.1s) ┃ -4.6079 ± 0.0013 ·10⁺⁰³ (8.13mi) ┃Vegas input parameters:
  ndim 10
  ncomp 1
  nvec 1
  epsrel 0
  epsabs 0
  flags 10
  seed 123456
  mineval 50000000
  maxeval 50000000
  nstart 1000000
  nincrease 1000000
  nbatch 5000
  gridno 0
  statefile ""

Iteration 1:  1000000 integrand evaluations so far
[1] 2325.38 +- 3523.03  	chisq 0 (0 df)

Iteration 2:  3000000 integrand evaluations so far
[1] -2621.49 +- 1262.12  	chisq 2.26194 (1 df)

Iteration 3:  6000000 integrand evaluations so far
[1] -1400.94 +- 1002.92  	chisq 4.79928 (2 df)

Iteration 4:  10000000 integrand evaluations so far
[1] -1128.78 +- 776.646  	chisq 4.98324 (3 df)

Iteration 5:  15000000 integrand evaluations so far
[1] -989.054 +- 461.475  	chisq 5.03327 (4 df)

Iteration 6:  21000000 integrand evaluations so far
[1] -1073.2 +- 454.57  	chisq 6.15273 (5 df)

Iteration 7:  28000000 integrand evaluations so far
[1] -997.621 +- 438.819  	chisq 6.55869 (6 df)

Iteration 8:  36000000 integrand evaluations so far
[1] -833.485 +- 416.962  	chisq 7.99894 (7 df)

Iteration 9:  45000000 integrand evaluations so far
[1] -739.226 +- 408.601  	chisq 9.2861 (8 df)

Iteration 10:  55000000 integrand evaluations so far
[1] -962.783 +- 366.455  	chisq 10.8161 (9 df)
    -960 ±    370        (4.78mi) ┃Vegas input parameters:
  ndim 8
  ncomp 1
  nvec 1
  epsrel 0
  epsabs 0
  flags 10
  seed 123456
  mineval 5000000
  maxeval 50000000
  nstart 1000000
  nincrease 1000000
  nbatch 5000
  gridno 0
  statefile ""

Iteration 1:  1000000 integrand evaluations so far
[1] 6324.72 +- 769.815  	chisq 0 (0 df)

Iteration 2:  3000000 integrand evaluations so far
[1] 5484.7 +- 294.848  	chisq 1.39541 (1 df)

Iteration 3:  6000000 integrand evaluations so far
[1] 5759.35 +- 224.672  	chisq 3.46444 (2 df)

Iteration 4:  10000000 integrand evaluations so far
[1] 5801.34 +- 115.508  	chisq 3.51191 (3 df)

Iteration 5:  15000000 integrand evaluations so far
[1] 5769.2 +- 67.9979  	chisq 3.63038 (4 df)

Iteration 6:  21000000 integrand evaluations so far
[1] 5751.14 +- 46.4498  	chisq 3.76267 (5 df)

Iteration 7:  28000000 integrand evaluations so far
[1] 5736.74 +- 35.4791  	chisq 3.9935 (6 df)

Iteration 8:  36000000 integrand evaluations so far
[1] 5761.91 +- 29.0866  	chisq 5.52892 (7 df)

Iteration 9:  45000000 integrand evaluations so far
[1] 5765.56 +- 24.6367  	chisq 5.58461 (8 df)

Iteration 10:  55000000 integrand evaluations so far
[1] 5745.93 +- 21.3774  	chisq 8.15264 (9 df)
   5.746 ±  0.021 ·10⁺⁰³ (1.79mi) ┃     4.9 ±   0.37 ·10⁺⁰³ (  15mi) ┃
┃   14 -    16 ┃   42 -    43 ┃  4.6178 ±  0.003 ·10⁺⁰³ ( 20.2s) ┃ -4.4891 ± 0.0043 ·10⁺⁰³ (7.89mi) ┃Vegas input parameters:
  ndim 10
  ncomp 1
  nvec 1
  epsrel 0
  epsabs 0
  flags 10
  seed 123456
  mineval 50000000
  maxeval 50000000
  nstart 1000000
  nincrease 1000000
  nbatch 5000
  gridno 0
  statefile ""

Iteration 1:  1000000 integrand evaluations so far
[1] -3544.97 +- 2868.9  	chisq 0 (0 df)

Iteration 2:  3000000 integrand evaluations so far
[1] 684.457 +- 1437.35  	chisq 2.90174 (1 df)

Iteration 3:  6000000 integrand evaluations so far
[1] 114.28 +- 1278.89  	chisq 3.65707 (2 df)

Iteration 4:  10000000 integrand evaluations so far
[1] -1573.84 +- 881.109  	chisq 6.97377 (3 df)

Iteration 5:  15000000 integrand evaluations so far
[1] -913.549 +- 436.734  	chisq 7.71824 (4 df)

Iteration 6:  21000000 integrand evaluations so far
[1] -585.855 +- 367.949  	chisq 9.65832 (5 df)

Iteration 7:  28000000 integrand evaluations so far
[1] -526.031 +- 363.188  	chisq 10.6865 (6 df)

Iteration 8:  36000000 integrand evaluations so far
[1] -716.917 +- 349.032  	chisq 14.3005 (7 df)

Iteration 9:  45000000 integrand evaluations so far
[1] -795.204 +- 295.76  	chisq 14.4789 (8 df)

Iteration 10:  55000000 integrand evaluations so far
[1] -894.619 +- 283.893  	chisq 15.9158 (9 df)
    -890 ±    280        (4.73mi) ┃Vegas input parameters:
  ndim 8
  ncomp 1
  nvec 1
  epsrel 0
  epsabs 0
  flags 10
  seed 123456
  mineval 5000000
  maxeval 50000000
  nstart 1000000
  nincrease 1000000
  nbatch 5000
  gridno 0
  statefile ""

Iteration 1:  1000000 integrand evaluations so far
[1] 5223.14 +- 704.066  	chisq 0 (0 df)

Iteration 2:  3000000 integrand evaluations so far
[1] 5257.98 +- 281.945  	chisq 0.00291719 (1 df)

Iteration 3:  6000000 integrand evaluations so far
[1] 5507.91 +- 167.24  	chisq 1.21525 (2 df)

Iteration 4:  10000000 integrand evaluations so far
[1] 5633.37 +- 103.678  	chisq 2.12931 (3 df)

Iteration 5:  15000000 integrand evaluations so far
[1] 5609.44 +- 66.0592  	chisq 2.21899 (4 df)

Iteration 6:  21000000 integrand evaluations so far
[1] 5604.87 +- 46.1284  	chisq 2.22832 (5 df)

Iteration 7:  28000000 integrand evaluations so far
[1] 5625.55 +- 37.8129  	chisq 2.84062 (6 df)

Iteration 8:  36000000 integrand evaluations so far
[1] 5624.69 +- 30.6097  	chisq 2.84209 (7 df)

Iteration 9:  45000000 integrand evaluations so far
[1] 5626.39 +- 25.2217  	chisq 2.85163 (8 df)

Iteration 10:  55000000 integrand evaluations so far
[1] 5636.71 +- 21.4369  	chisq 3.4549 (9 df)
   5.637 ±  0.021 ·10⁺⁰³ (1.81mi) ┃    4.87 ±   0.28 ·10⁺⁰³ (14.8mi) ┃
┃   14 -    16 ┃   43 -    44 ┃  4.5237 ± 0.0043 ·10⁺⁰³ ( 33.4s) ┃ -4.4014 ± 0.0024 ·10⁺⁰³ (15.2mi) ┃Vegas input parameters:
  ndim 10
  ncomp 1
  nvec 1
  epsrel 0
  epsabs 0
  flags 10
  seed 123456
  mineval 50000000
  maxeval 50000000
  nstart 1000000
  nincrease 1000000
  nbatch 5000
  gridno 0
  statefile ""

Iteration 1:  1000000 integrand evaluations so far
[1] -1837.84 +- 1588.76  	chisq 0 (0 df)

Iteration 2:  3000000 integrand evaluations so far
[1] -2348.39 +- 872.059  	chisq 0.147795 (1 df)

Iteration 3:  6000000 integrand evaluations so far
[1] -1287.6 +- 407.17  	chisq 2.03998 (2 df)

Iteration 4:  10000000 integrand evaluations so far
[1] -1006.61 +- 315.652  	chisq 3.23353 (3 df)

Iteration 5:  15000000 integrand evaluations so far
[1] -1096.04 +- 302.224  	chisq 4.19742 (4 df)

Iteration 6:  21000000 integrand evaluations so far
[1] -1242.12 +- 255.09  	chisq 5.00984 (5 df)

Iteration 7:  28000000 integrand evaluations so far
[1] -1150.81 +- 234.496  	chisq 5.8369 (6 df)

Iteration 8:  36000000 integrand evaluations so far
[1] -1171.13 +- 207.561  	chisq 5.87158 (7 df)

Iteration 9:  45000000 integrand evaluations so far
[1] -1173.17 +- 207.551  	chisq 6.86351 (8 df)

Iteration 10:  55000000 integrand evaluations so far
[1] -1196.27 +- 205.86  	chisq 7.62696 (9 df)
    -1.2 ±   0.21 ·10⁺⁰³ (4.79mi) ┃Vegas input parameters:
  ndim 8
  ncomp 1
  nvec 1
  epsrel 0
  epsabs 0
  flags 10
  seed 123456
  mineval 5000000
  maxeval 50000000
  nstart 1000000
  nincrease 1000000
  nbatch 5000
  gridno 0
  statefile ""

Iteration 1:  1000000 integrand evaluations so far
[1] 4970.2 +- 734.586  	chisq 0 (0 df)

Iteration 2:  3000000 integrand evaluations so far
[1] 5325.87 +- 424.253  	chisq 0.351752 (1 df)

Iteration 3:  6000000 integrand evaluations so far
[1] 5286.07 +- 176.616  	chisq 0.362399 (2 df)

Iteration 4:  10000000 integrand evaluations so far
[1] 5430.57 +- 117.418  	chisq 1.562 (3 df)

Iteration 5:  15000000 integrand evaluations so far
[1] 5488.34 +- 68.6822  	chisq 1.93003 (4 df)

Iteration 6:  21000000 integrand evaluations so far
[1] 5474.78 +- 43.3373  	chisq 1.99485 (5 df)

Iteration 7:  28000000 integrand evaluations so far
[1] 5459.23 +- 32.2323  	chisq 2.28289 (6 df)

Iteration 8:  36000000 integrand evaluations so far
[1] 5473.24 +- 31.5334  	chisq 6.68927 (7 df)

Iteration 9:  45000000 integrand evaluations so far
[1] 5493.69 +- 29.4659  	chisq 10.0038 (8 df)

Iteration 10:  55000000 integrand evaluations so far
[1] 5504.4 +- 25.1982  	chisq 10.4957 (9 df)
   5.504 ±  0.025 ·10⁺⁰³ (1.83mi) ┃    4.43 ±   0.21 ·10⁺⁰³ (22.4mi) ┃
┃   14 -    16 ┃   44 -    45 ┃  4.4537 ± 0.0024 ·10⁺⁰³ ( 10.1s) ┃ -4.3143 ± 0.0031 ·10⁺⁰³ (7.58mi) ┃Vegas input parameters:
  ndim 10
  ncomp 1
  nvec 1
  epsrel 0
  epsabs 0
  flags 10
  seed 123456
  mineval 50000000
  maxeval 50000000
  nstart 1000000
  nincrease 1000000
  nbatch 5000
  gridno 0
  statefile ""

Iteration 1:  1000000 integrand evaluations so far
[1] -1921.49 +- 763.312  	chisq 0 (0 df)

Iteration 2:  3000000 integrand evaluations so far
[1] -1533.22 +- 684.422  	chisq 1.31991 (1 df)

Iteration 3:  6000000 integrand evaluations so far
[1] -1044.46 +- 527.491  	chisq 2.57598 (2 df)

Iteration 4:  10000000 integrand evaluations so far
[1] -1129.99 +- 430.442  	chisq 2.65468 (3 df)

Iteration 5:  15000000 integrand evaluations so far
[1] -967.53 +- 333.922  	chisq 3.01243 (4 df)

Iteration 6:  21000000 integrand evaluations so far
[1] -1108.33 +- 269.33  	chisq 3.52119 (5 df)

Iteration 7:  28000000 integrand evaluations so far
[1] -1096.88 +- 213.673  	chisq 3.52607 (6 df)

Iteration 8:  36000000 integrand evaluations so far
[1] -991.736 +- 185.236  	chisq 4.50071 (7 df)

Iteration 9:  45000000 integrand evaluations so far
[1] -968.199 +- 183.663  	chisq 5.45557 (8 df)

Iteration 10:  55000000 integrand evaluations so far
[1] -952.99 +- 179.282  	chisq 5.60104 (9 df)
    -950 ±    180        (4.84mi) ┃Vegas input parameters:
  ndim 8
  ncomp 1
  nvec 1
  epsrel 0
  epsabs 0
  flags 10
  seed 123456
  mineval 5000000
  maxeval 50000000
  nstart 1000000
  nincrease 1000000
  nbatch 5000
  gridno 0
  statefile ""

Iteration 1:  1000000 integrand evaluations so far
[1] 4909.98 +- 630.57  	chisq 0 (0 df)

Iteration 2:  3000000 integrand evaluations so far
[1] 5046.79 +- 210.238  	chisq 0.0529597 (1 df)

Iteration 3:  6000000 integrand evaluations so far
[1] 5214.84 +- 121.096  	chisq 1.00912 (2 df)

Iteration 4:  10000000 integrand evaluations so far
[1] 5372.55 +- 75.8869  	chisq 3.80203 (3 df)

Iteration 5:  15000000 integrand evaluations so far
[1] 5451.61 +- 56.8394  	chisq 6.27431 (4 df)

Iteration 6:  21000000 integrand evaluations so far
[1] 5480.94 +- 47.5468  	chisq 7.16161 (5 df)

Iteration 7:  28000000 integrand evaluations so far
[1] 5518.6 +- 38.9952  	chisq 9.0773 (6 df)

Iteration 8:  36000000 integrand evaluations so far
[1] 5517.24 +- 30.6039  	chisq 9.08048 (7 df)

Iteration 9:  45000000 integrand evaluations so far
[1] 5505.8 +- 24.8372  	chisq 9.48939 (8 df)

Iteration 10:  55000000 integrand evaluations so far
[1] 5480.35 +- 20.8165  	chisq 13.0177 (9 df)
    5.48 ±  0.021 ·10⁺⁰³ (1.82mi) ┃    4.67 ±   0.18 ·10⁺⁰³ (14.4mi) ┃
┃   14 -    16 ┃   45 -    46 ┃  4.3788 ± 0.0035 ·10⁺⁰³ ( 58.5s) ┃ -4.2209 ± 0.0014 ·10⁺⁰³ (1.84mi) ┃Vegas input parameters:
  ndim 10
  ncomp 1
  nvec 1
  epsrel 0
  epsabs 0
  flags 10
  seed 123456
  mineval 50000000
  maxeval 50000000
  nstart 1000000
  nincrease 1000000
  nbatch 5000
  gridno 0
  statefile ""

Iteration 1:  1000000 integrand evaluations so far
[1] 5549.31 +- 6424.96  	chisq 0 (0 df)

Iteration 2:  3000000 integrand evaluations so far
[1] -2265.83 +- 711.473  	chisq 1.49793 (1 df)

Iteration 3:  6000000 integrand evaluations so far
[1] -2345.9 +- 701.866  	chisq 1.97012 (2 df)

Iteration 4:  10000000 integrand evaluations so far
[1] -2615.98 +- 582.322  	chisq 2.44527 (3 df)

Iteration 5:  15000000 integrand evaluations so far
[1] -1890.66 +- 393.537  	chisq 5.30093 (4 df)

Iteration 6:  21000000 integrand evaluations so far
[1] -1897.17 +- 362.718  	chisq 5.30274 (5 df)

Iteration 7:  28000000 integrand evaluations so far
[1] -1941.35 +- 324.866  	chisq 5.37775 (6 df)

Iteration 8:  36000000 integrand evaluations so far
[1] -1412.59 +- 239.63  	chisq 11.1884 (7 df)

Iteration 9:  45000000 integrand evaluations so far
[1] -1188.84 +- 190.387  	chisq 13.5527 (8 df)

Iteration 10:  55000000 integrand evaluations so far
[1] -1187.25 +- 186.273  	chisq 13.5544 (9 df)
   -1.19 ±   0.19 ·10⁺⁰³ (4.83mi) ┃Vegas input parameters:
  ndim 8
  ncomp 1
  nvec 1
  epsrel 0
  epsabs 0
  flags 10
  seed 123456
  mineval 5000000
  maxeval 50000000
  nstart 1000000
  nincrease 1000000
  nbatch 5000
  gridno 0
  statefile ""

Iteration 1:  1000000 integrand evaluations so far
[1] 5750.04 +- 690.859  	chisq 0 (0 df)

Iteration 2:  3000000 integrand evaluations so far
[1] 5412.31 +- 296.033  	chisq 0.292728 (1 df)

Iteration 3:  6000000 integrand evaluations so far
[1] 5432.75 +- 147.525  	chisq 0.29907 (2 df)

Iteration 4:  10000000 integrand evaluations so far
[1] 5487.31 +- 102.031  	chisq 0.561302 (3 df)

Iteration 5:  15000000 integrand evaluations so far
[1] 5537.33 +- 69.0841  	chisq 1.00515 (4 df)

Iteration 6:  21000000 integrand evaluations so far
[1] 5494.5 +- 46.9121  	chisq 1.71847 (5 df)

Iteration 7:  28000000 integrand evaluations so far
[1] 5478.46 +- 36.1015  	chisq 2.00528 (6 df)

Iteration 8:  36000000 integrand evaluations so far
[1] 5503.73 +- 28.7603  	chisq 3.347 (7 df)

Iteration 9:  45000000 integrand evaluations so far
[1] 5466.21 +- 23.2859  	chisq 8.29008 (8 df)

Iteration 10:  55000000 integrand evaluations so far
[1] 5474.41 +- 19.9458  	chisq 8.75624 (9 df)
   5.474 ±   0.02 ·10⁺⁰³ (1.82mi) ┃    4.44 ±   0.19 ·10⁺⁰³ (9.46mi) ┃
┃   14 -    16 ┃   46 -    47 ┃  4.3194 ± 0.0031 ·10⁺⁰³ (3.62mi) ┃ -4.1849 ±  0.003 ·10⁺⁰³ (7.25mi) ┃Vegas input parameters:
  ndim 10
  ncomp 1
  nvec 1
  epsrel 0
  epsabs 0
  flags 10
  seed 123456
  mineval 50000000
  maxeval 50000000
  nstart 1000000
  nincrease 1000000
  nbatch 5000
  gridno 0
  statefile ""

Iteration 1:  1000000 integrand evaluations so far
[1] 2998.48 +- 12533  	chisq 0 (0 df)

Iteration 2:  3000000 integrand evaluations so far
[1] 1027.11 +- 2566.08  	chisq 0.0258243 (1 df)

Iteration 3:  6000000 integrand evaluations so far
[1] 281.887 +- 1629.96  	chisq 0.167208 (2 df)

Iteration 4:  10000000 integrand evaluations so far
[1] -854.673 +- 702.363  	chisq 0.764291 (3 df)

Iteration 5:  15000000 integrand evaluations so far
[1] -1387.44 +- 476.753  	chisq 1.83129 (4 df)

Iteration 6:  21000000 integrand evaluations so far
[1] -922.045 +- 353.41  	chisq 3.94656 (5 df)

Iteration 7:  28000000 integrand evaluations so far
[1] -1042.62 +- 281.999  	chisq 4.26699 (6 df)

Iteration 8:  36000000 integrand evaluations so far
[1] -1095.59 +- 218.339  	chisq 4.35505 (7 df)

Iteration 9:  45000000 integrand evaluations so far
[1] -1075.44 +- 217.577  	chisq 5.57729 (8 df)

Iteration 10:  55000000 integrand evaluations so far
[1] -1154.68 +- 192.165  	chisq 6.18039 (9 df)
   -1.15 ±   0.19 ·10⁺⁰³ (4.84mi) ┃Vegas input parameters:
  ndim 8
  ncomp 1
  nvec 1
  epsrel 0
  epsabs 0
  flags 10
  seed 123456
  mineval 5000000
  maxeval 50000000
  nstart 1000000
  nincrease 1000000
  nbatch 5000
  gridno 0
  statefile ""

Iteration 1:  1000000 integrand evaluations so far
[1] 5351.85 +- 667.419  	chisq 0 (0 df)

Iteration 2:  3000000 integrand evaluations so far
[1] 5059.43 +- 190.632  	chisq 0.209012 (1 df)

Iteration 3:  6000000 integrand evaluations so far
[1] 5203.91 +- 104.995  	chisq 1.03348 (2 df)

Iteration 4:  10000000 integrand evaluations so far
[1] 5243.27 +- 66.9797  	chisq 1.27046 (3 df)

Iteration 5:  15000000 integrand evaluations so far
[1] 5307.75 +- 53.4474  	chisq 3.82179 (4 df)

Iteration 6:  21000000 integrand evaluations so far
[1] 5403.28 +- 40.8628  	chisq 11.5105 (5 df)

Iteration 7:  28000000 integrand evaluations so far
[1] 5379.41 +- 31.2631  	chisq 12.3333 (6 df)

Iteration 8:  36000000 integrand evaluations so far
[1] 5407.77 +- 25.0016  	chisq 14.6169 (7 df)

Iteration 9:  45000000 integrand evaluations so far
[1] 5410.99 +- 20.7791  	chisq 14.6706 (8 df)

Iteration 10:  55000000 integrand evaluations so far
[1] 5416.54 +- 18.0697  	chisq 14.9635 (9 df)
   5.417 ±  0.018 ·10⁺⁰³ (1.86mi) ┃     4.4 ±   0.19 ·10⁺⁰³ (17.6mi) ┃
┃   14 -    16 ┃   47 -    48 ┃  4.2461 ± 0.0015 ·10⁺⁰³ ( 58.9s) ┃ -4.1109 ±  0.003 ·10⁺⁰³ (1.06mi) ┃Vegas input parameters:
  ndim 10
  ncomp 1
  nvec 1
  epsrel 0
  epsabs 0
  flags 10
  seed 123456
  mineval 50000000
  maxeval 50000000
  nstart 1000000
  nincrease 1000000
  nbatch 5000
  gridno 0
  statefile ""

Iteration 1:  1000000 integrand evaluations so far
[1] -873.248 +- 1050.4  	chisq 0 (0 df)

Iteration 2:  3000000 integrand evaluations so far
[1] -913.67 +- 1049.61  	chisq 0.979621 (1 df)

Iteration 3:  6000000 integrand evaluations so far
[1] -1296.98 +- 868.864  	chisq 1.40335 (2 df)

Iteration 4:  10000000 integrand evaluations so far
[1] -792.975 +- 545.791  	chisq 1.95915 (3 df)

Iteration 5:  15000000 integrand evaluations so far
[1] -939.251 +- 425.582  	chisq 2.1424 (4 df)

Iteration 6:  21000000 integrand evaluations so far
[1] -1386.21 +- 344.385  	chisq 5.33785 (5 df)

Iteration 7:  28000000 integrand evaluations so far
[1] -1274.82 +- 301.395  	chisq 5.78481 (6 df)

Iteration 8:  36000000 integrand evaluations so far
[1] -1200.26 +- 288.697  	chisq 6.5268 (7 df)

Iteration 9:  45000000 integrand evaluations so far
[1] -1145.03 +- 271.265  	chisq 6.83922 (8 df)

Iteration 10:  55000000 integrand evaluations so far
[1] -1275.25 +- 249.248  	chisq 8.31897 (9 df)
   -1.28 ±   0.25 ·10⁺⁰³ (4.86mi) ┃Vegas input parameters:
  ndim 8
  ncomp 1
  nvec 1
  epsrel 0
  epsabs 0
  flags 10
  seed 123456
  mineval 5000000
  maxeval 50000000
  nstart 1000000
  nincrease 1000000
  nbatch 5000
  gridno 0
  statefile ""

Iteration 1:  1000000 integrand evaluations so far
[1] 6134.48 +- 716.412  	chisq 0 (0 df)

Iteration 2:  3000000 integrand evaluations so far
[1] 5163.09 +- 168.005  	chisq 1.94548 (1 df)

Iteration 3:  6000000 integrand evaluations so far
[1] 5245.36 +- 159.509  	chisq 4.37812 (2 df)

Iteration 4:  10000000 integrand evaluations so far
[1] 5247.6 +- 98.7666  	chisq 4.37844 (3 df)

Iteration 5:  15000000 integrand evaluations so far
[1] 5386.6 +- 70.3608  	chisq 8.40002 (4 df)

Iteration 6:  21000000 integrand evaluations so far
[1] 5366.88 +- 47.2434  	chisq 8.54304 (5 df)

Iteration 7:  28000000 integrand evaluations so far
[1] 5344.29 +- 32.6195  	chisq 8.98003 (6 df)

Iteration 8:  36000000 integrand evaluations so far
[1] 5379.66 +- 25.2964  	chisq 11.9291 (7 df)

Iteration 9:  45000000 integrand evaluations so far
[1] 5371.49 +- 20.622  	chisq 12.2401 (8 df)

Iteration 10:  55000000 integrand evaluations so far
[1] 5377.46 +- 17.479  	chisq 12.5383 (9 df)
   5.377 ±  0.017 ·10⁺⁰³ (1.83mi) ┃    4.24 ±   0.25 ·10⁺⁰³ (8.73mi) ┃
┃   14 -    16 ┃   48 -    49 ┃ 2.86352 ± 0.00096 ·10⁺⁰³ (3.43mi) ┃ -2.7573 ± 0.0027 ·10⁺⁰³ (1.75mi) ┃Vegas input parameters:
  ndim 10
  ncomp 1
  nvec 1
  epsrel 0
  epsabs 0
  flags 10
  seed 123456
  mineval 50000000
  maxeval 50000000
  nstart 1000000
  nincrease 1000000
  nbatch 5000
  gridno 0
  statefile ""

Iteration 1:  1000000 integrand evaluations so far
[1] -2423.72 +- 625.279  	chisq 0 (0 df)

Iteration 2:  3000000 integrand evaluations so far
[1] -1354.95 +- 365.132  	chisq 4.43336 (1 df)

Iteration 3:  6000000 integrand evaluations so far
[1] -834.151 +- 309.424  	chisq 11.6512 (2 df)

Iteration 4:  10000000 integrand evaluations so far
[1] -991.846 +- 258.986  	chisq 12.5186 (3 df)

Iteration 5:  15000000 integrand evaluations so far
[1] -779.084 +- 194.656  	chisq 14.0698 (4 df)

Iteration 6:  21000000 integrand evaluations so far
[1] -679.052 +- 147.472  	chisq 14.6896 (5 df)

Iteration 7:  28000000 integrand evaluations so far
[1] -687.894 +- 133.987  	chisq 14.7102 (6 df)

Iteration 8:  36000000 integrand evaluations so far
[1] -688.348 +- 132.491  	chisq 14.7108 (7 df)

Iteration 9:  45000000 integrand evaluations so far
[1] -718.412 +- 130.185  	chisq 16.2025 (8 df)

Iteration 10:  55000000 integrand evaluations so far
[1] -687.093 +- 123.014  	chisq 16.7428 (9 df)
    -690 ±    120        (4.85mi) ┃Vegas input parameters:
  ndim 8
  ncomp 1
  nvec 1
  epsrel 0
  epsabs 0
  flags 10
  seed 123456
  mineval 5000000
  maxeval 50000000
  nstart 1000000
  nincrease 1000000
  nbatch 5000
  gridno 0
  statefile ""

Iteration 1:  1000000 integrand evaluations so far
[1] 3845.12 +- 601.065  	chisq 0 (0 df)

Iteration 2:  3000000 integrand evaluations so far
[1] 3272.36 +- 272.836  	chisq 1.1437 (1 df)

Iteration 3:  6000000 integrand evaluations so far
[1] 3455.51 +- 166.554  	chisq 1.86205 (2 df)

Iteration 4:  10000000 integrand evaluations so far
[1] 3448.96 +- 77.0005  	chisq 1.86401 (3 df)

Iteration 5:  15000000 integrand evaluations so far
[1] 3634.54 +- 50.7759  	chisq 12.1419 (4 df)

Iteration 6:  21000000 integrand evaluations so far
[1] 3629.31 +- 33.3551  	chisq 12.1606 (5 df)

Iteration 7:  28000000 integrand evaluations so far
[1] 3612.44 +- 23.7995  	chisq 12.6814 (6 df)

Iteration 8:  36000000 integrand evaluations so far
[1] 3630.56 +- 18.4737  	chisq 14.1391 (7 df)

Iteration 9:  45000000 integrand evaluations so far
[1] 3625.64 +- 15.1541  	chisq 14.3557 (8 df)

Iteration 10:  55000000 integrand evaluations so far
[1] 3637.02 +- 13.2303  	chisq 16.73 (9 df)
   3.637 ±  0.013 ·10⁺⁰³ (1.82mi) ┃    3.06 ±   0.12 ·10⁺⁰³ (11.9mi) ┃
┃   14 -    16 ┃   49 -    50 ┃  950.31 ±    0.3        (3.13mi) ┃ -920.98 ±   0.47        (11.8mi) ┃Vegas input parameters:
  ndim 10
  ncomp 1
  nvec 1
  epsrel 0
  epsabs 0
  flags 10
  seed 123456
  mineval 50000000
  maxeval 50000000
  nstart 1000000
  nincrease 1000000
  nbatch 5000
  gridno 0
  statefile ""

Iteration 1:  1000000 integrand evaluations so far
[1] -357.128 +- 124.898  	chisq 0 (0 df)

Iteration 2:  3000000 integrand evaluations so far
[1] -357.878 +- 120.982  	chisq 0.000584656 (1 df)

Iteration 3:  6000000 integrand evaluations so far
[1] -325.268 +- 115.983  	chisq 0.898296 (2 df)

Iteration 4:  10000000 integrand evaluations so far
[1] -341.494 +- 110.252  	chisq 1.10136 (3 df)

Iteration 5:  15000000 integrand evaluations so far
[1] -380.169 +- 103.665  	chisq 2.16293 (4 df)

Iteration 6:  21000000 integrand evaluations so far
[1] -374.306 +- 89.6851  	chisq 2.17565 (5 df)

Iteration 7:  28000000 integrand evaluations so far
[1] -383.81 +- 86.8131  	chisq 2.35384 (6 df)

Iteration 8:  36000000 integrand evaluations so far
[1] -320.348 +- 75.9571  	chisq 4.63306 (7 df)

Iteration 9:  45000000 integrand evaluations so far
[1] -300.465 +- 72.7394  	chisq 5.45932 (8 df)

Iteration 10:  55000000 integrand evaluations so far
[1] -271.465 +- 69.0493  	chisq 7.06676 (9 df)
    -271 ±     69        (4.77mi) ┃Vegas input parameters:
  ndim 8
  ncomp 1
  nvec 1
  epsrel 0
  epsabs 0
  flags 10
  seed 123456
  mineval 5000000
  maxeval 50000000
  nstart 1000000
  nincrease 1000000
  nbatch 5000
  gridno 0
  statefile ""

Iteration 1:  1000000 integrand evaluations so far
[1] 1207.51 +- 353.122  	chisq 0 (0 df)

Iteration 2:  3000000 integrand evaluations so far
[1] 414.495 +- 82.2393  	chisq 5.33251 (1 df)

Iteration 3:  6000000 integrand evaluations so far
[1] 460.145 +- 79.5078  	chisq 10.0493 (2 df)

Iteration 4:  10000000 integrand evaluations so far
[1] 626.604 +- 71.3425  	chisq 32.5451 (3 df)

Iteration 5:  15000000 integrand evaluations so far
[1] 837.192 +- 58.3904  	chisq 58.9373 (4 df)

Iteration 6:  21000000 integrand evaluations so far
[1] 1046.8 +- 38.8574  	chisq 82.0659 (5 df)

Iteration 7:  28000000 integrand evaluations so far
[1] 1159.29 +- 19.6433  	chisq 93.3244 (6 df)

Iteration 8:  36000000 integrand evaluations so far
[1] 1178.04 +- 17.9819  	chisq 98.9509 (7 df)

Iteration 9:  45000000 integrand evaluations so far
[1] 1193 +- 13.7685  	chisq 100.624 (8 df)

Iteration 10:  55000000 integrand evaluations so far
[1] 1204.88 +- 9.34387  	chisq 102.003 (9 df)
  1.2049 ± 0.0093 ·10⁺⁰³ (1.84mi) ┃     963 ±     70        (21.5mi) ┃
┃   14 -    16 ┃   50 -    51 ┃  407.69 ±   0.19        ( 6.4mi) ┃ -399.47 ±   0.32        (22.9mi) ┃Vegas input parameters:
  ndim 10
  ncomp 1
  nvec 1
  epsrel 0
  epsabs 0
  flags 10
  seed 123456
  mineval 50000000
  maxeval 50000000
  nstart 1000000
  nincrease 1000000
  nbatch 5000
  gridno 0
  statefile ""

Iteration 1:  1000000 integrand evaluations so far
[1] 143.248 +- 630.556  	chisq 0 (0 df)

Iteration 2:  3000000 integrand evaluations so far
[1] -95.5676 +- 176.212  	chisq 0.155594 (1 df)

Iteration 3:  6000000 integrand evaluations so far
[1] -117.322 +- 174.931  	chisq 1.20764 (2 df)

Iteration 4:  10000000 integrand evaluations so far
[1] 48.993 +- 123.825  	chisq 3.01929 (3 df)

Iteration 5:  15000000 integrand evaluations so far
[1] 33.4738 +- 123.115  	chisq 4.39302 (4 df)

Iteration 6:  21000000 integrand evaluations so far
[1] 49.6724 +- 72.841  	chisq 4.41966 (5 df)

Iteration 7:  28000000 integrand evaluations so far
[1] -23.2627 +- 64.8152  	chisq 9.2346 (6 df)

Iteration 8:  36000000 integrand evaluations so far
[1] -113.465 +- 53.2325  	chisq 15.1854 (7 df)

Iteration 9:  45000000 integrand evaluations so far
[1] -112.197 +- 51.0517  	chisq 15.1924 (8 df)

Iteration 10:  55000000 integrand evaluations so far
[1] -104.6 +- 34.1963  	chisq 15.2326 (9 df)
    -105 ±     34        (4.85mi) ┃Vegas input parameters:
  ndim 8
  ncomp 1
  nvec 1
  epsrel 0
  epsabs 0
  flags 10
  seed 123456
  mineval 5000000
  maxeval 50000000
  nstart 1000000
  nincrease 1000000
  nbatch 5000
  gridno 0
  statefile ""

Iteration 1:  1000000 integrand evaluations so far
[1] 442.637 +- 180.476  	chisq 0 (0 df)

Iteration 2:  3000000 integrand evaluations so far
[1] 22.8088 +- 8.16984  	chisq 5.42248 (1 df)

Iteration 3:  6000000 integrand evaluations so far
[1] 33.5073 +- 6.68512  	chisq 10.612 (2 df)

Iteration 4:  10000000 integrand evaluations so far
[1] 33.9515 +- 6.6819  	chisq 15.1945 (3 df)

Iteration 5:  15000000 integrand evaluations so far
[1] 39.9185 +- 6.62054  	chisq 58.8181 (4 df)

Iteration 6:  21000000 integrand evaluations so far
[1] 55.5957 +- 6.50364  	chisq 219.01 (5 df)

Iteration 7:  28000000 integrand evaluations so far
[1] 69.1925 +- 6.40604  	chisq 365.732 (6 df)

Iteration 8:  36000000 integrand evaluations so far
[1] 134.349 +- 5.90388  	chisq 1052.52 (7 df)

Iteration 9:  45000000 integrand evaluations so far
[1] 144.434 +- 5.83479  	chisq 1177.94 (8 df)

Iteration 10:  55000000 integrand evaluations so far
[1] 227.983 +- 5.15522  	chisq 2112.58 (9 df)
     228 ±    5.2        (1.86mi) ┃     132 ±     35        (  36mi) ┃
┃   14 -    16 ┃   51 -    52 ┃  229.63 ±   0.17        (3.43mi) ┃ -226.53 ±   0.22        (5.73mi) ┃Vegas input parameters:
  ndim 10
  ncomp 1
  nvec 1
  epsrel 0
  epsabs 0
  flags 10
  seed 123456
  mineval 50000000
  maxeval 50000000
  nstart 1000000
  nincrease 1000000
  nbatch 5000
  gridno 0
  statefile ""

Iteration 1:  1000000 integrand evaluations so far
[1] -619.639 +- 572.498  	chisq 0 (0 df)

Iteration 2:  3000000 integrand evaluations so far
[1] 8.40823 +- 24.0044  	chisq 1.2056 (1 df)

Iteration 3:  6000000 integrand evaluations so far
[1] 0.874654 +- 23.5169  	chisq 3.65511 (2 df)

Iteration 4:  10000000 integrand evaluations so far
[1] 2.14532 +- 23.4587  	chisq 4.24616 (3 df)

Iteration 5:  15000000 integrand evaluations so far
[1] -1.0881 +- 23.1104  	chisq 4.89066 (4 df)

Iteration 6:  21000000 integrand evaluations so far
[1] -28.6978 +- 18.897  	chisq 9.19763 (5 df)

Iteration 7:  28000000 integrand evaluations so far
[1] -34.6008 +- 18.5596  	chisq 11.9547 (6 df)

Iteration 8:  36000000 integrand evaluations so far
[1] -30.4616 +- 17.8047  	chisq 12.5789 (7 df)

Iteration 9:  45000000 integrand evaluations so far
[1] -42.2086 +- 15.5062  	chisq 14.3812 (8 df)

Iteration 10:  55000000 integrand evaluations so far
[1] -44.8911 +- 13.9649  	chisq 14.5396 (9 df)
     -45 ±     14        (4.77mi) ┃Vegas input parameters:
  ndim 8
  ncomp 1
  nvec 1
  epsrel 0
  epsabs 0
  flags 10
  seed 123456
  mineval 5000000
  maxeval 50000000
  nstart 1000000
  nincrease 1000000
  nbatch 5000
  gridno 0
  statefile ""

Iteration 1:  1000000 integrand evaluations so far
[1] 66.0284 +- 66.0284  	chisq 0 (0 df)

Iteration 2:  3000000 integrand evaluations so far
[1] 0.00136197 +- 0.000174828  	chisq 0.999959 (1 df)

Iteration 3:  6000000 integrand evaluations so far
[1] 0.00136207 +- 0.000174828  	chisq 5.16392 (2 df)

Iteration 4:  10000000 integrand evaluations so far
[1] 0.00136207 +- 0.000174828  	chisq 10.5082 (3 df)

Iteration 5:  15000000 integrand evaluations so far
[1] 0.00136209 +- 0.000174828  	chisq 33.2713 (4 df)

Iteration 6:  21000000 integrand evaluations so far
[1] 0.00136209 +- 0.000174828  	chisq 41.6868 (5 df)

Iteration 7:  28000000 integrand evaluations so far
[1] 0.0013621 +- 0.000174828  	chisq 66.5943 (6 df)

Iteration 8:  36000000 integrand evaluations so far
[1] 0.00136212 +- 0.000174828  	chisq 217.001 (7 df)

Iteration 9:  45000000 integrand evaluations so far
[1] 0.00136217 +- 0.000174828  	chisq 710.539 (8 df)

Iteration 10:  55000000 integrand evaluations so far
[1] 0.00136239 +- 0.000174828  	chisq 2858.1 (9 df)
    1.36 ±   0.17 ·10⁻⁰³ ( 2.3mi) ┃     -42 ±     14        (16.2mi) ┃
┃   14 -    16 ┃   52 -    53 ┃ 142.426 ±  0.048        (3.38mi) ┃-141.188 ±  0.072        (22.3mi) ┃Vegas input parameters:
  ndim 10
  ncomp 1
  nvec 1
  epsrel 0
  epsabs 0
  flags 10
  seed 123456
  mineval 50000000
  maxeval 50000000
  nstart 1000000
  nincrease 1000000
  nbatch 5000
  gridno 0
  statefile ""

Iteration 1:  1000000 integrand evaluations so far
[1] -31.8607 +- 13.6737  	chisq 0 (0 df)

Iteration 2:  3000000 integrand evaluations so far
[1] -1.61576 +- 0.648657  	chisq 4.90356 (1 df)

Iteration 3:  6000000 integrand evaluations so far
[1] -1.62715 +- 0.648426  	chisq 5.33649 (2 df)

Iteration 4:  10000000 integrand evaluations so far
[1] -1.63656 +- 0.648372  	chisq 6.60253 (3 df)

Iteration 5:  15000000 integrand evaluations so far
[1] -1.64436 +- 0.648119  	chisq 6.78827 (4 df)

Iteration 6:  21000000 integrand evaluations so far
[1] -1.64338 +- 0.647934  	chisq 6.79231 (5 df)

Iteration 7:  28000000 integrand evaluations so far
[1] -1.64986 +- 0.647873  	chisq 7.32122 (6 df)

Iteration 8:  36000000 integrand evaluations so far
[1] -1.66313 +- 0.647697  	chisq 8.09403 (7 df)

Iteration 9:  45000000 integrand evaluations so far
[1] -1.65711 +- 0.647627  	chisq 8.49277 (8 df)

Iteration 10:  55000000 integrand evaluations so far
[1] -1.6715 +- 0.64754  	chisq 10.3355 (9 df)
   -1.67 ±   0.65        (4.82mi) ┃Vegas input parameters:
  ndim 8
  ncomp 1
  nvec 1
  epsrel 0
  epsabs 0
  flags 10
  seed 123456
  mineval 5000000
  maxeval 50000000
  nstart 1000000
  nincrease 1000000
  nbatch 5000
  gridno 0
  statefile ""

Iteration 1:  1000000 integrand evaluations so far
[1] 221.094 +- 176.288  	chisq 0 (0 df)

Iteration 2:  3000000 integrand evaluations so far
[1] 0.782748 +- 0.575422  	chisq 1.56182 (1 df)

Iteration 3:  6000000 integrand evaluations so far
[1] 0.989696 +- 0.44241  	chisq 1.87816 (2 df)

Iteration 4:  10000000 integrand evaluations so far
[1] 1.01415 +- 0.442119  	chisq 4.20521 (3 df)

Iteration 5:  15000000 integrand evaluations so far
[1] 1.03204 +- 0.442075  	chisq 12.3102 (4 df)

Iteration 6:  21000000 integrand evaluations so far
[1] 1.03488 +- 0.442072  	chisq 16.5139 (5 df)

Iteration 7:  28000000 integrand evaluations so far
[1] 1.10417 +- 0.441965  	chisq 67.0066 (6 df)

Iteration 8:  36000000 integrand evaluations so far
[1] 1.61031 +- 0.441213  	chisq 452.806 (7 df)

Iteration 9:  45000000 integrand evaluations so far
[1] 2.35248 +- 0.440288  	chisq 1128.45 (8 df)

Iteration 10:  55000000 integrand evaluations so far
[1] 5.14877 +- 0.436677  	chisq 3597.68 (9 df)
    5.15 ±   0.44        (1.95mi) ┃    4.72 ±   0.79        (32.5mi) ┃
┃   14 -    16 ┃   53 -    54 ┃   91.28 ±  0.081        (11.5mi) ┃ -90.888 ±  0.033        (1.46hr) ┃Vegas input parameters:
  ndim 10
  ncomp 1
  nvec 1
  epsrel 0
  epsabs 0
  flags 10
  seed 123456
  mineval 50000000
  maxeval 50000000
  nstart 1000000
  nincrease 1000000
  nbatch 5000
  gridno 0
  statefile ""

Iteration 1:  1000000 integrand evaluations so far
[1] -366.871 +- 282.808  	chisq 0 (0 df)

Iteration 2:  3000000 integrand evaluations so far
[1] 1.16389 +- 1.18496  	chisq 1.69357 (1 df)

Iteration 3:  6000000 integrand evaluations so far
[1] 0.911304 +- 1.17976  	chisq 6.87669 (2 df)

Iteration 4:  10000000 integrand evaluations so far
[1] 0.906255 +- 1.17831  	chisq 6.88416 (3 df)

Iteration 5:  15000000 integrand evaluations so far
[1] 0.94291 +- 1.17565  	chisq 7.09847 (4 df)

Iteration 6:  21000000 integrand evaluations so far
[1] 0.82874 +- 1.16953  	chisq 8.00718 (5 df)

Iteration 7:  28000000 integrand evaluations so far
[1] 0.627808 +- 1.16532  	chisq 12.1093 (6 df)

Iteration 8:  36000000 integrand evaluations so far
[1] 0.353552 +- 1.15899  	chisq 17.2252 (7 df)

Iteration 9:  45000000 integrand evaluations so far
[1] 0.186928 +- 1.15483  	chisq 20.1086 (8 df)

Iteration 10:  55000000 integrand evaluations so far
[1] -0.364791 +- 1.13984  	chisq 28.957 (9 df)
    -0.4 ±    1.1        (4.81mi) ┃Vegas input parameters:
  ndim 8
  ncomp 1
  nvec 1
  epsrel 0
  epsabs 0
  flags 10
  seed 123456
  mineval 5000000
  maxeval 50000000
  nstart 1000000
  nincrease 1000000
  nbatch 5000
  gridno 0
  statefile ""

Iteration 1:  1000000 integrand evaluations so far
[1] 0 +- 2.22045e-19  	chisq 0 (0 df)

Iteration 2:  3000000 integrand evaluations so far
[1] 2.42412e-39 +- 2.22045e-19  	chisq 3.44512 (1 df)

Iteration 3:  6000000 integrand evaluations so far
[1] 2.21919e-38 +- 2.22045e-19  	chisq 5.12721 (2 df)

Iteration 4:  10000000 integrand evaluations so far
[1] 5.14825e-38 +- 2.22045e-19  	chisq 8.09769 (3 df)

Iteration 5:  15000000 integrand evaluations so far
[1] 5.66328e-38 +- 2.22045e-19  	chisq 15.8458 (4 df)

Iteration 6:  21000000 integrand evaluations so far
[1] 7.18386e-38 +- 2.22045e-19  	chisq 40.4591 (5 df)

Iteration 7:  28000000 integrand evaluations so far
[1] 1.34433e-37 +- 2.22045e-19  	chisq 169.624 (6 df)

Iteration 8:  36000000 integrand evaluations so far
[1] 2.54848e-37 +- 2.22045e-19  	chisq 476.317 (7 df)

Iteration 9:  45000000 integrand evaluations so far
[1] 5.87189e-37 +- 2.22045e-19  	chisq 1279.17 (8 df)

Iteration 10:  55000000 integrand evaluations so far
[1] 2.47214e-36 +- 2.22045e-19  	chisq 5843.25 (9 df)
       0 ±   0.22 ·10⁻¹⁸ (1.94mi) ┃       0 ±    1.1        (1.76hr) ┃
┃   14 -    16 ┃   54 -    55 ┃  58.119 ±  0.017        (6.63mi) ┃ -58.127 ±   0.03        (42.5mi) ┃Vegas input parameters:
  ndim 10
  ncomp 1
  nvec 1
  epsrel 0
  epsabs 0
  flags 10
  seed 123456
  mineval 50000000
  maxeval 50000000
  nstart 1000000
  nincrease 1000000
  nbatch 5000
  gridno 0
  statefile ""

Iteration 1:  1000000 integrand evaluations so far
[1] 12.3956 +- 36.6883  	chisq 0 (0 df)

Iteration 2:  3000000 integrand evaluations so far
[1] -0.0420583 +- 0.0292972  	chisq 0.114927 (1 df)

Iteration 3:  6000000 integrand evaluations so far
[1] -0.0419833 +- 0.0292971  	chisq 0.933323 (2 df)

Iteration 4:  10000000 integrand evaluations so far
[1] -0.0422506 +- 0.0292962  	chisq 2.23661 (3 df)

Iteration 5:  15000000 integrand evaluations so far
[1] -0.0424017 +- 0.0292959  	chisq 3.71457 (4 df)

Iteration 6:  21000000 integrand evaluations so far
[1] -0.0424337 +- 0.0292959  	chisq 4.36552 (5 df)

Iteration 7:  28000000 integrand evaluations so far
[1] -0.0424462 +- 0.0292959  	chisq 4.51316 (6 df)

Iteration 8:  36000000 integrand evaluations so far
[1] -0.0426136 +- 0.0292958  	chisq 9.99454 (7 df)

Iteration 9:  45000000 integrand evaluations so far
[1] -0.0427464 +- 0.0292957  	chisq 12.286 (8 df)

Iteration 10:  55000000 integrand evaluations so far
[1] -0.0432934 +- 0.0292954  	chisq 31.5632 (9 df)
  -0.043 ±  0.029        (4.93mi) ┃Vegas input parameters:
  ndim 8
  ncomp 1
  nvec 1
  epsrel 0
  epsabs 0
  flags 10
  seed 123456
  mineval 5000000
  maxeval 50000000
  nstart 1000000
  nincrease 1000000
  nbatch 5000
  gridno 0
  statefile ""

Iteration 1:  1000000 integrand evaluations so far
[1] 100.14 +- 100.14  	chisq 0 (0 df)

Iteration 2:  3000000 integrand evaluations so far
[1] 0.0135522 +- 0.0117895  	chisq 0.999729 (1 df)

Iteration 3:  6000000 integrand evaluations so far
[1] 0.0250459 +- 0.0106017  	chisq 5.96699 (2 df)

Iteration 4:  10000000 integrand evaluations so far
[1] 0.0306282 +- 0.0105506  	chisq 34.7829 (3 df)

Iteration 5:  15000000 integrand evaluations so far
[1] 0.0306667 +- 0.0105506  	chisq 40.9004 (4 df)

Iteration 6:  21000000 integrand evaluations so far
[1] 0.0306813 +- 0.0105506  	chisq 50.136 (5 df)

Iteration 7:  28000000 integrand evaluations so far
[1] 0.030725 +- 0.0105506  	chisq 89.3977 (6 df)

Iteration 8:  36000000 integrand evaluations so far
[1] 0.0314962 +- 0.0105505  	chisq 587.66 (7 df)

Iteration 9:  45000000 integrand evaluations so far
[1] 0.0325459 +- 0.0105504  	chisq 1301.6 (8 df)

Iteration 10:  55000000 integrand evaluations so far
[1] 0.0359926 +- 0.0105502  	chisq 3645.01 (9 df)
   0.036 ±  0.011        (2.65mi) ┃  -0.016 ±  0.046        (56.7mi) ┃
┃   14 -    16 ┃   55 -    56 ┃  35.179 ±  0.011        (5.47mi) ┃ -35.245 ±  0.031        (21.3mi) ┃Vegas input parameters:
  ndim 10
  ncomp 1
  nvec 1
  epsrel 0
  epsabs 0
  flags 10
  seed 123456
  mineval 50000000
  maxeval 50000000
  nstart 1000000
  nincrease 1000000
  nbatch 5000
  gridno 0
  statefile ""

Iteration 1:  1000000 integrand evaluations so far
[1] 1.07021 +- 5.13023  	chisq 0 (0 df)

Iteration 2:  3000000 integrand evaluations so far
[1] -0.0101787 +- 0.0313236  	chisq 0.0443508 (1 df)

Iteration 3:  6000000 integrand evaluations so far
[1] -0.00305865 +- 0.0302358  	chisq 0.801392 (2 df)

Iteration 4:  10000000 integrand evaluations so far
[1] -0.00291722 +- 0.0302353  	chisq 1.52198 (3 df)

Iteration 5:  15000000 integrand evaluations so far
[1] -0.0045497 +- 0.0302137  	chisq 3.56209 (4 df)

Iteration 6:  21000000 integrand evaluations so far
[1] -0.00458201 +- 0.0302137  	chisq 5.24204 (5 df)

Iteration 7:  28000000 integrand evaluations so far
[1] -0.00493914 +- 0.0302134  	chisq 12.7981 (6 df)

Iteration 8:  36000000 integrand evaluations so far
[1] -0.00488754 +- 0.0302134  	chisq 14.1148 (7 df)

Iteration 9:  45000000 integrand evaluations so far
[1] -0.00486156 +- 0.0302133  	chisq 14.2374 (8 df)

Iteration 10:  55000000 integrand evaluations so far
[1] -0.00502195 +- 0.0302131  	chisq 16.3285 (9 df)
      -5 ±     30 ·10⁻⁰³ (4.89mi) ┃Vegas input parameters:
  ndim 8
  ncomp 1
  nvec 1
  epsrel 0
  epsabs 0
  flags 10
  seed 123456
  mineval 5000000
  maxeval 50000000
  nstart 1000000
  nincrease 1000000
  nbatch 5000
  gridno 0
  statefile ""

Iteration 1:  1000000 integrand evaluations so far
[1] 97.5922 +- 78.1537  	chisq 0 (0 df)

Iteration 2:  3000000 integrand evaluations so far
[1] 0.604756 +- 0.575124  	chisq 1.54012 (1 df)

Iteration 3:  6000000 integrand evaluations so far
[1] 0.402553 +- 0.208347  	chisq 1.68241 (2 df)

Iteration 4:  10000000 integrand evaluations so far
[1] 0.734177 +- 0.15586  	chisq 7.43541 (3 df)

Iteration 5:  15000000 integrand evaluations so far
[1] 0.763606 +- 0.155681  	chisq 22.9273 (4 df)

Iteration 6:  21000000 integrand evaluations so far
[1] 0.79178 +- 0.155615  	chisq 61.8357 (5 df)

Iteration 7:  28000000 integrand evaluations so far
[1] 0.912693 +- 0.155374  	chisq 256.805 (6 df)

Iteration 8:  36000000 integrand evaluations so far
[1] 1.38989 +- 0.154399  	chisq 1010.67 (7 df)

Iteration 9:  45000000 integrand evaluations so far
[1] 1.85505 +- 0.153575  	chisq 1862.83 (8 df)

Iteration 10:  55000000 integrand evaluations so far
[1] 2.6284 +- 0.152267  	chisq 3357.95 (9 df)
    2.63 ±   0.15        (2.28mi) ┃    2.56 ±   0.16        (33.9mi) ┃
┃   14 -    16 ┃   56 -    57 ┃ 18.4406 ± 0.0038        (6.48mi) ┃ -18.532 ±  0.016        (41.8mi) ┃Vegas input parameters:
  ndim 10
  ncomp 1
  nvec 1
  epsrel 0
  epsabs 0
  flags 10
  seed 123456
  mineval 50000000
  maxeval 50000000
  nstart 1000000
  nincrease 1000000
  nbatch 5000
  gridno 0
  statefile ""

Iteration 1:  1000000 integrand evaluations so far
[1] 0 +- 2.22045e-19  	chisq 0 (0 df)

Iteration 2:  3000000 integrand evaluations so far
[1] -1.41794e-39 +- 2.22045e-19  	chisq 1.71098 (1 df)

Iteration 3:  6000000 integrand evaluations so far
[1] -6.53487e-38 +- 2.22045e-19  	chisq 2.81026 (2 df)

Iteration 4:  10000000 integrand evaluations so far
[1] -2.59365e-38 +- 2.22045e-19  	chisq 3.59945 (3 df)

Iteration 5:  15000000 integrand evaluations so far
[1] -3.87538e-38 +- 2.22045e-19  	chisq 4.71333 (4 df)

Iteration 6:  21000000 integrand evaluations so far
[1] -4.04155e-38 +- 2.22045e-19  	chisq 5.92248 (5 df)

Iteration 7:  28000000 integrand evaluations so far
[1] -4.34826e-38 +- 2.22045e-19  	chisq 6.42541 (6 df)

Iteration 8:  36000000 integrand evaluations so far
[1] -9.25043e-38 +- 2.22045e-19  	chisq 8.88359 (7 df)

Iteration 9:  45000000 integrand evaluations so far
[1] -1.2288e-37 +- 2.22045e-19  	chisq 11.0592 (8 df)

Iteration 10:  55000000 integrand evaluations so far
[1] -1.42512e-37 +- 2.22045e-19  	chisq 16.0788 (9 df)
      -0 ±   0.22 ·10⁻¹⁸ (4.94mi) ┃Vegas input parameters:
  ndim 8
  ncomp 1
  nvec 1
  epsrel 0
  epsabs 0
  flags 10
  seed 123456
  mineval 5000000
  maxeval 50000000
  nstart 1000000
  nincrease 1000000
  nbatch 5000
  gridno 0
  statefile ""

Iteration 1:  1000000 integrand evaluations so far
[1] 78.7829 +- 78.7829  	chisq 0 (0 df)

Iteration 2:  3000000 integrand evaluations so far
[1] 0.011975 +- 0.010971  	chisq 0.999696 (1 df)

Iteration 3:  6000000 integrand evaluations so far
[1] 0.0122665 +- 0.0033312  	chisq 1.00047 (2 df)

Iteration 4:  10000000 integrand evaluations so far
[1] 0.0123138 +- 0.00333114  	chisq 6.219 (3 df)

Iteration 5:  15000000 integrand evaluations so far
[1] 0.0123169 +- 0.00333114  	chisq 10.6908 (4 df)

Iteration 6:  21000000 integrand evaluations so far
[1] 0.0123188 +- 0.00333114  	chisq 17.1789 (5 df)

Iteration 7:  28000000 integrand evaluations so far
[1] 0.0123563 +- 0.00333114  	chisq 85.0582 (6 df)

Iteration 8:  36000000 integrand evaluations so far
[1] 0.0125259 +- 0.00333112  	chisq 428.897 (7 df)

Iteration 9:  45000000 integrand evaluations so far
[1] 0.0127128 +- 0.00333111  	chisq 866.933 (8 df)

Iteration 10:  55000000 integrand evaluations so far
[1] 0.0136826 +- 0.00333104  	chisq 2986.77 (9 df)
  0.0137 ± 0.0033        (2.36mi) ┃  -0.078 ±  0.016        (55.5mi) ┃
┃   14 -    16 ┃   57 -    58 ┃  6.0205 ± 0.0042        (25.1mi) ┃ -6.0517 ± 0.0043        (1.36hr) ┃Vegas input parameters:
  ndim 10
  ncomp 1
  nvec 1
  epsrel 0
  epsabs 0
  flags 10
  seed 123456
  mineval 50000000
  maxeval 50000000
  nstart 1000000
  nincrease 1000000
  nbatch 5000
  gridno 0
  statefile ""

Iteration 1:  1000000 integrand evaluations so far
[1] -0.211827 +- 0.211827  	chisq 0 (0 df)

Iteration 2:  3000000 integrand evaluations so far
[1] -2.30773e-09 +- 1.98546e-09  	chisq 1 (1 df)

Iteration 3:  6000000 integrand evaluations so far
[1] -1.23097e-09 +- 5.04257e-10  	chisq 1.31439 (2 df)

Iteration 4:  10000000 integrand evaluations so far
[1] -1.23102e-09 +- 5.04257e-10  	chisq 2.36922 (3 df)

Iteration 5:  15000000 integrand evaluations so far
[1] -1.23102e-09 +- 5.04257e-10  	chisq 3.45205 (4 df)

Iteration 6:  21000000 integrand evaluations so far
[1] -1.23102e-09 +- 5.04257e-10  	chisq 3.79372 (5 df)

Iteration 7:  28000000 integrand evaluations so far
[1] -1.23102e-09 +- 5.04257e-10  	chisq 7.03409 (6 df)

Iteration 8:  36000000 integrand evaluations so far
[1] -1.23102e-09 +- 5.04257e-10  	chisq 8.27567 (7 df)

Iteration 9:  45000000 integrand evaluations so far
[1] -1.23102e-09 +- 5.04257e-10  	chisq 9.24007 (8 df)

Iteration 10:  55000000 integrand evaluations so far
[1] -1.23102e-09 +- 5.04257e-10  	chisq 13.2551 (9 df)
   -1.23 ±    0.5 ·10⁻⁰⁹ (4.38mi) ┃Vegas input parameters:
  ndim 8
  ncomp 1
  nvec 1
  epsrel 0
  epsabs 0
  flags 10
  seed 123456
  mineval 5000000
  maxeval 50000000
  nstart 1000000
  nincrease 1000000
  nbatch 5000
  gridno 0
  statefile ""

Iteration 1:  1000000 integrand evaluations so far
[1] 27.3622 +- 27.3622  	chisq 0 (0 df)

Iteration 2:  3000000 integrand evaluations so far
[1] 0.010149 +- 0.00811404  	chisq 0.999258 (1 df)

Iteration 3:  6000000 integrand evaluations so far
[1] 0.0105106 +- 0.00810568  	chisq 1.96259 (2 df)

Iteration 4:  10000000 integrand evaluations so far
[1] 0.010552 +- 0.00810557  	chisq 3.00833 (3 df)

Iteration 5:  15000000 integrand evaluations so far
[1] 0.0113059 +- 0.00810081  	chisq 10.368 (4 df)

Iteration 6:  21000000 integrand evaluations so far
[1] 0.012073 +- 0.0080993  	chisq 34.496 (5 df)

Iteration 7:  28000000 integrand evaluations so far
[1] 0.0122974 +- 0.0080992  	chisq 63.7446 (6 df)

Iteration 8:  36000000 integrand evaluations so far
[1] 0.0125962 +- 0.00809906  	chisq 104.435 (7 df)

Iteration 9:  45000000 integrand evaluations so far
[1] 0.0132306 +- 0.00809876  	chisq 186.409 (8 df)

Iteration 10:  55000000 integrand evaluations so far
[1] 0.0231012 +- 0.00809381  	chisq 1402.4 (9 df)
  0.0231 ± 0.0081        (2.46mi) ┃      -8 ±     10 ·10⁻⁰³ (1.89hr) ┃
┃   14 -    16 ┃   58 -    59 ┃ 0.34558 ± 0.0002        ( 1.3hr) ┃-0.34495 ± 0.00028        (5.13hr) ┃Vegas input parameters:
  ndim 10
  ncomp 1
  nvec 1
  epsrel 0
  epsabs 0
  flags 10
  seed 123456
  mineval 50000000
  maxeval 50000000
  nstart 1000000
  nincrease 1000000
  nbatch 5000
  gridno 0
  statefile ""

Iteration 1:  1000000 integrand evaluations so far
[1] 0 +- 2.22045e-19  	chisq 0 (0 df)

Iteration 2:  3000000 integrand evaluations so far
[1] 0 +- 1.28198e-19  	chisq 0 (1 df)

Iteration 3:  6000000 integrand evaluations so far
[1] 0 +- 9.06494e-20  	chisq 0 (2 df)

Iteration 4:  10000000 integrand evaluations so far
[1] 0 +- 7.02167e-20  	chisq 0 (3 df)

Iteration 5:  15000000 integrand evaluations so far
[1] 0 +- 5.73317e-20  	chisq 0 (4 df)

Iteration 6:  21000000 integrand evaluations so far
[1] 0 +- 4.84541e-20  	chisq 0 (5 df)

Iteration 7:  28000000 integrand evaluations so far
[1] 0 +- 4.19625e-20  	chisq 0 (6 df)

Iteration 8:  36000000 integrand evaluations so far
[1] -9.39731e-39 +- 4.19625e-20  	chisq 1.36823 (7 df)

Iteration 9:  45000000 integrand evaluations so far
[1] -1.5768e-30 +- 4.19625e-20  	chisq 2.5914 (8 df)

Iteration 10:  55000000 integrand evaluations so far
[1] -1.67045e-30 +- 4.19625e-20  	chisq 8.41444 (9 df)
      -0 ±  0.042 ·10⁻¹⁸ (3.96mi) ┃Vegas input parameters:
  ndim 8
  ncomp 1
  nvec 1
  epsrel 0
  epsabs 0
  flags 10
  seed 123456
  mineval 5000000
  maxeval 50000000
  nstart 1000000
  nincrease 1000000
  nbatch 5000
  gridno 0
  statefile ""

Iteration 1:  1000000 integrand evaluations so far
[1] 0 +- 2.22045e-19  	chisq 0 (0 df)

Iteration 2:  3000000 integrand evaluations so far
[1] 0 +- 1.28198e-19  	chisq 0 (1 df)

Iteration 3:  6000000 integrand evaluations so far
[1] 0 +- 9.06494e-20  	chisq 0 (2 df)

Iteration 4:  10000000 integrand evaluations so far
[1] 0 +- 7.02167e-20  	chisq 0 (3 df)

Iteration 5:  15000000 integrand evaluations so far
[1] 0 +- 5.73317e-20  	chisq 0 (4 df)

Iteration 6:  21000000 integrand evaluations so far
[1] 0 +- 4.84541e-20  	chisq 0 (5 df)

Iteration 7:  28000000 integrand evaluations so far
[1] 0 +- 4.19625e-20  	chisq 0 (6 df)

Iteration 8:  36000000 integrand evaluations so far
[1] 0 +- 3.70074e-20  	chisq 0 (7 df)

Iteration 9:  45000000 integrand evaluations so far
[1] 0 +- 3.31005e-20  	chisq 0 (8 df)

Iteration 10:  55000000 integrand evaluations so far
[1] 0 +- 2.99405e-20  	chisq 0 (9 df)
       0 ±   0.03 ·10⁻¹⁸ (1.59mi) ┃    0.63 ±   0.34 ·10⁻⁰³ (6.53hr) ┃
┃   14 -    16 ┃   59 -    60 ┃       0 ±      0        ( 1.19s) ┃       0 ±      0        ( 302ms) ┃Vegas input parameters:
  ndim 10
  ncomp 1
  nvec 1
  epsrel 0
  epsabs 0
  flags 10
  seed 123456
  mineval 50000000
  maxeval 50000000
  nstart 1000000
  nincrease 1000000
  nbatch 5000
  gridno 0
  statefile ""

Iteration 1:  1000000 integrand evaluations so far
[1] 0 +- 2.22045e-19  	chisq 0 (0 df)

Iteration 2:  3000000 integrand evaluations so far
[1] 0 +- 1.28198e-19  	chisq 0 (1 df)

Iteration 3:  6000000 integrand evaluations so far
[1] 0 +- 9.06494e-20  	chisq 0 (2 df)

Iteration 4:  10000000 integrand evaluations so far
[1] 0 +- 7.02167e-20  	chisq 0 (3 df)

Iteration 5:  15000000 integrand evaluations so far
[1] 0 +- 5.73317e-20  	chisq 0 (4 df)

Iteration 6:  21000000 integrand evaluations so far
[1] 0 +- 4.84541e-20  	chisq 0 (5 df)

Iteration 7:  28000000 integrand evaluations so far
[1] 0 +- 4.19625e-20  	chisq 0 (6 df)

Iteration 8:  36000000 integrand evaluations so far
[1] 0 +- 3.70074e-20  	chisq 0 (7 df)

Iteration 9:  45000000 integrand evaluations so far
[1] 0 +- 3.31005e-20  	chisq 0 (8 df)

Iteration 10:  55000000 integrand evaluations so far
[1] 0 +- 2.99405e-20  	chisq 0 (9 df)
       0 ±   0.03 ·10⁻¹⁸ ( 3.9mi) ┃Vegas input parameters:
  ndim 8
  ncomp 1
  nvec 1
  epsrel 0
  epsabs 0
  flags 10
  seed 123456
  mineval 5000000
  maxeval 50000000
  nstart 1000000
  nincrease 1000000
  nbatch 5000
  gridno 0
  statefile ""

Iteration 1:  1000000 integrand evaluations so far
[1] 0 +- 2.22045e-19  	chisq 0 (0 df)

Iteration 2:  3000000 integrand evaluations so far
[1] 0 +- 1.28198e-19  	chisq 0 (1 df)

Iteration 3:  6000000 integrand evaluations so far
[1] 0 +- 9.06494e-20  	chisq 0 (2 df)

Iteration 4:  10000000 integrand evaluations so far
[1] 0 +- 7.02167e-20  	chisq 0 (3 df)

Iteration 5:  15000000 integrand evaluations so far
[1] 0 +- 5.73317e-20  	chisq 0 (4 df)

Iteration 6:  21000000 integrand evaluations so far
[1] 0 +- 4.84541e-20  	chisq 0 (5 df)

Iteration 7:  28000000 integrand evaluations so far
[1] 0 +- 4.19625e-20  	chisq 0 (6 df)

Iteration 8:  36000000 integrand evaluations so far
[1] 0 +- 3.70074e-20  	chisq 0 (7 df)

Iteration 9:  45000000 integrand evaluations so far
[1] 0 +- 3.31005e-20  	chisq 0 (8 df)

Iteration 10:  55000000 integrand evaluations so far
[1] 0 +- 2.99405e-20  	chisq 0 (9 df)
       0 ±   0.03 ·10⁻¹⁸ (1.57mi) ┃       0 ±  0.042 ·10⁻¹⁸ (5.49mi) ┃
┣━━━━━━━━━━━━━━╋━━━━━━━━━━━━━━╋━━━━━━━━━━━━━━━━━━━━━━━━━━━━━━━━━━╋━━━━━━━━━━━━━━━━━━━━━━━━━━━━━━━━━━╋━━━━━━━━━━━━━━━━━━━━━━━━━━━━━━━━━━╋━━━━━━━━━━━━━━━━━━━━━━━━━━━━━━━━━━╋━━━━━━━━━━━━━━━━━━━━━━━━━━━━━━━━━━┫
┃   12 -    16 ┃   25 -    60 ┃  227.55 ±  0.021 ·10⁺⁰³ (11.6hr) ┃-227.125 ±  0.023 ·10⁺⁰³ (27.4hr) ┃   -57.8 ±    1.7 ·10⁺⁰³ (5.63hr) ┃  288.62 ±   0.16 ·10⁺⁰³ (2.27hr) ┃   231.3 ±    1.7 ·10⁺⁰³ (46.8hr) ┃
┗━━━━━━━━━━━━━━┻━━━━━━━━━━━━━━┻━━━━━━━━━━━━━━━━━━━━━━━━━━━━━━━━━━┻━━━━━━━━━━━━━━━━━━━━━━━━━━━━━━━━━━┻━━━━━━━━━━━━━━━━━━━━━━━━━━━━━━━━━━┻━━━━━━━━━━━━━━━━━━━━━━━━━━━━━━━━━━┻━━━━━━━━━━━━━━━━━━━━━━━━━━━━━━━━━━┛

╍╍╍╍╍╍╍╍╍╍╍╍╍╍╍╍╍╍╍╍╍╍╍╍╍╍╍╍╍╍╍╍ Summary ╍╍╍╍╍╍╍╍╍╍╍╍╍╍╍╍╍╍╍╍╍╍╍╍╍╍╍╍╍╍╍
      Total cross section                       231.3 ± 1.7          pb
         Calculation time                               46.8       hours
              Output file                    outputs/qt_qt12_16_NNLL_muR2.0_muF1.0.root            
      Result in text file                    outputs/qt_qt12_16_NNLL_muR2.0_muF1.0.txt            

╍╍╍╍╍╍╍╍╍╍╍╍╍╍╍╍╍╍╍╍╍╍╍╍╍╍╍╍╍╍╍╍╍╍╍╍╍╍╍╍╍╍╍╍╍╍╍╍╍╍╍╍╍╍╍╍╍╍╍╍╍╍╍╍╍╍╍╍╍╍╍╍

