
╍╍╍╍╍╍╍╍╍╍╍╍╍╍╍╍╍╍╍╍╍╍╍╍╍╍╍ Process settings ╍╍╍╍╍╍╍╍╍╍╍╍╍╍╍╍╍╍╍╍╍╍╍╍╍╍╍
   proton-proton collisions at sqrt(s) = 13000 GeV 
   Computing N3LO+N3LL resummed cross section
   W+ ->  nu(p3)+e+(p4) production 

╍╍╍╍╍╍╍╍╍╍╍╍╍╍╍╍╍╍╍╍╍╍╍╍╍╍╍╍╍╍ CKM matrix ╍╍╍╍╍╍╍╍╍╍╍╍╍╍╍╍╍╍╍╍╍╍╍╍╍╍╍╍╍╍
     | Vud Vus Vub |   |   0.97427   0.2253  0.00351 | 
     | Vcd Vcs Vcb | = |    0.2252  0.97344   0.0412 | 
     | Vtd Vts Vtb |   |         0        0        0 | 

╍╍╍╍╍╍╍╍╍╍╍╍╍╍╍╍╍╍╍╍╍╍╍╍╍╍╍╍╍ EW parameters ╍╍╍╍╍╍╍╍╍╍╍╍╍╍╍╍╍╍╍╍╍╍╍╍╍╍╍╍
                                         Gf =  1.1663787e-05      GeV^-2
                                    1/alpha =  132.233229791            
                                 sin(thW)^2 = 0.222897222524            
                                     W mass =         80.385         GeV
                                     Z mass =        91.1876         GeV
                                    W width =          2.091         GeV
                                    Z width =          2.495         GeV

╍╍╍╍╍╍╍╍╍╍╍╍╍╍╍╍╍╍╍╍╍╍╍╍╍╍╍╍╍ QCD settings ╍╍╍╍╍╍╍╍╍╍╍╍╍╍╍╍╍╍╍╍╍╍╍╍╍╍╍╍╍
   Renormalization scale:     dynamic muren =              1      * m_ll
     Factorization scale:     dynamic mufac =              1      * m_ll
       Resummation scale:     dynamic mures =              1      * m_ll
          Strong coupling       alpha_s(MZ) =       0.118001            
                              running order =              4       -loop
         Non-perturbative     form factor g =            0.7       GeV^2

╍╍╍╍╍╍╍╍╍╍╍╍╍╍╍╍╍╍╍╍╍╍╍╍╍╍╍╍╍ PDF settings ╍╍╍╍╍╍╍╍╍╍╍╍╍╍╍╍╍╍╍╍╍╍╍╍╍╍╍╍╍
                                     PDF set:MSHT20nnlo_as118            
                                  PDF member:              0            
  Mellin moments of PDFs:                    Numerical integration            
                         nodes for the quadrature:            200            
                         Intervals for the quadrature:              1            

╍╍╍╍╍╍╍╍╍╍╍╍╍╍╍╍╍╍╍╍╍╍╍╍╍╍╍╍╍╍╍ qT recoil ╍╍╍╍╍╍╍╍╍╍╍╍╍╍╍╍╍╍╍╍╍╍╍╍╍╍╍╍╍╍
  qt-recoil prescription:       Collins-Soper kt1 = p_V(x)/2; kt2 = p_V(y)/2            

╍╍╍╍╍╍╍╍╍╍╍╍╍╍╍╍╍╍╍╍╍╍╍╍╍╍╍╍╍╍╍╍╍ Cuts ╍╍╍╍╍╍╍╍╍╍╍╍╍╍╍╍╍╍╍╍╍╍╍╍╍╍╍╍╍╍╍╍╍
                                  apply cuts:           true            
                                      pt_l >               0            
                                   |eta_l| <            1000            
                                    pt_lep >              25            
                                 |eta_lep| <             2.4            
                                   pt_alep >              25            
                                |eta_alep| <             2.4            
                                  user cuts:            true            

╍╍╍╍╍╍╍╍╍╍╍╍╍╍╍╍╍╍╍╍╍╍╍╍╍╍╍╍ ResummationDamp ╍╍╍╍╍╍╍╍╍╍╍╍╍╍╍╍╍╍╍╍╍╍╍╍╍╍╍
                                    damping :             on            
                                damping mode:              1            
                                  damp above:        60.2888         GeV
                               damping width:        20.0963         GeV
                          resummation cutoff:             20         MeV

╍╍╍╍╍╍╍╍╍╍╍╍╍╍╍╍╍╍╍╍╍╍╍╍╍╍╍╍ Debug settings ╍╍╍╍╍╍╍╍╍╍╍╍╍╍╍╍╍╍╍╍╍╍╍╍╍╍╍╍
                                 timeprofile:          false            
                                     verbose:          false            
                               cubaverbosity:              2            

╍╍╍╍╍╍╍╍╍╍╍╍╍╍╍╍╍╍╍╍╍╍╍╍╍╍╍╍╍╍╍╍╍╍╍╍╍╍╍╍╍╍╍╍╍╍╍╍╍╍╍╍╍╍╍╍╍╍╍╍╍╍╍╍╍╍╍╍╍╍╍╍

Warning: Histogram `a1_qt` contains non-integrable observable and will be deleted 
Warning: Histogram `a1_qt_vs_y` contains non-integrable observable and will be deleted 
Warning: Histogram `s_biganswer` contains non-integrable observable and will be deleted 
Warning: Histogram `wgt_a1_qt` contains non-integrable observable and will be deleted 

╍╍╍╍╍╍╍╍╍╍╍╍╍╍╍╍╍╍╍╍╍╍╍╍╍ Integration settings ╍╍╍╍╍╍╍╍╍╍╍╍╍╍╍╍╍╍╍╍╍╍╍╍╍
             Random seeds              123456                           
           Parallel cores                   1                           

             Resummation:     cuhre (dm, dpt)         iter =           5
                                   gauss (dy)        nodes =          64
                                                 intervals =           1
            Counter term:      cuhre (dm, dy)         iter =           5
                                  gauss (dpt)        nodes =          20
                                                 intervals =           5
                V+J Real:               vegas       ncalls =    50000000
             V+J Virtual:               vegas       ncalls =     5000000

Mellin inverse transform:           gaussian         nodes =          30
                                                 intervals =           1
                               imaginary axis         zmax =           2
  Angular variable costh:     semi-analytical      ncstart =         100
   Angular variables phi:            gaussian    intervals =          20

      Constant boundaries                  q2          low =          80
                                                      high =         100
                                            y          low =          -6
                                                      high =           6
                                        costh          low =          -1
                                                      high =           1
                                       eta(l)          low =         -10
                                                      high =          10

┏━━━━━━━━━━━━━━┰━━━━━━━━━━━━━━┰━━━━━━━━━━━━━━━━━━━━━━━━━━━━━━━━━━┰━━━━━━━━━━━━━━━━━━━━━━━━━━━━━━━━━━┰━━━━━━━━━━━━━━━━━━━━━━━━━━━━━━━━━━┰━━━━━━━━━━━━━━━━━━━━━━━━━━━━━━━━━━┰━━━━━━━━━━━━━━━━━━━━━━━━━━━━━━━━━━┓
┃           qT ┃        pT(l) ┃                      Resummation ┃                     Counter term ┃                         V+J Real ┃                      V+J Virtual ┃                            TOTAL ┃
┣━━━━━━━━━━━━━━╋━━━━━━━━━━━━━━╋━━━━━━━━━━━━━━━━━━━━━━━━━━━━━━━━━━╋━━━━━━━━━━━━━━━━━━━━━━━━━━━━━━━━━━╋━━━━━━━━━━━━━━━━━━━━━━━━━━━━━━━━━━╋━━━━━━━━━━━━━━━━━━━━━━━━━━━━━━━━━━╋━━━━━━━━━━━━━━━━━━━━━━━━━━━━━━━━━━┫
┃   56 -    58 ┃   25 -    26 ┃  259.21 ±   0.12        (  12mi) ┃-216.156 ±  0.032        (55.6mi) ┃Vegas input parameters:
  ndim 10
  ncomp 1
  nvec 1
  epsrel 0
  epsabs 0
  flags 10
  seed 123456
  mineval 50000000
  maxeval 50000000
  nstart 1000000
  nincrease 1000000
  nbatch 5000
  gridno 0
  statefile ""

Iteration 1:  1000000 integrand evaluations so far
[1] -28.4411 +- 52.1657  	chisq 0 (0 df)

Iteration 2:  3000000 integrand evaluations so far
[1] -13.5835 +- 42.0685  	chisq 0.232001 (1 df)

Iteration 3:  6000000 integrand evaluations so far
[1] 2.19112 +- 36.9706  	chisq 0.849562 (2 df)

Iteration 4:  10000000 integrand evaluations so far
[1] -14.1663 +- 34.362  	chisq 2.2875 (3 df)

Iteration 5:  15000000 integrand evaluations so far
[1] -12.8644 +- 33.6747  	chisq 2.32375 (4 df)

Iteration 6:  21000000 integrand evaluations so far
[1] -12.1662 +- 32.8275  	chisq 2.3324 (5 df)

Iteration 7:  28000000 integrand evaluations so far
[1] -15.634 +- 31.6015  	chisq 2.48464 (6 df)

Iteration 8:  36000000 integrand evaluations so far
[1] -4.40127 +- 29.6902  	chisq 3.5617 (7 df)

Iteration 9:  45000000 integrand evaluations so far
[1] -1.0504 +- 29.5957  	chisq 5.56526 (8 df)

Iteration 10:  55000000 integrand evaluations so far
[1] -3.92156 +- 29.4705  	chisq 6.68043 (9 df)
      -4 ±     29        (3.57mi) ┃Vegas input parameters:
  ndim 8
  ncomp 1
  nvec 1
  epsrel 0
  epsabs 0
  flags 10
  seed 123456
  mineval 5000000
  maxeval 50000000
  nstart 1000000
  nincrease 1000000
  nbatch 5000
  gridno 0
  statefile ""

Iteration 1:  1000000 integrand evaluations so far
[1] 295.866 +- 58.4277  	chisq 0 (0 df)

Iteration 2:  3000000 integrand evaluations so far
[1] 171.413 +- 24.0959  	chisq 5.46678 (1 df)

Iteration 3:  6000000 integrand evaluations so far
[1] 171.006 +- 18.8644  	chisq 5.46751 (2 df)

Iteration 4:  10000000 integrand evaluations so far
[1] 194.196 +- 16.441  	chisq 11.7528 (3 df)

Iteration 5:  15000000 integrand evaluations so far
[1] 223.613 +- 13.0468  	chisq 20.3992 (4 df)

Iteration 6:  21000000 integrand evaluations so far
[1] 235.239 +- 10.6787  	chisq 22.8046 (5 df)

Iteration 7:  28000000 integrand evaluations so far
[1] 238.999 +- 10.375  	chisq 25.0168 (6 df)

Iteration 8:  36000000 integrand evaluations so far
[1] 248.003 +- 8.85421  	chisq 27.7888 (7 df)

Iteration 9:  45000000 integrand evaluations so far
[1] 248.351 +- 5.37319  	chisq 27.7913 (8 df)

Iteration 10:  55000000 integrand evaluations so far
[1] 256.783 +- 4.87588  	chisq 41.7409 (9 df)
   256.8 ±    4.9        (1.85mi) ┃     296 ±     30        (1.22hr) ┃
┃   56 -    58 ┃   26 -    27 ┃ 250.576 ± 0.0092        (23.2mi) ┃-209.421 ±  0.046        (28.1mi) ┃Vegas input parameters:
  ndim 10
  ncomp 1
  nvec 1
  epsrel 0
  epsabs 0
  flags 10
  seed 123456
  mineval 50000000
  maxeval 50000000
  nstart 1000000
  nincrease 1000000
  nbatch 5000
  gridno 0
  statefile ""

Iteration 1:  1000000 integrand evaluations so far
[1] 84.3932 +- 87.4825  	chisq 0 (0 df)

Iteration 2:  3000000 integrand evaluations so far
[1] 7.94614 +- 78.5512  	chisq 3.94104 (1 df)

Iteration 3:  6000000 integrand evaluations so far
[1] 39.4693 +- 64.0184  	chisq 4.42065 (2 df)

Iteration 4:  10000000 integrand evaluations so far
[1] 20.5178 +- 61.5493  	chisq 5.57906 (3 df)

Iteration 5:  15000000 integrand evaluations so far
[1] -6.8081 +- 58.0218  	chisq 7.3494 (4 df)

Iteration 6:  21000000 integrand evaluations so far
[1] -12.7287 +- 50.2633  	chisq 7.39112 (5 df)

Iteration 7:  28000000 integrand evaluations so far
[1] -25.0656 +- 45.0377  	chisq 7.69674 (6 df)

Iteration 8:  36000000 integrand evaluations so far
[1] -29.6197 +- 44.1354  	chisq 7.95449 (7 df)

Iteration 9:  45000000 integrand evaluations so far
[1] -20.8206 +- 39.846  	chisq 8.16942 (8 df)

Iteration 10:  55000000 integrand evaluations so far
[1] -21.2608 +- 38.564  	chisq 8.17135 (9 df)
     -21 ±     39        (3.54mi) ┃Vegas input parameters:
  ndim 8
  ncomp 1
  nvec 1
  epsrel 0
  epsabs 0
  flags 10
  seed 123456
  mineval 5000000
  maxeval 50000000
  nstart 1000000
  nincrease 1000000
  nbatch 5000
  gridno 0
  statefile ""

Iteration 1:  1000000 integrand evaluations so far
[1] 280.452 +- 62.298  	chisq 0 (0 df)

Iteration 2:  3000000 integrand evaluations so far
[1] 278.742 +- 57.7836  	chisq 0.00539509 (1 df)

Iteration 3:  6000000 integrand evaluations so far
[1] 252.626 +- 44.066  	chisq 0.493546 (2 df)

Iteration 4:  10000000 integrand evaluations so far
[1] 247.787 +- 37.6951  	chisq 0.5385 (3 df)

Iteration 5:  15000000 integrand evaluations so far
[1] 180.389 +- 14.9507  	chisq 4.33222 (4 df)

Iteration 6:  21000000 integrand evaluations so far
[1] 208.541 +- 11.4033  	chisq 12.8102 (5 df)

Iteration 7:  28000000 integrand evaluations so far
[1] 227.389 +- 8.64758  	chisq 19.2394 (6 df)

Iteration 8:  36000000 integrand evaluations so far
[1] 250.982 +- 6.14667  	chisq 34.2838 (7 df)

Iteration 9:  45000000 integrand evaluations so far
[1] 252.654 +- 3.94475  	chisq 34.4095 (8 df)

Iteration 10:  55000000 integrand evaluations so far
[1] 254.683 +- 3.74724  	chisq 37.1198 (9 df)
   254.7 ±    3.7        (1.77mi) ┃     275 ±     39        (56.6mi) ┃
┃   56 -    58 ┃   27 -    28 ┃   245.5 ±   0.21        ( 14.3s) ┃-206.026 ±  0.072        (1.78mi) ┃Vegas input parameters:
  ndim 10
  ncomp 1
  nvec 1
  epsrel 0
  epsabs 0
  flags 10
  seed 123456
  mineval 50000000
  maxeval 50000000
  nstart 1000000
  nincrease 1000000
  nbatch 5000
  gridno 0
  statefile ""

Iteration 1:  1000000 integrand evaluations so far
[1] 57.8837 +- 124.923  	chisq 0 (0 df)

Iteration 2:  3000000 integrand evaluations so far
[1] 2.47351 +- 119.164  	chisq 2.18425 (1 df)

Iteration 3:  6000000 integrand evaluations so far
[1] 101.705 +- 83.2209  	chisq 3.53787 (2 df)

Iteration 4:  10000000 integrand evaluations so far
[1] 60.478 +- 59.5189  	chisq 4.04025 (3 df)

Iteration 5:  15000000 integrand evaluations so far
[1] 12.8074 +- 42.1241  	chisq 5.32556 (4 df)

Iteration 6:  21000000 integrand evaluations so far
[1] 11.5932 +- 41.7686  	chisq 5.37499 (5 df)

Iteration 7:  28000000 integrand evaluations so far
[1] 7.87292 +- 41.5697  	chisq 6.20998 (6 df)

Iteration 8:  36000000 integrand evaluations so far
[1] 24.7788 +- 29.7805  	chisq 6.54976 (7 df)

Iteration 9:  45000000 integrand evaluations so far
[1] 41.2537 +- 26.8595  	chisq 8.19032 (8 df)

Iteration 10:  55000000 integrand evaluations so far
[1] 43.4498 +- 26.6446  	chisq 8.60978 (9 df)
      43 ±     27        (3.56mi) ┃Vegas input parameters:
  ndim 8
  ncomp 1
  nvec 1
  epsrel 0
  epsabs 0
  flags 10
  seed 123456
  mineval 5000000
  maxeval 50000000
  nstart 1000000
  nincrease 1000000
  nbatch 5000
  gridno 0
  statefile ""

Iteration 1:  1000000 integrand evaluations so far
[1] 191.939 +- 43.3646  	chisq 0 (0 df)

Iteration 2:  3000000 integrand evaluations so far
[1] 193.744 +- 43.3188  	chisq 0.820639 (1 df)

Iteration 3:  6000000 integrand evaluations so far
[1] 197.591 +- 42.5351  	chisq 1.0406 (2 df)

Iteration 4:  10000000 integrand evaluations so far
[1] 157.009 +- 28.7516  	chisq 2.71664 (3 df)

Iteration 5:  15000000 integrand evaluations so far
[1] 175.675 +- 25.538  	chisq 4.71352 (4 df)

Iteration 6:  21000000 integrand evaluations so far
[1] 189.1 +- 23.3633  	chisq 6.40841 (5 df)

Iteration 7:  28000000 integrand evaluations so far
[1] 216.358 +- 15.3527  	chisq 8.80414 (6 df)

Iteration 8:  36000000 integrand evaluations so far
[1] 223.029 +- 6.41368  	chisq 9.03287 (7 df)

Iteration 9:  45000000 integrand evaluations so far
[1] 226.138 +- 5.85772  	chisq 10.4489 (8 df)

Iteration 10:  55000000 integrand evaluations so far
[1] 228.695 +- 4.94215  	chisq 11.1102 (9 df)
   228.7 ±    4.9        (1.87mi) ┃     312 ±     27        (7.45mi) ┃
┃   56 -    58 ┃   28 -    29 ┃  246.27 ±   0.19        (3.63mi) ┃ -207.49 ±   0.16        (38.8mi) ┃Vegas input parameters:
  ndim 10
  ncomp 1
  nvec 1
  epsrel 0
  epsabs 0
  flags 10
  seed 123456
  mineval 50000000
  maxeval 50000000
  nstart 1000000
  nincrease 1000000
  nbatch 5000
  gridno 0
  statefile ""

Iteration 1:  1000000 integrand evaluations so far
[1] 15.3425 +- 74.2916  	chisq 0 (0 df)

Iteration 2:  3000000 integrand evaluations so far
[1] 13.516 +- 74.2623  	chisq 0.767538 (1 df)

Iteration 3:  6000000 integrand evaluations so far
[1] 39.4621 +- 70.0609  	chisq 1.87776 (2 df)

Iteration 4:  10000000 integrand evaluations so far
[1] 67.7139 +- 65.5445  	chisq 3.18102 (3 df)

Iteration 5:  15000000 integrand evaluations so far
[1] 20.0387 +- 35.3965  	chisq 3.92791 (4 df)

Iteration 6:  21000000 integrand evaluations so far
[1] 18.1537 +- 30.2097  	chisq 3.93835 (5 df)

Iteration 7:  28000000 integrand evaluations so far
[1] 17.1091 +- 30.1948  	chisq 5.14926 (6 df)

Iteration 8:  36000000 integrand evaluations so far
[1] 12.5083 +- 26.7219  	chisq 5.25635 (7 df)

Iteration 9:  45000000 integrand evaluations so far
[1] 13.4612 +- 26.6535  	chisq 5.50514 (8 df)

Iteration 10:  55000000 integrand evaluations so far
[1] -9.55206 +- 24.1607  	chisq 9.68609 (9 df)
     -10 ±     24        (3.62mi) ┃Vegas input parameters:
  ndim 8
  ncomp 1
  nvec 1
  epsrel 0
  epsabs 0
  flags 10
  seed 123456
  mineval 5000000
  maxeval 50000000
  nstart 1000000
  nincrease 1000000
  nbatch 5000
  gridno 0
  statefile ""

Iteration 1:  1000000 integrand evaluations so far
[1] 408.869 +- 74.1885  	chisq 0 (0 df)

Iteration 2:  3000000 integrand evaluations so far
[1] 131.396 +- 14.4719  	chisq 14.5417 (1 df)

Iteration 3:  6000000 integrand evaluations so far
[1] 146.753 +- 11.5818  	chisq 17.6737 (2 df)

Iteration 4:  10000000 integrand evaluations so far
[1] 161.724 +- 10.8144  	chisq 30.7148 (3 df)

Iteration 5:  15000000 integrand evaluations so far
[1] 185.328 +- 8.08061  	chisq 41.5009 (4 df)

Iteration 6:  21000000 integrand evaluations so far
[1] 195.899 +- 7.16844  	chisq 49.5337 (5 df)

Iteration 7:  28000000 integrand evaluations so far
[1] 210.707 +- 5.33563  	chisq 59.1027 (6 df)

Iteration 8:  36000000 integrand evaluations so far
[1] 219.062 +- 3.85377  	chisq 64.2284 (7 df)

Iteration 9:  45000000 integrand evaluations so far
[1] 221.281 +- 3.49594  	chisq 66.101 (8 df)

Iteration 10:  55000000 integrand evaluations so far
[1] 223.646 +- 2.99469  	chisq 67.82 (9 df)
   223.6 ±      3        (1.84mi) ┃     253 ±     24        (47.9mi) ┃
┃   56 -    58 ┃   29 -    30 ┃  218.85 ±   0.14        (1.61mi) ┃-183.024 ±  0.012        (14.6mi) ┃Vegas input parameters:
  ndim 10
  ncomp 1
  nvec 1
  epsrel 0
  epsabs 0
  flags 10
  seed 123456
  mineval 50000000
  maxeval 50000000
  nstart 1000000
  nincrease 1000000
  nbatch 5000
  gridno 0
  statefile ""

Iteration 1:  1000000 integrand evaluations so far
[1] -77.0074 +- 47.7615  	chisq 0 (0 df)

Iteration 2:  3000000 integrand evaluations so far
[1] -94.6969 +- 44.6286  	chisq 1.08108 (1 df)

Iteration 3:  6000000 integrand evaluations so far
[1] -97.8689 +- 44.3419  	chisq 1.47553 (2 df)

Iteration 4:  10000000 integrand evaluations so far
[1] -46.1162 +- 33.3966  	chisq 4.62332 (3 df)

Iteration 5:  15000000 integrand evaluations so far
[1] -46.0423 +- 32.0278  	chisq 4.62338 (4 df)

Iteration 6:  21000000 integrand evaluations so far
[1] -36.812 +- 30.1105  	chisq 5.3385 (5 df)

Iteration 7:  28000000 integrand evaluations so far
[1] -39.7045 +- 29.0233  	chisq 5.46863 (6 df)

Iteration 8:  36000000 integrand evaluations so far
[1] -31.7139 +- 27.5919  	chisq 6.25656 (7 df)

Iteration 9:  45000000 integrand evaluations so far
[1] -23.507 +- 26.6904  	chisq 7.63289 (8 df)

Iteration 10:  55000000 integrand evaluations so far
[1] -29.5856 +- 25.823  	chisq 8.44412 (9 df)
     -30 ±     26        (3.63mi) ┃Vegas input parameters:
  ndim 8
  ncomp 1
  nvec 1
  epsrel 0
  epsabs 0
  flags 10
  seed 123456
  mineval 5000000
  maxeval 50000000
  nstart 1000000
  nincrease 1000000
  nbatch 5000
  gridno 0
  statefile ""

Iteration 1:  1000000 integrand evaluations so far
[1] 259.204 +- 55.5662  	chisq 0 (0 df)

Iteration 2:  3000000 integrand evaluations so far
[1] 127.98 +- 26.5946  	chisq 7.23416 (1 df)

Iteration 3:  6000000 integrand evaluations so far
[1] 144.874 +- 24.6284  	chisq 10.0679 (2 df)

Iteration 4:  10000000 integrand evaluations so far
[1] 163.809 +- 20.8615  	chisq 12.1603 (3 df)

Iteration 5:  15000000 integrand evaluations so far
[1] 171.838 +- 19.852  	chisq 13.7289 (4 df)

Iteration 6:  21000000 integrand evaluations so far
[1] 185.276 +- 17.4837  	chisq 15.7711 (5 df)

Iteration 7:  28000000 integrand evaluations so far
[1] 200.394 +- 13.0414  	chisq 17.4565 (6 df)

Iteration 8:  36000000 integrand evaluations so far
[1] 220.776 +- 8.27403  	chisq 21.5445 (7 df)

Iteration 9:  45000000 integrand evaluations so far
[1] 220.95 +- 4.8579  	chisq 21.5452 (8 df)

Iteration 10:  55000000 integrand evaluations so far
[1] 220.94 +- 3.36749  	chisq 21.5452 (9 df)
   220.9 ±    3.4        (1.85mi) ┃     227 ±     26        (21.7mi) ┃
┃   56 -    58 ┃   30 -    31 ┃  234.98 ±   0.22        (6.08mi) ┃ -205.97 ±   0.13        ( 19.8s) ┃Vegas input parameters:
  ndim 10
  ncomp 1
  nvec 1
  epsrel 0
  epsabs 0
  flags 10
  seed 123456
  mineval 50000000
  maxeval 50000000
  nstart 1000000
  nincrease 1000000
  nbatch 5000
  gridno 0
  statefile ""

Iteration 1:  1000000 integrand evaluations so far
[1] 330.017 +- 221.935  	chisq 0 (0 df)

Iteration 2:  3000000 integrand evaluations so far
[1] 55.8164 +- 111.844  	chisq 2.04611 (1 df)

Iteration 3:  6000000 integrand evaluations so far
[1] -58.1634 +- 59.3408  	chisq 3.49155 (2 df)

Iteration 4:  10000000 integrand evaluations so far
[1] -66.8577 +- 58.4378  	chisq 4.2023 (3 df)

Iteration 5:  15000000 integrand evaluations so far
[1] -52.9007 +- 57.3036  	chisq 5.6862 (4 df)

Iteration 6:  21000000 integrand evaluations so far
[1] 6.39304 +- 15.8519  	chisq 6.84559 (5 df)

Iteration 7:  28000000 integrand evaluations so far
[1] 1.60256 +- 15.6004  	chisq 9.74762 (6 df)

Iteration 8:  36000000 integrand evaluations so far
[1] 1.46235 +- 15.5995  	chisq 10.4325 (7 df)

Iteration 9:  45000000 integrand evaluations so far
[1] 0.762757 +- 15.5824  	chisq 11.347 (8 df)

Iteration 10:  55000000 integrand evaluations so far
[1] 0.316668 +- 15.5025  	chisq 11.4271 (9 df)
       0 ±     16        (3.53mi) ┃Vegas input parameters:
  ndim 8
  ncomp 1
  nvec 1
  epsrel 0
  epsabs 0
  flags 10
  seed 123456
  mineval 5000000
  maxeval 50000000
  nstart 1000000
  nincrease 1000000
  nbatch 5000
  gridno 0
  statefile ""

Iteration 1:  1000000 integrand evaluations so far
[1] 189.946 +- 45.4872  	chisq 0 (0 df)

Iteration 2:  3000000 integrand evaluations so far
[1] 171.241 +- 33.8816  	chisq 0.379831 (1 df)

Iteration 3:  6000000 integrand evaluations so far
[1] 129.313 +- 17.0728  	chisq 2.43234 (2 df)

Iteration 4:  10000000 integrand evaluations so far
[1] 138.816 +- 15.9432  	chisq 4.85409 (3 df)

Iteration 5:  15000000 integrand evaluations so far
[1] 149.972 +- 12.5229  	chisq 6.13236 (4 df)

Iteration 6:  21000000 integrand evaluations so far
[1] 170.157 +- 10.3133  	chisq 14.2062 (5 df)

Iteration 7:  28000000 integrand evaluations so far
[1] 189.842 +- 6.46253  	chisq 20.2051 (6 df)

Iteration 8:  36000000 integrand evaluations so far
[1] 198.216 +- 5.14912  	chisq 24.8023 (7 df)

Iteration 9:  45000000 integrand evaluations so far
[1] 199.389 +- 4.10196  	chisq 24.9444 (8 df)

Iteration 10:  55000000 integrand evaluations so far
[1] 199.875 +- 4.08112  	chisq 26.3312 (9 df)
   199.9 ±    4.1        (1.82mi) ┃     229 ±     16        (11.8mi) ┃
┃   56 -    58 ┃   31 -    32 ┃  209.46 ±   0.16        (3.49mi) ┃ -174.28 ±  0.097        (55.1mi) ┃Vegas input parameters:
  ndim 10
  ncomp 1
  nvec 1
  epsrel 0
  epsabs 0
  flags 10
  seed 123456
  mineval 50000000
  maxeval 50000000
  nstart 1000000
  nincrease 1000000
  nbatch 5000
  gridno 0
  statefile ""

Iteration 1:  1000000 integrand evaluations so far
[1] 8.33906 +- 106.212  	chisq 0 (0 df)

Iteration 2:  3000000 integrand evaluations so far
[1] 53.0839 +- 65.54  	chisq 0.286606 (1 df)

Iteration 3:  6000000 integrand evaluations so far
[1] 19.2025 +- 37.5073  	chisq 0.683999 (2 df)

Iteration 4:  10000000 integrand evaluations so far
[1] 9.98611 +- 34.8819  	chisq 1.13094 (3 df)

Iteration 5:  15000000 integrand evaluations so far
[1] 8.447 +- 34.834  	chisq 1.84039 (4 df)

Iteration 6:  21000000 integrand evaluations so far
[1] 10.3424 +- 34.7658  	chisq 2.59745 (5 df)

Iteration 7:  28000000 integrand evaluations so far
[1] 11.7813 +- 34.7219  	chisq 3.27629 (6 df)

Iteration 8:  36000000 integrand evaluations so far
[1] -1.59431 +- 31.5343  	chisq 4.1234 (7 df)

Iteration 9:  45000000 integrand evaluations so far
[1] -8.80829 +- 29.6204  	chisq 4.56801 (8 df)

Iteration 10:  55000000 integrand evaluations so far
[1] -5.25451 +- 29.3754  	chisq 5.44187 (9 df)
      -5 ±     29        (3.51mi) ┃Vegas input parameters:
  ndim 8
  ncomp 1
  nvec 1
  epsrel 0
  epsabs 0
  flags 10
  seed 123456
  mineval 5000000
  maxeval 50000000
  nstart 1000000
  nincrease 1000000
  nbatch 5000
  gridno 0
  statefile ""

Iteration 1:  1000000 integrand evaluations so far
[1] 289.037 +- 58.046  	chisq 0 (0 df)

Iteration 2:  3000000 integrand evaluations so far
[1] 278.985 +- 51.4856  	chisq 0.140613 (1 df)

Iteration 3:  6000000 integrand evaluations so far
[1] 283.683 +- 49.1585  	chisq 0.234815 (2 df)

Iteration 4:  10000000 integrand evaluations so far
[1] 179.736 +- 27.2389  	chisq 6.68703 (3 df)

Iteration 5:  15000000 integrand evaluations so far
[1] 189.658 +- 20.0667  	chisq 6.97717 (4 df)

Iteration 6:  21000000 integrand evaluations so far
[1] 197.589 +- 13.8813  	chisq 7.2767 (5 df)

Iteration 7:  28000000 integrand evaluations so far
[1] 191.284 +- 7.37712  	chisq 7.56417 (6 df)

Iteration 8:  36000000 integrand evaluations so far
[1] 194.957 +- 6.17194  	chisq 8.39063 (7 df)

Iteration 9:  45000000 integrand evaluations so far
[1] 201.714 +- 4.9564  	chisq 11.7657 (8 df)

Iteration 10:  55000000 integrand evaluations so far
[1] 204.174 +- 4.07396  	chisq 12.5248 (9 df)
   204.2 ±    4.1        ( 1.8mi) ┃     234 ±     30        (1.07hr) ┃
┃   56 -    58 ┃   32 -    33 ┃  214.58 ±   0.17        (6.26mi) ┃ -178.98 ±   0.11        (27.7mi) ┃Vegas input parameters:
  ndim 10
  ncomp 1
  nvec 1
  epsrel 0
  epsabs 0
  flags 10
  seed 123456
  mineval 50000000
  maxeval 50000000
  nstart 1000000
  nincrease 1000000
  nbatch 5000
  gridno 0
  statefile ""

Iteration 1:  1000000 integrand evaluations so far
[1] 69.1624 +- 99.2398  	chisq 0 (0 df)

Iteration 2:  3000000 integrand evaluations so far
[1] 52.7604 +- 83.2964  	chisq 0.0924414 (1 df)

Iteration 3:  6000000 integrand evaluations so far
[1] 55.0972 +- 83.2629  	chisq 1.06945 (2 df)

Iteration 4:  10000000 integrand evaluations so far
[1] -15.0847 +- 60.613  	chisq 2.5809 (3 df)

Iteration 5:  15000000 integrand evaluations so far
[1] 22.4337 +- 56.029  	chisq 5.21357 (4 df)

Iteration 6:  21000000 integrand evaluations so far
[1] -1.266 +- 54.5444  	chisq 8.63514 (5 df)

Iteration 7:  28000000 integrand evaluations so far
[1] -66.4903 +- 38.5058  	chisq 11.4857 (6 df)

Iteration 8:  36000000 integrand evaluations so far
[1] -61.3383 +- 38.1765  	chisq 12.5367 (7 df)

Iteration 9:  45000000 integrand evaluations so far
[1] -66.5102 +- 37.8665  	chisq 13.6716 (8 df)

Iteration 10:  55000000 integrand evaluations so far
[1] -40.0765 +- 32.363  	chisq 15.4794 (9 df)
     -40 ±     32        (3.54mi) ┃Vegas input parameters:
  ndim 8
  ncomp 1
  nvec 1
  epsrel 0
  epsabs 0
  flags 10
  seed 123456
  mineval 5000000
  maxeval 50000000
  nstart 1000000
  nincrease 1000000
  nbatch 5000
  gridno 0
  statefile ""

Iteration 1:  1000000 integrand evaluations so far
[1] 198.796 +- 50.8154  	chisq 0 (0 df)

Iteration 2:  3000000 integrand evaluations so far
[1] 93.2696 +- 20.0444  	chisq 5.10721 (1 df)

Iteration 3:  6000000 integrand evaluations so far
[1] 101.238 +- 18.8365  	chisq 6.45914 (2 df)

Iteration 4:  10000000 integrand evaluations so far
[1] 112.205 +- 17.8141  	chisq 9.66888 (3 df)

Iteration 5:  15000000 integrand evaluations so far
[1] 135.856 +- 15.4342  	chisq 16.7381 (4 df)

Iteration 6:  21000000 integrand evaluations so far
[1] 157.655 +- 11.16  	chisq 20.9187 (5 df)

Iteration 7:  28000000 integrand evaluations so far
[1] 171.982 +- 7.90939  	chisq 24.2299 (6 df)

Iteration 8:  36000000 integrand evaluations so far
[1] 186.46 +- 5.85054  	chisq 31.6296 (7 df)

Iteration 9:  45000000 integrand evaluations so far
[1] 192.279 +- 4.73486  	chisq 34.4968 (8 df)

Iteration 10:  55000000 integrand evaluations so far
[1] 196.766 +- 3.87348  	chisq 37.2117 (9 df)
   196.8 ±    3.9        (1.84mi) ┃     192 ±     33        (39.4mi) ┃
┃   56 -    58 ┃   33 -    34 ┃ 197.358 ±  0.056        (6.48mi) ┃-165.396 ±  0.054        (57.3mi) ┃Vegas input parameters:
  ndim 10
  ncomp 1
  nvec 1
  epsrel 0
  epsabs 0
  flags 10
  seed 123456
  mineval 50000000
  maxeval 50000000
  nstart 1000000
  nincrease 1000000
  nbatch 5000
  gridno 0
  statefile ""

Iteration 1:  1000000 integrand evaluations so far
[1] -97.8619 +- 118.402  	chisq 0 (0 df)

Iteration 2:  3000000 integrand evaluations so far
[1] -6.90937 +- 80.6318  	chisq 1.1004 (1 df)

Iteration 3:  6000000 integrand evaluations so far
[1] -42.2797 +- 76.7568  	chisq 3.15173 (2 df)

Iteration 4:  10000000 integrand evaluations so far
[1] -32.0934 +- 58.4892  	chisq 3.19373 (3 df)

Iteration 5:  15000000 integrand evaluations so far
[1] -33.4761 +- 58.4726  	chisq 4.17788 (4 df)

Iteration 6:  21000000 integrand evaluations so far
[1] -59.0347 +- 51.4485  	chisq 5.02393 (5 df)

Iteration 7:  28000000 integrand evaluations so far
[1] -51.7755 +- 51.0815  	chisq 6.42421 (6 df)

Iteration 8:  36000000 integrand evaluations so far
[1] -49.1646 +- 51.0074  	chisq 7.32598 (7 df)

Iteration 9:  45000000 integrand evaluations so far
[1] -43.05 +- 50.6716  	chisq 8.42086 (8 df)

Iteration 10:  55000000 integrand evaluations so far
[1] -37.3653 +- 48.7018  	chisq 8.58595 (9 df)
     -37 ±     49        ( 3.6mi) ┃Vegas input parameters:
  ndim 8
  ncomp 1
  nvec 1
  epsrel 0
  epsabs 0
  flags 10
  seed 123456
  mineval 5000000
  maxeval 50000000
  nstart 1000000
  nincrease 1000000
  nbatch 5000
  gridno 0
  statefile ""

Iteration 1:  1000000 integrand evaluations so far
[1] 274.952 +- 57.0644  	chisq 0 (0 df)

Iteration 2:  3000000 integrand evaluations so far
[1] 71.3154 +- 10.4624  	chisq 13.1775 (1 df)

Iteration 3:  6000000 integrand evaluations so far
[1] 77.4743 +- 10.003  	chisq 17.2113 (2 df)

Iteration 4:  10000000 integrand evaluations so far
[1] 84.5785 +- 9.51338  	chisq 22.4933 (3 df)

Iteration 5:  15000000 integrand evaluations so far
[1] 97.8811 +- 8.96845  	chisq 40.0639 (4 df)

Iteration 6:  21000000 integrand evaluations so far
[1] 122.192 +- 7.1636  	chisq 60.3619 (5 df)

Iteration 7:  28000000 integrand evaluations so far
[1] 144.94 +- 5.28772  	chisq 82.5172 (6 df)

Iteration 8:  36000000 integrand evaluations so far
[1] 150.404 +- 4.86329  	chisq 89.4476 (7 df)

Iteration 9:  45000000 integrand evaluations so far
[1] 156.8 +- 4.5189  	chisq 102.107 (8 df)

Iteration 10:  55000000 integrand evaluations so far
[1] 168.784 +- 3.63511  	chisq 122.035 (9 df)
   168.8 ±    3.6        (1.84mi) ┃     163 ±     49        (1.15hr) ┃
┃   56 -    58 ┃   34 -    35 ┃   212.3 ±   0.13        (6.17mi) ┃-176.859 ±  0.053        (28.4mi) ┃Vegas input parameters:
  ndim 10
  ncomp 1
  nvec 1
  epsrel 0
  epsabs 0
  flags 10
  seed 123456
  mineval 50000000
  maxeval 50000000
  nstart 1000000
  nincrease 1000000
  nbatch 5000
  gridno 0
  statefile ""

Iteration 1:  1000000 integrand evaluations so far
[1] 68.9163 +- 183.176  	chisq 0 (0 df)

Iteration 2:  3000000 integrand evaluations so far
[1] -67.0716 +- 86.4489  	chisq 0.709071 (1 df)

Iteration 3:  6000000 integrand evaluations so far
[1] -11.9279 +- 37.1211  	chisq 1.20794 (2 df)

Iteration 4:  10000000 integrand evaluations so far
[1] -5.03397 +- 36.4401  	chisq 2.15654 (3 df)

Iteration 5:  15000000 integrand evaluations so far
[1] -10.3972 +- 35.4878  	chisq 2.5765 (4 df)

Iteration 6:  21000000 integrand evaluations so far
[1] -7.13307 +- 35.2534  	chisq 3.21901 (5 df)

Iteration 7:  28000000 integrand evaluations so far
[1] -16.8462 +- 34.7678  	chisq 5.99381 (6 df)

Iteration 8:  36000000 integrand evaluations so far
[1] -14.3453 +- 31.3017  	chisq 6.02112 (7 df)

Iteration 9:  45000000 integrand evaluations so far
[1] -21.1171 +- 30.7457  	chisq 7.35031 (8 df)

Iteration 10:  55000000 integrand evaluations so far
[1] -14.6017 +- 29.3076  	chisq 7.84185 (9 df)
     -15 ±     29        (3.61mi) ┃Vegas input parameters:
  ndim 8
  ncomp 1
  nvec 1
  epsrel 0
  epsabs 0
  flags 10
  seed 123456
  mineval 5000000
  maxeval 50000000
  nstart 1000000
  nincrease 1000000
  nbatch 5000
  gridno 0
  statefile ""

Iteration 1:  1000000 integrand evaluations so far
[1] 165.326 +- 38.2469  	chisq 0 (0 df)

Iteration 2:  3000000 integrand evaluations so far
[1] 75.6582 +- 17.5605  	chisq 6.96464 (1 df)

Iteration 3:  6000000 integrand evaluations so far
[1] 79.5186 +- 17.4236  	chisq 10.0773 (2 df)

Iteration 4:  10000000 integrand evaluations so far
[1] 91.5008 +- 15.108  	chisq 11.9831 (3 df)

Iteration 5:  15000000 integrand evaluations so far
[1] 102.364 +- 14.0362  	chisq 15.761 (4 df)

Iteration 6:  21000000 integrand evaluations so far
[1] 115.527 +- 11.9892  	chisq 19.0136 (5 df)

Iteration 7:  28000000 integrand evaluations so far
[1] 129.928 +- 10.5907  	chisq 25.5806 (6 df)

Iteration 8:  36000000 integrand evaluations so far
[1] 151.161 +- 8.97199  	chisq 39.8179 (7 df)

Iteration 9:  45000000 integrand evaluations so far
[1] 168.184 +- 5.04889  	chisq 45.0865 (8 df)

Iteration 10:  55000000 integrand evaluations so far
[1] 171.546 +- 3.19119  	chisq 45.825 (9 df)
   171.5 ±    3.2        (1.86mi) ┃     192 ±     29        (  40mi) ┃
┃   56 -    58 ┃   35 -    36 ┃   192.4 ±   0.18        (3.16mi) ┃-160.886 ±  0.097        (14.3mi) ┃Vegas input parameters:
  ndim 10
  ncomp 1
  nvec 1
  epsrel 0
  epsabs 0
  flags 10
  seed 123456
  mineval 50000000
  maxeval 50000000
  nstart 1000000
  nincrease 1000000
  nbatch 5000
  gridno 0
  statefile ""

Iteration 1:  1000000 integrand evaluations so far
[1] 140.335 +- 76.7726  	chisq 0 (0 df)

Iteration 2:  3000000 integrand evaluations so far
[1] 148.306 +- 72.1447  	chisq 0.0922018 (1 df)

Iteration 3:  6000000 integrand evaluations so far
[1] 97.2937 +- 61.5583  	chisq 1.93069 (2 df)

Iteration 4:  10000000 integrand evaluations so far
[1] 27.5343 +- 38.9342  	chisq 4.07111 (3 df)

Iteration 5:  15000000 integrand evaluations so far
[1] 14.3524 +- 37.0953  	chisq 5.31397 (4 df)

Iteration 6:  21000000 integrand evaluations so far
[1] -4.76342 +- 33.0447  	chisq 6.60013 (5 df)

Iteration 7:  28000000 integrand evaluations so far
[1] -0.675611 +- 31.5119  	chisq 6.769 (6 df)

Iteration 8:  36000000 integrand evaluations so far
[1] 1.10506 +- 31.4673  	chisq 7.8971 (7 df)

Iteration 9:  45000000 integrand evaluations so far
[1] 15.2364 +- 27.5526  	chisq 8.76142 (8 df)

Iteration 10:  55000000 integrand evaluations so far
[1] 22.7966 +- 24.7003  	chisq 9.14491 (9 df)
      23 ±     25        (3.64mi) ┃Vegas input parameters:
  ndim 8
  ncomp 1
  nvec 1
  epsrel 0
  epsabs 0
  flags 10
  seed 123456
  mineval 5000000
  maxeval 50000000
  nstart 1000000
  nincrease 1000000
  nbatch 5000
  gridno 0
  statefile ""

Iteration 1:  1000000 integrand evaluations so far
[1] 232.447 +- 51.7581  	chisq 0 (0 df)

Iteration 2:  3000000 integrand evaluations so far
[1] 237.225 +- 51.6486  	chisq 2.01705 (1 df)

Iteration 3:  6000000 integrand evaluations so far
[1] 195.832 +- 39.0968  	chisq 3.52132 (2 df)

Iteration 4:  10000000 integrand evaluations so far
[1] 196.432 +- 37.0952  	chisq 3.52368 (3 df)

Iteration 5:  15000000 integrand evaluations so far
[1] 199.382 +- 35.1947  	chisq 3.58702 (4 df)

Iteration 6:  21000000 integrand evaluations so far
[1] 101.92 +- 8.64123  	chisq 11.7476 (5 df)

Iteration 7:  28000000 integrand evaluations so far
[1] 104.928 +- 8.52798  	chisq 16.4031 (6 df)

Iteration 8:  36000000 integrand evaluations so far
[1] 118.821 +- 7.43602  	chisq 27.4742 (7 df)

Iteration 9:  45000000 integrand evaluations so far
[1] 133.414 +- 6.23522  	chisq 40.4471 (8 df)

Iteration 10:  55000000 integrand evaluations so far
[1] 147.997 +- 3.84259  	chisq 49.2667 (9 df)
     148 ±    3.8        (1.87mi) ┃     202 ±     25        (  23mi) ┃
┃   56 -    58 ┃   36 -    37 ┃ 171.514 ±  0.095        (12.1mi) ┃ -143.64 ±  0.047        (55.8mi) ┃Vegas input parameters:
  ndim 10
  ncomp 1
  nvec 1
  epsrel 0
  epsabs 0
  flags 10
  seed 123456
  mineval 50000000
  maxeval 50000000
  nstart 1000000
  nincrease 1000000
  nbatch 5000
  gridno 0
  statefile ""

Iteration 1:  1000000 integrand evaluations so far
[1] 384.678 +- 254.352  	chisq 0 (0 df)

Iteration 2:  3000000 integrand evaluations so far
[1] 333.695 +- 180.858  	chisq 0.0812633 (1 df)

Iteration 3:  6000000 integrand evaluations so far
[1] 157.184 +- 92.4182  	chisq 1.37038 (2 df)

Iteration 4:  10000000 integrand evaluations so far
[1] -35.4454 +- 32.1896  	chisq 6.31461 (3 df)

Iteration 5:  15000000 integrand evaluations so far
[1] -32.7582 +- 28.9579  	chisq 6.35115 (4 df)

Iteration 6:  21000000 integrand evaluations so far
[1] -33.9234 +- 28.7856  	chisq 6.48758 (5 df)

Iteration 7:  28000000 integrand evaluations so far
[1] -32.3626 +- 24.5182  	chisq 6.49829 (6 df)

Iteration 8:  36000000 integrand evaluations so far
[1] -24.4032 +- 19.8174  	chisq 6.80226 (7 df)

Iteration 9:  45000000 integrand evaluations so far
[1] -20.9485 +- 19.6045  	chisq 8.22403 (8 df)

Iteration 10:  55000000 integrand evaluations so far
[1] -26.7406 +- 16.9068  	chisq 8.56464 (9 df)
     -27 ±     17        (3.64mi) ┃Vegas input parameters:
  ndim 8
  ncomp 1
  nvec 1
  epsrel 0
  epsabs 0
  flags 10
  seed 123456
  mineval 5000000
  maxeval 50000000
  nstart 1000000
  nincrease 1000000
  nbatch 5000
  gridno 0
  statefile ""

Iteration 1:  1000000 integrand evaluations so far
[1] 138.409 +- 36.4533  	chisq 0 (0 df)

Iteration 2:  3000000 integrand evaluations so far
[1] 138.379 +- 33.4329  	chisq 4.18734e-06 (1 df)

Iteration 3:  6000000 integrand evaluations so far
[1] 82.3989 +- 16.8277  	chisq 3.75485 (2 df)

Iteration 4:  10000000 integrand evaluations so far
[1] 85.0369 +- 12.6773  	chisq 3.81167 (3 df)

Iteration 5:  15000000 integrand evaluations so far
[1] 106.985 +- 9.88568  	chisq 11.4597 (4 df)

Iteration 6:  21000000 integrand evaluations so far
[1] 126.208 +- 7.64012  	chisq 20.8491 (5 df)

Iteration 7:  28000000 integrand evaluations so far
[1] 139.408 +- 5.70708  	chisq 27.6025 (6 df)

Iteration 8:  36000000 integrand evaluations so far
[1] 153.8 +- 4.42943  	chisq 43.5957 (7 df)

Iteration 9:  45000000 integrand evaluations so far
[1] 154.205 +- 4.41752  	chisq 45.1465 (8 df)

Iteration 10:  55000000 integrand evaluations so far
[1] 157.791 +- 4.1295  	chisq 50.3706 (9 df)
   157.8 ±    4.1        (1.86mi) ┃     159 ±     17        (1.22hr) ┃
┃   56 -    58 ┃   37 -    38 ┃   212.7 ±   0.11        (12.3mi) ┃ -177.46 ±   0.14        (14.1mi) ┃Vegas input parameters:
  ndim 10
  ncomp 1
  nvec 1
  epsrel 0
  epsabs 0
  flags 10
  seed 123456
  mineval 50000000
  maxeval 50000000
  nstart 1000000
  nincrease 1000000
  nbatch 5000
  gridno 0
  statefile ""

Iteration 1:  1000000 integrand evaluations so far
[1] -264.597 +- 217.7  	chisq 0 (0 df)

Iteration 2:  3000000 integrand evaluations so far
[1] -297.928 +- 197.005  	chisq 0.129453 (1 df)

Iteration 3:  6000000 integrand evaluations so far
[1] 65.802 +- 107.574  	chisq 4.98646 (2 df)

Iteration 4:  10000000 integrand evaluations so far
[1] 14.8975 +- 32.0341  	chisq 5.23217 (3 df)

Iteration 5:  15000000 integrand evaluations so far
[1] 18.8964 +- 31.7399  	chisq 6.08458 (4 df)

Iteration 6:  21000000 integrand evaluations so far
[1] 24.2227 +- 29.9465  	chisq 6.34101 (5 df)

Iteration 7:  28000000 integrand evaluations so far
[1] 0.908983 +- 26.7865  	chisq 9.37281 (6 df)

Iteration 8:  36000000 integrand evaluations so far
[1] 10.9046 +- 20.6804  	chisq 9.71752 (7 df)

Iteration 9:  45000000 integrand evaluations so far
[1] 12.8957 +- 19.5267  	chisq 9.80299 (8 df)

Iteration 10:  55000000 integrand evaluations so far
[1] 13.1465 +- 19.0185  	chisq 9.8062 (9 df)
      13 ±     19        (3.62mi) ┃Vegas input parameters:
  ndim 8
  ncomp 1
  nvec 1
  epsrel 0
  epsabs 0
  flags 10
  seed 123456
  mineval 5000000
  maxeval 50000000
  nstart 1000000
  nincrease 1000000
  nbatch 5000
  gridno 0
  statefile ""

Iteration 1:  1000000 integrand evaluations so far
[1] 182.117 +- 46.1754  	chisq 0 (0 df)

Iteration 2:  3000000 integrand evaluations so far
[1] 140.155 +- 32.0659  	chisq 1.59505 (1 df)

Iteration 3:  6000000 integrand evaluations so far
[1] 61.033 +- 9.61025  	chisq 8.28436 (2 df)

Iteration 4:  10000000 integrand evaluations so far
[1] 70.737 +- 8.57438  	chisq 13.2835 (3 df)

Iteration 5:  15000000 integrand evaluations so far
[1] 76.3423 +- 8.25519  	chisq 19.1324 (4 df)

Iteration 6:  21000000 integrand evaluations so far
[1] 80.2458 +- 8.10871  	chisq 25.4893 (5 df)

Iteration 7:  28000000 integrand evaluations so far
[1] 90.8145 +- 7.6632  	chisq 41.3859 (6 df)

Iteration 8:  36000000 integrand evaluations so far
[1] 114.644 +- 6.32622  	chisq 71.7462 (7 df)

Iteration 9:  45000000 integrand evaluations so far
[1] 134.365 +- 4.85653  	chisq 95.4104 (8 df)

Iteration 10:  55000000 integrand evaluations so far
[1] 147.023 +- 3.70417  	chisq 111.652 (9 df)
     147 ±    3.7        (1.86mi) ┃     195 ±     19        (31.9mi) ┃
┃   56 -    58 ┃   38 -    39 ┃  168.27 ±   0.13        (1.87mi) ┃-141.121 ±  0.033        ( 7.1mi) ┃Vegas input parameters:
  ndim 10
  ncomp 1
  nvec 1
  epsrel 0
  epsabs 0
  flags 10
  seed 123456
  mineval 50000000
  maxeval 50000000
  nstart 1000000
  nincrease 1000000
  nbatch 5000
  gridno 0
  statefile ""

Iteration 1:  1000000 integrand evaluations so far
[1] -64.6416 +- 62.2824  	chisq 0 (0 df)

Iteration 2:  3000000 integrand evaluations so far
[1] -34.8314 +- 44.8751  	chisq 0.476405 (1 df)

Iteration 3:  6000000 integrand evaluations so far
[1] -29.3696 +- 16.3508  	chisq 0.493486 (2 df)

Iteration 4:  10000000 integrand evaluations so far
[1] -25.3188 +- 15.1436  	chisq 0.925096 (3 df)

Iteration 5:  15000000 integrand evaluations so far
[1] -23.8123 +- 14.9948  	chisq 1.43106 (4 df)

Iteration 6:  21000000 integrand evaluations so far
[1] -23.31 +- 14.9846  	chisq 2.25526 (5 df)

Iteration 7:  28000000 integrand evaluations so far
[1] -21.161 +- 14.9196  	chisq 4.63083 (6 df)

Iteration 8:  36000000 integrand evaluations so far
[1] -22.3174 +- 14.7945  	chisq 4.99076 (7 df)

Iteration 9:  45000000 integrand evaluations so far
[1] -18.87 +- 14.4437  	chisq 6.14923 (8 df)

Iteration 10:  55000000 integrand evaluations so far
[1] -12.907 +- 12.8653  	chisq 6.97416 (9 df)
     -13 ±     13        ( 3.6mi) ┃Vegas input parameters:
  ndim 8
  ncomp 1
  nvec 1
  epsrel 0
  epsabs 0
  flags 10
  seed 123456
  mineval 5000000
  maxeval 50000000
  nstart 1000000
  nincrease 1000000
  nbatch 5000
  gridno 0
  statefile ""

Iteration 1:  1000000 integrand evaluations so far
[1] 169.418 +- 39.5918  	chisq 0 (0 df)

Iteration 2:  3000000 integrand evaluations so far
[1] 167.487 +- 37.2473  	chisq 0.0206948 (1 df)

Iteration 3:  6000000 integrand evaluations so far
[1] 157.384 +- 30.3033  	chisq 0.238312 (2 df)

Iteration 4:  10000000 integrand evaluations so far
[1] 163.726 +- 29.435  	chisq 1.01359 (3 df)

Iteration 5:  15000000 integrand evaluations so far
[1] 93.5483 +- 10.7983  	chisq 7.58172 (4 df)

Iteration 6:  21000000 integrand evaluations so far
[1] 103.481 +- 9.40746  	chisq 11.0926 (5 df)

Iteration 7:  28000000 integrand evaluations so far
[1] 118.863 +- 7.17924  	chisq 17.4941 (6 df)

Iteration 8:  36000000 integrand evaluations so far
[1] 124.19 +- 6.91273  	chisq 25.0504 (7 df)

Iteration 9:  45000000 integrand evaluations so far
[1] 134.454 +- 5.50185  	chisq 31.0647 (8 df)

Iteration 10:  55000000 integrand evaluations so far
[1] 149.26 +- 4.07197  	chisq 47.0795 (9 df)
   149.3 ±    4.1        (1.86mi) ┃     164 ±     13        (14.4mi) ┃
┃   56 -    58 ┃   39 -    40 ┃ 179.485 ±  0.073        (6.05mi) ┃-150.069 ±  0.066        (7.06mi) ┃Vegas input parameters:
  ndim 10
  ncomp 1
  nvec 1
  epsrel 0
  epsabs 0
  flags 10
  seed 123456
  mineval 50000000
  maxeval 50000000
  nstart 1000000
  nincrease 1000000
  nbatch 5000
  gridno 0
  statefile ""

Iteration 1:  1000000 integrand evaluations so far
[1] -192.653 +- 364.295  	chisq 0 (0 df)

Iteration 2:  3000000 integrand evaluations so far
[1] 3.5556 +- 47.0274  	chisq 0.295003 (1 df)

Iteration 3:  6000000 integrand evaluations so far
[1] 18.0781 +- 30.8272  	chisq 0.462221 (2 df)

Iteration 4:  10000000 integrand evaluations so far
[1] 10.2881 +- 27.1307  	chisq 0.745473 (3 df)

Iteration 5:  15000000 integrand evaluations so far
[1] 3.97956 +- 26.1977  	chisq 1.54534 (4 df)

Iteration 6:  21000000 integrand evaluations so far
[1] 6.23569 +- 25.6553  	chisq 1.72632 (5 df)

Iteration 7:  28000000 integrand evaluations so far
[1] 27.3924 +- 23.4416  	chisq 5.84468 (6 df)

Iteration 8:  36000000 integrand evaluations so far
[1] 27.2569 +- 23.4412  	chisq 6.86439 (7 df)

Iteration 9:  45000000 integrand evaluations so far
[1] 28.8147 +- 23.261  	chisq 7.15275 (8 df)

Iteration 10:  55000000 integrand evaluations so far
[1] 11.6604 +- 20.4627  	chisq 9.55783 (9 df)
      12 ±     20        (3.58mi) ┃Vegas input parameters:
  ndim 8
  ncomp 1
  nvec 1
  epsrel 0
  epsabs 0
  flags 10
  seed 123456
  mineval 5000000
  maxeval 50000000
  nstart 1000000
  nincrease 1000000
  nbatch 5000
  gridno 0
  statefile ""

Iteration 1:  1000000 integrand evaluations so far
[1] 198.093 +- 43.4962  	chisq 0 (0 df)

Iteration 2:  3000000 integrand evaluations so far
[1] 72.962 +- 12.0564  	chisq 8.96496 (1 df)

Iteration 3:  6000000 integrand evaluations so far
[1] 80.8105 +- 10.6879  	chisq 10.944 (2 df)

Iteration 4:  10000000 integrand evaluations so far
[1] 81.576 +- 10.6691  	chisq 12.4078 (3 df)

Iteration 5:  15000000 integrand evaluations so far
[1] 91.5059 +- 9.82826  	chisq 18.1287 (4 df)

Iteration 6:  21000000 integrand evaluations so far
[1] 113.047 +- 6.32685  	chisq 26.3315 (5 df)

Iteration 7:  28000000 integrand evaluations so far
[1] 113.966 +- 6.28989  	chisq 28.1454 (6 df)

Iteration 8:  36000000 integrand evaluations so far
[1] 123.476 +- 5.56657  	chisq 38.6898 (7 df)

Iteration 9:  45000000 integrand evaluations so far
[1] 133.425 +- 3.64736  	chisq 44.2874 (8 df)

Iteration 10:  55000000 integrand evaluations so far
[1] 137.011 +- 2.52146  	chisq 46.139 (9 df)
     137 ±    2.5        (1.87mi) ┃     178 ±     21        (18.6mi) ┃
┃   56 -    58 ┃   40 -    41 ┃  181.34 ±   0.18        (3.13mi) ┃-150.657 ±  0.093        ( 7.1mi) ┃Vegas input parameters:
  ndim 10
  ncomp 1
  nvec 1
  epsrel 0
  epsabs 0
  flags 10
  seed 123456
  mineval 50000000
  maxeval 50000000
  nstart 1000000
  nincrease 1000000
  nbatch 5000
  gridno 0
  statefile ""

Iteration 1:  1000000 integrand evaluations so far
[1] -191.983 +- 208.349  	chisq 0 (0 df)

Iteration 2:  3000000 integrand evaluations so far
[1] 58.2635 +- 109.289  	chisq 1.99023 (1 df)

Iteration 3:  6000000 integrand evaluations so far
[1] 54.9986 +- 55.3461  	chisq 1.99143 (2 df)

Iteration 4:  10000000 integrand evaluations so far
[1] 58.9174 +- 44.1279  	chisq 2.00519 (3 df)

Iteration 5:  15000000 integrand evaluations so far
[1] 37.0453 +- 42.2652  	chisq 4.97809 (4 df)

Iteration 6:  21000000 integrand evaluations so far
[1] -18.2827 +- 33.1981  	chisq 9.45197 (5 df)

Iteration 7:  28000000 integrand evaluations so far
[1] -21.7496 +- 29.4432  	chisq 9.50307 (6 df)

Iteration 8:  36000000 integrand evaluations so far
[1] -22.6515 +- 28.768  	chisq 9.52377 (7 df)

Iteration 9:  45000000 integrand evaluations so far
[1] -28.7113 +- 28.2564  	chisq 10.7824 (8 df)

Iteration 10:  55000000 integrand evaluations so far
[1] -14.5243 +- 25.5987  	chisq 12.1886 (9 df)
     -15 ±     26        ( 3.6mi) ┃Vegas input parameters:
  ndim 8
  ncomp 1
  nvec 1
  epsrel 0
  epsabs 0
  flags 10
  seed 123456
  mineval 5000000
  maxeval 50000000
  nstart 1000000
  nincrease 1000000
  nbatch 5000
  gridno 0
  statefile ""

Iteration 1:  1000000 integrand evaluations so far
[1] 134.221 +- 33.4667  	chisq 0 (0 df)

Iteration 2:  3000000 integrand evaluations so far
[1] 59.3287 +- 13.2256  	chisq 5.93465 (1 df)

Iteration 3:  6000000 integrand evaluations so far
[1] 63.808 +- 12.6659  	chisq 7.319 (2 df)

Iteration 4:  10000000 integrand evaluations so far
[1] 73.8645 +- 10.5394  	chisq 9.36852 (3 df)

Iteration 5:  15000000 integrand evaluations so far
[1] 90.9288 +- 6.94894  	chisq 14.0059 (4 df)

Iteration 6:  21000000 integrand evaluations so far
[1] 104.241 +- 5.93016  	chisq 27.5113 (5 df)

Iteration 7:  28000000 integrand evaluations so far
[1] 113.188 +- 5.2428  	chisq 37.9352 (6 df)

Iteration 8:  36000000 integrand evaluations so far
[1] 130.898 +- 3.90714  	chisq 63.6001 (7 df)

Iteration 9:  45000000 integrand evaluations so far
[1] 140.91 +- 2.96935  	chisq 79.1452 (8 df)

Iteration 10:  55000000 integrand evaluations so far
[1] 143.49 +- 2.60258  	chisq 82.4001 (9 df)
   143.5 ±    2.6        (1.82mi) ┃     160 ±     26        (15.6mi) ┃
┃   56 -    58 ┃   41 -    42 ┃   168.4 ±  0.097        (2.12mi) ┃-138.746 ±  0.076        (3.56mi) ┃Vegas input parameters:
  ndim 10
  ncomp 1
  nvec 1
  epsrel 0
  epsabs 0
  flags 10
  seed 123456
  mineval 50000000
  maxeval 50000000
  nstart 1000000
  nincrease 1000000
  nbatch 5000
  gridno 0
  statefile ""

Iteration 1:  1000000 integrand evaluations so far
[1] 389.222 +- 230.264  	chisq 0 (0 df)

Iteration 2:  3000000 integrand evaluations so far
[1] -28.1036 +- 28.9992  	chisq 3.33765 (1 df)

Iteration 3:  6000000 integrand evaluations so far
[1] -10.8228 +- 22.6423  	chisq 4.24732 (2 df)

Iteration 4:  10000000 integrand evaluations so far
[1] -7.65648 +- 22.3321  	chisq 4.96584 (3 df)

Iteration 5:  15000000 integrand evaluations so far
[1] -6.67778 +- 22.3218  	chisq 7.05038 (4 df)

Iteration 6:  21000000 integrand evaluations so far
[1] -11.1822 +- 21.9216  	chisq 8.19618 (5 df)

Iteration 7:  28000000 integrand evaluations so far
[1] -10.5645 +- 19.0329  	chisq 8.19941 (6 df)

Iteration 8:  36000000 integrand evaluations so far
[1] -9.87772 +- 18.9321  	chisq 8.32263 (7 df)

Iteration 9:  45000000 integrand evaluations so far
[1] -10.5916 +- 18.2892  	chisq 8.34392 (8 df)

Iteration 10:  55000000 integrand evaluations so far
[1] -7.15543 +- 17.9215  	chisq 9.23085 (9 df)
      -7 ±     18        (3.52mi) ┃Vegas input parameters:
  ndim 8
  ncomp 1
  nvec 1
  epsrel 0
  epsabs 0
  flags 10
  seed 123456
  mineval 5000000
  maxeval 50000000
  nstart 1000000
  nincrease 1000000
  nbatch 5000
  gridno 0
  statefile ""

Iteration 1:  1000000 integrand evaluations so far
[1] 137.158 +- 35.2858  	chisq 0 (0 df)

Iteration 2:  3000000 integrand evaluations so far
[1] 118.404 +- 25.5546  	chisq 0.594046 (1 df)

Iteration 3:  6000000 integrand evaluations so far
[1] 58.1471 +- 8.38981  	chisq 6.82571 (2 df)

Iteration 4:  10000000 integrand evaluations so far
[1] 65.3657 +- 7.61626  	chisq 11.0342 (3 df)

Iteration 5:  15000000 integrand evaluations so far
[1] 75.9533 +- 6.90461  	chisq 21.8819 (4 df)

Iteration 6:  21000000 integrand evaluations so far
[1] 87.904 +- 5.89287  	chisq 32.9123 (5 df)

Iteration 7:  28000000 integrand evaluations so far
[1] 106.093 +- 4.54499  	chisq 56.4288 (6 df)

Iteration 8:  36000000 integrand evaluations so far
[1] 113.579 +- 4.14515  	chisq 72.5571 (7 df)

Iteration 9:  45000000 integrand evaluations so far
[1] 122.923 +- 3.52594  	chisq 90.9369 (8 df)

Iteration 10:  55000000 integrand evaluations so far
[1] 129.856 +- 2.6553  	chisq 99.869 (9 df)
   129.9 ±    2.7        (1.82mi) ┃     152 ±     18        (  11mi) ┃
┃   56 -    58 ┃   42 -    43 ┃ 164.202 ±  0.022        (6.02mi) ┃-138.018 ±  0.012        (13.7mi) ┃Vegas input parameters:
  ndim 10
  ncomp 1
  nvec 1
  epsrel 0
  epsabs 0
  flags 10
  seed 123456
  mineval 50000000
  maxeval 50000000
  nstart 1000000
  nincrease 1000000
  nbatch 5000
  gridno 0
  statefile ""

Iteration 1:  1000000 integrand evaluations so far
[1] -79.5607 +- 67.6831  	chisq 0 (0 df)

Iteration 2:  3000000 integrand evaluations so far
[1] 15.953 +- 44.1746  	chisq 3.46929 (1 df)

Iteration 3:  6000000 integrand evaluations so far
[1] 10.9022 +- 34.3021  	chisq 3.50221 (2 df)

Iteration 4:  10000000 integrand evaluations so far
[1] 14.7993 +- 29.4049  	chisq 3.5509 (3 df)

Iteration 5:  15000000 integrand evaluations so far
[1] 16.2095 +- 29.0442  	chisq 3.64523 (4 df)

Iteration 6:  21000000 integrand evaluations so far
[1] -22.1978 +- 17.4764  	chisq 6.38638 (5 df)

Iteration 7:  28000000 integrand evaluations so far
[1] -15.4775 +- 14.8629  	chisq 6.92073 (6 df)

Iteration 8:  36000000 integrand evaluations so far
[1] -18.0498 +- 14.5809  	chisq 7.71758 (7 df)

Iteration 9:  45000000 integrand evaluations so far
[1] -17.2677 +- 14.5658  	chisq 9.10553 (8 df)

Iteration 10:  55000000 integrand evaluations so far
[1] -16.82 +- 14.5598  	chisq 10.261 (9 df)
     -17 ±     15        (3.63mi) ┃Vegas input parameters:
  ndim 8
  ncomp 1
  nvec 1
  epsrel 0
  epsabs 0
  flags 10
  seed 123456
  mineval 5000000
  maxeval 50000000
  nstart 1000000
  nincrease 1000000
  nbatch 5000
  gridno 0
  statefile ""

Iteration 1:  1000000 integrand evaluations so far
[1] 113.372 +- 32.6168  	chisq 0 (0 df)

Iteration 2:  3000000 integrand evaluations so far
[1] 45.3688 +- 11.3922  	chisq 4.95088 (1 df)

Iteration 3:  6000000 integrand evaluations so far
[1] 53.8832 +- 10.4723  	chisq 8.555 (2 df)

Iteration 4:  10000000 integrand evaluations so far
[1] 58.5731 +- 10.2543  	chisq 13.4232 (3 df)

Iteration 5:  15000000 integrand evaluations so far
[1] 77.4515 +- 8.25471  	chisq 23.0528 (4 df)

Iteration 6:  21000000 integrand evaluations so far
[1] 99.2837 +- 6.17528  	chisq 38.9376 (5 df)

Iteration 7:  28000000 integrand evaluations so far
[1] 100.792 +- 6.13577  	chisq 43.6115 (6 df)

Iteration 8:  36000000 integrand evaluations so far
[1] 112.045 +- 5.12865  	chisq 54.7736 (7 df)

Iteration 9:  45000000 integrand evaluations so far
[1] 121.746 +- 4.57855  	chisq 72.3985 (8 df)

Iteration 10:  55000000 integrand evaluations so far
[1] 132.564 +- 3.29932  	chisq 84.0107 (9 df)
   132.6 ±    3.3        (1.84mi) ┃     142 ±     15        (25.2mi) ┃
┃   56 -    58 ┃   43 -    44 ┃  188.17 ±   0.12        (   50s) ┃ -156.38 ±   0.13        (27.7mi) ┃Vegas input parameters:
  ndim 10
  ncomp 1
  nvec 1
  epsrel 0
  epsabs 0
  flags 10
  seed 123456
  mineval 50000000
  maxeval 50000000
  nstart 1000000
  nincrease 1000000
  nbatch 5000
  gridno 0
  statefile ""

Iteration 1:  1000000 integrand evaluations so far
[1] 30.607 +- 45.4676  	chisq 0 (0 df)

Iteration 2:  3000000 integrand evaluations so far
[1] 25.4435 +- 38.5537  	chisq 0.0458967 (1 df)

Iteration 3:  6000000 integrand evaluations so far
[1] 41.0359 +- 27.9549  	chisq 0.390793 (2 df)

Iteration 4:  10000000 integrand evaluations so far
[1] 23.6476 +- 22.5597  	chisq 1.5002 (3 df)

Iteration 5:  15000000 integrand evaluations so far
[1] 18.3079 +- 19.508  	chisq 1.7223 (4 df)

Iteration 6:  21000000 integrand evaluations so far
[1] 13.6487 +- 17.9766  	chisq 2.10046 (5 df)

Iteration 7:  28000000 integrand evaluations so far
[1] 17.3565 +- 13.8657  	chisq 2.20548 (6 df)

Iteration 8:  36000000 integrand evaluations so far
[1] 16.2481 +- 13.838  	chisq 3.81086 (7 df)

Iteration 9:  45000000 integrand evaluations so far
[1] 17.0913 +- 13.8086  	chisq 4.68487 (8 df)

Iteration 10:  55000000 integrand evaluations so far
[1] 18.3806 +- 13.6091  	chisq 4.98881 (9 df)
      18 ±     14        (3.63mi) ┃Vegas input parameters:
  ndim 8
  ncomp 1
  nvec 1
  epsrel 0
  epsabs 0
  flags 10
  seed 123456
  mineval 5000000
  maxeval 50000000
  nstart 1000000
  nincrease 1000000
  nbatch 5000
  gridno 0
  statefile ""

Iteration 1:  1000000 integrand evaluations so far
[1] 135.194 +- 34.8959  	chisq 0 (0 df)

Iteration 2:  3000000 integrand evaluations so far
[1] 140.37 +- 34.2331  	chisq 0.584573 (1 df)

Iteration 3:  6000000 integrand evaluations so far
[1] 144.481 +- 33.5136  	chisq 0.931304 (2 df)

Iteration 4:  10000000 integrand evaluations so far
[1] 143.033 +- 28.5988  	chisq 0.938178 (3 df)

Iteration 5:  15000000 integrand evaluations so far
[1] 81.0851 +- 8.55932  	chisq 6.09173 (4 df)

Iteration 6:  21000000 integrand evaluations so far
[1] 91.1776 +- 7.57346  	chisq 12.4961 (5 df)

Iteration 7:  28000000 integrand evaluations so far
[1] 92.4102 +- 7.52309  	chisq 14.4941 (6 df)

Iteration 8:  36000000 integrand evaluations so far
[1] 101.27 +- 5.97538  	chisq 18.2513 (7 df)

Iteration 9:  45000000 integrand evaluations so far
[1] 112.812 +- 4.85118  	chisq 29.1968 (8 df)

Iteration 10:  55000000 integrand evaluations so far
[1] 123.85 +- 3.71635  	chisq 41.7278 (9 df)
   123.8 ±    3.7        (1.87mi) ┃     174 ±     14        (  34mi) ┃
┃   56 -    58 ┃   44 -    45 ┃ 141.243 ±  0.058        (1.82mi) ┃ -117.56 ±  0.092        (13.9mi) ┃Vegas input parameters:
  ndim 10
  ncomp 1
  nvec 1
  epsrel 0
  epsabs 0
  flags 10
  seed 123456
  mineval 50000000
  maxeval 50000000
  nstart 1000000
  nincrease 1000000
  nbatch 5000
  gridno 0
  statefile ""

Iteration 1:  1000000 integrand evaluations so far
[1] 336.81 +- 311.466  	chisq 0 (0 df)

Iteration 2:  3000000 integrand evaluations so far
[1] -29.6115 +- 121.094  	chisq 1.63047 (1 df)

Iteration 3:  6000000 integrand evaluations so far
[1] 3.5222 +- 79.2816  	chisq 1.76151 (2 df)

Iteration 4:  10000000 integrand evaluations so far
[1] -37.1486 +- 67.7973  	chisq 2.7408 (3 df)

Iteration 5:  15000000 integrand evaluations so far
[1] -53.6345 +- 63.8153  	chisq 3.25938 (4 df)

Iteration 6:  21000000 integrand evaluations so far
[1] -30.0979 +- 54.7266  	chisq 3.77356 (5 df)

Iteration 7:  28000000 integrand evaluations so far
[1] -4.15158 +- 48.2759  	chisq 4.78677 (6 df)

Iteration 8:  36000000 integrand evaluations so far
[1] -3.0963 +- 19.9019  	chisq 4.78734 (7 df)

Iteration 9:  45000000 integrand evaluations so far
[1] 0.392415 +- 16.0296  	chisq 4.87482 (8 df)

Iteration 10:  55000000 integrand evaluations so far
[1] -13.8078 +- 13.9451  	chisq 8.10205 (9 df)
     -14 ±     14        ( 3.6mi) ┃Vegas input parameters:
  ndim 8
  ncomp 1
  nvec 1
  epsrel 0
  epsabs 0
  flags 10
  seed 123456
  mineval 5000000
  maxeval 50000000
  nstart 1000000
  nincrease 1000000
  nbatch 5000
  gridno 0
  statefile ""

Iteration 1:  1000000 integrand evaluations so far
[1] 114.876 +- 33.2856  	chisq 0 (0 df)

Iteration 2:  3000000 integrand evaluations so far
[1] 108.657 +- 28.1222  	chisq 0.121978 (1 df)

Iteration 3:  6000000 integrand evaluations so far
[1] 41.0969 +- 7.71969  	chisq 6.36367 (2 df)

Iteration 4:  10000000 integrand evaluations so far
[1] 46.7678 +- 7.04621  	chisq 9.59753 (3 df)

Iteration 5:  15000000 integrand evaluations so far
[1] 48.2248 +- 6.98351  	chisq 12.0107 (4 df)

Iteration 6:  21000000 integrand evaluations so far
[1] 52.6312 +- 6.84792  	chisq 22.3636 (5 df)

Iteration 7:  28000000 integrand evaluations so far
[1] 70.2592 +- 5.82455  	chisq 46.325 (6 df)

Iteration 8:  36000000 integrand evaluations so far
[1] 84.3231 +- 5.22532  	chisq 76.197 (7 df)

Iteration 9:  45000000 integrand evaluations so far
[1] 100.602 +- 4.46441  	chisq 112.14 (8 df)

Iteration 10:  55000000 integrand evaluations so far
[1] 116.212 +- 3.53177  	chisq 144.813 (9 df)
   116.2 ±    3.5        (1.85mi) ┃     126 ±     14        (21.2mi) ┃
┃   56 -    58 ┃   45 -    46 ┃ 153.311 ±  0.062        (3.49mi) ┃ -126.67 ±    0.1        (1.91mi) ┃Vegas input parameters:
  ndim 10
  ncomp 1
  nvec 1
  epsrel 0
  epsabs 0
  flags 10
  seed 123456
  mineval 50000000
  maxeval 50000000
  nstart 1000000
  nincrease 1000000
  nbatch 5000
  gridno 0
  statefile ""

Iteration 1:  1000000 integrand evaluations so far
[1] -530.424 +- 351.936  	chisq 0 (0 df)

Iteration 2:  3000000 integrand evaluations so far
[1] -159.305 +- 150.193  	chisq 1.3596 (1 df)

Iteration 3:  6000000 integrand evaluations so far
[1] 0.805245 +- 94.7511  	chisq 3.2473 (2 df)

Iteration 4:  10000000 integrand evaluations so far
[1] -22.3077 +- 79.8065  	chisq 3.45208 (3 df)

Iteration 5:  15000000 integrand evaluations so far
[1] -0.786927 +- 67.3142  	chisq 3.70408 (4 df)

Iteration 6:  21000000 integrand evaluations so far
[1] -34.2571 +- 23.245  	chisq 3.98478 (5 df)

Iteration 7:  28000000 integrand evaluations so far
[1] -36.0216 +- 21.9904  	chisq 4.03964 (6 df)

Iteration 8:  36000000 integrand evaluations so far
[1] -39.6094 +- 20.9075  	chisq 4.31674 (7 df)

Iteration 9:  45000000 integrand evaluations so far
[1] -17.8146 +- 18.9612  	chisq 10.4381 (8 df)

Iteration 10:  55000000 integrand evaluations so far
[1] -5.89617 +- 18.021  	chisq 14.5233 (9 df)
      -6 ±     18        (3.66mi) ┃Vegas input parameters:
  ndim 8
  ncomp 1
  nvec 1
  epsrel 0
  epsabs 0
  flags 10
  seed 123456
  mineval 5000000
  maxeval 50000000
  nstart 1000000
  nincrease 1000000
  nbatch 5000
  gridno 0
  statefile ""

Iteration 1:  1000000 integrand evaluations so far
[1] 130.799 +- 36.558  	chisq 0 (0 df)

Iteration 2:  3000000 integrand evaluations so far
[1] 39.4323 +- 12.2744  	chisq 7.03979 (1 df)

Iteration 3:  6000000 integrand evaluations so far
[1] 43.2432 +- 10.8057  	chisq 7.4682 (2 df)

Iteration 4:  10000000 integrand evaluations so far
[1] 44.8504 +- 10.6961  	chisq 8.56423 (3 df)

Iteration 5:  15000000 integrand evaluations so far
[1] 49.4323 +- 10.3702  	chisq 11.6221 (4 df)

Iteration 6:  21000000 integrand evaluations so far
[1] 49.8679 +- 10.3641  	chisq 13.1354 (5 df)

Iteration 7:  28000000 integrand evaluations so far
[1] 55.7841 +- 10.017  	chisq 18.0821 (6 df)

Iteration 8:  36000000 integrand evaluations so far
[1] 80.6805 +- 7.49043  	chisq 32.095 (7 df)

Iteration 9:  45000000 integrand evaluations so far
[1] 107.263 +- 4.5805  	chisq 52.2122 (8 df)

Iteration 10:  55000000 integrand evaluations so far
[1] 107.486 +- 4.57672  	chisq 53.6547 (9 df)
   107.5 ±    4.6        (1.86mi) ┃     128 ±     19        (10.9mi) ┃
┃   56 -    58 ┃   46 -    47 ┃  177.14 ±   0.15        (1.85mi) ┃-147.156 ±  0.028        (26.7mi) ┃Vegas input parameters:
  ndim 10
  ncomp 1
  nvec 1
  epsrel 0
  epsabs 0
  flags 10
  seed 123456
  mineval 50000000
  maxeval 50000000
  nstart 1000000
  nincrease 1000000
  nbatch 5000
  gridno 0
  statefile ""

Iteration 1:  1000000 integrand evaluations so far
[1] 243.396 +- 129.929  	chisq 0 (0 df)

Iteration 2:  3000000 integrand evaluations so far
[1] -33.826 +- 45.3498  	chisq 5.18402 (1 df)

Iteration 3:  6000000 integrand evaluations so far
[1] 0.745046 +- 22.1015  	chisq 5.94617 (2 df)

Iteration 4:  10000000 integrand evaluations so far
[1] -3.63796 +- 21.1081  	chisq 6.39371 (3 df)

Iteration 5:  15000000 integrand evaluations so far
[1] -3.83295 +- 20.4751  	chisq 6.39516 (4 df)

Iteration 6:  21000000 integrand evaluations so far
[1] 0.132886 +- 18.9837  	chisq 6.66242 (5 df)

Iteration 7:  28000000 integrand evaluations so far
[1] 2.67844 +- 18.8299  	chisq 7.7765 (6 df)

Iteration 8:  36000000 integrand evaluations so far
[1] 0.664977 +- 18.6345  	chisq 8.33023 (7 df)

Iteration 9:  45000000 integrand evaluations so far
[1] 1.78049 +- 18.1611  	chisq 8.40167 (8 df)

Iteration 10:  55000000 integrand evaluations so far
[1] -2.51782 +- 17.2855  	chisq 8.99694 (9 df)
      -3 ±     17        ( 3.6mi) ┃Vegas input parameters:
  ndim 8
  ncomp 1
  nvec 1
  epsrel 0
  epsabs 0
  flags 10
  seed 123456
  mineval 5000000
  maxeval 50000000
  nstart 1000000
  nincrease 1000000
  nbatch 5000
  gridno 0
  statefile ""

Iteration 1:  1000000 integrand evaluations so far
[1] 134.624 +- 33.5562  	chisq 0 (0 df)

Iteration 2:  3000000 integrand evaluations so far
[1] 86.2223 +- 21.1827  	chisq 3.45891 (1 df)

Iteration 3:  6000000 integrand evaluations so far
[1] 37.5533 +- 7.2043  	chisq 9.42826 (2 df)

Iteration 4:  10000000 integrand evaluations so far
[1] 38.2305 +- 7.18994  	chisq 11.6484 (3 df)

Iteration 5:  15000000 integrand evaluations so far
[1] 44.6044 +- 6.85418  	chisq 20.2637 (4 df)

Iteration 6:  21000000 integrand evaluations so far
[1] 57.0624 +- 6.27666  	chisq 40.73 (5 df)

Iteration 7:  28000000 integrand evaluations so far
[1] 78.5001 +- 4.86293  	chisq 69.9125 (6 df)

Iteration 8:  36000000 integrand evaluations so far
[1] 100.054 +- 2.98192  	chisq 101.396 (7 df)

Iteration 9:  45000000 integrand evaluations so far
[1] 101.695 +- 2.86336  	chisq 105.278 (8 df)

Iteration 10:  55000000 integrand evaluations so far
[1] 102.026 +- 2.8518  	chisq 106.945 (9 df)
     102 ±    2.9        (1.82mi) ┃     129 ±     18        (33.9mi) ┃
┃   56 -    58 ┃   47 -    48 ┃  132.63 ±   0.13        ( 1.8mi) ┃-110.706 ±  0.031        (13.5mi) ┃Vegas input parameters:
  ndim 10
  ncomp 1
  nvec 1
  epsrel 0
  epsabs 0
  flags 10
  seed 123456
  mineval 50000000
  maxeval 50000000
  nstart 1000000
  nincrease 1000000
  nbatch 5000
  gridno 0
  statefile ""

Iteration 1:  1000000 integrand evaluations so far
[1] -114.752 +- 104.503  	chisq 0 (0 df)

Iteration 2:  3000000 integrand evaluations so far
[1] -55.2346 +- 71.4293  	chisq 0.608783 (1 df)

Iteration 3:  6000000 integrand evaluations so far
[1] 36.53 +- 31.015  	chisq 2.64268 (2 df)

Iteration 4:  10000000 integrand evaluations so far
[1] 31.5585 +- 30.3144  	chisq 3.21793 (3 df)

Iteration 5:  15000000 integrand evaluations so far
[1] 9.45214 +- 28.1273  	chisq 7.04123 (4 df)

Iteration 6:  21000000 integrand evaluations so far
[1] 10.451 +- 25.97  	chisq 7.04978 (5 df)

Iteration 7:  28000000 integrand evaluations so far
[1] 15.3751 +- 18.0797  	chisq 7.11954 (6 df)

Iteration 8:  36000000 integrand evaluations so far
[1] 12.4205 +- 17.9323  	chisq 8.76466 (7 df)

Iteration 9:  45000000 integrand evaluations so far
[1] 12.9704 +- 17.9107  	chisq 9.15562 (8 df)

Iteration 10:  55000000 integrand evaluations so far
[1] 18.2197 +- 17.3071  	chisq 10.4517 (9 df)
      18 ±     17        (3.59mi) ┃Vegas input parameters:
  ndim 8
  ncomp 1
  nvec 1
  epsrel 0
  epsabs 0
  flags 10
  seed 123456
  mineval 5000000
  maxeval 50000000
  nstart 1000000
  nincrease 1000000
  nbatch 5000
  gridno 0
  statefile ""

Iteration 1:  1000000 integrand evaluations so far
[1] 118.945 +- 28.7348  	chisq 0 (0 df)

Iteration 2:  3000000 integrand evaluations so far
[1] 62.7388 +- 15.8992  	chisq 5.51416 (1 df)

Iteration 3:  6000000 integrand evaluations so far
[1] 70.2899 +- 15.2249  	chisq 8.23116 (2 df)

Iteration 4:  10000000 integrand evaluations so far
[1] 82.2609 +- 11.9921  	chisq 9.85986 (3 df)

Iteration 5:  15000000 integrand evaluations so far
[1] 87.945 +- 11.6085  	chisq 13.4291 (4 df)

Iteration 6:  21000000 integrand evaluations so far
[1] 93.7266 +- 11.2943  	chisq 18.074 (5 df)

Iteration 7:  28000000 integrand evaluations so far
[1] 112.414 +- 7.14962  	chisq 22.6423 (6 df)

Iteration 8:  36000000 integrand evaluations so far
[1] 116.433 +- 6.47556  	chisq 24.4012 (7 df)

Iteration 9:  45000000 integrand evaluations so far
[1] 117.863 +- 5.1813  	chisq 24.5366 (8 df)

Iteration 10:  55000000 integrand evaluations so far
[1] 123.134 +- 4.05009  	chisq 27.1971 (9 df)
   123.1 ±    4.1        (1.87mi) ┃     163 ±     18        (20.8mi) ┃
┃   56 -    58 ┃   48 -    49 ┃ 156.863 ±  0.025        (3.17mi) ┃-131.579 ± 0.0054        (13.8mi) ┃Vegas input parameters:
  ndim 10
  ncomp 1
  nvec 1
  epsrel 0
  epsabs 0
  flags 10
  seed 123456
  mineval 50000000
  maxeval 50000000
  nstart 1000000
  nincrease 1000000
  nbatch 5000
  gridno 0
  statefile ""

Iteration 1:  1000000 integrand evaluations so far
[1] -22.1636 +- 27.6136  	chisq 0 (0 df)

Iteration 2:  3000000 integrand evaluations so far
[1] -24.9668 +- 26.0263  	chisq 0.0922852 (1 df)

Iteration 3:  6000000 integrand evaluations so far
[1] -19.0775 +- 25.0551  	chisq 0.791439 (2 df)

Iteration 4:  10000000 integrand evaluations so far
[1] -13.5246 +- 24.825  	chisq 3.47839 (3 df)

Iteration 5:  15000000 integrand evaluations so far
[1] -16.2592 +- 24.6723  	chisq 4.46718 (4 df)

Iteration 6:  21000000 integrand evaluations so far
[1] -7.52288 +- 24.0152  	chisq 6.85293 (5 df)

Iteration 7:  28000000 integrand evaluations so far
[1] -7.81331 +- 23.9807  	chisq 6.90392 (6 df)

Iteration 8:  36000000 integrand evaluations so far
[1] -3.16242 +- 23.6433  	chisq 8.25023 (7 df)

Iteration 9:  45000000 integrand evaluations so far
[1] -6.80265 +- 20.2041  	chisq 8.33811 (8 df)

Iteration 10:  55000000 integrand evaluations so far
[1] -1.54881 +- 18.1394  	chisq 8.68677 (9 df)
      -2 ±     18        (3.62mi) ┃Vegas input parameters:
  ndim 8
  ncomp 1
  nvec 1
  epsrel 0
  epsabs 0
  flags 10
  seed 123456
  mineval 5000000
  maxeval 50000000
  nstart 1000000
  nincrease 1000000
  nbatch 5000
  gridno 0
  statefile ""

Iteration 1:  1000000 integrand evaluations so far
[1] 110.629 +- 32.3208  	chisq 0 (0 df)

Iteration 2:  3000000 integrand evaluations so far
[1] 20.3398 +- 6.61422  	chisq 8.14501 (1 df)

Iteration 3:  6000000 integrand evaluations so far
[1] 21.6616 +- 5.2964  	chisq 8.25633 (2 df)

Iteration 4:  10000000 integrand evaluations so far
[1] 27.2572 +- 4.8585  	chisq 15.2977 (3 df)

Iteration 5:  15000000 integrand evaluations so far
[1] 33.4656 +- 4.67814  	chisq 37.7056 (4 df)

Iteration 6:  21000000 integrand evaluations so far
[1] 47.7947 +- 4.26258  	chisq 92.9686 (5 df)

Iteration 7:  28000000 integrand evaluations so far
[1] 49.4154 +- 4.2312  	chisq 102.824 (6 df)

Iteration 8:  36000000 integrand evaluations so far
[1] 62.5248 +- 3.87058  	chisq 161.646 (7 df)

Iteration 9:  45000000 integrand evaluations so far
[1] 85.2105 +- 3.01938  	chisq 249.397 (8 df)

Iteration 10:  55000000 integrand evaluations so far
[1] 103.79 +- 2.03645  	chisq 318.861 (9 df)
   103.8 ±      2        (1.86mi) ┃     128 ±     18        (22.4mi) ┃
┃   56 -    58 ┃   49 -    50 ┃ 153.528 ±   0.02        (6.43mi) ┃-127.864 ±   0.04        (13.5mi) ┃Vegas input parameters:
  ndim 10
  ncomp 1
  nvec 1
  epsrel 0
  epsabs 0
  flags 10
  seed 123456
  mineval 50000000
  maxeval 50000000
  nstart 1000000
  nincrease 1000000
  nbatch 5000
  gridno 0
  statefile ""

Iteration 1:  1000000 integrand evaluations so far
[1] -21.4123 +- 33.1604  	chisq 0 (0 df)

Iteration 2:  3000000 integrand evaluations so far
[1] -20.5839 +- 30.729  	chisq 0.00441774 (1 df)

Iteration 3:  6000000 integrand evaluations so far
[1] -24.7304 +- 21.3019  	chisq 0.0394701 (2 df)

Iteration 4:  10000000 integrand evaluations so far
[1] -26.0442 +- 19.2165  	chisq 0.0598985 (3 df)

Iteration 5:  15000000 integrand evaluations so far
[1] -21.9793 +- 17.9743  	chisq 0.417582 (4 df)

Iteration 6:  21000000 integrand evaluations so far
[1] -17.9243 +- 15.5123  	chisq 0.617029 (5 df)

Iteration 7:  28000000 integrand evaluations so far
[1] -9.56639 +- 15.1601  	chisq 7.0836 (6 df)

Iteration 8:  36000000 integrand evaluations so far
[1] -10.9806 +- 15.0828  	chisq 7.93913 (7 df)

Iteration 9:  45000000 integrand evaluations so far
[1] -13.3077 +- 14.9703  	chisq 9.53955 (8 df)

Iteration 10:  55000000 integrand evaluations so far
[1] -15.1102 +- 14.9012  	chisq 11.1146 (9 df)
     -15 ±     15        (3.57mi) ┃Vegas input parameters:
  ndim 8
  ncomp 1
  nvec 1
  epsrel 0
  epsabs 0
  flags 10
  seed 123456
  mineval 5000000
  maxeval 50000000
  nstart 1000000
  nincrease 1000000
  nbatch 5000
  gridno 0
  statefile ""

Iteration 1:  1000000 integrand evaluations so far
[1] 106.926 +- 29.9201  	chisq 0 (0 df)

Iteration 2:  3000000 integrand evaluations so far
[1] 62.599 +- 15.7968  	chisq 3.0432 (1 df)

Iteration 3:  6000000 integrand evaluations so far
[1] 65.0909 +- 15.1122  	chisq 3.33664 (2 df)

Iteration 4:  10000000 integrand evaluations so far
[1] 54.3837 +- 8.8118  	chisq 4.09722 (3 df)

Iteration 5:  15000000 integrand evaluations so far
[1] 55.1428 +- 8.78845  	chisq 5.49955 (4 df)

Iteration 6:  21000000 integrand evaluations so far
[1] 56.5972 +- 8.68743  	chisq 6.69767 (5 df)

Iteration 7:  28000000 integrand evaluations so far
[1] 67.7764 +- 7.30694  	chisq 12.3577 (6 df)

Iteration 8:  36000000 integrand evaluations so far
[1] 72.1331 +- 7.164  	chisq 21.5341 (7 df)

Iteration 9:  45000000 integrand evaluations so far
[1] 91.0499 +- 5.39569  	chisq 37.6463 (8 df)

Iteration 10:  55000000 integrand evaluations so far
[1] 102.46 +- 3.77847  	chisq 46.4212 (9 df)
   102.5 ±    3.8        (1.87mi) ┃     113 ±     15        (25.4mi) ┃
┃   56 -    58 ┃   50 -    51 ┃ 136.508 ±  0.054        ( 1.8mi) ┃ -113.34 ±   0.11        (13.3mi) ┃Vegas input parameters:
  ndim 10
  ncomp 1
  nvec 1
  epsrel 0
  epsabs 0
  flags 10
  seed 123456
  mineval 50000000
  maxeval 50000000
  nstart 1000000
  nincrease 1000000
  nbatch 5000
  gridno 0
  statefile ""

Iteration 1:  1000000 integrand evaluations so far
[1] -29.5956 +- 29.9631  	chisq 0 (0 df)

Iteration 2:  3000000 integrand evaluations so far
[1] -28.6802 +- 28.9483  	chisq 0.0140165 (1 df)

Iteration 3:  6000000 integrand evaluations so far
[1] -16.7502 +- 17.0557  	chisq 0.274158 (2 df)

Iteration 4:  10000000 integrand evaluations so far
[1] -9.60935 +- 16.0935  	chisq 1.87272 (3 df)

Iteration 5:  15000000 integrand evaluations so far
[1] -8.38792 +- 12.9947  	chisq 1.88928 (4 df)

Iteration 6:  21000000 integrand evaluations so far
[1] -6.74128 +- 12.9152  	chisq 3.20441 (5 df)

Iteration 7:  28000000 integrand evaluations so far
[1] -4.43722 +- 11.5754  	chisq 3.3662 (6 df)

Iteration 8:  36000000 integrand evaluations so far
[1] -5.32754 +- 11.3974  	chisq 3.56004 (7 df)

Iteration 9:  45000000 integrand evaluations so far
[1] -4.98621 +- 11.3926  	chisq 4.62028 (8 df)

Iteration 10:  55000000 integrand evaluations so far
[1] -4.11325 +- 11.3645  	chisq 5.81441 (9 df)
      -4 ±     11        (3.62mi) ┃Vegas input parameters:
  ndim 8
  ncomp 1
  nvec 1
  epsrel 0
  epsabs 0
  flags 10
  seed 123456
  mineval 5000000
  maxeval 50000000
  nstart 1000000
  nincrease 1000000
  nbatch 5000
  gridno 0
  statefile ""

Iteration 1:  1000000 integrand evaluations so far
[1] 44.1504 +- 19.5233  	chisq 0 (0 df)

Iteration 2:  3000000 integrand evaluations so far
[1] 12.7959 +- 6.90526  	chisq 2.94807 (1 df)

Iteration 3:  6000000 integrand evaluations so far
[1] 1.66835 +- 0.722446  	chisq 5.57361 (2 df)

Iteration 4:  10000000 integrand evaluations so far
[1] 1.93449 +- 0.71264  	chisq 10.6073 (3 df)

Iteration 5:  15000000 integrand evaluations so far
[1] 1.95605 +- 0.712548  	chisq 14.1472 (4 df)

Iteration 6:  21000000 integrand evaluations so far
[1] 1.96951 +- 0.712517  	chisq 18.2234 (5 df)

Iteration 7:  28000000 integrand evaluations so far
[1] 2.32826 +- 0.710183  	chisq 56.9832 (6 df)

Iteration 8:  36000000 integrand evaluations so far
[1] 2.72037 +- 0.708674  	chisq 128.823 (7 df)

Iteration 9:  45000000 integrand evaluations so far
[1] 3.4733 +- 0.706218  	chisq 291.924 (8 df)

Iteration 10:  55000000 integrand evaluations so far
[1] 6.44234 +- 0.695958  	chisq 904.655 (9 df)
    6.44 ±    0.7        (1.91mi) ┃      26 ±     11        (20.7mi) ┃
┃   56 -    58 ┃   51 -    52 ┃ 142.798 ±  0.039        (11.9mi) ┃ -119.35 ±   0.11        (13.3mi) ┃Vegas input parameters:
  ndim 10
  ncomp 1
  nvec 1
  epsrel 0
  epsabs 0
  flags 10
  seed 123456
  mineval 50000000
  maxeval 50000000
  nstart 1000000
  nincrease 1000000
  nbatch 5000
  gridno 0
  statefile ""

Iteration 1:  1000000 integrand evaluations so far
[1] -322.225 +- 381.593  	chisq 0 (0 df)

Iteration 2:  3000000 integrand evaluations so far
[1] -19.5442 +- 44.3492  	chisq 0.637784 (1 df)

Iteration 3:  6000000 integrand evaluations so far
[1] -2.25606 +- 41.0085  	chisq 1.68592 (2 df)

Iteration 4:  10000000 integrand evaluations so far
[1] -6.81248 +- 38.8976  	chisq 1.809 (3 df)

Iteration 5:  15000000 integrand evaluations so far
[1] -17.2568 +- 38.1273  	chisq 3.64763 (4 df)

Iteration 6:  21000000 integrand evaluations so far
[1] -1.303 +- 31.6537  	chisq 4.21106 (5 df)

Iteration 7:  28000000 integrand evaluations so far
[1] 21.4885 +- 19.2972  	chisq 5.03615 (6 df)

Iteration 8:  36000000 integrand evaluations so far
[1] 11.4086 +- 18.1349  	chisq 7.37152 (7 df)

Iteration 9:  45000000 integrand evaluations so far
[1] 10.8632 +- 17.3462  	chisq 7.38215 (8 df)

Iteration 10:  55000000 integrand evaluations so far
[1] 7.43757 +- 16.0537  	chisq 7.65398 (9 df)
       7 ±     16        ( 3.6mi) ┃Vegas input parameters:
  ndim 8
  ncomp 1
  nvec 1
  epsrel 0
  epsabs 0
  flags 10
  seed 123456
  mineval 5000000
  maxeval 50000000
  nstart 1000000
  nincrease 1000000
  nbatch 5000
  gridno 0
  statefile ""

Iteration 1:  1000000 integrand evaluations so far
[1] 184.522 +- 40.487  	chisq 0 (0 df)

Iteration 2:  3000000 integrand evaluations so far
[1] 120.056 +- 21.4701  	chisq 3.52721 (1 df)

Iteration 3:  6000000 integrand evaluations so far
[1] 122.15 +- 18.7268  	chisq 3.56698 (2 df)

Iteration 4:  10000000 integrand evaluations so far
[1] 129.796 +- 16.088  	chisq 4.20336 (3 df)

Iteration 5:  15000000 integrand evaluations so far
[1] 109.319 +- 8.8857  	chisq 6.5346 (4 df)

Iteration 6:  21000000 integrand evaluations so far
[1] 114.165 +- 5.79658  	chisq 7.05236 (5 df)

Iteration 7:  28000000 integrand evaluations so far
[1] 116.355 +- 3.9398  	chisq 7.31777 (6 df)

Iteration 8:  36000000 integrand evaluations so far
[1] 115.271 +- 2.84421  	chisq 7.47592 (7 df)

Iteration 9:  45000000 integrand evaluations so far
[1] 117.139 +- 2.20509  	chisq 8.55671 (8 df)

Iteration 10:  55000000 integrand evaluations so far
[1] 116.686 +- 1.72799  	chisq 8.66575 (9 df)
   116.7 ±    1.7        (1.84mi) ┃     148 ±     16        (30.7mi) ┃
┃   56 -    58 ┃   52 -    53 ┃ 150.656 ±  0.099        (3.11mi) ┃-125.345 ±  0.013        (6.73mi) ┃Vegas input parameters:
  ndim 10
  ncomp 1
  nvec 1
  epsrel 0
  epsabs 0
  flags 10
  seed 123456
  mineval 50000000
  maxeval 50000000
  nstart 1000000
  nincrease 1000000
  nbatch 5000
  gridno 0
  statefile ""

Iteration 1:  1000000 integrand evaluations so far
[1] 154.667 +- 104.909  	chisq 0 (0 df)

Iteration 2:  3000000 integrand evaluations so far
[1] 131.824 +- 103.325  	chisq 1.58197 (1 df)

Iteration 3:  6000000 integrand evaluations so far
[1] 153.001 +- 89.7131  	chisq 1.75264 (2 df)

Iteration 4:  10000000 integrand evaluations so far
[1] 19.9289 +- 36.6989  	chisq 4.395 (3 df)

Iteration 5:  15000000 integrand evaluations so far
[1] 19.2035 +- 34.5097  	chisq 4.39838 (4 df)

Iteration 6:  21000000 integrand evaluations so far
[1] 27.1563 +- 32.1059  	chisq 4.79335 (5 df)

Iteration 7:  28000000 integrand evaluations so far
[1] 24.5932 +- 32.0171  	chisq 5.94668 (6 df)

Iteration 8:  36000000 integrand evaluations so far
[1] 25.4729 +- 31.9544  	chisq 6.13972 (7 df)

Iteration 9:  45000000 integrand evaluations so far
[1] 15.4877 +- 26.4798  	chisq 6.45139 (8 df)

Iteration 10:  55000000 integrand evaluations so far
[1] 15.9307 +- 26.4763  	chisq 7.49536 (9 df)
      16 ±     26        (3.61mi) ┃Vegas input parameters:
  ndim 8
  ncomp 1
  nvec 1
  epsrel 0
  epsabs 0
  flags 10
  seed 123456
  mineval 5000000
  maxeval 50000000
  nstart 1000000
  nincrease 1000000
  nbatch 5000
  gridno 0
  statefile ""

Iteration 1:  1000000 integrand evaluations so far
[1] 179.02 +- 37.9774  	chisq 0 (0 df)

Iteration 2:  3000000 integrand evaluations so far
[1] 181.75 +- 37.75  	chisq 0.432625 (1 df)

Iteration 3:  6000000 integrand evaluations so far
[1] 175.729 +- 34.3076  	chisq 0.578773 (2 df)

Iteration 4:  10000000 integrand evaluations so far
[1] 58.7287 +- 9.90259  	chisq 13.2661 (3 df)

Iteration 5:  15000000 integrand evaluations so far
[1] 67.368 +- 8.28796  	chisq 15.8073 (4 df)

Iteration 6:  21000000 integrand evaluations so far
[1] 76.5583 +- 6.35297  	chisq 18.7887 (5 df)

Iteration 7:  28000000 integrand evaluations so far
[1] 83.558 +- 5.54257  	chisq 23.8711 (6 df)

Iteration 8:  36000000 integrand evaluations so far
[1] 94.4696 +- 3.98359  	chisq 31.8882 (7 df)

Iteration 9:  45000000 integrand evaluations so far
[1] 94.5173 +- 3.98331  	chisq 32.926 (8 df)

Iteration 10:  55000000 integrand evaluations so far
[1] 94.466 +- 3.73281  	chisq 32.9273 (9 df)
    94.5 ±    3.7        (1.81mi) ┃     136 ±     27        (15.3mi) ┃
┃   56 -    58 ┃   53 -    54 ┃ 112.201 ±  0.065        (3.17mi) ┃ -93.565 ±  0.085        (13.2mi) ┃Vegas input parameters:
  ndim 10
  ncomp 1
  nvec 1
  epsrel 0
  epsabs 0
  flags 10
  seed 123456
  mineval 50000000
  maxeval 50000000
  nstart 1000000
  nincrease 1000000
  nbatch 5000
  gridno 0
  statefile ""

Iteration 1:  1000000 integrand evaluations so far
[1] 14.6729 +- 30.1853  	chisq 0 (0 df)

Iteration 2:  3000000 integrand evaluations so far
[1] 19.6724 +- 29.6797  	chisq 0.825845 (1 df)

Iteration 3:  6000000 integrand evaluations so far
[1] 36.2431 +- 24.2453  	chisq 1.76285 (2 df)

Iteration 4:  10000000 integrand evaluations so far
[1] 27.1142 +- 23.4567  	chisq 3.97819 (3 df)

Iteration 5:  15000000 integrand evaluations so far
[1] 31.3149 +- 23.2137  	chisq 5.53413 (4 df)

Iteration 6:  21000000 integrand evaluations so far
[1] 36.2995 +- 22.1088  	chisq 6.03029 (5 df)

Iteration 7:  28000000 integrand evaluations so far
[1] 37.5893 +- 21.0726  	chisq 6.06747 (6 df)

Iteration 8:  36000000 integrand evaluations so far
[1] 35.0839 +- 20.9919  	chisq 7.9179 (7 df)

Iteration 9:  45000000 integrand evaluations so far
[1] 27.6737 +- 18.7688  	chisq 8.5391 (8 df)

Iteration 10:  55000000 integrand evaluations so far
[1] 27.5452 +- 18.7683  	chisq 9.51142 (9 df)
      28 ±     19        (3.59mi) ┃Vegas input parameters:
  ndim 8
  ncomp 1
  nvec 1
  epsrel 0
  epsabs 0
  flags 10
  seed 123456
  mineval 5000000
  maxeval 50000000
  nstart 1000000
  nincrease 1000000
  nbatch 5000
  gridno 0
  statefile ""

Iteration 1:  1000000 integrand evaluations so far
[1] 165.667 +- 35.9992  	chisq 0 (0 df)

Iteration 2:  3000000 integrand evaluations so far
[1] 68.1449 +- 14.0501  	chisq 8.65742 (1 df)

Iteration 3:  6000000 integrand evaluations so far
[1] 73.2905 +- 13.4194  	chisq 10.1857 (2 df)

Iteration 4:  10000000 integrand evaluations so far
[1] 76.0243 +- 13.2932  	chisq 12.4019 (3 df)

Iteration 5:  15000000 integrand evaluations so far
[1] 80.305 +- 12.0012  	chisq 12.9626 (4 df)

Iteration 6:  21000000 integrand evaluations so far
[1] 87.8501 +- 9.95057  	chisq 14.2273 (5 df)

Iteration 7:  28000000 integrand evaluations so far
[1] 98.4752 +- 6.80591  	chisq 16.3697 (6 df)

Iteration 8:  36000000 integrand evaluations so far
[1] 105.317 +- 4.34274  	chisq 18.0746 (7 df)

Iteration 9:  45000000 integrand evaluations so far
[1] 106.738 +- 3.51509  	chisq 18.3848 (8 df)

Iteration 10:  55000000 integrand evaluations so far
[1] 109.795 +- 2.34237  	chisq 19.7452 (9 df)
   109.8 ±    2.3        (1.86mi) ┃     156 ±     19        (21.8mi) ┃
┃   56 -    58 ┃   54 -    55 ┃ 133.794 ±  0.025        (12.2mi) ┃-112.188 ±  0.054        (26.5mi) ┃Vegas input parameters:
  ndim 10
  ncomp 1
  nvec 1
  epsrel 0
  epsabs 0
  flags 10
  seed 123456
  mineval 50000000
  maxeval 50000000
  nstart 1000000
  nincrease 1000000
  nbatch 5000
  gridno 0
  statefile ""

Iteration 1:  1000000 integrand evaluations so far
[1] -73.3687 +- 320.101  	chisq 0 (0 df)

Iteration 2:  3000000 integrand evaluations so far
[1] -149.883 +- 308.998  	chisq 0.838161 (1 df)

Iteration 3:  6000000 integrand evaluations so far
[1] 39.9258 +- 68.4561  	chisq 1.23496 (2 df)

Iteration 4:  10000000 integrand evaluations so far
[1] 2.50221 +- 17.4968  	chisq 1.55471 (3 df)

Iteration 5:  15000000 integrand evaluations so far
[1] -4.04526 +- 16.8846  	chisq 3.59152 (4 df)

Iteration 6:  21000000 integrand evaluations so far
[1] -9.46393 +- 16.2642  	chisq 5.0192 (5 df)

Iteration 7:  28000000 integrand evaluations so far
[1] -13.4235 +- 14.7144  	chisq 5.34574 (6 df)

Iteration 8:  36000000 integrand evaluations so far
[1] -10.7236 +- 14.4932  	chisq 6.4743 (7 df)

Iteration 9:  45000000 integrand evaluations so far
[1] -8.92179 +- 14.0067  	chisq 6.70843 (8 df)

Iteration 10:  55000000 integrand evaluations so far
[1] -5.0996 +- 13.8739  	chisq 10.6536 (9 df)
      -5 ±     14        ( 3.6mi) ┃Vegas input parameters:
  ndim 8
  ncomp 1
  nvec 1
  epsrel 0
  epsabs 0
  flags 10
  seed 123456
  mineval 5000000
  maxeval 50000000
  nstart 1000000
  nincrease 1000000
  nbatch 5000
  gridno 0
  statefile ""

Iteration 1:  1000000 integrand evaluations so far
[1] 88.565 +- 25.3233  	chisq 0 (0 df)

Iteration 2:  3000000 integrand evaluations so far
[1] 69.6778 +- 18.5093  	chisq 1.19436 (1 df)

Iteration 3:  6000000 integrand evaluations so far
[1] 36.2191 +- 8.83299  	chisq 5.42564 (2 df)

Iteration 4:  10000000 integrand evaluations so far
[1] 37.8319 +- 7.16722  	chisq 5.52323 (3 df)

Iteration 5:  15000000 integrand evaluations so far
[1] 49.4425 +- 6.47711  	chisq 19.8399 (4 df)

Iteration 6:  21000000 integrand evaluations so far
[1] 65.4438 +- 5.54292  	chisq 42.6415 (5 df)

Iteration 7:  28000000 integrand evaluations so far
[1] 75.2085 +- 4.94841  	chisq 57.9289 (6 df)

Iteration 8:  36000000 integrand evaluations so far
[1] 86.4924 +- 3.97327  	chisq 72.5642 (7 df)

Iteration 9:  45000000 integrand evaluations so far
[1] 97.7588 +- 2.9118  	chisq 89.9324 (8 df)

Iteration 10:  55000000 integrand evaluations so far
[1] 106.177 +- 2.29745  	chisq 112.079 (9 df)
   106.2 ±    2.3        (1.84mi) ┃     123 ±     14        (44.2mi) ┃
┃   56 -    58 ┃   55 -    56 ┃ 143.189 ±  0.041        (6.12mi) ┃-119.231 ±   0.05        (13.3mi) ┃Vegas input parameters:
  ndim 10
  ncomp 1
  nvec 1
  epsrel 0
  epsabs 0
  flags 10
  seed 123456
  mineval 50000000
  maxeval 50000000
  nstart 1000000
  nincrease 1000000
  nbatch 5000
  gridno 0
  statefile ""

Iteration 1:  1000000 integrand evaluations so far
[1] 231.132 +- 275.144  	chisq 0 (0 df)

Iteration 2:  3000000 integrand evaluations so far
[1] -23.2829 +- 118.217  	chisq 1.04856 (1 df)

Iteration 3:  6000000 integrand evaluations so far
[1] -11.4392 +- 117.689  	chisq 2.17535 (2 df)

Iteration 4:  10000000 integrand evaluations so far
[1] -32.7369 +- 102.738  	chisq 2.31299 (3 df)

Iteration 5:  15000000 integrand evaluations so far
[1] 22.3733 +- 62.7494  	chisq 2.77194 (4 df)

Iteration 6:  21000000 integrand evaluations so far
[1] -28.4526 +- 25.5596  	chisq 3.55851 (5 df)

Iteration 7:  28000000 integrand evaluations so far
[1] -26.5589 +- 25.4365  	chisq 4.12998 (6 df)

Iteration 8:  36000000 integrand evaluations so far
[1] -23.5577 +- 25.2979  	chisq 5.41008 (7 df)

Iteration 9:  45000000 integrand evaluations so far
[1] -27.6064 +- 24.4632  	chisq 5.80475 (8 df)

Iteration 10:  55000000 integrand evaluations so far
[1] -30.5364 +- 24.1982  	chisq 6.47045 (9 df)
     -31 ±     24        (3.62mi) ┃Vegas input parameters:
  ndim 8
  ncomp 1
  nvec 1
  epsrel 0
  epsabs 0
  flags 10
  seed 123456
  mineval 5000000
  maxeval 50000000
  nstart 1000000
  nincrease 1000000
  nbatch 5000
  gridno 0
  statefile ""

Iteration 1:  1000000 integrand evaluations so far
[1] 138.42 +- 35.5959  	chisq 0 (0 df)

Iteration 2:  3000000 integrand evaluations so far
[1] 68.6803 +- 16.3917  	chisq 4.87145 (1 df)

Iteration 3:  6000000 integrand evaluations so far
[1] 31.5905 +- 5.04127  	chisq 10.5262 (2 df)

Iteration 4:  10000000 integrand evaluations so far
[1] 33.0995 +- 4.99357  	chisq 15.2834 (3 df)

Iteration 5:  15000000 integrand evaluations so far
[1] 35.4392 +- 4.90426  	chisq 21.4765 (4 df)

Iteration 6:  21000000 integrand evaluations so far
[1] 37.3926 +- 4.84248  	chisq 27.8129 (5 df)

Iteration 7:  28000000 integrand evaluations so far
[1] 39.0496 +- 4.80827  	chisq 36.1278 (6 df)

Iteration 8:  36000000 integrand evaluations so far
[1] 48.9952 +- 4.36974  	chisq 60.7046 (7 df)

Iteration 9:  45000000 integrand evaluations so far
[1] 64.7002 +- 3.60397  	chisq 101.099 (8 df)

Iteration 10:  55000000 integrand evaluations so far
[1] 73.0229 +- 3.29627  	chisq 133.722 (9 df)
      73 ±    3.3        (1.85mi) ┃      66 ±     24        (24.9mi) ┃
┃   56 -    58 ┃   56 -    57 ┃ 111.571 ±  0.011        (5.99mi) ┃ -92.272 ±  0.082        (3.34mi) ┃Vegas input parameters:
  ndim 10
  ncomp 1
  nvec 1
  epsrel 0
  epsabs 0
  flags 10
  seed 123456
  mineval 50000000
  maxeval 50000000
  nstart 1000000
  nincrease 1000000
  nbatch 5000
  gridno 0
  statefile ""

Iteration 1:  1000000 integrand evaluations so far
[1] -11.2079 +- 37.7986  	chisq 0 (0 df)

Iteration 2:  3000000 integrand evaluations so far
[1] -26.5604 +- 36.1471  	chisq 1.93002 (1 df)

Iteration 3:  6000000 integrand evaluations so far
[1] -9.24072 +- 33.8355  	chisq 3.78428 (2 df)

Iteration 4:  10000000 integrand evaluations so far
[1] 23.5303 +- 21.2184  	chisq 5.33037 (3 df)

Iteration 5:  15000000 integrand evaluations so far
[1] 20.6711 +- 21.0286  	chisq 6.34966 (4 df)

Iteration 6:  21000000 integrand evaluations so far
[1] 19.1033 +- 20.9883  	chisq 7.80017 (5 df)

Iteration 7:  28000000 integrand evaluations so far
[1] 12.8568 +- 14.3357  	chisq 7.96621 (6 df)

Iteration 8:  36000000 integrand evaluations so far
[1] 9.8833 +- 14.1268  	chisq 9.45275 (7 df)

Iteration 9:  45000000 integrand evaluations so far
[1] 4.87888 +- 13.4881  	chisq 10.8728 (8 df)

Iteration 10:  55000000 integrand evaluations so far
[1] 1.7628 +- 13.2731  	chisq 12.5601 (9 df)
       2 ±     13        (3.57mi) ┃Vegas input parameters:
  ndim 8
  ncomp 1
  nvec 1
  epsrel 0
  epsabs 0
  flags 10
  seed 123456
  mineval 5000000
  maxeval 50000000
  nstart 1000000
  nincrease 1000000
  nbatch 5000
  gridno 0
  statefile ""

Iteration 1:  1000000 integrand evaluations so far
[1] 159.628 +- 41.4686  	chisq 0 (0 df)

Iteration 2:  3000000 integrand evaluations so far
[1] 45.4297 +- 10.9585  	chisq 8.15301 (1 df)

Iteration 3:  6000000 integrand evaluations so far
[1] 48.1773 +- 9.06612  	chisq 8.35223 (2 df)

Iteration 4:  10000000 integrand evaluations so far
[1] 47.5714 +- 5.02657  	chisq 8.35868 (3 df)

Iteration 5:  15000000 integrand evaluations so far
[1] 49.6496 +- 4.95622  	chisq 14.5089 (4 df)

Iteration 6:  21000000 integrand evaluations so far
[1] 59.8275 +- 4.22555  	chisq 29.9497 (5 df)

Iteration 7:  28000000 integrand evaluations so far
[1] 70.051 +- 3.29107  	chisq 44.8298 (6 df)

Iteration 8:  36000000 integrand evaluations so far
[1] 79.0083 +- 2.20932  	chisq 58.3143 (7 df)

Iteration 9:  45000000 integrand evaluations so far
[1] 82.9039 +- 1.39216  	chisq 63.4708 (8 df)

Iteration 10:  55000000 integrand evaluations so far
[1] 82.9907 +- 1.39051  	chisq 65.108 (9 df)
      83 ±    1.4        (1.87mi) ┃     104 ±     13        (14.8mi) ┃
┃   56 -    58 ┃   57 -    58 ┃ 134.231 ±  0.067        ( 15.7s) ┃-107.927 ±  0.037        (13.3mi) ┃Vegas input parameters:
  ndim 10
  ncomp 1
  nvec 1
  epsrel 0
  epsabs 0
  flags 10
  seed 123456
  mineval 50000000
  maxeval 50000000
  nstart 1000000
  nincrease 1000000
  nbatch 5000
  gridno 0
  statefile ""

Iteration 1:  1000000 integrand evaluations so far
[1] -58.7192 +- 67.6441  	chisq 0 (0 df)

Iteration 2:  3000000 integrand evaluations so far
[1] -10.1559 +- 50.9659  	chisq 1.19218 (1 df)

Iteration 3:  6000000 integrand evaluations so far
[1] -34.636 +- 42.8757  	chisq 1.98154 (2 df)

Iteration 4:  10000000 integrand evaluations so far
[1] -31.208 +- 42.1243  	chisq 2.16553 (3 df)

Iteration 5:  15000000 integrand evaluations so far
[1] -36.0292 +- 41.9881  	chisq 4.19529 (4 df)

Iteration 6:  21000000 integrand evaluations so far
[1] -47.3696 +- 40.7293  	chisq 5.43035 (5 df)

Iteration 7:  28000000 integrand evaluations so far
[1] -34.8692 +- 40.0009  	chisq 8.08757 (6 df)

Iteration 8:  36000000 integrand evaluations so far
[1] 11.7095 +- 19.0781  	chisq 9.84276 (7 df)

Iteration 9:  45000000 integrand evaluations so far
[1] 8.26899 +- 18.5778  	chisq 10.471 (8 df)

Iteration 10:  55000000 integrand evaluations so far
[1] 11.1508 +- 18.3012  	chisq 11.2851 (9 df)
      11 ±     18        (3.56mi) ┃Vegas input parameters:
  ndim 8
  ncomp 1
  nvec 1
  epsrel 0
  epsabs 0
  flags 10
  seed 123456
  mineval 5000000
  maxeval 50000000
  nstart 1000000
  nincrease 1000000
  nbatch 5000
  gridno 0
  statefile ""

Iteration 1:  1000000 integrand evaluations so far
[1] 120.922 +- 30.3305  	chisq 0 (0 df)

Iteration 2:  3000000 integrand evaluations so far
[1] 9.66247 +- 1.52541  	chisq 13.49 (1 df)

Iteration 3:  6000000 integrand evaluations so far
[1] 9.95007 +- 1.52151  	chisq 20.4522 (2 df)

Iteration 4:  10000000 integrand evaluations so far
[1] 11.8864 +- 1.47686  	chisq 48.4542 (3 df)

Iteration 5:  15000000 integrand evaluations so far
[1] 12.396 +- 1.47084  	chisq 63.0936 (4 df)

Iteration 6:  21000000 integrand evaluations so far
[1] 12.8133 +- 1.46775  	chisq 82.2849 (5 df)

Iteration 7:  28000000 integrand evaluations so far
[1] 14.7059 +- 1.45024  	chisq 152.396 (6 df)

Iteration 8:  36000000 integrand evaluations so far
[1] 21.1965 +- 1.39017  	chisq 399.274 (7 df)

Iteration 9:  45000000 integrand evaluations so far
[1] 30.9295 +- 1.30393  	chisq 807.016 (8 df)

Iteration 10:  55000000 integrand evaluations so far
[1] 46.4913 +- 1.1564  	chisq 1474.22 (9 df)
    46.5 ±    1.2        (1.83mi) ┃      84 ±     18        (  19mi) ┃
┃   56 -    58 ┃   58 -    59 ┃ 121.958 ±  0.089        (6.04mi) ┃ -102.02 ±  0.088        (25.8mi) ┃Vegas input parameters:
  ndim 10
  ncomp 1
  nvec 1
  epsrel 0
  epsabs 0
  flags 10
  seed 123456
  mineval 50000000
  maxeval 50000000
  nstart 1000000
  nincrease 1000000
  nbatch 5000
  gridno 0
  statefile ""

Iteration 1:  1000000 integrand evaluations so far
[1] 25.4272 +- 29.756  	chisq 0 (0 df)

Iteration 2:  3000000 integrand evaluations so far
[1] -16.7679 +- 13.1067  	chisq 2.49488 (1 df)

Iteration 3:  6000000 integrand evaluations so far
[1] -11.7308 +- 12.7581  	chisq 5.3094 (2 df)

Iteration 4:  10000000 integrand evaluations so far
[1] -14.0432 +- 11.9281  	chisq 5.57037 (3 df)

Iteration 5:  15000000 integrand evaluations so far
[1] -15.7842 +- 11.5885  	chisq 5.94994 (4 df)

Iteration 6:  21000000 integrand evaluations so far
[1] -15.6599 +- 10.9919  	chisq 5.95109 (5 df)

Iteration 7:  28000000 integrand evaluations so far
[1] -15.8542 +- 10.9271  	chisq 5.97765 (6 df)

Iteration 8:  36000000 integrand evaluations so far
[1] -17.0519 +- 9.92159  	chisq 6.04608 (7 df)

Iteration 9:  45000000 integrand evaluations so far
[1] -16.6489 +- 9.91003  	chisq 6.75459 (8 df)

Iteration 10:  55000000 integrand evaluations so far
[1] -15.0839 +- 9.65365  	chisq 7.24284 (9 df)
   -15.1 ±    9.7        (3.61mi) ┃Vegas input parameters:
  ndim 8
  ncomp 1
  nvec 1
  epsrel 0
  epsabs 0
  flags 10
  seed 123456
  mineval 5000000
  maxeval 50000000
  nstart 1000000
  nincrease 1000000
  nbatch 5000
  gridno 0
  statefile ""

Iteration 1:  1000000 integrand evaluations so far
[1] 81.0924 +- 27.0027  	chisq 0 (0 df)

Iteration 2:  3000000 integrand evaluations so far
[1] 8.34532 +- 2.57989  	chisq 7.32486 (1 df)

Iteration 3:  6000000 integrand evaluations so far
[1] 8.84777 +- 2.55761  	chisq 9.53036 (2 df)

Iteration 4:  10000000 integrand evaluations so far
[1] 12.6259 +- 2.36069  	chisq 24.2684 (3 df)

Iteration 5:  15000000 integrand evaluations so far
[1] 13.3383 +- 2.35107  	chisq 35.4671 (4 df)

Iteration 6:  21000000 integrand evaluations so far
[1] 14.2225 +- 2.33855  	chisq 48.7811 (5 df)

Iteration 7:  28000000 integrand evaluations so far
[1] 23.2809 +- 2.18032  	chisq 163.541 (6 df)

Iteration 8:  36000000 integrand evaluations so far
[1] 32.4908 +- 2.0295  	chisq 297.129 (7 df)

Iteration 9:  45000000 integrand evaluations so far
[1] 37.2736 +- 1.95574  	chisq 374.951 (8 df)

Iteration 10:  55000000 integrand evaluations so far
[1] 37.7477 +- 1.9505  	chisq 385.927 (9 df)
    37.7 ±      2        (1.85mi) ┃    42.6 ±    9.8        (37.2mi) ┃
┃   56 -    58 ┃   59 -    60 ┃ 103.804 ±  0.051        (3.31mi) ┃ -86.257 ±  0.062        (25.6mi) ┃Vegas input parameters:
  ndim 10
  ncomp 1
  nvec 1
  epsrel 0
  epsabs 0
  flags 10
  seed 123456
  mineval 50000000
  maxeval 50000000
  nstart 1000000
  nincrease 1000000
  nbatch 5000
  gridno 0
  statefile ""

Iteration 1:  1000000 integrand evaluations so far
[1] -266.69 +- 224.26  	chisq 0 (0 df)

Iteration 2:  3000000 integrand evaluations so far
[1] -156.506 +- 158.737  	chisq 0.483783 (1 df)

Iteration 3:  6000000 integrand evaluations so far
[1] -29.6694 +- 116.742  	chisq 1.87439 (2 df)

Iteration 4:  10000000 integrand evaluations so far
[1] 7.947 +- 18.9916  	chisq 1.98104 (3 df)

Iteration 5:  15000000 integrand evaluations so far
[1] 3.80368 +- 15.5348  	chisq 2.12488 (4 df)

Iteration 6:  21000000 integrand evaluations so far
[1] 5.24246 +- 15.3877  	chisq 2.57985 (5 df)

Iteration 7:  28000000 integrand evaluations so far
[1] 2.91358 +- 13.7952  	chisq 2.69655 (6 df)

Iteration 8:  36000000 integrand evaluations so far
[1] 3.73533 +- 13.7266  	chisq 3.05421 (7 df)

Iteration 9:  45000000 integrand evaluations so far
[1] 4.70335 +- 13.4664  	chisq 3.18664 (8 df)

Iteration 10:  55000000 integrand evaluations so far
[1] 6.94249 +- 13.1303  	chisq 3.74759 (9 df)
       7 ±     13        (3.58mi) ┃Vegas input parameters:
  ndim 8
  ncomp 1
  nvec 1
  epsrel 0
  epsabs 0
  flags 10
  seed 123456
  mineval 5000000
  maxeval 50000000
  nstart 1000000
  nincrease 1000000
  nbatch 5000
  gridno 0
  statefile ""

Iteration 1:  1000000 integrand evaluations so far
[1] 138.899 +- 35.0229  	chisq 0 (0 df)

Iteration 2:  3000000 integrand evaluations so far
[1] 94.9839 +- 20.9862  	chisq 2.4531 (1 df)

Iteration 3:  6000000 integrand evaluations so far
[1] 100.369 +- 19.9304  	chisq 3.12423 (2 df)

Iteration 4:  10000000 integrand evaluations so far
[1] 107.112 +- 18.1562  	chisq 3.79723 (3 df)

Iteration 5:  15000000 integrand evaluations so far
[1] 100.519 +- 12.9335  	chisq 4.06495 (4 df)

Iteration 6:  21000000 integrand evaluations so far
[1] 106.255 +- 10.9922  	chisq 4.77341 (5 df)

Iteration 7:  28000000 integrand evaluations so far
[1] 104.029 +- 6.28226  	chisq 4.83433 (6 df)

Iteration 8:  36000000 integrand evaluations so far
[1] 104.479 +- 4.47428  	chisq 4.84474 (7 df)

Iteration 9:  45000000 integrand evaluations so far
[1] 101.086 +- 2.78717  	chisq 5.78439 (8 df)

Iteration 10:  55000000 integrand evaluations so far
[1] 100.596 +- 1.69311  	chisq 5.83333 (9 df)
   100.6 ±    1.7        (1.83mi) ┃     125 ±     13        (34.3mi) ┃
┃   58 -    60 ┃   25 -    26 ┃  216.54 ±   0.18        (12.2mi) ┃  -180.6 ±   0.15        (29.1mi) ┃Vegas input parameters:
  ndim 10
  ncomp 1
  nvec 1
  epsrel 0
  epsabs 0
  flags 10
  seed 123456
  mineval 50000000
  maxeval 50000000
  nstart 1000000
  nincrease 1000000
  nbatch 5000
  gridno 0
  statefile ""

Iteration 1:  1000000 integrand evaluations so far
[1] 72.2881 +- 125.289  	chisq 0 (0 df)

Iteration 2:  3000000 integrand evaluations so far
[1] -107.428 +- 60.7146  	chisq 2.68902 (1 df)

Iteration 3:  6000000 integrand evaluations so far
[1] -98.9802 +- 59.9936  	chisq 3.50892 (2 df)

Iteration 4:  10000000 integrand evaluations so far
[1] -117.537 +- 55.7642  	chisq 4.21229 (3 df)

Iteration 5:  15000000 integrand evaluations so far
[1] -120.208 +- 55.6771  	chisq 4.94766 (4 df)

Iteration 6:  21000000 integrand evaluations so far
[1] -64.6002 +- 42.0741  	chisq 7.27314 (5 df)

Iteration 7:  28000000 integrand evaluations so far
[1] -65.5014 +- 33.5881  	chisq 7.27441 (6 df)

Iteration 8:  36000000 integrand evaluations so far
[1] -60.4455 +- 28.7157  	chisq 7.35861 (7 df)

Iteration 9:  45000000 integrand evaluations so far
[1] -49.8269 +- 27.9033  	chisq 9.80994 (8 df)

Iteration 10:  55000000 integrand evaluations so far
[1] -27.4975 +- 25.7322  	chisq 14.0916 (9 df)
     -27 ±     26        ( 3.6mi) ┃Vegas input parameters:
  ndim 8
  ncomp 1
  nvec 1
  epsrel 0
  epsabs 0
  flags 10
  seed 123456
  mineval 5000000
  maxeval 50000000
  nstart 1000000
  nincrease 1000000
  nbatch 5000
  gridno 0
  statefile ""

Iteration 1:  1000000 integrand evaluations so far
[1] 183.054 +- 43.6001  	chisq 0 (0 df)

Iteration 2:  3000000 integrand evaluations so far
[1] 187.598 +- 43.0991  	chisq 0.475335 (1 df)

Iteration 3:  6000000 integrand evaluations so far
[1] 104.119 +- 18.4126  	chisq 5.06446 (2 df)

Iteration 4:  10000000 integrand evaluations so far
[1] 123.96 +- 15.3332  	chisq 8.85247 (3 df)

Iteration 5:  15000000 integrand evaluations so far
[1] 151.456 +- 12.8516  	chisq 19.6624 (4 df)

Iteration 6:  21000000 integrand evaluations so far
[1] 180.178 +- 10.4035  	chisq 34.152 (5 df)

Iteration 7:  28000000 integrand evaluations so far
[1] 213.812 +- 6.36596  	chisq 50.8598 (6 df)

Iteration 8:  36000000 integrand evaluations so far
[1] 218.507 +- 4.06037  	chisq 51.7768 (7 df)

Iteration 9:  45000000 integrand evaluations so far
[1] 222.595 +- 2.81304  	chisq 53.7265 (8 df)

Iteration 10:  55000000 integrand evaluations so far
[1] 223.573 +- 2.70977  	chisq 55.4037 (9 df)
   223.6 ±    2.7        (1.84mi) ┃     232 ±     26        (46.6mi) ┃
┃   58 -    60 ┃   26 -    27 ┃ 221.974 ±  0.044        (23.7mi) ┃-184.949 ±  0.084        (28.9mi) ┃Vegas input parameters:
  ndim 10
  ncomp 1
  nvec 1
  epsrel 0
  epsabs 0
  flags 10
  seed 123456
  mineval 50000000
  maxeval 50000000
  nstart 1000000
  nincrease 1000000
  nbatch 5000
  gridno 0
  statefile ""

Iteration 1:  1000000 integrand evaluations so far
[1] -8.29848 +- 89.161  	chisq 0 (0 df)

Iteration 2:  3000000 integrand evaluations so far
[1] -4.4871 +- 73.1537  	chisq 0.00559102 (1 df)

Iteration 3:  6000000 integrand evaluations so far
[1] -20.9883 +- 34.5427  	chisq 0.0710728 (2 df)

Iteration 4:  10000000 integrand evaluations so far
[1] -34.5011 +- 31.8922  	chisq 1.10803 (3 df)

Iteration 5:  15000000 integrand evaluations so far
[1] -42.5936 +- 30.2453  	chisq 1.74798 (4 df)

Iteration 6:  21000000 integrand evaluations so far
[1] -45.618 +- 29.944  	chisq 2.25242 (5 df)

Iteration 7:  28000000 integrand evaluations so far
[1] -38.9945 +- 29.3801  	chisq 3.56378 (6 df)

Iteration 8:  36000000 integrand evaluations so far
[1] -36.2881 +- 29.2942  	chisq 5.0165 (7 df)

Iteration 9:  45000000 integrand evaluations so far
[1] -38.2015 +- 28.5496  	chisq 5.1015 (8 df)

Iteration 10:  55000000 integrand evaluations so far
[1] -30.7805 +- 28.0009  	chisq 6.87647 (9 df)
     -31 ±     28        (3.63mi) ┃Vegas input parameters:
  ndim 8
  ncomp 1
  nvec 1
  epsrel 0
  epsabs 0
  flags 10
  seed 123456
  mineval 5000000
  maxeval 50000000
  nstart 1000000
  nincrease 1000000
  nbatch 5000
  gridno 0
  statefile ""

Iteration 1:  1000000 integrand evaluations so far
[1] 280.816 +- 56.3186  	chisq 0 (0 df)

Iteration 2:  3000000 integrand evaluations so far
[1] 141.674 +- 18.9327  	chisq 6.88167 (1 df)

Iteration 3:  6000000 integrand evaluations so far
[1] 150.005 +- 17.4175  	chisq 8.14197 (2 df)

Iteration 4:  10000000 integrand evaluations so far
[1] 156.201 +- 13.1769  	chisq 8.43786 (3 df)

Iteration 5:  15000000 integrand evaluations so far
[1] 182.554 +- 10.7837  	chisq 20.5489 (4 df)

Iteration 6:  21000000 integrand evaluations so far
[1] 191.744 +- 8.45129  	chisq 22.4314 (5 df)

Iteration 7:  28000000 integrand evaluations so far
[1] 206.067 +- 5.2647  	chisq 27.1253 (6 df)

Iteration 8:  36000000 integrand evaluations so far
[1] 205.211 +- 3.13885  	chisq 27.1664 (7 df)

Iteration 9:  45000000 integrand evaluations so far
[1] 204.919 +- 2.2893  	chisq 27.185 (8 df)

Iteration 10:  55000000 integrand evaluations so far
[1] 205.224 +- 2.27556  	chisq 28.6755 (9 df)
   205.2 ±    2.3        (1.85mi) ┃     211 ±     28        (  58mi) ┃
┃   58 -    60 ┃   27 -    28 ┃  224.57 ±   0.19        (1.63mi) ┃ -186.87 ±   0.18        (7.36mi) ┃Vegas input parameters:
  ndim 10
  ncomp 1
  nvec 1
  epsrel 0
  epsabs 0
  flags 10
  seed 123456
  mineval 50000000
  maxeval 50000000
  nstart 1000000
  nincrease 1000000
  nbatch 5000
  gridno 0
  statefile ""

Iteration 1:  1000000 integrand evaluations so far
[1] -174.628 +- 107.831  	chisq 0 (0 df)

Iteration 2:  3000000 integrand evaluations so far
[1] 42.3928 +- 51.6558  	chisq 5.2569 (1 df)

Iteration 3:  6000000 integrand evaluations so far
[1] 17.073 +- 36.7739  	chisq 5.74405 (2 df)

Iteration 4:  10000000 integrand evaluations so far
[1] -12.1328 +- 30.2984  	chisq 7.70795 (3 df)

Iteration 5:  15000000 integrand evaluations so far
[1] -11.3941 +- 29.2097  	chisq 7.71638 (4 df)

Iteration 6:  21000000 integrand evaluations so far
[1] -11.7106 +- 27.9042  	chisq 7.71772 (5 df)

Iteration 7:  28000000 integrand evaluations so far
[1] -6.34719 +- 26.7726  	chisq 8.18262 (6 df)

Iteration 8:  36000000 integrand evaluations so far
[1] 7.01037 +- 25.3711  	chisq 10.6242 (7 df)

Iteration 9:  45000000 integrand evaluations so far
[1] 5.97903 +- 24.2632  	chisq 10.6436 (8 df)

Iteration 10:  55000000 integrand evaluations so far
[1] 5.31874 +- 23.9969  	chisq 10.6775 (9 df)
       5 ±     24        (3.65mi) ┃Vegas input parameters:
  ndim 8
  ncomp 1
  nvec 1
  epsrel 0
  epsabs 0
  flags 10
  seed 123456
  mineval 5000000
  maxeval 50000000
  nstart 1000000
  nincrease 1000000
  nbatch 5000
  gridno 0
  statefile ""

Iteration 1:  1000000 integrand evaluations so far
[1] 197.632 +- 47.7476  	chisq 0 (0 df)

Iteration 2:  3000000 integrand evaluations so far
[1] 77.5907 +- 16.1502  	chisq 7.1371 (1 df)

Iteration 3:  6000000 integrand evaluations so far
[1] 83.683 +- 14.6601  	chisq 7.94557 (2 df)

Iteration 4:  10000000 integrand evaluations so far
[1] 101.972 +- 13.1352  	chisq 15.8367 (3 df)

Iteration 5:  15000000 integrand evaluations so far
[1] 128.526 +- 10.3251  	chisq 26.5329 (4 df)

Iteration 6:  21000000 integrand evaluations so far
[1] 150.515 +- 9.12757  	chisq 47.2883 (5 df)

Iteration 7:  28000000 integrand evaluations so far
[1] 152.586 +- 9.06677  	chisq 51.1643 (6 df)

Iteration 8:  36000000 integrand evaluations so far
[1] 162.496 +- 8.56125  	chisq 62.1859 (7 df)

Iteration 9:  45000000 integrand evaluations so far
[1] 190.052 +- 6.77714  	chisq 89.9326 (8 df)

Iteration 10:  55000000 integrand evaluations so far
[1] 205.827 +- 4.04492  	chisq 98.3496 (9 df)
   205.8 ±      4        (1.85mi) ┃     249 ±     24        (14.5mi) ┃
┃   58 -    60 ┃   28 -    29 ┃  204.77 ±   0.19        ( 1.8mi) ┃ -171.19 ±   0.12        (28.8mi) ┃Vegas input parameters:
  ndim 10
  ncomp 1
  nvec 1
  epsrel 0
  epsabs 0
  flags 10
  seed 123456
  mineval 50000000
  maxeval 50000000
  nstart 1000000
  nincrease 1000000
  nbatch 5000
  gridno 0
  statefile ""

Iteration 1:  1000000 integrand evaluations so far
[1] -129.259 +- 137.086  	chisq 0 (0 df)

Iteration 2:  3000000 integrand evaluations so far
[1] -6.73553 +- 90.6273  	chisq 1.419 (1 df)

Iteration 3:  6000000 integrand evaluations so far
[1] 83.2498 +- 50.4967  	chisq 2.84877 (2 df)

Iteration 4:  10000000 integrand evaluations so far
[1] 94.3254 +- 48.947  	chisq 3.64476 (3 df)

Iteration 5:  15000000 integrand evaluations so far
[1] 83.1987 +- 46.8431  	chisq 4.25907 (4 df)

Iteration 6:  21000000 integrand evaluations so far
[1] 59.2556 +- 39.6631  	chisq 5.18203 (5 df)

Iteration 7:  28000000 integrand evaluations so far
[1] 53.0879 +- 35.1063  	chisq 5.29368 (6 df)

Iteration 8:  36000000 integrand evaluations so far
[1] 40.9024 +- 33.3489  	chisq 6.52798 (7 df)

Iteration 9:  45000000 integrand evaluations so far
[1] 43.6262 +- 33.16  	chisq 7.11846 (8 df)

Iteration 10:  55000000 integrand evaluations so far
[1] 46.7546 +- 33.0586  	chisq 8.57578 (9 df)
      47 ±     33        (3.61mi) ┃Vegas input parameters:
  ndim 8
  ncomp 1
  nvec 1
  epsrel 0
  epsabs 0
  flags 10
  seed 123456
  mineval 5000000
  maxeval 50000000
  nstart 1000000
  nincrease 1000000
  nbatch 5000
  gridno 0
  statefile ""

Iteration 1:  1000000 integrand evaluations so far
[1] 192.073 +- 44.2243  	chisq 0 (0 df)

Iteration 2:  3000000 integrand evaluations so far
[1] 197.252 +- 43.4869  	chisq 0.414645 (1 df)

Iteration 3:  6000000 integrand evaluations so far
[1] 99.1589 +- 19.246  	chisq 6.74213 (2 df)

Iteration 4:  10000000 integrand evaluations so far
[1] 107.871 +- 18.0669  	chisq 8.46717 (3 df)

Iteration 5:  15000000 integrand evaluations so far
[1] 128.71 +- 15.4648  	chisq 13.4445 (4 df)

Iteration 6:  21000000 integrand evaluations so far
[1] 144.793 +- 13.3126  	chisq 17.6205 (5 df)

Iteration 7:  28000000 integrand evaluations so far
[1] 165.606 +- 9.05908  	chisq 22.173 (6 df)

Iteration 8:  36000000 integrand evaluations so far
[1] 183.791 +- 5.96781  	chisq 29.2917 (7 df)

Iteration 9:  45000000 integrand evaluations so far
[1] 194.475 +- 4.50331  	chisq 36.7356 (8 df)

Iteration 10:  55000000 integrand evaluations so far
[1] 202.697 +- 3.28128  	chisq 43.8415 (9 df)
   202.7 ±    3.3        (1.82mi) ┃     283 ±     33        (  36mi) ┃
┃   58 -    60 ┃   29 -    30 ┃   214.5 ±   0.13        (1.58mi) ┃-179.283 ±  0.099        (10.5mi) ┃Vegas input parameters:
  ndim 10
  ncomp 1
  nvec 1
  epsrel 0
  epsabs 0
  flags 10
  seed 123456
  mineval 50000000
  maxeval 50000000
  nstart 1000000
  nincrease 1000000
  nbatch 5000
  gridno 0
  statefile ""

Iteration 1:  1000000 integrand evaluations so far
[1] 34.7451 +- 170.013  	chisq 0 (0 df)

Iteration 2:  3000000 integrand evaluations so far
[1] 42.4179 +- 169.847  	chisq 1.04456 (1 df)

Iteration 3:  6000000 integrand evaluations so far
[1] 31.0853 +- 103.08  	chisq 1.05161 (2 df)

Iteration 4:  10000000 integrand evaluations so far
[1] 9.11889 +- 28.2954  	chisq 1.10072 (3 df)

Iteration 5:  15000000 integrand evaluations so far
[1] 11.6955 +- 26.7942  	chisq 1.181 (4 df)

Iteration 6:  21000000 integrand evaluations so far
[1] 14.1128 +- 26.5811  	chisq 1.69493 (5 df)

Iteration 7:  28000000 integrand evaluations so far
[1] 12.996 +- 25.9357  	chisq 1.73173 (6 df)

Iteration 8:  36000000 integrand evaluations so far
[1] 19.3532 +- 22.4384  	chisq 1.97062 (7 df)

Iteration 9:  45000000 integrand evaluations so far
[1] 19.1613 +- 22.3359  	chisq 1.97864 (8 df)

Iteration 10:  55000000 integrand evaluations so far
[1] 20.1057 +- 22.2942  	chisq 2.45782 (9 df)
      20 ±     22        ( 3.6mi) ┃Vegas input parameters:
  ndim 8
  ncomp 1
  nvec 1
  epsrel 0
  epsabs 0
  flags 10
  seed 123456
  mineval 5000000
  maxeval 50000000
  nstart 1000000
  nincrease 1000000
  nbatch 5000
  gridno 0
  statefile ""

Iteration 1:  1000000 integrand evaluations so far
[1] 132.71 +- 38.0524  	chisq 0 (0 df)

Iteration 2:  3000000 integrand evaluations so far
[1] 128.449 +- 33.0544  	chisq 0.0510965 (1 df)

Iteration 3:  6000000 integrand evaluations so far
[1] 133.19 +- 32.2806  	chisq 0.495721 (2 df)

Iteration 4:  10000000 integrand evaluations so far
[1] 109.707 +- 20.7778  	chisq 1.39925 (3 df)

Iteration 5:  15000000 integrand evaluations so far
[1] 111.599 +- 20.6898  	chisq 2.38001 (4 df)

Iteration 6:  21000000 integrand evaluations so far
[1] 121.129 +- 14.6182  	chisq 2.80363 (5 df)

Iteration 7:  28000000 integrand evaluations so far
[1] 125.486 +- 14.1737  	chisq 4.28637 (6 df)

Iteration 8:  36000000 integrand evaluations so far
[1] 129.46 +- 13.9264  	chisq 6.55979 (7 df)

Iteration 9:  45000000 integrand evaluations so far
[1] 147.008 +- 11.2703  	chisq 11.1607 (8 df)

Iteration 10:  55000000 integrand evaluations so far
[1] 175.419 +- 7.57929  	chisq 22.7633 (9 df)
   175.4 ±    7.6        (1.87mi) ┃     231 ±     24        (17.5mi) ┃
┃   58 -    60 ┃   30 -    31 ┃  207.67 ±    0.2        (3.29mi) ┃ -173.22 ±  0.097        (7.12mi) ┃Vegas input parameters:
  ndim 10
  ncomp 1
  nvec 1
  epsrel 0
  epsabs 0
  flags 10
  seed 123456
  mineval 50000000
  maxeval 50000000
  nstart 1000000
  nincrease 1000000
  nbatch 5000
  gridno 0
  statefile ""

Iteration 1:  1000000 integrand evaluations so far
[1] -26.8808 +- 41.6876  	chisq 0 (0 df)

Iteration 2:  3000000 integrand evaluations so far
[1] -12.2682 +- 40.3529  	chisq 1.95005 (1 df)

Iteration 3:  6000000 integrand evaluations so far
[1] -20.6368 +- 34.7957  	chisq 2.11775 (2 df)

Iteration 4:  10000000 integrand evaluations so far
[1] -9.90961 +- 26.2359  	chisq 2.33802 (3 df)

Iteration 5:  15000000 integrand evaluations so far
[1] -12.3942 +- 22.9027  	chisq 2.37571 (4 df)

Iteration 6:  21000000 integrand evaluations so far
[1] -21.1177 +- 21.9928  	chisq 4.23865 (5 df)

Iteration 7:  28000000 integrand evaluations so far
[1] -15.1492 +- 19.8823  	chisq 4.64173 (6 df)

Iteration 8:  36000000 integrand evaluations so far
[1] -6.76759 +- 19.2246  	chisq 7.37319 (7 df)

Iteration 9:  45000000 integrand evaluations so far
[1] -7.38893 +- 19.1809  	chisq 7.60314 (8 df)

Iteration 10:  55000000 integrand evaluations so far
[1] -9.958 +- 17.509  	chisq 7.71073 (9 df)
     -10 ±     18        (3.58mi) ┃Vegas input parameters:
  ndim 8
  ncomp 1
  nvec 1
  epsrel 0
  epsabs 0
  flags 10
  seed 123456
  mineval 5000000
  maxeval 50000000
  nstart 1000000
  nincrease 1000000
  nbatch 5000
  gridno 0
  statefile ""

Iteration 1:  1000000 integrand evaluations so far
[1] 165.547 +- 36.2738  	chisq 0 (0 df)

Iteration 2:  3000000 integrand evaluations so far
[1] 143.382 +- 24.9962  	chisq 0.711017 (1 df)

Iteration 3:  6000000 integrand evaluations so far
[1] 108.153 +- 14.5998  	chisq 3.72583 (2 df)

Iteration 4:  10000000 integrand evaluations so far
[1] 121.395 +- 12.125  	chisq 6.37715 (3 df)

Iteration 5:  15000000 integrand evaluations so far
[1] 137.49 +- 10.0975  	chisq 12.1266 (4 df)

Iteration 6:  21000000 integrand evaluations so far
[1] 152.716 +- 7.66957  	chisq 17.5005 (5 df)

Iteration 7:  28000000 integrand evaluations so far
[1] 164.686 +- 5.18321  	chisq 21.9843 (6 df)

Iteration 8:  36000000 integrand evaluations so far
[1] 164.719 +- 5.18312  	chisq 23.0975 (7 df)

Iteration 9:  45000000 integrand evaluations so far
[1] 166.087 +- 5.00362  	chisq 24.1218 (8 df)

Iteration 10:  55000000 integrand evaluations so far
[1] 171.253 +- 4.47538  	chisq 29.4509 (9 df)
   171.3 ±    4.5        (1.87mi) ┃     196 ±     18        (15.9mi) ┃
┃   58 -    60 ┃   31 -    32 ┃ 189.927 ±  0.053        (6.04mi) ┃-157.821 ±  0.055        (7.28mi) ┃Vegas input parameters:
  ndim 10
  ncomp 1
  nvec 1
  epsrel 0
  epsabs 0
  flags 10
  seed 123456
  mineval 50000000
  maxeval 50000000
  nstart 1000000
  nincrease 1000000
  nbatch 5000
  gridno 0
  statefile ""

Iteration 1:  1000000 integrand evaluations so far
[1] -27.7311 +- 208.107  	chisq 0 (0 df)

Iteration 2:  3000000 integrand evaluations so far
[1] -42.8122 +- 39.2023  	chisq 0.00544486 (1 df)

Iteration 3:  6000000 integrand evaluations so far
[1] -30.3263 +- 38.2376  	chisq 2.09228 (2 df)

Iteration 4:  10000000 integrand evaluations so far
[1] -32.403 +- 36.7952  	chisq 2.13213 (3 df)

Iteration 5:  15000000 integrand evaluations so far
[1] -8.36407 +- 31.0061  	chisq 3.60438 (4 df)

Iteration 6:  21000000 integrand evaluations so far
[1] -10.6645 +- 27.7432  	chisq 3.63199 (5 df)

Iteration 7:  28000000 integrand evaluations so far
[1] -13.5373 +- 22.0541  	chisq 3.66112 (6 df)

Iteration 8:  36000000 integrand evaluations so far
[1] -19.5468 +- 21.5402  	chisq 5.27309 (7 df)

Iteration 9:  45000000 integrand evaluations so far
[1] -23.9132 +- 20.7573  	chisq 5.84888 (8 df)

Iteration 10:  55000000 integrand evaluations so far
[1] -21.6539 +- 20.6222  	chisq 6.76156 (9 df)
     -22 ±     21        (3.65mi) ┃Vegas input parameters:
  ndim 8
  ncomp 1
  nvec 1
  epsrel 0
  epsabs 0
  flags 10
  seed 123456
  mineval 5000000
  maxeval 50000000
  nstart 1000000
  nincrease 1000000
  nbatch 5000
  gridno 0
  statefile ""

Iteration 1:  1000000 integrand evaluations so far
[1] 213.305 +- 46.6701  	chisq 0 (0 df)

Iteration 2:  3000000 integrand evaluations so far
[1] 192.942 +- 38.4818  	chisq 0.594659 (1 df)

Iteration 3:  6000000 integrand evaluations so far
[1] 137.028 +- 21.6659  	chisq 3.6857 (2 df)

Iteration 4:  10000000 integrand evaluations so far
[1] 144.579 +- 21.1301  	chisq 6.17147 (3 df)

Iteration 5:  15000000 integrand evaluations so far
[1] 144.06 +- 15.7762  	chisq 6.17284 (4 df)

Iteration 6:  21000000 integrand evaluations so far
[1] 157.262 +- 11.2068  	chisq 7.58659 (5 df)

Iteration 7:  28000000 integrand evaluations so far
[1] 164.622 +- 10.3329  	chisq 10.4644 (6 df)

Iteration 8:  36000000 integrand evaluations so far
[1] 167.29 +- 7.0192  	chisq 10.5881 (7 df)

Iteration 9:  45000000 integrand evaluations so far
[1] 178.272 +- 5.66475  	chisq 17.6086 (8 df)

Iteration 10:  55000000 integrand evaluations so far
[1] 183.019 +- 5.17665  	chisq 21.8666 (9 df)
     183 ±    5.2        (1.87mi) ┃     193 ±     21        (18.8mi) ┃
┃   58 -    60 ┃   32 -    33 ┃  195.01 ±   0.13        (  12mi) ┃ -162.09 ±   0.11        (57.2mi) ┃Vegas input parameters:
  ndim 10
  ncomp 1
  nvec 1
  epsrel 0
  epsabs 0
  flags 10
  seed 123456
  mineval 50000000
  maxeval 50000000
  nstart 1000000
  nincrease 1000000
  nbatch 5000
  gridno 0
  statefile ""

Iteration 1:  1000000 integrand evaluations so far
[1] -106.3 +- 155.151  	chisq 0 (0 df)

Iteration 2:  3000000 integrand evaluations so far
[1] -50.702 +- 55.7365  	chisq 0.147439 (1 df)

Iteration 3:  6000000 integrand evaluations so far
[1] -65.7504 +- 52.7015  	chisq 0.835508 (2 df)

Iteration 4:  10000000 integrand evaluations so far
[1] -34.9362 +- 29.3035  	chisq 1.33037 (3 df)

Iteration 5:  15000000 integrand evaluations so far
[1] -26.6395 +- 27.8367  	chisq 2.15166 (4 df)

Iteration 6:  21000000 integrand evaluations so far
[1] -29.8505 +- 27.1798  	chisq 2.43694 (5 df)

Iteration 7:  28000000 integrand evaluations so far
[1] -8.68827 +- 23.123  	chisq 4.63149 (6 df)

Iteration 8:  36000000 integrand evaluations so far
[1] -9.62976 +- 20.796  	chisq 4.64017 (7 df)

Iteration 9:  45000000 integrand evaluations so far
[1] -14.6486 +- 20.554  	chisq 7.15765 (8 df)

Iteration 10:  55000000 integrand evaluations so far
[1] -16.8629 +- 18.3751  	chisq 7.21546 (9 df)
     -17 ±     18        ( 3.6mi) ┃Vegas input parameters:
  ndim 8
  ncomp 1
  nvec 1
  epsrel 0
  epsabs 0
  flags 10
  seed 123456
  mineval 5000000
  maxeval 50000000
  nstart 1000000
  nincrease 1000000
  nbatch 5000
  gridno 0
  statefile ""

Iteration 1:  1000000 integrand evaluations so far
[1] 184.435 +- 45.9263  	chisq 0 (0 df)

Iteration 2:  3000000 integrand evaluations so far
[1] 29.5117 +- 5.98832  	chisq 11.576 (1 df)

Iteration 3:  6000000 integrand evaluations so far
[1] 33.3579 +- 5.77996  	chisq 17.6091 (2 df)

Iteration 4:  10000000 integrand evaluations so far
[1] 33.6932 +- 5.77629  	chisq 20.2641 (3 df)

Iteration 5:  15000000 integrand evaluations so far
[1] 39.6913 +- 5.65286  	chisq 45.7649 (4 df)

Iteration 6:  21000000 integrand evaluations so far
[1] 43.5639 +- 5.57499  	chisq 62.9198 (5 df)

Iteration 7:  28000000 integrand evaluations so far
[1] 43.8063 +- 5.57247  	chisq 65.0073 (6 df)

Iteration 8:  36000000 integrand evaluations so far
[1] 51.3019 +- 5.37333  	chisq 90.7825 (7 df)

Iteration 9:  45000000 integrand evaluations so far
[1] 81.1503 +- 4.5044  	chisq 194.584 (8 df)

Iteration 10:  55000000 integrand evaluations so far
[1] 98.0065 +- 3.95812  	chisq 256.045 (9 df)
      98 ±      4        (1.85mi) ┃     114 ±     19        (1.24hr) ┃
┃   58 -    60 ┃   33 -    34 ┃  178.93 ±    0.1        (1.56mi) ┃-150.245 ±   0.02        (7.51mi) ┃Vegas input parameters:
  ndim 10
  ncomp 1
  nvec 1
  epsrel 0
  epsabs 0
  flags 10
  seed 123456
  mineval 50000000
  maxeval 50000000
  nstart 1000000
  nincrease 1000000
  nbatch 5000
  gridno 0
  statefile ""

Iteration 1:  1000000 integrand evaluations so far
[1] 471.649 +- 211.792  	chisq 0 (0 df)

Iteration 2:  3000000 integrand evaluations so far
[1] 260.217 +- 125.745  	chisq 1.53917 (1 df)

Iteration 3:  6000000 integrand evaluations so far
[1] 221.543 +- 114.604  	chisq 2.0977 (2 df)

Iteration 4:  10000000 integrand evaluations so far
[1] 14.1225 +- 40.6951  	chisq 5.84605 (3 df)

Iteration 5:  15000000 integrand evaluations so far
[1] 20.9425 +- 36.8084  	chisq 6.00045 (4 df)

Iteration 6:  21000000 integrand evaluations so far
[1] -11.1417 +- 32.4011  	chisq 9.37525 (5 df)

Iteration 7:  28000000 integrand evaluations so far
[1] -7.20309 +- 32.3065  	chisq 11.9085 (6 df)

Iteration 8:  36000000 integrand evaluations so far
[1] -7.64676 +- 32.2933  	chisq 12.1404 (7 df)

Iteration 9:  45000000 integrand evaluations so far
[1] 24.1408 +- 14.3218  	chisq 13.3465 (8 df)

Iteration 10:  55000000 integrand evaluations so far
[1] 19.1766 +- 13.0552  	chisq 14.0572 (9 df)
      19 ±     13        (3.65mi) ┃Vegas input parameters:
  ndim 8
  ncomp 1
  nvec 1
  epsrel 0
  epsabs 0
  flags 10
  seed 123456
  mineval 5000000
  maxeval 50000000
  nstart 1000000
  nincrease 1000000
  nbatch 5000
  gridno 0
  statefile ""

Iteration 1:  1000000 integrand evaluations so far
[1] 199.468 +- 44.3961  	chisq 0 (0 df)

Iteration 2:  3000000 integrand evaluations so far
[1] 60.6191 +- 10.0563  	chisq 10.3102 (1 df)

Iteration 3:  6000000 integrand evaluations so far
[1] 70.7543 +- 9.0508  	chisq 15.6569 (2 df)

Iteration 4:  10000000 integrand evaluations so far
[1] 85.5211 +- 8.13571  	chisq 29.522 (3 df)

Iteration 5:  15000000 integrand evaluations so far
[1] 94.7932 +- 7.75577  	chisq 43.7612 (4 df)

Iteration 6:  21000000 integrand evaluations so far
[1] 95.1169 +- 7.75184  	chisq 45.4776 (5 df)

Iteration 7:  28000000 integrand evaluations so far
[1] 102.124 +- 7.18516  	chisq 51.2786 (6 df)

Iteration 8:  36000000 integrand evaluations so far
[1] 119.101 +- 6.39793  	chisq 78.2321 (7 df)

Iteration 9:  45000000 integrand evaluations so far
[1] 145.289 +- 4.87258  	chisq 118.126 (8 df)

Iteration 10:  55000000 integrand evaluations so far
[1] 155.204 +- 4.35649  	chisq 138.765 (9 df)
   155.2 ±    4.4        (1.81mi) ┃     203 ±     14        (14.5mi) ┃
┃   58 -    60 ┃   34 -    35 ┃  189.52 ±   0.19        (1.74mi) ┃-158.782 ±  0.082        (2.16mi) ┃Vegas input parameters:
  ndim 10
  ncomp 1
  nvec 1
  epsrel 0
  epsabs 0
  flags 10
  seed 123456
  mineval 50000000
  maxeval 50000000
  nstart 1000000
  nincrease 1000000
  nbatch 5000
  gridno 0
  statefile ""

Iteration 1:  1000000 integrand evaluations so far
[1] -6.87089 +- 38.7962  	chisq 0 (0 df)

Iteration 2:  3000000 integrand evaluations so far
[1] -11.5031 +- 33.7166  	chisq 0.0582557 (1 df)

Iteration 3:  6000000 integrand evaluations so far
[1] -4.23918 +- 32.5879  	chisq 0.763304 (2 df)

Iteration 4:  10000000 integrand evaluations so far
[1] 0.409533 +- 32.2412  	chisq 1.72466 (3 df)

Iteration 5:  15000000 integrand evaluations so far
[1] -15.0948 +- 25.9206  	chisq 2.37856 (4 df)

Iteration 6:  21000000 integrand evaluations so far
[1] -1.5793 +- 23.0236  	chisq 3.66685 (5 df)

Iteration 7:  28000000 integrand evaluations so far
[1] -5.20771 +- 19.1919  	chisq 3.74824 (6 df)

Iteration 8:  36000000 integrand evaluations so far
[1] -0.88186 +- 18.0494  	chisq 4.18802 (7 df)

Iteration 9:  45000000 integrand evaluations so far
[1] 3.43585 +- 17.4972  	chisq 5.1378 (8 df)

Iteration 10:  55000000 integrand evaluations so far
[1] 4.20181 +- 16.7711  	chisq 5.16138 (9 df)
       4 ±     17        (3.62mi) ┃Vegas input parameters:
  ndim 8
  ncomp 1
  nvec 1
  epsrel 0
  epsabs 0
  flags 10
  seed 123456
  mineval 5000000
  maxeval 50000000
  nstart 1000000
  nincrease 1000000
  nbatch 5000
  gridno 0
  statefile ""

Iteration 1:  1000000 integrand evaluations so far
[1] 150.619 +- 35.0567  	chisq 0 (0 df)

Iteration 2:  3000000 integrand evaluations so far
[1] 151.129 +- 33.2285  	chisq 0.00208472 (1 df)

Iteration 3:  6000000 integrand evaluations so far
[1] 134.381 +- 26.3604  	chisq 0.687436 (2 df)

Iteration 4:  10000000 integrand evaluations so far
[1] 136.705 +- 23.9359  	chisq 0.731723 (3 df)

Iteration 5:  15000000 integrand evaluations so far
[1] 132.537 +- 12.9707  	chisq 0.774647 (4 df)

Iteration 6:  21000000 integrand evaluations so far
[1] 139.31 +- 12.4101  	chisq 3.99862 (5 df)

Iteration 7:  28000000 integrand evaluations so far
[1] 130.861 +- 7.48126  	chisq 4.72687 (6 df)

Iteration 8:  36000000 integrand evaluations so far
[1] 135.223 +- 7.16744  	chisq 8.86626 (7 df)

Iteration 9:  45000000 integrand evaluations so far
[1] 146.284 +- 5.69464  	chisq 15.325 (8 df)

Iteration 10:  55000000 integrand evaluations so far
[1] 154.307 +- 4.43666  	chisq 20.3757 (9 df)
   154.3 ±    4.4        (1.87mi) ┃     189 ±     17        (9.39mi) ┃
┃   58 -    60 ┃   35 -    36 ┃ 184.615 ±  0.095        (6.49mi) ┃-154.124 ±  0.037        (  56mi) ┃Vegas input parameters:
  ndim 10
  ncomp 1
  nvec 1
  epsrel 0
  epsabs 0
  flags 10
  seed 123456
  mineval 50000000
  maxeval 50000000
  nstart 1000000
  nincrease 1000000
  nbatch 5000
  gridno 0
  statefile ""

Iteration 1:  1000000 integrand evaluations so far
[1] -76.4076 +- 121.547  	chisq 0 (0 df)

Iteration 2:  3000000 integrand evaluations so far
[1] -59.6209 +- 67.9844  	chisq 0.0277578 (1 df)

Iteration 3:  6000000 integrand evaluations so far
[1] -58.2601 +- 40.3128  	chisq 0.0283757 (2 df)

Iteration 4:  10000000 integrand evaluations so far
[1] -57.3566 +- 40.3038  	chisq 1.14452 (3 df)

Iteration 5:  15000000 integrand evaluations so far
[1] -66.9738 +- 34.3287  	chisq 1.35192 (4 df)

Iteration 6:  21000000 integrand evaluations so far
[1] -53.0591 +- 31.2843  	chisq 2.32122 (5 df)

Iteration 7:  28000000 integrand evaluations so far
[1] -58.3282 +- 30.5242  	chisq 2.91219 (6 df)

Iteration 8:  36000000 integrand evaluations so far
[1] -59.3165 +- 23.5004  	chisq 2.91476 (7 df)

Iteration 9:  45000000 integrand evaluations so far
[1] -42.2023 +- 21.333  	chisq 5.92897 (8 df)

Iteration 10:  55000000 integrand evaluations so far
[1] -34.6234 +- 20.8055  	chisq 8.51319 (9 df)
     -35 ±     21        (3.63mi) ┃Vegas input parameters:
  ndim 8
  ncomp 1
  nvec 1
  epsrel 0
  epsabs 0
  flags 10
  seed 123456
  mineval 5000000
  maxeval 50000000
  nstart 1000000
  nincrease 1000000
  nbatch 5000
  gridno 0
  statefile ""

Iteration 1:  1000000 integrand evaluations so far
[1] 198.3 +- 44.2046  	chisq 0 (0 df)

Iteration 2:  3000000 integrand evaluations so far
[1] 81.459 +- 13.5833  	chisq 7.71487 (1 df)

Iteration 3:  6000000 integrand evaluations so far
[1] 90.3538 +- 12.0598  	chisq 9.74014 (2 df)

Iteration 4:  10000000 integrand evaluations so far
[1] 99.67 +- 11.0998  	chisq 13.6436 (3 df)

Iteration 5:  15000000 integrand evaluations so far
[1] 110.621 +- 9.9543  	chisq 18.6163 (4 df)

Iteration 6:  21000000 integrand evaluations so far
[1] 129.686 +- 8.56458  	chisq 32.7387 (5 df)

Iteration 7:  28000000 integrand evaluations so far
[1] 143.645 +- 5.02976  	chisq 36.7939 (6 df)

Iteration 8:  36000000 integrand evaluations so far
[1] 150.804 +- 3.07717  	chisq 40.0319 (7 df)

Iteration 9:  45000000 integrand evaluations so far
[1] 152.49 +- 2.1239  	chisq 40.6048 (8 df)

Iteration 10:  55000000 integrand evaluations so far
[1] 152.138 +- 1.60187  	chisq 40.6684 (9 df)
   152.1 ±    1.6        (1.85mi) ┃     148 ±     21        (1.13hr) ┃
┃   58 -    60 ┃   36 -    37 ┃  155.18 ±   0.12        (3.13mi) ┃-129.628 ±  0.033        (7.46mi) ┃Vegas input parameters:
  ndim 10
  ncomp 1
  nvec 1
  epsrel 0
  epsabs 0
  flags 10
  seed 123456
  mineval 50000000
  maxeval 50000000
  nstart 1000000
  nincrease 1000000
  nbatch 5000
  gridno 0
  statefile ""

Iteration 1:  1000000 integrand evaluations so far
[1] 35.1473 +- 81.4856  	chisq 0 (0 df)

Iteration 2:  3000000 integrand evaluations so far
[1] -31.7979 +- 56.542  	chisq 1.30171 (1 df)

Iteration 3:  6000000 integrand evaluations so far
[1] 21.5213 +- 39.7877  	chisq 3.0632 (2 df)

Iteration 4:  10000000 integrand evaluations so far
[1] 21.645 +- 39.1399  	chisq 3.0635 (3 df)

Iteration 5:  15000000 integrand evaluations so far
[1] 20.1537 +- 25.0227  	chisq 3.06595 (4 df)

Iteration 6:  21000000 integrand evaluations so far
[1] 12.4099 +- 24.3693  	chisq 4.92395 (5 df)

Iteration 7:  28000000 integrand evaluations so far
[1] 12.9554 +- 24.362  	chisq 5.76628 (6 df)

Iteration 8:  36000000 integrand evaluations so far
[1] 20.9529 +- 22.9178  	chisq 6.70299 (7 df)

Iteration 9:  45000000 integrand evaluations so far
[1] 17.4962 +- 20.487  	chisq 6.81624 (8 df)

Iteration 10:  55000000 integrand evaluations so far
[1] 17.1327 +- 20.3057  	chisq 6.83411 (9 df)
      17 ±     20        (3.67mi) ┃Vegas input parameters:
  ndim 8
  ncomp 1
  nvec 1
  epsrel 0
  epsabs 0
  flags 10
  seed 123456
  mineval 5000000
  maxeval 50000000
  nstart 1000000
  nincrease 1000000
  nbatch 5000
  gridno 0
  statefile ""

Iteration 1:  1000000 integrand evaluations so far
[1] 131.238 +- 34.2409  	chisq 0 (0 df)

Iteration 2:  3000000 integrand evaluations so far
[1] 117.49 +- 28.8893  	chisq 0.559425 (1 df)

Iteration 3:  6000000 integrand evaluations so far
[1] 100.077 +- 23.4902  	chisq 1.63155 (2 df)

Iteration 4:  10000000 integrand evaluations so far
[1] 81.6561 +- 17.8332  	chisq 3.08317 (3 df)

Iteration 5:  15000000 integrand evaluations so far
[1] 50.6819 +- 6.00674  	chisq 6.486 (4 df)

Iteration 6:  21000000 integrand evaluations so far
[1] 53.7544 +- 5.90644  	chisq 14.3869 (5 df)

Iteration 7:  28000000 integrand evaluations so far
[1] 71.3279 +- 5.05116  	chisq 47.3397 (6 df)

Iteration 8:  36000000 integrand evaluations so far
[1] 85.3578 +- 4.35712  	chisq 77.4846 (7 df)

Iteration 9:  45000000 integrand evaluations so far
[1] 89.6772 +- 4.2224  	chisq 93.6262 (8 df)

Iteration 10:  55000000 integrand evaluations so far
[1] 94.7488 +- 4.10849  	chisq 120.731 (9 df)
    94.7 ±    4.1        (1.87mi) ┃     137 ±     21        (16.1mi) ┃
┃   58 -    60 ┃   37 -    38 ┃ 187.254 ±  0.081        (6.38mi) ┃-156.178 ±  0.044        (14.1mi) ┃Vegas input parameters:
  ndim 10
  ncomp 1
  nvec 1
  epsrel 0
  epsabs 0
  flags 10
  seed 123456
  mineval 50000000
  maxeval 50000000
  nstart 1000000
  nincrease 1000000
  nbatch 5000
  gridno 0
  statefile ""

Iteration 1:  1000000 integrand evaluations so far
[1] 30.551 +- 136.834  	chisq 0 (0 df)

Iteration 2:  3000000 integrand evaluations so far
[1] -21.3005 +- 27.8323  	chisq 0.149791 (1 df)

Iteration 3:  6000000 integrand evaluations so far
[1] -26.0769 +- 24.5994  	chisq 0.284384 (2 df)

Iteration 4:  10000000 integrand evaluations so far
[1] -21.8372 +- 22.5891  	chisq 0.473866 (3 df)

Iteration 5:  15000000 integrand evaluations so far
[1] -23.8026 +- 20.0135  	chisq 0.509068 (4 df)

Iteration 6:  21000000 integrand evaluations so far
[1] -1.72169 +- 15.7587  	chisq 3.7125 (5 df)

Iteration 7:  28000000 integrand evaluations so far
[1] -1.26654 +- 15.0198  	chisq 3.72161 (6 df)

Iteration 8:  36000000 integrand evaluations so far
[1] 7.85265 +- 13.9774  	chisq 6.47269 (7 df)

Iteration 9:  45000000 integrand evaluations so far
[1] 8.63763 +- 13.9269  	chisq 6.90954 (8 df)

Iteration 10:  55000000 integrand evaluations so far
[1] 2.1316 +- 13.1741  	chisq 8.98456 (9 df)
       2 ±     13        (3.62mi) ┃Vegas input parameters:
  ndim 8
  ncomp 1
  nvec 1
  epsrel 0
  epsabs 0
  flags 10
  seed 123456
  mineval 5000000
  maxeval 50000000
  nstart 1000000
  nincrease 1000000
  nbatch 5000
  gridno 0
  statefile ""

Iteration 1:  1000000 integrand evaluations so far
[1] 183.924 +- 42.7966  	chisq 0 (0 df)

Iteration 2:  3000000 integrand evaluations so far
[1] 189.176 +- 41.6793  	chisq 0.292177 (1 df)

Iteration 3:  6000000 integrand evaluations so far
[1] 63.0211 +- 15.9317  	chisq 11.0213 (2 df)

Iteration 4:  10000000 integrand evaluations so far
[1] 69.8146 +- 14.9101  	chisq 12.486 (3 df)

Iteration 5:  15000000 integrand evaluations so far
[1] 73.7225 +- 14.7004  	chisq 14.9464 (4 df)

Iteration 6:  21000000 integrand evaluations so far
[1] 81.3482 +- 14.0824  	chisq 18.2152 (5 df)

Iteration 7:  28000000 integrand evaluations so far
[1] 108.074 +- 9.92621  	chisq 25.3735 (6 df)

Iteration 8:  36000000 integrand evaluations so far
[1] 112.179 +- 9.75811  	chisq 30.4643 (7 df)

Iteration 9:  45000000 integrand evaluations so far
[1] 122.771 +- 7.96163  	chisq 33.989 (8 df)

Iteration 10:  55000000 integrand evaluations so far
[1] 131.63 +- 6.11934  	chisq 37.0142 (9 df)
   131.6 ±    6.1        (1.89mi) ┃     165 ±     15        (  26mi) ┃
┃   58 -    60 ┃   38 -    39 ┃ 163.663 ±  0.053        (12.1mi) ┃-136.418 ±  0.067        (28.1mi) ┃Vegas input parameters:
  ndim 10
  ncomp 1
  nvec 1
  epsrel 0
  epsabs 0
  flags 10
  seed 123456
  mineval 50000000
  maxeval 50000000
  nstart 1000000
  nincrease 1000000
  nbatch 5000
  gridno 0
  statefile ""

Iteration 1:  1000000 integrand evaluations so far
[1] 603.409 +- 538.992  	chisq 0 (0 df)

Iteration 2:  3000000 integrand evaluations so far
[1] 86.2018 +- 58.143  	chisq 0.931637 (1 df)

Iteration 3:  6000000 integrand evaluations so far
[1] 67.8554 +- 56.8773  	chisq 3.24364 (2 df)

Iteration 4:  10000000 integrand evaluations so far
[1] 8.1355 +- 26.979  	chisq 4.66615 (3 df)

Iteration 5:  15000000 integrand evaluations so far
[1] 11.6766 +- 26.669  	chisq 5.42002 (4 df)

Iteration 6:  21000000 integrand evaluations so far
[1] 4.14931 +- 24.92  	chisq 6.04798 (5 df)

Iteration 7:  28000000 integrand evaluations so far
[1] 3.19377 +- 24.8897  	chisq 6.65304 (6 df)

Iteration 8:  36000000 integrand evaluations so far
[1] -18.401 +- 15.8399  	chisq 7.9182 (7 df)

Iteration 9:  45000000 integrand evaluations so far
[1] -16.839 +- 15.7117  	chisq 8.52155 (8 df)

Iteration 10:  55000000 integrand evaluations so far
[1] -16.4547 +- 15.7  	chisq 8.92175 (9 df)
     -16 ±     16        (3.61mi) ┃Vegas input parameters:
  ndim 8
  ncomp 1
  nvec 1
  epsrel 0
  epsabs 0
  flags 10
  seed 123456
  mineval 5000000
  maxeval 50000000
  nstart 1000000
  nincrease 1000000
  nbatch 5000
  gridno 0
  statefile ""

Iteration 1:  1000000 integrand evaluations so far
[1] 105.997 +- 28.7774  	chisq 0 (0 df)

Iteration 2:  3000000 integrand evaluations so far
[1] 33.4053 +- 7.60053  	chisq 6.84033 (1 df)

Iteration 3:  6000000 integrand evaluations so far
[1] 34.4892 +- 7.57356  	chisq 9.71134 (2 df)

Iteration 4:  10000000 integrand evaluations so far
[1] 39.378 +- 7.0064  	chisq 12.6016 (3 df)

Iteration 5:  15000000 integrand evaluations so far
[1] 43.6238 +- 6.85394  	chisq 21.1326 (4 df)

Iteration 6:  21000000 integrand evaluations so far
[1] 53.0175 +- 6.49722  	chisq 39.6606 (5 df)

Iteration 7:  28000000 integrand evaluations so far
[1] 75.1417 +- 5.63008  	chisq 86.2068 (6 df)

Iteration 8:  36000000 integrand evaluations so far
[1] 76.4027 +- 5.59891  	chisq 90.749 (7 df)

Iteration 9:  45000000 integrand evaluations so far
[1] 92.5807 +- 4.92522  	chisq 127.665 (8 df)

Iteration 10:  55000000 integrand evaluations so far
[1] 117.801 +- 3.71403  	chisq 188.45 (9 df)
   117.8 ±    3.7        (1.86mi) ┃     129 ±     16        (45.7mi) ┃
┃   58 -    60 ┃   39 -    40 ┃ 154.248 ±  0.052        (3.09mi) ┃-129.349 ±  0.099        ( 54.8s) ┃Vegas input parameters:
  ndim 10
  ncomp 1
  nvec 1
  epsrel 0
  epsabs 0
  flags 10
  seed 123456
  mineval 50000000
  maxeval 50000000
  nstart 1000000
  nincrease 1000000
  nbatch 5000
  gridno 0
  statefile ""

Iteration 1:  1000000 integrand evaluations so far
[1] -137.821 +- 55.4895  	chisq 0 (0 df)

Iteration 2:  3000000 integrand evaluations so far
[1] -117.342 +- 53.1153  	chisq 1.62667 (1 df)

Iteration 3:  6000000 integrand evaluations so far
[1] -63.9323 +- 42.9695  	chisq 4.55279 (2 df)

Iteration 4:  10000000 integrand evaluations so far
[1] -54.935 +- 36.5527  	chisq 4.71143 (3 df)

Iteration 5:  15000000 integrand evaluations so far
[1] -39.9558 +- 34.781  	chisq 6.48685 (4 df)

Iteration 6:  21000000 integrand evaluations so far
[1] -23.2298 +- 29.3015  	chisq 7.28357 (5 df)

Iteration 7:  28000000 integrand evaluations so far
[1] -25.824 +- 25.9785  	chisq 7.3202 (6 df)

Iteration 8:  36000000 integrand evaluations so far
[1] -23.7716 +- 25.7921  	chisq 7.75655 (7 df)

Iteration 9:  45000000 integrand evaluations so far
[1] -22.3258 +- 25.7475  	chisq 8.66579 (8 df)

Iteration 10:  55000000 integrand evaluations so far
[1] -23.1556 +- 25.7291  	chisq 9.39632 (9 df)
     -23 ±     26        (3.65mi) ┃Vegas input parameters:
  ndim 8
  ncomp 1
  nvec 1
  epsrel 0
  epsabs 0
  flags 10
  seed 123456
  mineval 5000000
  maxeval 50000000
  nstart 1000000
  nincrease 1000000
  nbatch 5000
  gridno 0
  statefile ""

Iteration 1:  1000000 integrand evaluations so far
[1] 108.911 +- 28.2614  	chisq 0 (0 df)

Iteration 2:  3000000 integrand evaluations so far
[1] 62.8735 +- 15.3546  	chisq 3.7649 (1 df)

Iteration 3:  6000000 integrand evaluations so far
[1] 65.0774 +- 15.2355  	chisq 5.09837 (2 df)

Iteration 4:  10000000 integrand evaluations so far
[1] 66.9793 +- 13.452  	chisq 5.16907 (3 df)

Iteration 5:  15000000 integrand evaluations so far
[1] 68.6368 +- 9.86721  	chisq 5.20194 (4 df)

Iteration 6:  21000000 integrand evaluations so far
[1] 73.7933 +- 9.58725  	chisq 10.0838 (5 df)

Iteration 7:  28000000 integrand evaluations so far
[1] 78.4985 +- 9.32899  	chisq 14.6155 (6 df)

Iteration 8:  36000000 integrand evaluations so far
[1] 95.8807 +- 6.87084  	chisq 22.2029 (7 df)

Iteration 9:  45000000 integrand evaluations so far
[1] 110.769 +- 5.11313  	chisq 32.726 (8 df)

Iteration 10:  55000000 integrand evaluations so far
[1] 112.153 +- 5.00636  	chisq 34.4981 (9 df)
   112.2 ±      5        (1.85mi) ┃     114 ±     26        ( 9.5mi) ┃
┃   58 -    60 ┃   40 -    41 ┃ 164.111 ±  0.063        (12.1mi) ┃ -136.28 ±   0.13        (13.9mi) ┃Vegas input parameters:
  ndim 10
  ncomp 1
  nvec 1
  epsrel 0
  epsabs 0
  flags 10
  seed 123456
  mineval 50000000
  maxeval 50000000
  nstart 1000000
  nincrease 1000000
  nbatch 5000
  gridno 0
  statefile ""

Iteration 1:  1000000 integrand evaluations so far
[1] -37.2771 +- 112.455  	chisq 0 (0 df)

Iteration 2:  3000000 integrand evaluations so far
[1] 65.9735 +- 65.773  	chisq 1.28133 (1 df)

Iteration 3:  6000000 integrand evaluations so far
[1] 65.0792 +- 65.312  	chisq 1.29457 (2 df)

Iteration 4:  10000000 integrand evaluations so far
[1] 73.6376 +- 61.287  	chisq 1.43831 (3 df)

Iteration 5:  15000000 integrand evaluations so far
[1] 69.6403 +- 60.9853  	chisq 1.8715 (4 df)

Iteration 6:  21000000 integrand evaluations so far
[1] 7.44383 +- 46.1848  	chisq 4.31033 (5 df)

Iteration 7:  28000000 integrand evaluations so far
[1] 12.2394 +- 45.9612  	chisq 5.4265 (6 df)

Iteration 8:  36000000 integrand evaluations so far
[1] 12.2339 +- 43.258  	chisq 5.4265 (7 df)

Iteration 9:  45000000 integrand evaluations so far
[1] -0.439946 +- 30.0164  	chisq 5.59205 (8 df)

Iteration 10:  55000000 integrand evaluations so far
[1] -6.40652 +- 29.4508  	chisq 6.65046 (9 df)
      -6 ±     29        (3.65mi) ┃Vegas input parameters:
  ndim 8
  ncomp 1
  nvec 1
  epsrel 0
  epsabs 0
  flags 10
  seed 123456
  mineval 5000000
  maxeval 50000000
  nstart 1000000
  nincrease 1000000
  nbatch 5000
  gridno 0
  statefile ""

Iteration 1:  1000000 integrand evaluations so far
[1] 129.346 +- 32.3236  	chisq 0 (0 df)

Iteration 2:  3000000 integrand evaluations so far
[1] 64.1235 +- 13.2478  	chisq 4.89355 (1 df)

Iteration 3:  6000000 integrand evaluations so far
[1] 67.5591 +- 12.2432  	chisq 5.35451 (2 df)

Iteration 4:  10000000 integrand evaluations so far
[1] 72.0591 +- 9.09748  	chisq 5.65615 (3 df)

Iteration 5:  15000000 integrand evaluations so far
[1] 78.9216 +- 8.44609  	chisq 9.77717 (4 df)

Iteration 6:  21000000 integrand evaluations so far
[1] 94.6307 +- 5.39821  	chisq 15.6255 (5 df)

Iteration 7:  28000000 integrand evaluations so far
[1] 100.987 +- 4.99098  	chisq 25.1744 (6 df)

Iteration 8:  36000000 integrand evaluations so far
[1] 110.769 +- 4.31126  	chisq 40.3093 (7 df)

Iteration 9:  45000000 integrand evaluations so far
[1] 119.115 +- 3.63315  	chisq 53.2394 (8 df)

Iteration 10:  55000000 integrand evaluations so far
[1] 120.66 +- 3.5513  	chisq 57.2969 (9 df)
   120.7 ±    3.6        (1.85mi) ┃     142 ±     30        (31.6mi) ┃
┃   58 -    60 ┃   41 -    42 ┃  160.88 ±   0.11        (3.29mi) ┃ -133.33 ±    0.1        (28.1mi) ┃Vegas input parameters:
  ndim 10
  ncomp 1
  nvec 1
  epsrel 0
  epsabs 0
  flags 10
  seed 123456
  mineval 50000000
  maxeval 50000000
  nstart 1000000
  nincrease 1000000
  nbatch 5000
  gridno 0
  statefile ""

Iteration 1:  1000000 integrand evaluations so far
[1] 13.9805 +- 98.8274  	chisq 0 (0 df)

Iteration 2:  3000000 integrand evaluations so far
[1] 51.9705 +- 87.7977  	chisq 0.701143 (1 df)

Iteration 3:  6000000 integrand evaluations so far
[1] 25.4051 +- 47.7655  	chisq 0.831185 (2 df)

Iteration 4:  10000000 integrand evaluations so far
[1] -8.28441 +- 39.115  	chisq 2.34136 (3 df)

Iteration 5:  15000000 integrand evaluations so far
[1] -15.3275 +- 35.281  	chisq 2.51527 (4 df)

Iteration 6:  21000000 integrand evaluations so far
[1] 17.7886 +- 27.8063  	chisq 4.84094 (5 df)

Iteration 7:  28000000 integrand evaluations so far
[1] 19.9832 +- 27.761  	chisq 6.75517 (6 df)

Iteration 8:  36000000 integrand evaluations so far
[1] 21.5234 +- 27.3341  	chisq 6.85602 (7 df)

Iteration 9:  45000000 integrand evaluations so far
[1] 20.095 +- 25.6877  	chisq 6.87939 (8 df)

Iteration 10:  55000000 integrand evaluations so far
[1] 6.21353 +- 19.9387  	chisq 7.614 (9 df)
       6 ±     20        (3.63mi) ┃Vegas input parameters:
  ndim 8
  ncomp 1
  nvec 1
  epsrel 0
  epsabs 0
  flags 10
  seed 123456
  mineval 5000000
  maxeval 50000000
  nstart 1000000
  nincrease 1000000
  nbatch 5000
  gridno 0
  statefile ""

Iteration 1:  1000000 integrand evaluations so far
[1] 158.299 +- 37.2347  	chisq 0 (0 df)

Iteration 2:  3000000 integrand evaluations so far
[1] 78.8173 +- 20.527  	chisq 6.54607 (1 df)

Iteration 3:  6000000 integrand evaluations so far
[1] 76.8563 +- 17.5176  	chisq 6.57966 (2 df)

Iteration 4:  10000000 integrand evaluations so far
[1] 87.4011 +- 12.6288  	chisq 7.33411 (3 df)

Iteration 5:  15000000 integrand evaluations so far
[1] 97.6422 +- 11.5154  	chisq 11.2355 (4 df)

Iteration 6:  21000000 integrand evaluations so far
[1] 110.145 +- 8.9487  	chisq 14.2115 (5 df)

Iteration 7:  28000000 integrand evaluations so far
[1] 120.412 +- 5.13832  	chisq 16.1755 (6 df)

Iteration 8:  36000000 integrand evaluations so far
[1] 121.083 +- 3.00754  	chisq 16.2014 (7 df)

Iteration 9:  45000000 integrand evaluations so far
[1] 123.067 +- 2.35976  	chisq 17.3341 (8 df)

Iteration 10:  55000000 integrand evaluations so far
[1] 122.647 +- 1.74578  	chisq 17.4042 (9 df)
   122.6 ±    1.7        (1.86mi) ┃     156 ±     20        (36.9mi) ┃
┃   58 -    60 ┃   42 -    43 ┃  141.54 ±   0.13        (12.2mi) ┃  -118.1 ±   0.11        (13.8mi) ┃Vegas input parameters:
  ndim 10
  ncomp 1
  nvec 1
  epsrel 0
  epsabs 0
  flags 10
  seed 123456
  mineval 50000000
  maxeval 50000000
  nstart 1000000
  nincrease 1000000
  nbatch 5000
  gridno 0
  statefile ""

Iteration 1:  1000000 integrand evaluations so far
[1] -291.729 +- 353.72  	chisq 0 (0 df)

Iteration 2:  3000000 integrand evaluations so far
[1] 2.83259 +- 27.1089  	chisq 0.697574 (1 df)

Iteration 3:  6000000 integrand evaluations so far
[1] -1.25869 +- 26.8348  	chisq 1.82959 (2 df)

Iteration 4:  10000000 integrand evaluations so far
[1] -1.23986 +- 26.8348  	chisq 2.8225 (3 df)

Iteration 5:  15000000 integrand evaluations so far
[1] 6.26184 +- 25.4062  	chisq 3.57653 (4 df)

Iteration 6:  21000000 integrand evaluations so far
[1] 10.3717 +- 12.4968  	chisq 3.61106 (5 df)

Iteration 7:  28000000 integrand evaluations so far
[1] 8.64372 +- 12.427  	chisq 5.32783 (6 df)

Iteration 8:  36000000 integrand evaluations so far
[1] 10.6315 +- 11.9786  	chisq 5.68889 (7 df)

Iteration 9:  45000000 integrand evaluations so far
[1] 10.549 +- 11.9783  	chisq 6.73263 (8 df)

Iteration 10:  55000000 integrand evaluations so far
[1] 9.72737 +- 11.5829  	chisq 6.8051 (9 df)
      10 ±     12        (3.59mi) ┃Vegas input parameters:
  ndim 8
  ncomp 1
  nvec 1
  epsrel 0
  epsabs 0
  flags 10
  seed 123456
  mineval 5000000
  maxeval 50000000
  nstart 1000000
  nincrease 1000000
  nbatch 5000
  gridno 0
  statefile ""

Iteration 1:  1000000 integrand evaluations so far
[1] 141.026 +- 34.4187  	chisq 0 (0 df)

Iteration 2:  3000000 integrand evaluations so far
[1] 50.172 +- 10.7713  	chisq 7.72441 (1 df)

Iteration 3:  6000000 integrand evaluations so far
[1] 51.5043 +- 10.7352  	chisq 10.0151 (2 df)

Iteration 4:  10000000 integrand evaluations so far
[1] 59.7538 +- 9.9598  	chisq 14.2557 (3 df)

Iteration 5:  15000000 integrand evaluations so far
[1] 69.9486 +- 9.01157  	chisq 20.0334 (4 df)

Iteration 6:  21000000 integrand evaluations so far
[1] 85.5015 +- 4.97528  	chisq 24.318 (5 df)

Iteration 7:  28000000 integrand evaluations so far
[1] 94.2266 +- 2.95342  	chisq 29.0669 (6 df)

Iteration 8:  36000000 integrand evaluations so far
[1] 99.6774 +- 2.23241  	chisq 37.0131 (7 df)

Iteration 9:  45000000 integrand evaluations so far
[1] 99.216 +- 1.42631  	chisq 37.0852 (8 df)

Iteration 10:  55000000 integrand evaluations so far
[1] 99.3002 +- 1.42392  	chisq 38.1278 (9 df)
    99.3 ±    1.4        (1.89mi) ┃     132 ±     12        (31.6mi) ┃
┃   58 -    60 ┃   43 -    44 ┃  174.81 ±   0.12        (6.07mi) ┃ -145.68 ±   0.11        (6.87mi) ┃Vegas input parameters:
  ndim 10
  ncomp 1
  nvec 1
  epsrel 0
  epsabs 0
  flags 10
  seed 123456
  mineval 50000000
  maxeval 50000000
  nstart 1000000
  nincrease 1000000
  nbatch 5000
  gridno 0
  statefile ""

Iteration 1:  1000000 integrand evaluations so far
[1] 171.897 +- 129.109  	chisq 0 (0 df)

Iteration 2:  3000000 integrand evaluations so far
[1] 5.78957 +- 42.0607  	chisq 1.8518 (1 df)

Iteration 3:  6000000 integrand evaluations so far
[1] 22.3648 +- 40.0879  	chisq 3.54701 (2 df)

Iteration 4:  10000000 integrand evaluations so far
[1] -5.32414 +- 23.4232  	chisq 4.27139 (3 df)

Iteration 5:  15000000 integrand evaluations so far
[1] -7.40548 +- 23.1931  	chisq 4.67516 (4 df)

Iteration 6:  21000000 integrand evaluations so far
[1] -15.4308 +- 21.3601  	chisq 5.46382 (5 df)

Iteration 7:  28000000 integrand evaluations so far
[1] -16.9209 +- 20.9469  	chisq 5.59084 (6 df)

Iteration 8:  36000000 integrand evaluations so far
[1] -27.6706 +- 18.6364  	chisq 6.85432 (7 df)

Iteration 9:  45000000 integrand evaluations so far
[1] -19.8006 +- 15.7883  	chisq 7.48603 (8 df)

Iteration 10:  55000000 integrand evaluations so far
[1] -10.8023 +- 14.7639  	chisq 10.0731 (9 df)
     -11 ±     15        (3.65mi) ┃Vegas input parameters:
  ndim 8
  ncomp 1
  nvec 1
  epsrel 0
  epsabs 0
  flags 10
  seed 123456
  mineval 5000000
  maxeval 50000000
  nstart 1000000
  nincrease 1000000
  nbatch 5000
  gridno 0
  statefile ""

Iteration 1:  1000000 integrand evaluations so far
[1] 146.407 +- 37.5835  	chisq 0 (0 df)

Iteration 2:  3000000 integrand evaluations so far
[1] 149.537 +- 37.1063  	chisq 0.274784 (1 df)

Iteration 3:  6000000 integrand evaluations so far
[1] 151.696 +- 36.9896  	chisq 0.814119 (2 df)

Iteration 4:  10000000 integrand evaluations so far
[1] 46.7182 +- 11.713  	chisq 9.76619 (3 df)

Iteration 5:  15000000 integrand evaluations so far
[1] 50.5659 +- 11.358  	chisq 11.5741 (4 df)

Iteration 6:  21000000 integrand evaluations so far
[1] 60.5953 +- 9.58896  	chisq 14.2886 (5 df)

Iteration 7:  28000000 integrand evaluations so far
[1] 71.2377 +- 8.54406  	chisq 20.2663 (6 df)

Iteration 8:  36000000 integrand evaluations so far
[1] 92.8206 +- 5.47709  	chisq 31.0988 (7 df)

Iteration 9:  45000000 integrand evaluations so far
[1] 101.077 +- 3.04324  	chisq 34.3863 (8 df)

Iteration 10:  55000000 integrand evaluations so far
[1] 107.631 +- 1.90066  	chisq 41.9895 (9 df)
   107.6 ±    1.9        (1.92mi) ┃     126 ±     15        (18.5mi) ┃
┃   58 -    60 ┃   44 -    45 ┃ 134.043 ±   0.08        (3.12mi) ┃-111.514 ±  0.056        (26.3mi) ┃Vegas input parameters:
  ndim 10
  ncomp 1
  nvec 1
  epsrel 0
  epsabs 0
  flags 10
  seed 123456
  mineval 50000000
  maxeval 50000000
  nstart 1000000
  nincrease 1000000
  nbatch 5000
  gridno 0
  statefile ""

Iteration 1:  1000000 integrand evaluations so far
[1] -597.484 +- 638.975  	chisq 0 (0 df)

Iteration 2:  3000000 integrand evaluations so far
[1] -15.299 +- 10.3092  	chisq 0.830362 (1 df)

Iteration 3:  6000000 integrand evaluations so far
[1] -12.8624 +- 9.90105  	chisq 1.55006 (2 df)

Iteration 4:  10000000 integrand evaluations so far
[1] -11.8506 +- 9.79567  	chisq 2.04334 (3 df)

Iteration 5:  15000000 integrand evaluations so far
[1] -11.62 +- 9.27608  	chisq 2.0487 (4 df)

Iteration 6:  21000000 integrand evaluations so far
[1] -6.85614 +- 9.05709  	chisq 7.70127 (5 df)

Iteration 7:  28000000 integrand evaluations so far
[1] -8.06924 +- 8.58295  	chisq 7.87722 (6 df)

Iteration 8:  36000000 integrand evaluations so far
[1] -8.79991 +- 8.55908  	chisq 9.18188 (7 df)

Iteration 9:  45000000 integrand evaluations so far
[1] -8.89799 +- 8.5416  	chisq 9.21407 (8 df)

Iteration 10:  55000000 integrand evaluations so far
[1] -9.49344 +- 8.51623  	chisq 10.0331 (9 df)
    -9.5 ±    8.5        (3.61mi) ┃Vegas input parameters:
  ndim 8
  ncomp 1
  nvec 1
  epsrel 0
  epsabs 0
  flags 10
  seed 123456
  mineval 5000000
  maxeval 50000000
  nstart 1000000
  nincrease 1000000
  nbatch 5000
  gridno 0
  statefile ""

Iteration 1:  1000000 integrand evaluations so far
[1] 105.559 +- 25.1454  	chisq 0 (0 df)

Iteration 2:  3000000 integrand evaluations so far
[1] 74.8517 +- 15.2351  	chisq 2.35624 (1 df)

Iteration 3:  6000000 integrand evaluations so far
[1] 67.3484 +- 11.7425  	chisq 2.95376 (2 df)

Iteration 4:  10000000 integrand evaluations so far
[1] 68.803 +- 11.4703  	chisq 3.28869 (3 df)

Iteration 5:  15000000 integrand evaluations so far
[1] 71.3109 +- 11.2056  	chisq 4.33648 (4 df)

Iteration 6:  21000000 integrand evaluations so far
[1] 78.3906 +- 7.37994  	chisq 5.04141 (5 df)

Iteration 7:  28000000 integrand evaluations so far
[1] 93.4812 +- 5.51143  	chisq 14.4955 (6 df)

Iteration 8:  36000000 integrand evaluations so far
[1] 98.9999 +- 4.87044  	chisq 19.0721 (7 df)

Iteration 9:  45000000 integrand evaluations so far
[1] 105.379 +- 3.40699  	chisq 22.4316 (8 df)

Iteration 10:  55000000 integrand evaluations so far
[1] 105.668 +- 3.39972  	chisq 24.1174 (9 df)
   105.7 ±    3.4        (1.85mi) ┃   118.7 ±    9.2        (34.9mi) ┃
┃   58 -    60 ┃   45 -    46 ┃ 128.707 ±  0.085        (3.18mi) ┃ -107.05 ±  0.079        (1.73mi) ┃Vegas input parameters:
  ndim 10
  ncomp 1
  nvec 1
  epsrel 0
  epsabs 0
  flags 10
  seed 123456
  mineval 50000000
  maxeval 50000000
  nstart 1000000
  nincrease 1000000
  nbatch 5000
  gridno 0
  statefile ""

Iteration 1:  1000000 integrand evaluations so far
[1] 63.8084 +- 69.0109  	chisq 0 (0 df)

Iteration 2:  3000000 integrand evaluations so far
[1] -22.9498 +- 52.3281  	chisq 3.71838 (1 df)

Iteration 3:  6000000 integrand evaluations so far
[1] 29.0083 +- 38.649  	chisq 5.88766 (2 df)

Iteration 4:  10000000 integrand evaluations so far
[1] 19.3372 +- 35.059  	chisq 6.24113 (3 df)

Iteration 5:  15000000 integrand evaluations so far
[1] 17.5224 +- 34.4208  	chisq 6.3154 (4 df)

Iteration 6:  21000000 integrand evaluations so far
[1] 5.15432 +- 22.9713  	chisq 6.54819 (5 df)

Iteration 7:  28000000 integrand evaluations so far
[1] -2.3227 +- 22.3935  	chisq 8.68078 (6 df)

Iteration 8:  36000000 integrand evaluations so far
[1] 1.79143 +- 21.7571  	chisq 9.28323 (7 df)

Iteration 9:  45000000 integrand evaluations so far
[1] 1.78534 +- 21.0569  	chisq 9.28323 (8 df)

Iteration 10:  55000000 integrand evaluations so far
[1] 7.41548 +- 19.8765  	chisq 9.93924 (9 df)
       7 ±     20        (3.64mi) ┃Vegas input parameters:
  ndim 8
  ncomp 1
  nvec 1
  epsrel 0
  epsabs 0
  flags 10
  seed 123456
  mineval 5000000
  maxeval 50000000
  nstart 1000000
  nincrease 1000000
  nbatch 5000
  gridno 0
  statefile ""

Iteration 1:  1000000 integrand evaluations so far
[1] 209.295 +- 44.1388  	chisq 0 (0 df)

Iteration 2:  3000000 integrand evaluations so far
[1] 182.738 +- 35.5819  	chisq 1.03386 (1 df)

Iteration 3:  6000000 integrand evaluations so far
[1] 86.424 +- 15.2584  	chisq 10.0117 (2 df)

Iteration 4:  10000000 integrand evaluations so far
[1] 91.8532 +- 13.8997  	chisq 10.7557 (3 df)

Iteration 5:  15000000 integrand evaluations so far
[1] 98.7777 +- 12.1926  	chisq 11.8322 (4 df)

Iteration 6:  21000000 integrand evaluations so far
[1] 97.7166 +- 6.28335  	chisq 11.8425 (5 df)

Iteration 7:  28000000 integrand evaluations so far
[1] 100.25 +- 3.72509  	chisq 12.0932 (6 df)

Iteration 8:  36000000 integrand evaluations so far
[1] 106.23 +- 3.08514  	chisq 20.2984 (7 df)

Iteration 9:  45000000 integrand evaluations so far
[1] 110.41 +- 2.2076  	chisq 24.0601 (8 df)

Iteration 10:  55000000 integrand evaluations so far
[1] 112.987 +- 1.69261  	chisq 27.3669 (9 df)
     113 ±    1.7        (1.88mi) ┃     142 ±     20        (10.4mi) ┃
┃   58 -    60 ┃   46 -    47 ┃ 163.505 ±  0.064        (1.83mi) ┃-136.119 ±  0.036        (13.7mi) ┃Vegas input parameters:
  ndim 10
  ncomp 1
  nvec 1
  epsrel 0
  epsabs 0
  flags 10
  seed 123456
  mineval 50000000
  maxeval 50000000
  nstart 1000000
  nincrease 1000000
  nbatch 5000
  gridno 0
  statefile ""

Iteration 1:  1000000 integrand evaluations so far
[1] -92.3863 +- 176.141  	chisq 0 (0 df)

Iteration 2:  3000000 integrand evaluations so far
[1] -42.6256 +- 59.0101  	chisq 0.0898983 (1 df)

Iteration 3:  6000000 integrand evaluations so far
[1] -34.3446 +- 43.4906  	chisq 0.133007 (2 df)

Iteration 4:  10000000 integrand evaluations so far
[1] -19.8459 +- 42.4265  	chisq 2.43237 (3 df)

Iteration 5:  15000000 integrand evaluations so far
[1] -28.3185 +- 41.376  	chisq 3.24776 (4 df)

Iteration 6:  21000000 integrand evaluations so far
[1] -21.7505 +- 21.3668  	chisq 3.28212 (5 df)

Iteration 7:  28000000 integrand evaluations so far
[1] -28.2433 +- 20.6169  	chisq 4.62111 (6 df)

Iteration 8:  36000000 integrand evaluations so far
[1] -13.8601 +- 15.5595  	chisq 5.75185 (7 df)

Iteration 9:  45000000 integrand evaluations so far
[1] -7.01345 +- 13.5237  	chisq 6.5436 (8 df)

Iteration 10:  55000000 integrand evaluations so far
[1] -3.89843 +- 13.3609  	chisq 8.75984 (9 df)
      -4 ±     13        (3.64mi) ┃Vegas input parameters:
  ndim 8
  ncomp 1
  nvec 1
  epsrel 0
  epsabs 0
  flags 10
  seed 123456
  mineval 5000000
  maxeval 50000000
  nstart 1000000
  nincrease 1000000
  nbatch 5000
  gridno 0
  statefile ""

Iteration 1:  1000000 integrand evaluations so far
[1] 112.16 +- 29.458  	chisq 0 (0 df)

Iteration 2:  3000000 integrand evaluations so far
[1] 14.369 +- 2.67435  	chisq 11.1119 (1 df)

Iteration 3:  6000000 integrand evaluations so far
[1] 15.9509 +- 2.60487  	chisq 17.9342 (2 df)

Iteration 4:  10000000 integrand evaluations so far
[1] 16.0991 +- 2.60372  	chisq 21.6153 (3 df)

Iteration 5:  15000000 integrand evaluations so far
[1] 17.7307 +- 2.57698  	chisq 40.8299 (4 df)

Iteration 6:  21000000 integrand evaluations so far
[1] 20.1034 +- 2.54172  	chisq 72.0228 (5 df)

Iteration 7:  28000000 integrand evaluations so far
[1] 27.6116 +- 2.4342  	chisq 177.388 (6 df)

Iteration 8:  36000000 integrand evaluations so far
[1] 39.2992 +- 2.26739  	chisq 351.556 (7 df)

Iteration 9:  45000000 integrand evaluations so far
[1] 59.789 +- 1.94755  	chisq 662.985 (8 df)

Iteration 10:  55000000 integrand evaluations so far
[1] 81.0401 +- 1.46335  	chisq 936.434 (9 df)
      81 ±    1.5        (1.88mi) ┃     105 ±     13        (  21mi) ┃
┃   58 -    60 ┃   47 -    48 ┃  131.76 ±   0.11        ( 55.1s) ┃-109.341 ±  0.064        (6.88mi) ┃Vegas input parameters:
  ndim 10
  ncomp 1
  nvec 1
  epsrel 0
  epsabs 0
  flags 10
  seed 123456
  mineval 50000000
  maxeval 50000000
  nstart 1000000
  nincrease 1000000
  nbatch 5000
  gridno 0
  statefile ""

Iteration 1:  1000000 integrand evaluations so far
[1] -76.118 +- 113.164  	chisq 0 (0 df)

Iteration 2:  3000000 integrand evaluations so far
[1] -25.8449 +- 25.2816  	chisq 0.207725 (1 df)

Iteration 3:  6000000 integrand evaluations so far
[1] -25.7785 +- 25.2815  	chisq 1.1959 (2 df)

Iteration 4:  10000000 integrand evaluations so far
[1] -23.096 +- 25.0991  	chisq 1.97875 (3 df)

Iteration 5:  15000000 integrand evaluations so far
[1] -0.720036 +- 15.3246  	chisq 3.24591 (4 df)

Iteration 6:  21000000 integrand evaluations so far
[1] 0.453483 +- 14.8174  	chisq 3.336 (5 df)

Iteration 7:  28000000 integrand evaluations so far
[1] 0.567417 +- 14.817  	chisq 4.35654 (6 df)

Iteration 8:  36000000 integrand evaluations so far
[1] -3.41875 +- 12.2523  	chisq 4.58541 (7 df)

Iteration 9:  45000000 integrand evaluations so far
[1] -6.29149 +- 12.1356  	chisq 7.48509 (8 df)

Iteration 10:  55000000 integrand evaluations so far
[1] -19.7716 +- 9.66638  	chisq 10.8606 (9 df)
   -19.8 ±    9.7        (3.67mi) ┃Vegas input parameters:
  ndim 8
  ncomp 1
  nvec 1
  epsrel 0
  epsabs 0
  flags 10
  seed 123456
  mineval 5000000
  maxeval 50000000
  nstart 1000000
  nincrease 1000000
  nbatch 5000
  gridno 0
  statefile ""

Iteration 1:  1000000 integrand evaluations so far
[1] 99.0308 +- 26.7945  	chisq 0 (0 df)

Iteration 2:  3000000 integrand evaluations so far
[1] 52.8238 +- 13.5449  	chisq 3.99467 (1 df)

Iteration 3:  6000000 integrand evaluations so far
[1] 55.9784 +- 13.2367  	chisq 5.20046 (2 df)

Iteration 4:  10000000 integrand evaluations so far
[1] 43.5782 +- 7.05581  	chisq 6.42639 (3 df)

Iteration 5:  15000000 integrand evaluations so far
[1] 51.2672 +- 6.20334  	chisq 11.6567 (4 df)

Iteration 6:  21000000 integrand evaluations so far
[1] 57.6424 +- 5.92445  	chisq 23.6733 (5 df)

Iteration 7:  28000000 integrand evaluations so far
[1] 75.8744 +- 4.41556  	chisq 44.9788 (6 df)

Iteration 8:  36000000 integrand evaluations so far
[1] 81.3865 +- 4.1923  	chisq 60.7886 (7 df)

Iteration 9:  45000000 integrand evaluations so far
[1] 88.2435 +- 2.79116  	chisq 65.5939 (8 df)

Iteration 10:  55000000 integrand evaluations so far
[1] 93.3861 +- 2.45185  	chisq 80.4601 (9 df)
    93.4 ±    2.5        (1.85mi) ┃      96 ±     10        (13.3mi) ┃
┃   58 -    60 ┃   48 -    49 ┃ 130.819 ± 0.0054        ( 54.3s) ┃-109.643 ±  0.045        (13.7mi) ┃Vegas input parameters:
  ndim 10
  ncomp 1
  nvec 1
  epsrel 0
  epsabs 0
  flags 10
  seed 123456
  mineval 50000000
  maxeval 50000000
  nstart 1000000
  nincrease 1000000
  nbatch 5000
  gridno 0
  statefile ""

Iteration 1:  1000000 integrand evaluations so far
[1] -65.9498 +- 76.5322  	chisq 0 (0 df)

Iteration 2:  3000000 integrand evaluations so far
[1] -66.5101 +- 61.3446  	chisq 0.0001499 (1 df)

Iteration 3:  6000000 integrand evaluations so far
[1] -32.7028 +- 22.8457  	chisq 0.352772 (2 df)

Iteration 4:  10000000 integrand evaluations so far
[1] -18.4825 +- 15.9319  	chisq 1.10704 (3 df)

Iteration 5:  15000000 integrand evaluations so far
[1] -19.2881 +- 13.6888  	chisq 1.1168 (4 df)

Iteration 6:  21000000 integrand evaluations so far
[1] -10.5404 +- 11.0198  	chisq 2.27718 (5 df)

Iteration 7:  28000000 integrand evaluations so far
[1] -7.56014 +- 10.7287  	chisq 3.67991 (6 df)

Iteration 8:  36000000 integrand evaluations so far
[1] -11.8308 +- 9.59492  	chisq 4.47146 (7 df)

Iteration 9:  45000000 integrand evaluations so far
[1] -11.9486 +- 9.45075  	chisq 4.47651 (8 df)

Iteration 10:  55000000 integrand evaluations so far
[1] -15.2134 +- 9.25121  	chisq 7.33278 (9 df)
   -15.2 ±    9.3        (3.61mi) ┃Vegas input parameters:
  ndim 8
  ncomp 1
  nvec 1
  epsrel 0
  epsabs 0
  flags 10
  seed 123456
  mineval 5000000
  maxeval 50000000
  nstart 1000000
  nincrease 1000000
  nbatch 5000
  gridno 0
  statefile ""

Iteration 1:  1000000 integrand evaluations so far
[1] 118.043 +- 31.4563  	chisq 0 (0 df)

Iteration 2:  3000000 integrand evaluations so far
[1] 119.909 +- 31.3547  	chisq 0.545975 (1 df)

Iteration 3:  6000000 integrand evaluations so far
[1] 93.6001 +- 23.4924  	chisq 2.15114 (2 df)

Iteration 4:  10000000 integrand evaluations so far
[1] 27.8808 +- 6.07133  	chisq 10.5371 (3 df)

Iteration 5:  15000000 integrand evaluations so far
[1] 36.1698 +- 5.5828  	chisq 22.605 (4 df)

Iteration 6:  21000000 integrand evaluations so far
[1] 44.4013 +- 5.27943  	chisq 43.1669 (5 df)

Iteration 7:  28000000 integrand evaluations so far
[1] 47.1473 +- 5.2082  	chisq 53.2614 (6 df)

Iteration 8:  36000000 integrand evaluations so far
[1] 55.4673 +- 4.89429  	chisq 75.0889 (7 df)

Iteration 9:  45000000 integrand evaluations so far
[1] 71.9555 +- 4.03772  	chisq 110.622 (8 df)

Iteration 10:  55000000 integrand evaluations so far
[1] 88.6444 +- 3.09917  	chisq 152.203 (9 df)
    88.6 ±    3.1        (1.85mi) ┃    94.6 ±    9.8        (20.1mi) ┃
┃   58 -    60 ┃   49 -    50 ┃  141.23 ±   0.11        (6.12mi) ┃-119.192 ±  0.091        ( 53.4s) ┃Vegas input parameters:
  ndim 10
  ncomp 1
  nvec 1
  epsrel 0
  epsabs 0
  flags 10
  seed 123456
  mineval 50000000
  maxeval 50000000
  nstart 1000000
  nincrease 1000000
  nbatch 5000
  gridno 0
  statefile ""

Iteration 1:  1000000 integrand evaluations so far
[1] 74.3568 +- 81.1249  	chisq 0 (0 df)

Iteration 2:  3000000 integrand evaluations so far
[1] 45.9136 +- 44.7945  	chisq 0.176846 (1 df)

Iteration 3:  6000000 integrand evaluations so far
[1] 52.9956 +- 42.9398  	chisq 0.485082 (2 df)

Iteration 4:  10000000 integrand evaluations so far
[1] 52.0933 +- 42.9299  	chisq 1.44551 (3 df)

Iteration 5:  15000000 integrand evaluations so far
[1] -1.43004 +- 32.2996  	chisq 5.02773 (4 df)

Iteration 6:  21000000 integrand evaluations so far
[1] 7.01918 +- 20.6553  	chisq 5.1435 (5 df)

Iteration 7:  28000000 integrand evaluations so far
[1] -3.53154 +- 14.9381  	chisq 5.69053 (6 df)

Iteration 8:  36000000 integrand evaluations so far
[1] -3.79548 +- 14.0741  	chisq 5.69331 (7 df)

Iteration 9:  45000000 integrand evaluations so far
[1] -3.70014 +- 14.0738  	chisq 6.67052 (8 df)

Iteration 10:  55000000 integrand evaluations so far
[1] -3.30543 +- 14.0671  	chisq 7.49193 (9 df)
      -3 ±     14        (3.65mi) ┃Vegas input parameters:
  ndim 8
  ncomp 1
  nvec 1
  epsrel 0
  epsabs 0
  flags 10
  seed 123456
  mineval 5000000
  maxeval 50000000
  nstart 1000000
  nincrease 1000000
  nbatch 5000
  gridno 0
  statefile ""

Iteration 1:  1000000 integrand evaluations so far
[1] 106.226 +- 27.3329  	chisq 0 (0 df)

Iteration 2:  3000000 integrand evaluations so far
[1] 29.65 +- 7.58411  	chisq 8.50372 (1 df)

Iteration 3:  6000000 integrand evaluations so far
[1] 33.4929 +- 6.03776  	chisq 9.2048 (2 df)

Iteration 4:  10000000 integrand evaluations so far
[1] 35.6626 +- 5.92511  	chisq 12.698 (3 df)

Iteration 5:  15000000 integrand evaluations so far
[1] 36.6832 +- 5.89116  	chisq 15.2945 (4 df)

Iteration 6:  21000000 integrand evaluations so far
[1] 47.0213 +- 4.94559  	chisq 25.7245 (5 df)

Iteration 7:  28000000 integrand evaluations so far
[1] 50.8941 +- 4.79907  	chisq 36.2301 (6 df)

Iteration 8:  36000000 integrand evaluations so far
[1] 68.6516 +- 3.87715  	chisq 75.6519 (7 df)

Iteration 9:  45000000 integrand evaluations so far
[1] 85.0778 +- 2.283  	chisq 103.128 (8 df)

Iteration 10:  55000000 integrand evaluations so far
[1] 90.5186 +- 1.58705  	chisq 114.119 (9 df)
    90.5 ±    1.6        (1.88mi) ┃     109 ±     14        (12.5mi) ┃
┃   58 -    60 ┃   50 -    51 ┃  137.54 ±   0.14        (1.62mi) ┃-113.751 ±  0.077        (13.7mi) ┃Vegas input parameters:
  ndim 10
  ncomp 1
  nvec 1
  epsrel 0
  epsabs 0
  flags 10
  seed 123456
  mineval 50000000
  maxeval 50000000
  nstart 1000000
  nincrease 1000000
  nbatch 5000
  gridno 0
  statefile ""

Iteration 1:  1000000 integrand evaluations so far
[1] 325.033 +- 276.797  	chisq 0 (0 df)

Iteration 2:  3000000 integrand evaluations so far
[1] -53.484 +- 99.2317  	chisq 2.14582 (1 df)

Iteration 3:  6000000 integrand evaluations so far
[1] 13.1868 +- 61.4415  	chisq 2.87788 (2 df)

Iteration 4:  10000000 integrand evaluations so far
[1] -0.450502 +- 11.4766  	chisq 2.92893 (3 df)

Iteration 5:  15000000 integrand evaluations so far
[1] 1.34365 +- 10.9385  	chisq 3.19581 (4 df)

Iteration 6:  21000000 integrand evaluations so far
[1] -1.16446 +- 10.7767  	chisq 4.98585 (5 df)

Iteration 7:  28000000 integrand evaluations so far
[1] -1.76916 +- 10.7661  	chisq 6.59362 (6 df)

Iteration 8:  36000000 integrand evaluations so far
[1] 0.709158 +- 10.6631  	chisq 9.37594 (7 df)

Iteration 9:  45000000 integrand evaluations so far
[1] -0.27195 +- 10.6261  	chisq 10.5959 (8 df)

Iteration 10:  55000000 integrand evaluations so far
[1] -1.40076 +- 10.5369  	chisq 11.2713 (9 df)
      -1 ±     11        (3.64mi) ┃Vegas input parameters:
  ndim 8
  ncomp 1
  nvec 1
  epsrel 0
  epsabs 0
  flags 10
  seed 123456
  mineval 5000000
  maxeval 50000000
  nstart 1000000
  nincrease 1000000
  nbatch 5000
  gridno 0
  statefile ""

Iteration 1:  1000000 integrand evaluations so far
[1] 114.575 +- 29.5811  	chisq 0 (0 df)

Iteration 2:  3000000 integrand evaluations so far
[1] 103.772 +- 23.8057  	chisq 0.37849 (1 df)

Iteration 3:  6000000 integrand evaluations so far
[1] 51.2913 +- 8.46421  	chisq 5.94186 (2 df)

Iteration 4:  10000000 integrand evaluations so far
[1] 54.6733 +- 8.20688  	chisq 8.60793 (3 df)

Iteration 5:  15000000 integrand evaluations so far
[1] 64.7533 +- 6.31149  	chisq 12.3003 (4 df)

Iteration 6:  21000000 integrand evaluations so far
[1] 74.5864 +- 4.63829  	chisq 17.5778 (5 df)

Iteration 7:  28000000 integrand evaluations so far
[1] 82.3425 +- 3.60869  	chisq 24.6626 (6 df)

Iteration 8:  36000000 integrand evaluations so far
[1] 91.4552 +- 2.54397  	chisq 37.339 (7 df)

Iteration 9:  45000000 integrand evaluations so far
[1] 94.078 +- 1.66265  	chisq 39.1945 (8 df)

Iteration 10:  55000000 integrand evaluations so far
[1] 96.1944 +- 1.32492  	chisq 43.6333 (9 df)
    96.2 ±    1.3        (1.85mi) ┃     119 ±     11        (20.8mi) ┃
┃   58 -    60 ┃   51 -    52 ┃  116.38 ±   0.11        ( 26.5s) ┃ -96.849 ±  0.013        (6.96mi) ┃Vegas input parameters:
  ndim 10
  ncomp 1
  nvec 1
  epsrel 0
  epsabs 0
  flags 10
  seed 123456
  mineval 50000000
  maxeval 50000000
  nstart 1000000
  nincrease 1000000
  nbatch 5000
  gridno 0
  statefile ""

Iteration 1:  1000000 integrand evaluations so far
[1] 414.547 +- 382.687  	chisq 0 (0 df)

Iteration 2:  3000000 integrand evaluations so far
[1] 327.955 +- 376.719  	chisq 1.65454 (1 df)

Iteration 3:  6000000 integrand evaluations so far
[1] 30.6682 +- 30.0001  	chisq 2.28127 (2 df)

Iteration 4:  10000000 integrand evaluations so far
[1] 32.4567 +- 28.426  	chisq 2.31605 (3 df)

Iteration 5:  15000000 integrand evaluations so far
[1] 29.075 +- 28.0664  	chisq 2.87897 (4 df)

Iteration 6:  21000000 integrand evaluations so far
[1] 38.6044 +- 25.4367  	chisq 3.52441 (5 df)

Iteration 7:  28000000 integrand evaluations so far
[1] 34.4418 +- 25.2632  	chisq 5.49442 (6 df)

Iteration 8:  36000000 integrand evaluations so far
[1] 33.539 +- 25.2496  	chisq 6.6798 (7 df)

Iteration 9:  45000000 integrand evaluations so far
[1] 45.6974 +- 20.2913  	chisq 7.33446 (8 df)

Iteration 10:  55000000 integrand evaluations so far
[1] 41.6043 +- 19.9519  	chisq 8.56121 (9 df)
      42 ±     20        (3.66mi) ┃Vegas input parameters:
  ndim 8
  ncomp 1
  nvec 1
  epsrel 0
  epsabs 0
  flags 10
  seed 123456
  mineval 5000000
  maxeval 50000000
  nstart 1000000
  nincrease 1000000
  nbatch 5000
  gridno 0
  statefile ""

Iteration 1:  1000000 integrand evaluations so far
[1] 128.231 +- 30.7585  	chisq 0 (0 df)

Iteration 2:  3000000 integrand evaluations so far
[1] 104.035 +- 22.0267  	chisq 1.27018 (1 df)

Iteration 3:  6000000 integrand evaluations so far
[1] 92.2606 +- 15.2694  	chisq 1.82026 (2 df)

Iteration 4:  10000000 integrand evaluations so far
[1] 94.851 +- 14.7565  	chisq 2.25602 (3 df)

Iteration 5:  15000000 integrand evaluations so far
[1] 81.0368 +- 9.90734  	chisq 3.85162 (4 df)

Iteration 6:  21000000 integrand evaluations so far
[1] 82.0743 +- 9.87773  	chisq 5.68949 (5 df)

Iteration 7:  28000000 integrand evaluations so far
[1] 79.0489 +- 6.31334  	chisq 5.8481 (6 df)

Iteration 8:  36000000 integrand evaluations so far
[1] 80.3722 +- 6.24791  	chisq 7.9791 (7 df)

Iteration 9:  45000000 integrand evaluations so far
[1] 85.9336 +- 5.78349  	chisq 13.5144 (8 df)

Iteration 10:  55000000 integrand evaluations so far
[1] 93.6772 +- 4.85368  	chisq 19.577 (9 df)
    93.7 ±    4.9        (1.87mi) ┃     155 ±     21        (12.9mi) ┃
┃   58 -    60 ┃   52 -    53 ┃ 141.674 ±   0.07        (6.38mi) ┃-117.932 ±  0.021        (13.2mi) ┃Vegas input parameters:
  ndim 10
  ncomp 1
  nvec 1
  epsrel 0
  epsabs 0
  flags 10
  seed 123456
  mineval 50000000
  maxeval 50000000
  nstart 1000000
  nincrease 1000000
  nbatch 5000
  gridno 0
  statefile ""

Iteration 1:  1000000 integrand evaluations so far
[1] -119.508 +- 127.535  	chisq 0 (0 df)

Iteration 2:  3000000 integrand evaluations so far
[1] -45.4663 +- 48.5597  	chisq 0.394198 (1 df)

Iteration 3:  6000000 integrand evaluations so far
[1] -67.5934 +- 38.9998  	chisq 0.979112 (2 df)

Iteration 4:  10000000 integrand evaluations so far
[1] -55.6322 +- 25.5258  	chisq 1.14367 (3 df)

Iteration 5:  15000000 integrand evaluations so far
[1] -52.9368 +- 24.4664  	chisq 1.28086 (4 df)

Iteration 6:  21000000 integrand evaluations so far
[1] -48.5987 +- 24.2771  	chisq 3.32019 (5 df)

Iteration 7:  28000000 integrand evaluations so far
[1] -42.1921 +- 20.4197  	chisq 3.55824 (6 df)

Iteration 8:  36000000 integrand evaluations so far
[1] -30.9548 +- 17.4362  	chisq 4.67633 (7 df)

Iteration 9:  45000000 integrand evaluations so far
[1] -23.7126 +- 14.8668  	chisq 5.30823 (8 df)

Iteration 10:  55000000 integrand evaluations so far
[1] -19.9015 +- 13.1906  	chisq 5.61707 (9 df)
     -20 ±     13        (3.57mi) ┃Vegas input parameters:
  ndim 8
  ncomp 1
  nvec 1
  epsrel 0
  epsabs 0
  flags 10
  seed 123456
  mineval 5000000
  maxeval 50000000
  nstart 1000000
  nincrease 1000000
  nbatch 5000
  gridno 0
  statefile ""

Iteration 1:  1000000 integrand evaluations so far
[1] 152.427 +- 35.8728  	chisq 0 (0 df)

Iteration 2:  3000000 integrand evaluations so far
[1] 53.4737 +- 12.7632  	chisq 8.71184 (1 df)

Iteration 3:  6000000 integrand evaluations so far
[1] 61.1728 +- 11.3618  	chisq 10.4651 (2 df)

Iteration 4:  10000000 integrand evaluations so far
[1] 68.0154 +- 10.6595  	chisq 13.4926 (3 df)

Iteration 5:  15000000 integrand evaluations so far
[1] 74.5193 +- 9.71523  	chisq 15.6913 (4 df)

Iteration 6:  21000000 integrand evaluations so far
[1] 81.2771 +- 7.01715  	chisq 16.7028 (5 df)

Iteration 7:  28000000 integrand evaluations so far
[1] 89.839 +- 5.43863  	chisq 20.4312 (6 df)

Iteration 8:  36000000 integrand evaluations so far
[1] 95.9124 +- 4.61556  	chisq 24.8885 (7 df)

Iteration 9:  45000000 integrand evaluations so far
[1] 100.001 +- 3.12979  	chisq 26.341 (8 df)

Iteration 10:  55000000 integrand evaluations so far
[1] 100.961 +- 2.1405  	chisq 26.518 (9 df)
     101 ±    2.1        (1.87mi) ┃     105 ±     13        (25.1mi) ┃
┃   58 -    60 ┃   53 -    54 ┃ 119.278 ±  0.078        (3.24mi) ┃ -98.668 ±  0.054        (3.34mi) ┃Vegas input parameters:
  ndim 10
  ncomp 1
  nvec 1
  epsrel 0
  epsabs 0
  flags 10
  seed 123456
  mineval 50000000
  maxeval 50000000
  nstart 1000000
  nincrease 1000000
  nbatch 5000
  gridno 0
  statefile ""

Iteration 1:  1000000 integrand evaluations so far
[1] 38.8163 +- 189.561  	chisq 0 (0 df)

Iteration 2:  3000000 integrand evaluations so far
[1] -18.8928 +- 16.8614  	chisq 0.0934197 (1 df)

Iteration 3:  6000000 integrand evaluations so far
[1] -19.1444 +- 15.0981  	chisq 0.0945426 (2 df)

Iteration 4:  10000000 integrand evaluations so far
[1] -19.2174 +- 15.0979  	chisq 0.994523 (3 df)

Iteration 5:  15000000 integrand evaluations so far
[1] -0.578044 +- 8.22529  	chisq 3.162 (4 df)

Iteration 6:  21000000 integrand evaluations so far
[1] -0.0235504 +- 8.00061  	chisq 3.24633 (5 df)

Iteration 7:  28000000 integrand evaluations so far
[1] 0.0727858 +- 8.00015  	chisq 4.49565 (6 df)

Iteration 8:  36000000 integrand evaluations so far
[1] -1.53173 +- 7.81691  	chisq 5.38394 (7 df)

Iteration 9:  45000000 integrand evaluations so far
[1] -1.6702 +- 7.81559  	chisq 6.30925 (8 df)

Iteration 10:  55000000 integrand evaluations so far
[1] -2.02735 +- 7.79814  	chisq 6.7774 (9 df)
      -2 ±    7.8        (3.64mi) ┃Vegas input parameters:
  ndim 8
  ncomp 1
  nvec 1
  epsrel 0
  epsabs 0
  flags 10
  seed 123456
  mineval 5000000
  maxeval 50000000
  nstart 1000000
  nincrease 1000000
  nbatch 5000
  gridno 0
  statefile ""

Iteration 1:  1000000 integrand evaluations so far
[1] 95.9488 +- 29.4931  	chisq 0 (0 df)

Iteration 2:  3000000 integrand evaluations so far
[1] 95.3304 +- 27.8318  	chisq 0.00401614 (1 df)

Iteration 3:  6000000 integrand evaluations so far
[1] 97.3038 +- 26.0359  	chisq 0.0442729 (2 df)

Iteration 4:  10000000 integrand evaluations so far
[1] 83.907 +- 20.1174  	chisq 0.701307 (3 df)

Iteration 5:  15000000 integrand evaluations so far
[1] 66.4358 +- 12.5843  	chisq 1.9404 (4 df)

Iteration 6:  21000000 integrand evaluations so far
[1] 50.8609 +- 4.6905  	chisq 3.71929 (5 df)

Iteration 7:  28000000 integrand evaluations so far
[1] 57.5284 +- 4.12965  	chisq 12.7062 (6 df)

Iteration 8:  36000000 integrand evaluations so far
[1] 66.4335 +- 3.16988  	chisq 24.0255 (7 df)

Iteration 9:  45000000 integrand evaluations so far
[1] 76.079 +- 2.49139  	chisq 48.2466 (8 df)

Iteration 10:  55000000 integrand evaluations so far
[1] 76.5359 +- 2.47796  	chisq 51.3732 (9 df)
    76.5 ±    2.5        (1.86mi) ┃    95.1 ±    8.2        (12.1mi) ┃
┃   58 -    60 ┃   54 -    55 ┃ 102.579 ±  0.083        ( 53.2s) ┃ -85.667 ±  0.022        (25.4mi) ┃Vegas input parameters:
  ndim 10
  ncomp 1
  nvec 1
  epsrel 0
  epsabs 0
  flags 10
  seed 123456
  mineval 50000000
  maxeval 50000000
  nstart 1000000
  nincrease 1000000
  nbatch 5000
  gridno 0
  statefile ""

Iteration 1:  1000000 integrand evaluations so far
[1] -19.3738 +- 228.074  	chisq 0 (0 df)

Iteration 2:  3000000 integrand evaluations so far
[1] 6.5053 +- 41.1943  	chisq 0.0133092 (1 df)

Iteration 3:  6000000 integrand evaluations so far
[1] -8.62523 +- 17.6145  	chisq 0.178401 (2 df)

Iteration 4:  10000000 integrand evaluations so far
[1] -10.2319 +- 15.8112  	chisq 0.221227 (3 df)

Iteration 5:  15000000 integrand evaluations so far
[1] -10.7171 +- 13.9128  	chisq 0.225398 (4 df)

Iteration 6:  21000000 integrand evaluations so far
[1] -7.60744 +- 13.8235  	chisq 4.13111 (5 df)

Iteration 7:  28000000 integrand evaluations so far
[1] -13.3287 +- 11.3899  	chisq 4.66456 (6 df)

Iteration 8:  36000000 integrand evaluations so far
[1] -7.98648 +- 11.141  	chisq 9.75374 (7 df)

Iteration 9:  45000000 integrand evaluations so far
[1] -8.83637 +- 11.0299  	chisq 10.0471 (8 df)

Iteration 10:  55000000 integrand evaluations so far
[1] -9.46917 +- 10.9953  	chisq 10.5723 (9 df)
      -9 ±     11        (3.52mi) ┃Vegas input parameters:
  ndim 8
  ncomp 1
  nvec 1
  epsrel 0
  epsabs 0
  flags 10
  seed 123456
  mineval 5000000
  maxeval 50000000
  nstart 1000000
  nincrease 1000000
  nbatch 5000
  gridno 0
  statefile ""

Iteration 1:  1000000 integrand evaluations so far
[1] 105.821 +- 26.7295  	chisq 0 (0 df)

Iteration 2:  3000000 integrand evaluations so far
[1] 94.5991 +- 21.7719  	chisq 0.523725 (1 df)

Iteration 3:  6000000 integrand evaluations so far
[1] 36.0478 +- 6.49064  	chisq 8.46153 (2 df)

Iteration 4:  10000000 integrand evaluations so far
[1] 39.7592 +- 6.38027  	chisq 18.1584 (3 df)

Iteration 5:  15000000 integrand evaluations so far
[1] 48.681 +- 5.81459  	chisq 29.6971 (4 df)

Iteration 6:  21000000 integrand evaluations so far
[1] 70.8767 +- 4.28382  	chisq 61.5665 (5 df)

Iteration 7:  28000000 integrand evaluations so far
[1] 80.7318 +- 3.02616  	chisq 72.1308 (6 df)

Iteration 8:  36000000 integrand evaluations so far
[1] 87.1331 +- 2.38076  	chisq 83.873 (7 df)

Iteration 9:  45000000 integrand evaluations so far
[1] 90.6321 +- 1.7599  	chisq 88.6355 (8 df)

Iteration 10:  55000000 integrand evaluations so far
[1] 90.7597 +- 1.75619  	chisq 89.8809 (9 df)
    90.8 ±    1.8        (1.77mi) ┃      98 ±     11        (31.6mi) ┃
┃   58 -    60 ┃   55 -    56 ┃  129.21 ±   0.11        (5.95mi) ┃-107.992 ±  0.099        (  13mi) ┃Vegas input parameters:
  ndim 10
  ncomp 1
  nvec 1
  epsrel 0
  epsabs 0
  flags 10
  seed 123456
  mineval 50000000
  maxeval 50000000
  nstart 1000000
  nincrease 1000000
  nbatch 5000
  gridno 0
  statefile ""

Iteration 1:  1000000 integrand evaluations so far
[1] 95.1757 +- 148.637  	chisq 0 (0 df)

Iteration 2:  3000000 integrand evaluations so far
[1] 62.5297 +- 49.8828  	chisq 0.0543623 (1 df)

Iteration 3:  6000000 integrand evaluations so far
[1] 36.6238 +- 19.5432  	chisq 0.372978 (2 df)

Iteration 4:  10000000 integrand evaluations so far
[1] 29.1329 +- 18.4699  	chisq 1.74826 (3 df)

Iteration 5:  15000000 integrand evaluations so far
[1] 27.1001 +- 18.3726  	chisq 2.90053 (4 df)

Iteration 6:  21000000 integrand evaluations so far
[1] 24.4267 +- 18.2282  	chisq 4.25295 (5 df)

Iteration 7:  28000000 integrand evaluations so far
[1] 28.0437 +- 17.442  	chisq 4.71951 (6 df)

Iteration 8:  36000000 integrand evaluations so far
[1] 16.5052 +- 12.4686  	chisq 5.61451 (7 df)

Iteration 9:  45000000 integrand evaluations so far
[1] 14.7444 +- 12.3745  	chisq 6.93986 (8 df)

Iteration 10:  55000000 integrand evaluations so far
[1] 12.0996 +- 11.6881  	chisq 7.36337 (9 df)
      12 ±     12        (3.54mi) ┃Vegas input parameters:
  ndim 8
  ncomp 1
  nvec 1
  epsrel 0
  epsabs 0
  flags 10
  seed 123456
  mineval 5000000
  maxeval 50000000
  nstart 1000000
  nincrease 1000000
  nbatch 5000
  gridno 0
  statefile ""

Iteration 1:  1000000 integrand evaluations so far
[1] 107.795 +- 26.5769  	chisq 0 (0 df)

Iteration 2:  3000000 integrand evaluations so far
[1] 79.3405 +- 18.4894  	chisq 2.22145 (1 df)

Iteration 3:  6000000 integrand evaluations so far
[1] 80.6524 +- 18.3992  	chisq 2.73826 (2 df)

Iteration 4:  10000000 integrand evaluations so far
[1] 52.4086 +- 10.6373  	chisq 6.27774 (3 df)

Iteration 5:  15000000 integrand evaluations so far
[1] 54.3421 +- 6.82379  	chisq 6.33388 (4 df)

Iteration 6:  21000000 integrand evaluations so far
[1] 59.7159 +- 6.51166  	chisq 13.2719 (5 df)

Iteration 7:  28000000 integrand evaluations so far
[1] 68.3539 +- 5.76745  	chisq 21.4369 (6 df)

Iteration 8:  36000000 integrand evaluations so far
[1] 77.6095 +- 3.75138  	chisq 25.9009 (7 df)

Iteration 9:  45000000 integrand evaluations so far
[1] 86.27 +- 2.95839  	chisq 39.9974 (8 df)

Iteration 10:  55000000 integrand evaluations so far
[1] 93.9802 +- 2.0131  	chisq 52.6472 (9 df)
      94 ±      2        (1.81mi) ┃     127 ±     12        (24.3mi) ┃
┃   58 -    60 ┃   56 -    57 ┃  118.12 ±    0.1        ( 25.9s) ┃ -99.231 ±   0.08        (3.19mi) ┃Vegas input parameters:
  ndim 10
  ncomp 1
  nvec 1
  epsrel 0
  epsabs 0
  flags 10
  seed 123456
  mineval 50000000
  maxeval 50000000
  nstart 1000000
  nincrease 1000000
  nbatch 5000
  gridno 0
  statefile ""

Iteration 1:  1000000 integrand evaluations so far
[1] 137.543 +- 89.0824  	chisq 0 (0 df)

Iteration 2:  3000000 integrand evaluations so far
[1] 3.15049 +- 50.7702  	chisq 3.37089 (1 df)

Iteration 3:  6000000 integrand evaluations so far
[1] -21.3475 +- 40.2335  	chisq 3.99678 (2 df)

Iteration 4:  10000000 integrand evaluations so far
[1] -7.30578 +- 28.3319  	chisq 4.2384 (3 df)

Iteration 5:  15000000 integrand evaluations so far
[1] 1.94555 +- 23.4871  	chisq 4.57931 (4 df)

Iteration 6:  21000000 integrand evaluations so far
[1] 9.95644 +- 13.8208  	chisq 4.75726 (5 df)

Iteration 7:  28000000 integrand evaluations so far
[1] 13.3886 +- 13.5261  	chisq 6.21904 (6 df)

Iteration 8:  36000000 integrand evaluations so far
[1] 12.6504 +- 13.1492  	chisq 6.27325 (7 df)

Iteration 9:  45000000 integrand evaluations so far
[1] 4.65419 +- 12.6202  	chisq 10.9631 (8 df)

Iteration 10:  55000000 integrand evaluations so far
[1] 0.670118 +- 11.973  	chisq 11.9604 (9 df)
       1 ±     12        ( 3.5mi) ┃Vegas input parameters:
  ndim 8
  ncomp 1
  nvec 1
  epsrel 0
  epsabs 0
  flags 10
  seed 123456
  mineval 5000000
  maxeval 50000000
  nstart 1000000
  nincrease 1000000
  nbatch 5000
  gridno 0
  statefile ""

Iteration 1:  1000000 integrand evaluations so far
[1] 54.5847 +- 20.5655  	chisq 0 (0 df)

Iteration 2:  3000000 integrand evaluations so far
[1] 4.60268 +- 2.40412  	chisq 5.98863 (1 df)

Iteration 3:  6000000 integrand evaluations so far
[1] 4.04331 +- 1.27743  	chisq 6.06406 (2 df)

Iteration 4:  10000000 integrand evaluations so far
[1] 4.13936 +- 1.27601  	chisq 8.60776 (3 df)

Iteration 5:  15000000 integrand evaluations so far
[1] 6.47337 +- 1.19198  	chisq 34.8771 (4 df)

Iteration 6:  21000000 integrand evaluations so far
[1] 6.74384 +- 1.19024  	chisq 52.4725 (5 df)

Iteration 7:  28000000 integrand evaluations so far
[1] 6.77423 +- 1.19016  	chisq 57.7192 (6 df)

Iteration 8:  36000000 integrand evaluations so far
[1] 6.83457 +- 1.18992  	chisq 63.9763 (7 df)

Iteration 9:  45000000 integrand evaluations so far
[1] 7.13596 +- 1.18823  	chisq 86.6803 (8 df)

Iteration 10:  55000000 integrand evaluations so far
[1] 7.65399 +- 1.18535  	chisq 125.865 (9 df)
     7.7 ±    1.2        (1.82mi) ┃      27 ±     12        (8.95mi) ┃
┃   58 -    60 ┃   57 -    58 ┃  102.17 ±  0.064        (3.09mi) ┃ -85.079 ±  0.041        (12.7mi) ┃Vegas input parameters:
  ndim 10
  ncomp 1
  nvec 1
  epsrel 0
  epsabs 0
  flags 10
  seed 123456
  mineval 50000000
  maxeval 50000000
  nstart 1000000
  nincrease 1000000
  nbatch 5000
  gridno 0
  statefile ""

Iteration 1:  1000000 integrand evaluations so far
[1] 220.263 +- 292.554  	chisq 0 (0 df)

Iteration 2:  3000000 integrand evaluations so far
[1] -13.4418 +- 20.4761  	chisq 0.64129 (1 df)

Iteration 3:  6000000 integrand evaluations so far
[1] -16.2826 +- 20.208  	chisq 1.38099 (2 df)

Iteration 4:  10000000 integrand evaluations so far
[1] -15.3832 +- 20.1888  	chisq 2.42722 (3 df)

Iteration 5:  15000000 integrand evaluations so far
[1] -2.27909 +- 15.2836  	chisq 3.41411 (4 df)

Iteration 6:  21000000 integrand evaluations so far
[1] -8.05734 +- 14.3693  	chisq 4.64555 (5 df)

Iteration 7:  28000000 integrand evaluations so far
[1] -11.0182 +- 13.4804  	chisq 4.99968 (6 df)

Iteration 8:  36000000 integrand evaluations so far
[1] -5.85307 +- 12.9423  	chisq 6.87608 (7 df)

Iteration 9:  45000000 integrand evaluations so far
[1] -6.12742 +- 12.8982  	chisq 6.94214 (8 df)

Iteration 10:  55000000 integrand evaluations so far
[1] -6.0946 +- 11.9291  	chisq 6.94218 (9 df)
      -6 ±     12        ( 3.5mi) ┃Vegas input parameters:
  ndim 8
  ncomp 1
  nvec 1
  epsrel 0
  epsabs 0
  flags 10
  seed 123456
  mineval 5000000
  maxeval 50000000
  nstart 1000000
  nincrease 1000000
  nbatch 5000
  gridno 0
  statefile ""

Iteration 1:  1000000 integrand evaluations so far
[1] 76.71 +- 24.6886  	chisq 0 (0 df)

Iteration 2:  3000000 integrand evaluations so far
[1] 74.3206 +- 22.7529  	chisq 0.0621702 (1 df)

Iteration 3:  6000000 integrand evaluations so far
[1] 75.0233 +- 22.7409  	chisq 0.96948 (2 df)

Iteration 4:  10000000 integrand evaluations so far
[1] 26.1488 +- 7.65963  	chisq 6.17957 (3 df)

Iteration 5:  15000000 integrand evaluations so far
[1] 27.1397 +- 5.16175  	chisq 6.21023 (4 df)

Iteration 6:  21000000 integrand evaluations so far
[1] 33.4647 +- 4.1101  	chisq 10.3131 (5 df)

Iteration 7:  28000000 integrand evaluations so far
[1] 37.6809 +- 3.91354  	chisq 21.5843 (6 df)

Iteration 8:  36000000 integrand evaluations so far
[1] 52.8855 +- 2.53738  	chisq 47.6255 (7 df)

Iteration 9:  45000000 integrand evaluations so far
[1] 58.3679 +- 1.58427  	chisq 55.2766 (8 df)

Iteration 10:  55000000 integrand evaluations so far
[1] 59.3763 +- 0.912958  	chisq 55.8831 (9 df)
   59.38 ±   0.91        (1.88mi) ┃      70 ±     12        (21.2mi) ┃
┃   58 -    60 ┃   58 -    59 ┃ 115.649 ±  0.042        (6.04mi) ┃ -96.553 ±  0.048        (6.65mi) ┃Vegas input parameters:
  ndim 10
  ncomp 1
  nvec 1
  epsrel 0
  epsabs 0
  flags 10
  seed 123456
  mineval 50000000
  maxeval 50000000
  nstart 1000000
  nincrease 1000000
  nbatch 5000
  gridno 0
  statefile ""

Iteration 1:  1000000 integrand evaluations so far
[1] 51.9842 +- 74.6243  	chisq 0 (0 df)

Iteration 2:  3000000 integrand evaluations so far
[1] 51.1273 +- 65.1079  	chisq 0.000552233 (1 df)

Iteration 3:  6000000 integrand evaluations so far
[1] 39.1258 +- 39.0393  	chisq 0.0536042 (2 df)

Iteration 4:  10000000 integrand evaluations so far
[1] 46.8405 +- 37.2595  	chisq 0.491867 (3 df)

Iteration 5:  15000000 integrand evaluations so far
[1] 50.5913 +- 37.0634  	chisq 1.45746 (4 df)

Iteration 6:  21000000 integrand evaluations so far
[1] 7.10241 +- 28.2655  	chisq 4.74801 (5 df)

Iteration 7:  28000000 integrand evaluations so far
[1] -26.6852 +- 23.1836  	chisq 9.11437 (6 df)

Iteration 8:  36000000 integrand evaluations so far
[1] -32.0811 +- 22.1129  	chisq 9.71468 (7 df)

Iteration 9:  45000000 integrand evaluations so far
[1] -9.25738 +- 17.9427  	chisq 12.8332 (8 df)

Iteration 10:  55000000 integrand evaluations so far
[1] -9.11219 +- 16.4531  	chisq 12.8336 (9 df)
      -9 ±     16        (3.61mi) ┃Vegas input parameters:
  ndim 8
  ncomp 1
  nvec 1
  epsrel 0
  epsabs 0
  flags 10
  seed 123456
  mineval 5000000
  maxeval 50000000
  nstart 1000000
  nincrease 1000000
  nbatch 5000
  gridno 0
  statefile ""

Iteration 1:  1000000 integrand evaluations so far
[1] 58.369 +- 20.807  	chisq 0 (0 df)

Iteration 2:  3000000 integrand evaluations so far
[1] 33.0186 +- 11.1263  	chisq 2.07885 (1 df)

Iteration 3:  6000000 integrand evaluations so far
[1] 14.8086 +- 4.61092  	chisq 5.31292 (2 df)

Iteration 4:  10000000 integrand evaluations so far
[1] 17.39 +- 4.31736  	chisq 7.85523 (3 df)

Iteration 5:  15000000 integrand evaluations so far
[1] 20.1346 +- 4.18721  	chisq 14.6609 (4 df)

Iteration 6:  21000000 integrand evaluations so far
[1] 21.8041 +- 4.13738  	chisq 21.3808 (5 df)

Iteration 7:  28000000 integrand evaluations so far
[1] 39.4426 +- 3.18708  	chisq 66.079 (6 df)

Iteration 8:  36000000 integrand evaluations so far
[1] 45.6182 +- 2.99951  	chisq 98.9431 (7 df)

Iteration 9:  45000000 integrand evaluations so far
[1] 53.9204 +- 2.68733  	chisq 137.768 (8 df)

Iteration 10:  55000000 integrand evaluations so far
[1] 69.1621 +- 1.84886  	chisq 198.847 (9 df)
    69.2 ±    1.8        (1.92mi) ┃      79 ±     17        (18.2mi) ┃
┃   58 -    60 ┃   59 -    60 ┃ 108.808 ±  0.098        (3.26mi) ┃-90.8615 ± 0.0081        (51.1mi) ┃Vegas input parameters:
  ndim 10
  ncomp 1
  nvec 1
  epsrel 0
  epsabs 0
  flags 10
  seed 123456
  mineval 50000000
  maxeval 50000000
  nstart 1000000
  nincrease 1000000
  nbatch 5000
  gridno 0
  statefile ""

Iteration 1:  1000000 integrand evaluations so far
[1] -321.206 +- 260.776  	chisq 0 (0 df)

Iteration 2:  3000000 integrand evaluations so far
[1] -202.108 +- 125.605  	chisq 0.271585 (1 df)

Iteration 3:  6000000 integrand evaluations so far
[1] -9.12217 +- 6.98896  	chisq 2.63961 (2 df)

Iteration 4:  10000000 integrand evaluations so far
[1] -8.80176 +- 6.96594  	chisq 2.95911 (3 df)

Iteration 5:  15000000 integrand evaluations so far
[1] -6.0344 +- 6.60686  	chisq 4.53047 (4 df)

Iteration 6:  21000000 integrand evaluations so far
[1] -3.42755 +- 6.47958  	chisq 8.61039 (5 df)

Iteration 7:  28000000 integrand evaluations so far
[1] -2.57381 +- 6.45458  	chisq 10.864 (6 df)

Iteration 8:  36000000 integrand evaluations so far
[1] -2.76258 +- 6.33994  	chisq 10.8883 (7 df)

Iteration 9:  45000000 integrand evaluations so far
[1] -2.14337 +- 6.2615  	chisq 11.2762 (8 df)

Iteration 10:  55000000 integrand evaluations so far
[1] -1.98327 +- 6.25973  	chisq 12.4329 (9 df)
      -2 ±    6.3        ( 3.6mi) ┃Vegas input parameters:
  ndim 8
  ncomp 1
  nvec 1
  epsrel 0
  epsabs 0
  flags 10
  seed 123456
  mineval 5000000
  maxeval 50000000
  nstart 1000000
  nincrease 1000000
  nbatch 5000
  gridno 0
  statefile ""

Iteration 1:  1000000 integrand evaluations so far
[1] 99.4368 +- 26.0935  	chisq 0 (0 df)

Iteration 2:  3000000 integrand evaluations so far
[1] 101.344 +- 24.7085  	chisq 0.0517078 (1 df)

Iteration 3:  6000000 integrand evaluations so far
[1] 89.0111 +- 20.3717  	chisq 0.829725 (2 df)

Iteration 4:  10000000 integrand evaluations so far
[1] 91.6109 +- 18.0173  	chisq 0.904505 (3 df)

Iteration 5:  15000000 integrand evaluations so far
[1] 59.6451 +- 6.9796  	chisq 4.60794 (4 df)

Iteration 6:  21000000 integrand evaluations so far
[1] 62.0916 +- 6.68413  	chisq 6.09056 (5 df)

Iteration 7:  28000000 integrand evaluations so far
[1] 69.5923 +- 5.26402  	chisq 9.40633 (6 df)

Iteration 8:  36000000 integrand evaluations so far
[1] 75.0797 +- 4.53536  	chisq 13.6233 (7 df)

Iteration 9:  45000000 integrand evaluations so far
[1] 75.4829 +- 4.52399  	chisq 15.2008 (8 df)

Iteration 10:  55000000 integrand evaluations so far
[1] 77.2319 +- 3.92171  	chisq 15.8021 (9 df)
    77.2 ±    3.9        (1.88mi) ┃    93.2 ±    7.4        (59.8mi) ┃
┣━━━━━━━━━━━━━━╋━━━━━━━━━━━━━━╋━━━━━━━━━━━━━━━━━━━━━━━━━━━━━━━━━━╋━━━━━━━━━━━━━━━━━━━━━━━━━━━━━━━━━━╋━━━━━━━━━━━━━━━━━━━━━━━━━━━━━━━━━━╋━━━━━━━━━━━━━━━━━━━━━━━━━━━━━━━━━━╋━━━━━━━━━━━━━━━━━━━━━━━━━━━━━━━━━━┫
┃   56 -    60 ┃   25 -    60 ┃ 11.6721 ± 0.00094 ·10⁺⁰³ (6.12hr) ┃-9.74319 ± 0.00068 ·10⁺⁰³ (21.1hr) ┃    -240 ±    170        ( 4.2hr) ┃   8.995 ±  0.028 ·10⁺⁰³ (2.16hr) ┃   10.68 ±   0.17 ·10⁺⁰³ (33.5hr) ┃
┗━━━━━━━━━━━━━━┻━━━━━━━━━━━━━━┻━━━━━━━━━━━━━━━━━━━━━━━━━━━━━━━━━━┻━━━━━━━━━━━━━━━━━━━━━━━━━━━━━━━━━━┻━━━━━━━━━━━━━━━━━━━━━━━━━━━━━━━━━━┻━━━━━━━━━━━━━━━━━━━━━━━━━━━━━━━━━━┻━━━━━━━━━━━━━━━━━━━━━━━━━━━━━━━━━━┛

╍╍╍╍╍╍╍╍╍╍╍╍╍╍╍╍╍╍╍╍╍╍╍╍╍╍╍╍╍╍╍╍ Summary ╍╍╍╍╍╍╍╍╍╍╍╍╍╍╍╍╍╍╍╍╍╍╍╍╍╍╍╍╍╍╍
      Total cross section                      10.68 ± 0.17          pb
         Calculation time                               33.5       hours
              Output file                    outputs/qt_qt56_60_N3LL_muR1.0_muF1.0.root            
      Result in text file                    outputs/qt_qt56_60_N3LL_muR1.0_muF1.0.txt            

╍╍╍╍╍╍╍╍╍╍╍╍╍╍╍╍╍╍╍╍╍╍╍╍╍╍╍╍╍╍╍╍╍╍╍╍╍╍╍╍╍╍╍╍╍╍╍╍╍╍╍╍╍╍╍╍╍╍╍╍╍╍╍╍╍╍╍╍╍╍╍╍

