
╍╍╍╍╍╍╍╍╍╍╍╍╍╍╍╍╍╍╍╍╍╍╍╍╍╍╍ Process settings ╍╍╍╍╍╍╍╍╍╍╍╍╍╍╍╍╍╍╍╍╍╍╍╍╍╍╍
   proton-proton collisions at sqrt(s) = 13000 GeV 
   Computing NNLO+NNLL resummed cross section
   W+ ->  nu(p3)+e+(p4) production 

╍╍╍╍╍╍╍╍╍╍╍╍╍╍╍╍╍╍╍╍╍╍╍╍╍╍╍╍╍╍ CKM matrix ╍╍╍╍╍╍╍╍╍╍╍╍╍╍╍╍╍╍╍╍╍╍╍╍╍╍╍╍╍╍
     | Vud Vus Vub |   |   0.97427   0.2253  0.00351 | 
     | Vcd Vcs Vcb | = |    0.2252  0.97344   0.0412 | 
     | Vtd Vts Vtb |   |         0        0        0 | 

╍╍╍╍╍╍╍╍╍╍╍╍╍╍╍╍╍╍╍╍╍╍╍╍╍╍╍╍╍ EW parameters ╍╍╍╍╍╍╍╍╍╍╍╍╍╍╍╍╍╍╍╍╍╍╍╍╍╍╍╍
                                         Gf =  1.1663787e-05      GeV^-2
                                    1/alpha =  132.233229791            
                                 sin(thW)^2 = 0.222897222524            
                                     W mass =         80.385         GeV
                                     Z mass =        91.1876         GeV
                                    W width =          2.091         GeV
                                    Z width =          2.495         GeV

╍╍╍╍╍╍╍╍╍╍╍╍╍╍╍╍╍╍╍╍╍╍╍╍╍╍╍╍╍ QCD settings ╍╍╍╍╍╍╍╍╍╍╍╍╍╍╍╍╍╍╍╍╍╍╍╍╍╍╍╍╍
   Renormalization scale:     dynamic muren =            0.5      * m_ll
     Factorization scale:     dynamic mufac =              1      * m_ll
       Resummation scale:     dynamic mures =              1      * m_ll
          Strong coupling       alpha_s(MZ) =       0.118001            
                              running order =              3       -loop
         Non-perturbative     form factor g =            0.7       GeV^2

╍╍╍╍╍╍╍╍╍╍╍╍╍╍╍╍╍╍╍╍╍╍╍╍╍╍╍╍╍ PDF settings ╍╍╍╍╍╍╍╍╍╍╍╍╍╍╍╍╍╍╍╍╍╍╍╍╍╍╍╍╍
                                     PDF set:MSHT20nnlo_as118            
                                  PDF member:              0            
  Mellin moments of PDFs:                    Numerical integration            
                         nodes for the quadrature:            200            
                         Intervals for the quadrature:              1            

╍╍╍╍╍╍╍╍╍╍╍╍╍╍╍╍╍╍╍╍╍╍╍╍╍╍╍╍╍╍╍ qT recoil ╍╍╍╍╍╍╍╍╍╍╍╍╍╍╍╍╍╍╍╍╍╍╍╍╍╍╍╍╍╍
  qt-recoil prescription:       Collins-Soper kt1 = p_V(x)/2; kt2 = p_V(y)/2            

╍╍╍╍╍╍╍╍╍╍╍╍╍╍╍╍╍╍╍╍╍╍╍╍╍╍╍╍╍╍╍╍╍ Cuts ╍╍╍╍╍╍╍╍╍╍╍╍╍╍╍╍╍╍╍╍╍╍╍╍╍╍╍╍╍╍╍╍╍
                                  apply cuts:           true            
                                      pt_l >               0            
                                   |eta_l| <            1000            
                                    pt_lep >              25            
                                 |eta_lep| <             2.4            
                                   pt_alep >              25            
                                |eta_alep| <             2.4            
                                  user cuts:            true            

╍╍╍╍╍╍╍╍╍╍╍╍╍╍╍╍╍╍╍╍╍╍╍╍╍╍╍╍ ResummationDamp ╍╍╍╍╍╍╍╍╍╍╍╍╍╍╍╍╍╍╍╍╍╍╍╍╍╍╍
                                    damping :             on            
                                damping mode:              1            
                                  damp above:        60.2888         GeV
                               damping width:        20.0963         GeV
                          resummation cutoff:             20         MeV

╍╍╍╍╍╍╍╍╍╍╍╍╍╍╍╍╍╍╍╍╍╍╍╍╍╍╍╍ Debug settings ╍╍╍╍╍╍╍╍╍╍╍╍╍╍╍╍╍╍╍╍╍╍╍╍╍╍╍╍
                                 timeprofile:          false            
                                     verbose:          false            
                               cubaverbosity:              2            

╍╍╍╍╍╍╍╍╍╍╍╍╍╍╍╍╍╍╍╍╍╍╍╍╍╍╍╍╍╍╍╍╍╍╍╍╍╍╍╍╍╍╍╍╍╍╍╍╍╍╍╍╍╍╍╍╍╍╍╍╍╍╍╍╍╍╍╍╍╍╍╍

Warning: Histogram `a1_qt` contains non-integrable observable and will be deleted 
Warning: Histogram `a1_qt_vs_y` contains non-integrable observable and will be deleted 
Warning: Histogram `s_biganswer` contains non-integrable observable and will be deleted 
Warning: Histogram `wgt_a1_qt` contains non-integrable observable and will be deleted 

╍╍╍╍╍╍╍╍╍╍╍╍╍╍╍╍╍╍╍╍╍╍╍╍╍ Integration settings ╍╍╍╍╍╍╍╍╍╍╍╍╍╍╍╍╍╍╍╍╍╍╍╍╍
             Random seeds              123456                           
           Parallel cores                   1                           

             Resummation:     cuhre (dm, dpt)         iter =           5
                                   gauss (dy)        nodes =          64
                                                 intervals =           1
            Counter term:      cuhre (dm, dy)         iter =           5
                                  gauss (dpt)        nodes =          20
                                                 intervals =           5
                V+J Real:               vegas       ncalls =    50000000
             V+J Virtual:               vegas       ncalls =     5000000

Mellin inverse transform:           gaussian         nodes =          30
                                                 intervals =           1
                               imaginary axis         zmax =           2
  Angular variable costh:     semi-analytical      ncstart =         100
   Angular variables phi:            gaussian    intervals =          20

      Constant boundaries                  q2          low =          80
                                                      high =         100
                                            y          low =          -6
                                                      high =           6
                                        costh          low =          -1
                                                      high =           1
                                       eta(l)          low =         -10
                                                      high =          10

┏━━━━━━━━━━━━━━┰━━━━━━━━━━━━━━┰━━━━━━━━━━━━━━━━━━━━━━━━━━━━━━━━━━┰━━━━━━━━━━━━━━━━━━━━━━━━━━━━━━━━━━┰━━━━━━━━━━━━━━━━━━━━━━━━━━━━━━━━━━┰━━━━━━━━━━━━━━━━━━━━━━━━━━━━━━━━━━┰━━━━━━━━━━━━━━━━━━━━━━━━━━━━━━━━━━┓
┃           qT ┃        pT(l) ┃                      Resummation ┃                     Counter term ┃                         V+J Real ┃                      V+J Virtual ┃                            TOTAL ┃
┣━━━━━━━━━━━━━━╋━━━━━━━━━━━━━━╋━━━━━━━━━━━━━━━━━━━━━━━━━━━━━━━━━━╋━━━━━━━━━━━━━━━━━━━━━━━━━━━━━━━━━━╋━━━━━━━━━━━━━━━━━━━━━━━━━━━━━━━━━━╋━━━━━━━━━━━━━━━━━━━━━━━━━━━━━━━━━━╋━━━━━━━━━━━━━━━━━━━━━━━━━━━━━━━━━━┫
┃   68 -    70 ┃   25 -    26 ┃ 107.416 ±  0.068        (8.81mi) ┃ -98.807 ±  0.096        (  27mi) ┃Vegas input parameters:
  ndim 10
  ncomp 1
  nvec 1
  epsrel 0
  epsabs 0
  flags 10
  seed 123456
  mineval 50000000
  maxeval 50000000
  nstart 1000000
  nincrease 1000000
  nbatch 5000
  gridno 0
  statefile ""

Iteration 1:  1000000 integrand evaluations so far
[1] 213.909 +- 123.528  	chisq 0 (0 df)

Iteration 2:  3000000 integrand evaluations so far
[1] 2.72542 +- 24.857  	chisq 3.04609 (1 df)

Iteration 3:  6000000 integrand evaluations so far
[1] 5.46559 +- 24.6896  	chisq 3.95147 (2 df)

Iteration 4:  10000000 integrand evaluations so far
[1] 8.22087 +- 24.4775  	chisq 4.67912 (3 df)

Iteration 5:  15000000 integrand evaluations so far
[1] 16.8315 +- 17.1016  	chisq 4.92088 (4 df)

Iteration 6:  21000000 integrand evaluations so far
[1] 20.8478 +- 16.7164  	chisq 6.15925 (5 df)

Iteration 7:  28000000 integrand evaluations so far
[1] 19.4159 +- 16.6172  	chisq 6.77909 (6 df)

Iteration 8:  36000000 integrand evaluations so far
[1] 16.5521 +- 16.1321  	chisq 7.29538 (7 df)

Iteration 9:  45000000 integrand evaluations so far
[1] 13.9137 +- 16.0238  	chisq 9.29449 (8 df)

Iteration 10:  55000000 integrand evaluations so far
[1] 10.5704 +- 15.7223  	chisq 10.462 (9 df)
      11 ±     16        (3.64mi) ┃Vegas input parameters:
  ndim 8
  ncomp 1
  nvec 1
  epsrel 0
  epsabs 0
  flags 10
  seed 123456
  mineval 5000000
  maxeval 50000000
  nstart 1000000
  nincrease 1000000
  nbatch 5000
  gridno 0
  statefile ""

Iteration 1:  1000000 integrand evaluations so far
[1] 160.221 +- 43.2774  	chisq 0 (0 df)

Iteration 2:  3000000 integrand evaluations so far
[1] 106.518 +- 24.5865  	chisq 2.27369 (1 df)

Iteration 3:  6000000 integrand evaluations so far
[1] 77.3862 +- 14.5561  	chisq 4.43528 (2 df)

Iteration 4:  10000000 integrand evaluations so far
[1] 83.5939 +- 12.3554  	chisq 5.08596 (3 df)

Iteration 5:  15000000 integrand evaluations so far
[1] 91.1869 +- 10.2721  	chisq 6.30903 (4 df)

Iteration 6:  21000000 integrand evaluations so far
[1] 91.915 +- 10.2497  	chisq 7.46225 (5 df)

Iteration 7:  28000000 integrand evaluations so far
[1] 101.332 +- 8.36905  	chisq 9.99506 (6 df)

Iteration 8:  36000000 integrand evaluations so far
[1] 110.476 +- 6.30039  	chisq 12.7503 (7 df)

Iteration 9:  45000000 integrand evaluations so far
[1] 118.79 +- 5.22913  	chisq 18.3464 (8 df)

Iteration 10:  55000000 integrand evaluations so far
[1] 131.353 +- 4.05627  	chisq 32.8387 (9 df)
   131.4 ±    4.1        (1.85mi) ┃     151 ±     16        (41.3mi) ┃
┃   68 -    70 ┃   26 -    27 ┃  86.449 ±   0.04        (8.88mi) ┃ -79.625 ±  0.041        (28.2mi) ┃Vegas input parameters:
  ndim 10
  ncomp 1
  nvec 1
  epsrel 0
  epsabs 0
  flags 10
  seed 123456
  mineval 50000000
  maxeval 50000000
  nstart 1000000
  nincrease 1000000
  nbatch 5000
  gridno 0
  statefile ""

Iteration 1:  1000000 integrand evaluations so far
[1] 420.932 +- 257.794  	chisq 0 (0 df)

Iteration 2:  3000000 integrand evaluations so far
[1] 149.515 +- 126.007  	chisq 1.45644 (1 df)

Iteration 3:  6000000 integrand evaluations so far
[1] 170.116 +- 94.445  	chisq 1.51743 (2 df)

Iteration 4:  10000000 integrand evaluations so far
[1] 96.8398 +- 53.8839  	chisq 2.40989 (3 df)

Iteration 5:  15000000 integrand evaluations so far
[1] 56.0718 +- 39.3716  	chisq 3.63798 (4 df)

Iteration 6:  21000000 integrand evaluations so far
[1] 32.2026 +- 31.8622  	chisq 4.70306 (5 df)

Iteration 7:  28000000 integrand evaluations so far
[1] 32.0355 +- 27.8034  	chisq 4.70317 (6 df)

Iteration 8:  36000000 integrand evaluations so far
[1] 27.5503 +- 27.21  	chisq 5.31941 (7 df)

Iteration 9:  45000000 integrand evaluations so far
[1] 25.488 +- 27.118  	chisq 6.17017 (8 df)

Iteration 10:  55000000 integrand evaluations so far
[1] 29.074 +- 26.9499  	chisq 7.58496 (9 df)
      29 ±     27        (3.63mi) ┃Vegas input parameters:
  ndim 8
  ncomp 1
  nvec 1
  epsrel 0
  epsabs 0
  flags 10
  seed 123456
  mineval 5000000
  maxeval 50000000
  nstart 1000000
  nincrease 1000000
  nbatch 5000
  gridno 0
  statefile ""

Iteration 1:  1000000 integrand evaluations so far
[1] 166.995 +- 38.6049  	chisq 0 (0 df)

Iteration 2:  3000000 integrand evaluations so far
[1] 40.2432 +- 8.90665  	chisq 11.3862 (1 df)

Iteration 3:  6000000 integrand evaluations so far
[1] 46.89 +- 8.22208  	chisq 15.154 (2 df)

Iteration 4:  10000000 integrand evaluations so far
[1] 54.2618 +- 7.27486  	chisq 18.8561 (3 df)

Iteration 5:  15000000 integrand evaluations so far
[1] 67.227 +- 6.53112  	chisq 35.2271 (4 df)

Iteration 6:  21000000 integrand evaluations so far
[1] 81.1744 +- 5.66736  	chisq 53.6895 (5 df)

Iteration 7:  28000000 integrand evaluations so far
[1] 100.461 +- 4.10214  	chisq 78.0161 (6 df)

Iteration 8:  36000000 integrand evaluations so far
[1] 114.415 +- 2.95539  	chisq 102.074 (7 df)

Iteration 9:  45000000 integrand evaluations so far
[1] 114.482 +- 2.95483  	chisq 103.412 (8 df)

Iteration 10:  55000000 integrand evaluations so far
[1] 116.018 +- 2.86203  	chisq 107.785 (9 df)
     116 ±    2.9        (1.87mi) ┃     152 ±     27        (42.6mi) ┃
┃   68 -    70 ┃   27 -    28 ┃ 117.459 ±  0.043        (2.63mi) ┃-108.802 ±  0.063        (27.5mi) ┃Vegas input parameters:
  ndim 10
  ncomp 1
  nvec 1
  epsrel 0
  epsabs 0
  flags 10
  seed 123456
  mineval 50000000
  maxeval 50000000
  nstart 1000000
  nincrease 1000000
  nbatch 5000
  gridno 0
  statefile ""

Iteration 1:  1000000 integrand evaluations so far
[1] -73.2204 +- 86.0107  	chisq 0 (0 df)

Iteration 2:  3000000 integrand evaluations so far
[1] -95.6718 +- 74.4741  	chisq 0.272255 (1 df)

Iteration 3:  6000000 integrand evaluations so far
[1] -85.2777 +- 57.2625  	chisq 0.319903 (2 df)

Iteration 4:  10000000 integrand evaluations so far
[1] -65.6945 +- 50.0945  	chisq 0.81826 (3 df)

Iteration 5:  15000000 integrand evaluations so far
[1] -44.4166 +- 47.6845  	chisq 2.73959 (4 df)

Iteration 6:  21000000 integrand evaluations so far
[1] -43.2867 +- 47.6708  	chisq 3.71577 (5 df)

Iteration 7:  28000000 integrand evaluations so far
[1] -14.2816 +- 42.8405  	chisq 5.64006 (6 df)

Iteration 8:  36000000 integrand evaluations so far
[1] -9.97057 +- 30.3335  	chisq 5.66036 (7 df)

Iteration 9:  45000000 integrand evaluations so far
[1] 0.698696 +- 14.4922  	chisq 5.82067 (8 df)

Iteration 10:  55000000 integrand evaluations so far
[1] 8.4428 +- 13.1052  	chisq 7.38731 (9 df)
       8 ±     13        (3.64mi) ┃Vegas input parameters:
  ndim 8
  ncomp 1
  nvec 1
  epsrel 0
  epsabs 0
  flags 10
  seed 123456
  mineval 5000000
  maxeval 50000000
  nstart 1000000
  nincrease 1000000
  nbatch 5000
  gridno 0
  statefile ""

Iteration 1:  1000000 integrand evaluations so far
[1] 158.366 +- 37.8599  	chisq 0 (0 df)

Iteration 2:  3000000 integrand evaluations so far
[1] 91.8385 +- 20.0874  	chisq 4.29749 (1 df)

Iteration 3:  6000000 integrand evaluations so far
[1] 74.7208 +- 12.8204  	chisq 5.52278 (2 df)

Iteration 4:  10000000 integrand evaluations so far
[1] 80.1181 +- 12.41  	chisq 8.33576 (3 df)

Iteration 5:  15000000 integrand evaluations so far
[1] 91.1693 +- 7.93185  	chisq 9.67644 (4 df)

Iteration 6:  21000000 integrand evaluations so far
[1] 98.3593 +- 7.15255  	chisq 14.0742 (5 df)

Iteration 7:  28000000 integrand evaluations so far
[1] 99.0815 +- 7.1279  	chisq 15.5558 (6 df)

Iteration 8:  36000000 integrand evaluations so far
[1] 105.2 +- 6.0014  	chisq 18.0865 (7 df)

Iteration 9:  45000000 integrand evaluations so far
[1] 118.462 +- 4.19929  	chisq 27.6545 (8 df)

Iteration 10:  55000000 integrand evaluations so far
[1] 122.4 +- 3.13961  	chisq 29.6484 (9 df)
   122.4 ±    3.1        (1.89mi) ┃     139 ±     13        (35.6mi) ┃
┃   68 -    70 ┃   28 -    29 ┃  83.051 ±  0.068        (2.43mi) ┃ -76.851 ±  0.027        (6.92mi) ┃Vegas input parameters:
  ndim 10
  ncomp 1
  nvec 1
  epsrel 0
  epsabs 0
  flags 10
  seed 123456
  mineval 50000000
  maxeval 50000000
  nstart 1000000
  nincrease 1000000
  nbatch 5000
  gridno 0
  statefile ""

Iteration 1:  1000000 integrand evaluations so far
[1] 24.4765 +- 58.1714  	chisq 0 (0 df)

Iteration 2:  3000000 integrand evaluations so far
[1] 42.7177 +- 50.8227  	chisq 0.415424 (1 df)

Iteration 3:  6000000 integrand evaluations so far
[1] 22.927 +- 27.2046  	chisq 0.627959 (2 df)

Iteration 4:  10000000 integrand evaluations so far
[1] 27.041 +- 26.9645  	chisq 1.92957 (3 df)

Iteration 5:  15000000 integrand evaluations so far
[1] 25.333 +- 20.6438  	chisq 1.93926 (4 df)

Iteration 6:  21000000 integrand evaluations so far
[1] 27.0559 +- 18.7101  	chisq 1.97827 (5 df)

Iteration 7:  28000000 integrand evaluations so far
[1] 21.3354 +- 15.6727  	chisq 2.29163 (6 df)

Iteration 8:  36000000 integrand evaluations so far
[1] 20.6231 +- 15.3904  	chisq 2.34948 (7 df)

Iteration 9:  45000000 integrand evaluations so far
[1] 20.1189 +- 15.383  	chisq 3.45464 (8 df)

Iteration 10:  55000000 integrand evaluations so far
[1] 19.1592 +- 15.3403  	chisq 4.15716 (9 df)
      19 ±     15        (3.59mi) ┃Vegas input parameters:
  ndim 8
  ncomp 1
  nvec 1
  epsrel 0
  epsabs 0
  flags 10
  seed 123456
  mineval 5000000
  maxeval 50000000
  nstart 1000000
  nincrease 1000000
  nbatch 5000
  gridno 0
  statefile ""

Iteration 1:  1000000 integrand evaluations so far
[1] 127.337 +- 35.7011  	chisq 0 (0 df)

Iteration 2:  3000000 integrand evaluations so far
[1] 79.6041 +- 22.9479  	chisq 3.04617 (1 df)

Iteration 3:  6000000 integrand evaluations so far
[1] 19.0999 +- 3.33375  	chisq 10.1477 (2 df)

Iteration 4:  10000000 integrand evaluations so far
[1] 22.5888 +- 3.19506  	chisq 23.5914 (3 df)

Iteration 5:  15000000 integrand evaluations so far
[1] 29.5012 +- 2.98503  	chisq 60.4032 (4 df)

Iteration 6:  21000000 integrand evaluations so far
[1] 29.8723 +- 2.98084  	chisq 65.914 (5 df)

Iteration 7:  28000000 integrand evaluations so far
[1] 34.3644 +- 2.90337  	chisq 110.177 (6 df)

Iteration 8:  36000000 integrand evaluations so far
[1] 41.8076 +- 2.80357  	chisq 207.447 (7 df)

Iteration 9:  45000000 integrand evaluations so far
[1] 53.9065 +- 2.60164  	chisq 341.564 (8 df)

Iteration 10:  55000000 integrand evaluations so far
[1] 73.703 +- 2.17  	chisq 531.841 (9 df)
    73.7 ±    2.2        (1.84mi) ┃      99 ±     15        (14.8mi) ┃
┃   68 -    70 ┃   29 -    30 ┃ 101.569 ±  0.025        (2.31mi) ┃  -93.47 ±  0.057        (13.6mi) ┃Vegas input parameters:
  ndim 10
  ncomp 1
  nvec 1
  epsrel 0
  epsabs 0
  flags 10
  seed 123456
  mineval 50000000
  maxeval 50000000
  nstart 1000000
  nincrease 1000000
  nbatch 5000
  gridno 0
  statefile ""

Iteration 1:  1000000 integrand evaluations so far
[1] 12.2746 +- 50.8613  	chisq 0 (0 df)

Iteration 2:  3000000 integrand evaluations so far
[1] 19.7651 +- 47.5168  	chisq 0.170527 (1 df)

Iteration 3:  6000000 integrand evaluations so far
[1] 6.51398 +- 46.6624  	chisq 2.35258 (2 df)

Iteration 4:  10000000 integrand evaluations so far
[1] 9.76915 +- 46.5006  	chisq 3.05557 (3 df)

Iteration 5:  15000000 integrand evaluations so far
[1] 30.6156 +- 25.4613  	chisq 3.3426 (4 df)

Iteration 6:  21000000 integrand evaluations so far
[1] 1.96966 +- 18.0838  	chisq 5.89694 (5 df)

Iteration 7:  28000000 integrand evaluations so far
[1] 5.81594 +- 16.8739  	chisq 6.24669 (6 df)

Iteration 8:  36000000 integrand evaluations so far
[1] 4.45914 +- 16.8338  	chisq 7.61028 (7 df)

Iteration 9:  45000000 integrand evaluations so far
[1] 2.45713 +- 16.7036  	chisq 8.52837 (8 df)

Iteration 10:  55000000 integrand evaluations so far
[1] 1.26781 +- 16.5929  	chisq 8.91193 (9 df)
       1 ±     17        (3.63mi) ┃Vegas input parameters:
  ndim 8
  ncomp 1
  nvec 1
  epsrel 0
  epsabs 0
  flags 10
  seed 123456
  mineval 5000000
  maxeval 50000000
  nstart 1000000
  nincrease 1000000
  nbatch 5000
  gridno 0
  statefile ""

Iteration 1:  1000000 integrand evaluations so far
[1] 110.328 +- 28.9037  	chisq 0 (0 df)

Iteration 2:  3000000 integrand evaluations so far
[1] 111.592 +- 28.875  	chisq 0.960042 (1 df)

Iteration 3:  6000000 integrand evaluations so far
[1] 98.9778 +- 24.3314  	chisq 1.61823 (2 df)

Iteration 4:  10000000 integrand evaluations so far
[1] 103.186 +- 23.4093  	chisq 2.02055 (3 df)

Iteration 5:  15000000 integrand evaluations so far
[1] 97.9942 +- 16.5485  	chisq 2.11888 (4 df)

Iteration 6:  21000000 integrand evaluations so far
[1] 105.228 +- 14.0757  	chisq 2.80984 (5 df)

Iteration 7:  28000000 integrand evaluations so far
[1] 121.25 +- 10.6752  	chisq 5.8601 (6 df)

Iteration 8:  36000000 integrand evaluations so far
[1] 116.485 +- 6.42929  	chisq 6.17279 (7 df)

Iteration 9:  45000000 integrand evaluations so far
[1] 117.688 +- 4.1974  	chisq 6.2338 (8 df)

Iteration 10:  55000000 integrand evaluations so far
[1] 122.948 +- 3.34612  	chisq 10.5428 (9 df)
   122.9 ±    3.3        (1.85mi) ┃     132 ±     17        (21.4mi) ┃
┃   68 -    70 ┃   30 -    31 ┃  97.034 ±  0.051        ( 4.7mi) ┃ -90.319 ±  0.047        (54.3mi) ┃Vegas input parameters:
  ndim 10
  ncomp 1
  nvec 1
  epsrel 0
  epsabs 0
  flags 10
  seed 123456
  mineval 50000000
  maxeval 50000000
  nstart 1000000
  nincrease 1000000
  nbatch 5000
  gridno 0
  statefile ""

Iteration 1:  1000000 integrand evaluations so far
[1] 29.4994 +- 30.2611  	chisq 0 (0 df)

Iteration 2:  3000000 integrand evaluations so far
[1] 23.7403 +- 20.2252  	chisq 0.0654625 (1 df)

Iteration 3:  6000000 integrand evaluations so far
[1] 27.5895 +- 19.2032  	chisq 0.433138 (2 df)

Iteration 4:  10000000 integrand evaluations so far
[1] 35.0765 +- 18.6714  	chisq 3.21607 (3 df)

Iteration 5:  15000000 integrand evaluations so far
[1] 32.6332 +- 18.5767  	chisq 4.90914 (4 df)

Iteration 6:  21000000 integrand evaluations so far
[1] 34.3079 +- 17.834  	chisq 5.01285 (5 df)

Iteration 7:  28000000 integrand evaluations so far
[1] 35.7515 +- 16.7123  	chisq 5.06663 (6 df)

Iteration 8:  36000000 integrand evaluations so far
[1] 21.7403 +- 14.3709  	chisq 7.76399 (7 df)

Iteration 9:  45000000 integrand evaluations so far
[1] 14.5701 +- 13.9042  	chisq 11.66 (8 df)

Iteration 10:  55000000 integrand evaluations so far
[1] 12.8103 +- 13.7527  	chisq 12.3992 (9 df)
      13 ±     14        ( 3.6mi) ┃Vegas input parameters:
  ndim 8
  ncomp 1
  nvec 1
  epsrel 0
  epsabs 0
  flags 10
  seed 123456
  mineval 5000000
  maxeval 50000000
  nstart 1000000
  nincrease 1000000
  nbatch 5000
  gridno 0
  statefile ""

Iteration 1:  1000000 integrand evaluations so far
[1] 191.807 +- 43.0455  	chisq 0 (0 df)

Iteration 2:  3000000 integrand evaluations so far
[1] 104.937 +- 22.5217  	chisq 5.60788 (1 df)

Iteration 3:  6000000 integrand evaluations so far
[1] 98.2225 +- 17.7437  	chisq 5.84219 (2 df)

Iteration 4:  10000000 integrand evaluations so far
[1] 97.0452 +- 13.6679  	chisq 5.85301 (3 df)

Iteration 5:  15000000 integrand evaluations so far
[1] 74.3532 +- 5.1781  	chisq 9.07132 (4 df)

Iteration 6:  21000000 integrand evaluations so far
[1] 84.6779 +- 4.32041  	chisq 22.1562 (5 df)

Iteration 7:  28000000 integrand evaluations so far
[1] 92.8627 +- 3.60431  	chisq 33.9609 (6 df)

Iteration 8:  36000000 integrand evaluations so far
[1] 93.0118 +- 3.60207  	chisq 35.3347 (7 df)

Iteration 9:  45000000 integrand evaluations so far
[1] 94.4932 +- 3.20975  	chisq 36.1558 (8 df)

Iteration 10:  55000000 integrand evaluations so far
[1] 102.907 +- 2.36547  	chisq 51.1972 (9 df)
   102.9 ±    2.4        (1.88mi) ┃     122 ±     14        (1.08hr) ┃
┃   68 -    70 ┃   31 -    32 ┃  93.017 ±  0.051        (4.66mi) ┃ -85.675 ±  0.071        (27.6mi) ┃Vegas input parameters:
  ndim 10
  ncomp 1
  nvec 1
  epsrel 0
  epsabs 0
  flags 10
  seed 123456
  mineval 50000000
  maxeval 50000000
  nstart 1000000
  nincrease 1000000
  nbatch 5000
  gridno 0
  statefile ""

Iteration 1:  1000000 integrand evaluations so far
[1] -569.884 +- 638.982  	chisq 0 (0 df)

Iteration 2:  3000000 integrand evaluations so far
[1] -84.6368 +- 175.498  	chisq 0.623751 (1 df)

Iteration 3:  6000000 integrand evaluations so far
[1] 93.0561 +- 53.0797  	chisq 1.75215 (2 df)

Iteration 4:  10000000 integrand evaluations so far
[1] 104.487 +- 45.0327  	chisq 1.91765 (3 df)

Iteration 5:  15000000 integrand evaluations so far
[1] 52.2443 +- 26.69  	chisq 3.99225 (4 df)

Iteration 6:  21000000 integrand evaluations so far
[1] 49.3477 +- 24.8236  	chisq 4.07951 (5 df)

Iteration 7:  28000000 integrand evaluations so far
[1] 46.6806 +- 24.703  	chisq 5.27061 (6 df)

Iteration 8:  36000000 integrand evaluations so far
[1] 31.7785 +- 23.4604  	chisq 8.98102 (7 df)

Iteration 9:  45000000 integrand evaluations so far
[1] 13.449 +- 20.1003  	chisq 11.2764 (8 df)

Iteration 10:  55000000 integrand evaluations so far
[1] 14.5997 +- 20.0585  	chisq 12.065 (9 df)
      15 ±     20        (3.62mi) ┃Vegas input parameters:
  ndim 8
  ncomp 1
  nvec 1
  epsrel 0
  epsabs 0
  flags 10
  seed 123456
  mineval 5000000
  maxeval 50000000
  nstart 1000000
  nincrease 1000000
  nbatch 5000
  gridno 0
  statefile ""

Iteration 1:  1000000 integrand evaluations so far
[1] 127.629 +- 29.4248  	chisq 0 (0 df)

Iteration 2:  3000000 integrand evaluations so far
[1] 93.4811 +- 18.754  	chisq 2.2682 (1 df)

Iteration 3:  6000000 integrand evaluations so far
[1] 94.3745 +- 16.8111  	chisq 2.27975 (2 df)

Iteration 4:  10000000 integrand evaluations so far
[1] 102.927 +- 14.117  	chisq 3.15755 (3 df)

Iteration 5:  15000000 integrand evaluations so far
[1] 103.448 +- 9.33637  	chisq 3.15997 (4 df)

Iteration 6:  21000000 integrand evaluations so far
[1] 96.8985 +- 5.45077  	chisq 3.90646 (5 df)

Iteration 7:  28000000 integrand evaluations so far
[1] 97.644 +- 5.39028  	chisq 4.75384 (6 df)

Iteration 8:  36000000 integrand evaluations so far
[1] 100.52 +- 4.5523  	chisq 5.74694 (7 df)

Iteration 9:  45000000 integrand evaluations so far
[1] 103.685 +- 2.99054  	chisq 6.5971 (8 df)

Iteration 10:  55000000 integrand evaluations so far
[1] 104.865 +- 1.82465  	chisq 6.84526 (9 df)
   104.9 ±    1.8        (1.83mi) ┃     127 ±     20        (37.7mi) ┃
┃   68 -    70 ┃   32 -    33 ┃  98.252 ±  0.071        ( 39.9s) ┃ -89.482 ±  0.075        (6.98mi) ┃Vegas input parameters:
  ndim 10
  ncomp 1
  nvec 1
  epsrel 0
  epsabs 0
  flags 10
  seed 123456
  mineval 50000000
  maxeval 50000000
  nstart 1000000
  nincrease 1000000
  nbatch 5000
  gridno 0
  statefile ""

Iteration 1:  1000000 integrand evaluations so far
[1] 247.386 +- 129.171  	chisq 0 (0 df)

Iteration 2:  3000000 integrand evaluations so far
[1] 24.797 +- 73.4695  	chisq 4.38946 (1 df)

Iteration 3:  6000000 integrand evaluations so far
[1] 2.98761 +- 67.0587  	chisq 4.91743 (2 df)

Iteration 4:  10000000 integrand evaluations so far
[1] -47.5154 +- 37.4202  	chisq 5.74109 (3 df)

Iteration 5:  15000000 integrand evaluations so far
[1] -45.0358 +- 34.9617  	chisq 5.77565 (4 df)

Iteration 6:  21000000 integrand evaluations so far
[1] -13.087 +- 25.0034  	chisq 7.48497 (5 df)

Iteration 7:  28000000 integrand evaluations so far
[1] -7.64588 +- 20.4278  	chisq 7.6274 (6 df)

Iteration 8:  36000000 integrand evaluations so far
[1] -6.45288 +- 20.1925  	chisq 7.77633 (7 df)

Iteration 9:  45000000 integrand evaluations so far
[1] -15.8241 +- 18.7413  	chisq 9.33063 (8 df)

Iteration 10:  55000000 integrand evaluations so far
[1] -11.5019 +- 16.0542  	chisq 9.53043 (9 df)
     -12 ±     16        (3.54mi) ┃Vegas input parameters:
  ndim 8
  ncomp 1
  nvec 1
  epsrel 0
  epsabs 0
  flags 10
  seed 123456
  mineval 5000000
  maxeval 50000000
  nstart 1000000
  nincrease 1000000
  nbatch 5000
  gridno 0
  statefile ""

Iteration 1:  1000000 integrand evaluations so far
[1] 112.908 +- 28.183  	chisq 0 (0 df)

Iteration 2:  3000000 integrand evaluations so far
[1] 41.4548 +- 11.0675  	chisq 7.59991 (1 df)

Iteration 3:  6000000 integrand evaluations so far
[1] 43.8488 +- 10.3195  	chisq 7.95816 (2 df)

Iteration 4:  10000000 integrand evaluations so far
[1] 53.0277 +- 8.87945  	chisq 11.0056 (3 df)

Iteration 5:  15000000 integrand evaluations so far
[1] 56.3955 +- 8.61452  	chisq 13.4529 (4 df)

Iteration 6:  21000000 integrand evaluations so far
[1] 70.6655 +- 6.30895  	chisq 19.3712 (5 df)

Iteration 7:  28000000 integrand evaluations so far
[1] 70.9342 +- 6.30496  	chisq 20.8081 (6 df)

Iteration 8:  36000000 integrand evaluations so far
[1] 77.7375 +- 5.73738  	chisq 27.5798 (7 df)

Iteration 9:  45000000 integrand evaluations so far
[1] 89.6357 +- 4.56068  	chisq 39.2625 (8 df)

Iteration 10:  55000000 integrand evaluations so far
[1] 93.2729 +- 4.27679  	chisq 44.5352 (9 df)
    93.3 ±    4.3        (1.84mi) ┃      91 ±     17        (  13mi) ┃
┃   68 -    70 ┃   33 -    34 ┃  99.303 ±  0.021        (17.4mi) ┃ -91.671 ±  0.063        (13.9mi) ┃Vegas input parameters:
  ndim 10
  ncomp 1
  nvec 1
  epsrel 0
  epsabs 0
  flags 10
  seed 123456
  mineval 50000000
  maxeval 50000000
  nstart 1000000
  nincrease 1000000
  nbatch 5000
  gridno 0
  statefile ""

Iteration 1:  1000000 integrand evaluations so far
[1] 326.089 +- 287.578  	chisq 0 (0 df)

Iteration 2:  3000000 integrand evaluations so far
[1] 249.812 +- 160.772  	chisq 0.102337 (1 df)

Iteration 3:  6000000 integrand evaluations so far
[1] 271.615 +- 135.798  	chisq 0.166521 (2 df)

Iteration 4:  10000000 integrand evaluations so far
[1] 116.749 +- 64.7821  	chisq 1.85025 (3 df)

Iteration 5:  15000000 integrand evaluations so far
[1] 105.32 +- 64.1447  	chisq 3.43968 (4 df)

Iteration 6:  21000000 integrand evaluations so far
[1] 97.638 +- 41.7537  	chisq 3.46457 (5 df)

Iteration 7:  28000000 integrand evaluations so far
[1] 98.6315 +- 41.7411  	chisq 4.40128 (6 df)

Iteration 8:  36000000 integrand evaluations so far
[1] 100.487 +- 41.6768  	chisq 5.04336 (7 df)

Iteration 9:  45000000 integrand evaluations so far
[1] 92.1086 +- 41.0018  	chisq 6.30136 (8 df)

Iteration 10:  55000000 integrand evaluations so far
[1] 95.1021 +- 40.1251  	chisq 6.42735 (9 df)
      95 ±     40        ( 3.6mi) ┃Vegas input parameters:
  ndim 8
  ncomp 1
  nvec 1
  epsrel 0
  epsabs 0
  flags 10
  seed 123456
  mineval 5000000
  maxeval 50000000
  nstart 1000000
  nincrease 1000000
  nbatch 5000
  gridno 0
  statefile ""

Iteration 1:  1000000 integrand evaluations so far
[1] 100.409 +- 28.0327  	chisq 0 (0 df)

Iteration 2:  3000000 integrand evaluations so far
[1] 19.8162 +- 4.30087  	chisq 8.46473 (1 df)

Iteration 3:  6000000 integrand evaluations so far
[1] 20.0204 +- 4.29775  	chisq 10.0195 (2 df)

Iteration 4:  10000000 integrand evaluations so far
[1] 24.1913 +- 4.03491  	chisq 17.9625 (3 df)

Iteration 5:  15000000 integrand evaluations so far
[1] 31.2675 +- 3.81976  	chisq 47.5922 (4 df)

Iteration 6:  21000000 integrand evaluations so far
[1] 43.7161 +- 3.39126  	chisq 97.7448 (5 df)

Iteration 7:  28000000 integrand evaluations so far
[1] 56.1894 +- 3.0018  	chisq 160.233 (6 df)

Iteration 8:  36000000 integrand evaluations so far
[1] 68.243 +- 2.57507  	chisq 221.283 (7 df)

Iteration 9:  45000000 integrand evaluations so far
[1] 79.9438 +- 2.17483  	chisq 293.299 (8 df)

Iteration 10:  55000000 integrand evaluations so far
[1] 84.9821 +- 2.00898  	chisq 329.882 (9 df)
      85 ±      2        (1.81mi) ┃     188 ±     40        (36.7mi) ┃
┃   68 -    70 ┃   34 -    35 ┃  93.971 ±  0.056        (9.73mi) ┃ -87.057 ±  0.065        (19.4mi) ┃Vegas input parameters:
  ndim 10
  ncomp 1
  nvec 1
  epsrel 0
  epsabs 0
  flags 10
  seed 123456
  mineval 50000000
  maxeval 50000000
  nstart 1000000
  nincrease 1000000
  nbatch 5000
  gridno 0
  statefile ""

Iteration 1:  1000000 integrand evaluations so far
[1] 49.2788 +- 77.7501  	chisq 0 (0 df)

Iteration 2:  3000000 integrand evaluations so far
[1] -24.1985 +- 32.9201  	chisq 1.0882 (1 df)

Iteration 3:  6000000 integrand evaluations so far
[1] -14.9254 +- 31.7901  	chisq 2.26416 (2 df)

Iteration 4:  10000000 integrand evaluations so far
[1] -13.7339 +- 30.4506  	chisq 2.28119 (3 df)

Iteration 5:  15000000 integrand evaluations so far
[1] -33.9215 +- 28.7319  	chisq 6.28784 (4 df)

Iteration 6:  21000000 integrand evaluations so far
[1] -6.39772 +- 24.9521  	chisq 10.0212 (5 df)

Iteration 7:  28000000 integrand evaluations so far
[1] -0.534606 +- 23.6956  	chisq 10.5836 (6 df)

Iteration 8:  36000000 integrand evaluations so far
[1] -1.00007 +- 23.6908  	chisq 11.5316 (7 df)

Iteration 9:  45000000 integrand evaluations so far
[1] -0.232662 +- 23.6792  	chisq 12.6087 (8 df)

Iteration 10:  55000000 integrand evaluations so far
[1] -9.65704 +- 22.3325  	chisq 14.0421 (9 df)
     -10 ±     22        (3.59mi) ┃Vegas input parameters:
  ndim 8
  ncomp 1
  nvec 1
  epsrel 0
  epsabs 0
  flags 10
  seed 123456
  mineval 5000000
  maxeval 50000000
  nstart 1000000
  nincrease 1000000
  nbatch 5000
  gridno 0
  statefile ""

Iteration 1:  1000000 integrand evaluations so far
[1] 74.1126 +- 21.8631  	chisq 0 (0 df)

Iteration 2:  3000000 integrand evaluations so far
[1] 14.2042 +- 4.525  	chisq 7.8445 (1 df)

Iteration 3:  6000000 integrand evaluations so far
[1] 15.8648 +- 4.40567  	chisq 10.4321 (2 df)

Iteration 4:  10000000 integrand evaluations so far
[1] 18.742 +- 4.10031  	chisq 13.6191 (3 df)

Iteration 5:  15000000 integrand evaluations so far
[1] 19.454 +- 4.07541  	chisq 16.1103 (4 df)

Iteration 6:  21000000 integrand evaluations so far
[1] 21.6585 +- 4.02078  	chisq 27.0962 (5 df)

Iteration 7:  28000000 integrand evaluations so far
[1] 25.9442 +- 3.92202  	chisq 50.5113 (6 df)

Iteration 8:  36000000 integrand evaluations so far
[1] 49.6329 +- 2.89229  	chisq 130.484 (7 df)

Iteration 9:  45000000 integrand evaluations so far
[1] 74.2547 +- 2.02846  	chisq 273.103 (8 df)

Iteration 10:  55000000 integrand evaluations so far
[1] 75.6695 +- 1.9845  	chisq 284.45 (9 df)
    75.7 ±      2        (1.84mi) ┃      73 ±     22        (34.6mi) ┃
┃   68 -    70 ┃   35 -    36 ┃ 107.802 ±  0.098        ( 18.2s) ┃ -98.985 ±  0.049        (3.64mi) ┃Vegas input parameters:
  ndim 10
  ncomp 1
  nvec 1
  epsrel 0
  epsabs 0
  flags 10
  seed 123456
  mineval 50000000
  maxeval 50000000
  nstart 1000000
  nincrease 1000000
  nbatch 5000
  gridno 0
  statefile ""

Iteration 1:  1000000 integrand evaluations so far
[1] 450.451 +- 476.085  	chisq 0 (0 df)

Iteration 2:  3000000 integrand evaluations so far
[1] -113.551 +- 69.6951  	chisq 1.43417 (1 df)

Iteration 3:  6000000 integrand evaluations so far
[1] -132.548 +- 60.4726  	chisq 1.73479 (2 df)

Iteration 4:  10000000 integrand evaluations so far
[1] -85.6677 +- 33.1178  	chisq 2.59323 (3 df)

Iteration 5:  15000000 integrand evaluations so far
[1] -45.9428 +- 22.0421  	chisq 5.17627 (4 df)

Iteration 6:  21000000 integrand evaluations so far
[1] -46.4645 +- 21.8843  	chisq 5.21555 (5 df)

Iteration 7:  28000000 integrand evaluations so far
[1] -46.6496 +- 21.8835  	chisq 6.19815 (6 df)

Iteration 8:  36000000 integrand evaluations so far
[1] -49.5782 +- 21.7193  	chisq 7.39571 (7 df)

Iteration 9:  45000000 integrand evaluations so far
[1] -30.6112 +- 17.5543  	chisq 9.59503 (8 df)

Iteration 10:  55000000 integrand evaluations so far
[1] -31.995 +- 16.7401  	chisq 9.6636 (9 df)
     -32 ±     17        (3.62mi) ┃Vegas input parameters:
  ndim 8
  ncomp 1
  nvec 1
  epsrel 0
  epsabs 0
  flags 10
  seed 123456
  mineval 5000000
  maxeval 50000000
  nstart 1000000
  nincrease 1000000
  nbatch 5000
  gridno 0
  statefile ""

Iteration 1:  1000000 integrand evaluations so far
[1] 134.66 +- 30.9795  	chisq 0 (0 df)

Iteration 2:  3000000 integrand evaluations so far
[1] 41.6778 +- 8.26209  	chisq 9.69833 (1 df)

Iteration 3:  6000000 integrand evaluations so far
[1] 44.4036 +- 7.59511  	chisq 10.4008 (2 df)

Iteration 4:  10000000 integrand evaluations so far
[1] 39.9561 +- 4.32014  	chisq 10.9077 (3 df)

Iteration 5:  15000000 integrand evaluations so far
[1] 44.5604 +- 4.15327  	chisq 25.9009 (4 df)

Iteration 6:  21000000 integrand evaluations so far
[1] 54.7569 +- 3.66458  	chisq 53.1142 (5 df)

Iteration 7:  28000000 integrand evaluations so far
[1] 65.2628 +- 3.31161  	chisq 97.938 (6 df)

Iteration 8:  36000000 integrand evaluations so far
[1] 81.5202 +- 2.52937  	chisq 155.784 (7 df)

Iteration 9:  45000000 integrand evaluations so far
[1] 90.9635 +- 2.12087  	chisq 202.729 (8 df)

Iteration 10:  55000000 integrand evaluations so far
[1] 100.303 +- 1.71276  	chisq 258.481 (9 df)
   100.3 ±    1.7        (1.87mi) ┃      77 ±     17        (9.44mi) ┃
┃   68 -    70 ┃   36 -    37 ┃  83.373 ±  0.037        (4.79mi) ┃ -76.664 ±  0.048        (6.83mi) ┃Vegas input parameters:
  ndim 10
  ncomp 1
  nvec 1
  epsrel 0
  epsabs 0
  flags 10
  seed 123456
  mineval 50000000
  maxeval 50000000
  nstart 1000000
  nincrease 1000000
  nbatch 5000
  gridno 0
  statefile ""

Iteration 1:  1000000 integrand evaluations so far
[1] -10.5227 +- 90.8011  	chisq 0 (0 df)

Iteration 2:  3000000 integrand evaluations so far
[1] 0.549528 +- 89.5352  	chisq 0.536996 (1 df)

Iteration 3:  6000000 integrand evaluations so far
[1] 44.7358 +- 49.8705  	chisq 0.89009 (2 df)

Iteration 4:  10000000 integrand evaluations so far
[1] 27.7541 +- 25.8247  	chisq 1.04853 (3 df)

Iteration 5:  15000000 integrand evaluations so far
[1] 15.0465 +- 23.0689  	chisq 2.24701 (4 df)

Iteration 6:  21000000 integrand evaluations so far
[1] 10.598 +- 22.838  	chisq 4.11406 (5 df)

Iteration 7:  28000000 integrand evaluations so far
[1] 14.2826 +- 22.412  	chisq 4.81822 (6 df)

Iteration 8:  36000000 integrand evaluations so far
[1] 10.9577 +- 14.82  	chisq 4.85733 (7 df)

Iteration 9:  45000000 integrand evaluations so far
[1] 9.49687 +- 14.7754  	chisq 6.47688 (8 df)

Iteration 10:  55000000 integrand evaluations so far
[1] 12.5465 +- 14.6  	chisq 8.28173 (9 df)
      13 ±     15        (3.66mi) ┃Vegas input parameters:
  ndim 8
  ncomp 1
  nvec 1
  epsrel 0
  epsabs 0
  flags 10
  seed 123456
  mineval 5000000
  maxeval 50000000
  nstart 1000000
  nincrease 1000000
  nbatch 5000
  gridno 0
  statefile ""

Iteration 1:  1000000 integrand evaluations so far
[1] 110.387 +- 29.0986  	chisq 0 (0 df)

Iteration 2:  3000000 integrand evaluations so far
[1] 49.0566 +- 12.0827  	chisq 5.36789 (1 df)

Iteration 3:  6000000 integrand evaluations so far
[1] 37.8124 +- 7.2458  	chisq 6.72024 (2 df)

Iteration 4:  10000000 integrand evaluations so far
[1] 46.0709 +- 6.04439  	chisq 10.9917 (3 df)

Iteration 5:  15000000 integrand evaluations so far
[1] 59.7841 +- 4.77862  	chisq 24.7186 (4 df)

Iteration 6:  21000000 integrand evaluations so far
[1] 70.3198 +- 3.95003  	chisq 40.0664 (5 df)

Iteration 7:  28000000 integrand evaluations so far
[1] 80.9033 +- 3.03663  	chisq 57.6185 (6 df)

Iteration 8:  36000000 integrand evaluations so far
[1] 83.7916 +- 2.87588  	chisq 66.3956 (7 df)

Iteration 9:  45000000 integrand evaluations so far
[1] 91.9558 +- 2.28822  	chisq 88.3594 (8 df)

Iteration 10:  55000000 integrand evaluations so far
[1] 96.2154 +- 1.56711  	chisq 94.8859 (9 df)
    96.2 ±    1.6        (1.87mi) ┃     115 ±     15        (17.2mi) ┃
┃   68 -    70 ┃   37 -    38 ┃  79.838 ±  0.071        (8.93mi) ┃  -74.25 ±  0.048        (27.2mi) ┃Vegas input parameters:
  ndim 10
  ncomp 1
  nvec 1
  epsrel 0
  epsabs 0
  flags 10
  seed 123456
  mineval 50000000
  maxeval 50000000
  nstart 1000000
  nincrease 1000000
  nbatch 5000
  gridno 0
  statefile ""

Iteration 1:  1000000 integrand evaluations so far
[1] -1561.31 +- 1521.86  	chisq 0 (0 df)

Iteration 2:  3000000 integrand evaluations so far
[1] -9.42494 +- 13.7627  	chisq 1.03994 (1 df)

Iteration 3:  6000000 integrand evaluations so far
[1] -8.75126 +- 13.7496  	chisq 2.29819 (2 df)

Iteration 4:  10000000 integrand evaluations so far
[1] -9.77344 +- 13.7131  	chisq 3.3409 (3 df)

Iteration 5:  15000000 integrand evaluations so far
[1] -10.2297 +- 13.7057  	chisq 4.36783 (4 df)

Iteration 6:  21000000 integrand evaluations so far
[1] -0.933255 +- 12.2552  	chisq 6.66291 (5 df)

Iteration 7:  28000000 integrand evaluations so far
[1] 0.429957 +- 12.0908  	chisq 7.12716 (6 df)

Iteration 8:  36000000 integrand evaluations so far
[1] -0.788893 +- 11.9386  	chisq 7.53338 (7 df)

Iteration 9:  45000000 integrand evaluations so far
[1] 2.74764 +- 11.2571  	chisq 8.32457 (8 df)

Iteration 10:  55000000 integrand evaluations so far
[1] 4.09905 +- 10.9491  	chisq 8.59158 (9 df)
       4 ±     11        (3.61mi) ┃Vegas input parameters:
  ndim 8
  ncomp 1
  nvec 1
  epsrel 0
  epsabs 0
  flags 10
  seed 123456
  mineval 5000000
  maxeval 50000000
  nstart 1000000
  nincrease 1000000
  nbatch 5000
  gridno 0
  statefile ""

Iteration 1:  1000000 integrand evaluations so far
[1] 94.817 +- 27.2296  	chisq 0 (0 df)

Iteration 2:  3000000 integrand evaluations so far
[1] 96.6512 +- 27.1075  	chisq 0.506985 (1 df)

Iteration 3:  6000000 integrand evaluations so far
[1] 55.3206 +- 14.9467  	chisq 3.84719 (2 df)

Iteration 4:  10000000 integrand evaluations so far
[1] 60.4381 +- 14.6017  	chisq 6.41645 (3 df)

Iteration 5:  15000000 integrand evaluations so far
[1] 72.7271 +- 11.3578  	chisq 8.20979 (4 df)

Iteration 6:  21000000 integrand evaluations so far
[1] 78.8598 +- 10.6152  	chisq 10.5148 (5 df)

Iteration 7:  28000000 integrand evaluations so far
[1] 81.5812 +- 6.24751  	chisq 10.6153 (6 df)

Iteration 8:  36000000 integrand evaluations so far
[1] 89.9311 +- 4.6726  	chisq 14.6693 (7 df)

Iteration 9:  45000000 integrand evaluations so far
[1] 88.1468 +- 2.5187  	chisq 14.8748 (8 df)

Iteration 10:  55000000 integrand evaluations so far
[1] 91.8775 +- 1.64803  	chisq 18.7113 (9 df)
    91.9 ±    1.6        (1.87mi) ┃     102 ±     11        (41.6mi) ┃
┃   68 -    70 ┃   38 -    39 ┃  97.586 ±  0.087        (9.05mi) ┃ -89.852 ±  0.071        (27.9mi) ┃Vegas input parameters:
  ndim 10
  ncomp 1
  nvec 1
  epsrel 0
  epsabs 0
  flags 10
  seed 123456
  mineval 50000000
  maxeval 50000000
  nstart 1000000
  nincrease 1000000
  nbatch 5000
  gridno 0
  statefile ""

Iteration 1:  1000000 integrand evaluations so far
[1] -34.155 +- 49.0064  	chisq 0 (0 df)

Iteration 2:  3000000 integrand evaluations so far
[1] -9.82835 +- 30.6488  	chisq 0.404702 (1 df)

Iteration 3:  6000000 integrand evaluations so far
[1] -17.265 +- 30.164  	chisq 2.28058 (2 df)

Iteration 4:  10000000 integrand evaluations so far
[1] -11.853 +- 21.5352  	chisq 2.34624 (3 df)

Iteration 5:  15000000 integrand evaluations so far
[1] -5.94471 +- 20.5573  	chisq 3.19436 (4 df)

Iteration 6:  21000000 integrand evaluations so far
[1] -0.0196827 +- 19.942  	chisq 4.60316 (5 df)

Iteration 7:  28000000 integrand evaluations so far
[1] -3.77609 +- 19.3532  	chisq 5.21293 (6 df)

Iteration 8:  36000000 integrand evaluations so far
[1] -10.1813 +- 17.4197  	chisq 5.78999 (7 df)

Iteration 9:  45000000 integrand evaluations so far
[1] -18.6069 +- 15.9376  	chisq 7.22585 (8 df)

Iteration 10:  55000000 integrand evaluations so far
[1] -19.0892 +- 15.9336  	chisq 9.04884 (9 df)
     -19 ±     16        (3.65mi) ┃Vegas input parameters:
  ndim 8
  ncomp 1
  nvec 1
  epsrel 0
  epsabs 0
  flags 10
  seed 123456
  mineval 5000000
  maxeval 50000000
  nstart 1000000
  nincrease 1000000
  nbatch 5000
  gridno 0
  statefile ""

Iteration 1:  1000000 integrand evaluations so far
[1] 75.9652 +- 24.1267  	chisq 0 (0 df)

Iteration 2:  3000000 integrand evaluations so far
[1] 19.9827 +- 6.94972  	chisq 5.8712 (1 df)

Iteration 3:  6000000 integrand evaluations so far
[1] 14.4931 +- 2.75014  	chisq 6.61099 (2 df)

Iteration 4:  10000000 integrand evaluations so far
[1] 16.309 +- 2.64713  	chisq 12.5421 (3 df)

Iteration 5:  15000000 integrand evaluations so far
[1] 16.6938 +- 2.64047  	chisq 16.7438 (4 df)

Iteration 6:  21000000 integrand evaluations so far
[1] 21.2297 +- 2.48576  	chisq 42.6869 (5 df)

Iteration 7:  28000000 integrand evaluations so far
[1] 22.9791 +- 2.45851  	chisq 65.3994 (6 df)

Iteration 8:  36000000 integrand evaluations so far
[1] 27.9669 +- 2.37495  	chisq 126.999 (7 df)

Iteration 9:  45000000 integrand evaluations so far
[1] 29.2015 +- 2.35838  	chisq 146.431 (8 df)

Iteration 10:  55000000 integrand evaluations so far
[1] 42.7915 +- 2.12775  	chisq 324.936 (9 df)
    42.8 ±    2.1        (1.88mi) ┃      31 ±     16        (42.5mi) ┃
┃   68 -    70 ┃   39 -    40 ┃  88.099 ±   0.04        (9.05mi) ┃ -81.322 ±  0.073        (  14mi) ┃Vegas input parameters:
  ndim 10
  ncomp 1
  nvec 1
  epsrel 0
  epsabs 0
  flags 10
  seed 123456
  mineval 50000000
  maxeval 50000000
  nstart 1000000
  nincrease 1000000
  nbatch 5000
  gridno 0
  statefile ""

Iteration 1:  1000000 integrand evaluations so far
[1] 21.2971 +- 49.7299  	chisq 0 (0 df)

Iteration 2:  3000000 integrand evaluations so far
[1] -10.3872 +- 42.7303  	chisq 1.55118 (1 df)

Iteration 3:  6000000 integrand evaluations so far
[1] -35.5996 +- 30.7158  	chisq 2.27155 (2 df)

Iteration 4:  10000000 integrand evaluations so far
[1] -38.4147 +- 30.6156  	chisq 3.56161 (3 df)

Iteration 5:  15000000 integrand evaluations so far
[1] -40.0614 +- 30.4976  	chisq 3.93765 (4 df)

Iteration 6:  21000000 integrand evaluations so far
[1] -55.9094 +- 27.5312  	chisq 5.3967 (5 df)

Iteration 7:  28000000 integrand evaluations so far
[1] -54.4029 +- 23.9927  	chisq 5.40915 (6 df)

Iteration 8:  36000000 integrand evaluations so far
[1] -56.7686 +- 23.6386  	chisq 5.74093 (7 df)

Iteration 9:  45000000 integrand evaluations so far
[1] -40.4228 +- 21.4363  	chisq 8.43246 (8 df)

Iteration 10:  55000000 integrand evaluations so far
[1] -41.5688 +- 20.9753  	chisq 8.49964 (9 df)
     -42 ±     21        (3.63mi) ┃Vegas input parameters:
  ndim 8
  ncomp 1
  nvec 1
  epsrel 0
  epsabs 0
  flags 10
  seed 123456
  mineval 5000000
  maxeval 50000000
  nstart 1000000
  nincrease 1000000
  nbatch 5000
  gridno 0
  statefile ""

Iteration 1:  1000000 integrand evaluations so far
[1] 93.8791 +- 26.9384  	chisq 0 (0 df)

Iteration 2:  3000000 integrand evaluations so far
[1] 26.0643 +- 6.42112  	chisq 6.71909 (1 df)

Iteration 3:  6000000 integrand evaluations so far
[1] 26.3323 +- 6.41669  	chisq 7.98435 (2 df)

Iteration 4:  10000000 integrand evaluations so far
[1] 30.8859 +- 6.05127  	chisq 12.5354 (3 df)

Iteration 5:  15000000 integrand evaluations so far
[1] 35.9617 +- 5.78909  	chisq 20.8349 (4 df)

Iteration 6:  21000000 integrand evaluations so far
[1] 41.5835 +- 5.4902  	chisq 30.2095 (5 df)

Iteration 7:  28000000 integrand evaluations so far
[1] 49.2361 +- 5.08693  	chisq 43.939 (6 df)

Iteration 8:  36000000 integrand evaluations so far
[1] 57.1612 +- 4.63726  	chisq 58.3027 (7 df)

Iteration 9:  45000000 integrand evaluations so far
[1] 67.8075 +- 4.01397  	chisq 79.3224 (8 df)

Iteration 10:  55000000 integrand evaluations so far
[1] 79.0555 +- 3.2006  	chisq 100.882 (9 df)
    79.1 ±    3.2        (1.85mi) ┃      44 ±     21        (28.5mi) ┃
┃   68 -    70 ┃   40 -    41 ┃  77.282 ±  0.055        ( 4.7mi) ┃ -71.619 ±  0.034        (28.1mi) ┃Vegas input parameters:
  ndim 10
  ncomp 1
  nvec 1
  epsrel 0
  epsabs 0
  flags 10
  seed 123456
  mineval 50000000
  maxeval 50000000
  nstart 1000000
  nincrease 1000000
  nbatch 5000
  gridno 0
  statefile ""

Iteration 1:  1000000 integrand evaluations so far
[1] 145.105 +- 82.5214  	chisq 0 (0 df)

Iteration 2:  3000000 integrand evaluations so far
[1] 32.9872 +- 48.0166  	chisq 2.79085 (1 df)

Iteration 3:  6000000 integrand evaluations so far
[1] 20.4637 +- 28.4804  	chisq 2.8958 (2 df)

Iteration 4:  10000000 integrand evaluations so far
[1] 9.60027 +- 27.6199  	chisq 5.34037 (3 df)

Iteration 5:  15000000 integrand evaluations so far
[1] 28.5213 +- 24.1252  	chisq 7.32013 (4 df)

Iteration 6:  21000000 integrand evaluations so far
[1] 2.80729 +- 12.3534  	chisq 8.8599 (5 df)

Iteration 7:  28000000 integrand evaluations so far
[1] 1.97319 +- 12.0551  	chisq 8.95545 (6 df)

Iteration 8:  36000000 integrand evaluations so far
[1] 2.28917 +- 12.0504  	chisq 9.84549 (7 df)

Iteration 9:  45000000 integrand evaluations so far
[1] 4.84713 +- 11.8867  	chisq 11.5147 (8 df)

Iteration 10:  55000000 integrand evaluations so far
[1] 1.47476 +- 11.6087  	chisq 13.2559 (9 df)
       1 ±     12        (3.62mi) ┃Vegas input parameters:
  ndim 8
  ncomp 1
  nvec 1
  epsrel 0
  epsabs 0
  flags 10
  seed 123456
  mineval 5000000
  maxeval 50000000
  nstart 1000000
  nincrease 1000000
  nbatch 5000
  gridno 0
  statefile ""

Iteration 1:  1000000 integrand evaluations so far
[1] 65.6721 +- 19.2871  	chisq 0 (0 df)

Iteration 2:  3000000 integrand evaluations so far
[1] 21.4114 +- 5.79838  	chisq 5.78954 (1 df)

Iteration 3:  6000000 integrand evaluations so far
[1] 21.6186 +- 5.79532  	chisq 7.0013 (2 df)

Iteration 4:  10000000 integrand evaluations so far
[1] 24.5971 +- 4.79213  	chisq 7.83652 (3 df)

Iteration 5:  15000000 integrand evaluations so far
[1] 35.3706 +- 3.68653  	chisq 20.2185 (4 df)

Iteration 6:  21000000 integrand evaluations so far
[1] 40.2611 +- 3.39368  	chisq 31.7536 (5 df)

Iteration 7:  28000000 integrand evaluations so far
[1] 45.6569 +- 3.22969  	chisq 58.5586 (6 df)

Iteration 8:  36000000 integrand evaluations so far
[1] 60.4432 +- 2.71202  	chisq 129.639 (7 df)

Iteration 9:  45000000 integrand evaluations so far
[1] 60.4918 +- 2.71172  	chisq 131.087 (8 df)

Iteration 10:  55000000 integrand evaluations so far
[1] 63.7992 +- 2.59976  	chisq 149.482 (9 df)
    63.8 ±    2.6        (1.84mi) ┃      71 ±     12        (38.2mi) ┃
┃   68 -    70 ┃   41 -    42 ┃  88.411 ±  0.029        (4.45mi) ┃ -81.597 ±  0.069        (3.64mi) ┃Vegas input parameters:
  ndim 10
  ncomp 1
  nvec 1
  epsrel 0
  epsabs 0
  flags 10
  seed 123456
  mineval 50000000
  maxeval 50000000
  nstart 1000000
  nincrease 1000000
  nbatch 5000
  gridno 0
  statefile ""

Iteration 1:  1000000 integrand evaluations so far
[1] -233.518 +- 190.933  	chisq 0 (0 df)

Iteration 2:  3000000 integrand evaluations so far
[1] 56.5094 +- 33.0676  	chisq 2.37873 (1 df)

Iteration 3:  6000000 integrand evaluations so far
[1] 61.8515 +- 32.7543  	chisq 3.76273 (2 df)

Iteration 4:  10000000 integrand evaluations so far
[1] 64.5298 +- 32.5107  	chisq 4.21386 (3 df)

Iteration 5:  15000000 integrand evaluations so far
[1] 7.3049 +- 16.3537  	chisq 8.36165 (4 df)

Iteration 6:  21000000 integrand evaluations so far
[1] 7.14645 +- 16.1673  	chisq 8.36579 (5 df)

Iteration 7:  28000000 integrand evaluations so far
[1] 5.59569 +- 13.9057  	chisq 8.40115 (6 df)

Iteration 8:  36000000 integrand evaluations so far
[1] 7.01437 +- 13.1586  	chisq 8.50069 (7 df)

Iteration 9:  45000000 integrand evaluations so far
[1] 9.69566 +- 12.8882  	chisq 9.52142 (8 df)

Iteration 10:  55000000 integrand evaluations so far
[1] 8.88294 +- 12.8663  	chisq 10.6889 (9 df)
       9 ±     13        (3.66mi) ┃Vegas input parameters:
  ndim 8
  ncomp 1
  nvec 1
  epsrel 0
  epsabs 0
  flags 10
  seed 123456
  mineval 5000000
  maxeval 50000000
  nstart 1000000
  nincrease 1000000
  nbatch 5000
  gridno 0
  statefile ""

Iteration 1:  1000000 integrand evaluations so far
[1] 153.417 +- 34.1326  	chisq 0 (0 df)

Iteration 2:  3000000 integrand evaluations so far
[1] 45.8416 +- 9.20153  	chisq 10.7117 (1 df)

Iteration 3:  6000000 integrand evaluations so far
[1] 50.3228 +- 8.33193  	chisq 12.0287 (2 df)

Iteration 4:  10000000 integrand evaluations so far
[1] 53.1358 +- 8.14017  	chisq 14.5338 (3 df)

Iteration 5:  15000000 integrand evaluations so far
[1] 60.3104 +- 7.42833  	chisq 19.1786 (4 df)

Iteration 6:  21000000 integrand evaluations so far
[1] 72.3918 +- 5.82297  	chisq 26.0398 (5 df)

Iteration 7:  28000000 integrand evaluations so far
[1] 81.8762 +- 4.19048  	chisq 31.5427 (6 df)

Iteration 8:  36000000 integrand evaluations so far
[1] 86.1674 +- 3.84117  	chisq 38.1062 (7 df)

Iteration 9:  45000000 integrand evaluations so far
[1] 87.0565 +- 3.79908  	chisq 40.5645 (8 df)

Iteration 10:  55000000 integrand evaluations so far
[1] 90.0104 +- 3.0694  	chisq 42.3055 (9 df)
      90 ±    3.1        (1.85mi) ┃     106 ±     13        (13.6mi) ┃
┃   68 -    70 ┃   42 -    43 ┃  83.867 ±  0.055        (1.18mi) ┃ -77.076 ±  0.026        (1.84mi) ┃Vegas input parameters:
  ndim 10
  ncomp 1
  nvec 1
  epsrel 0
  epsabs 0
  flags 10
  seed 123456
  mineval 50000000
  maxeval 50000000
  nstart 1000000
  nincrease 1000000
  nbatch 5000
  gridno 0
  statefile ""

Iteration 1:  1000000 integrand evaluations so far
[1] 252.954 +- 223.404  	chisq 0 (0 df)

Iteration 2:  3000000 integrand evaluations so far
[1] 214.296 +- 202.725  	chisq 0.169593 (1 df)

Iteration 3:  6000000 integrand evaluations so far
[1] -34.0662 +- 25.5273  	chisq 1.69469 (2 df)

Iteration 4:  10000000 integrand evaluations so far
[1] -29.002 +- 13.98  	chisq 1.7509 (3 df)

Iteration 5:  15000000 integrand evaluations so far
[1] -24.4978 +- 13.724  	chisq 4.61209 (4 df)

Iteration 6:  21000000 integrand evaluations so far
[1] -25.2792 +- 13.5214  	chisq 4.72269 (5 df)

Iteration 7:  28000000 integrand evaluations so far
[1] -17.2739 +- 12.7501  	chisq 7.88558 (6 df)

Iteration 8:  36000000 integrand evaluations so far
[1] -13.0317 +- 11.9785  	chisq 8.82866 (7 df)

Iteration 9:  45000000 integrand evaluations so far
[1] -10.2655 +- 10.7171  	chisq 9.09594 (8 df)

Iteration 10:  55000000 integrand evaluations so far
[1] -9.28301 +- 10.6842  	chisq 10.4674 (9 df)
      -9 ±     11        (3.63mi) ┃Vegas input parameters:
  ndim 8
  ncomp 1
  nvec 1
  epsrel 0
  epsabs 0
  flags 10
  seed 123456
  mineval 5000000
  maxeval 50000000
  nstart 1000000
  nincrease 1000000
  nbatch 5000
  gridno 0
  statefile ""

Iteration 1:  1000000 integrand evaluations so far
[1] 101.69 +- 26.9711  	chisq 0 (0 df)

Iteration 2:  3000000 integrand evaluations so far
[1] 28.104 +- 8.14526  	chisq 8.19083 (1 df)

Iteration 3:  6000000 integrand evaluations so far
[1] 31.9337 +- 6.49381  	chisq 8.79748 (2 df)

Iteration 4:  10000000 integrand evaluations so far
[1] 37.741 +- 5.62716  	chisq 12.008 (3 df)

Iteration 5:  15000000 integrand evaluations so far
[1] 46.8953 +- 4.97531  	chisq 24.1332 (4 df)

Iteration 6:  21000000 integrand evaluations so far
[1] 50.1461 +- 4.8559  	chisq 33.1349 (5 df)

Iteration 7:  28000000 integrand evaluations so far
[1] 51.949 +- 4.79998  	chisq 39.1556 (6 df)

Iteration 8:  36000000 integrand evaluations so far
[1] 55.7852 +- 4.60639  	chisq 47.237 (7 df)

Iteration 9:  45000000 integrand evaluations so far
[1] 63.939 +- 4.25757  	chisq 68.7398 (8 df)

Iteration 10:  55000000 integrand evaluations so far
[1] 73.915 +- 3.75925  	chisq 93.6513 (9 df)
    73.9 ±    3.8        (1.86mi) ┃      71 ±     11        (8.52mi) ┃
┃   68 -    70 ┃   43 -    44 ┃  81.198 ±  0.034        (2.28mi) ┃ -74.488 ±  0.013        (14.4mi) ┃Vegas input parameters:
  ndim 10
  ncomp 1
  nvec 1
  epsrel 0
  epsabs 0
  flags 10
  seed 123456
  mineval 50000000
  maxeval 50000000
  nstart 1000000
  nincrease 1000000
  nbatch 5000
  gridno 0
  statefile ""

Iteration 1:  1000000 integrand evaluations so far
[1] -81.6868 +- 44.6839  	chisq 0 (0 df)

Iteration 2:  3000000 integrand evaluations so far
[1] -36.8078 +- 38.2247  	chisq 3.76106 (1 df)

Iteration 3:  6000000 integrand evaluations so far
[1] -53.4934 +- 28.3173  	chisq 4.18336 (2 df)

Iteration 4:  10000000 integrand evaluations so far
[1] -58.0972 +- 27.2554  	chisq 4.54253 (3 df)

Iteration 5:  15000000 integrand evaluations so far
[1] -4.95302 +- 15.7924  	chisq 10.2661 (4 df)

Iteration 6:  21000000 integrand evaluations so far
[1] -4.40514 +- 15.5726  	chisq 10.3096 (5 df)

Iteration 7:  28000000 integrand evaluations so far
[1] -4.22807 +- 15.2502  	chisq 10.3127 (6 df)

Iteration 8:  36000000 integrand evaluations so far
[1] -6.93094 +- 15.1286  	chisq 12.2902 (7 df)

Iteration 9:  45000000 integrand evaluations so far
[1] -11.1045 +- 14.7234  	chisq 13.7302 (8 df)

Iteration 10:  55000000 integrand evaluations so far
[1] -10.9121 +- 14.7226  	chisq 15.3327 (9 df)
     -11 ±     15        (3.64mi) ┃Vegas input parameters:
  ndim 8
  ncomp 1
  nvec 1
  epsrel 0
  epsabs 0
  flags 10
  seed 123456
  mineval 5000000
  maxeval 50000000
  nstart 1000000
  nincrease 1000000
  nbatch 5000
  gridno 0
  statefile ""

Iteration 1:  1000000 integrand evaluations so far
[1] 100.729 +- 27.6209  	chisq 0 (0 df)

Iteration 2:  3000000 integrand evaluations so far
[1] 72.457 +- 18.1159  	chisq 1.83862 (1 df)

Iteration 3:  6000000 integrand evaluations so far
[1] 73.7024 +- 18.024  	chisq 2.30593 (2 df)

Iteration 4:  10000000 integrand evaluations so far
[1] 75.3477 +- 17.8634  	chisq 2.77549 (3 df)

Iteration 5:  15000000 integrand evaluations so far
[1] 34.751 +- 7.9763  	chisq 9.22645 (4 df)

Iteration 6:  21000000 integrand evaluations so far
[1] 41.0116 +- 5.70991  	chisq 10.49 (5 df)

Iteration 7:  28000000 integrand evaluations so far
[1] 51.0488 +- 4.48274  	chisq 18.5445 (6 df)

Iteration 8:  36000000 integrand evaluations so far
[1] 57.2826 +- 4.13525  	chisq 31.5211 (7 df)

Iteration 9:  45000000 integrand evaluations so far
[1] 70.4407 +- 2.51739  	chisq 47.6072 (8 df)

Iteration 10:  55000000 integrand evaluations so far
[1] 77.9073 +- 1.66369  	chisq 63.2262 (9 df)
    77.9 ±    1.7        (1.91mi) ┃      74 ±     15        (22.3mi) ┃
┃   68 -    70 ┃   44 -    45 ┃  74.978 ±  0.039        (9.16mi) ┃ -69.143 ±  0.027        (56.3mi) ┃Vegas input parameters:
  ndim 10
  ncomp 1
  nvec 1
  epsrel 0
  epsabs 0
  flags 10
  seed 123456
  mineval 50000000
  maxeval 50000000
  nstart 1000000
  nincrease 1000000
  nbatch 5000
  gridno 0
  statefile ""

Iteration 1:  1000000 integrand evaluations so far
[1] -4.59314 +- 71.5122  	chisq 0 (0 df)

Iteration 2:  3000000 integrand evaluations so far
[1] 18.7994 +- 61.7443  	chisq 0.420401 (1 df)

Iteration 3:  6000000 integrand evaluations so far
[1] 28.6284 +- 48.7218  	chisq 0.48756 (2 df)

Iteration 4:  10000000 integrand evaluations so far
[1] 10.0665 +- 42.464  	chisq 1.09137 (3 df)

Iteration 5:  15000000 integrand evaluations so far
[1] 15.8039 +- 41.0273  	chisq 1.36578 (4 df)

Iteration 6:  21000000 integrand evaluations so far
[1] 29.5244 +- 35.4004  	chisq 1.80353 (5 df)

Iteration 7:  28000000 integrand evaluations so far
[1] 30.9966 +- 35.3674  	chisq 2.73116 (6 df)

Iteration 8:  36000000 integrand evaluations so far
[1] 34.2581 +- 32.6813  	chisq 2.78935 (7 df)

Iteration 9:  45000000 integrand evaluations so far
[1] 21.9362 +- 26.3982  	chisq 3.19837 (8 df)

Iteration 10:  55000000 integrand evaluations so far
[1] 33.4175 +- 23.4259  	chisq 4.08848 (9 df)
      33 ±     23        (3.58mi) ┃Vegas input parameters:
  ndim 8
  ncomp 1
  nvec 1
  epsrel 0
  epsabs 0
  flags 10
  seed 123456
  mineval 5000000
  maxeval 50000000
  nstart 1000000
  nincrease 1000000
  nbatch 5000
  gridno 0
  statefile ""

Iteration 1:  1000000 integrand evaluations so far
[1] 131.101 +- 31.8437  	chisq 0 (0 df)

Iteration 2:  3000000 integrand evaluations so far
[1] 52.7024 +- 13.814  	chisq 7.4665 (1 df)

Iteration 3:  6000000 integrand evaluations so far
[1] 41.1865 +- 7.11096  	chisq 8.41201 (2 df)

Iteration 4:  10000000 integrand evaluations so far
[1] 44.5571 +- 6.82481  	chisq 11.2609 (3 df)

Iteration 5:  15000000 integrand evaluations so far
[1] 45.0318 +- 6.81347  	chisq 12.7174 (4 df)

Iteration 6:  21000000 integrand evaluations so far
[1] 48.2741 +- 6.57443  	chisq 16.0024 (5 df)

Iteration 7:  28000000 integrand evaluations so far
[1] 59.181 +- 5.52471  	chisq 25.3689 (6 df)

Iteration 8:  36000000 integrand evaluations so far
[1] 68.2174 +- 3.78749  	chisq 30.4165 (7 df)

Iteration 9:  45000000 integrand evaluations so far
[1] 75.2018 +- 2.58628  	chisq 36.7879 (8 df)

Iteration 10:  55000000 integrand evaluations so far
[1] 82.5189 +- 2.04826  	chisq 58.2596 (9 df)
    82.5 ±      2        (1.88mi) ┃     122 ±     24        (1.18hr) ┃
┃   68 -    70 ┃   45 -    46 ┃   94.77 ±  0.017        (9.15mi) ┃ -87.167 ±  0.051        ( 57.7s) ┃Vegas input parameters:
  ndim 10
  ncomp 1
  nvec 1
  epsrel 0
  epsabs 0
  flags 10
  seed 123456
  mineval 50000000
  maxeval 50000000
  nstart 1000000
  nincrease 1000000
  nbatch 5000
  gridno 0
  statefile ""

Iteration 1:  1000000 integrand evaluations so far
[1] -79.8943 +- 52.7617  	chisq 0 (0 df)

Iteration 2:  3000000 integrand evaluations so far
[1] -71.6062 +- 37.4183  	chisq 0.0496449 (1 df)

Iteration 3:  6000000 integrand evaluations so far
[1] -19.9577 +- 27.0298  	chisq 4.03397 (2 df)

Iteration 4:  10000000 integrand evaluations so far
[1] -21.5698 +- 26.9672  	chisq 4.80294 (3 df)

Iteration 5:  15000000 integrand evaluations so far
[1] -20.1687 +- 26.9326  	chisq 5.85567 (4 df)

Iteration 6:  21000000 integrand evaluations so far
[1] -3.55997 +- 24.2888  	chisq 7.8927 (5 df)

Iteration 7:  28000000 integrand evaluations so far
[1] -3.39874 +- 20.7471  	chisq 7.89286 (6 df)

Iteration 8:  36000000 integrand evaluations so far
[1] 3.1588 +- 19.8625  	chisq 9.08983 (7 df)

Iteration 9:  45000000 integrand evaluations so far
[1] 3.67227 +- 17.618  	chisq 9.09297 (8 df)

Iteration 10:  55000000 integrand evaluations so far
[1] 5.91741 +- 17.4761  	chisq 10.1052 (9 df)
       6 ±     17        (3.56mi) ┃Vegas input parameters:
  ndim 8
  ncomp 1
  nvec 1
  epsrel 0
  epsabs 0
  flags 10
  seed 123456
  mineval 5000000
  maxeval 50000000
  nstart 1000000
  nincrease 1000000
  nbatch 5000
  gridno 0
  statefile ""

Iteration 1:  1000000 integrand evaluations so far
[1] 61.6043 +- 18.5548  	chisq 0 (0 df)

Iteration 2:  3000000 integrand evaluations so far
[1] 54.2342 +- 15.3151  	chisq 0.495027 (1 df)

Iteration 3:  6000000 integrand evaluations so far
[1] 47.2805 +- 11.8752  	chisq 1.01199 (2 df)

Iteration 4:  10000000 integrand evaluations so far
[1] 39.6121 +- 7.13624  	chisq 1.6647 (3 df)

Iteration 5:  15000000 integrand evaluations so far
[1] 41.8866 +- 6.83073  	chisq 2.87709 (4 df)

Iteration 6:  21000000 integrand evaluations so far
[1] 42.5066 +- 6.81189  	chisq 4.37325 (5 df)

Iteration 7:  28000000 integrand evaluations so far
[1] 48.0797 +- 6.24795  	chisq 8.5905 (6 df)

Iteration 8:  36000000 integrand evaluations so far
[1] 58.3348 +- 4.47788  	chisq 14.1298 (7 df)

Iteration 9:  45000000 integrand evaluations so far
[1] 66.0856 +- 2.30187  	chisq 18.2019 (8 df)

Iteration 10:  55000000 integrand evaluations so far
[1] 67.4605 +- 1.32476  	chisq 18.7353 (9 df)
    67.5 ±    1.3        (1.86mi) ┃      81 ±     18        (15.5mi) ┃
┃   68 -    70 ┃   46 -    47 ┃  73.105 ±  0.063        (4.81mi) ┃ -67.349 ±  0.033        (55.4mi) ┃Vegas input parameters:
  ndim 10
  ncomp 1
  nvec 1
  epsrel 0
  epsabs 0
  flags 10
  seed 123456
  mineval 50000000
  maxeval 50000000
  nstart 1000000
  nincrease 1000000
  nbatch 5000
  gridno 0
  statefile ""

Iteration 1:  1000000 integrand evaluations so far
[1] -133.122 +- 169.35  	chisq 0 (0 df)

Iteration 2:  3000000 integrand evaluations so far
[1] -1.307 +- 108.571  	chisq 1.02864 (1 df)

Iteration 3:  6000000 integrand evaluations so far
[1] -6.52039 +- 52.6799  	chisq 1.03165 (2 df)

Iteration 4:  10000000 integrand evaluations so far
[1] -8.27939 +- 31.5824  	chisq 1.03339 (3 df)

Iteration 5:  15000000 integrand evaluations so far
[1] -24.9648 +- 22.9062  	chisq 1.62229 (4 df)

Iteration 6:  21000000 integrand evaluations so far
[1] -16.3992 +- 21.0947  	chisq 2.54276 (5 df)

Iteration 7:  28000000 integrand evaluations so far
[1] -3.12948 +- 19.6642  	chisq 5.56273 (6 df)

Iteration 8:  36000000 integrand evaluations so far
[1] -3.17809 +- 19.0943  	chisq 5.56283 (7 df)

Iteration 9:  45000000 integrand evaluations so far
[1] -0.993133 +- 17.7706  	chisq 5.66066 (8 df)

Iteration 10:  55000000 integrand evaluations so far
[1] 1.17687 +- 17.1017  	chisq 5.86253 (9 df)
       1 ±     17        ( 3.6mi) ┃Vegas input parameters:
  ndim 8
  ncomp 1
  nvec 1
  epsrel 0
  epsabs 0
  flags 10
  seed 123456
  mineval 5000000
  maxeval 50000000
  nstart 1000000
  nincrease 1000000
  nbatch 5000
  gridno 0
  statefile ""

Iteration 1:  1000000 integrand evaluations so far
[1] 136.79 +- 32.5992  	chisq 0 (0 df)

Iteration 2:  3000000 integrand evaluations so far
[1] 37.8047 +- 9.21752  	chisq 10.0211 (1 df)

Iteration 3:  6000000 integrand evaluations so far
[1] 43.0038 +- 8.18277  	chisq 11.5224 (2 df)

Iteration 4:  10000000 integrand evaluations so far
[1] 47.1582 +- 7.00733  	chisq 12.489 (3 df)

Iteration 5:  15000000 integrand evaluations so far
[1] 59.7666 +- 5.33623  	chisq 20.1958 (4 df)

Iteration 6:  21000000 integrand evaluations so far
[1] 64.2211 +- 3.84153  	chisq 21.6423 (5 df)

Iteration 7:  28000000 integrand evaluations so far
[1] 67.6612 +- 2.07882  	chisq 22.7763 (6 df)

Iteration 8:  36000000 integrand evaluations so far
[1] 69.3593 +- 1.852  	chisq 26.0104 (7 df)

Iteration 9:  45000000 integrand evaluations so far
[1] 70.2519 +- 1.53324  	chisq 26.7487 (8 df)

Iteration 10:  55000000 integrand evaluations so far
[1] 71.4872 +- 1.0908  	chisq 28.0632 (9 df)
    71.5 ±    1.1        (1.84mi) ┃      78 ±     17        (1.09hr) ┃
┃   68 -    70 ┃   47 -    48 ┃   65.33 ±  0.057        ( 2.4mi) ┃ -59.828 ±  0.029        (3.47mi) ┃Vegas input parameters:
  ndim 10
  ncomp 1
  nvec 1
  epsrel 0
  epsabs 0
  flags 10
  seed 123456
  mineval 50000000
  maxeval 50000000
  nstart 1000000
  nincrease 1000000
  nbatch 5000
  gridno 0
  statefile ""

Iteration 1:  1000000 integrand evaluations so far
[1] -188.88 +- 297.12  	chisq 0 (0 df)

Iteration 2:  3000000 integrand evaluations so far
[1] 45.9713 +- 65.3118  	chisq 0.656493 (1 df)

Iteration 3:  6000000 integrand evaluations so far
[1] 19.0981 +- 60.8781  	chisq 1.94725 (2 df)

Iteration 4:  10000000 integrand evaluations so far
[1] -21.5968 +- 23.9858  	chisq 2.47621 (3 df)

Iteration 5:  15000000 integrand evaluations so far
[1] -23.2599 +- 21.6275  	chisq 2.50192 (4 df)

Iteration 6:  21000000 integrand evaluations so far
[1] -4.24591 +- 17.6452  	chisq 4.81356 (5 df)

Iteration 7:  28000000 integrand evaluations so far
[1] -6.82266 +- 15.7607  	chisq 4.91903 (6 df)

Iteration 8:  36000000 integrand evaluations so far
[1] -11.3178 +- 15.0974  	chisq 5.90621 (7 df)

Iteration 9:  45000000 integrand evaluations so far
[1] -17.6986 +- 13.8185  	chisq 7.0072 (8 df)

Iteration 10:  55000000 integrand evaluations so far
[1] -20.5757 +- 11.7895  	chisq 7.16651 (9 df)
     -21 ±     12        ( 3.6mi) ┃Vegas input parameters:
  ndim 8
  ncomp 1
  nvec 1
  epsrel 0
  epsabs 0
  flags 10
  seed 123456
  mineval 5000000
  maxeval 50000000
  nstart 1000000
  nincrease 1000000
  nbatch 5000
  gridno 0
  statefile ""

Iteration 1:  1000000 integrand evaluations so far
[1] 194.707 +- 40.7059  	chisq 0 (0 df)

Iteration 2:  3000000 integrand evaluations so far
[1] 156.496 +- 32.4199  	chisq 2.40973 (1 df)

Iteration 3:  6000000 integrand evaluations so far
[1] 99.8054 +- 19.5593  	chisq 7.21738 (2 df)

Iteration 4:  10000000 integrand evaluations so far
[1] 56.9873 +- 8.87926  	chisq 13.2537 (3 df)

Iteration 5:  15000000 integrand evaluations so far
[1] 62.8442 +- 6.47117  	chisq 14.1817 (4 df)

Iteration 6:  21000000 integrand evaluations so far
[1] 66.91 +- 4.85283  	chisq 15.0837 (5 df)

Iteration 7:  28000000 integrand evaluations so far
[1] 74.0532 +- 3.9474  	chisq 21.4877 (6 df)

Iteration 8:  36000000 integrand evaluations so far
[1] 77.7098 +- 2.73419  	chisq 23.137 (7 df)

Iteration 9:  45000000 integrand evaluations so far
[1] 80.0803 +- 1.84232  	chisq 24.5138 (8 df)

Iteration 10:  55000000 integrand evaluations so far
[1] 80.0222 +- 1.31658  	chisq 24.5158 (9 df)
      80 ±    1.3        (1.84mi) ┃      65 ±     12        (11.3mi) ┃
┃   68 -    70 ┃   48 -    49 ┃  74.546 ±   0.03        (8.88mi) ┃  -69.41 ±   0.04        (27.5mi) ┃Vegas input parameters:
  ndim 10
  ncomp 1
  nvec 1
  epsrel 0
  epsabs 0
  flags 10
  seed 123456
  mineval 50000000
  maxeval 50000000
  nstart 1000000
  nincrease 1000000
  nbatch 5000
  gridno 0
  statefile ""

Iteration 1:  1000000 integrand evaluations so far
[1] 10.7398 +- 29.6744  	chisq 0 (0 df)

Iteration 2:  3000000 integrand evaluations so far
[1] 19.9939 +- 21.9381  	chisq 0.214475 (1 df)

Iteration 3:  6000000 integrand evaluations so far
[1] -3.95485 +- 18.1327  	chisq 3.97574 (2 df)

Iteration 4:  10000000 integrand evaluations so far
[1] -6.91119 +- 15.5224  	chisq 4.07523 (3 df)

Iteration 5:  15000000 integrand evaluations so far
[1] -1.18299 +- 12.7172  	chisq 4.48944 (4 df)

Iteration 6:  21000000 integrand evaluations so far
[1] -3.02386 +- 11.5661  	chisq 4.61068 (5 df)

Iteration 7:  28000000 integrand evaluations so far
[1] -2.54211 +- 11.2974  	chisq 4.64846 (6 df)

Iteration 8:  36000000 integrand evaluations so far
[1] -2.80023 +- 10.8897  	chisq 4.65582 (7 df)

Iteration 9:  45000000 integrand evaluations so far
[1] -5.20433 +- 10.6246  	chisq 5.66912 (8 df)

Iteration 10:  55000000 integrand evaluations so far
[1] -3.63628 +- 10.3969  	chisq 6.18269 (9 df)
      -4 ±     10        (3.62mi) ┃Vegas input parameters:
  ndim 8
  ncomp 1
  nvec 1
  epsrel 0
  epsabs 0
  flags 10
  seed 123456
  mineval 5000000
  maxeval 50000000
  nstart 1000000
  nincrease 1000000
  nbatch 5000
  gridno 0
  statefile ""

Iteration 1:  1000000 integrand evaluations so far
[1] 53.5312 +- 17.5979  	chisq 0 (0 df)

Iteration 2:  3000000 integrand evaluations so far
[1] 2.47326 +- 0.674655  	chisq 8.43034 (1 df)

Iteration 3:  6000000 integrand evaluations so far
[1] 2.5134 +- 0.674079  	chisq 10.5032 (2 df)

Iteration 4:  10000000 integrand evaluations so far
[1] 2.61939 +- 0.67308  	chisq 18.849 (3 df)

Iteration 5:  15000000 integrand evaluations so far
[1] 2.6355 +- 0.673029  	chisq 22.6384 (4 df)

Iteration 6:  21000000 integrand evaluations so far
[1] 2.80364 +- 0.67202  	chisq 43.4831 (5 df)

Iteration 7:  28000000 integrand evaluations so far
[1] 3.0173 +- 0.670899  	chisq 73.8107 (6 df)

Iteration 8:  36000000 integrand evaluations so far
[1] 3.73286 +- 0.667026  	chisq 172.625 (7 df)

Iteration 9:  45000000 integrand evaluations so far
[1] 4.88529 +- 0.660888  	chisq 335.543 (8 df)

Iteration 10:  55000000 integrand evaluations so far
[1] 8.2837 +- 0.642354  	chisq 813.696 (9 df)
    8.28 ±   0.64        (1.89mi) ┃      10 ±     10        (41.9mi) ┃
┃   68 -    70 ┃   49 -    50 ┃  88.726 ±   0.05        (9.03mi) ┃ -81.617 ±  0.038        (14.2mi) ┃Vegas input parameters:
  ndim 10
  ncomp 1
  nvec 1
  epsrel 0
  epsabs 0
  flags 10
  seed 123456
  mineval 50000000
  maxeval 50000000
  nstart 1000000
  nincrease 1000000
  nbatch 5000
  gridno 0
  statefile ""

Iteration 1:  1000000 integrand evaluations so far
[1] 208.011 +- 207.459  	chisq 0 (0 df)

Iteration 2:  3000000 integrand evaluations so far
[1] 1.14682 +- 17.5121  	chisq 1.00141 (1 df)

Iteration 3:  6000000 integrand evaluations so far
[1] 8.79638 +- 16.3445  	chisq 2.48169 (2 df)

Iteration 4:  10000000 integrand evaluations so far
[1] 12.646 +- 15.834  	chisq 3.38388 (3 df)

Iteration 5:  15000000 integrand evaluations so far
[1] 14.3394 +- 13.7725  	chisq 3.43086 (4 df)

Iteration 6:  21000000 integrand evaluations so far
[1] 11.7759 +- 13.0092  	chisq 3.75231 (5 df)

Iteration 7:  28000000 integrand evaluations so far
[1] 13.2855 +- 12.899  	chisq 4.55072 (6 df)

Iteration 8:  36000000 integrand evaluations so far
[1] 8.13892 +- 12.4622  	chisq 6.94176 (7 df)

Iteration 9:  45000000 integrand evaluations so far
[1] 8.65548 +- 12.049  	chisq 6.9681 (8 df)

Iteration 10:  55000000 integrand evaluations so far
[1] 7.2915 +- 11.6166  	chisq 7.14992 (9 df)
       7 ±     12        (3.57mi) ┃Vegas input parameters:
  ndim 8
  ncomp 1
  nvec 1
  epsrel 0
  epsabs 0
  flags 10
  seed 123456
  mineval 5000000
  maxeval 50000000
  nstart 1000000
  nincrease 1000000
  nbatch 5000
  gridno 0
  statefile ""

Iteration 1:  1000000 integrand evaluations so far
[1] 73.6365 +- 20.5501  	chisq 0 (0 df)

Iteration 2:  3000000 integrand evaluations so far
[1] 11.8481 +- 3.48957  	chisq 9.30874 (1 df)

Iteration 3:  6000000 integrand evaluations so far
[1] 12.8021 +- 3.35963  	chisq 10.3313 (2 df)

Iteration 4:  10000000 integrand evaluations so far
[1] 14.8698 +- 3.11766  	chisq 13.0592 (3 df)

Iteration 5:  15000000 integrand evaluations so far
[1] 15.6581 +- 3.09695  	chisq 17.8872 (4 df)

Iteration 6:  21000000 integrand evaluations so far
[1] 16.041 +- 3.09211  	chisq 22.7853 (5 df)

Iteration 7:  28000000 integrand evaluations so far
[1] 16.8851 +- 3.07058  	chisq 28.154 (6 df)

Iteration 8:  36000000 integrand evaluations so far
[1] 17.9672 +- 3.05357  	chisq 39.3979 (7 df)

Iteration 9:  45000000 integrand evaluations so far
[1] 22.6507 +- 2.8982  	chisq 63.1191 (8 df)

Iteration 10:  55000000 integrand evaluations so far
[1] 31.426 +- 2.66014  	chisq 121.315 (9 df)
    31.4 ±    2.7        (1.89mi) ┃      46 ±     12        (28.7mi) ┃
┃   68 -    70 ┃   50 -    51 ┃  63.894 ±  0.043        (4.77mi) ┃ -58.646 ±  0.053        (7.07mi) ┃Vegas input parameters:
  ndim 10
  ncomp 1
  nvec 1
  epsrel 0
  epsabs 0
  flags 10
  seed 123456
  mineval 50000000
  maxeval 50000000
  nstart 1000000
  nincrease 1000000
  nbatch 5000
  gridno 0
  statefile ""

Iteration 1:  1000000 integrand evaluations so far
[1] -179.598 +- 184.898  	chisq 0 (0 df)

Iteration 2:  3000000 integrand evaluations so far
[1] -73.9992 +- 76.4645  	chisq 0.39347 (1 df)

Iteration 3:  6000000 integrand evaluations so far
[1] 5.53731 +- 31.4916  	chisq 1.69644 (2 df)

Iteration 4:  10000000 integrand evaluations so far
[1] 11.3445 +- 23.2327  	chisq 1.77106 (3 df)

Iteration 5:  15000000 integrand evaluations so far
[1] 15.0989 +- 21.9521  	chisq 2.01466 (4 df)

Iteration 6:  21000000 integrand evaluations so far
[1] 6.65352 +- 20.963  	chisq 3.69501 (5 df)

Iteration 7:  28000000 integrand evaluations so far
[1] 4.10509 +- 7.38978  	chisq 3.71189 (6 df)

Iteration 8:  36000000 integrand evaluations so far
[1] 3.01166 +- 7.11572  	chisq 4.01264 (7 df)

Iteration 9:  45000000 integrand evaluations so far
[1] 3.32178 +- 6.96972  	chisq 4.05941 (8 df)

Iteration 10:  55000000 integrand evaluations so far
[1] 3.99438 +- 6.94785  	chisq 5.54579 (9 df)
       4 ±    6.9        (3.61mi) ┃Vegas input parameters:
  ndim 8
  ncomp 1
  nvec 1
  epsrel 0
  epsabs 0
  flags 10
  seed 123456
  mineval 5000000
  maxeval 50000000
  nstart 1000000
  nincrease 1000000
  nbatch 5000
  gridno 0
  statefile ""

Iteration 1:  1000000 integrand evaluations so far
[1] 130.947 +- 33.1716  	chisq 0 (0 df)

Iteration 2:  3000000 integrand evaluations so far
[1] 83.1744 +- 19.7898  	chisq 3.22015 (1 df)

Iteration 3:  6000000 integrand evaluations so far
[1] 70.0675 +- 13.3552  	chisq 4.02564 (2 df)

Iteration 4:  10000000 integrand evaluations so far
[1] 60.413 +- 9.0034  	chisq 4.98362 (3 df)

Iteration 5:  15000000 integrand evaluations so far
[1] 65.3501 +- 7.92429  	chisq 6.31802 (4 df)

Iteration 6:  21000000 integrand evaluations so far
[1] 64.1336 +- 5.68234  	chisq 6.36653 (5 df)

Iteration 7:  28000000 integrand evaluations so far
[1] 64.8205 +- 3.7072  	chisq 6.39198 (6 df)

Iteration 8:  36000000 integrand evaluations so far
[1] 66.805 +- 2.12737  	chisq 6.81921 (7 df)

Iteration 9:  45000000 integrand evaluations so far
[1] 66.7085 +- 1.3685  	chisq 6.82273 (8 df)

Iteration 10:  55000000 integrand evaluations so far
[1] 67.3742 +- 1.27326  	chisq 8.58418 (9 df)
    67.4 ±    1.3        (1.82mi) ┃    76.6 ±    7.1        (17.3mi) ┃
┃   68 -    70 ┃   51 -    52 ┃  67.934 ±  0.013        (8.96mi) ┃ -62.827 ±  0.058        (13.6mi) ┃Vegas input parameters:
  ndim 10
  ncomp 1
  nvec 1
  epsrel 0
  epsabs 0
  flags 10
  seed 123456
  mineval 50000000
  maxeval 50000000
  nstart 1000000
  nincrease 1000000
  nbatch 5000
  gridno 0
  statefile ""

Iteration 1:  1000000 integrand evaluations so far
[1] 35.4029 +- 43.1715  	chisq 0 (0 df)

Iteration 2:  3000000 integrand evaluations so far
[1] 4.88666 +- 38.5144  	chisq 2.44797 (1 df)

Iteration 3:  6000000 integrand evaluations so far
[1] -31.6213 +- 26.9632  	chisq 4.21016 (2 df)

Iteration 4:  10000000 integrand evaluations so far
[1] -37.4573 +- 23.8371  	chisq 4.42463 (3 df)

Iteration 5:  15000000 integrand evaluations so far
[1] -37.2978 +- 23.8365  	chisq 5.40642 (4 df)

Iteration 6:  21000000 integrand evaluations so far
[1] -34.1959 +- 23.7054  	chisq 6.94946 (5 df)

Iteration 7:  28000000 integrand evaluations so far
[1] -7.94184 +- 17.5952  	chisq 9.68085 (6 df)

Iteration 8:  36000000 integrand evaluations so far
[1] -3.93174 +- 16.8692  	chisq 10.3235 (7 df)

Iteration 9:  45000000 integrand evaluations so far
[1] 11.5202 +- 14.8625  	chisq 14.0733 (8 df)

Iteration 10:  55000000 integrand evaluations so far
[1] 9.08122 +- 14.6483  	chisq 15.0144 (9 df)
       9 ±     15        ( 3.6mi) ┃Vegas input parameters:
  ndim 8
  ncomp 1
  nvec 1
  epsrel 0
  epsabs 0
  flags 10
  seed 123456
  mineval 5000000
  maxeval 50000000
  nstart 1000000
  nincrease 1000000
  nbatch 5000
  gridno 0
  statefile ""

Iteration 1:  1000000 integrand evaluations so far
[1] 92.6698 +- 26.1202  	chisq 0 (0 df)

Iteration 2:  3000000 integrand evaluations so far
[1] 18.8721 +- 6.14315  	chisq 8.44979 (1 df)

Iteration 3:  6000000 integrand evaluations so far
[1] 20.0153 +- 6.04344  	chisq 9.52534 (2 df)

Iteration 4:  10000000 integrand evaluations so far
[1] 26.7836 +- 4.80019  	chisq 12.9234 (3 df)

Iteration 5:  15000000 integrand evaluations so far
[1] 28.0866 +- 4.73803  	chisq 15.7866 (4 df)

Iteration 6:  21000000 integrand evaluations so far
[1] 37.6577 +- 3.54261  	chisq 25.0409 (5 df)

Iteration 7:  28000000 integrand evaluations so far
[1] 44.5997 +- 2.83377  	chisq 35.7029 (6 df)

Iteration 8:  36000000 integrand evaluations so far
[1] 44.6234 +- 2.83368  	chisq 36.8109 (7 df)

Iteration 9:  45000000 integrand evaluations so far
[1] 44.8575 +- 2.82815  	chisq 38.5615 (8 df)

Iteration 10:  55000000 integrand evaluations so far
[1] 46.2139 +- 2.76116  	chisq 43.4753 (9 df)
    46.2 ±    2.8        (1.85mi) ┃      60 ±     15        (  28mi) ┃
┃   68 -    70 ┃   52 -    53 ┃  73.064 ±  0.013        ( 2.4mi) ┃ -67.678 ±  0.046        (13.6mi) ┃Vegas input parameters:
  ndim 10
  ncomp 1
  nvec 1
  epsrel 0
  epsabs 0
  flags 10
  seed 123456
  mineval 50000000
  maxeval 50000000
  nstart 1000000
  nincrease 1000000
  nbatch 5000
  gridno 0
  statefile ""

Iteration 1:  1000000 integrand evaluations so far
[1] -15.3748 +- 28.4089  	chisq 0 (0 df)

Iteration 2:  3000000 integrand evaluations so far
[1] -19.1708 +- 28.1011  	chisq 0.828488 (1 df)

Iteration 3:  6000000 integrand evaluations so far
[1] -13.5387 +- 27.5101  	chisq 1.79349 (2 df)

Iteration 4:  10000000 integrand evaluations so far
[1] -2.55959 +- 26.0372  	chisq 3.32192 (3 df)

Iteration 5:  15000000 integrand evaluations so far
[1] 7.2657 +- 23.7548  	chisq 4.17135 (4 df)

Iteration 6:  21000000 integrand evaluations so far
[1] 9.79011 +- 21.9863  	chisq 4.25013 (5 df)

Iteration 7:  28000000 integrand evaluations so far
[1] 13.9184 +- 16.3288  	chisq 4.32875 (6 df)

Iteration 8:  36000000 integrand evaluations so far
[1] 15.8477 +- 16.2553  	chisq 5.88208 (7 df)

Iteration 9:  45000000 integrand evaluations so far
[1] 5.49576 +- 11.4105  	chisq 6.68159 (8 df)

Iteration 10:  55000000 integrand evaluations so far
[1] 6.26974 +- 11.3848  	chisq 7.70457 (9 df)
       6 ±     11        (3.57mi) ┃Vegas input parameters:
  ndim 8
  ncomp 1
  nvec 1
  epsrel 0
  epsabs 0
  flags 10
  seed 123456
  mineval 5000000
  maxeval 50000000
  nstart 1000000
  nincrease 1000000
  nbatch 5000
  gridno 0
  statefile ""

Iteration 1:  1000000 integrand evaluations so far
[1] 76.8702 +- 21.8705  	chisq 0 (0 df)

Iteration 2:  3000000 integrand evaluations so far
[1] 31.9839 +- 8.86574  	chisq 5.04051 (1 df)

Iteration 3:  6000000 integrand evaluations so far
[1] 33.4492 +- 6.9195  	chisq 5.11039 (2 df)

Iteration 4:  10000000 integrand evaluations so far
[1] 33.7034 +- 5.35159  	chisq 5.11375 (3 df)

Iteration 5:  15000000 integrand evaluations so far
[1] 34.5168 +- 5.32206  	chisq 7.21248 (4 df)

Iteration 6:  21000000 integrand evaluations so far
[1] 42.1359 +- 4.36423  	chisq 13.4695 (5 df)

Iteration 7:  28000000 integrand evaluations so far
[1] 50.5586 +- 2.97659  	chisq 20.4338 (6 df)

Iteration 8:  36000000 integrand evaluations so far
[1] 53.4193 +- 1.68791  	chisq 21.7953 (7 df)

Iteration 9:  45000000 integrand evaluations so far
[1] 56.3959 +- 1.2113  	chisq 28.2073 (8 df)

Iteration 10:  55000000 integrand evaluations so far
[1] 58.3645 +- 0.837081  	chisq 33.2632 (9 df)
   58.36 ±   0.84        (1.86mi) ┃      70 ±     11        (21.4mi) ┃
┃   68 -    70 ┃   53 -    54 ┃  71.624 ±  0.066        (4.53mi) ┃ -66.562 ±  0.062        (   54s) ┃Vegas input parameters:
  ndim 10
  ncomp 1
  nvec 1
  epsrel 0
  epsabs 0
  flags 10
  seed 123456
  mineval 50000000
  maxeval 50000000
  nstart 1000000
  nincrease 1000000
  nbatch 5000
  gridno 0
  statefile ""

Iteration 1:  1000000 integrand evaluations so far
[1] -35.2577 +- 43.3233  	chisq 0 (0 df)

Iteration 2:  3000000 integrand evaluations so far
[1] -32.9383 +- 35.0207  	chisq 0.00827048 (1 df)

Iteration 3:  6000000 integrand evaluations so far
[1] -31.8579 +- 35.0085  	chisq 1.38014 (2 df)

Iteration 4:  10000000 integrand evaluations so far
[1] -11.7256 +- 21.1895  	chisq 1.90205 (3 df)

Iteration 5:  15000000 integrand evaluations so far
[1] 4.09276 +- 14.937  	chisq 3.0098 (4 df)

Iteration 6:  21000000 integrand evaluations so far
[1] 0.891618 +- 10.2667  	chisq 3.09685 (5 df)

Iteration 7:  28000000 integrand evaluations so far
[1] -0.433448 +- 10.1991  	chisq 4.36726 (6 df)

Iteration 8:  36000000 integrand evaluations so far
[1] -0.112326 +- 10.1324  	chisq 4.44322 (7 df)

Iteration 9:  45000000 integrand evaluations so far
[1] -0.228214 +- 10.1262  	chisq 4.55141 (8 df)

Iteration 10:  55000000 integrand evaluations so far
[1] -0.725516 +- 10.0383  	chisq 4.69085 (9 df)
      -1 ±     10        (3.61mi) ┃Vegas input parameters:
  ndim 8
  ncomp 1
  nvec 1
  epsrel 0
  epsabs 0
  flags 10
  seed 123456
  mineval 5000000
  maxeval 50000000
  nstart 1000000
  nincrease 1000000
  nbatch 5000
  gridno 0
  statefile ""

Iteration 1:  1000000 integrand evaluations so far
[1] 37.1162 +- 16.1639  	chisq 0 (0 df)

Iteration 2:  3000000 integrand evaluations so far
[1] 1.95019 +- 1.33358  	chisq 4.76564 (1 df)

Iteration 3:  6000000 integrand evaluations so far
[1] 2.91191 +- 1.15728  	chisq 6.87173 (2 df)

Iteration 4:  10000000 integrand evaluations so far
[1] 3.42511 +- 1.03108  	chisq 7.82542 (3 df)

Iteration 5:  15000000 integrand evaluations so far
[1] 3.66274 +- 1.02648  	chisq 13.7907 (4 df)

Iteration 6:  21000000 integrand evaluations so far
[1] 4.09706 +- 1.01911  	chisq 26.3049 (5 df)

Iteration 7:  28000000 integrand evaluations so far
[1] 5.05018 +- 1.00551  	chisq 59.295 (6 df)

Iteration 8:  36000000 integrand evaluations so far
[1] 6.50052 +- 0.989412  	chisq 124.8 (7 df)

Iteration 9:  45000000 integrand evaluations so far
[1] 8.75915 +- 0.965516  	chisq 234.007 (8 df)

Iteration 10:  55000000 integrand evaluations so far
[1] 13.8515 +- 0.922224  	chisq 551.309 (9 df)
   13.85 ±   0.92        (1.87mi) ┃      18 ±     10        (10.9mi) ┃
┃   68 -    70 ┃   54 -    55 ┃  61.843 ±  0.054        ( 4.4mi) ┃-56.6881 ± 0.0076        (53.5mi) ┃Vegas input parameters:
  ndim 10
  ncomp 1
  nvec 1
  epsrel 0
  epsabs 0
  flags 10
  seed 123456
  mineval 50000000
  maxeval 50000000
  nstart 1000000
  nincrease 1000000
  nbatch 5000
  gridno 0
  statefile ""

Iteration 1:  1000000 integrand evaluations so far
[1] -99.9048 +- 68.9844  	chisq 0 (0 df)

Iteration 2:  3000000 integrand evaluations so far
[1] -97.601 +- 45.2203  	chisq 0.00195568 (1 df)

Iteration 3:  6000000 integrand evaluations so far
[1] 5.48068 +- 16.281  	chisq 5.97219 (2 df)

Iteration 4:  10000000 integrand evaluations so far
[1] 3.53781 +- 15.9788  	chisq 6.35937 (3 df)

Iteration 5:  15000000 integrand evaluations so far
[1] 8.65789 +- 11.6068  	chisq 6.57673 (4 df)

Iteration 6:  21000000 integrand evaluations so far
[1] 7.30456 +- 10.4292  	chisq 6.64732 (5 df)

Iteration 7:  28000000 integrand evaluations so far
[1] 7.23748 +- 10.429  	chisq 7.66643 (6 df)

Iteration 8:  36000000 integrand evaluations so far
[1] 5.72481 +- 10.325  	chisq 8.72601 (7 df)

Iteration 9:  45000000 integrand evaluations so far
[1] 2.83303 +- 9.90479  	chisq 9.70977 (8 df)

Iteration 10:  55000000 integrand evaluations so far
[1] 4.8204 +- 9.55592  	chisq 10.2915 (9 df)
     4.8 ±    9.6        (3.62mi) ┃Vegas input parameters:
  ndim 8
  ncomp 1
  nvec 1
  epsrel 0
  epsabs 0
  flags 10
  seed 123456
  mineval 5000000
  maxeval 50000000
  nstart 1000000
  nincrease 1000000
  nbatch 5000
  gridno 0
  statefile ""

Iteration 1:  1000000 integrand evaluations so far
[1] 60.0866 +- 18.8841  	chisq 0 (0 df)

Iteration 2:  3000000 integrand evaluations so far
[1] 60.5221 +- 18.8785  	chisq 0.894675 (1 df)

Iteration 3:  6000000 integrand evaluations so far
[1] 61.23 +- 18.8719  	chisq 2.91837 (2 df)

Iteration 4:  10000000 integrand evaluations so far
[1] 12.4289 +- 3.25679  	chisq 9.81057 (3 df)

Iteration 5:  15000000 integrand evaluations so far
[1] 14.98 +- 3.01333  	chisq 14.0742 (4 df)

Iteration 6:  21000000 integrand evaluations so far
[1] 19.4461 +- 2.7685  	chisq 28.1647 (5 df)

Iteration 7:  28000000 integrand evaluations so far
[1] 30.0259 +- 2.25036  	chisq 71.2072 (6 df)

Iteration 8:  36000000 integrand evaluations so far
[1] 41.6868 +- 1.55101  	chisq 122.355 (7 df)

Iteration 9:  45000000 integrand evaluations so far
[1] 41.7727 +- 1.54958  	chisq 124.024 (8 df)

Iteration 10:  55000000 integrand evaluations so far
[1] 42.3914 +- 1.53536  	chisq 132.749 (9 df)
    42.4 ±    1.5        (1.85mi) ┃    52.4 ±    9.7        (1.06hr) ┃
┃   68 -    70 ┃   55 -    56 ┃  63.576 ±  0.019        (8.99mi) ┃ -58.757 ±  0.021        (13.3mi) ┃Vegas input parameters:
  ndim 10
  ncomp 1
  nvec 1
  epsrel 0
  epsabs 0
  flags 10
  seed 123456
  mineval 50000000
  maxeval 50000000
  nstart 1000000
  nincrease 1000000
  nbatch 5000
  gridno 0
  statefile ""

Iteration 1:  1000000 integrand evaluations so far
[1] -18.4648 +- 35.4692  	chisq 0 (0 df)

Iteration 2:  3000000 integrand evaluations so far
[1] -0.454483 +- 32.794  	chisq 1.77622 (1 df)

Iteration 3:  6000000 integrand evaluations so far
[1] 0.125532 +- 25.4667  	chisq 1.77701 (2 df)

Iteration 4:  10000000 integrand evaluations so far
[1] 7.91531 +- 24.782  	chisq 3.54092 (3 df)

Iteration 5:  15000000 integrand evaluations so far
[1] 0.183876 +- 15.7258  	chisq 3.70386 (4 df)

Iteration 6:  21000000 integrand evaluations so far
[1] 0.514337 +- 14.9375  	chisq 3.70838 (5 df)

Iteration 7:  28000000 integrand evaluations so far
[1] 11.6318 +- 11.8702  	chisq 5.2115 (6 df)

Iteration 8:  36000000 integrand evaluations so far
[1] 12.245 +- 10.738  	chisq 5.22619 (7 df)

Iteration 9:  45000000 integrand evaluations so far
[1] 6.06297 +- 10.1936  	chisq 8.58019 (8 df)

Iteration 10:  55000000 integrand evaluations so far
[1] 8.16234 +- 9.91573  	chisq 9.36889 (9 df)
     8.2 ±    9.9        (3.59mi) ┃Vegas input parameters:
  ndim 8
  ncomp 1
  nvec 1
  epsrel 0
  epsabs 0
  flags 10
  seed 123456
  mineval 5000000
  maxeval 50000000
  nstart 1000000
  nincrease 1000000
  nbatch 5000
  gridno 0
  statefile ""

Iteration 1:  1000000 integrand evaluations so far
[1] 71.303 +- 22.3254  	chisq 0 (0 df)

Iteration 2:  3000000 integrand evaluations so far
[1] 56.6371 +- 17.169  	chisq 1.05618 (1 df)

Iteration 3:  6000000 integrand evaluations so far
[1] 41.0887 +- 11.592  	chisq 2.56336 (2 df)

Iteration 4:  10000000 integrand evaluations so far
[1] 41.5041 +- 11.5855  	chisq 3.70657 (3 df)

Iteration 5:  15000000 integrand evaluations so far
[1] 42.9041 +- 11.1602  	chisq 3.90919 (4 df)

Iteration 6:  21000000 integrand evaluations so far
[1] 43.4081 +- 9.73338  	chisq 3.91771 (5 df)

Iteration 7:  28000000 integrand evaluations so far
[1] 43.8458 +- 5.2771  	chisq 3.92057 (6 df)

Iteration 8:  36000000 integrand evaluations so far
[1] 49.728 +- 3.19522  	chisq 5.88221 (7 df)

Iteration 9:  45000000 integrand evaluations so far
[1] 53.6578 +- 1.88  	chisq 8.19585 (8 df)

Iteration 10:  55000000 integrand evaluations so far
[1] 58.5784 +- 1.25056  	chisq 20.4831 (9 df)
    58.6 ±    1.3        (1.87mi) ┃    71.6 ±     10        (27.8mi) ┃
┃   68 -    70 ┃   56 -    57 ┃  78.978 ±  0.025        ( 4.6mi) ┃   -72.5 ±  0.045        (26.6mi) ┃Vegas input parameters:
  ndim 10
  ncomp 1
  nvec 1
  epsrel 0
  epsabs 0
  flags 10
  seed 123456
  mineval 50000000
  maxeval 50000000
  nstart 1000000
  nincrease 1000000
  nbatch 5000
  gridno 0
  statefile ""

Iteration 1:  1000000 integrand evaluations so far
[1] -337.008 +- 190.381  	chisq 0 (0 df)

Iteration 2:  3000000 integrand evaluations so far
[1] -24.8874 +- 31.5567  	chisq 2.76373 (1 df)

Iteration 3:  6000000 integrand evaluations so far
[1] -15.7074 +- 29.4071  	chisq 3.40681 (2 df)

Iteration 4:  10000000 integrand evaluations so far
[1] -0.818152 +- 14.382  	chisq 3.74375 (3 df)

Iteration 5:  15000000 integrand evaluations so far
[1] -6.37948 +- 10.7865  	chisq 4.08553 (4 df)

Iteration 6:  21000000 integrand evaluations so far
[1] -5.64382 +- 10.6088  	chisq 4.22786 (5 df)

Iteration 7:  28000000 integrand evaluations so far
[1] -7.00987 +- 10.4119  	chisq 4.67861 (6 df)

Iteration 8:  36000000 integrand evaluations so far
[1] -5.34267 +- 10.1758  	chisq 5.25046 (7 df)

Iteration 9:  45000000 integrand evaluations so far
[1] -5.27473 +- 10.1744  	chisq 5.41403 (8 df)

Iteration 10:  55000000 integrand evaluations so far
[1] 5.51311 +- 7.5727  	chisq 7.93454 (9 df)
     5.5 ±    7.6        (3.59mi) ┃Vegas input parameters:
  ndim 8
  ncomp 1
  nvec 1
  epsrel 0
  epsabs 0
  flags 10
  seed 123456
  mineval 5000000
  maxeval 50000000
  nstart 1000000
  nincrease 1000000
  nbatch 5000
  gridno 0
  statefile ""

Iteration 1:  1000000 integrand evaluations so far
[1] 93.7859 +- 24.7825  	chisq 0 (0 df)

Iteration 2:  3000000 integrand evaluations so far
[1] 8.98835 +- 1.90256  	chisq 11.7773 (1 df)

Iteration 3:  6000000 integrand evaluations so far
[1] 9.61717 +- 1.85839  	chisq 14.1573 (2 df)

Iteration 4:  10000000 integrand evaluations so far
[1] 11.2691 +- 1.76772  	chisq 22.4573 (3 df)

Iteration 5:  15000000 integrand evaluations so far
[1] 13.0459 +- 1.72756  	chisq 44.9505 (4 df)

Iteration 6:  21000000 integrand evaluations so far
[1] 15.4927 +- 1.67861  	chisq 80.8565 (5 df)

Iteration 7:  28000000 integrand evaluations so far
[1] 17.1878 +- 1.65576  	chisq 118.576 (6 df)

Iteration 8:  36000000 integrand evaluations so far
[1] 22.485 +- 1.55671  	chisq 206.755 (7 df)

Iteration 9:  45000000 integrand evaluations so far
[1] 34.4892 +- 1.29203  	chisq 397.869 (8 df)

Iteration 10:  55000000 integrand evaluations so far
[1] 44.4341 +- 1.02696  	chisq 558.765 (9 df)
    44.4 ±      1        (1.83mi) ┃    56.4 ±    7.6        (36.7mi) ┃
┃   68 -    70 ┃   57 -    58 ┃  55.296 ±  0.026        (2.63mi) ┃ -50.993 ±  0.016        ( 6.7mi) ┃Vegas input parameters:
  ndim 10
  ncomp 1
  nvec 1
  epsrel 0
  epsabs 0
  flags 10
  seed 123456
  mineval 50000000
  maxeval 50000000
  nstart 1000000
  nincrease 1000000
  nbatch 5000
  gridno 0
  statefile ""

Iteration 1:  1000000 integrand evaluations so far
[1] 19.4904 +- 169.75  	chisq 0 (0 df)

Iteration 2:  3000000 integrand evaluations so far
[1] -46.4068 +- 86.4286  	chisq 0.203438 (1 df)

Iteration 3:  6000000 integrand evaluations so far
[1] 23.0586 +- 24.0541  	chisq 0.90366 (2 df)

Iteration 4:  10000000 integrand evaluations so far
[1] 24.461 +- 23.9274  	chisq 1.22711 (3 df)

Iteration 5:  15000000 integrand evaluations so far
[1] 4.28135 +- 15.6715  	chisq 2.47271 (4 df)

Iteration 6:  21000000 integrand evaluations so far
[1] -2.48542 +- 14.7636  	chisq 4.12979 (5 df)

Iteration 7:  28000000 integrand evaluations so far
[1] 1.15606 +- 13.5298  	chisq 4.50963 (6 df)

Iteration 8:  36000000 integrand evaluations so far
[1] -3.17696 +- 12.9977  	chisq 5.83991 (7 df)

Iteration 9:  45000000 integrand evaluations so far
[1] -1.48398 +- 12.9077  	chisq 7.06837 (8 df)

Iteration 10:  55000000 integrand evaluations so far
[1] -7.1149 +- 11.1402  	chisq 7.81435 (9 df)
      -7 ±     11        (3.58mi) ┃Vegas input parameters:
  ndim 8
  ncomp 1
  nvec 1
  epsrel 0
  epsabs 0
  flags 10
  seed 123456
  mineval 5000000
  maxeval 50000000
  nstart 1000000
  nincrease 1000000
  nbatch 5000
  gridno 0
  statefile ""

Iteration 1:  1000000 integrand evaluations so far
[1] 32.9907 +- 15.1177  	chisq 0 (0 df)

Iteration 2:  3000000 integrand evaluations so far
[1] 7.51366 +- 4.50389  	chisq 3.1167 (1 df)

Iteration 3:  6000000 integrand evaluations so far
[1] 8.84126 +- 4.28467  	chisq 4.03151 (2 df)

Iteration 4:  10000000 integrand evaluations so far
[1] 8.44837 +- 2.87326  	chisq 4.04679 (3 df)

Iteration 5:  15000000 integrand evaluations so far
[1] 10.1228 +- 2.73585  	chisq 7.68455 (4 df)

Iteration 6:  21000000 integrand evaluations so far
[1] 12.3264 +- 2.51302  	chisq 11.8362 (5 df)

Iteration 7:  28000000 integrand evaluations so far
[1] 12.8844 +- 2.50259  	chisq 17.7913 (6 df)

Iteration 8:  36000000 integrand evaluations so far
[1] 22.4135 +- 2.06735  	chisq 63.4432 (7 df)

Iteration 9:  45000000 integrand evaluations so far
[1] 33.6629 +- 1.59266  	chisq 136.283 (8 df)

Iteration 10:  55000000 integrand evaluations so far
[1] 38.639 +- 1.35999  	chisq 172.325 (9 df)
    38.6 ±    1.4        (1.92mi) ┃      36 ±     11        (14.8mi) ┃
┃   68 -    70 ┃   58 -    59 ┃  53.073 ±  0.015        (2.65mi) ┃ -48.841 ±  0.011        (26.2mi) ┃Vegas input parameters:
  ndim 10
  ncomp 1
  nvec 1
  epsrel 0
  epsabs 0
  flags 10
  seed 123456
  mineval 50000000
  maxeval 50000000
  nstart 1000000
  nincrease 1000000
  nbatch 5000
  gridno 0
  statefile ""

Iteration 1:  1000000 integrand evaluations so far
[1] 69.7526 +- 43.9335  	chisq 0 (0 df)

Iteration 2:  3000000 integrand evaluations so far
[1] 61.8269 +- 43.4669  	chisq 1.54033 (1 df)

Iteration 3:  6000000 integrand evaluations so far
[1] 64.3929 +- 41.137  	chisq 1.57373 (2 df)

Iteration 4:  10000000 integrand evaluations so far
[1] 5.15948 +- 7.15746  	chisq 3.71179 (3 df)

Iteration 5:  15000000 integrand evaluations so far
[1] 6.17906 +- 6.87216  	chisq 3.9715 (4 df)

Iteration 6:  21000000 integrand evaluations so far
[1] 6.08042 +- 6.87129  	chisq 4.78262 (5 df)

Iteration 7:  28000000 integrand evaluations so far
[1] 7.94965 +- 6.59933  	chisq 5.73638 (6 df)

Iteration 8:  36000000 integrand evaluations so far
[1] 6.48782 +- 6.39248  	chisq 6.53153 (7 df)

Iteration 9:  45000000 integrand evaluations so far
[1] 6.82987 +- 6.36228  	chisq 6.83534 (8 df)

Iteration 10:  55000000 integrand evaluations so far
[1] 7.66218 +- 6.18533  	chisq 7.14734 (9 df)
     7.7 ±    6.2        (3.55mi) ┃Vegas input parameters:
  ndim 8
  ncomp 1
  nvec 1
  epsrel 0
  epsabs 0
  flags 10
  seed 123456
  mineval 5000000
  maxeval 50000000
  nstart 1000000
  nincrease 1000000
  nbatch 5000
  gridno 0
  statefile ""

Iteration 1:  1000000 integrand evaluations so far
[1] 57.0985 +- 20.932  	chisq 0 (0 df)

Iteration 2:  3000000 integrand evaluations so far
[1] 5.75011 +- 2.83354  	chisq 6.13006 (1 df)

Iteration 3:  6000000 integrand evaluations so far
[1] 6.80127 +- 2.69882  	chisq 7.61257 (2 df)

Iteration 4:  10000000 integrand evaluations so far
[1] 6.83867 +- 2.69866  	chisq 9.18429 (3 df)

Iteration 5:  15000000 integrand evaluations so far
[1] 7.37227 +- 2.68256  	chisq 12.471 (4 df)

Iteration 6:  21000000 integrand evaluations so far
[1] 12.4133 +- 2.33841  	chisq 27.1774 (5 df)

Iteration 7:  28000000 integrand evaluations so far
[1] 14.7357 +- 2.2712  	chisq 44.5864 (6 df)

Iteration 8:  36000000 integrand evaluations so far
[1] 18.2642 +- 2.18271  	chisq 76.1757 (7 df)

Iteration 9:  45000000 integrand evaluations so far
[1] 26.7458 +- 1.90968  	chisq 140.558 (8 df)

Iteration 10:  55000000 integrand evaluations so far
[1] 40.98 +- 1.28216  	chisq 241.715 (9 df)
      41 ±    1.3        (1.87mi) ┃    52.9 ±    6.3        (34.2mi) ┃
┃   68 -    70 ┃   59 -    60 ┃  65.332 ±  0.023        ( 8.8mi) ┃ -60.585 ±  0.012        (26.7mi) ┃Vegas input parameters:
  ndim 10
  ncomp 1
  nvec 1
  epsrel 0
  epsabs 0
  flags 10
  seed 123456
  mineval 50000000
  maxeval 50000000
  nstart 1000000
  nincrease 1000000
  nbatch 5000
  gridno 0
  statefile ""

Iteration 1:  1000000 integrand evaluations so far
[1] 33.7427 +- 42.567  	chisq 0 (0 df)

Iteration 2:  3000000 integrand evaluations so far
[1] 44.9822 +- 35.5037  	chisq 0.229086 (1 df)

Iteration 3:  6000000 integrand evaluations so far
[1] 9.15111 +- 28.5628  	chisq 3.11624 (2 df)

Iteration 4:  10000000 integrand evaluations so far
[1] 16.9316 +- 27.715  	chisq 4.38509 (3 df)

Iteration 5:  15000000 integrand evaluations so far
[1] 30.7982 +- 24.4531  	chisq 5.51504 (4 df)

Iteration 6:  21000000 integrand evaluations so far
[1] 30.7977 +- 21.9379  	chisq 5.51504 (5 df)

Iteration 7:  28000000 integrand evaluations so far
[1] 31.621 +- 21.922  	chisq 6.48631 (6 df)

Iteration 8:  36000000 integrand evaluations so far
[1] 34.7858 +- 21.7043  	chisq 7.54106 (7 df)

Iteration 9:  45000000 integrand evaluations so far
[1] 10.9344 +- 16.0202  	chisq 10.1941 (8 df)

Iteration 10:  55000000 integrand evaluations so far
[1] 5.31631 +- 9.55224  	chisq 10.3849 (9 df)
     5.3 ±    9.6        (3.54mi) ┃Vegas input parameters:
  ndim 8
  ncomp 1
  nvec 1
  epsrel 0
  epsabs 0
  flags 10
  seed 123456
  mineval 5000000
  maxeval 50000000
  nstart 1000000
  nincrease 1000000
  nbatch 5000
  gridno 0
  statefile ""

Iteration 1:  1000000 integrand evaluations so far
[1] 74.1476 +- 23.7329  	chisq 0 (0 df)

Iteration 2:  3000000 integrand evaluations so far
[1] 13.4335 +- 4.84684  	chisq 6.82932 (1 df)

Iteration 3:  6000000 integrand evaluations so far
[1] 15.8286 +- 4.11162  	chisq 7.70029 (2 df)

Iteration 4:  10000000 integrand evaluations so far
[1] 17.5754 +- 3.56233  	chisq 8.42414 (3 df)

Iteration 5:  15000000 integrand evaluations so far
[1] 18.5937 +- 3.52202  	chisq 12.0559 (4 df)

Iteration 6:  21000000 integrand evaluations so far
[1] 20.7894 +- 3.39835  	chisq 17.6888 (5 df)

Iteration 7:  28000000 integrand evaluations so far
[1] 27.6126 +- 2.98889  	chisq 35.4903 (6 df)

Iteration 8:  36000000 integrand evaluations so far
[1] 37.7749 +- 2.33731  	chisq 65.2479 (7 df)

Iteration 9:  45000000 integrand evaluations so far
[1] 49.1519 +- 1.49695  	chisq 105.418 (8 df)

Iteration 10:  55000000 integrand evaluations so far
[1] 49.3094 +- 1.49275  	chisq 107.39 (9 df)
    49.3 ±    1.5        (1.87mi) ┃    59.4 ±    9.7        (40.9mi) ┃
┃   70 -    72 ┃   25 -    26 ┃  86.855 ±  0.037        (8.67mi) ┃ -79.926 ±  0.057        (28.3mi) ┃Vegas input parameters:
  ndim 10
  ncomp 1
  nvec 1
  epsrel 0
  epsabs 0
  flags 10
  seed 123456
  mineval 50000000
  maxeval 50000000
  nstart 1000000
  nincrease 1000000
  nbatch 5000
  gridno 0
  statefile ""

Iteration 1:  1000000 integrand evaluations so far
[1] -199.463 +- 122.771  	chisq 0 (0 df)

Iteration 2:  3000000 integrand evaluations so far
[1] -74.877 +- 52.245  	chisq 1.25751 (1 df)

Iteration 3:  6000000 integrand evaluations so far
[1] -25.5663 +- 37.0914  	chisq 3.05364 (2 df)

Iteration 4:  10000000 integrand evaluations so far
[1] -5.24207 +- 32.2097  	chisq 4.27463 (3 df)

Iteration 5:  15000000 integrand evaluations so far
[1] 14.7083 +- 27.6352  	chisq 5.72852 (4 df)

Iteration 6:  21000000 integrand evaluations so far
[1] -1.21081 +- 25.5  	chisq 7.9622 (5 df)

Iteration 7:  28000000 integrand evaluations so far
[1] -4.37606 +- 25.3301  	chisq 9.12205 (6 df)

Iteration 8:  36000000 integrand evaluations so far
[1] -11.4644 +- 19.6942  	chisq 9.32005 (7 df)

Iteration 9:  45000000 integrand evaluations so far
[1] -5.28109 +- 18.3929  	chisq 10.0914 (8 df)

Iteration 10:  55000000 integrand evaluations so far
[1] -4.28496 +- 17.4227  	chisq 10.12 (9 df)
      -4 ±     17        (3.62mi) ┃Vegas input parameters:
  ndim 8
  ncomp 1
  nvec 1
  epsrel 0
  epsabs 0
  flags 10
  seed 123456
  mineval 5000000
  maxeval 50000000
  nstart 1000000
  nincrease 1000000
  nbatch 5000
  gridno 0
  statefile ""

Iteration 1:  1000000 integrand evaluations so far
[1] 129.702 +- 31.5015  	chisq 0 (0 df)

Iteration 2:  3000000 integrand evaluations so far
[1] 138.168 +- 29.9574  	chisq 0.755343 (1 df)

Iteration 3:  6000000 integrand evaluations so far
[1] 136.129 +- 27.2513  	chisq 0.782206 (2 df)

Iteration 4:  10000000 integrand evaluations so far
[1] 101.845 +- 18.951  	chisq 3.84714 (3 df)

Iteration 5:  15000000 integrand evaluations so far
[1] 102.444 +- 11.1163  	chisq 3.84867 (4 df)

Iteration 6:  21000000 integrand evaluations so far
[1] 99.4732 +- 7.04689  	chisq 3.9681 (5 df)

Iteration 7:  28000000 integrand evaluations so far
[1] 108.125 +- 5.70326  	chisq 8.337 (6 df)

Iteration 8:  36000000 integrand evaluations so far
[1] 111.613 +- 5.02077  	chisq 10.0001 (7 df)

Iteration 9:  45000000 integrand evaluations so far
[1] 112.884 +- 3.34884  	chisq 10.1154 (8 df)

Iteration 10:  55000000 integrand evaluations so far
[1] 114.222 +- 2.05443  	chisq 10.3716 (9 df)
   114.2 ±    2.1        (1.84mi) ┃     117 ±     18        (42.4mi) ┃
┃   70 -    72 ┃   26 -    27 ┃  84.438 ±  0.038        (2.35mi) ┃ -77.803 ±  0.033        (7.15mi) ┃Vegas input parameters:
  ndim 10
  ncomp 1
  nvec 1
  epsrel 0
  epsabs 0
  flags 10
  seed 123456
  mineval 50000000
  maxeval 50000000
  nstart 1000000
  nincrease 1000000
  nbatch 5000
  gridno 0
  statefile ""

Iteration 1:  1000000 integrand evaluations so far
[1] 57.7614 +- 170.102  	chisq 0 (0 df)

Iteration 2:  3000000 integrand evaluations so far
[1] 40.68 +- 85.5553  	chisq 0.0134988 (1 df)

Iteration 3:  6000000 integrand evaluations so far
[1] -14.5816 +- 46.8606  	chisq 0.609511 (2 df)

Iteration 4:  10000000 integrand evaluations so far
[1] -13.4235 +- 32.0517  	chisq 0.610659 (3 df)

Iteration 5:  15000000 integrand evaluations so far
[1] -21.7106 +- 27.2875  	chisq 0.853582 (4 df)

Iteration 6:  21000000 integrand evaluations so far
[1] -26.2628 +- 27.1195  	chisq 3.12095 (5 df)

Iteration 7:  28000000 integrand evaluations so far
[1] -13.8837 +- 21.5364  	chisq 3.68505 (6 df)

Iteration 8:  36000000 integrand evaluations so far
[1] -16.0903 +- 20.8991  	chisq 3.86512 (7 df)

Iteration 9:  45000000 integrand evaluations so far
[1] -6.78659 +- 19.9429  	chisq 6.08144 (8 df)

Iteration 10:  55000000 integrand evaluations so far
[1] -1.11201 +- 19.3436  	chisq 7.4492 (9 df)
      -1 ±     19        ( 3.6mi) ┃Vegas input parameters:
  ndim 8
  ncomp 1
  nvec 1
  epsrel 0
  epsabs 0
  flags 10
  seed 123456
  mineval 5000000
  maxeval 50000000
  nstart 1000000
  nincrease 1000000
  nbatch 5000
  gridno 0
  statefile ""

Iteration 1:  1000000 integrand evaluations so far
[1] 133.001 +- 32.8312  	chisq 0 (0 df)

Iteration 2:  3000000 integrand evaluations so far
[1] 65.8528 +- 14.8301  	chisq 5.2553 (1 df)

Iteration 3:  6000000 integrand evaluations so far
[1] 67.0529 +- 14.7969  	chisq 6.72175 (2 df)

Iteration 4:  10000000 integrand evaluations so far
[1] 71.7822 +- 11.9394  	chisq 7.01451 (3 df)

Iteration 5:  15000000 integrand evaluations so far
[1] 80.8822 +- 10.7287  	chisq 10.0321 (4 df)

Iteration 6:  21000000 integrand evaluations so far
[1] 86.3633 +- 7.66347  	chisq 10.5649 (5 df)

Iteration 7:  28000000 integrand evaluations so far
[1] 94.2787 +- 6.50782  	chisq 14.3906 (6 df)

Iteration 8:  36000000 integrand evaluations so far
[1] 99.9288 +- 3.95294  	chisq 15.5851 (7 df)

Iteration 9:  45000000 integrand evaluations so far
[1] 99.9671 +- 3.95276  	chisq 16.6201 (8 df)

Iteration 10:  55000000 integrand evaluations so far
[1] 101.795 +- 3.77885  	chisq 19.106 (9 df)
   101.8 ±    3.8        (1.87mi) ┃     107 ±     20        (  15mi) ┃
┃   70 -    72 ┃   27 -    28 ┃   76.46 ±   0.04        (9.11mi) ┃ -70.501 ±  0.068        (13.6mi) ┃Vegas input parameters:
  ndim 10
  ncomp 1
  nvec 1
  epsrel 0
  epsabs 0
  flags 10
  seed 123456
  mineval 50000000
  maxeval 50000000
  nstart 1000000
  nincrease 1000000
  nbatch 5000
  gridno 0
  statefile ""

Iteration 1:  1000000 integrand evaluations so far
[1] -472.248 +- 497.625  	chisq 0 (0 df)

Iteration 2:  3000000 integrand evaluations so far
[1] 61.2312 +- 39.448  	chisq 1.15656 (1 df)

Iteration 3:  6000000 integrand evaluations so far
[1] 61.7379 +- 35.421  	chisq 1.15741 (2 df)

Iteration 4:  10000000 integrand evaluations so far
[1] 44.3069 +- 24.3729  	chisq 1.61735 (3 df)

Iteration 5:  15000000 integrand evaluations so far
[1] 48.0084 +- 24.0445  	chisq 2.47919 (4 df)

Iteration 6:  21000000 integrand evaluations so far
[1] 24.0006 +- 20.7806  	chisq 6.41874 (5 df)

Iteration 7:  28000000 integrand evaluations so far
[1] 23.0014 +- 20.4964  	chisq 6.50383 (6 df)

Iteration 8:  36000000 integrand evaluations so far
[1] 21.2643 +- 20.4512  	chisq 8.13331 (7 df)

Iteration 9:  45000000 integrand evaluations so far
[1] 16.9261 +- 17.0611  	chisq 8.2813 (8 df)

Iteration 10:  55000000 integrand evaluations so far
[1] 16.1968 +- 17.0495  	chisq 9.63072 (9 df)
      16 ±     17        (3.63mi) ┃Vegas input parameters:
  ndim 8
  ncomp 1
  nvec 1
  epsrel 0
  epsabs 0
  flags 10
  seed 123456
  mineval 5000000
  maxeval 50000000
  nstart 1000000
  nincrease 1000000
  nbatch 5000
  gridno 0
  statefile ""

Iteration 1:  1000000 integrand evaluations so far
[1] 99.416 +- 24.1941  	chisq 0 (0 df)

Iteration 2:  3000000 integrand evaluations so far
[1] 19.965 +- 3.83313  	chisq 11.0616 (1 df)

Iteration 3:  6000000 integrand evaluations so far
[1] 20.1316 +- 3.83029  	chisq 12.3364 (2 df)

Iteration 4:  10000000 integrand evaluations so far
[1] 20.5382 +- 3.82629  	chisq 17.7358 (3 df)

Iteration 5:  15000000 integrand evaluations so far
[1] 21.9358 +- 3.79738  	chisq 26.5993 (4 df)

Iteration 6:  21000000 integrand evaluations so far
[1] 24.0159 +- 3.76244  	chisq 42.9825 (5 df)

Iteration 7:  28000000 integrand evaluations so far
[1] 30.5449 +- 3.6082  	chisq 80.4792 (6 df)

Iteration 8:  36000000 integrand evaluations so far
[1] 46.5237 +- 3.12028  	chisq 158.251 (7 df)

Iteration 9:  45000000 integrand evaluations so far
[1] 51.9911 +- 3.01423  	chisq 204.199 (8 df)

Iteration 10:  55000000 integrand evaluations so far
[1] 59.5562 +- 2.83297  	chisq 258.197 (9 df)
    59.6 ±    2.8        (1.85mi) ┃      82 ±     17        (28.2mi) ┃
┃   70 -    72 ┃   28 -    29 ┃  85.587 ±  0.069        ( 2.3mi) ┃ -79.269 ±  0.065        (13.7mi) ┃Vegas input parameters:
  ndim 10
  ncomp 1
  nvec 1
  epsrel 0
  epsabs 0
  flags 10
  seed 123456
  mineval 50000000
  maxeval 50000000
  nstart 1000000
  nincrease 1000000
  nbatch 5000
  gridno 0
  statefile ""

Iteration 1:  1000000 integrand evaluations so far
[1] 500.819 +- 495.423  	chisq 0 (0 df)

Iteration 2:  3000000 integrand evaluations so far
[1] 37.7184 +- 48.4025  	chisq 0.882195 (1 df)

Iteration 3:  6000000 integrand evaluations so far
[1] 13.8413 +- 40.9344  	chisq 1.73671 (2 df)

Iteration 4:  10000000 integrand evaluations so far
[1] 11.1772 +- 40.8622  	chisq 2.93893 (3 df)

Iteration 5:  15000000 integrand evaluations so far
[1] 33.6666 +- 28.661  	chisq 3.53517 (4 df)

Iteration 6:  21000000 integrand evaluations so far
[1] 21.4014 +- 25.8426  	chisq 4.51449 (5 df)

Iteration 7:  28000000 integrand evaluations so far
[1] -3.16545 +- 21.0927  	chisq 7.22169 (6 df)

Iteration 8:  36000000 integrand evaluations so far
[1] -2.38168 +- 16.0085  	chisq 7.22494 (7 df)

Iteration 9:  45000000 integrand evaluations so far
[1] -4.40412 +- 15.7618  	chisq 7.74697 (8 df)

Iteration 10:  55000000 integrand evaluations so far
[1] -9.24654 +- 14.7261  	chisq 8.48954 (9 df)
      -9 ±     15        (3.58mi) ┃Vegas input parameters:
  ndim 8
  ncomp 1
  nvec 1
  epsrel 0
  epsabs 0
  flags 10
  seed 123456
  mineval 5000000
  maxeval 50000000
  nstart 1000000
  nincrease 1000000
  nbatch 5000
  gridno 0
  statefile ""

Iteration 1:  1000000 integrand evaluations so far
[1] 104.335 +- 32.2225  	chisq 0 (0 df)

Iteration 2:  3000000 integrand evaluations so far
[1] 36.3519 +- 10.2798  	chisq 4.95557 (1 df)

Iteration 3:  6000000 integrand evaluations so far
[1] 39.1262 +- 9.3463  	chisq 5.3757 (2 df)

Iteration 4:  10000000 integrand evaluations so far
[1] 49.8006 +- 8.04097  	chisq 10.396 (3 df)

Iteration 5:  15000000 integrand evaluations so far
[1] 66.0222 +- 5.16733  	chisq 17.3288 (4 df)

Iteration 6:  21000000 integrand evaluations so far
[1] 75.0213 +- 4.56795  	chisq 31.2076 (5 df)

Iteration 7:  28000000 integrand evaluations so far
[1] 84.0801 +- 3.85831  	chisq 44.9313 (6 df)

Iteration 8:  36000000 integrand evaluations so far
[1] 87.6061 +- 3.59043  	chisq 51.1618 (7 df)

Iteration 9:  45000000 integrand evaluations so far
[1] 92.7278 +- 3.2047  	chisq 61.17 (8 df)

Iteration 10:  55000000 integrand evaluations so far
[1] 99.487 +- 2.14521  	chisq 69.2301 (9 df)
    99.5 ±    2.1        (1.83mi) ┃      97 ±     15        (21.4mi) ┃
┃   70 -    72 ┃   29 -    30 ┃  78.757 ±  0.062        ( 1.3mi) ┃ -72.668 ±  0.066        (  27mi) ┃Vegas input parameters:
  ndim 10
  ncomp 1
  nvec 1
  epsrel 0
  epsabs 0
  flags 10
  seed 123456
  mineval 50000000
  maxeval 50000000
  nstart 1000000
  nincrease 1000000
  nbatch 5000
  gridno 0
  statefile ""

Iteration 1:  1000000 integrand evaluations so far
[1] 44.3915 +- 27.7726  	chisq 0 (0 df)

Iteration 2:  3000000 integrand evaluations so far
[1] 41.5728 +- 26.1028  	chisq 0.0883151 (1 df)

Iteration 3:  6000000 integrand evaluations so far
[1] 25.7289 +- 17.6247  	chisq 0.765444 (2 df)

Iteration 4:  10000000 integrand evaluations so far
[1] 31.72 +- 16.4583  	chisq 1.66829 (3 df)

Iteration 5:  15000000 integrand evaluations so far
[1] 29.4172 +- 16.2595  	chisq 2.48345 (4 df)

Iteration 6:  21000000 integrand evaluations so far
[1] 30.3295 +- 16.0531  	chisq 2.60823 (5 df)

Iteration 7:  28000000 integrand evaluations so far
[1] 28.1585 +- 15.8737  	chisq 3.43125 (6 df)

Iteration 8:  36000000 integrand evaluations so far
[1] 26.414 +- 15.5904  	chisq 3.77271 (7 df)

Iteration 9:  45000000 integrand evaluations so far
[1] 20.2566 +- 15.1686  	chisq 6.69503 (8 df)

Iteration 10:  55000000 integrand evaluations so far
[1] 11.5706 +- 13.5337  	chisq 8.30282 (9 df)
      12 ±     14        (3.58mi) ┃Vegas input parameters:
  ndim 8
  ncomp 1
  nvec 1
  epsrel 0
  epsabs 0
  flags 10
  seed 123456
  mineval 5000000
  maxeval 50000000
  nstart 1000000
  nincrease 1000000
  nbatch 5000
  gridno 0
  statefile ""

Iteration 1:  1000000 integrand evaluations so far
[1] 95.7508 +- 25.8469  	chisq 0 (0 df)

Iteration 2:  3000000 integrand evaluations so far
[1] 20.6182 +- 4.35999  	chisq 8.69717 (1 df)

Iteration 3:  6000000 integrand evaluations so far
[1] 21.2457 +- 4.34699  	chisq 12.1775 (2 df)

Iteration 4:  10000000 integrand evaluations so far
[1] 24.6469 +- 4.17789  	chisq 20.2021 (3 df)

Iteration 5:  15000000 integrand evaluations so far
[1] 25.7718 +- 4.15595  	chisq 27.1223 (4 df)

Iteration 6:  21000000 integrand evaluations so far
[1] 31.3613 +- 4.01605  	chisq 54.4497 (5 df)

Iteration 7:  28000000 integrand evaluations so far
[1] 40.9232 +- 3.78898  	chisq 106.038 (6 df)

Iteration 8:  36000000 integrand evaluations so far
[1] 57.2064 +- 3.26669  	chisq 177.988 (7 df)

Iteration 9:  45000000 integrand evaluations so far
[1] 77.3745 +- 2.60723  	chisq 282.995 (8 df)

Iteration 10:  55000000 integrand evaluations so far
[1] 92.3869 +- 2.0446  	chisq 369.104 (9 df)
    92.4 ±      2        (1.84mi) ┃     110 ±     14        (33.7mi) ┃
┃   70 -    72 ┃   30 -    31 ┃  81.351 ±  0.059        (8.92mi) ┃ -75.068 ±   0.01        (53.8mi) ┃Vegas input parameters:
  ndim 10
  ncomp 1
  nvec 1
  epsrel 0
  epsabs 0
  flags 10
  seed 123456
  mineval 50000000
  maxeval 50000000
  nstart 1000000
  nincrease 1000000
  nbatch 5000
  gridno 0
  statefile ""

Iteration 1:  1000000 integrand evaluations so far
[1] 21.989 +- 37.8221  	chisq 0 (0 df)

Iteration 2:  3000000 integrand evaluations so far
[1] 0.809055 +- 24.0222  	chisq 0.525623 (1 df)

Iteration 3:  6000000 integrand evaluations so far
[1] 0.987659 +- 18.6279  	chisq 0.525762 (2 df)

Iteration 4:  10000000 integrand evaluations so far
[1] -2.97887 +- 17.2952  	chisq 0.854412 (3 df)

Iteration 5:  15000000 integrand evaluations so far
[1] -4.72605 +- 16.0895  	chisq 0.930251 (4 df)

Iteration 6:  21000000 integrand evaluations so far
[1] 0.0018369 +- 14.69  	chisq 1.44917 (5 df)

Iteration 7:  28000000 integrand evaluations so far
[1] 2.30362 +- 13.4069  	chisq 1.59613 (6 df)

Iteration 8:  36000000 integrand evaluations so far
[1] 8.49988 +- 12.562  	chisq 3.34612 (7 df)

Iteration 9:  45000000 integrand evaluations so far
[1] 7.59061 +- 11.7297  	chisq 3.38701 (8 df)

Iteration 10:  55000000 integrand evaluations so far
[1] 7.50036 +- 11.7102  	chisq 3.4048 (9 df)
       8 ±     12        (3.59mi) ┃Vegas input parameters:
  ndim 8
  ncomp 1
  nvec 1
  epsrel 0
  epsabs 0
  flags 10
  seed 123456
  mineval 5000000
  maxeval 50000000
  nstart 1000000
  nincrease 1000000
  nbatch 5000
  gridno 0
  statefile ""

Iteration 1:  1000000 integrand evaluations so far
[1] 149.259 +- 37.9135  	chisq 0 (0 df)

Iteration 2:  3000000 integrand evaluations so far
[1] 143.753 +- 34.6231  	chisq 0.127041 (1 df)

Iteration 3:  6000000 integrand evaluations so far
[1] 55.406 +- 13.5241  	chisq 7.81032 (2 df)

Iteration 4:  10000000 integrand evaluations so far
[1] 46.3814 +- 8.07554  	chisq 8.50234 (3 df)

Iteration 5:  15000000 integrand evaluations so far
[1] 48.251 +- 7.96151  	chisq 10.4138 (4 df)

Iteration 6:  21000000 integrand evaluations so far
[1] 61.983 +- 6.7191  	chisq 20.7523 (5 df)

Iteration 7:  28000000 integrand evaluations so far
[1] 76.1244 +- 5.34011  	chisq 32.7779 (6 df)

Iteration 8:  36000000 integrand evaluations so far
[1] 88.8024 +- 3.8809  	chisq 44.7233 (7 df)

Iteration 9:  45000000 integrand evaluations so far
[1] 95.8631 +- 2.9128  	chisq 52.3034 (8 df)

Iteration 10:  55000000 integrand evaluations so far
[1] 100.762 +- 1.97056  	chisq 57.5195 (9 df)
   100.8 ±      2        (1.84mi) ┃     115 ±     12        (1.14hr) ┃
┃   70 -    72 ┃   31 -    32 ┃  73.015 ±  0.071        (8.73mi) ┃ -67.597 ±  0.065        (27.5mi) ┃Vegas input parameters:
  ndim 10
  ncomp 1
  nvec 1
  epsrel 0
  epsabs 0
  flags 10
  seed 123456
  mineval 50000000
  maxeval 50000000
  nstart 1000000
  nincrease 1000000
  nbatch 5000
  gridno 0
  statefile ""

Iteration 1:  1000000 integrand evaluations so far
[1] -51.1236 +- 39.977  	chisq 0 (0 df)

Iteration 2:  3000000 integrand evaluations so far
[1] -43.7058 +- 39.5358  	chisq 1.56843 (1 df)

Iteration 3:  6000000 integrand evaluations so far
[1] -29.6811 +- 38.1673  	chisq 3.41805 (2 df)

Iteration 4:  10000000 integrand evaluations so far
[1] -36.4356 +- 37.57  	chisq 4.42671 (3 df)

Iteration 5:  15000000 integrand evaluations so far
[1] -10.8055 +- 20.5661  	chisq 5.09123 (4 df)

Iteration 6:  21000000 integrand evaluations so far
[1] -14.7763 +- 20.428  	chisq 7.87702 (5 df)

Iteration 7:  28000000 integrand evaluations so far
[1] -7.83046 +- 20.0312  	chisq 10.8817 (6 df)

Iteration 8:  36000000 integrand evaluations so far
[1] -8.59862 +- 20.0144  	chisq 11.7595 (7 df)

Iteration 9:  45000000 integrand evaluations so far
[1] -3.64072 +- 19.0633  	chisq 12.4208 (8 df)

Iteration 10:  55000000 integrand evaluations so far
[1] -6.36816 +- 18.5965  	chisq 12.844 (9 df)
      -6 ±     19        (3.54mi) ┃Vegas input parameters:
  ndim 8
  ncomp 1
  nvec 1
  epsrel 0
  epsabs 0
  flags 10
  seed 123456
  mineval 5000000
  maxeval 50000000
  nstart 1000000
  nincrease 1000000
  nbatch 5000
  gridno 0
  statefile ""

Iteration 1:  1000000 integrand evaluations so far
[1] 138.039 +- 33.5606  	chisq 0 (0 df)

Iteration 2:  3000000 integrand evaluations so far
[1] 73.163 +- 15.5068  	chisq 4.75123 (1 df)

Iteration 3:  6000000 integrand evaluations so far
[1] 73.2348 +- 12.6153  	chisq 4.75129 (2 df)

Iteration 4:  10000000 integrand evaluations so far
[1] 72.0065 +- 7.43782  	chisq 4.76582 (3 df)

Iteration 5:  15000000 integrand evaluations so far
[1] 74.4115 +- 7.29923  	chisq 7.59775 (4 df)

Iteration 6:  21000000 integrand evaluations so far
[1] 82.6094 +- 6.69484  	chisq 15.5436 (5 df)

Iteration 7:  28000000 integrand evaluations so far
[1] 91.035 +- 5.00115  	chisq 19.1274 (6 df)

Iteration 8:  36000000 integrand evaluations so far
[1] 91.3551 +- 4.99245  	chisq 20.3063 (7 df)

Iteration 9:  45000000 integrand evaluations so far
[1] 95.0668 +- 4.54262  	chisq 23.5183 (8 df)

Iteration 10:  55000000 integrand evaluations so far
[1] 98.0874 +- 4.14867  	chisq 26.1831 (9 df)
    98.1 ±    4.1        (1.83mi) ┃      97 ±     19        (41.6mi) ┃
┃   70 -    72 ┃   32 -    33 ┃  82.545 ±  0.043        (2.55mi) ┃ -75.914 ±   0.05        (27.3mi) ┃Vegas input parameters:
  ndim 10
  ncomp 1
  nvec 1
  epsrel 0
  epsabs 0
  flags 10
  seed 123456
  mineval 50000000
  maxeval 50000000
  nstart 1000000
  nincrease 1000000
  nbatch 5000
  gridno 0
  statefile ""

Iteration 1:  1000000 integrand evaluations so far
[1] 22.2803 +- 45.5784  	chisq 0 (0 df)

Iteration 2:  3000000 integrand evaluations so far
[1] 5.63693 +- 42.742  	chisq 1.10575 (1 df)

Iteration 3:  6000000 integrand evaluations so far
[1] -3.75762 +- 39.8582  	chisq 1.47627 (2 df)

Iteration 4:  10000000 integrand evaluations so far
[1] -12.6088 +- 39.3988  	chisq 3.62795 (3 df)

Iteration 5:  15000000 integrand evaluations so far
[1] -19.2027 +- 38.503  	chisq 4.25097 (4 df)

Iteration 6:  21000000 integrand evaluations so far
[1] -40.2448 +- 33.1407  	chisq 5.4035 (5 df)

Iteration 7:  28000000 integrand evaluations so far
[1] -15.5265 +- 29.4459  	chisq 8.04572 (6 df)

Iteration 8:  36000000 integrand evaluations so far
[1] -33.5387 +- 21.5006  	chisq 8.84723 (7 df)

Iteration 9:  45000000 integrand evaluations so far
[1] -32.5413 +- 17.4151  	chisq 8.85348 (8 df)

Iteration 10:  55000000 integrand evaluations so far
[1] -38.063 +- 17.0625  	chisq 11.3609 (9 df)
     -38 ±     17        (3.62mi) ┃Vegas input parameters:
  ndim 8
  ncomp 1
  nvec 1
  epsrel 0
  epsabs 0
  flags 10
  seed 123456
  mineval 5000000
  maxeval 50000000
  nstart 1000000
  nincrease 1000000
  nbatch 5000
  gridno 0
  statefile ""

Iteration 1:  1000000 integrand evaluations so far
[1] 78.1105 +- 23.2614  	chisq 0 (0 df)

Iteration 2:  3000000 integrand evaluations so far
[1] 15.4175 +- 5.95435  	chisq 7.7732 (1 df)

Iteration 3:  6000000 integrand evaluations so far
[1] 16.5336 +- 4.60965  	chisq 7.86089 (2 df)

Iteration 4:  10000000 integrand evaluations so far
[1] 17.0089 +- 4.59603  	chisq 9.66226 (3 df)

Iteration 5:  15000000 integrand evaluations so far
[1] 19.3532 +- 4.46422  	chisq 14.2643 (4 df)

Iteration 6:  21000000 integrand evaluations so far
[1] 19.5628 +- 4.46187  	chisq 16.357 (5 df)

Iteration 7:  28000000 integrand evaluations so far
[1] 24.3038 +- 4.26848  	chisq 29.6703 (6 df)

Iteration 8:  36000000 integrand evaluations so far
[1] 35.1357 +- 3.95224  	chisq 74.802 (7 df)

Iteration 9:  45000000 integrand evaluations so far
[1] 64.1598 +- 2.84093  	chisq 186.388 (8 df)

Iteration 10:  55000000 integrand evaluations so far
[1] 75.0304 +- 2.41717  	chisq 239.422 (9 df)
      75 ±    2.4        (1.85mi) ┃      44 ±     17        (35.3mi) ┃
┃   70 -    72 ┃   33 -    34 ┃   79.44 ±  0.072        (4.47mi) ┃ -73.163 ±  0.063        (7.02mi) ┃Vegas input parameters:
  ndim 10
  ncomp 1
  nvec 1
  epsrel 0
  epsabs 0
  flags 10
  seed 123456
  mineval 50000000
  maxeval 50000000
  nstart 1000000
  nincrease 1000000
  nbatch 5000
  gridno 0
  statefile ""

Iteration 1:  1000000 integrand evaluations so far
[1] -120.244 +- 80.5019  	chisq 0 (0 df)

Iteration 2:  3000000 integrand evaluations so far
[1] -77.8458 +- 56.6463  	chisq 0.549441 (1 df)

Iteration 3:  6000000 integrand evaluations so far
[1] -72.8936 +- 43.7562  	chisq 0.56839 (2 df)

Iteration 4:  10000000 integrand evaluations so far
[1] -8.58282 +- 19.8727  	chisq 3.28993 (3 df)

Iteration 5:  15000000 integrand evaluations so far
[1] -11.5665 +- 15.3388  	chisq 3.34569 (4 df)

Iteration 6:  21000000 integrand evaluations so far
[1] -13.4496 +- 15.2834  	chisq 5.43417 (5 df)

Iteration 7:  28000000 integrand evaluations so far
[1] -7.63093 +- 14.4842  	chisq 6.85746 (6 df)

Iteration 8:  36000000 integrand evaluations so far
[1] -9.52824 +- 14.3485  	chisq 7.77724 (7 df)

Iteration 9:  45000000 integrand evaluations so far
[1] -8.98126 +- 13.5792  	chisq 7.79116 (8 df)

Iteration 10:  55000000 integrand evaluations so far
[1] -8.56628 +- 12.7966  	chisq 7.79951 (9 df)
      -9 ±     13        (3.63mi) ┃Vegas input parameters:
  ndim 8
  ncomp 1
  nvec 1
  epsrel 0
  epsabs 0
  flags 10
  seed 123456
  mineval 5000000
  maxeval 50000000
  nstart 1000000
  nincrease 1000000
  nbatch 5000
  gridno 0
  statefile ""

Iteration 1:  1000000 integrand evaluations so far
[1] 72.7531 +- 19.7893  	chisq 0 (0 df)

Iteration 2:  3000000 integrand evaluations so far
[1] 73.4213 +- 19.7767  	chisq 0.897334 (1 df)

Iteration 3:  6000000 integrand evaluations so far
[1] 76.7399 +- 17.7887  	chisq 1.04482 (2 df)

Iteration 4:  10000000 integrand evaluations so far
[1] 73.1429 +- 15.1995  	chisq 1.1963 (3 df)

Iteration 5:  15000000 integrand evaluations so far
[1] 78.1043 +- 13.9053  	chisq 1.8498 (4 df)

Iteration 6:  21000000 integrand evaluations so far
[1] 80.7285 +- 12.4408  	chisq 2.02829 (5 df)

Iteration 7:  28000000 integrand evaluations so far
[1] 77.777 +- 6.7341  	chisq 2.1079 (6 df)

Iteration 8:  36000000 integrand evaluations so far
[1] 82.7488 +- 5.40586  	chisq 3.64088 (7 df)

Iteration 9:  45000000 integrand evaluations so far
[1] 88.2543 +- 3.00728  	chisq 5.14289 (8 df)

Iteration 10:  55000000 integrand evaluations so far
[1] 92.5543 +- 2.17049  	chisq 9.41056 (9 df)
    92.6 ±    2.2        (1.86mi) ┃      90 ±     13        (  17mi) ┃
┃   70 -    72 ┃   34 -    35 ┃  74.694 ±  0.056        (17.5mi) ┃ -69.495 ±  0.053        (54.5mi) ┃Vegas input parameters:
  ndim 10
  ncomp 1
  nvec 1
  epsrel 0
  epsabs 0
  flags 10
  seed 123456
  mineval 50000000
  maxeval 50000000
  nstart 1000000
  nincrease 1000000
  nbatch 5000
  gridno 0
  statefile ""

Iteration 1:  1000000 integrand evaluations so far
[1] -302.225 +- 292.692  	chisq 0 (0 df)

Iteration 2:  3000000 integrand evaluations so far
[1] 7.38682 +- 64.2023  	chisq 1.17552 (1 df)

Iteration 3:  6000000 integrand evaluations so far
[1] 6.77392 +- 46.046  	chisq 1.17571 (2 df)

Iteration 4:  10000000 integrand evaluations so far
[1] 18.3855 +- 39.6666  	chisq 1.42229 (3 df)

Iteration 5:  15000000 integrand evaluations so far
[1] 16.8155 +- 38.3391  	chisq 1.44609 (4 df)

Iteration 6:  21000000 integrand evaluations so far
[1] 6.55325 +- 37.1997  	chisq 2.66964 (5 df)

Iteration 7:  28000000 integrand evaluations so far
[1] 12.2836 +- 25.5727  	chisq 2.71463 (6 df)

Iteration 8:  36000000 integrand evaluations so far
[1] 15.2446 +- 18.3158  	chisq 2.74216 (7 df)

Iteration 9:  45000000 integrand evaluations so far
[1] 16.109 +- 18.2894  	chisq 3.51272 (8 df)

Iteration 10:  55000000 integrand evaluations so far
[1] 14.677 +- 18.1929  	chisq 4.09576 (9 df)
      15 ±     18        (3.59mi) ┃Vegas input parameters:
  ndim 8
  ncomp 1
  nvec 1
  epsrel 0
  epsabs 0
  flags 10
  seed 123456
  mineval 5000000
  maxeval 50000000
  nstart 1000000
  nincrease 1000000
  nbatch 5000
  gridno 0
  statefile ""

Iteration 1:  1000000 integrand evaluations so far
[1] 120.875 +- 28.2504  	chisq 0 (0 df)

Iteration 2:  3000000 integrand evaluations so far
[1] 72.0428 +- 16.0027  	chisq 4.39951 (1 df)

Iteration 3:  6000000 integrand evaluations so far
[1] 28.0909 +- 3.96369  	chisq 12.436 (2 df)

Iteration 4:  10000000 integrand evaluations so far
[1] 33.8872 +- 3.5406  	chisq 23.0182 (3 df)

Iteration 5:  15000000 integrand evaluations so far
[1] 37.1387 +- 3.47322  	chisq 45.3859 (4 df)

Iteration 6:  21000000 integrand evaluations so far
[1] 45.3821 +- 3.25241  	chisq 91.1444 (5 df)

Iteration 7:  28000000 integrand evaluations so far
[1] 62.1611 +- 2.67371  	chisq 173.237 (6 df)

Iteration 8:  36000000 integrand evaluations so far
[1] 76.3325 +- 1.9951  	chisq 236.624 (7 df)

Iteration 9:  45000000 integrand evaluations so far
[1] 82.7219 +- 1.75099  	chisq 281.268 (8 df)

Iteration 10:  55000000 integrand evaluations so far
[1] 87.9342 +- 1.53334  	chisq 319.274 (9 df)
    87.9 ±    1.5        (1.87mi) ┃     108 ±     18        (1.29hr) ┃
┃   70 -    72 ┃   35 -    36 ┃  94.557 ±  0.091        (19.1mi) ┃ -86.784 ±  0.074        (1.29hr) ┃Vegas input parameters:
  ndim 10
  ncomp 1
  nvec 1
  epsrel 0
  epsabs 0
  flags 10
  seed 123456
  mineval 50000000
  maxeval 50000000
  nstart 1000000
  nincrease 1000000
  nbatch 5000
  gridno 0
  statefile ""

Iteration 1:  1000000 integrand evaluations so far
[1] -20.9325 +- 35.1679  	chisq 0 (0 df)

Iteration 2:  3000000 integrand evaluations so far
[1] -16.5171 +- 34.9376  	chisq 1.20771 (1 df)

Iteration 3:  6000000 integrand evaluations so far
[1] -6.21668 +- 34.0165  	chisq 2.87804 (2 df)

Iteration 4:  10000000 integrand evaluations so far
[1] 11.9548 +- 22.7861  	chisq 3.39567 (3 df)

Iteration 5:  15000000 integrand evaluations so far
[1] 9.18165 +- 18.333  	chisq 3.43768 (4 df)

Iteration 6:  21000000 integrand evaluations so far
[1] 16.3154 +- 16.9179  	chisq 4.45782 (5 df)

Iteration 7:  28000000 integrand evaluations so far
[1] 2.76376 +- 11.0634  	chisq 5.57887 (6 df)

Iteration 8:  36000000 integrand evaluations so far
[1] 5.37297 +- 10.8453  	chisq 7.00394 (7 df)

Iteration 9:  45000000 integrand evaluations so far
[1] 7.52699 +- 10.6622  	chisq 8.18214 (8 df)

Iteration 10:  55000000 integrand evaluations so far
[1] 6.03211 +- 10.4719  	chisq 8.73782 (9 df)
       6 ±     10        (3.63mi) ┃Vegas input parameters:
  ndim 8
  ncomp 1
  nvec 1
  epsrel 0
  epsabs 0
  flags 10
  seed 123456
  mineval 5000000
  maxeval 50000000
  nstart 1000000
  nincrease 1000000
  nbatch 5000
  gridno 0
  statefile ""

Iteration 1:  1000000 integrand evaluations so far
[1] 57.6063 +- 18.8073  	chisq 0 (0 df)

Iteration 2:  3000000 integrand evaluations so far
[1] 23.3076 +- 7.11234  	chisq 3.88089 (1 df)

Iteration 3:  6000000 integrand evaluations so far
[1] 18.3235 +- 4.49334  	chisq 4.69815 (2 df)

Iteration 4:  10000000 integrand evaluations so far
[1] 19.4539 +- 4.44163  	chisq 7.46407 (3 df)

Iteration 5:  15000000 integrand evaluations so far
[1] 26.2691 +- 3.59081  	chisq 14.2604 (4 df)

Iteration 6:  21000000 integrand evaluations so far
[1] 35.821 +- 3.07776  	chisq 40.9281 (5 df)

Iteration 7:  28000000 integrand evaluations so far
[1] 46.0459 +- 2.72192  	chisq 91.5869 (6 df)

Iteration 8:  36000000 integrand evaluations so far
[1] 53.2435 +- 2.5132  	chisq 139 (7 df)

Iteration 9:  45000000 integrand evaluations so far
[1] 67.6928 +- 1.90101  	chisq 216.26 (8 df)

Iteration 10:  55000000 integrand evaluations so far
[1] 67.8866 +- 1.89764  	chisq 219.189 (9 df)
    67.9 ±    1.9        ( 1.9mi) ┃      82 ±     11        (1.71hr) ┃
┃   70 -    72 ┃   36 -    37 ┃  72.628 ±  0.064        (4.32mi) ┃ -67.078 ±  0.042        (  14mi) ┃Vegas input parameters:
  ndim 10
  ncomp 1
  nvec 1
  epsrel 0
  epsabs 0
  flags 10
  seed 123456
  mineval 50000000
  maxeval 50000000
  nstart 1000000
  nincrease 1000000
  nbatch 5000
  gridno 0
  statefile ""

Iteration 1:  1000000 integrand evaluations so far
[1] -605.569 +- 620.059  	chisq 0 (0 df)

Iteration 2:  3000000 integrand evaluations so far
[1] 145.429 +- 231.663  	chisq 1.70493 (1 df)

Iteration 3:  6000000 integrand evaluations so far
[1] -54.5947 +- 163.676  	chisq 3.19348 (2 df)

Iteration 4:  10000000 integrand evaluations so far
[1] 10.1033 +- 16.5346  	chisq 3.35134 (3 df)

Iteration 5:  15000000 integrand evaluations so far
[1] 13.314 +- 16.262  	chisq 4.50447 (4 df)

Iteration 6:  21000000 integrand evaluations so far
[1] 7.28944 +- 13.8303  	chisq 5.00049 (5 df)

Iteration 7:  28000000 integrand evaluations so far
[1] 7.71993 +- 13.8177  	chisq 5.53125 (6 df)

Iteration 8:  36000000 integrand evaluations so far
[1] 7.07346 +- 13.7666  	chisq 5.82753 (7 df)

Iteration 9:  45000000 integrand evaluations so far
[1] 6.26115 +- 13.7071  	chisq 6.23152 (8 df)

Iteration 10:  55000000 integrand evaluations so far
[1] -1.601 +- 10.4823  	chisq 7.02394 (9 df)
      -2 ±     10        (3.61mi) ┃Vegas input parameters:
  ndim 8
  ncomp 1
  nvec 1
  epsrel 0
  epsabs 0
  flags 10
  seed 123456
  mineval 5000000
  maxeval 50000000
  nstart 1000000
  nincrease 1000000
  nbatch 5000
  gridno 0
  statefile ""

Iteration 1:  1000000 integrand evaluations so far
[1] 103.887 +- 26.3888  	chisq 0 (0 df)

Iteration 2:  3000000 integrand evaluations so far
[1] 83.9821 +- 20.2003  	chisq 1.37412 (1 df)

Iteration 3:  6000000 integrand evaluations so far
[1] 43.786 +- 9.36589  	chisq 6.41806 (2 df)

Iteration 4:  10000000 integrand evaluations so far
[1] 46.1827 +- 9.19897  	chisq 8.27172 (3 df)

Iteration 5:  15000000 integrand evaluations so far
[1] 51.3525 +- 8.46856  	chisq 10.3428 (4 df)

Iteration 6:  21000000 integrand evaluations so far
[1] 57.6506 +- 7.66247  	chisq 13.3934 (5 df)

Iteration 7:  28000000 integrand evaluations so far
[1] 64.7077 +- 7.11095  	chisq 19.5059 (6 df)

Iteration 8:  36000000 integrand evaluations so far
[1] 79.292 +- 5.0114  	chisq 27.8629 (7 df)

Iteration 9:  45000000 integrand evaluations so far
[1] 86.1689 +- 2.60662  	chisq 30.4444 (8 df)

Iteration 10:  55000000 integrand evaluations so far
[1] 88.8434 +- 2.0235  	chisq 33.0938 (9 df)
    88.8 ±      2        (1.87mi) ┃      93 ±     11        (23.8mi) ┃
┃   70 -    72 ┃   37 -    38 ┃  65.898 ±  0.026        (1.24mi) ┃ -61.307 ±  0.029        (6.86mi) ┃Vegas input parameters:
  ndim 10
  ncomp 1
  nvec 1
  epsrel 0
  epsabs 0
  flags 10
  seed 123456
  mineval 50000000
  maxeval 50000000
  nstart 1000000
  nincrease 1000000
  nbatch 5000
  gridno 0
  statefile ""

Iteration 1:  1000000 integrand evaluations so far
[1] 2137.56 +- 1648.41  	chisq 0 (0 df)

Iteration 2:  3000000 integrand evaluations so far
[1] -6.2256 +- 45.624  	chisq 1.69265 (1 df)

Iteration 3:  6000000 integrand evaluations so far
[1] -27.8002 +- 40.3844  	chisq 2.72553 (2 df)

Iteration 4:  10000000 integrand evaluations so far
[1] -12.2809 +- 13.9996  	chisq 2.89338 (3 df)

Iteration 5:  15000000 integrand evaluations so far
[1] -8.20636 +- 11.6745  	chisq 3.17149 (4 df)

Iteration 6:  21000000 integrand evaluations so far
[1] -9.04313 +- 11.4821  	chisq 3.32862 (5 df)

Iteration 7:  28000000 integrand evaluations so far
[1] 0.943834 +- 10.0816  	chisq 6.63138 (6 df)

Iteration 8:  36000000 integrand evaluations so far
[1] 1.06267 +- 10.0302  	chisq 6.64502 (7 df)

Iteration 9:  45000000 integrand evaluations so far
[1] 0.612224 +- 9.5761  	chisq 6.66781 (8 df)

Iteration 10:  55000000 integrand evaluations so far
[1] -0.0559929 +- 9.47905  	chisq 6.90926 (9 df)
    -0.1 ±    9.5        (3.58mi) ┃Vegas input parameters:
  ndim 8
  ncomp 1
  nvec 1
  epsrel 0
  epsabs 0
  flags 10
  seed 123456
  mineval 5000000
  maxeval 50000000
  nstart 1000000
  nincrease 1000000
  nbatch 5000
  gridno 0
  statefile ""

Iteration 1:  1000000 integrand evaluations so far
[1] 125.974 +- 27.873  	chisq 0 (0 df)

Iteration 2:  3000000 integrand evaluations so far
[1] 121.681 +- 24.1828  	chisq 0.0959186 (1 df)

Iteration 3:  6000000 integrand evaluations so far
[1] 43.9479 +- 5.89098  	chisq 11.0801 (2 df)

Iteration 4:  10000000 integrand evaluations so far
[1] 48.7713 +- 5.43344  	chisq 15.5701 (3 df)

Iteration 5:  15000000 integrand evaluations so far
[1] 56.7445 +- 5.01692  	chisq 30.1753 (4 df)

Iteration 6:  21000000 integrand evaluations so far
[1] 70.3954 +- 3.64914  	chisq 45.8964 (5 df)

Iteration 7:  28000000 integrand evaluations so far
[1] 80.3332 +- 2.28165  	chisq 58.0736 (6 df)

Iteration 8:  36000000 integrand evaluations so far
[1] 83.9401 +- 1.48009  	chisq 62.3881 (7 df)

Iteration 9:  45000000 integrand evaluations so far
[1] 86.261 +- 1.23558  	chisq 70.5008 (8 df)

Iteration 10:  55000000 integrand evaluations so far
[1] 87.9206 +- 1.03168  	chisq 76.458 (9 df)
    87.9 ±      1        (1.88mi) ┃    92.5 ±    9.5        (13.6mi) ┃
┃   70 -    72 ┃   38 -    39 ┃ 75.8059 ± 0.0029        (9.05mi) ┃ -70.003 ±   0.02        (27.9mi) ┃Vegas input parameters:
  ndim 10
  ncomp 1
  nvec 1
  epsrel 0
  epsabs 0
  flags 10
  seed 123456
  mineval 50000000
  maxeval 50000000
  nstart 1000000
  nincrease 1000000
  nbatch 5000
  gridno 0
  statefile ""

Iteration 1:  1000000 integrand evaluations so far
[1] -35.1362 +- 44.5395  	chisq 0 (0 df)

Iteration 2:  3000000 integrand evaluations so far
[1] -32.0589 +- 29.874  	chisq 0.00867713 (1 df)

Iteration 3:  6000000 integrand evaluations so far
[1] 1.77282 +- 24.3629  	chisq 3.83793 (2 df)

Iteration 4:  10000000 integrand evaluations so far
[1] -3.0815 +- 24.0435  	chisq 5.36206 (3 df)

Iteration 5:  15000000 integrand evaluations so far
[1] -10.766 +- 21.2417  	chisq 5.82746 (4 df)

Iteration 6:  21000000 integrand evaluations so far
[1] -9.76283 +- 21.2231  	chisq 7.10416 (5 df)

Iteration 7:  28000000 integrand evaluations so far
[1] -9.49748 +- 20.6356  	chisq 7.10703 (6 df)

Iteration 8:  36000000 integrand evaluations so far
[1] -0.977546 +- 19.1458  	chisq 8.33181 (7 df)

Iteration 9:  45000000 integrand evaluations so far
[1] 2.03619 +- 18.6811  	chisq 8.84845 (8 df)

Iteration 10:  55000000 integrand evaluations so far
[1] -2.05056 +- 18.5096  	chisq 11.4682 (9 df)
      -2 ±     19        (3.65mi) ┃Vegas input parameters:
  ndim 8
  ncomp 1
  nvec 1
  epsrel 0
  epsabs 0
  flags 10
  seed 123456
  mineval 5000000
  maxeval 50000000
  nstart 1000000
  nincrease 1000000
  nbatch 5000
  gridno 0
  statefile ""

Iteration 1:  1000000 integrand evaluations so far
[1] 117.403 +- 30.0644  	chisq 0 (0 df)

Iteration 2:  3000000 integrand evaluations so far
[1] 116.609 +- 28.494  	chisq 0.00685881 (1 df)

Iteration 3:  6000000 integrand evaluations so far
[1] 24.5446 +- 4.56181  	chisq 10.7209 (2 df)

Iteration 4:  10000000 integrand evaluations so far
[1] 29.2296 +- 4.35375  	chisq 22.5539 (3 df)

Iteration 5:  15000000 integrand evaluations so far
[1] 38.3595 +- 3.72055  	chisq 38.8577 (4 df)

Iteration 6:  21000000 integrand evaluations so far
[1] 43.9675 +- 3.50513  	chisq 59.0617 (5 df)

Iteration 7:  28000000 integrand evaluations so far
[1] 50.8506 +- 3.16565  	chisq 79.9829 (6 df)

Iteration 8:  36000000 integrand evaluations so far
[1] 61.5093 +- 2.62266  	chisq 116.129 (7 df)

Iteration 9:  45000000 integrand evaluations so far
[1] 62.2318 +- 2.6011  	chisq 120.765 (8 df)

Iteration 10:  55000000 integrand evaluations so far
[1] 69.2823 +- 2.35038  	chisq 160.805 (9 df)
    69.3 ±    2.4        (1.86mi) ┃      73 ±     19        (42.4mi) ┃
┃   70 -    72 ┃   39 -    40 ┃  81.825 ±  0.028        (9.29mi) ┃ -75.229 ±  0.015        (27.8mi) ┃Vegas input parameters:
  ndim 10
  ncomp 1
  nvec 1
  epsrel 0
  epsabs 0
  flags 10
  seed 123456
  mineval 50000000
  maxeval 50000000
  nstart 1000000
  nincrease 1000000
  nbatch 5000
  gridno 0
  statefile ""

Iteration 1:  1000000 integrand evaluations so far
[1] 21.9206 +- 60.4011  	chisq 0 (0 df)

Iteration 2:  3000000 integrand evaluations so far
[1] 25.69 +- 23.2327  	chisq 0.00457058 (1 df)

Iteration 3:  6000000 integrand evaluations so far
[1] 18.1173 +- 21.2695  	chisq 0.660955 (2 df)

Iteration 4:  10000000 integrand evaluations so far
[1] 2.3634 +- 19.2204  	chisq 3.65239 (3 df)

Iteration 5:  15000000 integrand evaluations so far
[1] 1.81418 +- 15.805  	chisq 3.65491 (4 df)

Iteration 6:  21000000 integrand evaluations so far
[1] 4.00348 +- 15.6734  	chisq 4.81237 (5 df)

Iteration 7:  28000000 integrand evaluations so far
[1] 3.65518 +- 15.5583  	chisq 4.84612 (6 df)

Iteration 8:  36000000 integrand evaluations so far
[1] 12.6121 +- 13.2596  	chisq 6.05718 (7 df)

Iteration 9:  45000000 integrand evaluations so far
[1] 13.2824 +- 13.2416  	chisq 7.00185 (8 df)

Iteration 10:  55000000 integrand evaluations so far
[1] 8.261 +- 12.7529  	chisq 8.98658 (9 df)
       8 ±     13        (3.65mi) ┃Vegas input parameters:
  ndim 8
  ncomp 1
  nvec 1
  epsrel 0
  epsabs 0
  flags 10
  seed 123456
  mineval 5000000
  maxeval 50000000
  nstart 1000000
  nincrease 1000000
  nbatch 5000
  gridno 0
  statefile ""

Iteration 1:  1000000 integrand evaluations so far
[1] 110.147 +- 25.8445  	chisq 0 (0 df)

Iteration 2:  3000000 integrand evaluations so far
[1] 19.7089 +- 3.4636  	chisq 12.4692 (1 df)

Iteration 3:  6000000 integrand evaluations so far
[1] 19.7461 +- 3.46345  	chisq 13.801 (2 df)

Iteration 4:  10000000 integrand evaluations so far
[1] 19.823 +- 3.4629  	chisq 15.3365 (3 df)

Iteration 5:  15000000 integrand evaluations so far
[1] 21.6033 +- 3.39871  	chisq 22.5332 (4 df)

Iteration 6:  21000000 integrand evaluations so far
[1] 28.6129 +- 3.18175  	chisq 56.9485 (5 df)

Iteration 7:  28000000 integrand evaluations so far
[1] 48.0313 +- 2.38066  	chisq 141.57 (6 df)

Iteration 8:  36000000 integrand evaluations so far
[1] 58.7146 +- 2.0235  	chisq 214.129 (7 df)

Iteration 9:  45000000 integrand evaluations so far
[1] 69.644 +- 1.43915  	chisq 273.163 (8 df)

Iteration 10:  55000000 integrand evaluations so far
[1] 74.902 +- 1.00524  	chisq 299.229 (9 df)
    74.9 ±      1        (1.88mi) ┃      90 ±     13        (42.7mi) ┃
┃   70 -    72 ┃   40 -    41 ┃  63.295 ±  0.054        ( 4.6mi) ┃ -58.501 ±   0.04        (6.95mi) ┃Vegas input parameters:
  ndim 10
  ncomp 1
  nvec 1
  epsrel 0
  epsabs 0
  flags 10
  seed 123456
  mineval 50000000
  maxeval 50000000
  nstart 1000000
  nincrease 1000000
  nbatch 5000
  gridno 0
  statefile ""

Iteration 1:  1000000 integrand evaluations so far
[1] 17.0096 +- 84.2719  	chisq 0 (0 df)

Iteration 2:  3000000 integrand evaluations so far
[1] 51.9813 +- 78.3913  	chisq 1.27855 (1 df)

Iteration 3:  6000000 integrand evaluations so far
[1] -22.6918 +- 54.0249  	chisq 3.00677 (2 df)

Iteration 4:  10000000 integrand evaluations so far
[1] 6.1042 +- 27.4672  	chisq 3.38991 (3 df)

Iteration 5:  15000000 integrand evaluations so far
[1] -4.1077 +- 20.0828  	chisq 3.6869 (4 df)

Iteration 6:  21000000 integrand evaluations so far
[1] -8.64954 +- 18.2268  	chisq 3.97703 (5 df)

Iteration 7:  28000000 integrand evaluations so far
[1] -9.7508 +- 17.9862  	chisq 4.11622 (6 df)

Iteration 8:  36000000 integrand evaluations so far
[1] 1.4776 +- 15.8912  	chisq 5.89259 (7 df)

Iteration 9:  45000000 integrand evaluations so far
[1] -2.65999 +- 11.8038  	chisq 6.04382 (8 df)

Iteration 10:  55000000 integrand evaluations so far
[1] -2.07951 +- 11.5109  	chisq 6.09316 (9 df)
      -2 ±     12        (3.62mi) ┃Vegas input parameters:
  ndim 8
  ncomp 1
  nvec 1
  epsrel 0
  epsabs 0
  flags 10
  seed 123456
  mineval 5000000
  maxeval 50000000
  nstart 1000000
  nincrease 1000000
  nbatch 5000
  gridno 0
  statefile ""

Iteration 1:  1000000 integrand evaluations so far
[1] 48.9429 +- 17.8662  	chisq 0 (0 df)

Iteration 2:  3000000 integrand evaluations so far
[1] 9.05064 +- 4.56209  	chisq 5.33328 (1 df)

Iteration 3:  6000000 integrand evaluations so far
[1] 3.32318 +- 0.858926  	chisq 6.96735 (2 df)

Iteration 4:  10000000 integrand evaluations so far
[1] 3.53829 +- 0.854817  	chisq 13.5384 (3 df)

Iteration 5:  15000000 integrand evaluations so far
[1] 3.62132 +- 0.854371  	chisq 22.5903 (4 df)

Iteration 6:  21000000 integrand evaluations so far
[1] 3.8989 +- 0.852688  	chisq 49.4028 (5 df)

Iteration 7:  28000000 integrand evaluations so far
[1] 4.02377 +- 0.852172  	chisq 67.1236 (6 df)

Iteration 8:  36000000 integrand evaluations so far
[1] 4.5906 +- 0.849219  	chisq 131.085 (7 df)

Iteration 9:  45000000 integrand evaluations so far
[1] 4.61263 +- 0.849157  	chisq 135.721 (8 df)

Iteration 10:  55000000 integrand evaluations so far
[1] 4.79361 +- 0.84843  	chisq 162.232 (9 df)
    4.79 ±   0.85        (1.87mi) ┃       8 ±     12        (17.1mi) ┃
┃   70 -    72 ┃   41 -    42 ┃  72.161 ±  0.023        (2.26mi) ┃ -67.179 ±  0.048        ( 54.4s) ┃Vegas input parameters:
  ndim 10
  ncomp 1
  nvec 1
  epsrel 0
  epsabs 0
  flags 10
  seed 123456
  mineval 50000000
  maxeval 50000000
  nstart 1000000
  nincrease 1000000
  nbatch 5000
  gridno 0
  statefile ""

Iteration 1:  1000000 integrand evaluations so far
[1] 50.6337 +- 38.4369  	chisq 0 (0 df)

Iteration 2:  3000000 integrand evaluations so far
[1] 36.0014 +- 26.284  	chisq 0.27221 (1 df)

Iteration 3:  6000000 integrand evaluations so far
[1] -1.05946 +- 19.7155  	chisq 4.81796 (2 df)

Iteration 4:  10000000 integrand evaluations so far
[1] 10.1194 +- 17.0762  	chisq 6.10489 (3 df)

Iteration 5:  15000000 integrand evaluations so far
[1] 15.483 +- 16.255  	chisq 7.15599 (4 df)

Iteration 6:  21000000 integrand evaluations so far
[1] 7.13473 +- 14.6619  	chisq 8.57096 (5 df)

Iteration 7:  28000000 integrand evaluations so far
[1] 7.27374 +- 14.6612  	chisq 9.51128 (6 df)

Iteration 8:  36000000 integrand evaluations so far
[1] 10.3505 +- 14.4674  	chisq 11.188 (7 df)

Iteration 9:  45000000 integrand evaluations so far
[1] 6.08245 +- 14.153  	chisq 13.2129 (8 df)

Iteration 10:  55000000 integrand evaluations so far
[1] -0.786431 +- 12.5839  	chisq 14.3375 (9 df)
      -1 ±     13        ( 3.6mi) ┃Vegas input parameters:
  ndim 8
  ncomp 1
  nvec 1
  epsrel 0
  epsabs 0
  flags 10
  seed 123456
  mineval 5000000
  maxeval 50000000
  nstart 1000000
  nincrease 1000000
  nbatch 5000
  gridno 0
  statefile ""

Iteration 1:  1000000 integrand evaluations so far
[1] 49.5016 +- 14.5015  	chisq 0 (0 df)

Iteration 2:  3000000 integrand evaluations so far
[1] 50.6924 +- 14.1157  	chisq 0.128456 (1 df)

Iteration 3:  6000000 integrand evaluations so far
[1] 51.6209 +- 14.0593  	chisq 0.670684 (2 df)

Iteration 4:  10000000 integrand evaluations so far
[1] 14.8581 +- 4.0354  	chisq 8.12195 (3 df)

Iteration 5:  15000000 integrand evaluations so far
[1] 15.3249 +- 4.02423  	chisq 10.5421 (4 df)

Iteration 6:  21000000 integrand evaluations so far
[1] 19.1436 +- 3.83486  	chisq 20.3402 (5 df)

Iteration 7:  28000000 integrand evaluations so far
[1] 24.9518 +- 3.60735  	chisq 40.264 (6 df)

Iteration 8:  36000000 integrand evaluations so far
[1] 37.2291 +- 3.17363  	chisq 91.5154 (7 df)

Iteration 9:  45000000 integrand evaluations so far
[1] 53.4634 +- 2.3997  	chisq 152.617 (8 df)

Iteration 10:  55000000 integrand evaluations so far
[1] 64.9356 +- 1.62586  	chisq 194.866 (9 df)
    64.9 ±    1.6        ( 1.9mi) ┃      69 ±     13        (8.67mi) ┃
┃   70 -    72 ┃   42 -    43 ┃  69.302 ±  0.033        ( 4.6mi) ┃ -63.924 ±  0.028        (7.08mi) ┃Vegas input parameters:
  ndim 10
  ncomp 1
  nvec 1
  epsrel 0
  epsabs 0
  flags 10
  seed 123456
  mineval 50000000
  maxeval 50000000
  nstart 1000000
  nincrease 1000000
  nbatch 5000
  gridno 0
  statefile ""

Iteration 1:  1000000 integrand evaluations so far
[1] 307.984 +- 269.888  	chisq 0 (0 df)

Iteration 2:  3000000 integrand evaluations so far
[1] 109.197 +- 134.452  	chisq 0.721603 (1 df)

Iteration 3:  6000000 integrand evaluations so far
[1] 70.268 +- 60.0887  	chisq 0.826357 (2 df)

Iteration 4:  10000000 integrand evaluations so far
[1] 47.673 +- 57.4278  	chisq 2.45898 (3 df)

Iteration 5:  15000000 integrand evaluations so far
[1] 18.5533 +- 24.3798  	chisq 2.77262 (4 df)

Iteration 6:  21000000 integrand evaluations so far
[1] 14.3238 +- 23.7305  	chisq 3.34527 (5 df)

Iteration 7:  28000000 integrand evaluations so far
[1] 3.03563 +- 21.6263  	chisq 4.68043 (6 df)

Iteration 8:  36000000 integrand evaluations so far
[1] -6.89595 +- 14.9956  	chisq 5.08663 (7 df)

Iteration 9:  45000000 integrand evaluations so far
[1] -8.57725 +- 14.5943  	chisq 5.32465 (8 df)

Iteration 10:  55000000 integrand evaluations so far
[1] -11.5069 +- 14.3664  	chisq 6.62502 (9 df)
     -12 ±     14        (3.61mi) ┃Vegas input parameters:
  ndim 8
  ncomp 1
  nvec 1
  epsrel 0
  epsabs 0
  flags 10
  seed 123456
  mineval 5000000
  maxeval 50000000
  nstart 1000000
  nincrease 1000000
  nbatch 5000
  gridno 0
  statefile ""

Iteration 1:  1000000 integrand evaluations so far
[1] 100.251 +- 24.2725  	chisq 0 (0 df)

Iteration 2:  3000000 integrand evaluations so far
[1] 103.353 +- 24.0032  	chisq 0.74031 (1 df)

Iteration 3:  6000000 integrand evaluations so far
[1] 21.624 +- 4.91272  	chisq 12.8408 (2 df)

Iteration 4:  10000000 integrand evaluations so far
[1] 26.3043 +- 4.55624  	chisq 19.3305 (3 df)

Iteration 5:  15000000 integrand evaluations so far
[1] 29.6242 +- 4.37972  	chisq 26.3176 (4 df)

Iteration 6:  21000000 integrand evaluations so far
[1] 32.7792 +- 4.28543  	chisq 38.5003 (5 df)

Iteration 7:  28000000 integrand evaluations so far
[1] 47.7171 +- 3.18358  	chisq 65.6142 (6 df)

Iteration 8:  36000000 integrand evaluations so far
[1] 58.2829 +- 2.75587  	chisq 109.561 (7 df)

Iteration 9:  45000000 integrand evaluations so far
[1] 69.2864 +- 2.26528  	chisq 158.712 (8 df)

Iteration 10:  55000000 integrand evaluations so far
[1] 69.3146 +- 2.26514  	chisq 159.997 (9 df)
    69.3 ±    2.3        (1.87mi) ┃      63 ±     15        (17.2mi) ┃
┃   70 -    72 ┃   43 -    44 ┃  71.325 ±  0.071        (9.06mi) ┃ -65.333 ±  0.055        (28.4mi) ┃Vegas input parameters:
  ndim 10
  ncomp 1
  nvec 1
  epsrel 0
  epsabs 0
  flags 10
  seed 123456
  mineval 50000000
  maxeval 50000000
  nstart 1000000
  nincrease 1000000
  nbatch 5000
  gridno 0
  statefile ""

Iteration 1:  1000000 integrand evaluations so far
[1] -188.921 +- 207.06  	chisq 0 (0 df)

Iteration 2:  3000000 integrand evaluations so far
[1] 13.5063 +- 81.6532  	chisq 1.13175 (1 df)

Iteration 3:  6000000 integrand evaluations so far
[1] -19.0155 +- 22.8003  	chisq 1.3038 (2 df)

Iteration 4:  10000000 integrand evaluations so far
[1] 19.6484 +- 12.105  	chisq 5.30809 (3 df)

Iteration 5:  15000000 integrand evaluations so far
[1] 20.4055 +- 11.9246  	chisq 5.44032 (4 df)

Iteration 6:  21000000 integrand evaluations so far
[1] 17.917 +- 11.7366  	chisq 6.83292 (5 df)

Iteration 7:  28000000 integrand evaluations so far
[1] 11.8622 +- 10.6478  	chisq 8.33705 (6 df)

Iteration 8:  36000000 integrand evaluations so far
[1] 11.264 +- 10.6332  	chisq 9.49349 (7 df)

Iteration 9:  45000000 integrand evaluations so far
[1] 12.3218 +- 10.363  	chisq 9.69069 (8 df)

Iteration 10:  55000000 integrand evaluations so far
[1] 8.14556 +- 9.75264  	chisq 11.1113 (9 df)
     8.1 ±    9.8        ( 3.6mi) ┃Vegas input parameters:
  ndim 8
  ncomp 1
  nvec 1
  epsrel 0
  epsabs 0
  flags 10
  seed 123456
  mineval 5000000
  maxeval 50000000
  nstart 1000000
  nincrease 1000000
  nbatch 5000
  gridno 0
  statefile ""

Iteration 1:  1000000 integrand evaluations so far
[1] 72.3993 +- 20.642  	chisq 0 (0 df)

Iteration 2:  3000000 integrand evaluations so far
[1] 12.5203 +- 2.71623  	chisq 8.5631 (1 df)

Iteration 3:  6000000 integrand evaluations so far
[1] 15.2163 +- 2.48562  	chisq 14.6221 (2 df)

Iteration 4:  10000000 integrand evaluations so far
[1] 15.7545 +- 2.47434  	chisq 19.8016 (3 df)

Iteration 5:  15000000 integrand evaluations so far
[1] 16.8834 +- 2.45205  	chisq 31.4073 (4 df)

Iteration 6:  21000000 integrand evaluations so far
[1] 19.9938 +- 2.38365  	chisq 60.6556 (5 df)

Iteration 7:  28000000 integrand evaluations so far
[1] 32.2831 +- 2.10269  	chisq 180.474 (6 df)

Iteration 8:  36000000 integrand evaluations so far
[1] 43.0501 +- 1.8778  	chisq 309.98 (7 df)

Iteration 9:  45000000 integrand evaluations so far
[1] 47.7096 +- 1.78111  	chisq 371.348 (8 df)

Iteration 10:  55000000 integrand evaluations so far
[1] 56.7591 +- 1.54237  	chisq 474.557 (9 df)
    56.8 ±    1.5        (1.86mi) ┃    70.9 ±    9.9        (  43mi) ┃
┃   70 -    72 ┃   44 -    45 ┃  63.526 ±  0.039        ( 12.6s) ┃ -57.775 ±  0.038        (28.3mi) ┃Vegas input parameters:
  ndim 10
  ncomp 1
  nvec 1
  epsrel 0
  epsabs 0
  flags 10
  seed 123456
  mineval 50000000
  maxeval 50000000
  nstart 1000000
  nincrease 1000000
  nbatch 5000
  gridno 0
  statefile ""

Iteration 1:  1000000 integrand evaluations so far
[1] 179.045 +- 198.963  	chisq 0 (0 df)

Iteration 2:  3000000 integrand evaluations so far
[1] -5.22027 +- 15.0637  	chisq 0.862657 (1 df)

Iteration 3:  6000000 integrand evaluations so far
[1] -8.62127 +- 13.6251  	chisq 1.14292 (2 df)

Iteration 4:  10000000 integrand evaluations so far
[1] -2.23698 +- 12.3336  	chisq 2.35869 (3 df)

Iteration 5:  15000000 integrand evaluations so far
[1] -3.61953 +- 12.2925  	chisq 4.24777 (4 df)

Iteration 6:  21000000 integrand evaluations so far
[1] -2.02684 +- 12.1663  	chisq 5.06954 (5 df)

Iteration 7:  28000000 integrand evaluations so far
[1] -0.98802 +- 12.0134  	chisq 5.36138 (6 df)

Iteration 8:  36000000 integrand evaluations so far
[1] -4.14864 +- 11.8274  	chisq 7.61527 (7 df)

Iteration 9:  45000000 integrand evaluations so far
[1] -3.34761 +- 11.7022  	chisq 7.83298 (8 df)

Iteration 10:  55000000 integrand evaluations so far
[1] -6.32211 +- 11.5391  	chisq 10.1667 (9 df)
      -6 ±     12        (3.59mi) ┃Vegas input parameters:
  ndim 8
  ncomp 1
  nvec 1
  epsrel 0
  epsabs 0
  flags 10
  seed 123456
  mineval 5000000
  maxeval 50000000
  nstart 1000000
  nincrease 1000000
  nbatch 5000
  gridno 0
  statefile ""

Iteration 1:  1000000 integrand evaluations so far
[1] 74.3874 +- 19.5283  	chisq 0 (0 df)

Iteration 2:  3000000 integrand evaluations so far
[1] 50.3553 +- 12.2533  	chisq 2.49791 (1 df)

Iteration 3:  6000000 integrand evaluations so far
[1] 50.9949 +- 12.2417  	chisq 3.93892 (2 df)

Iteration 4:  10000000 integrand evaluations so far
[1] 52.6263 +- 11.3989  	chisq 4.07249 (3 df)

Iteration 5:  15000000 integrand evaluations so far
[1] 51.6932 +- 8.54834  	chisq 4.0878 (4 df)

Iteration 6:  21000000 integrand evaluations so far
[1] 60.9739 +- 6.17746  	chisq 6.55483 (5 df)

Iteration 7:  28000000 integrand evaluations so far
[1] 68.5117 +- 4.32459  	chisq 9.47471 (6 df)

Iteration 8:  36000000 integrand evaluations so far
[1] 75.8819 +- 3.35102  	chisq 16.7438 (7 df)

Iteration 9:  45000000 integrand evaluations so far
[1] 79.7364 +- 2.48348  	chisq 19.6791 (8 df)

Iteration 10:  55000000 integrand evaluations so far
[1] 81.3262 +- 2.25364  	chisq 22.0003 (9 df)
    81.3 ±    2.3        (1.86mi) ┃      81 ±     12        (33.9mi) ┃
┃   70 -    72 ┃   45 -    46 ┃  70.213 ±  0.045        (1.19mi) ┃ -64.913 ±  0.026        (7.59mi) ┃Vegas input parameters:
  ndim 10
  ncomp 1
  nvec 1
  epsrel 0
  epsabs 0
  flags 10
  seed 123456
  mineval 50000000
  maxeval 50000000
  nstart 1000000
  nincrease 1000000
  nbatch 5000
  gridno 0
  statefile ""

Iteration 1:  1000000 integrand evaluations so far
[1] -33.347 +- 50.8572  	chisq 0 (0 df)

Iteration 2:  3000000 integrand evaluations so far
[1] -60.5923 +- 33.97  	chisq 0.518195 (1 df)

Iteration 3:  6000000 integrand evaluations so far
[1] -46.0581 +- 32.3058  	chisq 2.4334 (2 df)

Iteration 4:  10000000 integrand evaluations so far
[1] -31.1062 +- 25.4547  	chisq 2.99834 (3 df)

Iteration 5:  15000000 integrand evaluations so far
[1] -40.2758 +- 21.1535  	chisq 3.41776 (4 df)

Iteration 6:  21000000 integrand evaluations so far
[1] -42.4404 +- 20.7215  	chisq 3.67676 (5 df)

Iteration 7:  28000000 integrand evaluations so far
[1] -44.7313 +- 20.5086  	chisq 4.27477 (6 df)

Iteration 8:  36000000 integrand evaluations so far
[1] -45.4653 +- 20.4545  	chisq 4.51765 (7 df)

Iteration 9:  45000000 integrand evaluations so far
[1] -32.8128 +- 17.081  	chisq 5.7819 (8 df)

Iteration 10:  55000000 integrand evaluations so far
[1] -36.8237 +- 14.2647  	chisq 5.96413 (9 df)
     -37 ±     14        (3.61mi) ┃Vegas input parameters:
  ndim 8
  ncomp 1
  nvec 1
  epsrel 0
  epsabs 0
  flags 10
  seed 123456
  mineval 5000000
  maxeval 50000000
  nstart 1000000
  nincrease 1000000
  nbatch 5000
  gridno 0
  statefile ""

Iteration 1:  1000000 integrand evaluations so far
[1] 54.1379 +- 17.5943  	chisq 0 (0 df)

Iteration 2:  3000000 integrand evaluations so far
[1] 4.46958 +- 1.68534  	chisq 8.04297 (1 df)

Iteration 3:  6000000 integrand evaluations so far
[1] 5.45205 +- 1.43135  	chisq 9.26226 (2 df)

Iteration 4:  10000000 integrand evaluations so far
[1] 5.58612 +- 1.42886  	chisq 11.7919 (3 df)

Iteration 5:  15000000 integrand evaluations so far
[1] 5.66511 +- 1.42817  	chisq 14.9475 (4 df)

Iteration 6:  21000000 integrand evaluations so far
[1] 8.09091 +- 1.37591  	chisq 55.1033 (5 df)

Iteration 7:  28000000 integrand evaluations so far
[1] 8.26356 +- 1.37438  	chisq 62.1939 (6 df)

Iteration 8:  36000000 integrand evaluations so far
[1] 9.96392 +- 1.35721  	chisq 123.822 (7 df)

Iteration 9:  45000000 integrand evaluations so far
[1] 12.3384 +- 1.33395  	chisq 213.918 (8 df)

Iteration 10:  55000000 integrand evaluations so far
[1] 22.2617 +- 1.2276  	chisq 575.381 (9 df)
    22.3 ±    1.2        (1.87mi) ┃      -9 ±     14        (14.3mi) ┃
┃   70 -    72 ┃   46 -    47 ┃  76.056 ±  0.034        (2.46mi) ┃ -70.112 ±  0.021        (  28mi) ┃Vegas input parameters:
  ndim 10
  ncomp 1
  nvec 1
  epsrel 0
  epsabs 0
  flags 10
  seed 123456
  mineval 50000000
  maxeval 50000000
  nstart 1000000
  nincrease 1000000
  nbatch 5000
  gridno 0
  statefile ""

Iteration 1:  1000000 integrand evaluations so far
[1] -1.76035 +- 47.4754  	chisq 0 (0 df)

Iteration 2:  3000000 integrand evaluations so far
[1] -36.8652 +- 33.7035  	chisq 1.10229 (1 df)

Iteration 3:  6000000 integrand evaluations so far
[1] -21.8481 +- 29.2707  	chisq 1.91014 (2 df)

Iteration 4:  10000000 integrand evaluations so far
[1] -13.9794 +- 21.7397  	chisq 2.07131 (3 df)

Iteration 5:  15000000 integrand evaluations so far
[1] -15.1277 +- 20.3141  	chisq 2.09331 (4 df)

Iteration 6:  21000000 integrand evaluations so far
[1] -13.763 +- 20.2517  	chisq 2.82819 (5 df)

Iteration 7:  28000000 integrand evaluations so far
[1] -9.88921 +- 20.093  	chisq 5.17287 (6 df)

Iteration 8:  36000000 integrand evaluations so far
[1] -6.56982 +- 18.2737  	chisq 5.33072 (7 df)

Iteration 9:  45000000 integrand evaluations so far
[1] -4.39995 +- 18.1919  	chisq 6.90872 (8 df)

Iteration 10:  55000000 integrand evaluations so far
[1] -2.45989 +- 18.1389  	chisq 8.86463 (9 df)
      -2 ±     18        (3.62mi) ┃Vegas input parameters:
  ndim 8
  ncomp 1
  nvec 1
  epsrel 0
  epsabs 0
  flags 10
  seed 123456
  mineval 5000000
  maxeval 50000000
  nstart 1000000
  nincrease 1000000
  nbatch 5000
  gridno 0
  statefile ""

Iteration 1:  1000000 integrand evaluations so far
[1] 84.7264 +- 21.0343  	chisq 0 (0 df)

Iteration 2:  3000000 integrand evaluations so far
[1] 85.6814 +- 19.031  	chisq 0.0113629 (1 df)

Iteration 3:  6000000 integrand evaluations so far
[1] 30.4622 +- 5.83701  	chisq 9.30456 (2 df)

Iteration 4:  10000000 integrand evaluations so far
[1] 34.5216 +- 5.09687  	chisq 11.3408 (3 df)

Iteration 5:  15000000 integrand evaluations so far
[1] 39.1615 +- 4.76978  	chisq 18.0118 (4 df)

Iteration 6:  21000000 integrand evaluations so far
[1] 49.4528 +- 3.85303  	chisq 31.4097 (5 df)

Iteration 7:  28000000 integrand evaluations so far
[1] 52.194 +- 3.65946  	chisq 36.5772 (6 df)

Iteration 8:  36000000 integrand evaluations so far
[1] 58.6867 +- 3.33047  	chisq 54.9086 (7 df)

Iteration 9:  45000000 integrand evaluations so far
[1] 68.6109 +- 2.57928  	chisq 77.094 (8 df)

Iteration 10:  55000000 integrand evaluations so far
[1] 73.6677 +- 2.09083  	chisq 88.3041 (9 df)
    73.7 ±    2.1        (1.88mi) ┃      77 ±     18        (  36mi) ┃
┃   70 -    72 ┃   47 -    48 ┃  56.133 ±  0.024        (9.11mi) ┃-51.6994 ± 0.0029        (7.07mi) ┃Vegas input parameters:
  ndim 10
  ncomp 1
  nvec 1
  epsrel 0
  epsabs 0
  flags 10
  seed 123456
  mineval 50000000
  maxeval 50000000
  nstart 1000000
  nincrease 1000000
  nbatch 5000
  gridno 0
  statefile ""

Iteration 1:  1000000 integrand evaluations so far
[1] 79.6639 +- 176.788  	chisq 0 (0 df)

Iteration 2:  3000000 integrand evaluations so far
[1] -35.1137 +- 75.0336  	chisq 0.514124 (1 df)

Iteration 3:  6000000 integrand evaluations so far
[1] 14.8899 +- 9.99246  	chisq 0.966253 (2 df)

Iteration 4:  10000000 integrand evaluations so far
[1] 7.57474 +- 7.675  	chisq 2.27322 (3 df)

Iteration 5:  15000000 integrand evaluations so far
[1] 8.16799 +- 7.66226  	chisq 4.07458 (4 df)

Iteration 6:  21000000 integrand evaluations so far
[1] 6.98014 +- 7.61467  	chisq 6.01556 (5 df)

Iteration 7:  28000000 integrand evaluations so far
[1] 7.23971 +- 7.61181  	chisq 7.56115 (6 df)

Iteration 8:  36000000 integrand evaluations so far
[1] 8.02449 +- 7.51855  	chisq 7.99763 (7 df)

Iteration 9:  45000000 integrand evaluations so far
[1] 9.07044 +- 7.46586  	chisq 9.3832 (8 df)

Iteration 10:  55000000 integrand evaluations so far
[1] 7.33182 +- 7.07894  	chisq 9.92032 (9 df)
     7.3 ±    7.1        (3.63mi) ┃Vegas input parameters:
  ndim 8
  ncomp 1
  nvec 1
  epsrel 0
  epsabs 0
  flags 10
  seed 123456
  mineval 5000000
  maxeval 50000000
  nstart 1000000
  nincrease 1000000
  nbatch 5000
  gridno 0
  statefile ""

Iteration 1:  1000000 integrand evaluations so far
[1] 63.3482 +- 21.3818  	chisq 0 (0 df)

Iteration 2:  3000000 integrand evaluations so far
[1] 65.1323 +- 21.1738  	chisq 0.359633 (1 df)

Iteration 3:  6000000 integrand evaluations so far
[1] 67.2986 +- 20.4861  	chisq 0.523426 (2 df)

Iteration 4:  10000000 integrand evaluations so far
[1] 10.5642 +- 3.11159  	chisq 8.37418 (3 df)

Iteration 5:  15000000 integrand evaluations so far
[1] 13.5099 +- 2.62641  	chisq 11.491 (4 df)

Iteration 6:  21000000 integrand evaluations so far
[1] 15.624 +- 2.53426  	chisq 20.889 (5 df)

Iteration 7:  28000000 integrand evaluations so far
[1] 17.4155 +- 2.50145  	chisq 40.3168 (6 df)

Iteration 8:  36000000 integrand evaluations so far
[1] 26.7814 +- 2.22165  	chisq 106.694 (7 df)

Iteration 9:  45000000 integrand evaluations so far
[1] 46.1069 +- 1.58413  	chisq 260.623 (8 df)

Iteration 10:  55000000 integrand evaluations so far
[1] 54.3577 +- 1.18231  	chisq 321.864 (9 df)
    54.4 ±    1.2        ( 1.9mi) ┃    66.1 ±    7.2        (21.7mi) ┃
┃   70 -    72 ┃   48 -    49 ┃  57.357 ±  0.046        ( 4.8mi) ┃ -52.635 ±  0.026        ( 54.4s) ┃Vegas input parameters:
  ndim 10
  ncomp 1
  nvec 1
  epsrel 0
  epsabs 0
  flags 10
  seed 123456
  mineval 50000000
  maxeval 50000000
  nstart 1000000
  nincrease 1000000
  nbatch 5000
  gridno 0
  statefile ""

Iteration 1:  1000000 integrand evaluations so far
[1] -168.265 +- 136.678  	chisq 0 (0 df)

Iteration 2:  3000000 integrand evaluations so far
[1] 9.77848 +- 66.8496  	chisq 2.23045 (1 df)

Iteration 3:  6000000 integrand evaluations so far
[1] 4.90808 +- 66.6776  	chisq 3.26343 (2 df)

Iteration 4:  10000000 integrand evaluations so far
[1] -4.97359 +- 8.40454  	chisq 3.28574 (3 df)

Iteration 5:  15000000 integrand evaluations so far
[1] -4.65572 +- 8.4006  	chisq 4.81237 (4 df)

Iteration 6:  21000000 integrand evaluations so far
[1] -5.70984 +- 8.35441  	chisq 6.24827 (5 df)

Iteration 7:  28000000 integrand evaluations so far
[1] -5.75926 +- 8.35133  	chisq 6.29564 (6 df)

Iteration 8:  36000000 integrand evaluations so far
[1] -6.77014 +- 8.23227  	chisq 6.81319 (7 df)

Iteration 9:  45000000 integrand evaluations so far
[1] -8.38511 +- 7.65636  	chisq 7.09822 (8 df)

Iteration 10:  55000000 integrand evaluations so far
[1] -8.2833 +- 7.65574  	chisq 8.18138 (9 df)
    -8.3 ±    7.7        ( 3.6mi) ┃Vegas input parameters:
  ndim 8
  ncomp 1
  nvec 1
  epsrel 0
  epsabs 0
  flags 10
  seed 123456
  mineval 5000000
  maxeval 50000000
  nstart 1000000
  nincrease 1000000
  nbatch 5000
  gridno 0
  statefile ""

Iteration 1:  1000000 integrand evaluations so far
[1] 111.717 +- 25.5222  	chisq 0 (0 df)

Iteration 2:  3000000 integrand evaluations so far
[1] 59.9455 +- 13.6244  	chisq 5.75469 (1 df)

Iteration 3:  6000000 integrand evaluations so far
[1] 60.3987 +- 12.0926  	chisq 5.7599 (2 df)

Iteration 4:  10000000 integrand evaluations so far
[1] 63.6801 +- 11.0023  	chisq 6.18755 (3 df)

Iteration 5:  15000000 integrand evaluations so far
[1] 58.1291 +- 6.58586  	chisq 6.58424 (4 df)

Iteration 6:  21000000 integrand evaluations so far
[1] 62.5381 +- 5.067  	chisq 7.68259 (5 df)

Iteration 7:  28000000 integrand evaluations so far
[1] 61.6473 +- 2.88858  	chisq 7.72838 (6 df)

Iteration 8:  36000000 integrand evaluations so far
[1] 62.1979 +- 2.85546  	chisq 9.32221 (7 df)

Iteration 9:  45000000 integrand evaluations so far
[1] 64.7875 +- 2.39252  	chisq 12.0824 (8 df)

Iteration 10:  55000000 integrand evaluations so far
[1] 67.74 +- 1.69803  	chisq 15.151 (9 df)
    67.7 ±    1.7        (1.87mi) ┃    64.2 ±    7.8        (11.2mi) ┃
┃   70 -    72 ┃   49 -    50 ┃ 72.8023 ± 0.0058        (9.05mi) ┃ -67.609 ±  0.034        (27.4mi) ┃Vegas input parameters:
  ndim 10
  ncomp 1
  nvec 1
  epsrel 0
  epsabs 0
  flags 10
  seed 123456
  mineval 50000000
  maxeval 50000000
  nstart 1000000
  nincrease 1000000
  nbatch 5000
  gridno 0
  statefile ""

Iteration 1:  1000000 integrand evaluations so far
[1] 483.538 +- 397.24  	chisq 0 (0 df)

Iteration 2:  3000000 integrand evaluations so far
[1] 111.488 +- 95.0592  	chisq 0.930478 (1 df)

Iteration 3:  6000000 integrand evaluations so far
[1] -17.9107 +- 13.2043  	chisq 2.81991 (2 df)

Iteration 4:  10000000 integrand evaluations so far
[1] 2.22647 +- 10.3182  	chisq 8.79292 (3 df)

Iteration 5:  15000000 integrand evaluations so far
[1] -0.321617 +- 10.1584  	chisq 10.777 (4 df)

Iteration 6:  21000000 integrand evaluations so far
[1] 0.159926 +- 10.147  	chisq 11.7841 (5 df)

Iteration 7:  28000000 integrand evaluations so far
[1] -0.124172 +- 9.71864  	chisq 11.7936 (6 df)

Iteration 8:  36000000 integrand evaluations so far
[1] -0.571408 +- 9.71011  	chisq 13.0006 (7 df)

Iteration 9:  45000000 integrand evaluations so far
[1] 0.0110978 +- 9.67225  	chisq 13.463 (8 df)

Iteration 10:  55000000 integrand evaluations so far
[1] -0.163179 +- 9.67089  	chisq 14.6236 (9 df)
    -0.2 ±    9.7        (3.56mi) ┃Vegas input parameters:
  ndim 8
  ncomp 1
  nvec 1
  epsrel 0
  epsabs 0
  flags 10
  seed 123456
  mineval 5000000
  maxeval 50000000
  nstart 1000000
  nincrease 1000000
  nbatch 5000
  gridno 0
  statefile ""

Iteration 1:  1000000 integrand evaluations so far
[1] 47.8025 +- 15.4602  	chisq 0 (0 df)

Iteration 2:  3000000 integrand evaluations so far
[1] 8.53378 +- 3.37239  	chisq 6.77385 (1 df)

Iteration 3:  6000000 integrand evaluations so far
[1] 8.77609 +- 2.23114  	chisq 6.78303 (2 df)

Iteration 4:  10000000 integrand evaluations so far
[1] 11.3029 +- 1.97587  	chisq 12.7281 (3 df)

Iteration 5:  15000000 integrand evaluations so far
[1] 13.2283 +- 1.88947  	chisq 23.8298 (4 df)

Iteration 6:  21000000 integrand evaluations so far
[1] 13.7625 +- 1.88315  	chisq 35.7813 (5 df)

Iteration 7:  28000000 integrand evaluations so far
[1] 18.6647 +- 1.79292  	chisq 108.232 (6 df)

Iteration 8:  36000000 integrand evaluations so far
[1] 21.1772 +- 1.75727  	chisq 158.112 (7 df)

Iteration 9:  45000000 integrand evaluations so far
[1] 21.2241 +- 1.757  	chisq 160.432 (8 df)

Iteration 10:  55000000 integrand evaluations so far
[1] 24.3921 +- 1.68741  	chisq 202.305 (9 df)
    24.4 ±    1.7        (1.86mi) ┃    29.4 ±    9.8        (41.9mi) ┃
┃   70 -    72 ┃   50 -    51 ┃  62.817 ±  0.056        (   37s) ┃ -58.125 ±  0.039        (27.3mi) ┃Vegas input parameters:
  ndim 10
  ncomp 1
  nvec 1
  epsrel 0
  epsabs 0
  flags 10
  seed 123456
  mineval 50000000
  maxeval 50000000
  nstart 1000000
  nincrease 1000000
  nbatch 5000
  gridno 0
  statefile ""

Iteration 1:  1000000 integrand evaluations so far
[1] -11.0663 +- 20.104  	chisq 0 (0 df)

Iteration 2:  3000000 integrand evaluations so far
[1] -9.99979 +- 19.9672  	chisq 0.207497 (1 df)

Iteration 3:  6000000 integrand evaluations so far
[1] 7.60975 +- 16.3288  	chisq 2.55563 (2 df)

Iteration 4:  10000000 integrand evaluations so far
[1] 8.46094 +- 16.1892  	chisq 2.71529 (3 df)

Iteration 5:  15000000 integrand evaluations so far
[1] 5.95703 +- 16.0009  	chisq 3.74987 (4 df)

Iteration 6:  21000000 integrand evaluations so far
[1] 10.0995 +- 15.586  	chisq 5.05896 (5 df)

Iteration 7:  28000000 integrand evaluations so far
[1] 8.27881 +- 15.5167  	chisq 6.59734 (6 df)

Iteration 8:  36000000 integrand evaluations so far
[1] 1.82912 +- 14.8598  	chisq 8.68207 (7 df)

Iteration 9:  45000000 integrand evaluations so far
[1] 6.85826 +- 14.1907  	chisq 9.98324 (8 df)

Iteration 10:  55000000 integrand evaluations so far
[1] 1.75037 +- 10.6001  	chisq 10.2763 (9 df)
       2 ±     11        (3.62mi) ┃Vegas input parameters:
  ndim 8
  ncomp 1
  nvec 1
  epsrel 0
  epsabs 0
  flags 10
  seed 123456
  mineval 5000000
  maxeval 50000000
  nstart 1000000
  nincrease 1000000
  nbatch 5000
  gridno 0
  statefile ""

Iteration 1:  1000000 integrand evaluations so far
[1] 86.0336 +- 22.1564  	chisq 0 (0 df)

Iteration 2:  3000000 integrand evaluations so far
[1] 27.2195 +- 8.50795  	chisq 8.26503 (1 df)

Iteration 3:  6000000 integrand evaluations so far
[1] 27.0973 +- 7.43582  	chisq 8.2659 (2 df)

Iteration 4:  10000000 integrand evaluations so far
[1] 28.9531 +- 6.98197  	chisq 8.79223 (3 df)

Iteration 5:  15000000 integrand evaluations so far
[1] 30.6262 +- 4.58045  	chisq 8.89303 (4 df)

Iteration 6:  21000000 integrand evaluations so far
[1] 37.4457 +- 4.14544  	chisq 21.1448 (5 df)

Iteration 7:  28000000 integrand evaluations so far
[1] 40.198 +- 3.99373  	chisq 27.2796 (6 df)

Iteration 8:  36000000 integrand evaluations so far
[1] 48.9782 +- 3.53743  	chisq 49.7132 (7 df)

Iteration 9:  45000000 integrand evaluations so far
[1] 56.9996 +- 3.08617  	chisq 71.2398 (8 df)

Iteration 10:  55000000 integrand evaluations so far
[1] 63.5927 +- 2.1509  	chisq 80.1145 (9 df)
    63.6 ±    2.2        ( 1.9mi) ┃      70 ±     11        (33.4mi) ┃
┃   70 -    72 ┃   51 -    52 ┃  53.124 ±  0.022        ( 8.9mi) ┃ -49.021 ±  0.043        (13.8mi) ┃Vegas input parameters:
  ndim 10
  ncomp 1
  nvec 1
  epsrel 0
  epsabs 0
  flags 10
  seed 123456
  mineval 50000000
  maxeval 50000000
  nstart 1000000
  nincrease 1000000
  nbatch 5000
  gridno 0
  statefile ""

Iteration 1:  1000000 integrand evaluations so far
[1] -14.2482 +- 43.6166  	chisq 0 (0 df)

Iteration 2:  3000000 integrand evaluations so far
[1] -0.564052 +- 18.6047  	chisq 0.120324 (1 df)

Iteration 3:  6000000 integrand evaluations so far
[1] 3.15292 +- 16.5401  	chisq 0.310739 (2 df)

Iteration 4:  10000000 integrand evaluations so far
[1] 2.28728 +- 15.5812  	chisq 0.335065 (3 df)

Iteration 5:  15000000 integrand evaluations so far
[1] 1.22553 +- 13.555  	chisq 0.354161 (4 df)

Iteration 6:  21000000 integrand evaluations so far
[1] -5.93268 +- 11.981  	chisq 1.62901 (5 df)

Iteration 7:  28000000 integrand evaluations so far
[1] 3.10899 +- 11.3068  	chisq 6.83584 (6 df)

Iteration 8:  36000000 integrand evaluations so far
[1] 3.39088 +- 11.2935  	chisq 7.10032 (7 df)

Iteration 9:  45000000 integrand evaluations so far
[1] 1.14742 +- 11.1643  	chisq 8.83525 (8 df)

Iteration 10:  55000000 integrand evaluations so far
[1] 3.38452 +- 9.54043  	chisq 8.9841 (9 df)
     3.4 ±    9.5        (3.59mi) ┃Vegas input parameters:
  ndim 8
  ncomp 1
  nvec 1
  epsrel 0
  epsabs 0
  flags 10
  seed 123456
  mineval 5000000
  maxeval 50000000
  nstart 1000000
  nincrease 1000000
  nbatch 5000
  gridno 0
  statefile ""

Iteration 1:  1000000 integrand evaluations so far
[1] 47.0442 +- 14.7267  	chisq 0 (0 df)

Iteration 2:  3000000 integrand evaluations so far
[1] 5.40121 +- 2.11879  	chisq 8.16504 (1 df)

Iteration 3:  6000000 integrand evaluations so far
[1] 6.7159 +- 1.93899  	chisq 10.5341 (2 df)

Iteration 4:  10000000 integrand evaluations so far
[1] 6.77668 +- 1.93825  	chisq 11.8214 (3 df)

Iteration 5:  15000000 integrand evaluations so far
[1] 7.42169 +- 1.92034  	chisq 17.8404 (4 df)

Iteration 6:  21000000 integrand evaluations so far
[1] 7.72129 +- 1.91726  	chisq 25.4366 (5 df)

Iteration 7:  28000000 integrand evaluations so far
[1] 8.78883 +- 1.90093  	chisq 43.7184 (6 df)

Iteration 8:  36000000 integrand evaluations so far
[1] 10.7978 +- 1.87283  	chisq 81.7724 (7 df)

Iteration 9:  45000000 integrand evaluations so far
[1] 23.3491 +- 1.61459  	chisq 256.701 (8 df)

Iteration 10:  55000000 integrand evaluations so far
[1] 24.4789 +- 1.5942  	chisq 276.201 (9 df)
    24.5 ±    1.6        (1.88mi) ┃      32 ±    9.7        (28.2mi) ┃
┃   70 -    72 ┃   52 -    53 ┃  61.428 ±  0.039        ( 2.7mi) ┃ -56.876 ±  0.015        (13.8mi) ┃Vegas input parameters:
  ndim 10
  ncomp 1
  nvec 1
  epsrel 0
  epsabs 0
  flags 10
  seed 123456
  mineval 50000000
  maxeval 50000000
  nstart 1000000
  nincrease 1000000
  nbatch 5000
  gridno 0
  statefile ""

Iteration 1:  1000000 integrand evaluations so far
[1] -143.294 +- 179.038  	chisq 0 (0 df)

Iteration 2:  3000000 integrand evaluations so far
[1] -13.8971 +- 9.48335  	chisq 0.523812 (1 df)

Iteration 3:  6000000 integrand evaluations so far
[1] -13.2309 +- 8.08476  	chisq 0.541875 (2 df)

Iteration 4:  10000000 integrand evaluations so far
[1] -11.6633 +- 7.53995  	chisq 0.830541 (3 df)

Iteration 5:  15000000 integrand evaluations so far
[1] -11.4177 +- 7.53672  	chisq 2.06868 (4 df)

Iteration 6:  21000000 integrand evaluations so far
[1] -10.9736 +- 7.51981  	chisq 2.84345 (5 df)

Iteration 7:  28000000 integrand evaluations so far
[1] -12.805 +- 7.32885  	chisq 4.02627 (6 df)

Iteration 8:  36000000 integrand evaluations so far
[1] -13.0725 +- 7.0337  	chisq 4.04315 (7 df)

Iteration 9:  45000000 integrand evaluations so far
[1] -9.68433 +- 6.56497  	chisq 5.84411 (8 df)

Iteration 10:  55000000 integrand evaluations so far
[1] -8.82093 +- 6.53532  	chisq 7.76345 (9 df)
    -8.8 ±    6.5        (3.64mi) ┃Vegas input parameters:
  ndim 8
  ncomp 1
  nvec 1
  epsrel 0
  epsabs 0
  flags 10
  seed 123456
  mineval 5000000
  maxeval 50000000
  nstart 1000000
  nincrease 1000000
  nbatch 5000
  gridno 0
  statefile ""

Iteration 1:  1000000 integrand evaluations so far
[1] 63.6786 +- 19.0389  	chisq 0 (0 df)

Iteration 2:  3000000 integrand evaluations so far
[1] 3.7132 +- 0.873891  	chisq 9.94109 (1 df)

Iteration 3:  6000000 integrand evaluations so far
[1] 3.97018 +- 0.862453  	chisq 13.2664 (2 df)

Iteration 4:  10000000 integrand evaluations so far
[1] 4.08602 +- 0.860892  	chisq 18.2549 (3 df)

Iteration 5:  15000000 integrand evaluations so far
[1] 4.76801 +- 0.851155  	chisq 46.1551 (4 df)

Iteration 6:  21000000 integrand evaluations so far
[1] 4.94769 +- 0.849861  	chisq 60.8192 (5 df)

Iteration 7:  28000000 integrand evaluations so far
[1] 5.67208 +- 0.844322  	chisq 116.742 (6 df)

Iteration 8:  36000000 integrand evaluations so far
[1] 7.71923 +- 0.827514  	chisq 265.873 (7 df)

Iteration 9:  45000000 integrand evaluations so far
[1] 11.8901 +- 0.796509  	chisq 611.364 (8 df)

Iteration 10:  55000000 integrand evaluations so far
[1] 15.9536 +- 0.769803  	chisq 1006.1 (9 df)
   15.95 ±   0.77        (1.86mi) ┃    11.7 ±    6.6        (  22mi) ┃
┃   70 -    72 ┃   53 -    54 ┃  58.346 ±  0.017        (4.49mi) ┃ -54.139 ±   0.02        (13.7mi) ┃Vegas input parameters:
  ndim 10
  ncomp 1
  nvec 1
  epsrel 0
  epsabs 0
  flags 10
  seed 123456
  mineval 50000000
  maxeval 50000000
  nstart 1000000
  nincrease 1000000
  nbatch 5000
  gridno 0
  statefile ""

Iteration 1:  1000000 integrand evaluations so far
[1] -30.4994 +- 32.8244  	chisq 0 (0 df)

Iteration 2:  3000000 integrand evaluations so far
[1] -38.6727 +- 31.3968  	chisq 0.728645 (1 df)

Iteration 3:  6000000 integrand evaluations so far
[1] -14.7513 +- 14.0085  	chisq 1.45343 (2 df)

Iteration 4:  10000000 integrand evaluations so far
[1] -19.7873 +- 12.8466  	chisq 2.26621 (3 df)

Iteration 5:  15000000 integrand evaluations so far
[1] -16.9895 +- 12.6653  	chisq 3.959 (4 df)

Iteration 6:  21000000 integrand evaluations so far
[1] -17.8121 +- 12.6417  	chisq 5.09341 (5 df)

Iteration 7:  28000000 integrand evaluations so far
[1] -18.1855 +- 12.6362  	chisq 6.09978 (6 df)

Iteration 8:  36000000 integrand evaluations so far
[1] -18.2569 +- 11.8725  	chisq 6.10005 (7 df)

Iteration 9:  45000000 integrand evaluations so far
[1] -16.7562 +- 11.8155  	chisq 7.76589 (8 df)

Iteration 10:  55000000 integrand evaluations so far
[1] -12.0588 +- 10.4148  	chisq 8.47453 (9 df)
     -12 ±     10        (3.56mi) ┃Vegas input parameters:
  ndim 8
  ncomp 1
  nvec 1
  epsrel 0
  epsabs 0
  flags 10
  seed 123456
  mineval 5000000
  maxeval 50000000
  nstart 1000000
  nincrease 1000000
  nbatch 5000
  gridno 0
  statefile ""

Iteration 1:  1000000 integrand evaluations so far
[1] 91.9735 +- 23.6038  	chisq 0 (0 df)

Iteration 2:  3000000 integrand evaluations so far
[1] 23.6847 +- 6.26949  	chisq 9.00554 (1 df)

Iteration 3:  6000000 integrand evaluations so far
[1] 27.8082 +- 5.18845  	chisq 10.3782 (2 df)

Iteration 4:  10000000 integrand evaluations so far
[1] 30.5603 +- 3.82204  	chisq 10.9934 (3 df)

Iteration 5:  15000000 integrand evaluations so far
[1] 34.8353 +- 3.47995  	chisq 18.3101 (4 df)

Iteration 6:  21000000 integrand evaluations so far
[1] 34.8587 +- 3.47988  	chisq 19.4246 (5 df)

Iteration 7:  28000000 integrand evaluations so far
[1] 35.7288 +- 3.41316  	chisq 21.0709 (6 df)

Iteration 8:  36000000 integrand evaluations so far
[1] 36.0783 +- 3.40295  	chisq 22.825 (7 df)

Iteration 9:  45000000 integrand evaluations so far
[1] 37.9271 +- 3.32675  	chisq 29.4915 (8 df)

Iteration 10:  55000000 integrand evaluations so far
[1] 41.4994 +- 3.16518  	chisq 41.6576 (9 df)
    41.5 ±    3.2        (1.86mi) ┃      34 ±     11        (23.6mi) ┃
┃   70 -    72 ┃   54 -    55 ┃  59.651 ±  0.053        (4.46mi) ┃ -54.675 ±  0.034        (27.1mi) ┃Vegas input parameters:
  ndim 10
  ncomp 1
  nvec 1
  epsrel 0
  epsabs 0
  flags 10
  seed 123456
  mineval 50000000
  maxeval 50000000
  nstart 1000000
  nincrease 1000000
  nbatch 5000
  gridno 0
  statefile ""

Iteration 1:  1000000 integrand evaluations so far
[1] -3.97024 +- 71.1623  	chisq 0 (0 df)

Iteration 2:  3000000 integrand evaluations so far
[1] -11.6666 +- 24.8906  	chisq 0.0133275 (1 df)

Iteration 3:  6000000 integrand evaluations so far
[1] -4.7255 +- 23.8713  	chisq 0.982617 (2 df)

Iteration 4:  10000000 integrand evaluations so far
[1] -3.46552 +- 23.845  	chisq 2.24877 (3 df)

Iteration 5:  15000000 integrand evaluations so far
[1] 1.07759 +- 23.2793  	chisq 3.02298 (4 df)

Iteration 6:  21000000 integrand evaluations so far
[1] -12.3685 +- 17.3368  	chisq 3.77205 (5 df)

Iteration 7:  28000000 integrand evaluations so far
[1] -4.15072 +- 8.40581  	chisq 4.06578 (6 df)

Iteration 8:  36000000 integrand evaluations so far
[1] 1.20724 +- 7.2863  	chisq 5.69992 (7 df)

Iteration 9:  45000000 integrand evaluations so far
[1] 1.38118 +- 6.76617  	chisq 5.70406 (8 df)

Iteration 10:  55000000 integrand evaluations so far
[1] 1.25842 +- 6.68597  	chisq 5.71803 (9 df)
     1.3 ±    6.7        (3.63mi) ┃Vegas input parameters:
  ndim 8
  ncomp 1
  nvec 1
  epsrel 0
  epsabs 0
  flags 10
  seed 123456
  mineval 5000000
  maxeval 50000000
  nstart 1000000
  nincrease 1000000
  nbatch 5000
  gridno 0
  statefile ""

Iteration 1:  1000000 integrand evaluations so far
[1] 84.9771 +- 23.401  	chisq 0 (0 df)

Iteration 2:  3000000 integrand evaluations so far
[1] 24.4922 +- 9.00321  	chisq 7.84144 (1 df)

Iteration 3:  6000000 integrand evaluations so far
[1] 25.5109 +- 8.88273  	chisq 8.32302 (2 df)

Iteration 4:  10000000 integrand evaluations so far
[1] 20.8286 +- 5.74968  	chisq 8.80124 (3 df)

Iteration 5:  15000000 integrand evaluations so far
[1] 23.9129 +- 5.55351  	chisq 13.0911 (4 df)

Iteration 6:  21000000 integrand evaluations so far
[1] 25.6035 +- 5.47442  	chisq 16.3683 (5 df)

Iteration 7:  28000000 integrand evaluations so far
[1] 35.6723 +- 3.52238  	chisq 22.141 (6 df)

Iteration 8:  36000000 integrand evaluations so far
[1] 44.5952 +- 2.21576  	chisq 32.7604 (7 df)

Iteration 9:  45000000 integrand evaluations so far
[1] 45.7787 +- 1.20545  	chisq 33.1655 (8 df)

Iteration 10:  55000000 integrand evaluations so far
[1] 46.8603 +- 0.847558  	chisq 34.7578 (9 df)
   46.86 ±   0.85        (1.87mi) ┃    53.1 ±    6.7        (  37mi) ┃
┃   70 -    72 ┃   55 -    56 ┃  51.053 ±  0.038        (1.17mi) ┃ -46.878 ±   0.03        (1.87mi) ┃Vegas input parameters:
  ndim 10
  ncomp 1
  nvec 1
  epsrel 0
  epsabs 0
  flags 10
  seed 123456
  mineval 50000000
  maxeval 50000000
  nstart 1000000
  nincrease 1000000
  nbatch 5000
  gridno 0
  statefile ""

Iteration 1:  1000000 integrand evaluations so far
[1] 22.9838 +- 22.0437  	chisq 0 (0 df)

Iteration 2:  3000000 integrand evaluations so far
[1] 15.7768 +- 18.6999  	chisq 0.381235 (1 df)

Iteration 3:  6000000 integrand evaluations so far
[1] -2.64156 +- 10.8146  	chisq 1.83888 (2 df)

Iteration 4:  10000000 integrand evaluations so far
[1] -11.382 +- 8.96008  	chisq 3.92209 (3 df)

Iteration 5:  15000000 integrand evaluations so far
[1] -12.2873 +- 8.69103  	chisq 4.09469 (4 df)

Iteration 6:  21000000 integrand evaluations so far
[1] -11.67 +- 8.66253  	chisq 4.86529 (5 df)

Iteration 7:  28000000 integrand evaluations so far
[1] -11.0199 +- 8.63958  	chisq 5.92974 (6 df)

Iteration 8:  36000000 integrand evaluations so far
[1] -10.7983 +- 8.63757  	chisq 7.34171 (7 df)

Iteration 9:  45000000 integrand evaluations so far
[1] -11.4516 +- 8.58945  	chisq 7.85649 (8 df)

Iteration 10:  55000000 integrand evaluations so far
[1] -11.5567 +- 8.47546  	chisq 7.86217 (9 df)
   -11.6 ±    8.5        (3.58mi) ┃Vegas input parameters:
  ndim 8
  ncomp 1
  nvec 1
  epsrel 0
  epsabs 0
  flags 10
  seed 123456
  mineval 5000000
  maxeval 50000000
  nstart 1000000
  nincrease 1000000
  nbatch 5000
  gridno 0
  statefile ""

Iteration 1:  1000000 integrand evaluations so far
[1] 87.0034 +- 23.3956  	chisq 0 (0 df)

Iteration 2:  3000000 integrand evaluations so far
[1] 14.888 +- 3.13641  	chisq 9.67531 (1 df)

Iteration 3:  6000000 integrand evaluations so far
[1] 15.0064 +- 3.13527  	chisq 11.6375 (2 df)

Iteration 4:  10000000 integrand evaluations so far
[1] 16.3668 +- 3.07782  	chisq 16.823 (3 df)

Iteration 5:  15000000 integrand evaluations so far
[1] 17.4547 +- 3.03893  	chisq 21.7981 (4 df)

Iteration 6:  21000000 integrand evaluations so far
[1] 18.022 +- 3.02888  	chisq 27.0725 (5 df)

Iteration 7:  28000000 integrand evaluations so far
[1] 21.1445 +- 2.90889  	chisq 40.7579 (6 df)

Iteration 8:  36000000 integrand evaluations so far
[1] 26.5571 +- 2.71382  	chisq 67.468 (7 df)

Iteration 9:  45000000 integrand evaluations so far
[1] 37.9509 +- 2.16726  	chisq 116.129 (8 df)

Iteration 10:  55000000 integrand evaluations so far
[1] 49.5564 +- 1.45383  	chisq 168.266 (9 df)
    49.6 ±    1.5        (1.83mi) ┃    42.2 ±    8.6        (8.44mi) ┃
┃   70 -    72 ┃   56 -    57 ┃  57.455 ±  0.054        (4.41mi) ┃ -52.748 ±  0.025        (6.61mi) ┃Vegas input parameters:
  ndim 10
  ncomp 1
  nvec 1
  epsrel 0
  epsabs 0
  flags 10
  seed 123456
  mineval 50000000
  maxeval 50000000
  nstart 1000000
  nincrease 1000000
  nbatch 5000
  gridno 0
  statefile ""

Iteration 1:  1000000 integrand evaluations so far
[1] -45.1686 +- 33.6307  	chisq 0 (0 df)

Iteration 2:  3000000 integrand evaluations so far
[1] -15.5782 +- 20.5871  	chisq 1.23811 (1 df)

Iteration 3:  6000000 integrand evaluations so far
[1] -11.8008 +- 20.2297  	chisq 2.21633 (2 df)

Iteration 4:  10000000 integrand evaluations so far
[1] -18.0958 +- 19.337  	chisq 3.33829 (3 df)

Iteration 5:  15000000 integrand evaluations so far
[1] -6.18257 +- 18.227  	chisq 6.742 (4 df)

Iteration 6:  21000000 integrand evaluations so far
[1] 4.6105 +- 15.2213  	chisq 7.90071 (5 df)

Iteration 7:  28000000 integrand evaluations so far
[1] -1.14215 +- 14.7569  	chisq 10.2775 (6 df)

Iteration 8:  36000000 integrand evaluations so far
[1] -2.34103 +- 14.7085  	chisq 11.2858 (7 df)

Iteration 9:  45000000 integrand evaluations so far
[1] -12.8035 +- 12.4043  	chisq 13.0379 (8 df)

Iteration 10:  55000000 integrand evaluations so far
[1] -12.5536 +- 11.9562  	chisq 13.0436 (9 df)
     -13 ±     12        (3.46mi) ┃Vegas input parameters:
  ndim 8
  ncomp 1
  nvec 1
  epsrel 0
  epsabs 0
  flags 10
  seed 123456
  mineval 5000000
  maxeval 50000000
  nstart 1000000
  nincrease 1000000
  nbatch 5000
  gridno 0
  statefile ""

Iteration 1:  1000000 integrand evaluations so far
[1] 50.6693 +- 18.1598  	chisq 0 (0 df)

Iteration 2:  3000000 integrand evaluations so far
[1] 4.62926 +- 1.47959  	chisq 6.47058 (1 df)

Iteration 3:  6000000 integrand evaluations so far
[1] 5.27885 +- 1.43508  	chisq 9.72303 (2 df)

Iteration 4:  10000000 integrand evaluations so far
[1] 5.41705 +- 1.4322  	chisq 12.0383 (3 df)

Iteration 5:  15000000 integrand evaluations so far
[1] 5.98083 +- 1.41913  	chisq 20.5675 (4 df)

Iteration 6:  21000000 integrand evaluations so far
[1] 6.1307 +- 1.41741  	chisq 25.1631 (5 df)

Iteration 7:  28000000 integrand evaluations so far
[1] 9.43179 +- 1.35605  	chisq 89.2006 (6 df)

Iteration 8:  36000000 integrand evaluations so far
[1] 11.7581 +- 1.32215  	chisq 148.8 (7 df)

Iteration 9:  45000000 integrand evaluations so far
[1] 18.6781 +- 1.21696  	chisq 328.089 (8 df)

Iteration 10:  55000000 integrand evaluations so far
[1] 27.9666 +- 1.04928  	chisq 555.121 (9 df)
      28 ±      1        (1.79mi) ┃      20 ±     12        (16.3mi) ┃
┃   70 -    72 ┃   57 -    58 ┃  63.802 ±  0.046        (3.77mi) ┃ -58.577 ±  0.051        (26.2mi) ┃Vegas input parameters:
  ndim 10
  ncomp 1
  nvec 1
  epsrel 0
  epsabs 0
  flags 10
  seed 123456
  mineval 50000000
  maxeval 50000000
  nstart 1000000
  nincrease 1000000
  nbatch 5000
  gridno 0
  statefile ""

Iteration 1:  1000000 integrand evaluations so far
[1] -9.47815 +- 33.6866  	chisq 0 (0 df)

Iteration 2:  3000000 integrand evaluations so far
[1] 11.4571 +- 22.7285  	chisq 0.708965 (1 df)

Iteration 3:  6000000 integrand evaluations so far
[1] 18.6694 +- 20.9104  	chisq 1.36458 (2 df)

Iteration 4:  10000000 integrand evaluations so far
[1] -8.75846 +- 11.9802  	chisq 3.92583 (3 df)

Iteration 5:  15000000 integrand evaluations so far
[1] -10.9274 +- 6.20478  	chisq 3.97062 (4 df)

Iteration 6:  21000000 integrand evaluations so far
[1] -10.2126 +- 6.12498  	chisq 4.48986 (5 df)

Iteration 7:  28000000 integrand evaluations so far
[1] -11.4578 +- 5.96354  	chisq 5.28433 (6 df)

Iteration 8:  36000000 integrand evaluations so far
[1] -10.0453 +- 5.85876  	chisq 6.89501 (7 df)

Iteration 9:  45000000 integrand evaluations so far
[1] -8.98155 +- 5.78888  	chisq 8.28502 (8 df)

Iteration 10:  55000000 integrand evaluations so far
[1] -8.50223 +- 5.75348  	chisq 8.84737 (9 df)
    -8.5 ±    5.8        ( 3.5mi) ┃Vegas input parameters:
  ndim 8
  ncomp 1
  nvec 1
  epsrel 0
  epsabs 0
  flags 10
  seed 123456
  mineval 5000000
  maxeval 50000000
  nstart 1000000
  nincrease 1000000
  nbatch 5000
  gridno 0
  statefile ""

Iteration 1:  1000000 integrand evaluations so far
[1] 88.986 +- 24.2847  	chisq 0 (0 df)

Iteration 2:  3000000 integrand evaluations so far
[1] 14.4472 +- 4.87428  	chisq 9.8165 (1 df)

Iteration 3:  6000000 integrand evaluations so far
[1] 16.8048 +- 4.7311  	chisq 13.8581 (2 df)

Iteration 4:  10000000 integrand evaluations so far
[1] 17.257 +- 4.72273  	chisq 16.4411 (3 df)

Iteration 5:  15000000 integrand evaluations so far
[1] 21.1061 +- 4.32132  	chisq 20.5222 (4 df)

Iteration 6:  21000000 integrand evaluations so far
[1] 28.7344 +- 3.7832  	chisq 33.8649 (5 df)

Iteration 7:  28000000 integrand evaluations so far
[1] 29.9667 +- 3.73706  	chisq 38.2413 (6 df)

Iteration 8:  36000000 integrand evaluations so far
[1] 36.9449 +- 3.28043  	chisq 53.4379 (7 df)

Iteration 9:  45000000 integrand evaluations so far
[1] 46.672 +- 2.07933  	chisq 68.1353 (8 df)

Iteration 10:  55000000 integrand evaluations so far
[1] 51.2109 +- 1.50922  	chisq 78.2053 (9 df)
    51.2 ±    1.5        (1.79mi) ┃    47.9 ±    5.9        (35.2mi) ┃
┃   70 -    72 ┃   58 -    59 ┃  45.421 ±  0.044        (   40s) ┃-41.8117 ± 0.0097        (24.3mi) ┃Vegas input parameters:
  ndim 10
  ncomp 1
  nvec 1
  epsrel 0
  epsabs 0
  flags 10
  seed 123456
  mineval 50000000
  maxeval 50000000
  nstart 1000000
  nincrease 1000000
  nbatch 5000
  gridno 0
  statefile ""

Iteration 1:  1000000 integrand evaluations so far
[1] -24.5677 +- 37.2504  	chisq 0 (0 df)

Iteration 2:  3000000 integrand evaluations so far
[1] -25.2459 +- 20.7236  	chisq 0.000480143 (1 df)

Iteration 3:  6000000 integrand evaluations so far
[1] -23.5714 +- 20.0928  	chisq 0.109387 (2 df)

Iteration 4:  10000000 integrand evaluations so far
[1] -15.7467 +- 12.2715  	chisq 0.351263 (3 df)

Iteration 5:  15000000 integrand evaluations so far
[1] -16.2075 +- 12.0873  	chisq 0.398577 (4 df)

Iteration 6:  21000000 integrand evaluations so far
[1] -16.2038 +- 12.0873  	chisq 1.39614 (5 df)

Iteration 7:  28000000 integrand evaluations so far
[1] -6.72895 +- 8.08618  	chisq 2.50835 (6 df)

Iteration 8:  36000000 integrand evaluations so far
[1] -7.12157 +- 7.87785  	chisq 2.5547 (7 df)

Iteration 9:  45000000 integrand evaluations so far
[1] -8.13689 +- 7.81773  	chisq 3.64717 (8 df)

Iteration 10:  55000000 integrand evaluations so far
[1] -8.48459 +- 7.8066  	chisq 4.34228 (9 df)
    -8.5 ±    7.8        (3.58mi) ┃Vegas input parameters:
  ndim 8
  ncomp 1
  nvec 1
  epsrel 0
  epsabs 0
  flags 10
  seed 123456
  mineval 5000000
  maxeval 50000000
  nstart 1000000
  nincrease 1000000
  nbatch 5000
  gridno 0
  statefile ""

Iteration 1:  1000000 integrand evaluations so far
[1] 84.7704 +- 26.9472  	chisq 0 (0 df)

Iteration 2:  3000000 integrand evaluations so far
[1] 11.8366 +- 3.9277  	chisq 7.48438 (1 df)

Iteration 3:  6000000 integrand evaluations so far
[1] 12.7432 +- 3.70295  	chisq 7.96369 (2 df)

Iteration 4:  10000000 integrand evaluations so far
[1] 14.9083 +- 3.43181  	chisq 10.3867 (3 df)

Iteration 5:  15000000 integrand evaluations so far
[1] 15.2989 +- 3.4156  	chisq 11.7618 (4 df)

Iteration 6:  21000000 integrand evaluations so far
[1] 17.6271 +- 3.20791  	chisq 15.7021 (5 df)

Iteration 7:  28000000 integrand evaluations so far
[1] 28.1693 +- 2.38309  	chisq 39.8019 (6 df)

Iteration 8:  36000000 integrand evaluations so far
[1] 32.7898 +- 0.946078  	chisq 44.2645 (7 df)

Iteration 9:  45000000 integrand evaluations so far
[1] 34.7742 +- 0.569181  	chisq 51.1591 (8 df)

Iteration 10:  55000000 integrand evaluations so far
[1] 35.4021 +- 0.383008  	chisq 53.3835 (9 df)
    35.4 ±   0.38        (1.88mi) ┃    30.5 ±    7.8        (30.5mi) ┃
┃   70 -    72 ┃   59 -    60 ┃  46.725 ±  0.025        (1.17mi) ┃ -43.032 ±  0.024        (24.8mi) ┃Vegas input parameters:
  ndim 10
  ncomp 1
  nvec 1
  epsrel 0
  epsabs 0
  flags 10
  seed 123456
  mineval 50000000
  maxeval 50000000
  nstart 1000000
  nincrease 1000000
  nbatch 5000
  gridno 0
  statefile ""

Iteration 1:  1000000 integrand evaluations so far
[1] -4.34229 +- 36.1816  	chisq 0 (0 df)

Iteration 2:  3000000 integrand evaluations so far
[1] 0.179465 +- 34.3922  	chisq 0.161904 (1 df)

Iteration 3:  6000000 integrand evaluations so far
[1] -4.17692 +- 21.7693  	chisq 0.188674 (2 df)

Iteration 4:  10000000 integrand evaluations so far
[1] 11.0799 +- 17.0965  	chisq 1.47038 (3 df)

Iteration 5:  15000000 integrand evaluations so far
[1] 10.4982 +- 17.0812  	chisq 2.11464 (4 df)

Iteration 6:  21000000 integrand evaluations so far
[1] 8.65129 +- 15.5057  	chisq 2.18109 (5 df)

Iteration 7:  28000000 integrand evaluations so far
[1] 12.3014 +- 14.341  	chisq 2.56436 (6 df)

Iteration 8:  36000000 integrand evaluations so far
[1] 5.03322 +- 10.268  	chisq 3.09138 (7 df)

Iteration 9:  45000000 integrand evaluations so far
[1] 10.0952 +- 8.51844  	chisq 3.871 (8 df)

Iteration 10:  55000000 integrand evaluations so far
[1] 10.5339 +- 8.4895  	chisq 4.26203 (9 df)
    10.5 ±    8.5        (3.56mi) ┃Vegas input parameters:
  ndim 8
  ncomp 1
  nvec 1
  epsrel 0
  epsabs 0
  flags 10
  seed 123456
  mineval 5000000
  maxeval 50000000
  nstart 1000000
  nincrease 1000000
  nbatch 5000
  gridno 0
  statefile ""

Iteration 1:  1000000 integrand evaluations so far
[1] 49.3543 +- 16.3954  	chisq 0 (0 df)

Iteration 2:  3000000 integrand evaluations so far
[1] 1.48862 +- 0.610206  	chisq 8.53506 (1 df)

Iteration 3:  6000000 integrand evaluations so far
[1] 1.79013 +- 0.597108  	chisq 14.2835 (2 df)

Iteration 4:  10000000 integrand evaluations so far
[1] 1.95653 +- 0.593744  	chisq 21.1969 (3 df)

Iteration 5:  15000000 integrand evaluations so far
[1] 2.23872 +- 0.591137  	chisq 46.9674 (4 df)

Iteration 6:  21000000 integrand evaluations so far
[1] 2.57367 +- 0.588817  	chisq 87.9536 (5 df)

Iteration 7:  28000000 integrand evaluations so far
[1] 4.11487 +- 0.578515  	chisq 285.474 (6 df)

Iteration 8:  36000000 integrand evaluations so far
[1] 6.20434 +- 0.565861  	chisq 586.973 (7 df)

Iteration 9:  45000000 integrand evaluations so far
[1] 6.92181 +- 0.561995  	chisq 705.027 (8 df)

Iteration 10:  55000000 integrand evaluations so far
[1] 9.75144 +- 0.545791  	chisq 1151.08 (9 df)
    9.75 ±   0.55        (1.84mi) ┃      24 ±    8.5        (31.4mi) ┃
┣━━━━━━━━━━━━━━╋━━━━━━━━━━━━━━╋━━━━━━━━━━━━━━━━━━━━━━━━━━━━━━━━━━╋━━━━━━━━━━━━━━━━━━━━━━━━━━━━━━━━━━╋━━━━━━━━━━━━━━━━━━━━━━━━━━━━━━━━━━╋━━━━━━━━━━━━━━━━━━━━━━━━━━━━━━━━━━╋━━━━━━━━━━━━━━━━━━━━━━━━━━━━━━━━━━┫
┃   68 -    72 ┃   25 -    60 ┃ 5.31689 ± 0.00041 ·10⁺⁰³ (6.53hr) ┃-4.90357 ± 0.00039 ·10⁺⁰³ (23.9hr) ┃      50 ±    120        ( 4.2hr) ┃   4.742 ±  0.018 ·10⁺⁰³ (2.17hr) ┃     5.2 ±   0.12 ·10⁺⁰³ (36.8hr) ┃
┗━━━━━━━━━━━━━━┻━━━━━━━━━━━━━━┻━━━━━━━━━━━━━━━━━━━━━━━━━━━━━━━━━━┻━━━━━━━━━━━━━━━━━━━━━━━━━━━━━━━━━━┻━━━━━━━━━━━━━━━━━━━━━━━━━━━━━━━━━━┻━━━━━━━━━━━━━━━━━━━━━━━━━━━━━━━━━━┻━━━━━━━━━━━━━━━━━━━━━━━━━━━━━━━━━━┛

╍╍╍╍╍╍╍╍╍╍╍╍╍╍╍╍╍╍╍╍╍╍╍╍╍╍╍╍╍╍╍╍ Summary ╍╍╍╍╍╍╍╍╍╍╍╍╍╍╍╍╍╍╍╍╍╍╍╍╍╍╍╍╍╍╍
      Total cross section                        5.2 ± 0.12          pb
         Calculation time                               36.8       hours
              Output file                    outputs/qt_qt68_72_NNLL_muR0.5_muF1.0.root            
      Result in text file                    outputs/qt_qt68_72_NNLL_muR0.5_muF1.0.txt            

╍╍╍╍╍╍╍╍╍╍╍╍╍╍╍╍╍╍╍╍╍╍╍╍╍╍╍╍╍╍╍╍╍╍╍╍╍╍╍╍╍╍╍╍╍╍╍╍╍╍╍╍╍╍╍╍╍╍╍╍╍╍╍╍╍╍╍╍╍╍╍╍

