
╍╍╍╍╍╍╍╍╍╍╍╍╍╍╍╍╍╍╍╍╍╍╍╍╍╍╍ Process settings ╍╍╍╍╍╍╍╍╍╍╍╍╍╍╍╍╍╍╍╍╍╍╍╍╍╍╍
   proton-proton collisions at sqrt(s) = 13000 GeV 
   Computing NNLO+NNLL resummed cross section
   W+ ->  nu(p3)+e+(p4) production 

╍╍╍╍╍╍╍╍╍╍╍╍╍╍╍╍╍╍╍╍╍╍╍╍╍╍╍╍╍╍ CKM matrix ╍╍╍╍╍╍╍╍╍╍╍╍╍╍╍╍╍╍╍╍╍╍╍╍╍╍╍╍╍╍
     | Vud Vus Vub |   |   0.97427   0.2253  0.00351 | 
     | Vcd Vcs Vcb | = |    0.2252  0.97344   0.0412 | 
     | Vtd Vts Vtb |   |         0        0        0 | 

╍╍╍╍╍╍╍╍╍╍╍╍╍╍╍╍╍╍╍╍╍╍╍╍╍╍╍╍╍ EW parameters ╍╍╍╍╍╍╍╍╍╍╍╍╍╍╍╍╍╍╍╍╍╍╍╍╍╍╍╍
                                         Gf =  1.1663787e-05      GeV^-2
                                    1/alpha =  132.233229791            
                                 sin(thW)^2 = 0.222897222524            
                                     W mass =         80.385         GeV
                                     Z mass =        91.1876         GeV
                                    W width =          2.091         GeV
                                    Z width =          2.495         GeV

╍╍╍╍╍╍╍╍╍╍╍╍╍╍╍╍╍╍╍╍╍╍╍╍╍╍╍╍╍ QCD settings ╍╍╍╍╍╍╍╍╍╍╍╍╍╍╍╍╍╍╍╍╍╍╍╍╍╍╍╍╍
   Renormalization scale:     dynamic muren =              1      * m_ll
     Factorization scale:     dynamic mufac =              1      * m_ll
       Resummation scale:     dynamic mures =              1      * m_ll
          Strong coupling       alpha_s(MZ) =       0.118001            
                              running order =              3       -loop
         Non-perturbative     form factor g =            0.7       GeV^2

╍╍╍╍╍╍╍╍╍╍╍╍╍╍╍╍╍╍╍╍╍╍╍╍╍╍╍╍╍ PDF settings ╍╍╍╍╍╍╍╍╍╍╍╍╍╍╍╍╍╍╍╍╍╍╍╍╍╍╍╍╍
                                     PDF set:MSHT20nnlo_as118            
                                  PDF member:              0            
  Mellin moments of PDFs:                    Numerical integration            
                         nodes for the quadrature:            200            
                         Intervals for the quadrature:              1            

╍╍╍╍╍╍╍╍╍╍╍╍╍╍╍╍╍╍╍╍╍╍╍╍╍╍╍╍╍╍╍ qT recoil ╍╍╍╍╍╍╍╍╍╍╍╍╍╍╍╍╍╍╍╍╍╍╍╍╍╍╍╍╍╍
  qt-recoil prescription:       Collins-Soper kt1 = p_V(x)/2; kt2 = p_V(y)/2            

╍╍╍╍╍╍╍╍╍╍╍╍╍╍╍╍╍╍╍╍╍╍╍╍╍╍╍╍╍╍╍╍╍ Cuts ╍╍╍╍╍╍╍╍╍╍╍╍╍╍╍╍╍╍╍╍╍╍╍╍╍╍╍╍╍╍╍╍╍
                                  apply cuts:           true            
                                      pt_l >               0            
                                   |eta_l| <            1000            
                                    pt_lep >              25            
                                 |eta_lep| <             2.4            
                                   pt_alep >              25            
                                |eta_alep| <             2.4            
                                  user cuts:            true            

╍╍╍╍╍╍╍╍╍╍╍╍╍╍╍╍╍╍╍╍╍╍╍╍╍╍╍╍ ResummationDamp ╍╍╍╍╍╍╍╍╍╍╍╍╍╍╍╍╍╍╍╍╍╍╍╍╍╍╍
                                    damping :             on            
                                damping mode:              1            
                                  damp above:        60.2888         GeV
                               damping width:        20.0963         GeV
                          resummation cutoff:             20         MeV

╍╍╍╍╍╍╍╍╍╍╍╍╍╍╍╍╍╍╍╍╍╍╍╍╍╍╍╍ Debug settings ╍╍╍╍╍╍╍╍╍╍╍╍╍╍╍╍╍╍╍╍╍╍╍╍╍╍╍╍
                                 timeprofile:          false            
                                     verbose:          false            
                               cubaverbosity:              2            

╍╍╍╍╍╍╍╍╍╍╍╍╍╍╍╍╍╍╍╍╍╍╍╍╍╍╍╍╍╍╍╍╍╍╍╍╍╍╍╍╍╍╍╍╍╍╍╍╍╍╍╍╍╍╍╍╍╍╍╍╍╍╍╍╍╍╍╍╍╍╍╍

Warning: Histogram `a1_qt` contains non-integrable observable and will be deleted 
Warning: Histogram `a1_qt_vs_y` contains non-integrable observable and will be deleted 
Warning: Histogram `s_biganswer` contains non-integrable observable and will be deleted 
Warning: Histogram `wgt_a1_qt` contains non-integrable observable and will be deleted 

╍╍╍╍╍╍╍╍╍╍╍╍╍╍╍╍╍╍╍╍╍╍╍╍╍ Integration settings ╍╍╍╍╍╍╍╍╍╍╍╍╍╍╍╍╍╍╍╍╍╍╍╍╍
             Random seeds              123456                           
           Parallel cores                   1                           

             Resummation:     cuhre (dm, dpt)         iter =           5
                                   gauss (dy)        nodes =          64
                                                 intervals =           1
            Counter term:      cuhre (dm, dy)         iter =           5
                                  gauss (dpt)        nodes =          20
                                                 intervals =           5
                V+J Real:               vegas       ncalls =    50000000
             V+J Virtual:               vegas       ncalls =     5000000

Mellin inverse transform:           gaussian         nodes =          30
                                                 intervals =           1
                               imaginary axis         zmax =           2
  Angular variable costh:     semi-analytical      ncstart =         100
   Angular variables phi:            gaussian    intervals =          20

      Constant boundaries                  q2          low =          80
                                                      high =         100
                                            y          low =          -6
                                                      high =           6
                                        costh          low =          -1
                                                      high =           1
                                       eta(l)          low =         -10
                                                      high =          10

┏━━━━━━━━━━━━━━┰━━━━━━━━━━━━━━┰━━━━━━━━━━━━━━━━━━━━━━━━━━━━━━━━━━┰━━━━━━━━━━━━━━━━━━━━━━━━━━━━━━━━━━┰━━━━━━━━━━━━━━━━━━━━━━━━━━━━━━━━━━┰━━━━━━━━━━━━━━━━━━━━━━━━━━━━━━━━━━┰━━━━━━━━━━━━━━━━━━━━━━━━━━━━━━━━━━┓
┃           qT ┃        pT(l) ┃                      Resummation ┃                     Counter term ┃                         V+J Real ┃                      V+J Virtual ┃                            TOTAL ┃
┣━━━━━━━━━━━━━━╋━━━━━━━━━━━━━━╋━━━━━━━━━━━━━━━━━━━━━━━━━━━━━━━━━━╋━━━━━━━━━━━━━━━━━━━━━━━━━━━━━━━━━━╋━━━━━━━━━━━━━━━━━━━━━━━━━━━━━━━━━━╋━━━━━━━━━━━━━━━━━━━━━━━━━━━━━━━━━━╋━━━━━━━━━━━━━━━━━━━━━━━━━━━━━━━━━━┫
┃   24 -    26 ┃   25 -    26 ┃ 1.25373 ± 0.00042 ·10⁺⁰³ (1.03mi) ┃-1.15188 ± 0.00095 ·10⁺⁰³ (7.38mi) ┃Vegas input parameters:
  ndim 10
  ncomp 1
  nvec 1
  epsrel 0
  epsabs 0
  flags 10
  seed 123456
  mineval 50000000
  maxeval 50000000
  nstart 1000000
  nincrease 1000000
  nbatch 5000
  gridno 0
  statefile ""

Iteration 1:  1000000 integrand evaluations so far
[1] -793.594 +- 797.068  	chisq 0 (0 df)

Iteration 2:  3000000 integrand evaluations so far
[1] -618.881 +- 370.84  	chisq 0.0613196 (1 df)

Iteration 3:  6000000 integrand evaluations so far
[1] -283.659 +- 259.26  	chisq 1.65966 (2 df)

Iteration 4:  10000000 integrand evaluations so far
[1] -276.133 +- 259.188  	chisq 3.16416 (3 df)

Iteration 5:  15000000 integrand evaluations so far
[1] -405.209 +- 230.885  	chisq 4.36531 (4 df)

Iteration 6:  21000000 integrand evaluations so far
[1] -382.275 +- 202.614  	chisq 4.40823 (5 df)

Iteration 7:  28000000 integrand evaluations so far
[1] -391.445 +- 202.266  	chisq 5.00529 (6 df)

Iteration 8:  36000000 integrand evaluations so far
[1] -405.482 +- 173.615  	chisq 5.02359 (7 df)

Iteration 9:  45000000 integrand evaluations so far
[1] -252.265 +- 133.646  	chisq 6.93513 (8 df)

Iteration 10:  55000000 integrand evaluations so far
[1] -224.306 +- 131.463  	chisq 8.28537 (9 df)
    -220 ±    130        (4.72mi) ┃Vegas input parameters:
  ndim 8
  ncomp 1
  nvec 1
  epsrel 0
  epsabs 0
  flags 10
  seed 123456
  mineval 5000000
  maxeval 50000000
  nstart 1000000
  nincrease 1000000
  nbatch 5000
  gridno 0
  statefile ""

Iteration 1:  1000000 integrand evaluations so far
[1] 1671.19 +- 297.563  	chisq 0 (0 df)

Iteration 2:  3000000 integrand evaluations so far
[1] 1082.89 +- 123.473  	chisq 4.72182 (1 df)

Iteration 3:  6000000 integrand evaluations so far
[1] 1120.91 +- 120.536  	chisq 6.73944 (2 df)

Iteration 4:  10000000 integrand evaluations so far
[1] 1215.75 +- 98.6906  	chisq 8.61751 (3 df)

Iteration 5:  15000000 integrand evaluations so far
[1] 1221.98 +- 54.7898  	chisq 8.62326 (4 df)

Iteration 6:  21000000 integrand evaluations so far
[1] 1285.92 +- 30.3027  	chisq 10.5859 (5 df)

Iteration 7:  28000000 integrand evaluations so far
[1] 1321.99 +- 18.6058  	chisq 12.8595 (6 df)

Iteration 8:  36000000 integrand evaluations so far
[1] 1322.84 +- 12.5135  	chisq 12.8633 (7 df)

Iteration 9:  45000000 integrand evaluations so far
[1] 1337.93 +- 10.3948  	chisq 17.5551 (8 df)

Iteration 10:  55000000 integrand evaluations so far
[1] 1345.98 +- 9.41609  	chisq 20.8997 (9 df)
   1.346 ± 0.0094 ·10⁺⁰³ ( 1.7mi) ┃    1.22 ±   0.13 ·10⁺⁰³ (14.8mi) ┃
┃   24 -    26 ┃   26 -    27 ┃  1.4171 ±  0.001 ·10⁺⁰³ ( 5.79s) ┃-1.29308 ± 0.00084 ·10⁺⁰³ (1.96mi) ┃Vegas input parameters:
  ndim 10
  ncomp 1
  nvec 1
  epsrel 0
  epsabs 0
  flags 10
  seed 123456
  mineval 50000000
  maxeval 50000000
  nstart 1000000
  nincrease 1000000
  nbatch 5000
  gridno 0
  statefile ""

Iteration 1:  1000000 integrand evaluations so far
[1] 620.074 +- 1075.71  	chisq 0 (0 df)

Iteration 2:  3000000 integrand evaluations so far
[1] 100.551 +- 429.972  	chisq 0.277601 (1 df)

Iteration 3:  6000000 integrand evaluations so far
[1] 300.177 +- 390.417  	chisq 1.50565 (2 df)

Iteration 4:  10000000 integrand evaluations so far
[1] 212.273 +- 226.372  	chisq 1.58202 (3 df)

Iteration 5:  15000000 integrand evaluations so far
[1] 46.2151 +- 185.674  	chisq 3.22635 (4 df)

Iteration 6:  21000000 integrand evaluations so far
[1] -19.4668 +- 145.832  	chisq 3.55299 (5 df)

Iteration 7:  28000000 integrand evaluations so far
[1] -55.2562 +- 132.851  	chisq 3.90705 (6 df)

Iteration 8:  36000000 integrand evaluations so far
[1] -41.6282 +- 118.454  	chisq 3.95839 (7 df)

Iteration 9:  45000000 integrand evaluations so far
[1] -130.49 +- 99.9049  	chisq 5.90795 (8 df)

Iteration 10:  55000000 integrand evaluations so far
[1] -188.265 +- 95.0782  	chisq 9.45468 (9 df)
    -188 ±     95        (4.67mi) ┃Vegas input parameters:
  ndim 8
  ncomp 1
  nvec 1
  epsrel 0
  epsabs 0
  flags 10
  seed 123456
  mineval 5000000
  maxeval 50000000
  nstart 1000000
  nincrease 1000000
  nbatch 5000
  gridno 0
  statefile ""

Iteration 1:  1000000 integrand evaluations so far
[1] 1586.03 +- 300.652  	chisq 0 (0 df)

Iteration 2:  3000000 integrand evaluations so far
[1] 1057.42 +- 86.2734  	chisq 3.36875 (1 df)

Iteration 3:  6000000 integrand evaluations so far
[1] 1099.76 +- 52.9208  	chisq 3.75491 (2 df)

Iteration 4:  10000000 integrand evaluations so far
[1] 1171.6 +- 47.1082  	chisq 12.6311 (3 df)

Iteration 5:  15000000 integrand evaluations so far
[1] 1215.03 +- 42.6374  	chisq 17.3322 (4 df)

Iteration 6:  21000000 integrand evaluations so far
[1] 1347.39 +- 33.3611  	chisq 42.1822 (5 df)

Iteration 7:  28000000 integrand evaluations so far
[1] 1412.79 +- 22.6804  	chisq 49.3294 (6 df)

Iteration 8:  36000000 integrand evaluations so far
[1] 1445.53 +- 20.8447  	chisq 62.7404 (7 df)

Iteration 9:  45000000 integrand evaluations so far
[1] 1493.34 +- 17.2259  	chisq 79.3324 (8 df)

Iteration 10:  55000000 integrand evaluations so far
[1] 1523.05 +- 13.1255  	chisq 86.4235 (9 df)
   1.523 ±  0.013 ·10⁺⁰³ (1.78mi) ┃   1.459 ±  0.096 ·10⁺⁰³ ( 8.5mi) ┃
┃   24 -    26 ┃   27 -    28 ┃   1.615 ± 0.0012 ·10⁺⁰³ ( 11.4s) ┃ -1.4723 ± 0.0011 ·10⁺⁰³ (2.12mi) ┃Vegas input parameters:
  ndim 10
  ncomp 1
  nvec 1
  epsrel 0
  epsabs 0
  flags 10
  seed 123456
  mineval 50000000
  maxeval 50000000
  nstart 1000000
  nincrease 1000000
  nbatch 5000
  gridno 0
  statefile ""

Iteration 1:  1000000 integrand evaluations so far
[1] 1709.48 +- 1785.01  	chisq 0 (0 df)

Iteration 2:  3000000 integrand evaluations so far
[1] -129.635 +- 533.471  	chisq 1.16566 (1 df)

Iteration 3:  6000000 integrand evaluations so far
[1] -199.284 +- 529.44  	chisq 2.29772 (2 df)

Iteration 4:  10000000 integrand evaluations so far
[1] -596.135 +- 381.696  	chisq 3.46766 (3 df)

Iteration 5:  15000000 integrand evaluations so far
[1] -617.234 +- 253.581  	chisq 3.47314 (4 df)

Iteration 6:  21000000 integrand evaluations so far
[1] -435.398 +- 237.632  	chisq 7.69362 (5 df)

Iteration 7:  28000000 integrand evaluations so far
[1] -595.976 +- 209.702  	chisq 9.75739 (6 df)

Iteration 8:  36000000 integrand evaluations so far
[1] -662.394 +- 198.619  	chisq 10.7322 (7 df)

Iteration 9:  45000000 integrand evaluations so far
[1] -597.991 +- 181.651  	chisq 11.375 (8 df)

Iteration 10:  55000000 integrand evaluations so far
[1] -568.214 +- 161.222  	chisq 11.5016 (9 df)
    -570 ±    160        (4.73mi) ┃Vegas input parameters:
  ndim 8
  ncomp 1
  nvec 1
  epsrel 0
  epsabs 0
  flags 10
  seed 123456
  mineval 5000000
  maxeval 50000000
  nstart 1000000
  nincrease 1000000
  nbatch 5000
  gridno 0
  statefile ""

Iteration 1:  1000000 integrand evaluations so far
[1] 1741.62 +- 284.503  	chisq 0 (0 df)

Iteration 2:  3000000 integrand evaluations so far
[1] 1730.2 +- 215.466  	chisq 0.00377885 (1 df)

Iteration 3:  6000000 integrand evaluations so far
[1] 1336.35 +- 92.9237  	chisq 4.10836 (2 df)

Iteration 4:  10000000 integrand evaluations so far
[1] 1436.93 +- 85.3452  	chisq 11.5969 (3 df)

Iteration 5:  15000000 integrand evaluations so far
[1] 1639.2 +- 51.0095  	chisq 20.3357 (4 df)

Iteration 6:  21000000 integrand evaluations so far
[1] 1721.73 +- 31.3292  	chisq 24.5389 (5 df)

Iteration 7:  28000000 integrand evaluations so far
[1] 1751.86 +- 20.6924  	chisq 26.1797 (6 df)

Iteration 8:  36000000 integrand evaluations so far
[1] 1751.36 +- 15.4583  	chisq 26.181 (7 df)

Iteration 9:  45000000 integrand evaluations so far
[1] 1755.48 +- 15.1445  	chisq 27.9449 (8 df)

Iteration 10:  55000000 integrand evaluations so far
[1] 1758.62 +- 14.0335  	chisq 28.249 (9 df)
   1.759 ±  0.014 ·10⁺⁰³ (1.79mi) ┃    1.33 ±   0.16 ·10⁺⁰³ (8.84mi) ┃
┃   24 -    26 ┃   28 -    29 ┃ 1.92549 ± 0.00062 ·10⁺⁰³ ( 9.62s) ┃ -1.7631 ± 0.00071 ·10⁺⁰³ (2.04mi) ┃Vegas input parameters:
  ndim 10
  ncomp 1
  nvec 1
  epsrel 0
  epsabs 0
  flags 10
  seed 123456
  mineval 50000000
  maxeval 50000000
  nstart 1000000
  nincrease 1000000
  nbatch 5000
  gridno 0
  statefile ""

Iteration 1:  1000000 integrand evaluations so far
[1] -3069.01 +- 1844.81  	chisq 0 (0 df)

Iteration 2:  3000000 integrand evaluations so far
[1] -499.297 +- 512.606  	chisq 2.10261 (1 df)

Iteration 3:  6000000 integrand evaluations so far
[1] -551.08 +- 503.379  	chisq 2.38865 (2 df)

Iteration 4:  10000000 integrand evaluations so far
[1] -658.396 +- 461.166  	chisq 2.67151 (3 df)

Iteration 5:  15000000 integrand evaluations so far
[1] -234.068 +- 373.303  	chisq 5.12727 (4 df)

Iteration 6:  21000000 integrand evaluations so far
[1] -258.4 +- 365.518  	chisq 5.2302 (5 df)

Iteration 7:  28000000 integrand evaluations so far
[1] -308.801 +- 315.281  	chisq 5.30447 (6 df)

Iteration 8:  36000000 integrand evaluations so far
[1] -257.731 +- 308.38  	chisq 5.91044 (7 df)

Iteration 9:  45000000 integrand evaluations so far
[1] -106.001 +- 220.887  	chisq 6.4076 (8 df)

Iteration 10:  55000000 integrand evaluations so far
[1] -244.326 +- 179.08  	chisq 7.55185 (9 df)
    -240 ±    180        ( 4.6mi) ┃Vegas input parameters:
  ndim 8
  ncomp 1
  nvec 1
  epsrel 0
  epsabs 0
  flags 10
  seed 123456
  mineval 5000000
  maxeval 50000000
  nstart 1000000
  nincrease 1000000
  nbatch 5000
  gridno 0
  statefile ""

Iteration 1:  1000000 integrand evaluations so far
[1] 1961.4 +- 320.997  	chisq 0 (0 df)

Iteration 2:  3000000 integrand evaluations so far
[1] 2058.68 +- 218.396  	chisq 0.170986 (1 df)

Iteration 3:  6000000 integrand evaluations so far
[1] 2153.89 +- 188.124  	chisq 0.90759 (2 df)

Iteration 4:  10000000 integrand evaluations so far
[1] 2136.98 +- 106.596  	chisq 0.919491 (3 df)

Iteration 5:  15000000 integrand evaluations so far
[1] 2119.94 +- 53.9598  	chisq 0.953819 (4 df)

Iteration 6:  21000000 integrand evaluations so far
[1] 2131.44 +- 33.223  	chisq 1.02696 (5 df)

Iteration 7:  28000000 integrand evaluations so far
[1] 2136.14 +- 32.9855  	chisq 2.43258 (6 df)

Iteration 8:  36000000 integrand evaluations so far
[1] 2130.24 +- 29.5591  	chisq 2.59547 (7 df)

Iteration 9:  45000000 integrand evaluations so far
[1] 2156.5 +- 21.7315  	chisq 4.31392 (8 df)

Iteration 10:  55000000 integrand evaluations so far
[1] 2164.75 +- 15.8347  	chisq 4.62107 (9 df)
   2.165 ±  0.016 ·10⁺⁰³ (1.73mi) ┃    2.08 ±   0.18 ·10⁺⁰³ (8.53mi) ┃
┃   24 -    26 ┃   29 -    30 ┃  2.5734 ± 0.0012 ·10⁺⁰³ (   34s) ┃ -2.3479 ± 0.0012 ·10⁺⁰³ (1.11mi) ┃Vegas input parameters:
  ndim 10
  ncomp 1
  nvec 1
  epsrel 0
  epsabs 0
  flags 10
  seed 123456
  mineval 50000000
  maxeval 50000000
  nstart 1000000
  nincrease 1000000
  nbatch 5000
  gridno 0
  statefile ""

Iteration 1:  1000000 integrand evaluations so far
[1] -798.976 +- 675.208  	chisq 0 (0 df)

Iteration 2:  3000000 integrand evaluations so far
[1] -81.6659 +- 366.153  	chisq 1.59874 (1 df)

Iteration 3:  6000000 integrand evaluations so far
[1] -82.5739 +- 325.331  	chisq 1.59877 (2 df)

Iteration 4:  10000000 integrand evaluations so far
[1] -28.4735 +- 311.049  	chisq 1.9208 (3 df)

Iteration 5:  15000000 integrand evaluations so far
[1] -43.4845 +- 310.707  	chisq 2.98078 (4 df)

Iteration 6:  21000000 integrand evaluations so far
[1] -264.286 +- 246.688  	chisq 4.34703 (5 df)

Iteration 7:  28000000 integrand evaluations so far
[1] -320.613 +- 221.488  	chisq 4.61596 (6 df)

Iteration 8:  36000000 integrand evaluations so far
[1] -448.546 +- 205.674  	chisq 7.03881 (7 df)

Iteration 9:  45000000 integrand evaluations so far
[1] -328.706 +- 181.15  	chisq 8.55265 (8 df)

Iteration 10:  55000000 integrand evaluations so far
[1] -324.225 +- 170.711  	chisq 8.55812 (9 df)
    -320 ±    170        (4.83mi) ┃Vegas input parameters:
  ndim 8
  ncomp 1
  nvec 1
  epsrel 0
  epsabs 0
  flags 10
  seed 123456
  mineval 5000000
  maxeval 50000000
  nstart 1000000
  nincrease 1000000
  nbatch 5000
  gridno 0
  statefile ""

Iteration 1:  1000000 integrand evaluations so far
[1] 3161.87 +- 379.51  	chisq 0 (0 df)

Iteration 2:  3000000 integrand evaluations so far
[1] 3087.84 +- 209.991  	chisq 0.0548499 (1 df)

Iteration 3:  6000000 integrand evaluations so far
[1] 3136.89 +- 177.166  	chisq 0.244196 (2 df)

Iteration 4:  10000000 integrand evaluations so far
[1] 3084.67 +- 86.7267  	chisq 0.358453 (3 df)

Iteration 5:  15000000 integrand evaluations so far
[1] 3071.39 +- 51.9886  	chisq 0.395069 (4 df)

Iteration 6:  21000000 integrand evaluations so far
[1] 3050.99 +- 34.8749  	chisq 0.674945 (5 df)

Iteration 7:  28000000 integrand evaluations so far
[1] 3044.68 +- 24.8375  	chisq 0.74143 (6 df)

Iteration 8:  36000000 integrand evaluations so far
[1] 3044.11 +- 19.1841  	chisq 0.742723 (7 df)

Iteration 9:  45000000 integrand evaluations so far
[1] 3058.99 +- 16.7251  	chisq 3.24928 (8 df)

Iteration 10:  55000000 integrand evaluations so far
[1] 3052.41 +- 14.4468  	chisq 3.85896 (9 df)
   3.052 ±  0.014 ·10⁺⁰³ ( 1.8mi) ┃    2.95 ±   0.17 ·10⁺⁰³ (8.31mi) ┃
┃   24 -    26 ┃   30 -    31 ┃ 2.55597 ± 0.0007 ·10⁺⁰³ (   34s) ┃ -2.3344 ± 0.0016 ·10⁺⁰³ (4.04mi) ┃Vegas input parameters:
  ndim 10
  ncomp 1
  nvec 1
  epsrel 0
  epsabs 0
  flags 10
  seed 123456
  mineval 50000000
  maxeval 50000000
  nstart 1000000
  nincrease 1000000
  nbatch 5000
  gridno 0
  statefile ""

Iteration 1:  1000000 integrand evaluations so far
[1] -1361.28 +- 1111.76  	chisq 0 (0 df)

Iteration 2:  3000000 integrand evaluations so far
[1] -218.787 +- 807.764  	chisq 2.23687 (1 df)

Iteration 3:  6000000 integrand evaluations so far
[1] -332.51 +- 560.106  	chisq 2.27505 (2 df)

Iteration 4:  10000000 integrand evaluations so far
[1] -482.315 +- 277.8  	chisq 2.36992 (3 df)

Iteration 5:  15000000 integrand evaluations so far
[1] -711.602 +- 190.168  	chisq 3.65189 (4 df)

Iteration 6:  21000000 integrand evaluations so far
[1] -682.297 +- 182.15  	chisq 3.93956 (5 df)

Iteration 7:  28000000 integrand evaluations so far
[1] -722.192 +- 174.597  	chisq 4.53023 (6 df)

Iteration 8:  36000000 integrand evaluations so far
[1] -718.66 +- 174.566  	chisq 5.68384 (7 df)

Iteration 9:  45000000 integrand evaluations so far
[1] -694.408 +- 163.73  	chisq 5.8443 (8 df)

Iteration 10:  55000000 integrand evaluations so far
[1] -631.764 +- 154.35  	chisq 7.15949 (9 df)
    -630 ±    150        (4.74mi) ┃Vegas input parameters:
  ndim 8
  ncomp 1
  nvec 1
  epsrel 0
  epsabs 0
  flags 10
  seed 123456
  mineval 5000000
  maxeval 50000000
  nstart 1000000
  nincrease 1000000
  nbatch 5000
  gridno 0
  statefile ""

Iteration 1:  1000000 integrand evaluations so far
[1] 3670.98 +- 415.882  	chisq 0 (0 df)

Iteration 2:  3000000 integrand evaluations so far
[1] 3075.89 +- 119.943  	chisq 2.23325 (1 df)

Iteration 3:  6000000 integrand evaluations so far
[1] 3084.81 +- 68.2028  	chisq 2.24142 (2 df)

Iteration 4:  10000000 integrand evaluations so far
[1] 3053 +- 46.3789  	chisq 2.64611 (3 df)

Iteration 5:  15000000 integrand evaluations so far
[1] 2987.83 +- 32.2306  	chisq 6.4644 (4 df)

Iteration 6:  21000000 integrand evaluations so far
[1] 2984.57 +- 23.9374  	chisq 6.48726 (5 df)

Iteration 7:  28000000 integrand evaluations so far
[1] 2985.65 +- 18.887  	chisq 6.49266 (6 df)

Iteration 8:  36000000 integrand evaluations so far
[1] 2962.24 +- 15.6932  	chisq 11.4536 (7 df)

Iteration 9:  45000000 integrand evaluations so far
[1] 2964.37 +- 13.4037  	chisq 11.5217 (8 df)

Iteration 10:  55000000 integrand evaluations so far
[1] 2967.85 +- 11.7818  	chisq 11.8183 (9 df)
   2.968 ±  0.012 ·10⁺⁰³ (1.72mi) ┃    2.56 ±   0.15 ·10⁺⁰³ (11.1mi) ┃
┃   24 -    26 ┃   31 -    32 ┃  2.1654 ± 0.0012 ·10⁺⁰³ ( 21.1s) ┃-1.97376 ± 0.00034 ·10⁺⁰³ (3.95mi) ┃Vegas input parameters:
  ndim 10
  ncomp 1
  nvec 1
  epsrel 0
  epsabs 0
  flags 10
  seed 123456
  mineval 50000000
  maxeval 50000000
  nstart 1000000
  nincrease 1000000
  nbatch 5000
  gridno 0
  statefile ""

Iteration 1:  1000000 integrand evaluations so far
[1] -742.065 +- 562.829  	chisq 0 (0 df)

Iteration 2:  3000000 integrand evaluations so far
[1] -636.03 +- 548.717  	chisq 0.716798 (1 df)

Iteration 3:  6000000 integrand evaluations so far
[1] -714.163 +- 393.484  	chisq 0.758537 (2 df)

Iteration 4:  10000000 integrand evaluations so far
[1] -550.418 +- 345.712  	chisq 1.51783 (3 df)

Iteration 5:  15000000 integrand evaluations so far
[1] -509.331 +- 332.274  	chisq 1.70312 (4 df)

Iteration 6:  21000000 integrand evaluations so far
[1] -498.536 +- 318.755  	chisq 1.71636 (5 df)

Iteration 7:  28000000 integrand evaluations so far
[1] -315.221 +- 285.132  	chisq 3.37141 (6 df)

Iteration 8:  36000000 integrand evaluations so far
[1] -665.695 +- 205.744  	chisq 6.52338 (7 df)

Iteration 9:  45000000 integrand evaluations so far
[1] -661.444 +- 177.832  	chisq 6.52507 (8 df)

Iteration 10:  55000000 integrand evaluations so far
[1] -500.864 +- 158.327  	chisq 10.4579 (9 df)
    -500 ±    160        (4.72mi) ┃Vegas input parameters:
  ndim 8
  ncomp 1
  nvec 1
  epsrel 0
  epsabs 0
  flags 10
  seed 123456
  mineval 5000000
  maxeval 50000000
  nstart 1000000
  nincrease 1000000
  nbatch 5000
  gridno 0
  statefile ""

Iteration 1:  1000000 integrand evaluations so far
[1] 2917.24 +- 376.966  	chisq 0 (0 df)

Iteration 2:  3000000 integrand evaluations so far
[1] 2439.18 +- 118.109  	chisq 1.78332 (1 df)

Iteration 3:  6000000 integrand evaluations so far
[1] 2488.15 +- 86.7661  	chisq 2.1568 (2 df)

Iteration 4:  10000000 integrand evaluations so far
[1] 2494.77 +- 58.748  	chisq 2.16753 (3 df)

Iteration 5:  15000000 integrand evaluations so far
[1] 2449.43 +- 35.5626  	chisq 3.10773 (4 df)

Iteration 6:  21000000 integrand evaluations so far
[1] 2470.42 +- 25.7065  	chisq 3.83755 (5 df)

Iteration 7:  28000000 integrand evaluations so far
[1] 2469.06 +- 19.6626  	chisq 3.84432 (6 df)

Iteration 8:  36000000 integrand evaluations so far
[1] 2470.25 +- 17.7295  	chisq 3.86396 (7 df)

Iteration 9:  45000000 integrand evaluations so far
[1] 2471.31 +- 15.7678  	chisq 3.88111 (8 df)

Iteration 10:  55000000 integrand evaluations so far
[1] 2480.57 +- 13.4964  	chisq 5.17153 (9 df)
   2.481 ±  0.013 ·10⁺⁰³ (1.72mi) ┃    2.17 ±   0.16 ·10⁺⁰³ (10.7mi) ┃
┃   24 -    26 ┃   32 -    33 ┃   1.947 ± 0.0014 ·10⁺⁰³ (1.13mi) ┃ -1.7798 ± 0.0013 ·10⁺⁰³ (14.8mi) ┃Vegas input parameters:
  ndim 10
  ncomp 1
  nvec 1
  epsrel 0
  epsabs 0
  flags 10
  seed 123456
  mineval 50000000
  maxeval 50000000
  nstart 1000000
  nincrease 1000000
  nbatch 5000
  gridno 0
  statefile ""

Iteration 1:  1000000 integrand evaluations so far
[1] 7208.24 +- 8232.59  	chisq 0 (0 df)

Iteration 2:  3000000 integrand evaluations so far
[1] -830.857 +- 926.461  	chisq 0.965777 (1 df)

Iteration 3:  6000000 integrand evaluations so far
[1] -896.734 +- 923.615  	chisq 1.78981 (2 df)

Iteration 4:  10000000 integrand evaluations so far
[1] -1186.21 +- 869.016  	chisq 2.64599 (3 df)

Iteration 5:  15000000 integrand evaluations so far
[1] -212.427 +- 463.358  	chisq 4.40044 (4 df)

Iteration 6:  21000000 integrand evaluations so far
[1] -389.252 +- 279.24  	chisq 4.62913 (5 df)

Iteration 7:  28000000 integrand evaluations so far
[1] -321.459 +- 172.045  	chisq 4.72413 (6 df)

Iteration 8:  36000000 integrand evaluations so far
[1] -265.13 +- 163.749  	chisq 5.86316 (7 df)

Iteration 9:  45000000 integrand evaluations so far
[1] -273.377 +- 160.715  	chisq 5.93223 (8 df)

Iteration 10:  55000000 integrand evaluations so far
[1] -312.394 +- 147.418  	chisq 6.30377 (9 df)
    -310 ±    150        (4.71mi) ┃Vegas input parameters:
  ndim 8
  ncomp 1
  nvec 1
  epsrel 0
  epsabs 0
  flags 10
  seed 123456
  mineval 5000000
  maxeval 50000000
  nstart 1000000
  nincrease 1000000
  nbatch 5000
  gridno 0
  statefile ""

Iteration 1:  1000000 integrand evaluations so far
[1] 1223.54 +- 224.622  	chisq 0 (0 df)

Iteration 2:  3000000 integrand evaluations so far
[1] 1409.11 +- 178.251  	chisq 1.84335 (1 df)

Iteration 3:  6000000 integrand evaluations so far
[1] 1606.4 +- 124.283  	chisq 4.22719 (2 df)

Iteration 4:  10000000 integrand evaluations so far
[1] 1862.14 +- 86.2604  	chisq 12.3973 (3 df)

Iteration 5:  15000000 integrand evaluations so far
[1] 1988.88 +- 64.783  	chisq 17.3491 (4 df)

Iteration 6:  21000000 integrand evaluations so far
[1] 2093.71 +- 38.8918  	chisq 21.4426 (5 df)

Iteration 7:  28000000 integrand evaluations so far
[1] 2139.2 +- 25.4594  	chisq 23.8372 (6 df)

Iteration 8:  36000000 integrand evaluations so far
[1] 2150.1 +- 18.9993  	chisq 24.2503 (7 df)

Iteration 9:  45000000 integrand evaluations so far
[1] 2159.02 +- 15.0216  	chisq 24.8385 (8 df)

Iteration 10:  55000000 integrand evaluations so far
[1] 2166.04 +- 12.3818  	chisq 25.5198 (9 df)
   2.166 ±  0.012 ·10⁺⁰³ (1.78mi) ┃    2.02 ±   0.15 ·10⁺⁰³ (22.4mi) ┃
┃   24 -    26 ┃   33 -    34 ┃  1.7986 ± 0.00036 ·10⁺⁰³ (1.17mi) ┃-1.64017 ± 0.00047 ·10⁺⁰³ (14.7mi) ┃Vegas input parameters:
  ndim 10
  ncomp 1
  nvec 1
  epsrel 0
  epsabs 0
  flags 10
  seed 123456
  mineval 50000000
  maxeval 50000000
  nstart 1000000
  nincrease 1000000
  nbatch 5000
  gridno 0
  statefile ""

Iteration 1:  1000000 integrand evaluations so far
[1] -9168.05 +- 8221.68  	chisq 0 (0 df)

Iteration 2:  3000000 integrand evaluations so far
[1] -259.21 +- 1724.09  	chisq 1.22815 (1 df)

Iteration 3:  6000000 integrand evaluations so far
[1] -146.831 +- 872.596  	chisq 1.23386 (2 df)

Iteration 4:  10000000 integrand evaluations so far
[1] -81.1915 +- 870.126  	chisq 2.23446 (3 df)

Iteration 5:  15000000 integrand evaluations so far
[1] -92.9542 +- 385.92  	chisq 2.23469 (4 df)

Iteration 6:  21000000 integrand evaluations so far
[1] -484.102 +- 321.034  	chisq 5.57004 (5 df)

Iteration 7:  28000000 integrand evaluations so far
[1] -621.529 +- 277.542  	chisq 6.29549 (6 df)

Iteration 8:  36000000 integrand evaluations so far
[1] -407.023 +- 243.375  	chisq 8.88074 (7 df)

Iteration 9:  45000000 integrand evaluations so far
[1] -559.945 +- 182.28  	chisq 9.77998 (8 df)

Iteration 10:  55000000 integrand evaluations so far
[1] -581.933 +- 165.304  	chisq 9.86192 (9 df)
    -580 ±    170        (4.74mi) ┃Vegas input parameters:
  ndim 8
  ncomp 1
  nvec 1
  epsrel 0
  epsabs 0
  flags 10
  seed 123456
  mineval 5000000
  maxeval 50000000
  nstart 1000000
  nincrease 1000000
  nbatch 5000
  gridno 0
  statefile ""

Iteration 1:  1000000 integrand evaluations so far
[1] 1933.11 +- 300.251  	chisq 0 (0 df)

Iteration 2:  3000000 integrand evaluations so far
[1] 1386.34 +- 83.3302  	chisq 3.59293 (1 df)

Iteration 3:  6000000 integrand evaluations so far
[1] 1485.53 +- 78.0581  	chisq 15.1569 (2 df)

Iteration 4:  10000000 integrand evaluations so far
[1] 1671.61 +- 56.5493  	chisq 27.1157 (3 df)

Iteration 5:  15000000 integrand evaluations so far
[1] 1775.62 +- 46.8377  	chisq 37.8904 (4 df)

Iteration 6:  21000000 integrand evaluations so far
[1] 1848.74 +- 32.2038  	chisq 42.5125 (5 df)

Iteration 7:  28000000 integrand evaluations so far
[1] 1914.15 +- 23.9588  	chisq 51.7527 (6 df)

Iteration 8:  36000000 integrand evaluations so far
[1] 1915.47 +- 18.3676  	chisq 51.7601 (7 df)

Iteration 9:  45000000 integrand evaluations so far
[1] 1926.6 +- 14.553  	chisq 52.7451 (8 df)

Iteration 10:  55000000 integrand evaluations so far
[1] 1938.65 +- 11.8421  	chisq 54.7766 (9 df)
   1.939 ±  0.012 ·10⁺⁰³ (1.72mi) ┃    1.52 ±   0.17 ·10⁺⁰³ (22.3mi) ┃
┃   24 -    26 ┃   34 -    35 ┃ 1.66893 ± 0.00076 ·10⁺⁰³ (1.12mi) ┃-1.52362 ± 0.00079 ·10⁺⁰³ (14.5mi) ┃Vegas input parameters:
  ndim 10
  ncomp 1
  nvec 1
  epsrel 0
  epsabs 0
  flags 10
  seed 123456
  mineval 50000000
  maxeval 50000000
  nstart 1000000
  nincrease 1000000
  nbatch 5000
  gridno 0
  statefile ""

Iteration 1:  1000000 integrand evaluations so far
[1] -20.1199 +- 392.807  	chisq 0 (0 df)

Iteration 2:  3000000 integrand evaluations so far
[1] -385.223 +- 321.29  	chisq 2.61015 (1 df)

Iteration 3:  6000000 integrand evaluations so far
[1] -352.253 +- 185.042  	chisq 2.62591 (2 df)

Iteration 4:  10000000 integrand evaluations so far
[1] -336.342 +- 184.434  	chisq 3.75405 (3 df)

Iteration 5:  15000000 integrand evaluations so far
[1] -288.452 +- 176.07  	chisq 4.51463 (4 df)

Iteration 6:  21000000 integrand evaluations so far
[1] -231.426 +- 168.662  	chisq 5.78808 (5 df)

Iteration 7:  28000000 integrand evaluations so far
[1] -271.008 +- 159.996  	chisq 6.33817 (6 df)

Iteration 8:  36000000 integrand evaluations so far
[1] -316.076 +- 139.628  	chisq 6.671 (7 df)

Iteration 9:  45000000 integrand evaluations so far
[1] -283.579 +- 122.016  	chisq 6.90017 (8 df)

Iteration 10:  55000000 integrand evaluations so far
[1] -321.529 +- 112.987  	chisq 7.57898 (9 df)
    -320 ±    110        (4.66mi) ┃Vegas input parameters:
  ndim 8
  ncomp 1
  nvec 1
  epsrel 0
  epsabs 0
  flags 10
  seed 123456
  mineval 5000000
  maxeval 50000000
  nstart 1000000
  nincrease 1000000
  nbatch 5000
  gridno 0
  statefile ""

Iteration 1:  1000000 integrand evaluations so far
[1] 1922.61 +- 288.39  	chisq 0 (0 df)

Iteration 2:  3000000 integrand evaluations so far
[1] 1695.02 +- 155.615  	chisq 0.87868 (1 df)

Iteration 3:  6000000 integrand evaluations so far
[1] 1630.44 +- 88.5411  	chisq 1.13329 (2 df)

Iteration 4:  10000000 integrand evaluations so far
[1] 1717.05 +- 77.7208  	chisq 5.30303 (3 df)

Iteration 5:  15000000 integrand evaluations so far
[1] 1831.45 +- 51.8061  	chisq 9.20204 (4 df)

Iteration 6:  21000000 integrand evaluations so far
[1] 1848.86 +- 34.2672  	chisq 9.40277 (5 df)

Iteration 7:  28000000 integrand evaluations so far
[1] 1820.95 +- 24.5553  	chisq 10.7665 (6 df)

Iteration 8:  36000000 integrand evaluations so far
[1] 1817.48 +- 18.9936  	chisq 10.8161 (7 df)

Iteration 9:  45000000 integrand evaluations so far
[1] 1830.98 +- 14.738  	chisq 12.0858 (8 df)

Iteration 10:  55000000 integrand evaluations so far
[1] 1831.09 +- 12.5261  	chisq 12.086 (9 df)
   1.831 ±  0.013 ·10⁺⁰³ ( 1.7mi) ┃    1.65 ±   0.11 ·10⁺⁰³ (  22mi) ┃
┃   24 -    26 ┃   35 -    36 ┃ 1.62772 ± 0.00079 ·10⁺⁰³ ( 40.1s) ┃ -1.4857 ± 0.00043 ·10⁺⁰³ (14.3mi) ┃Vegas input parameters:
  ndim 10
  ncomp 1
  nvec 1
  epsrel 0
  epsabs 0
  flags 10
  seed 123456
  mineval 50000000
  maxeval 50000000
  nstart 1000000
  nincrease 1000000
  nbatch 5000
  gridno 0
  statefile ""

Iteration 1:  1000000 integrand evaluations so far
[1] 1777.38 +- 1005.37  	chisq 0 (0 df)

Iteration 2:  3000000 integrand evaluations so far
[1] 179.142 +- 390.841  	chisq 2.97708 (1 df)

Iteration 3:  6000000 integrand evaluations so far
[1] 80.6528 +- 346.923  	chisq 3.27646 (2 df)

Iteration 4:  10000000 integrand evaluations so far
[1] -63.0494 +- 190.495  	chisq 3.5221 (3 df)

Iteration 5:  15000000 integrand evaluations so far
[1] -71.2061 +- 186.861  	chisq 3.57063 (4 df)

Iteration 6:  21000000 integrand evaluations so far
[1] -114.665 +- 173.322  	chisq 3.95791 (5 df)

Iteration 7:  28000000 integrand evaluations so far
[1] -128.252 +- 172.746  	chisq 4.88342 (6 df)

Iteration 8:  36000000 integrand evaluations so far
[1] -161.735 +- 171.201  	chisq 6.99298 (7 df)

Iteration 9:  45000000 integrand evaluations so far
[1] -213.67 +- 162.392  	chisq 7.91096 (8 df)

Iteration 10:  55000000 integrand evaluations so far
[1] -201.135 +- 162.134  	chisq 9.78255 (9 df)
    -200 ±    160        (4.69mi) ┃Vegas input parameters:
  ndim 8
  ncomp 1
  nvec 1
  epsrel 0
  epsabs 0
  flags 10
  seed 123456
  mineval 5000000
  maxeval 50000000
  nstart 1000000
  nincrease 1000000
  nbatch 5000
  gridno 0
  statefile ""

Iteration 1:  1000000 integrand evaluations so far
[1] 1510.86 +- 264.858  	chisq 0 (0 df)

Iteration 2:  3000000 integrand evaluations so far
[1] 1474.64 +- 193.995  	chisq 0.040335 (1 df)

Iteration 3:  6000000 integrand evaluations so far
[1] 1421.24 +- 99.7751  	chisq 0.143362 (2 df)

Iteration 4:  10000000 integrand evaluations so far
[1] 1494.52 +- 70.2856  	chisq 1.21427 (3 df)

Iteration 5:  15000000 integrand evaluations so far
[1] 1609.03 +- 56.6299  	chisq 8.77915 (4 df)

Iteration 6:  21000000 integrand evaluations so far
[1] 1587.81 +- 32.1867  	chisq 8.9864 (5 df)

Iteration 7:  28000000 integrand evaluations so far
[1] 1617.96 +- 29.3957  	chisq 14.2732 (6 df)

Iteration 8:  36000000 integrand evaluations so far
[1] 1662.92 +- 22.8407  	chisq 20.1772 (7 df)

Iteration 9:  45000000 integrand evaluations so far
[1] 1675.87 +- 16.6067  	chisq 20.8594 (8 df)

Iteration 10:  55000000 integrand evaluations so far
[1] 1693.47 +- 14.7425  	chisq 26.1554 (9 df)
   1.693 ±  0.015 ·10⁺⁰³ (1.76mi) ┃    1.63 ±   0.16 ·10⁺⁰³ (21.4mi) ┃
┃   24 -    26 ┃   36 -    37 ┃ 1.50031 ± 0.00047 ·10⁺⁰³ ( 2.2mi) ┃-1.37159 ± 0.00094 ·10⁺⁰³ (  14mi) ┃Vegas input parameters:
  ndim 10
  ncomp 1
  nvec 1
  epsrel 0
  epsabs 0
  flags 10
  seed 123456
  mineval 50000000
  maxeval 50000000
  nstart 1000000
  nincrease 1000000
  nbatch 5000
  gridno 0
  statefile ""

Iteration 1:  1000000 integrand evaluations so far
[1] -1479.16 +- 1450.24  	chisq 0 (0 df)

Iteration 2:  3000000 integrand evaluations so far
[1] -601.523 +- 380.319  	chisq 0.393276 (1 df)

Iteration 3:  6000000 integrand evaluations so far
[1] -498.674 +- 365.153  	chisq 1.32889 (2 df)

Iteration 4:  10000000 integrand evaluations so far
[1] -392.503 +- 357.683  	chisq 3.41665 (3 df)

Iteration 5:  15000000 integrand evaluations so far
[1] -401.06 +- 255.716  	chisq 3.41782 (4 df)

Iteration 6:  21000000 integrand evaluations so far
[1] -385.688 +- 235.904  	chisq 3.44208 (5 df)

Iteration 7:  28000000 integrand evaluations so far
[1] -408.409 +- 227.142  	chisq 3.56933 (6 df)

Iteration 8:  36000000 integrand evaluations so far
[1] -36.384 +- 146.473  	chisq 8.16141 (7 df)

Iteration 9:  45000000 integrand evaluations so far
[1] -62.4094 +- 133.29  	chisq 8.34507 (8 df)

Iteration 10:  55000000 integrand evaluations so far
[1] -38.2346 +- 126.555  	chisq 8.67898 (9 df)
     -40 ±    130        (4.66mi) ┃Vegas input parameters:
  ndim 8
  ncomp 1
  nvec 1
  epsrel 0
  epsabs 0
  flags 10
  seed 123456
  mineval 5000000
  maxeval 50000000
  nstart 1000000
  nincrease 1000000
  nbatch 5000
  gridno 0
  statefile ""

Iteration 1:  1000000 integrand evaluations so far
[1] 1012.53 +- 192.699  	chisq 0 (0 df)

Iteration 2:  3000000 integrand evaluations so far
[1] 1059.22 +- 143.85  	chisq 0.132596 (1 df)

Iteration 3:  6000000 integrand evaluations so far
[1] 1162.53 +- 112.919  	chisq 1.47631 (2 df)

Iteration 4:  10000000 integrand evaluations so far
[1] 1314.71 +- 77.788  	chisq 4.93294 (3 df)

Iteration 5:  15000000 integrand evaluations so far
[1] 1465.77 +- 58.5508  	chisq 13.6341 (4 df)

Iteration 6:  21000000 integrand evaluations so far
[1] 1534.9 +- 35.4699  	chisq 15.8364 (5 df)

Iteration 7:  28000000 integrand evaluations so far
[1] 1571.07 +- 23.1965  	chisq 17.6533 (6 df)

Iteration 8:  36000000 integrand evaluations so far
[1] 1554.34 +- 16.103  	chisq 18.6577 (7 df)

Iteration 9:  45000000 integrand evaluations so far
[1] 1584.51 +- 13.753  	chisq 31.6303 (8 df)

Iteration 10:  55000000 integrand evaluations so far
[1] 1597.44 +- 12.328  	chisq 36.1313 (9 df)
   1.597 ±  0.012 ·10⁺⁰³ (1.69mi) ┃    1.69 ±   0.13 ·10⁺⁰³ (22.5mi) ┃
┃   24 -    26 ┃   37 -    38 ┃ 1.47769 ± 0.00039 ·10⁺⁰³ (4.07mi) ┃ -1.3519 ± 0.0012 ·10⁺⁰³ (  14mi) ┃Vegas input parameters:
  ndim 10
  ncomp 1
  nvec 1
  epsrel 0
  epsabs 0
  flags 10
  seed 123456
  mineval 50000000
  maxeval 50000000
  nstart 1000000
  nincrease 1000000
  nbatch 5000
  gridno 0
  statefile ""

Iteration 1:  1000000 integrand evaluations so far
[1] -9737 +- 10062.1  	chisq 0 (0 df)

Iteration 2:  3000000 integrand evaluations so far
[1] -196.531 +- 95.9242  	chisq 0.89908 (1 df)

Iteration 3:  6000000 integrand evaluations so far
[1] -191.216 +- 95.2339  	chisq 1.11318 (2 df)

Iteration 4:  10000000 integrand evaluations so far
[1] -161.546 +- 92.0688  	chisq 2.59804 (3 df)

Iteration 5:  15000000 integrand evaluations so far
[1] -168.763 +- 90.5978  	chisq 2.79186 (4 df)

Iteration 6:  21000000 integrand evaluations so far
[1] -156.785 +- 83.1871  	chisq 2.90326 (5 df)

Iteration 7:  28000000 integrand evaluations so far
[1] -152.754 +- 82.6035  	chisq 3.07118 (6 df)

Iteration 8:  36000000 integrand evaluations so far
[1] -139.717 +- 82.1141  	chisq 5.17974 (7 df)

Iteration 9:  45000000 integrand evaluations so far
[1] -149.245 +- 77.1609  	chisq 5.2948 (8 df)

Iteration 10:  55000000 integrand evaluations so far
[1] -125.993 +- 75.5082  	chisq 7.43755 (9 df)
    -126 ±     76        (4.73mi) ┃Vegas input parameters:
  ndim 8
  ncomp 1
  nvec 1
  epsrel 0
  epsabs 0
  flags 10
  seed 123456
  mineval 5000000
  maxeval 50000000
  nstart 1000000
  nincrease 1000000
  nbatch 5000
  gridno 0
  statefile ""

Iteration 1:  1000000 integrand evaluations so far
[1] 1627.22 +- 254.698  	chisq 0 (0 df)

Iteration 2:  3000000 integrand evaluations so far
[1] 1672.88 +- 226.831  	chisq 0.155323 (1 df)

Iteration 3:  6000000 integrand evaluations so far
[1] 1598.51 +- 175.553  	chisq 0.423337 (2 df)

Iteration 4:  10000000 integrand evaluations so far
[1] 1635.06 +- 122.141  	chisq 0.50732 (3 df)

Iteration 5:  15000000 integrand evaluations so far
[1] 1554.29 +- 61.3977  	chisq 1.09248 (4 df)

Iteration 6:  21000000 integrand evaluations so far
[1] 1560.2 +- 36.8132  	chisq 1.10697 (5 df)

Iteration 7:  28000000 integrand evaluations so far
[1] 1574.14 +- 24.2462  	chisq 1.3601 (6 df)

Iteration 8:  36000000 integrand evaluations so far
[1] 1555.3 +- 17.3783  	chisq 2.60185 (7 df)

Iteration 9:  45000000 integrand evaluations so far
[1] 1552.84 +- 13.2777  	chisq 2.64981 (8 df)

Iteration 10:  55000000 integrand evaluations so far
[1] 1560.4 +- 10.8449  	chisq 3.62487 (9 df)
    1.56 ±  0.011 ·10⁺⁰³ ( 1.7mi) ┃    1.56 ±  0.076 ·10⁺⁰³ (24.5mi) ┃
┃   24 -    26 ┃   38 -    39 ┃ 1.41272 ± 0.00034 ·10⁺⁰³ (2.17mi) ┃-1.29227 ± 0.00035 ·10⁺⁰³ (13.8mi) ┃Vegas input parameters:
  ndim 10
  ncomp 1
  nvec 1
  epsrel 0
  epsabs 0
  flags 10
  seed 123456
  mineval 50000000
  maxeval 50000000
  nstart 1000000
  nincrease 1000000
  nbatch 5000
  gridno 0
  statefile ""

Iteration 1:  1000000 integrand evaluations so far
[1] 560.022 +- 487.04  	chisq 0 (0 df)

Iteration 2:  3000000 integrand evaluations so far
[1] 81.631 +- 289.817  	chisq 1.49371 (1 df)

Iteration 3:  6000000 integrand evaluations so far
[1] -195.595 +- 157.83  	chisq 2.79449 (2 df)

Iteration 4:  10000000 integrand evaluations so far
[1] -110.74 +- 133.138  	chisq 3.79669 (3 df)

Iteration 5:  15000000 integrand evaluations so far
[1] -139.699 +- 104.384  	chisq 3.91948 (4 df)

Iteration 6:  21000000 integrand evaluations so far
[1] -97.8976 +- 98.8602  	chisq 5.47585 (5 df)

Iteration 7:  28000000 integrand evaluations so far
[1] -102.513 +- 96.5879  	chisq 5.52382 (6 df)

Iteration 8:  36000000 integrand evaluations so far
[1] -83.993 +- 94.8106  	chisq 6.53217 (7 df)

Iteration 9:  45000000 integrand evaluations so far
[1] -82.6794 +- 85.5109  	chisq 6.53319 (8 df)

Iteration 10:  55000000 integrand evaluations so far
[1] -87.8603 +- 84.2564  	chisq 6.65923 (9 df)
     -88 ±     84        (4.64mi) ┃Vegas input parameters:
  ndim 8
  ncomp 1
  nvec 1
  epsrel 0
  epsabs 0
  flags 10
  seed 123456
  mineval 5000000
  maxeval 50000000
  nstart 1000000
  nincrease 1000000
  nbatch 5000
  gridno 0
  statefile ""

Iteration 1:  1000000 integrand evaluations so far
[1] 1405.14 +- 259.632  	chisq 0 (0 df)

Iteration 2:  3000000 integrand evaluations so far
[1] 1415.89 +- 172.979  	chisq 0.00308632 (1 df)

Iteration 3:  6000000 integrand evaluations so far
[1] 1479.37 +- 98.9082  	chisq 0.203157 (2 df)

Iteration 4:  10000000 integrand evaluations so far
[1] 1466.01 +- 57.9628  	chisq 0.230966 (3 df)

Iteration 5:  15000000 integrand evaluations so far
[1] 1401.43 +- 30.8372  	chisq 1.9619 (4 df)

Iteration 6:  21000000 integrand evaluations so far
[1] 1408.37 +- 20.4945  	chisq 2.05262 (5 df)

Iteration 7:  28000000 integrand evaluations so far
[1] 1440.39 +- 15.0596  	chisq 7.35816 (6 df)

Iteration 8:  36000000 integrand evaluations so far
[1] 1460.41 +- 13.3993  	chisq 15.8415 (7 df)

Iteration 9:  45000000 integrand evaluations so far
[1] 1473.68 +- 11.742  	chisq 20.0647 (8 df)

Iteration 10:  55000000 integrand evaluations so far
[1] 1477.89 +- 9.84783  	chisq 20.4974 (9 df)
  1.4779 ± 0.0098 ·10⁺⁰³ (1.68mi) ┃    1.51 ±  0.085 ·10⁺⁰³ (22.3mi) ┃
┃   24 -    26 ┃   39 -    40 ┃   1.409 ± 0.0013 ·10⁺⁰³ ( 39.1s) ┃ -1.2882 ±  0.001 ·10⁺⁰³ (13.8mi) ┃Vegas input parameters:
  ndim 10
  ncomp 1
  nvec 1
  epsrel 0
  epsabs 0
  flags 10
  seed 123456
  mineval 50000000
  maxeval 50000000
  nstart 1000000
  nincrease 1000000
  nbatch 5000
  gridno 0
  statefile ""

Iteration 1:  1000000 integrand evaluations so far
[1] -673.634 +- 953.435  	chisq 0 (0 df)

Iteration 2:  3000000 integrand evaluations so far
[1] -823.077 +- 502.385  	chisq 0.0340108 (1 df)

Iteration 3:  6000000 integrand evaluations so far
[1] -325.844 +- 199.442  	chisq 1.19688 (2 df)

Iteration 4:  10000000 integrand evaluations so far
[1] -406.673 +- 188.271  	chisq 2.70529 (3 df)

Iteration 5:  15000000 integrand evaluations so far
[1] -408.577 +- 178.711  	chisq 2.70632 (4 df)

Iteration 6:  21000000 integrand evaluations so far
[1] -405.481 +- 177.063  	chisq 2.72267 (5 df)

Iteration 7:  28000000 integrand evaluations so far
[1] -397.038 +- 176.855  	chisq 3.69174 (6 df)

Iteration 8:  36000000 integrand evaluations so far
[1] -345.942 +- 167.101  	chisq 4.46986 (7 df)

Iteration 9:  45000000 integrand evaluations so far
[1] -363.258 +- 150.641  	chisq 4.52719 (8 df)

Iteration 10:  55000000 integrand evaluations so far
[1] -240.883 +- 122.66  	chisq 6.48557 (9 df)
    -240 ±    120        (4.61mi) ┃Vegas input parameters:
  ndim 8
  ncomp 1
  nvec 1
  epsrel 0
  epsabs 0
  flags 10
  seed 123456
  mineval 5000000
  maxeval 50000000
  nstart 1000000
  nincrease 1000000
  nbatch 5000
  gridno 0
  statefile ""

Iteration 1:  1000000 integrand evaluations so far
[1] 1413.99 +- 235.379  	chisq 0 (0 df)

Iteration 2:  3000000 integrand evaluations so far
[1] 1404.79 +- 136.213  	chisq 0.00229653 (1 df)

Iteration 3:  6000000 integrand evaluations so far
[1] 1248.6 +- 64.9383  	chisq 1.70383 (2 df)

Iteration 4:  10000000 integrand evaluations so far
[1] 1340.53 +- 44.3225  	chisq 5.45554 (3 df)

Iteration 5:  15000000 integrand evaluations so far
[1] 1375.46 +- 34.1413  	chisq 6.98331 (4 df)

Iteration 6:  21000000 integrand evaluations so far
[1] 1406.29 +- 24.1821  	chisq 8.61942 (5 df)

Iteration 7:  28000000 integrand evaluations so far
[1] 1411.05 +- 16.4823  	chisq 8.69193 (6 df)

Iteration 8:  36000000 integrand evaluations so far
[1] 1420.07 +- 12.2806  	chisq 9.36476 (7 df)

Iteration 9:  45000000 integrand evaluations so far
[1] 1421.12 +- 12.1987  	chisq 9.9164 (8 df)

Iteration 10:  55000000 integrand evaluations so far
[1] 1423.95 +- 11.4541  	chisq 10.3695 (9 df)
   1.424 ±  0.011 ·10⁺⁰³ (1.69mi) ┃     1.3 ±   0.12 ·10⁺⁰³ (20.8mi) ┃
┃   24 -    26 ┃   40 -    41 ┃ 1.35863 ± 0.00084 ·10⁺⁰³ (1.11mi) ┃-1.24141 ± 0.00085 ·10⁺⁰³ (6.93mi) ┃Vegas input parameters:
  ndim 10
  ncomp 1
  nvec 1
  epsrel 0
  epsabs 0
  flags 10
  seed 123456
  mineval 50000000
  maxeval 50000000
  nstart 1000000
  nincrease 1000000
  nbatch 5000
  gridno 0
  statefile ""

Iteration 1:  1000000 integrand evaluations so far
[1] 1491.2 +- 1398.98  	chisq 0 (0 df)

Iteration 2:  3000000 integrand evaluations so far
[1] 185.906 +- 263.26  	chisq 0.902521 (1 df)

Iteration 3:  6000000 integrand evaluations so far
[1] 79.6442 +- 172.799  	chisq 1.18877 (2 df)

Iteration 4:  10000000 integrand evaluations so far
[1] -3.38933 +- 163.163  	chisq 3.31856 (3 df)

Iteration 5:  15000000 integrand evaluations so far
[1] -34.4839 +- 161.185  	chisq 4.82549 (4 df)

Iteration 6:  21000000 integrand evaluations so far
[1] -4.63884 +- 132.142  	chisq 4.93005 (5 df)

Iteration 7:  28000000 integrand evaluations so far
[1] -13.0023 +- 116.423  	chisq 4.94795 (6 df)

Iteration 8:  36000000 integrand evaluations so far
[1] -28.9809 +- 111.714  	chisq 5.18564 (7 df)

Iteration 9:  45000000 integrand evaluations so far
[1] -56.5243 +- 104.373  	chisq 5.66387 (8 df)

Iteration 10:  55000000 integrand evaluations so far
[1] -73.2974 +- 97.7418  	chisq 5.87378 (9 df)
     -73 ±     98        (4.69mi) ┃Vegas input parameters:
  ndim 8
  ncomp 1
  nvec 1
  epsrel 0
  epsabs 0
  flags 10
  seed 123456
  mineval 5000000
  maxeval 50000000
  nstart 1000000
  nincrease 1000000
  nbatch 5000
  gridno 0
  statefile ""

Iteration 1:  1000000 integrand evaluations so far
[1] 1593.51 +- 248.853  	chisq 0 (0 df)

Iteration 2:  3000000 integrand evaluations so far
[1] 1228.56 +- 95.0529  	chisq 2.51807 (1 df)

Iteration 3:  6000000 integrand evaluations so far
[1] 1309.19 +- 74.6234  	chisq 4.39345 (2 df)

Iteration 4:  10000000 integrand evaluations so far
[1] 1352.96 +- 45.9227  	chisq 4.94713 (3 df)

Iteration 5:  15000000 integrand evaluations so far
[1] 1362.8 +- 29.6179  	chisq 5.02584 (4 df)

Iteration 6:  21000000 integrand evaluations so far
[1] 1390.9 +- 22.6825  	chisq 7.20256 (5 df)

Iteration 7:  28000000 integrand evaluations so far
[1] 1388.54 +- 16.5396  	chisq 7.22571 (6 df)

Iteration 8:  36000000 integrand evaluations so far
[1] 1393.65 +- 16.0154  	chisq 8.75337 (7 df)

Iteration 9:  45000000 integrand evaluations so far
[1] 1403.87 +- 14.3157  	chisq 10.7794 (8 df)

Iteration 10:  55000000 integrand evaluations so far
[1] 1403.72 +- 11.5033  	chisq 10.7797 (9 df)
   1.404 ±  0.012 ·10⁺⁰³ (1.69mi) ┃   1.448 ±  0.098 ·10⁺⁰³ (14.4mi) ┃
┃   24 -    26 ┃   41 -    42 ┃ 1.31538 ± 0.00011 ·10⁺⁰³ ( 1.3mi) ┃-1.19885 ± 0.00028 ·10⁺⁰³ (27.2mi) ┃Vegas input parameters:
  ndim 10
  ncomp 1
  nvec 1
  epsrel 0
  epsabs 0
  flags 10
  seed 123456
  mineval 50000000
  maxeval 50000000
  nstart 1000000
  nincrease 1000000
  nbatch 5000
  gridno 0
  statefile ""

Iteration 1:  1000000 integrand evaluations so far
[1] -1412.3 +- 1427.73  	chisq 0 (0 df)

Iteration 2:  3000000 integrand evaluations so far
[1] -35.813 +- 733.857  	chisq 1.26324 (1 df)

Iteration 3:  6000000 integrand evaluations so far
[1] -123.761 +- 417.291  	chisq 1.28446 (2 df)

Iteration 4:  10000000 integrand evaluations so far
[1] -376.849 +- 317.07  	chisq 2.15477 (3 df)

Iteration 5:  15000000 integrand evaluations so far
[1] -474.309 +- 246.438  	chisq 2.39342 (4 df)

Iteration 6:  21000000 integrand evaluations so far
[1] -366.386 +- 239.247  	chisq 5.72811 (5 df)

Iteration 7:  28000000 integrand evaluations so far
[1] -385.449 +- 204.395  	chisq 5.75161 (6 df)

Iteration 8:  36000000 integrand evaluations so far
[1] -274.106 +- 197.813  	chisq 10.4346 (7 df)

Iteration 9:  45000000 integrand evaluations so far
[1] -343.728 +- 173.788  	chisq 10.9775 (8 df)

Iteration 10:  55000000 integrand evaluations so far
[1] -239.512 +- 152.092  	chisq 12.5137 (9 df)
    -240 ±    150        ( 4.7mi) ┃Vegas input parameters:
  ndim 8
  ncomp 1
  nvec 1
  epsrel 0
  epsabs 0
  flags 10
  seed 123456
  mineval 5000000
  maxeval 50000000
  nstart 1000000
  nincrease 1000000
  nbatch 5000
  gridno 0
  statefile ""

Iteration 1:  1000000 integrand evaluations so far
[1] 1405.98 +- 245.744  	chisq 0 (0 df)

Iteration 2:  3000000 integrand evaluations so far
[1] 1245.74 +- 150.449  	chisq 0.680075 (1 df)

Iteration 3:  6000000 integrand evaluations so far
[1] 1379.73 +- 94.7881  	chisq 1.99541 (2 df)

Iteration 4:  10000000 integrand evaluations so far
[1] 1335.77 +- 50.1939  	chisq 2.29438 (3 df)

Iteration 5:  15000000 integrand evaluations so far
[1] 1381.22 +- 37.9015  	chisq 4.20187 (4 df)

Iteration 6:  21000000 integrand evaluations so far
[1] 1393.31 +- 28.9134  	chisq 4.44526 (5 df)

Iteration 7:  28000000 integrand evaluations so far
[1] 1406.67 +- 19.7308  	chisq 4.84509 (6 df)

Iteration 8:  36000000 integrand evaluations so far
[1] 1399.52 +- 14.1444  	chisq 5.11539 (7 df)

Iteration 9:  45000000 integrand evaluations so far
[1] 1384.82 +- 10.8675  	chisq 7.75111 (8 df)

Iteration 10:  55000000 integrand evaluations so far
[1] 1393.26 +- 9.48396  	chisq 10.282 (9 df)
  1.3933 ± 0.0095 ·10⁺⁰³ (1.72mi) ┃    1.27 ±   0.15 ·10⁺⁰³ (34.9mi) ┃
┃   24 -    26 ┃   42 -    43 ┃ 1.29445 ± 0.00074 ·10⁺⁰³ (2.22mi) ┃ -1.1818 ± 0.00023 ·10⁺⁰³ (  27mi) ┃Vegas input parameters:
  ndim 10
  ncomp 1
  nvec 1
  epsrel 0
  epsabs 0
  flags 10
  seed 123456
  mineval 50000000
  maxeval 50000000
  nstart 1000000
  nincrease 1000000
  nbatch 5000
  gridno 0
  statefile ""

Iteration 1:  1000000 integrand evaluations so far
[1] 266.202 +- 553.682  	chisq 0 (0 df)

Iteration 2:  3000000 integrand evaluations so far
[1] -110.365 +- 191.586  	chisq 0.525471 (1 df)

Iteration 3:  6000000 integrand evaluations so far
[1] -161.91 +- 185.348  	chisq 1.65541 (2 df)

Iteration 4:  10000000 integrand evaluations so far
[1] -195.41 +- 149.774  	chisq 1.74954 (3 df)

Iteration 5:  15000000 integrand evaluations so far
[1] -216.967 +- 126.442  	chisq 1.82165 (4 df)

Iteration 6:  21000000 integrand evaluations so far
[1] -212.855 +- 122.37  	chisq 1.83834 (5 df)

Iteration 7:  28000000 integrand evaluations so far
[1] -231.219 +- 117.03  	chisq 2.10216 (6 df)

Iteration 8:  36000000 integrand evaluations so far
[1] -136.088 +- 106.225  	chisq 5.85371 (7 df)

Iteration 9:  45000000 integrand evaluations so far
[1] -178.76 +- 93.278  	chisq 6.5587 (8 df)

Iteration 10:  55000000 integrand evaluations so far
[1] -187.538 +- 92.9595  	chisq 7.8579 (9 df)
    -188 ±     93        ( 4.7mi) ┃Vegas input parameters:
  ndim 8
  ncomp 1
  nvec 1
  epsrel 0
  epsabs 0
  flags 10
  seed 123456
  mineval 5000000
  maxeval 50000000
  nstart 1000000
  nincrease 1000000
  nbatch 5000
  gridno 0
  statefile ""

Iteration 1:  1000000 integrand evaluations so far
[1] 1444.65 +- 243.47  	chisq 0 (0 df)

Iteration 2:  3000000 integrand evaluations so far
[1] 1404.85 +- 170.047  	chisq 0.0521648 (1 df)

Iteration 3:  6000000 integrand evaluations so far
[1] 1454.36 +- 143.92  	chisq 0.350911 (2 df)

Iteration 4:  10000000 integrand evaluations so far
[1] 1444.18 +- 94.3828  	chisq 0.35969 (3 df)

Iteration 5:  15000000 integrand evaluations so far
[1] 1413.16 +- 68.1274  	chisq 0.585196 (4 df)

Iteration 6:  21000000 integrand evaluations so far
[1] 1342.98 +- 37.2591  	chisq 2.09922 (5 df)

Iteration 7:  28000000 integrand evaluations so far
[1] 1358.5 +- 35.4344  	chisq 3.91582 (6 df)

Iteration 8:  36000000 integrand evaluations so far
[1] 1377.24 +- 26.7529  	chisq 4.56613 (7 df)

Iteration 9:  45000000 integrand evaluations so far
[1] 1338.57 +- 15.7544  	chisq 7.76484 (8 df)

Iteration 10:  55000000 integrand evaluations so far
[1] 1354.55 +- 14.0227  	chisq 12.721 (9 df)
   1.355 ±  0.014 ·10⁺⁰³ ( 1.7mi) ┃    1.28 ±  0.094 ·10⁺⁰³ (35.6mi) ┃
┃   24 -    26 ┃   43 -    44 ┃ 1.31328 ± 0.00024 ·10⁺⁰³ ( 1.9mi) ┃-1.19811 ± 0.00085 ·10⁺⁰³ ( 6.8mi) ┃Vegas input parameters:
  ndim 10
  ncomp 1
  nvec 1
  epsrel 0
  epsabs 0
  flags 10
  seed 123456
  mineval 50000000
  maxeval 50000000
  nstart 1000000
  nincrease 1000000
  nbatch 5000
  gridno 0
  statefile ""

Iteration 1:  1000000 integrand evaluations so far
[1] -832.024 +- 449.721  	chisq 0 (0 df)

Iteration 2:  3000000 integrand evaluations so far
[1] -285.11 +- 375.858  	chisq 4.90517 (1 df)

Iteration 3:  6000000 integrand evaluations so far
[1] -283.258 +- 256.891  	chisq 4.90522 (2 df)

Iteration 4:  10000000 integrand evaluations so far
[1] -297.191 +- 256.379  	chisq 5.64319 (3 df)

Iteration 5:  15000000 integrand evaluations so far
[1] -133.022 +- 147.773  	chisq 6.25722 (4 df)

Iteration 6:  21000000 integrand evaluations so far
[1] -150.005 +- 145.785  	chisq 6.75136 (5 df)

Iteration 7:  28000000 integrand evaluations so far
[1] -144.862 +- 140.598  	chisq 6.76916 (6 df)

Iteration 8:  36000000 integrand evaluations so far
[1] -188.755 +- 121.964  	chisq 7.16294 (7 df)

Iteration 9:  45000000 integrand evaluations so far
[1] -225.262 +- 109.663  	chisq 7.63068 (8 df)

Iteration 10:  55000000 integrand evaluations so far
[1] -256.612 +- 91.7003  	chisq 7.9024 (9 df)
    -257 ±     92        (4.77mi) ┃Vegas input parameters:
  ndim 8
  ncomp 1
  nvec 1
  epsrel 0
  epsabs 0
  flags 10
  seed 123456
  mineval 5000000
  maxeval 50000000
  nstart 1000000
  nincrease 1000000
  nbatch 5000
  gridno 0
  statefile ""

Iteration 1:  1000000 integrand evaluations so far
[1] 1715.91 +- 284.769  	chisq 0 (0 df)

Iteration 2:  3000000 integrand evaluations so far
[1] 1608.33 +- 222.077  	chisq 0.364171 (1 df)

Iteration 3:  6000000 integrand evaluations so far
[1] 1376.63 +- 151.77  	chisq 2.40673 (2 df)

Iteration 4:  10000000 integrand evaluations so far
[1] 1417.98 +- 144.09  	chisq 3.15906 (3 df)

Iteration 5:  15000000 integrand evaluations so far
[1] 1397.49 +- 91.5355  	chisq 3.19295 (4 df)

Iteration 6:  21000000 integrand evaluations so far
[1] 1421.18 +- 67.2314  	chisq 3.3384 (5 df)

Iteration 7:  28000000 integrand evaluations so far
[1] 1372.84 +- 32.9872  	chisq 4.01921 (6 df)

Iteration 8:  36000000 integrand evaluations so far
[1] 1366.34 +- 20.2068  	chisq 4.08146 (7 df)

Iteration 9:  45000000 integrand evaluations so far
[1] 1363.97 +- 14.2706  	chisq 4.10883 (8 df)

Iteration 10:  55000000 integrand evaluations so far
[1] 1361.94 +- 11.1017  	chisq 4.1604 (9 df)
   1.362 ±  0.011 ·10⁺⁰³ (1.72mi) ┃    1.22 ±  0.092 ·10⁺⁰³ (15.2mi) ┃
┃   24 -    26 ┃   44 -    45 ┃  1.3008 ± 0.0011 ·10⁺⁰³ (2.06mi) ┃-1.18743 ± 0.00088 ·10⁺⁰³ (13.5mi) ┃Vegas input parameters:
  ndim 10
  ncomp 1
  nvec 1
  epsrel 0
  epsabs 0
  flags 10
  seed 123456
  mineval 50000000
  maxeval 50000000
  nstart 1000000
  nincrease 1000000
  nbatch 5000
  gridno 0
  statefile ""

Iteration 1:  1000000 integrand evaluations so far
[1] -960.954 +- 593.163  	chisq 0 (0 df)

Iteration 2:  3000000 integrand evaluations so far
[1] -538.289 +- 338.615  	chisq 0.753201 (1 df)

Iteration 3:  6000000 integrand evaluations so far
[1] -536.288 +- 330.463  	chisq 0.753935 (2 df)

Iteration 4:  10000000 integrand evaluations so far
[1] -590.148 +- 316.943  	chisq 1.08537 (3 df)

Iteration 5:  15000000 integrand evaluations so far
[1] -630.316 +- 313.442  	chisq 1.81632 (4 df)

Iteration 6:  21000000 integrand evaluations so far
[1] -649.57 +- 312.882  	chisq 2.87279 (5 df)

Iteration 7:  28000000 integrand evaluations so far
[1] -691.392 +- 307.146  	chisq 3.3646 (6 df)

Iteration 8:  36000000 integrand evaluations so far
[1] -557.066 +- 277.912  	chisq 4.41956 (7 df)

Iteration 9:  45000000 integrand evaluations so far
[1] -526.743 +- 199.835  	chisq 4.44421 (8 df)

Iteration 10:  55000000 integrand evaluations so far
[1] -390.296 +- 153.068  	chisq 5.57225 (9 df)
    -390 ±    150        (4.74mi) ┃Vegas input parameters:
  ndim 8
  ncomp 1
  nvec 1
  epsrel 0
  epsabs 0
  flags 10
  seed 123456
  mineval 5000000
  maxeval 50000000
  nstart 1000000
  nincrease 1000000
  nbatch 5000
  gridno 0
  statefile ""

Iteration 1:  1000000 integrand evaluations so far
[1] 1349.14 +- 230.202  	chisq 0 (0 df)

Iteration 2:  3000000 integrand evaluations so far
[1] 1114.43 +- 101.675  	chisq 1.29151 (1 df)

Iteration 3:  6000000 integrand evaluations so far
[1] 1172 +- 94.7534  	chisq 3.72903 (2 df)

Iteration 4:  10000000 integrand evaluations so far
[1] 1234.64 +- 76.782  	chisq 5.00196 (3 df)

Iteration 5:  15000000 integrand evaluations so far
[1] 1267.68 +- 53.6304  	chisq 5.36352 (4 df)

Iteration 6:  21000000 integrand evaluations so far
[1] 1324.76 +- 35.1852  	chisq 7.35201 (5 df)

Iteration 7:  28000000 integrand evaluations so far
[1] 1324.56 +- 19.1211  	chisq 7.35205 (6 df)

Iteration 8:  36000000 integrand evaluations so far
[1] 1332.1 +- 14.1151  	chisq 7.69341 (7 df)

Iteration 9:  45000000 integrand evaluations so far
[1] 1332.44 +- 11.9159  	chisq 7.69544 (8 df)

Iteration 10:  55000000 integrand evaluations so far
[1] 1335.52 +- 11.1045  	chisq 8.20457 (9 df)
   1.336 ±  0.011 ·10⁺⁰³ (1.68mi) ┃    1.06 ±   0.15 ·10⁺⁰³ (21.9mi) ┃
┃   24 -    26 ┃   45 -    46 ┃   1.272 ± 0.0011 ·10⁺⁰³ (1.04mi) ┃-1.16094 ± 0.00036 ·10⁺⁰³ (6.86mi) ┃Vegas input parameters:
  ndim 10
  ncomp 1
  nvec 1
  epsrel 0
  epsabs 0
  flags 10
  seed 123456
  mineval 50000000
  maxeval 50000000
  nstart 1000000
  nincrease 1000000
  nbatch 5000
  gridno 0
  statefile ""

Iteration 1:  1000000 integrand evaluations so far
[1] -112.764 +- 303.834  	chisq 0 (0 df)

Iteration 2:  3000000 integrand evaluations so far
[1] -224.691 +- 264.733  	chisq 0.563504 (1 df)

Iteration 3:  6000000 integrand evaluations so far
[1] -304.698 +- 252.737  	chisq 1.59466 (2 df)

Iteration 4:  10000000 integrand evaluations so far
[1] -446.48 +- 184.79  	chisq 2.27085 (3 df)

Iteration 5:  15000000 integrand evaluations so far
[1] -471.481 +- 164.304  	chisq 2.35825 (4 df)

Iteration 6:  21000000 integrand evaluations so far
[1] -462.658 +- 146.804  	chisq 2.37255 (5 df)

Iteration 7:  28000000 integrand evaluations so far
[1] -411.888 +- 122.68  	chisq 2.76904 (6 df)

Iteration 8:  36000000 integrand evaluations so far
[1] -249.189 +- 99.3021  	chisq 7.86983 (7 df)

Iteration 9:  45000000 integrand evaluations so far
[1] -272.471 +- 96.1809  	chisq 8.75823 (8 df)

Iteration 10:  55000000 integrand evaluations so far
[1] -208.936 +- 84.4796  	chisq 10.6677 (9 df)
    -209 ±     84        (4.71mi) ┃Vegas input parameters:
  ndim 8
  ncomp 1
  nvec 1
  epsrel 0
  epsabs 0
  flags 10
  seed 123456
  mineval 5000000
  maxeval 50000000
  nstart 1000000
  nincrease 1000000
  nbatch 5000
  gridno 0
  statefile ""

Iteration 1:  1000000 integrand evaluations so far
[1] 1721.62 +- 264.626  	chisq 0 (0 df)

Iteration 2:  3000000 integrand evaluations so far
[1] 1169.53 +- 78.9273  	chisq 4.77776 (1 df)

Iteration 3:  6000000 integrand evaluations so far
[1] 1251.34 +- 65.1922  	chisq 8.15924 (2 df)

Iteration 4:  10000000 integrand evaluations so far
[1] 1299.93 +- 39.6135  	chisq 9.03987 (3 df)

Iteration 5:  15000000 integrand evaluations so far
[1] 1341.92 +- 32.9952  	chisq 12.7093 (4 df)

Iteration 6:  21000000 integrand evaluations so far
[1] 1370.73 +- 25.066  	chisq 14.5123 (5 df)

Iteration 7:  28000000 integrand evaluations so far
[1] 1363.33 +- 17.0062  	chisq 14.6737 (6 df)

Iteration 8:  36000000 integrand evaluations so far
[1] 1369.09 +- 12.5546  	chisq 14.9253 (7 df)

Iteration 9:  45000000 integrand evaluations so far
[1] 1381.22 +- 10.5414  	chisq 18.0899 (8 df)

Iteration 10:  55000000 integrand evaluations so far
[1] 1379.15 +- 8.9273  	chisq 18.2267 (9 df)
  1.3791 ± 0.0089 ·10⁺⁰³ (1.69mi) ┃   1.281 ±  0.085 ·10⁺⁰³ (14.3mi) ┃
┃   24 -    26 ┃   46 -    47 ┃ 1.29223 ± 0.00023 ·10⁺⁰³ (7.57mi) ┃ -1.1791 ±  0.001 ·10⁺⁰³ ( 28.3s) ┃Vegas input parameters:
  ndim 10
  ncomp 1
  nvec 1
  epsrel 0
  epsabs 0
  flags 10
  seed 123456
  mineval 50000000
  maxeval 50000000
  nstart 1000000
  nincrease 1000000
  nbatch 5000
  gridno 0
  statefile ""

Iteration 1:  1000000 integrand evaluations so far
[1] -143.653 +- 278.195  	chisq 0 (0 df)

Iteration 2:  3000000 integrand evaluations so far
[1] -270.671 +- 250.406  	chisq 1.09832 (1 df)

Iteration 3:  6000000 integrand evaluations so far
[1] -271.559 +- 250.404  	chisq 2.10099 (2 df)

Iteration 4:  10000000 integrand evaluations so far
[1] -46.1639 +- 218.582  	chisq 5.50509 (3 df)

Iteration 5:  15000000 integrand evaluations so far
[1] -22.6802 +- 217.278  	chisq 6.47521 (4 df)

Iteration 6:  21000000 integrand evaluations so far
[1] -62.1882 +- 194.1  	chisq 6.63891 (5 df)

Iteration 7:  28000000 integrand evaluations so far
[1] -71.5151 +- 193.849  	chisq 7.53461 (6 df)

Iteration 8:  36000000 integrand evaluations so far
[1] -106.716 +- 154.107  	chisq 7.62421 (7 df)

Iteration 9:  45000000 integrand evaluations so far
[1] -136.117 +- 151.844  	chisq 8.8731 (8 df)

Iteration 10:  55000000 integrand evaluations so far
[1] -120.825 +- 148.046  	chisq 9.07843 (9 df)
    -120 ±    150        (4.86mi) ┃Vegas input parameters:
  ndim 8
  ncomp 1
  nvec 1
  epsrel 0
  epsabs 0
  flags 10
  seed 123456
  mineval 5000000
  maxeval 50000000
  nstart 1000000
  nincrease 1000000
  nbatch 5000
  gridno 0
  statefile ""

Iteration 1:  1000000 integrand evaluations so far
[1] 1107.34 +- 210.758  	chisq 0 (0 df)

Iteration 2:  3000000 integrand evaluations so far
[1] 1052.07 +- 120.251  	chisq 0.10198 (1 df)

Iteration 3:  6000000 integrand evaluations so far
[1] 1129.32 +- 97.2456  	chisq 1.2945 (2 df)

Iteration 4:  10000000 integrand evaluations so far
[1] 1196.41 +- 88.3801  	chisq 4.02988 (3 df)

Iteration 5:  15000000 integrand evaluations so far
[1] 1303.86 +- 58.4068  	chisq 6.65425 (4 df)

Iteration 6:  21000000 integrand evaluations so far
[1] 1336.26 +- 36.218  	chisq 7.15407 (5 df)

Iteration 7:  28000000 integrand evaluations so far
[1] 1386.72 +- 22.8362  	chisq 10.3763 (6 df)

Iteration 8:  36000000 integrand evaluations so far
[1] 1409.62 +- 19.0462  	chisq 13.6806 (7 df)

Iteration 9:  45000000 integrand evaluations so far
[1] 1419.04 +- 15.5145  	chisq 14.4076 (8 df)

Iteration 10:  55000000 integrand evaluations so far
[1] 1425 +- 13.26  	chisq 14.9546 (9 df)
   1.425 ±  0.013 ·10⁺⁰³ (1.75mi) ┃    1.42 ±   0.15 ·10⁺⁰³ (14.7mi) ┃
┃   24 -    26 ┃   47 -    48 ┃ 1.31807 ± 0.00097 ·10⁺⁰³ ( 31.8s) ┃-1.20398 ± 0.00059 ·10⁺⁰³ ( 28.3s) ┃Vegas input parameters:
  ndim 10
  ncomp 1
  nvec 1
  epsrel 0
  epsabs 0
  flags 10
  seed 123456
  mineval 50000000
  maxeval 50000000
  nstart 1000000
  nincrease 1000000
  nbatch 5000
  gridno 0
  statefile ""

Iteration 1:  1000000 integrand evaluations so far
[1] 851.682 +- 832.628  	chisq 0 (0 df)

Iteration 2:  3000000 integrand evaluations so far
[1] 439.893 +- 554.77  	chisq 0.439872 (1 df)

Iteration 3:  6000000 integrand evaluations so far
[1] 284.341 +- 527.54  	chisq 1.26087 (2 df)

Iteration 4:  10000000 integrand evaluations so far
[1] 415.748 +- 457.606  	chisq 1.51152 (3 df)

Iteration 5:  15000000 integrand evaluations so far
[1] 127.098 +- 382.337  	chisq 2.82941 (4 df)

Iteration 6:  21000000 integrand evaluations so far
[1] -183.164 +- 323.641  	chisq 5.15245 (5 df)

Iteration 7:  28000000 integrand evaluations so far
[1] -146.91 +- 320.996  	chisq 5.92319 (6 df)

Iteration 8:  36000000 integrand evaluations so far
[1] -59.3167 +- 255.48  	chisq 6.12633 (7 df)

Iteration 9:  45000000 integrand evaluations so far
[1] -73.3691 +- 159.286  	chisq 6.13128 (8 df)

Iteration 10:  55000000 integrand evaluations so far
[1] -103.443 +- 148.125  	chisq 6.39488 (9 df)
    -100 ±    150        (4.76mi) ┃Vegas input parameters:
  ndim 8
  ncomp 1
  nvec 1
  epsrel 0
  epsabs 0
  flags 10
  seed 123456
  mineval 5000000
  maxeval 50000000
  nstart 1000000
  nincrease 1000000
  nbatch 5000
  gridno 0
  statefile ""

Iteration 1:  1000000 integrand evaluations so far
[1] 1119.53 +- 214.659  	chisq 0 (0 df)

Iteration 2:  3000000 integrand evaluations so far
[1] 1223.33 +- 178.367  	chisq 0.755278 (1 df)

Iteration 3:  6000000 integrand evaluations so far
[1] 1257.63 +- 110.973  	chisq 0.815624 (2 df)

Iteration 4:  10000000 integrand evaluations so far
[1] 1396.91 +- 81.8606  	chisq 4.271 (3 df)

Iteration 5:  15000000 integrand evaluations so far
[1] 1401.92 +- 51.9863  	chisq 4.2773 (4 df)

Iteration 6:  21000000 integrand evaluations so far
[1] 1402.11 +- 29.7561  	chisq 4.27732 (5 df)

Iteration 7:  28000000 integrand evaluations so far
[1] 1426.15 +- 20.9144  	chisq 5.56794 (6 df)

Iteration 8:  36000000 integrand evaluations so far
[1] 1439.26 +- 15.2196  	chisq 6.40311 (7 df)

Iteration 9:  45000000 integrand evaluations so far
[1] 1445.5 +- 11.7352  	chisq 6.8168 (8 df)

Iteration 10:  55000000 integrand evaluations so far
[1] 1445.82 +- 9.61371  	chisq 6.81905 (9 df)
  1.4458 ± 0.0096 ·10⁺⁰³ (1.73mi) ┃    1.46 ±   0.15 ·10⁺⁰³ (7.49mi) ┃
┃   24 -    26 ┃   48 -    49 ┃ 1.38053 ± 0.00077 ·10⁺⁰³ ( 22.3s) ┃-1.26255 ± 0.00081 ·10⁺⁰³ (3.46mi) ┃Vegas input parameters:
  ndim 10
  ncomp 1
  nvec 1
  epsrel 0
  epsabs 0
  flags 10
  seed 123456
  mineval 50000000
  maxeval 50000000
  nstart 1000000
  nincrease 1000000
  nbatch 5000
  gridno 0
  statefile ""

Iteration 1:  1000000 integrand evaluations so far
[1] -1336.61 +- 925.185  	chisq 0 (0 df)

Iteration 2:  3000000 integrand evaluations so far
[1] -698.559 +- 352.331  	chisq 0.556283 (1 df)

Iteration 3:  6000000 integrand evaluations so far
[1] -532.695 +- 214.22  	chisq 0.907873 (2 df)

Iteration 4:  10000000 integrand evaluations so far
[1] -347.683 +- 152.604  	chisq 2.42228 (3 df)

Iteration 5:  15000000 integrand evaluations so far
[1] -409.402 +- 137.82  	chisq 3.30947 (4 df)

Iteration 6:  21000000 integrand evaluations so far
[1] -435.569 +- 135.963  	chisq 4.65611 (5 df)

Iteration 7:  28000000 integrand evaluations so far
[1] -425.602 +- 127.087  	chisq 4.69866 (6 df)

Iteration 8:  36000000 integrand evaluations so far
[1] -457.897 +- 115.178  	chisq 5.06016 (7 df)

Iteration 9:  45000000 integrand evaluations so far
[1] -479.925 +- 111.598  	chisq 5.658 (8 df)

Iteration 10:  55000000 integrand evaluations so far
[1] -414.519 +- 104.258  	chisq 8.35813 (9 df)
    -410 ±    100        (4.71mi) ┃Vegas input parameters:
  ndim 8
  ncomp 1
  nvec 1
  epsrel 0
  epsabs 0
  flags 10
  seed 123456
  mineval 5000000
  maxeval 50000000
  nstart 1000000
  nincrease 1000000
  nbatch 5000
  gridno 0
  statefile ""

Iteration 1:  1000000 integrand evaluations so far
[1] 1221.45 +- 214.925  	chisq 0 (0 df)

Iteration 2:  3000000 integrand evaluations so far
[1] 1381.3 +- 163.006  	chisq 1.30216 (1 df)

Iteration 3:  6000000 integrand evaluations so far
[1] 1401.63 +- 118.161  	chisq 1.33496 (2 df)

Iteration 4:  10000000 integrand evaluations so far
[1] 1573.28 +- 94.0278  	chisq 7.08845 (3 df)

Iteration 5:  15000000 integrand evaluations so far
[1] 1549.02 +- 54.3629  	chisq 7.18842 (4 df)

Iteration 6:  21000000 integrand evaluations so far
[1] 1563.09 +- 36.7539  	chisq 7.31188 (5 df)

Iteration 7:  28000000 integrand evaluations so far
[1] 1541.42 +- 23.1221  	chisq 7.88745 (6 df)

Iteration 8:  36000000 integrand evaluations so far
[1] 1538.48 +- 17.0964  	chisq 7.92296 (7 df)

Iteration 9:  45000000 integrand evaluations so far
[1] 1543.04 +- 14.38  	chisq 8.16585 (8 df)

Iteration 10:  55000000 integrand evaluations so far
[1] 1538.49 +- 11.8504  	chisq 8.47793 (9 df)
   1.538 ±  0.012 ·10⁺⁰³ (1.74mi) ┃    1.24 ±    0.1 ·10⁺⁰³ (10.3mi) ┃
┃   24 -    26 ┃   49 -    50 ┃  1.4863 ± 0.0012 ·10⁺⁰³ (1.08mi) ┃-1.35704 ± 0.0002 ·10⁺⁰³ (3.52mi) ┃Vegas input parameters:
  ndim 10
  ncomp 1
  nvec 1
  epsrel 0
  epsabs 0
  flags 10
  seed 123456
  mineval 50000000
  maxeval 50000000
  nstart 1000000
  nincrease 1000000
  nbatch 5000
  gridno 0
  statefile ""

Iteration 1:  1000000 integrand evaluations so far
[1] -328.689 +- 734.672  	chisq 0 (0 df)

Iteration 2:  3000000 integrand evaluations so far
[1] -294.297 +- 537.896  	chisq 0.00472346 (1 df)

Iteration 3:  6000000 integrand evaluations so far
[1] -586.25 +- 217.233  	chisq 0.356734 (2 df)

Iteration 4:  10000000 integrand evaluations so far
[1] -452.227 +- 185.465  	chisq 1.7608 (3 df)

Iteration 5:  15000000 integrand evaluations so far
[1] -336.63 +- 156.09  	chisq 3.09266 (4 df)

Iteration 6:  21000000 integrand evaluations so far
[1] -329.566 +- 123.233  	chisq 3.0981 (5 df)

Iteration 7:  28000000 integrand evaluations so far
[1] -382.533 +- 112.561  	chisq 4.21304 (6 df)

Iteration 8:  36000000 integrand evaluations so far
[1] -414.611 +- 105.823  	chisq 4.91233 (7 df)

Iteration 9:  45000000 integrand evaluations so far
[1] -386.238 +- 96.7872  	chisq 5.35205 (8 df)

Iteration 10:  55000000 integrand evaluations so far
[1] -406.175 +- 92.9689  	chisq 5.90065 (9 df)
    -406 ±     93        (4.73mi) ┃Vegas input parameters:
  ndim 8
  ncomp 1
  nvec 1
  epsrel 0
  epsabs 0
  flags 10
  seed 123456
  mineval 5000000
  maxeval 50000000
  nstart 1000000
  nincrease 1000000
  nbatch 5000
  gridno 0
  statefile ""

Iteration 1:  1000000 integrand evaluations so far
[1] 1641.56 +- 258.618  	chisq 0 (0 df)

Iteration 2:  3000000 integrand evaluations so far
[1] 1389.13 +- 124.044  	chisq 1.23736 (1 df)

Iteration 3:  6000000 integrand evaluations so far
[1] 1455.58 +- 84.2558  	chisq 1.77012 (2 df)

Iteration 4:  10000000 integrand evaluations so far
[1] 1601.79 +- 55.3033  	chisq 7.06056 (3 df)

Iteration 5:  15000000 integrand evaluations so far
[1] 1665.56 +- 38.2769  	chisq 9.61295 (4 df)

Iteration 6:  21000000 integrand evaluations so far
[1] 1681.61 +- 25.3145  	chisq 9.92557 (5 df)

Iteration 7:  28000000 integrand evaluations so far
[1] 1689.31 +- 17.8705  	chisq 10.1101 (6 df)

Iteration 8:  36000000 integrand evaluations so far
[1] 1689.45 +- 14.2433  	chisq 10.1103 (7 df)

Iteration 9:  45000000 integrand evaluations so far
[1] 1695.9 +- 11.7747  	chisq 10.7577 (8 df)

Iteration 10:  55000000 integrand evaluations so far
[1] 1699.3 +- 9.87347  	chisq 11.0391 (9 df)
  1.6993 ± 0.0099 ·10⁺⁰³ (1.76mi) ┃   1.422 ±  0.093 ·10⁺⁰³ (11.1mi) ┃
┃   24 -    26 ┃   50 -    51 ┃ 1.61243 ± 0.00081 ·10⁺⁰³ (4.13mi) ┃-1.46889 ± 0.00071 ·10⁺⁰³ (13.8mi) ┃Vegas input parameters:
  ndim 10
  ncomp 1
  nvec 1
  epsrel 0
  epsabs 0
  flags 10
  seed 123456
  mineval 50000000
  maxeval 50000000
  nstart 1000000
  nincrease 1000000
  nbatch 5000
  gridno 0
  statefile ""

Iteration 1:  1000000 integrand evaluations so far
[1] 739.105 +- 1235.19  	chisq 0 (0 df)

Iteration 2:  3000000 integrand evaluations so far
[1] -220.841 +- 558.005  	chisq 0.758858 (1 df)

Iteration 3:  6000000 integrand evaluations so far
[1] -242.322 +- 557.541  	chisq 1.64916 (2 df)

Iteration 4:  10000000 integrand evaluations so far
[1] -133.004 +- 402.942  	chisq 1.72964 (3 df)

Iteration 5:  15000000 integrand evaluations so far
[1] -237.136 +- 381.948  	chisq 2.38772 (4 df)

Iteration 6:  21000000 integrand evaluations so far
[1] -324.119 +- 342.736  	chisq 2.65398 (5 df)

Iteration 7:  28000000 integrand evaluations so far
[1] -40.9084 +- 246.468  	chisq 4.06806 (6 df)

Iteration 8:  36000000 integrand evaluations so far
[1] -123.756 +- 182.746  	chisq 4.31901 (7 df)

Iteration 9:  45000000 integrand evaluations so far
[1] -67.0584 +- 140.709  	chisq 4.55543 (8 df)

Iteration 10:  55000000 integrand evaluations so far
[1] -124.74 +- 134.975  	chisq 6.66037 (9 df)
    -120 ±    130        (4.71mi) ┃Vegas input parameters:
  ndim 8
  ncomp 1
  nvec 1
  epsrel 0
  epsabs 0
  flags 10
  seed 123456
  mineval 5000000
  maxeval 50000000
  nstart 1000000
  nincrease 1000000
  nbatch 5000
  gridno 0
  statefile ""

Iteration 1:  1000000 integrand evaluations so far
[1] 1843.4 +- 268.323  	chisq 0 (0 df)

Iteration 2:  3000000 integrand evaluations so far
[1] 1657.68 +- 132.319  	chisq 0.632985 (1 df)

Iteration 3:  6000000 integrand evaluations so far
[1] 1811.58 +- 94.7606  	chisq 3.4101 (2 df)

Iteration 4:  10000000 integrand evaluations so far
[1] 1838.81 +- 64.3876  	chisq 3.56346 (3 df)

Iteration 5:  15000000 integrand evaluations so far
[1] 1884.44 +- 45.0595  	chisq 4.5477 (4 df)

Iteration 6:  21000000 integrand evaluations so far
[1] 1915.88 +- 34.4392  	chisq 5.71879 (5 df)

Iteration 7:  28000000 integrand evaluations so far
[1] 1864.51 +- 23.2779  	chisq 9.81563 (6 df)

Iteration 8:  36000000 integrand evaluations so far
[1] 1881.66 +- 16.7691  	chisq 10.9434 (7 df)

Iteration 9:  45000000 integrand evaluations so far
[1] 1886.4 +- 13.3703  	chisq 11.1632 (8 df)

Iteration 10:  55000000 integrand evaluations so far
[1] 1874.2 +- 11.0059  	chisq 13.7463 (9 df)
   1.874 ±  0.011 ·10⁺⁰³ (1.73mi) ┃    1.89 ±   0.14 ·10⁺⁰³ (24.4mi) ┃
┃   24 -    26 ┃   51 -    52 ┃  1.6387 ± 0.0011 ·10⁺⁰³ ( 59.5s) ┃ -1.4924 ± 0.0014 ·10⁺⁰³ (6.94mi) ┃Vegas input parameters:
  ndim 10
  ncomp 1
  nvec 1
  epsrel 0
  epsabs 0
  flags 10
  seed 123456
  mineval 50000000
  maxeval 50000000
  nstart 1000000
  nincrease 1000000
  nbatch 5000
  gridno 0
  statefile ""

Iteration 1:  1000000 integrand evaluations so far
[1] -1262.87 +- 883.9  	chisq 0 (0 df)

Iteration 2:  3000000 integrand evaluations so far
[1] -1532.46 +- 559.326  	chisq 0.155145 (1 df)

Iteration 3:  6000000 integrand evaluations so far
[1] -922.396 +- 418.966  	chisq 2.86556 (2 df)

Iteration 4:  10000000 integrand evaluations so far
[1] -835.629 +- 335.219  	chisq 2.98475 (3 df)

Iteration 5:  15000000 integrand evaluations so far
[1] -276.982 +- 207.889  	chisq 7.49768 (4 df)

Iteration 6:  21000000 integrand evaluations so far
[1] -287.526 +- 198.496  	chisq 7.5268 (5 df)

Iteration 7:  28000000 integrand evaluations so far
[1] -270.471 +- 136.794  	chisq 7.54086 (6 df)

Iteration 8:  36000000 integrand evaluations so far
[1] -205.096 +- 125.985  	chisq 9.0456 (7 df)

Iteration 9:  45000000 integrand evaluations so far
[1] -187.003 +- 117.27  	chisq 9.20001 (8 df)

Iteration 10:  55000000 integrand evaluations so far
[1] -110.62 +- 98.3433  	chisq 10.6297 (9 df)
    -111 ±     98        (4.76mi) ┃Vegas input parameters:
  ndim 8
  ncomp 1
  nvec 1
  epsrel 0
  epsabs 0
  flags 10
  seed 123456
  mineval 5000000
  maxeval 50000000
  nstart 1000000
  nincrease 1000000
  nbatch 5000
  gridno 0
  statefile ""

Iteration 1:  1000000 integrand evaluations so far
[1] 1477.02 +- 242.442  	chisq 0 (0 df)

Iteration 2:  3000000 integrand evaluations so far
[1] 1707.94 +- 200.499  	chisq 2.8704 (1 df)

Iteration 3:  6000000 integrand evaluations so far
[1] 1688.76 +- 88.3731  	chisq 2.88176 (2 df)

Iteration 4:  10000000 integrand evaluations so far
[1] 1862.56 +- 59.9835  	chisq 10.0537 (3 df)

Iteration 5:  15000000 integrand evaluations so far
[1] 1873.1 +- 49.2746  	chisq 10.1487 (4 df)

Iteration 6:  21000000 integrand evaluations so far
[1] 1854.21 +- 34.1587  	chisq 10.4317 (5 df)

Iteration 7:  28000000 integrand evaluations so far
[1] 1876.29 +- 23.0199  	chisq 11.1976 (6 df)

Iteration 8:  36000000 integrand evaluations so far
[1] 1886.76 +- 21.8923  	chisq 13.361 (7 df)

Iteration 9:  45000000 integrand evaluations so far
[1] 1894.31 +- 18.4193  	chisq 13.7682 (8 df)

Iteration 10:  55000000 integrand evaluations so far
[1] 1913.78 +- 14.2423  	chisq 16.5465 (9 df)
   1.914 ±  0.014 ·10⁺⁰³ (1.73mi) ┃    1.95 ±  0.099 ·10⁺⁰³ (14.4mi) ┃
┃   24 -    26 ┃   52 -    53 ┃ 1.62954 ± 0.00097 ·10⁺⁰³ ( 20.1s) ┃ -1.4839 ±  0.001 ·10⁺⁰³ (1.84mi) ┃Vegas input parameters:
  ndim 10
  ncomp 1
  nvec 1
  epsrel 0
  epsabs 0
  flags 10
  seed 123456
  mineval 50000000
  maxeval 50000000
  nstart 1000000
  nincrease 1000000
  nbatch 5000
  gridno 0
  statefile ""

Iteration 1:  1000000 integrand evaluations so far
[1] -55.8397 +- 352.528  	chisq 0 (0 df)

Iteration 2:  3000000 integrand evaluations so far
[1] -82.6161 +- 350.576  	chisq 0.522264 (1 df)

Iteration 3:  6000000 integrand evaluations so far
[1] -94.3249 +- 350.398  	chisq 1.6215 (2 df)

Iteration 4:  10000000 integrand evaluations so far
[1] -258.696 +- 232.712  	chisq 2.01521 (3 df)

Iteration 5:  15000000 integrand evaluations so far
[1] -340.81 +- 223.257  	chisq 3.57925 (4 df)

Iteration 6:  21000000 integrand evaluations so far
[1] -353.015 +- 222.84  	chisq 4.38021 (5 df)

Iteration 7:  28000000 integrand evaluations so far
[1] -410.636 +- 200.909  	chisq 4.73746 (6 df)

Iteration 8:  36000000 integrand evaluations so far
[1] -400.984 +- 200.695  	chisq 5.8207 (7 df)

Iteration 9:  45000000 integrand evaluations so far
[1] -404.602 +- 189.19  	chisq 5.82362 (8 df)

Iteration 10:  55000000 integrand evaluations so far
[1] -446.495 +- 173.507  	chisq 6.13217 (9 df)
    -450 ±    170        (4.68mi) ┃Vegas input parameters:
  ndim 8
  ncomp 1
  nvec 1
  epsrel 0
  epsabs 0
  flags 10
  seed 123456
  mineval 5000000
  maxeval 50000000
  nstart 1000000
  nincrease 1000000
  nbatch 5000
  gridno 0
  statefile ""

Iteration 1:  1000000 integrand evaluations so far
[1] 1870.6 +- 279.326  	chisq 0 (0 df)

Iteration 2:  3000000 integrand evaluations so far
[1] 1841.52 +- 145.417  	chisq 0.0148777 (1 df)

Iteration 3:  6000000 integrand evaluations so far
[1] 1893.78 +- 93.9686  	chisq 0.236647 (2 df)

Iteration 4:  10000000 integrand evaluations so far
[1] 1912.91 +- 88.6845  	chisq 0.615826 (3 df)

Iteration 5:  15000000 integrand evaluations so far
[1] 1877.83 +- 51.4799  	chisq 0.851815 (4 df)

Iteration 6:  21000000 integrand evaluations so far
[1] 1901.23 +- 32.7408  	chisq 1.1989 (5 df)

Iteration 7:  28000000 integrand evaluations so far
[1] 1909.66 +- 24.2968  	chisq 1.34631 (6 df)

Iteration 8:  36000000 integrand evaluations so far
[1] 1921.53 +- 20.8491  	chisq 2.25125 (7 df)

Iteration 9:  45000000 integrand evaluations so far
[1] 1942.71 +- 16.8313  	chisq 5.21428 (8 df)

Iteration 10:  55000000 integrand evaluations so far
[1] 1932.19 +- 13.027  	chisq 6.18807 (9 df)
   1.932 ±  0.013 ·10⁺⁰³ (1.72mi) ┃    1.63 ±   0.17 ·10⁺⁰³ (8.58mi) ┃
┃   24 -    26 ┃   53 -    54 ┃ 1.62668 ± 0.00098 ·10⁺⁰³ (1.06mi) ┃ -1.4829 ± 0.0012 ·10⁺⁰³ (3.38mi) ┃Vegas input parameters:
  ndim 10
  ncomp 1
  nvec 1
  epsrel 0
  epsabs 0
  flags 10
  seed 123456
  mineval 50000000
  maxeval 50000000
  nstart 1000000
  nincrease 1000000
  nbatch 5000
  gridno 0
  statefile ""

Iteration 1:  1000000 integrand evaluations so far
[1] 31.0447 +- 1375.49  	chisq 0 (0 df)

Iteration 2:  3000000 integrand evaluations so far
[1] 287.593 +- 1234.65  	chisq 0.179039 (1 df)

Iteration 3:  6000000 integrand evaluations so far
[1] 795.597 +- 619.342  	chisq 0.405259 (2 df)

Iteration 4:  10000000 integrand evaluations so far
[1] 422.205 +- 345.484  	chisq 0.932923 (3 df)

Iteration 5:  15000000 integrand evaluations so far
[1] 312.678 +- 324.068  	chisq 1.76954 (4 df)

Iteration 6:  21000000 integrand evaluations so far
[1] 104.948 +- 235.876  	chisq 2.64336 (5 df)

Iteration 7:  28000000 integrand evaluations so far
[1] 32.5223 +- 231.826  	chisq 5.41234 (6 df)

Iteration 8:  36000000 integrand evaluations so far
[1] 53.6113 +- 224.103  	chisq 5.53864 (7 df)

Iteration 9:  45000000 integrand evaluations so far
[1] 6.68138 +- 176.78  	chisq 5.65474 (8 df)

Iteration 10:  55000000 integrand evaluations so far
[1] -9.45946 +- 176.147  	chisq 6.81976 (9 df)
     -10 ±    180        (4.74mi) ┃Vegas input parameters:
  ndim 8
  ncomp 1
  nvec 1
  epsrel 0
  epsabs 0
  flags 10
  seed 123456
  mineval 5000000
  maxeval 50000000
  nstart 1000000
  nincrease 1000000
  nbatch 5000
  gridno 0
  statefile ""

Iteration 1:  1000000 integrand evaluations so far
[1] 1833.83 +- 276.908  	chisq 0 (0 df)

Iteration 2:  3000000 integrand evaluations so far
[1] 1929.43 +- 123.118  	chisq 0.148544 (1 df)

Iteration 3:  6000000 integrand evaluations so far
[1] 1987.83 +- 103.282  	chisq 0.908017 (2 df)

Iteration 4:  10000000 integrand evaluations so far
[1] 1953.26 +- 61.4903  	chisq 1.0816 (3 df)

Iteration 5:  15000000 integrand evaluations so far
[1] 1974.93 +- 35.671  	chisq 1.26879 (4 df)

Iteration 6:  21000000 integrand evaluations so far
[1] 1994.7 +- 28.3139  	chisq 2.09966 (5 df)

Iteration 7:  28000000 integrand evaluations so far
[1] 1994.65 +- 23.1038  	chisq 2.09967 (6 df)

Iteration 8:  36000000 integrand evaluations so far
[1] 1982.65 +- 17.0659  	chisq 2.69423 (7 df)

Iteration 9:  45000000 integrand evaluations so far
[1] 1972.18 +- 12.712  	chisq 3.53828 (8 df)

Iteration 10:  55000000 integrand evaluations so far
[1] 1976.94 +- 10.273  	chisq 3.94108 (9 df)
   1.977 ±   0.01 ·10⁺⁰³ (1.73mi) ┃    2.11 ±   0.18 ·10⁺⁰³ (10.9mi) ┃
┃   24 -    26 ┃   54 -    55 ┃ 1.26045 ± 0.00075 ·10⁺⁰³ ( 30.3s) ┃-1.14457 ± 0.00019 ·10⁺⁰³ ( 6.5mi) ┃Vegas input parameters:
  ndim 10
  ncomp 1
  nvec 1
  epsrel 0
  epsabs 0
  flags 10
  seed 123456
  mineval 50000000
  maxeval 50000000
  nstart 1000000
  nincrease 1000000
  nbatch 5000
  gridno 0
  statefile ""

Iteration 1:  1000000 integrand evaluations so far
[1] -202.756 +- 374.421  	chisq 0 (0 df)

Iteration 2:  3000000 integrand evaluations so far
[1] -389.78 +- 276.448  	chisq 0.548522 (1 df)

Iteration 3:  6000000 integrand evaluations so far
[1] -229.351 +- 245.288  	chisq 2.13164 (2 df)

Iteration 4:  10000000 integrand evaluations so far
[1] -154.848 +- 221.507  	chisq 2.63168 (3 df)

Iteration 5:  15000000 integrand evaluations so far
[1] -319.996 +- 175.474  	chisq 4.12413 (4 df)

Iteration 6:  21000000 integrand evaluations so far
[1] -389.173 +- 134.818  	chisq 4.50347 (5 df)

Iteration 7:  28000000 integrand evaluations so far
[1] -382.398 +- 132.566  	chisq 4.57972 (6 df)

Iteration 8:  36000000 integrand evaluations so far
[1] -384.229 +- 120.188  	chisq 4.58079 (7 df)

Iteration 9:  45000000 integrand evaluations so far
[1] -354.204 +- 115.031  	chisq 5.32395 (8 df)

Iteration 10:  55000000 integrand evaluations so far
[1] -268.799 +- 89.2106  	chisq 6.70708 (9 df)
    -269 ±     89        (4.73mi) ┃Vegas input parameters:
  ndim 8
  ncomp 1
  nvec 1
  epsrel 0
  epsabs 0
  flags 10
  seed 123456
  mineval 5000000
  maxeval 50000000
  nstart 1000000
  nincrease 1000000
  nbatch 5000
  gridno 0
  statefile ""

Iteration 1:  1000000 integrand evaluations so far
[1] 1512.39 +- 243.227  	chisq 0 (0 df)

Iteration 2:  3000000 integrand evaluations so far
[1] 1662 +- 191.173  	chisq 0.989821 (1 df)

Iteration 3:  6000000 integrand evaluations so far
[1] 1682.53 +- 123.17  	chisq 1.00955 (2 df)

Iteration 4:  10000000 integrand evaluations so far
[1] 1608.66 +- 56.0641  	chisq 1.46325 (3 df)

Iteration 5:  15000000 integrand evaluations so far
[1] 1574.47 +- 36.1468  	chisq 2.09953 (4 df)

Iteration 6:  21000000 integrand evaluations so far
[1] 1522.18 +- 23.4072  	chisq 5.70369 (5 df)

Iteration 7:  28000000 integrand evaluations so far
[1] 1524.48 +- 18.6622  	chisq 5.73013 (6 df)

Iteration 8:  36000000 integrand evaluations so far
[1] 1532.07 +- 14.4235  	chisq 6.14122 (7 df)

Iteration 9:  45000000 integrand evaluations so far
[1] 1553.86 +- 11.1968  	chisq 11.8829 (8 df)

Iteration 10:  55000000 integrand evaluations so far
[1] 1555.93 +- 9.06471  	chisq 11.9819 (9 df)
  1.5559 ± 0.0091 ·10⁺⁰³ (1.73mi) ┃   1.403 ±   0.09 ·10⁺⁰³ (13.5mi) ┃
┃   24 -    26 ┃   55 -    56 ┃  465.09 ±    0.4        (1.77mi) ┃ -423.29 ±   0.33        (11.7mi) ┃Vegas input parameters:
  ndim 10
  ncomp 1
  nvec 1
  epsrel 0
  epsabs 0
  flags 10
  seed 123456
  mineval 50000000
  maxeval 50000000
  nstart 1000000
  nincrease 1000000
  nbatch 5000
  gridno 0
  statefile ""

Iteration 1:  1000000 integrand evaluations so far
[1] -181.026 +- 146.258  	chisq 0 (0 df)

Iteration 2:  3000000 integrand evaluations so far
[1] -9.7405 +- 77.511  	chisq 1.90715 (1 df)

Iteration 3:  6000000 integrand evaluations so far
[1] -22.9573 +- 75.788  	chisq 2.5685 (2 df)

Iteration 4:  10000000 integrand evaluations so far
[1] -23.5846 +- 71.8962  	chisq 2.56918 (3 df)

Iteration 5:  15000000 integrand evaluations so far
[1] -44.2042 +- 68.7062  	chisq 3.51708 (4 df)

Iteration 6:  21000000 integrand evaluations so far
[1] -29.9321 +- 58.8929  	chisq 3.67976 (5 df)

Iteration 7:  28000000 integrand evaluations so far
[1] -80.412 +- 54.9451  	chisq 9.34988 (6 df)

Iteration 8:  36000000 integrand evaluations so far
[1] -80.1572 +- 53.5152  	chisq 9.3503 (7 df)

Iteration 9:  45000000 integrand evaluations so far
[1] -71.7985 +- 51.2896  	chisq 9.64984 (8 df)

Iteration 10:  55000000 integrand evaluations so far
[1] -101.012 +- 41.6328  	chisq 10.6009 (9 df)
    -101 ±     42        (4.68mi) ┃Vegas input parameters:
  ndim 8
  ncomp 1
  nvec 1
  epsrel 0
  epsabs 0
  flags 10
  seed 123456
  mineval 5000000
  maxeval 50000000
  nstart 1000000
  nincrease 1000000
  nbatch 5000
  gridno 0
  statefile ""

Iteration 1:  1000000 integrand evaluations so far
[1] 561.302 +- 162.23  	chisq 0 (0 df)

Iteration 2:  3000000 integrand evaluations so far
[1] 303.71 +- 82.953  	chisq 3.41371 (1 df)

Iteration 3:  6000000 integrand evaluations so far
[1] 321.202 +- 74.9226  	chisq 3.65503 (2 df)

Iteration 4:  10000000 integrand evaluations so far
[1] 352.087 +- 64.0236  	chisq 4.28491 (3 df)

Iteration 5:  15000000 integrand evaluations so far
[1] 371.545 +- 61.547  	chisq 5.50241 (4 df)

Iteration 6:  21000000 integrand evaluations so far
[1] 449.025 +- 42.0587  	chisq 8.47561 (5 df)

Iteration 7:  28000000 integrand evaluations so far
[1] 472.684 +- 26.5262  	chisq 9.00104 (6 df)

Iteration 8:  36000000 integrand evaluations so far
[1] 498.875 +- 19.1356  	chisq 11.0338 (7 df)

Iteration 9:  45000000 integrand evaluations so far
[1] 525.949 +- 12.9867  	chisq 14.7449 (8 df)

Iteration 10:  55000000 integrand evaluations so far
[1] 535.512 +- 12.1313  	chisq 19.0002 (9 df)
     536 ±     12        (1.73mi) ┃     476 ±     43        (19.8mi) ┃
┃   24 -    26 ┃   56 -    57 ┃ 177.179 ±  0.027        ( 6.5mi) ┃-162.654 ±  0.041        (11.5mi) ┃Vegas input parameters:
  ndim 10
  ncomp 1
  nvec 1
  epsrel 0
  epsabs 0
  flags 10
  seed 123456
  mineval 50000000
  maxeval 50000000
  nstart 1000000
  nincrease 1000000
  nbatch 5000
  gridno 0
  statefile ""

Iteration 1:  1000000 integrand evaluations so far
[1] 765.183 +- 672.226  	chisq 0 (0 df)

Iteration 2:  3000000 integrand evaluations so far
[1] -14.3265 +- 31.3655  	chisq 1.34759 (1 df)

Iteration 3:  6000000 integrand evaluations so far
[1] -20.8006 +- 16.6903  	chisq 1.40703 (2 df)

Iteration 4:  10000000 integrand evaluations so far
[1] -21.69 +- 15.6999  	chisq 1.43169 (3 df)

Iteration 5:  15000000 integrand evaluations so far
[1] -18.9819 +- 15.4878  	chisq 2.54009 (4 df)

Iteration 6:  21000000 integrand evaluations so far
[1] -21.2559 +- 15.3987  	chisq 4.41897 (5 df)

Iteration 7:  28000000 integrand evaluations so far
[1] -13.04 +- 14.2717  	chisq 6.4377 (6 df)

Iteration 8:  36000000 integrand evaluations so far
[1] -7.39516 +- 13.7288  	chisq 8.5337 (7 df)

Iteration 9:  45000000 integrand evaluations so far
[1] -11.6517 +- 12.9767  	chisq 9.4358 (8 df)

Iteration 10:  55000000 integrand evaluations so far
[1] -11.2631 +- 12.9277  	chisq 9.5547 (9 df)
     -11 ±     13        (4.77mi) ┃Vegas input parameters:
  ndim 8
  ncomp 1
  nvec 1
  epsrel 0
  epsabs 0
  flags 10
  seed 123456
  mineval 5000000
  maxeval 50000000
  nstart 1000000
  nincrease 1000000
  nbatch 5000
  gridno 0
  statefile ""

Iteration 1:  1000000 integrand evaluations so far
[1] 470.384 +- 153.93  	chisq 0 (0 df)

Iteration 2:  3000000 integrand evaluations so far
[1] 145.09 +- 49.8675  	chisq 4.9895 (1 df)

Iteration 3:  6000000 integrand evaluations so far
[1] 159.037 +- 44.6382  	chisq 5.38312 (2 df)

Iteration 4:  10000000 integrand evaluations so far
[1] 163.519 +- 36.2235  	chisq 5.41263 (3 df)

Iteration 5:  15000000 integrand evaluations so far
[1] 176.246 +- 34.6495  	chisq 6.86482 (4 df)

Iteration 6:  21000000 integrand evaluations so far
[1] 166.908 +- 15.4412  	chisq 6.95546 (5 df)

Iteration 7:  28000000 integrand evaluations so far
[1] 177.024 +- 8.39473  	chisq 7.56477 (6 df)

Iteration 8:  36000000 integrand evaluations so far
[1] 192.52 +- 6.11131  	chisq 14.8141 (7 df)

Iteration 9:  45000000 integrand evaluations so far
[1] 201.52 +- 3.8165  	chisq 18.3693 (8 df)

Iteration 10:  55000000 integrand evaluations so far
[1] 205.668 +- 3.21097  	chisq 22.4118 (9 df)
   205.7 ±    3.2        (1.75mi) ┃     209 ±     13        (24.5mi) ┃
┃   24 -    26 ┃   57 -    58 ┃   95.75 ±  0.069        (6.45mi) ┃ -88.523 ±  0.067        (5.65mi) ┃Vegas input parameters:
  ndim 10
  ncomp 1
  nvec 1
  epsrel 0
  epsabs 0
  flags 10
  seed 123456
  mineval 50000000
  maxeval 50000000
  nstart 1000000
  nincrease 1000000
  nbatch 5000
  gridno 0
  statefile ""

Iteration 1:  1000000 integrand evaluations so far
[1] -45.9934 +- 51.1874  	chisq 0 (0 df)

Iteration 2:  3000000 integrand evaluations so far
[1] -4.14708 +- 8.05788  	chisq 0.685308 (1 df)

Iteration 3:  6000000 integrand evaluations so far
[1] -2.47737 +- 7.96771  	chisq 2.61473 (2 df)

Iteration 4:  10000000 integrand evaluations so far
[1] -6.46172 +- 6.17597  	chisq 3.24117 (3 df)

Iteration 5:  15000000 integrand evaluations so far
[1] -8.2699 +- 6.08494  	chisq 6.17036 (4 df)

Iteration 6:  21000000 integrand evaluations so far
[1] -8.90656 +- 5.51038  	chisq 6.2312 (5 df)

Iteration 7:  28000000 integrand evaluations so far
[1] -10.55 +- 5.01288  	chisq 6.74712 (6 df)

Iteration 8:  36000000 integrand evaluations so far
[1] -11.7428 +- 4.92891  	chisq 8.45143 (7 df)

Iteration 9:  45000000 integrand evaluations so far
[1] -10.5223 +- 4.27628  	chisq 8.69939 (8 df)

Iteration 10:  55000000 integrand evaluations so far
[1] -11.3192 +- 4.17253  	chisq 9.42376 (9 df)
   -11.3 ±    4.2        (4.71mi) ┃Vegas input parameters:
  ndim 8
  ncomp 1
  nvec 1
  epsrel 0
  epsabs 0
  flags 10
  seed 123456
  mineval 5000000
  maxeval 50000000
  nstart 1000000
  nincrease 1000000
  nbatch 5000
  gridno 0
  statefile ""

Iteration 1:  1000000 integrand evaluations so far
[1] 115.68 +- 72.9982  	chisq 0 (0 df)

Iteration 2:  3000000 integrand evaluations so far
[1] 0.0479505 +- 0.0118623  	chisq 2.50917 (1 df)

Iteration 3:  6000000 integrand evaluations so far
[1] 0.0490396 +- 0.0118521  	chisq 7.44503 (2 df)

Iteration 4:  10000000 integrand evaluations so far
[1] 0.0490592 +- 0.0118521  	chisq 11.4034 (3 df)

Iteration 5:  15000000 integrand evaluations so far
[1] 0.0491474 +- 0.0118521  	chisq 36.4686 (4 df)

Iteration 6:  21000000 integrand evaluations so far
[1] 0.0493053 +- 0.0118521  	chisq 107.807 (5 df)

Iteration 7:  28000000 integrand evaluations so far
[1] 0.0493055 +- 0.0118521  	chisq 109.066 (6 df)

Iteration 8:  36000000 integrand evaluations so far
[1] 0.0493779 +- 0.0118521  	chisq 156.608 (7 df)

Iteration 9:  45000000 integrand evaluations so far
[1] 0.0500684 +- 0.011852  	chisq 621.198 (8 df)

Iteration 10:  55000000 integrand evaluations so far
[1] 0.0501328 +- 0.011852  	chisq 672.662 (9 df)
    0.05 ±  0.012        (1.82mi) ┃      -4 ±    4.2        (18.6mi) ┃
┃   24 -    26 ┃   58 -    59 ┃  58.421 ±  0.051        (12.4mi) ┃ -54.151 ±  0.026        (22.3mi) ┃Vegas input parameters:
  ndim 10
  ncomp 1
  nvec 1
  epsrel 0
  epsabs 0
  flags 10
  seed 123456
  mineval 50000000
  maxeval 50000000
  nstart 1000000
  nincrease 1000000
  nbatch 5000
  gridno 0
  statefile ""

Iteration 1:  1000000 integrand evaluations so far
[1] 39.6663 +- 39.8504  	chisq 0 (0 df)

Iteration 2:  3000000 integrand evaluations so far
[1] -1.72211 +- 2.72097  	chisq 1.08373 (1 df)

Iteration 3:  6000000 integrand evaluations so far
[1] -2.00727 +- 2.23937  	chisq 1.11777 (2 df)

Iteration 4:  10000000 integrand evaluations so far
[1] -2.29828 +- 2.18801  	chisq 1.49026 (3 df)

Iteration 5:  15000000 integrand evaluations so far
[1] -2.51649 +- 2.18391  	chisq 4.14296 (4 df)

Iteration 6:  21000000 integrand evaluations so far
[1] -2.79302 +- 2.16567  	chisq 5.10688 (5 df)

Iteration 7:  28000000 integrand evaluations so far
[1] -3.67374 +- 2.12809  	chisq 9.91434 (6 df)

Iteration 8:  36000000 integrand evaluations so far
[1] -3.68633 +- 2.12182  	chisq 9.92029 (7 df)

Iteration 9:  45000000 integrand evaluations so far
[1] -4.01553 +- 2.1001  	chisq 11.1018 (8 df)

Iteration 10:  55000000 integrand evaluations so far
[1] -3.83273 +- 2.08051  	chisq 11.5099 (9 df)
    -3.8 ±    2.1        (4.76mi) ┃Vegas input parameters:
  ndim 8
  ncomp 1
  nvec 1
  epsrel 0
  epsabs 0
  flags 10
  seed 123456
  mineval 5000000
  maxeval 50000000
  nstart 1000000
  nincrease 1000000
  nbatch 5000
  gridno 0
  statefile ""

Iteration 1:  1000000 integrand evaluations so far
[1] 24.4861 +- 24.4861  	chisq 0 (0 df)

Iteration 2:  3000000 integrand evaluations so far
[1] 0.000238568 +- 7.14117e-05  	chisq 0.999981 (1 df)

Iteration 3:  6000000 integrand evaluations so far
[1] 0.000243198 +- 7.13892e-05  	chisq 7.65397 (2 df)

Iteration 4:  10000000 integrand evaluations so far
[1] 0.00024321 +- 7.13892e-05  	chisq 11.6144 (3 df)

Iteration 5:  15000000 integrand evaluations so far
[1] 0.000243299 +- 7.13892e-05  	chisq 37.0374 (4 df)

Iteration 6:  21000000 integrand evaluations so far
[1] 0.000243299 +- 7.13892e-05  	chisq 38.1138 (5 df)

Iteration 7:  28000000 integrand evaluations so far
[1] 0.000243304 +- 7.13892e-05  	chisq 65.5825 (6 df)

Iteration 8:  36000000 integrand evaluations so far
[1] 0.000243322 +- 7.13892e-05  	chisq 244.383 (7 df)

Iteration 9:  45000000 integrand evaluations so far
[1] 0.000243326 +- 7.13892e-05  	chisq 303.321 (8 df)

Iteration 10:  55000000 integrand evaluations so far
[1] 0.000243352 +- 7.13892e-05  	chisq 656.761 (9 df)
   0.243 ±  0.071 ·10⁻⁰³ (2.21mi) ┃     0.4 ±    2.1        (41.6mi) ┃
┃   24 -    26 ┃   59 -    60 ┃  37.256 ±  0.034        (3.79mi) ┃ -34.597 ±  0.017        (  44mi) ┃Vegas input parameters:
  ndim 10
  ncomp 1
  nvec 1
  epsrel 0
  epsabs 0
  flags 10
  seed 123456
  mineval 50000000
  maxeval 50000000
  nstart 1000000
  nincrease 1000000
  nbatch 5000
  gridno 0
  statefile ""

Iteration 1:  1000000 integrand evaluations so far
[1] -12.6783 +- 6.00109  	chisq 0 (0 df)

Iteration 2:  3000000 integrand evaluations so far
[1] -0.332276 +- 0.125521  	chisq 4.2343 (1 df)

Iteration 3:  6000000 integrand evaluations so far
[1] -0.335008 +- 0.125445  	chisq 4.62903 (2 df)

Iteration 4:  10000000 integrand evaluations so far
[1] -0.339023 +- 0.125393  	chisq 5.85787 (3 df)

Iteration 5:  15000000 integrand evaluations so far
[1] -0.339996 +- 0.125391  	chisq 7.97822 (4 df)

Iteration 6:  21000000 integrand evaluations so far
[1] -0.343552 +- 0.125367  	chisq 10.0302 (5 df)

Iteration 7:  28000000 integrand evaluations so far
[1] -0.344548 +- 0.125363  	chisq 11.179 (6 df)

Iteration 8:  36000000 integrand evaluations so far
[1] -0.344252 +- 0.125362  	chisq 11.5917 (7 df)

Iteration 9:  45000000 integrand evaluations so far
[1] -0.344554 +- 0.125327  	chisq 11.602 (8 df)

Iteration 10:  55000000 integrand evaluations so far
[1] -0.348232 +- 0.125318  	chisq 17.3987 (9 df)
   -0.35 ±   0.13        (4.71mi) ┃Vegas input parameters:
  ndim 8
  ncomp 1
  nvec 1
  epsrel 0
  epsabs 0
  flags 10
  seed 123456
  mineval 5000000
  maxeval 50000000
  nstart 1000000
  nincrease 1000000
  nbatch 5000
  gridno 0
  statefile ""

Iteration 1:  1000000 integrand evaluations so far
[1] 35.3033 +- 35.3033  	chisq 0 (0 df)

Iteration 2:  3000000 integrand evaluations so far
[1] 0.0144398 +- 0.0141644  	chisq 0.999182 (1 df)

Iteration 3:  6000000 integrand evaluations so far
[1] 0.0148822 +- 0.0141575  	chisq 2.00162 (2 df)

Iteration 4:  10000000 integrand evaluations so far
[1] 0.0150942 +- 0.0141564  	chisq 3.38024 (3 df)

Iteration 5:  15000000 integrand evaluations so far
[1] 0.0151569 +- 0.0141563  	chisq 6.69301 (4 df)

Iteration 6:  21000000 integrand evaluations so far
[1] 0.0152022 +- 0.0141563  	chisq 10.4827 (5 df)

Iteration 7:  28000000 integrand evaluations so far
[1] 0.0156926 +- 0.014156  	chisq 40.9706 (6 df)

Iteration 8:  36000000 integrand evaluations so far
[1] 0.0166624 +- 0.0141557  	chisq 142.717 (7 df)

Iteration 9:  45000000 integrand evaluations so far
[1] 0.017174 +- 0.0141556  	chisq 225.303 (8 df)

Iteration 10:  55000000 integrand evaluations so far
[1] 0.0172868 +- 0.0141556  	chisq 255.549 (9 df)
   0.017 ±  0.014        (2.32mi) ┃    2.33 ±   0.13        (54.8mi) ┃
┃   26 -    28 ┃   25 -    26 ┃ 1.17024 ± 0.0003 ·10⁺⁰³ ( 40.5s) ┃-1.05896 ± 0.00098 ·10⁺⁰³ ( 3.9mi) ┃Vegas input parameters:
  ndim 10
  ncomp 1
  nvec 1
  epsrel 0
  epsabs 0
  flags 10
  seed 123456
  mineval 50000000
  maxeval 50000000
  nstart 1000000
  nincrease 1000000
  nbatch 5000
  gridno 0
  statefile ""

Iteration 1:  1000000 integrand evaluations so far
[1] 376.41 +- 343.529  	chisq 0 (0 df)

Iteration 2:  3000000 integrand evaluations so far
[1] 198.614 +- 302.329  	chisq 1.18801 (1 df)

Iteration 3:  6000000 integrand evaluations so far
[1] 264.895 +- 200.16  	chisq 1.27358 (2 df)

Iteration 4:  10000000 integrand evaluations so far
[1] 91.7604 +- 169.936  	chisq 3.95343 (3 df)

Iteration 5:  15000000 integrand evaluations so far
[1] 34.3536 +- 160.525  	chisq 5.01309 (4 df)

Iteration 6:  21000000 integrand evaluations so far
[1] -25.9799 +- 139.261  	chisq 5.58411 (5 df)

Iteration 7:  28000000 integrand evaluations so far
[1] -4.38105 +- 133.662  	chisq 5.8894 (6 df)

Iteration 8:  36000000 integrand evaluations so far
[1] -61.5442 +- 123.234  	chisq 7.10917 (7 df)

Iteration 9:  45000000 integrand evaluations so far
[1] -183.852 +- 94.8344  	chisq 9.52465 (8 df)

Iteration 10:  55000000 integrand evaluations so far
[1] -167.125 +- 93.8613  	chisq 11.0484 (9 df)
    -167 ±     94        (4.72mi) ┃Vegas input parameters:
  ndim 8
  ncomp 1
  nvec 1
  epsrel 0
  epsabs 0
  flags 10
  seed 123456
  mineval 5000000
  maxeval 50000000
  nstart 1000000
  nincrease 1000000
  nbatch 5000
  gridno 0
  statefile ""

Iteration 1:  1000000 integrand evaluations so far
[1] 1445.33 +- 252.891  	chisq 0 (0 df)

Iteration 2:  3000000 integrand evaluations so far
[1] 1184.51 +- 120.545  	chisq 1.37634 (1 df)

Iteration 3:  6000000 integrand evaluations so far
[1] 1151.14 +- 82.3052  	chisq 1.5199 (2 df)

Iteration 4:  10000000 integrand evaluations so far
[1] 1214.6 +- 70.1082  	chisq 3.68624 (3 df)

Iteration 5:  15000000 integrand evaluations so far
[1] 1167.93 +- 42.5895  	chisq 4.38856 (4 df)

Iteration 6:  21000000 integrand evaluations so far
[1] 1191.41 +- 24.9442  	chisq 4.85127 (5 df)

Iteration 7:  28000000 integrand evaluations so far
[1] 1220.34 +- 17.444  	chisq 7.48371 (6 df)

Iteration 8:  36000000 integrand evaluations so far
[1] 1230.62 +- 13.4708  	chisq 8.34291 (7 df)

Iteration 9:  45000000 integrand evaluations so far
[1] 1237.83 +- 11.7852  	chisq 9.56572 (8 df)

Iteration 10:  55000000 integrand evaluations so far
[1] 1251.23 +- 10.0341  	chisq 14.2619 (9 df)
   1.251 ±   0.01 ·10⁺⁰³ (1.71mi) ┃   1.195 ±  0.094 ·10⁺⁰³ (  11mi) ┃
┃   26 -    28 ┃   26 -    27 ┃ 1.33434 ± 0.00023 ·10⁺⁰³ ( 9.57s) ┃ -1.2014 ± 0.0011 ·10⁺⁰³ (2.08mi) ┃Vegas input parameters:
  ndim 10
  ncomp 1
  nvec 1
  epsrel 0
  epsabs 0
  flags 10
  seed 123456
  mineval 50000000
  maxeval 50000000
  nstart 1000000
  nincrease 1000000
  nbatch 5000
  gridno 0
  statefile ""

Iteration 1:  1000000 integrand evaluations so far
[1] -32.0906 +- 441.303  	chisq 0 (0 df)

Iteration 2:  3000000 integrand evaluations so far
[1] -26.3335 +- 351.092  	chisq 0.000463659 (1 df)

Iteration 3:  6000000 integrand evaluations so far
[1] -109.481 +- 243.877  	chisq 0.108845 (2 df)

Iteration 4:  10000000 integrand evaluations so far
[1] -182.875 +- 233.241  	chisq 1.17036 (3 df)

Iteration 5:  15000000 integrand evaluations so far
[1] -206.33 +- 196.765  	chisq 1.20544 (4 df)

Iteration 6:  21000000 integrand evaluations so far
[1] -116 +- 182.078  	chisq 2.67187 (5 df)

Iteration 7:  28000000 integrand evaluations so far
[1] -182.455 +- 175.216  	chisq 4.47325 (6 df)

Iteration 8:  36000000 integrand evaluations so far
[1] -202.025 +- 132.597  	chisq 4.50244 (7 df)

Iteration 9:  45000000 integrand evaluations so far
[1] -207.576 +- 131.569  	chisq 4.61587 (8 df)

Iteration 10:  55000000 integrand evaluations so far
[1] -189.08 +- 126.351  	chisq 4.87006 (9 df)
    -190 ±    130        (4.71mi) ┃Vegas input parameters:
  ndim 8
  ncomp 1
  nvec 1
  epsrel 0
  epsabs 0
  flags 10
  seed 123456
  mineval 5000000
  maxeval 50000000
  nstart 1000000
  nincrease 1000000
  nbatch 5000
  gridno 0
  statefile ""

Iteration 1:  1000000 integrand evaluations so far
[1] 1846.02 +- 312.69  	chisq 0 (0 df)

Iteration 2:  3000000 integrand evaluations so far
[1] 1845.38 +- 244.572  	chisq 1.08034e-05 (1 df)

Iteration 3:  6000000 integrand evaluations so far
[1] 1516.48 +- 132.769  	chisq 2.56422 (2 df)

Iteration 4:  10000000 integrand evaluations so far
[1] 1325.62 +- 53.8258  	chisq 5.03712 (3 df)

Iteration 5:  15000000 integrand evaluations so far
[1] 1393.71 +- 40.6205  	chisq 8.75477 (4 df)

Iteration 6:  21000000 integrand evaluations so far
[1] 1436.89 +- 26.9759  	chisq 10.7757 (5 df)

Iteration 7:  28000000 integrand evaluations so far
[1] 1423.72 +- 20.4927  	chisq 11.3391 (6 df)

Iteration 8:  36000000 integrand evaluations so far
[1] 1441.55 +- 15.6344  	chisq 13.1513 (7 df)

Iteration 9:  45000000 integrand evaluations so far
[1] 1449.24 +- 12.4748  	chisq 13.8159 (8 df)

Iteration 10:  55000000 integrand evaluations so far
[1] 1453.46 +- 10.797  	chisq 14.2737 (9 df)
   1.453 ±  0.011 ·10⁺⁰³ (1.75mi) ┃     1.4 ±   0.13 ·10⁺⁰³ (8.69mi) ┃
┃   26 -    28 ┃   27 -    28 ┃  1.5435 ± 0.0015 ·10⁺⁰³ ( 6.34s) ┃-1.39446 ± 0.00047 ·10⁺⁰³ (1.08mi) ┃Vegas input parameters:
  ndim 10
  ncomp 1
  nvec 1
  epsrel 0
  epsabs 0
  flags 10
  seed 123456
  mineval 50000000
  maxeval 50000000
  nstart 1000000
  nincrease 1000000
  nbatch 5000
  gridno 0
  statefile ""

Iteration 1:  1000000 integrand evaluations so far
[1] -4958.89 +- 3597.21  	chisq 0 (0 df)

Iteration 2:  3000000 integrand evaluations so far
[1] -661.281 +- 355.394  	chisq 1.44139 (1 df)

Iteration 3:  6000000 integrand evaluations so far
[1] -579.965 +- 348.506  	chisq 2.80508 (2 df)

Iteration 4:  10000000 integrand evaluations so far
[1] -347.265 +- 288.986  	chisq 4.23219 (3 df)

Iteration 5:  15000000 integrand evaluations so far
[1] -225.494 +- 253.315  	chisq 4.99872 (4 df)

Iteration 6:  21000000 integrand evaluations so far
[1] -327.454 +- 170.622  	chisq 5.29526 (5 df)

Iteration 7:  28000000 integrand evaluations so far
[1] -342.346 +- 167.141  	chisq 5.48391 (6 df)

Iteration 8:  36000000 integrand evaluations so far
[1] -367.913 +- 164.565  	chisq 6.24883 (7 df)

Iteration 9:  45000000 integrand evaluations so far
[1] -367.579 +- 163.726  	chisq 6.24923 (8 df)

Iteration 10:  55000000 integrand evaluations so far
[1] -399.378 +- 137.919  	chisq 6.37913 (9 df)
    -400 ±    140        (4.75mi) ┃Vegas input parameters:
  ndim 8
  ncomp 1
  nvec 1
  epsrel 0
  epsabs 0
  flags 10
  seed 123456
  mineval 5000000
  maxeval 50000000
  nstart 1000000
  nincrease 1000000
  nbatch 5000
  gridno 0
  statefile ""

Iteration 1:  1000000 integrand evaluations so far
[1] 1841.2 +- 314.917  	chisq 0 (0 df)

Iteration 2:  3000000 integrand evaluations so far
[1] 1526.76 +- 140.422  	chisq 1.2444 (1 df)

Iteration 3:  6000000 integrand evaluations so far
[1] 1512.42 +- 77.0327  	chisq 1.2593 (2 df)

Iteration 4:  10000000 integrand evaluations so far
[1] 1519.26 +- 76.7873  	chisq 2.49641 (3 df)

Iteration 5:  15000000 integrand evaluations so far
[1] 1544.35 +- 75.1058  	chisq 4.96126 (4 df)

Iteration 6:  21000000 integrand evaluations so far
[1] 1557.58 +- 53.0352  	chisq 5.02314 (5 df)

Iteration 7:  28000000 integrand evaluations so far
[1] 1626.28 +- 33.3161  	chisq 7.79534 (6 df)

Iteration 8:  36000000 integrand evaluations so far
[1] 1699.6 +- 23.2637  	chisq 17.2476 (7 df)

Iteration 9:  45000000 integrand evaluations so far
[1] 1724.98 +- 15.9586  	chisq 19.4945 (8 df)

Iteration 10:  55000000 integrand evaluations so far
[1] 1723.09 +- 12  	chisq 19.5266 (9 df)
   1.723 ±  0.012 ·10⁺⁰³ (1.72mi) ┃    1.47 ±   0.14 ·10⁺⁰³ (7.66mi) ┃
┃   26 -    28 ┃   28 -    29 ┃ 2.02299 ± 0.00046 ·10⁺⁰³ ( 17.8s) ┃-1.83038 ± 0.00067 ·10⁺⁰³ (1.08mi) ┃Vegas input parameters:
  ndim 10
  ncomp 1
  nvec 1
  epsrel 0
  epsabs 0
  flags 10
  seed 123456
  mineval 50000000
  maxeval 50000000
  nstart 1000000
  nincrease 1000000
  nbatch 5000
  gridno 0
  statefile ""

Iteration 1:  1000000 integrand evaluations so far
[1] -2498.9 +- 1272.48  	chisq 0 (0 df)

Iteration 2:  3000000 integrand evaluations so far
[1] -1851.65 +- 702.45  	chisq 0.372137 (1 df)

Iteration 3:  6000000 integrand evaluations so far
[1] -1259.1 +- 423.843  	chisq 1.49108 (2 df)

Iteration 4:  10000000 integrand evaluations so far
[1] -995.533 +- 282.026  	chisq 2.18503 (3 df)

Iteration 5:  15000000 integrand evaluations so far
[1] -1030.52 +- 266.373  	chisq 2.32766 (4 df)

Iteration 6:  21000000 integrand evaluations so far
[1] -622.927 +- 212.062  	chisq 8.72133 (5 df)

Iteration 7:  28000000 integrand evaluations so far
[1] -534.705 +- 202.938  	chisq 10.7767 (6 df)

Iteration 8:  36000000 integrand evaluations so far
[1] -265.945 +- 183.387  	chisq 20.3402 (7 df)

Iteration 9:  45000000 integrand evaluations so far
[1] -359.115 +- 153.272  	chisq 21.1964 (8 df)

Iteration 10:  55000000 integrand evaluations so far
[1] -377.419 +- 152.644  	chisq 22.9417 (9 df)
    -380 ±    150        (4.72mi) ┃Vegas input parameters:
  ndim 8
  ncomp 1
  nvec 1
  epsrel 0
  epsabs 0
  flags 10
  seed 123456
  mineval 5000000
  maxeval 50000000
  nstart 1000000
  nincrease 1000000
  nbatch 5000
  gridno 0
  statefile ""

Iteration 1:  1000000 integrand evaluations so far
[1] 2038 +- 286.999  	chisq 0 (0 df)

Iteration 2:  3000000 integrand evaluations so far
[1] 2135.51 +- 119.641  	chisq 0.139714 (1 df)

Iteration 3:  6000000 integrand evaluations so far
[1] 2281.62 +- 72.3774  	chisq 2.49218 (2 df)

Iteration 4:  10000000 integrand evaluations so far
[1] 2323.72 +- 62.5048  	chisq 3.82322 (3 df)

Iteration 5:  15000000 integrand evaluations so far
[1] 2358.55 +- 53.7375  	chisq 5.01349 (4 df)

Iteration 6:  21000000 integrand evaluations so far
[1] 2368.14 +- 39.0387  	chisq 5.0809 (5 df)

Iteration 7:  28000000 integrand evaluations so far
[1] 2363.36 +- 26.7464  	chisq 5.10911 (6 df)

Iteration 8:  36000000 integrand evaluations so far
[1] 2362.23 +- 19.3347  	chisq 5.11288 (7 df)

Iteration 9:  45000000 integrand evaluations so far
[1] 2355.15 +- 14.7933  	chisq 5.43628 (8 df)

Iteration 10:  55000000 integrand evaluations so far
[1] 2357.56 +- 13.8533  	chisq 5.65131 (9 df)
   2.358 ±  0.014 ·10⁺⁰³ (1.73mi) ┃    2.17 ±   0.15 ·10⁺⁰³ (7.82mi) ┃
┃   26 -    28 ┃   29 -    30 ┃  2.2808 ± 0.0013 ·10⁺⁰³ (1.05mi) ┃ -2.0582 ± 0.0013 ·10⁺⁰³ (7.81mi) ┃Vegas input parameters:
  ndim 10
  ncomp 1
  nvec 1
  epsrel 0
  epsabs 0
  flags 10
  seed 123456
  mineval 50000000
  maxeval 50000000
  nstart 1000000
  nincrease 1000000
  nbatch 5000
  gridno 0
  statefile ""

Iteration 1:  1000000 integrand evaluations so far
[1] 5971.39 +- 2757.6  	chisq 0 (0 df)

Iteration 2:  3000000 integrand evaluations so far
[1] 1045.68 +- 766.59  	chisq 3.45784 (1 df)

Iteration 3:  6000000 integrand evaluations so far
[1] 237.904 +- 522.885  	chisq 5.5342 (2 df)

Iteration 4:  10000000 integrand evaluations so far
[1] 123.802 +- 351.245  	chisq 5.62097 (3 df)

Iteration 5:  15000000 integrand evaluations so far
[1] 40.4411 +- 334.41  	chisq 6.22296 (4 df)

Iteration 6:  21000000 integrand evaluations so far
[1] -216.151 +- 244.542  	chisq 7.48839 (5 df)

Iteration 7:  28000000 integrand evaluations so far
[1] -196.613 +- 243.175  	chisq 8.06114 (6 df)

Iteration 8:  36000000 integrand evaluations so far
[1] -293.814 +- 228.246  	chisq 9.4036 (7 df)

Iteration 9:  45000000 integrand evaluations so far
[1] -346.947 +- 223.705  	chisq 10.7792 (8 df)

Iteration 10:  55000000 integrand evaluations so far
[1] -340.276 +- 223.614  	chisq 11.8643 (9 df)
    -340 ±    220        (4.75mi) ┃Vegas input parameters:
  ndim 8
  ncomp 1
  nvec 1
  epsrel 0
  epsabs 0
  flags 10
  seed 123456
  mineval 5000000
  maxeval 50000000
  nstart 1000000
  nincrease 1000000
  nbatch 5000
  gridno 0
  statefile ""

Iteration 1:  1000000 integrand evaluations so far
[1] 2534.51 +- 316.428  	chisq 0 (0 df)

Iteration 2:  3000000 integrand evaluations so far
[1] 2528.59 +- 116.395  	chisq 0.00040389 (1 df)

Iteration 3:  6000000 integrand evaluations so far
[1] 2563.73 +- 75.4597  	chisq 0.157593 (2 df)

Iteration 4:  10000000 integrand evaluations so far
[1] 2640.38 +- 60.772  	chisq 3.09374 (3 df)

Iteration 5:  15000000 integrand evaluations so far
[1] 2630.7 +- 39.3844  	chisq 3.13746 (4 df)

Iteration 6:  21000000 integrand evaluations so far
[1] 2648.82 +- 32.8511  	chisq 3.83351 (5 df)

Iteration 7:  28000000 integrand evaluations so far
[1] 2674.25 +- 26.5345  	chisq 5.55696 (6 df)

Iteration 8:  36000000 integrand evaluations so far
[1] 2655.43 +- 19.8328  	chisq 6.69725 (7 df)

Iteration 9:  45000000 integrand evaluations so far
[1] 2650.37 +- 15.5803  	chisq 6.86705 (8 df)

Iteration 10:  55000000 integrand evaluations so far
[1] 2655.94 +- 12.9624  	chisq 7.28264 (9 df)
   2.656 ±  0.013 ·10⁺⁰³ (1.71mi) ┃    2.54 ±   0.22 ·10⁺⁰³ (15.3mi) ┃
┃   26 -    28 ┃   30 -    31 ┃  1.9296 ± 0.0018 ·10⁺⁰³ ( 33.8s) ┃-1.83937 ± 0.00066 ·10⁺⁰³ ( 15.2s) ┃Vegas input parameters:
  ndim 10
  ncomp 1
  nvec 1
  epsrel 0
  epsabs 0
  flags 10
  seed 123456
  mineval 50000000
  maxeval 50000000
  nstart 1000000
  nincrease 1000000
  nbatch 5000
  gridno 0
  statefile ""

Iteration 1:  1000000 integrand evaluations so far
[1] 790.743 +- 776.741  	chisq 0 (0 df)

Iteration 2:  3000000 integrand evaluations so far
[1] 332.905 +- 627.885  	chisq 1.00253 (1 df)

Iteration 3:  6000000 integrand evaluations so far
[1] 488.698 +- 423.222  	chisq 1.11536 (2 df)

Iteration 4:  10000000 integrand evaluations so far
[1] 71.5433 +- 310.342  	chisq 3.21689 (3 df)

Iteration 5:  15000000 integrand evaluations so far
[1] -45.7173 +- 277.177  	chisq 3.92258 (4 df)

Iteration 6:  21000000 integrand evaluations so far
[1] -71.0856 +- 208.074  	chisq 3.94177 (5 df)

Iteration 7:  28000000 integrand evaluations so far
[1] -144.095 +- 185.596  	chisq 4.54414 (6 df)

Iteration 8:  36000000 integrand evaluations so far
[1] -108.424 +- 172.709  	chisq 4.81973 (7 df)

Iteration 9:  45000000 integrand evaluations so far
[1] -183.39 +- 139.399  	chisq 5.3603 (8 df)

Iteration 10:  55000000 integrand evaluations so far
[1] -187.277 +- 132.462  	chisq 5.36831 (9 df)
    -190 ±    130        (4.79mi) ┃Vegas input parameters:
  ndim 8
  ncomp 1
  nvec 1
  epsrel 0
  epsabs 0
  flags 10
  seed 123456
  mineval 5000000
  maxeval 50000000
  nstart 1000000
  nincrease 1000000
  nbatch 5000
  gridno 0
  statefile ""

Iteration 1:  1000000 integrand evaluations so far
[1] 2054.5 +- 277.546  	chisq 0 (0 df)

Iteration 2:  3000000 integrand evaluations so far
[1] 2016.53 +- 91.29  	chisq 0.0209845 (1 df)

Iteration 3:  6000000 integrand evaluations so far
[1] 2113.6 +- 63.0793  	chisq 2.18472 (2 df)

Iteration 4:  10000000 integrand evaluations so far
[1] 2130.58 +- 39.9926  	chisq 2.3059 (3 df)

Iteration 5:  15000000 integrand evaluations so far
[1] 2158.25 +- 35.0914  	chisq 4.38566 (4 df)

Iteration 6:  21000000 integrand evaluations so far
[1] 2145.02 +- 27.2408  	chisq 4.74332 (5 df)

Iteration 7:  28000000 integrand evaluations so far
[1] 2161.79 +- 19.9444  	chisq 5.55989 (6 df)

Iteration 8:  36000000 integrand evaluations so far
[1] 2173.48 +- 15.3819  	chisq 6.40775 (7 df)

Iteration 9:  45000000 integrand evaluations so far
[1] 2183.26 +- 13.1226  	chisq 7.89435 (8 df)

Iteration 10:  55000000 integrand evaluations so far
[1] 2184.73 +- 11.3387  	chisq 7.94368 (9 df)
   2.185 ±  0.011 ·10⁺⁰³ (1.72mi) ┃    2.09 ±   0.13 ·10⁺⁰³ (7.32mi) ┃
┃   26 -    28 ┃   31 -    32 ┃  1.7021 ± 0.0013 ·10⁺⁰³ (1.11mi) ┃-1.53782 ± 0.00022 ·10⁺⁰³ (7.46mi) ┃Vegas input parameters:
  ndim 10
  ncomp 1
  nvec 1
  epsrel 0
  epsabs 0
  flags 10
  seed 123456
  mineval 50000000
  maxeval 50000000
  nstart 1000000
  nincrease 1000000
  nbatch 5000
  gridno 0
  statefile ""

Iteration 1:  1000000 integrand evaluations so far
[1] 328.97 +- 1255.6  	chisq 0 (0 df)

Iteration 2:  3000000 integrand evaluations so far
[1] -362.656 +- 696.204  	chisq 0.438115 (1 df)

Iteration 3:  6000000 integrand evaluations so far
[1] -170.324 +- 391.654  	chisq 0.549768 (2 df)

Iteration 4:  10000000 integrand evaluations so far
[1] -239.819 +- 379.066  	chisq 1.04756 (3 df)

Iteration 5:  15000000 integrand evaluations so far
[1] -365.511 +- 320.6  	chisq 1.43377 (4 df)

Iteration 6:  21000000 integrand evaluations so far
[1] -249.829 +- 261.384  	chisq 1.82209 (5 df)

Iteration 7:  28000000 integrand evaluations so far
[1] -227.003 +- 218.089  	chisq 1.84719 (6 df)

Iteration 8:  36000000 integrand evaluations so far
[1] -248.702 +- 208.752  	chisq 1.96533 (7 df)

Iteration 9:  45000000 integrand evaluations so far
[1] -222.747 +- 205.624  	chisq 2.48506 (8 df)

Iteration 10:  55000000 integrand evaluations so far
[1] -165.501 +- 201.078  	chisq 4.25747 (9 df)
    -170 ±    200        (4.73mi) ┃Vegas input parameters:
  ndim 8
  ncomp 1
  nvec 1
  epsrel 0
  epsabs 0
  flags 10
  seed 123456
  mineval 5000000
  maxeval 50000000
  nstart 1000000
  nincrease 1000000
  nbatch 5000
  gridno 0
  statefile ""

Iteration 1:  1000000 integrand evaluations so far
[1] 1732.89 +- 270.517  	chisq 0 (0 df)

Iteration 2:  3000000 integrand evaluations so far
[1] 1760.09 +- 222.758  	chisq 0.0314 (1 df)

Iteration 3:  6000000 integrand evaluations so far
[1] 1609.36 +- 114.819  	chisq 0.654899 (2 df)

Iteration 4:  10000000 integrand evaluations so far
[1] 1800.75 +- 89.9641  	chisq 7.85139 (3 df)

Iteration 5:  15000000 integrand evaluations so far
[1] 1841.56 +- 47.636  	chisq 8.13743 (4 df)

Iteration 6:  21000000 integrand evaluations so far
[1] 1883.87 +- 29.7435  	chisq 9.42994 (5 df)

Iteration 7:  28000000 integrand evaluations so far
[1] 1895.38 +- 21.5156  	chisq 9.74408 (6 df)

Iteration 8:  36000000 integrand evaluations so far
[1] 1887.62 +- 15.9583  	chisq 10.0326 (7 df)

Iteration 9:  45000000 integrand evaluations so far
[1] 1892.66 +- 12.9688  	chisq 10.3256 (8 df)

Iteration 10:  55000000 integrand evaluations so far
[1] 1897.2 +- 10.9566  	chisq 10.7538 (9 df)
   1.897 ±  0.011 ·10⁺⁰³ (1.72mi) ┃     1.9 ±    0.2 ·10⁺⁰³ (  15mi) ┃
┃   26 -    28 ┃   32 -    33 ┃ 1.55719 ± 0.0005 ·10⁺⁰³ (   2mi) ┃-1.40706 ± 0.00083 ·10⁺⁰³ (14.5mi) ┃Vegas input parameters:
  ndim 10
  ncomp 1
  nvec 1
  epsrel 0
  epsabs 0
  flags 10
  seed 123456
  mineval 50000000
  maxeval 50000000
  nstart 1000000
  nincrease 1000000
  nbatch 5000
  gridno 0
  statefile ""

Iteration 1:  1000000 integrand evaluations so far
[1] 274.69 +- 1021.3  	chisq 0 (0 df)

Iteration 2:  3000000 integrand evaluations so far
[1] -135.769 +- 861.298  	chisq 0.559308 (1 df)

Iteration 3:  6000000 integrand evaluations so far
[1] -391.982 +- 228.19  	chisq 0.654479 (2 df)

Iteration 4:  10000000 integrand evaluations so far
[1] -379.518 +- 138.999  	chisq 0.659222 (3 df)

Iteration 5:  15000000 integrand evaluations so far
[1] -345.307 +- 121.718  	chisq 0.919011 (4 df)

Iteration 6:  21000000 integrand evaluations so far
[1] -320.862 +- 108.992  	chisq 1.12254 (5 df)

Iteration 7:  28000000 integrand evaluations so far
[1] -314.763 +- 108.794  	chisq 1.98461 (6 df)

Iteration 8:  36000000 integrand evaluations so far
[1] -271.378 +- 92.819  	chisq 2.56903 (7 df)

Iteration 9:  45000000 integrand evaluations so far
[1] -243.511 +- 91.1924  	chisq 5.16363 (8 df)

Iteration 10:  55000000 integrand evaluations so far
[1] -235.404 +- 89.5466  	chisq 5.38457 (9 df)
    -235 ±     90        (4.68mi) ┃Vegas input parameters:
  ndim 8
  ncomp 1
  nvec 1
  epsrel 0
  epsabs 0
  flags 10
  seed 123456
  mineval 5000000
  maxeval 50000000
  nstart 1000000
  nincrease 1000000
  nbatch 5000
  gridno 0
  statefile ""

Iteration 1:  1000000 integrand evaluations so far
[1] 1933.94 +- 269.851  	chisq 0 (0 df)

Iteration 2:  3000000 integrand evaluations so far
[1] 1868.48 +- 203.927  	chisq 0.137206 (1 df)

Iteration 3:  6000000 integrand evaluations so far
[1] 1835.74 +- 132.978  	chisq 0.182053 (2 df)

Iteration 4:  10000000 integrand evaluations so far
[1] 1714.63 +- 71.3732  	chisq 1.34708 (3 df)

Iteration 5:  15000000 integrand evaluations so far
[1] 1690.21 +- 49.7009  	chisq 1.57441 (4 df)

Iteration 6:  21000000 integrand evaluations so far
[1] 1727.22 +- 31.0034  	chisq 2.48215 (5 df)

Iteration 7:  28000000 integrand evaluations so far
[1] 1700.92 +- 19.3083  	chisq 3.65722 (6 df)

Iteration 8:  36000000 integrand evaluations so far
[1] 1701.09 +- 13.9039  	chisq 3.65739 (7 df)

Iteration 9:  45000000 integrand evaluations so far
[1] 1702.91 +- 10.9821  	chisq 3.70248 (8 df)

Iteration 10:  55000000 integrand evaluations so far
[1] 1702.32 +- 9.20627  	chisq 3.71218 (9 df)
  1.7023 ± 0.0092 ·10⁺⁰³ (1.71mi) ┃   1.617 ±   0.09 ·10⁺⁰³ (22.9mi) ┃
┃   26 -    28 ┃   33 -    34 ┃   1.476 ± 0.0012 ·10⁺⁰³ ( 40.3s) ┃ -1.3321 ± 0.0011 ·10⁺⁰³ (14.5mi) ┃Vegas input parameters:
  ndim 10
  ncomp 1
  nvec 1
  epsrel 0
  epsabs 0
  flags 10
  seed 123456
  mineval 50000000
  maxeval 50000000
  nstart 1000000
  nincrease 1000000
  nbatch 5000
  gridno 0
  statefile ""

Iteration 1:  1000000 integrand evaluations so far
[1] 421.499 +- 907.584  	chisq 0 (0 df)

Iteration 2:  3000000 integrand evaluations so far
[1] -218.193 +- 779.691  	chisq 1.8963 (1 df)

Iteration 3:  6000000 integrand evaluations so far
[1] -6.92059 +- 507.673  	chisq 2.02376 (2 df)

Iteration 4:  10000000 integrand evaluations so far
[1] 94.6857 +- 482.165  	chisq 2.43266 (3 df)

Iteration 5:  15000000 integrand evaluations so far
[1] 138.825 +- 462.476  	chisq 2.53741 (4 df)

Iteration 6:  21000000 integrand evaluations so far
[1] -175.811 +- 250.143  	chisq 3.19165 (5 df)

Iteration 7:  28000000 integrand evaluations so far
[1] -223.28 +- 222.192  	chisq 3.36233 (6 df)

Iteration 8:  36000000 integrand evaluations so far
[1] -211.672 +- 173.651  	chisq 3.36934 (7 df)

Iteration 9:  45000000 integrand evaluations so far
[1] -174 +- 171.431  	chisq 5.22241 (8 df)

Iteration 10:  55000000 integrand evaluations so far
[1] -178.647 +- 171.327  	chisq 5.8257 (9 df)
    -180 ±    170        ( 4.7mi) ┃Vegas input parameters:
  ndim 8
  ncomp 1
  nvec 1
  epsrel 0
  epsabs 0
  flags 10
  seed 123456
  mineval 5000000
  maxeval 50000000
  nstart 1000000
  nincrease 1000000
  nbatch 5000
  gridno 0
  statefile ""

Iteration 1:  1000000 integrand evaluations so far
[1] 1763.75 +- 261.748  	chisq 0 (0 df)

Iteration 2:  3000000 integrand evaluations so far
[1] 1581.7 +- 121.322  	chisq 0.616111 (1 df)

Iteration 3:  6000000 integrand evaluations so far
[1] 1580.97 +- 87.9175  	chisq 0.616186 (2 df)

Iteration 4:  10000000 integrand evaluations so far
[1] 1581.05 +- 51.3255  	chisq 0.616187 (3 df)

Iteration 5:  15000000 integrand evaluations so far
[1] 1592.64 +- 32.6999  	chisq 0.702042 (4 df)

Iteration 6:  21000000 integrand evaluations so far
[1] 1573.39 +- 21.6416  	chisq 1.31896 (5 df)

Iteration 7:  28000000 integrand evaluations so far
[1] 1569.22 +- 16.492  	chisq 1.4075 (6 df)

Iteration 8:  36000000 integrand evaluations so far
[1] 1555.07 +- 12.7733  	chisq 3.24577 (7 df)

Iteration 9:  45000000 integrand evaluations so far
[1] 1556.91 +- 12.6104  	chisq 4.05874 (8 df)

Iteration 10:  55000000 integrand evaluations so far
[1] 1557.79 +- 11.8786  	chisq 4.10212 (9 df)
   1.558 ±  0.012 ·10⁺⁰³ (1.72mi) ┃    1.52 ±   0.17 ·10⁺⁰³ (21.6mi) ┃
┃   26 -    28 ┃   34 -    35 ┃ 1.38487 ± 0.00082 ·10⁺⁰³ ( 39.5s) ┃-1.24987 ± 0.0001 ·10⁺⁰³ (14.3mi) ┃Vegas input parameters:
  ndim 10
  ncomp 1
  nvec 1
  epsrel 0
  epsabs 0
  flags 10
  seed 123456
  mineval 50000000
  maxeval 50000000
  nstart 1000000
  nincrease 1000000
  nbatch 5000
  gridno 0
  statefile ""

Iteration 1:  1000000 integrand evaluations so far
[1] 237.53 +- 565.456  	chisq 0 (0 df)

Iteration 2:  3000000 integrand evaluations so far
[1] 208.221 +- 271.045  	chisq 0.00348802 (1 df)

Iteration 3:  6000000 integrand evaluations so far
[1] 72.2368 +- 197.356  	chisq 0.539231 (2 df)

Iteration 4:  10000000 integrand evaluations so far
[1] -76.3014 +- 144.768  	chisq 1.76556 (3 df)

Iteration 5:  15000000 integrand evaluations so far
[1] -22.9208 +- 131.875  	chisq 2.56443 (4 df)

Iteration 6:  21000000 integrand evaluations so far
[1] 20.9405 +- 125.208  	chisq 3.68692 (5 df)

Iteration 7:  28000000 integrand evaluations so far
[1] 34.271 +- 106.994  	chisq 3.72894 (6 df)

Iteration 8:  36000000 integrand evaluations so far
[1] 18.8144 +- 100.929  	chisq 3.91839 (7 df)

Iteration 9:  45000000 integrand evaluations so far
[1] 7.81344 +- 98.2473  	chisq 4.14498 (8 df)

Iteration 10:  55000000 integrand evaluations so far
[1] 29.7202 +- 90.8409  	chisq 4.48765 (9 df)
      30 ±     91        (4.73mi) ┃Vegas input parameters:
  ndim 8
  ncomp 1
  nvec 1
  epsrel 0
  epsabs 0
  flags 10
  seed 123456
  mineval 5000000
  maxeval 50000000
  nstart 1000000
  nincrease 1000000
  nbatch 5000
  gridno 0
  statefile ""

Iteration 1:  1000000 integrand evaluations so far
[1] 1491.85 +- 277.214  	chisq 0 (0 df)

Iteration 2:  3000000 integrand evaluations so far
[1] 1529.25 +- 229.61  	chisq 0.0579594 (1 df)

Iteration 3:  6000000 integrand evaluations so far
[1] 1113.23 +- 80.3271  	chisq 3.79852 (2 df)

Iteration 4:  10000000 integrand evaluations so far
[1] 1213.57 +- 70.2257  	chisq 10.4188 (3 df)

Iteration 5:  15000000 integrand evaluations so far
[1] 1269.38 +- 66.75  	chisq 16.9609 (4 df)

Iteration 6:  21000000 integrand evaluations so far
[1] 1329.69 +- 49.9908  	chisq 18.8198 (5 df)

Iteration 7:  28000000 integrand evaluations so far
[1] 1393.42 +- 26.7352  	chisq 21.0964 (6 df)

Iteration 8:  36000000 integrand evaluations so far
[1] 1424.07 +- 20.9014  	chisq 24.4766 (7 df)

Iteration 9:  45000000 integrand evaluations so far
[1] 1431.93 +- 15.9022  	chisq 24.8125 (8 df)

Iteration 10:  55000000 integrand evaluations so far
[1] 1451.61 +- 12.3431  	chisq 28.6643 (9 df)
   1.452 ±  0.012 ·10⁺⁰³ (1.68mi) ┃   1.616 ±  0.092 ·10⁺⁰³ (21.4mi) ┃
┃   26 -    28 ┃   35 -    36 ┃ 1.33712 ± 0.00036 ·10⁺⁰³ (1.04mi) ┃-1.20725 ± 0.00046 ·10⁺⁰³ (7.16mi) ┃Vegas input parameters:
  ndim 10
  ncomp 1
  nvec 1
  epsrel 0
  epsabs 0
  flags 10
  seed 123456
  mineval 50000000
  maxeval 50000000
  nstart 1000000
  nincrease 1000000
  nbatch 5000
  gridno 0
  statefile ""

Iteration 1:  1000000 integrand evaluations so far
[1] -1328.06 +- 671.794  	chisq 0 (0 df)

Iteration 2:  3000000 integrand evaluations so far
[1] -139.013 +- 276.578  	chisq 3.77214 (1 df)

Iteration 3:  6000000 integrand evaluations so far
[1] -19.665 +- 189.174  	chisq 4.12204 (2 df)

Iteration 4:  10000000 integrand evaluations so far
[1] -41.868 +- 182.008  	chisq 4.3074 (3 df)

Iteration 5:  15000000 integrand evaluations so far
[1] -10.2763 +- 170.535  	chisq 4.55414 (4 df)

Iteration 6:  21000000 integrand evaluations so far
[1] -3.08533 +- 155.304  	chisq 4.56456 (5 df)

Iteration 7:  28000000 integrand evaluations so far
[1] -22.7268 +- 118.123  	chisq 4.60251 (6 df)

Iteration 8:  36000000 integrand evaluations so far
[1] -35.1936 +- 113.43  	chisq 4.74553 (7 df)

Iteration 9:  45000000 integrand evaluations so far
[1] -4.59168 +- 109.25  	chisq 5.75177 (8 df)

Iteration 10:  55000000 integrand evaluations so far
[1] -85.2565 +- 103.245  	chisq 10.8509 (9 df)
     -90 ±    100        (4.76mi) ┃Vegas input parameters:
  ndim 8
  ncomp 1
  nvec 1
  epsrel 0
  epsabs 0
  flags 10
  seed 123456
  mineval 5000000
  maxeval 50000000
  nstart 1000000
  nincrease 1000000
  nbatch 5000
  gridno 0
  statefile ""

Iteration 1:  1000000 integrand evaluations so far
[1] 1492.97 +- 243.942  	chisq 0 (0 df)

Iteration 2:  3000000 integrand evaluations so far
[1] 1225.88 +- 109.158  	chisq 1.4989 (1 df)

Iteration 3:  6000000 integrand evaluations so far
[1] 1296.09 +- 67.1232  	chisq 2.16417 (2 df)

Iteration 4:  10000000 integrand evaluations so far
[1] 1309.47 +- 46.1652  	chisq 2.23949 (3 df)

Iteration 5:  15000000 integrand evaluations so far
[1] 1321.31 +- 34.7069  	chisq 2.3908 (4 df)

Iteration 6:  21000000 integrand evaluations so far
[1] 1324.64 +- 23.4517  	chisq 2.40773 (5 df)

Iteration 7:  28000000 integrand evaluations so far
[1] 1340.92 +- 21.0196  	chisq 4.85866 (6 df)

Iteration 8:  36000000 integrand evaluations so far
[1] 1344.02 +- 17.289  	chisq 4.92592 (7 df)

Iteration 9:  45000000 integrand evaluations so far
[1] 1359.14 +- 12.9632  	chisq 6.67401 (8 df)

Iteration 10:  55000000 integrand evaluations so far
[1] 1372.3 +- 10.2012  	chisq 9.37892 (9 df)
   1.372 ±   0.01 ·10⁺⁰³ (1.72mi) ┃    1.42 ±    0.1 ·10⁺⁰³ (14.7mi) ┃
┃   26 -    28 ┃   36 -    37 ┃  1.2697 ± 0.0012 ·10⁺⁰³ ( 19.9s) ┃ -1.1486 ± 0.0008 ·10⁺⁰³ (  14mi) ┃Vegas input parameters:
  ndim 10
  ncomp 1
  nvec 1
  epsrel 0
  epsabs 0
  flags 10
  seed 123456
  mineval 50000000
  maxeval 50000000
  nstart 1000000
  nincrease 1000000
  nbatch 5000
  gridno 0
  statefile ""

Iteration 1:  1000000 integrand evaluations so far
[1] 665.65 +- 1116.6  	chisq 0 (0 df)

Iteration 2:  3000000 integrand evaluations so far
[1] -93.6421 +- 605.331  	chisq 0.65486 (1 df)

Iteration 3:  6000000 integrand evaluations so far
[1] 219.306 +- 400.158  	chisq 1.12959 (2 df)

Iteration 4:  10000000 integrand evaluations so far
[1] 312.063 +- 371.567  	chisq 1.51953 (3 df)

Iteration 5:  15000000 integrand evaluations so far
[1] 325.83 +- 371.246  	chisq 2.31397 (4 df)

Iteration 6:  21000000 integrand evaluations so far
[1] -51.7456 +- 200.849  	chisq 3.77641 (5 df)

Iteration 7:  28000000 integrand evaluations so far
[1] -114.522 +- 189.087  	chisq 4.63566 (6 df)

Iteration 8:  36000000 integrand evaluations so far
[1] -228.311 +- 156.075  	chisq 5.772 (7 df)

Iteration 9:  45000000 integrand evaluations so far
[1] -83.0749 +- 118.177  	chisq 7.80146 (8 df)

Iteration 10:  55000000 integrand evaluations so far
[1] -84.051 +- 117.62  	chisq 7.80872 (9 df)
     -80 ±    120        (4.74mi) ┃Vegas input parameters:
  ndim 8
  ncomp 1
  nvec 1
  epsrel 0
  epsabs 0
  flags 10
  seed 123456
  mineval 5000000
  maxeval 50000000
  nstart 1000000
  nincrease 1000000
  nbatch 5000
  gridno 0
  statefile ""

Iteration 1:  1000000 integrand evaluations so far
[1] 1707.49 +- 262.579  	chisq 0 (0 df)

Iteration 2:  3000000 integrand evaluations so far
[1] 1197.91 +- 83.6537  	chisq 4.19168 (1 df)

Iteration 3:  6000000 integrand evaluations so far
[1] 1205.14 +- 54.5604  	chisq 4.20468 (2 df)

Iteration 4:  10000000 integrand evaluations so far
[1] 1227.3 +- 36.0822  	chisq 4.49798 (3 df)

Iteration 5:  15000000 integrand evaluations so far
[1] 1262.33 +- 25.6629  	chisq 6.40499 (4 df)

Iteration 6:  21000000 integrand evaluations so far
[1] 1267.49 +- 17.8859  	chisq 6.48359 (5 df)

Iteration 7:  28000000 integrand evaluations so far
[1] 1293.21 +- 15.0374  	chisq 13.5388 (6 df)

Iteration 8:  36000000 integrand evaluations so far
[1] 1302.34 +- 12.4177  	chisq 14.6977 (7 df)

Iteration 9:  45000000 integrand evaluations so far
[1] 1318.25 +- 10.3343  	chisq 20.0348 (8 df)

Iteration 10:  55000000 integrand evaluations so far
[1] 1327.56 +- 8.77259  	chisq 22.9415 (9 df)
  1.3276 ± 0.0088 ·10⁺⁰³ ( 1.7mi) ┃    1.36 ±   0.12 ·10⁺⁰³ (20.8mi) ┃
┃   26 -    28 ┃   37 -    38 ┃ 1.19997 ± 0.00027 ·10⁺⁰³ (2.27mi) ┃-1.08611 ± 0.00045 ·10⁺⁰³ (13.8mi) ┃Vegas input parameters:
  ndim 10
  ncomp 1
  nvec 1
  epsrel 0
  epsabs 0
  flags 10
  seed 123456
  mineval 50000000
  maxeval 50000000
  nstart 1000000
  nincrease 1000000
  nbatch 5000
  gridno 0
  statefile ""

Iteration 1:  1000000 integrand evaluations so far
[1] 507.456 +- 609.95  	chisq 0 (0 df)

Iteration 2:  3000000 integrand evaluations so far
[1] 301.31 +- 304.731  	chisq 0.152218 (1 df)

Iteration 3:  6000000 integrand evaluations so far
[1] -244.818 +- 145.702  	chisq 4.31597 (2 df)

Iteration 4:  10000000 integrand evaluations so far
[1] -134.366 +- 124.921  	chisq 6.48522 (3 df)

Iteration 5:  15000000 integrand evaluations so far
[1] -18.2701 +- 92.1088  	chisq 8.3779 (4 df)

Iteration 6:  21000000 integrand evaluations so far
[1] -42.8612 +- 90.4812  	chisq 10.4128 (5 df)

Iteration 7:  28000000 integrand evaluations so far
[1] -105.496 +- 78.7413  	chisq 12.3875 (6 df)

Iteration 8:  36000000 integrand evaluations so far
[1] -104.963 +- 70.1038  	chisq 12.3877 (7 df)

Iteration 9:  45000000 integrand evaluations so far
[1] -135.793 +- 64.2441  	chisq 13.5952 (8 df)

Iteration 10:  55000000 integrand evaluations so far
[1] -129.326 +- 62.0522  	chisq 13.7463 (9 df)
    -129 ±     62        (4.75mi) ┃Vegas input parameters:
  ndim 8
  ncomp 1
  nvec 1
  epsrel 0
  epsabs 0
  flags 10
  seed 123456
  mineval 5000000
  maxeval 50000000
  nstart 1000000
  nincrease 1000000
  nbatch 5000
  gridno 0
  statefile ""

Iteration 1:  1000000 integrand evaluations so far
[1] 1200.21 +- 217.676  	chisq 0 (0 df)

Iteration 2:  3000000 integrand evaluations so far
[1] 1151.3 +- 159.629  	chisq 0.109229 (1 df)

Iteration 3:  6000000 integrand evaluations so far
[1] 1240.36 +- 105.782  	chisq 0.664165 (2 df)

Iteration 4:  10000000 integrand evaluations so far
[1] 1268.12 +- 72.8946  	chisq 0.795299 (3 df)

Iteration 5:  15000000 integrand evaluations so far
[1] 1290.56 +- 43.7014  	chisq 0.943267 (4 df)

Iteration 6:  21000000 integrand evaluations so far
[1] 1288.94 +- 37.1592  	chisq 0.948202 (5 df)

Iteration 7:  28000000 integrand evaluations so far
[1] 1295.95 +- 27.7135  	chisq 1.02825 (6 df)

Iteration 8:  36000000 integrand evaluations so far
[1] 1290.52 +- 20.1975  	chisq 1.11014 (7 df)

Iteration 9:  45000000 integrand evaluations so far
[1] 1297.27 +- 14.5675  	chisq 1.34317 (8 df)

Iteration 10:  55000000 integrand evaluations so far
[1] 1292.38 +- 11.2017  	chisq 1.61882 (9 df)
   1.292 ±  0.011 ·10⁺⁰³ (1.71mi) ┃   1.277 ±  0.063 ·10⁺⁰³ (22.6mi) ┃
┃   26 -    28 ┃   38 -    39 ┃ 1.18672 ± 0.00077 ·10⁺⁰³ ( 1.1mi) ┃ -1.0735 ± 0.00065 ·10⁺⁰³ (6.92mi) ┃Vegas input parameters:
  ndim 10
  ncomp 1
  nvec 1
  epsrel 0
  epsabs 0
  flags 10
  seed 123456
  mineval 50000000
  maxeval 50000000
  nstart 1000000
  nincrease 1000000
  nbatch 5000
  gridno 0
  statefile ""

Iteration 1:  1000000 integrand evaluations so far
[1] -467.89 +- 215.059  	chisq 0 (0 df)

Iteration 2:  3000000 integrand evaluations so far
[1] -342.825 +- 162.74  	chisq 0.791322 (1 df)

Iteration 3:  6000000 integrand evaluations so far
[1] -425.121 +- 131.209  	chisq 1.52203 (2 df)

Iteration 4:  10000000 integrand evaluations so far
[1] -250.319 +- 99.0202  	chisq 5.64519 (3 df)

Iteration 5:  15000000 integrand evaluations so far
[1] -299.253 +- 89.0337  	chisq 6.92022 (4 df)

Iteration 6:  21000000 integrand evaluations so far
[1] -288.669 +- 84.2417  	chisq 7.05514 (5 df)

Iteration 7:  28000000 integrand evaluations so far
[1] -269.286 +- 76.5338  	chisq 7.35831 (6 df)

Iteration 8:  36000000 integrand evaluations so far
[1] -246.326 +- 62.8417  	chisq 7.63454 (7 df)

Iteration 9:  45000000 integrand evaluations so far
[1] -246.451 +- 61.2127  	chisq 7.63462 (8 df)

Iteration 10:  55000000 integrand evaluations so far
[1] -241.908 +- 59.0643  	chisq 7.71447 (9 df)
    -242 ±     59        (4.75mi) ┃Vegas input parameters:
  ndim 8
  ncomp 1
  nvec 1
  epsrel 0
  epsabs 0
  flags 10
  seed 123456
  mineval 5000000
  maxeval 50000000
  nstart 1000000
  nincrease 1000000
  nbatch 5000
  gridno 0
  statefile ""

Iteration 1:  1000000 integrand evaluations so far
[1] 1563.96 +- 244.282  	chisq 0 (0 df)

Iteration 2:  3000000 integrand evaluations so far
[1] 1305.28 +- 128.905  	chisq 1.55409 (1 df)

Iteration 3:  6000000 integrand evaluations so far
[1] 1352.19 +- 91.4123  	chisq 1.82049 (2 df)

Iteration 4:  10000000 integrand evaluations so far
[1] 1124.59 +- 42.067  	chisq 9.68569 (3 df)

Iteration 5:  15000000 integrand evaluations so far
[1] 1163.25 +- 37.4091  	chisq 13.7237 (4 df)

Iteration 6:  21000000 integrand evaluations so far
[1] 1183.72 +- 30.3642  	chisq 14.6014 (5 df)

Iteration 7:  28000000 integrand evaluations so far
[1] 1194.3 +- 21.1105  	chisq 14.8363 (6 df)

Iteration 8:  36000000 integrand evaluations so far
[1] 1213.36 +- 14.5143  	chisq 16.3822 (7 df)

Iteration 9:  45000000 integrand evaluations so far
[1] 1210.43 +- 10.9311  	chisq 16.4765 (8 df)

Iteration 10:  55000000 integrand evaluations so far
[1] 1215.88 +- 9.40583  	chisq 17.4357 (9 df)
  1.2159 ± 0.0094 ·10⁺⁰³ ( 1.7mi) ┃   1.087 ±   0.06 ·10⁺⁰³ (14.5mi) ┃
┃   26 -    28 ┃   39 -    40 ┃ 1.17674 ± 0.00033 ·10⁺⁰³ (2.18mi) ┃-1.06353 ± 0.00078 ·10⁺⁰³ (26.9mi) ┃Vegas input parameters:
  ndim 10
  ncomp 1
  nvec 1
  epsrel 0
  epsabs 0
  flags 10
  seed 123456
  mineval 50000000
  maxeval 50000000
  nstart 1000000
  nincrease 1000000
  nbatch 5000
  gridno 0
  statefile ""

Iteration 1:  1000000 integrand evaluations so far
[1] -486.394 +- 563.782  	chisq 0 (0 df)

Iteration 2:  3000000 integrand evaluations so far
[1] -396.968 +- 167.883  	chisq 0.0276078 (1 df)

Iteration 3:  6000000 integrand evaluations so far
[1] -225.625 +- 150.507  	chisq 5.33417 (2 df)

Iteration 4:  10000000 integrand evaluations so far
[1] -194.764 +- 125.45  	chisq 5.4719 (3 df)

Iteration 5:  15000000 integrand evaluations so far
[1] -220.85 +- 113.572  	chisq 5.71157 (4 df)

Iteration 6:  21000000 integrand evaluations so far
[1] -215.447 +- 98.7403  	chisq 5.72084 (5 df)

Iteration 7:  28000000 integrand evaluations so far
[1] -156.255 +- 86.5547  	chisq 7.27259 (6 df)

Iteration 8:  36000000 integrand evaluations so far
[1] -171.262 +- 84.1673  	chisq 7.82516 (7 df)

Iteration 9:  45000000 integrand evaluations so far
[1] -175.675 +- 84.0372  	chisq 8.71478 (8 df)

Iteration 10:  55000000 integrand evaluations so far
[1] -192.188 +- 83.2229  	chisq 10.717 (9 df)
    -192 ±     83        (4.77mi) ┃Vegas input parameters:
  ndim 8
  ncomp 1
  nvec 1
  epsrel 0
  epsabs 0
  flags 10
  seed 123456
  mineval 5000000
  maxeval 50000000
  nstart 1000000
  nincrease 1000000
  nbatch 5000
  gridno 0
  statefile ""

Iteration 1:  1000000 integrand evaluations so far
[1] 1148.27 +- 207.687  	chisq 0 (0 df)

Iteration 2:  3000000 integrand evaluations so far
[1] 1178.38 +- 206.035  	chisq 1.32628 (1 df)

Iteration 3:  6000000 integrand evaluations so far
[1] 1203.92 +- 185.887  	chisq 1.40893 (2 df)

Iteration 4:  10000000 integrand evaluations so far
[1] 1183.88 +- 123.697  	chisq 1.42979 (3 df)

Iteration 5:  15000000 integrand evaluations so far
[1] 1172.16 +- 73.657  	chisq 1.44371 (4 df)

Iteration 6:  21000000 integrand evaluations so far
[1] 1156.72 +- 37.5152  	chisq 1.50306 (5 df)

Iteration 7:  28000000 integrand evaluations so far
[1] 1150.23 +- 22.7896  	chisq 1.55045 (6 df)

Iteration 8:  36000000 integrand evaluations so far
[1] 1165.73 +- 15.8579  	chisq 2.44723 (7 df)

Iteration 9:  45000000 integrand evaluations so far
[1] 1168.59 +- 11.4748  	chisq 2.5158 (8 df)

Iteration 10:  55000000 integrand evaluations so far
[1] 1169.94 +- 11.4278  	chisq 4.18644 (9 df)
    1.17 ±  0.011 ·10⁺⁰³ (1.71mi) ┃   1.091 ±  0.084 ·10⁺⁰³ (35.6mi) ┃
┃   26 -    28 ┃   40 -    41 ┃  1.1077 ±  0.001 ·10⁺⁰³ ( 40.4s) ┃-1.00161 ± 0.00096 ·10⁺⁰³ (6.78mi) ┃Vegas input parameters:
  ndim 10
  ncomp 1
  nvec 1
  epsrel 0
  epsabs 0
  flags 10
  seed 123456
  mineval 50000000
  maxeval 50000000
  nstart 1000000
  nincrease 1000000
  nbatch 5000
  gridno 0
  statefile ""

Iteration 1:  1000000 integrand evaluations so far
[1] 1374.09 +- 941.539  	chisq 0 (0 df)

Iteration 2:  3000000 integrand evaluations so far
[1] -240.707 +- 284.223  	chisq 3.23633 (1 df)

Iteration 3:  6000000 integrand evaluations so far
[1] -193.209 +- 271.225  	chisq 3.5488 (2 df)

Iteration 4:  10000000 integrand evaluations so far
[1] -274.743 +- 205.056  	chisq 3.75974 (3 df)

Iteration 5:  15000000 integrand evaluations so far
[1] -296.087 +- 203.941  	chisq 4.7585 (4 df)

Iteration 6:  21000000 integrand evaluations so far
[1] -306.907 +- 167.765  	chisq 4.7672 (5 df)

Iteration 7:  28000000 integrand evaluations so far
[1] -377.306 +- 159.111  	chisq 6.51918 (6 df)

Iteration 8:  36000000 integrand evaluations so far
[1] -399.298 +- 156.874  	chisq 7.20323 (7 df)

Iteration 9:  45000000 integrand evaluations so far
[1] -397.168 +- 153.045  	chisq 7.20706 (8 df)

Iteration 10:  55000000 integrand evaluations so far
[1] -283.669 +- 130.01  	chisq 9.18277 (9 df)
    -280 ±    130        (4.71mi) ┃Vegas input parameters:
  ndim 8
  ncomp 1
  nvec 1
  epsrel 0
  epsabs 0
  flags 10
  seed 123456
  mineval 5000000
  maxeval 50000000
  nstart 1000000
  nincrease 1000000
  nbatch 5000
  gridno 0
  statefile ""

Iteration 1:  1000000 integrand evaluations so far
[1] 1220.85 +- 212.069  	chisq 0 (0 df)

Iteration 2:  3000000 integrand evaluations so far
[1] 1249.49 +- 185.192  	chisq 0.0767899 (1 df)

Iteration 3:  6000000 integrand evaluations so far
[1] 1106.15 +- 86.7143  	chisq 0.844059 (2 df)

Iteration 4:  10000000 integrand evaluations so far
[1] 1075.22 +- 46.9538  	chisq 1.02404 (3 df)

Iteration 5:  15000000 integrand evaluations so far
[1] 1112.07 +- 37.8604  	chisq 2.78417 (4 df)

Iteration 6:  21000000 integrand evaluations so far
[1] 1118.53 +- 25.089  	chisq 2.8361 (5 df)

Iteration 7:  28000000 integrand evaluations so far
[1] 1118.07 +- 16.2449  	chisq 2.83668 (6 df)

Iteration 8:  36000000 integrand evaluations so far
[1] 1124.15 +- 14.3037  	chisq 3.46093 (7 df)

Iteration 9:  45000000 integrand evaluations so far
[1] 1132.16 +- 11.964  	chisq 4.50426 (8 df)

Iteration 10:  55000000 integrand evaluations so far
[1] 1147.54 +- 9.66417  	chisq 9.25536 (9 df)
  1.1475 ± 0.0097 ·10⁺⁰³ (1.69mi) ┃     970 ±    130        (13.9mi) ┃
┃   26 -    28 ┃   41 -    42 ┃ 1.09774 ± 0.0006 ·10⁺⁰³ (2.17mi) ┃ -991.08 ±   0.26        (26.9mi) ┃Vegas input parameters:
  ndim 10
  ncomp 1
  nvec 1
  epsrel 0
  epsabs 0
  flags 10
  seed 123456
  mineval 50000000
  maxeval 50000000
  nstart 1000000
  nincrease 1000000
  nbatch 5000
  gridno 0
  statefile ""

Iteration 1:  1000000 integrand evaluations so far
[1] -597.331 +- 1009.85  	chisq 0 (0 df)

Iteration 2:  3000000 integrand evaluations so far
[1] -59.5201 +- 436.71  	chisq 0.348871 (1 df)

Iteration 3:  6000000 integrand evaluations so far
[1] -178.685 +- 401.075  	chisq 0.824518 (2 df)

Iteration 4:  10000000 integrand evaluations so far
[1] 29.9168 +- 293.61  	chisq 1.4074 (3 df)

Iteration 5:  15000000 integrand evaluations so far
[1] -118.483 +- 281.04  	chisq 4.45605 (4 df)

Iteration 6:  21000000 integrand evaluations so far
[1] -81.9207 +- 133.352  	chisq 4.47789 (5 df)

Iteration 7:  28000000 integrand evaluations so far
[1] -14.1475 +- 118.402  	chisq 5.69827 (6 df)

Iteration 8:  36000000 integrand evaluations so far
[1] -28.8364 +- 112.91  	chisq 5.86813 (7 df)

Iteration 9:  45000000 integrand evaluations so far
[1] -35.972 +- 111.626  	chisq 6.04473 (8 df)

Iteration 10:  55000000 integrand evaluations so far
[1] -52.1361 +- 110.136  	chisq 6.8355 (9 df)
     -50 ±    110        (4.76mi) ┃Vegas input parameters:
  ndim 8
  ncomp 1
  nvec 1
  epsrel 0
  epsabs 0
  flags 10
  seed 123456
  mineval 5000000
  maxeval 50000000
  nstart 1000000
  nincrease 1000000
  nbatch 5000
  gridno 0
  statefile ""

Iteration 1:  1000000 integrand evaluations so far
[1] 1137.91 +- 204.016  	chisq 0 (0 df)

Iteration 2:  3000000 integrand evaluations so far
[1] 1168.36 +- 188.807  	chisq 0.155171 (1 df)

Iteration 3:  6000000 integrand evaluations so far
[1] 735.551 +- 64.8411  	chisq 6.1126 (2 df)

Iteration 4:  10000000 integrand evaluations so far
[1] 839.289 +- 43.7707  	chisq 10.8151 (3 df)

Iteration 5:  15000000 integrand evaluations so far
[1] 890.583 +- 40.6848  	chisq 20.9104 (4 df)

Iteration 6:  21000000 integrand evaluations so far
[1] 966.644 +- 32.7437  	chisq 30.832 (5 df)

Iteration 7:  28000000 integrand evaluations so far
[1] 997.64 +- 30.5004  	chisq 37.6036 (6 df)

Iteration 8:  36000000 integrand evaluations so far
[1] 999.818 +- 30.4406  	chisq 38.9043 (7 df)

Iteration 9:  45000000 integrand evaluations so far
[1] 1015.51 +- 29.1979  	chisq 42.2274 (8 df)

Iteration 10:  55000000 integrand evaluations so far
[1] 1045.6 +- 20.9511  	chisq 44.4166 (9 df)
   1.046 ±  0.021 ·10⁺⁰³ (1.78mi) ┃     1.1 ±   0.11 ·10⁺⁰³ (35.6mi) ┃
┃   26 -    28 ┃   42 -    43 ┃ 1.08666 ± 0.00037 ·10⁺⁰³ (3.97mi) ┃ -980.97 ±   0.45        (26.7mi) ┃Vegas input parameters:
  ndim 10
  ncomp 1
  nvec 1
  epsrel 0
  epsabs 0
  flags 10
  seed 123456
  mineval 50000000
  maxeval 50000000
  nstart 1000000
  nincrease 1000000
  nbatch 5000
  gridno 0
  statefile ""

Iteration 1:  1000000 integrand evaluations so far
[1] -504.684 +- 363.392  	chisq 0 (0 df)

Iteration 2:  3000000 integrand evaluations so far
[1] -591.009 +- 322.809  	chisq 0.267593 (1 df)

Iteration 3:  6000000 integrand evaluations so far
[1] -582.969 +- 322.713  	chisq 1.30758 (2 df)

Iteration 4:  10000000 integrand evaluations so far
[1] -174.167 +- 104.805  	chisq 3.10148 (3 df)

Iteration 5:  15000000 integrand evaluations so far
[1] -169.506 +- 99.3948  	chisq 3.12114 (4 df)

Iteration 6:  21000000 integrand evaluations so far
[1] -205.977 +- 89.6338  	chisq 3.84204 (5 df)

Iteration 7:  28000000 integrand evaluations so far
[1] -219.494 +- 89.2953  	chisq 6.85879 (6 df)

Iteration 8:  36000000 integrand evaluations so far
[1] -213.798 +- 86.0077  	chisq 6.91509 (7 df)

Iteration 9:  45000000 integrand evaluations so far
[1] -186.798 +- 79.3696  	chisq 7.57915 (8 df)

Iteration 10:  55000000 integrand evaluations so far
[1] -176.945 +- 75.028  	chisq 7.72396 (9 df)
    -177 ±     75        (4.68mi) ┃Vegas input parameters:
  ndim 8
  ncomp 1
  nvec 1
  epsrel 0
  epsabs 0
  flags 10
  seed 123456
  mineval 5000000
  maxeval 50000000
  nstart 1000000
  nincrease 1000000
  nbatch 5000
  gridno 0
  statefile ""

Iteration 1:  1000000 integrand evaluations so far
[1] 1033.25 +- 193.977  	chisq 0 (0 df)

Iteration 2:  3000000 integrand evaluations so far
[1] 901.795 +- 121.356  	chisq 0.754592 (1 df)

Iteration 3:  6000000 integrand evaluations so far
[1] 943.24 +- 93.9161  	chisq 1.04538 (2 df)

Iteration 4:  10000000 integrand evaluations so far
[1] 1008.92 +- 76.5067  	chisq 2.49939 (3 df)

Iteration 5:  15000000 integrand evaluations so far
[1] 1069.1 +- 64.9325  	chisq 4.71167 (4 df)

Iteration 6:  21000000 integrand evaluations so far
[1] 1102.35 +- 42.8458  	chisq 5.17607 (5 df)

Iteration 7:  28000000 integrand evaluations so far
[1] 1105.53 +- 25.6438  	chisq 5.18466 (6 df)

Iteration 8:  36000000 integrand evaluations so far
[1] 1085.26 +- 15.5116  	chisq 6.16966 (7 df)

Iteration 9:  45000000 integrand evaluations so far
[1] 1097.95 +- 11.198  	chisq 7.56666 (8 df)

Iteration 10:  55000000 integrand evaluations so far
[1] 1094.96 +- 8.70174  	chisq 7.74716 (9 df)
   1.095 ± 0.0087 ·10⁺⁰³ (1.72mi) ┃   1.024 ±  0.076 ·10⁺⁰³ (  37mi) ┃
┃   26 -    28 ┃   43 -    44 ┃ 1.10037 ± 0.00054 ·10⁺⁰³ ( 18.1s) ┃ -988.19 ±   0.18        (26.3mi) ┃Vegas input parameters:
  ndim 10
  ncomp 1
  nvec 1
  epsrel 0
  epsabs 0
  flags 10
  seed 123456
  mineval 50000000
  maxeval 50000000
  nstart 1000000
  nincrease 1000000
  nbatch 5000
  gridno 0
  statefile ""

Iteration 1:  1000000 integrand evaluations so far
[1] -1840.47 +- 1022.17  	chisq 0 (0 df)

Iteration 2:  3000000 integrand evaluations so far
[1] -516.955 +- 308.541  	chisq 1.84458 (1 df)

Iteration 3:  6000000 integrand evaluations so far
[1] -521.493 +- 222.327  	chisq 1.84503 (2 df)

Iteration 4:  10000000 integrand evaluations so far
[1] -501.013 +- 170.081  	chisq 1.86549 (3 df)

Iteration 5:  15000000 integrand evaluations so far
[1] -349.79 +- 127.127  	chisq 3.65677 (4 df)

Iteration 6:  21000000 integrand evaluations so far
[1] -356.054 +- 126.923  	chisq 4.41459 (5 df)

Iteration 7:  28000000 integrand evaluations so far
[1] -339.922 +- 123.53  	chisq 4.72086 (6 df)

Iteration 8:  36000000 integrand evaluations so far
[1] -236.753 +- 109.151  	chisq 7.90208 (7 df)

Iteration 9:  45000000 integrand evaluations so far
[1] -214.316 +- 107.506  	chisq 9.31437 (8 df)

Iteration 10:  55000000 integrand evaluations so far
[1] -230.603 +- 104.562  	chisq 9.73937 (9 df)
    -230 ±    100        (4.72mi) ┃Vegas input parameters:
  ndim 8
  ncomp 1
  nvec 1
  epsrel 0
  epsabs 0
  flags 10
  seed 123456
  mineval 5000000
  maxeval 50000000
  nstart 1000000
  nincrease 1000000
  nbatch 5000
  gridno 0
  statefile ""

Iteration 1:  1000000 integrand evaluations so far
[1] 1139.81 +- 222.233  	chisq 0 (0 df)

Iteration 2:  3000000 integrand evaluations so far
[1] 971.026 +- 119.798  	chisq 0.813144 (1 df)

Iteration 3:  6000000 integrand evaluations so far
[1] 1046.53 +- 107.271  	chisq 2.81756 (2 df)

Iteration 4:  10000000 integrand evaluations so far
[1] 1088.64 +- 82.9698  	chisq 3.20102 (3 df)

Iteration 5:  15000000 integrand evaluations so far
[1] 1052.22 +- 50.6905  	chisq 3.50839 (4 df)

Iteration 6:  21000000 integrand evaluations so far
[1] 1023.28 +- 25.2338  	chisq 3.94177 (5 df)

Iteration 7:  28000000 integrand evaluations so far
[1] 1052.62 +- 18.5725  	chisq 6.89126 (6 df)

Iteration 8:  36000000 integrand evaluations so far
[1] 1067.29 +- 13.7354  	chisq 8.26807 (7 df)

Iteration 9:  45000000 integrand evaluations so far
[1] 1078.73 +- 10.2648  	chisq 9.84102 (8 df)

Iteration 10:  55000000 integrand evaluations so far
[1] 1084.19 +- 9.87936  	chisq 13.6745 (9 df)
  1.0842 ± 0.0099 ·10⁺⁰³ (1.75mi) ┃     970 ±    110        (33.1mi) ┃
┃   26 -    28 ┃   44 -    45 ┃ 1.01139 ± 0.00093 ·10⁺⁰³ (1.94mi) ┃ -914.92 ±   0.71        (13.2mi) ┃Vegas input parameters:
  ndim 10
  ncomp 1
  nvec 1
  epsrel 0
  epsabs 0
  flags 10
  seed 123456
  mineval 50000000
  maxeval 50000000
  nstart 1000000
  nincrease 1000000
  nbatch 5000
  gridno 0
  statefile ""

Iteration 1:  1000000 integrand evaluations so far
[1] 653.973 +- 933.715  	chisq 0 (0 df)

Iteration 2:  3000000 integrand evaluations so far
[1] 690.648 +- 657.198  	chisq 0.00305757 (1 df)

Iteration 3:  6000000 integrand evaluations so far
[1] 57.6765 +- 493.814  	chisq 2.13354 (2 df)

Iteration 4:  10000000 integrand evaluations so far
[1] 190.05 +- 462.503  	chisq 2.71874 (3 df)

Iteration 5:  15000000 integrand evaluations so far
[1] -207.772 +- 186.317  	chisq 3.60193 (4 df)

Iteration 6:  21000000 integrand evaluations so far
[1] -159.745 +- 155.375  	chisq 3.8201 (5 df)

Iteration 7:  28000000 integrand evaluations so far
[1] -72.4663 +- 119.208  	chisq 4.58715 (6 df)

Iteration 8:  36000000 integrand evaluations so far
[1] -75.8927 +- 104.027  	chisq 4.59061 (7 df)

Iteration 9:  45000000 integrand evaluations so far
[1] -50.2895 +- 89.0176  	chisq 4.81686 (8 df)

Iteration 10:  55000000 integrand evaluations so far
[1] -77.5615 +- 66.6458  	chisq 5.03043 (9 df)
     -78 ±     67        ( 4.7mi) ┃Vegas input parameters:
  ndim 8
  ncomp 1
  nvec 1
  epsrel 0
  epsabs 0
  flags 10
  seed 123456
  mineval 5000000
  maxeval 50000000
  nstart 1000000
  nincrease 1000000
  nbatch 5000
  gridno 0
  statefile ""

Iteration 1:  1000000 integrand evaluations so far
[1] 1099.17 +- 193.68  	chisq 0 (0 df)

Iteration 2:  3000000 integrand evaluations so far
[1] 1138.54 +- 182.626  	chisq 0.372613 (1 df)

Iteration 3:  6000000 integrand evaluations so far
[1] 1108.54 +- 118.732  	chisq 0.419359 (2 df)

Iteration 4:  10000000 integrand evaluations so far
[1] 977.733 +- 54.2643  	chisq 1.95363 (3 df)

Iteration 5:  15000000 integrand evaluations so far
[1] 1001.62 +- 27.4228  	chisq 2.21384 (4 df)

Iteration 6:  21000000 integrand evaluations so far
[1] 1030.82 +- 19.1287  	chisq 4.4231 (5 df)

Iteration 7:  28000000 integrand evaluations so far
[1] 1058.72 +- 16.3169  	chisq 12.2295 (6 df)

Iteration 8:  36000000 integrand evaluations so far
[1] 1074.26 +- 13.6838  	chisq 15.2889 (7 df)

Iteration 9:  45000000 integrand evaluations so far
[1] 1095.3 +- 10.6651  	chisq 21.3106 (8 df)

Iteration 10:  55000000 integrand evaluations so far
[1] 1095.07 +- 8.38279  	chisq 21.3118 (9 df)
  1.0951 ± 0.0084 ·10⁺⁰³ ( 1.7mi) ┃   1.114 ±  0.067 ·10⁺⁰³ (21.5mi) ┃
┃   26 -    28 ┃   45 -    46 ┃ 1.06559 ± 0.00068 ·10⁺⁰³ (   30s) ┃  -962.4 ±   0.87        (1.83mi) ┃Vegas input parameters:
  ndim 10
  ncomp 1
  nvec 1
  epsrel 0
  epsabs 0
  flags 10
  seed 123456
  mineval 50000000
  maxeval 50000000
  nstart 1000000
  nincrease 1000000
  nbatch 5000
  gridno 0
  statefile ""

Iteration 1:  1000000 integrand evaluations so far
[1] -532.944 +- 307.291  	chisq 0 (0 df)

Iteration 2:  3000000 integrand evaluations so far
[1] -276.357 +- 255.306  	chisq 2.2511 (1 df)

Iteration 3:  6000000 integrand evaluations so far
[1] -215.971 +- 147.909  	chisq 2.3353 (2 df)

Iteration 4:  10000000 integrand evaluations so far
[1] -173.618 +- 144.913  	chisq 4.38 (3 df)

Iteration 5:  15000000 integrand evaluations so far
[1] -97.0712 +- 113.477  	chisq 5.10136 (4 df)

Iteration 6:  21000000 integrand evaluations so far
[1] -163.075 +- 97.0245  	chisq 6.35923 (5 df)

Iteration 7:  28000000 integrand evaluations so far
[1] -118.658 +- 84.408  	chisq 7.2211 (6 df)

Iteration 8:  36000000 integrand evaluations so far
[1] -117.806 +- 83.7519  	chisq 7.22768 (7 df)

Iteration 9:  45000000 integrand evaluations so far
[1] -109.425 +- 83.3734  	chisq 8.33801 (8 df)

Iteration 10:  55000000 integrand evaluations so far
[1] -121.2 +- 83.0152  	chisq 10.6641 (9 df)
    -121 ±     83        (4.68mi) ┃Vegas input parameters:
  ndim 8
  ncomp 1
  nvec 1
  epsrel 0
  epsabs 0
  flags 10
  seed 123456
  mineval 5000000
  maxeval 50000000
  nstart 1000000
  nincrease 1000000
  nbatch 5000
  gridno 0
  statefile ""

Iteration 1:  1000000 integrand evaluations so far
[1] 1301.85 +- 197.277  	chisq 0 (0 df)

Iteration 2:  3000000 integrand evaluations so far
[1] 1345.62 +- 181.522  	chisq 0.321061 (1 df)

Iteration 3:  6000000 integrand evaluations so far
[1] 1318.12 +- 146.116  	chisq 0.386227 (2 df)

Iteration 4:  10000000 integrand evaluations so far
[1] 1005.91 +- 55.6513  	chisq 5.72647 (3 df)

Iteration 5:  15000000 integrand evaluations so far
[1] 1046.15 +- 40.0563  	chisq 6.81101 (4 df)

Iteration 6:  21000000 integrand evaluations so far
[1] 1088.51 +- 30.5466  	chisq 9.48352 (5 df)

Iteration 7:  28000000 integrand evaluations so far
[1] 1103 +- 20.2043  	chisq 9.88362 (6 df)

Iteration 8:  36000000 integrand evaluations so far
[1] 1078.6 +- 12.6759  	chisq 12.2887 (7 df)

Iteration 9:  45000000 integrand evaluations so far
[1] 1081.61 +- 12.4842  	chisq 14.1666 (8 df)

Iteration 10:  55000000 integrand evaluations so far
[1] 1088.03 +- 11.5295  	chisq 15.9646 (9 df)
   1.088 ±  0.012 ·10⁺⁰³ (1.73mi) ┃    1.07 ±  0.084 ·10⁺⁰³ (8.73mi) ┃
┃   26 -    28 ┃   46 -    47 ┃  1.0475 ± 0.00015 ·10⁺⁰³ (3.98mi) ┃ -945.87 ±   0.28        (26.1mi) ┃Vegas input parameters:
  ndim 10
  ncomp 1
  nvec 1
  epsrel 0
  epsabs 0
  flags 10
  seed 123456
  mineval 50000000
  maxeval 50000000
  nstart 1000000
  nincrease 1000000
  nbatch 5000
  gridno 0
  statefile ""

Iteration 1:  1000000 integrand evaluations so far
[1] 3482.61 +- 3424.44  	chisq 0 (0 df)

Iteration 2:  3000000 integrand evaluations so far
[1] -782.963 +- 1766.05  	chisq 2.11377 (1 df)

Iteration 3:  6000000 integrand evaluations so far
[1] 184.739 +- 1630.18  	chisq 4.14302 (2 df)

Iteration 4:  10000000 integrand evaluations so far
[1] -452.429 +- 604.431  	chisq 4.32014 (3 df)

Iteration 5:  15000000 integrand evaluations so far
[1] -360.329 +- 325.109  	chisq 4.35281 (4 df)

Iteration 6:  21000000 integrand evaluations so far
[1] -160.164 +- 287.614  	chisq 6.0968 (5 df)

Iteration 7:  28000000 integrand evaluations so far
[1] -74.7378 +- 246.209  	chisq 6.42696 (6 df)

Iteration 8:  36000000 integrand evaluations so far
[1] -138.3 +- 155.559  	chisq 6.53789 (7 df)

Iteration 9:  45000000 integrand evaluations so far
[1] -107.987 +- 132.889  	chisq 6.67841 (8 df)

Iteration 10:  55000000 integrand evaluations so far
[1] -110.63 +- 130.206  	chisq 6.68831 (9 df)
    -110 ±    130        (4.79mi) ┃Vegas input parameters:
  ndim 8
  ncomp 1
  nvec 1
  epsrel 0
  epsabs 0
  flags 10
  seed 123456
  mineval 5000000
  maxeval 50000000
  nstart 1000000
  nincrease 1000000
  nbatch 5000
  gridno 0
  statefile ""

Iteration 1:  1000000 integrand evaluations so far
[1] 1156.08 +- 185.257  	chisq 0 (0 df)

Iteration 2:  3000000 integrand evaluations so far
[1] 992.086 +- 104.685  	chisq 1.15125 (1 df)

Iteration 3:  6000000 integrand evaluations so far
[1] 1025.6 +- 74.4187  	chisq 1.35847 (2 df)

Iteration 4:  10000000 integrand evaluations so far
[1] 1001.22 +- 43.7123  	chisq 1.52242 (3 df)

Iteration 5:  15000000 integrand evaluations so far
[1] 1037.01 +- 28.142  	chisq 2.66765 (4 df)

Iteration 6:  21000000 integrand evaluations so far
[1] 1047.6 +- 26.1173  	chisq 3.68774 (5 df)

Iteration 7:  28000000 integrand evaluations so far
[1] 1063.64 +- 23.3263  	chisq 5.55378 (6 df)

Iteration 8:  36000000 integrand evaluations so far
[1] 1070.66 +- 17.398  	chisq 5.75795 (7 df)

Iteration 9:  45000000 integrand evaluations so far
[1] 1092.29 +- 12.7015  	chisq 9.06641 (8 df)

Iteration 10:  55000000 integrand evaluations so far
[1] 1095.54 +- 9.64422  	chisq 9.22134 (9 df)
  1.0955 ± 0.0096 ·10⁺⁰³ (1.72mi) ┃    1.09 ±   0.13 ·10⁺⁰³ (36.6mi) ┃
┃   26 -    28 ┃   47 -    48 ┃ 1.05269 ± 0.00084 ·10⁺⁰³ (2.02mi) ┃ -951.49 ±   0.37        (6.62mi) ┃Vegas input parameters:
  ndim 10
  ncomp 1
  nvec 1
  epsrel 0
  epsabs 0
  flags 10
  seed 123456
  mineval 50000000
  maxeval 50000000
  nstart 1000000
  nincrease 1000000
  nbatch 5000
  gridno 0
  statefile ""

Iteration 1:  1000000 integrand evaluations so far
[1] -3264.24 +- 3499.68  	chisq 0 (0 df)

Iteration 2:  3000000 integrand evaluations so far
[1] 166.362 +- 309.307  	chisq 0.968477 (1 df)

Iteration 3:  6000000 integrand evaluations so far
[1] 125.619 +- 248.487  	chisq 1.01741 (2 df)

Iteration 4:  10000000 integrand evaluations so far
[1] 91.794 +- 218.666  	chisq 1.09953 (3 df)

Iteration 5:  15000000 integrand evaluations so far
[1] -89.1627 +- 199.984  	chisq 5.28631 (4 df)

Iteration 6:  21000000 integrand evaluations so far
[1] -6.70725 +- 172.033  	chisq 5.94014 (5 df)

Iteration 7:  28000000 integrand evaluations so far
[1] -65.9494 +- 110.641  	chisq 6.14238 (6 df)

Iteration 8:  36000000 integrand evaluations so far
[1] -78.4445 +- 107.712  	chisq 6.38645 (7 df)

Iteration 9:  45000000 integrand evaluations so far
[1] -80.0526 +- 107.7  	chisq 7.41262 (8 df)

Iteration 10:  55000000 integrand evaluations so far
[1] -89.9843 +- 106.963  	chisq 8.036 (9 df)
     -90 ±    110        (4.71mi) ┃Vegas input parameters:
  ndim 8
  ncomp 1
  nvec 1
  epsrel 0
  epsabs 0
  flags 10
  seed 123456
  mineval 5000000
  maxeval 50000000
  nstart 1000000
  nincrease 1000000
  nbatch 5000
  gridno 0
  statefile ""

Iteration 1:  1000000 integrand evaluations so far
[1] 1425.31 +- 239.752  	chisq 0 (0 df)

Iteration 2:  3000000 integrand evaluations so far
[1] 898.642 +- 104.058  	chisq 5.9455 (1 df)

Iteration 3:  6000000 integrand evaluations so far
[1] 962.943 +- 85.116  	chisq 7.09933 (2 df)

Iteration 4:  10000000 integrand evaluations so far
[1] 1015.43 +- 54.7361  	chisq 7.74777 (3 df)

Iteration 5:  15000000 integrand evaluations so far
[1] 1052.58 +- 36.0372  	chisq 8.56097 (4 df)

Iteration 6:  21000000 integrand evaluations so far
[1] 1095.4 +- 26.1378  	chisq 11.539 (5 df)

Iteration 7:  28000000 integrand evaluations so far
[1] 1117.69 +- 18.9366  	chisq 13.0707 (6 df)

Iteration 8:  36000000 integrand evaluations so far
[1] 1118.9 +- 12.9487  	chisq 13.0783 (7 df)

Iteration 9:  45000000 integrand evaluations so far
[1] 1122.09 +- 9.96289  	chisq 13.2269 (8 df)

Iteration 10:  55000000 integrand evaluations so far
[1] 1118.59 +- 8.0924  	chisq 13.5883 (9 df)
  1.1186 ± 0.0081 ·10⁺⁰³ ( 1.7mi) ┃    1.13 ±   0.11 ·10⁺⁰³ (15.1mi) ┃
┃   26 -    28 ┃   48 -    49 ┃ 1.03779 ± 0.0002 ·10⁺⁰³ (7.25mi) ┃ -938.32 ±   0.54        (13.1mi) ┃Vegas input parameters:
  ndim 10
  ncomp 1
  nvec 1
  epsrel 0
  epsabs 0
  flags 10
  seed 123456
  mineval 50000000
  maxeval 50000000
  nstart 1000000
  nincrease 1000000
  nbatch 5000
  gridno 0
  statefile ""

Iteration 1:  1000000 integrand evaluations so far
[1] 934.011 +- 1160.03  	chisq 0 (0 df)

Iteration 2:  3000000 integrand evaluations so far
[1] 553.45 +- 1136.4  	chisq 2.66914 (1 df)

Iteration 3:  6000000 integrand evaluations so far
[1] -137.918 +- 377.55  	chisq 3.0852 (2 df)

Iteration 4:  10000000 integrand evaluations so far
[1] -5.45943 +- 191.236  	chisq 3.25076 (3 df)

Iteration 5:  15000000 integrand evaluations so far
[1] 51.122 +- 172.148  	chisq 3.7123 (4 df)

Iteration 6:  21000000 integrand evaluations so far
[1] -87.4363 +- 155.584  	chisq 7.2489 (5 df)

Iteration 7:  28000000 integrand evaluations so far
[1] -60.5541 +- 127.205  	chisq 7.33895 (6 df)

Iteration 8:  36000000 integrand evaluations so far
[1] -80.742 +- 125.923  	chisq 8.59421 (7 df)

Iteration 9:  45000000 integrand evaluations so far
[1] -83.2469 +- 112.361  	chisq 8.59615 (8 df)

Iteration 10:  55000000 integrand evaluations so far
[1] -103.515 +- 110.675  	chisq 9.68893 (9 df)
    -100 ±    110        (4.64mi) ┃Vegas input parameters:
  ndim 8
  ncomp 1
  nvec 1
  epsrel 0
  epsabs 0
  flags 10
  seed 123456
  mineval 5000000
  maxeval 50000000
  nstart 1000000
  nincrease 1000000
  nbatch 5000
  gridno 0
  statefile ""

Iteration 1:  1000000 integrand evaluations so far
[1] 996.002 +- 195.556  	chisq 0 (0 df)

Iteration 2:  3000000 integrand evaluations so far
[1] 950.706 +- 141.472  	chisq 0.112558 (1 df)

Iteration 3:  6000000 integrand evaluations so far
[1] 982.083 +- 138.127  	chisq 1.16537 (2 df)

Iteration 4:  10000000 integrand evaluations so far
[1] 1029.05 +- 134.921  	chisq 3.68506 (3 df)

Iteration 5:  15000000 integrand evaluations so far
[1] 1143.46 +- 104.277  	chisq 5.47063 (4 df)

Iteration 6:  21000000 integrand evaluations so far
[1] 1112.84 +- 45.755  	chisq 5.57736 (5 df)

Iteration 7:  28000000 integrand evaluations so far
[1] 1096.56 +- 24.1783  	chisq 5.75297 (6 df)

Iteration 8:  36000000 integrand evaluations so far
[1] 1118.86 +- 16.5619  	chisq 7.35463 (7 df)

Iteration 9:  45000000 integrand evaluations so far
[1] 1134.18 +- 11.9797  	chisq 9.15061 (8 df)

Iteration 10:  55000000 integrand evaluations so far
[1] 1133.68 +- 10.4735  	chisq 9.1581 (9 df)
   1.134 ±   0.01 ·10⁺⁰³ (1.69mi) ┃    1.13 ±   0.11 ·10⁺⁰³ (26.6mi) ┃
┃   26 -    28 ┃   49 -    50 ┃ 1.08816 ± 0.00067 ·10⁺⁰³ ( 30.3s) ┃ -983.01 ±   0.73        (1.02mi) ┃Vegas input parameters:
  ndim 10
  ncomp 1
  nvec 1
  epsrel 0
  epsabs 0
  flags 10
  seed 123456
  mineval 50000000
  maxeval 50000000
  nstart 1000000
  nincrease 1000000
  nbatch 5000
  gridno 0
  statefile ""

Iteration 1:  1000000 integrand evaluations so far
[1] 900.123 +- 756.929  	chisq 0 (0 df)

Iteration 2:  3000000 integrand evaluations so far
[1] -218.944 +- 424.323  	chisq 3.18742 (1 df)

Iteration 3:  6000000 integrand evaluations so far
[1] -394.048 +- 392.627  	chisq 4.37154 (2 df)

Iteration 4:  10000000 integrand evaluations so far
[1] -62.1659 +- 316.791  	chisq 6.41888 (3 df)

Iteration 5:  15000000 integrand evaluations so far
[1] -256.752 +- 129.448  	chisq 6.87179 (4 df)

Iteration 6:  21000000 integrand evaluations so far
[1] -293.427 +- 119.534  	chisq 7.4167 (5 df)

Iteration 7:  28000000 integrand evaluations so far
[1] -166.777 +- 92.7879  	chisq 10.2413 (6 df)

Iteration 8:  36000000 integrand evaluations so far
[1] -161.674 +- 91.44  	chisq 10.3462 (7 df)

Iteration 9:  45000000 integrand evaluations so far
[1] -161.266 +- 89.6169  	chisq 10.3467 (8 df)

Iteration 10:  55000000 integrand evaluations so far
[1] -173.985 +- 83.6686  	chisq 10.5037 (9 df)
    -174 ±     84        (4.68mi) ┃Vegas input parameters:
  ndim 8
  ncomp 1
  nvec 1
  epsrel 0
  epsabs 0
  flags 10
  seed 123456
  mineval 5000000
  maxeval 50000000
  nstart 1000000
  nincrease 1000000
  nbatch 5000
  gridno 0
  statefile ""

Iteration 1:  1000000 integrand evaluations so far
[1] 1283.29 +- 219.372  	chisq 0 (0 df)

Iteration 2:  3000000 integrand evaluations so far
[1] 1144.14 +- 125.163  	chisq 0.59653 (1 df)

Iteration 3:  6000000 integrand evaluations so far
[1] 1174.04 +- 73.5732  	chisq 0.683717 (2 df)

Iteration 4:  10000000 integrand evaluations so far
[1] 1201.29 +- 53.1708  	chisq 0.970933 (3 df)

Iteration 5:  15000000 integrand evaluations so far
[1] 1199.81 +- 36.8945  	chisq 0.972424 (4 df)

Iteration 6:  21000000 integrand evaluations so far
[1] 1197.05 +- 23.4862  	chisq 0.981868 (5 df)

Iteration 7:  28000000 integrand evaluations so far
[1] 1185.41 +- 17.2908  	chisq 1.51802 (6 df)

Iteration 8:  36000000 integrand evaluations so far
[1] 1184.02 +- 12.6462  	chisq 1.53198 (7 df)

Iteration 9:  45000000 integrand evaluations so far
[1] 1196.61 +- 10.8508  	chisq 5.29279 (8 df)

Iteration 10:  55000000 integrand evaluations so far
[1] 1200.76 +- 9.39765  	chisq 5.87771 (9 df)
  1.2008 ± 0.0094 ·10⁺⁰³ (1.69mi) ┃   1.132 ±  0.084 ·10⁺⁰³ ( 7.9mi) ┃
┃   26 -    28 ┃   50 -    51 ┃ 1.13172 ± 0.00077 ·10⁺⁰³ ( 59.8s) ┃-1.02175 ± 0.00031 ·10⁺⁰³ (6.83mi) ┃Vegas input parameters:
  ndim 10
  ncomp 1
  nvec 1
  epsrel 0
  epsabs 0
  flags 10
  seed 123456
  mineval 50000000
  maxeval 50000000
  nstart 1000000
  nincrease 1000000
  nbatch 5000
  gridno 0
  statefile ""

Iteration 1:  1000000 integrand evaluations so far
[1] -721.289 +- 504.066  	chisq 0 (0 df)

Iteration 2:  3000000 integrand evaluations so far
[1] -28.7866 +- 289.196  	chisq 2.81352 (1 df)

Iteration 3:  6000000 integrand evaluations so far
[1] -77.2402 +- 281.291  	chisq 3.33416 (2 df)

Iteration 4:  10000000 integrand evaluations so far
[1] -267.588 +- 259.87  	chisq 6.45969 (3 df)

Iteration 5:  15000000 integrand evaluations so far
[1] -283.196 +- 255.816  	chisq 6.57621 (4 df)

Iteration 6:  21000000 integrand evaluations so far
[1] -236.165 +- 185.051  	chisq 6.64711 (5 df)

Iteration 7:  28000000 integrand evaluations so far
[1] -282.644 +- 161.392  	chisq 6.91067 (6 df)

Iteration 8:  36000000 integrand evaluations so far
[1] -331.857 +- 133.518  	chisq 7.2053 (7 df)

Iteration 9:  45000000 integrand evaluations so far
[1] -320.158 +- 109.643  	chisq 7.22887 (8 df)

Iteration 10:  55000000 integrand evaluations so far
[1] -286.58 +- 107.133  	chisq 9.30075 (9 df)
    -290 ±    110        (4.72mi) ┃Vegas input parameters:
  ndim 8
  ncomp 1
  nvec 1
  epsrel 0
  epsabs 0
  flags 10
  seed 123456
  mineval 5000000
  maxeval 50000000
  nstart 1000000
  nincrease 1000000
  nbatch 5000
  gridno 0
  statefile ""

Iteration 1:  1000000 integrand evaluations so far
[1] 1305.29 +- 215.17  	chisq 0 (0 df)

Iteration 2:  3000000 integrand evaluations so far
[1] 1159.95 +- 112.253  	chisq 0.626868 (1 df)

Iteration 3:  6000000 integrand evaluations so far
[1] 1226.69 +- 103.496  	chisq 2.98452 (2 df)

Iteration 4:  10000000 integrand evaluations so far
[1] 1233.66 +- 61.1097  	chisq 2.9915 (3 df)

Iteration 5:  15000000 integrand evaluations so far
[1] 1255.33 +- 41.7185  	chisq 3.22684 (4 df)

Iteration 6:  21000000 integrand evaluations so far
[1] 1274.37 +- 30.0445  	chisq 3.65976 (5 df)

Iteration 7:  28000000 integrand evaluations so far
[1] 1271.4 +- 21.9351  	chisq 3.68065 (6 df)

Iteration 8:  36000000 integrand evaluations so far
[1] 1251.43 +- 15.5931  	chisq 5.35719 (7 df)

Iteration 9:  45000000 integrand evaluations so far
[1] 1246.97 +- 11.536  	chisq 5.53778 (8 df)

Iteration 10:  55000000 integrand evaluations so far
[1] 1258.31 +- 10.2323  	chisq 10.0701 (9 df)
   1.258 ±   0.01 ·10⁺⁰³ (1.79mi) ┃    1.08 ±   0.11 ·10⁺⁰³ (14.3mi) ┃
┃   26 -    28 ┃   51 -    52 ┃  1.2421 ± 0.0011 ·10⁺⁰³ ( 33.8s) ┃-1.12013 ± 0.00088 ·10⁺⁰³ (1.05mi) ┃Vegas input parameters:
  ndim 10
  ncomp 1
  nvec 1
  epsrel 0
  epsabs 0
  flags 10
  seed 123456
  mineval 50000000
  maxeval 50000000
  nstart 1000000
  nincrease 1000000
  nbatch 5000
  gridno 0
  statefile ""

Iteration 1:  1000000 integrand evaluations so far
[1] 1379.31 +- 1491.18  	chisq 0 (0 df)

Iteration 2:  3000000 integrand evaluations so far
[1] -468.198 +- 192.632  	chisq 1.56106 (1 df)

Iteration 3:  6000000 integrand evaluations so far
[1] -482.574 +- 191.61  	chisq 2.0875 (2 df)

Iteration 4:  10000000 integrand evaluations so far
[1] -488.987 +- 190.226  	chisq 2.16527 (3 df)

Iteration 5:  15000000 integrand evaluations so far
[1] -291.454 +- 167.434  	chisq 6.95199 (4 df)

Iteration 6:  21000000 integrand evaluations so far
[1] -307.436 +- 145.467  	chisq 6.98915 (5 df)

Iteration 7:  28000000 integrand evaluations so far
[1] -292.023 +- 126.195  	chisq 7.03452 (6 df)

Iteration 8:  36000000 integrand evaluations so far
[1] -300.929 +- 126.059  	chisq 9.33998 (7 df)

Iteration 9:  45000000 integrand evaluations so far
[1] -292.115 +- 125.758  	chisq 10.3677 (8 df)

Iteration 10:  55000000 integrand evaluations so far
[1] -299.474 +- 125.102  	chisq 10.6967 (9 df)
    -300 ±    130        (4.67mi) ┃Vegas input parameters:
  ndim 8
  ncomp 1
  nvec 1
  epsrel 0
  epsabs 0
  flags 10
  seed 123456
  mineval 5000000
  maxeval 50000000
  nstart 1000000
  nincrease 1000000
  nbatch 5000
  gridno 0
  statefile ""

Iteration 1:  1000000 integrand evaluations so far
[1] 1435.1 +- 236.724  	chisq 0 (0 df)

Iteration 2:  3000000 integrand evaluations so far
[1] 969.131 +- 61.7755  	chisq 4.15767 (1 df)

Iteration 3:  6000000 integrand evaluations so far
[1] 1036.09 +- 57.4216  	chisq 12.7977 (2 df)

Iteration 4:  10000000 integrand evaluations so far
[1] 1180.22 +- 39.3935  	chisq 24.6987 (3 df)

Iteration 5:  15000000 integrand evaluations so far
[1] 1290.38 +- 27.7924  	chisq 40.2679 (4 df)

Iteration 6:  21000000 integrand evaluations so far
[1] 1295.29 +- 27.6255  	chisq 42.8725 (5 df)

Iteration 7:  28000000 integrand evaluations so far
[1] 1321.34 +- 24.3821  	chisq 46.8965 (6 df)

Iteration 8:  36000000 integrand evaluations so far
[1] 1357.89 +- 21.2589  	chisq 56.2692 (7 df)

Iteration 9:  45000000 integrand evaluations so far
[1] 1386.84 +- 15.8222  	chisq 60.4272 (8 df)

Iteration 10:  55000000 integrand evaluations so far
[1] 1398.34 +- 11.2294  	chisq 61.4909 (9 df)
   1.398 ±  0.011 ·10⁺⁰³ (1.72mi) ┃    1.22 ±   0.13 ·10⁺⁰³ (   8mi) ┃
┃   26 -    28 ┃   52 -    53 ┃ 1.34999 ± 0.00051 ·10⁺⁰³ (1.07mi) ┃-1.21644 ± 0.00086 ·10⁺⁰³ (3.55mi) ┃Vegas input parameters:
  ndim 10
  ncomp 1
  nvec 1
  epsrel 0
  epsabs 0
  flags 10
  seed 123456
  mineval 50000000
  maxeval 50000000
  nstart 1000000
  nincrease 1000000
  nbatch 5000
  gridno 0
  statefile ""

Iteration 1:  1000000 integrand evaluations so far
[1] -189.547 +- 394.255  	chisq 0 (0 df)

Iteration 2:  3000000 integrand evaluations so far
[1] -131.567 +- 254.348  	chisq 0.0370457 (1 df)

Iteration 3:  6000000 integrand evaluations so far
[1] -202.358 +- 151.773  	chisq 0.157344 (2 df)

Iteration 4:  10000000 integrand evaluations so far
[1] -165.659 +- 145.726  	chisq 0.906045 (3 df)

Iteration 5:  15000000 integrand evaluations so far
[1] -175.678 +- 141.918  	chisq 0.997688 (4 df)

Iteration 6:  21000000 integrand evaluations so far
[1] -160.049 +- 121.499  	chisq 1.0431 (5 df)

Iteration 7:  28000000 integrand evaluations so far
[1] -92.3834 +- 106.45  	chisq 2.37778 (6 df)

Iteration 8:  36000000 integrand evaluations so far
[1] -101.363 +- 98.1369  	chisq 2.42519 (7 df)

Iteration 9:  45000000 integrand evaluations so far
[1] -92.0453 +- 89.8916  	chisq 2.48119 (8 df)

Iteration 10:  55000000 integrand evaluations so far
[1] -82.2152 +- 85.2762  	chisq 2.60071 (9 df)
     -82 ±     85        (4.72mi) ┃Vegas input parameters:
  ndim 8
  ncomp 1
  nvec 1
  epsrel 0
  epsabs 0
  flags 10
  seed 123456
  mineval 5000000
  maxeval 50000000
  nstart 1000000
  nincrease 1000000
  nbatch 5000
  gridno 0
  statefile ""

Iteration 1:  1000000 integrand evaluations so far
[1] 1689.06 +- 256.707  	chisq 0 (0 df)

Iteration 2:  3000000 integrand evaluations so far
[1] 1776.14 +- 219.795  	chisq 0.431062 (1 df)

Iteration 3:  6000000 integrand evaluations so far
[1] 1672.45 +- 126.682  	chisq 0.764278 (2 df)

Iteration 4:  10000000 integrand evaluations so far
[1] 1629.87 +- 61.7736  	chisq 0.912529 (3 df)

Iteration 5:  15000000 integrand evaluations so far
[1] 1632.49 +- 45.92  	chisq 0.91654 (4 df)

Iteration 6:  21000000 integrand evaluations so far
[1] 1544.49 +- 26.7462  	chisq 6.4737 (5 df)

Iteration 7:  28000000 integrand evaluations so far
[1] 1569.04 +- 20.2041  	chisq 8.4359 (6 df)

Iteration 8:  36000000 integrand evaluations so far
[1] 1567.27 +- 15.7914  	chisq 8.45575 (7 df)

Iteration 9:  45000000 integrand evaluations so far
[1] 1563.93 +- 12.0066  	chisq 8.5616 (8 df)

Iteration 10:  55000000 integrand evaluations so far
[1] 1564.85 +- 10.7915  	chisq 8.59212 (9 df)
   1.565 ±  0.011 ·10⁺⁰³ (1.73mi) ┃   1.616 ±  0.086 ·10⁺⁰³ (11.1mi) ┃
┃   26 -    28 ┃   53 -    54 ┃ 1.37468 ± 0.00075 ·10⁺⁰³ (1.08mi) ┃-1.23876 ± 0.00084 ·10⁺⁰³ (1.87mi) ┃Vegas input parameters:
  ndim 10
  ncomp 1
  nvec 1
  epsrel 0
  epsabs 0
  flags 10
  seed 123456
  mineval 50000000
  maxeval 50000000
  nstart 1000000
  nincrease 1000000
  nbatch 5000
  gridno 0
  statefile ""

Iteration 1:  1000000 integrand evaluations so far
[1] -19.2801 +- 296.547  	chisq 0 (0 df)

Iteration 2:  3000000 integrand evaluations so far
[1] -72.0129 +- 290.262  	chisq 0.753945 (1 df)

Iteration 3:  6000000 integrand evaluations so far
[1] -187.996 +- 221.445  	chisq 1.13596 (2 df)

Iteration 4:  10000000 integrand evaluations so far
[1] -199.683 +- 220.898  	chisq 1.7003 (3 df)

Iteration 5:  15000000 integrand evaluations so far
[1] -164.643 +- 215.202  	chisq 2.19453 (4 df)

Iteration 6:  21000000 integrand evaluations so far
[1] -173.331 +- 215.056  	chisq 3.40088 (5 df)

Iteration 7:  28000000 integrand evaluations so far
[1] -153.88 +- 213.678  	chisq 4.04126 (6 df)

Iteration 8:  36000000 integrand evaluations so far
[1] -233.732 +- 204.506  	chisq 5.70365 (7 df)

Iteration 9:  45000000 integrand evaluations so far
[1] -281.884 +- 190.038  	chisq 6.10983 (8 df)

Iteration 10:  55000000 integrand evaluations so far
[1] -265.148 +- 131.632  	chisq 6.12474 (9 df)
    -270 ±    130        (4.72mi) ┃Vegas input parameters:
  ndim 8
  ncomp 1
  nvec 1
  epsrel 0
  epsabs 0
  flags 10
  seed 123456
  mineval 5000000
  maxeval 50000000
  nstart 1000000
  nincrease 1000000
  nbatch 5000
  gridno 0
  statefile ""

Iteration 1:  1000000 integrand evaluations so far
[1] 1545.55 +- 234.523  	chisq 0 (0 df)

Iteration 2:  3000000 integrand evaluations so far
[1] 1624.16 +- 166.592  	chisq 0.226762 (1 df)

Iteration 3:  6000000 integrand evaluations so far
[1] 1540.56 +- 123.134  	chisq 0.781787 (2 df)

Iteration 4:  10000000 integrand evaluations so far
[1] 1522.79 +- 67.5899  	chisq 0.811617 (3 df)

Iteration 5:  15000000 integrand evaluations so far
[1] 1565.2 +- 36.5459  	chisq 1.36813 (4 df)

Iteration 6:  21000000 integrand evaluations so far
[1] 1597.79 +- 21.8754  	chisq 2.60693 (5 df)

Iteration 7:  28000000 integrand evaluations so far
[1] 1609.64 +- 19.2226  	chisq 3.8949 (6 df)

Iteration 8:  36000000 integrand evaluations so far
[1] 1627.8 +- 16.8892  	chisq 7.81088 (7 df)

Iteration 9:  45000000 integrand evaluations so far
[1] 1628.07 +- 13.6824  	chisq 7.81162 (8 df)

Iteration 10:  55000000 integrand evaluations so far
[1] 1631.96 +- 10.6147  	chisq 8.01416 (9 df)
   1.632 ±  0.011 ·10⁺⁰³ (1.74mi) ┃     1.5 ±   0.13 ·10⁺⁰³ (9.41mi) ┃
┃   26 -    28 ┃   54 -    55 ┃ 1.37521 ± 0.00096 ·10⁺⁰³ (1.96mi) ┃-1.24284 ± 8.4e-05 ·10⁺⁰³ ( 54.4s) ┃Vegas input parameters:
  ndim 10
  ncomp 1
  nvec 1
  epsrel 0
  epsabs 0
  flags 10
  seed 123456
  mineval 50000000
  maxeval 50000000
  nstart 1000000
  nincrease 1000000
  nbatch 5000
  gridno 0
  statefile ""

Iteration 1:  1000000 integrand evaluations so far
[1] 161.458 +- 431.541  	chisq 0 (0 df)

Iteration 2:  3000000 integrand evaluations so far
[1] 76.7669 +- 326.054  	chisq 0.089751 (1 df)

Iteration 3:  6000000 integrand evaluations so far
[1] -50.6066 +- 253.887  	chisq 0.477393 (2 df)

Iteration 4:  10000000 integrand evaluations so far
[1] -103.623 +- 215.034  	chisq 0.631669 (3 df)

Iteration 5:  15000000 integrand evaluations so far
[1] 38.1099 +- 202.875  	chisq 4.58499 (4 df)

Iteration 6:  21000000 integrand evaluations so far
[1] -80.7816 +- 151.114  	chisq 5.35645 (5 df)

Iteration 7:  28000000 integrand evaluations so far
[1] -71.2334 +- 145.747  	chisq 5.41367 (6 df)

Iteration 8:  36000000 integrand evaluations so far
[1] -28.0456 +- 139.355  	chisq 6.43723 (7 df)

Iteration 9:  45000000 integrand evaluations so far
[1] -58.3928 +- 137.66  	chisq 8.39856 (8 df)

Iteration 10:  55000000 integrand evaluations so far
[1] -99.6685 +- 129.39  	chisq 9.16994 (9 df)
    -100 ±    130        (4.88mi) ┃Vegas input parameters:
  ndim 8
  ncomp 1
  nvec 1
  epsrel 0
  epsabs 0
  flags 10
  seed 123456
  mineval 5000000
  maxeval 50000000
  nstart 1000000
  nincrease 1000000
  nbatch 5000
  gridno 0
  statefile ""

Iteration 1:  1000000 integrand evaluations so far
[1] 1642.05 +- 265.878  	chisq 0 (0 df)

Iteration 2:  3000000 integrand evaluations so far
[1] 1711.31 +- 137.728  	chisq 0.0927499 (1 df)

Iteration 3:  6000000 integrand evaluations so far
[1] 1780.94 +- 92.8518  	chisq 0.561188 (2 df)

Iteration 4:  10000000 integrand evaluations so far
[1] 1716.46 +- 55.4161  	chisq 1.31015 (3 df)

Iteration 5:  15000000 integrand evaluations so far
[1] 1734 +- 51.9866  	chisq 2.14513 (4 df)

Iteration 6:  21000000 integrand evaluations so far
[1] 1723.45 +- 35.3331  	chisq 2.22164 (5 df)

Iteration 7:  28000000 integrand evaluations so far
[1] 1683.7 +- 20.1293  	chisq 4.09539 (6 df)

Iteration 8:  36000000 integrand evaluations so far
[1] 1664.84 +- 13.8757  	chisq 5.76835 (7 df)

Iteration 9:  45000000 integrand evaluations so far
[1] 1669.59 +- 11.4932  	chisq 6.14269 (8 df)

Iteration 10:  55000000 integrand evaluations so far
[1] 1673.97 +- 9.63149  	chisq 6.62973 (9 df)
   1.674 ± 0.0096 ·10⁺⁰³ (1.75mi) ┃    1.71 ±   0.13 ·10⁺⁰³ ( 9.5mi) ┃
┃   26 -    28 ┃   55 -    56 ┃ 1.23566 ± 0.00065 ·10⁺⁰³ (3.67mi) ┃ -1.1107 ± 0.0011 ·10⁺⁰³ (6.36mi) ┃Vegas input parameters:
  ndim 10
  ncomp 1
  nvec 1
  epsrel 0
  epsabs 0
  flags 10
  seed 123456
  mineval 50000000
  maxeval 50000000
  nstart 1000000
  nincrease 1000000
  nbatch 5000
  gridno 0
  statefile ""

Iteration 1:  1000000 integrand evaluations so far
[1] 130.645 +- 475.329  	chisq 0 (0 df)

Iteration 2:  3000000 integrand evaluations so far
[1] -364.921 +- 262.149  	chisq 1.56209 (1 df)

Iteration 3:  6000000 integrand evaluations so far
[1] -329.219 +- 209.846  	chisq 1.61373 (2 df)

Iteration 4:  10000000 integrand evaluations so far
[1] -345.606 +- 209.093  	chisq 2.46474 (3 df)

Iteration 5:  15000000 integrand evaluations so far
[1] -189.065 +- 180.968  	chisq 4.69851 (4 df)

Iteration 6:  21000000 integrand evaluations so far
[1] -159.347 +- 148.63  	chisq 4.78137 (5 df)

Iteration 7:  28000000 integrand evaluations so far
[1] -156.07 +- 143.772  	chisq 4.78893 (6 df)

Iteration 8:  36000000 integrand evaluations so far
[1] -173.249 +- 138.6  	chisq 4.99102 (7 df)

Iteration 9:  45000000 integrand evaluations so far
[1] -228.102 +- 133.228  	chisq 7.05153 (8 df)

Iteration 10:  55000000 integrand evaluations so far
[1] -267.597 +- 128.162  	chisq 8.22933 (9 df)
    -270 ±    130        ( 4.7mi) ┃Vegas input parameters:
  ndim 8
  ncomp 1
  nvec 1
  epsrel 0
  epsabs 0
  flags 10
  seed 123456
  mineval 5000000
  maxeval 50000000
  nstart 1000000
  nincrease 1000000
  nbatch 5000
  gridno 0
  statefile ""

Iteration 1:  1000000 integrand evaluations so far
[1] 1601.08 +- 238.713  	chisq 0 (0 df)

Iteration 2:  3000000 integrand evaluations so far
[1] 1654.56 +- 205.378  	chisq 0.193161 (1 df)

Iteration 3:  6000000 integrand evaluations so far
[1] 1548.3 +- 96.7151  	chisq 0.537091 (2 df)

Iteration 4:  10000000 integrand evaluations so far
[1] 1572.72 +- 52.2468  	chisq 0.627126 (3 df)

Iteration 5:  15000000 integrand evaluations so far
[1] 1532.89 +- 27.2212  	chisq 1.42497 (4 df)

Iteration 6:  21000000 integrand evaluations so far
[1] 1512.63 +- 17.7785  	chisq 2.39093 (5 df)

Iteration 7:  28000000 integrand evaluations so far
[1] 1512.65 +- 15.202  	chisq 2.39093 (6 df)

Iteration 8:  36000000 integrand evaluations so far
[1] 1519.15 +- 12.3249  	chisq 2.92423 (7 df)

Iteration 9:  45000000 integrand evaluations so far
[1] 1521.8 +- 9.80798  	chisq 3.05024 (8 df)

Iteration 10:  55000000 integrand evaluations so far
[1] 1525.27 +- 8.21133  	chisq 3.46976 (9 df)
  1.5253 ± 0.0082 ·10⁺⁰³ (1.74mi) ┃    1.38 ±   0.13 ·10⁺⁰³ (16.5mi) ┃
┃   26 -    28 ┃   56 -    57 ┃  569.93 ±   0.56        (3.38mi) ┃ -512.63 ±    0.5        (6.02mi) ┃Vegas input parameters:
  ndim 10
  ncomp 1
  nvec 1
  epsrel 0
  epsabs 0
  flags 10
  seed 123456
  mineval 50000000
  maxeval 50000000
  nstart 1000000
  nincrease 1000000
  nbatch 5000
  gridno 0
  statefile ""

Iteration 1:  1000000 integrand evaluations so far
[1] 262.181 +- 823.086  	chisq 0 (0 df)

Iteration 2:  3000000 integrand evaluations so far
[1] -218.686 +- 219.368  	chisq 0.367418 (1 df)

Iteration 3:  6000000 integrand evaluations so far
[1] -276.277 +- 170.124  	chisq 0.54034 (2 df)

Iteration 4:  10000000 integrand evaluations so far
[1] -311.481 +- 118.679  	chisq 0.623756 (3 df)

Iteration 5:  15000000 integrand evaluations so far
[1] -216.556 +- 92.8019  	chisq 2.2703 (4 df)

Iteration 6:  21000000 integrand evaluations so far
[1] -172.451 +- 80.0261  	chisq 3.1513 (5 df)

Iteration 7:  28000000 integrand evaluations so far
[1] -140.89 +- 62.9341  	chisq 3.55896 (6 df)

Iteration 8:  36000000 integrand evaluations so far
[1] -159.908 +- 58.9573  	chisq 4.30511 (7 df)

Iteration 9:  45000000 integrand evaluations so far
[1] -154.618 +- 56.0309  	chisq 4.38827 (8 df)

Iteration 10:  55000000 integrand evaluations so far
[1] -182.766 +- 50.5961  	chisq 5.75545 (9 df)
    -183 ±     51        (4.85mi) ┃Vegas input parameters:
  ndim 8
  ncomp 1
  nvec 1
  epsrel 0
  epsabs 0
  flags 10
  seed 123456
  mineval 5000000
  maxeval 50000000
  nstart 1000000
  nincrease 1000000
  nbatch 5000
  gridno 0
  statefile ""

Iteration 1:  1000000 integrand evaluations so far
[1] 767.421 +- 166.092  	chisq 0 (0 df)

Iteration 2:  3000000 integrand evaluations so far
[1] 613.082 +- 99.1639  	chisq 1.34177 (1 df)

Iteration 3:  6000000 integrand evaluations so far
[1] 458.389 +- 42.4151  	chisq 4.32019 (2 df)

Iteration 4:  10000000 integrand evaluations so far
[1] 516.497 +- 36.5992  	chisq 11.668 (3 df)

Iteration 5:  15000000 integrand evaluations so far
[1] 568.381 +- 30.9978  	chisq 18.7776 (4 df)

Iteration 6:  21000000 integrand evaluations so far
[1] 647.131 +- 22.1531  	chisq 31.9693 (5 df)

Iteration 7:  28000000 integrand evaluations so far
[1] 673.466 +- 17.8736  	chisq 36.018 (6 df)

Iteration 8:  36000000 integrand evaluations so far
[1] 679.324 +- 12.7007  	chisq 36.235 (7 df)

Iteration 9:  45000000 integrand evaluations so far
[1] 691.248 +- 9.1181  	chisq 38.054 (8 df)

Iteration 10:  55000000 integrand evaluations so far
[1] 699.648 +- 6.99401  	chisq 40.1158 (9 df)
   699.6 ±      7        (1.75mi) ┃     574 ±     51        (  16mi) ┃
┃   26 -    28 ┃   57 -    58 ┃  190.71 ±   0.17        (3.32mi) ┃-172.546 ±  0.086        (11.5mi) ┃Vegas input parameters:
  ndim 10
  ncomp 1
  nvec 1
  epsrel 0
  epsabs 0
  flags 10
  seed 123456
  mineval 50000000
  maxeval 50000000
  nstart 1000000
  nincrease 1000000
  nbatch 5000
  gridno 0
  statefile ""

Iteration 1:  1000000 integrand evaluations so far
[1] -544.743 +- 624.302  	chisq 0 (0 df)

Iteration 2:  3000000 integrand evaluations so far
[1] -360.038 +- 282.836  	chisq 0.110138 (1 df)

Iteration 3:  6000000 integrand evaluations so far
[1] -63.4742 +- 43.677  	chisq 1.23642 (2 df)

Iteration 4:  10000000 integrand evaluations so far
[1] -91.2711 +- 32.3125  	chisq 2.13114 (3 df)

Iteration 5:  15000000 integrand evaluations so far
[1] -79.2092 +- 26.9345  	chisq 2.58775 (4 df)

Iteration 6:  21000000 integrand evaluations so far
[1] -75.4391 +- 24.539  	chisq 2.70302 (5 df)

Iteration 7:  28000000 integrand evaluations so far
[1] -62.4144 +- 22.8955  	chisq 4.87907 (6 df)

Iteration 8:  36000000 integrand evaluations so far
[1] -66.0406 +- 22.7461  	chisq 6.80698 (7 df)

Iteration 9:  45000000 integrand evaluations so far
[1] -56.1059 +- 22.0752  	chisq 10.0896 (8 df)

Iteration 10:  55000000 integrand evaluations so far
[1] -57.4189 +- 21.2445  	chisq 10.1375 (9 df)
     -57 ±     21        (4.77mi) ┃Vegas input parameters:
  ndim 8
  ncomp 1
  nvec 1
  epsrel 0
  epsabs 0
  flags 10
  seed 123456
  mineval 5000000
  maxeval 50000000
  nstart 1000000
  nincrease 1000000
  nbatch 5000
  gridno 0
  statefile ""

Iteration 1:  1000000 integrand evaluations so far
[1] 137.596 +- 79.9093  	chisq 0 (0 df)

Iteration 2:  3000000 integrand evaluations so far
[1] 2.41146 +- 1.50867  	chisq 2.86294 (1 df)

Iteration 3:  6000000 integrand evaluations so far
[1] 3.45413 +- 1.40228  	chisq 6.37341 (2 df)

Iteration 4:  10000000 integrand evaluations so far
[1] 3.46393 +- 1.40225  	chisq 7.74422 (3 df)

Iteration 5:  15000000 integrand evaluations so far
[1] 3.46687 +- 1.40225  	chisq 9.16847 (4 df)

Iteration 6:  21000000 integrand evaluations so far
[1] 3.69462 +- 1.40059  	chisq 20.3128 (5 df)

Iteration 7:  28000000 integrand evaluations so far
[1] 4.28331 +- 1.39791  	chisq 66.586 (6 df)

Iteration 8:  36000000 integrand evaluations so far
[1] 4.31169 +- 1.39786  	chisq 72.1192 (7 df)

Iteration 9:  45000000 integrand evaluations so far
[1] 5.52867 +- 1.39337  	chisq 190.257 (8 df)

Iteration 10:  55000000 integrand evaluations so far
[1] 9.39479 +- 1.37978  	chisq 586.909 (9 df)
     9.4 ±    1.4        ( 1.8mi) ┃     -30 ±     21        (21.4mi) ┃
┃   26 -    28 ┃   58 -    59 ┃  95.639 ±  0.072        (12.1mi) ┃ -87.127 ±  0.045        (22.6mi) ┃Vegas input parameters:
  ndim 10
  ncomp 1
  nvec 1
  epsrel 0
  epsabs 0
  flags 10
  seed 123456
  mineval 50000000
  maxeval 50000000
  nstart 1000000
  nincrease 1000000
  nbatch 5000
  gridno 0
  statefile ""

Iteration 1:  1000000 integrand evaluations so far
[1] -7.84693 +- 5.87125  	chisq 0 (0 df)

Iteration 2:  3000000 integrand evaluations so far
[1] -7.65724 +- 5.86847  	chisq 1.10222 (1 df)

Iteration 3:  6000000 integrand evaluations so far
[1] -5.89203 +- 4.84527  	chisq 1.38646 (2 df)

Iteration 4:  10000000 integrand evaluations so far
[1] -5.93032 +- 4.8451  	chisq 2.25895 (3 df)

Iteration 5:  15000000 integrand evaluations so far
[1] -5.56063 +- 4.83639  	chisq 3.88067 (4 df)

Iteration 6:  21000000 integrand evaluations so far
[1] -5.82023 +- 4.82672  	chisq 4.6019 (5 df)

Iteration 7:  28000000 integrand evaluations so far
[1] -6.86602 +- 4.80072  	chisq 8.97047 (6 df)

Iteration 8:  36000000 integrand evaluations so far
[1] -7.59904 +- 4.77355  	chisq 11.0357 (7 df)

Iteration 9:  45000000 integrand evaluations so far
[1] -8.20781 +- 4.67463  	chisq 11.4322 (8 df)

Iteration 10:  55000000 integrand evaluations so far
[1] -7.85816 +- 4.57346  	chisq 11.5629 (9 df)
    -7.9 ±    4.6        (4.74mi) ┃Vegas input parameters:
  ndim 8
  ncomp 1
  nvec 1
  epsrel 0
  epsabs 0
  flags 10
  seed 123456
  mineval 5000000
  maxeval 50000000
  nstart 1000000
  nincrease 1000000
  nbatch 5000
  gridno 0
  statefile ""

Iteration 1:  1000000 integrand evaluations so far
[1] 80.1976 +- 58.9852  	chisq 0 (0 df)

Iteration 2:  3000000 integrand evaluations so far
[1] 0.0159155 +- 0.00354217  	chisq 1.84784 (1 df)

Iteration 3:  6000000 integrand evaluations so far
[1] 0.0161586 +- 0.0035412  	chisq 10.4934 (2 df)

Iteration 4:  10000000 integrand evaluations so far
[1] 0.0161716 +- 0.0035412  	chisq 21.4953 (3 df)

Iteration 5:  15000000 integrand evaluations so far
[1] 0.016179 +- 0.0035412  	chisq 47.3656 (4 df)

Iteration 6:  21000000 integrand evaluations so far
[1] 0.01619 +- 0.0035412  	chisq 110.266 (5 df)

Iteration 7:  28000000 integrand evaluations so far
[1] 0.0161906 +- 0.0035412  	chisq 118.177 (6 df)

Iteration 8:  36000000 integrand evaluations so far
[1] 0.0162372 +- 0.0035412  	chisq 478.078 (7 df)

Iteration 9:  45000000 integrand evaluations so far
[1] 0.0163148 +- 0.0035412  	chisq 1133.54 (8 df)

Iteration 10:  55000000 integrand evaluations so far
[1] 0.0164778 +- 0.0035412  	chisq 2545.43 (9 df)
  0.0165 ± 0.0035        (1.85mi) ┃     0.7 ±    4.6        (41.3mi) ┃
┃   26 -    28 ┃   59 -    60 ┃  56.874 ±  0.041        ( 6.5mi) ┃ -52.012 ±  0.032        (11.3mi) ┃Vegas input parameters:
  ndim 10
  ncomp 1
  nvec 1
  epsrel 0
  epsabs 0
  flags 10
  seed 123456
  mineval 50000000
  maxeval 50000000
  nstart 1000000
  nincrease 1000000
  nbatch 5000
  gridno 0
  statefile ""

Iteration 1:  1000000 integrand evaluations so far
[1] -4.83785 +- 10.602  	chisq 0 (0 df)

Iteration 2:  3000000 integrand evaluations so far
[1] -0.77724 +- 4.40258  	chisq 0.17726 (1 df)

Iteration 3:  6000000 integrand evaluations so far
[1] 0.182021 +- 1.68097  	chisq 0.232836 (2 df)

Iteration 4:  10000000 integrand evaluations so far
[1] 0.403373 +- 1.64658  	chisq 0.661039 (3 df)

Iteration 5:  15000000 integrand evaluations so far
[1] 0.218151 +- 1.63716  	chisq 1.77024 (4 df)

Iteration 6:  21000000 integrand evaluations so far
[1] 0.160976 +- 1.6358  	chisq 2.50228 (5 df)

Iteration 7:  28000000 integrand evaluations so far
[1] 0.0483859 +- 1.62953  	chisq 3.12134 (6 df)

Iteration 8:  36000000 integrand evaluations so far
[1] 0.00446212 +- 1.62798  	chisq 3.50496 (7 df)

Iteration 9:  45000000 integrand evaluations so far
[1] -0.00759365 +- 1.62792  	chisq 4.27228 (8 df)

Iteration 10:  55000000 integrand evaluations so far
[1] -0.0484376 +- 1.60977  	chisq 4.30066 (9 df)
      -0 ±    1.6        (4.87mi) ┃Vegas input parameters:
  ndim 8
  ncomp 1
  nvec 1
  epsrel 0
  epsabs 0
  flags 10
  seed 123456
  mineval 5000000
  maxeval 50000000
  nstart 1000000
  nincrease 1000000
  nbatch 5000
  gridno 0
  statefile ""

Iteration 1:  1000000 integrand evaluations so far
[1] 13.3094 +- 13.3094  	chisq 0 (0 df)

Iteration 2:  3000000 integrand evaluations so far
[1] 0.0136658 +- 0.012655  	chisq 0.997948 (1 df)

Iteration 3:  6000000 integrand evaluations so far
[1] 0.0116119 +- 0.00676362  	chisq 1.03482 (2 df)

Iteration 4:  10000000 integrand evaluations so far
[1] 0.0132541 +- 0.00673535  	chisq 8.1004 (3 df)

Iteration 5:  15000000 integrand evaluations so far
[1] 0.0132545 +- 0.00673535  	chisq 9.13782 (4 df)

Iteration 6:  21000000 integrand evaluations so far
[1] 0.0132551 +- 0.00673535  	chisq 10.5316 (5 df)

Iteration 7:  28000000 integrand evaluations so far
[1] 0.0132634 +- 0.00673535  	chisq 16.1955 (6 df)

Iteration 8:  36000000 integrand evaluations so far
[1] 0.0133235 +- 0.00673534  	chisq 72.1409 (7 df)

Iteration 9:  45000000 integrand evaluations so far
[1] 0.0133402 +- 0.00673534  	chisq 94.0684 (8 df)

Iteration 10:  55000000 integrand evaluations so far
[1] 0.0136271 +- 0.00673532  	chisq 381.758 (9 df)
  0.0136 ± 0.0067        (2.43mi) ┃     4.8 ±    1.6        (25.1mi) ┃
┣━━━━━━━━━━━━━━╋━━━━━━━━━━━━━━╋━━━━━━━━━━━━━━━━━━━━━━━━━━━━━━━━━━╋━━━━━━━━━━━━━━━━━━━━━━━━━━━━━━━━━━╋━━━━━━━━━━━━━━━━━━━━━━━━━━━━━━━━━━╋━━━━━━━━━━━━━━━━━━━━━━━━━━━━━━━━━━╋━━━━━━━━━━━━━━━━━━━━━━━━━━━━━━━━━━┫
┃   24 -    28 ┃   25 -    60 ┃ 90.1711 ± 0.0068 ·10⁺⁰³ (2.42hr) ┃-81.9983 ± 0.0063 ·10⁺⁰³ (11.9hr) ┃  -13.99 ±   0.99 ·10⁺⁰³ (5.51hr) ┃  98.792 ±  0.091 ·10⁺⁰³ (2.05hr) ┃   92.97 ±      1 ·10⁺⁰³ (21.9hr) ┃
┗━━━━━━━━━━━━━━┻━━━━━━━━━━━━━━┻━━━━━━━━━━━━━━━━━━━━━━━━━━━━━━━━━━┻━━━━━━━━━━━━━━━━━━━━━━━━━━━━━━━━━━┻━━━━━━━━━━━━━━━━━━━━━━━━━━━━━━━━━━┻━━━━━━━━━━━━━━━━━━━━━━━━━━━━━━━━━━┻━━━━━━━━━━━━━━━━━━━━━━━━━━━━━━━━━━┛

╍╍╍╍╍╍╍╍╍╍╍╍╍╍╍╍╍╍╍╍╍╍╍╍╍╍╍╍╍╍╍╍ Summary ╍╍╍╍╍╍╍╍╍╍╍╍╍╍╍╍╍╍╍╍╍╍╍╍╍╍╍╍╍╍╍
      Total cross section                         92.97 ± 1          pb
         Calculation time                               21.9       hours
              Output file                    outputs/qt_qt24_28_NNLL_muR1.0_muF1.0.root            
      Result in text file                    outputs/qt_qt24_28_NNLL_muR1.0_muF1.0.txt            

╍╍╍╍╍╍╍╍╍╍╍╍╍╍╍╍╍╍╍╍╍╍╍╍╍╍╍╍╍╍╍╍╍╍╍╍╍╍╍╍╍╍╍╍╍╍╍╍╍╍╍╍╍╍╍╍╍╍╍╍╍╍╍╍╍╍╍╍╍╍╍╍

