
╍╍╍╍╍╍╍╍╍╍╍╍╍╍╍╍╍╍╍╍╍╍╍╍╍╍╍ Process settings ╍╍╍╍╍╍╍╍╍╍╍╍╍╍╍╍╍╍╍╍╍╍╍╍╍╍╍
   proton-proton collisions at sqrt(s) = 13000 GeV 
   Computing NNLO+NNLL resummed cross section
   W+ ->  nu(p3)+e+(p4) production 

╍╍╍╍╍╍╍╍╍╍╍╍╍╍╍╍╍╍╍╍╍╍╍╍╍╍╍╍╍╍ CKM matrix ╍╍╍╍╍╍╍╍╍╍╍╍╍╍╍╍╍╍╍╍╍╍╍╍╍╍╍╍╍╍
     | Vud Vus Vub |   |   0.97427   0.2253  0.00351 | 
     | Vcd Vcs Vcb | = |    0.2252  0.97344   0.0412 | 
     | Vtd Vts Vtb |   |         0        0        0 | 

╍╍╍╍╍╍╍╍╍╍╍╍╍╍╍╍╍╍╍╍╍╍╍╍╍╍╍╍╍ EW parameters ╍╍╍╍╍╍╍╍╍╍╍╍╍╍╍╍╍╍╍╍╍╍╍╍╍╍╍╍
                                         Gf =  1.1663787e-05      GeV^-2
                                    1/alpha =  132.233229791            
                                 sin(thW)^2 = 0.222897222524            
                                     W mass =         80.385         GeV
                                     Z mass =        91.1876         GeV
                                    W width =          2.091         GeV
                                    Z width =          2.495         GeV

╍╍╍╍╍╍╍╍╍╍╍╍╍╍╍╍╍╍╍╍╍╍╍╍╍╍╍╍╍ QCD settings ╍╍╍╍╍╍╍╍╍╍╍╍╍╍╍╍╍╍╍╍╍╍╍╍╍╍╍╍╍
   Renormalization scale:     dynamic muren =              1      * m_ll
     Factorization scale:     dynamic mufac =              1      * m_ll
       Resummation scale:     dynamic mures =              1      * m_ll
          Strong coupling       alpha_s(MZ) =       0.118001            
                              running order =              3       -loop
         Non-perturbative     form factor g =            0.7       GeV^2

╍╍╍╍╍╍╍╍╍╍╍╍╍╍╍╍╍╍╍╍╍╍╍╍╍╍╍╍╍ PDF settings ╍╍╍╍╍╍╍╍╍╍╍╍╍╍╍╍╍╍╍╍╍╍╍╍╍╍╍╍╍
                                     PDF set:MSHT20nnlo_as118            
                                  PDF member:              0            
  Mellin moments of PDFs:                    Numerical integration            
                         nodes for the quadrature:            200            
                         Intervals for the quadrature:              1            

╍╍╍╍╍╍╍╍╍╍╍╍╍╍╍╍╍╍╍╍╍╍╍╍╍╍╍╍╍╍╍ qT recoil ╍╍╍╍╍╍╍╍╍╍╍╍╍╍╍╍╍╍╍╍╍╍╍╍╍╍╍╍╍╍
  qt-recoil prescription:       Collins-Soper kt1 = p_V(x)/2; kt2 = p_V(y)/2            

╍╍╍╍╍╍╍╍╍╍╍╍╍╍╍╍╍╍╍╍╍╍╍╍╍╍╍╍╍╍╍╍╍ Cuts ╍╍╍╍╍╍╍╍╍╍╍╍╍╍╍╍╍╍╍╍╍╍╍╍╍╍╍╍╍╍╍╍╍
                                  apply cuts:           true            
                                      pt_l >               0            
                                   |eta_l| <            1000            
                                    pt_lep >              25            
                                 |eta_lep| <             2.4            
                                   pt_alep >              25            
                                |eta_alep| <             2.4            
                                  user cuts:            true            

╍╍╍╍╍╍╍╍╍╍╍╍╍╍╍╍╍╍╍╍╍╍╍╍╍╍╍╍ ResummationDamp ╍╍╍╍╍╍╍╍╍╍╍╍╍╍╍╍╍╍╍╍╍╍╍╍╍╍╍
                                    damping :             on            
                                damping mode:              1            
                                  damp above:        60.2888         GeV
                               damping width:        20.0963         GeV
                          resummation cutoff:             20         MeV

╍╍╍╍╍╍╍╍╍╍╍╍╍╍╍╍╍╍╍╍╍╍╍╍╍╍╍╍ Debug settings ╍╍╍╍╍╍╍╍╍╍╍╍╍╍╍╍╍╍╍╍╍╍╍╍╍╍╍╍
                                 timeprofile:          false            
                                     verbose:          false            
                               cubaverbosity:              2            

╍╍╍╍╍╍╍╍╍╍╍╍╍╍╍╍╍╍╍╍╍╍╍╍╍╍╍╍╍╍╍╍╍╍╍╍╍╍╍╍╍╍╍╍╍╍╍╍╍╍╍╍╍╍╍╍╍╍╍╍╍╍╍╍╍╍╍╍╍╍╍╍

Warning: Histogram `a1_qt` contains non-integrable observable and will be deleted 
Warning: Histogram `a1_qt_vs_y` contains non-integrable observable and will be deleted 
Warning: Histogram `s_biganswer` contains non-integrable observable and will be deleted 
Warning: Histogram `wgt_a1_qt` contains non-integrable observable and will be deleted 

╍╍╍╍╍╍╍╍╍╍╍╍╍╍╍╍╍╍╍╍╍╍╍╍╍ Integration settings ╍╍╍╍╍╍╍╍╍╍╍╍╍╍╍╍╍╍╍╍╍╍╍╍╍
             Random seeds              123456                           
           Parallel cores                   1                           

             Resummation:     cuhre (dm, dpt)         iter =           5
                                   gauss (dy)        nodes =          64
                                                 intervals =           1
            Counter term:      cuhre (dm, dy)         iter =           5
                                  gauss (dpt)        nodes =          20
                                                 intervals =           5
                V+J Real:               vegas       ncalls =    50000000
             V+J Virtual:               vegas       ncalls =     5000000

Mellin inverse transform:           gaussian         nodes =          30
                                                 intervals =           1
                               imaginary axis         zmax =           2
  Angular variable costh:     semi-analytical      ncstart =         100
   Angular variables phi:            gaussian    intervals =          20

      Constant boundaries                  q2          low =          80
                                                      high =         100
                                            y          low =          -6
                                                      high =           6
                                        costh          low =          -1
                                                      high =           1
                                       eta(l)          low =         -10
                                                      high =          10

┏━━━━━━━━━━━━━━┰━━━━━━━━━━━━━━┰━━━━━━━━━━━━━━━━━━━━━━━━━━━━━━━━━━┰━━━━━━━━━━━━━━━━━━━━━━━━━━━━━━━━━━┰━━━━━━━━━━━━━━━━━━━━━━━━━━━━━━━━━━┰━━━━━━━━━━━━━━━━━━━━━━━━━━━━━━━━━━┰━━━━━━━━━━━━━━━━━━━━━━━━━━━━━━━━━━┓
┃           qT ┃        pT(l) ┃                      Resummation ┃                     Counter term ┃                         V+J Real ┃                      V+J Virtual ┃                            TOTAL ┃
┣━━━━━━━━━━━━━━╋━━━━━━━━━━━━━━╋━━━━━━━━━━━━━━━━━━━━━━━━━━━━━━━━━━╋━━━━━━━━━━━━━━━━━━━━━━━━━━━━━━━━━━╋━━━━━━━━━━━━━━━━━━━━━━━━━━━━━━━━━━╋━━━━━━━━━━━━━━━━━━━━━━━━━━━━━━━━━━╋━━━━━━━━━━━━━━━━━━━━━━━━━━━━━━━━━━┫
┃   84 -    86 ┃   25 -    26 ┃ 10.3018 ± 0.0036        (17.9mi) ┃ -8.7924 ± 0.0026        (50.2mi) ┃Vegas input parameters:
  ndim 10
  ncomp 1
  nvec 1
  epsrel 0
  epsabs 0
  flags 10
  seed 123456
  mineval 50000000
  maxeval 50000000
  nstart 1000000
  nincrease 1000000
  nbatch 5000
  gridno 0
  statefile ""

Iteration 1:  1000000 integrand evaluations so far
[1] -49.4402 +- 56.7737  	chisq 0 (0 df)

Iteration 2:  3000000 integrand evaluations so far
[1] -2.17087 +- 4.9165  	chisq 0.698447 (1 df)

Iteration 3:  6000000 integrand evaluations so far
[1] -2.28437 +- 4.91494  	chisq 1.53772 (2 df)

Iteration 4:  10000000 integrand evaluations so far
[1] -2.92413 +- 4.82091  	chisq 1.98483 (3 df)

Iteration 5:  15000000 integrand evaluations so far
[1] 0.622713 +- 4.34762  	chisq 4.88386 (4 df)

Iteration 6:  21000000 integrand evaluations so far
[1] 1.00268 +- 4.31673  	chisq 5.42327 (5 df)

Iteration 7:  28000000 integrand evaluations so far
[1] 0.17611 +- 4.27199  	chisq 7.20127 (6 df)

Iteration 8:  36000000 integrand evaluations so far
[1] -0.0526742 +- 4.26575  	chisq 8.18492 (7 df)

Iteration 9:  45000000 integrand evaluations so far
[1] -0.61641 +- 4.25264  	chisq 11.0294 (8 df)

Iteration 10:  55000000 integrand evaluations so far
[1] -0.141877 +- 4.17611  	chisq 11.3785 (9 df)
    -0.1 ±    4.2        (3.45mi) ┃Vegas input parameters:
  ndim 8
  ncomp 1
  nvec 1
  epsrel 0
  epsabs 0
  flags 10
  seed 123456
  mineval 5000000
  maxeval 50000000
  nstart 1000000
  nincrease 1000000
  nbatch 5000
  gridno 0
  statefile ""

Iteration 1:  1000000 integrand evaluations so far
[1] 74.8046 +- 18.9477  	chisq 0 (0 df)

Iteration 2:  3000000 integrand evaluations so far
[1] 63.0014 +- 15.4827  	chisq 1.16777 (1 df)

Iteration 3:  6000000 integrand evaluations so far
[1] 12.3965 +- 2.85143  	chisq 12.2258 (2 df)

Iteration 4:  10000000 integrand evaluations so far
[1] 13.3054 +- 2.79873  	chisq 15.0005 (3 df)

Iteration 5:  15000000 integrand evaluations so far
[1] 15.0852 +- 2.73589  	chisq 24.1092 (4 df)

Iteration 6:  21000000 integrand evaluations so far
[1] 19.907 +- 2.5151  	chisq 44.1625 (5 df)

Iteration 7:  28000000 integrand evaluations so far
[1] 28.973 +- 2.15116  	chisq 92.5616 (6 df)

Iteration 8:  36000000 integrand evaluations so far
[1] 35.0966 +- 1.85293  	chisq 123.963 (7 df)

Iteration 9:  45000000 integrand evaluations so far
[1] 43.2881 +- 1.41043  	chisq 170.431 (8 df)

Iteration 10:  55000000 integrand evaluations so far
[1] 44.0471 +- 1.38264  	chisq 177.851 (9 df)
      44 ±    1.4        (1.73mi) ┃    45.4 ±    4.4        (1.22hr) ┃
┃   84 -    86 ┃   26 -    27 ┃ 17.4308 ± 0.0039        (1.28mi) ┃-14.7032 ± 0.0025        (13.1mi) ┃Vegas input parameters:
  ndim 10
  ncomp 1
  nvec 1
  epsrel 0
  epsabs 0
  flags 10
  seed 123456
  mineval 50000000
  maxeval 50000000
  nstart 1000000
  nincrease 1000000
  nbatch 5000
  gridno 0
  statefile ""

Iteration 1:  1000000 integrand evaluations so far
[1] -56.8437 +- 63.2421  	chisq 0 (0 df)

Iteration 2:  3000000 integrand evaluations so far
[1] -4.48807 +- 3.92244  	chisq 0.688 (1 df)

Iteration 3:  6000000 integrand evaluations so far
[1] -4.93787 +- 3.91334  	chisq 3.52551 (2 df)

Iteration 4:  10000000 integrand evaluations so far
[1] -4.03725 +- 3.74902  	chisq 4.1697 (3 df)

Iteration 5:  15000000 integrand evaluations so far
[1] -4.08876 +- 3.74877  	chisq 5.58435 (4 df)

Iteration 6:  21000000 integrand evaluations so far
[1] -4.22852 +- 3.68606  	chisq 5.62624 (5 df)

Iteration 7:  28000000 integrand evaluations so far
[1] -4.08185 +- 3.67442  	chisq 5.87736 (6 df)

Iteration 8:  36000000 integrand evaluations so far
[1] -4.09345 +- 3.65785  	chisq 5.87847 (7 df)

Iteration 9:  45000000 integrand evaluations so far
[1] -4.19589 +- 3.65654  	chisq 6.97716 (8 df)

Iteration 10:  55000000 integrand evaluations so far
[1] -3.76052 +- 3.63521  	chisq 8.19573 (9 df)
    -3.8 ±    3.6        (3.48mi) ┃Vegas input parameters:
  ndim 8
  ncomp 1
  nvec 1
  epsrel 0
  epsabs 0
  flags 10
  seed 123456
  mineval 5000000
  maxeval 50000000
  nstart 1000000
  nincrease 1000000
  nbatch 5000
  gridno 0
  statefile ""

Iteration 1:  1000000 integrand evaluations so far
[1] 63.782 +- 17.8243  	chisq 0 (0 df)

Iteration 2:  3000000 integrand evaluations so far
[1] 24.1507 +- 6.10614  	chisq 5.60103 (1 df)

Iteration 3:  6000000 integrand evaluations so far
[1] 6.84355 +- 1.04493  	chisq 13.8772 (2 df)

Iteration 4:  10000000 integrand evaluations so far
[1] 7.99852 +- 1.00397  	chisq 29.7689 (3 df)

Iteration 5:  15000000 integrand evaluations so far
[1] 8.15117 +- 1.00246  	chisq 37.4718 (4 df)

Iteration 6:  21000000 integrand evaluations so far
[1] 8.98292 +- 0.991605  	chisq 69.4383 (5 df)

Iteration 7:  28000000 integrand evaluations so far
[1] 12.1465 +- 0.943827  	chisq 177.669 (6 df)

Iteration 8:  36000000 integrand evaluations so far
[1] 14.725 +- 0.907859  	chisq 277.5 (7 df)

Iteration 9:  45000000 integrand evaluations so far
[1] 14.7291 +- 0.907852  	chisq 278.793 (8 df)

Iteration 10:  55000000 integrand evaluations so far
[1] 15.6119 +- 0.895423  	chisq 313.565 (9 df)
   15.61 ±    0.9        (1.78mi) ┃    14.6 ±    3.7        (19.6mi) ┃
┃   84 -    86 ┃   27 -    28 ┃ 10.9771 ± 0.0045        (17.1mi) ┃  -9.335 ± 0.0061        (1.67hr) ┃Vegas input parameters:
  ndim 10
  ncomp 1
  nvec 1
  epsrel 0
  epsabs 0
  flags 10
  seed 123456
  mineval 50000000
  maxeval 50000000
  nstart 1000000
  nincrease 1000000
  nbatch 5000
  gridno 0
  statefile ""

Iteration 1:  1000000 integrand evaluations so far
[1] 21.6249 +- 195.95  	chisq 0 (0 df)

Iteration 2:  3000000 integrand evaluations so far
[1] 48.1079 +- 54.7459  	chisq 0.0198127 (1 df)

Iteration 3:  6000000 integrand evaluations so far
[1] 36.8932 +- 28.7561  	chisq 0.077766 (2 df)

Iteration 4:  10000000 integrand evaluations so far
[1] 35.6596 +- 28.7359  	chisq 1.38538 (3 df)

Iteration 5:  15000000 integrand evaluations so far
[1] -3.00044 +- 8.8485  	chisq 3.38496 (4 df)

Iteration 6:  21000000 integrand evaluations so far
[1] -7.7646 +- 4.80797  	chisq 3.7963 (5 df)

Iteration 7:  28000000 integrand evaluations so far
[1] -7.99273 +- 4.80255  	chisq 4.79592 (6 df)

Iteration 8:  36000000 integrand evaluations so far
[1] -4.49037 +- 4.1339  	chisq 6.84878 (7 df)

Iteration 9:  45000000 integrand evaluations so far
[1] -4.10042 +- 4.12153  	chisq 8.33752 (8 df)

Iteration 10:  55000000 integrand evaluations so far
[1] -3.27641 +- 4.07327  	chisq 10.0545 (9 df)
    -3.3 ±    4.1        (3.34mi) ┃Vegas input parameters:
  ndim 8
  ncomp 1
  nvec 1
  epsrel 0
  epsabs 0
  flags 10
  seed 123456
  mineval 5000000
  maxeval 50000000
  nstart 1000000
  nincrease 1000000
  nbatch 5000
  gridno 0
  statefile ""

Iteration 1:  1000000 integrand evaluations so far
[1] 110.483 +- 23.7022  	chisq 0 (0 df)

Iteration 2:  3000000 integrand evaluations so far
[1] 112.705 +- 21.8558  	chisq 0.0587138 (1 df)

Iteration 3:  6000000 integrand evaluations so far
[1] 19.9967 +- 4.367  	chisq 18.8002 (2 df)

Iteration 4:  10000000 integrand evaluations so far
[1] 24.731 +- 3.02771  	chisq 21.0633 (3 df)

Iteration 5:  15000000 integrand evaluations so far
[1] 26.0499 +- 2.98163  	chisq 27.3453 (4 df)

Iteration 6:  21000000 integrand evaluations so far
[1] 32.038 +- 2.60102  	chisq 44.221 (5 df)

Iteration 7:  28000000 integrand evaluations so far
[1] 40.251 +- 2.02093  	chisq 69.3798 (6 df)

Iteration 8:  36000000 integrand evaluations so far
[1] 46.1228 +- 1.54733  	chisq 89.7818 (7 df)

Iteration 9:  45000000 integrand evaluations so far
[1] 48.5534 +- 0.990654  	chisq 93.9631 (8 df)

Iteration 10:  55000000 integrand evaluations so far
[1] 49.0927 +- 0.965208  	chisq 99.8081 (9 df)
   49.09 ±   0.97        (1.75mi) ┃    47.5 ±    4.2        (2.04hr) ┃
┃   84 -    86 ┃   28 -    29 ┃  10.482 ±  0.009        (4.24mi) ┃ -8.9871 ±  0.007        (12.3mi) ┃Vegas input parameters:
  ndim 10
  ncomp 1
  nvec 1
  epsrel 0
  epsabs 0
  flags 10
  seed 123456
  mineval 50000000
  maxeval 50000000
  nstart 1000000
  nincrease 1000000
  nbatch 5000
  gridno 0
  statefile ""

Iteration 1:  1000000 integrand evaluations so far
[1] 51.1411 +- 24.4399  	chisq 0 (0 df)

Iteration 2:  3000000 integrand evaluations so far
[1] 51.3464 +- 23.9477  	chisq 0.00177071 (1 df)

Iteration 3:  6000000 integrand evaluations so far
[1] 18.1255 +- 14.4762  	chisq 3.03429 (2 df)

Iteration 4:  10000000 integrand evaluations so far
[1] 18.6043 +- 14.469  	chisq 4.13566 (3 df)

Iteration 5:  15000000 integrand evaluations so far
[1] 16.7467 +- 10.4447  	chisq 4.17008 (4 df)

Iteration 6:  21000000 integrand evaluations so far
[1] 5.33334 +- 7.77267  	chisq 6.84617 (5 df)

Iteration 7:  28000000 integrand evaluations so far
[1] 5.89335 +- 7.75704  	chisq 8.13771 (6 df)

Iteration 8:  36000000 integrand evaluations so far
[1] 4.98612 +- 7.67783  	chisq 8.81101 (7 df)

Iteration 9:  45000000 integrand evaluations so far
[1] 5.01118 +- 7.59711  	chisq 8.81151 (8 df)

Iteration 10:  55000000 integrand evaluations so far
[1] 4.41463 +- 7.57683  	chisq 9.96809 (9 df)
     4.4 ±    7.6        (3.41mi) ┃Vegas input parameters:
  ndim 8
  ncomp 1
  nvec 1
  epsrel 0
  epsabs 0
  flags 10
  seed 123456
  mineval 5000000
  maxeval 50000000
  nstart 1000000
  nincrease 1000000
  nbatch 5000
  gridno 0
  statefile ""

Iteration 1:  1000000 integrand evaluations so far
[1] 96.7135 +- 22.5633  	chisq 0 (0 df)

Iteration 2:  3000000 integrand evaluations so far
[1] 34.5167 +- 8.33466  	chisq 8.79915 (1 df)

Iteration 3:  6000000 integrand evaluations so far
[1] 19.7741 +- 3.32966  	chisq 12.5221 (2 df)

Iteration 4:  10000000 integrand evaluations so far
[1] 21.6928 +- 3.0598  	chisq 14.6573 (3 df)

Iteration 5:  15000000 integrand evaluations so far
[1] 22.4716 +- 3.02787  	chisq 17.7778 (4 df)

Iteration 6:  21000000 integrand evaluations so far
[1] 27.4364 +- 2.65309  	chisq 29.355 (5 df)

Iteration 7:  28000000 integrand evaluations so far
[1] 30.5945 +- 2.50404  	chisq 42.3297 (6 df)

Iteration 8:  36000000 integrand evaluations so far
[1] 32.1103 +- 2.4445  	chisq 50.1282 (7 df)

Iteration 9:  45000000 integrand evaluations so far
[1] 40.2022 +- 2.00737  	chisq 83.7758 (8 df)

Iteration 10:  55000000 integrand evaluations so far
[1] 45.2551 +- 1.69568  	chisq 105.896 (9 df)
    45.3 ±    1.7        (1.76mi) ┃    51.2 ±    7.8        (21.7mi) ┃
┃   84 -    86 ┃   29 -    30 ┃ 12.9113 ± 0.00081        (5.04mi) ┃-10.9064 ±  0.008        (25.1mi) ┃Vegas input parameters:
  ndim 10
  ncomp 1
  nvec 1
  epsrel 0
  epsabs 0
  flags 10
  seed 123456
  mineval 50000000
  maxeval 50000000
  nstart 1000000
  nincrease 1000000
  nbatch 5000
  gridno 0
  statefile ""

Iteration 1:  1000000 integrand evaluations so far
[1] 90.4448 +- 105.893  	chisq 0 (0 df)

Iteration 2:  3000000 integrand evaluations so far
[1] 4.79765 +- 4.07711  	chisq 0.655144 (1 df)

Iteration 3:  6000000 integrand evaluations so far
[1] 4.97598 +- 4.07211  	chisq 1.43486 (2 df)

Iteration 4:  10000000 integrand evaluations so far
[1] 4.88765 +- 4.05184  	chisq 1.48223 (3 df)

Iteration 5:  15000000 integrand evaluations so far
[1] 4.51754 +- 4.03897  	chisq 2.79786 (4 df)

Iteration 6:  21000000 integrand evaluations so far
[1] 4.43888 +- 4.02223  	chisq 2.8437 (5 df)

Iteration 7:  28000000 integrand evaluations so far
[1] 3.6142 +- 3.93307  	chisq 3.80254 (6 df)

Iteration 8:  36000000 integrand evaluations so far
[1] 3.81019 +- 3.92731  	chisq 4.65178 (7 df)

Iteration 9:  45000000 integrand evaluations so far
[1] 2.78766 +- 3.82341  	chisq 5.95005 (8 df)

Iteration 10:  55000000 integrand evaluations so far
[1] 3.71424 +- 3.74521  	chisq 7.40075 (9 df)
     3.7 ±    3.7        (3.55mi) ┃Vegas input parameters:
  ndim 8
  ncomp 1
  nvec 1
  epsrel 0
  epsabs 0
  flags 10
  seed 123456
  mineval 5000000
  maxeval 50000000
  nstart 1000000
  nincrease 1000000
  nbatch 5000
  gridno 0
  statefile ""

Iteration 1:  1000000 integrand evaluations so far
[1] 53.5691 +- 16.1375  	chisq 0 (0 df)

Iteration 2:  3000000 integrand evaluations so far
[1] 34.3974 +- 10.0148  	chisq 2.29547 (1 df)

Iteration 3:  6000000 integrand evaluations so far
[1] 35.7355 +- 9.9113  	chisq 3.16332 (2 df)

Iteration 4:  10000000 integrand evaluations so far
[1] 17.5204 +- 3.699  	chisq 7.08746 (3 df)

Iteration 5:  15000000 integrand evaluations so far
[1] 21.3794 +- 3.36691  	chisq 13.4342 (4 df)

Iteration 6:  21000000 integrand evaluations so far
[1] 26.9223 +- 2.74149  	chisq 21.4764 (5 df)

Iteration 7:  28000000 integrand evaluations so far
[1] 34.1245 +- 2.06583  	chisq 37.4459 (6 df)

Iteration 8:  36000000 integrand evaluations so far
[1] 39.429 +- 1.35955  	chisq 49.0769 (7 df)

Iteration 9:  45000000 integrand evaluations so far
[1] 43.6033 +- 1.07436  	chisq 74.1793 (8 df)

Iteration 10:  55000000 integrand evaluations so far
[1] 45.8003 +- 0.72537  	chisq 81.8641 (9 df)
    45.8 ±   0.73        (1.75mi) ┃    51.5 ±    3.8        (35.5mi) ┃
┃   84 -    86 ┃   30 -    31 ┃ 14.5201 ± 0.0034        (2.25mi) ┃-12.2997 ± 0.0017        (26.5mi) ┃Vegas input parameters:
  ndim 10
  ncomp 1
  nvec 1
  epsrel 0
  epsabs 0
  flags 10
  seed 123456
  mineval 50000000
  maxeval 50000000
  nstart 1000000
  nincrease 1000000
  nbatch 5000
  gridno 0
  statefile ""

Iteration 1:  1000000 integrand evaluations so far
[1] 6.54761 +- 51.9836  	chisq 0 (0 df)

Iteration 2:  3000000 integrand evaluations so far
[1] -7.68475 +- 5.44431  	chisq 0.07579 (1 df)

Iteration 3:  6000000 integrand evaluations so far
[1] -6.8366 +- 5.381  	chisq 1.12537 (2 df)

Iteration 4:  10000000 integrand evaluations so far
[1] -7.21522 +- 5.33348  	chisq 1.40691 (3 df)

Iteration 5:  15000000 integrand evaluations so far
[1] -7.26542 +- 5.33325  	chisq 2.43351 (4 df)

Iteration 6:  21000000 integrand evaluations so far
[1] -5.86413 +- 5.16484  	chisq 3.54422 (5 df)

Iteration 7:  28000000 integrand evaluations so far
[1] -5.88873 +- 4.99826  	chisq 3.54457 (6 df)

Iteration 8:  36000000 integrand evaluations so far
[1] -2.3719 +- 4.50845  	chisq 6.20067 (7 df)

Iteration 9:  45000000 integrand evaluations so far
[1] -2.21817 +- 4.30923  	chisq 6.21412 (8 df)

Iteration 10:  55000000 integrand evaluations so far
[1] -1.63895 +- 4.15661  	chisq 6.47378 (9 df)
    -1.6 ±    4.2        (3.48mi) ┃Vegas input parameters:
  ndim 8
  ncomp 1
  nvec 1
  epsrel 0
  epsabs 0
  flags 10
  seed 123456
  mineval 5000000
  maxeval 50000000
  nstart 1000000
  nincrease 1000000
  nbatch 5000
  gridno 0
  statefile ""

Iteration 1:  1000000 integrand evaluations so far
[1] 39.1956 +- 11.4783  	chisq 0 (0 df)

Iteration 2:  3000000 integrand evaluations so far
[1] 4.34494 +- 1.66482  	chisq 9.41681 (1 df)

Iteration 3:  6000000 integrand evaluations so far
[1] 5.23383 +- 1.59381  	chisq 12.8312 (2 df)

Iteration 4:  10000000 integrand evaluations so far
[1] 7.36653 +- 1.43468  	chisq 22.2694 (3 df)

Iteration 5:  15000000 integrand evaluations so far
[1] 9.93869 +- 1.34114  	chisq 47.7512 (4 df)

Iteration 6:  21000000 integrand evaluations so far
[1] 11.3707 +- 1.30844  	chisq 71.4191 (5 df)

Iteration 7:  28000000 integrand evaluations so far
[1] 13.5611 +- 1.26878  	chisq 118.358 (6 df)

Iteration 8:  36000000 integrand evaluations so far
[1] 21.52 +- 1.07421  	chisq 257.305 (7 df)

Iteration 9:  45000000 integrand evaluations so far
[1] 29.316 +- 0.852487  	chisq 399.579 (8 df)

Iteration 10:  55000000 integrand evaluations so far
[1] 29.3709 +- 0.851889  	chisq 402.532 (9 df)
   29.37 ±   0.85        (1.75mi) ┃      30 ±    4.2        (  34mi) ┃
┃   84 -    86 ┃   31 -    32 ┃  8.6096 ± 0.0033        (8.74mi) ┃ -7.3315 ± 0.0028        (26.1mi) ┃Vegas input parameters:
  ndim 10
  ncomp 1
  nvec 1
  epsrel 0
  epsabs 0
  flags 10
  seed 123456
  mineval 50000000
  maxeval 50000000
  nstart 1000000
  nincrease 1000000
  nbatch 5000
  gridno 0
  statefile ""

Iteration 1:  1000000 integrand evaluations so far
[1] 27.5794 +- 18.284  	chisq 0 (0 df)

Iteration 2:  3000000 integrand evaluations so far
[1] 12.7685 +- 16.3723  	chisq 3.31113 (1 df)

Iteration 3:  6000000 integrand evaluations so far
[1] 0.772005 +- 11.4371  	chisq 4.35972 (2 df)

Iteration 4:  10000000 integrand evaluations so far
[1] 5.16893 +- 10.7857  	chisq 5.6953 (3 df)

Iteration 5:  15000000 integrand evaluations so far
[1] 9.27286 +- 7.70437  	chisq 5.99091 (4 df)

Iteration 6:  21000000 integrand evaluations so far
[1] 2.93822 +- 6.31625  	chisq 8.05272 (5 df)

Iteration 7:  28000000 integrand evaluations so far
[1] 3.45179 +- 6.14399  	chisq 8.17561 (6 df)

Iteration 8:  36000000 integrand evaluations so far
[1] 4.1595 +- 6.03538  	chisq 8.55422 (7 df)

Iteration 9:  45000000 integrand evaluations so far
[1] 3.9324 +- 5.13589  	chisq 8.55935 (8 df)

Iteration 10:  55000000 integrand evaluations so far
[1] 3.4534 +- 5.11155  	chisq 9.4793 (9 df)
     3.5 ±    5.1        ( 3.5mi) ┃Vegas input parameters:
  ndim 8
  ncomp 1
  nvec 1
  epsrel 0
  epsabs 0
  flags 10
  seed 123456
  mineval 5000000
  maxeval 50000000
  nstart 1000000
  nincrease 1000000
  nbatch 5000
  gridno 0
  statefile ""

Iteration 1:  1000000 integrand evaluations so far
[1] 74.9436 +- 22.4645  	chisq 0 (0 df)

Iteration 2:  3000000 integrand evaluations so far
[1] 9.07124 +- 2.08422  	chisq 8.67298 (1 df)

Iteration 3:  6000000 integrand evaluations so far
[1] 9.09404 +- 2.08412  	chisq 9.88352 (2 df)

Iteration 4:  10000000 integrand evaluations so far
[1] 9.67382 +- 2.06393  	chisq 13.8969 (3 df)

Iteration 5:  15000000 integrand evaluations so far
[1] 11.5225 +- 1.98199  	chisq 24.2062 (4 df)

Iteration 6:  21000000 integrand evaluations so far
[1] 11.5979 +- 1.98116  	chisq 25.9336 (5 df)

Iteration 7:  28000000 integrand evaluations so far
[1] 13.5187 +- 1.89983  	chisq 37.6224 (6 df)

Iteration 8:  36000000 integrand evaluations so far
[1] 15.8798 +- 1.84384  	chisq 64.2178 (7 df)

Iteration 9:  45000000 integrand evaluations so far
[1] 17.9263 +- 1.79201  	chisq 86.443 (8 df)

Iteration 10:  55000000 integrand evaluations so far
[1] 25.9329 +- 1.50783  	chisq 154.806 (9 df)
    25.9 ±    1.5        (1.78mi) ┃    30.7 ±    5.3        (40.1mi) ┃
┃   84 -    86 ┃   32 -    33 ┃ 14.9451 ± 0.0077        (2.32mi) ┃-12.6884 ± 0.0084        (25.9mi) ┃Vegas input parameters:
  ndim 10
  ncomp 1
  nvec 1
  epsrel 0
  epsabs 0
  flags 10
  seed 123456
  mineval 50000000
  maxeval 50000000
  nstart 1000000
  nincrease 1000000
  nbatch 5000
  gridno 0
  statefile ""

Iteration 1:  1000000 integrand evaluations so far
[1] 10.6862 +- 35.2427  	chisq 0 (0 df)

Iteration 2:  3000000 integrand evaluations so far
[1] 24.3994 +- 27.3348  	chisq 0.380018 (1 df)

Iteration 3:  6000000 integrand evaluations so far
[1] 19.1617 +- 27.0661  	chisq 2.25661 (2 df)

Iteration 4:  10000000 integrand evaluations so far
[1] -10.3698 +- 16.3651  	chisq 4.13309 (3 df)

Iteration 5:  15000000 integrand evaluations so far
[1] 0.309286 +- 11.7651  	chisq 5.01442 (4 df)

Iteration 6:  21000000 integrand evaluations so far
[1] 10.743 +- 6.18362  	chisq 6.10108 (5 df)

Iteration 7:  28000000 integrand evaluations so far
[1] 7.72864 +- 5.74194  	chisq 7.82614 (6 df)

Iteration 8:  36000000 integrand evaluations so far
[1] 7.05192 +- 5.71298  	chisq 9.20626 (7 df)

Iteration 9:  45000000 integrand evaluations so far
[1] 6.57924 +- 5.53762  	chisq 9.3195 (8 df)

Iteration 10:  55000000 integrand evaluations so far
[1] 5.79436 +- 5.2701  	chisq 9.53258 (9 df)
     5.8 ±    5.3        (3.51mi) ┃Vegas input parameters:
  ndim 8
  ncomp 1
  nvec 1
  epsrel 0
  epsabs 0
  flags 10
  seed 123456
  mineval 5000000
  maxeval 50000000
  nstart 1000000
  nincrease 1000000
  nbatch 5000
  gridno 0
  statefile ""

Iteration 1:  1000000 integrand evaluations so far
[1] 50.4748 +- 15.7942  	chisq 0 (0 df)

Iteration 2:  3000000 integrand evaluations so far
[1] 44.5567 +- 13.0638  	chisq 0.444499 (1 df)

Iteration 3:  6000000 integrand evaluations so far
[1] 44.0125 +- 12.205  	chisq 0.458149 (2 df)

Iteration 4:  10000000 integrand evaluations so far
[1] 16.6476 +- 4.78916  	chisq 6.40009 (3 df)

Iteration 5:  15000000 integrand evaluations so far
[1] 18.2145 +- 4.64043  	chisq 8.15079 (4 df)

Iteration 6:  21000000 integrand evaluations so far
[1] 19.6915 +- 4.55474  	chisq 10.9194 (5 df)

Iteration 7:  28000000 integrand evaluations so far
[1] 25.3698 +- 3.45626  	chisq 14.5835 (6 df)

Iteration 8:  36000000 integrand evaluations so far
[1] 28.2765 +- 3.22788  	chisq 20.118 (7 df)

Iteration 9:  45000000 integrand evaluations so far
[1] 31.2676 +- 3.0605  	chisq 28.6182 (8 df)

Iteration 10:  55000000 integrand evaluations so far
[1] 37.4955 +- 2.45299  	chisq 40.198 (9 df)
    37.5 ±    2.5        (1.76mi) ┃    45.5 ±    5.8        (33.5mi) ┃
┃   84 -    86 ┃   33 -    34 ┃  13.183 ±  0.011        (4.65mi) ┃-11.2167 ± 0.0088        (25.8mi) ┃Vegas input parameters:
  ndim 10
  ncomp 1
  nvec 1
  epsrel 0
  epsabs 0
  flags 10
  seed 123456
  mineval 50000000
  maxeval 50000000
  nstart 1000000
  nincrease 1000000
  nbatch 5000
  gridno 0
  statefile ""

Iteration 1:  1000000 integrand evaluations so far
[1] 82.094 +- 68.9971  	chisq 0 (0 df)

Iteration 2:  3000000 integrand evaluations so far
[1] 23.7032 +- 20.726  	chisq 0.787223 (1 df)

Iteration 3:  6000000 integrand evaluations so far
[1] -5.84166 +- 15.0123  	chisq 5.06192 (2 df)

Iteration 4:  10000000 integrand evaluations so far
[1] 2.78429 +- 9.1201  	chisq 5.58521 (3 df)

Iteration 5:  15000000 integrand evaluations so far
[1] 5.42413 +- 8.71536  	chisq 6.55059 (4 df)

Iteration 6:  21000000 integrand evaluations so far
[1] 4.3029 +- 8.016  	chisq 6.65802 (5 df)

Iteration 7:  28000000 integrand evaluations so far
[1] 5.04697 +- 7.96839  	chisq 7.38555 (6 df)

Iteration 8:  36000000 integrand evaluations so far
[1] 5.89633 +- 7.57133  	chisq 7.50247 (7 df)

Iteration 9:  45000000 integrand evaluations so far
[1] 8.32388 +- 7.31325  	chisq 9.03656 (8 df)

Iteration 10:  55000000 integrand evaluations so far
[1] 11.2429 +- 6.98105  	chisq 10.8309 (9 df)
    11.2 ±      7        (3.47mi) ┃Vegas input parameters:
  ndim 8
  ncomp 1
  nvec 1
  epsrel 0
  epsabs 0
  flags 10
  seed 123456
  mineval 5000000
  maxeval 50000000
  nstart 1000000
  nincrease 1000000
  nbatch 5000
  gridno 0
  statefile ""

Iteration 1:  1000000 integrand evaluations so far
[1] 54.1643 +- 15.3322  	chisq 0 (0 df)

Iteration 2:  3000000 integrand evaluations so far
[1] 6.88779 +- 1.79809  	chisq 9.64044 (1 df)

Iteration 3:  6000000 integrand evaluations so far
[1] 7.42593 +- 1.71742  	chisq 10.6616 (2 df)

Iteration 4:  10000000 integrand evaluations so far
[1] 8.02479 +- 1.70257  	chisq 17.7242 (3 df)

Iteration 5:  15000000 integrand evaluations so far
[1] 8.08359 +- 1.70198  	chisq 19.4244 (4 df)

Iteration 6:  21000000 integrand evaluations so far
[1] 10.642 +- 1.60233  	chisq 39.303 (5 df)

Iteration 7:  28000000 integrand evaluations so far
[1] 15.1808 +- 1.45792  	chisq 85.9172 (6 df)

Iteration 8:  36000000 integrand evaluations so far
[1] 17.7552 +- 1.40119  	chisq 126.78 (7 df)

Iteration 9:  45000000 integrand evaluations so far
[1] 23.6807 +- 1.22131  	chisq 201.21 (8 df)

Iteration 10:  55000000 integrand evaluations so far
[1] 26.5502 +- 1.12778  	chisq 238.69 (9 df)
    26.6 ±    1.1        (1.73mi) ┃    39.8 ±    7.1        (35.7mi) ┃
┃   84 -    86 ┃   34 -    35 ┃ 10.2554 ±  0.007        (2.16mi) ┃ -8.6551 ± 0.0055        (6.33mi) ┃Vegas input parameters:
  ndim 10
  ncomp 1
  nvec 1
  epsrel 0
  epsabs 0
  flags 10
  seed 123456
  mineval 50000000
  maxeval 50000000
  nstart 1000000
  nincrease 1000000
  nbatch 5000
  gridno 0
  statefile ""

Iteration 1:  1000000 integrand evaluations so far
[1] -2.82209 +- 20.0701  	chisq 0 (0 df)

Iteration 2:  3000000 integrand evaluations so far
[1] 6.93055 +- 12.1137  	chisq 0.371442 (1 df)

Iteration 3:  6000000 integrand evaluations so far
[1] 6.0151 +- 9.4188  	chisq 0.385884 (2 df)

Iteration 4:  10000000 integrand evaluations so far
[1] 6.14514 +- 9.41793  	chisq 1.42002 (3 df)

Iteration 5:  15000000 integrand evaluations so far
[1] 6.89402 +- 9.36619  	chisq 1.99708 (4 df)

Iteration 6:  21000000 integrand evaluations so far
[1] 10.1156 +- 9.13413  	chisq 4.41457 (5 df)

Iteration 7:  28000000 integrand evaluations so far
[1] 10.0617 +- 9.13397  	chisq 5.41111 (6 df)

Iteration 8:  36000000 integrand evaluations so far
[1] 10.738 +- 6.31579  	chisq 5.42161 (7 df)

Iteration 9:  45000000 integrand evaluations so far
[1] 9.52811 +- 5.9992  	chisq 5.79708 (8 df)

Iteration 10:  55000000 integrand evaluations so far
[1] 10.4213 +- 5.58768  	chisq 5.96439 (9 df)
    10.4 ±    5.6        (3.48mi) ┃Vegas input parameters:
  ndim 8
  ncomp 1
  nvec 1
  epsrel 0
  epsabs 0
  flags 10
  seed 123456
  mineval 5000000
  maxeval 50000000
  nstart 1000000
  nincrease 1000000
  nbatch 5000
  gridno 0
  statefile ""

Iteration 1:  1000000 integrand evaluations so far
[1] 62.6494 +- 17.7331  	chisq 0 (0 df)

Iteration 2:  3000000 integrand evaluations so far
[1] 15.8523 +- 4.51505  	chisq 7.44689 (1 df)

Iteration 3:  6000000 integrand evaluations so far
[1] 16.8949 +- 4.27746  	chisq 7.96721 (2 df)

Iteration 4:  10000000 integrand evaluations so far
[1] 17.3239 +- 4.25415  	chisq 8.89291 (3 df)

Iteration 5:  15000000 integrand evaluations so far
[1] 18.8962 +- 3.82385  	chisq 9.60412 (4 df)

Iteration 6:  21000000 integrand evaluations so far
[1] 19.9372 +- 3.75657  	chisq 11.7286 (5 df)

Iteration 7:  28000000 integrand evaluations so far
[1] 22.0053 +- 3.63542  	chisq 16.5049 (6 df)

Iteration 8:  36000000 integrand evaluations so far
[1] 28.903 +- 2.60976  	chisq 23.9326 (7 df)

Iteration 9:  45000000 integrand evaluations so far
[1] 32.233 +- 2.27168  	chisq 30.6518 (8 df)

Iteration 10:  55000000 integrand evaluations so far
[1] 38.1645 +- 1.79502  	chisq 48.8017 (9 df)
    38.2 ±    1.8        (1.79mi) ┃    50.2 ±    5.9        (13.8mi) ┃
┃   84 -    86 ┃   35 -    36 ┃ 10.9336 ± 0.0091        (2.33mi) ┃ -9.3136 ±  0.009        (24.4mi) ┃Vegas input parameters:
  ndim 10
  ncomp 1
  nvec 1
  epsrel 0
  epsabs 0
  flags 10
  seed 123456
  mineval 50000000
  maxeval 50000000
  nstart 1000000
  nincrease 1000000
  nbatch 5000
  gridno 0
  statefile ""

Iteration 1:  1000000 integrand evaluations so far
[1] 217.255 +- 194.907  	chisq 0 (0 df)

Iteration 2:  3000000 integrand evaluations so far
[1] 214.084 +- 140.877  	chisq 0.000554294 (1 df)

Iteration 3:  6000000 integrand evaluations so far
[1] 129.917 +- 129.331  	chisq 2.27119 (2 df)

Iteration 4:  10000000 integrand evaluations so far
[1] -8.91105 +- 8.70045  	chisq 3.42868 (3 df)

Iteration 5:  15000000 integrand evaluations so far
[1] -9.62719 +- 8.65862  	chisq 4.13499 (4 df)

Iteration 6:  21000000 integrand evaluations so far
[1] -11.4772 +- 6.79826  	chisq 4.25402 (5 df)

Iteration 7:  28000000 integrand evaluations so far
[1] -9.31826 +- 6.61202  	chisq 6.12033 (6 df)

Iteration 8:  36000000 integrand evaluations so far
[1] -11.6155 +- 5.90278  	chisq 6.7149 (7 df)

Iteration 9:  45000000 integrand evaluations so far
[1] -12.0189 +- 5.74894  	chisq 6.80567 (8 df)

Iteration 10:  55000000 integrand evaluations so far
[1] -10.8945 +- 5.46214  	chisq 7.19889 (9 df)
   -10.9 ±    5.5        (3.47mi) ┃Vegas input parameters:
  ndim 8
  ncomp 1
  nvec 1
  epsrel 0
  epsabs 0
  flags 10
  seed 123456
  mineval 5000000
  maxeval 50000000
  nstart 1000000
  nincrease 1000000
  nbatch 5000
  gridno 0
  statefile ""

Iteration 1:  1000000 integrand evaluations so far
[1] 59.8978 +- 16.2733  	chisq 0 (0 df)

Iteration 2:  3000000 integrand evaluations so far
[1] 22.8679 +- 6.8576  	chisq 6.29592 (1 df)

Iteration 3:  6000000 integrand evaluations so far
[1] 25.512 +- 5.35975  	chisq 6.67795 (2 df)

Iteration 4:  10000000 integrand evaluations so far
[1] 28.3963 +- 4.49962  	chisq 7.65902 (3 df)

Iteration 5:  15000000 integrand evaluations so far
[1] 32.6616 +- 3.86513  	chisq 11.0868 (4 df)

Iteration 6:  21000000 integrand evaluations so far
[1] 35.7406 +- 3.28973  	chisq 13.3895 (5 df)

Iteration 7:  28000000 integrand evaluations so far
[1] 38.3823 +- 2.83331  	chisq 15.8867 (6 df)

Iteration 8:  36000000 integrand evaluations so far
[1] 39.1261 +- 1.38954  	chisq 15.9775 (7 df)

Iteration 9:  45000000 integrand evaluations so far
[1] 41.8209 +- 1.1129  	chisq 26.467 (8 df)

Iteration 10:  55000000 integrand evaluations so far
[1] 43.1482 +- 0.802599  	chisq 29.4311 (9 df)
   43.15 ±    0.8        (1.76mi) ┃    33.9 ±    5.5        (  32mi) ┃
┃   84 -    86 ┃   36 -    37 ┃ 14.4698 ±  0.009        (4.37mi) ┃ -12.364 ±  0.011        (3.24mi) ┃Vegas input parameters:
  ndim 10
  ncomp 1
  nvec 1
  epsrel 0
  epsabs 0
  flags 10
  seed 123456
  mineval 50000000
  maxeval 50000000
  nstart 1000000
  nincrease 1000000
  nbatch 5000
  gridno 0
  statefile ""

Iteration 1:  1000000 integrand evaluations so far
[1] -1368.1 +- 1454.31  	chisq 0 (0 df)

Iteration 2:  3000000 integrand evaluations so far
[1] -13.9877 +- 10.8126  	chisq 0.866998 (1 df)

Iteration 3:  6000000 integrand evaluations so far
[1] -2.47617 +- 7.02824  	chisq 2.82973 (2 df)

Iteration 4:  10000000 integrand evaluations so far
[1] -3.50521 +- 6.70224  	chisq 3.0663 (3 df)

Iteration 5:  15000000 integrand evaluations so far
[1] -6.20554 +- 5.75911  	chisq 3.68673 (4 df)

Iteration 6:  21000000 integrand evaluations so far
[1] -6.8422 +- 5.70068  	chisq 4.29205 (5 df)

Iteration 7:  28000000 integrand evaluations so far
[1] -4.1964 +- 5.49559  	chisq 7.34058 (6 df)

Iteration 8:  36000000 integrand evaluations so far
[1] -3.54204 +- 5.45358  	chisq 8.27145 (7 df)

Iteration 9:  45000000 integrand evaluations so far
[1] -3.23096 +- 5.42782  	chisq 8.6168 (8 df)

Iteration 10:  55000000 integrand evaluations so far
[1] -1.89333 +- 5.32388  	chisq 10.2178 (9 df)
    -1.9 ±    5.3        (3.44mi) ┃Vegas input parameters:
  ndim 8
  ncomp 1
  nvec 1
  epsrel 0
  epsabs 0
  flags 10
  seed 123456
  mineval 5000000
  maxeval 50000000
  nstart 1000000
  nincrease 1000000
  nbatch 5000
  gridno 0
  statefile ""

Iteration 1:  1000000 integrand evaluations so far
[1] 24.522 +- 9.84569  	chisq 0 (0 df)

Iteration 2:  3000000 integrand evaluations so far
[1] 8.03173 +- 3.11241  	chisq 3.11666 (1 df)

Iteration 3:  6000000 integrand evaluations so far
[1] 2.93021 +- 0.603526  	chisq 5.90824 (2 df)

Iteration 4:  10000000 integrand evaluations so far
[1] 3.26234 +- 0.590898  	chisq 13.2215 (3 df)

Iteration 5:  15000000 integrand evaluations so far
[1] 4.50593 +- 0.567807  	chisq 71.0246 (4 df)

Iteration 6:  21000000 integrand evaluations so far
[1] 6.80693 +- 0.534908  	chisq 216.968 (5 df)

Iteration 7:  28000000 integrand evaluations so far
[1] 7.64675 +- 0.527687  	chisq 308.892 (6 df)

Iteration 8:  36000000 integrand evaluations so far
[1] 9.90324 +- 0.505951  	chisq 535.518 (7 df)

Iteration 9:  45000000 integrand evaluations so far
[1] 18.1371 +- 0.414086  	chisq 1337.65 (8 df)

Iteration 10:  55000000 integrand evaluations so far
[1] 23.3842 +- 0.341332  	chisq 1838.61 (9 df)
   23.38 ±   0.34        (1.82mi) ┃    23.6 ±    5.3        (12.9mi) ┃
┃   84 -    86 ┃   37 -    38 ┃  12.862 ±  0.012        (2.35mi) ┃ -10.969 ± 0.0023        (24.7mi) ┃Vegas input parameters:
  ndim 10
  ncomp 1
  nvec 1
  epsrel 0
  epsabs 0
  flags 10
  seed 123456
  mineval 50000000
  maxeval 50000000
  nstart 1000000
  nincrease 1000000
  nbatch 5000
  gridno 0
  statefile ""

Iteration 1:  1000000 integrand evaluations so far
[1] 24.3981 +- 22.1567  	chisq 0 (0 df)

Iteration 2:  3000000 integrand evaluations so far
[1] 27.0254 +- 20.5689  	chisq 0.101755 (1 df)

Iteration 3:  6000000 integrand evaluations so far
[1] 23.1915 +- 20.2269  	chisq 1.15538 (2 df)

Iteration 4:  10000000 integrand evaluations so far
[1] 25.7709 +- 16.3706  	chisq 1.20252 (3 df)

Iteration 5:  15000000 integrand evaluations so far
[1] 24.0759 +- 16.266  	chisq 2.04365 (4 df)

Iteration 6:  21000000 integrand evaluations so far
[1] 19.7247 +- 10.6137  	chisq 2.16827 (5 df)

Iteration 7:  28000000 integrand evaluations so far
[1] 23.3276 +- 10.1172  	chisq 3.42954 (6 df)

Iteration 8:  36000000 integrand evaluations so far
[1] 25.28 +- 9.70225  	chisq 3.89302 (7 df)

Iteration 9:  45000000 integrand evaluations so far
[1] 18.5955 +- 8.49717  	chisq 5.9304 (8 df)

Iteration 10:  55000000 integrand evaluations so far
[1] 18.904 +- 8.42132  	chisq 6.00459 (9 df)
    18.9 ±    8.4        ( 3.5mi) ┃Vegas input parameters:
  ndim 8
  ncomp 1
  nvec 1
  epsrel 0
  epsabs 0
  flags 10
  seed 123456
  mineval 5000000
  maxeval 50000000
  nstart 1000000
  nincrease 1000000
  nbatch 5000
  gridno 0
  statefile ""

Iteration 1:  1000000 integrand evaluations so far
[1] 74.8926 +- 17.6631  	chisq 0 (0 df)

Iteration 2:  3000000 integrand evaluations so far
[1] 74.3392 +- 16.7524  	chisq 0.0097717 (1 df)

Iteration 3:  6000000 integrand evaluations so far
[1] 75.4074 +- 16.7054  	chisq 0.735767 (2 df)

Iteration 4:  10000000 integrand evaluations so far
[1] 23.9725 +- 4.22981  	chisq 10.865 (3 df)

Iteration 5:  15000000 integrand evaluations so far
[1] 25.2842 +- 4.0736  	chisq 12.1915 (4 df)

Iteration 6:  21000000 integrand evaluations so far
[1] 28.0386 +- 2.7863  	chisq 13.0506 (5 df)

Iteration 7:  28000000 integrand evaluations so far
[1] 31.7146 +- 2.41186  	chisq 19.993 (6 df)

Iteration 8:  36000000 integrand evaluations so far
[1] 36.4168 +- 1.98851  	chisq 31.8624 (7 df)

Iteration 9:  45000000 integrand evaluations so far
[1] 39.6619 +- 1.68087  	chisq 41.1907 (8 df)

Iteration 10:  55000000 integrand evaluations so far
[1] 43.377 +- 1.34216  	chisq 54.6701 (9 df)
    43.4 ±    1.3        (1.77mi) ┃    64.2 ±    8.5        (32.3mi) ┃
┃   84 -    86 ┃   38 -    39 ┃ 11.2056 ± 0.0035        (16.8mi) ┃ -9.4679 ± 0.0025        (49.1mi) ┃Vegas input parameters:
  ndim 10
  ncomp 1
  nvec 1
  epsrel 0
  epsabs 0
  flags 10
  seed 123456
  mineval 50000000
  maxeval 50000000
  nstart 1000000
  nincrease 1000000
  nbatch 5000
  gridno 0
  statefile ""

Iteration 1:  1000000 integrand evaluations so far
[1] -24.4543 +- 22.3171  	chisq 0 (0 df)

Iteration 2:  3000000 integrand evaluations so far
[1] -27.4298 +- 22.1592  	chisq 1.26001 (1 df)

Iteration 3:  6000000 integrand evaluations so far
[1] -19.8468 +- 12.6103  	chisq 1.4332 (2 df)

Iteration 4:  10000000 integrand evaluations so far
[1] -7.06436 +- 6.08822  	chisq 2.77299 (3 df)

Iteration 5:  15000000 integrand evaluations so far
[1] -4.78156 +- 5.87723  	chisq 4.83717 (4 df)

Iteration 6:  21000000 integrand evaluations so far
[1] -5.22871 +- 5.71015  	chisq 4.94045 (5 df)

Iteration 7:  28000000 integrand evaluations so far
[1] -3.5012 +- 5.55224  	chisq 6.61845 (6 df)

Iteration 8:  36000000 integrand evaluations so far
[1] -4.40407 +- 5.42985  	chisq 7.22494 (7 df)

Iteration 9:  45000000 integrand evaluations so far
[1] -2.59713 +- 5.21818  	chisq 8.67359 (8 df)

Iteration 10:  55000000 integrand evaluations so far
[1] -2.25695 +- 5.2102  	chisq 10.0634 (9 df)
    -2.3 ±    5.2        (3.49mi) ┃Vegas input parameters:
  ndim 8
  ncomp 1
  nvec 1
  epsrel 0
  epsabs 0
  flags 10
  seed 123456
  mineval 5000000
  maxeval 50000000
  nstart 1000000
  nincrease 1000000
  nbatch 5000
  gridno 0
  statefile ""

Iteration 1:  1000000 integrand evaluations so far
[1] 36.9664 +- 12.8917  	chisq 0 (0 df)

Iteration 2:  3000000 integrand evaluations so far
[1] 5.67929 +- 2.96357  	chisq 6.2186 (1 df)

Iteration 3:  6000000 integrand evaluations so far
[1] 3.46063 +- 1.24734  	chisq 6.89973 (2 df)

Iteration 4:  10000000 integrand evaluations so far
[1] 4.16331 +- 1.14673  	chisq 8.94972 (3 df)

Iteration 5:  15000000 integrand evaluations so far
[1] 5.04944 +- 1.09479  	chisq 15.6948 (4 df)

Iteration 6:  21000000 integrand evaluations so far
[1] 5.44588 +- 1.08594  	chisq 23.8324 (5 df)

Iteration 7:  28000000 integrand evaluations so far
[1] 5.46167 +- 1.08587  	chisq 25.6034 (6 df)

Iteration 8:  36000000 integrand evaluations so far
[1] 5.65458 +- 1.08308  	chisq 31.754 (7 df)

Iteration 9:  45000000 integrand evaluations so far
[1] 6.80803 +- 1.06445  	chisq 64.994 (8 df)

Iteration 10:  55000000 integrand evaluations so far
[1] 9.3036 +- 1.03115  	chisq 154.26 (9 df)
     9.3 ±      1        (1.78mi) ┃     8.8 ±    5.3        (1.19hr) ┃
┃   84 -    86 ┃   39 -    40 ┃ 11.0431 ± 0.0045        (8.45mi) ┃ -9.4012 ± 0.0058        (6.21mi) ┃Vegas input parameters:
  ndim 10
  ncomp 1
  nvec 1
  epsrel 0
  epsabs 0
  flags 10
  seed 123456
  mineval 50000000
  maxeval 50000000
  nstart 1000000
  nincrease 1000000
  nbatch 5000
  gridno 0
  statefile ""

Iteration 1:  1000000 integrand evaluations so far
[1] 44.8573 +- 27.9773  	chisq 0 (0 df)

Iteration 2:  3000000 integrand evaluations so far
[1] 47.2452 +- 27.8354  	chisq 0.719948 (1 df)

Iteration 3:  6000000 integrand evaluations so far
[1] 10.3945 +- 11.3791  	chisq 2.82428 (2 df)

Iteration 4:  10000000 integrand evaluations so far
[1] 9.20236 +- 11.072  	chisq 3.03039 (3 df)

Iteration 5:  15000000 integrand evaluations so far
[1] 7.86101 +- 9.29709  	chisq 3.08016 (4 df)

Iteration 6:  21000000 integrand evaluations so far
[1] 8.28578 +- 7.00007  	chisq 3.08498 (5 df)

Iteration 7:  28000000 integrand evaluations so far
[1] 4.01998 +- 6.09039  	chisq 4.6131 (6 df)

Iteration 8:  36000000 integrand evaluations so far
[1] 2.97355 +- 6.01594  	chisq 5.82803 (7 df)

Iteration 9:  45000000 integrand evaluations so far
[1] 3.88378 +- 5.03296  	chisq 5.90431 (8 df)

Iteration 10:  55000000 integrand evaluations so far
[1] 4.12344 +- 5.02933  	chisq 7.47731 (9 df)
     4.1 ±      5        (3.33mi) ┃Vegas input parameters:
  ndim 8
  ncomp 1
  nvec 1
  epsrel 0
  epsabs 0
  flags 10
  seed 123456
  mineval 5000000
  maxeval 50000000
  nstart 1000000
  nincrease 1000000
  nbatch 5000
  gridno 0
  statefile ""

Iteration 1:  1000000 integrand evaluations so far
[1] 72.8088 +- 18.6786  	chisq 0 (0 df)

Iteration 2:  3000000 integrand evaluations so far
[1] 15.5717 +- 4.09949  	chisq 9.86519 (1 df)

Iteration 3:  6000000 integrand evaluations so far
[1] 16.3767 +- 4.07368  	chisq 12.9376 (2 df)

Iteration 4:  10000000 integrand evaluations so far
[1] 17.2934 +- 4.03577  	chisq 15.6708 (3 df)

Iteration 5:  15000000 integrand evaluations so far
[1] 22.0127 +- 3.51401  	chisq 21.3248 (4 df)

Iteration 6:  21000000 integrand evaluations so far
[1] 27.7116 +- 2.44977  	chisq 26.4418 (5 df)

Iteration 7:  28000000 integrand evaluations so far
[1] 28.5313 +- 2.40892  	chisq 29.828 (6 df)

Iteration 8:  36000000 integrand evaluations so far
[1] 32.154 +- 2.12111  	chisq 39.8939 (7 df)

Iteration 9:  45000000 integrand evaluations so far
[1] 36.8477 +- 1.38594  	chisq 48.4384 (8 df)

Iteration 10:  55000000 integrand evaluations so far
[1] 41.0255 +- 0.958393  	chisq 65.8523 (9 df)
   41.03 ±   0.96        (1.78mi) ┃    46.8 ±    5.1        (19.8mi) ┃
┃   84 -    86 ┃   40 -    41 ┃ 13.6337 ± 0.0059        (1.26mi) ┃-11.6146 ± 0.0029        (25.5mi) ┃Vegas input parameters:
  ndim 10
  ncomp 1
  nvec 1
  epsrel 0
  epsabs 0
  flags 10
  seed 123456
  mineval 50000000
  maxeval 50000000
  nstart 1000000
  nincrease 1000000
  nbatch 5000
  gridno 0
  statefile ""

Iteration 1:  1000000 integrand evaluations so far
[1] -7.15908 +- 11.3472  	chisq 0 (0 df)

Iteration 2:  3000000 integrand evaluations so far
[1] -8.96914 +- 11.2038  	chisq 1.0133 (1 df)

Iteration 3:  6000000 integrand evaluations so far
[1] -11.3121 +- 7.73317  	chisq 1.09682 (2 df)

Iteration 4:  10000000 integrand evaluations so far
[1] -1.95234 +- 5.22314  	chisq 3.79064 (3 df)

Iteration 5:  15000000 integrand evaluations so far
[1] -2.78063 +- 4.75551  	chisq 3.93766 (4 df)

Iteration 6:  21000000 integrand evaluations so far
[1] -2.67246 +- 4.67885  	chisq 3.95384 (5 df)

Iteration 7:  28000000 integrand evaluations so far
[1] -2.30649 +- 4.66665  	chisq 5.12873 (6 df)

Iteration 8:  36000000 integrand evaluations so far
[1] -1.55735 +- 4.63673  	chisq 7.14474 (7 df)

Iteration 9:  45000000 integrand evaluations so far
[1] -1.41136 +- 4.35881  	chisq 7.15327 (8 df)

Iteration 10:  55000000 integrand evaluations so far
[1] -1.06012 +- 4.34564  	chisq 8.22962 (9 df)
    -1.1 ±    4.3        (3.42mi) ┃Vegas input parameters:
  ndim 8
  ncomp 1
  nvec 1
  epsrel 0
  epsabs 0
  flags 10
  seed 123456
  mineval 5000000
  maxeval 50000000
  nstart 1000000
  nincrease 1000000
  nbatch 5000
  gridno 0
  statefile ""

Iteration 1:  1000000 integrand evaluations so far
[1] 35.1658 +- 10.6044  	chisq 0 (0 df)

Iteration 2:  3000000 integrand evaluations so far
[1] 11.2862 +- 4.13821  	chisq 5.98178 (1 df)

Iteration 3:  6000000 integrand evaluations so far
[1] 12.7448 +- 3.6619  	chisq 6.5544 (2 df)

Iteration 4:  10000000 integrand evaluations so far
[1] 13.4822 +- 3.62086  	chisq 8.37388 (3 df)

Iteration 5:  15000000 integrand evaluations so far
[1] 15.5953 +- 3.48833  	chisq 13.1126 (4 df)

Iteration 6:  21000000 integrand evaluations so far
[1] 17.7046 +- 3.2982  	chisq 16.561 (5 df)

Iteration 7:  28000000 integrand evaluations so far
[1] 19.7411 +- 3.19722  	chisq 22.8846 (6 df)

Iteration 8:  36000000 integrand evaluations so far
[1] 27.693 +- 2.36368  	chisq 36.526 (7 df)

Iteration 9:  45000000 integrand evaluations so far
[1] 31.9347 +- 1.21949  	chisq 40.9146 (8 df)

Iteration 10:  55000000 integrand evaluations so far
[1] 34.4706 +- 0.728509  	chisq 47.6383 (9 df)
   34.47 ±   0.73        (1.75mi) ┃    35.4 ±    4.4        (  32mi) ┃
┃   84 -    86 ┃   41 -    42 ┃  14.839 ±  0.011        ( 2.1mi) ┃-12.5818 ± 0.0097        (12.7mi) ┃Vegas input parameters:
  ndim 10
  ncomp 1
  nvec 1
  epsrel 0
  epsabs 0
  flags 10
  seed 123456
  mineval 50000000
  maxeval 50000000
  nstart 1000000
  nincrease 1000000
  nbatch 5000
  gridno 0
  statefile ""

Iteration 1:  1000000 integrand evaluations so far
[1] -186.318 +- 130.741  	chisq 0 (0 df)

Iteration 2:  3000000 integrand evaluations so far
[1] -13.0215 +- 14.3264  	chisq 1.77828 (1 df)

Iteration 3:  6000000 integrand evaluations so far
[1] -2.63356 +- 10.9217  	chisq 3.03361 (2 df)

Iteration 4:  10000000 integrand evaluations so far
[1] -8.19986 +- 5.45053  	chisq 3.3795 (3 df)

Iteration 5:  15000000 integrand evaluations so far
[1] -7.80109 +- 5.43446  	chisq 4.28835 (4 df)

Iteration 6:  21000000 integrand evaluations so far
[1] -4.83274 +- 5.09742  	chisq 6.77062 (5 df)

Iteration 7:  28000000 integrand evaluations so far
[1] -4.8429 +- 5.0974  	chisq 7.34939 (6 df)

Iteration 8:  36000000 integrand evaluations so far
[1] -7.24354 +- 3.61823  	chisq 7.79642 (7 df)

Iteration 9:  45000000 integrand evaluations so far
[1] -7.38249 +- 3.53315  	chisq 7.82816 (8 df)

Iteration 10:  55000000 integrand evaluations so far
[1] -7.08613 +- 3.50008  	chisq 8.20572 (9 df)
    -7.1 ±    3.5        (3.47mi) ┃Vegas input parameters:
  ndim 8
  ncomp 1
  nvec 1
  epsrel 0
  epsabs 0
  flags 10
  seed 123456
  mineval 5000000
  maxeval 50000000
  nstart 1000000
  nincrease 1000000
  nbatch 5000
  gridno 0
  statefile ""

Iteration 1:  1000000 integrand evaluations so far
[1] 59.6414 +- 15.6442  	chisq 0 (0 df)

Iteration 2:  3000000 integrand evaluations so far
[1] 52.2206 +- 11.8813  	chisq 0.531676 (1 df)

Iteration 3:  6000000 integrand evaluations so far
[1] 15.912 +- 2.74593  	chisq 10.3974 (2 df)

Iteration 4:  10000000 integrand evaluations so far
[1] 18.3415 +- 2.48799  	chisq 14.7696 (3 df)

Iteration 5:  15000000 integrand evaluations so far
[1] 20.9831 +- 2.10782  	chisq 18.7634 (4 df)

Iteration 6:  21000000 integrand evaluations so far
[1] 25.6577 +- 1.31707  	chisq 26.8323 (5 df)

Iteration 7:  28000000 integrand evaluations so far
[1] 26.4883 +- 1.23962  	chisq 30.3162 (6 df)

Iteration 8:  36000000 integrand evaluations so far
[1] 26.5496 +- 1.23835  	chisq 31.5068 (7 df)

Iteration 9:  45000000 integrand evaluations so far
[1] 26.5657 +- 1.23827  	chisq 32.7793 (8 df)

Iteration 10:  55000000 integrand evaluations so far
[1] 27.1616 +- 1.22039  	chisq 40.8583 (9 df)
    27.2 ±    1.2        ( 1.8mi) ┃    22.3 ±    3.7        (20.1mi) ┃
┃   84 -    86 ┃   42 -    43 ┃ 12.2417 ± 0.0087        (2.57mi) ┃-10.3301 ± 0.0078        (18.9mi) ┃Vegas input parameters:
  ndim 10
  ncomp 1
  nvec 1
  epsrel 0
  epsabs 0
  flags 10
  seed 123456
  mineval 50000000
  maxeval 50000000
  nstart 1000000
  nincrease 1000000
  nbatch 5000
  gridno 0
  statefile ""

Iteration 1:  1000000 integrand evaluations so far
[1] 0.221499 +- 12.1455  	chisq 0 (0 df)

Iteration 2:  3000000 integrand evaluations so far
[1] -5.16077 +- 6.7119  	chisq 0.282721 (1 df)

Iteration 3:  6000000 integrand evaluations so far
[1] -5.49018 +- 6.66591  	chisq 0.459074 (2 df)

Iteration 4:  10000000 integrand evaluations so far
[1] -2.76366 +- 4.96021  	chisq 0.833945 (3 df)

Iteration 5:  15000000 integrand evaluations so far
[1] -2.95357 +- 4.95209  	chisq 1.28219 (4 df)

Iteration 6:  21000000 integrand evaluations so far
[1] -3.30439 +- 4.84058  	chisq 1.39489 (5 df)

Iteration 7:  28000000 integrand evaluations so far
[1] -2.98801 +- 4.72139  	chisq 1.48272 (6 df)

Iteration 8:  36000000 integrand evaluations so far
[1] 0.329248 +- 4.23386  	chisq 4.00316 (7 df)

Iteration 9:  45000000 integrand evaluations so far
[1] 0.846797 +- 4.21925  	chisq 6.17328 (8 df)

Iteration 10:  55000000 integrand evaluations so far
[1] 1.32133 +- 4.21149  	chisq 9.61439 (9 df)
     1.3 ±    4.2        (3.47mi) ┃Vegas input parameters:
  ndim 8
  ncomp 1
  nvec 1
  epsrel 0
  epsabs 0
  flags 10
  seed 123456
  mineval 5000000
  maxeval 50000000
  nstart 1000000
  nincrease 1000000
  nbatch 5000
  gridno 0
  statefile ""

Iteration 1:  1000000 integrand evaluations so far
[1] 66.6208 +- 17.228  	chisq 0 (0 df)

Iteration 2:  3000000 integrand evaluations so far
[1] 47.8258 +- 11.252  	chisq 2.07553 (1 df)

Iteration 3:  6000000 integrand evaluations so far
[1] 17.3357 +- 3.3822  	chisq 10.1476 (2 df)

Iteration 4:  10000000 integrand evaluations so far
[1] 20.4525 +- 2.88976  	chisq 13.2929 (3 df)

Iteration 5:  15000000 integrand evaluations so far
[1] 24.9205 +- 2.25082  	chisq 19.3709 (4 df)

Iteration 6:  21000000 integrand evaluations so far
[1] 29.1591 +- 1.92566  	chisq 32.6 (5 df)

Iteration 7:  28000000 integrand evaluations so far
[1] 32.9908 +- 1.62227  	chisq 46.2394 (6 df)

Iteration 8:  36000000 integrand evaluations so far
[1] 36.9182 +- 1.04649  	chisq 56.2772 (7 df)

Iteration 9:  45000000 integrand evaluations so far
[1] 38.7185 +- 0.871079  	chisq 65.913 (8 df)

Iteration 10:  55000000 integrand evaluations so far
[1] 39.1334 +- 0.851303  	chisq 70.9668 (9 df)
   39.13 ±   0.85        (1.72mi) ┃    42.4 ±    4.3        (26.7mi) ┃
┃   84 -    86 ┃   43 -    44 ┃ 11.4418 ± 0.0042        (4.61mi) ┃   -9.68 ± 0.0064        (24.9mi) ┃Vegas input parameters:
  ndim 10
  ncomp 1
  nvec 1
  epsrel 0
  epsabs 0
  flags 10
  seed 123456
  mineval 50000000
  maxeval 50000000
  nstart 1000000
  nincrease 1000000
  nbatch 5000
  gridno 0
  statefile ""

Iteration 1:  1000000 integrand evaluations so far
[1] 8.7582 +- 23.4237  	chisq 0 (0 df)

Iteration 2:  3000000 integrand evaluations so far
[1] -9.94022 +- 9.17507  	chisq 0.752721 (1 df)

Iteration 3:  6000000 integrand evaluations so far
[1] -7.65929 +- 8.94678  	chisq 2.01033 (2 df)

Iteration 4:  10000000 integrand evaluations so far
[1] -1.70888 +- 8.34115  	chisq 5.39207 (3 df)

Iteration 5:  15000000 integrand evaluations so far
[1] -0.900944 +- 7.82939  	chisq 5.47095 (4 df)

Iteration 6:  21000000 integrand evaluations so far
[1] -1.97341 +- 7.7947  	chisq 7.5933 (5 df)

Iteration 7:  28000000 integrand evaluations so far
[1] -2.21714 +- 7.71987  	chisq 7.64446 (6 df)

Iteration 8:  36000000 integrand evaluations so far
[1] -4.94178 +- 7.48992  	chisq 9.76702 (7 df)

Iteration 9:  45000000 integrand evaluations so far
[1] -3.03219 +- 7.10353  	chisq 10.4137 (8 df)

Iteration 10:  55000000 integrand evaluations so far
[1] -4.55388 +- 6.74267  	chisq 10.8772 (9 df)
    -4.6 ±    6.7        (3.41mi) ┃Vegas input parameters:
  ndim 8
  ncomp 1
  nvec 1
  epsrel 0
  epsabs 0
  flags 10
  seed 123456
  mineval 5000000
  maxeval 50000000
  nstart 1000000
  nincrease 1000000
  nbatch 5000
  gridno 0
  statefile ""

Iteration 1:  1000000 integrand evaluations so far
[1] 34.9788 +- 12.1133  	chisq 0 (0 df)

Iteration 2:  3000000 integrand evaluations so far
[1] 2.08998 +- 1.2772  	chisq 7.45471 (1 df)

Iteration 3:  6000000 integrand evaluations so far
[1] 2.23159 +- 1.27427  	chisq 10.1387 (2 df)

Iteration 4:  10000000 integrand evaluations so far
[1] 2.68135 +- 1.24574  	chisq 12.9515 (3 df)

Iteration 5:  15000000 integrand evaluations so far
[1] 4.29301 +- 1.15148  	chisq 24.4474 (4 df)

Iteration 6:  21000000 integrand evaluations so far
[1] 4.75131 +- 1.14237  	chisq 34.4994 (5 df)

Iteration 7:  28000000 integrand evaluations so far
[1] 5.76247 +- 1.12174  	chisq 56.3884 (6 df)

Iteration 8:  36000000 integrand evaluations so far
[1] 6.57467 +- 1.11146  	chisq 85.1082 (7 df)

Iteration 9:  45000000 integrand evaluations so far
[1] 10.6462 +- 1.03819  	chisq 190.361 (8 df)

Iteration 10:  55000000 integrand evaluations so far
[1] 21.6971 +- 0.770921  	chisq 442.93 (9 df)
    21.7 ±   0.77        (1.74mi) ┃    18.9 ±    6.8        (34.6mi) ┃
┃   84 -    86 ┃   44 -    45 ┃ 13.1101 ± 0.0037        (4.28mi) ┃  -11.11 ±   0.01        (6.54mi) ┃Vegas input parameters:
  ndim 10
  ncomp 1
  nvec 1
  epsrel 0
  epsabs 0
  flags 10
  seed 123456
  mineval 50000000
  maxeval 50000000
  nstart 1000000
  nincrease 1000000
  nbatch 5000
  gridno 0
  statefile ""

Iteration 1:  1000000 integrand evaluations so far
[1] -92.9454 +- 82.6297  	chisq 0 (0 df)

Iteration 2:  3000000 integrand evaluations so far
[1] -57.869 +- 53.8793  	chisq 0.313492 (1 df)

Iteration 3:  6000000 integrand evaluations so far
[1] -21.9811 +- 11.9418  	chisq 0.780075 (2 df)

Iteration 4:  10000000 integrand evaluations so far
[1] -10.7248 +- 7.52417  	chisq 2.25349 (3 df)

Iteration 5:  15000000 integrand evaluations so far
[1] -6.06794 +- 4.86353  	chisq 2.91146 (4 df)

Iteration 6:  21000000 integrand evaluations so far
[1] -6.75043 +- 4.11073  	chisq 2.9804 (5 df)

Iteration 7:  28000000 integrand evaluations so far
[1] -5.24987 +- 4.02623  	chisq 6.25525 (6 df)

Iteration 8:  36000000 integrand evaluations so far
[1] -5.13567 +- 4.01481  	chisq 6.39718 (7 df)

Iteration 9:  45000000 integrand evaluations so far
[1] -5.19794 +- 3.98535  	chisq 6.41363 (8 df)

Iteration 10:  55000000 integrand evaluations so far
[1] -4.61157 +- 3.8828  	chisq 6.83978 (9 df)
    -4.6 ±    3.9        (3.42mi) ┃Vegas input parameters:
  ndim 8
  ncomp 1
  nvec 1
  epsrel 0
  epsabs 0
  flags 10
  seed 123456
  mineval 5000000
  maxeval 50000000
  nstart 1000000
  nincrease 1000000
  nbatch 5000
  gridno 0
  statefile ""

Iteration 1:  1000000 integrand evaluations so far
[1] 73.639 +- 17.5855  	chisq 0 (0 df)

Iteration 2:  3000000 integrand evaluations so far
[1] 72.4811 +- 15.8808  	chisq 0.023499 (1 df)

Iteration 3:  6000000 integrand evaluations so far
[1] 22.9307 +- 4.23013  	chisq 10.5023 (2 df)

Iteration 4:  10000000 integrand evaluations so far
[1] 20.6585 +- 1.97811  	chisq 10.8716 (3 df)

Iteration 5:  15000000 integrand evaluations so far
[1] 21.0476 +- 1.9664  	chisq 14.1482 (4 df)

Iteration 6:  21000000 integrand evaluations so far
[1] 23.878 +- 1.73482  	chisq 23.4946 (5 df)

Iteration 7:  28000000 integrand evaluations so far
[1] 28.4436 +- 1.43305  	chisq 45.299 (6 df)

Iteration 8:  36000000 integrand evaluations so far
[1] 33.348 +- 1.01624  	chisq 68.8606 (7 df)

Iteration 9:  45000000 integrand evaluations so far
[1] 35.8714 +- 0.676349  	chisq 79.9285 (8 df)

Iteration 10:  55000000 integrand evaluations so far
[1] 35.8922 +- 0.676143  	chisq 81.4856 (9 df)
   35.89 ±   0.68        (1.74mi) ┃    33.3 ±    3.9        (  16mi) ┃
┃   84 -    86 ┃   45 -    46 ┃ 11.6969 ± 0.0026        (2.98mi) ┃ -9.9943 ± 0.0013        (1.71hr) ┃Vegas input parameters:
  ndim 10
  ncomp 1
  nvec 1
  epsrel 0
  epsabs 0
  flags 10
  seed 123456
  mineval 50000000
  maxeval 50000000
  nstart 1000000
  nincrease 1000000
  nbatch 5000
  gridno 0
  statefile ""

Iteration 1:  1000000 integrand evaluations so far
[1] -27.2981 +- 39.1355  	chisq 0 (0 df)

Iteration 2:  3000000 integrand evaluations so far
[1] -21.4739 +- 15.7019  	chisq 0.0263972 (1 df)

Iteration 3:  6000000 integrand evaluations so far
[1] -12.4138 +- 9.45558  	chisq 0.548759 (2 df)

Iteration 4:  10000000 integrand evaluations so far
[1] -15.0112 +- 9.25923  	chisq 2.38471 (3 df)

Iteration 5:  15000000 integrand evaluations so far
[1] -10.4588 +- 7.89229  	chisq 3.26868 (4 df)

Iteration 6:  21000000 integrand evaluations so far
[1] -12.6744 +- 7.22544  	chisq 3.75561 (5 df)

Iteration 7:  28000000 integrand evaluations so far
[1] -8.47977 +- 6.91616  	chisq 7.77852 (6 df)

Iteration 8:  36000000 integrand evaluations so far
[1] -7.03627 +- 6.86205  	chisq 10.573 (7 df)

Iteration 9:  45000000 integrand evaluations so far
[1] -4.95606 +- 6.69335  	chisq 12.4654 (8 df)

Iteration 10:  55000000 integrand evaluations so far
[1] -3.7996 +- 6.58112  	chisq 13.3631 (9 df)
    -3.8 ±    6.6        (3.46mi) ┃Vegas input parameters:
  ndim 8
  ncomp 1
  nvec 1
  epsrel 0
  epsabs 0
  flags 10
  seed 123456
  mineval 5000000
  maxeval 50000000
  nstart 1000000
  nincrease 1000000
  nbatch 5000
  gridno 0
  statefile ""

Iteration 1:  1000000 integrand evaluations so far
[1] 24.4288 +- 8.41158  	chisq 0 (0 df)

Iteration 2:  3000000 integrand evaluations so far
[1] 1.00813 +- 0.447492  	chisq 7.77456 (1 df)

Iteration 3:  6000000 integrand evaluations so far
[1] 1.28669 +- 0.397041  	chisq 9.5958 (2 df)

Iteration 4:  10000000 integrand evaluations so far
[1] 1.34358 +- 0.396036  	chisq 13.6599 (3 df)

Iteration 5:  15000000 integrand evaluations so far
[1] 1.36994 +- 0.395902  	chisq 20.2125 (4 df)

Iteration 6:  21000000 integrand evaluations so far
[1] 1.80332 +- 0.390974  	chisq 68.6415 (5 df)

Iteration 7:  28000000 integrand evaluations so far
[1] 1.95607 +- 0.390034  	chisq 100.442 (6 df)

Iteration 8:  36000000 integrand evaluations so far
[1] 2.06046 +- 0.389556  	chisq 129.667 (7 df)

Iteration 9:  45000000 integrand evaluations so far
[1] 2.39152 +- 0.38804  	chisq 222.618 (8 df)

Iteration 10:  55000000 integrand evaluations so far
[1] 2.62938 +- 0.386964  	chisq 290.463 (9 df)
    2.63 ±   0.39        (1.76mi) ┃     0.5 ±    6.6        (1.85hr) ┃
┃   84 -    86 ┃   46 -    47 ┃ 12.1042 ± 0.0022        (33.5mi) ┃-10.1948 ± 0.0098        (  26mi) ┃Vegas input parameters:
  ndim 10
  ncomp 1
  nvec 1
  epsrel 0
  epsabs 0
  flags 10
  seed 123456
  mineval 50000000
  maxeval 50000000
  nstart 1000000
  nincrease 1000000
  nbatch 5000
  gridno 0
  statefile ""

Iteration 1:  1000000 integrand evaluations so far
[1] 66.8254 +- 71.0702  	chisq 0 (0 df)

Iteration 2:  3000000 integrand evaluations so far
[1] -2.72393 +- 20.591  	chisq 1.04541 (1 df)

Iteration 3:  6000000 integrand evaluations so far
[1] 2.1489 +- 10.8308  	chisq 1.12284 (2 df)

Iteration 4:  10000000 integrand evaluations so far
[1] 2.3349 +- 10.0165  	chisq 1.12488 (3 df)

Iteration 5:  15000000 integrand evaluations so far
[1] 2.58196 +- 9.82909  	chisq 1.14129 (4 df)

Iteration 6:  21000000 integrand evaluations so far
[1] 4.72647 +- 9.48752  	chisq 1.83829 (5 df)

Iteration 7:  28000000 integrand evaluations so far
[1] 7.54825 +- 8.25498  	chisq 2.2024 (6 df)

Iteration 8:  36000000 integrand evaluations so far
[1] 4.57932 +- 7.65067  	chisq 3.11945 (7 df)

Iteration 9:  45000000 integrand evaluations so far
[1] 3.09606 +- 7.53143  	chisq 4.33475 (8 df)

Iteration 10:  55000000 integrand evaluations so far
[1] 0.487998 +- 7.27431  	chisq 6.12154 (9 df)
     0.5 ±    7.3        (3.31mi) ┃Vegas input parameters:
  ndim 8
  ncomp 1
  nvec 1
  epsrel 0
  epsabs 0
  flags 10
  seed 123456
  mineval 5000000
  maxeval 50000000
  nstart 1000000
  nincrease 1000000
  nbatch 5000
  gridno 0
  statefile ""

Iteration 1:  1000000 integrand evaluations so far
[1] 21.6126 +- 8.94812  	chisq 0 (0 df)

Iteration 2:  3000000 integrand evaluations so far
[1] 0.704979 +- 0.330678  	chisq 5.46685 (1 df)

Iteration 3:  6000000 integrand evaluations so far
[1] 0.909326 +- 0.314493  	chisq 9.46585 (2 df)

Iteration 4:  10000000 integrand evaluations so far
[1] 0.913054 +- 0.314482  	chisq 11.4025 (3 df)

Iteration 5:  15000000 integrand evaluations so far
[1] 0.959264 +- 0.314059  	chisq 19.4316 (4 df)

Iteration 6:  21000000 integrand evaluations so far
[1] 1.29609 +- 0.310545  	chisq 71.1158 (5 df)

Iteration 7:  28000000 integrand evaluations so far
[1] 1.43881 +- 0.309718  	chisq 110.83 (6 df)

Iteration 8:  36000000 integrand evaluations so far
[1] 1.47498 +- 0.309615  	chisq 131.454 (7 df)

Iteration 9:  45000000 integrand evaluations so far
[1] 1.88787 +- 0.307668  	chisq 273.317 (8 df)

Iteration 10:  55000000 integrand evaluations so far
[1] 2.98174 +- 0.30311  	chisq 703.064 (9 df)
    2.98 ±    0.3        (1.74mi) ┃     5.4 ±    7.3        (1.08hr) ┃
┃   84 -    86 ┃   47 -    48 ┃ 10.3792 ± 0.0053        (4.26mi) ┃ -8.7689 ± 0.0037        (6.58mi) ┃Vegas input parameters:
  ndim 10
  ncomp 1
  nvec 1
  epsrel 0
  epsabs 0
  flags 10
  seed 123456
  mineval 50000000
  maxeval 50000000
  nstart 1000000
  nincrease 1000000
  nbatch 5000
  gridno 0
  statefile ""

Iteration 1:  1000000 integrand evaluations so far
[1] -37.7548 +- 39.9085  	chisq 0 (0 df)

Iteration 2:  3000000 integrand evaluations so far
[1] 10.9318 +- 13.4042  	chisq 1.67753 (1 df)

Iteration 3:  6000000 integrand evaluations so far
[1] -2.19159 +- 7.98095  	chisq 3.16252 (2 df)

Iteration 4:  10000000 integrand evaluations so far
[1] -3.62926 +- 7.71044  	chisq 3.64946 (3 df)

Iteration 5:  15000000 integrand evaluations so far
[1] 1.31934 +- 6.72065  	chisq 5.3639 (4 df)

Iteration 6:  21000000 integrand evaluations so far
[1] 1.56529 +- 6.71583  	chisq 6.29918 (5 df)

Iteration 7:  28000000 integrand evaluations so far
[1] 0.483897 +- 6.60515  	chisq 7.09232 (6 df)

Iteration 8:  36000000 integrand evaluations so far
[1] 0.751593 +- 6.60095  	chisq 8.38452 (7 df)

Iteration 9:  45000000 integrand evaluations so far
[1] -0.238616 +- 6.29966  	chisq 8.63678 (8 df)

Iteration 10:  55000000 integrand evaluations so far
[1] -5.00534 +- 5.25432  	chisq 10.5181 (9 df)
      -5 ±    5.3        (3.44mi) ┃Vegas input parameters:
  ndim 8
  ncomp 1
  nvec 1
  epsrel 0
  epsabs 0
  flags 10
  seed 123456
  mineval 5000000
  maxeval 50000000
  nstart 1000000
  nincrease 1000000
  nbatch 5000
  gridno 0
  statefile ""

Iteration 1:  1000000 integrand evaluations so far
[1] 41.2758 +- 12.4223  	chisq 0 (0 df)

Iteration 2:  3000000 integrand evaluations so far
[1] 11.7616 +- 4.03005  	chisq 6.30891 (1 df)

Iteration 3:  6000000 integrand evaluations so far
[1] 11.0005 +- 3.06283  	chisq 6.39336 (2 df)

Iteration 4:  10000000 integrand evaluations so far
[1] 12.1694 +- 2.45463  	chisq 6.80056 (3 df)

Iteration 5:  15000000 integrand evaluations so far
[1] 13.986 +- 2.13061  	chisq 9.02183 (4 df)

Iteration 6:  21000000 integrand evaluations so far
[1] 18.6734 +- 1.58287  	chisq 19.8236 (5 df)

Iteration 7:  28000000 integrand evaluations so far
[1] 21.2786 +- 1.41498  	chisq 33.3088 (6 df)

Iteration 8:  36000000 integrand evaluations so far
[1] 25.0925 +- 1.16825  	chisq 56.13 (7 df)

Iteration 9:  45000000 integrand evaluations so far
[1] 26.6598 +- 1.10808  	chisq 74.0645 (8 df)

Iteration 10:  55000000 integrand evaluations so far
[1] 27.4033 +- 1.07724  	chisq 82.2659 (9 df)
    27.4 ±    1.1        (1.77mi) ┃      24 ±    5.4        (16.1mi) ┃
┃   84 -    86 ┃   48 -    49 ┃ 11.2076 ± 0.0022        (16.6mi) ┃ -9.5466 ± 0.0086        (13.3mi) ┃Vegas input parameters:
  ndim 10
  ncomp 1
  nvec 1
  epsrel 0
  epsabs 0
  flags 10
  seed 123456
  mineval 50000000
  maxeval 50000000
  nstart 1000000
  nincrease 1000000
  nbatch 5000
  gridno 0
  statefile ""

Iteration 1:  1000000 integrand evaluations so far
[1] 3.8482 +- 11.4599  	chisq 0 (0 df)

Iteration 2:  3000000 integrand evaluations so far
[1] 2.02097 +- 11.3588  	chisq 1.44743 (1 df)

Iteration 3:  6000000 integrand evaluations so far
[1] 2.04893 +- 11.3588  	chisq 2.39142 (2 df)

Iteration 4:  10000000 integrand evaluations so far
[1] 4.15204 +- 10.9628  	chisq 2.89192 (3 df)

Iteration 5:  15000000 integrand evaluations so far
[1] -2.82773 +- 8.17611  	chisq 3.80533 (4 df)

Iteration 6:  21000000 integrand evaluations so far
[1] 1.57103 +- 6.2102  	chisq 4.48947 (5 df)

Iteration 7:  28000000 integrand evaluations so far
[1] -0.747064 +- 5.59277  	chisq 5.22685 (6 df)

Iteration 8:  36000000 integrand evaluations so far
[1] -0.556137 +- 5.5897  	chisq 6.28845 (7 df)

Iteration 9:  45000000 integrand evaluations so far
[1] -2.69135 +- 5.21522  	chisq 7.41521 (8 df)

Iteration 10:  55000000 integrand evaluations so far
[1] -3.44571 +- 4.25554  	chisq 7.47782 (9 df)
    -3.4 ±    4.3        (3.47mi) ┃Vegas input parameters:
  ndim 8
  ncomp 1
  nvec 1
  epsrel 0
  epsabs 0
  flags 10
  seed 123456
  mineval 5000000
  maxeval 50000000
  nstart 1000000
  nincrease 1000000
  nbatch 5000
  gridno 0
  statefile ""

Iteration 1:  1000000 integrand evaluations so far
[1] 47.7871 +- 13.1074  	chisq 0 (0 df)

Iteration 2:  3000000 integrand evaluations so far
[1] 2.63569 +- 0.803677  	chisq 11.9109 (1 df)

Iteration 3:  6000000 integrand evaluations so far
[1] 2.65592 +- 0.803486  	chisq 13.2414 (2 df)

Iteration 4:  10000000 integrand evaluations so far
[1] 2.84688 +- 0.795822  	chisq 16.2169 (3 df)

Iteration 5:  15000000 integrand evaluations so far
[1] 2.86203 +- 0.795714  	chisq 17.5528 (4 df)

Iteration 6:  21000000 integrand evaluations so far
[1] 3.54746 +- 0.769181  	chisq 28.8677 (5 df)

Iteration 7:  28000000 integrand evaluations so far
[1] 5.29966 +- 0.716491  	chisq 68.088 (6 df)

Iteration 8:  36000000 integrand evaluations so far
[1] 5.39347 +- 0.715377  	chisq 73.6059 (7 df)

Iteration 9:  45000000 integrand evaluations so far
[1] 5.41393 +- 0.715259  	chisq 76.0979 (8 df)

Iteration 10:  55000000 integrand evaluations so far
[1] 5.58759 +- 0.713375  	chisq 87.3013 (9 df)
    5.59 ±   0.71        (1.72mi) ┃     3.8 ±    4.3        (35.1mi) ┃
┃   84 -    86 ┃   49 -    50 ┃  13.913 ±   0.01        (2.42mi) ┃-11.7485 ± 0.0046        (1.66mi) ┃Vegas input parameters:
  ndim 10
  ncomp 1
  nvec 1
  epsrel 0
  epsabs 0
  flags 10
  seed 123456
  mineval 50000000
  maxeval 50000000
  nstart 1000000
  nincrease 1000000
  nbatch 5000
  gridno 0
  statefile ""

Iteration 1:  1000000 integrand evaluations so far
[1] -20.9852 +- 30.5694  	chisq 0 (0 df)

Iteration 2:  3000000 integrand evaluations so far
[1] 4.76299 +- 19.6512  	chisq 1.2091 (1 df)

Iteration 3:  6000000 integrand evaluations so far
[1] -9.09152 +- 17.8105  	chisq 3.99267 (2 df)

Iteration 4:  10000000 integrand evaluations so far
[1] 2.9837 +- 5.14001  	chisq 4.4941 (3 df)

Iteration 5:  15000000 integrand evaluations so far
[1] 3.49672 +- 5.11846  	chisq 5.68479 (4 df)

Iteration 6:  21000000 integrand evaluations so far
[1] 4.98944 +- 4.7251  	chisq 6.26024 (5 df)

Iteration 7:  28000000 integrand evaluations so far
[1] 5.42211 +- 4.59044  	chisq 6.40947 (6 df)

Iteration 8:  36000000 integrand evaluations so far
[1] 5.68575 +- 4.57982  	chisq 7.12319 (7 df)

Iteration 9:  45000000 integrand evaluations so far
[1] 6.53848 +- 4.46327  	chisq 7.8131 (8 df)

Iteration 10:  55000000 integrand evaluations so far
[1] 6.77859 +- 4.34021  	chisq 7.86632 (9 df)
     6.8 ±    4.3        (3.39mi) ┃Vegas input parameters:
  ndim 8
  ncomp 1
  nvec 1
  epsrel 0
  epsabs 0
  flags 10
  seed 123456
  mineval 5000000
  maxeval 50000000
  nstart 1000000
  nincrease 1000000
  nbatch 5000
  gridno 0
  statefile ""

Iteration 1:  1000000 integrand evaluations so far
[1] 26.0724 +- 9.52577  	chisq 0 (0 df)

Iteration 2:  3000000 integrand evaluations so far
[1] 1.17823 +- 0.34496  	chisq 6.83857 (1 df)

Iteration 3:  6000000 integrand evaluations so far
[1] 1.18766 +- 0.344906  	chisq 9.20072 (2 df)

Iteration 4:  10000000 integrand evaluations so far
[1] 1.34453 +- 0.342657  	chisq 25.1124 (3 df)

Iteration 5:  15000000 integrand evaluations so far
[1] 1.34951 +- 0.342642  	chisq 27.6273 (4 df)

Iteration 6:  21000000 integrand evaluations so far
[1] 1.36866 +- 0.342564  	chisq 34.4664 (5 df)

Iteration 7:  28000000 integrand evaluations so far
[1] 1.55882 +- 0.341452  	chisq 81.9974 (6 df)

Iteration 8:  36000000 integrand evaluations so far
[1] 1.98348 +- 0.339397  	chisq 210.915 (7 df)

Iteration 9:  45000000 integrand evaluations so far
[1] 2.16215 +- 0.338697  	chisq 278.165 (8 df)

Iteration 10:  55000000 integrand evaluations so far
[1] 2.71123 +- 0.336481  	chisq 479.662 (9 df)
    2.71 ±   0.34        (1.75mi) ┃    11.7 ±    4.4        (9.23mi) ┃
┃   84 -    86 ┃   50 -    51 ┃ 10.1875 ± 0.0051        (16.7mi) ┃ -8.5693 ± 0.0056        (6.89mi) ┃Vegas input parameters:
  ndim 10
  ncomp 1
  nvec 1
  epsrel 0
  epsabs 0
  flags 10
  seed 123456
  mineval 50000000
  maxeval 50000000
  nstart 1000000
  nincrease 1000000
  nbatch 5000
  gridno 0
  statefile ""

Iteration 1:  1000000 integrand evaluations so far
[1] 130.306 +- 90.1405  	chisq 0 (0 df)

Iteration 2:  3000000 integrand evaluations so far
[1] -0.0737736 +- 8.66929  	chisq 2.11163 (1 df)

Iteration 3:  6000000 integrand evaluations so far
[1] -0.0814603 +- 8.66928  	chisq 3.1195 (2 df)

Iteration 4:  10000000 integrand evaluations so far
[1] 0.386428 +- 8.64108  	chisq 3.56794 (3 df)

Iteration 5:  15000000 integrand evaluations so far
[1] 2.1185 +- 4.53282  	chisq 3.62337 (4 df)

Iteration 6:  21000000 integrand evaluations so far
[1] 1.51924 +- 4.40511  	chisq 3.93798 (5 df)

Iteration 7:  28000000 integrand evaluations so far
[1] 1.50613 +- 4.40133  	chisq 3.94315 (6 df)

Iteration 8:  36000000 integrand evaluations so far
[1] 0.871551 +- 4.32624  	chisq 4.55767 (7 df)

Iteration 9:  45000000 integrand evaluations so far
[1] 0.00181088 +- 4.26556  	chisq 6.00855 (8 df)

Iteration 10:  55000000 integrand evaluations so far
[1] 0.631065 +- 4.22858  	chisq 7.26899 (9 df)
     0.6 ±    4.2        (3.46mi) ┃Vegas input parameters:
  ndim 8
  ncomp 1
  nvec 1
  epsrel 0
  epsabs 0
  flags 10
  seed 123456
  mineval 5000000
  maxeval 50000000
  nstart 1000000
  nincrease 1000000
  nbatch 5000
  gridno 0
  statefile ""

Iteration 1:  1000000 integrand evaluations so far
[1] 55.4704 +- 15.7262  	chisq 0 (0 df)

Iteration 2:  3000000 integrand evaluations so far
[1] 53.1813 +- 14.0333  	chisq 0.104011 (1 df)

Iteration 3:  6000000 integrand evaluations so far
[1] 45.543 +- 11.6456  	chisq 1.05558 (2 df)

Iteration 4:  10000000 integrand evaluations so far
[1] 44.8613 +- 10.4795  	chisq 1.07359 (3 df)

Iteration 5:  15000000 integrand evaluations so far
[1] 37.8483 +- 7.31006  	chisq 1.94587 (4 df)

Iteration 6:  21000000 integrand evaluations so far
[1] 35.8595 +- 5.49254  	chisq 2.11585 (5 df)

Iteration 7:  28000000 integrand evaluations so far
[1] 37.3635 +- 4.65666  	chisq 2.38247 (6 df)

Iteration 8:  36000000 integrand evaluations so far
[1] 38.2641 +- 4.04583  	chisq 2.53505 (7 df)

Iteration 9:  45000000 integrand evaluations so far
[1] 40.23 +- 3.68149  	chisq 3.90785 (8 df)

Iteration 10:  55000000 integrand evaluations so far
[1] 40.6628 +- 2.28826  	chisq 3.93037 (9 df)
    40.7 ±    2.3        (1.74mi) ┃    42.9 ±    4.8        (28.8mi) ┃
┃   84 -    86 ┃   51 -    52 ┃  9.5518 ± 0.0043        (1.06mi) ┃ -8.0496 ± 0.0072        (52.7mi) ┃Vegas input parameters:
  ndim 10
  ncomp 1
  nvec 1
  epsrel 0
  epsabs 0
  flags 10
  seed 123456
  mineval 50000000
  maxeval 50000000
  nstart 1000000
  nincrease 1000000
  nbatch 5000
  gridno 0
  statefile ""

Iteration 1:  1000000 integrand evaluations so far
[1] 7.85111 +- 18.515  	chisq 0 (0 df)

Iteration 2:  3000000 integrand evaluations so far
[1] -1.90932 +- 13.7007  	chisq 0.614242 (1 df)

Iteration 3:  6000000 integrand evaluations so far
[1] -2.83554 +- 10.7635  	chisq 0.626181 (2 df)

Iteration 4:  10000000 integrand evaluations so far
[1] 2.84867 +- 8.59766  	chisq 1.39669 (3 df)

Iteration 5:  15000000 integrand evaluations so far
[1] -1.24077 +- 5.48089  	chisq 1.77782 (4 df)

Iteration 6:  21000000 integrand evaluations so far
[1] -1.98534 +- 5.4281  	chisq 2.74039 (5 df)

Iteration 7:  28000000 integrand evaluations so far
[1] -2.19175 +- 5.42423  	chisq 3.75544 (6 df)

Iteration 8:  36000000 integrand evaluations so far
[1] -4.89055 +- 4.91445  	chisq 5.1374 (7 df)

Iteration 9:  45000000 integrand evaluations so far
[1] -2.55449 +- 4.73617  	chisq 8.30923 (8 df)

Iteration 10:  55000000 integrand evaluations so far
[1] -3.20271 +- 4.71089  	chisq 10.0685 (9 df)
    -3.2 ±    4.7        (3.45mi) ┃Vegas input parameters:
  ndim 8
  ncomp 1
  nvec 1
  epsrel 0
  epsabs 0
  flags 10
  seed 123456
  mineval 5000000
  maxeval 50000000
  nstart 1000000
  nincrease 1000000
  nbatch 5000
  gridno 0
  statefile ""

Iteration 1:  1000000 integrand evaluations so far
[1] 55.7639 +- 15.5006  	chisq 0 (0 df)

Iteration 2:  3000000 integrand evaluations so far
[1] 56.2675 +- 14.9166  	chisq 0.0142768 (1 df)

Iteration 3:  6000000 integrand evaluations so far
[1] 21.0466 +- 5.56934  	chisq 6.49259 (2 df)

Iteration 4:  10000000 integrand evaluations so far
[1] 22.7027 +- 5.19856  	chisq 7.17956 (3 df)

Iteration 5:  15000000 integrand evaluations so far
[1] 23.9064 +- 5.07494  	chisq 8.32036 (4 df)

Iteration 6:  21000000 integrand evaluations so far
[1] 25.2671 +- 4.92299  	chisq 9.53917 (5 df)

Iteration 7:  28000000 integrand evaluations so far
[1] 28.3608 +- 3.09292  	chisq 10.1916 (6 df)

Iteration 8:  36000000 integrand evaluations so far
[1] 29.8411 +- 1.64536  	chisq 10.5111 (7 df)

Iteration 9:  45000000 integrand evaluations so far
[1] 32.0678 +- 1.08116  	chisq 13.7345 (8 df)

Iteration 10:  55000000 integrand evaluations so far
[1] 32.4824 +- 1.03399  	chisq 15.4564 (9 df)
    32.5 ±      1        (1.75mi) ┃    30.8 ±    4.8        (  59mi) ┃
┃   84 -    86 ┃   52 -    53 ┃  10.133 ± 0.0097        (4.58mi) ┃ -8.5988 ± 0.0026        (53.6mi) ┃Vegas input parameters:
  ndim 10
  ncomp 1
  nvec 1
  epsrel 0
  epsabs 0
  flags 10
  seed 123456
  mineval 50000000
  maxeval 50000000
  nstart 1000000
  nincrease 1000000
  nbatch 5000
  gridno 0
  statefile ""

Iteration 1:  1000000 integrand evaluations so far
[1] -25.4823 +- 13.3163  	chisq 0 (0 df)

Iteration 2:  3000000 integrand evaluations so far
[1] -23.9087 +- 13.2198  	chisq 0.966978 (1 df)

Iteration 3:  6000000 integrand evaluations so far
[1] -20.5817 +- 8.79686  	chisq 1.08064 (2 df)

Iteration 4:  10000000 integrand evaluations so far
[1] -19.1009 +- 8.73377  	chisq 3.06301 (3 df)

Iteration 5:  15000000 integrand evaluations so far
[1] -11.8551 +- 5.289  	chisq 4.14989 (4 df)

Iteration 6:  21000000 integrand evaluations so far
[1] -12.6993 +- 5.23939  	chisq 5.5142 (5 df)

Iteration 7:  28000000 integrand evaluations so far
[1] -10.3582 +- 5.10274  	chisq 9.39234 (6 df)

Iteration 8:  36000000 integrand evaluations so far
[1] -9.20966 +- 4.56002  	chisq 9.64386 (7 df)

Iteration 9:  45000000 integrand evaluations so far
[1] -8.89508 +- 4.53236  	chisq 10.0373 (8 df)

Iteration 10:  55000000 integrand evaluations so far
[1] -9.15928 +- 4.51851  	chisq 10.5942 (9 df)
    -9.2 ±    4.5        (3.43mi) ┃Vegas input parameters:
  ndim 8
  ncomp 1
  nvec 1
  epsrel 0
  epsabs 0
  flags 10
  seed 123456
  mineval 5000000
  maxeval 50000000
  nstart 1000000
  nincrease 1000000
  nbatch 5000
  gridno 0
  statefile ""

Iteration 1:  1000000 integrand evaluations so far
[1] 45.0816 +- 12.6799  	chisq 0 (0 df)

Iteration 2:  3000000 integrand evaluations so far
[1] 3.72463 +- 0.834323  	chisq 10.6845 (1 df)

Iteration 3:  6000000 integrand evaluations so far
[1] 3.82735 +- 0.8327  	chisq 14.584 (2 df)

Iteration 4:  10000000 integrand evaluations so far
[1] 4.03925 +- 0.82983  	chisq 23.997 (3 df)

Iteration 5:  15000000 integrand evaluations so far
[1] 4.16498 +- 0.828739  	chisq 32.7259 (4 df)

Iteration 6:  21000000 integrand evaluations so far
[1] 5.62881 +- 0.799105  	chisq 77.1467 (5 df)

Iteration 7:  28000000 integrand evaluations so far
[1] 7.90515 +- 0.768015  	chisq 183.5 (6 df)

Iteration 8:  36000000 integrand evaluations so far
[1] 9.53609 +- 0.745178  	chisq 260.473 (7 df)

Iteration 9:  45000000 integrand evaluations so far
[1] 12.1839 +- 0.712257  	chisq 406.598 (8 df)

Iteration 10:  55000000 integrand evaluations so far
[1] 12.2193 +- 0.71202  	chisq 410.29 (9 df)
   12.22 ±   0.71        (1.75mi) ┃     4.6 ±    4.6        (1.06hr) ┃
┃   84 -    86 ┃   53 -    54 ┃ 12.6422 ± 0.0075        (2.58mi) ┃-10.8059 ± 0.0096        (27.8mi) ┃Vegas input parameters:
  ndim 10
  ncomp 1
  nvec 1
  epsrel 0
  epsabs 0
  flags 10
  seed 123456
  mineval 50000000
  maxeval 50000000
  nstart 1000000
  nincrease 1000000
  nbatch 5000
  gridno 0
  statefile ""

Iteration 1:  1000000 integrand evaluations so far
[1] 202.069 +- 174.522  	chisq 0 (0 df)

Iteration 2:  3000000 integrand evaluations so far
[1] 23.2618 +- 37.5873  	chisq 1.10077 (1 df)

Iteration 3:  6000000 integrand evaluations so far
[1] 6.34366 +- 5.71642  	chisq 1.30816 (2 df)

Iteration 4:  10000000 integrand evaluations so far
[1] 5.92882 +- 5.68562  	chisq 1.79826 (3 df)

Iteration 5:  15000000 integrand evaluations so far
[1] 0.526374 +- 2.07628  	chisq 2.84006 (4 df)

Iteration 6:  21000000 integrand evaluations so far
[1] 0.716011 +- 2.04915  	chisq 3.16137 (5 df)

Iteration 7:  28000000 integrand evaluations so far
[1] 0.856369 +- 2.0269  	chisq 3.37861 (6 df)

Iteration 8:  36000000 integrand evaluations so far
[1] 0.903968 +- 2.01533  	chisq 3.42706 (7 df)

Iteration 9:  45000000 integrand evaluations so far
[1] 1.19787 +- 2.01055  	chisq 7.91553 (8 df)

Iteration 10:  55000000 integrand evaluations so far
[1] 1.60902 +- 1.99297  	chisq 10.3171 (9 df)
     1.6 ±      2        (3.38mi) ┃Vegas input parameters:
  ndim 8
  ncomp 1
  nvec 1
  epsrel 0
  epsabs 0
  flags 10
  seed 123456
  mineval 5000000
  maxeval 50000000
  nstart 1000000
  nincrease 1000000
  nbatch 5000
  gridno 0
  statefile ""

Iteration 1:  1000000 integrand evaluations so far
[1] 26.1716 +- 8.52797  	chisq 0 (0 df)

Iteration 2:  3000000 integrand evaluations so far
[1] 2.35949 +- 0.639251  	chisq 7.84062 (1 df)

Iteration 3:  6000000 integrand evaluations so far
[1] 2.59505 +- 0.629149  	chisq 12.1711 (2 df)

Iteration 4:  10000000 integrand evaluations so far
[1] 3.03633 +- 0.617789  	chisq 25.9185 (3 df)

Iteration 5:  15000000 integrand evaluations so far
[1] 3.08393 +- 0.617375  	chisq 30.3496 (4 df)

Iteration 6:  21000000 integrand evaluations so far
[1] 3.35123 +- 0.614618  	chisq 51.38 (5 df)

Iteration 7:  28000000 integrand evaluations so far
[1] 6.30532 +- 0.573774  	chisq 231.17 (6 df)

Iteration 8:  36000000 integrand evaluations so far
[1] 9.69165 +- 0.531256  	chisq 475.238 (7 df)

Iteration 9:  45000000 integrand evaluations so far
[1] 9.72723 +- 0.531043  	chisq 480.824 (8 df)

Iteration 10:  55000000 integrand evaluations so far
[1] 10.2228 +- 0.526955  	chisq 537.605 (9 df)
   10.22 ±   0.53        (1.78mi) ┃    13.7 ±    2.1        (35.5mi) ┃
┃   84 -    86 ┃   54 -    55 ┃ 12.0827 ±  0.007        (4.36mi) ┃-10.2032 ± 0.0064        (13.3mi) ┃Vegas input parameters:
  ndim 10
  ncomp 1
  nvec 1
  epsrel 0
  epsabs 0
  flags 10
  seed 123456
  mineval 50000000
  maxeval 50000000
  nstart 1000000
  nincrease 1000000
  nbatch 5000
  gridno 0
  statefile ""

Iteration 1:  1000000 integrand evaluations so far
[1] 71.943 +- 50.6247  	chisq 0 (0 df)

Iteration 2:  3000000 integrand evaluations so far
[1] -1.45816 +- 8.85879  	chisq 2.16864 (1 df)

Iteration 3:  6000000 integrand evaluations so far
[1] -5.481 +- 7.94692  	chisq 3.22467 (2 df)

Iteration 4:  10000000 integrand evaluations so far
[1] -2.43948 +- 7.61714  	chisq 5.02696 (3 df)

Iteration 5:  15000000 integrand evaluations so far
[1] -4.31065 +- 7.30924  	chisq 5.7888 (4 df)

Iteration 6:  21000000 integrand evaluations so far
[1] -6.13636 +- 7.09434  	chisq 6.86566 (5 df)

Iteration 7:  28000000 integrand evaluations so far
[1] -1.22436 +- 6.59859  	chisq 10.42 (6 df)

Iteration 8:  36000000 integrand evaluations so far
[1] -0.370841 +- 6.55496  	chisq 11.6893 (7 df)

Iteration 9:  45000000 integrand evaluations so far
[1] -0.271565 +- 3.39915  	chisq 11.6896 (8 df)

Iteration 10:  55000000 integrand evaluations so far
[1] -0.131267 +- 3.39339  	chisq 12.1925 (9 df)
    -0.1 ±    3.4        (3.48mi) ┃Vegas input parameters:
  ndim 8
  ncomp 1
  nvec 1
  epsrel 0
  epsabs 0
  flags 10
  seed 123456
  mineval 5000000
  maxeval 50000000
  nstart 1000000
  nincrease 1000000
  nbatch 5000
  gridno 0
  statefile ""

Iteration 1:  1000000 integrand evaluations so far
[1] 32.303 +- 10.7783  	chisq 0 (0 df)

Iteration 2:  3000000 integrand evaluations so far
[1] 3.87396 +- 2.12023  	chisq 7.23704 (1 df)

Iteration 3:  6000000 integrand evaluations so far
[1] 4.43993 +- 1.54746  	chisq 7.38953 (2 df)

Iteration 4:  10000000 integrand evaluations so far
[1] 4.54443 +- 1.54512  	chisq 8.89905 (3 df)

Iteration 5:  15000000 integrand evaluations so far
[1] 5.71254 +- 1.46504  	chisq 14.5597 (4 df)

Iteration 6:  21000000 integrand evaluations so far
[1] 7.43607 +- 1.40325  	chisq 31.3203 (5 df)

Iteration 7:  28000000 integrand evaluations so far
[1] 10.4673 +- 1.30821  	chisq 66.9765 (6 df)

Iteration 8:  36000000 integrand evaluations so far
[1] 14.437 +- 1.21105  	chisq 131.357 (7 df)

Iteration 9:  45000000 integrand evaluations so far
[1] 19.7675 +- 1.05888  	chisq 213.611 (8 df)

Iteration 10:  55000000 integrand evaluations so far
[1] 24.2555 +- 0.929979  	chisq 292.183 (9 df)
   24.26 ±   0.93        (1.77mi) ┃      26 ±    3.5        (  23mi) ┃
┃   84 -    86 ┃   55 -    56 ┃  9.3777 ± 0.0087        (8.68mi) ┃ -7.9449 ± 0.0058        (26.8mi) ┃Vegas input parameters:
  ndim 10
  ncomp 1
  nvec 1
  epsrel 0
  epsabs 0
  flags 10
  seed 123456
  mineval 50000000
  maxeval 50000000
  nstart 1000000
  nincrease 1000000
  nbatch 5000
  gridno 0
  statefile ""

Iteration 1:  1000000 integrand evaluations so far
[1] 9.93615 +- 7.08284  	chisq 0 (0 df)

Iteration 2:  3000000 integrand evaluations so far
[1] 9.80475 +- 6.63711  	chisq 0.00282351 (1 df)

Iteration 3:  6000000 integrand evaluations so far
[1] 10.1258 +- 5.99816  	chisq 0.0155931 (2 df)

Iteration 4:  10000000 integrand evaluations so far
[1] 10.4865 +- 5.98665  	chisq 0.958855 (3 df)

Iteration 5:  15000000 integrand evaluations so far
[1] 9.59688 +- 5.70786  	chisq 1.20161 (4 df)

Iteration 6:  21000000 integrand evaluations so far
[1] 8.01137 +- 4.294  	chisq 1.37937 (5 df)

Iteration 7:  28000000 integrand evaluations so far
[1] 5.53779 +- 4.09824  	chisq 5.10375 (6 df)

Iteration 8:  36000000 integrand evaluations so far
[1] 4.90905 +- 4.06443  	chisq 6.53618 (7 df)

Iteration 9:  45000000 integrand evaluations so far
[1] 4.12675 +- 4.0268  	chisq 8.54625 (8 df)

Iteration 10:  55000000 integrand evaluations so far
[1] 4.48301 +- 4.0077  	chisq 9.37323 (9 df)
     4.5 ±      4        (3.56mi) ┃Vegas input parameters:
  ndim 8
  ncomp 1
  nvec 1
  epsrel 0
  epsabs 0
  flags 10
  seed 123456
  mineval 5000000
  maxeval 50000000
  nstart 1000000
  nincrease 1000000
  nbatch 5000
  gridno 0
  statefile ""

Iteration 1:  1000000 integrand evaluations so far
[1] 37.7887 +- 11.8894  	chisq 0 (0 df)

Iteration 2:  3000000 integrand evaluations so far
[1] 2.37918 +- 0.760002  	chisq 8.90627 (1 df)

Iteration 3:  6000000 integrand evaluations so far
[1] 3.48172 +- 0.637381  	chisq 16.0007 (2 df)

Iteration 4:  10000000 integrand evaluations so far
[1] 3.57143 +- 0.636411  	chisq 22.5139 (3 df)

Iteration 5:  15000000 integrand evaluations so far
[1] 3.6155 +- 0.63614  	chisq 28.1468 (4 df)

Iteration 6:  21000000 integrand evaluations so far
[1] 3.69562 +- 0.635672  	chisq 38.9196 (5 df)

Iteration 7:  28000000 integrand evaluations so far
[1] 4.10936 +- 0.631608  	chisq 72.1609 (6 df)

Iteration 8:  36000000 integrand evaluations so far
[1] 6.7503 +- 0.600024  	chisq 251.452 (7 df)

Iteration 9:  45000000 integrand evaluations so far
[1] 10.5849 +- 0.561907  	chisq 583.461 (8 df)

Iteration 10:  55000000 integrand evaluations so far
[1] 16.4213 +- 0.497918  	chisq 1085.75 (9 df)
   16.42 ±    0.5        (1.77mi) ┃    22.3 ±      4        (40.8mi) ┃
┃   84 -    86 ┃   56 -    57 ┃  9.6393 ±  0.004        (8.67mi) ┃ -8.1777 ±  0.002        (53.5mi) ┃Vegas input parameters:
  ndim 10
  ncomp 1
  nvec 1
  epsrel 0
  epsabs 0
  flags 10
  seed 123456
  mineval 50000000
  maxeval 50000000
  nstart 1000000
  nincrease 1000000
  nbatch 5000
  gridno 0
  statefile ""

Iteration 1:  1000000 integrand evaluations so far
[1] -37.722 +- 16.7671  	chisq 0 (0 df)

Iteration 2:  3000000 integrand evaluations so far
[1] -38.1737 +- 15.8476  	chisq 0.00680396 (1 df)

Iteration 3:  6000000 integrand evaluations so far
[1] -32.5886 +- 10.937  	chisq 0.243967 (2 df)

Iteration 4:  10000000 integrand evaluations so far
[1] -32.8544 +- 10.9296  	chisq 0.684219 (3 df)

Iteration 5:  15000000 integrand evaluations so far
[1] -27.6572 +- 10.5193  	chisq 3.75346 (4 df)

Iteration 6:  21000000 integrand evaluations so far
[1] -3.35795 +- 6.81753  	chisq 12.9538 (5 df)

Iteration 7:  28000000 integrand evaluations so far
[1] -5.16288 +- 6.41969  	chisq 13.5724 (6 df)

Iteration 8:  36000000 integrand evaluations so far
[1] -5.3924 +- 5.56496  	chisq 13.5775 (7 df)

Iteration 9:  45000000 integrand evaluations so far
[1] -7.88731 +- 5.29635  	chisq 15.7111 (8 df)

Iteration 10:  55000000 integrand evaluations so far
[1] -7.57849 +- 5.20876  	chisq 15.8148 (9 df)
    -7.6 ±    5.2        (3.51mi) ┃Vegas input parameters:
  ndim 8
  ncomp 1
  nvec 1
  epsrel 0
  epsabs 0
  flags 10
  seed 123456
  mineval 5000000
  maxeval 50000000
  nstart 1000000
  nincrease 1000000
  nbatch 5000
  gridno 0
  statefile ""

Iteration 1:  1000000 integrand evaluations so far
[1] 51.4782 +- 13.6612  	chisq 0 (0 df)

Iteration 2:  3000000 integrand evaluations so far
[1] 25.1834 +- 6.74351  	chisq 4.8983 (1 df)

Iteration 3:  6000000 integrand evaluations so far
[1] 17.0469 +- 3.80367  	chisq 7.0334 (2 df)

Iteration 4:  10000000 integrand evaluations so far
[1] 16.9967 +- 2.64228  	chisq 7.03373 (3 df)

Iteration 5:  15000000 integrand evaluations so far
[1] 19.2286 +- 2.41483  	chisq 11.3644 (4 df)

Iteration 6:  21000000 integrand evaluations so far
[1] 24.1645 +- 1.79803  	chisq 20.7402 (5 df)

Iteration 7:  28000000 integrand evaluations so far
[1] 27.7349 +- 1.57025  	chisq 37.3557 (6 df)

Iteration 8:  36000000 integrand evaluations so far
[1] 28.4691 +- 1.53478  	chisq 42.2503 (7 df)

Iteration 9:  45000000 integrand evaluations so far
[1] 30.6466 +- 1.09037  	chisq 46.3146 (8 df)

Iteration 10:  55000000 integrand evaluations so far
[1] 33.3322 +- 0.724377  	chisq 57.1742 (9 df)
   33.33 ±   0.72        (1.76mi) ┃    27.2 ±    5.3        (1.12hr) ┃
┃   84 -    86 ┃   57 -    58 ┃  11.409 ±  0.011        (2.37mi) ┃  -9.598 ± 0.0018        (3.58mi) ┃Vegas input parameters:
  ndim 10
  ncomp 1
  nvec 1
  epsrel 0
  epsabs 0
  flags 10
  seed 123456
  mineval 50000000
  maxeval 50000000
  nstart 1000000
  nincrease 1000000
  nbatch 5000
  gridno 0
  statefile ""

Iteration 1:  1000000 integrand evaluations so far
[1] 200.222 +- 137.336  	chisq 0 (0 df)

Iteration 2:  3000000 integrand evaluations so far
[1] 9.97495 +- 57.0474  	chisq 2.3191 (1 df)

Iteration 3:  6000000 integrand evaluations so far
[1] 37.0766 +- 30.9787  	chisq 2.63918 (2 df)

Iteration 4:  10000000 integrand evaluations so far
[1] -5.74252 +- 19.909  	chisq 5.89398 (3 df)

Iteration 5:  15000000 integrand evaluations so far
[1] 1.13062 +- 6.66772  	chisq 6.02822 (4 df)

Iteration 6:  21000000 integrand evaluations so far
[1] 2.67151 +- 6.08068  	chisq 6.34549 (5 df)

Iteration 7:  28000000 integrand evaluations so far
[1] 0.467516 +- 5.78822  	chisq 7.74486 (6 df)

Iteration 8:  36000000 integrand evaluations so far
[1] 1.93272 +- 5.30829  	chisq 8.14799 (7 df)

Iteration 9:  45000000 integrand evaluations so far
[1] 0.826674 +- 5.19233  	chisq 9.15269 (8 df)

Iteration 10:  55000000 integrand evaluations so far
[1] 1.31398 +- 5.14691  	chisq 9.65827 (9 df)
     1.3 ±    5.1        (3.24mi) ┃Vegas input parameters:
  ndim 8
  ncomp 1
  nvec 1
  epsrel 0
  epsabs 0
  flags 10
  seed 123456
  mineval 5000000
  maxeval 50000000
  nstart 1000000
  nincrease 1000000
  nbatch 5000
  gridno 0
  statefile ""

Iteration 1:  1000000 integrand evaluations so far
[1] 27.8348 +- 9.88511  	chisq 0 (0 df)

Iteration 2:  3000000 integrand evaluations so far
[1] 28.5407 +- 9.84233  	chisq 0.590387 (1 df)

Iteration 3:  6000000 integrand evaluations so far
[1] 10.0395 +- 4.06502  	chisq 4.85059 (2 df)

Iteration 4:  10000000 integrand evaluations so far
[1] 10.8436 +- 3.90446  	chisq 5.35591 (3 df)

Iteration 5:  15000000 integrand evaluations so far
[1] 11.9526 +- 3.40649  	chisq 5.69371 (4 df)

Iteration 6:  21000000 integrand evaluations so far
[1] 13.8406 +- 3.27739  	chisq 9.82426 (5 df)

Iteration 7:  28000000 integrand evaluations so far
[1] 20.5043 +- 2.12574  	chisq 16.9604 (6 df)

Iteration 8:  36000000 integrand evaluations so far
[1] 25.367 +- 1.33651  	chisq 25.6139 (7 df)

Iteration 9:  45000000 integrand evaluations so far
[1] 27.6186 +- 1.19773  	chisq 40.0297 (8 df)

Iteration 10:  55000000 integrand evaluations so far
[1] 30.041 +- 1.01937  	chisq 54.8684 (9 df)
      30 ±      1        (1.79mi) ┃    33.2 ±    5.2        (  11mi) ┃
┃   84 -    86 ┃   58 -    59 ┃ 10.4144 ± 0.0091        ( 8.7mi) ┃  -8.913 ± 0.0026        (55.2mi) ┃Vegas input parameters:
  ndim 10
  ncomp 1
  nvec 1
  epsrel 0
  epsabs 0
  flags 10
  seed 123456
  mineval 50000000
  maxeval 50000000
  nstart 1000000
  nincrease 1000000
  nbatch 5000
  gridno 0
  statefile ""

Iteration 1:  1000000 integrand evaluations so far
[1] 6.12969 +- 21.4012  	chisq 0 (0 df)

Iteration 2:  3000000 integrand evaluations so far
[1] -8.63968 +- 10.6135  	chisq 0.631609 (1 df)

Iteration 3:  6000000 integrand evaluations so far
[1] -2.06336 +- 9.84447  	chisq 3.38041 (2 df)

Iteration 4:  10000000 integrand evaluations so far
[1] 4.18433 +- 5.17037  	chisq 3.9366 (3 df)

Iteration 5:  15000000 integrand evaluations so far
[1] 0.948046 +- 3.87519  	chisq 4.83058 (4 df)

Iteration 6:  21000000 integrand evaluations so far
[1] 0.370712 +- 3.85284  	chisq 6.76036 (5 df)

Iteration 7:  28000000 integrand evaluations so far
[1] 0.433144 +- 3.85008  	chisq 6.94373 (6 df)

Iteration 8:  36000000 integrand evaluations so far
[1] 1.90787 +- 3.59439  	chisq 8.08624 (7 df)

Iteration 9:  45000000 integrand evaluations so far
[1] 1.42296 +- 3.57156  	chisq 9.5234 (8 df)

Iteration 10:  55000000 integrand evaluations so far
[1] 1.89701 +- 3.55713  	chisq 11.7092 (9 df)
     1.9 ±    3.6        (3.47mi) ┃Vegas input parameters:
  ndim 8
  ncomp 1
  nvec 1
  epsrel 0
  epsabs 0
  flags 10
  seed 123456
  mineval 5000000
  maxeval 50000000
  nstart 1000000
  nincrease 1000000
  nbatch 5000
  gridno 0
  statefile ""

Iteration 1:  1000000 integrand evaluations so far
[1] 57.7007 +- 15.7708  	chisq 0 (0 df)

Iteration 2:  3000000 integrand evaluations so far
[1] 3.35642 +- 0.878944  	chisq 11.9111 (1 df)

Iteration 3:  6000000 integrand evaluations so far
[1] 3.97848 +- 0.847337  	chisq 19.0032 (2 df)

Iteration 4:  10000000 integrand evaluations so far
[1] 4.05139 +- 0.846543  	chisq 22.9576 (3 df)

Iteration 5:  15000000 integrand evaluations so far
[1] 5.20469 +- 0.814842  	chisq 48.2115 (4 df)

Iteration 6:  21000000 integrand evaluations so far
[1] 5.53681 +- 0.810795  	chisq 64.9807 (5 df)

Iteration 7:  28000000 integrand evaluations so far
[1] 6.58137 +- 0.797599  	chisq 116.386 (6 df)

Iteration 8:  36000000 integrand evaluations so far
[1] 10.0533 +- 0.751857  	chisq 286.468 (7 df)

Iteration 9:  45000000 integrand evaluations so far
[1] 11.5107 +- 0.733456  	chisq 364.179 (8 df)

Iteration 10:  55000000 integrand evaluations so far
[1] 14.8138 +- 0.688868  	chisq 536.22 (9 df)
   14.81 ±   0.69        (1.73mi) ┃    18.2 ±    3.6        (1.15hr) ┃
┃   84 -    86 ┃   59 -    60 ┃ 10.8734 ± 0.0025        (16.8mi) ┃ -9.1884 ± 0.0055        (6.82mi) ┃Vegas input parameters:
  ndim 10
  ncomp 1
  nvec 1
  epsrel 0
  epsabs 0
  flags 10
  seed 123456
  mineval 50000000
  maxeval 50000000
  nstart 1000000
  nincrease 1000000
  nbatch 5000
  gridno 0
  statefile ""

Iteration 1:  1000000 integrand evaluations so far
[1] 53.0708 +- 44.2109  	chisq 0 (0 df)

Iteration 2:  3000000 integrand evaluations so far
[1] 14.4034 +- 26.0171  	chisq 1.17019 (1 df)

Iteration 3:  6000000 integrand evaluations so far
[1] -11.4322 +- 12.3087  	chisq 2.44064 (2 df)

Iteration 4:  10000000 integrand evaluations so far
[1] -10.4698 +- 5.41797  	chisq 2.44822 (3 df)

Iteration 5:  15000000 integrand evaluations so far
[1] -10.8311 +- 5.30047  	chisq 2.55187 (4 df)

Iteration 6:  21000000 integrand evaluations so far
[1] -8.24252 +- 4.69098  	chisq 3.65223 (5 df)

Iteration 7:  28000000 integrand evaluations so far
[1] -8.11302 +- 4.60103  	chisq 3.6723 (6 df)

Iteration 8:  36000000 integrand evaluations so far
[1] -8.01301 +- 4.38739  	chisq 3.67751 (7 df)

Iteration 9:  45000000 integrand evaluations so far
[1] -7.81829 +- 4.38251  	chisq 4.56357 (8 df)

Iteration 10:  55000000 integrand evaluations so far
[1] -6.81063 +- 3.8909  	chisq 4.81321 (9 df)
    -6.8 ±    3.9        (3.45mi) ┃Vegas input parameters:
  ndim 8
  ncomp 1
  nvec 1
  epsrel 0
  epsabs 0
  flags 10
  seed 123456
  mineval 5000000
  maxeval 50000000
  nstart 1000000
  nincrease 1000000
  nbatch 5000
  gridno 0
  statefile ""

Iteration 1:  1000000 integrand evaluations so far
[1] 38.879 +- 13.0507  	chisq 0 (0 df)

Iteration 2:  3000000 integrand evaluations so far
[1] 5.83018 +- 2.25776  	chisq 6.61054 (1 df)

Iteration 3:  6000000 integrand evaluations so far
[1] 4.64147 +- 1.10993  	chisq 6.97608 (2 df)

Iteration 4:  10000000 integrand evaluations so far
[1] 4.66051 +- 1.1098  	chisq 8.2518 (3 df)

Iteration 5:  15000000 integrand evaluations so far
[1] 5.26657 +- 1.08664  	chisq 15.4731 (4 df)

Iteration 6:  21000000 integrand evaluations so far
[1] 5.34981 +- 1.08599  	chisq 20.4091 (5 df)

Iteration 7:  28000000 integrand evaluations so far
[1] 6.88245 +- 1.05714  	chisq 58.4024 (6 df)

Iteration 8:  36000000 integrand evaluations so far
[1] 14.1309 +- 0.879  	chisq 210.731 (7 df)

Iteration 9:  45000000 integrand evaluations so far
[1] 22.1376 +- 0.679083  	chisq 416.543 (8 df)

Iteration 10:  55000000 integrand evaluations so far
[1] 27.4503 +- 0.501881  	chisq 551.415 (9 df)
   27.45 ±    0.5        (1.72mi) ┃    22.3 ±    3.9        (28.8mi) ┃
┃   86 -    88 ┃   25 -    26 ┃  5.7745 ± 0.0058        (4.47mi) ┃ -4.7663 ± 0.0044        (3.19mi) ┃Vegas input parameters:
  ndim 10
  ncomp 1
  nvec 1
  epsrel 0
  epsabs 0
  flags 10
  seed 123456
  mineval 50000000
  maxeval 50000000
  nstart 1000000
  nincrease 1000000
  nbatch 5000
  gridno 0
  statefile ""

Iteration 1:  1000000 integrand evaluations so far
[1] -13.857 +- 27.7588  	chisq 0 (0 df)

Iteration 2:  3000000 integrand evaluations so far
[1] -24.923 +- 25.1491  	chisq 0.886927 (1 df)

Iteration 3:  6000000 integrand evaluations so far
[1] -32.3826 +- 12.3076  	chisq 1.00261 (2 df)

Iteration 4:  10000000 integrand evaluations so far
[1] -29.2512 +- 11.7997  	chisq 1.80355 (3 df)

Iteration 5:  15000000 integrand evaluations so far
[1] -15.428 +- 8.84749  	chisq 4.9383 (4 df)

Iteration 6:  21000000 integrand evaluations so far
[1] -5.84124 +- 7.31375  	chisq 8.64608 (5 df)

Iteration 7:  28000000 integrand evaluations so far
[1] -4.04243 +- 6.99029  	chisq 9.34542 (6 df)

Iteration 8:  36000000 integrand evaluations so far
[1] -2.85592 +- 6.69918  	chisq 9.69869 (7 df)

Iteration 9:  45000000 integrand evaluations so far
[1] 0.0695315 +- 6.35457  	chisq 11.6012 (8 df)

Iteration 10:  55000000 integrand evaluations so far
[1] 1.19266 +- 6.30735  	chisq 13.711 (9 df)
     1.2 ±    6.3        (3.53mi) ┃Vegas input parameters:
  ndim 8
  ncomp 1
  nvec 1
  epsrel 0
  epsabs 0
  flags 10
  seed 123456
  mineval 5000000
  maxeval 50000000
  nstart 1000000
  nincrease 1000000
  nbatch 5000
  gridno 0
  statefile ""

Iteration 1:  1000000 integrand evaluations so far
[1] 38.5258 +- 11.8641  	chisq 0 (0 df)

Iteration 2:  3000000 integrand evaluations so far
[1] 39.6145 +- 11.7353  	chisq 0.389817 (1 df)

Iteration 3:  6000000 integrand evaluations so far
[1] 40.4962 +- 11.5408  	chisq 0.561623 (2 df)

Iteration 4:  10000000 integrand evaluations so far
[1] 4.51267 +- 1.03481  	chisq 10.3619 (3 df)

Iteration 5:  15000000 integrand evaluations so far
[1] 4.51379 +- 1.03481  	chisq 11.4354 (4 df)

Iteration 6:  21000000 integrand evaluations so far
[1] 4.88239 +- 1.02792  	chisq 20.993 (5 df)

Iteration 7:  28000000 integrand evaluations so far
[1] 6.01028 +- 1.00927  	chisq 54.4814 (6 df)

Iteration 8:  36000000 integrand evaluations so far
[1] 10.6233 +- 0.941529  	chisq 215.507 (7 df)

Iteration 9:  45000000 integrand evaluations so far
[1] 20.6537 +- 0.786518  	chisq 591.103 (8 df)

Iteration 10:  55000000 integrand evaluations so far
[1] 20.851 +- 0.784438  	chisq 603.009 (9 df)
   20.85 ±   0.78        (1.81mi) ┃    23.1 ±    6.4        (  13mi) ┃
┃   86 -    88 ┃   26 -    27 ┃ 12.8087 ± 0.0087        (1.17mi) ┃-10.8226 ± 0.0067        (25.4mi) ┃Vegas input parameters:
  ndim 10
  ncomp 1
  nvec 1
  epsrel 0
  epsabs 0
  flags 10
  seed 123456
  mineval 50000000
  maxeval 50000000
  nstart 1000000
  nincrease 1000000
  nbatch 5000
  gridno 0
  statefile ""

Iteration 1:  1000000 integrand evaluations so far
[1] 35.7654 +- 72.6508  	chisq 0 (0 df)

Iteration 2:  3000000 integrand evaluations so far
[1] 73.2813 +- 65.3059  	chisq 1.38899 (1 df)

Iteration 3:  6000000 integrand evaluations so far
[1] 14.5992 +- 39.8435  	chisq 2.67518 (2 df)

Iteration 4:  10000000 integrand evaluations so far
[1] -15.0261 +- 16.0599  	chisq 3.33528 (3 df)

Iteration 5:  15000000 integrand evaluations so far
[1] -4.05684 +- 13.9941  	chisq 5.27338 (4 df)

Iteration 6:  21000000 integrand evaluations so far
[1] 3.97572 +- 12.0679  	chisq 6.55866 (5 df)

Iteration 7:  28000000 integrand evaluations so far
[1] 3.35502 +- 12.0575  	chisq 8.09066 (6 df)

Iteration 8:  36000000 integrand evaluations so far
[1] -1.84494 +- 8.91012  	chisq 8.50039 (7 df)

Iteration 9:  45000000 integrand evaluations so far
[1] -3.06876 +- 8.67739  	chisq 8.8663 (8 df)

Iteration 10:  55000000 integrand evaluations so far
[1] -1.49011 +- 8.49713  	chisq 9.67128 (9 df)
    -1.5 ±    8.5        (3.43mi) ┃Vegas input parameters:
  ndim 8
  ncomp 1
  nvec 1
  epsrel 0
  epsabs 0
  flags 10
  seed 123456
  mineval 5000000
  maxeval 50000000
  nstart 1000000
  nincrease 1000000
  nbatch 5000
  gridno 0
  statefile ""

Iteration 1:  1000000 integrand evaluations so far
[1] 107.446 +- 25.206  	chisq 0 (0 df)

Iteration 2:  3000000 integrand evaluations so far
[1] 14.0108 +- 3.32741  	chisq 13.9844 (1 df)

Iteration 3:  6000000 integrand evaluations so far
[1] 15.6283 +- 3.15997  	chisq 16.3928 (2 df)

Iteration 4:  10000000 integrand evaluations so far
[1] 16.829 +- 3.07665  	chisq 19.1674 (3 df)

Iteration 5:  15000000 integrand evaluations so far
[1] 22.5324 +- 2.72616  	chisq 35.1611 (4 df)

Iteration 6:  21000000 integrand evaluations so far
[1] 29.1413 +- 2.27145  	chisq 54.382 (5 df)

Iteration 7:  28000000 integrand evaluations so far
[1] 35.4628 +- 1.58409  	chisq 69.4606 (6 df)

Iteration 8:  36000000 integrand evaluations so far
[1] 38.4734 +- 1.32747  	chisq 81.5911 (7 df)

Iteration 9:  45000000 integrand evaluations so far
[1] 41.3513 +- 1.13801  	chisq 99.3228 (8 df)

Iteration 10:  55000000 integrand evaluations so far
[1] 43.9721 +- 0.977112  	chisq 119.505 (9 df)
   43.97 ±   0.98        (1.73mi) ┃    44.5 ±    8.6        (31.7mi) ┃
┃   86 -    88 ┃   27 -    28 ┃  8.7488 ± 0.0054        (2.21mi) ┃ -7.3965 ± 0.0024        (12.9mi) ┃Vegas input parameters:
  ndim 10
  ncomp 1
  nvec 1
  epsrel 0
  epsabs 0
  flags 10
  seed 123456
  mineval 50000000
  maxeval 50000000
  nstart 1000000
  nincrease 1000000
  nbatch 5000
  gridno 0
  statefile ""

Iteration 1:  1000000 integrand evaluations so far
[1] -12.1963 +- 13.7375  	chisq 0 (0 df)

Iteration 2:  3000000 integrand evaluations so far
[1] -4.15701 +- 12.781  	chisq 2.5481 (1 df)

Iteration 3:  6000000 integrand evaluations so far
[1] -3.7598 +- 11.9679  	chisq 2.55594 (2 df)

Iteration 4:  10000000 integrand evaluations so far
[1] -2.24508 +- 10.8965  	chisq 2.64961 (3 df)

Iteration 5:  15000000 integrand evaluations so far
[1] -2.91185 +- 10.8784  	chisq 3.77617 (4 df)

Iteration 6:  21000000 integrand evaluations so far
[1] -2.9589 +- 10.8782  	chisq 4.51583 (5 df)

Iteration 7:  28000000 integrand evaluations so far
[1] -0.18133 +- 2.60884  	chisq 4.58501 (6 df)

Iteration 8:  36000000 integrand evaluations so far
[1] -0.0750437 +- 2.5471  	chisq 4.6205 (7 df)

Iteration 9:  45000000 integrand evaluations so far
[1] -0.326206 +- 2.54311  	chisq 7.72609 (8 df)

Iteration 10:  55000000 integrand evaluations so far
[1] -0.315655 +- 2.5431  	chisq 9.64981 (9 df)
    -0.3 ±    2.5        (3.43mi) ┃Vegas input parameters:
  ndim 8
  ncomp 1
  nvec 1
  epsrel 0
  epsabs 0
  flags 10
  seed 123456
  mineval 5000000
  maxeval 50000000
  nstart 1000000
  nincrease 1000000
  nbatch 5000
  gridno 0
  statefile ""

Iteration 1:  1000000 integrand evaluations so far
[1] 43.411 +- 15.1766  	chisq 0 (0 df)

Iteration 2:  3000000 integrand evaluations so far
[1] 5.04394 +- 1.65552  	chisq 6.46794 (1 df)

Iteration 3:  6000000 integrand evaluations so far
[1] 5.3286 +- 1.64555  	chisq 8.92892 (2 df)

Iteration 4:  10000000 integrand evaluations so far
[1] 7.90647 +- 1.41751  	chisq 18.4431 (3 df)

Iteration 5:  15000000 integrand evaluations so far
[1] 8.31517 +- 1.40958  	chisq 25.8855 (4 df)

Iteration 6:  21000000 integrand evaluations so far
[1] 9.40344 +- 1.38765  	chisq 45.1987 (5 df)

Iteration 7:  28000000 integrand evaluations so far
[1] 10.6046 +- 1.36761  	chisq 71.3192 (6 df)

Iteration 8:  36000000 integrand evaluations so far
[1] 14.2687 +- 1.2916  	chisq 137.746 (7 df)

Iteration 9:  45000000 integrand evaluations so far
[1] 24.3783 +- 1.04529  	chisq 315.306 (8 df)

Iteration 10:  55000000 integrand evaluations so far
[1] 28.7922 +- 0.928317  	chisq 399.699 (9 df)
   28.79 ±   0.93        (1.75mi) ┃    29.8 ±    2.7        (20.3mi) ┃
┃   86 -    88 ┃   28 -    29 ┃  6.4742 ± 0.0062        (17.1mi) ┃ -5.5246 ± 0.0053        (1.65hr) ┃Vegas input parameters:
  ndim 10
  ncomp 1
  nvec 1
  epsrel 0
  epsabs 0
  flags 10
  seed 123456
  mineval 50000000
  maxeval 50000000
  nstart 1000000
  nincrease 1000000
  nbatch 5000
  gridno 0
  statefile ""

Iteration 1:  1000000 integrand evaluations so far
[1] 82.2352 +- 52.1667  	chisq 0 (0 df)

Iteration 2:  3000000 integrand evaluations so far
[1] 84.536 +- 52.1077  	chisq 0.861328 (1 df)

Iteration 3:  6000000 integrand evaluations so far
[1] 37.092 +- 24.4427  	chisq 1.92421 (2 df)

Iteration 4:  10000000 integrand evaluations so far
[1] 13.4494 +- 19.0148  	chisq 4.29391 (3 df)

Iteration 5:  15000000 integrand evaluations so far
[1] 8.84228 +- 9.14086  	chisq 4.37026 (4 df)

Iteration 6:  21000000 integrand evaluations so far
[1] 1.40421 +- 4.10265  	chisq 5.19943 (5 df)

Iteration 7:  28000000 integrand evaluations so far
[1] 1.47112 +- 4.10219  	chisq 6.38331 (6 df)

Iteration 8:  36000000 integrand evaluations so far
[1] 0.495732 +- 4.06066  	chisq 9.18963 (7 df)

Iteration 9:  45000000 integrand evaluations so far
[1] 0.869129 +- 4.01947  	chisq 9.60853 (8 df)

Iteration 10:  55000000 integrand evaluations so far
[1] 1.20512 +- 3.89  	chisq 9.71877 (9 df)
     1.2 ±    3.9        (3.47mi) ┃Vegas input parameters:
  ndim 8
  ncomp 1
  nvec 1
  epsrel 0
  epsabs 0
  flags 10
  seed 123456
  mineval 5000000
  maxeval 50000000
  nstart 1000000
  nincrease 1000000
  nbatch 5000
  gridno 0
  statefile ""

Iteration 1:  1000000 integrand evaluations so far
[1] 33.6671 +- 12.2574  	chisq 0 (0 df)

Iteration 2:  3000000 integrand evaluations so far
[1] 0.38624 +- 0.103896  	chisq 7.37259 (1 df)

Iteration 3:  6000000 integrand evaluations so far
[1] 0.387586 +- 0.103891  	chisq 8.87947 (2 df)

Iteration 4:  10000000 integrand evaluations so far
[1] 0.388927 +- 0.103887  	chisq 11.2627 (3 df)

Iteration 5:  15000000 integrand evaluations so far
[1] 0.395313 +- 0.103864  	chisq 19.653 (4 df)

Iteration 6:  21000000 integrand evaluations so far
[1] 0.396945 +- 0.103861  	chisq 24.5585 (5 df)

Iteration 7:  28000000 integrand evaluations so far
[1] 0.398014 +- 0.10386  	chisq 28.9086 (6 df)

Iteration 8:  36000000 integrand evaluations so far
[1] 0.409298 +- 0.103845  	chisq 71.9911 (7 df)

Iteration 9:  45000000 integrand evaluations so far
[1] 0.418434 +- 0.103836  	chisq 113.507 (8 df)

Iteration 10:  55000000 integrand evaluations so far
[1] 0.497872 +- 0.103735  	chisq 414.798 (9 df)
     0.5 ±    0.1        (1.72mi) ┃     2.7 ±    3.9        (2.02hr) ┃
┃   86 -    88 ┃   29 -    30 ┃  9.5668 ± 0.0017        ( 4.5mi) ┃ -8.0998 ± 0.0033        (12.5mi) ┃Vegas input parameters:
  ndim 10
  ncomp 1
  nvec 1
  epsrel 0
  epsabs 0
  flags 10
  seed 123456
  mineval 50000000
  maxeval 50000000
  nstart 1000000
  nincrease 1000000
  nbatch 5000
  gridno 0
  statefile ""

Iteration 1:  1000000 integrand evaluations so far
[1] -156.836 +- 153.424  	chisq 0 (0 df)

Iteration 2:  3000000 integrand evaluations so far
[1] 30.517 +- 57.8593  	chisq 1.73845 (1 df)

Iteration 3:  6000000 integrand evaluations so far
[1] 23.3598 +- 24.9337  	chisq 1.75724 (2 df)

Iteration 4:  10000000 integrand evaluations so far
[1] 0.52345 +- 3.24248  	chisq 2.6105 (3 df)

Iteration 5:  15000000 integrand evaluations so far
[1] 0.330625 +- 3.17417  	chisq 2.69533 (4 df)

Iteration 6:  21000000 integrand evaluations so far
[1] 1.19501 +- 3.06638  	chisq 3.80608 (5 df)

Iteration 7:  28000000 integrand evaluations so far
[1] 0.741816 +- 3.00034  	chisq 4.31874 (6 df)

Iteration 8:  36000000 integrand evaluations so far
[1] 0.712525 +- 3.00018  	chisq 5.19886 (7 df)

Iteration 9:  45000000 integrand evaluations so far
[1] 1.61487 +- 2.79674  	chisq 5.88928 (8 df)

Iteration 10:  55000000 integrand evaluations so far
[1] 1.55306 +- 2.79564  	chisq 6.51006 (9 df)
     1.6 ±    2.8        (3.41mi) ┃Vegas input parameters:
  ndim 8
  ncomp 1
  nvec 1
  epsrel 0
  epsabs 0
  flags 10
  seed 123456
  mineval 5000000
  maxeval 50000000
  nstart 1000000
  nincrease 1000000
  nbatch 5000
  gridno 0
  statefile ""

Iteration 1:  1000000 integrand evaluations so far
[1] 48.6422 +- 13.3105  	chisq 0 (0 df)

Iteration 2:  3000000 integrand evaluations so far
[1] 37.8901 +- 8.94316  	chisq 1.1895 (1 df)

Iteration 3:  6000000 integrand evaluations so far
[1] 15.9801 +- 2.89915  	chisq 7.89641 (2 df)

Iteration 4:  10000000 integrand evaluations so far
[1] 16.876 +- 2.8485  	chisq 10.6533 (3 df)

Iteration 5:  15000000 integrand evaluations so far
[1] 17.0991 +- 2.84503  	chisq 13.1681 (4 df)

Iteration 6:  21000000 integrand evaluations so far
[1] 19.4627 +- 2.71667  	chisq 20.9938 (5 df)

Iteration 7:  28000000 integrand evaluations so far
[1] 23.9421 +- 2.43118  	chisq 34.6467 (6 df)

Iteration 8:  36000000 integrand evaluations so far
[1] 25.0619 +- 2.39423  	chisq 41.6796 (7 df)

Iteration 9:  45000000 integrand evaluations so far
[1] 33.0662 +- 1.98063  	chisq 77.0868 (8 df)

Iteration 10:  55000000 integrand evaluations so far
[1] 41.7756 +- 1.36823  	chisq 114.074 (9 df)
    41.8 ±    1.4        (1.74mi) ┃    44.8 ±    3.1        (22.1mi) ┃
┃   86 -    88 ┃   30 -    31 ┃ 10.6364 ± 0.0088        (2.32mi) ┃ -9.0107 ± 0.0085        (12.8mi) ┃Vegas input parameters:
  ndim 10
  ncomp 1
  nvec 1
  epsrel 0
  epsabs 0
  flags 10
  seed 123456
  mineval 50000000
  maxeval 50000000
  nstart 1000000
  nincrease 1000000
  nbatch 5000
  gridno 0
  statefile ""

Iteration 1:  1000000 integrand evaluations so far
[1] 160.424 +- 154.362  	chisq 0 (0 df)

Iteration 2:  3000000 integrand evaluations so far
[1] -12.3941 +- 63.043  	chisq 1.50434 (1 df)

Iteration 3:  6000000 integrand evaluations so far
[1] 0.13272 +- 7.51381  	chisq 1.54439 (2 df)

Iteration 4:  10000000 integrand evaluations so far
[1] 4.0831 +- 6.20474  	chisq 2.41337 (3 df)

Iteration 5:  15000000 integrand evaluations so far
[1] 5.07603 +- 5.88935  	chisq 2.67183 (4 df)

Iteration 6:  21000000 integrand evaluations so far
[1] 4.55773 +- 5.67716  	chisq 2.78129 (5 df)

Iteration 7:  28000000 integrand evaluations so far
[1] 4.37279 +- 5.64299  	chisq 2.86971 (6 df)

Iteration 8:  36000000 integrand evaluations so far
[1] 0.47268 +- 5.22689  	chisq 6.23275 (7 df)

Iteration 9:  45000000 integrand evaluations so far
[1] -0.355911 +- 5.08822  	chisq 6.71273 (8 df)

Iteration 10:  55000000 integrand evaluations so far
[1] -0.184486 +- 5.02034  	chisq 6.75556 (9 df)
    -0.2 ±      5        (3.48mi) ┃Vegas input parameters:
  ndim 8
  ncomp 1
  nvec 1
  epsrel 0
  epsabs 0
  flags 10
  seed 123456
  mineval 5000000
  maxeval 50000000
  nstart 1000000
  nincrease 1000000
  nbatch 5000
  gridno 0
  statefile ""

Iteration 1:  1000000 integrand evaluations so far
[1] 43.5638 +- 14.5948  	chisq 0 (0 df)

Iteration 2:  3000000 integrand evaluations so far
[1] 22.6988 +- 7.63683  	chisq 2.81435 (1 df)

Iteration 3:  6000000 integrand evaluations so far
[1] 23.9757 +- 7.58308  	chisq 4.80708 (2 df)

Iteration 4:  10000000 integrand evaluations so far
[1] 23.7801 +- 3.63113  	chisq 4.80795 (3 df)

Iteration 5:  15000000 integrand evaluations so far
[1] 25.3969 +- 3.24839  	chisq 5.80071 (4 df)

Iteration 6:  21000000 integrand evaluations so far
[1] 30.6404 +- 2.48155  	chisq 12.0581 (5 df)

Iteration 7:  28000000 integrand evaluations so far
[1] 33.2336 +- 1.46365  	chisq 13.7325 (6 df)

Iteration 8:  36000000 integrand evaluations so far
[1] 34.0525 +- 1.3325  	chisq 15.5613 (7 df)

Iteration 9:  45000000 integrand evaluations so far
[1] 35.8318 +- 0.935226  	chisq 19.0753 (8 df)

Iteration 10:  55000000 integrand evaluations so far
[1] 37.327 +- 0.566724  	chisq 23.115 (9 df)
   37.33 ±   0.57        (1.75mi) ┃    38.8 ±    5.1        (20.3mi) ┃
┃   86 -    88 ┃   31 -    32 ┃  7.4022 ± 0.0042        (8.72mi) ┃ -6.2704 ± 0.0041        (52.1mi) ┃Vegas input parameters:
  ndim 10
  ncomp 1
  nvec 1
  epsrel 0
  epsabs 0
  flags 10
  seed 123456
  mineval 50000000
  maxeval 50000000
  nstart 1000000
  nincrease 1000000
  nbatch 5000
  gridno 0
  statefile ""

Iteration 1:  1000000 integrand evaluations so far
[1] 13.6701 +- 16.5311  	chisq 0 (0 df)

Iteration 2:  3000000 integrand evaluations so far
[1] 9.77452 +- 16.2196  	chisq 1.4874 (1 df)

Iteration 3:  6000000 integrand evaluations so far
[1] -3.5819 +- 15.0202  	chisq 6.24832 (2 df)

Iteration 4:  10000000 integrand evaluations so far
[1] -2.93947 +- 15.0076  	chisq 7.34643 (3 df)

Iteration 5:  15000000 integrand evaluations so far
[1] -4.68839 +- 14.7671  	chisq 7.77341 (4 df)

Iteration 6:  21000000 integrand evaluations so far
[1] -0.712944 +- 13.982  	chisq 8.47363 (5 df)

Iteration 7:  28000000 integrand evaluations so far
[1] 0.798051 +- 13.9433  	chisq 10.5867 (6 df)

Iteration 8:  36000000 integrand evaluations so far
[1] 0.262892 +- 13.9335  	chisq 11.6356 (7 df)

Iteration 9:  45000000 integrand evaluations so far
[1] -3.27629 +- 4.45815  	chisq 11.7075 (8 df)

Iteration 10:  55000000 integrand evaluations so far
[1] -3.50109 +- 4.45277  	chisq 12.7607 (9 df)
    -3.5 ±    4.5        (3.48mi) ┃Vegas input parameters:
  ndim 8
  ncomp 1
  nvec 1
  epsrel 0
  epsabs 0
  flags 10
  seed 123456
  mineval 5000000
  maxeval 50000000
  nstart 1000000
  nincrease 1000000
  nbatch 5000
  gridno 0
  statefile ""

Iteration 1:  1000000 integrand evaluations so far
[1] 38.1536 +- 14.1733  	chisq 0 (0 df)

Iteration 2:  3000000 integrand evaluations so far
[1] 2.64787 +- 1.33987  	chisq 6.33216 (1 df)

Iteration 3:  6000000 integrand evaluations so far
[1] 3.30591 +- 1.23441  	chisq 7.9271 (2 df)

Iteration 4:  10000000 integrand evaluations so far
[1] 4.04438 +- 1.18935  	chisq 12.921 (3 df)

Iteration 5:  15000000 integrand evaluations so far
[1] 4.69253 +- 1.17889  	chisq 29.8681 (4 df)

Iteration 6:  21000000 integrand evaluations so far
[1] 6.17233 +- 1.15064  	chisq 63.1471 (5 df)

Iteration 7:  28000000 integrand evaluations so far
[1] 9.2693 +- 1.09051  	chisq 134.323 (6 df)

Iteration 8:  36000000 integrand evaluations so far
[1] 13.5625 +- 1.01704  	chisq 253.358 (7 df)

Iteration 9:  45000000 integrand evaluations so far
[1] 23.1132 +- 0.812254  	chisq 496.844 (8 df)

Iteration 10:  55000000 integrand evaluations so far
[1] 31.2084 +- 0.56457  	chisq 689.015 (9 df)
   31.21 ±   0.56        (1.73mi) ┃    28.8 ±    4.5        ( 1.1hr) ┃
┃   86 -    88 ┃   32 -    33 ┃  6.9098 ± 0.0029        (16.8mi) ┃ -5.8513 ± 0.0053        (  13mi) ┃Vegas input parameters:
  ndim 10
  ncomp 1
  nvec 1
  epsrel 0
  epsabs 0
  flags 10
  seed 123456
  mineval 50000000
  maxeval 50000000
  nstart 1000000
  nincrease 1000000
  nbatch 5000
  gridno 0
  statefile ""

Iteration 1:  1000000 integrand evaluations so far
[1] 0.322807 +- 22.7098  	chisq 0 (0 df)

Iteration 2:  3000000 integrand evaluations so far
[1] -6.64529 +- 21.5132  	chisq 0.917565 (1 df)

Iteration 3:  6000000 integrand evaluations so far
[1] -6.00754 +- 12.2772  	chisq 0.918868 (2 df)

Iteration 4:  10000000 integrand evaluations so far
[1] -12.9985 +- 10.7449  	chisq 2.30427 (3 df)

Iteration 5:  15000000 integrand evaluations so far
[1] -7.71801 +- 9.79259  	chisq 3.73 (4 df)

Iteration 6:  21000000 integrand evaluations so far
[1] -1.87431 +- 6.62467  	chisq 4.3866 (5 df)

Iteration 7:  28000000 integrand evaluations so far
[1] -1.02743 +- 6.59339  	chisq 6.12113 (6 df)

Iteration 8:  36000000 integrand evaluations so far
[1] -1.12444 +- 6.59263  	chisq 7.05694 (7 df)

Iteration 9:  45000000 integrand evaluations so far
[1] -0.776181 +- 6.03689  	chisq 7.07422 (8 df)

Iteration 10:  55000000 integrand evaluations so far
[1] -0.531165 +- 5.84142  	chisq 7.10007 (9 df)
    -0.5 ±    5.8        (3.47mi) ┃Vegas input parameters:
  ndim 8
  ncomp 1
  nvec 1
  epsrel 0
  epsabs 0
  flags 10
  seed 123456
  mineval 5000000
  maxeval 50000000
  nstart 1000000
  nincrease 1000000
  nbatch 5000
  gridno 0
  statefile ""

Iteration 1:  1000000 integrand evaluations so far
[1] 62.9171 +- 16.243  	chisq 0 (0 df)

Iteration 2:  3000000 integrand evaluations so far
[1] 10.5627 +- 1.98342  	chisq 10.5462 (1 df)

Iteration 3:  6000000 integrand evaluations so far
[1] 11.6623 +- 1.8859  	chisq 13.7503 (2 df)

Iteration 4:  10000000 integrand evaluations so far
[1] 13.3381 +- 1.76279  	chisq 20.0025 (3 df)

Iteration 5:  15000000 integrand evaluations so far
[1] 13.7473 +- 1.75083  	chisq 23.9854 (4 df)

Iteration 6:  21000000 integrand evaluations so far
[1] 15.869 +- 1.68873  	chisq 45.0639 (5 df)

Iteration 7:  28000000 integrand evaluations so far
[1] 21.9818 +- 1.47757  	chisq 100.95 (6 df)

Iteration 8:  36000000 integrand evaluations so far
[1] 28.5564 +- 1.21512  	chisq 162.116 (7 df)

Iteration 9:  45000000 integrand evaluations so far
[1] 35.4619 +- 0.874667  	chisq 229.139 (8 df)

Iteration 10:  55000000 integrand evaluations so far
[1] 35.7015 +- 0.868192  	chisq 234.227 (9 df)
    35.7 ±   0.87        (1.77mi) ┃    36.2 ±    5.9        (  35mi) ┃
┃   86 -    88 ┃   33 -    34 ┃  11.856 ± 0.0045        (8.74mi) ┃-10.1305 ± 0.0079        (6.42mi) ┃Vegas input parameters:
  ndim 10
  ncomp 1
  nvec 1
  epsrel 0
  epsabs 0
  flags 10
  seed 123456
  mineval 50000000
  maxeval 50000000
  nstart 1000000
  nincrease 1000000
  nbatch 5000
  gridno 0
  statefile ""

Iteration 1:  1000000 integrand evaluations so far
[1] -140.68 +- 84.488  	chisq 0 (0 df)

Iteration 2:  3000000 integrand evaluations so far
[1] 12.492 +- 18.9543  	chisq 3.46097 (1 df)

Iteration 3:  6000000 integrand evaluations so far
[1] -4.21574 +- 5.668  	chisq 4.31427 (2 df)

Iteration 4:  10000000 integrand evaluations so far
[1] -4.03319 +- 5.66533  	chisq 5.41574 (3 df)

Iteration 5:  15000000 integrand evaluations so far
[1] -4.25458 +- 5.65881  	chisq 6.07965 (4 df)

Iteration 6:  21000000 integrand evaluations so far
[1] -5.26288 +- 5.58069  	chisq 7.2374 (5 df)

Iteration 7:  28000000 integrand evaluations so far
[1] -6.29552 +- 4.93548  	chisq 7.39456 (6 df)

Iteration 8:  36000000 integrand evaluations so far
[1] -6.47913 +- 4.88512  	chisq 7.46273 (7 df)

Iteration 9:  45000000 integrand evaluations so far
[1] -6.95842 +- 4.8605  	chisq 8.42033 (8 df)

Iteration 10:  55000000 integrand evaluations so far
[1] -7.65447 +- 4.35468  	chisq 8.52426 (9 df)
    -7.7 ±    4.4        (3.46mi) ┃Vegas input parameters:
  ndim 8
  ncomp 1
  nvec 1
  epsrel 0
  epsabs 0
  flags 10
  seed 123456
  mineval 5000000
  maxeval 50000000
  nstart 1000000
  nincrease 1000000
  nbatch 5000
  gridno 0
  statefile ""

Iteration 1:  1000000 integrand evaluations so far
[1] 51.0938 +- 13.4821  	chisq 0 (0 df)

Iteration 2:  3000000 integrand evaluations so far
[1] 24.2549 +- 5.71135  	chisq 4.82961 (1 df)

Iteration 3:  6000000 integrand evaluations so far
[1] 23.6812 +- 5.12566  	chisq 4.88145 (2 df)

Iteration 4:  10000000 integrand evaluations so far
[1] 21.9069 +- 3.7832  	chisq 5.14468 (3 df)

Iteration 5:  15000000 integrand evaluations so far
[1] 25.8511 +- 3.21398  	chisq 9.05055 (4 df)

Iteration 6:  21000000 integrand evaluations so far
[1] 30.2014 +- 2.54146  	chisq 13.9399 (5 df)

Iteration 7:  28000000 integrand evaluations so far
[1] 32.8726 +- 2.24165  	chisq 18.9155 (6 df)

Iteration 8:  36000000 integrand evaluations so far
[1] 34.2354 +- 2.15744  	chisq 23.9285 (7 df)

Iteration 9:  45000000 integrand evaluations so far
[1] 37.5499 +- 1.67602  	chisq 29.8816 (8 df)

Iteration 10:  55000000 integrand evaluations so far
[1] 40.4995 +- 1.07232  	chisq 35.1251 (9 df)
    40.5 ±    1.1        (1.74mi) ┃    34.6 ±    4.5        (20.4mi) ┃
┃   86 -    88 ┃   34 -    35 ┃  8.8875 ± 0.0038        (1.16mi) ┃ -7.5166 ± 0.0056        (6.47mi) ┃Vegas input parameters:
  ndim 10
  ncomp 1
  nvec 1
  epsrel 0
  epsabs 0
  flags 10
  seed 123456
  mineval 50000000
  maxeval 50000000
  nstart 1000000
  nincrease 1000000
  nbatch 5000
  gridno 0
  statefile ""

Iteration 1:  1000000 integrand evaluations so far
[1] 81.7427 +- 60.5269  	chisq 0 (0 df)

Iteration 2:  3000000 integrand evaluations so far
[1] -9.16604 +- 12.2302  	chisq 2.3519 (1 df)

Iteration 3:  6000000 integrand evaluations so far
[1] -11.365 +- 10.9892  	chisq 2.5197 (2 df)

Iteration 4:  10000000 integrand evaluations so far
[1] -12.334 +- 6.32921  	chisq 2.53134 (3 df)

Iteration 5:  15000000 integrand evaluations so far
[1] -12.0585 +- 6.30557  	chisq 2.78558 (4 df)

Iteration 6:  21000000 integrand evaluations so far
[1] -12.4553 +- 6.28606  	chisq 3.42653 (5 df)

Iteration 7:  28000000 integrand evaluations so far
[1] -12.0125 +- 6.26578  	chisq 4.1969 (6 df)

Iteration 8:  36000000 integrand evaluations so far
[1] -8.64034 +- 5.41555  	chisq 5.34185 (7 df)

Iteration 9:  45000000 integrand evaluations so far
[1] -7.20187 +- 4.81362  	chisq 5.67791 (8 df)

Iteration 10:  55000000 integrand evaluations so far
[1] -7.67111 +- 4.43808  	chisq 5.74128 (9 df)
    -7.7 ±    4.4        (3.25mi) ┃Vegas input parameters:
  ndim 8
  ncomp 1
  nvec 1
  epsrel 0
  epsabs 0
  flags 10
  seed 123456
  mineval 5000000
  maxeval 50000000
  nstart 1000000
  nincrease 1000000
  nbatch 5000
  gridno 0
  statefile ""

Iteration 1:  1000000 integrand evaluations so far
[1] 57.4875 +- 15.9026  	chisq 0 (0 df)

Iteration 2:  3000000 integrand evaluations so far
[1] 4.85941 +- 1.58978  	chisq 11.0627 (1 df)

Iteration 3:  6000000 integrand evaluations so far
[1] 5.27118 +- 1.58034  	chisq 16.7314 (2 df)

Iteration 4:  10000000 integrand evaluations so far
[1] 6.36132 +- 1.53433  	chisq 25.0238 (3 df)

Iteration 5:  15000000 integrand evaluations so far
[1] 9.22213 +- 1.45797  	chisq 60.8425 (4 df)

Iteration 6:  21000000 integrand evaluations so far
[1] 13.4022 +- 1.35788  	chisq 122.84 (5 df)

Iteration 7:  28000000 integrand evaluations so far
[1] 19.2648 +- 1.18535  	chisq 201.167 (6 df)

Iteration 8:  36000000 integrand evaluations so far
[1] 25.7538 +- 0.998051  	chisq 304.135 (7 df)

Iteration 9:  45000000 integrand evaluations so far
[1] 31.8343 +- 0.809695  	chisq 412.717 (8 df)

Iteration 10:  55000000 integrand evaluations so far
[1] 33.3317 +- 0.7591  	chisq 440.965 (9 df)
   33.33 ±   0.76        ( 1.8mi) ┃      27 ±    4.5        (12.7mi) ┃
┃   86 -    88 ┃   35 -    36 ┃  5.5982 ± 0.0022        (2.96mi) ┃ -4.7488 ± 0.0044        (48.4mi) ┃Vegas input parameters:
  ndim 10
  ncomp 1
  nvec 1
  epsrel 0
  epsabs 0
  flags 10
  seed 123456
  mineval 50000000
  maxeval 50000000
  nstart 1000000
  nincrease 1000000
  nbatch 5000
  gridno 0
  statefile ""

Iteration 1:  1000000 integrand evaluations so far
[1] 3.65471 +- 22.2904  	chisq 0 (0 df)

Iteration 2:  3000000 integrand evaluations so far
[1] -13.7309 +- 18.6568  	chisq 2.03147 (1 df)

Iteration 3:  6000000 integrand evaluations so far
[1] -16.3958 +- 18.3105  	chisq 2.58621 (2 df)

Iteration 4:  10000000 integrand evaluations so far
[1] -23.8893 +- 14.6702  	chisq 3.05391 (3 df)

Iteration 5:  15000000 integrand evaluations so far
[1] -22.904 +- 14.6393  	chisq 4.12503 (4 df)

Iteration 6:  21000000 integrand evaluations so far
[1] -20.7368 +- 11.1661  	chisq 4.17744 (5 df)

Iteration 7:  28000000 integrand evaluations so far
[1] -18.0124 +- 9.01215  	chisq 4.34822 (6 df)

Iteration 8:  36000000 integrand evaluations so far
[1] -16.4993 +- 8.92791  	chisq 5.863 (7 df)

Iteration 9:  45000000 integrand evaluations so far
[1] -18.0211 +- 8.85492  	chisq 7.64734 (8 df)

Iteration 10:  55000000 integrand evaluations so far
[1] -18.3495 +- 8.84891  	chisq 8.65985 (9 df)
   -18.3 ±    8.8        (3.45mi) ┃Vegas input parameters:
  ndim 8
  ncomp 1
  nvec 1
  epsrel 0
  epsabs 0
  flags 10
  seed 123456
  mineval 5000000
  maxeval 50000000
  nstart 1000000
  nincrease 1000000
  nbatch 5000
  gridno 0
  statefile ""

Iteration 1:  1000000 integrand evaluations so far
[1] 43.3395 +- 13.662  	chisq 0 (0 df)

Iteration 2:  3000000 integrand evaluations so far
[1] 21.9511 +- 7.69362  	chisq 3.58913 (1 df)

Iteration 3:  6000000 integrand evaluations so far
[1] 11.9617 +- 3.8512  	chisq 5.83864 (2 df)

Iteration 4:  10000000 integrand evaluations so far
[1] 12.4975 +- 3.809  	chisq 6.7268 (3 df)

Iteration 5:  15000000 integrand evaluations so far
[1] 13.2606 +- 2.30832  	chisq 6.79022 (4 df)

Iteration 6:  21000000 integrand evaluations so far
[1] 16.6568 +- 1.80855  	chisq 12.3963 (5 df)

Iteration 7:  28000000 integrand evaluations so far
[1] 20.1748 +- 1.57595  	chisq 28.1178 (6 df)

Iteration 8:  36000000 integrand evaluations so far
[1] 25.5261 +- 1.33392  	chisq 68.7772 (7 df)

Iteration 9:  45000000 integrand evaluations so far
[1] 29.054 +- 1.1395  	chisq 94.6599 (8 df)

Iteration 10:  55000000 integrand evaluations so far
[1] 29.8635 +- 1.10724  	chisq 103.701 (9 df)
    29.9 ±    1.1        (1.75mi) ┃    12.4 ±    8.9        (56.6mi) ┃
┃   86 -    88 ┃   36 -    37 ┃ 10.4781 ± 0.0088        (1.51mi) ┃  -8.874 ± 0.0068        (24.6mi) ┃Vegas input parameters:
  ndim 10
  ncomp 1
  nvec 1
  epsrel 0
  epsabs 0
  flags 10
  seed 123456
  mineval 50000000
  maxeval 50000000
  nstart 1000000
  nincrease 1000000
  nbatch 5000
  gridno 0
  statefile ""

Iteration 1:  1000000 integrand evaluations so far
[1] -7.72954 +- 52.2499  	chisq 0 (0 df)

Iteration 2:  3000000 integrand evaluations so far
[1] -26.0085 +- 47.4084  	chisq 0.692474 (1 df)

Iteration 3:  6000000 integrand evaluations so far
[1] 15.0694 +- 14.9076  	chisq 1.52562 (2 df)

Iteration 4:  10000000 integrand evaluations so far
[1] 0.0944471 +- 7.10538  	chisq 2.83131 (3 df)

Iteration 5:  15000000 integrand evaluations so far
[1] 0.172478 +- 6.99866  	chisq 2.83535 (4 df)

Iteration 6:  21000000 integrand evaluations so far
[1] 1.06402 +- 6.94447  	chisq 3.88744 (5 df)

Iteration 7:  28000000 integrand evaluations so far
[1] 2.899 +- 6.87167  	chisq 7.23499 (6 df)

Iteration 8:  36000000 integrand evaluations so far
[1] -1.09566 +- 4.87171  	chisq 7.91442 (7 df)

Iteration 9:  45000000 integrand evaluations so far
[1] -3.03225 +- 4.34343  	chisq 8.68481 (8 df)

Iteration 10:  55000000 integrand evaluations so far
[1] -2.26247 +- 4.29387  	chisq 10.0692 (9 df)
    -2.3 ±    4.3        (3.49mi) ┃Vegas input parameters:
  ndim 8
  ncomp 1
  nvec 1
  epsrel 0
  epsabs 0
  flags 10
  seed 123456
  mineval 5000000
  maxeval 50000000
  nstart 1000000
  nincrease 1000000
  nbatch 5000
  gridno 0
  statefile ""

Iteration 1:  1000000 integrand evaluations so far
[1] 47.7265 +- 15.1167  	chisq 0 (0 df)

Iteration 2:  3000000 integrand evaluations so far
[1] 0.81786 +- 0.182193  	chisq 9.63065 (1 df)

Iteration 3:  6000000 integrand evaluations so far
[1] 0.844169 +- 0.181879  	chisq 15.6829 (2 df)

Iteration 4:  10000000 integrand evaluations so far
[1] 0.858875 +- 0.181733  	chisq 19.7461 (3 df)

Iteration 5:  15000000 integrand evaluations so far
[1] 0.874755 +- 0.181659  	chisq 29.1821 (4 df)

Iteration 6:  21000000 integrand evaluations so far
[1] 0.896741 +- 0.181608  	chisq 55.1639 (5 df)

Iteration 7:  28000000 integrand evaluations so far
[1] 0.968495 +- 0.18141  	chisq 126.887 (6 df)

Iteration 8:  36000000 integrand evaluations so far
[1] 1.02298 +- 0.181289  	chisq 194.205 (7 df)

Iteration 9:  45000000 integrand evaluations so far
[1] 1.03504 +- 0.181268  	chisq 213.23 (8 df)

Iteration 10:  55000000 integrand evaluations so far
[1] 1.2094 +- 0.18087  	chisq 424.23 (9 df)
    1.21 ±   0.18        (1.69mi) ┃     0.6 ±    4.3        (31.3mi) ┃
┃   86 -    88 ┃   37 -    38 ┃   10.76 ± 0.0048        (4.32mi) ┃ -9.1659 ± 0.0067        (  25mi) ┃Vegas input parameters:
  ndim 10
  ncomp 1
  nvec 1
  epsrel 0
  epsabs 0
  flags 10
  seed 123456
  mineval 50000000
  maxeval 50000000
  nstart 1000000
  nincrease 1000000
  nbatch 5000
  gridno 0
  statefile ""

Iteration 1:  1000000 integrand evaluations so far
[1] -46.6906 +- 36.5522  	chisq 0 (0 df)

Iteration 2:  3000000 integrand evaluations so far
[1] 6.99066 +- 10.3312  	chisq 2.34411 (1 df)

Iteration 3:  6000000 integrand evaluations so far
[1] -0.49858 +- 8.52729  	chisq 3.99284 (2 df)

Iteration 4:  10000000 integrand evaluations so far
[1] 3.0901 +- 7.51962  	chisq 4.78929 (3 df)

Iteration 5:  15000000 integrand evaluations so far
[1] 6.00476 +- 6.143  	chisq 5.24097 (4 df)

Iteration 6:  21000000 integrand evaluations so far
[1] 3.14308 +- 5.41156  	chisq 6.20994 (5 df)

Iteration 7:  28000000 integrand evaluations so far
[1] 2.76961 +- 5.36223  	chisq 6.47236 (6 df)

Iteration 8:  36000000 integrand evaluations so far
[1] 3.09228 +- 5.34481  	chisq 7.03063 (7 df)

Iteration 9:  45000000 integrand evaluations so far
[1] -2.28408 +- 4.88878  	chisq 13.2245 (8 df)

Iteration 10:  55000000 integrand evaluations so far
[1] -1.99309 +- 4.85332  	chisq 13.4696 (9 df)
      -2 ±    4.9        (3.39mi) ┃Vegas input parameters:
  ndim 8
  ncomp 1
  nvec 1
  epsrel 0
  epsabs 0
  flags 10
  seed 123456
  mineval 5000000
  maxeval 50000000
  nstart 1000000
  nincrease 1000000
  nbatch 5000
  gridno 0
  statefile ""

Iteration 1:  1000000 integrand evaluations so far
[1] 43.5697 +- 13.3583  	chisq 0 (0 df)

Iteration 2:  3000000 integrand evaluations so far
[1] 45.1217 +- 12.2673  	chisq 0.0861573 (1 df)

Iteration 3:  6000000 integrand evaluations so far
[1] 41.0481 +- 9.05256  	chisq 0.328275 (2 df)

Iteration 4:  10000000 integrand evaluations so far
[1] 43.0311 +- 8.73548  	chisq 1.02546 (3 df)

Iteration 5:  15000000 integrand evaluations so far
[1] 44.3434 +- 8.64355  	chisq 2.10354 (4 df)

Iteration 6:  21000000 integrand evaluations so far
[1] 43.6965 +- 7.58125  	chisq 2.12783 (5 df)

Iteration 7:  28000000 integrand evaluations so far
[1] 38.0193 +- 4.74929  	chisq 3.05081 (6 df)

Iteration 8:  36000000 integrand evaluations so far
[1] 35.8908 +- 2.32088  	chisq 3.31469 (7 df)

Iteration 9:  45000000 integrand evaluations so far
[1] 37.909 +- 1.87933  	chisq 5.5109 (8 df)

Iteration 10:  55000000 integrand evaluations so far
[1] 39.4833 +- 1.45447  	chisq 7.26078 (9 df)
    39.5 ±    1.5        (1.71mi) ┃    39.1 ±    5.1        (34.4mi) ┃
┃   86 -    88 ┃   38 -    39 ┃   7.169 ± 0.0071        (16.3mi) ┃ -6.0669 ± 0.0021        (24.5mi) ┃Vegas input parameters:
  ndim 10
  ncomp 1
  nvec 1
  epsrel 0
  epsabs 0
  flags 10
  seed 123456
  mineval 50000000
  maxeval 50000000
  nstart 1000000
  nincrease 1000000
  nbatch 5000
  gridno 0
  statefile ""

Iteration 1:  1000000 integrand evaluations so far
[1] -59.6687 +- 56.3058  	chisq 0 (0 df)

Iteration 2:  3000000 integrand evaluations so far
[1] -3.33044 +- 5.54544  	chisq 1.01096 (1 df)

Iteration 3:  6000000 integrand evaluations so far
[1] -4.68794 +- 5.47872  	chisq 3.51655 (2 df)

Iteration 4:  10000000 integrand evaluations so far
[1] -3.9774 +- 5.44794  	chisq 5.01777 (3 df)

Iteration 5:  15000000 integrand evaluations so far
[1] -5.09174 +- 5.31124  	chisq 5.86204 (4 df)

Iteration 6:  21000000 integrand evaluations so far
[1] -4.64084 +- 5.2769  	chisq 6.42122 (5 df)

Iteration 7:  28000000 integrand evaluations so far
[1] -2.8145 +- 4.96344  	chisq 7.46035 (6 df)

Iteration 8:  36000000 integrand evaluations so far
[1] -1.23942 +- 4.83581  	chisq 9.44382 (7 df)

Iteration 9:  45000000 integrand evaluations so far
[1] -0.749328 +- 4.78567  	chisq 9.94173 (8 df)

Iteration 10:  55000000 integrand evaluations so far
[1] -0.825819 +- 4.78513  	chisq 11.0719 (9 df)
    -0.8 ±    4.8        (3.44mi) ┃Vegas input parameters:
  ndim 8
  ncomp 1
  nvec 1
  epsrel 0
  epsabs 0
  flags 10
  seed 123456
  mineval 5000000
  maxeval 50000000
  nstart 1000000
  nincrease 1000000
  nbatch 5000
  gridno 0
  statefile ""

Iteration 1:  1000000 integrand evaluations so far
[1] 60.8315 +- 17.0797  	chisq 0 (0 df)

Iteration 2:  3000000 integrand evaluations so far
[1] 5.97474 +- 1.53964  	chisq 10.4002 (1 df)

Iteration 3:  6000000 integrand evaluations so far
[1] 6.09093 +- 1.53779  	chisq 12.7648 (2 df)

Iteration 4:  10000000 integrand evaluations so far
[1] 6.32794 +- 1.53347  	chisq 16.9967 (3 df)

Iteration 5:  15000000 integrand evaluations so far
[1] 6.81582 +- 1.52208  	chisq 23.8402 (4 df)

Iteration 6:  21000000 integrand evaluations so far
[1] 6.88398 +- 1.52156  	chisq 26.729 (5 df)

Iteration 7:  28000000 integrand evaluations so far
[1] 10.5904 +- 1.36895  	chisq 57.8714 (6 df)

Iteration 8:  36000000 integrand evaluations so far
[1] 11.9739 +- 1.3337  	chisq 77.9617 (7 df)

Iteration 9:  45000000 integrand evaluations so far
[1] 17.2228 +- 1.17795  	chisq 148.391 (8 df)

Iteration 10:  55000000 integrand evaluations so far
[1] 23.6669 +- 0.974392  	chisq 243.174 (9 df)
   23.67 ±   0.97        (1.76mi) ┃    23.9 ±    4.9        (  46mi) ┃
┃   86 -    88 ┃   39 -    40 ┃  8.2082 ± 0.0047        ( 10.1s) ┃ -6.9509 ± 0.0043        (49.3mi) ┃Vegas input parameters:
  ndim 10
  ncomp 1
  nvec 1
  epsrel 0
  epsabs 0
  flags 10
  seed 123456
  mineval 50000000
  maxeval 50000000
  nstart 1000000
  nincrease 1000000
  nbatch 5000
  gridno 0
  statefile ""

Iteration 1:  1000000 integrand evaluations so far
[1] 25.1414 +- 16.7889  	chisq 0 (0 df)

Iteration 2:  3000000 integrand evaluations so far
[1] -2.42025 +- 8.82585  	chisq 3.72429 (1 df)

Iteration 3:  6000000 integrand evaluations so far
[1] -2.12966 +- 8.82107  	chisq 4.72453 (2 df)

Iteration 4:  10000000 integrand evaluations so far
[1] 0.388619 +- 8.5973  	chisq 6.35163 (3 df)

Iteration 5:  15000000 integrand evaluations so far
[1] -0.609302 +- 7.3988  	chisq 6.40358 (4 df)

Iteration 6:  21000000 integrand evaluations so far
[1] -1.83302 +- 7.14596  	chisq 6.81078 (5 df)

Iteration 7:  28000000 integrand evaluations so far
[1] -1.10729 +- 6.61265  	chisq 6.88256 (6 df)

Iteration 8:  36000000 integrand evaluations so far
[1] -0.043178 +- 6.56707  	chisq 8.76746 (7 df)

Iteration 9:  45000000 integrand evaluations so far
[1] -0.884775 +- 6.44416  	chisq 9.21035 (8 df)

Iteration 10:  55000000 integrand evaluations so far
[1] -2.13194 +- 5.94728  	chisq 9.46297 (9 df)
    -2.1 ±    5.9        (3.47mi) ┃Vegas input parameters:
  ndim 8
  ncomp 1
  nvec 1
  epsrel 0
  epsabs 0
  flags 10
  seed 123456
  mineval 5000000
  maxeval 50000000
  nstart 1000000
  nincrease 1000000
  nbatch 5000
  gridno 0
  statefile ""

Iteration 1:  1000000 integrand evaluations so far
[1] 32.6092 +- 10.5561  	chisq 0 (0 df)

Iteration 2:  3000000 integrand evaluations so far
[1] 2.31656 +- 0.892415  	chisq 8.29429 (1 df)

Iteration 3:  6000000 integrand evaluations so far
[1] 2.37301 +- 0.891334  	chisq 9.94716 (2 df)

Iteration 4:  10000000 integrand evaluations so far
[1] 2.38007 +- 0.891313  	chisq 11.2735 (3 df)

Iteration 5:  15000000 integrand evaluations so far
[1] 2.42999 +- 0.890773  	chisq 13.8636 (4 df)

Iteration 6:  21000000 integrand evaluations so far
[1] 3.27388 +- 0.869333  	chisq 32.7343 (5 df)

Iteration 7:  28000000 integrand evaluations so far
[1] 4.48012 +- 0.85089  	chisq 78.5972 (6 df)

Iteration 8:  36000000 integrand evaluations so far
[1] 4.58691 +- 0.850044  	chisq 86.5189 (7 df)

Iteration 9:  45000000 integrand evaluations so far
[1] 4.83177 +- 0.847759  	chisq 101.973 (8 df)

Iteration 10:  55000000 integrand evaluations so far
[1] 6.06494 +- 0.832979  	chisq 163.193 (9 df)
    6.06 ±   0.83        ( 1.8mi) ┃     5.2 ±      6        (54.7mi) ┃
┃   86 -    88 ┃   40 -    41 ┃  8.3486 ± 0.0017        (8.36mi) ┃ -7.1183 ± 0.0013        (25.4mi) ┃Vegas input parameters:
  ndim 10
  ncomp 1
  nvec 1
  epsrel 0
  epsabs 0
  flags 10
  seed 123456
  mineval 50000000
  maxeval 50000000
  nstart 1000000
  nincrease 1000000
  nbatch 5000
  gridno 0
  statefile ""

Iteration 1:  1000000 integrand evaluations so far
[1] -2.14042 +- 8.66856  	chisq 0 (0 df)

Iteration 2:  3000000 integrand evaluations so far
[1] 1.60903 +- 8.43538  	chisq 3.52495 (1 df)

Iteration 3:  6000000 integrand evaluations so far
[1] 4.07873 +- 8.27758  	chisq 5.83762 (2 df)

Iteration 4:  10000000 integrand evaluations so far
[1] 3.59043 +- 8.00908  	chisq 5.89214 (3 df)

Iteration 5:  15000000 integrand evaluations so far
[1] 3.09087 +- 7.95275  	chisq 6.1697 (4 df)

Iteration 6:  21000000 integrand evaluations so far
[1] 5.12259 +- 7.57246  	chisq 6.86887 (5 df)

Iteration 7:  28000000 integrand evaluations so far
[1] 4.47119 +- 7.01983  	chisq 6.92148 (6 df)

Iteration 8:  36000000 integrand evaluations so far
[1] 1.58928 +- 4.36675  	chisq 7.19641 (7 df)

Iteration 9:  45000000 integrand evaluations so far
[1] 1.26333 +- 4.23409  	chisq 7.28953 (8 df)

Iteration 10:  55000000 integrand evaluations so far
[1] 0.890597 +- 4.22447  	chisq 8.99816 (9 df)
     0.9 ±    4.2        (3.49mi) ┃Vegas input parameters:
  ndim 8
  ncomp 1
  nvec 1
  epsrel 0
  epsabs 0
  flags 10
  seed 123456
  mineval 5000000
  maxeval 50000000
  nstart 1000000
  nincrease 1000000
  nbatch 5000
  gridno 0
  statefile ""

Iteration 1:  1000000 integrand evaluations so far
[1] 67.6211 +- 16.033  	chisq 0 (0 df)

Iteration 2:  3000000 integrand evaluations so far
[1] 12.7342 +- 2.61448  	chisq 12.0397 (1 df)

Iteration 3:  6000000 integrand evaluations so far
[1] 15.0005 +- 2.13653  	chisq 14.3015 (2 df)

Iteration 4:  10000000 integrand evaluations so far
[1] 17.3993 +- 1.94527  	chisq 21.6722 (3 df)

Iteration 5:  15000000 integrand evaluations so far
[1] 19.8079 +- 1.85821  	chisq 39.1921 (4 df)

Iteration 6:  21000000 integrand evaluations so far
[1] 23.7998 +- 1.62601  	chisq 58.8886 (5 df)

Iteration 7:  28000000 integrand evaluations so far
[1] 29.3268 +- 1.33267  	chisq 94.0862 (6 df)

Iteration 8:  36000000 integrand evaluations so far
[1] 34.3009 +- 0.927132  	chisq 121.084 (7 df)

Iteration 9:  45000000 integrand evaluations so far
[1] 35.4836 +- 0.632466  	chisq 124.128 (8 df)

Iteration 10:  55000000 integrand evaluations so far
[1] 35.8736 +- 0.592423  	chisq 127.228 (9 df)
   35.87 ±   0.59        (1.75mi) ┃      38 ±    4.3        (  39mi) ┃
┃   86 -    88 ┃   41 -    42 ┃  11.939 ±  0.011        (2.22mi) ┃ -10.087 ± 0.0076        (25.4mi) ┃Vegas input parameters:
  ndim 10
  ncomp 1
  nvec 1
  epsrel 0
  epsabs 0
  flags 10
  seed 123456
  mineval 50000000
  maxeval 50000000
  nstart 1000000
  nincrease 1000000
  nbatch 5000
  gridno 0
  statefile ""

Iteration 1:  1000000 integrand evaluations so far
[1] 50.0034 +- 28.2751  	chisq 0 (0 df)

Iteration 2:  3000000 integrand evaluations so far
[1] 9.41285 +- 6.28418  	chisq 2.16792 (1 df)

Iteration 3:  6000000 integrand evaluations so far
[1] 8.32119 +- 6.24135  	chisq 4.38914 (2 df)

Iteration 4:  10000000 integrand evaluations so far
[1] 2.52232 +- 4.43289  	chisq 6.13112 (3 df)

Iteration 5:  15000000 integrand evaluations so far
[1] 2.34881 +- 4.19464  	chisq 6.14576 (4 df)

Iteration 6:  21000000 integrand evaluations so far
[1] 1.11926 +- 4.10894  	chisq 8.27028 (5 df)

Iteration 7:  28000000 integrand evaluations so far
[1] 1.66397 +- 4.02433  	chisq 8.70145 (6 df)

Iteration 8:  36000000 integrand evaluations so far
[1] 1.6142 +- 4.024  	chisq 9.61986 (7 df)

Iteration 9:  45000000 integrand evaluations so far
[1] 1.76613 +- 4.01303  	chisq 9.8818 (8 df)

Iteration 10:  55000000 integrand evaluations so far
[1] 1.062 +- 3.77947  	chisq 10.1542 (9 df)
     1.1 ±    3.8        (3.51mi) ┃Vegas input parameters:
  ndim 8
  ncomp 1
  nvec 1
  epsrel 0
  epsabs 0
  flags 10
  seed 123456
  mineval 5000000
  maxeval 50000000
  nstart 1000000
  nincrease 1000000
  nbatch 5000
  gridno 0
  statefile ""

Iteration 1:  1000000 integrand evaluations so far
[1] 40.4574 +- 11.4631  	chisq 0 (0 df)

Iteration 2:  3000000 integrand evaluations so far
[1] 15.2784 +- 4.23715  	chisq 5.58826 (1 df)

Iteration 3:  6000000 integrand evaluations so far
[1] 13.4909 +- 3.26523  	chisq 6.02644 (2 df)

Iteration 4:  10000000 integrand evaluations so far
[1] 14.4685 +- 3.18601  	chisq 7.89644 (3 df)

Iteration 5:  15000000 integrand evaluations so far
[1] 15.8632 +- 2.25674  	chisq 8.28101 (4 df)

Iteration 6:  21000000 integrand evaluations so far
[1] 17.0869 +- 2.19385  	chisq 13.6317 (5 df)

Iteration 7:  28000000 integrand evaluations so far
[1] 23.1029 +- 1.7696  	chisq 35.1554 (6 df)

Iteration 8:  36000000 integrand evaluations so far
[1] 29.0416 +- 1.19296  	chisq 55.8 (7 df)

Iteration 9:  45000000 integrand evaluations so far
[1] 33.4649 +- 0.815087  	chisq 81.585 (8 df)

Iteration 10:  55000000 integrand evaluations so far
[1] 35.184 +- 0.600447  	chisq 91.3123 (9 df)
   35.18 ±    0.6        (1.73mi) ┃    38.1 ±    3.8        (32.8mi) ┃
┃   86 -    88 ┃   42 -    43 ┃  8.1831 ± 0.0014        (1.07hr) ┃ -6.9471 ± 0.0067        (25.1mi) ┃Vegas input parameters:
  ndim 10
  ncomp 1
  nvec 1
  epsrel 0
  epsabs 0
  flags 10
  seed 123456
  mineval 50000000
  maxeval 50000000
  nstart 1000000
  nincrease 1000000
  nbatch 5000
  gridno 0
  statefile ""

Iteration 1:  1000000 integrand evaluations so far
[1] -66.5858 +- 158.198  	chisq 0 (0 df)

Iteration 2:  3000000 integrand evaluations so far
[1] 0.816579 +- 19.1282  	chisq 0.184222 (1 df)

Iteration 3:  6000000 integrand evaluations so far
[1] 6.7446 +- 18.4696  	chisq 1.60335 (2 df)

Iteration 4:  10000000 integrand evaluations so far
[1] 12.4755 +- 17.3354  	chisq 2.41206 (3 df)

Iteration 5:  15000000 integrand evaluations so far
[1] -8.82049 +- 5.52692  	chisq 4.09195 (4 df)

Iteration 6:  21000000 integrand evaluations so far
[1] -8.85246 +- 5.52683  	chisq 5.12866 (5 df)

Iteration 7:  28000000 integrand evaluations so far
[1] -8.23807 +- 5.48401  	chisq 5.92928 (6 df)

Iteration 8:  36000000 integrand evaluations so far
[1] -8.23689 +- 5.48369  	chisq 5.92968 (7 df)

Iteration 9:  45000000 integrand evaluations so far
[1] -6.70738 +- 5.10393  	chisq 6.51151 (8 df)

Iteration 10:  55000000 integrand evaluations so far
[1] -7.03165 +- 4.23265  	chisq 6.52443 (9 df)
      -7 ±    4.2        (3.32mi) ┃Vegas input parameters:
  ndim 8
  ncomp 1
  nvec 1
  epsrel 0
  epsabs 0
  flags 10
  seed 123456
  mineval 5000000
  maxeval 50000000
  nstart 1000000
  nincrease 1000000
  nbatch 5000
  gridno 0
  statefile ""

Iteration 1:  1000000 integrand evaluations so far
[1] 36.1293 +- 13.3845  	chisq 0 (0 df)

Iteration 2:  3000000 integrand evaluations so far
[1] 1.84096 +- 1.105  	chisq 6.60785 (1 df)

Iteration 3:  6000000 integrand evaluations so far
[1] 2.23016 +- 0.986409  	chisq 7.21861 (2 df)

Iteration 4:  10000000 integrand evaluations so far
[1] 2.413 +- 0.973881  	chisq 8.57984 (3 df)

Iteration 5:  15000000 integrand evaluations so far
[1] 2.50353 +- 0.972378  	chisq 11.3802 (4 df)

Iteration 6:  21000000 integrand evaluations so far
[1] 2.62091 +- 0.970168  	chisq 14.5906 (5 df)

Iteration 7:  28000000 integrand evaluations so far
[1] 4.08479 +- 0.92955  	chisq 42.3621 (6 df)

Iteration 8:  36000000 integrand evaluations so far
[1] 5.33576 +- 0.911269  	chisq 88.8657 (7 df)

Iteration 9:  45000000 integrand evaluations so far
[1] 6.03162 +- 0.901011  	chisq 114.913 (8 df)

Iteration 10:  55000000 integrand evaluations so far
[1] 8.70101 +- 0.856784  	chisq 206.571 (9 df)
     8.7 ±   0.86        (1.69mi) ┃     2.9 ±    4.3        (1.57hr) ┃
┃   86 -    88 ┃   43 -    44 ┃  8.8091 ± 0.0078        (1.99mi) ┃ -7.5542 ± 0.0048        (15.8mi) ┃Vegas input parameters:
  ndim 10
  ncomp 1
  nvec 1
  epsrel 0
  epsabs 0
  flags 10
  seed 123456
  mineval 50000000
  maxeval 50000000
  nstart 1000000
  nincrease 1000000
  nbatch 5000
  gridno 0
  statefile ""

Iteration 1:  1000000 integrand evaluations so far
[1] 6.90236 +- 11.8669  	chisq 0 (0 df)

Iteration 2:  3000000 integrand evaluations so far
[1] 4.55054 +- 11.7761  	chisq 2.57719 (1 df)

Iteration 3:  6000000 integrand evaluations so far
[1] 3.1493 +- 11.7073  	chisq 3.79295 (2 df)

Iteration 4:  10000000 integrand evaluations so far
[1] 5.46195 +- 8.58768  	chisq 3.87743 (3 df)

Iteration 5:  15000000 integrand evaluations so far
[1] 1.68791 +- 5.07656  	chisq 4.17431 (4 df)

Iteration 6:  21000000 integrand evaluations so far
[1] 1.6141 +- 5.07609  	chisq 5.32708 (5 df)

Iteration 7:  28000000 integrand evaluations so far
[1] -3.41151 +- 4.43723  	chisq 9.48274 (6 df)

Iteration 8:  36000000 integrand evaluations so far
[1] -3.50046 +- 4.4364  	chisq 10.552 (7 df)

Iteration 9:  45000000 integrand evaluations so far
[1] -2.94595 +- 4.12655  	chisq 10.6679 (8 df)

Iteration 10:  55000000 integrand evaluations so far
[1] -2.98295 +- 4.12638  	chisq 11.6514 (9 df)
      -3 ±    4.1        (3.18mi) ┃Vegas input parameters:
  ndim 8
  ncomp 1
  nvec 1
  epsrel 0
  epsabs 0
  flags 10
  seed 123456
  mineval 5000000
  maxeval 50000000
  nstart 1000000
  nincrease 1000000
  nbatch 5000
  gridno 0
  statefile ""

Iteration 1:  1000000 integrand evaluations so far
[1] 33.0808 +- 11.3516  	chisq 0 (0 df)

Iteration 2:  3000000 integrand evaluations so far
[1] 5.09157 +- 1.863  	chisq 6.24782 (1 df)

Iteration 3:  6000000 integrand evaluations so far
[1] 5.09747 +- 1.86299  	chisq 7.26451 (2 df)

Iteration 4:  10000000 integrand evaluations so far
[1] 5.21908 +- 1.85874  	chisq 8.19849 (3 df)

Iteration 5:  15000000 integrand evaluations so far
[1] 4.5752 +- 0.934579  	chisq 8.35909 (4 df)

Iteration 6:  21000000 integrand evaluations so far
[1] 4.60913 +- 0.934258  	chisq 10.2771 (5 df)

Iteration 7:  28000000 integrand evaluations so far
[1] 4.84025 +- 0.929225  	chisq 15.9733 (6 df)

Iteration 8:  36000000 integrand evaluations so far
[1] 4.9179 +- 0.928559  	chisq 20.8464 (7 df)

Iteration 9:  45000000 integrand evaluations so far
[1] 9.04041 +- 0.821257  	chisq 111.362 (8 df)

Iteration 10:  55000000 integrand evaluations so far
[1] 15.3657 +- 0.664085  	chisq 282.743 (9 df)
   15.37 ±   0.66        (1.65mi) ┃    13.6 ±    4.2        (22.6mi) ┃
┃   86 -    88 ┃   44 -    45 ┃  9.3008 ± 0.0044        (4.51mi) ┃ -7.8179 ± 0.0035        ( 6.2mi) ┃Vegas input parameters:
  ndim 10
  ncomp 1
  nvec 1
  epsrel 0
  epsabs 0
  flags 10
  seed 123456
  mineval 50000000
  maxeval 50000000
  nstart 1000000
  nincrease 1000000
  nbatch 5000
  gridno 0
  statefile ""

Iteration 1:  1000000 integrand evaluations so far
[1] 72.7451 +- 78.4039  	chisq 0 (0 df)

Iteration 2:  3000000 integrand evaluations so far
[1] 11.7549 +- 10.7235  	chisq 0.616661 (1 df)

Iteration 3:  6000000 integrand evaluations so far
[1] 12.1154 +- 10.6415  	chisq 0.690835 (2 df)

Iteration 4:  10000000 integrand evaluations so far
[1] 10.4113 +- 10.5238  	chisq 1.85635 (3 df)

Iteration 5:  15000000 integrand evaluations so far
[1] 6.1594 +- 10.0551  	chisq 3.73096 (4 df)

Iteration 6:  21000000 integrand evaluations so far
[1] -0.681627 +- 6.91961  	chisq 4.61025 (5 df)

Iteration 7:  28000000 integrand evaluations so far
[1] -1.49366 +- 6.85627  	chisq 5.36586 (6 df)

Iteration 8:  36000000 integrand evaluations so far
[1] 0.297557 +- 4.7159  	chisq 5.4954 (7 df)

Iteration 9:  45000000 integrand evaluations so far
[1] -0.772232 +- 4.53327  	chisq 6.17291 (8 df)

Iteration 10:  55000000 integrand evaluations so far
[1] -1.46454 +- 4.39179  	chisq 6.55249 (9 df)
    -1.5 ±    4.4        (3.32mi) ┃Vegas input parameters:
  ndim 8
  ncomp 1
  nvec 1
  epsrel 0
  epsabs 0
  flags 10
  seed 123456
  mineval 5000000
  maxeval 50000000
  nstart 1000000
  nincrease 1000000
  nbatch 5000
  gridno 0
  statefile ""

Iteration 1:  1000000 integrand evaluations so far
[1] 36.164 +- 11.9127  	chisq 0 (0 df)

Iteration 2:  3000000 integrand evaluations so far
[1] 36.547 +- 11.2841  	chisq 0.01006 (1 df)

Iteration 3:  6000000 integrand evaluations so far
[1] 9.40581 +- 3.83284  	chisq 6.54987 (2 df)

Iteration 4:  10000000 integrand evaluations so far
[1] 3.63089 +- 0.827802  	chisq 8.93107 (3 df)

Iteration 5:  15000000 integrand evaluations so far
[1] 3.8565 +- 0.82126  	chisq 13.6501 (4 df)

Iteration 6:  21000000 integrand evaluations so far
[1] 5.29094 +- 0.787309  	chisq 51.3256 (5 df)

Iteration 7:  28000000 integrand evaluations so far
[1] 6.38749 +- 0.773965  	chisq 109.042 (6 df)

Iteration 8:  36000000 integrand evaluations so far
[1] 7.47571 +- 0.761381  	chisq 170.336 (7 df)

Iteration 9:  45000000 integrand evaluations so far
[1] 8.49591 +- 0.748025  	chisq 221.964 (8 df)

Iteration 10:  55000000 integrand evaluations so far
[1] 11.6287 +- 0.704879  	chisq 378.527 (9 df)
   11.63 ±    0.7        (1.69mi) ┃    11.6 ±    4.4        (15.7mi) ┃
┃   86 -    88 ┃   45 -    46 ┃  8.6869 ±  0.006        (8.58mi) ┃ -7.3913 ± 0.0053        (10.4mi) ┃Vegas input parameters:
  ndim 10
  ncomp 1
  nvec 1
  epsrel 0
  epsabs 0
  flags 10
  seed 123456
  mineval 50000000
  maxeval 50000000
  nstart 1000000
  nincrease 1000000
  nbatch 5000
  gridno 0
  statefile ""

Iteration 1:  1000000 integrand evaluations so far
[1] 83.1268 +- 95.2571  	chisq 0 (0 df)

Iteration 2:  3000000 integrand evaluations so far
[1] -2.31306 +- 8.00851  	chisq 0.810227 (1 df)

Iteration 3:  6000000 integrand evaluations so far
[1] -2.2708 +- 8.0084  	chisq 1.82812 (2 df)

Iteration 4:  10000000 integrand evaluations so far
[1] -0.0282815 +- 6.65768  	chisq 2.08198 (3 df)

Iteration 5:  15000000 integrand evaluations so far
[1] -0.241629 +- 6.61197  	chisq 2.15702 (4 df)

Iteration 6:  21000000 integrand evaluations so far
[1] -0.0457186 +- 6.60918  	chisq 3.19967 (5 df)

Iteration 7:  28000000 integrand evaluations so far
[1] -4.57798 +- 5.17867  	chisq 4.41783 (6 df)

Iteration 8:  36000000 integrand evaluations so far
[1] -6.61193 +- 4.82374  	chisq 5.5831 (7 df)

Iteration 9:  45000000 integrand evaluations so far
[1] -7.32672 +- 4.17311  	chisq 5.67038 (8 df)

Iteration 10:  55000000 integrand evaluations so far
[1] -7.39038 +- 4.17265  	chisq 6.73744 (9 df)
    -7.4 ±    4.2        (3.27mi) ┃Vegas input parameters:
  ndim 8
  ncomp 1
  nvec 1
  epsrel 0
  epsabs 0
  flags 10
  seed 123456
  mineval 5000000
  maxeval 50000000
  nstart 1000000
  nincrease 1000000
  nbatch 5000
  gridno 0
  statefile ""

Iteration 1:  1000000 integrand evaluations so far
[1] 52.9542 +- 15.0437  	chisq 0 (0 df)

Iteration 2:  3000000 integrand evaluations so far
[1] 7.15771 +- 2.17101  	chisq 9.46442 (1 df)

Iteration 3:  6000000 integrand evaluations so far
[1] 7.51264 +- 2.15749  	chisq 11.6172 (2 df)

Iteration 4:  10000000 integrand evaluations so far
[1] 9.0426 +- 2.05501  	chisq 17.0391 (3 df)

Iteration 5:  15000000 integrand evaluations so far
[1] 9.21241 +- 2.05143  	chisq 19.0012 (4 df)

Iteration 6:  21000000 integrand evaluations so far
[1] 9.2293 +- 2.05136  	chisq 20.0726 (5 df)

Iteration 7:  28000000 integrand evaluations so far
[1] 9.85069 +- 2.02247  	chisq 23.3536 (6 df)

Iteration 8:  36000000 integrand evaluations so far
[1] 11.7848 +- 1.93303  	chisq 33.9275 (7 df)

Iteration 9:  45000000 integrand evaluations so far
[1] 14.8049 +- 1.77513  	chisq 49.5045 (8 df)

Iteration 10:  55000000 integrand evaluations so far
[1] 20.5424 +- 1.21674  	chisq 69.2091 (9 df)
    20.5 ±    1.2        (1.74mi) ┃    14.4 ±    4.3        (  24mi) ┃
┃   86 -    88 ┃   46 -    47 ┃  9.1796 ± 0.0024        (3.81mi) ┃ -7.7473 ± 0.0077        (6.13mi) ┃Vegas input parameters:
  ndim 10
  ncomp 1
  nvec 1
  epsrel 0
  epsabs 0
  flags 10
  seed 123456
  mineval 50000000
  maxeval 50000000
  nstart 1000000
  nincrease 1000000
  nbatch 5000
  gridno 0
  statefile ""

Iteration 1:  1000000 integrand evaluations so far
[1] 16.1144 +- 23.6811  	chisq 0 (0 df)

Iteration 2:  3000000 integrand evaluations so far
[1] 23.4634 +- 16.4065  	chisq 0.185199 (1 df)

Iteration 3:  6000000 integrand evaluations so far
[1] 11.3112 +- 8.21683  	chisq 0.917504 (2 df)

Iteration 4:  10000000 integrand evaluations so far
[1] 6.79477 +- 6.74867  	chisq 1.8459 (3 df)

Iteration 5:  15000000 integrand evaluations so far
[1] 7.91625 +- 6.50778  	chisq 2.23976 (4 df)

Iteration 6:  21000000 integrand evaluations so far
[1] 9.58072 +- 6.34001  	chisq 3.52503 (5 df)

Iteration 7:  28000000 integrand evaluations so far
[1] 9.71057 +- 6.33872  	chisq 4.56279 (6 df)

Iteration 8:  36000000 integrand evaluations so far
[1] 9.78178 +- 6.06868  	chisq 4.56431 (7 df)

Iteration 9:  45000000 integrand evaluations so far
[1] 10.6934 +- 5.98765  	chisq 5.41499 (8 df)

Iteration 10:  55000000 integrand evaluations so far
[1] 11.1165 +- 5.89236  	chisq 5.57312 (9 df)
    11.1 ±    5.9        (3.48mi) ┃Vegas input parameters:
  ndim 8
  ncomp 1
  nvec 1
  epsrel 0
  epsabs 0
  flags 10
  seed 123456
  mineval 5000000
  maxeval 50000000
  nstart 1000000
  nincrease 1000000
  nbatch 5000
  gridno 0
  statefile ""

Iteration 1:  1000000 integrand evaluations so far
[1] 35.0459 +- 10.6376  	chisq 0 (0 df)

Iteration 2:  3000000 integrand evaluations so far
[1] 9.98617 +- 3.41796  	chisq 6.18861 (1 df)

Iteration 3:  6000000 integrand evaluations so far
[1] 10.2332 +- 3.41206  	chisq 7.70361 (2 df)

Iteration 4:  10000000 integrand evaluations so far
[1] 10.7336 +- 3.31398  	chisq 8.08307 (3 df)

Iteration 5:  15000000 integrand evaluations so far
[1] 12.5569 +- 2.37062  	chisq 8.70301 (4 df)

Iteration 6:  21000000 integrand evaluations so far
[1] 13.4539 +- 2.31881  	chisq 12.0149 (5 df)

Iteration 7:  28000000 integrand evaluations so far
[1] 15.5073 +- 2.16221  	chisq 18.0233 (6 df)

Iteration 8:  36000000 integrand evaluations so far
[1] 16.3921 +- 2.12986  	chisq 23.6617 (7 df)

Iteration 9:  45000000 integrand evaluations so far
[1] 20.9966 +- 1.84634  	chisq 42.4683 (8 df)

Iteration 10:  55000000 integrand evaluations so far
[1] 25.0091 +- 1.66552  	chisq 67.8219 (9 df)
      25 ±    1.7        (1.74mi) ┃    37.6 ±    6.1        (15.2mi) ┃
┃   86 -    88 ┃   47 -    48 ┃  7.7257 ± 0.0022        (12.5mi) ┃ -6.5205 ± 0.0035        (  48mi) ┃Vegas input parameters:
  ndim 10
  ncomp 1
  nvec 1
  epsrel 0
  epsabs 0
  flags 10
  seed 123456
  mineval 50000000
  maxeval 50000000
  nstart 1000000
  nincrease 1000000
  nbatch 5000
  gridno 0
  statefile ""

Iteration 1:  1000000 integrand evaluations so far
[1] 39.5616 +- 47.4392  	chisq 0 (0 df)

Iteration 2:  3000000 integrand evaluations so far
[1] 6.02101 +- 9.07449  	chisq 0.518866 (1 df)

Iteration 3:  6000000 integrand evaluations so far
[1] 6.79523 +- 8.88278  	chisq 0.692991 (2 df)

Iteration 4:  10000000 integrand evaluations so far
[1] 7.1358 +- 8.87463  	chisq 1.49386 (3 df)

Iteration 5:  15000000 integrand evaluations so far
[1] 8.08273 +- 8.85368  	chisq 3.90779 (4 df)

Iteration 6:  21000000 integrand evaluations so far
[1] 8.15454 +- 8.8534  	chisq 4.9615 (5 df)

Iteration 7:  28000000 integrand evaluations so far
[1] 11.2631 +- 7.1627  	chisq 5.31834 (6 df)

Iteration 8:  36000000 integrand evaluations so far
[1] 2.94429 +- 5.84518  	chisq 9.35624 (7 df)

Iteration 9:  45000000 integrand evaluations so far
[1] 3.7939 +- 5.77608  	chisq 10.2551 (8 df)

Iteration 10:  55000000 integrand evaluations so far
[1] 3.30506 +- 4.64607  	chisq 10.2754 (9 df)
     3.3 ±    4.6        (3.38mi) ┃Vegas input parameters:
  ndim 8
  ncomp 1
  nvec 1
  epsrel 0
  epsabs 0
  flags 10
  seed 123456
  mineval 5000000
  maxeval 50000000
  nstart 1000000
  nincrease 1000000
  nbatch 5000
  gridno 0
  statefile ""

Iteration 1:  1000000 integrand evaluations so far
[1] 29.4499 +- 8.87508  	chisq 0 (0 df)

Iteration 2:  3000000 integrand evaluations so far
[1] 7.19552 +- 2.40319  	chisq 6.78515 (1 df)

Iteration 3:  6000000 integrand evaluations so far
[1] 7.8355 +- 1.8128  	chisq 6.94969 (2 df)

Iteration 4:  10000000 integrand evaluations so far
[1] 8.3615 +- 1.77593  	chisq 9.04093 (3 df)

Iteration 5:  15000000 integrand evaluations so far
[1] 8.92857 +- 1.75272  	chisq 12.9671 (4 df)

Iteration 6:  21000000 integrand evaluations so far
[1] 13.2569 +- 1.43557  	chisq 31.495 (5 df)

Iteration 7:  28000000 integrand evaluations so far
[1] 15.406 +- 1.34355  	chisq 49.5537 (6 df)

Iteration 8:  36000000 integrand evaluations so far
[1] 20.5444 +- 1.09151  	chisq 92.5736 (7 df)

Iteration 9:  45000000 integrand evaluations so far
[1] 21.7424 +- 1.03681  	chisq 104.903 (8 df)

Iteration 10:  55000000 integrand evaluations so far
[1] 21.8761 +- 1.03392  	chisq 107.889 (9 df)
    21.9 ±      1        ( 1.7mi) ┃    26.4 ±    4.8        (1.09hr) ┃
┃   86 -    88 ┃   48 -    49 ┃  7.6572 ± 0.0022        (1.64mi) ┃ -6.4833 ± 0.0048        (11.3mi) ┃Vegas input parameters:
  ndim 10
  ncomp 1
  nvec 1
  epsrel 0
  epsabs 0
  flags 10
  seed 123456
  mineval 50000000
  maxeval 50000000
  nstart 1000000
  nincrease 1000000
  nbatch 5000
  gridno 0
  statefile ""

Iteration 1:  1000000 integrand evaluations so far
[1] -74.6323 +- 79.1018  	chisq 0 (0 df)

Iteration 2:  3000000 integrand evaluations so far
[1] 7.92597 +- 37.355  	chisq 1.40196 (1 df)

Iteration 3:  6000000 integrand evaluations so far
[1] 13.1546 +- 22.1616  	chisq 1.43219 (2 df)

Iteration 4:  10000000 integrand evaluations so far
[1] 8.48916 +- 8.18245  	chisq 1.4835 (3 df)

Iteration 5:  15000000 integrand evaluations so far
[1] -1.09423 +- 4.88935  	chisq 3.61703 (4 df)

Iteration 6:  21000000 integrand evaluations so far
[1] -1.08913 +- 4.53475  	chisq 3.61703 (5 df)

Iteration 7:  28000000 integrand evaluations so far
[1] -1.19998 +- 4.49061  	chisq 3.64788 (6 df)

Iteration 8:  36000000 integrand evaluations so far
[1] -0.983832 +- 4.42757  	chisq 3.73098 (7 df)

Iteration 9:  45000000 integrand evaluations so far
[1] -0.985095 +- 4.42425  	chisq 3.73104 (8 df)

Iteration 10:  55000000 integrand evaluations so far
[1] -0.184219 +- 4.38738  	chisq 5.70542 (9 df)
    -0.2 ±    4.4        (3.42mi) ┃Vegas input parameters:
  ndim 8
  ncomp 1
  nvec 1
  epsrel 0
  epsabs 0
  flags 10
  seed 123456
  mineval 5000000
  maxeval 50000000
  nstart 1000000
  nincrease 1000000
  nbatch 5000
  gridno 0
  statefile ""

Iteration 1:  1000000 integrand evaluations so far
[1] 71.2862 +- 17.2059  	chisq 0 (0 df)

Iteration 2:  3000000 integrand evaluations so far
[1] 46.6026 +- 11.0043  	chisq 3.48267 (1 df)

Iteration 3:  6000000 integrand evaluations so far
[1] 20.811 +- 4.08361  	chisq 9.8532 (2 df)

Iteration 4:  10000000 integrand evaluations so far
[1] 22.225 +- 3.93439  	chisq 11.5241 (3 df)

Iteration 5:  15000000 integrand evaluations so far
[1] 25.9154 +- 3.20541  	chisq 14.1408 (4 df)

Iteration 6:  21000000 integrand evaluations so far
[1] 27.8732 +- 2.46971  	chisq 15.0588 (5 df)

Iteration 7:  28000000 integrand evaluations so far
[1] 30.8467 +- 2.05969  	chisq 19.8196 (6 df)

Iteration 8:  36000000 integrand evaluations so far
[1] 32.3318 +- 1.30535  	chisq 20.6885 (7 df)

Iteration 9:  45000000 integrand evaluations so far
[1] 32.4689 +- 1.29562  	chisq 21.4317 (8 df)

Iteration 10:  55000000 integrand evaluations so far
[1] 33.0625 +- 1.23455  	chisq 23.7118 (9 df)
    33.1 ±    1.2        ( 1.7mi) ┃    34.1 ±    4.6        (  18mi) ┃
┃   86 -    88 ┃   49 -    50 ┃  9.1547 ± 0.0081        (6.89mi) ┃ -7.9053 ± 0.0066        (2.47mi) ┃Vegas input parameters:
  ndim 10
  ncomp 1
  nvec 1
  epsrel 0
  epsabs 0
  flags 10
  seed 123456
  mineval 50000000
  maxeval 50000000
  nstart 1000000
  nincrease 1000000
  nbatch 5000
  gridno 0
  statefile ""

Iteration 1:  1000000 integrand evaluations so far
[1] 3.8907 +- 4.19159  	chisq 0 (0 df)

Iteration 2:  3000000 integrand evaluations so far
[1] 3.78274 +- 4.1867  	chisq 0.284954 (1 df)

Iteration 3:  6000000 integrand evaluations so far
[1] 3.46746 +- 4.17531  	chisq 1.32854 (2 df)

Iteration 4:  10000000 integrand evaluations so far
[1] 3.94182 +- 3.7267  	chisq 1.39202 (3 df)

Iteration 5:  15000000 integrand evaluations so far
[1] 3.96111 +- 3.72665  	chisq 2.29636 (4 df)

Iteration 6:  21000000 integrand evaluations so far
[1] -0.958462 +- 2.40495  	chisq 5.28276 (5 df)

Iteration 7:  28000000 integrand evaluations so far
[1] -0.954253 +- 2.40495  	chisq 6.2729 (6 df)

Iteration 8:  36000000 integrand evaluations so far
[1] -0.913632 +- 2.40402  	chisq 6.64427 (7 df)

Iteration 9:  45000000 integrand evaluations so far
[1] -0.723877 +- 2.37793  	chisq 6.93288 (8 df)

Iteration 10:  55000000 integrand evaluations so far
[1] -0.0655207 +- 2.33756  	chisq 9.20945 (9 df)
    -0.1 ±    2.3        (3.39mi) ┃Vegas input parameters:
  ndim 8
  ncomp 1
  nvec 1
  epsrel 0
  epsabs 0
  flags 10
  seed 123456
  mineval 5000000
  maxeval 50000000
  nstart 1000000
  nincrease 1000000
  nbatch 5000
  gridno 0
  statefile ""

Iteration 1:  1000000 integrand evaluations so far
[1] 31.3451 +- 9.49346  	chisq 0 (0 df)

Iteration 2:  3000000 integrand evaluations so far
[1] 13.9693 +- 4.11066  	chisq 4.12299 (1 df)

Iteration 3:  6000000 integrand evaluations so far
[1] 14.2509 +- 3.74264  	chisq 4.15043 (2 df)

Iteration 4:  10000000 integrand evaluations so far
[1] 15.493 +- 3.56267  	chisq 5.32393 (3 df)

Iteration 5:  15000000 integrand evaluations so far
[1] 16.39 +- 3.04419  	chisq 5.55882 (4 df)

Iteration 6:  21000000 integrand evaluations so far
[1] 16.5919 +- 3.0397  	chisq 7.05155 (5 df)

Iteration 7:  28000000 integrand evaluations so far
[1] 17.9183 +- 2.90362  	chisq 9.2266 (6 df)

Iteration 8:  36000000 integrand evaluations so far
[1] 23.0794 +- 2.0476  	chisq 15.5115 (7 df)

Iteration 9:  45000000 integrand evaluations so far
[1] 27.9312 +- 1.62253  	chisq 30.6004 (8 df)

Iteration 10:  55000000 integrand evaluations so far
[1] 33.3783 +- 1.12159  	chisq 52.1844 (9 df)
    33.4 ±    1.1        (1.71mi) ┃    34.6 ±    2.6        (14.5mi) ┃
┃   86 -    88 ┃   50 -    51 ┃  9.1054 ± 0.0015        (4.39mi) ┃  -7.642 ± 0.0038        (1.32mi) ┃Vegas input parameters:
  ndim 10
  ncomp 1
  nvec 1
  epsrel 0
  epsabs 0
  flags 10
  seed 123456
  mineval 50000000
  maxeval 50000000
  nstart 1000000
  nincrease 1000000
  nbatch 5000
  gridno 0
  statefile ""

Iteration 1:  1000000 integrand evaluations so far
[1] 6.54009 +- 9.45248  	chisq 0 (0 df)

Iteration 2:  3000000 integrand evaluations so far
[1] 6.68408 +- 9.29193  	chisq 0.00688932 (1 df)

Iteration 3:  6000000 integrand evaluations so far
[1] 5.89134 +- 9.26194  	chisq 1.13621 (2 df)

Iteration 4:  10000000 integrand evaluations so far
[1] -0.881525 +- 4.75718  	chisq 1.86258 (3 df)

Iteration 5:  15000000 integrand evaluations so far
[1] 1.27607 +- 4.37592  	chisq 3.19947 (4 df)

Iteration 6:  21000000 integrand evaluations so far
[1] 1.89536 +- 4.25423  	chisq 3.56465 (5 df)

Iteration 7:  28000000 integrand evaluations so far
[1] 1.68868 +- 4.25127  	chisq 5.2628 (6 df)

Iteration 8:  36000000 integrand evaluations so far
[1] 2.20122 +- 4.22858  	chisq 6.62782 (7 df)

Iteration 9:  45000000 integrand evaluations so far
[1] 2.21408 +- 4.22748  	chisq 6.64565 (8 df)

Iteration 10:  55000000 integrand evaluations so far
[1] 2.22019 +- 4.17011  	chisq 6.64573 (9 df)
     2.2 ±    4.2        (3.39mi) ┃Vegas input parameters:
  ndim 8
  ncomp 1
  nvec 1
  epsrel 0
  epsabs 0
  flags 10
  seed 123456
  mineval 5000000
  maxeval 50000000
  nstart 1000000
  nincrease 1000000
  nbatch 5000
  gridno 0
  statefile ""

Iteration 1:  1000000 integrand evaluations so far
[1] 34.3366 +- 12.5971  	chisq 0 (0 df)

Iteration 2:  3000000 integrand evaluations so far
[1] 9.78228 +- 4.06142  	chisq 4.24015 (1 df)

Iteration 3:  6000000 integrand evaluations so far
[1] 2.90154 +- 0.869574  	chisq 7.24826 (2 df)

Iteration 4:  10000000 integrand evaluations so far
[1] 3.42508 +- 0.83247  	chisq 11.5885 (3 df)

Iteration 5:  15000000 integrand evaluations so far
[1] 3.92885 +- 0.817111  	chisq 21.6049 (4 df)

Iteration 6:  21000000 integrand evaluations so far
[1] 4.8783 +- 0.796808  	chisq 49.1163 (5 df)

Iteration 7:  28000000 integrand evaluations so far
[1] 5.96528 +- 0.775948  	chisq 85.1302 (6 df)

Iteration 8:  36000000 integrand evaluations so far
[1] 7.40467 +- 0.753062  	chisq 144.337 (7 df)

Iteration 9:  45000000 integrand evaluations so far
[1] 7.44598 +- 0.75273  	chisq 147.752 (8 df)

Iteration 10:  55000000 integrand evaluations so far
[1] 7.64724 +- 0.75066  	chisq 160.769 (9 df)
    7.65 ±   0.75        (1.73mi) ┃    11.3 ±    4.2        (10.8mi) ┃
┃   86 -    88 ┃   51 -    52 ┃  6.9049 ± 0.0054        (6.09mi) ┃ -5.8527 ± 0.0041        (11.8mi) ┃Vegas input parameters:
  ndim 10
  ncomp 1
  nvec 1
  epsrel 0
  epsabs 0
  flags 10
  seed 123456
  mineval 50000000
  maxeval 50000000
  nstart 1000000
  nincrease 1000000
  nbatch 5000
  gridno 0
  statefile ""

Iteration 1:  1000000 integrand evaluations so far
[1] -25.9847 +- 54.9561  	chisq 0 (0 df)

Iteration 2:  3000000 integrand evaluations so far
[1] -6.84668 +- 5.36501  	chisq 0.12244 (1 df)

Iteration 3:  6000000 integrand evaluations so far
[1] -6.1369 +- 5.27438  	chisq 0.644936 (2 df)

Iteration 4:  10000000 integrand evaluations so far
[1] -5.72343 +- 5.13184  	chisq 0.760193 (3 df)

Iteration 5:  15000000 integrand evaluations so far
[1] -5.13117 +- 3.30291  	chisq 0.782931 (4 df)

Iteration 6:  21000000 integrand evaluations so far
[1] -5.21785 +- 3.30119  	chisq 1.44438 (5 df)

Iteration 7:  28000000 integrand evaluations so far
[1] -2.54962 +- 2.7334  	chisq 3.52219 (6 df)

Iteration 8:  36000000 integrand evaluations so far
[1] -2.15976 +- 2.70212  	chisq 4.41611 (7 df)

Iteration 9:  45000000 integrand evaluations so far
[1] -2.16686 +- 2.70174  	chisq 4.44071 (8 df)

Iteration 10:  55000000 integrand evaluations so far
[1] 0.0155972 +- 2.50561  	chisq 9.10437 (9 df)
       0 ±    2.5        ( 3.3mi) ┃Vegas input parameters:
  ndim 8
  ncomp 1
  nvec 1
  epsrel 0
  epsabs 0
  flags 10
  seed 123456
  mineval 5000000
  maxeval 50000000
  nstart 1000000
  nincrease 1000000
  nbatch 5000
  gridno 0
  statefile ""

Iteration 1:  1000000 integrand evaluations so far
[1] 34.3079 +- 10.8805  	chisq 0 (0 df)

Iteration 2:  3000000 integrand evaluations so far
[1] 0.829778 +- 0.292684  	chisq 9.47417 (1 df)

Iteration 3:  6000000 integrand evaluations so far
[1] 1.0772 +- 0.279861  	chisq 17.8127 (2 df)

Iteration 4:  10000000 integrand evaluations so far
[1] 1.08742 +- 0.279814  	chisq 21.8481 (3 df)

Iteration 5:  15000000 integrand evaluations so far
[1] 1.22437 +- 0.278509  	chisq 47.575 (4 df)

Iteration 6:  21000000 integrand evaluations so far
[1] 1.23729 +- 0.278466  	chisq 54.561 (5 df)

Iteration 7:  28000000 integrand evaluations so far
[1] 1.28328 +- 0.278289  	chisq 76.0888 (6 df)

Iteration 8:  36000000 integrand evaluations so far
[1] 1.89353 +- 0.275471  	chisq 314.701 (7 df)

Iteration 9:  45000000 integrand evaluations so far
[1] 2.99672 +- 0.270438  	chisq 757.606 (8 df)

Iteration 10:  55000000 integrand evaluations so far
[1] 5.97262 +- 0.256153  	chisq 1934.93 (9 df)
    5.97 ±   0.26        (1.67mi) ┃       7 ±    2.5        (22.9mi) ┃
┃   86 -    88 ┃   52 -    53 ┃  6.9763 ± 0.0016        (3.19mi) ┃  -5.894 ± 0.0033        (18.7mi) ┃Vegas input parameters:
  ndim 10
  ncomp 1
  nvec 1
  epsrel 0
  epsabs 0
  flags 10
  seed 123456
  mineval 50000000
  maxeval 50000000
  nstart 1000000
  nincrease 1000000
  nbatch 5000
  gridno 0
  statefile ""

Iteration 1:  1000000 integrand evaluations so far
[1] -38.7009 +- 56.1473  	chisq 0 (0 df)

Iteration 2:  3000000 integrand evaluations so far
[1] 7.55074 +- 36.1865  	chisq 1.16068 (1 df)

Iteration 3:  6000000 integrand evaluations so far
[1] -7.49412 +- 12.3885  	chisq 1.35649 (2 df)

Iteration 4:  10000000 integrand evaluations so far
[1] -8.92663 +- 5.3798  	chisq 1.37297 (3 df)

Iteration 5:  15000000 integrand evaluations so far
[1] -4.62924 +- 4.69336  	chisq 4.04375 (4 df)

Iteration 6:  21000000 integrand evaluations so far
[1] -5.61225 +- 4.37131  	chisq 4.37477 (5 df)

Iteration 7:  28000000 integrand evaluations so far
[1] -4.46228 +- 4.2483  	chisq 5.62193 (6 df)

Iteration 8:  36000000 integrand evaluations so far
[1] -4.31354 +- 4.08504  	chisq 5.63819 (7 df)

Iteration 9:  45000000 integrand evaluations so far
[1] -3.42159 +- 3.86157  	chisq 6.08619 (8 df)

Iteration 10:  55000000 integrand evaluations so far
[1] -2.38349 +- 3.61617  	chisq 6.67346 (9 df)
    -2.4 ±    3.6        (3.08mi) ┃Vegas input parameters:
  ndim 8
  ncomp 1
  nvec 1
  epsrel 0
  epsabs 0
  flags 10
  seed 123456
  mineval 5000000
  maxeval 50000000
  nstart 1000000
  nincrease 1000000
  nbatch 5000
  gridno 0
  statefile ""

Iteration 1:  1000000 integrand evaluations so far
[1] 38.8111 +- 12.4282  	chisq 0 (0 df)

Iteration 2:  3000000 integrand evaluations so far
[1] 28.5435 +- 8.75775  	chisq 1.3557 (1 df)

Iteration 3:  6000000 integrand evaluations so far
[1] 2.50633 +- 0.804053  	chisq 10.2699 (2 df)

Iteration 4:  10000000 integrand evaluations so far
[1] 3.25628 +- 0.76736  	chisq 20.0242 (3 df)

Iteration 5:  15000000 integrand evaluations so far
[1] 3.87847 +- 0.754962  	chisq 40.5342 (4 df)

Iteration 6:  21000000 integrand evaluations so far
[1] 4.51506 +- 0.746571  	chisq 72.7001 (5 df)

Iteration 7:  28000000 integrand evaluations so far
[1] 7.01948 +- 0.709138  	chisq 187.803 (6 df)

Iteration 8:  36000000 integrand evaluations so far
[1] 12.634 +- 0.615402  	chisq 441.693 (7 df)

Iteration 9:  45000000 integrand evaluations so far
[1] 13.1931 +- 0.609319  	chisq 483.657 (8 df)

Iteration 10:  55000000 integrand evaluations so far
[1] 14.1279 +- 0.596537  	chisq 540.346 (9 df)
   14.13 ±    0.6        (1.65mi) ┃    12.8 ±    3.7        (26.7mi) ┃
┃   86 -    88 ┃   53 -    54 ┃  7.6877 ± 0.0066        (4.17mi) ┃  -6.552 ± 0.0061        (19.5mi) ┃Vegas input parameters:
  ndim 10
  ncomp 1
  nvec 1
  epsrel 0
  epsabs 0
  flags 10
  seed 123456
  mineval 50000000
  maxeval 50000000
  nstart 1000000
  nincrease 1000000
  nbatch 5000
  gridno 0
  statefile ""

Iteration 1:  1000000 integrand evaluations so far
[1] -167.297 +- 176.02  	chisq 0 (0 df)

Iteration 2:  3000000 integrand evaluations so far
[1] 8.49674 +- 28.947  	chisq 1.02515 (1 df)

Iteration 3:  6000000 integrand evaluations so far
[1] -11.3024 +- 10.1074  	chisq 1.55794 (2 df)

Iteration 4:  10000000 integrand evaluations so far
[1] 2.96299 +- 3.40457  	chisq 3.8049 (3 df)

Iteration 5:  15000000 integrand evaluations so far
[1] 2.33467 +- 3.36038  	chisq 5.12553 (4 df)

Iteration 6:  21000000 integrand evaluations so far
[1] 0.538816 +- 3.22755  	chisq 8.8109 (5 df)

Iteration 7:  28000000 integrand evaluations so far
[1] 0.721729 +- 3.17335  	chisq 8.90733 (6 df)

Iteration 8:  36000000 integrand evaluations so far
[1] 1.1818 +- 3.14611  	chisq 10.137 (7 df)

Iteration 9:  45000000 integrand evaluations so far
[1] 2.07555 +- 3.02514  	chisq 11.207 (8 df)

Iteration 10:  55000000 integrand evaluations so far
[1] 2.56318 +- 2.88927  	chisq 11.5029 (9 df)
     2.6 ±    2.9        (3.23mi) ┃Vegas input parameters:
  ndim 8
  ncomp 1
  nvec 1
  epsrel 0
  epsabs 0
  flags 10
  seed 123456
  mineval 5000000
  maxeval 50000000
  nstart 1000000
  nincrease 1000000
  nbatch 5000
  gridno 0
  statefile ""

Iteration 1:  1000000 integrand evaluations so far
[1] 40.5674 +- 12.2551  	chisq 0 (0 df)

Iteration 2:  3000000 integrand evaluations so far
[1] 21.5045 +- 6.37647  	chisq 3.31785 (1 df)

Iteration 3:  6000000 integrand evaluations so far
[1] 21.8777 +- 6.36866  	chisq 4.71746 (2 df)

Iteration 4:  10000000 integrand evaluations so far
[1] 21.0643 +- 4.93248  	chisq 4.75822 (3 df)

Iteration 5:  15000000 integrand evaluations so far
[1] 18.9403 +- 2.90605  	chisq 5.04223 (4 df)

Iteration 6:  21000000 integrand evaluations so far
[1] 20.5952 +- 1.85907  	chisq 5.59116 (5 df)

Iteration 7:  28000000 integrand evaluations so far
[1] 21.2555 +- 1.81324  	chisq 8.18158 (6 df)

Iteration 8:  36000000 integrand evaluations so far
[1] 24.7982 +- 1.34515  	chisq 16.6712 (7 df)

Iteration 9:  45000000 integrand evaluations so far
[1] 27.8976 +- 0.942942  	chisq 27.1091 (8 df)

Iteration 10:  55000000 integrand evaluations so far
[1] 28.0459 +- 0.939266  	chisq 30.29 (9 df)
   28.05 ±   0.94        (1.65mi) ┃    31.7 ±      3        (28.5mi) ┃
┃   86 -    88 ┃   54 -    55 ┃  9.9556 ± 0.0094        ( 56.4s) ┃ -8.4586 ± 0.0036        (41.5mi) ┃Vegas input parameters:
  ndim 10
  ncomp 1
  nvec 1
  epsrel 0
  epsabs 0
  flags 10
  seed 123456
  mineval 50000000
  maxeval 50000000
  nstart 1000000
  nincrease 1000000
  nbatch 5000
  gridno 0
  statefile ""

Iteration 1:  1000000 integrand evaluations so far
[1] 47.8492 +- 33.1713  	chisq 0 (0 df)

Iteration 2:  3000000 integrand evaluations so far
[1] -3.85766 +- 12.5707  	chisq 2.83728 (1 df)

Iteration 3:  6000000 integrand evaluations so far
[1] -1.48036 +- 12.3551  	chisq 3.88894 (2 df)

Iteration 4:  10000000 integrand evaluations so far
[1] -0.663729 +- 12.2281  	chisq 4.10238 (3 df)

Iteration 5:  15000000 integrand evaluations so far
[1] 1.34318 +- 2.93799  	chisq 4.13096 (4 df)

Iteration 6:  21000000 integrand evaluations so far
[1] -0.536258 +- 2.64359  	chisq 6.28062 (5 df)

Iteration 7:  28000000 integrand evaluations so far
[1] -0.180636 +- 2.60744  	chisq 6.94676 (6 df)

Iteration 8:  36000000 integrand evaluations so far
[1] -0.346367 +- 2.60319  	chisq 8.18876 (7 df)

Iteration 9:  45000000 integrand evaluations so far
[1] -0.369822 +- 2.55994  	chisq 8.19122 (8 df)

Iteration 10:  55000000 integrand evaluations so far
[1] -0.301914 +- 2.55921  	chisq 9.42356 (9 df)
    -0.3 ±    2.6        (3.05mi) ┃Vegas input parameters:
  ndim 8
  ncomp 1
  nvec 1
  epsrel 0
  epsabs 0
  flags 10
  seed 123456
  mineval 5000000
  maxeval 50000000
  nstart 1000000
  nincrease 1000000
  nbatch 5000
  gridno 0
  statefile ""

Iteration 1:  1000000 integrand evaluations so far
[1] 51.532 +- 14.5518  	chisq 0 (0 df)

Iteration 2:  3000000 integrand evaluations so far
[1] 18.6172 +- 5.49268  	chisq 5.96627 (1 df)

Iteration 3:  6000000 integrand evaluations so far
[1] 16.3752 +- 4.22565  	chisq 6.37448 (2 df)

Iteration 4:  10000000 integrand evaluations so far
[1] 19.3474 +- 3.6  	chisq 8.17879 (3 df)

Iteration 5:  15000000 integrand evaluations so far
[1] 22.0328 +- 3.19438  	chisq 10.7954 (4 df)

Iteration 6:  21000000 integrand evaluations so far
[1] 26.0458 +- 2.63608  	chisq 15.7428 (5 df)

Iteration 7:  28000000 integrand evaluations so far
[1] 29.0434 +- 2.24589  	chisq 20.4598 (6 df)

Iteration 8:  36000000 integrand evaluations so far
[1] 30.9675 +- 1.28175  	chisq 21.5483 (7 df)

Iteration 9:  45000000 integrand evaluations so far
[1] 31.9933 +- 0.799192  	chisq 22.5962 (8 df)

Iteration 10:  55000000 integrand evaluations so far
[1] 32.6486 +- 0.511949  	chisq 23.7366 (9 df)
   32.65 ±   0.51        (1.62mi) ┃    33.8 ±    2.6        (47.1mi) ┃
┃   86 -    88 ┃   55 -    56 ┃  7.5737 ± 0.0065        (5.78mi) ┃ -6.4032 ± 0.0036        (9.21mi) ┃Vegas input parameters:
  ndim 10
  ncomp 1
  nvec 1
  epsrel 0
  epsabs 0
  flags 10
  seed 123456
  mineval 50000000
  maxeval 50000000
  nstart 1000000
  nincrease 1000000
  nbatch 5000
  gridno 0
  statefile ""

Iteration 1:  1000000 integrand evaluations so far
[1] 4.7709 +- 13.5266  	chisq 0 (0 df)

Iteration 2:  3000000 integrand evaluations so far
[1] 4.55876 +- 11.2448  	chisq 0.000796145 (1 df)

Iteration 3:  6000000 integrand evaluations so far
[1] -2.59285 +- 9.81178  	chisq 1.69584 (2 df)

Iteration 4:  10000000 integrand evaluations so far
[1] -0.0222337 +- 9.35505  	chisq 2.45069 (3 df)

Iteration 5:  15000000 integrand evaluations so far
[1] 2.0765 +- 7.953  	chisq 2.6322 (4 df)

Iteration 6:  21000000 integrand evaluations so far
[1] 9.00823 +- 6.36158  	chisq 4.7414 (5 df)

Iteration 7:  28000000 integrand evaluations so far
[1] 6.61446 +- 5.40425  	chisq 5.25013 (6 df)

Iteration 8:  36000000 integrand evaluations so far
[1] 7.40075 +- 4.94704  	chisq 5.38076 (7 df)

Iteration 9:  45000000 integrand evaluations so far
[1] 5.10057 +- 4.78559  	chisq 8.74793 (8 df)

Iteration 10:  55000000 integrand evaluations so far
[1] 6.0385 +- 4.68127  	chisq 9.63866 (9 df)
       6 ±    4.7        (3.24mi) ┃Vegas input parameters:
  ndim 8
  ncomp 1
  nvec 1
  epsrel 0
  epsabs 0
  flags 10
  seed 123456
  mineval 5000000
  maxeval 50000000
  nstart 1000000
  nincrease 1000000
  nbatch 5000
  gridno 0
  statefile ""

Iteration 1:  1000000 integrand evaluations so far
[1] 16.6116 +- 6.25296  	chisq 0 (0 df)

Iteration 2:  3000000 integrand evaluations so far
[1] 12.882 +- 4.50259  	chisq 0.738891 (1 df)

Iteration 3:  6000000 integrand evaluations so far
[1] 5.17669 +- 1.66059  	chisq 4.12848 (2 df)

Iteration 4:  10000000 integrand evaluations so far
[1] 6.15361 +- 1.43157  	chisq 5.47613 (3 df)

Iteration 5:  15000000 integrand evaluations so far
[1] 7.82122 +- 1.31497  	chisq 14.16 (4 df)

Iteration 6:  21000000 integrand evaluations so far
[1] 12.7054 +- 0.926904  	chisq 41.5798 (5 df)

Iteration 7:  28000000 integrand evaluations so far
[1] 14.7056 +- 0.866801  	chisq 78.6908 (6 df)

Iteration 8:  36000000 integrand evaluations so far
[1] 18.398 +- 0.749522  	chisq 150.615 (7 df)

Iteration 9:  45000000 integrand evaluations so far
[1] 23.2546 +- 0.560553  	chisq 245.889 (8 df)

Iteration 10:  55000000 integrand evaluations so far
[1] 25.8517 +- 0.388342  	chisq 287.165 (9 df)
   25.85 ±   0.39        (1.61mi) ┃    33.1 ±    4.7        (19.8mi) ┃
┃   86 -    88 ┃   56 -    57 ┃  6.7555 ± 0.0034        (3.67mi) ┃ -5.7282 ± 0.0026        (17.9mi) ┃Vegas input parameters:
  ndim 10
  ncomp 1
  nvec 1
  epsrel 0
  epsabs 0
  flags 10
  seed 123456
  mineval 50000000
  maxeval 50000000
  nstart 1000000
  nincrease 1000000
  nbatch 5000
  gridno 0
  statefile ""

Iteration 1:  1000000 integrand evaluations so far
[1] 9.34244 +- 6.53995  	chisq 0 (0 df)

Iteration 2:  3000000 integrand evaluations so far
[1] 4.60925 +- 6.12128  	chisq 4.22627 (1 df)

Iteration 3:  6000000 integrand evaluations so far
[1] 2.924 +- 5.9576  	chisq 5.66272 (2 df)

Iteration 4:  10000000 integrand evaluations so far
[1] 2.45832 +- 5.31491  	chisq 5.69265 (3 df)

Iteration 5:  15000000 integrand evaluations so far
[1] 2.52608 +- 5.27286  	chisq 5.70297 (4 df)

Iteration 6:  21000000 integrand evaluations so far
[1] 2.41086 +- 5.27171  	chisq 6.79714 (5 df)

Iteration 7:  28000000 integrand evaluations so far
[1] 4.30465 +- 4.22878  	chisq 7.1591 (6 df)

Iteration 8:  36000000 integrand evaluations so far
[1] 0.832959 +- 3.77328  	chisq 10.4658 (7 df)

Iteration 9:  45000000 integrand evaluations so far
[1] 3.28257 +- 3.46039  	chisq 13.117 (8 df)

Iteration 10:  55000000 integrand evaluations so far
[1] 4.07414 +- 3.35731  	chisq 14.0086 (9 df)
     4.1 ±    3.4        (3.03mi) ┃Vegas input parameters:
  ndim 8
  ncomp 1
  nvec 1
  epsrel 0
  epsabs 0
  flags 10
  seed 123456
  mineval 5000000
  maxeval 50000000
  nstart 1000000
  nincrease 1000000
  nbatch 5000
  gridno 0
  statefile ""

Iteration 1:  1000000 integrand evaluations so far
[1] 39.4502 +- 11.9151  	chisq 0 (0 df)

Iteration 2:  3000000 integrand evaluations so far
[1] 2.59674 +- 0.695025  	chisq 9.59934 (1 df)

Iteration 3:  6000000 integrand evaluations so far
[1] 2.90154 +- 0.671793  	chisq 12.5249 (2 df)

Iteration 4:  10000000 integrand evaluations so far
[1] 3.01592 +- 0.669843  	chisq 17.5263 (3 df)

Iteration 5:  15000000 integrand evaluations so far
[1] 3.25045 +- 0.666914  	chisq 31.5739 (4 df)

Iteration 6:  21000000 integrand evaluations so far
[1] 3.59912 +- 0.663981  	chisq 62.717 (5 df)

Iteration 7:  28000000 integrand evaluations so far
[1] 5.28246 +- 0.643895  	chisq 170.584 (6 df)

Iteration 8:  36000000 integrand evaluations so far
[1] 6.42994 +- 0.631318  	chisq 252.678 (7 df)

Iteration 9:  45000000 integrand evaluations so far
[1] 10.0028 +- 0.590699  	chisq 509.853 (8 df)

Iteration 10:  55000000 integrand evaluations so far
[1] 18.0666 +- 0.476032  	chisq 1041.46 (9 df)
   18.07 ±   0.48        (1.59mi) ┃    23.2 ±    3.4        (26.2mi) ┃
┃   86 -    88 ┃   57 -    58 ┃  7.2519 ± 0.0021        (5.32mi) ┃ -6.1565 ± 0.0013        (10.7mi) ┃Vegas input parameters:
  ndim 10
  ncomp 1
  nvec 1
  epsrel 0
  epsabs 0
  flags 10
  seed 123456
  mineval 50000000
  maxeval 50000000
  nstart 1000000
  nincrease 1000000
  nbatch 5000
  gridno 0
  statefile ""

Iteration 1:  1000000 integrand evaluations so far
[1] 3.78464 +- 23.4466  	chisq 0 (0 df)

Iteration 2:  3000000 integrand evaluations so far
[1] 10.3396 +- 18.1102  	chisq 0.193753 (1 df)

Iteration 3:  6000000 integrand evaluations so far
[1] 14.9637 +- 16.8001  	chisq 0.661284 (2 df)

Iteration 4:  10000000 integrand evaluations so far
[1] 13.4498 +- 7.68902  	chisq 0.671555 (3 df)

Iteration 5:  15000000 integrand evaluations so far
[1] 12.7961 +- 6.10663  	chisq 0.691135 (4 df)

Iteration 6:  21000000 integrand evaluations so far
[1] 11.1903 +- 6.02234  	chisq 3.21325 (5 df)

Iteration 7:  28000000 integrand evaluations so far
[1] 8.69132 +- 5.1929  	chisq 3.88457 (6 df)

Iteration 8:  36000000 integrand evaluations so far
[1] 6.48211 +- 4.35422  	chisq 4.49411 (7 df)

Iteration 9:  45000000 integrand evaluations so far
[1] 6.64815 +- 4.35097  	chisq 5.46815 (8 df)

Iteration 10:  55000000 integrand evaluations so far
[1] 7.71021 +- 4.23585  	chisq 6.6092 (9 df)
     7.7 ±    4.2        (3.14mi) ┃Vegas input parameters:
  ndim 8
  ncomp 1
  nvec 1
  epsrel 0
  epsabs 0
  flags 10
  seed 123456
  mineval 5000000
  maxeval 50000000
  nstart 1000000
  nincrease 1000000
  nbatch 5000
  gridno 0
  statefile ""

Iteration 1:  1000000 integrand evaluations so far
[1] 39.6308 +- 12.2294  	chisq 0 (0 df)

Iteration 2:  3000000 integrand evaluations so far
[1] 27.7548 +- 7.92799  	chisq 1.62667 (1 df)

Iteration 3:  6000000 integrand evaluations so far
[1] 26.0286 +- 7.01694  	chisq 1.84553 (2 df)

Iteration 4:  10000000 integrand evaluations so far
[1] 16.597 +- 4.07545  	chisq 4.57186 (3 df)

Iteration 5:  15000000 integrand evaluations so far
[1] 17.3783 +- 3.53331  	chisq 4.71988 (4 df)

Iteration 6:  21000000 integrand evaluations so far
[1] 19.0256 +- 3.40927  	chisq 7.87066 (5 df)

Iteration 7:  28000000 integrand evaluations so far
[1] 19.0771 +- 3.40895  	chisq 9.06876 (6 df)

Iteration 8:  36000000 integrand evaluations so far
[1] 20.4781 +- 3.30635  	chisq 11.9176 (7 df)

Iteration 9:  45000000 integrand evaluations so far
[1] 24.394 +- 2.45877  	chisq 15.0558 (8 df)

Iteration 10:  55000000 integrand evaluations so far
[1] 27.9207 +- 1.58603  	chisq 18.5792 (9 df)
    27.9 ±    1.6        ( 1.6mi) ┃    36.7 ±    4.5        (20.7mi) ┃
┃   86 -    88 ┃   58 -    59 ┃  8.1509 ± 0.0055        (2.36mi) ┃ -6.8854 ± 0.0024        (36.1mi) ┃Vegas input parameters:
  ndim 10
  ncomp 1
  nvec 1
  epsrel 0
  epsabs 0
  flags 10
  seed 123456
  mineval 50000000
  maxeval 50000000
  nstart 1000000
  nincrease 1000000
  nbatch 5000
  gridno 0
  statefile ""

Iteration 1:  1000000 integrand evaluations so far
[1] 20.7243 +- 34.2234  	chisq 0 (0 df)

Iteration 2:  3000000 integrand evaluations so far
[1] 15.8443 +- 12.0747  	chisq 0.0232239 (1 df)

Iteration 3:  6000000 integrand evaluations so far
[1] 5.63275 +- 5.57621  	chisq 0.932305 (2 df)

Iteration 4:  10000000 integrand evaluations so far
[1] 4.06149 +- 5.44303  	chisq 2.61453 (3 df)

Iteration 5:  15000000 integrand evaluations so far
[1] 4.0568 +- 5.44302  	chisq 3.60534 (4 df)

Iteration 6:  21000000 integrand evaluations so far
[1] 2.68991 +- 5.28487  	chisq 4.70658 (5 df)

Iteration 7:  28000000 integrand evaluations so far
[1] -3.83118 +- 2.35107  	chisq 6.6048 (6 df)

Iteration 8:  36000000 integrand evaluations so far
[1] -3.75216 +- 2.34685  	chisq 6.91969 (7 df)

Iteration 9:  45000000 integrand evaluations so far
[1] -3.7144 +- 2.33598  	chisq 6.94771 (8 df)

Iteration 10:  55000000 integrand evaluations so far
[1] -3.30275 +- 2.32544  	chisq 10.3958 (9 df)
    -3.3 ±    2.3        (2.33mi) ┃Vegas input parameters:
  ndim 8
  ncomp 1
  nvec 1
  epsrel 0
  epsabs 0
  flags 10
  seed 123456
  mineval 5000000
  maxeval 50000000
  nstart 1000000
  nincrease 1000000
  nbatch 5000
  gridno 0
  statefile ""

Iteration 1:  1000000 integrand evaluations so far
[1] 27.338 +- 8.78214  	chisq 0 (0 df)

Iteration 2:  3000000 integrand evaluations so far
[1] 1.88004 +- 0.604885  	chisq 8.44329 (1 df)

Iteration 3:  6000000 integrand evaluations so far
[1] 2.04647 +- 0.599362  	chisq 12.6078 (2 df)

Iteration 4:  10000000 integrand evaluations so far
[1] 2.07277 +- 0.599073  	chisq 14.6047 (3 df)

Iteration 5:  15000000 integrand evaluations so far
[1] 2.10503 +- 0.598771  	chisq 17.4818 (4 df)

Iteration 6:  21000000 integrand evaluations so far
[1] 2.25907 +- 0.597237  	chisq 30.4109 (5 df)

Iteration 7:  28000000 integrand evaluations so far
[1] 3.46703 +- 0.578363  	chisq 96.1736 (6 df)

Iteration 8:  36000000 integrand evaluations so far
[1] 3.71402 +- 0.575921  	chisq 117.819 (7 df)

Iteration 9:  45000000 integrand evaluations so far
[1] 6.05819 +- 0.547666  	chisq 290.912 (8 df)

Iteration 10:  55000000 integrand evaluations so far
[1] 6.17485 +- 0.546753  	chisq 304.529 (9 df)
    6.17 ±   0.55        (1.38mi) ┃     4.1 ±    2.4        (42.2mi) ┃
┃   86 -    88 ┃   59 -    60 ┃  7.6248 ±  0.001        (10.3mi) ┃ -6.5186 ± 0.0036        (34.1mi) ┃Vegas input parameters:
  ndim 10
  ncomp 1
  nvec 1
  epsrel 0
  epsabs 0
  flags 10
  seed 123456
  mineval 50000000
  maxeval 50000000
  nstart 1000000
  nincrease 1000000
  nbatch 5000
  gridno 0
  statefile ""

Iteration 1:  1000000 integrand evaluations so far
[1] 3.32208 +- 19.723  	chisq 0 (0 df)

Iteration 2:  3000000 integrand evaluations so far
[1] -0.88589 +- 17.5844  	chisq 0.221933 (1 df)

Iteration 3:  6000000 integrand evaluations so far
[1] 8.05331 +- 7.36253  	chisq 0.535299 (2 df)

Iteration 4:  10000000 integrand evaluations so far
[1] 7.55503 +- 7.30334  	chisq 0.82133 (3 df)

Iteration 5:  15000000 integrand evaluations so far
[1] 9.16203 +- 7.07096  	chisq 1.59446 (4 df)

Iteration 6:  21000000 integrand evaluations so far
[1] 8.5349 +- 5.63272  	chisq 1.61598 (5 df)

Iteration 7:  28000000 integrand evaluations so far
[1] 8.388 +- 5.61641  	chisq 1.7336 (6 df)

Iteration 8:  36000000 integrand evaluations so far
[1] 6.56334 +- 4.73369  	chisq 2.09801 (7 df)

Iteration 9:  45000000 integrand evaluations so far
[1] 8.56404 +- 4.46446  	chisq 3.71439 (8 df)

Iteration 10:  55000000 integrand evaluations so far
[1] 8.59295 +- 4.46228  	chisq 3.75737 (9 df)
     8.6 ±    4.5        (2.48mi) ┃Vegas input parameters:
  ndim 8
  ncomp 1
  nvec 1
  epsrel 0
  epsabs 0
  flags 10
  seed 123456
  mineval 5000000
  maxeval 50000000
  nstart 1000000
  nincrease 1000000
  nbatch 5000
  gridno 0
  statefile ""

Iteration 1:  1000000 integrand evaluations so far
[1] 40.451 +- 12.9521  	chisq 0 (0 df)

Iteration 2:  3000000 integrand evaluations so far
[1] 7.21909 +- 2.93172  	chisq 6.93857 (1 df)

Iteration 3:  6000000 integrand evaluations so far
[1] 7.20937 +- 2.36821  	chisq 6.9386 (2 df)

Iteration 4:  10000000 integrand evaluations so far
[1] 8.39399 +- 2.13491  	chisq 8.27438 (3 df)

Iteration 5:  15000000 integrand evaluations so far
[1] 10.1438 +- 1.96413  	chisq 12.6481 (4 df)

Iteration 6:  21000000 integrand evaluations so far
[1] 10.489 +- 1.94865  	chisq 14.6161 (5 df)

Iteration 7:  28000000 integrand evaluations so far
[1] 13.5068 +- 1.58128  	chisq 21.639 (6 df)

Iteration 8:  36000000 integrand evaluations so far
[1] 13.6553 +- 1.57909  	chisq 24.8214 (7 df)

Iteration 9:  45000000 integrand evaluations so far
[1] 16.0389 +- 1.45993  	chisq 40.5105 (8 df)

Iteration 10:  55000000 integrand evaluations so far
[1] 16.47 +- 1.44833  	chisq 46.024 (9 df)
    16.5 ±    1.4        (1.33mi) ┃    26.2 ±    4.7        (48.2mi) ┃
┣━━━━━━━━━━━━━━╋━━━━━━━━━━━━━━╋━━━━━━━━━━━━━━━━━━━━━━━━━━━━━━━━━━╋━━━━━━━━━━━━━━━━━━━━━━━━━━━━━━━━━━╋━━━━━━━━━━━━━━━━━━━━━━━━━━━━━━━━━━╋━━━━━━━━━━━━━━━━━━━━━━━━━━━━━━━━━━╋━━━━━━━━━━━━━━━━━━━━━━━━━━━━━━━━━━┫
┃   84 -    88 ┃   25 -    60 ┃ 713.259 ±  0.052        (8.37hr) ┃-604.909 ±  0.048        (29.2hr) ┃     -20 ±     41        (3.94hr) ┃  1.7969 ± 0.0085 ·10⁺⁰³ (2.01hr) ┃   1.885 ±  0.041 ·10⁺⁰³ (43.5hr) ┃
┗━━━━━━━━━━━━━━┻━━━━━━━━━━━━━━┻━━━━━━━━━━━━━━━━━━━━━━━━━━━━━━━━━━┻━━━━━━━━━━━━━━━━━━━━━━━━━━━━━━━━━━┻━━━━━━━━━━━━━━━━━━━━━━━━━━━━━━━━━━┻━━━━━━━━━━━━━━━━━━━━━━━━━━━━━━━━━━┻━━━━━━━━━━━━━━━━━━━━━━━━━━━━━━━━━━┛

╍╍╍╍╍╍╍╍╍╍╍╍╍╍╍╍╍╍╍╍╍╍╍╍╍╍╍╍╍╍╍╍ Summary ╍╍╍╍╍╍╍╍╍╍╍╍╍╍╍╍╍╍╍╍╍╍╍╍╍╍╍╍╍╍╍
      Total cross section                     1.885 ± 0.041          pb
         Calculation time                               43.5       hours
              Output file                    outputs/qt_qt84_88_NNLL_muR1.0_muF1.0.root            
      Result in text file                    outputs/qt_qt84_88_NNLL_muR1.0_muF1.0.txt            

╍╍╍╍╍╍╍╍╍╍╍╍╍╍╍╍╍╍╍╍╍╍╍╍╍╍╍╍╍╍╍╍╍╍╍╍╍╍╍╍╍╍╍╍╍╍╍╍╍╍╍╍╍╍╍╍╍╍╍╍╍╍╍╍╍╍╍╍╍╍╍╍

