
╍╍╍╍╍╍╍╍╍╍╍╍╍╍╍╍╍╍╍╍╍╍╍╍╍╍╍ Process settings ╍╍╍╍╍╍╍╍╍╍╍╍╍╍╍╍╍╍╍╍╍╍╍╍╍╍╍
   proton-proton collisions at sqrt(s) = 13000 GeV 
   Computing NNLO+NNLL resummed cross section
   W+ ->  nu(p3)+e+(p4) production 

╍╍╍╍╍╍╍╍╍╍╍╍╍╍╍╍╍╍╍╍╍╍╍╍╍╍╍╍╍╍ CKM matrix ╍╍╍╍╍╍╍╍╍╍╍╍╍╍╍╍╍╍╍╍╍╍╍╍╍╍╍╍╍╍
     | Vud Vus Vub |   |   0.97427   0.2253  0.00351 | 
     | Vcd Vcs Vcb | = |    0.2252  0.97344   0.0412 | 
     | Vtd Vts Vtb |   |         0        0        0 | 

╍╍╍╍╍╍╍╍╍╍╍╍╍╍╍╍╍╍╍╍╍╍╍╍╍╍╍╍╍ EW parameters ╍╍╍╍╍╍╍╍╍╍╍╍╍╍╍╍╍╍╍╍╍╍╍╍╍╍╍╍
                                         Gf =  1.1663787e-05      GeV^-2
                                    1/alpha =  132.233229791            
                                 sin(thW)^2 = 0.222897222524            
                                     W mass =         80.385         GeV
                                     Z mass =        91.1876         GeV
                                    W width =          2.091         GeV
                                    Z width =          2.495         GeV

╍╍╍╍╍╍╍╍╍╍╍╍╍╍╍╍╍╍╍╍╍╍╍╍╍╍╍╍╍ QCD settings ╍╍╍╍╍╍╍╍╍╍╍╍╍╍╍╍╍╍╍╍╍╍╍╍╍╍╍╍╍
   Renormalization scale:     dynamic muren =              2      * m_ll
     Factorization scale:     dynamic mufac =              1      * m_ll
       Resummation scale:     dynamic mures =              1      * m_ll
          Strong coupling       alpha_s(MZ) =       0.118001            
                              running order =              3       -loop
         Non-perturbative     form factor g =            0.7       GeV^2

╍╍╍╍╍╍╍╍╍╍╍╍╍╍╍╍╍╍╍╍╍╍╍╍╍╍╍╍╍ PDF settings ╍╍╍╍╍╍╍╍╍╍╍╍╍╍╍╍╍╍╍╍╍╍╍╍╍╍╍╍╍
                                     PDF set:MSHT20nnlo_as118            
                                  PDF member:              0            
  Mellin moments of PDFs:                    Numerical integration            
                         nodes for the quadrature:            200            
                         Intervals for the quadrature:              1            

╍╍╍╍╍╍╍╍╍╍╍╍╍╍╍╍╍╍╍╍╍╍╍╍╍╍╍╍╍╍╍ qT recoil ╍╍╍╍╍╍╍╍╍╍╍╍╍╍╍╍╍╍╍╍╍╍╍╍╍╍╍╍╍╍
  qt-recoil prescription:       Collins-Soper kt1 = p_V(x)/2; kt2 = p_V(y)/2            

╍╍╍╍╍╍╍╍╍╍╍╍╍╍╍╍╍╍╍╍╍╍╍╍╍╍╍╍╍╍╍╍╍ Cuts ╍╍╍╍╍╍╍╍╍╍╍╍╍╍╍╍╍╍╍╍╍╍╍╍╍╍╍╍╍╍╍╍╍
                                  apply cuts:           true            
                                      pt_l >               0            
                                   |eta_l| <            1000            
                                    pt_lep >              25            
                                 |eta_lep| <             2.4            
                                   pt_alep >              25            
                                |eta_alep| <             2.4            
                                  user cuts:            true            

╍╍╍╍╍╍╍╍╍╍╍╍╍╍╍╍╍╍╍╍╍╍╍╍╍╍╍╍ ResummationDamp ╍╍╍╍╍╍╍╍╍╍╍╍╍╍╍╍╍╍╍╍╍╍╍╍╍╍╍
                                    damping :             on            
                                damping mode:              1            
                                  damp above:        60.2888         GeV
                               damping width:        20.0963         GeV
                          resummation cutoff:             20         MeV

╍╍╍╍╍╍╍╍╍╍╍╍╍╍╍╍╍╍╍╍╍╍╍╍╍╍╍╍ Debug settings ╍╍╍╍╍╍╍╍╍╍╍╍╍╍╍╍╍╍╍╍╍╍╍╍╍╍╍╍
                                 timeprofile:          false            
                                     verbose:          false            
                               cubaverbosity:              2            

╍╍╍╍╍╍╍╍╍╍╍╍╍╍╍╍╍╍╍╍╍╍╍╍╍╍╍╍╍╍╍╍╍╍╍╍╍╍╍╍╍╍╍╍╍╍╍╍╍╍╍╍╍╍╍╍╍╍╍╍╍╍╍╍╍╍╍╍╍╍╍╍

Warning: Histogram `a1_qt` contains non-integrable observable and will be deleted 
Warning: Histogram `a1_qt_vs_y` contains non-integrable observable and will be deleted 
Warning: Histogram `s_biganswer` contains non-integrable observable and will be deleted 
Warning: Histogram `wgt_a1_qt` contains non-integrable observable and will be deleted 

╍╍╍╍╍╍╍╍╍╍╍╍╍╍╍╍╍╍╍╍╍╍╍╍╍ Integration settings ╍╍╍╍╍╍╍╍╍╍╍╍╍╍╍╍╍╍╍╍╍╍╍╍╍
             Random seeds              123456                           
           Parallel cores                   1                           

             Resummation:     cuhre (dm, dpt)         iter =           5
                                   gauss (dy)        nodes =          64
                                                 intervals =           1
            Counter term:      cuhre (dm, dy)         iter =           5
                                  gauss (dpt)        nodes =          20
                                                 intervals =           5
                V+J Real:               vegas       ncalls =    50000000
             V+J Virtual:               vegas       ncalls =     5000000

Mellin inverse transform:           gaussian         nodes =          30
                                                 intervals =           1
                               imaginary axis         zmax =           2
  Angular variable costh:     semi-analytical      ncstart =         100
   Angular variables phi:            gaussian    intervals =          20

      Constant boundaries                  q2          low =          80
                                                      high =         100
                                            y          low =          -6
                                                      high =           6
                                        costh          low =          -1
                                                      high =           1
                                       eta(l)          low =         -10
                                                      high =          10

┏━━━━━━━━━━━━━━┰━━━━━━━━━━━━━━┰━━━━━━━━━━━━━━━━━━━━━━━━━━━━━━━━━━┰━━━━━━━━━━━━━━━━━━━━━━━━━━━━━━━━━━┰━━━━━━━━━━━━━━━━━━━━━━━━━━━━━━━━━━┰━━━━━━━━━━━━━━━━━━━━━━━━━━━━━━━━━━┰━━━━━━━━━━━━━━━━━━━━━━━━━━━━━━━━━━┓
┃           qT ┃        pT(l) ┃                      Resummation ┃                     Counter term ┃                         V+J Real ┃                      V+J Virtual ┃                            TOTAL ┃
┣━━━━━━━━━━━━━━╋━━━━━━━━━━━━━━╋━━━━━━━━━━━━━━━━━━━━━━━━━━━━━━━━━━╋━━━━━━━━━━━━━━━━━━━━━━━━━━━━━━━━━━╋━━━━━━━━━━━━━━━━━━━━━━━━━━━━━━━━━━╋━━━━━━━━━━━━━━━━━━━━━━━━━━━━━━━━━━╋━━━━━━━━━━━━━━━━━━━━━━━━━━━━━━━━━━┫
┃    4 -     6 ┃   25 -    26 ┃  3.3206 ± 0.0025 ·10⁺⁰³ ( 25.5s) ┃ -5.8089 ± 0.0045 ·10⁺⁰³ (16.5mi) ┃Vegas input parameters:
  ndim 10
  ncomp 1
  nvec 1
  epsrel 0
  epsabs 0
  flags 10
  seed 123456
  mineval 50000000
  maxeval 50000000
  nstart 1000000
  nincrease 1000000
  nbatch 5000
  gridno 0
  statefile ""

Iteration 1:  1000000 integrand evaluations so far
[1] -3645.06 +- 1195.93  	chisq 0 (0 df)

Iteration 2:  3000000 integrand evaluations so far
[1] -4312.78 +- 1028.2  	chisq 1.19512 (1 df)

Iteration 3:  6000000 integrand evaluations so far
[1] -3826.24 +- 777.352  	chisq 1.71777 (2 df)

Iteration 4:  10000000 integrand evaluations so far
[1] -4007.21 +- 688.752  	chisq 1.96989 (3 df)

Iteration 5:  15000000 integrand evaluations so far
[1] -4132.64 +- 535.645  	chisq 2.05381 (4 df)

Iteration 6:  21000000 integrand evaluations so far
[1] -4157.92 +- 420.381  	chisq 2.05961 (5 df)

Iteration 7:  28000000 integrand evaluations so far
[1] -4325.21 +- 337.807  	chisq 2.50664 (6 df)

Iteration 8:  36000000 integrand evaluations so far
[1] -4391.44 +- 333.733  	chisq 4.10968 (7 df)

Iteration 9:  45000000 integrand evaluations so far
[1] -4351.03 +- 255.58  	chisq 4.14513 (8 df)

Iteration 10:  55000000 integrand evaluations so far
[1] -4237.46 +- 215.702  	chisq 4.83139 (9 df)
   -4.24 ±   0.22 ·10⁺⁰³ (5.95mi) ┃Vegas input parameters:
  ndim 8
  ncomp 1
  nvec 1
  epsrel 0
  epsabs 0
  flags 10
  seed 123456
  mineval 5000000
  maxeval 50000000
  nstart 1000000
  nincrease 1000000
  nbatch 5000
  gridno 0
  statefile ""

Iteration 1:  1000000 integrand evaluations so far
[1] 9207.9 +- 2840.54  	chisq 0 (0 df)

Iteration 2:  3000000 integrand evaluations so far
[1] 8808.04 +- 2309.38  	chisq 0.0584495 (1 df)

Iteration 3:  6000000 integrand evaluations so far
[1] 6964.74 +- 907.034  	chisq 0.811745 (2 df)

Iteration 4:  10000000 integrand evaluations so far
[1] 8751.63 +- 439.608  	chisq 5.88432 (3 df)

Iteration 5:  15000000 integrand evaluations so far
[1] 9667.65 +- 202.117  	chisq 11.3901 (4 df)

Iteration 6:  21000000 integrand evaluations so far
[1] 9998.72 +- 167.013  	chisq 19.8486 (5 df)

Iteration 7:  28000000 integrand evaluations so far
[1] 10217.6 +- 94.7775  	chisq 22.3829 (6 df)

Iteration 8:  36000000 integrand evaluations so far
[1] 10352.5 +- 56.8912  	chisq 25.5464 (7 df)

Iteration 9:  45000000 integrand evaluations so far
[1] 10346 +- 39.542  	chisq 25.5714 (8 df)

Iteration 10:  55000000 integrand evaluations so far
[1] 10372.8 +- 31.6801  	chisq 26.8502 (9 df)
  10.373 ±  0.032 ·10⁺⁰³ (2.22mi) ┃    3.65 ±   0.22 ·10⁺⁰³ (25.1mi) ┃
┃    4 -     6 ┃   26 -    27 ┃  3.9537 ± 0.0015 ·10⁺⁰³ ( 2.2mi) ┃ -6.9468 ± 0.0064 ·10⁺⁰³ (7.04mi) ┃Vegas input parameters:
  ndim 10
  ncomp 1
  nvec 1
  epsrel 0
  epsabs 0
  flags 10
  seed 123456
  mineval 50000000
  maxeval 50000000
  nstart 1000000
  nincrease 1000000
  nbatch 5000
  gridno 0
  statefile ""

Iteration 1:  1000000 integrand evaluations so far
[1] -3092.81 +- 4397.85  	chisq 0 (0 df)

Iteration 2:  3000000 integrand evaluations so far
[1] -3264.45 +- 1597.39  	chisq 0.00175468 (1 df)

Iteration 3:  6000000 integrand evaluations so far
[1] -4971.36 +- 962.306  	chisq 1.79403 (2 df)

Iteration 4:  10000000 integrand evaluations so far
[1] -5014.84 +- 482.762  	chisq 1.79675 (3 df)

Iteration 5:  15000000 integrand evaluations so far
[1] -4875.6 +- 452.8  	chisq 2.48834 (4 df)

Iteration 6:  21000000 integrand evaluations so far
[1] -5175.75 +- 362.243  	chisq 3.70897 (5 df)

Iteration 7:  28000000 integrand evaluations so far
[1] -5073.66 +- 296.502  	chisq 3.94965 (6 df)

Iteration 8:  36000000 integrand evaluations so far
[1] -5238.2 +- 267.826  	chisq 5.62254 (7 df)

Iteration 9:  45000000 integrand evaluations so far
[1] -5328.15 +- 223.105  	chisq 5.99111 (8 df)

Iteration 10:  55000000 integrand evaluations so far
[1] -5347.38 +- 222.382  	chisq 7.13856 (9 df)
   -5.35 ±   0.22 ·10⁺⁰³ (6.03mi) ┃Vegas input parameters:
  ndim 8
  ncomp 1
  nvec 1
  epsrel 0
  epsabs 0
  flags 10
  seed 123456
  mineval 5000000
  maxeval 50000000
  nstart 1000000
  nincrease 1000000
  nbatch 5000
  gridno 0
  statefile ""

Iteration 1:  1000000 integrand evaluations so far
[1] 8087.99 +- 1872.41  	chisq 0 (0 df)

Iteration 2:  3000000 integrand evaluations so far
[1] 8187.21 +- 852.74  	chisq 0.0035427 (1 df)

Iteration 3:  6000000 integrand evaluations so far
[1] 8207.71 +- 852.502  	chisq 1.03623 (2 df)

Iteration 4:  10000000 integrand evaluations so far
[1] 9266.86 +- 562.372  	chisq 3.76901 (3 df)

Iteration 5:  15000000 integrand evaluations so far
[1] 10571.2 +- 389.825  	chisq 14.1242 (4 df)

Iteration 6:  21000000 integrand evaluations so far
[1] 11703.8 +- 229.337  	chisq 27.0334 (5 df)

Iteration 7:  28000000 integrand evaluations so far
[1] 12241.3 +- 125.796  	chisq 34.8887 (6 df)

Iteration 8:  36000000 integrand evaluations so far
[1] 12342.3 +- 73.2671  	chisq 35.8658 (7 df)

Iteration 9:  45000000 integrand evaluations so far
[1] 12316.6 +- 46.1823  	chisq 36.071 (8 df)

Iteration 10:  55000000 integrand evaluations so far
[1] 12364.6 +- 34.0766  	chisq 38.4451 (9 df)
  12.365 ±  0.034 ·10⁺⁰³ (2.33mi) ┃    4.02 ±   0.23 ·10⁺⁰³ (17.6mi) ┃
┃    4 -     6 ┃   27 -    28 ┃   4.729 ± 0.0023 ·10⁺⁰³ (1.28mi) ┃ -8.3572 ± 0.0026 ·10⁺⁰³ (  29mi) ┃Vegas input parameters:
  ndim 10
  ncomp 1
  nvec 1
  epsrel 0
  epsabs 0
  flags 10
  seed 123456
  mineval 50000000
  maxeval 50000000
  nstart 1000000
  nincrease 1000000
  nbatch 5000
  gridno 0
  statefile ""

Iteration 1:  1000000 integrand evaluations so far
[1] -4088.82 +- 2710.27  	chisq 0 (0 df)

Iteration 2:  3000000 integrand evaluations so far
[1] -6340.01 +- 1011.66  	chisq 0.801606 (1 df)

Iteration 3:  6000000 integrand evaluations so far
[1] -6885.56 +- 705.536  	chisq 1.36779 (2 df)

Iteration 4:  10000000 integrand evaluations so far
[1] -6695.99 +- 552.211  	chisq 1.55415 (3 df)

Iteration 5:  15000000 integrand evaluations so far
[1] -6664.66 +- 499.457  	chisq 1.57184 (4 df)

Iteration 6:  21000000 integrand evaluations so far
[1] -6487.42 +- 428.941  	chisq 2.05167 (5 df)

Iteration 7:  28000000 integrand evaluations so far
[1] -6171.61 +- 361.567  	chisq 3.92434 (6 df)

Iteration 8:  36000000 integrand evaluations so far
[1] -6327.08 +- 331.691  	chisq 5.09139 (7 df)

Iteration 9:  45000000 integrand evaluations so far
[1] -6207.08 +- 293.383  	chisq 5.69284 (8 df)

Iteration 10:  55000000 integrand evaluations so far
[1] -6085.55 +- 251.927  	chisq 6.34609 (9 df)
   -6.09 ±   0.25 ·10⁺⁰³ (5.94mi) ┃Vegas input parameters:
  ndim 8
  ncomp 1
  nvec 1
  epsrel 0
  epsabs 0
  flags 10
  seed 123456
  mineval 5000000
  maxeval 50000000
  nstart 1000000
  nincrease 1000000
  nbatch 5000
  gridno 0
  statefile ""

Iteration 1:  1000000 integrand evaluations so far
[1] 17089 +- 3544.13  	chisq 0 (0 df)

Iteration 2:  3000000 integrand evaluations so far
[1] 11384.1 +- 699.431  	chisq 2.69603 (1 df)

Iteration 3:  6000000 integrand evaluations so far
[1] 11828.3 +- 553.034  	chisq 3.772 (2 df)

Iteration 4:  10000000 integrand evaluations so far
[1] 13329 +- 343.415  	chisq 15.7568 (3 df)

Iteration 5:  15000000 integrand evaluations so far
[1] 14149.6 +- 247.043  	chisq 27.592 (4 df)

Iteration 6:  21000000 integrand evaluations so far
[1] 14415.4 +- 139.579  	chisq 29.2927 (5 df)

Iteration 7:  28000000 integrand evaluations so far
[1] 14634.1 +- 85.7087  	chisq 33.2337 (6 df)

Iteration 8:  36000000 integrand evaluations so far
[1] 14717.8 +- 56.4377  	chisq 34.9176 (7 df)

Iteration 9:  45000000 integrand evaluations so far
[1] 14702.6 +- 42.0287  	chisq 35.0812 (8 df)

Iteration 10:  55000000 integrand evaluations so far
[1] 14766.8 +- 34.3268  	chisq 42.0818 (9 df)
  14.767 ±  0.034 ·10⁺⁰³ (2.24mi) ┃    5.05 ±   0.25 ·10⁺⁰³ (38.4mi) ┃
┃    4 -     6 ┃   28 -    29 ┃  5.6149 ± 0.0044 ·10⁺⁰³ ( 20.4s) ┃-10.0027 ± 0.0088 ·10⁺⁰³ (4.73mi) ┃Vegas input parameters:
  ndim 10
  ncomp 1
  nvec 1
  epsrel 0
  epsabs 0
  flags 10
  seed 123456
  mineval 50000000
  maxeval 50000000
  nstart 1000000
  nincrease 1000000
  nbatch 5000
  gridno 0
  statefile ""

Iteration 1:  1000000 integrand evaluations so far
[1] -17202.8 +- 6268.91  	chisq 0 (0 df)

Iteration 2:  3000000 integrand evaluations so far
[1] -10261.6 +- 1484.83  	chisq 1.29886 (1 df)

Iteration 3:  6000000 integrand evaluations so far
[1] -10501.2 +- 1214.3  	chisq 1.37753 (2 df)

Iteration 4:  10000000 integrand evaluations so far
[1] -10215.1 +- 1081.64  	chisq 1.64638 (3 df)

Iteration 5:  15000000 integrand evaluations so far
[1] -8557.71 +- 860.192  	chisq 8.03424 (4 df)

Iteration 6:  21000000 integrand evaluations so far
[1] -8389.39 +- 590.525  	chisq 8.10666 (5 df)

Iteration 7:  28000000 integrand evaluations so far
[1] -8219.3 +- 494.657  	chisq 8.38475 (6 df)

Iteration 8:  36000000 integrand evaluations so far
[1] -7995.65 +- 385.657  	chisq 8.90602 (7 df)

Iteration 9:  45000000 integrand evaluations so far
[1] -7666.17 +- 297.703  	chisq 10.7122 (8 df)

Iteration 10:  55000000 integrand evaluations so far
[1] -7473.74 +- 259.48  	chisq 12.4509 (9 df)
   -7.47 ±   0.26 ·10⁺⁰³ (6.13mi) ┃Vegas input parameters:
  ndim 8
  ncomp 1
  nvec 1
  epsrel 0
  epsabs 0
  flags 10
  seed 123456
  mineval 5000000
  maxeval 50000000
  nstart 1000000
  nincrease 1000000
  nbatch 5000
  gridno 0
  statefile ""

Iteration 1:  1000000 integrand evaluations so far
[1] 14226.8 +- 2867.79  	chisq 0 (0 df)

Iteration 2:  3000000 integrand evaluations so far
[1] 13544.7 +- 1016.79  	chisq 0.0647024 (1 df)

Iteration 3:  6000000 integrand evaluations so far
[1] 15055.8 +- 733.765  	chisq 4.67353 (2 df)

Iteration 4:  10000000 integrand evaluations so far
[1] 16247.4 +- 492.202  	chisq 9.46772 (3 df)

Iteration 5:  15000000 integrand evaluations so far
[1] 16970.8 +- 274.408  	chisq 12.6022 (4 df)

Iteration 6:  21000000 integrand evaluations so far
[1] 17389.2 +- 192.758  	chisq 17.1928 (5 df)

Iteration 7:  28000000 integrand evaluations so far
[1] 17593.9 +- 113.66  	chisq 18.9208 (6 df)

Iteration 8:  36000000 integrand evaluations so far
[1] 17716.9 +- 73.3099  	chisq 20.9277 (7 df)

Iteration 9:  45000000 integrand evaluations so far
[1] 17662.2 +- 53.987  	chisq 22.1451 (8 df)

Iteration 10:  55000000 integrand evaluations so far
[1] 17686.8 +- 48.2443  	chisq 23.1737 (9 df)
  17.687 ±  0.048 ·10⁺⁰³ (2.26mi) ┃    5.83 ±   0.26 ·10⁺⁰³ (13.5mi) ┃
┃    4 -     6 ┃   29 -    30 ┃  6.8716 ± 0.0066 ·10⁺⁰³ (1.17mi) ┃-12.2399 ± 0.0096 ·10⁺⁰³ (2.12mi) ┃Vegas input parameters:
  ndim 10
  ncomp 1
  nvec 1
  epsrel 0
  epsabs 0
  flags 10
  seed 123456
  mineval 50000000
  maxeval 50000000
  nstart 1000000
  nincrease 1000000
  nbatch 5000
  gridno 0
  statefile ""

Iteration 1:  1000000 integrand evaluations so far
[1] -6926.85 +- 1211.47  	chisq 0 (0 df)

Iteration 2:  3000000 integrand evaluations so far
[1] -7580.74 +- 957.499  	chisq 0.776199 (1 df)

Iteration 3:  6000000 integrand evaluations so far
[1] -8140.57 +- 799.705  	chisq 1.90652 (2 df)

Iteration 4:  10000000 integrand evaluations so far
[1] -9436.14 +- 629.684  	chisq 8.81317 (3 df)

Iteration 5:  15000000 integrand evaluations so far
[1] -9444.46 +- 502.961  	chisq 8.81365 (4 df)

Iteration 6:  21000000 integrand evaluations so far
[1] -9231.73 +- 409.556  	chisq 9.34456 (5 df)

Iteration 7:  28000000 integrand evaluations so far
[1] -9333.76 +- 389.051  	chisq 9.98018 (6 df)

Iteration 8:  36000000 integrand evaluations so far
[1] -9431.18 +- 376.149  	chisq 10.9416 (7 df)

Iteration 9:  45000000 integrand evaluations so far
[1] -9375.01 +- 360.658  	chisq 11.218 (8 df)

Iteration 10:  55000000 integrand evaluations so far
[1] -9498.7 +- 354.162  	chisq 14.5131 (9 df)
    -9.5 ±   0.35 ·10⁺⁰³ (6.04mi) ┃Vegas input parameters:
  ndim 8
  ncomp 1
  nvec 1
  epsrel 0
  epsabs 0
  flags 10
  seed 123456
  mineval 5000000
  maxeval 50000000
  nstart 1000000
  nincrease 1000000
  nbatch 5000
  gridno 0
  statefile ""

Iteration 1:  1000000 integrand evaluations so far
[1] 22434.8 +- 4160.99  	chisq 0 (0 df)

Iteration 2:  3000000 integrand evaluations so far
[1] 19814.9 +- 1398.07  	chisq 0.446894 (1 df)

Iteration 3:  6000000 integrand evaluations so far
[1] 20243.5 +- 975.585  	chisq 0.630121 (2 df)

Iteration 4:  10000000 integrand evaluations so far
[1] 20856.1 +- 507.124  	chisq 1.17043 (3 df)

Iteration 5:  15000000 integrand evaluations so far
[1] 21206.3 +- 273.922  	chisq 1.84346 (4 df)

Iteration 6:  21000000 integrand evaluations so far
[1] 21680.1 +- 156.378  	chisq 6.28236 (5 df)

Iteration 7:  28000000 integrand evaluations so far
[1] 21674.2 +- 95.0264  	chisq 6.28466 (6 df)

Iteration 8:  36000000 integrand evaluations so far
[1] 21654 +- 67.4125  	chisq 6.37559 (7 df)

Iteration 9:  45000000 integrand evaluations so far
[1] 21629.3 +- 52.6089  	chisq 6.71712 (8 df)

Iteration 10:  55000000 integrand evaluations so far
[1] 21638.7 +- 44.2432  	chisq 6.82654 (9 df)
  21.639 ±  0.044 ·10⁺⁰³ (2.27mi) ┃    6.77 ±   0.36 ·10⁺⁰³ (11.6mi) ┃
┃    4 -     6 ┃   30 -    31 ┃  8.1746 ± 0.0058 ·10⁺⁰³ (   20s) ┃-14.5256 ± 0.0017 ·10⁺⁰³ (1.22mi) ┃Vegas input parameters:
  ndim 10
  ncomp 1
  nvec 1
  epsrel 0
  epsabs 0
  flags 10
  seed 123456
  mineval 50000000
  maxeval 50000000
  nstart 1000000
  nincrease 1000000
  nbatch 5000
  gridno 0
  statefile ""

Iteration 1:  1000000 integrand evaluations so far
[1] -13131.8 +- 3634.46  	chisq 0 (0 df)

Iteration 2:  3000000 integrand evaluations so far
[1] -13890 +- 1817.81  	chisq 0.0580376 (1 df)

Iteration 3:  6000000 integrand evaluations so far
[1] -13169.6 +- 1414.51  	chisq 0.456183 (2 df)

Iteration 4:  10000000 integrand evaluations so far
[1] -13572.7 +- 1119.07  	chisq 0.673299 (3 df)

Iteration 5:  15000000 integrand evaluations so far
[1] -13109.4 +- 1024.01  	chisq 1.72724 (4 df)

Iteration 6:  21000000 integrand evaluations so far
[1] -11935.2 +- 858.461  	chisq 6.15113 (5 df)

Iteration 7:  28000000 integrand evaluations so far
[1] -10940.7 +- 625.515  	chisq 9.01182 (6 df)

Iteration 8:  36000000 integrand evaluations so far
[1] -11107.4 +- 422.09  	chisq 9.14212 (7 df)

Iteration 9:  45000000 integrand evaluations so far
[1] -11307.6 +- 365.697  	chisq 10.0447 (8 df)

Iteration 10:  55000000 integrand evaluations so far
[1] -11110.1 +- 334.964  	chisq 11.8568 (9 df)
  -11.11 ±   0.33 ·10⁺⁰³ (6.13mi) ┃Vegas input parameters:
  ndim 8
  ncomp 1
  nvec 1
  epsrel 0
  epsabs 0
  flags 10
  seed 123456
  mineval 5000000
  maxeval 50000000
  nstart 1000000
  nincrease 1000000
  nbatch 5000
  gridno 0
  statefile ""

Iteration 1:  1000000 integrand evaluations so far
[1] 30866.6 +- 5042.9  	chisq 0 (0 df)

Iteration 2:  3000000 integrand evaluations so far
[1] 26810.1 +- 1672.83  	chisq 0.727052 (1 df)

Iteration 3:  6000000 integrand evaluations so far
[1] 26350.4 +- 1276.15  	chisq 0.907721 (2 df)

Iteration 4:  10000000 integrand evaluations so far
[1] 24575.3 +- 443.168  	chisq 3.10784 (3 df)

Iteration 5:  15000000 integrand evaluations so far
[1] 25123.4 +- 285.476  	chisq 5.72272 (4 df)

Iteration 6:  21000000 integrand evaluations so far
[1] 25141.5 +- 162.418  	chisq 5.72866 (5 df)

Iteration 7:  28000000 integrand evaluations so far
[1] 25304.2 +- 107.592  	chisq 7.51762 (6 df)

Iteration 8:  36000000 integrand evaluations so far
[1] 25380.6 +- 77.8724  	chisq 8.57615 (7 df)

Iteration 9:  45000000 integrand evaluations so far
[1] 25364.9 +- 60.9139  	chisq 8.68155 (8 df)

Iteration 10:  55000000 integrand evaluations so far
[1] 25381.2 +- 50.7885  	chisq 8.91784 (9 df)
  25.381 ±  0.051 ·10⁺⁰³ (2.26mi) ┃    7.92 ±   0.34 ·10⁺⁰³ (9.94mi) ┃
┃    4 -     6 ┃   31 -    32 ┃  9.1528 ± 0.0057 ·10⁺⁰³ ( 12.8s) ┃-16.1815 ± 0.0095 ·10⁺⁰³ (4.88mi) ┃Vegas input parameters:
  ndim 10
  ncomp 1
  nvec 1
  epsrel 0
  epsabs 0
  flags 10
  seed 123456
  mineval 50000000
  maxeval 50000000
  nstart 1000000
  nincrease 1000000
  nbatch 5000
  gridno 0
  statefile ""

Iteration 1:  1000000 integrand evaluations so far
[1] -10625.2 +- 3339.38  	chisq 0 (0 df)

Iteration 2:  3000000 integrand evaluations so far
[1] -12210.2 +- 2181.2  	chisq 0.392917 (1 df)

Iteration 3:  6000000 integrand evaluations so far
[1] -13453.6 +- 1351.47  	chisq 0.920391 (2 df)

Iteration 4:  10000000 integrand evaluations so far
[1] -12931.1 +- 1264.26  	chisq 2.11735 (3 df)

Iteration 5:  15000000 integrand evaluations so far
[1] -13138 +- 890.795  	chisq 2.17058 (4 df)

Iteration 6:  21000000 integrand evaluations so far
[1] -13216.1 +- 882.598  	chisq 2.58982 (5 df)

Iteration 7:  28000000 integrand evaluations so far
[1] -12876.4 +- 803.804  	chisq 3.45844 (6 df)

Iteration 8:  36000000 integrand evaluations so far
[1] -11898.3 +- 640.031  	chisq 7.50398 (7 df)

Iteration 9:  45000000 integrand evaluations so far
[1] -12041.6 +- 617.759  	chisq 8.23656 (8 df)

Iteration 10:  55000000 integrand evaluations so far
[1] -12075 +- 617.007  	chisq 9.44055 (9 df)
  -12.07 ±   0.62 ·10⁺⁰³ (5.98mi) ┃Vegas input parameters:
  ndim 8
  ncomp 1
  nvec 1
  epsrel 0
  epsabs 0
  flags 10
  seed 123456
  mineval 5000000
  maxeval 50000000
  nstart 1000000
  nincrease 1000000
  nbatch 5000
  gridno 0
  statefile ""

Iteration 1:  1000000 integrand evaluations so far
[1] 27415.1 +- 4754.71  	chisq 0 (0 df)

Iteration 2:  3000000 integrand evaluations so far
[1] 24983 +- 810.734  	chisq 0.269487 (1 df)

Iteration 3:  6000000 integrand evaluations so far
[1] 26212.1 +- 579.962  	chisq 4.97707 (2 df)

Iteration 4:  10000000 integrand evaluations so far
[1] 27137.4 +- 395.323  	chisq 9.73094 (3 df)

Iteration 5:  15000000 integrand evaluations so far
[1] 27742.9 +- 234.27  	chisq 13.3473 (4 df)

Iteration 6:  21000000 integrand evaluations so far
[1] 27970.8 +- 145.929  	chisq 14.8927 (5 df)

Iteration 7:  28000000 integrand evaluations so far
[1] 28089.9 +- 100.806  	chisq 16.1681 (6 df)

Iteration 8:  36000000 integrand evaluations so far
[1] 28127.1 +- 78.6581  	chisq 16.5166 (7 df)

Iteration 9:  45000000 integrand evaluations so far
[1] 28093.5 +- 64.3496  	chisq 17.0694 (8 df)

Iteration 10:  55000000 integrand evaluations so far
[1] 28080.4 +- 54.4563  	chisq 17.2153 (9 df)
   28.08 ±  0.054 ·10⁺⁰³ (2.25mi) ┃    8.98 ±   0.62 ·10⁺⁰³ (13.3mi) ┃
┃    4 -     6 ┃   32 -    33 ┃ 10.0035 ± 0.0091 ·10⁺⁰³ ( 12.8s) ┃ -17.679 ±  0.009 ·10⁺⁰³ (1.33mi) ┃Vegas input parameters:
  ndim 10
  ncomp 1
  nvec 1
  epsrel 0
  epsabs 0
  flags 10
  seed 123456
  mineval 50000000
  maxeval 50000000
  nstart 1000000
  nincrease 1000000
  nbatch 5000
  gridno 0
  statefile ""

Iteration 1:  1000000 integrand evaluations so far
[1] -13767.2 +- 4592.52  	chisq 0 (0 df)

Iteration 2:  3000000 integrand evaluations so far
[1] -12527.6 +- 3991.37  	chisq 0.297774 (1 df)

Iteration 3:  6000000 integrand evaluations so far
[1] -12530.6 +- 2412.19  	chisq 0.297775 (2 df)

Iteration 4:  10000000 integrand evaluations so far
[1] -12019 +- 2378.53  	chisq 1.92078 (3 df)

Iteration 5:  15000000 integrand evaluations so far
[1] -13196.6 +- 1673.54  	chisq 2.40624 (4 df)

Iteration 6:  21000000 integrand evaluations so far
[1] -13707 +- 1278.22  	chisq 2.62945 (5 df)

Iteration 7:  28000000 integrand evaluations so far
[1] -14212.1 +- 1101.11  	chisq 3.23489 (6 df)

Iteration 8:  36000000 integrand evaluations so far
[1] -12819.3 +- 692.09  	chisq 5.87986 (7 df)

Iteration 9:  45000000 integrand evaluations so far
[1] -13245.6 +- 628.873  	chisq 8.05657 (8 df)

Iteration 10:  55000000 integrand evaluations so far
[1] -12906.9 +- 550.773  	chisq 9.30148 (9 df)
  -12.91 ±   0.55 ·10⁺⁰³ (6.11mi) ┃Vegas input parameters:
  ndim 8
  ncomp 1
  nvec 1
  epsrel 0
  epsabs 0
  flags 10
  seed 123456
  mineval 5000000
  maxeval 50000000
  nstart 1000000
  nincrease 1000000
  nbatch 5000
  gridno 0
  statefile ""

Iteration 1:  1000000 integrand evaluations so far
[1] 31171.2 +- 4982.89  	chisq 0 (0 df)

Iteration 2:  3000000 integrand evaluations so far
[1] 27395.8 +- 1123.42  	chisq 0.604813 (1 df)

Iteration 3:  6000000 integrand evaluations so far
[1] 28994.3 +- 743.311  	chisq 4.20552 (2 df)

Iteration 4:  10000000 integrand evaluations so far
[1] 30143 +- 430.802  	chisq 7.80196 (3 df)

Iteration 5:  15000000 integrand evaluations so far
[1] 30226.8 +- 220.251  	chisq 7.85323 (4 df)

Iteration 6:  21000000 integrand evaluations so far
[1] 30369.9 +- 132.344  	chisq 8.51363 (5 df)

Iteration 7:  28000000 integrand evaluations so far
[1] 30377.9 +- 95.5413  	chisq 8.52119 (6 df)

Iteration 8:  36000000 integrand evaluations so far
[1] 30461.6 +- 77.2017  	chisq 10.7346 (7 df)

Iteration 9:  45000000 integrand evaluations so far
[1] 30482.1 +- 64.3128  	chisq 10.9652 (8 df)

Iteration 10:  55000000 integrand evaluations so far
[1] 30495.9 +- 55.603  	chisq 11.1464 (9 df)
  30.496 ±  0.056 ·10⁺⁰³ (2.24mi) ┃    9.91 ±   0.55 ·10⁺⁰³ ( 9.9mi) ┃
┃    4 -     6 ┃   33 -    34 ┃ 11.0616 ± 0.0083 ·10⁺⁰³ ( 12.2s) ┃ -19.417 ±   0.01 ·10⁺⁰³ (5.21mi) ┃Vegas input parameters:
  ndim 10
  ncomp 1
  nvec 1
  epsrel 0
  epsabs 0
  flags 10
  seed 123456
  mineval 50000000
  maxeval 50000000
  nstart 1000000
  nincrease 1000000
  nbatch 5000
  gridno 0
  statefile ""

Iteration 1:  1000000 integrand evaluations so far
[1] -52301.1 +- 33002.2  	chisq 0 (0 df)

Iteration 2:  3000000 integrand evaluations so far
[1] -33723.7 +- 14266.5  	chisq 0.389698 (1 df)

Iteration 3:  6000000 integrand evaluations so far
[1] -14716 +- 2742.2  	chisq 2.23289 (2 df)

Iteration 4:  10000000 integrand evaluations so far
[1] -15520.7 +- 1109.64  	chisq 2.33587 (3 df)

Iteration 5:  15000000 integrand evaluations so far
[1] -14798.3 +- 987.436  	chisq 4.37186 (4 df)

Iteration 6:  21000000 integrand evaluations so far
[1] -14854.5 +- 741.207  	chisq 4.37926 (5 df)

Iteration 7:  28000000 integrand evaluations so far
[1] -14733 +- 613.415  	chisq 4.46454 (6 df)

Iteration 8:  36000000 integrand evaluations so far
[1] -14525.1 +- 553.316  	chisq 5.08105 (7 df)

Iteration 9:  45000000 integrand evaluations so far
[1] -14012 +- 464.463  	chisq 7.99203 (8 df)

Iteration 10:  55000000 integrand evaluations so far
[1] -14261 +- 381.897  	chisq 8.87941 (9 df)
  -14.26 ±   0.38 ·10⁺⁰³ (6.08mi) ┃Vegas input parameters:
  ndim 8
  ncomp 1
  nvec 1
  epsrel 0
  epsabs 0
  flags 10
  seed 123456
  mineval 5000000
  maxeval 50000000
  nstart 1000000
  nincrease 1000000
  nbatch 5000
  gridno 0
  statefile ""

Iteration 1:  1000000 integrand evaluations so far
[1] 38477.1 +- 5585.91  	chisq 0 (0 df)

Iteration 2:  3000000 integrand evaluations so far
[1] 32187.3 +- 809.834  	chisq 1.29514 (1 df)

Iteration 3:  6000000 integrand evaluations so far
[1] 33150.5 +- 501.489  	chisq 3.59004 (2 df)

Iteration 4:  10000000 integrand evaluations so far
[1] 33405 +- 285.112  	chisq 3.97052 (3 df)

Iteration 5:  15000000 integrand evaluations so far
[1] 33639.7 +- 196.167  	chisq 5.25657 (4 df)

Iteration 6:  21000000 integrand evaluations so far
[1] 33526.3 +- 135.209  	chisq 5.89299 (5 df)

Iteration 7:  28000000 integrand evaluations so far
[1] 33567.2 +- 100.311  	chisq 6.09639 (6 df)

Iteration 8:  36000000 integrand evaluations so far
[1] 33645.9 +- 80.9544  	chisq 7.86569 (7 df)

Iteration 9:  45000000 integrand evaluations so far
[1] 33572.1 +- 67.8551  	chisq 10.662 (8 df)

Iteration 10:  55000000 integrand evaluations so far
[1] 33581 +- 59.0874  	chisq 10.7335 (9 df)
  33.581 ±  0.059 ·10⁺⁰³ (2.26mi) ┃   10.96 ±   0.39 ·10⁺⁰³ (13.8mi) ┃
┃    4 -     6 ┃   34 -    35 ┃  12.237 ±  0.011 ·10⁺⁰³ ( 6.82s) ┃-21.5829 ± 0.0041 ·10⁺⁰³ (2.29mi) ┃Vegas input parameters:
  ndim 10
  ncomp 1
  nvec 1
  epsrel 0
  epsabs 0
  flags 10
  seed 123456
  mineval 50000000
  maxeval 50000000
  nstart 1000000
  nincrease 1000000
  nbatch 5000
  gridno 0
  statefile ""

Iteration 1:  1000000 integrand evaluations so far
[1] -19540.7 +- 3840.09  	chisq 0 (0 df)

Iteration 2:  3000000 integrand evaluations so far
[1] -20190.7 +- 3702.82  	chisq 0.407983 (1 df)

Iteration 3:  6000000 integrand evaluations so far
[1] -20326.4 +- 2647.66  	chisq 0.410732 (2 df)

Iteration 4:  10000000 integrand evaluations so far
[1] -18172.9 +- 1515.6  	chisq 1.39475 (3 df)

Iteration 5:  15000000 integrand evaluations so far
[1] -15664.8 +- 1030.08  	chisq 6.48438 (4 df)

Iteration 6:  21000000 integrand evaluations so far
[1] -15480.2 +- 898.904  	chisq 6.61904 (5 df)

Iteration 7:  28000000 integrand evaluations so far
[1] -15398.4 +- 798.65  	chisq 6.65834 (6 df)

Iteration 8:  36000000 integrand evaluations so far
[1] -15682.5 +- 524.555  	chisq 6.88083 (7 df)

Iteration 9:  45000000 integrand evaluations so far
[1] -16036.7 +- 447.37  	chisq 8.55338 (8 df)

Iteration 10:  55000000 integrand evaluations so far
[1] -16145.6 +- 440.202  	chisq 10.4176 (9 df)
  -16.15 ±   0.44 ·10⁺⁰³ ( 6.1mi) ┃Vegas input parameters:
  ndim 8
  ncomp 1
  nvec 1
  epsrel 0
  epsabs 0
  flags 10
  seed 123456
  mineval 5000000
  maxeval 50000000
  nstart 1000000
  nincrease 1000000
  nbatch 5000
  gridno 0
  statefile ""

Iteration 1:  1000000 integrand evaluations so far
[1] 38035.8 +- 5505.21  	chisq 0 (0 df)

Iteration 2:  3000000 integrand evaluations so far
[1] 36989.3 +- 1018.53  	chisq 0.037418 (1 df)

Iteration 3:  6000000 integrand evaluations so far
[1] 37491 +- 863.794  	chisq 0.90165 (2 df)

Iteration 4:  10000000 integrand evaluations so far
[1] 37147.2 +- 469.369  	chisq 1.12646 (3 df)

Iteration 5:  15000000 integrand evaluations so far
[1] 37326.8 +- 272.391  	chisq 1.3474 (4 df)

Iteration 6:  21000000 integrand evaluations so far
[1] 37031.8 +- 168.322  	chisq 3.24505 (5 df)

Iteration 7:  28000000 integrand evaluations so far
[1] 37238.1 +- 119.592  	chisq 6.27943 (6 df)

Iteration 8:  36000000 integrand evaluations so far
[1] 37299.3 +- 93.9358  	chisq 6.96196 (7 df)

Iteration 9:  45000000 integrand evaluations so far
[1] 37250 +- 77.8566  	chisq 7.84143 (8 df)

Iteration 10:  55000000 integrand evaluations so far
[1] 37241.4 +- 66.856  	chisq 7.8885 (9 df)
  37.241 ±  0.067 ·10⁺⁰³ (2.23mi) ┃   11.75 ±   0.45 ·10⁺⁰³ (10.7mi) ┃
┃    4 -     6 ┃   35 -    36 ┃   13.82 ±  0.012 ·10⁺⁰³ ( 11.4s) ┃ -24.414 ±   0.02 ·10⁺⁰³ (2.95mi) ┃Vegas input parameters:
  ndim 10
  ncomp 1
  nvec 1
  epsrel 0
  epsabs 0
  flags 10
  seed 123456
  mineval 50000000
  maxeval 50000000
  nstart 1000000
  nincrease 1000000
  nbatch 5000
  gridno 0
  statefile ""

Iteration 1:  1000000 integrand evaluations so far
[1] -9253.5 +- 14456.5  	chisq 0 (0 df)

Iteration 2:  3000000 integrand evaluations so far
[1] -3724.13 +- 8485.89  	chisq 0.223202 (1 df)

Iteration 3:  6000000 integrand evaluations so far
[1] -11675.8 +- 2450.58  	chisq 1.18114 (2 df)

Iteration 4:  10000000 integrand evaluations so far
[1] -14542 +- 1695.23  	chisq 3.80449 (3 df)

Iteration 5:  15000000 integrand evaluations so far
[1] -17489.1 +- 1120.87  	chisq 9.17446 (4 df)

Iteration 6:  21000000 integrand evaluations so far
[1] -17998.2 +- 862.691  	chisq 9.68047 (5 df)

Iteration 7:  28000000 integrand evaluations so far
[1] -18191.5 +- 842.419  	chisq 10.762 (6 df)

Iteration 8:  36000000 integrand evaluations so far
[1] -18229.2 +- 770.697  	chisq 10.7743 (7 df)

Iteration 9:  45000000 integrand evaluations so far
[1] -18212.4 +- 731.457  	chisq 10.7791 (8 df)

Iteration 10:  55000000 integrand evaluations so far
[1] -17878.1 +- 666.77  	chisq 12.0149 (9 df)
  -17.88 ±   0.67 ·10⁺⁰³ (6.05mi) ┃Vegas input parameters:
  ndim 8
  ncomp 1
  nvec 1
  epsrel 0
  epsabs 0
  flags 10
  seed 123456
  mineval 5000000
  maxeval 50000000
  nstart 1000000
  nincrease 1000000
  nbatch 5000
  gridno 0
  statefile ""

Iteration 1:  1000000 integrand evaluations so far
[1] 44134.4 +- 5546.35  	chisq 0 (0 df)

Iteration 2:  3000000 integrand evaluations so far
[1] 42535.4 +- 1051.08  	chisq 0.0862132 (1 df)

Iteration 3:  6000000 integrand evaluations so far
[1] 41894.2 +- 475.757  	chisq 0.554186 (2 df)

Iteration 4:  10000000 integrand evaluations so far
[1] 42003.1 +- 290.477  	chisq 0.637664 (3 df)

Iteration 5:  15000000 integrand evaluations so far
[1] 42343.2 +- 205.88  	chisq 3.39158 (4 df)

Iteration 6:  21000000 integrand evaluations so far
[1] 42180 +- 148.897  	chisq 4.70899 (5 df)

Iteration 7:  28000000 integrand evaluations so far
[1] 42264.5 +- 115.355  	chisq 5.51526 (6 df)

Iteration 8:  36000000 integrand evaluations so far
[1] 42272 +- 94.7998  	chisq 5.52816 (7 df)

Iteration 9:  45000000 integrand evaluations so far
[1] 42200.2 +- 80.647  	chisq 7.59897 (8 df)

Iteration 10:  55000000 integrand evaluations so far
[1] 42215.3 +- 70.8158  	chisq 7.75069 (9 df)
  42.215 ±  0.071 ·10⁺⁰³ (2.26mi) ┃   13.74 ±   0.67 ·10⁺⁰³ (11.5mi) ┃
┃    4 -     6 ┃   36 -    37 ┃ 16.4607 ± 0.0086 ·10⁺⁰³ ( 21.9s) ┃-28.7663 ± 0.0089 ·10⁺⁰³ (5.08mi) ┃Vegas input parameters:
  ndim 10
  ncomp 1
  nvec 1
  epsrel 0
  epsabs 0
  flags 10
  seed 123456
  mineval 50000000
  maxeval 50000000
  nstart 1000000
  nincrease 1000000
  nbatch 5000
  gridno 0
  statefile ""

Iteration 1:  1000000 integrand evaluations so far
[1] -27113.5 +- 6564.39  	chisq 0 (0 df)

Iteration 2:  3000000 integrand evaluations so far
[1] -22763.5 +- 4320.31  	chisq 0.774678 (1 df)

Iteration 3:  6000000 integrand evaluations so far
[1] -23968.6 +- 4056.84  	chisq 1.43267 (2 df)

Iteration 4:  10000000 integrand evaluations so far
[1] -20387.9 +- 2388.66  	chisq 2.62509 (3 df)

Iteration 5:  15000000 integrand evaluations so far
[1] -18936.5 +- 1861.76  	chisq 3.56573 (4 df)

Iteration 6:  21000000 integrand evaluations so far
[1] -19232 +- 1575.6  	chisq 3.65453 (5 df)

Iteration 7:  28000000 integrand evaluations so far
[1] -20271.3 +- 1392.76  	chisq 5.64466 (6 df)

Iteration 8:  36000000 integrand evaluations so far
[1] -19001.4 +- 1108.51  	chisq 7.91295 (7 df)

Iteration 9:  45000000 integrand evaluations so far
[1] -19439.8 +- 1034.59  	chisq 9.12631 (8 df)

Iteration 10:  55000000 integrand evaluations so far
[1] -19643.9 +- 1022.16  	chisq 10.7561 (9 df)
   -19.6 ±      1 ·10⁺⁰³ (6.26mi) ┃Vegas input parameters:
  ndim 8
  ncomp 1
  nvec 1
  epsrel 0
  epsabs 0
  flags 10
  seed 123456
  mineval 5000000
  maxeval 50000000
  nstart 1000000
  nincrease 1000000
  nbatch 5000
  gridno 0
  statefile ""

Iteration 1:  1000000 integrand evaluations so far
[1] 48132.2 +- 6328.63  	chisq 0 (0 df)

Iteration 2:  3000000 integrand evaluations so far
[1] 48546.1 +- 1312.08  	chisq 0.00446897 (1 df)

Iteration 3:  6000000 integrand evaluations so far
[1] 48117.3 +- 551.719  	chisq 0.134232 (2 df)

Iteration 4:  10000000 integrand evaluations so far
[1] 48648.3 +- 315.304  	chisq 1.51009 (3 df)

Iteration 5:  15000000 integrand evaluations so far
[1] 49126.1 +- 216.502  	chisq 5.8537 (4 df)

Iteration 6:  21000000 integrand evaluations so far
[1] 49348.4 +- 161.183  	chisq 8.21934 (5 df)

Iteration 7:  28000000 integrand evaluations so far
[1] 49448.4 +- 128.008  	chisq 9.26222 (6 df)

Iteration 8:  36000000 integrand evaluations so far
[1] 49448.4 +- 106.807  	chisq 9.26222 (7 df)

Iteration 9:  45000000 integrand evaluations so far
[1] 49474.1 +- 91.6406  	chisq 9.482 (8 df)

Iteration 10:  55000000 integrand evaluations so far
[1] 49557.3 +- 81.1565  	chisq 13.3025 (9 df)
  49.557 ±  0.081 ·10⁺⁰³ (2.26mi) ┃    17.6 ±      1 ·10⁺⁰³ (  14mi) ┃
┃    4 -     6 ┃   37 -    38 ┃  22.041 ±   0.01 ·10⁺⁰³ ( 11.4s) ┃ -38.333 ±  0.012 ·10⁺⁰³ ( 4.4mi) ┃Vegas input parameters:
  ndim 10
  ncomp 1
  nvec 1
  epsrel 0
  epsabs 0
  flags 10
  seed 123456
  mineval 50000000
  maxeval 50000000
  nstart 1000000
  nincrease 1000000
  nbatch 5000
  gridno 0
  statefile ""

Iteration 1:  1000000 integrand evaluations so far
[1] -21870.9 +- 6306.59  	chisq 0 (0 df)

Iteration 2:  3000000 integrand evaluations so far
[1] -22231 +- 4255.46  	chisq 0.00598526 (1 df)

Iteration 3:  6000000 integrand evaluations so far
[1] -29615.2 +- 2254.09  	chisq 4.19131 (2 df)

Iteration 4:  10000000 integrand evaluations so far
[1] -29132 +- 2057.82  	chisq 4.46716 (3 df)

Iteration 5:  15000000 integrand evaluations so far
[1] -30227.5 +- 1427.17  	chisq 5.0132 (4 df)

Iteration 6:  21000000 integrand evaluations so far
[1] -28861.1 +- 959.104  	chisq 6.68481 (5 df)

Iteration 7:  28000000 integrand evaluations so far
[1] -29128.8 +- 948.401  	chisq 10.1943 (6 df)

Iteration 8:  36000000 integrand evaluations so far
[1] -29064.2 +- 908.59  	chisq 10.2507 (7 df)

Iteration 9:  45000000 integrand evaluations so far
[1] -28275.5 +- 822.199  	chisq 14.4111 (8 df)

Iteration 10:  55000000 integrand evaluations so far
[1] -28214.1 +- 709.535  	chisq 14.4329 (9 df)
  -28.21 ±   0.71 ·10⁺⁰³ (6.09mi) ┃Vegas input parameters:
  ndim 8
  ncomp 1
  nvec 1
  epsrel 0
  epsabs 0
  flags 10
  seed 123456
  mineval 5000000
  maxeval 50000000
  nstart 1000000
  nincrease 1000000
  nbatch 5000
  gridno 0
  statefile ""

Iteration 1:  1000000 integrand evaluations so far
[1] 69215.6 +- 6527.34  	chisq 0 (0 df)

Iteration 2:  3000000 integrand evaluations so far
[1] 67573.9 +- 1849.69  	chisq 0.0687788 (1 df)

Iteration 3:  6000000 integrand evaluations so far
[1] 67423.3 +- 823.515  	chisq 0.0770521 (2 df)

Iteration 4:  10000000 integrand evaluations so far
[1] 66569.1 +- 436.419  	chisq 1.57301 (3 df)

Iteration 5:  15000000 integrand evaluations so far
[1] 66300.8 +- 291.068  	chisq 2.25369 (4 df)

Iteration 6:  21000000 integrand evaluations so far
[1] 66051.5 +- 211.342  	chisq 3.8049 (5 df)

Iteration 7:  28000000 integrand evaluations so far
[1] 66201.4 +- 168.654  	chisq 5.18988 (6 df)

Iteration 8:  36000000 integrand evaluations so far
[1] 66106 +- 139.565  	chisq 6.20539 (7 df)

Iteration 9:  45000000 integrand evaluations so far
[1] 66186.7 +- 119.419  	chisq 7.45312 (8 df)

Iteration 10:  55000000 integrand evaluations so far
[1] 66216 +- 104.617  	chisq 7.71243 (9 df)
   66.22 ±    0.1 ·10⁺⁰³ (2.22mi) ┃   21.71 ±   0.72 ·10⁺⁰³ (12.9mi) ┃
┃    4 -     6 ┃   38 -    39 ┃  23.997 ±  0.017 ·10⁺⁰³ ( 21.6s) ┃ -42.258 ±  0.021 ·10⁺⁰³ (5.13mi) ┃Vegas input parameters:
  ndim 10
  ncomp 1
  nvec 1
  epsrel 0
  epsabs 0
  flags 10
  seed 123456
  mineval 50000000
  maxeval 50000000
  nstart 1000000
  nincrease 1000000
  nbatch 5000
  gridno 0
  statefile ""

Iteration 1:  1000000 integrand evaluations so far
[1] -72723.9 +- 37504.4  	chisq 0 (0 df)

Iteration 2:  3000000 integrand evaluations so far
[1] -61675.9 +- 23113.9  	chisq 0.139923 (1 df)

Iteration 3:  6000000 integrand evaluations so far
[1] -23600.4 +- 5850.49  	chisq 3.03928 (2 df)

Iteration 4:  10000000 integrand evaluations so far
[1] -24301.5 +- 4897.22  	chisq 3.08726 (3 df)

Iteration 5:  15000000 integrand evaluations so far
[1] -26606.5 +- 2766.97  	chisq 3.41268 (4 df)

Iteration 6:  21000000 integrand evaluations so far
[1] -27920.8 +- 2280.94  	chisq 4.11674 (5 df)

Iteration 7:  28000000 integrand evaluations so far
[1] -30212.9 +- 1528.24  	chisq 5.94909 (6 df)

Iteration 8:  36000000 integrand evaluations so far
[1] -31335.3 +- 1067.31  	chisq 7.00203 (7 df)

Iteration 9:  45000000 integrand evaluations so far
[1] -30751.6 +- 866.541  	chisq 7.87938 (8 df)

Iteration 10:  55000000 integrand evaluations so far
[1] -30954.9 +- 781.793  	chisq 8.17524 (9 df)
  -30.95 ±   0.78 ·10⁺⁰³ (6.32mi) ┃Vegas input parameters:
  ndim 8
  ncomp 1
  nvec 1
  epsrel 0
  epsabs 0
  flags 10
  seed 123456
  mineval 5000000
  maxeval 50000000
  nstart 1000000
  nincrease 1000000
  nbatch 5000
  gridno 0
  statefile ""

Iteration 1:  1000000 integrand evaluations so far
[1] 72619 +- 6851.49  	chisq 0 (0 df)

Iteration 2:  3000000 integrand evaluations so far
[1] 73212.8 +- 1257.91  	chisq 0.0077723 (1 df)

Iteration 3:  6000000 integrand evaluations so far
[1] 72853.4 +- 568.461  	chisq 0.110349 (2 df)

Iteration 4:  10000000 integrand evaluations so far
[1] 72995.1 +- 345.918  	chisq 0.209004 (3 df)

Iteration 5:  15000000 integrand evaluations so far
[1] 73529.4 +- 249.464  	chisq 5.18035 (4 df)

Iteration 6:  21000000 integrand evaluations so far
[1] 73323.7 +- 191.893  	chisq 6.84496 (5 df)

Iteration 7:  28000000 integrand evaluations so far
[1] 73324.8 +- 156.535  	chisq 6.84505 (6 df)

Iteration 8:  36000000 integrand evaluations so far
[1] 73318.5 +- 132.728  	chisq 6.85079 (7 df)

Iteration 9:  45000000 integrand evaluations so far
[1] 73343.2 +- 116.018  	chisq 6.99836 (8 df)

Iteration 10:  55000000 integrand evaluations so far
[1] 73476.8 +- 103.47  	chisq 13.4742 (9 df)
   73.48 ±    0.1 ·10⁺⁰³ (2.31mi) ┃   24.26 ±   0.79 ·10⁺⁰³ (14.1mi) ┃
┃    4 -     6 ┃   39 -    40 ┃  20.458 ±  0.015 ·10⁺⁰³ (   40s) ┃ -36.109 ±  0.024 ·10⁺⁰³ (2.04mi) ┃Vegas input parameters:
  ndim 10
  ncomp 1
  nvec 1
  epsrel 0
  epsabs 0
  flags 10
  seed 123456
  mineval 50000000
  maxeval 50000000
  nstart 1000000
  nincrease 1000000
  nbatch 5000
  gridno 0
  statefile ""

Iteration 1:  1000000 integrand evaluations so far
[1] -15617.4 +- 7788.26  	chisq 0 (0 df)

Iteration 2:  3000000 integrand evaluations so far
[1] -28496 +- 4748.49  	chisq 4.3522 (1 df)

Iteration 3:  6000000 integrand evaluations so far
[1] -24737.2 +- 2420.56  	chisq 5.19878 (2 df)

Iteration 4:  10000000 integrand evaluations so far
[1] -25036.4 +- 1718.66  	chisq 5.22959 (3 df)

Iteration 5:  15000000 integrand evaluations so far
[1] -24413.1 +- 1636.2  	chisq 6.634 (4 df)

Iteration 6:  21000000 integrand evaluations so far
[1] -23826.3 +- 1528.68  	chisq 7.64566 (5 df)

Iteration 7:  28000000 integrand evaluations so far
[1] -24404.6 +- 1453.34  	chisq 9.13402 (6 df)

Iteration 8:  36000000 integrand evaluations so far
[1] -24400 +- 1415.51  	chisq 9.13421 (7 df)

Iteration 9:  45000000 integrand evaluations so far
[1] -24662.4 +- 1396.51  	chisq 10.4233 (8 df)

Iteration 10:  55000000 integrand evaluations so far
[1] -24781.5 +- 1294.92  	chisq 10.4751 (9 df)
   -24.8 ±    1.3 ·10⁺⁰³ (6.28mi) ┃Vegas input parameters:
  ndim 8
  ncomp 1
  nvec 1
  epsrel 0
  epsabs 0
  flags 10
  seed 123456
  mineval 5000000
  maxeval 50000000
  nstart 1000000
  nincrease 1000000
  nbatch 5000
  gridno 0
  statefile ""

Iteration 1:  1000000 integrand evaluations so far
[1] 62443.2 +- 5898.32  	chisq 0 (0 df)

Iteration 2:  3000000 integrand evaluations so far
[1] 60864 +- 1325.72  	chisq 0.0754959 (1 df)

Iteration 3:  6000000 integrand evaluations so far
[1] 62085.9 +- 896.909  	chisq 1.64191 (2 df)

Iteration 4:  10000000 integrand evaluations so far
[1] 62860.3 +- 487.93  	chisq 2.70084 (3 df)

Iteration 5:  15000000 integrand evaluations so far
[1] 62736 +- 315.484  	chisq 2.81241 (4 df)

Iteration 6:  21000000 integrand evaluations so far
[1] 62613.9 +- 222.079  	chisq 3.1091 (5 df)

Iteration 7:  28000000 integrand evaluations so far
[1] 62744.7 +- 168.593  	chisq 3.92762 (6 df)

Iteration 8:  36000000 integrand evaluations so far
[1] 62685.2 +- 135.939  	chisq 4.2844 (7 df)

Iteration 9:  45000000 integrand evaluations so far
[1] 62630.2 +- 114.526  	chisq 4.84677 (8 df)

Iteration 10:  55000000 integrand evaluations so far
[1] 62690.2 +- 99.9754  	chisq 5.99779 (9 df)
   62.69 ±    0.1 ·10⁺⁰³ ( 2.3mi) ┃    22.3 ±    1.3 ·10⁺⁰³ (11.3mi) ┃
┃    4 -     6 ┃   40 -    41 ┃ 18.3875 ± 0.0096 ·10⁺⁰³ ( 30.9s) ┃ -32.311 ±  0.014 ·10⁺⁰³ (7.71mi) ┃Vegas input parameters:
  ndim 10
  ncomp 1
  nvec 1
  epsrel 0
  epsabs 0
  flags 10
  seed 123456
  mineval 50000000
  maxeval 50000000
  nstart 1000000
  nincrease 1000000
  nbatch 5000
  gridno 0
  statefile ""

Iteration 1:  1000000 integrand evaluations so far
[1] -20112.3 +- 7740.2  	chisq 0 (0 df)

Iteration 2:  3000000 integrand evaluations so far
[1] -18378.9 +- 3166.89  	chisq 0.0602363 (1 df)

Iteration 3:  6000000 integrand evaluations so far
[1] -22113.8 +- 1975.53  	chisq 2.33725 (2 df)

Iteration 4:  10000000 integrand evaluations so far
[1] -23594.6 +- 1506.64  	chisq 3.68009 (3 df)

Iteration 5:  15000000 integrand evaluations so far
[1] -23157.4 +- 1395.34  	chisq 4.27171 (4 df)

Iteration 6:  21000000 integrand evaluations so far
[1] -24469.6 +- 1101.24  	chisq 6.61661 (5 df)

Iteration 7:  28000000 integrand evaluations so far
[1] -24149.5 +- 992.793  	chisq 7.06785 (6 df)

Iteration 8:  36000000 integrand evaluations so far
[1] -24464.9 +- 959.72  	chisq 8.60813 (7 df)

Iteration 9:  45000000 integrand evaluations so far
[1] -24378.1 +- 957.526  	chisq 10.3984 (8 df)

Iteration 10:  55000000 integrand evaluations so far
[1] -24284.2 +- 931.696  	chisq 10.5791 (9 df)
  -24.28 ±   0.93 ·10⁺⁰³ (6.17mi) ┃Vegas input parameters:
  ndim 8
  ncomp 1
  nvec 1
  epsrel 0
  epsabs 0
  flags 10
  seed 123456
  mineval 5000000
  maxeval 50000000
  nstart 1000000
  nincrease 1000000
  nbatch 5000
  gridno 0
  statefile ""

Iteration 1:  1000000 integrand evaluations so far
[1] 53023.1 +- 5117.12  	chisq 0 (0 df)

Iteration 2:  3000000 integrand evaluations so far
[1] 55259.6 +- 1203.73  	chisq 0.202203 (1 df)

Iteration 3:  6000000 integrand evaluations so far
[1] 55808 +- 584.12  	chisq 0.473675 (2 df)

Iteration 4:  10000000 integrand evaluations so far
[1] 55561.5 +- 329.446  	chisq 0.734796 (3 df)

Iteration 5:  15000000 integrand evaluations so far
[1] 55851.1 +- 232.477  	chisq 2.27406 (4 df)

Iteration 6:  21000000 integrand evaluations so far
[1] 56003.6 +- 176.507  	chisq 3.29037 (5 df)

Iteration 7:  28000000 integrand evaluations so far
[1] 55941.2 +- 140.478  	chisq 3.63168 (6 df)

Iteration 8:  36000000 integrand evaluations so far
[1] 56059.5 +- 116.961  	chisq 5.94289 (7 df)

Iteration 9:  45000000 integrand evaluations so far
[1] 56028.6 +- 100.148  	chisq 6.20485 (8 df)

Iteration 10:  55000000 integrand evaluations so far
[1] 56039.4 +- 88.1656  	chisq 6.25722 (9 df)
  56.039 ±  0.088 ·10⁺⁰³ (2.27mi) ┃   17.83 ±   0.94 ·10⁺⁰³ (16.7mi) ┃
┃    4 -     6 ┃   41 -    42 ┃  17.054 ±  0.015 ·10⁺⁰³ ( 39.8s) ┃ -29.969 ±  0.018 ·10⁺⁰³ (7.07mi) ┃Vegas input parameters:
  ndim 10
  ncomp 1
  nvec 1
  epsrel 0
  epsabs 0
  flags 10
  seed 123456
  mineval 50000000
  maxeval 50000000
  nstart 1000000
  nincrease 1000000
  nbatch 5000
  gridno 0
  statefile ""

Iteration 1:  1000000 integrand evaluations so far
[1] -55060.3 +- 14430.3  	chisq 0 (0 df)

Iteration 2:  3000000 integrand evaluations so far
[1] -19957.6 +- 5956.22  	chisq 7.13249 (1 df)

Iteration 3:  6000000 integrand evaluations so far
[1] -21364.6 +- 2059.18  	chisq 7.19586 (2 df)

Iteration 4:  10000000 integrand evaluations so far
[1] -20088.3 +- 1168.17  	chisq 7.76233 (3 df)

Iteration 5:  15000000 integrand evaluations so far
[1] -20467.6 +- 1140.29  	chisq 9.99925 (4 df)

Iteration 6:  21000000 integrand evaluations so far
[1] -20511.2 +- 989.033  	chisq 10.0051 (5 df)

Iteration 7:  28000000 integrand evaluations so far
[1] -20231.4 +- 747.998  	chisq 10.1922 (6 df)

Iteration 8:  36000000 integrand evaluations so far
[1] -20593.2 +- 625.706  	chisq 10.9713 (7 df)

Iteration 9:  45000000 integrand evaluations so far
[1] -20656 +- 585.523  	chisq 11.0524 (8 df)

Iteration 10:  55000000 integrand evaluations so far
[1] -21116 +- 530.742  	chisq 14.5123 (9 df)
  -21.12 ±   0.53 ·10⁺⁰³ (6.19mi) ┃Vegas input parameters:
  ndim 8
  ncomp 1
  nvec 1
  epsrel 0
  epsabs 0
  flags 10
  seed 123456
  mineval 5000000
  maxeval 50000000
  nstart 1000000
  nincrease 1000000
  nbatch 5000
  gridno 0
  statefile ""

Iteration 1:  1000000 integrand evaluations so far
[1] 52390.9 +- 6478.92  	chisq 0 (0 df)

Iteration 2:  3000000 integrand evaluations so far
[1] 55246.9 +- 4158.67  	chisq 0.330479 (1 df)

Iteration 3:  6000000 integrand evaluations so far
[1] 53052.9 +- 1040.37  	chisq 0.627403 (2 df)

Iteration 4:  10000000 integrand evaluations so far
[1] 51992.7 +- 379.013  	chisq 1.8247 (3 df)

Iteration 5:  15000000 integrand evaluations so far
[1] 52117.5 +- 221.534  	chisq 1.98924 (4 df)

Iteration 6:  21000000 integrand evaluations so far
[1] 51943 +- 158.32  	chisq 3.25735 (5 df)

Iteration 7:  28000000 integrand evaluations so far
[1] 52013 +- 124.924  	chisq 3.77528 (6 df)

Iteration 8:  36000000 integrand evaluations so far
[1] 51999.3 +- 104.228  	chisq 3.81487 (7 df)

Iteration 9:  45000000 integrand evaluations so far
[1] 52032.7 +- 89.78  	chisq 4.21501 (8 df)

Iteration 10:  55000000 integrand evaluations so far
[1] 52084 +- 79.2321  	chisq 5.68839 (9 df)
  52.084 ±  0.079 ·10⁺⁰³ (2.28mi) ┃   18.05 ±   0.54 ·10⁺⁰³ (16.2mi) ┃
┃    4 -     6 ┃   42 -    43 ┃ 14.1181 ± 0.0037 ·10⁺⁰³ ( 59.8s) ┃ -24.468 ±  0.023 ·10⁺⁰³ (13.3mi) ┃Vegas input parameters:
  ndim 10
  ncomp 1
  nvec 1
  epsrel 0
  epsabs 0
  flags 10
  seed 123456
  mineval 50000000
  maxeval 50000000
  nstart 1000000
  nincrease 1000000
  nbatch 5000
  gridno 0
  statefile ""

Iteration 1:  1000000 integrand evaluations so far
[1] 11733.4 +- 35709.8  	chisq 0 (0 df)

Iteration 2:  3000000 integrand evaluations so far
[1] -25394 +- 21172.1  	chisq 1.66694 (1 df)

Iteration 3:  6000000 integrand evaluations so far
[1] -17432.4 +- 2596.44  	chisq 1.8105 (2 df)

Iteration 4:  10000000 integrand evaluations so far
[1] -19538.8 +- 1325  	chisq 2.70042 (3 df)

Iteration 5:  15000000 integrand evaluations so far
[1] -19652.2 +- 1315.73  	chisq 3.22545 (4 df)

Iteration 6:  21000000 integrand evaluations so far
[1] -18916.3 +- 1163.68  	chisq 4.66196 (5 df)

Iteration 7:  28000000 integrand evaluations so far
[1] -19145.2 +- 1085.89  	chisq 4.96158 (6 df)

Iteration 8:  36000000 integrand evaluations so far
[1] -18442.6 +- 942.215  	chisq 6.65581 (7 df)

Iteration 9:  45000000 integrand evaluations so far
[1] -18231.1 +- 897.13  	chisq 7.1953 (8 df)

Iteration 10:  55000000 integrand evaluations so far
[1] -17632.3 +- 710.24  	chisq 8.38909 (9 df)
  -17.63 ±   0.71 ·10⁺⁰³ (6.48mi) ┃Vegas input parameters:
  ndim 8
  ncomp 1
  nvec 1
  epsrel 0
  epsabs 0
  flags 10
  seed 123456
  mineval 5000000
  maxeval 50000000
  nstart 1000000
  nincrease 1000000
  nbatch 5000
  gridno 0
  statefile ""

Iteration 1:  1000000 integrand evaluations so far
[1] 49567.7 +- 5417.71  	chisq 0 (0 df)

Iteration 2:  3000000 integrand evaluations so far
[1] 42529.7 +- 2234.42  	chisq 2.03352 (1 df)

Iteration 3:  6000000 integrand evaluations so far
[1] 42783.9 +- 828.232  	chisq 2.04853 (2 df)

Iteration 4:  10000000 integrand evaluations so far
[1] 41893.7 +- 324.05  	chisq 3.41242 (3 df)

Iteration 5:  15000000 integrand evaluations so far
[1] 42418.1 +- 190.212  	chisq 7.40784 (4 df)

Iteration 6:  21000000 integrand evaluations so far
[1] 42202 +- 134.088  	chisq 9.97439 (5 df)

Iteration 7:  28000000 integrand evaluations so far
[1] 42339.3 +- 105.275  	chisq 12.7069 (6 df)

Iteration 8:  36000000 integrand evaluations so far
[1] 42435.8 +- 87.2656  	chisq 15.397 (7 df)

Iteration 9:  45000000 integrand evaluations so far
[1] 42384.6 +- 74.8288  	chisq 16.702 (8 df)

Iteration 10:  55000000 integrand evaluations so far
[1] 42374.9 +- 65.7553  	chisq 16.7744 (9 df)
  42.375 ±  0.066 ·10⁺⁰³ ( 2.3mi) ┃   14.39 ±   0.71 ·10⁺⁰³ (23.1mi) ┃
┃    4 -     6 ┃   43 -    44 ┃  5.6316 ± 0.0016 ·10⁺⁰³ (4.31mi) ┃ -9.6351 ± 0.0069 ·10⁺⁰³ (2.02mi) ┃Vegas input parameters:
  ndim 10
  ncomp 1
  nvec 1
  epsrel 0
  epsabs 0
  flags 10
  seed 123456
  mineval 50000000
  maxeval 50000000
  nstart 1000000
  nincrease 1000000
  nbatch 5000
  gridno 0
  statefile ""

Iteration 1:  1000000 integrand evaluations so far
[1] -6969.04 +- 1743.76  	chisq 0 (0 df)

Iteration 2:  3000000 integrand evaluations so far
[1] -8252.63 +- 1051.88  	chisq 0.851801 (1 df)

Iteration 3:  6000000 integrand evaluations so far
[1] -7815.49 +- 999.007  	chisq 2.61412 (2 df)

Iteration 4:  10000000 integrand evaluations so far
[1] -8288.07 +- 701.371  	chisq 3.05539 (3 df)

Iteration 5:  15000000 integrand evaluations so far
[1] -7564.57 +- 504.436  	chisq 5.25969 (4 df)

Iteration 6:  21000000 integrand evaluations so far
[1] -7225.72 +- 425.065  	chisq 6.81604 (5 df)

Iteration 7:  28000000 integrand evaluations so far
[1] -7233.51 +- 302.448  	chisq 6.81672 (6 df)

Iteration 8:  36000000 integrand evaluations so far
[1] -7195.47 +- 284.664  	chisq 6.95536 (7 df)

Iteration 9:  45000000 integrand evaluations so far
[1] -7154.26 +- 282.566  	chisq 8.38171 (8 df)

Iteration 10:  55000000 integrand evaluations so far
[1] -7154.47 +- 281.401  	chisq 8.38177 (9 df)
   -7.15 ±   0.28 ·10⁺⁰³ (5.94mi) ┃Vegas input parameters:
  ndim 8
  ncomp 1
  nvec 1
  epsrel 0
  epsabs 0
  flags 10
  seed 123456
  mineval 5000000
  maxeval 50000000
  nstart 1000000
  nincrease 1000000
  nbatch 5000
  gridno 0
  statefile ""

Iteration 1:  1000000 integrand evaluations so far
[1] 15096.6 +- 2692  	chisq 0 (0 df)

Iteration 2:  3000000 integrand evaluations so far
[1] 14223.5 +- 755.813  	chisq 0.114194 (1 df)

Iteration 3:  6000000 integrand evaluations so far
[1] 15694.8 +- 448.6  	chisq 5.96428 (2 df)

Iteration 4:  10000000 integrand evaluations so far
[1] 16417.1 +- 215.082  	chisq 9.33131 (3 df)

Iteration 5:  15000000 integrand evaluations so far
[1] 16584.1 +- 128.959  	chisq 10.2722 (4 df)

Iteration 6:  21000000 integrand evaluations so far
[1] 16553.6 +- 90.1978  	chisq 10.3819 (5 df)

Iteration 7:  28000000 integrand evaluations so far
[1] 16602.1 +- 67.0617  	chisq 11.0285 (6 df)

Iteration 8:  36000000 integrand evaluations so far
[1] 16557.2 +- 51.9239  	chisq 12.1458 (7 df)

Iteration 9:  45000000 integrand evaluations so far
[1] 16557.4 +- 42.7567  	chisq 12.1458 (8 df)

Iteration 10:  55000000 integrand evaluations so far
[1] 16561.2 +- 36.5631  	chisq 12.1755 (9 df)
  16.561 ±  0.037 ·10⁺⁰³ (2.17mi) ┃     5.4 ±   0.28 ·10⁺⁰³ (14.4mi) ┃
┃    4 -     6 ┃   44 -    45 ┃  2.1065 ± 0.0016 ·10⁺⁰³ (4.03mi) ┃ -3.6899 ± 0.0018 ·10⁺⁰³ (22.5mi) ┃Vegas input parameters:
  ndim 10
  ncomp 1
  nvec 1
  epsrel 0
  epsabs 0
  flags 10
  seed 123456
  mineval 50000000
  maxeval 50000000
  nstart 1000000
  nincrease 1000000
  nbatch 5000
  gridno 0
  statefile ""

Iteration 1:  1000000 integrand evaluations so far
[1] -3183.59 +- 1465.01  	chisq 0 (0 df)

Iteration 2:  3000000 integrand evaluations so far
[1] -2913.47 +- 781.306  	chisq 0.0475067 (1 df)

Iteration 3:  6000000 integrand evaluations so far
[1] -2628.23 +- 383.035  	chisq 0.222968 (2 df)

Iteration 4:  10000000 integrand evaluations so far
[1] -2504.66 +- 262.14  	chisq 0.41873 (3 df)

Iteration 5:  15000000 integrand evaluations so far
[1] -2619.1 +- 210.172  	chisq 0.952314 (4 df)

Iteration 6:  21000000 integrand evaluations so far
[1] -2816.68 +- 174.494  	chisq 3.79674 (5 df)

Iteration 7:  28000000 integrand evaluations so far
[1] -2840.38 +- 172.166  	chisq 4.49266 (6 df)

Iteration 8:  36000000 integrand evaluations so far
[1] -2890.75 +- 169.18  	chisq 6.98222 (7 df)

Iteration 9:  45000000 integrand evaluations so far
[1] -2869.83 +- 133.83  	chisq 7.02311 (8 df)

Iteration 10:  55000000 integrand evaluations so far
[1] -2703.32 +- 110.812  	chisq 11.9463 (9 df)
    -2.7 ±   0.11 ·10⁺⁰³ (5.83mi) ┃Vegas input parameters:
  ndim 8
  ncomp 1
  nvec 1
  epsrel 0
  epsabs 0
  flags 10
  seed 123456
  mineval 5000000
  maxeval 50000000
  nstart 1000000
  nincrease 1000000
  nbatch 5000
  gridno 0
  statefile ""

Iteration 1:  1000000 integrand evaluations so far
[1] 3666.08 +- 1296.29  	chisq 0 (0 df)

Iteration 2:  3000000 integrand evaluations so far
[1] 3628.09 +- 845.638  	chisq 0.00149572 (1 df)

Iteration 3:  6000000 integrand evaluations so far
[1] 4261.8 +- 387.944  	chisq 0.712781 (2 df)

Iteration 4:  10000000 integrand evaluations so far
[1] 4760.81 +- 336.904  	chisq 7.44329 (3 df)

Iteration 5:  15000000 integrand evaluations so far
[1] 5785.55 +- 180.072  	chisq 20.395 (4 df)

Iteration 6:  21000000 integrand evaluations so far
[1] 6097.84 +- 86.2632  	chisq 24.2985 (5 df)

Iteration 7:  28000000 integrand evaluations so far
[1] 6305.86 +- 47.027  	chisq 32.5724 (6 df)

Iteration 8:  36000000 integrand evaluations so far
[1] 6337.67 +- 29.1053  	chisq 33.3139 (7 df)

Iteration 9:  45000000 integrand evaluations so far
[1] 6404.87 +- 20.8171  	chisq 44.2283 (8 df)

Iteration 10:  55000000 integrand evaluations so far
[1] 6424.49 +- 16.5111  	chisq 46.6236 (9 df)
   6.424 ±  0.017 ·10⁺⁰³ ( 2.3mi) ┃    2.14 ±   0.11 ·10⁺⁰³ (34.6mi) ┃
┃    4 -     6 ┃   45 -    46 ┃ 1.13346 ± 0.00049 ·10⁺⁰³ (7.49mi) ┃ -2.0163 ± 0.0012 ·10⁺⁰³ (12.1mi) ┃Vegas input parameters:
  ndim 10
  ncomp 1
  nvec 1
  epsrel 0
  epsabs 0
  flags 10
  seed 123456
  mineval 50000000
  maxeval 50000000
  nstart 1000000
  nincrease 1000000
  nbatch 5000
  gridno 0
  statefile ""

Iteration 1:  1000000 integrand evaluations so far
[1] 4895.13 +- 9766.44  	chisq 0 (0 df)

Iteration 2:  3000000 integrand evaluations so far
[1] -342.987 +- 979.064  	chisq 0.290579 (1 df)

Iteration 3:  6000000 integrand evaluations so far
[1] -1115.19 +- 252.172  	chisq 0.956856 (2 df)

Iteration 4:  10000000 integrand evaluations so far
[1] -1266.14 +- 159.194  	chisq 1.55257 (3 df)

Iteration 5:  15000000 integrand evaluations so far
[1] -1481.25 +- 82.1555  	chisq 4.04117 (4 df)

Iteration 6:  21000000 integrand evaluations so far
[1] -1467.13 +- 67.262  	chisq 4.13068 (5 df)

Iteration 7:  28000000 integrand evaluations so far
[1] -1470.16 +- 56.4494  	chisq 4.13756 (6 df)

Iteration 8:  36000000 integrand evaluations so far
[1] -1479.58 +- 55.8199  	chisq 5.39106 (7 df)

Iteration 9:  45000000 integrand evaluations so far
[1] -1506.56 +- 52.1387  	chisq 7.22261 (8 df)

Iteration 10:  55000000 integrand evaluations so far
[1] -1512 +- 44.0324  	chisq 7.26069 (9 df)
  -1.512 ±  0.044 ·10⁺⁰³ (6.17mi) ┃Vegas input parameters:
  ndim 8
  ncomp 1
  nvec 1
  epsrel 0
  epsabs 0
  flags 10
  seed 123456
  mineval 5000000
  maxeval 50000000
  nstart 1000000
  nincrease 1000000
  nbatch 5000
  gridno 0
  statefile ""

Iteration 1:  1000000 integrand evaluations so far
[1] 2593.78 +- 1045.46  	chisq 0 (0 df)

Iteration 2:  3000000 integrand evaluations so far
[1] 1568.62 +- 368.221  	chisq 1.09772 (1 df)

Iteration 3:  6000000 integrand evaluations so far
[1] 1429.09 +- 145.132  	chisq 1.26772 (2 df)

Iteration 4:  10000000 integrand evaluations so far
[1] 1868.11 +- 105.948  	chisq 20.8583 (3 df)

Iteration 5:  15000000 integrand evaluations so far
[1] 2313.98 +- 79.8225  	chisq 61.819 (4 df)

Iteration 6:  21000000 integrand evaluations so far
[1] 2694.51 +- 63.4934  	chisq 123.694 (5 df)

Iteration 7:  28000000 integrand evaluations so far
[1] 3212.33 +- 38.3351  	chisq 228.362 (6 df)

Iteration 8:  36000000 integrand evaluations so far
[1] 3463.42 +- 19.3895  	chisq 286.008 (7 df)

Iteration 9:  45000000 integrand evaluations so far
[1] 3492.68 +- 12.332  	chisq 289.832 (8 df)

Iteration 10:  55000000 integrand evaluations so far
[1] 3503.31 +- 11.1335  	chisq 293.855 (9 df)
   3.503 ±  0.011 ·10⁺⁰³ ( 2.4mi) ┃   1.108 ±  0.045 ·10⁺⁰³ (28.2mi) ┃
┃    4 -     6 ┃   46 -    47 ┃  696.02 ±   0.41        (3.94mi) ┃-1.24911 ± 0.00037 ·10⁺⁰³ (12.9mi) ┃Vegas input parameters:
  ndim 10
  ncomp 1
  nvec 1
  epsrel 0
  epsabs 0
  flags 10
  seed 123456
  mineval 50000000
  maxeval 50000000
  nstart 1000000
  nincrease 1000000
  nbatch 5000
  gridno 0
  statefile ""

Iteration 1:  1000000 integrand evaluations so far
[1] 1754.43 +- 2406.68  	chisq 0 (0 df)

Iteration 2:  3000000 integrand evaluations so far
[1] -97.3184 +- 327.274  	chisq 0.603162 (1 df)

Iteration 3:  6000000 integrand evaluations so far
[1] -502.558 +- 253.483  	chisq 4.43515 (2 df)

Iteration 4:  10000000 integrand evaluations so far
[1] -799.618 +- 152.532  	chisq 6.58811 (3 df)

Iteration 5:  15000000 integrand evaluations so far
[1] -946.07 +- 87.4642  	chisq 7.96158 (4 df)

Iteration 6:  21000000 integrand evaluations so far
[1] -919.877 +- 43.2409  	chisq 8.08027 (5 df)

Iteration 7:  28000000 integrand evaluations so far
[1] -909.005 +- 34.9023  	chisq 8.26167 (6 df)

Iteration 8:  36000000 integrand evaluations so far
[1] -915.628 +- 27.8544  	chisq 8.36084 (7 df)

Iteration 9:  45000000 integrand evaluations so far
[1] -941.667 +- 24.0442  	chisq 11.7899 (8 df)

Iteration 10:  55000000 integrand evaluations so far
[1] -955.381 +- 21.1507  	chisq 13.228 (9 df)
    -955 ±     21        (6.28mi) ┃Vegas input parameters:
  ndim 8
  ncomp 1
  nvec 1
  epsrel 0
  epsabs 0
  flags 10
  seed 123456
  mineval 5000000
  maxeval 50000000
  nstart 1000000
  nincrease 1000000
  nbatch 5000
  gridno 0
  statefile ""

Iteration 1:  1000000 integrand evaluations so far
[1] 1520.27 +- 682.505  	chisq 0 (0 df)

Iteration 2:  3000000 integrand evaluations so far
[1] 228.4 +- 104.356  	chisq 3.66862 (1 df)

Iteration 3:  6000000 integrand evaluations so far
[1] 238.285 +- 104.053  	chisq 5.2156 (2 df)

Iteration 4:  10000000 integrand evaluations so far
[1] 269.772 +- 102.237  	chisq 7.86098 (3 df)

Iteration 5:  15000000 integrand evaluations so far
[1] 384.876 +- 98.5075  	chisq 25.5599 (4 df)

Iteration 6:  21000000 integrand evaluations so far
[1] 438.72 +- 97.4348  	chisq 39.3526 (5 df)

Iteration 7:  28000000 integrand evaluations so far
[1] 1025.3 +- 80.7813  	chisq 155.284 (6 df)

Iteration 8:  36000000 integrand evaluations so far
[1] 1922.37 +- 36.9388  	chisq 311.207 (7 df)

Iteration 9:  45000000 integrand evaluations so far
[1] 2130.62 +- 16.7518  	chisq 351.219 (8 df)

Iteration 10:  55000000 integrand evaluations so far
[1] 2178.81 +- 9.10972  	chisq 362.97 (9 df)
  2.1788 ± 0.0091 ·10⁺⁰³ (2.53mi) ┃     670 ±     23        (25.7mi) ┃
┃    4 -     6 ┃   47 -    48 ┃  439.19 ±   0.21        (14.7mi) ┃ -793.58 ±   0.33        (38.1mi) ┃Vegas input parameters:
  ndim 10
  ncomp 1
  nvec 1
  epsrel 0
  epsabs 0
  flags 10
  seed 123456
  mineval 50000000
  maxeval 50000000
  nstart 1000000
  nincrease 1000000
  nbatch 5000
  gridno 0
  statefile ""

Iteration 1:  1000000 integrand evaluations so far
[1] -515.057 +- 265.713  	chisq 0 (0 df)

Iteration 2:  3000000 integrand evaluations so far
[1] -610.098 +- 237.377  	chisq 0.633628 (1 df)

Iteration 3:  6000000 integrand evaluations so far
[1] -486.742 +- 208.27  	chisq 1.80673 (2 df)

Iteration 4:  10000000 integrand evaluations so far
[1] -399.197 +- 131.307  	chisq 2.09998 (3 df)

Iteration 5:  15000000 integrand evaluations so far
[1] -572.455 +- 113.323  	chisq 8.92308 (4 df)

Iteration 6:  21000000 integrand evaluations so far
[1] -530.214 +- 106.612  	chisq 10.1319 (5 df)

Iteration 7:  28000000 integrand evaluations so far
[1] -498.481 +- 76.0749  	chisq 10.3124 (6 df)

Iteration 8:  36000000 integrand evaluations so far
[1] -537.884 +- 51.5553  	chisq 10.8085 (7 df)

Iteration 9:  45000000 integrand evaluations so far
[1] -564.994 +- 38.3111  	chisq 11.4261 (8 df)

Iteration 10:  55000000 integrand evaluations so far
[1] -571.974 +- 26.5742  	chisq 11.49 (9 df)
    -572 ±     27        (6.19mi) ┃Vegas input parameters:
  ndim 8
  ncomp 1
  nvec 1
  epsrel 0
  epsabs 0
  flags 10
  seed 123456
  mineval 5000000
  maxeval 50000000
  nstart 1000000
  nincrease 1000000
  nbatch 5000
  gridno 0
  statefile ""

Iteration 1:  1000000 integrand evaluations so far
[1] 1078.8 +- 596.44  	chisq 0 (0 df)

Iteration 2:  3000000 integrand evaluations so far
[1] 52.6997 +- 16.4693  	chisq 2.96197 (1 df)

Iteration 3:  6000000 integrand evaluations so far
[1] 52.7254 +- 16.4693  	chisq 4.03897 (2 df)

Iteration 4:  10000000 integrand evaluations so far
[1] 54.3029 +- 16.456  	chisq 9.7307 (3 df)

Iteration 5:  15000000 integrand evaluations so far
[1] 114.788 +- 15.7925  	chisq 180.716 (4 df)

Iteration 6:  21000000 integrand evaluations so far
[1] 118.234 +- 15.7731  	chisq 200.115 (5 df)

Iteration 7:  28000000 integrand evaluations so far
[1] 180.068 +- 15.3841  	chisq 515.572 (6 df)

Iteration 8:  36000000 integrand evaluations so far
[1] 519.797 +- 13.025  	chisq 2237.63 (7 df)

Iteration 9:  45000000 integrand evaluations so far
[1] 935.493 +- 9.53018  	chisq 4429.87 (8 df)

Iteration 10:  55000000 integrand evaluations so far
[1] 1238.01 +- 5.62642  	chisq 5976.57 (9 df)
   1.238 ± 0.0056 ·10⁺⁰³ ( 2.5mi) ┃     312 ±     27        (1.03hr) ┃
┃    4 -     6 ┃   48 -    49 ┃  270.91 ±   0.23        (4.28mi) ┃ -489.79 ±   0.21        (  44mi) ┃Vegas input parameters:
  ndim 10
  ncomp 1
  nvec 1
  epsrel 0
  epsabs 0
  flags 10
  seed 123456
  mineval 50000000
  maxeval 50000000
  nstart 1000000
  nincrease 1000000
  nbatch 5000
  gridno 0
  statefile ""

Iteration 1:  1000000 integrand evaluations so far
[1] -324.493 +- 180.518  	chisq 0 (0 df)

Iteration 2:  3000000 integrand evaluations so far
[1] -20.219 +- 11.595  	chisq 2.85288 (1 df)

Iteration 3:  6000000 integrand evaluations so far
[1] -19.8514 +- 11.5894  	chisq 3.88096 (2 df)

Iteration 4:  10000000 integrand evaluations so far
[1] -20.8102 +- 11.572  	chisq 6.16944 (3 df)

Iteration 5:  15000000 integrand evaluations so far
[1] -21.822 +- 11.5184  	chisq 6.99687 (4 df)

Iteration 6:  21000000 integrand evaluations so far
[1] -30.6886 +- 11.3928  	chisq 34.3111 (5 df)

Iteration 7:  28000000 integrand evaluations so far
[1] -43.63 +- 11.136  	chisq 63.2644 (6 df)

Iteration 8:  36000000 integrand evaluations so far
[1] -62.5041 +- 10.8709  	chisq 124.322 (7 df)

Iteration 9:  45000000 integrand evaluations so far
[1] -63.859 +- 10.8252  	chisq 126.171 (8 df)

Iteration 10:  55000000 integrand evaluations so far
[1] -68.2584 +- 10.753  	chisq 138.589 (9 df)
     -68 ±     11        (6.55mi) ┃Vegas input parameters:
  ndim 8
  ncomp 1
  nvec 1
  epsrel 0
  epsabs 0
  flags 10
  seed 123456
  mineval 5000000
  maxeval 50000000
  nstart 1000000
  nincrease 1000000
  nbatch 5000
  gridno 0
  statefile ""

Iteration 1:  1000000 integrand evaluations so far
[1] 1195.67 +- 896.717  	chisq 0 (0 df)

Iteration 2:  3000000 integrand evaluations so far
[1] 89.9222 +- 46.177  	chisq 1.52458 (1 df)

Iteration 3:  6000000 integrand evaluations so far
[1] 51.5631 +- 9.93829  	chisq 2.24816 (2 df)

Iteration 4:  10000000 integrand evaluations so far
[1] 51.9828 +- 9.93548  	chisq 5.3992 (3 df)

Iteration 5:  15000000 integrand evaluations so far
[1] 67.9219 +- 9.78216  	chisq 89.4379 (4 df)

Iteration 6:  21000000 integrand evaluations so far
[1] 105.522 +- 9.52034  	chisq 369.188 (5 df)

Iteration 7:  28000000 integrand evaluations so far
[1] 248.807 +- 8.48602  	chisq 1471.53 (6 df)

Iteration 8:  36000000 integrand evaluations so far
[1] 298.037 +- 8.14573  	chisq 1899.76 (7 df)

Iteration 9:  45000000 integrand evaluations so far
[1] 420.156 +- 7.21769  	chisq 2945.72 (8 df)

Iteration 10:  55000000 integrand evaluations so far
[1] 680.912 +- 4.6191  	chisq 5156.24 (9 df)
   680.9 ±    4.6        (2.61mi) ┃     394 ±     12        (57.5mi) ┃
┃    4 -     6 ┃   49 -    50 ┃  164.56 ±   0.15        (2.71mi) ┃ -298.31 ±   0.27        (41.9mi) ┃Vegas input parameters:
  ndim 10
  ncomp 1
  nvec 1
  epsrel 0
  epsabs 0
  flags 10
  seed 123456
  mineval 50000000
  maxeval 50000000
  nstart 1000000
  nincrease 1000000
  nbatch 5000
  gridno 0
  statefile ""

Iteration 1:  1000000 integrand evaluations so far
[1] -67.6286 +- 40.8419  	chisq 0 (0 df)

Iteration 2:  3000000 integrand evaluations so far
[1] -6.76015 +- 4.89657  	chisq 2.25352 (1 df)

Iteration 3:  6000000 integrand evaluations so far
[1] -7.32575 +- 4.87564  	chisq 3.81742 (2 df)

Iteration 4:  10000000 integrand evaluations so far
[1] -10.7182 +- 4.58532  	chisq 8.0074 (3 df)

Iteration 5:  15000000 integrand evaluations so far
[1] -11.5724 +- 4.56679  	chisq 12.311 (4 df)

Iteration 6:  21000000 integrand evaluations so far
[1] -11.6954 +- 4.56604  	chisq 14.5294 (5 df)

Iteration 7:  28000000 integrand evaluations so far
[1] -12.8781 +- 4.55638  	chisq 30.3954 (6 df)

Iteration 8:  36000000 integrand evaluations so far
[1] -14.5836 +- 4.53133  	chisq 43.1711 (7 df)

Iteration 9:  45000000 integrand evaluations so far
[1] -18.4366 +- 4.48725  	chisq 80.5194 (8 df)

Iteration 10:  55000000 integrand evaluations so far
[1] -23.2768 +- 4.44098  	chisq 137.229 (9 df)
   -23.3 ±    4.4        (6.49mi) ┃Vegas input parameters:
  ndim 8
  ncomp 1
  nvec 1
  epsrel 0
  epsabs 0
  flags 10
  seed 123456
  mineval 5000000
  maxeval 50000000
  nstart 1000000
  nincrease 1000000
  nbatch 5000
  gridno 0
  statefile ""

Iteration 1:  1000000 integrand evaluations so far
[1] 778.605 +- 604.978  	chisq 0 (0 df)

Iteration 2:  3000000 integrand evaluations so far
[1] 0.828495 +- 0.372924  	chisq 1.65284 (1 df)

Iteration 3:  6000000 integrand evaluations so far
[1] 0.906635 +- 0.371299  	chisq 6.7022 (2 df)

Iteration 4:  10000000 integrand evaluations so far
[1] 0.915582 +- 0.371285  	chisq 14.7025 (3 df)

Iteration 5:  15000000 integrand evaluations so far
[1] 0.966852 +- 0.371253  	chisq 125.754 (4 df)

Iteration 6:  21000000 integrand evaluations so far
[1] 1.00421 +- 0.371239  	chisq 259.667 (5 df)

Iteration 7:  28000000 integrand evaluations so far
[1] 1.47856 +- 0.371068  	chisq 2023.49 (6 df)

Iteration 8:  36000000 integrand evaluations so far
[1] 3.82403 +- 0.370239  	chisq 10975.1 (7 df)

Iteration 9:  45000000 integrand evaluations so far
[1] 12.3718 +- 0.36722  	chisq 43797.3 (8 df)

Iteration 10:  55000000 integrand evaluations so far
[1] 28.526 +- 0.361403  	chisq 105366 (9 df)
   28.53 ±   0.36        (2.97mi) ┃  -128.5 ±    4.5        (54.1mi) ┃
┃    4 -     6 ┃   50 -    51 ┃  91.916 ±  0.058        (7.28mi) ┃ -167.01 ±   0.12        (23.3mi) ┃Vegas input parameters:
  ndim 10
  ncomp 1
  nvec 1
  epsrel 0
  epsabs 0
  flags 10
  seed 123456
  mineval 50000000
  maxeval 50000000
  nstart 1000000
  nincrease 1000000
  nbatch 5000
  gridno 0
  statefile ""

Iteration 1:  1000000 integrand evaluations so far
[1] 542.45 +- 584.711  	chisq 0 (0 df)

Iteration 2:  3000000 integrand evaluations so far
[1] 0.00111844 +- 0.00177113  	chisq 0.860666 (1 df)

Iteration 3:  6000000 integrand evaluations so far
[1] 0.00111406 +- 0.00177113  	chisq 3.21074 (2 df)

Iteration 4:  10000000 integrand evaluations so far
[1] 0.00111327 +- 0.00177113  	chisq 6.83625 (3 df)

Iteration 5:  15000000 integrand evaluations so far
[1] 0.00111249 +- 0.00177113  	chisq 14.6464 (4 df)

Iteration 6:  21000000 integrand evaluations so far
[1] 0.00111247 +- 0.00177113  	chisq 16.6302 (5 df)

Iteration 7:  28000000 integrand evaluations so far
[1] 0.0011124 +- 0.00177113  	chisq 21.6654 (6 df)

Iteration 8:  36000000 integrand evaluations so far
[1] 0.00111125 +- 0.00177113  	chisq 64.1704 (7 df)

Iteration 9:  45000000 integrand evaluations so far
[1] 0.00110935 +- 0.00177113  	chisq 143.07 (8 df)

Iteration 10:  55000000 integrand evaluations so far
[1] 0.00110277 +- 0.00177113  	chisq 426.423 (9 df)
     1.1 ±    1.8 ·10⁻⁰³ (7.24mi) ┃Vegas input parameters:
  ndim 8
  ncomp 1
  nvec 1
  epsrel 0
  epsabs 0
  flags 10
  seed 123456
  mineval 5000000
  maxeval 50000000
  nstart 1000000
  nincrease 1000000
  nbatch 5000
  gridno 0
  statefile ""

Iteration 1:  1000000 integrand evaluations so far
[1] 413.523 +- 297.834  	chisq 0 (0 df)

Iteration 2:  3000000 integrand evaluations so far
[1] 0.339907 +- 0.198365  	chisq 1.92459 (1 df)

Iteration 3:  6000000 integrand evaluations so far
[1] 0.34012 +- 0.198365  	chisq 3.31202 (2 df)

Iteration 4:  10000000 integrand evaluations so far
[1] 0.341659 +- 0.198364  	chisq 10.6979 (3 df)

Iteration 5:  15000000 integrand evaluations so far
[1] 0.354944 +- 0.198358  	chisq 83.519 (4 df)

Iteration 6:  21000000 integrand evaluations so far
[1] 0.365325 +- 0.198355  	chisq 172.095 (5 df)

Iteration 7:  28000000 integrand evaluations so far
[1] 0.590027 +- 0.198275  	chisq 1764.77 (6 df)

Iteration 8:  36000000 integrand evaluations so far
[1] 1.68171 +- 0.197903  	chisq 9835.2 (7 df)

Iteration 9:  45000000 integrand evaluations so far
[1] 4.88974 +- 0.196817  	chisq 33860.5 (8 df)

Iteration 10:  55000000 integrand evaluations so far
[1] 11.5904 +- 0.194531  	chisq 84033.9 (9 df)
   11.59 ±   0.19        (2.51mi) ┃   -63.5 ±   0.24        (40.4mi) ┃
┃    4 -     6 ┃   51 -    52 ┃  40.467 ±  0.012        (6.95mi) ┃ -72.607 ±  0.015        (2.61hr) ┃Vegas input parameters:
  ndim 10
  ncomp 1
  nvec 1
  epsrel 0
  epsabs 0
  flags 10
  seed 123456
  mineval 50000000
  maxeval 50000000
  nstart 1000000
  nincrease 1000000
  nbatch 5000
  gridno 0
  statefile ""

Iteration 1:  1000000 integrand evaluations so far
[1] -8.62273 +- 6.53614  	chisq 0 (0 df)

Iteration 2:  3000000 integrand evaluations so far
[1] -1.29661e-06 +- 5.39185e-07  	chisq 1.74039 (1 df)

Iteration 3:  6000000 integrand evaluations so far
[1] -1.29747e-06 +- 5.39185e-07  	chisq 3.6606 (2 df)

Iteration 4:  10000000 integrand evaluations so far
[1] -1.29757e-06 +- 5.39185e-07  	chisq 7.67675 (3 df)

Iteration 5:  15000000 integrand evaluations so far
[1] -1.29757e-06 +- 5.39185e-07  	chisq 16.802 (4 df)

Iteration 6:  21000000 integrand evaluations so far
[1] -1.29757e-06 +- 5.39185e-07  	chisq 26.7414 (5 df)

Iteration 7:  28000000 integrand evaluations so far
[1] -1.29757e-06 +- 5.39185e-07  	chisq 30.0326 (6 df)

Iteration 8:  36000000 integrand evaluations so far
[1] -1.29757e-06 +- 5.39185e-07  	chisq 45.7602 (7 df)

Iteration 9:  45000000 integrand evaluations so far
[1] -1.29757e-06 +- 5.39185e-07  	chisq 55.3167 (8 df)

Iteration 10:  55000000 integrand evaluations so far
[1] -1.29757e-06 +- 5.39185e-07  	chisq 86.5312 (9 df)
    -1.3 ±   0.54 ·10⁻⁰⁶ (6.37mi) ┃Vegas input parameters:
  ndim 8
  ncomp 1
  nvec 1
  epsrel 0
  epsabs 0
  flags 10
  seed 123456
  mineval 5000000
  maxeval 50000000
  nstart 1000000
  nincrease 1000000
  nbatch 5000
  gridno 0
  statefile ""

Iteration 1:  1000000 integrand evaluations so far
[1] 419.656 +- 419.656  	chisq 0 (0 df)

Iteration 2:  3000000 integrand evaluations so far
[1] 0.217954 +- 0.214611  	chisq 0.998962 (1 df)

Iteration 3:  6000000 integrand evaluations so far
[1] 0.282694 +- 0.0936841  	chisq 1.11138 (2 df)

Iteration 4:  10000000 integrand evaluations so far
[1] 0.313441 +- 0.0934228  	chisq 20.451 (3 df)

Iteration 5:  15000000 integrand evaluations so far
[1] 0.314255 +- 0.0934224  	chisq 28.8177 (4 df)

Iteration 6:  21000000 integrand evaluations so far
[1] 0.317129 +- 0.0934212  	chisq 65.6611 (5 df)

Iteration 7:  28000000 integrand evaluations so far
[1] 0.352193 +- 0.0934073  	chisq 538.585 (6 df)

Iteration 8:  36000000 integrand evaluations so far
[1] 0.68925 +- 0.0932782  	chisq 5252.6 (7 df)

Iteration 9:  45000000 integrand evaluations so far
[1] 2.936 +- 0.0924013  	chisq 36254.5 (8 df)

Iteration 10:  55000000 integrand evaluations so far
[1] 2.93863 +- 0.0924004  	chisq 36297.3 (9 df)
   2.939 ±  0.092        (3.93mi) ┃ -29.201 ±  0.094        ( 2.9hr) ┃
┃    4 -     6 ┃   52 -    53 ┃ 6.74501 ± 0.00079        (20.9mi) ┃-11.5575 ± 0.0067        (2.84hr) ┃Vegas input parameters:
  ndim 10
  ncomp 1
  nvec 1
  epsrel 0
  epsabs 0
  flags 10
  seed 123456
  mineval 50000000
  maxeval 50000000
  nstart 1000000
  nincrease 1000000
  nbatch 5000
  gridno 0
  statefile ""

Iteration 1:  1000000 integrand evaluations so far
[1] -0.000168723 +- 0.000168723  	chisq 0 (0 df)

Iteration 2:  3000000 integrand evaluations so far
[1] -3.17071e-14 +- 1.28155e-14  	chisq 0.999996 (1 df)

Iteration 3:  6000000 integrand evaluations so far
[1] -3.17071e-14 +- 1.28155e-14  	chisq 2.02156 (2 df)

Iteration 4:  10000000 integrand evaluations so far
[1] -3.17071e-14 +- 1.28155e-14  	chisq 2.99657 (3 df)

Iteration 5:  15000000 integrand evaluations so far
[1] -3.17071e-14 +- 1.28155e-14  	chisq 5.35465 (4 df)

Iteration 6:  21000000 integrand evaluations so far
[1] -3.17071e-14 +- 1.28155e-14  	chisq 18.3733 (5 df)

Iteration 7:  28000000 integrand evaluations so far
[1] -3.17071e-14 +- 1.28155e-14  	chisq 19.0015 (6 df)

Iteration 8:  36000000 integrand evaluations so far
[1] -3.17071e-14 +- 1.28155e-14  	chisq 20.1487 (7 df)

Iteration 9:  45000000 integrand evaluations so far
[1] -3.17071e-14 +- 1.28155e-14  	chisq 21.6647 (8 df)

Iteration 10:  55000000 integrand evaluations so far
[1] -3.17071e-14 +- 1.28155e-14  	chisq 21.6901 (9 df)
  -0.032 ±  0.013 ·10⁻¹² (7.96mi) ┃Vegas input parameters:
  ndim 8
  ncomp 1
  nvec 1
  epsrel 0
  epsabs 0
  flags 10
  seed 123456
  mineval 5000000
  maxeval 50000000
  nstart 1000000
  nincrease 1000000
  nbatch 5000
  gridno 0
  statefile ""

Iteration 1:  1000000 integrand evaluations so far
[1] 0 +- 2.22045e-19  	chisq 0 (0 df)

Iteration 2:  3000000 integrand evaluations so far
[1] 0 +- 1.28198e-19  	chisq 0 (1 df)

Iteration 3:  6000000 integrand evaluations so far
[1] 1.1769e-40 +- 1.28198e-19  	chisq 1 (2 df)

Iteration 4:  10000000 integrand evaluations so far
[1] 1.36057e-34 +- 1.28198e-19  	chisq 15.7417 (3 df)

Iteration 5:  15000000 integrand evaluations so far
[1] 1.36317e-34 +- 1.28198e-19  	chisq 20.8919 (4 df)

Iteration 6:  21000000 integrand evaluations so far
[1] 1.36324e-34 +- 1.28198e-19  	chisq 23.3964 (5 df)

Iteration 7:  28000000 integrand evaluations so far
[1] 1.36332e-34 +- 1.28198e-19  	chisq 34.7771 (6 df)

Iteration 8:  36000000 integrand evaluations so far
[1] 1.36378e-34 +- 1.28198e-19  	chisq 83.3556 (7 df)

Iteration 9:  45000000 integrand evaluations so far
[1] 1.36591e-34 +- 1.28198e-19  	chisq 322.016 (8 df)

Iteration 10:  55000000 integrand evaluations so far
[1] 1.38031e-34 +- 1.28198e-19  	chisq 2020.19 (9 df)
       0 ±   0.13 ·10⁻¹⁸ (3.45mi) ┃ -4.8125 ± 0.0068        (3.38hr) ┃
┃    4 -     6 ┃   53 -    54 ┃  3.3873 ± 0.0033 ·10⁻⁰³ (11.1hr) ┃ -5.3347 ±  0.003 ·10⁻⁰³ (83.5hr) ┃Vegas input parameters:
  ndim 10
  ncomp 1
  nvec 1
  epsrel 0
  epsabs 0
  flags 10
  seed 123456
  mineval 50000000
  maxeval 50000000
  nstart 1000000
  nincrease 1000000
  nbatch 5000
  gridno 0
  statefile ""

Iteration 1:  1000000 integrand evaluations so far
[1] 0 +- 2.22045e-19  	chisq 0 (0 df)

Iteration 2:  3000000 integrand evaluations so far
[1] 0 +- 1.28198e-19  	chisq 0 (1 df)

Iteration 3:  6000000 integrand evaluations so far
[1] 0 +- 9.06494e-20  	chisq 0 (2 df)

Iteration 4:  10000000 integrand evaluations so far
[1] 0 +- 7.02167e-20  	chisq 0 (3 df)

Iteration 5:  15000000 integrand evaluations so far
[1] 0 +- 5.73317e-20  	chisq 0 (4 df)

Iteration 6:  21000000 integrand evaluations so far
[1] 0 +- 4.84541e-20  	chisq 0 (5 df)

Iteration 7:  28000000 integrand evaluations so far
[1] 0 +- 4.19625e-20  	chisq 0 (6 df)

Iteration 8:  36000000 integrand evaluations so far
[1] 0 +- 3.70074e-20  	chisq 0 (7 df)

Iteration 9:  45000000 integrand evaluations so far
[1] 0 +- 3.31005e-20  	chisq 0 (8 df)

Iteration 10:  55000000 integrand evaluations so far
[1] 0 +- 2.99405e-20  	chisq 0 (9 df)
       0 ±   0.03 ·10⁻¹⁸ (5.35mi) ┃Vegas input parameters:
  ndim 8
  ncomp 1
  nvec 1
  epsrel 0
  epsabs 0
  flags 10
  seed 123456
  mineval 5000000
  maxeval 50000000
  nstart 1000000
  nincrease 1000000
  nbatch 5000
  gridno 0
  statefile ""

Iteration 1:  1000000 integrand evaluations so far
[1] 0 +- 2.22045e-19  	chisq 0 (0 df)

Iteration 2:  3000000 integrand evaluations so far
[1] 0 +- 1.28198e-19  	chisq 0 (1 df)

Iteration 3:  6000000 integrand evaluations so far
[1] 0 +- 9.06494e-20  	chisq 0 (2 df)

Iteration 4:  10000000 integrand evaluations so far
[1] 0 +- 7.02167e-20  	chisq 0 (3 df)

Iteration 5:  15000000 integrand evaluations so far
[1] 0 +- 5.73317e-20  	chisq 0 (4 df)

Iteration 6:  21000000 integrand evaluations so far
[1] 0 +- 4.84541e-20  	chisq 0 (5 df)

Iteration 7:  28000000 integrand evaluations so far
[1] 0 +- 4.19625e-20  	chisq 0 (6 df)

Iteration 8:  36000000 integrand evaluations so far
[1] 0 +- 3.70074e-20  	chisq 0 (7 df)

Iteration 9:  45000000 integrand evaluations so far
[1] 0 +- 3.31005e-20  	chisq 0 (8 df)

Iteration 10:  55000000 integrand evaluations so far
[1] 0 +- 2.99405e-20  	chisq 0 (9 df)
       0 ±   0.03 ·10⁻¹⁸ (1.86mi) ┃ -1.9474 ± 0.0045 ·10⁻⁰³ (94.7hr) ┃
┃    4 -     6 ┃   54 -    55 ┃       0 ±      0        ( 1.74s) ┃       0 ±      0        ( 374ms) ┃Vegas input parameters:
  ndim 10
  ncomp 1
  nvec 1
  epsrel 0
  epsabs 0
  flags 10
  seed 123456
  mineval 50000000
  maxeval 50000000
  nstart 1000000
  nincrease 1000000
  nbatch 5000
  gridno 0
  statefile ""

Iteration 1:  1000000 integrand evaluations so far
[1] 0 +- 2.22045e-19  	chisq 0 (0 df)

Iteration 2:  3000000 integrand evaluations so far
[1] 0 +- 1.28198e-19  	chisq 0 (1 df)

Iteration 3:  6000000 integrand evaluations so far
[1] 0 +- 9.06494e-20  	chisq 0 (2 df)

Iteration 4:  10000000 integrand evaluations so far
[1] 0 +- 7.02167e-20  	chisq 0 (3 df)

Iteration 5:  15000000 integrand evaluations so far
[1] 0 +- 5.73317e-20  	chisq 0 (4 df)

Iteration 6:  21000000 integrand evaluations so far
[1] 0 +- 4.84541e-20  	chisq 0 (5 df)

Iteration 7:  28000000 integrand evaluations so far
[1] 0 +- 4.19625e-20  	chisq 0 (6 df)

Iteration 8:  36000000 integrand evaluations so far
[1] 0 +- 3.70074e-20  	chisq 0 (7 df)

Iteration 9:  45000000 integrand evaluations so far
[1] 0 +- 3.31005e-20  	chisq 0 (8 df)

Iteration 10:  55000000 integrand evaluations so far
[1] 0 +- 2.99405e-20  	chisq 0 (9 df)
       0 ±   0.03 ·10⁻¹⁸ (5.19mi) ┃Vegas input parameters:
  ndim 8
  ncomp 1
  nvec 1
  epsrel 0
  epsabs 0
  flags 10
  seed 123456
  mineval 5000000
  maxeval 50000000
  nstart 1000000
  nincrease 1000000
  nbatch 5000
  gridno 0
  statefile ""

Iteration 1:  1000000 integrand evaluations so far
[1] 0 +- 2.22045e-19  	chisq 0 (0 df)

Iteration 2:  3000000 integrand evaluations so far
[1] 0 +- 1.28198e-19  	chisq 0 (1 df)

Iteration 3:  6000000 integrand evaluations so far
[1] 0 +- 9.06494e-20  	chisq 0 (2 df)

Iteration 4:  10000000 integrand evaluations so far
[1] 0 +- 7.02167e-20  	chisq 0 (3 df)

Iteration 5:  15000000 integrand evaluations so far
[1] 0 +- 5.73317e-20  	chisq 0 (4 df)

Iteration 6:  21000000 integrand evaluations so far
[1] 0 +- 4.84541e-20  	chisq 0 (5 df)

Iteration 7:  28000000 integrand evaluations so far
[1] 0 +- 4.19625e-20  	chisq 0 (6 df)

Iteration 8:  36000000 integrand evaluations so far
[1] 0 +- 3.70074e-20  	chisq 0 (7 df)

Iteration 9:  45000000 integrand evaluations so far
[1] 0 +- 3.31005e-20  	chisq 0 (8 df)

Iteration 10:  55000000 integrand evaluations so far
[1] 0 +- 2.99405e-20  	chisq 0 (9 df)
       0 ±   0.03 ·10⁻¹⁸ (1.87mi) ┃       0 ±  0.042 ·10⁻¹⁸ (7.09mi) ┃
┃    4 -     6 ┃   55 -    56 ┃       0 ±      0        ( 1.77s) ┃       0 ±      0        ( 378ms) ┃Vegas input parameters:
  ndim 10
  ncomp 1
  nvec 1
  epsrel 0
  epsabs 0
  flags 10
  seed 123456
  mineval 50000000
  maxeval 50000000
  nstart 1000000
  nincrease 1000000
  nbatch 5000
  gridno 0
  statefile ""

Iteration 1:  1000000 integrand evaluations so far
[1] 0 +- 2.22045e-19  	chisq 0 (0 df)

Iteration 2:  3000000 integrand evaluations so far
[1] 0 +- 1.28198e-19  	chisq 0 (1 df)

Iteration 3:  6000000 integrand evaluations so far
[1] 0 +- 9.06494e-20  	chisq 0 (2 df)

Iteration 4:  10000000 integrand evaluations so far
[1] 0 +- 7.02167e-20  	chisq 0 (3 df)

Iteration 5:  15000000 integrand evaluations so far
[1] 0 +- 5.73317e-20  	chisq 0 (4 df)

Iteration 6:  21000000 integrand evaluations so far
[1] 0 +- 4.84541e-20  	chisq 0 (5 df)

Iteration 7:  28000000 integrand evaluations so far
[1] 0 +- 4.19625e-20  	chisq 0 (6 df)

Iteration 8:  36000000 integrand evaluations so far
[1] 0 +- 3.70074e-20  	chisq 0 (7 df)

Iteration 9:  45000000 integrand evaluations so far
[1] 0 +- 3.31005e-20  	chisq 0 (8 df)

Iteration 10:  55000000 integrand evaluations so far
[1] 0 +- 2.99405e-20  	chisq 0 (9 df)
       0 ±   0.03 ·10⁻¹⁸ (5.38mi) ┃Vegas input parameters:
  ndim 8
  ncomp 1
  nvec 1
  epsrel 0
  epsabs 0
  flags 10
  seed 123456
  mineval 5000000
  maxeval 50000000
  nstart 1000000
  nincrease 1000000
  nbatch 5000
  gridno 0
  statefile ""

Iteration 1:  1000000 integrand evaluations so far
[1] 0 +- 2.22045e-19  	chisq 0 (0 df)

Iteration 2:  3000000 integrand evaluations so far
[1] 0 +- 1.28198e-19  	chisq 0 (1 df)

Iteration 3:  6000000 integrand evaluations so far
[1] 0 +- 9.06494e-20  	chisq 0 (2 df)

Iteration 4:  10000000 integrand evaluations so far
[1] 0 +- 7.02167e-20  	chisq 0 (3 df)

Iteration 5:  15000000 integrand evaluations so far
[1] 0 +- 5.73317e-20  	chisq 0 (4 df)

Iteration 6:  21000000 integrand evaluations so far
[1] 0 +- 4.84541e-20  	chisq 0 (5 df)

Iteration 7:  28000000 integrand evaluations so far
[1] 0 +- 4.19625e-20  	chisq 0 (6 df)

Iteration 8:  36000000 integrand evaluations so far
[1] 0 +- 3.70074e-20  	chisq 0 (7 df)

Iteration 9:  45000000 integrand evaluations so far
[1] 0 +- 3.31005e-20  	chisq 0 (8 df)

Iteration 10:  55000000 integrand evaluations so far
[1] 0 +- 2.99405e-20  	chisq 0 (9 df)
       0 ±   0.03 ·10⁻¹⁸ (1.85mi) ┃       0 ±  0.042 ·10⁻¹⁸ (7.26mi) ┃
┃    4 -     6 ┃   56 -    57 ┃       0 ±      0        ( 1.81s) ┃       0 ±      0        ( 392ms) ┃Vegas input parameters:
  ndim 10
  ncomp 1
  nvec 1
  epsrel 0
  epsabs 0
  flags 10
  seed 123456
  mineval 50000000
  maxeval 50000000
  nstart 1000000
  nincrease 1000000
  nbatch 5000
  gridno 0
  statefile ""

Iteration 1:  1000000 integrand evaluations so far
[1] 0 +- 2.22045e-19  	chisq 0 (0 df)

Iteration 2:  3000000 integrand evaluations so far
[1] 0 +- 1.28198e-19  	chisq 0 (1 df)

Iteration 3:  6000000 integrand evaluations so far
[1] 0 +- 9.06494e-20  	chisq 0 (2 df)

Iteration 4:  10000000 integrand evaluations so far
[1] 0 +- 7.02167e-20  	chisq 0 (3 df)

Iteration 5:  15000000 integrand evaluations so far
[1] 0 +- 5.73317e-20  	chisq 0 (4 df)

Iteration 6:  21000000 integrand evaluations so far
[1] 0 +- 4.84541e-20  	chisq 0 (5 df)

Iteration 7:  28000000 integrand evaluations so far
[1] 0 +- 4.19625e-20  	chisq 0 (6 df)

Iteration 8:  36000000 integrand evaluations so far
[1] 0 +- 3.70074e-20  	chisq 0 (7 df)

Iteration 9:  45000000 integrand evaluations so far
[1] 0 +- 3.31005e-20  	chisq 0 (8 df)

Iteration 10:  55000000 integrand evaluations so far
[1] 0 +- 2.99405e-20  	chisq 0 (9 df)
       0 ±   0.03 ·10⁻¹⁸ (5.39mi) ┃Vegas input parameters:
  ndim 8
  ncomp 1
  nvec 1
  epsrel 0
  epsabs 0
  flags 10
  seed 123456
  mineval 5000000
  maxeval 50000000
  nstart 1000000
  nincrease 1000000
  nbatch 5000
  gridno 0
  statefile ""

Iteration 1:  1000000 integrand evaluations so far
[1] 0 +- 2.22045e-19  	chisq 0 (0 df)

Iteration 2:  3000000 integrand evaluations so far
[1] 0 +- 1.28198e-19  	chisq 0 (1 df)

Iteration 3:  6000000 integrand evaluations so far
[1] 0 +- 9.06494e-20  	chisq 0 (2 df)

Iteration 4:  10000000 integrand evaluations so far
[1] 0 +- 7.02167e-20  	chisq 0 (3 df)

Iteration 5:  15000000 integrand evaluations so far
[1] 0 +- 5.73317e-20  	chisq 0 (4 df)

Iteration 6:  21000000 integrand evaluations so far
[1] 0 +- 4.84541e-20  	chisq 0 (5 df)

Iteration 7:  28000000 integrand evaluations so far
[1] 0 +- 4.19625e-20  	chisq 0 (6 df)

Iteration 8:  36000000 integrand evaluations so far
[1] 0 +- 3.70074e-20  	chisq 0 (7 df)

Iteration 9:  45000000 integrand evaluations so far
[1] 0 +- 3.31005e-20  	chisq 0 (8 df)

Iteration 10:  55000000 integrand evaluations so far
[1] 0 +- 2.99405e-20  	chisq 0 (9 df)
       0 ±   0.03 ·10⁻¹⁸ (1.86mi) ┃       0 ±  0.042 ·10⁻¹⁸ (7.28mi) ┃
┃    4 -     6 ┃   57 -    58 ┃       0 ±      0        ( 1.75s) ┃       0 ±      0        ( 373ms) ┃Vegas input parameters:
  ndim 10
  ncomp 1
  nvec 1
  epsrel 0
  epsabs 0
  flags 10
  seed 123456
  mineval 50000000
  maxeval 50000000
  nstart 1000000
  nincrease 1000000
  nbatch 5000
  gridno 0
  statefile ""

Iteration 1:  1000000 integrand evaluations so far
[1] 0 +- 2.22045e-19  	chisq 0 (0 df)

Iteration 2:  3000000 integrand evaluations so far
[1] 0 +- 1.28198e-19  	chisq 0 (1 df)

Iteration 3:  6000000 integrand evaluations so far
[1] 0 +- 9.06494e-20  	chisq 0 (2 df)

Iteration 4:  10000000 integrand evaluations so far
[1] 0 +- 7.02167e-20  	chisq 0 (3 df)

Iteration 5:  15000000 integrand evaluations so far
[1] 0 +- 5.73317e-20  	chisq 0 (4 df)

Iteration 6:  21000000 integrand evaluations so far
[1] 0 +- 4.84541e-20  	chisq 0 (5 df)

Iteration 7:  28000000 integrand evaluations so far
[1] 0 +- 4.19625e-20  	chisq 0 (6 df)

Iteration 8:  36000000 integrand evaluations so far
[1] 0 +- 3.70074e-20  	chisq 0 (7 df)

Iteration 9:  45000000 integrand evaluations so far
[1] 0 +- 3.31005e-20  	chisq 0 (8 df)

Iteration 10:  55000000 integrand evaluations so far
[1] 0 +- 2.99405e-20  	chisq 0 (9 df)
       0 ±   0.03 ·10⁻¹⁸ (5.36mi) ┃Vegas input parameters:
  ndim 8
  ncomp 1
  nvec 1
  epsrel 0
  epsabs 0
  flags 10
  seed 123456
  mineval 5000000
  maxeval 50000000
  nstart 1000000
  nincrease 1000000
  nbatch 5000
  gridno 0
  statefile ""

Iteration 1:  1000000 integrand evaluations so far
[1] 0 +- 2.22045e-19  	chisq 0 (0 df)

Iteration 2:  3000000 integrand evaluations so far
[1] 0 +- 1.28198e-19  	chisq 0 (1 df)

Iteration 3:  6000000 integrand evaluations so far
[1] 0 +- 9.06494e-20  	chisq 0 (2 df)

Iteration 4:  10000000 integrand evaluations so far
[1] 0 +- 7.02167e-20  	chisq 0 (3 df)

Iteration 5:  15000000 integrand evaluations so far
[1] 0 +- 5.73317e-20  	chisq 0 (4 df)

Iteration 6:  21000000 integrand evaluations so far
[1] 0 +- 4.84541e-20  	chisq 0 (5 df)

Iteration 7:  28000000 integrand evaluations so far
[1] 0 +- 4.19625e-20  	chisq 0 (6 df)

Iteration 8:  36000000 integrand evaluations so far
[1] 0 +- 3.70074e-20  	chisq 0 (7 df)

Iteration 9:  45000000 integrand evaluations so far
[1] 0 +- 3.31005e-20  	chisq 0 (8 df)

Iteration 10:  55000000 integrand evaluations so far
[1] 0 +- 2.99405e-20  	chisq 0 (9 df)
       0 ±   0.03 ·10⁻¹⁸ (1.88mi) ┃       0 ±  0.042 ·10⁻¹⁸ (7.28mi) ┃
┃    4 -     6 ┃   58 -    59 ┃       0 ±      0        ( 1.81s) ┃       0 ±      0        ( 397ms) ┃Vegas input parameters:
  ndim 10
  ncomp 1
  nvec 1
  epsrel 0
  epsabs 0
  flags 10
  seed 123456
  mineval 50000000
  maxeval 50000000
  nstart 1000000
  nincrease 1000000
  nbatch 5000
  gridno 0
  statefile ""

Iteration 1:  1000000 integrand evaluations so far
[1] 0 +- 2.22045e-19  	chisq 0 (0 df)

Iteration 2:  3000000 integrand evaluations so far
[1] 0 +- 1.28198e-19  	chisq 0 (1 df)

Iteration 3:  6000000 integrand evaluations so far
[1] 0 +- 9.06494e-20  	chisq 0 (2 df)

Iteration 4:  10000000 integrand evaluations so far
[1] 0 +- 7.02167e-20  	chisq 0 (3 df)

Iteration 5:  15000000 integrand evaluations so far
[1] 0 +- 5.73317e-20  	chisq 0 (4 df)

Iteration 6:  21000000 integrand evaluations so far
[1] 0 +- 4.84541e-20  	chisq 0 (5 df)

Iteration 7:  28000000 integrand evaluations so far
[1] 0 +- 4.19625e-20  	chisq 0 (6 df)

Iteration 8:  36000000 integrand evaluations so far
[1] 0 +- 3.70074e-20  	chisq 0 (7 df)

Iteration 9:  45000000 integrand evaluations so far
[1] 0 +- 3.31005e-20  	chisq 0 (8 df)

Iteration 10:  55000000 integrand evaluations so far
[1] 0 +- 2.99405e-20  	chisq 0 (9 df)
       0 ±   0.03 ·10⁻¹⁸ (5.36mi) ┃Vegas input parameters:
  ndim 8
  ncomp 1
  nvec 1
  epsrel 0
  epsabs 0
  flags 10
  seed 123456
  mineval 5000000
  maxeval 50000000
  nstart 1000000
  nincrease 1000000
  nbatch 5000
  gridno 0
  statefile ""

Iteration 1:  1000000 integrand evaluations so far
[1] 0 +- 2.22045e-19  	chisq 0 (0 df)

Iteration 2:  3000000 integrand evaluations so far
[1] 0 +- 1.28198e-19  	chisq 0 (1 df)

Iteration 3:  6000000 integrand evaluations so far
[1] 0 +- 9.06494e-20  	chisq 0 (2 df)

Iteration 4:  10000000 integrand evaluations so far
[1] 0 +- 7.02167e-20  	chisq 0 (3 df)

Iteration 5:  15000000 integrand evaluations so far
[1] 0 +- 5.73317e-20  	chisq 0 (4 df)

Iteration 6:  21000000 integrand evaluations so far
[1] 0 +- 4.84541e-20  	chisq 0 (5 df)

Iteration 7:  28000000 integrand evaluations so far
[1] 0 +- 4.19625e-20  	chisq 0 (6 df)

Iteration 8:  36000000 integrand evaluations so far
[1] 0 +- 3.70074e-20  	chisq 0 (7 df)

Iteration 9:  45000000 integrand evaluations so far
[1] 0 +- 3.31005e-20  	chisq 0 (8 df)

Iteration 10:  55000000 integrand evaluations so far
[1] 0 +- 2.99405e-20  	chisq 0 (9 df)
       0 ±   0.03 ·10⁻¹⁸ (1.83mi) ┃       0 ±  0.042 ·10⁻¹⁸ (7.23mi) ┃
┃    4 -     6 ┃   59 -    60 ┃       0 ±      0        ( 1.79s) ┃       0 ±      0        ( 396ms) ┃Vegas input parameters:
  ndim 10
  ncomp 1
  nvec 1
  epsrel 0
  epsabs 0
  flags 10
  seed 123456
  mineval 50000000
  maxeval 50000000
  nstart 1000000
  nincrease 1000000
  nbatch 5000
  gridno 0
  statefile ""

Iteration 1:  1000000 integrand evaluations so far
[1] 0 +- 2.22045e-19  	chisq 0 (0 df)

Iteration 2:  3000000 integrand evaluations so far
[1] 0 +- 1.28198e-19  	chisq 0 (1 df)

Iteration 3:  6000000 integrand evaluations so far
[1] 0 +- 9.06494e-20  	chisq 0 (2 df)

Iteration 4:  10000000 integrand evaluations so far
[1] 0 +- 7.02167e-20  	chisq 0 (3 df)

Iteration 5:  15000000 integrand evaluations so far
[1] 0 +- 5.73317e-20  	chisq 0 (4 df)

Iteration 6:  21000000 integrand evaluations so far
[1] 0 +- 4.84541e-20  	chisq 0 (5 df)

Iteration 7:  28000000 integrand evaluations so far
[1] 0 +- 4.19625e-20  	chisq 0 (6 df)

Iteration 8:  36000000 integrand evaluations so far
[1] 0 +- 3.70074e-20  	chisq 0 (7 df)

Iteration 9:  45000000 integrand evaluations so far
[1] 0 +- 3.31005e-20  	chisq 0 (8 df)

Iteration 10:  55000000 integrand evaluations so far
[1] 0 +- 2.99405e-20  	chisq 0 (9 df)
       0 ±   0.03 ·10⁻¹⁸ ( 5.4mi) ┃Vegas input parameters:
  ndim 8
  ncomp 1
  nvec 1
  epsrel 0
  epsabs 0
  flags 10
  seed 123456
  mineval 5000000
  maxeval 50000000
  nstart 1000000
  nincrease 1000000
  nbatch 5000
  gridno 0
  statefile ""

Iteration 1:  1000000 integrand evaluations so far
[1] 0 +- 2.22045e-19  	chisq 0 (0 df)

Iteration 2:  3000000 integrand evaluations so far
[1] 0 +- 1.28198e-19  	chisq 0 (1 df)

Iteration 3:  6000000 integrand evaluations so far
[1] 0 +- 9.06494e-20  	chisq 0 (2 df)

Iteration 4:  10000000 integrand evaluations so far
[1] 0 +- 7.02167e-20  	chisq 0 (3 df)

Iteration 5:  15000000 integrand evaluations so far
[1] 0 +- 5.73317e-20  	chisq 0 (4 df)

Iteration 6:  21000000 integrand evaluations so far
[1] 0 +- 4.84541e-20  	chisq 0 (5 df)

Iteration 7:  28000000 integrand evaluations so far
[1] 0 +- 4.19625e-20  	chisq 0 (6 df)

Iteration 8:  36000000 integrand evaluations so far
[1] 0 +- 3.70074e-20  	chisq 0 (7 df)

Iteration 9:  45000000 integrand evaluations so far
[1] 0 +- 3.31005e-20  	chisq 0 (8 df)

Iteration 10:  55000000 integrand evaluations so far
[1] 0 +- 2.99405e-20  	chisq 0 (9 df)
       0 ±   0.03 ·10⁻¹⁸ (1.86mi) ┃       0 ±  0.042 ·10⁻¹⁸ ( 7.3mi) ┃
┃    6 -     8 ┃   25 -    26 ┃  3.1453 ±  0.003 ·10⁺⁰³ ( 42.5s) ┃ -4.2795 ± 0.0036 ·10⁺⁰³ (2.29mi) ┃Vegas input parameters:
  ndim 10
  ncomp 1
  nvec 1
  epsrel 0
  epsabs 0
  flags 10
  seed 123456
  mineval 50000000
  maxeval 50000000
  nstart 1000000
  nincrease 1000000
  nbatch 5000
  gridno 0
  statefile ""

Iteration 1:  1000000 integrand evaluations so far
[1] -2378.97 +- 1051.49  	chisq 0 (0 df)

Iteration 2:  3000000 integrand evaluations so far
[1] -2176.54 +- 778.704  	chisq 0.0820811 (1 df)

Iteration 3:  6000000 integrand evaluations so far
[1] -2106.34 +- 519.268  	chisq 0.0967137 (2 df)

Iteration 4:  10000000 integrand evaluations so far
[1] -2350.46 +- 378.163  	chisq 0.567303 (3 df)

Iteration 5:  15000000 integrand evaluations so far
[1] -2406.64 +- 339.777  	chisq 0.681856 (4 df)

Iteration 6:  21000000 integrand evaluations so far
[1] -2548.98 +- 295.451  	chisq 1.4014 (5 df)

Iteration 7:  28000000 integrand evaluations so far
[1] -2482.39 +- 228.605  	chisq 1.52798 (6 df)

Iteration 8:  36000000 integrand evaluations so far
[1] -2281.71 +- 187.97  	chisq 3.90711 (7 df)

Iteration 9:  45000000 integrand evaluations so far
[1] -2269.28 +- 140.082  	chisq 3.91694 (8 df)

Iteration 10:  55000000 integrand evaluations so far
[1] -2279.54 +- 132.845  	chisq 3.97028 (9 df)
   -2.28 ±   0.13 ·10⁺⁰³ (5.89mi) ┃Vegas input parameters:
  ndim 8
  ncomp 1
  nvec 1
  epsrel 0
  epsabs 0
  flags 10
  seed 123456
  mineval 5000000
  maxeval 50000000
  nstart 1000000
  nincrease 1000000
  nbatch 5000
  gridno 0
  statefile ""

Iteration 1:  1000000 integrand evaluations so far
[1] 7944.41 +- 1733  	chisq 0 (0 df)

Iteration 2:  3000000 integrand evaluations so far
[1] 5670.92 +- 852.032  	chisq 2.26965 (1 df)

Iteration 3:  6000000 integrand evaluations so far
[1] 6068.66 +- 561.505  	chisq 2.65487 (2 df)

Iteration 4:  10000000 integrand evaluations so far
[1] 6316.3 +- 407.619  	chisq 3.06609 (3 df)

Iteration 5:  15000000 integrand evaluations so far
[1] 6512.42 +- 188.356  	chisq 3.36041 (4 df)

Iteration 6:  21000000 integrand evaluations so far
[1] 6618.87 +- 142.934  	chisq 4.1135 (5 df)

Iteration 7:  28000000 integrand evaluations so far
[1] 6583.16 +- 79.5257  	chisq 4.20389 (6 df)

Iteration 8:  36000000 integrand evaluations so far
[1] 6586.84 +- 49.6076  	chisq 4.20739 (7 df)

Iteration 9:  45000000 integrand evaluations so far
[1] 6604.85 +- 34.7017  	chisq 4.46545 (8 df)

Iteration 10:  55000000 integrand evaluations so far
[1] 6593.55 +- 25.466  	chisq 4.69546 (9 df)
   6.594 ±  0.025 ·10⁺⁰³ (2.13mi) ┃    3.18 ±   0.14 ·10⁺⁰³ (  11mi) ┃
┃    6 -     8 ┃   26 -    27 ┃   3.628 ± 0.0021 ·10⁺⁰³ (   49s) ┃ -4.9303 ± 0.0031 ·10⁺⁰³ (8.55mi) ┃Vegas input parameters:
  ndim 10
  ncomp 1
  nvec 1
  epsrel 0
  epsabs 0
  flags 10
  seed 123456
  mineval 50000000
  maxeval 50000000
  nstart 1000000
  nincrease 1000000
  nbatch 5000
  gridno 0
  statefile ""

Iteration 1:  1000000 integrand evaluations so far
[1] 910.049 +- 3054.43  	chisq 0 (0 df)

Iteration 2:  3000000 integrand evaluations so far
[1] -4223.95 +- 1031.48  	chisq 3.18889 (1 df)

Iteration 3:  6000000 integrand evaluations so far
[1] -2730.41 +- 395.768  	chisq 5.64737 (2 df)

Iteration 4:  10000000 integrand evaluations so far
[1] -2786.88 +- 351.06  	chisq 5.74286 (3 df)

Iteration 5:  15000000 integrand evaluations so far
[1] -2670 +- 325.038  	chisq 6.51934 (4 df)

Iteration 6:  21000000 integrand evaluations so far
[1] -2613.62 +- 237.685  	chisq 6.58399 (5 df)

Iteration 7:  28000000 integrand evaluations so far
[1] -2515.85 +- 188.865  	chisq 7.04308 (6 df)

Iteration 8:  36000000 integrand evaluations so far
[1] -2474.06 +- 159.262  	chisq 7.21253 (7 df)

Iteration 9:  45000000 integrand evaluations so far
[1] -2562.44 +- 146.819  	chisq 9.26347 (8 df)

Iteration 10:  55000000 integrand evaluations so far
[1] -2549.4 +- 143.169  	chisq 9.42414 (9 df)
   -2.55 ±   0.14 ·10⁺⁰³ (5.84mi) ┃Vegas input parameters:
  ndim 8
  ncomp 1
  nvec 1
  epsrel 0
  epsabs 0
  flags 10
  seed 123456
  mineval 5000000
  maxeval 50000000
  nstart 1000000
  nincrease 1000000
  nbatch 5000
  gridno 0
  statefile ""

Iteration 1:  1000000 integrand evaluations so far
[1] 9873.21 +- 2233.05  	chisq 0 (0 df)

Iteration 2:  3000000 integrand evaluations so far
[1] 6666.54 +- 602.468  	chisq 2.22399 (1 df)

Iteration 3:  6000000 integrand evaluations so far
[1] 6990.72 +- 471.749  	chisq 2.97242 (2 df)

Iteration 4:  10000000 integrand evaluations so far
[1] 7295.71 +- 270.234  	chisq 3.59454 (3 df)

Iteration 5:  15000000 integrand evaluations so far
[1] 7476.05 +- 129.948  	chisq 4.17384 (4 df)

Iteration 6:  21000000 integrand evaluations so far
[1] 7597.59 +- 87.6594  	chisq 5.77902 (5 df)

Iteration 7:  28000000 integrand evaluations so far
[1] 7704.34 +- 58.8486  	chisq 8.4788 (6 df)

Iteration 8:  36000000 integrand evaluations so far
[1] 7713.6 +- 40.9484  	chisq 8.52681 (7 df)

Iteration 9:  45000000 integrand evaluations so far
[1] 7712.94 +- 30.5395  	chisq 8.5274 (8 df)

Iteration 10:  55000000 integrand evaluations so far
[1] 7702.11 +- 24.2734  	chisq 8.86867 (9 df)
   7.702 ±  0.024 ·10⁺⁰³ (2.14mi) ┃    3.85 ±   0.15 ·10⁺⁰³ (17.3mi) ┃
┃    6 -     8 ┃   27 -    28 ┃  4.1768 ±  0.004 ·10⁺⁰³ ( 41.8s) ┃ -5.7591 ± 0.0022 ·10⁺⁰³ (17.3mi) ┃Vegas input parameters:
  ndim 10
  ncomp 1
  nvec 1
  epsrel 0
  epsabs 0
  flags 10
  seed 123456
  mineval 50000000
  maxeval 50000000
  nstart 1000000
  nincrease 1000000
  nbatch 5000
  gridno 0
  statefile ""

Iteration 1:  1000000 integrand evaluations so far
[1] 5203.94 +- 6609.37  	chisq 0 (0 df)

Iteration 2:  3000000 integrand evaluations so far
[1] -4216.04 +- 2393.66  	chisq 2.33798 (1 df)

Iteration 3:  6000000 integrand evaluations so far
[1] -2803.28 +- 1010.75  	chisq 2.76191 (2 df)

Iteration 4:  10000000 integrand evaluations so far
[1] -2892.98 +- 814.805  	chisq 2.78441 (3 df)

Iteration 5:  15000000 integrand evaluations so far
[1] -2546.66 +- 776.029  	chisq 4.72872 (4 df)

Iteration 6:  21000000 integrand evaluations so far
[1] -2581.17 +- 562.964  	chisq 4.7329 (5 df)

Iteration 7:  28000000 integrand evaluations so far
[1] -2867.33 +- 309.522  	chisq 5.10323 (6 df)

Iteration 8:  36000000 integrand evaluations so far
[1] -2848.06 +- 283.074  	chisq 5.12691 (7 df)

Iteration 9:  45000000 integrand evaluations so far
[1] -2765.27 +- 262.781  	chisq 5.74577 (8 df)

Iteration 10:  55000000 integrand evaluations so far
[1] -2792.3 +- 243.833  	chisq 5.82187 (9 df)
   -2.79 ±   0.24 ·10⁺⁰³ (5.91mi) ┃Vegas input parameters:
  ndim 8
  ncomp 1
  nvec 1
  epsrel 0
  epsabs 0
  flags 10
  seed 123456
  mineval 5000000
  maxeval 50000000
  nstart 1000000
  nincrease 1000000
  nbatch 5000
  gridno 0
  statefile ""

Iteration 1:  1000000 integrand evaluations so far
[1] 8452.76 +- 1711.26  	chisq 0 (0 df)

Iteration 2:  3000000 integrand evaluations so far
[1] 5643.69 +- 384.385  	chisq 2.83778 (1 df)

Iteration 3:  6000000 integrand evaluations so far
[1] 6806.78 +- 242.796  	chisq 18.0713 (2 df)

Iteration 4:  10000000 integrand evaluations so far
[1] 7470.21 +- 189.761  	chisq 37.2575 (3 df)

Iteration 5:  15000000 integrand evaluations so far
[1] 7867.92 +- 159.936  	chisq 52.4232 (4 df)

Iteration 6:  21000000 integrand evaluations so far
[1] 8358.37 +- 119.111  	chisq 73.5382 (5 df)

Iteration 7:  28000000 integrand evaluations so far
[1] 8758.12 +- 70.4217  	chisq 90.8545 (6 df)

Iteration 8:  36000000 integrand evaluations so far
[1] 8850.29 +- 47.8359  	chisq 94.035 (7 df)

Iteration 9:  45000000 integrand evaluations so far
[1] 8842.21 +- 36.7266  	chisq 94.1046 (8 df)

Iteration 10:  55000000 integrand evaluations so far
[1] 8855.1 +- 29.0627  	chisq 94.4341 (9 df)
   8.855 ±  0.029 ·10⁺⁰³ (2.15mi) ┃    4.48 ±   0.25 ·10⁺⁰³ (  26mi) ┃
┃    6 -     8 ┃   28 -    29 ┃  4.8008 ±  0.004 ·10⁺⁰³ ( 13.2s) ┃ -6.6387 ± 0.0028 ·10⁺⁰³ (8.46mi) ┃Vegas input parameters:
  ndim 10
  ncomp 1
  nvec 1
  epsrel 0
  epsabs 0
  flags 10
  seed 123456
  mineval 50000000
  maxeval 50000000
  nstart 1000000
  nincrease 1000000
  nbatch 5000
  gridno 0
  statefile ""

Iteration 1:  1000000 integrand evaluations so far
[1] -4956.57 +- 1426.36  	chisq 0 (0 df)

Iteration 2:  3000000 integrand evaluations so far
[1] -5040 +- 1423.6  	chisq 0.88476 (1 df)

Iteration 3:  6000000 integrand evaluations so far
[1] -4215.82 +- 639.407  	chisq 1.30464 (2 df)

Iteration 4:  10000000 integrand evaluations so far
[1] -3837.12 +- 495.169  	chisq 2.18097 (3 df)

Iteration 5:  15000000 integrand evaluations so far
[1] -3854.53 +- 370.005  	chisq 2.18377 (4 df)

Iteration 6:  21000000 integrand evaluations so far
[1] -3881.36 +- 290.796  	chisq 2.19752 (5 df)

Iteration 7:  28000000 integrand evaluations so far
[1] -3808.99 +- 268.555  	chisq 2.61857 (6 df)

Iteration 8:  36000000 integrand evaluations so far
[1] -3800.23 +- 230.522  	chisq 2.62261 (7 df)

Iteration 9:  45000000 integrand evaluations so far
[1] -3738.01 +- 214.586  	chisq 3.16839 (8 df)

Iteration 10:  55000000 integrand evaluations so far
[1] -3682.93 +- 211.808  	chisq 5.72905 (9 df)
   -3.68 ±   0.21 ·10⁺⁰³ (5.78mi) ┃Vegas input parameters:
  ndim 8
  ncomp 1
  nvec 1
  epsrel 0
  epsabs 0
  flags 10
  seed 123456
  mineval 5000000
  maxeval 50000000
  nstart 1000000
  nincrease 1000000
  nbatch 5000
  gridno 0
  statefile ""

Iteration 1:  1000000 integrand evaluations so far
[1] 8526.99 +- 2391.3  	chisq 0 (0 df)

Iteration 2:  3000000 integrand evaluations so far
[1] 8141.26 +- 1573.36  	chisq 0.0458817 (1 df)

Iteration 3:  6000000 integrand evaluations so far
[1] 9115.54 +- 955.391  	chisq 0.653297 (2 df)

Iteration 4:  10000000 integrand evaluations so far
[1] 10028.5 +- 782.77  	chisq 3.43145 (3 df)

Iteration 5:  15000000 integrand evaluations so far
[1] 9843.37 +- 290.162  	chisq 3.49632 (4 df)

Iteration 6:  21000000 integrand evaluations so far
[1] 9968.31 +- 128.746  	chisq 3.72718 (5 df)

Iteration 7:  28000000 integrand evaluations so far
[1] 10131.6 +- 78.842  	chisq 6.30045 (6 df)

Iteration 8:  36000000 integrand evaluations so far
[1] 10209 +- 50.8298  	chisq 7.95147 (7 df)

Iteration 9:  45000000 integrand evaluations so far
[1] 10184.8 +- 41.0485  	chisq 8.60343 (8 df)

Iteration 10:  55000000 integrand evaluations so far
[1] 10154.4 +- 33.5414  	chisq 10.2575 (9 df)
  10.154 ±  0.034 ·10⁺⁰³ (2.16mi) ┃    4.63 ±   0.21 ·10⁺⁰³ (16.6mi) ┃
┃    6 -     8 ┃   29 -    30 ┃  5.5577 ± 0.0015 ·10⁺⁰³ ( 11.6s) ┃ -7.6712 ± 0.0055 ·10⁺⁰³ (9.23mi) ┃Vegas input parameters:
  ndim 10
  ncomp 1
  nvec 1
  epsrel 0
  epsabs 0
  flags 10
  seed 123456
  mineval 50000000
  maxeval 50000000
  nstart 1000000
  nincrease 1000000
  nbatch 5000
  gridno 0
  statefile ""

Iteration 1:  1000000 integrand evaluations so far
[1] -3410.6 +- 925.215  	chisq 0 (0 df)

Iteration 2:  3000000 integrand evaluations so far
[1] -2996.38 +- 857.687  	chisq 1.42517 (1 df)

Iteration 3:  6000000 integrand evaluations so far
[1] -3010.92 +- 768.671  	chisq 1.42663 (2 df)

Iteration 4:  10000000 integrand evaluations so far
[1] -2865.69 +- 593.713  	chisq 1.51511 (3 df)

Iteration 5:  15000000 integrand evaluations so far
[1] -3240.29 +- 561.241  	chisq 5.25686 (4 df)

Iteration 6:  21000000 integrand evaluations so far
[1] -3269.04 +- 472.892  	chisq 5.26591 (5 df)

Iteration 7:  28000000 integrand evaluations so far
[1] -3670.53 +- 437.501  	chisq 10.2687 (6 df)

Iteration 8:  36000000 integrand evaluations so far
[1] -3858.25 +- 399.049  	chisq 11.3643 (7 df)

Iteration 9:  45000000 integrand evaluations so far
[1] -4007.93 +- 307.908  	chisq 11.712 (8 df)

Iteration 10:  55000000 integrand evaluations so far
[1] -3747.68 +- 249.043  	chisq 13.7778 (9 df)
   -3.75 ±   0.25 ·10⁺⁰³ ( 5.9mi) ┃Vegas input parameters:
  ndim 8
  ncomp 1
  nvec 1
  epsrel 0
  epsabs 0
  flags 10
  seed 123456
  mineval 5000000
  maxeval 50000000
  nstart 1000000
  nincrease 1000000
  nbatch 5000
  gridno 0
  statefile ""

Iteration 1:  1000000 integrand evaluations so far
[1] 10065.3 +- 2053.37  	chisq 0 (0 df)

Iteration 2:  3000000 integrand evaluations so far
[1] 10031.3 +- 858.933  	chisq 0.000332968 (1 df)

Iteration 3:  6000000 integrand evaluations so far
[1] 10817.2 +- 524.58  	chisq 1.33558 (2 df)

Iteration 4:  10000000 integrand evaluations so far
[1] 11417.2 +- 278.827  	chisq 3.1592 (3 df)

Iteration 5:  15000000 integrand evaluations so far
[1] 11665.1 +- 194.988  	chisq 4.70612 (4 df)

Iteration 6:  21000000 integrand evaluations so far
[1] 11913 +- 117.785  	chisq 7.25032 (5 df)

Iteration 7:  28000000 integrand evaluations so far
[1] 11928.5 +- 71.3963  	chisq 7.27754 (6 df)

Iteration 8:  36000000 integrand evaluations so far
[1] 11868.6 +- 50.3054  	chisq 8.67466 (7 df)

Iteration 9:  45000000 integrand evaluations so far
[1] 11799.4 +- 38.62  	chisq 13.2728 (8 df)

Iteration 10:  55000000 integrand evaluations so far
[1] 11813.9 +- 32.3141  	chisq 13.7377 (9 df)
  11.814 ±  0.032 ·10⁺⁰³ (2.14mi) ┃    5.95 ±   0.25 ·10⁺⁰³ (17.5mi) ┃
┃    6 -     8 ┃   30 -    31 ┃  6.4845 ± 0.0064 ·10⁺⁰³ ( 13.2s) ┃  -8.929 ± 0.0018 ·10⁺⁰³ (9.45mi) ┃Vegas input parameters:
  ndim 10
  ncomp 1
  nvec 1
  epsrel 0
  epsabs 0
  flags 10
  seed 123456
  mineval 50000000
  maxeval 50000000
  nstart 1000000
  nincrease 1000000
  nbatch 5000
  gridno 0
  statefile ""

Iteration 1:  1000000 integrand evaluations so far
[1] -2034.14 +- 4046.07  	chisq 0 (0 df)

Iteration 2:  3000000 integrand evaluations so far
[1] -2437.77 +- 3143.38  	chisq 0.025104 (1 df)

Iteration 3:  6000000 integrand evaluations so far
[1] -5109.16 +- 1399.26  	chisq 0.925819 (2 df)

Iteration 4:  10000000 integrand evaluations so far
[1] -4240.43 +- 905.261  	chisq 1.58875 (3 df)

Iteration 5:  15000000 integrand evaluations so far
[1] -5350.33 +- 659.636  	chisq 4.79365 (4 df)

Iteration 6:  21000000 integrand evaluations so far
[1] -5020.13 +- 594.56  	chisq 6.12951 (5 df)

Iteration 7:  28000000 integrand evaluations so far
[1] -5190.25 +- 486.896  	chisq 6.37807 (6 df)

Iteration 8:  36000000 integrand evaluations so far
[1] -5093.9 +- 448.475  	chisq 6.63641 (7 df)

Iteration 9:  45000000 integrand evaluations so far
[1] -4888.91 +- 362.15  	chisq 7.23689 (8 df)

Iteration 10:  55000000 integrand evaluations so far
[1] -4838.5 +- 350.541  	chisq 7.54398 (9 df)
   -4.84 ±   0.35 ·10⁺⁰³ (5.77mi) ┃Vegas input parameters:
  ndim 8
  ncomp 1
  nvec 1
  epsrel 0
  epsabs 0
  flags 10
  seed 123456
  mineval 5000000
  maxeval 50000000
  nstart 1000000
  nincrease 1000000
  nbatch 5000
  gridno 0
  statefile ""

Iteration 1:  1000000 integrand evaluations so far
[1] 11508.6 +- 2026.71  	chisq 0 (0 df)

Iteration 2:  3000000 integrand evaluations so far
[1] 11543.3 +- 652.113  	chisq 0.000327242 (1 df)

Iteration 3:  6000000 integrand evaluations so far
[1] 13043.1 +- 387.08  	chisq 8.16682 (2 df)

Iteration 4:  10000000 integrand evaluations so far
[1] 13430.4 +- 231.976  	chisq 9.72915 (3 df)

Iteration 5:  15000000 integrand evaluations so far
[1] 13691.7 +- 174.723  	chisq 12.6611 (4 df)

Iteration 6:  21000000 integrand evaluations so far
[1] 13598.4 +- 132.332  	chisq 13.3294 (5 df)

Iteration 7:  28000000 integrand evaluations so far
[1] 13650.7 +- 95.2232  	chisq 13.6532 (6 df)

Iteration 8:  36000000 integrand evaluations so far
[1] 13657 +- 63.9114  	chisq 13.6612 (7 df)

Iteration 9:  45000000 integrand evaluations so far
[1] 13627.7 +- 47.2639  	chisq 14.1281 (8 df)

Iteration 10:  55000000 integrand evaluations so far
[1] 13690 +- 38.4935  	chisq 19.3028 (9 df)
   13.69 ±  0.038 ·10⁺⁰³ (2.09mi) ┃    6.41 ±   0.35 ·10⁺⁰³ (17.5mi) ┃
┃    6 -     8 ┃   31 -    32 ┃  7.7015 ± 0.0066 ·10⁺⁰³ ( 13.3s) ┃-10.5893 ±  0.004 ·10⁺⁰³ (3.12mi) ┃Vegas input parameters:
  ndim 10
  ncomp 1
  nvec 1
  epsrel 0
  epsabs 0
  flags 10
  seed 123456
  mineval 50000000
  maxeval 50000000
  nstart 1000000
  nincrease 1000000
  nbatch 5000
  gridno 0
  statefile ""

Iteration 1:  1000000 integrand evaluations so far
[1] -12275.6 +- 7500.11  	chisq 0 (0 df)

Iteration 2:  3000000 integrand evaluations so far
[1] -7294.62 +- 1534.94  	chisq 0.460336 (1 df)

Iteration 3:  6000000 integrand evaluations so far
[1] -5348.03 +- 986.159  	chisq 3.19915 (2 df)

Iteration 4:  10000000 integrand evaluations so far
[1] -5418.81 +- 972.155  	chisq 3.38183 (3 df)

Iteration 5:  15000000 integrand evaluations so far
[1] -5050.19 +- 674.172  	chisq 3.6588 (4 df)

Iteration 6:  21000000 integrand evaluations so far
[1] -5027.54 +- 563.745  	chisq 3.66256 (5 df)

Iteration 7:  28000000 integrand evaluations so far
[1] -4950.38 +- 559.103  	chisq 4.8047 (6 df)

Iteration 8:  36000000 integrand evaluations so far
[1] -4947.53 +- 559.095  	chisq 5.73089 (7 df)

Iteration 9:  45000000 integrand evaluations so far
[1] -4812.26 +- 533.378  	chisq 6.38211 (8 df)

Iteration 10:  55000000 integrand evaluations so far
[1] -4886.13 +- 509.85  	chisq 6.60439 (9 df)
   -4.89 ±   0.51 ·10⁺⁰³ (5.79mi) ┃Vegas input parameters:
  ndim 8
  ncomp 1
  nvec 1
  epsrel 0
  epsabs 0
  flags 10
  seed 123456
  mineval 5000000
  maxeval 50000000
  nstart 1000000
  nincrease 1000000
  nbatch 5000
  gridno 0
  statefile ""

Iteration 1:  1000000 integrand evaluations so far
[1] 12415.5 +- 1978.89  	chisq 0 (0 df)

Iteration 2:  3000000 integrand evaluations so far
[1] 15409.5 +- 929.785  	chisq 2.93747 (1 df)

Iteration 3:  6000000 integrand evaluations so far
[1] 15755.5 +- 529.494  	chisq 3.14245 (2 df)

Iteration 4:  10000000 integrand evaluations so far
[1] 16019.3 +- 490.279  	chisq 4.88293 (3 df)

Iteration 5:  15000000 integrand evaluations so far
[1] 16164.6 +- 398.425  	chisq 5.14131 (4 df)

Iteration 6:  21000000 integrand evaluations so far
[1] 16037.3 +- 195.571  	chisq 5.27572 (5 df)

Iteration 7:  28000000 integrand evaluations so far
[1] 16350.8 +- 103.257  	chisq 8.83829 (6 df)

Iteration 8:  36000000 integrand evaluations so far
[1] 16301.6 +- 69.628  	chisq 9.25553 (7 df)

Iteration 9:  45000000 integrand evaluations so far
[1] 16273.9 +- 52.69  	chisq 9.62546 (8 df)

Iteration 10:  55000000 integrand evaluations so far
[1] 16298.7 +- 42.9631  	chisq 10.2902 (9 df)
  16.299 ±  0.043 ·10⁺⁰³ (2.13mi) ┃    8.52 ±   0.51 ·10⁺⁰³ (11.3mi) ┃
┃    6 -     8 ┃   32 -    33 ┃  9.0955 ± 0.0074 ·10⁺⁰³ ( 40.8s) ┃ -12.454 ± 0.0028 ·10⁺⁰³ (5.43mi) ┃Vegas input parameters:
  ndim 10
  ncomp 1
  nvec 1
  epsrel 0
  epsabs 0
  flags 10
  seed 123456
  mineval 50000000
  maxeval 50000000
  nstart 1000000
  nincrease 1000000
  nbatch 5000
  gridno 0
  statefile ""

Iteration 1:  1000000 integrand evaluations so far
[1] -4671.64 +- 2784.74  	chisq 0 (0 df)

Iteration 2:  3000000 integrand evaluations so far
[1] -5446.61 +- 1510.68  	chisq 0.109743 (1 df)

Iteration 3:  6000000 integrand evaluations so far
[1] -4907.41 +- 1256.5  	chisq 0.523079 (2 df)

Iteration 4:  10000000 integrand evaluations so far
[1] -6030.02 +- 819.662  	chisq 1.91265 (3 df)

Iteration 5:  15000000 integrand evaluations so far
[1] -6026.08 +- 684.652  	chisq 1.91272 (4 df)

Iteration 6:  21000000 integrand evaluations so far
[1] -6050.96 +- 468.841  	chisq 1.91521 (5 df)

Iteration 7:  28000000 integrand evaluations so far
[1] -6084.05 +- 361.14  	chisq 1.92746 (6 df)

Iteration 8:  36000000 integrand evaluations so far
[1] -6177.64 +- 339.528  	chisq 2.50596 (7 df)

Iteration 9:  45000000 integrand evaluations so far
[1] -6144.06 +- 313.27  	chisq 2.57176 (8 df)

Iteration 10:  55000000 integrand evaluations so far
[1] -6068.56 +- 304.906  	chisq 3.67412 (9 df)
   -6.07 ±    0.3 ·10⁺⁰³ ( 5.9mi) ┃Vegas input parameters:
  ndim 8
  ncomp 1
  nvec 1
  epsrel 0
  epsabs 0
  flags 10
  seed 123456
  mineval 5000000
  maxeval 50000000
  nstart 1000000
  nincrease 1000000
  nbatch 5000
  gridno 0
  statefile ""

Iteration 1:  1000000 integrand evaluations so far
[1] 24877 +- 3125.17  	chisq 0 (0 df)

Iteration 2:  3000000 integrand evaluations so far
[1] 18753.6 +- 652.029  	chisq 4.01393 (1 df)

Iteration 3:  6000000 integrand evaluations so far
[1] 18908.3 +- 511.861  	chisq 4.16059 (2 df)

Iteration 4:  10000000 integrand evaluations so far
[1] 19013.2 +- 278.871  	chisq 4.22034 (3 df)

Iteration 5:  15000000 integrand evaluations so far
[1] 19072.5 +- 163.903  	chisq 4.28947 (4 df)

Iteration 6:  21000000 integrand evaluations so far
[1] 18943.8 +- 107.169  	chisq 5.3679 (5 df)

Iteration 7:  28000000 integrand evaluations so far
[1] 18961.2 +- 78.3952  	chisq 5.42503 (6 df)

Iteration 8:  36000000 integrand evaluations so far
[1] 18996.2 +- 62.8617  	chisq 5.98249 (7 df)

Iteration 9:  45000000 integrand evaluations so far
[1] 19002.9 +- 52.3707  	chisq 6.0196 (8 df)

Iteration 10:  55000000 integrand evaluations so far
[1] 18992 +- 44.7224  	chisq 6.18117 (9 df)
  18.992 ±  0.045 ·10⁺⁰³ ( 2.1mi) ┃    9.56 ±   0.31 ·10⁺⁰³ (14.1mi) ┃
┃    6 -     8 ┃   33 -    34 ┃ 10.1794 ± 0.0069 ·10⁺⁰³ ( 13.7s) ┃ -13.983 ±  0.012 ·10⁺⁰³ ( 1.4mi) ┃Vegas input parameters:
  ndim 10
  ncomp 1
  nvec 1
  epsrel 0
  epsabs 0
  flags 10
  seed 123456
  mineval 50000000
  maxeval 50000000
  nstart 1000000
  nincrease 1000000
  nbatch 5000
  gridno 0
  statefile ""

Iteration 1:  1000000 integrand evaluations so far
[1] 9624.79 +- 35873.7  	chisq 0 (0 df)

Iteration 2:  3000000 integrand evaluations so far
[1] -7454.74 +- 2194.81  	chisq 0.227524 (1 df)

Iteration 3:  6000000 integrand evaluations so far
[1] -7576.83 +- 2126.12  	chisq 0.277742 (2 df)

Iteration 4:  10000000 integrand evaluations so far
[1] -5617.55 +- 1394.28  	chisq 1.76775 (3 df)

Iteration 5:  15000000 integrand evaluations so far
[1] -7608.76 +- 859.417  	chisq 5.05705 (4 df)

Iteration 6:  21000000 integrand evaluations so far
[1] -6954.06 +- 617.156  	chisq 6.25532 (5 df)

Iteration 7:  28000000 integrand evaluations so far
[1] -6906.89 +- 610.49  	chisq 6.52716 (6 df)

Iteration 8:  36000000 integrand evaluations so far
[1] -6992.93 +- 589.851  	chisq 6.82594 (7 df)

Iteration 9:  45000000 integrand evaluations so far
[1] -6934.36 +- 498.999  	chisq 6.86061 (8 df)

Iteration 10:  55000000 integrand evaluations so far
[1] -6908.8 +- 469.69  	chisq 6.88362 (9 df)
   -6.91 ±   0.47 ·10⁺⁰³ (5.92mi) ┃Vegas input parameters:
  ndim 8
  ncomp 1
  nvec 1
  epsrel 0
  epsabs 0
  flags 10
  seed 123456
  mineval 5000000
  maxeval 50000000
  nstart 1000000
  nincrease 1000000
  nbatch 5000
  gridno 0
  statefile ""

Iteration 1:  1000000 integrand evaluations so far
[1] 16790.4 +- 2294.03  	chisq 0 (0 df)

Iteration 2:  3000000 integrand evaluations so far
[1] 19511 +- 841.892  	chisq 1.6254 (1 df)

Iteration 3:  6000000 integrand evaluations so far
[1] 20740.6 +- 424.969  	chisq 4.48788 (2 df)

Iteration 4:  10000000 integrand evaluations so far
[1] 21004.2 +- 219.404  	chisq 5.01254 (3 df)

Iteration 5:  15000000 integrand evaluations so far
[1] 21222.2 +- 149.16  	chisq 6.84733 (4 df)

Iteration 6:  21000000 integrand evaluations so far
[1] 21231 +- 104.512  	chisq 6.85413 (5 df)

Iteration 7:  28000000 integrand evaluations so far
[1] 21179.7 +- 78.1623  	chisq 7.39961 (6 df)

Iteration 8:  36000000 integrand evaluations so far
[1] 21206.5 +- 63.0445  	chisq 7.73478 (7 df)

Iteration 9:  45000000 integrand evaluations so far
[1] 21208.3 +- 53.2991  	chisq 7.7378 (8 df)

Iteration 10:  55000000 integrand evaluations so far
[1] 21251.6 +- 46.566  	chisq 10.5301 (9 df)
  21.252 ±  0.047 ·10⁺⁰³ (2.13mi) ┃   10.54 ±   0.47 ·10⁺⁰³ (9.68mi) ┃
┃    6 -     8 ┃   34 -    35 ┃ 11.4273 ± 0.0087 ·10⁺⁰³ ( 13.8s) ┃-15.7224 ± 0.0044 ·10⁺⁰³ (5.67mi) ┃Vegas input parameters:
  ndim 10
  ncomp 1
  nvec 1
  epsrel 0
  epsabs 0
  flags 10
  seed 123456
  mineval 50000000
  maxeval 50000000
  nstart 1000000
  nincrease 1000000
  nbatch 5000
  gridno 0
  statefile ""

Iteration 1:  1000000 integrand evaluations so far
[1] -5377.96 +- 2061.89  	chisq 0 (0 df)

Iteration 2:  3000000 integrand evaluations so far
[1] -5510.47 +- 1618.51  	chisq 0.0107604 (1 df)

Iteration 3:  6000000 integrand evaluations so far
[1] -7064.06 +- 1162.45  	chisq 1.91381 (2 df)

Iteration 4:  10000000 integrand evaluations so far
[1] -8134.31 +- 817.068  	chisq 3.5892 (3 df)

Iteration 5:  15000000 integrand evaluations so far
[1] -8300.2 +- 627.09  	chisq 3.6895 (4 df)

Iteration 6:  21000000 integrand evaluations so far
[1] -8136.16 +- 476.27  	chisq 3.8512 (5 df)

Iteration 7:  28000000 integrand evaluations so far
[1] -8274.84 +- 414.837  	chisq 4.20248 (6 df)

Iteration 8:  36000000 integrand evaluations so far
[1] -8016.73 +- 376.54  	chisq 6.40062 (7 df)

Iteration 9:  45000000 integrand evaluations so far
[1] -7977.8 +- 354.115  	chisq 6.49313 (8 df)

Iteration 10:  55000000 integrand evaluations so far
[1] -7825.91 +- 322.264  	chisq 7.56393 (9 df)
   -7.83 ±   0.32 ·10⁺⁰³ ( 5.9mi) ┃Vegas input parameters:
  ndim 8
  ncomp 1
  nvec 1
  epsrel 0
  epsabs 0
  flags 10
  seed 123456
  mineval 5000000
  maxeval 50000000
  nstart 1000000
  nincrease 1000000
  nbatch 5000
  gridno 0
  statefile ""

Iteration 1:  1000000 integrand evaluations so far
[1] 24333 +- 3279.19  	chisq 0 (0 df)

Iteration 2:  3000000 integrand evaluations so far
[1] 22773.7 +- 646.695  	chisq 0.235273 (1 df)

Iteration 3:  6000000 integrand evaluations so far
[1] 23403.6 +- 336.471  	chisq 1.53642 (2 df)

Iteration 4:  10000000 integrand evaluations so far
[1] 23698.6 +- 241.949  	chisq 3.12774 (3 df)

Iteration 5:  15000000 integrand evaluations so far
[1] 23985 +- 167.124  	chisq 5.80813 (4 df)

Iteration 6:  21000000 integrand evaluations so far
[1] 23885.6 +- 113.777  	chisq 6.46794 (5 df)

Iteration 7:  28000000 integrand evaluations so far
[1] 23877.3 +- 86.8662  	chisq 6.48076 (6 df)

Iteration 8:  36000000 integrand evaluations so far
[1] 23880.1 +- 70.7337  	chisq 6.48383 (7 df)

Iteration 9:  45000000 integrand evaluations so far
[1] 23900.5 +- 59.6145  	chisq 6.77336 (8 df)

Iteration 10:  55000000 integrand evaluations so far
[1] 23931.4 +- 51.8102  	chisq 7.86742 (9 df)
  23.931 ±  0.052 ·10⁺⁰³ (2.11mi) ┃   11.81 ±   0.33 ·10⁺⁰³ (13.9mi) ┃
┃    6 -     8 ┃   35 -    36 ┃ 13.3787 ± 0.0023 ·10⁺⁰³ (   23s) ┃ -18.286 ±  0.017 ·10⁺⁰³ (1.52mi) ┃Vegas input parameters:
  ndim 10
  ncomp 1
  nvec 1
  epsrel 0
  epsabs 0
  flags 10
  seed 123456
  mineval 50000000
  maxeval 50000000
  nstart 1000000
  nincrease 1000000
  nbatch 5000
  gridno 0
  statefile ""

Iteration 1:  1000000 integrand evaluations so far
[1] -7514.62 +- 3437.67  	chisq 0 (0 df)

Iteration 2:  3000000 integrand evaluations so far
[1] -6163.56 +- 1937.38  	chisq 0.226357 (1 df)

Iteration 3:  6000000 integrand evaluations so far
[1] -7537.42 +- 1297.1  	chisq 1.13776 (2 df)

Iteration 4:  10000000 integrand evaluations so far
[1] -8216.33 +- 1152.05  	chisq 2.43524 (3 df)

Iteration 5:  15000000 integrand evaluations so far
[1] -8558.96 +- 803.904  	chisq 2.60764 (4 df)

Iteration 6:  21000000 integrand evaluations so far
[1] -8039.28 +- 730.224  	chisq 4.99697 (5 df)

Iteration 7:  28000000 integrand evaluations so far
[1] -8546.41 +- 623.972  	chisq 6.78439 (6 df)

Iteration 8:  36000000 integrand evaluations so far
[1] -8495.36 +- 620.532  	chisq 7.3931 (7 df)

Iteration 9:  45000000 integrand evaluations so far
[1] -8560.35 +- 536.604  	chisq 7.43658 (8 df)

Iteration 10:  55000000 integrand evaluations so far
[1] -8718.22 +- 517.981  	chisq 8.70557 (9 df)
   -8.72 ±   0.52 ·10⁺⁰³ (5.85mi) ┃Vegas input parameters:
  ndim 8
  ncomp 1
  nvec 1
  epsrel 0
  epsabs 0
  flags 10
  seed 123456
  mineval 5000000
  maxeval 50000000
  nstart 1000000
  nincrease 1000000
  nbatch 5000
  gridno 0
  statefile ""

Iteration 1:  1000000 integrand evaluations so far
[1] 28900.3 +- 3220.84  	chisq 0 (0 df)

Iteration 2:  3000000 integrand evaluations so far
[1] 27987.9 +- 1058.21  	chisq 0.0899579 (1 df)

Iteration 3:  6000000 integrand evaluations so far
[1] 28435.3 +- 803.691  	chisq 0.512327 (2 df)

Iteration 4:  10000000 integrand evaluations so far
[1] 28360.7 +- 426.881  	chisq 0.524322 (3 df)

Iteration 5:  15000000 integrand evaluations so far
[1] 27849.6 +- 205.499  	chisq 2.39002 (4 df)

Iteration 6:  21000000 integrand evaluations so far
[1] 27760.6 +- 137.49  	chisq 2.72986 (5 df)

Iteration 7:  28000000 integrand evaluations so far
[1] 27809.6 +- 103.348  	chisq 3.0223 (6 df)

Iteration 8:  36000000 integrand evaluations so far
[1] 27823.1 +- 82.9538  	chisq 3.07012 (7 df)

Iteration 9:  45000000 integrand evaluations so far
[1] 27841.3 +- 69.5849  	chisq 3.23318 (8 df)

Iteration 10:  55000000 integrand evaluations so far
[1] 27862.1 +- 60.1065  	chisq 3.58445 (9 df)
  27.862 ±   0.06 ·10⁺⁰³ (2.12mi) ┃   14.24 ±   0.52 ·10⁺⁰³ (9.87mi) ┃
┃    6 -     8 ┃   36 -    37 ┃ 17.4118 ±  0.008 ·10⁺⁰³ ( 23.1s) ┃ -23.724 ±   0.02 ·10⁺⁰³ (1.52mi) ┃Vegas input parameters:
  ndim 10
  ncomp 1
  nvec 1
  epsrel 0
  epsabs 0
  flags 10
  seed 123456
  mineval 50000000
  maxeval 50000000
  nstart 1000000
  nincrease 1000000
  nbatch 5000
  gridno 0
  statefile ""

Iteration 1:  1000000 integrand evaluations so far
[1] -8778.75 +- 5663.69  	chisq 0 (0 df)

Iteration 2:  3000000 integrand evaluations so far
[1] -9714.99 +- 2519.68  	chisq 0.0340689 (1 df)

Iteration 3:  6000000 integrand evaluations so far
[1] -10632 +- 1964.68  	chisq 0.371982 (2 df)

Iteration 4:  10000000 integrand evaluations so far
[1] -10994 +- 1299.05  	chisq 0.432284 (3 df)

Iteration 5:  15000000 integrand evaluations so far
[1] -11018.2 +- 1005.04  	chisq 0.433152 (4 df)

Iteration 6:  21000000 integrand evaluations so far
[1] -10879.8 +- 796.083  	chisq 0.484096 (5 df)

Iteration 7:  28000000 integrand evaluations so far
[1] -11405.4 +- 631.721  	chisq 1.6614 (6 df)

Iteration 8:  36000000 integrand evaluations so far
[1] -11379.3 +- 607.44  	chisq 1.68399 (7 df)

Iteration 9:  45000000 integrand evaluations so far
[1] -11403.3 +- 495.952  	chisq 1.68866 (8 df)

Iteration 10:  55000000 integrand evaluations so far
[1] -11375.8 +- 461.057  	chisq 1.71123 (9 df)
  -11.38 ±   0.46 ·10⁺⁰³ (5.94mi) ┃Vegas input parameters:
  ndim 8
  ncomp 1
  nvec 1
  epsrel 0
  epsabs 0
  flags 10
  seed 123456
  mineval 5000000
  maxeval 50000000
  nstart 1000000
  nincrease 1000000
  nbatch 5000
  gridno 0
  statefile ""

Iteration 1:  1000000 integrand evaluations so far
[1] 35239.3 +- 3496.62  	chisq 0 (0 df)

Iteration 2:  3000000 integrand evaluations so far
[1] 35389.9 +- 624.369  	chisq 0.00191542 (1 df)

Iteration 3:  6000000 integrand evaluations so far
[1] 36216.7 +- 365.76  	chisq 2.67215 (2 df)

Iteration 4:  10000000 integrand evaluations so far
[1] 36252.9 +- 242.152  	chisq 2.68956 (3 df)

Iteration 5:  15000000 integrand evaluations so far
[1] 36168.4 +- 169.24  	chisq 2.92771 (4 df)

Iteration 6:  21000000 integrand evaluations so far
[1] 36066.8 +- 129.31  	chisq 3.79422 (5 df)

Iteration 7:  28000000 integrand evaluations so far
[1] 36096.9 +- 105.199  	chisq 3.95456 (6 df)

Iteration 8:  36000000 integrand evaluations so far
[1] 36068.8 +- 89.0795  	chisq 4.20532 (7 df)

Iteration 9:  45000000 integrand evaluations so far
[1] 36129 +- 77.4464  	chisq 6.07241 (8 df)

Iteration 10:  55000000 integrand evaluations so far
[1] 36188.9 +- 68.6576  	chisq 8.87189 (9 df)
  36.189 ±  0.069 ·10⁺⁰³ (2.15mi) ┃    18.5 ±   0.47 ·10⁺⁰³ (9.99mi) ┃
┃    6 -     8 ┃   37 -    38 ┃ 19.4662 ± 0.0042 ·10⁺⁰³ ( 45.5s) ┃ -26.634 ±  0.015 ·10⁺⁰³ (5.62mi) ┃Vegas input parameters:
  ndim 10
  ncomp 1
  nvec 1
  epsrel 0
  epsabs 0
  flags 10
  seed 123456
  mineval 50000000
  maxeval 50000000
  nstart 1000000
  nincrease 1000000
  nbatch 5000
  gridno 0
  statefile ""

Iteration 1:  1000000 integrand evaluations so far
[1] -7338.32 +- 12601.5  	chisq 0 (0 df)

Iteration 2:  3000000 integrand evaluations so far
[1] -17162.1 +- 5393.7  	chisq 0.744048 (1 df)

Iteration 3:  6000000 integrand evaluations so far
[1] -15120.4 +- 1918.11  	chisq 0.908091 (2 df)

Iteration 4:  10000000 integrand evaluations so far
[1] -14817.9 +- 1551.81  	chisq 0.980048 (3 df)

Iteration 5:  15000000 integrand evaluations so far
[1] -15084.3 +- 1419.72  	chisq 1.16081 (4 df)

Iteration 6:  21000000 integrand evaluations so far
[1] -15781.5 +- 1111.78  	chisq 1.78434 (5 df)

Iteration 7:  28000000 integrand evaluations so far
[1] -14604.7 +- 745.135  	chisq 3.81828 (6 df)

Iteration 8:  36000000 integrand evaluations so far
[1] -14463.9 +- 713.487  	chisq 4.24792 (7 df)

Iteration 9:  45000000 integrand evaluations so far
[1] -14387 +- 646.811  	chisq 4.31316 (8 df)

Iteration 10:  55000000 integrand evaluations so far
[1] -14517.8 +- 636.023  	chisq 5.54937 (9 df)
  -14.52 ±   0.64 ·10⁺⁰³ (6.03mi) ┃Vegas input parameters:
  ndim 8
  ncomp 1
  nvec 1
  epsrel 0
  epsabs 0
  flags 10
  seed 123456
  mineval 5000000
  maxeval 50000000
  nstart 1000000
  nincrease 1000000
  nbatch 5000
  gridno 0
  statefile ""

Iteration 1:  1000000 integrand evaluations so far
[1] 33447.7 +- 3193.05  	chisq 0 (0 df)

Iteration 2:  3000000 integrand evaluations so far
[1] 40014.2 +- 659.304  	chisq 4.41743 (1 df)

Iteration 3:  6000000 integrand evaluations so far
[1] 40354.4 +- 339.153  	chisq 4.77951 (2 df)

Iteration 4:  10000000 integrand evaluations so far
[1] 40322.9 +- 214.551  	chisq 4.79384 (3 df)

Iteration 5:  15000000 integrand evaluations so far
[1] 40564.8 +- 172.531  	chisq 8.38967 (4 df)

Iteration 6:  21000000 integrand evaluations so far
[1] 40501.7 +- 138.725  	chisq 8.76739 (5 df)

Iteration 7:  28000000 integrand evaluations so far
[1] 40543.6 +- 113.438  	chisq 9.04215 (6 df)

Iteration 8:  36000000 integrand evaluations so far
[1] 40557 +- 95.34  	chisq 9.08936 (7 df)

Iteration 9:  45000000 integrand evaluations so far
[1] 40559.3 +- 82.4955  	chisq 9.09179 (8 df)

Iteration 10:  55000000 integrand evaluations so far
[1] 40616.1 +- 72.881  	chisq 11.2493 (9 df)
  40.616 ±  0.073 ·10⁺⁰³ (2.16mi) ┃   18.93 ±   0.64 ·10⁺⁰³ (14.6mi) ┃
┃    6 -     8 ┃   38 -    39 ┃ 16.7425 ± 0.0075 ·10⁺⁰³ (   44s) ┃ -22.924 ±  0.017 ·10⁺⁰³ (10.5mi) ┃Vegas input parameters:
  ndim 10
  ncomp 1
  nvec 1
  epsrel 0
  epsabs 0
  flags 10
  seed 123456
  mineval 50000000
  maxeval 50000000
  nstart 1000000
  nincrease 1000000
  nbatch 5000
  gridno 0
  statefile ""

Iteration 1:  1000000 integrand evaluations so far
[1] -15264.5 +- 3916.01  	chisq 0 (0 df)

Iteration 2:  3000000 integrand evaluations so far
[1] -12596 +- 1442.57  	chisq 0.53725 (1 df)

Iteration 3:  6000000 integrand evaluations so far
[1] -12097.6 +- 1416.27  	chisq 3.84152 (2 df)

Iteration 4:  10000000 integrand evaluations so far
[1] -11741.6 +- 1393.28  	chisq 5.80247 (3 df)

Iteration 5:  15000000 integrand evaluations so far
[1] -11857.7 +- 1369.04  	chisq 6.00381 (4 df)

Iteration 6:  21000000 integrand evaluations so far
[1] -12372.5 +- 1128.66  	chisq 6.44514 (5 df)

Iteration 7:  28000000 integrand evaluations so far
[1] -12452.2 +- 1016.62  	chisq 6.47159 (6 df)

Iteration 8:  36000000 integrand evaluations so far
[1] -12867.1 +- 801.732  	chisq 6.91217 (7 df)

Iteration 9:  45000000 integrand evaluations so far
[1] -12554 +- 700.687  	chisq 7.55817 (8 df)

Iteration 10:  55000000 integrand evaluations so far
[1] -12519.3 +- 647.793  	chisq 7.575 (9 df)
  -12.52 ±   0.65 ·10⁺⁰³ (5.96mi) ┃Vegas input parameters:
  ndim 8
  ncomp 1
  nvec 1
  epsrel 0
  epsabs 0
  flags 10
  seed 123456
  mineval 5000000
  maxeval 50000000
  nstart 1000000
  nincrease 1000000
  nbatch 5000
  gridno 0
  statefile ""

Iteration 1:  1000000 integrand evaluations so far
[1] 42347.8 +- 3944.59  	chisq 0 (0 df)

Iteration 2:  3000000 integrand evaluations so far
[1] 33931.9 +- 623.749  	chisq 4.66874 (1 df)

Iteration 3:  6000000 integrand evaluations so far
[1] 34650.5 +- 359.514  	chisq 6.65636 (2 df)

Iteration 4:  10000000 integrand evaluations so far
[1] 34490.7 +- 218.195  	chisq 6.96894 (3 df)

Iteration 5:  15000000 integrand evaluations so far
[1] 34668 +- 156.157  	chisq 8.32176 (4 df)

Iteration 6:  21000000 integrand evaluations so far
[1] 34822.7 +- 121.87  	chisq 10.8345 (5 df)

Iteration 7:  28000000 integrand evaluations so far
[1] 34892.2 +- 99.5449  	chisq 11.8116 (6 df)

Iteration 8:  36000000 integrand evaluations so far
[1] 34909.2 +- 85.0731  	chisq 11.9187 (7 df)

Iteration 9:  45000000 integrand evaluations so far
[1] 34906 +- 74.3457  	chisq 11.9245 (8 df)

Iteration 10:  55000000 integrand evaluations so far
[1] 34903.4 +- 65.9004  	chisq 11.9303 (9 df)
  34.903 ±  0.066 ·10⁺⁰³ (2.14mi) ┃    16.2 ±   0.65 ·10⁺⁰³ (19.3mi) ┃
┃    6 -     8 ┃   39 -    40 ┃  14.993 ±  0.012 ·10⁺⁰³ ( 43.3s) ┃-20.5191 ± 0.0075 ·10⁺⁰³ (9.12mi) ┃Vegas input parameters:
  ndim 10
  ncomp 1
  nvec 1
  epsrel 0
  epsabs 0
  flags 10
  seed 123456
  mineval 50000000
  maxeval 50000000
  nstart 1000000
  nincrease 1000000
  nbatch 5000
  gridno 0
  statefile ""

Iteration 1:  1000000 integrand evaluations so far
[1] -17134.9 +- 11118  	chisq 0 (0 df)

Iteration 2:  3000000 integrand evaluations so far
[1] -7070.21 +- 4013.44  	chisq 0.942273 (1 df)

Iteration 3:  6000000 integrand evaluations so far
[1] -8377.34 +- 1512.89  	chisq 1.06591 (2 df)

Iteration 4:  10000000 integrand evaluations so far
[1] -9674.03 +- 1134.72  	chisq 2.74522 (3 df)

Iteration 5:  15000000 integrand evaluations so far
[1] -9776 +- 937.41  	chisq 2.77065 (4 df)

Iteration 6:  21000000 integrand evaluations so far
[1] -9641.91 +- 784.032  	chisq 2.83874 (5 df)

Iteration 7:  28000000 integrand evaluations so far
[1] -9841.13 +- 697.855  	chisq 3.14952 (6 df)

Iteration 8:  36000000 integrand evaluations so far
[1] -10024.9 +- 627.962  	chisq 3.51384 (7 df)

Iteration 9:  45000000 integrand evaluations so far
[1] -10584.5 +- 549.354  	chisq 6.89788 (8 df)

Iteration 10:  55000000 integrand evaluations so far
[1] -10608.1 +- 522.299  	chisq 6.91714 (9 df)
  -10.61 ±   0.52 ·10⁺⁰³ (5.86mi) ┃Vegas input parameters:
  ndim 8
  ncomp 1
  nvec 1
  epsrel 0
  epsabs 0
  flags 10
  seed 123456
  mineval 5000000
  maxeval 50000000
  nstart 1000000
  nincrease 1000000
  nbatch 5000
  gridno 0
  statefile ""

Iteration 1:  1000000 integrand evaluations so far
[1] 31141.7 +- 3357.12  	chisq 0 (0 df)

Iteration 2:  3000000 integrand evaluations so far
[1] 32493.8 +- 2568.55  	chisq 0.391236 (1 df)

Iteration 3:  6000000 integrand evaluations so far
[1] 30753.6 +- 641.465  	chisq 0.88079 (2 df)

Iteration 4:  10000000 integrand evaluations so far
[1] 30907.4 +- 266.718  	chisq 0.95028 (3 df)

Iteration 5:  15000000 integrand evaluations so far
[1] 30932.6 +- 170.331  	chisq 0.965329 (4 df)

Iteration 6:  21000000 integrand evaluations so far
[1] 31188.4 +- 125.67  	chisq 5.91748 (5 df)

Iteration 7:  28000000 integrand evaluations so far
[1] 31130.3 +- 98.3788  	chisq 6.46945 (6 df)

Iteration 8:  36000000 integrand evaluations so far
[1] 31135.4 +- 81.9632  	chisq 6.47794 (7 df)

Iteration 9:  45000000 integrand evaluations so far
[1] 31157.9 +- 70.6957  	chisq 6.77389 (8 df)

Iteration 10:  55000000 integrand evaluations so far
[1] 31144.9 +- 62.1127  	chisq 6.92356 (9 df)
  31.145 ±  0.062 ·10⁺⁰³ (2.16mi) ┃   15.01 ±   0.53 ·10⁺⁰³ (17.9mi) ┃
┃    6 -     8 ┃   40 -    41 ┃ 13.8497 ± 0.0054 ·10⁺⁰³ ( 44.3s) ┃ -18.974 ±  0.014 ·10⁺⁰³ (2.41mi) ┃Vegas input parameters:
  ndim 10
  ncomp 1
  nvec 1
  epsrel 0
  epsabs 0
  flags 10
  seed 123456
  mineval 50000000
  maxeval 50000000
  nstart 1000000
  nincrease 1000000
  nbatch 5000
  gridno 0
  statefile ""

Iteration 1:  1000000 integrand evaluations so far
[1] -19416.6 +- 5516.24  	chisq 0 (0 df)

Iteration 2:  3000000 integrand evaluations so far
[1] -15605.6 +- 3727.51  	chisq 0.878391 (1 df)

Iteration 3:  6000000 integrand evaluations so far
[1] -7742.7 +- 1701.63  	chisq 6.49945 (2 df)

Iteration 4:  10000000 integrand evaluations so far
[1] -8195.1 +- 1336.73  	chisq 6.68405 (3 df)

Iteration 5:  15000000 integrand evaluations so far
[1] -8258.78 +- 1258.72  	chisq 6.70408 (4 df)

Iteration 6:  21000000 integrand evaluations so far
[1] -7797.78 +- 1203.65  	chisq 8.27123 (5 df)

Iteration 7:  28000000 integrand evaluations so far
[1] -8999.04 +- 1057.95  	chisq 12.6506 (6 df)

Iteration 8:  36000000 integrand evaluations so far
[1] -8733.43 +- 1020.73  	chisq 13.5624 (7 df)

Iteration 9:  45000000 integrand evaluations so far
[1] -8718.85 +- 853.644  	chisq 13.5631 (8 df)

Iteration 10:  55000000 integrand evaluations so far
[1] -9380.28 +- 675.327  	chisq 15.1677 (9 df)
   -9.38 ±   0.68 ·10⁺⁰³ (5.91mi) ┃Vegas input parameters:
  ndim 8
  ncomp 1
  nvec 1
  epsrel 0
  epsabs 0
  flags 10
  seed 123456
  mineval 5000000
  maxeval 50000000
  nstart 1000000
  nincrease 1000000
  nbatch 5000
  gridno 0
  statefile ""

Iteration 1:  1000000 integrand evaluations so far
[1] 29984.6 +- 3337.56  	chisq 0 (0 df)

Iteration 2:  3000000 integrand evaluations so far
[1] 29614.6 +- 687.196  	chisq 0.0128314 (1 df)

Iteration 3:  6000000 integrand evaluations so far
[1] 29565.3 +- 465.218  	chisq 0.0223393 (2 df)

Iteration 4:  10000000 integrand evaluations so far
[1] 29254.8 +- 300.724  	chisq 0.787594 (3 df)

Iteration 5:  15000000 integrand evaluations so far
[1] 29131.5 +- 184.024  	chisq 1.05632 (4 df)

Iteration 6:  21000000 integrand evaluations so far
[1] 28973.9 +- 124.09  	chisq 2.4013 (5 df)

Iteration 7:  28000000 integrand evaluations so far
[1] 28857.1 +- 94.4282  	chisq 4.50593 (6 df)

Iteration 8:  36000000 integrand evaluations so far
[1] 28909.4 +- 77.4415  	chisq 5.44135 (7 df)

Iteration 9:  45000000 integrand evaluations so far
[1] 28937 +- 67.3339  	chisq 5.96291 (8 df)

Iteration 10:  55000000 integrand evaluations so far
[1] 28954.2 +- 59.3135  	chisq 6.25355 (9 df)
  28.954 ±  0.059 ·10⁺⁰³ (2.18mi) ┃   14.45 ±   0.68 ·10⁺⁰³ (11.2mi) ┃
┃    6 -     8 ┃   41 -    42 ┃ 13.1262 ± 0.0038 ·10⁺⁰³ (1.44mi) ┃ -17.929 ± 0.0048 ·10⁺⁰³ (  18mi) ┃Vegas input parameters:
  ndim 10
  ncomp 1
  nvec 1
  epsrel 0
  epsabs 0
  flags 10
  seed 123456
  mineval 50000000
  maxeval 50000000
  nstart 1000000
  nincrease 1000000
  nbatch 5000
  gridno 0
  statefile ""

Iteration 1:  1000000 integrand evaluations so far
[1] -7570.39 +- 5659.71  	chisq 0 (0 df)

Iteration 2:  3000000 integrand evaluations so far
[1] -11486.6 +- 3138.18  	chisq 0.691343 (1 df)

Iteration 3:  6000000 integrand evaluations so far
[1] -10277.8 +- 1531.25  	chisq 0.886095 (2 df)

Iteration 4:  10000000 integrand evaluations so far
[1] -9880.3 +- 1298.7  	chisq 1.12617 (3 df)

Iteration 5:  15000000 integrand evaluations so far
[1] -10166.2 +- 934.084  	chisq 1.22654 (4 df)

Iteration 6:  21000000 integrand evaluations so far
[1] -10070.7 +- 823.538  	chisq 1.2734 (5 df)

Iteration 7:  28000000 integrand evaluations so far
[1] -9989.58 +- 729.922  	chisq 1.31869 (6 df)

Iteration 8:  36000000 integrand evaluations so far
[1] -10110.1 +- 707.16  	chisq 1.76238 (7 df)

Iteration 9:  45000000 integrand evaluations so far
[1] -9726.19 +- 667.053  	chisq 4.43588 (8 df)

Iteration 10:  55000000 integrand evaluations so far
[1] -9832.95 +- 614.92  	chisq 4.6064 (9 df)
   -9.83 ±   0.61 ·10⁺⁰³ (5.98mi) ┃Vegas input parameters:
  ndim 8
  ncomp 1
  nvec 1
  epsrel 0
  epsabs 0
  flags 10
  seed 123456
  mineval 5000000
  maxeval 50000000
  nstart 1000000
  nincrease 1000000
  nbatch 5000
  gridno 0
  statefile ""

Iteration 1:  1000000 integrand evaluations so far
[1] 24424.4 +- 2663.55  	chisq 0 (0 df)

Iteration 2:  3000000 integrand evaluations so far
[1] 25665.8 +- 899.578  	chisq 0.245211 (1 df)

Iteration 3:  6000000 integrand evaluations so far
[1] 27057 +- 440.2  	chisq 3.39003 (2 df)

Iteration 4:  10000000 integrand evaluations so far
[1] 27677 +- 260.673  	chisq 6.44446 (3 df)

Iteration 5:  15000000 integrand evaluations so far
[1] 27464.6 +- 164.041  	chisq 7.54307 (4 df)

Iteration 6:  21000000 integrand evaluations so far
[1] 27376.9 +- 114.053  	chisq 8.09691 (5 df)

Iteration 7:  28000000 integrand evaluations so far
[1] 27353.6 +- 87.6349  	chisq 8.19893 (6 df)

Iteration 8:  36000000 integrand evaluations so far
[1] 27385.5 +- 72.0126  	chisq 8.60786 (7 df)

Iteration 9:  45000000 integrand evaluations so far
[1] 27393.1 +- 62.0662  	chisq 8.65125 (8 df)

Iteration 10:  55000000 integrand evaluations so far
[1] 27362 +- 54.5487  	chisq 9.76012 (9 df)
  27.362 ±  0.055 ·10⁺⁰³ (2.16mi) ┃   12.73 ±   0.62 ·10⁺⁰³ (27.5mi) ┃
┃    6 -     8 ┃   42 -    43 ┃ 12.5576 ± 0.0096 ·10⁺⁰³ (   1mi) ┃-17.1582 ±  0.009 ·10⁺⁰³ (10.3mi) ┃Vegas input parameters:
  ndim 10
  ncomp 1
  nvec 1
  epsrel 0
  epsabs 0
  flags 10
  seed 123456
  mineval 50000000
  maxeval 50000000
  nstart 1000000
  nincrease 1000000
  nbatch 5000
  gridno 0
  statefile ""

Iteration 1:  1000000 integrand evaluations so far
[1] -10697 +- 2967.9  	chisq 0 (0 df)

Iteration 2:  3000000 integrand evaluations so far
[1] -10638.4 +- 1495.42  	chisq 0.000522364 (1 df)

Iteration 3:  6000000 integrand evaluations so far
[1] -10796.8 +- 1333.92  	chisq 0.0554543 (2 df)

Iteration 4:  10000000 integrand evaluations so far
[1] -10177.4 +- 870.672  	chisq 0.431076 (3 df)

Iteration 5:  15000000 integrand evaluations so far
[1] -9932.66 +- 717.903  	chisq 0.677966 (4 df)

Iteration 6:  21000000 integrand evaluations so far
[1] -10168.3 +- 681.359  	chisq 1.76393 (5 df)

Iteration 7:  28000000 integrand evaluations so far
[1] -9842.09 +- 651.503  	chisq 4.4382 (6 df)

Iteration 8:  36000000 integrand evaluations so far
[1] -9331.45 +- 599.556  	chisq 8.45045 (7 df)

Iteration 9:  45000000 integrand evaluations so far
[1] -9525.32 +- 481.504  	chisq 8.74496 (8 df)

Iteration 10:  55000000 integrand evaluations so far
[1] -9214.24 +- 436.535  	chisq 11.089 (9 df)
   -9.21 ±   0.44 ·10⁺⁰³ (5.98mi) ┃Vegas input parameters:
  ndim 8
  ncomp 1
  nvec 1
  epsrel 0
  epsabs 0
  flags 10
  seed 123456
  mineval 5000000
  maxeval 50000000
  nstart 1000000
  nincrease 1000000
  nbatch 5000
  gridno 0
  statefile ""

Iteration 1:  1000000 integrand evaluations so far
[1] 23817.4 +- 2515.43  	chisq 0 (0 df)

Iteration 2:  3000000 integrand evaluations so far
[1] 24662.2 +- 590.123  	chisq 0.119375 (1 df)

Iteration 3:  6000000 integrand evaluations so far
[1] 26077.6 +- 308.182  	chisq 8.02966 (2 df)

Iteration 4:  10000000 integrand evaluations so far
[1] 26071.6 +- 205.775  	chisq 8.03035 (3 df)

Iteration 5:  15000000 integrand evaluations so far
[1] 26425.9 +- 143.437  	chisq 13.7961 (4 df)

Iteration 6:  21000000 integrand evaluations so far
[1] 26274.1 +- 105.886  	chisq 16.2544 (5 df)

Iteration 7:  28000000 integrand evaluations so far
[1] 26268.7 +- 82.3696  	chisq 16.2612 (6 df)

Iteration 8:  36000000 integrand evaluations so far
[1] 26263.6 +- 67.4842  	chisq 16.2726 (7 df)

Iteration 9:  45000000 integrand evaluations so far
[1] 26259.3 +- 57.9948  	chisq 16.2882 (8 df)

Iteration 10:  55000000 integrand evaluations so far
[1] 26280.4 +- 50.9576  	chisq 16.8691 (9 df)
   26.28 ±  0.051 ·10⁺⁰³ (2.17mi) ┃   12.47 ±   0.44 ·10⁺⁰³ (19.4mi) ┃
┃    6 -     8 ┃   43 -    44 ┃ 10.8686 ± 0.0034 ·10⁺⁰³ (1.24mi) ┃ -14.756 ±  0.013 ·10⁺⁰³ (5.13mi) ┃Vegas input parameters:
  ndim 10
  ncomp 1
  nvec 1
  epsrel 0
  epsabs 0
  flags 10
  seed 123456
  mineval 50000000
  maxeval 50000000
  nstart 1000000
  nincrease 1000000
  nbatch 5000
  gridno 0
  statefile ""

Iteration 1:  1000000 integrand evaluations so far
[1] -10081.4 +- 2704.89  	chisq 0 (0 df)

Iteration 2:  3000000 integrand evaluations so far
[1] -9730.59 +- 2663.74  	chisq 0.557059 (1 df)

Iteration 3:  6000000 integrand evaluations so far
[1] -8147.03 +- 2334.33  	chisq 2.08013 (2 df)

Iteration 4:  10000000 integrand evaluations so far
[1] -6789.93 +- 812.971  	chisq 2.46478 (3 df)

Iteration 5:  15000000 integrand evaluations so far
[1] -7616.45 +- 551.956  	chisq 4.38226 (4 df)

Iteration 6:  21000000 integrand evaluations so far
[1] -7768.61 +- 462.182  	chisq 4.63658 (5 df)

Iteration 7:  28000000 integrand evaluations so far
[1] -7778.85 +- 347.987  	chisq 4.63772 (6 df)

Iteration 8:  36000000 integrand evaluations so far
[1] -7842.19 +- 292.883  	chisq 4.75135 (7 df)

Iteration 9:  45000000 integrand evaluations so far
[1] -7848.23 +- 261.446  	chisq 4.75344 (8 df)

Iteration 10:  55000000 integrand evaluations so far
[1] -7922.29 +- 252.969  	chisq 6.01107 (9 df)
   -7.92 ±   0.25 ·10⁺⁰³ (6.04mi) ┃Vegas input parameters:
  ndim 8
  ncomp 1
  nvec 1
  epsrel 0
  epsabs 0
  flags 10
  seed 123456
  mineval 5000000
  maxeval 50000000
  nstart 1000000
  nincrease 1000000
  nbatch 5000
  gridno 0
  statefile ""

Iteration 1:  1000000 integrand evaluations so far
[1] 23194.1 +- 2724.96  	chisq 0 (0 df)

Iteration 2:  3000000 integrand evaluations so far
[1] 22119.4 +- 580.599  	chisq 0.162953 (1 df)

Iteration 3:  6000000 integrand evaluations so far
[1] 22469.5 +- 351.298  	chisq 0.736456 (2 df)

Iteration 4:  10000000 integrand evaluations so far
[1] 22718.6 +- 195.724  	chisq 1.46587 (3 df)

Iteration 5:  15000000 integrand evaluations so far
[1] 22944.6 +- 124.264  	chisq 3.69941 (4 df)

Iteration 6:  21000000 integrand evaluations so far
[1] 22718.9 +- 87.5378  	chisq 10.2469 (5 df)

Iteration 7:  28000000 integrand evaluations so far
[1] 22708.7 +- 68.008  	chisq 10.2814 (6 df)

Iteration 8:  36000000 integrand evaluations so far
[1] 22760.8 +- 56.7343  	chisq 12.2134 (7 df)

Iteration 9:  45000000 integrand evaluations so far
[1] 22672.1 +- 48.715  	chisq 21.5139 (8 df)

Iteration 10:  55000000 integrand evaluations so far
[1] 22679.3 +- 42.8586  	chisq 21.6086 (9 df)
  22.679 ±  0.043 ·10⁺⁰³ (2.19mi) ┃   10.87 ±   0.26 ·10⁺⁰³ (14.6mi) ┃
┃    6 -     8 ┃   44 -    45 ┃  4.6235 ±  0.003 ·10⁺⁰³ (4.22mi) ┃ -6.2165 ± 0.0054 ·10⁺⁰³ (17.9mi) ┃Vegas input parameters:
  ndim 10
  ncomp 1
  nvec 1
  epsrel 0
  epsabs 0
  flags 10
  seed 123456
  mineval 50000000
  maxeval 50000000
  nstart 1000000
  nincrease 1000000
  nbatch 5000
  gridno 0
  statefile ""

Iteration 1:  1000000 integrand evaluations so far
[1] -2456.92 +- 583.643  	chisq 0 (0 df)

Iteration 2:  3000000 integrand evaluations so far
[1] -2582.88 +- 568.666  	chisq 0.91942 (1 df)

Iteration 3:  6000000 integrand evaluations so far
[1] -2619.21 +- 532.228  	chisq 0.952319 (2 df)

Iteration 4:  10000000 integrand evaluations so far
[1] -3066.32 +- 428.719  	chisq 2.96208 (3 df)

Iteration 5:  15000000 integrand evaluations so far
[1] -2937.7 +- 372.519  	chisq 3.32946 (4 df)

Iteration 6:  21000000 integrand evaluations so far
[1] -2937.78 +- 348.347  	chisq 3.32946 (5 df)

Iteration 7:  28000000 integrand evaluations so far
[1] -3338.03 +- 291.034  	chisq 7.70124 (6 df)

Iteration 8:  36000000 integrand evaluations so far
[1] -3357.07 +- 289.262  	chisq 8.05367 (7 df)

Iteration 9:  45000000 integrand evaluations so far
[1] -3369.89 +- 288.587  	chisq 8.47492 (8 df)

Iteration 10:  55000000 integrand evaluations so far
[1] -3219.28 +- 264.42  	chisq 10.1723 (9 df)
   -3.22 ±   0.26 ·10⁺⁰³ (5.87mi) ┃Vegas input parameters:
  ndim 8
  ncomp 1
  nvec 1
  epsrel 0
  epsabs 0
  flags 10
  seed 123456
  mineval 5000000
  maxeval 50000000
  nstart 1000000
  nincrease 1000000
  nbatch 5000
  gridno 0
  statefile ""

Iteration 1:  1000000 integrand evaluations so far
[1] 11093.7 +- 1739.09  	chisq 0 (0 df)

Iteration 2:  3000000 integrand evaluations so far
[1] 9407.4 +- 794.741  	chisq 1.18841 (1 df)

Iteration 3:  6000000 integrand evaluations so far
[1] 9888.42 +- 534.76  	chisq 1.85781 (2 df)

Iteration 4:  10000000 integrand evaluations so far
[1] 9541.45 +- 211.187  	chisq 2.35656 (3 df)

Iteration 5:  15000000 integrand evaluations so far
[1] 9530.98 +- 133.062  	chisq 2.36064 (4 df)

Iteration 6:  21000000 integrand evaluations so far
[1] 9556.21 +- 81.1226  	chisq 2.41788 (5 df)

Iteration 7:  28000000 integrand evaluations so far
[1] 9470.59 +- 52.0778  	chisq 4.3128 (6 df)

Iteration 8:  36000000 integrand evaluations so far
[1] 9486.22 +- 40.534  	chisq 4.54149 (7 df)

Iteration 9:  45000000 integrand evaluations so far
[1] 9474.99 +- 32.679  	chisq 4.76089 (8 df)

Iteration 10:  55000000 integrand evaluations so far
[1] 9500.77 +- 27.4105  	chisq 6.86008 (9 df)
   9.501 ±  0.027 ·10⁺⁰³ (2.12mi) ┃    4.69 ±   0.27 ·10⁺⁰³ (30.1mi) ┃
┃    6 -     8 ┃   45 -    46 ┃  1.6661 ± 0.00047 ·10⁺⁰³ (7.85mi) ┃-2.28618 ± 0.0007 ·10⁺⁰³ (26.8mi) ┃Vegas input parameters:
  ndim 10
  ncomp 1
  nvec 1
  epsrel 0
  epsabs 0
  flags 10
  seed 123456
  mineval 50000000
  maxeval 50000000
  nstart 1000000
  nincrease 1000000
  nbatch 5000
  gridno 0
  statefile ""

Iteration 1:  1000000 integrand evaluations so far
[1] 675.942 +- 1891.96  	chisq 0 (0 df)

Iteration 2:  3000000 integrand evaluations so far
[1] 466.61 +- 1868.69  	chisq 0.500666 (1 df)

Iteration 3:  6000000 integrand evaluations so far
[1] 569.212 +- 1210.5  	chisq 0.50586 (2 df)

Iteration 4:  10000000 integrand evaluations so far
[1] -1808.54 +- 741.824  	chisq 6.68479 (3 df)

Iteration 5:  15000000 integrand evaluations so far
[1] -937.754 +- 510.501  	chisq 9.30233 (4 df)

Iteration 6:  21000000 integrand evaluations so far
[1] -950.678 +- 196.547  	chisq 9.30308 (5 df)

Iteration 7:  28000000 integrand evaluations so far
[1] -964.459 +- 192.198  	chisq 9.41543 (6 df)

Iteration 8:  36000000 integrand evaluations so far
[1] -1090.51 +- 148.946  	chisq 10.4922 (7 df)

Iteration 9:  45000000 integrand evaluations so far
[1] -1139.11 +- 146.152  	chisq 13.3577 (8 df)

Iteration 10:  55000000 integrand evaluations so far
[1] -1213.09 +- 135.54  	chisq 15.1887 (9 df)
   -1.21 ±   0.14 ·10⁺⁰³ (5.93mi) ┃Vegas input parameters:
  ndim 8
  ncomp 1
  nvec 1
  epsrel 0
  epsabs 0
  flags 10
  seed 123456
  mineval 5000000
  maxeval 50000000
  nstart 1000000
  nincrease 1000000
  nbatch 5000
  gridno 0
  statefile ""

Iteration 1:  1000000 integrand evaluations so far
[1] 3748.74 +- 917.673  	chisq 0 (0 df)

Iteration 2:  3000000 integrand evaluations so far
[1] 1924.44 +- 251.611  	chisq 4.27323 (1 df)

Iteration 3:  6000000 integrand evaluations so far
[1] 2123.01 +- 173.953  	chisq 5.46629 (2 df)

Iteration 4:  10000000 integrand evaluations so far
[1] 2569.61 +- 111.942  	chisq 16.7169 (3 df)

Iteration 5:  15000000 integrand evaluations so far
[1] 2857.36 +- 95.2956  	chisq 40.7178 (4 df)

Iteration 6:  21000000 integrand evaluations so far
[1] 3229.1 +- 60.6156  	chisq 66.2756 (5 df)

Iteration 7:  28000000 integrand evaluations so far
[1] 3440.71 +- 30.1829  	chisq 82.4814 (6 df)

Iteration 8:  36000000 integrand evaluations so far
[1] 3444.07 +- 18.564  	chisq 82.5013 (7 df)

Iteration 9:  45000000 integrand evaluations so far
[1] 3469.8 +- 14.0843  	chisq 87.0295 (8 df)

Iteration 10:  55000000 integrand evaluations so far
[1] 3483.96 +- 11.2302  	chisq 89.8054 (9 df)
   3.484 ±  0.011 ·10⁺⁰³ (2.14mi) ┃    1.65 ±   0.14 ·10⁺⁰³ (42.7mi) ┃
┃    6 -     8 ┃   46 -    47 ┃  867.53 ±    0.6        (8.88mi) ┃-1.20468 ± 0.00092 ·10⁺⁰³ ( 6.6mi) ┃Vegas input parameters:
  ndim 10
  ncomp 1
  nvec 1
  epsrel 0
  epsabs 0
  flags 10
  seed 123456
  mineval 50000000
  maxeval 50000000
  nstart 1000000
  nincrease 1000000
  nbatch 5000
  gridno 0
  statefile ""

Iteration 1:  1000000 integrand evaluations so far
[1] -385.876 +- 90.2588  	chisq 0 (0 df)

Iteration 2:  3000000 integrand evaluations so far
[1] -381.899 +- 89.6837  	chisq 0.152815 (1 df)

Iteration 3:  6000000 integrand evaluations so far
[1] -395.682 +- 88.7461  	chisq 1.28822 (2 df)

Iteration 4:  10000000 integrand evaluations so far
[1] -389.961 +- 87.9096  	chisq 1.50967 (3 df)

Iteration 5:  15000000 integrand evaluations so far
[1] -433.325 +- 74.7349  	chisq 2.38724 (4 df)

Iteration 6:  21000000 integrand evaluations so far
[1] -484.711 +- 69.6918  	chisq 6.01253 (5 df)

Iteration 7:  28000000 integrand evaluations so far
[1] -520.814 +- 58.9327  	chisq 6.95441 (6 df)

Iteration 8:  36000000 integrand evaluations so far
[1] -509.28 +- 52.4256  	chisq 7.13801 (7 df)

Iteration 9:  45000000 integrand evaluations so far
[1] -543.172 +- 49.7481  	chisq 11.3368 (8 df)

Iteration 10:  55000000 integrand evaluations so far
[1] -552.067 +- 47.2624  	chisq 11.665 (9 df)
    -552 ±     47        (5.88mi) ┃Vegas input parameters:
  ndim 8
  ncomp 1
  nvec 1
  epsrel 0
  epsabs 0
  flags 10
  seed 123456
  mineval 5000000
  maxeval 50000000
  nstart 1000000
  nincrease 1000000
  nbatch 5000
  gridno 0
  statefile ""

Iteration 1:  1000000 integrand evaluations so far
[1] 2864.98 +- 1154.9  	chisq 0 (0 df)

Iteration 2:  3000000 integrand evaluations so far
[1] 1372.61 +- 590.849  	chisq 2.26176 (1 df)

Iteration 3:  6000000 integrand evaluations so far
[1] 488.901 +- 118.325  	chisq 4.59221 (2 df)

Iteration 4:  10000000 integrand evaluations so far
[1] 493.126 +- 118.269  	chisq 5.94691 (3 df)

Iteration 5:  15000000 integrand evaluations so far
[1] 798.007 +- 82.5514  	chisq 18.9059 (4 df)

Iteration 6:  21000000 integrand evaluations so far
[1] 933.134 +- 77.753  	chisq 42.6439 (5 df)

Iteration 7:  28000000 integrand evaluations so far
[1] 1463.74 +- 50.8916  	chisq 124.119 (6 df)

Iteration 8:  36000000 integrand evaluations so far
[1] 1788.58 +- 25.1913  	chisq 178.083 (7 df)

Iteration 9:  45000000 integrand evaluations so far
[1] 1853.13 +- 12.2959  	chisq 186.704 (8 df)

Iteration 10:  55000000 integrand evaluations so far
[1] 1860.62 +- 7.81146  	chisq 187.326 (9 df)
  1.8606 ± 0.0078 ·10⁺⁰³ (2.29mi) ┃     971 ±     48        (23.7mi) ┃
┃    6 -     8 ┃   47 -    48 ┃  513.45 ±   0.22        (14.8mi) ┃ -719.08 ±   0.19        (20.9mi) ┃Vegas input parameters:
  ndim 10
  ncomp 1
  nvec 1
  epsrel 0
  epsabs 0
  flags 10
  seed 123456
  mineval 50000000
  maxeval 50000000
  nstart 1000000
  nincrease 1000000
  nbatch 5000
  gridno 0
  statefile ""

Iteration 1:  1000000 integrand evaluations so far
[1] -1286.6 +- 826.971  	chisq 0 (0 df)

Iteration 2:  3000000 integrand evaluations so far
[1] -229.32 +- 80.2828  	chisq 1.65012 (1 df)

Iteration 3:  6000000 integrand evaluations so far
[1] -256.765 +- 76.112  	chisq 2.80486 (2 df)

Iteration 4:  10000000 integrand evaluations so far
[1] -315.185 +- 57.8545  	chisq 4.20023 (3 df)

Iteration 5:  15000000 integrand evaluations so far
[1] -346.027 +- 52.7566  	chisq 5.88713 (4 df)

Iteration 6:  21000000 integrand evaluations so far
[1] -341.258 +- 50.8616  	chisq 6.00294 (5 df)

Iteration 7:  28000000 integrand evaluations so far
[1] -352.25 +- 33.9038  	chisq 6.08699 (6 df)

Iteration 8:  36000000 integrand evaluations so far
[1] -365.771 +- 28.3618  	chisq 6.61674 (7 df)

Iteration 9:  45000000 integrand evaluations so far
[1] -375.456 +- 25.0997  	chisq 7.15464 (8 df)

Iteration 10:  55000000 integrand evaluations so far
[1] -374.011 +- 25.0155  	chisq 7.64935 (9 df)
    -374 ±     25        (5.91mi) ┃Vegas input parameters:
  ndim 8
  ncomp 1
  nvec 1
  epsrel 0
  epsabs 0
  flags 10
  seed 123456
  mineval 5000000
  maxeval 50000000
  nstart 1000000
  nincrease 1000000
  nbatch 5000
  gridno 0
  statefile ""

Iteration 1:  1000000 integrand evaluations so far
[1] 625.151 +- 323.148  	chisq 0 (0 df)

Iteration 2:  3000000 integrand evaluations so far
[1] 53.9125 +- 22.137  	chisq 3.1396 (1 df)

Iteration 3:  6000000 integrand evaluations so far
[1] 71.5394 +- 20.4525  	chisq 7.47038 (2 df)

Iteration 4:  10000000 integrand evaluations so far
[1] 84.0491 +- 20.2577  	chisq 27.2021 (3 df)

Iteration 5:  15000000 integrand evaluations so far
[1] 156.455 +- 19.1847  	chisq 151.079 (4 df)

Iteration 6:  21000000 integrand evaluations so far
[1] 211.74 +- 18.5684  	chisq 282.447 (5 df)

Iteration 7:  28000000 integrand evaluations so far
[1] 325.745 +- 17.471  	chisq 611.063 (6 df)

Iteration 8:  36000000 integrand evaluations so far
[1] 640.849 +- 13.4636  	chisq 1412 (7 df)

Iteration 9:  45000000 integrand evaluations so far
[1] 866.756 +- 9.78648  	chisq 2008.94 (8 df)

Iteration 10:  55000000 integrand evaluations so far
[1] 1007.53 +- 6.32285  	chisq 2364.09 (9 df)
  1.0075 ± 0.0063 ·10⁺⁰³ (2.25mi) ┃     428 ±     26        (43.8mi) ┃
┃    6 -     8 ┃   48 -    49 ┃ 322.231 ±  0.032        (30.8mi) ┃ -453.61 ±   0.37        (48.3mi) ┃Vegas input parameters:
  ndim 10
  ncomp 1
  nvec 1
  epsrel 0
  epsabs 0
  flags 10
  seed 123456
  mineval 50000000
  maxeval 50000000
  nstart 1000000
  nincrease 1000000
  nbatch 5000
  gridno 0
  statefile ""

Iteration 1:  1000000 integrand evaluations so far
[1] -191.517 +- 72.5989  	chisq 0 (0 df)

Iteration 2:  3000000 integrand evaluations so far
[1] -107.059 +- 55.4537  	chisq 3.24898 (1 df)

Iteration 3:  6000000 integrand evaluations so far
[1] -127.39 +- 45.6713  	chisq 3.66684 (2 df)

Iteration 4:  10000000 integrand evaluations so far
[1] -123.688 +- 45.3802  	chisq 4.18379 (3 df)

Iteration 5:  15000000 integrand evaluations so far
[1] -184.954 +- 31.1266  	chisq 7.62581 (4 df)

Iteration 6:  21000000 integrand evaluations so far
[1] -197.848 +- 30.0986  	chisq 10.2676 (5 df)

Iteration 7:  28000000 integrand evaluations so far
[1] -191.59 +- 22.5285  	chisq 10.3659 (6 df)

Iteration 8:  36000000 integrand evaluations so far
[1] -206.506 +- 20.8415  	chisq 13.4068 (7 df)

Iteration 9:  45000000 integrand evaluations so far
[1] -230.767 +- 17.7679  	chisq 18.3667 (8 df)

Iteration 10:  55000000 integrand evaluations so far
[1] -232.704 +- 17.6791  	chisq 19.5587 (9 df)
    -233 ±     18        (5.95mi) ┃Vegas input parameters:
  ndim 8
  ncomp 1
  nvec 1
  epsrel 0
  epsabs 0
  flags 10
  seed 123456
  mineval 5000000
  maxeval 50000000
  nstart 1000000
  nincrease 1000000
  nbatch 5000
  gridno 0
  statefile ""

Iteration 1:  1000000 integrand evaluations so far
[1] 1073.19 +- 434.544  	chisq 0 (0 df)

Iteration 2:  3000000 integrand evaluations so far
[1] 56.3251 +- 16.7284  	chisq 5.48406 (1 df)

Iteration 3:  6000000 integrand evaluations so far
[1] 71.5593 +- 15.9086  	chisq 14.1575 (2 df)

Iteration 4:  10000000 integrand evaluations so far
[1] 81.572 +- 15.6944  	chisq 28.9712 (3 df)

Iteration 5:  15000000 integrand evaluations so far
[1] 85.1881 +- 15.6482  	chisq 37.9906 (4 df)

Iteration 6:  21000000 integrand evaluations so far
[1] 126.979 +- 15.0736  	chisq 136.933 (5 df)

Iteration 7:  28000000 integrand evaluations so far
[1] 368.202 +- 11.3458  	chisq 727.759 (6 df)

Iteration 8:  36000000 integrand evaluations so far
[1] 550.402 +- 7.85337  	chisq 1222.86 (7 df)

Iteration 9:  45000000 integrand evaluations so far
[1] 650.453 +- 4.48709  	chisq 1463.83 (8 df)

Iteration 10:  55000000 integrand evaluations so far
[1] 681.169 +- 2.85041  	chisq 1542.39 (9 df)
   681.2 ±    2.9        ( 2.3mi) ┃     317 ±     18        (1.46hr) ┃
┃    6 -     8 ┃   49 -    50 ┃ 204.849 ±  0.036        (  16mi) ┃ -289.51 ±  0.051        (1.45hr) ┃Vegas input parameters:
  ndim 10
  ncomp 1
  nvec 1
  epsrel 0
  epsabs 0
  flags 10
  seed 123456
  mineval 50000000
  maxeval 50000000
  nstart 1000000
  nincrease 1000000
  nbatch 5000
  gridno 0
  statefile ""

Iteration 1:  1000000 integrand evaluations so far
[1] 21.8911 +- 49.4496  	chisq 0 (0 df)

Iteration 2:  3000000 integrand evaluations so far
[1] 37.69 +- 43.0323  	chisq 0.420573 (1 df)

Iteration 3:  6000000 integrand evaluations so far
[1] -7.92094 +- 5.7284  	chisq 1.56428 (2 df)

Iteration 4:  10000000 integrand evaluations so far
[1] -9.1904 +- 5.63112  	chisq 3.02261 (3 df)

Iteration 5:  15000000 integrand evaluations so far
[1] -9.16289 +- 5.63104  	chisq 3.85699 (4 df)

Iteration 6:  21000000 integrand evaluations so far
[1] -9.10837 +- 5.62631  	chisq 3.91283 (5 df)

Iteration 7:  28000000 integrand evaluations so far
[1] -10.7202 +- 5.59721  	chisq 11.868 (6 df)

Iteration 8:  36000000 integrand evaluations so far
[1] -14.2486 +- 5.51042  	chisq 24.7818 (7 df)

Iteration 9:  45000000 integrand evaluations so far
[1] -15.761 +- 5.47592  	chisq 30.8168 (8 df)

Iteration 10:  55000000 integrand evaluations so far
[1] -17.0166 +- 5.46121  	chisq 40.6172 (9 df)
     -17 ±    5.5        ( 6.2mi) ┃Vegas input parameters:
  ndim 8
  ncomp 1
  nvec 1
  epsrel 0
  epsabs 0
  flags 10
  seed 123456
  mineval 5000000
  maxeval 50000000
  nstart 1000000
  nincrease 1000000
  nbatch 5000
  gridno 0
  statefile ""

Iteration 1:  1000000 integrand evaluations so far
[1] 567.867 +- 563.044  	chisq 0 (0 df)

Iteration 2:  3000000 integrand evaluations so far
[1] 0.0171926 +- 0.00687509  	chisq 1.01714 (1 df)

Iteration 3:  6000000 integrand evaluations so far
[1] 0.0172302 +- 0.00687505  	chisq 3.6757 (2 df)

Iteration 4:  10000000 integrand evaluations so far
[1] 0.0172315 +- 0.00687505  	chisq 7.13578 (3 df)

Iteration 5:  15000000 integrand evaluations so far
[1] 0.0172495 +- 0.00687505  	chisq 60.6565 (4 df)

Iteration 6:  21000000 integrand evaluations so far
[1] 0.0172496 +- 0.00687505  	chisq 62.3838 (5 df)

Iteration 7:  28000000 integrand evaluations so far
[1] 0.0172574 +- 0.00687505  	chisq 129.239 (6 df)

Iteration 8:  36000000 integrand evaluations so far
[1] 0.0173176 +- 0.00687505  	chisq 649.691 (7 df)

Iteration 9:  45000000 integrand evaluations so far
[1] 0.0174903 +- 0.00687505  	chisq 2289.25 (8 df)

Iteration 10:  55000000 integrand evaluations so far
[1] 0.0182775 +- 0.00687504  	chisq 9702.1 (9 df)
  0.0183 ± 0.0069        (2.48mi) ┃  -101.7 ±    5.5        (1.86hr) ┃
┃    6 -     8 ┃   50 -    51 ┃ 126.819 ±  0.045        (12.4mi) ┃-180.077 ±   0.03        (59.7mi) ┃Vegas input parameters:
  ndim 10
  ncomp 1
  nvec 1
  epsrel 0
  epsabs 0
  flags 10
  seed 123456
  mineval 50000000
  maxeval 50000000
  nstart 1000000
  nincrease 1000000
  nbatch 5000
  gridno 0
  statefile ""

Iteration 1:  1000000 integrand evaluations so far
[1] -34.2774 +- 25.1428  	chisq 0 (0 df)

Iteration 2:  3000000 integrand evaluations so far
[1] -0.00378007 +- 0.00187516  	chisq 1.8582 (1 df)

Iteration 3:  6000000 integrand evaluations so far
[1] -0.00393977 +- 0.00187422  	chisq 9.11817 (2 df)

Iteration 4:  10000000 integrand evaluations so far
[1] -0.00393968 +- 0.00187422  	chisq 10.0542 (3 df)

Iteration 5:  15000000 integrand evaluations so far
[1] -0.00393968 +- 0.00187422  	chisq 11.2744 (4 df)

Iteration 6:  21000000 integrand evaluations so far
[1] -0.0039401 +- 0.00187422  	chisq 17.9053 (5 df)

Iteration 7:  28000000 integrand evaluations so far
[1] -0.00394009 +- 0.00187422  	chisq 17.9088 (6 df)

Iteration 8:  36000000 integrand evaluations so far
[1] -0.00394051 +- 0.00187422  	chisq 29.8205 (7 df)

Iteration 9:  45000000 integrand evaluations so far
[1] -0.00394093 +- 0.00187422  	chisq 47.5643 (8 df)

Iteration 10:  55000000 integrand evaluations so far
[1] -0.00394293 +- 0.00187422  	chisq 100.055 (9 df)
    -3.9 ±    1.9 ·10⁻⁰³ (5.99mi) ┃Vegas input parameters:
  ndim 8
  ncomp 1
  nvec 1
  epsrel 0
  epsabs 0
  flags 10
  seed 123456
  mineval 5000000
  maxeval 50000000
  nstart 1000000
  nincrease 1000000
  nbatch 5000
  gridno 0
  statefile ""

Iteration 1:  1000000 integrand evaluations so far
[1] 155.929 +- 155.929  	chisq 0 (0 df)

Iteration 2:  3000000 integrand evaluations so far
[1] 0.0406795 +- 0.036833  	chisq 0.999478 (1 df)

Iteration 3:  6000000 integrand evaluations so far
[1] 0.0410891 +- 0.0368311  	chisq 2.23215 (2 df)

Iteration 4:  10000000 integrand evaluations so far
[1] 0.0432499 +- 0.0368229  	chisq 9.96362 (3 df)

Iteration 5:  15000000 integrand evaluations so far
[1] 0.0435956 +- 0.0368228  	chisq 28.3557 (4 df)

Iteration 6:  21000000 integrand evaluations so far
[1] 0.0445551 +- 0.0368227  	chisq 117.515 (5 df)

Iteration 7:  28000000 integrand evaluations so far
[1] 0.0447486 +- 0.0368227  	chisq 150.188 (6 df)

Iteration 8:  36000000 integrand evaluations so far
[1] 0.048396 +- 0.0368224  	chisq 802.393 (7 df)

Iteration 9:  45000000 integrand evaluations so far
[1] 0.0502948 +- 0.0368223  	chisq 1192.87 (8 df)

Iteration 10:  55000000 integrand evaluations so far
[1] 0.066829 +- 0.0368212  	chisq 4550.79 (9 df)
   0.067 ±  0.037        (2.93mi) ┃ -53.195 ±  0.065        (1.35hr) ┃
┃    6 -     8 ┃   51 -    52 ┃  72.485 ±  0.048        (27.5mi) ┃-103.009 ±  0.065        (46.1mi) ┃Vegas input parameters:
  ndim 10
  ncomp 1
  nvec 1
  epsrel 0
  epsabs 0
  flags 10
  seed 123456
  mineval 50000000
  maxeval 50000000
  nstart 1000000
  nincrease 1000000
  nbatch 5000
  gridno 0
  statefile ""

Iteration 1:  1000000 integrand evaluations so far
[1] -95.4875 +- 43.9009  	chisq 0 (0 df)

Iteration 2:  3000000 integrand evaluations so far
[1] -4.85605 +- 3.81312  	chisq 4.29437 (1 df)

Iteration 3:  6000000 integrand evaluations so far
[1] -5.27081 +- 3.09785  	chisq 4.32918 (2 df)

Iteration 4:  10000000 integrand evaluations so far
[1] -7.02243 +- 2.65962  	chisq 5.54521 (3 df)

Iteration 5:  15000000 integrand evaluations so far
[1] -7.06372 +- 2.65941  	chisq 7.13042 (4 df)

Iteration 6:  21000000 integrand evaluations so far
[1] -8.18705 +- 2.63139  	chisq 15.6406 (5 df)

Iteration 7:  28000000 integrand evaluations so far
[1] -9.47773 +- 2.60346  	chisq 27.0368 (6 df)

Iteration 8:  36000000 integrand evaluations so far
[1] -9.85476 +- 2.57721  	chisq 28.0818 (7 df)

Iteration 9:  45000000 integrand evaluations so far
[1] -10.189 +- 2.55973  	chisq 29.326 (8 df)

Iteration 10:  55000000 integrand evaluations so far
[1] -14.8367 +- 2.39982  	chisq 56.5629 (9 df)
   -14.8 ±    2.4        (6.02mi) ┃Vegas input parameters:
  ndim 8
  ncomp 1
  nvec 1
  epsrel 0
  epsabs 0
  flags 10
  seed 123456
  mineval 5000000
  maxeval 50000000
  nstart 1000000
  nincrease 1000000
  nbatch 5000
  gridno 0
  statefile ""

Iteration 1:  1000000 integrand evaluations so far
[1] 41.2287 +- 41.2287  	chisq 0 (0 df)

Iteration 2:  3000000 integrand evaluations so far
[1] 0.0692134 +- 0.0673136  	chisq 0.996648 (1 df)

Iteration 3:  6000000 integrand evaluations so far
[1] 0.10034 +- 0.0648846  	chisq 4.01392 (2 df)

Iteration 4:  10000000 integrand evaluations so far
[1] 0.100654 +- 0.0648842  	chisq 6.1043 (3 df)

Iteration 5:  15000000 integrand evaluations so far
[1] 0.100697 +- 0.0648842  	chisq 8.2274 (4 df)

Iteration 6:  21000000 integrand evaluations so far
[1] 0.102154 +- 0.0648839  	chisq 51.5398 (5 df)

Iteration 7:  28000000 integrand evaluations so far
[1] 0.105699 +- 0.0648831  	chisq 185.185 (6 df)

Iteration 8:  36000000 integrand evaluations so far
[1] 0.111809 +- 0.064882  	chisq 430.513 (7 df)

Iteration 9:  45000000 integrand evaluations so far
[1] 0.252434 +- 0.0648528  	chisq 5651.35 (8 df)

Iteration 10:  55000000 integrand evaluations so far
[1] 0.503707 +- 0.0648016  	chisq 15164.3 (9 df)
   0.504 ±  0.065        (2.99mi) ┃   -44.9 ±    2.4        (1.38hr) ┃
┃    6 -     8 ┃   52 -    53 ┃  32.936 ±  0.016        (8.62mi) ┃-46.6182 ± 0.0084        (2.49hr) ┃Vegas input parameters:
  ndim 10
  ncomp 1
  nvec 1
  epsrel 0
  epsabs 0
  flags 10
  seed 123456
  mineval 50000000
  maxeval 50000000
  nstart 1000000
  nincrease 1000000
  nbatch 5000
  gridno 0
  statefile ""

Iteration 1:  1000000 integrand evaluations so far
[1] -79.1286 +- 52.0106  	chisq 0 (0 df)

Iteration 2:  3000000 integrand evaluations so far
[1] -1.95204 +- 1.84642  	chisq 2.20463 (1 df)

Iteration 3:  6000000 integrand evaluations so far
[1] -0.278581 +- 0.272153  	chisq 3.0443 (2 df)

Iteration 4:  10000000 integrand evaluations so far
[1] -0.295336 +- 0.271895  	chisq 5.0429 (3 df)

Iteration 5:  15000000 integrand evaluations so far
[1] -0.298527 +- 0.271869  	chisq 5.78201 (4 df)

Iteration 6:  21000000 integrand evaluations so far
[1] -0.332406 +- 0.271553  	chisq 12.464 (5 df)

Iteration 7:  28000000 integrand evaluations so far
[1] -0.365131 +- 0.271423  	chisq 27.5857 (6 df)

Iteration 8:  36000000 integrand evaluations so far
[1] -0.4635 +- 0.270989  	chisq 68.736 (7 df)

Iteration 9:  45000000 integrand evaluations so far
[1] -0.562503 +- 0.270262  	chisq 93.6242 (8 df)

Iteration 10:  55000000 integrand evaluations so far
[1] -0.605638 +- 0.270051  	chisq 109.997 (9 df)
   -0.61 ±   0.27        (6.47mi) ┃Vegas input parameters:
  ndim 8
  ncomp 1
  nvec 1
  epsrel 0
  epsabs 0
  flags 10
  seed 123456
  mineval 5000000
  maxeval 50000000
  nstart 1000000
  nincrease 1000000
  nbatch 5000
  gridno 0
  statefile ""

Iteration 1:  1000000 integrand evaluations so far
[1] 162.589 +- 162.589  	chisq 0 (0 df)

Iteration 2:  3000000 integrand evaluations so far
[1] 0.00253507 +- 0.000366763  	chisq 0.999969 (1 df)

Iteration 3:  6000000 integrand evaluations so far
[1] 0.00253536 +- 0.000366763  	chisq 2.6637 (2 df)

Iteration 4:  10000000 integrand evaluations so far
[1] 0.00253552 +- 0.000366763  	chisq 15.3331 (3 df)

Iteration 5:  15000000 integrand evaluations so far
[1] 0.00253555 +- 0.000366763  	chisq 28.5667 (4 df)

Iteration 6:  21000000 integrand evaluations so far
[1] 0.00253571 +- 0.000366763  	chisq 102.062 (5 df)

Iteration 7:  28000000 integrand evaluations so far
[1] 0.00253687 +- 0.000366763  	chisq 725.868 (6 df)

Iteration 8:  36000000 integrand evaluations so far
[1] 0.0025392 +- 0.000366763  	chisq 1977.48 (7 df)

Iteration 9:  45000000 integrand evaluations so far
[1] 0.00255846 +- 0.000366763  	chisq 11764.2 (8 df)

Iteration 10:  55000000 integrand evaluations so far
[1] 0.00256278 +- 0.000366763  	chisq 14011.3 (9 df)
    2.56 ±   0.37 ·10⁻⁰³ (3.86mi) ┃  -14.29 ±   0.27        (2.81hr) ┃
┃    6 -     8 ┃   53 -    54 ┃  6.1428 ± 0.0016        (30.4mi) ┃  -8.515 ± 0.0046        (1.51hr) ┃Vegas input parameters:
  ndim 10
  ncomp 1
  nvec 1
  epsrel 0
  epsabs 0
  flags 10
  seed 123456
  mineval 50000000
  maxeval 50000000
  nstart 1000000
  nincrease 1000000
  nbatch 5000
  gridno 0
  statefile ""

Iteration 1:  1000000 integrand evaluations so far
[1] 0 +- 2.22045e-19  	chisq 0 (0 df)

Iteration 2:  3000000 integrand evaluations so far
[1] 0 +- 1.28198e-19  	chisq 0 (1 df)

Iteration 3:  6000000 integrand evaluations so far
[1] -1.18685e-38 +- 1.28198e-19  	chisq 1 (2 df)

Iteration 4:  10000000 integrand evaluations so far
[1] 4.04992e-32 +- 1.28198e-19  	chisq 1.35052 (3 df)

Iteration 5:  15000000 integrand evaluations so far
[1] 4.03639e-32 +- 1.28198e-19  	chisq 1.37054 (4 df)

Iteration 6:  21000000 integrand evaluations so far
[1] 4.03633e-32 +- 1.28198e-19  	chisq 3.65221 (5 df)

Iteration 7:  28000000 integrand evaluations so far
[1] 4.03632e-32 +- 1.28198e-19  	chisq 4.60929 (6 df)

Iteration 8:  36000000 integrand evaluations so far
[1] 4.03631e-32 +- 1.28198e-19  	chisq 12.3628 (7 df)

Iteration 9:  45000000 integrand evaluations so far
[1] 4.03631e-32 +- 1.28198e-19  	chisq 27.0934 (8 df)

Iteration 10:  55000000 integrand evaluations so far
[1] 4.03631e-32 +- 1.28198e-19  	chisq 27.1093 (9 df)
       0 ±   0.13 ·10⁻¹⁸ (6.81mi) ┃Vegas input parameters:
  ndim 8
  ncomp 1
  nvec 1
  epsrel 0
  epsabs 0
  flags 10
  seed 123456
  mineval 5000000
  maxeval 50000000
  nstart 1000000
  nincrease 1000000
  nbatch 5000
  gridno 0
  statefile ""

Iteration 1:  1000000 integrand evaluations so far
[1] 0 +- 2.22045e-19  	chisq 0 (0 df)

Iteration 2:  3000000 integrand evaluations so far
[1] 0 +- 1.28198e-19  	chisq 0 (1 df)

Iteration 3:  6000000 integrand evaluations so far
[1] 0 +- 9.06494e-20  	chisq 0 (2 df)

Iteration 4:  10000000 integrand evaluations so far
[1] 0 +- 7.02167e-20  	chisq 0 (3 df)

Iteration 5:  15000000 integrand evaluations so far
[1] 0 +- 5.73317e-20  	chisq 0 (4 df)

Iteration 6:  21000000 integrand evaluations so far
[1] 0 +- 4.84541e-20  	chisq 0 (5 df)

Iteration 7:  28000000 integrand evaluations so far
[1] 0 +- 4.19625e-20  	chisq 0 (6 df)

Iteration 8:  36000000 integrand evaluations so far
[1] 0 +- 3.70074e-20  	chisq 0 (7 df)

Iteration 9:  45000000 integrand evaluations so far
[1] 0 +- 3.31005e-20  	chisq 0 (8 df)

Iteration 10:  55000000 integrand evaluations so far
[1] 0 +- 2.99405e-20  	chisq 0 (9 df)
       0 ±   0.03 ·10⁻¹⁸ (1.84mi) ┃ -2.3722 ± 0.0049        (2.16hr) ┃
┃    6 -     8 ┃   54 -    55 ┃0.0143448 ± 9.4e-06        (9.04hr) ┃-0.018997 ± 1.3e-05        (15.9hr) ┃Vegas input parameters:
  ndim 10
  ncomp 1
  nvec 1
  epsrel 0
  epsabs 0
  flags 10
  seed 123456
  mineval 50000000
  maxeval 50000000
  nstart 1000000
  nincrease 1000000
  nbatch 5000
  gridno 0
  statefile ""

Iteration 1:  1000000 integrand evaluations so far
[1] 0 +- 2.22045e-19  	chisq 0 (0 df)

Iteration 2:  3000000 integrand evaluations so far
[1] 0 +- 1.28198e-19  	chisq 0 (1 df)

Iteration 3:  6000000 integrand evaluations so far
[1] 0 +- 9.06494e-20  	chisq 0 (2 df)

Iteration 4:  10000000 integrand evaluations so far
[1] 0 +- 7.02167e-20  	chisq 0 (3 df)

Iteration 5:  15000000 integrand evaluations so far
[1] 0 +- 5.73317e-20  	chisq 0 (4 df)

Iteration 6:  21000000 integrand evaluations so far
[1] 0 +- 4.84541e-20  	chisq 0 (5 df)

Iteration 7:  28000000 integrand evaluations so far
[1] 0 +- 4.19625e-20  	chisq 0 (6 df)

Iteration 8:  36000000 integrand evaluations so far
[1] 0 +- 3.70074e-20  	chisq 0 (7 df)

Iteration 9:  45000000 integrand evaluations so far
[1] 0 +- 3.31005e-20  	chisq 0 (8 df)

Iteration 10:  55000000 integrand evaluations so far
[1] 0 +- 2.99405e-20  	chisq 0 (9 df)
       0 ±   0.03 ·10⁻¹⁸ (5.22mi) ┃Vegas input parameters:
  ndim 8
  ncomp 1
  nvec 1
  epsrel 0
  epsabs 0
  flags 10
  seed 123456
  mineval 5000000
  maxeval 50000000
  nstart 1000000
  nincrease 1000000
  nbatch 5000
  gridno 0
  statefile ""

Iteration 1:  1000000 integrand evaluations so far
[1] 0 +- 2.22045e-19  	chisq 0 (0 df)

Iteration 2:  3000000 integrand evaluations so far
[1] 0 +- 1.28198e-19  	chisq 0 (1 df)

Iteration 3:  6000000 integrand evaluations so far
[1] 0 +- 9.06494e-20  	chisq 0 (2 df)

Iteration 4:  10000000 integrand evaluations so far
[1] 0 +- 7.02167e-20  	chisq 0 (3 df)

Iteration 5:  15000000 integrand evaluations so far
[1] 0 +- 5.73317e-20  	chisq 0 (4 df)

Iteration 6:  21000000 integrand evaluations so far
[1] 0 +- 4.84541e-20  	chisq 0 (5 df)

Iteration 7:  28000000 integrand evaluations so far
[1] 0 +- 4.19625e-20  	chisq 0 (6 df)

Iteration 8:  36000000 integrand evaluations so far
[1] 0 +- 3.70074e-20  	chisq 0 (7 df)

Iteration 9:  45000000 integrand evaluations so far
[1] 0 +- 3.31005e-20  	chisq 0 (8 df)

Iteration 10:  55000000 integrand evaluations so far
[1] 0 +- 2.99405e-20  	chisq 0 (9 df)
       0 ±   0.03 ·10⁻¹⁸ (1.74mi) ┃  -4.652 ±  0.016 ·10⁻⁰³ (  25hr) ┃
┃    6 -     8 ┃   55 -    56 ┃       0 ±      0        ( 1.73s) ┃       0 ±      0        ( 374ms) ┃Vegas input parameters:
  ndim 10
  ncomp 1
  nvec 1
  epsrel 0
  epsabs 0
  flags 10
  seed 123456
  mineval 50000000
  maxeval 50000000
  nstart 1000000
  nincrease 1000000
  nbatch 5000
  gridno 0
  statefile ""

Iteration 1:  1000000 integrand evaluations so far
[1] 0 +- 2.22045e-19  	chisq 0 (0 df)

Iteration 2:  3000000 integrand evaluations so far
[1] 0 +- 1.28198e-19  	chisq 0 (1 df)

Iteration 3:  6000000 integrand evaluations so far
[1] 0 +- 9.06494e-20  	chisq 0 (2 df)

Iteration 4:  10000000 integrand evaluations so far
[1] 0 +- 7.02167e-20  	chisq 0 (3 df)

Iteration 5:  15000000 integrand evaluations so far
[1] 0 +- 5.73317e-20  	chisq 0 (4 df)

Iteration 6:  21000000 integrand evaluations so far
[1] 0 +- 4.84541e-20  	chisq 0 (5 df)

Iteration 7:  28000000 integrand evaluations so far
[1] 0 +- 4.19625e-20  	chisq 0 (6 df)

Iteration 8:  36000000 integrand evaluations so far
[1] 0 +- 3.70074e-20  	chisq 0 (7 df)

Iteration 9:  45000000 integrand evaluations so far
[1] 0 +- 3.31005e-20  	chisq 0 (8 df)

Iteration 10:  55000000 integrand evaluations so far
[1] 0 +- 2.99405e-20  	chisq 0 (9 df)
       0 ±   0.03 ·10⁻¹⁸ (5.25mi) ┃Vegas input parameters:
  ndim 8
  ncomp 1
  nvec 1
  epsrel 0
  epsabs 0
  flags 10
  seed 123456
  mineval 5000000
  maxeval 50000000
  nstart 1000000
  nincrease 1000000
  nbatch 5000
  gridno 0
  statefile ""

Iteration 1:  1000000 integrand evaluations so far
[1] 0 +- 2.22045e-19  	chisq 0 (0 df)

Iteration 2:  3000000 integrand evaluations so far
[1] 0 +- 1.28198e-19  	chisq 0 (1 df)

Iteration 3:  6000000 integrand evaluations so far
[1] 0 +- 9.06494e-20  	chisq 0 (2 df)

Iteration 4:  10000000 integrand evaluations so far
[1] 0 +- 7.02167e-20  	chisq 0 (3 df)

Iteration 5:  15000000 integrand evaluations so far
[1] 0 +- 5.73317e-20  	chisq 0 (4 df)

Iteration 6:  21000000 integrand evaluations so far
[1] 0 +- 4.84541e-20  	chisq 0 (5 df)

Iteration 7:  28000000 integrand evaluations so far
[1] 0 +- 4.19625e-20  	chisq 0 (6 df)

Iteration 8:  36000000 integrand evaluations so far
[1] 0 +- 3.70074e-20  	chisq 0 (7 df)

Iteration 9:  45000000 integrand evaluations so far
[1] 0 +- 3.31005e-20  	chisq 0 (8 df)

Iteration 10:  55000000 integrand evaluations so far
[1] 0 +- 2.99405e-20  	chisq 0 (9 df)
       0 ±   0.03 ·10⁻¹⁸ (1.71mi) ┃       0 ±  0.042 ·10⁻¹⁸ (   7mi) ┃
┃    6 -     8 ┃   56 -    57 ┃       0 ±      0        ( 1.73s) ┃       0 ±      0        ( 374ms) ┃Vegas input parameters:
  ndim 10
  ncomp 1
  nvec 1
  epsrel 0
  epsabs 0
  flags 10
  seed 123456
  mineval 50000000
  maxeval 50000000
  nstart 1000000
  nincrease 1000000
  nbatch 5000
  gridno 0
  statefile ""

Iteration 1:  1000000 integrand evaluations so far
[1] 0 +- 2.22045e-19  	chisq 0 (0 df)

Iteration 2:  3000000 integrand evaluations so far
[1] 0 +- 1.28198e-19  	chisq 0 (1 df)

Iteration 3:  6000000 integrand evaluations so far
[1] 0 +- 9.06494e-20  	chisq 0 (2 df)

Iteration 4:  10000000 integrand evaluations so far
[1] 0 +- 7.02167e-20  	chisq 0 (3 df)

Iteration 5:  15000000 integrand evaluations so far
[1] 0 +- 5.73317e-20  	chisq 0 (4 df)

Iteration 6:  21000000 integrand evaluations so far
[1] 0 +- 4.84541e-20  	chisq 0 (5 df)

Iteration 7:  28000000 integrand evaluations so far
[1] 0 +- 4.19625e-20  	chisq 0 (6 df)

Iteration 8:  36000000 integrand evaluations so far
[1] 0 +- 3.70074e-20  	chisq 0 (7 df)

Iteration 9:  45000000 integrand evaluations so far
[1] 0 +- 3.31005e-20  	chisq 0 (8 df)

Iteration 10:  55000000 integrand evaluations so far
[1] 0 +- 2.99405e-20  	chisq 0 (9 df)
       0 ±   0.03 ·10⁻¹⁸ ( 5.2mi) ┃Vegas input parameters:
  ndim 8
  ncomp 1
  nvec 1
  epsrel 0
  epsabs 0
  flags 10
  seed 123456
  mineval 5000000
  maxeval 50000000
  nstart 1000000
  nincrease 1000000
  nbatch 5000
  gridno 0
  statefile ""

Iteration 1:  1000000 integrand evaluations so far
[1] 0 +- 2.22045e-19  	chisq 0 (0 df)

Iteration 2:  3000000 integrand evaluations so far
[1] 0 +- 1.28198e-19  	chisq 0 (1 df)

Iteration 3:  6000000 integrand evaluations so far
[1] 0 +- 9.06494e-20  	chisq 0 (2 df)

Iteration 4:  10000000 integrand evaluations so far
[1] 0 +- 7.02167e-20  	chisq 0 (3 df)

Iteration 5:  15000000 integrand evaluations so far
[1] 0 +- 5.73317e-20  	chisq 0 (4 df)

Iteration 6:  21000000 integrand evaluations so far
[1] 0 +- 4.84541e-20  	chisq 0 (5 df)

Iteration 7:  28000000 integrand evaluations so far
[1] 0 +- 4.19625e-20  	chisq 0 (6 df)

Iteration 8:  36000000 integrand evaluations so far
[1] 0 +- 3.70074e-20  	chisq 0 (7 df)

Iteration 9:  45000000 integrand evaluations so far
[1] 0 +- 3.31005e-20  	chisq 0 (8 df)

Iteration 10:  55000000 integrand evaluations so far
[1] 0 +- 2.99405e-20  	chisq 0 (9 df)
       0 ±   0.03 ·10⁻¹⁸ (1.75mi) ┃       0 ±  0.042 ·10⁻¹⁸ (6.99mi) ┃
┃    6 -     8 ┃   57 -    58 ┃       0 ±      0        ( 1.72s) ┃       0 ±      0        ( 374ms) ┃Vegas input parameters:
  ndim 10
  ncomp 1
  nvec 1
  epsrel 0
  epsabs 0
  flags 10
  seed 123456
  mineval 50000000
  maxeval 50000000
  nstart 1000000
  nincrease 1000000
  nbatch 5000
  gridno 0
  statefile ""

Iteration 1:  1000000 integrand evaluations so far
[1] 0 +- 2.22045e-19  	chisq 0 (0 df)

Iteration 2:  3000000 integrand evaluations so far
[1] 0 +- 1.28198e-19  	chisq 0 (1 df)

Iteration 3:  6000000 integrand evaluations so far
[1] 0 +- 9.06494e-20  	chisq 0 (2 df)

Iteration 4:  10000000 integrand evaluations so far
[1] 0 +- 7.02167e-20  	chisq 0 (3 df)

Iteration 5:  15000000 integrand evaluations so far
[1] 0 +- 5.73317e-20  	chisq 0 (4 df)

Iteration 6:  21000000 integrand evaluations so far
[1] 0 +- 4.84541e-20  	chisq 0 (5 df)

Iteration 7:  28000000 integrand evaluations so far
[1] 0 +- 4.19625e-20  	chisq 0 (6 df)

Iteration 8:  36000000 integrand evaluations so far
[1] 0 +- 3.70074e-20  	chisq 0 (7 df)

Iteration 9:  45000000 integrand evaluations so far
[1] 0 +- 3.31005e-20  	chisq 0 (8 df)

Iteration 10:  55000000 integrand evaluations so far
[1] 0 +- 2.99405e-20  	chisq 0 (9 df)
       0 ±   0.03 ·10⁻¹⁸ (5.23mi) ┃Vegas input parameters:
  ndim 8
  ncomp 1
  nvec 1
  epsrel 0
  epsabs 0
  flags 10
  seed 123456
  mineval 5000000
  maxeval 50000000
  nstart 1000000
  nincrease 1000000
  nbatch 5000
  gridno 0
  statefile ""

Iteration 1:  1000000 integrand evaluations so far
[1] 0 +- 2.22045e-19  	chisq 0 (0 df)

Iteration 2:  3000000 integrand evaluations so far
[1] 0 +- 1.28198e-19  	chisq 0 (1 df)

Iteration 3:  6000000 integrand evaluations so far
[1] 0 +- 9.06494e-20  	chisq 0 (2 df)

Iteration 4:  10000000 integrand evaluations so far
[1] 0 +- 7.02167e-20  	chisq 0 (3 df)

Iteration 5:  15000000 integrand evaluations so far
[1] 0 +- 5.73317e-20  	chisq 0 (4 df)

Iteration 6:  21000000 integrand evaluations so far
[1] 0 +- 4.84541e-20  	chisq 0 (5 df)

Iteration 7:  28000000 integrand evaluations so far
[1] 0 +- 4.19625e-20  	chisq 0 (6 df)

Iteration 8:  36000000 integrand evaluations so far
[1] 0 +- 3.70074e-20  	chisq 0 (7 df)

Iteration 9:  45000000 integrand evaluations so far
[1] 0 +- 3.31005e-20  	chisq 0 (8 df)

Iteration 10:  55000000 integrand evaluations so far
[1] 0 +- 2.99405e-20  	chisq 0 (9 df)
       0 ±   0.03 ·10⁻¹⁸ (1.74mi) ┃       0 ±  0.042 ·10⁻¹⁸ (7.01mi) ┃
┃    6 -     8 ┃   58 -    59 ┃       0 ±      0        ( 1.72s) ┃       0 ±      0        ( 374ms) ┃Vegas input parameters:
  ndim 10
  ncomp 1
  nvec 1
  epsrel 0
  epsabs 0
  flags 10
  seed 123456
  mineval 50000000
  maxeval 50000000
  nstart 1000000
  nincrease 1000000
  nbatch 5000
  gridno 0
  statefile ""

Iteration 1:  1000000 integrand evaluations so far
[1] 0 +- 2.22045e-19  	chisq 0 (0 df)

Iteration 2:  3000000 integrand evaluations so far
[1] 0 +- 1.28198e-19  	chisq 0 (1 df)

Iteration 3:  6000000 integrand evaluations so far
[1] 0 +- 9.06494e-20  	chisq 0 (2 df)

Iteration 4:  10000000 integrand evaluations so far
[1] 0 +- 7.02167e-20  	chisq 0 (3 df)

Iteration 5:  15000000 integrand evaluations so far
[1] 0 +- 5.73317e-20  	chisq 0 (4 df)

Iteration 6:  21000000 integrand evaluations so far
[1] 0 +- 4.84541e-20  	chisq 0 (5 df)

Iteration 7:  28000000 integrand evaluations so far
[1] 0 +- 4.19625e-20  	chisq 0 (6 df)

Iteration 8:  36000000 integrand evaluations so far
[1] 0 +- 3.70074e-20  	chisq 0 (7 df)

Iteration 9:  45000000 integrand evaluations so far
[1] 0 +- 3.31005e-20  	chisq 0 (8 df)

Iteration 10:  55000000 integrand evaluations so far
[1] 0 +- 2.99405e-20  	chisq 0 (9 df)
       0 ±   0.03 ·10⁻¹⁸ (5.24mi) ┃Vegas input parameters:
  ndim 8
  ncomp 1
  nvec 1
  epsrel 0
  epsabs 0
  flags 10
  seed 123456
  mineval 5000000
  maxeval 50000000
  nstart 1000000
  nincrease 1000000
  nbatch 5000
  gridno 0
  statefile ""

Iteration 1:  1000000 integrand evaluations so far
[1] 0 +- 2.22045e-19  	chisq 0 (0 df)

Iteration 2:  3000000 integrand evaluations so far
[1] 0 +- 1.28198e-19  	chisq 0 (1 df)

Iteration 3:  6000000 integrand evaluations so far
[1] 0 +- 9.06494e-20  	chisq 0 (2 df)

Iteration 4:  10000000 integrand evaluations so far
[1] 0 +- 7.02167e-20  	chisq 0 (3 df)

Iteration 5:  15000000 integrand evaluations so far
[1] 0 +- 5.73317e-20  	chisq 0 (4 df)

Iteration 6:  21000000 integrand evaluations so far
[1] 0 +- 4.84541e-20  	chisq 0 (5 df)

Iteration 7:  28000000 integrand evaluations so far
[1] 0 +- 4.19625e-20  	chisq 0 (6 df)

Iteration 8:  36000000 integrand evaluations so far
[1] 0 +- 3.70074e-20  	chisq 0 (7 df)

Iteration 9:  45000000 integrand evaluations so far
[1] 0 +- 3.31005e-20  	chisq 0 (8 df)

Iteration 10:  55000000 integrand evaluations so far
[1] 0 +- 2.99405e-20  	chisq 0 (9 df)
       0 ±   0.03 ·10⁻¹⁸ (1.79mi) ┃       0 ±  0.042 ·10⁻¹⁸ (7.07mi) ┃
┃    6 -     8 ┃   59 -    60 ┃       0 ±      0        ( 1.72s) ┃       0 ±      0        ( 375ms) ┃Vegas input parameters:
  ndim 10
  ncomp 1
  nvec 1
  epsrel 0
  epsabs 0
  flags 10
  seed 123456
  mineval 50000000
  maxeval 50000000
  nstart 1000000
  nincrease 1000000
  nbatch 5000
  gridno 0
  statefile ""

Iteration 1:  1000000 integrand evaluations so far
[1] 0 +- 2.22045e-19  	chisq 0 (0 df)

Iteration 2:  3000000 integrand evaluations so far
[1] 0 +- 1.28198e-19  	chisq 0 (1 df)

Iteration 3:  6000000 integrand evaluations so far
[1] 0 +- 9.06494e-20  	chisq 0 (2 df)

Iteration 4:  10000000 integrand evaluations so far
[1] 0 +- 7.02167e-20  	chisq 0 (3 df)

Iteration 5:  15000000 integrand evaluations so far
[1] 0 +- 5.73317e-20  	chisq 0 (4 df)

Iteration 6:  21000000 integrand evaluations so far
[1] 0 +- 4.84541e-20  	chisq 0 (5 df)

Iteration 7:  28000000 integrand evaluations so far
[1] 0 +- 4.19625e-20  	chisq 0 (6 df)

Iteration 8:  36000000 integrand evaluations so far
[1] 0 +- 3.70074e-20  	chisq 0 (7 df)

Iteration 9:  45000000 integrand evaluations so far
[1] 0 +- 3.31005e-20  	chisq 0 (8 df)

Iteration 10:  55000000 integrand evaluations so far
[1] 0 +- 2.99405e-20  	chisq 0 (9 df)
       0 ±   0.03 ·10⁻¹⁸ (5.25mi) ┃Vegas input parameters:
  ndim 8
  ncomp 1
  nvec 1
  epsrel 0
  epsabs 0
  flags 10
  seed 123456
  mineval 5000000
  maxeval 50000000
  nstart 1000000
  nincrease 1000000
  nbatch 5000
  gridno 0
  statefile ""

Iteration 1:  1000000 integrand evaluations so far
[1] 0 +- 2.22045e-19  	chisq 0 (0 df)

Iteration 2:  3000000 integrand evaluations so far
[1] 0 +- 1.28198e-19  	chisq 0 (1 df)

Iteration 3:  6000000 integrand evaluations so far
[1] 0 +- 9.06494e-20  	chisq 0 (2 df)

Iteration 4:  10000000 integrand evaluations so far
[1] 0 +- 7.02167e-20  	chisq 0 (3 df)

Iteration 5:  15000000 integrand evaluations so far
[1] 0 +- 5.73317e-20  	chisq 0 (4 df)

Iteration 6:  21000000 integrand evaluations so far
[1] 0 +- 4.84541e-20  	chisq 0 (5 df)

Iteration 7:  28000000 integrand evaluations so far
[1] 0 +- 4.19625e-20  	chisq 0 (6 df)

Iteration 8:  36000000 integrand evaluations so far
[1] 0 +- 3.70074e-20  	chisq 0 (7 df)

Iteration 9:  45000000 integrand evaluations so far
[1] 0 +- 3.31005e-20  	chisq 0 (8 df)

Iteration 10:  55000000 integrand evaluations so far
[1] 0 +- 2.99405e-20  	chisq 0 (9 df)
       0 ±   0.03 ·10⁻¹⁸ (1.75mi) ┃       0 ±  0.042 ·10⁻¹⁸ (7.03mi) ┃
┣━━━━━━━━━━━━━━╋━━━━━━━━━━━━━━╋━━━━━━━━━━━━━━━━━━━━━━━━━━━━━━━━━━╋━━━━━━━━━━━━━━━━━━━━━━━━━━━━━━━━━━╋━━━━━━━━━━━━━━━━━━━━━━━━━━━━━━━━━━╋━━━━━━━━━━━━━━━━━━━━━━━━━━━━━━━━━━╋━━━━━━━━━━━━━━━━━━━━━━━━━━━━━━━━━━┫
┃    4 -     8 ┃   25 -    60 ┃ 439.063 ±  0.049 ·10⁺⁰³ (24.5hr) ┃-691.161 ±  0.073 ·10⁺⁰³ ( 122hr) ┃  -441.9 ±    3.4 ·10⁺⁰³ (6.96hr) ┃  1.1387 ± 0.00037 ·10⁺⁰⁶ (2.63hr) ┃   444.7 ±    3.4 ·10⁺⁰³ ( 156hr) ┃
┗━━━━━━━━━━━━━━┻━━━━━━━━━━━━━━┻━━━━━━━━━━━━━━━━━━━━━━━━━━━━━━━━━━┻━━━━━━━━━━━━━━━━━━━━━━━━━━━━━━━━━━┻━━━━━━━━━━━━━━━━━━━━━━━━━━━━━━━━━━┻━━━━━━━━━━━━━━━━━━━━━━━━━━━━━━━━━━┻━━━━━━━━━━━━━━━━━━━━━━━━━━━━━━━━━━┛

╍╍╍╍╍╍╍╍╍╍╍╍╍╍╍╍╍╍╍╍╍╍╍╍╍╍╍╍╍╍╍╍ Summary ╍╍╍╍╍╍╍╍╍╍╍╍╍╍╍╍╍╍╍╍╍╍╍╍╍╍╍╍╍╍╍
      Total cross section                       444.7 ± 3.4          pb
         Calculation time                                156       hours
              Output file                    outputs/qt_qt4_8_NNLL_muR2.0_muF1.0.root            
      Result in text file                    outputs/qt_qt4_8_NNLL_muR2.0_muF1.0.txt            

╍╍╍╍╍╍╍╍╍╍╍╍╍╍╍╍╍╍╍╍╍╍╍╍╍╍╍╍╍╍╍╍╍╍╍╍╍╍╍╍╍╍╍╍╍╍╍╍╍╍╍╍╍╍╍╍╍╍╍╍╍╍╍╍╍╍╍╍╍╍╍╍

