
╍╍╍╍╍╍╍╍╍╍╍╍╍╍╍╍╍╍╍╍╍╍╍╍╍╍╍ Process settings ╍╍╍╍╍╍╍╍╍╍╍╍╍╍╍╍╍╍╍╍╍╍╍╍╍╍╍
   proton-proton collisions at sqrt(s) = 13000 GeV 
   Computing NNLO+NNLL resummed cross section
   W+ ->  nu(p3)+e+(p4) production 

╍╍╍╍╍╍╍╍╍╍╍╍╍╍╍╍╍╍╍╍╍╍╍╍╍╍╍╍╍╍ CKM matrix ╍╍╍╍╍╍╍╍╍╍╍╍╍╍╍╍╍╍╍╍╍╍╍╍╍╍╍╍╍╍
     | Vud Vus Vub |   |   0.97427   0.2253  0.00351 | 
     | Vcd Vcs Vcb | = |    0.2252  0.97344   0.0412 | 
     | Vtd Vts Vtb |   |         0        0        0 | 

╍╍╍╍╍╍╍╍╍╍╍╍╍╍╍╍╍╍╍╍╍╍╍╍╍╍╍╍╍ EW parameters ╍╍╍╍╍╍╍╍╍╍╍╍╍╍╍╍╍╍╍╍╍╍╍╍╍╍╍╍
                                         Gf =  1.1663787e-05      GeV^-2
                                    1/alpha =  132.233229791            
                                 sin(thW)^2 = 0.222897222524            
                                     W mass =         80.385         GeV
                                     Z mass =        91.1876         GeV
                                    W width =          2.091         GeV
                                    Z width =          2.495         GeV

╍╍╍╍╍╍╍╍╍╍╍╍╍╍╍╍╍╍╍╍╍╍╍╍╍╍╍╍╍ QCD settings ╍╍╍╍╍╍╍╍╍╍╍╍╍╍╍╍╍╍╍╍╍╍╍╍╍╍╍╍╍
   Renormalization scale:     dynamic muren =              1      * m_ll
     Factorization scale:     dynamic mufac =              2      * m_ll
       Resummation scale:     dynamic mures =              1      * m_ll
          Strong coupling       alpha_s(MZ) =       0.118001            
                              running order =              3       -loop
         Non-perturbative     form factor g =            0.7       GeV^2

╍╍╍╍╍╍╍╍╍╍╍╍╍╍╍╍╍╍╍╍╍╍╍╍╍╍╍╍╍ PDF settings ╍╍╍╍╍╍╍╍╍╍╍╍╍╍╍╍╍╍╍╍╍╍╍╍╍╍╍╍╍
                                     PDF set:MSHT20nnlo_as118            
                                  PDF member:              0            
  Mellin moments of PDFs:                    Numerical integration            
                         nodes for the quadrature:            200            
                         Intervals for the quadrature:              1            

╍╍╍╍╍╍╍╍╍╍╍╍╍╍╍╍╍╍╍╍╍╍╍╍╍╍╍╍╍╍╍ qT recoil ╍╍╍╍╍╍╍╍╍╍╍╍╍╍╍╍╍╍╍╍╍╍╍╍╍╍╍╍╍╍
  qt-recoil prescription:       Collins-Soper kt1 = p_V(x)/2; kt2 = p_V(y)/2            

╍╍╍╍╍╍╍╍╍╍╍╍╍╍╍╍╍╍╍╍╍╍╍╍╍╍╍╍╍╍╍╍╍ Cuts ╍╍╍╍╍╍╍╍╍╍╍╍╍╍╍╍╍╍╍╍╍╍╍╍╍╍╍╍╍╍╍╍╍
                                  apply cuts:           true            
                                      pt_l >               0            
                                   |eta_l| <            1000            
                                    pt_lep >              25            
                                 |eta_lep| <             2.4            
                                   pt_alep >              25            
                                |eta_alep| <             2.4            
                                  user cuts:            true            

╍╍╍╍╍╍╍╍╍╍╍╍╍╍╍╍╍╍╍╍╍╍╍╍╍╍╍╍ ResummationDamp ╍╍╍╍╍╍╍╍╍╍╍╍╍╍╍╍╍╍╍╍╍╍╍╍╍╍╍
                                    damping :             on            
                                damping mode:              1            
                                  damp above:        60.2888         GeV
                               damping width:        20.0963         GeV
                          resummation cutoff:             20         MeV

╍╍╍╍╍╍╍╍╍╍╍╍╍╍╍╍╍╍╍╍╍╍╍╍╍╍╍╍ Debug settings ╍╍╍╍╍╍╍╍╍╍╍╍╍╍╍╍╍╍╍╍╍╍╍╍╍╍╍╍
                                 timeprofile:          false            
                                     verbose:          false            
                               cubaverbosity:              2            

╍╍╍╍╍╍╍╍╍╍╍╍╍╍╍╍╍╍╍╍╍╍╍╍╍╍╍╍╍╍╍╍╍╍╍╍╍╍╍╍╍╍╍╍╍╍╍╍╍╍╍╍╍╍╍╍╍╍╍╍╍╍╍╍╍╍╍╍╍╍╍╍

Warning: Histogram `a1_qt` contains non-integrable observable and will be deleted 
Warning: Histogram `a1_qt_vs_y` contains non-integrable observable and will be deleted 
Warning: Histogram `s_biganswer` contains non-integrable observable and will be deleted 
Warning: Histogram `wgt_a1_qt` contains non-integrable observable and will be deleted 

╍╍╍╍╍╍╍╍╍╍╍╍╍╍╍╍╍╍╍╍╍╍╍╍╍ Integration settings ╍╍╍╍╍╍╍╍╍╍╍╍╍╍╍╍╍╍╍╍╍╍╍╍╍
             Random seeds              123456                           
           Parallel cores                   1                           

             Resummation:     cuhre (dm, dpt)         iter =           5
                                   gauss (dy)        nodes =          64
                                                 intervals =           1
            Counter term:      cuhre (dm, dy)         iter =           5
                                  gauss (dpt)        nodes =          20
                                                 intervals =           5
                V+J Real:               vegas       ncalls =    50000000
             V+J Virtual:               vegas       ncalls =     5000000

Mellin inverse transform:           gaussian         nodes =          30
                                                 intervals =           1
                               imaginary axis         zmax =           2
  Angular variable costh:     semi-analytical      ncstart =         100
   Angular variables phi:            gaussian    intervals =          20

      Constant boundaries                  q2          low =          80
                                                      high =         100
                                            y          low =          -6
                                                      high =           6
                                        costh          low =          -1
                                                      high =           1
                                       eta(l)          low =         -10
                                                      high =          10

┏━━━━━━━━━━━━━━┰━━━━━━━━━━━━━━┰━━━━━━━━━━━━━━━━━━━━━━━━━━━━━━━━━━┰━━━━━━━━━━━━━━━━━━━━━━━━━━━━━━━━━━┰━━━━━━━━━━━━━━━━━━━━━━━━━━━━━━━━━━┰━━━━━━━━━━━━━━━━━━━━━━━━━━━━━━━━━━┰━━━━━━━━━━━━━━━━━━━━━━━━━━━━━━━━━━┓
┃           qT ┃        pT(l) ┃                      Resummation ┃                     Counter term ┃                         V+J Real ┃                      V+J Virtual ┃                            TOTAL ┃
┣━━━━━━━━━━━━━━╋━━━━━━━━━━━━━━╋━━━━━━━━━━━━━━━━━━━━━━━━━━━━━━━━━━╋━━━━━━━━━━━━━━━━━━━━━━━━━━━━━━━━━━╋━━━━━━━━━━━━━━━━━━━━━━━━━━━━━━━━━━╋━━━━━━━━━━━━━━━━━━━━━━━━━━━━━━━━━━╋━━━━━━━━━━━━━━━━━━━━━━━━━━━━━━━━━━┫
┃   52 -    54 ┃   25 -    26 ┃  338.05 ±   0.24        (1.35mi) ┃-292.117 ±  0.059        (30.5mi) ┃Vegas input parameters:
  ndim 10
  ncomp 1
  nvec 1
  epsrel 0
  epsabs 0
  flags 10
  seed 123456
  mineval 50000000
  maxeval 50000000
  nstart 1000000
  nincrease 1000000
  nbatch 5000
  gridno 0
  statefile ""

Iteration 1:  1000000 integrand evaluations so far
[1] 3056.26 +- 2812.43  	chisq 0 (0 df)

Iteration 2:  3000000 integrand evaluations so far
[1] 218.44 +- 289.273  	chisq 1.02902 (1 df)

Iteration 3:  6000000 integrand evaluations so far
[1] 156.722 +- 248.262  	chisq 1.20181 (2 df)

Iteration 4:  10000000 integrand evaluations so far
[1] -115.756 +- 73.6485  	chisq 2.52265 (3 df)

Iteration 5:  15000000 integrand evaluations so far
[1] -95.1548 +- 72.4245  	chisq 4.89649 (4 df)

Iteration 6:  21000000 integrand evaluations so far
[1] -101.913 +- 72.099  	chisq 5.86756 (5 df)

Iteration 7:  28000000 integrand evaluations so far
[1] -98.7401 +- 51.7443  	chisq 5.87155 (6 df)

Iteration 8:  36000000 integrand evaluations so far
[1] -79.2889 +- 48.1877  	chisq 6.93607 (7 df)

Iteration 9:  45000000 integrand evaluations so far
[1] -110.397 +- 42.1119  	chisq 8.69986 (8 df)

Iteration 10:  55000000 integrand evaluations so far
[1] -105.973 +- 41.4155  	chisq 9.03622 (9 df)
    -106 ±     41        (3.51mi) ┃Vegas input parameters:
  ndim 8
  ncomp 1
  nvec 1
  epsrel 0
  epsabs 0
  flags 10
  seed 123456
  mineval 5000000
  maxeval 50000000
  nstart 1000000
  nincrease 1000000
  nbatch 5000
  gridno 0
  statefile ""

Iteration 1:  1000000 integrand evaluations so far
[1] 404.086 +- 78.3658  	chisq 0 (0 df)

Iteration 2:  3000000 integrand evaluations so far
[1] 208.915 +- 26.4216  	chisq 6.99817 (1 df)

Iteration 3:  6000000 integrand evaluations so far
[1] 235.245 +- 19.0738  	chisq 9.07211 (2 df)

Iteration 4:  10000000 integrand evaluations so far
[1] 263.159 +- 17.4182  	chisq 21.9689 (3 df)

Iteration 5:  15000000 integrand evaluations so far
[1] 299.107 +- 13.229  	chisq 32.0346 (4 df)

Iteration 6:  21000000 integrand evaluations so far
[1] 303.989 +- 12.9115  	chisq 34.9046 (5 df)

Iteration 7:  28000000 integrand evaluations so far
[1] 317.074 +- 11.6764  	chisq 40.5433 (6 df)

Iteration 8:  36000000 integrand evaluations so far
[1] 326.186 +- 11.0753  	chisq 46.614 (7 df)

Iteration 9:  45000000 integrand evaluations so far
[1] 339.733 +- 8.59293  	chisq 50.3728 (8 df)

Iteration 10:  55000000 integrand evaluations so far
[1] 353.398 +- 5.87217  	chisq 55.1172 (9 df)
   353.4 ±    5.9        (1.73mi) ┃     293 ±     42        (37.1mi) ┃
┃   52 -    54 ┃   26 -    27 ┃  332.78 ±   0.11        (3.61mi) ┃-288.518 ±  0.051        (38.4mi) ┃Vegas input parameters:
  ndim 10
  ncomp 1
  nvec 1
  epsrel 0
  epsabs 0
  flags 10
  seed 123456
  mineval 50000000
  maxeval 50000000
  nstart 1000000
  nincrease 1000000
  nbatch 5000
  gridno 0
  statefile ""

Iteration 1:  1000000 integrand evaluations so far
[1] -107.872 +- 159.101  	chisq 0 (0 df)

Iteration 2:  3000000 integrand evaluations so far
[1] 88.6841 +- 106.658  	chisq 2.77202 (1 df)

Iteration 3:  6000000 integrand evaluations so far
[1] 114.774 +- 96.2404  	chisq 3.09405 (2 df)

Iteration 4:  10000000 integrand evaluations so far
[1] 161.996 +- 80.1367  	chisq 3.87914 (3 df)

Iteration 5:  15000000 integrand evaluations so far
[1] 129.774 +- 64.2876  	chisq 4.33273 (4 df)

Iteration 6:  21000000 integrand evaluations so far
[1] 95.2657 +- 44.5529  	chisq 4.88714 (5 df)

Iteration 7:  28000000 integrand evaluations so far
[1] 90.4256 +- 43.5609  	chisq 5.15513 (6 df)

Iteration 8:  36000000 integrand evaluations so far
[1] 83.6069 +- 43.3496  	chisq 7.68703 (7 df)

Iteration 9:  45000000 integrand evaluations so far
[1] 87.4347 +- 41.6416  	chisq 7.78795 (8 df)

Iteration 10:  55000000 integrand evaluations so far
[1] 69.8908 +- 37.8593  	chisq 8.81154 (9 df)
      70 ±     38        (3.51mi) ┃Vegas input parameters:
  ndim 8
  ncomp 1
  nvec 1
  epsrel 0
  epsabs 0
  flags 10
  seed 123456
  mineval 5000000
  maxeval 50000000
  nstart 1000000
  nincrease 1000000
  nbatch 5000
  gridno 0
  statefile ""

Iteration 1:  1000000 integrand evaluations so far
[1] 348.3 +- 73.4707  	chisq 0 (0 df)

Iteration 2:  3000000 integrand evaluations so far
[1] 362.188 +- 69.6518  	chisq 0.352891 (1 df)

Iteration 3:  6000000 integrand evaluations so far
[1] 382.201 +- 67.2858  	chisq 1.58908 (2 df)

Iteration 4:  10000000 integrand evaluations so far
[1] 217.025 +- 20.6102  	chisq 8.23927 (3 df)

Iteration 5:  15000000 integrand evaluations so far
[1] 222.09 +- 20.4021  	chisq 11.2452 (4 df)

Iteration 6:  21000000 integrand evaluations so far
[1] 274.815 +- 15.0236  	chisq 25.8348 (5 df)

Iteration 7:  28000000 integrand evaluations so far
[1] 306.212 +- 10.1685  	chisq 33.8945 (6 df)

Iteration 8:  36000000 integrand evaluations so far
[1] 320.752 +- 7.64884  	chisq 38.6039 (7 df)

Iteration 9:  45000000 integrand evaluations so far
[1] 330.075 +- 6.68856  	chisq 44.9161 (8 df)

Iteration 10:  55000000 integrand evaluations so far
[1] 334.895 +- 6.17629  	chisq 48.4425 (9 df)
   334.9 ±    6.2        (1.76mi) ┃     449 ±     38        (47.3mi) ┃
┃   52 -    54 ┃   27 -    28 ┃  290.29 ±   0.26        (6.25mi) ┃ -253.57 ±   0.21        (28.4mi) ┃Vegas input parameters:
  ndim 10
  ncomp 1
  nvec 1
  epsrel 0
  epsabs 0
  flags 10
  seed 123456
  mineval 50000000
  maxeval 50000000
  nstart 1000000
  nincrease 1000000
  nbatch 5000
  gridno 0
  statefile ""

Iteration 1:  1000000 integrand evaluations so far
[1] 108.554 +- 151.678  	chisq 0 (0 df)

Iteration 2:  3000000 integrand evaluations so far
[1] 29.6323 +- 100.984  	chisq 0.486287 (1 df)

Iteration 3:  6000000 integrand evaluations so far
[1] -27.5754 +- 89.7274  	chisq 2.01073 (2 df)

Iteration 4:  10000000 integrand evaluations so far
[1] 12.9149 +- 86.0419  	chisq 4.54155 (3 df)

Iteration 5:  15000000 integrand evaluations so far
[1] -54.3092 +- 47.3128  	chisq 5.41655 (4 df)

Iteration 6:  21000000 integrand evaluations so far
[1] -49.8115 +- 42.1955  	chisq 5.46071 (5 df)

Iteration 7:  28000000 integrand evaluations so far
[1] -50.73 +- 41.8006  	chisq 5.48614 (6 df)

Iteration 8:  36000000 integrand evaluations so far
[1] -53.8026 +- 41.6504  	chisq 6.23911 (7 df)

Iteration 9:  45000000 integrand evaluations so far
[1] -52.9379 +- 41.6381  	chisq 6.97175 (8 df)

Iteration 10:  55000000 integrand evaluations so far
[1] -38.283 +- 36.9677  	chisq 7.55675 (9 df)
     -38 ±     37        (3.49mi) ┃Vegas input parameters:
  ndim 8
  ncomp 1
  nvec 1
  epsrel 0
  epsabs 0
  flags 10
  seed 123456
  mineval 5000000
  maxeval 50000000
  nstart 1000000
  nincrease 1000000
  nbatch 5000
  gridno 0
  statefile ""

Iteration 1:  1000000 integrand evaluations so far
[1] 303.654 +- 75.9085  	chisq 0 (0 df)

Iteration 2:  3000000 integrand evaluations so far
[1] 317.827 +- 71.1031  	chisq 0.284348 (1 df)

Iteration 3:  6000000 integrand evaluations so far
[1] 214.678 +- 37.0976  	chisq 3.17607 (2 df)

Iteration 4:  10000000 integrand evaluations so far
[1] 235.036 +- 24.2948  	chisq 3.70338 (3 df)

Iteration 5:  15000000 integrand evaluations so far
[1] 262.159 +- 17.9832  	chisq 6.46027 (4 df)

Iteration 6:  21000000 integrand evaluations so far
[1] 282.945 +- 12.2755  	chisq 8.96202 (5 df)

Iteration 7:  28000000 integrand evaluations so far
[1] 295.118 +- 10.1814  	chisq 12.1127 (6 df)

Iteration 8:  36000000 integrand evaluations so far
[1] 307.114 +- 8.77624  	chisq 17.5156 (7 df)

Iteration 9:  45000000 integrand evaluations so far
[1] 324.257 +- 6.37334  	chisq 25.5883 (8 df)

Iteration 10:  55000000 integrand evaluations so far
[1] 326.306 +- 4.54038  	chisq 25.7983 (9 df)
   326.3 ±    4.5        (1.73mi) ┃     325 ±     37        (39.9mi) ┃
┃   52 -    54 ┃   28 -    29 ┃  300.88 ±   0.29        ( 1.1mi) ┃-263.789 ±  0.048        (7.14mi) ┃Vegas input parameters:
  ndim 10
  ncomp 1
  nvec 1
  epsrel 0
  epsabs 0
  flags 10
  seed 123456
  mineval 50000000
  maxeval 50000000
  nstart 1000000
  nincrease 1000000
  nbatch 5000
  gridno 0
  statefile ""

Iteration 1:  1000000 integrand evaluations so far
[1] 168.523 +- 120.545  	chisq 0 (0 df)

Iteration 2:  3000000 integrand evaluations so far
[1] 93.6911 +- 55.6414  	chisq 0.489697 (1 df)

Iteration 3:  6000000 integrand evaluations so far
[1] 88.5022 +- 55.4813  	chisq 2.00321 (2 df)

Iteration 4:  10000000 integrand evaluations so far
[1] 68.0435 +- 53.8766  	chisq 4.38833 (3 df)

Iteration 5:  15000000 integrand evaluations so far
[1] 44.2114 +- 52.55  	chisq 8.41115 (4 df)

Iteration 6:  21000000 integrand evaluations so far
[1] 11.8767 +- 44.019  	chisq 9.68025 (5 df)

Iteration 7:  28000000 integrand evaluations so far
[1] 13.0994 +- 44.0017  	chisq 10.6664 (6 df)

Iteration 8:  36000000 integrand evaluations so far
[1] 14.3969 +- 42.0604  	chisq 10.6764 (7 df)

Iteration 9:  45000000 integrand evaluations so far
[1] 1.99922 +- 35.0446  	chisq 10.9606 (8 df)

Iteration 10:  55000000 integrand evaluations so far
[1] -5.25252 +- 34.7306  	chisq 13.3605 (9 df)
      -5 ±     35        (3.53mi) ┃Vegas input parameters:
  ndim 8
  ncomp 1
  nvec 1
  epsrel 0
  epsabs 0
  flags 10
  seed 123456
  mineval 5000000
  maxeval 50000000
  nstart 1000000
  nincrease 1000000
  nbatch 5000
  gridno 0
  statefile ""

Iteration 1:  1000000 integrand evaluations so far
[1] 285.615 +- 63.0191  	chisq 0 (0 df)

Iteration 2:  3000000 integrand evaluations so far
[1] 286.34 +- 54.2783  	chisq 0.000512235 (1 df)

Iteration 3:  6000000 integrand evaluations so far
[1] 228.116 +- 30.8646  	chisq 1.70103 (2 df)

Iteration 4:  10000000 integrand evaluations so far
[1] 245.817 +- 27.9744  	chisq 3.54352 (3 df)

Iteration 5:  15000000 integrand evaluations so far
[1] 263.299 +- 22.362  	chisq 4.62541 (4 df)

Iteration 6:  21000000 integrand evaluations so far
[1] 295.807 +- 18.5521  	chisq 11.4046 (5 df)

Iteration 7:  28000000 integrand evaluations so far
[1] 297.082 +- 9.94841  	chisq 11.4113 (6 df)

Iteration 8:  36000000 integrand evaluations so far
[1] 300.843 +- 6.26185  	chisq 11.6479 (7 df)

Iteration 9:  45000000 integrand evaluations so far
[1] 302.132 +- 6.08572  	chisq 12.4123 (8 df)

Iteration 10:  55000000 integrand evaluations so far
[1] 302.746 +- 6.05746  	chisq 13.5102 (9 df)
   302.7 ±    6.1        (1.69mi) ┃     335 ±     35        (13.5mi) ┃
┃   52 -    54 ┃   29 -    30 ┃  257.76 ±   0.13        (5.87mi) ┃ -224.86 ±    0.2        (7.42mi) ┃Vegas input parameters:
  ndim 10
  ncomp 1
  nvec 1
  epsrel 0
  epsabs 0
  flags 10
  seed 123456
  mineval 50000000
  maxeval 50000000
  nstart 1000000
  nincrease 1000000
  nbatch 5000
  gridno 0
  statefile ""

Iteration 1:  1000000 integrand evaluations so far
[1] -61.2808 +- 54.9263  	chisq 0 (0 df)

Iteration 2:  3000000 integrand evaluations so far
[1] -43.8462 +- 48.2205  	chisq 0.43946 (1 df)

Iteration 3:  6000000 integrand evaluations so far
[1] -46.9226 +- 48.0814  	chisq 1.14565 (2 df)

Iteration 4:  10000000 integrand evaluations so far
[1] -56.5677 +- 46.3372  	chisq 1.71054 (3 df)

Iteration 5:  15000000 integrand evaluations so far
[1] -59.0636 +- 40.5982  	chisq 1.72302 (4 df)

Iteration 6:  21000000 integrand evaluations so far
[1] -34.4518 +- 38.6335  	chisq 5.61414 (5 df)

Iteration 7:  28000000 integrand evaluations so far
[1] -31.9419 +- 37.7829  	chisq 5.71105 (6 df)

Iteration 8:  36000000 integrand evaluations so far
[1] -25.6112 +- 37.055  	chisq 6.44686 (7 df)

Iteration 9:  45000000 integrand evaluations so far
[1] -31.3326 +- 36.2977  	chisq 7.03614 (8 df)

Iteration 10:  55000000 integrand evaluations so far
[1] -7.7532 +- 32.0909  	chisq 8.96868 (9 df)
      -8 ±     32        ( 3.5mi) ┃Vegas input parameters:
  ndim 8
  ncomp 1
  nvec 1
  epsrel 0
  epsabs 0
  flags 10
  seed 123456
  mineval 5000000
  maxeval 50000000
  nstart 1000000
  nincrease 1000000
  nbatch 5000
  gridno 0
  statefile ""

Iteration 1:  1000000 integrand evaluations so far
[1] 239.552 +- 53.9583  	chisq 0 (0 df)

Iteration 2:  3000000 integrand evaluations so far
[1] 262.293 +- 51.6577  	chisq 2.12842 (1 df)

Iteration 3:  6000000 integrand evaluations so far
[1] 198.446 +- 30.399  	chisq 4.4653 (2 df)

Iteration 4:  10000000 integrand evaluations so far
[1] 207.434 +- 25.8942  	chisq 4.78391 (3 df)

Iteration 5:  15000000 integrand evaluations so far
[1] 221.199 +- 24.8635  	chisq 8.40556 (4 df)

Iteration 6:  21000000 integrand evaluations so far
[1] 249.381 +- 20.6753  	chisq 12.5696 (5 df)

Iteration 7:  28000000 integrand evaluations so far
[1] 249.268 +- 11.4783  	chisq 12.5697 (6 df)

Iteration 8:  36000000 integrand evaluations so far
[1] 250.75 +- 5.83932  	chisq 12.5921 (7 df)

Iteration 9:  45000000 integrand evaluations so far
[1] 250.905 +- 5.83752  	chisq 13.7456 (8 df)

Iteration 10:  55000000 integrand evaluations so far
[1] 252.584 +- 5.6222  	chisq 14.8881 (9 df)
   252.6 ±    5.6        (1.73mi) ┃     278 ±     33        (18.5mi) ┃
┃   52 -    54 ┃   30 -    31 ┃ 284.747 ±  0.076        (  12mi) ┃-247.291 ±  0.068        (28.9mi) ┃Vegas input parameters:
  ndim 10
  ncomp 1
  nvec 1
  epsrel 0
  epsabs 0
  flags 10
  seed 123456
  mineval 50000000
  maxeval 50000000
  nstart 1000000
  nincrease 1000000
  nbatch 5000
  gridno 0
  statefile ""

Iteration 1:  1000000 integrand evaluations so far
[1] -83.1868 +- 97.3842  	chisq 0 (0 df)

Iteration 2:  3000000 integrand evaluations so far
[1] -78.8389 +- 83.3189  	chisq 0.0074377 (1 df)

Iteration 3:  6000000 integrand evaluations so far
[1] -11.8155 +- 56.1454  	chisq 1.19278 (2 df)

Iteration 4:  10000000 integrand evaluations so far
[1] -29.4555 +- 42.8566  	chisq 1.4293 (3 df)

Iteration 5:  15000000 integrand evaluations so far
[1] -26.3672 +- 33.8695  	chisq 1.44313 (4 df)

Iteration 6:  21000000 integrand evaluations so far
[1] -26.5518 +- 33.869  	chisq 2.46116 (5 df)

Iteration 7:  28000000 integrand evaluations so far
[1] -26.6754 +- 33.8688  	chisq 3.3813 (6 df)

Iteration 8:  36000000 integrand evaluations so far
[1] -21.3349 +- 30.3792  	chisq 3.50852 (7 df)

Iteration 9:  45000000 integrand evaluations so far
[1] -27.5258 +- 29.3734  	chisq 4.14621 (8 df)

Iteration 10:  55000000 integrand evaluations so far
[1] -31.5859 +- 29.1798  	chisq 5.60082 (9 df)
     -32 ±     29        ( 3.5mi) ┃Vegas input parameters:
  ndim 8
  ncomp 1
  nvec 1
  epsrel 0
  epsabs 0
  flags 10
  seed 123456
  mineval 5000000
  maxeval 50000000
  nstart 1000000
  nincrease 1000000
  nbatch 5000
  gridno 0
  statefile ""

Iteration 1:  1000000 integrand evaluations so far
[1] 264.011 +- 64.5958  	chisq 0 (0 df)

Iteration 2:  3000000 integrand evaluations so far
[1] 110.306 +- 27.2497  	chisq 6.88769 (1 df)

Iteration 3:  6000000 integrand evaluations so far
[1] 115.08 +- 26.9194  	chisq 8.16132 (2 df)

Iteration 4:  10000000 integrand evaluations so far
[1] 134.948 +- 23.5607  	chisq 10.4895 (3 df)

Iteration 5:  15000000 integrand evaluations so far
[1] 162.943 +- 20.1912  	chisq 15.8055 (4 df)

Iteration 6:  21000000 integrand evaluations so far
[1] 197.306 +- 14.4842  	chisq 21.7725 (5 df)

Iteration 7:  28000000 integrand evaluations so far
[1] 226.147 +- 12.067  	chisq 34.733 (6 df)

Iteration 8:  36000000 integrand evaluations so far
[1] 226.84 +- 12.0525  	chisq 36.1051 (7 df)

Iteration 9:  45000000 integrand evaluations so far
[1] 236.785 +- 10.7426  	chisq 39.4175 (8 df)

Iteration 10:  55000000 integrand evaluations so far
[1] 251.933 +- 8.22672  	chisq 44.2256 (9 df)
   251.9 ±    8.2        ( 1.7mi) ┃     258 ±     30        (46.1mi) ┃
┃   52 -    54 ┃   31 -    32 ┃  247.76 ±    0.1        (11.6mi) ┃ -214.83 ±   0.15        (28.7mi) ┃Vegas input parameters:
  ndim 10
  ncomp 1
  nvec 1
  epsrel 0
  epsabs 0
  flags 10
  seed 123456
  mineval 50000000
  maxeval 50000000
  nstart 1000000
  nincrease 1000000
  nbatch 5000
  gridno 0
  statefile ""

Iteration 1:  1000000 integrand evaluations so far
[1] 12.0829 +- 123.091  	chisq 0 (0 df)

Iteration 2:  3000000 integrand evaluations so far
[1] 61.7148 +- 108.866  	chisq 0.746516 (1 df)

Iteration 3:  6000000 integrand evaluations so far
[1] 56.9483 +- 108.53  	chisq 1.05755 (2 df)

Iteration 4:  10000000 integrand evaluations so far
[1] 82.0635 +- 102.95  	chisq 1.59212 (3 df)

Iteration 5:  15000000 integrand evaluations so far
[1] 85.2476 +- 97.5178  	chisq 1.60143 (4 df)

Iteration 6:  21000000 integrand evaluations so far
[1] -16.308 +- 77.9607  	chisq 4.60667 (5 df)

Iteration 7:  28000000 integrand evaluations so far
[1] -28.8359 +- 76.8564  	chisq 5.52465 (6 df)

Iteration 8:  36000000 integrand evaluations so far
[1] -10.5051 +- 43.8928  	chisq 5.60907 (7 df)

Iteration 9:  45000000 integrand evaluations so far
[1] 30.6303 +- 38.7709  	chisq 9.6056 (8 df)

Iteration 10:  55000000 integrand evaluations so far
[1] 5.71172 +- 30.6289  	chisq 10.7045 (9 df)
       6 ±     31        (3.51mi) ┃Vegas input parameters:
  ndim 8
  ncomp 1
  nvec 1
  epsrel 0
  epsabs 0
  flags 10
  seed 123456
  mineval 5000000
  maxeval 50000000
  nstart 1000000
  nincrease 1000000
  nbatch 5000
  gridno 0
  statefile ""

Iteration 1:  1000000 integrand evaluations so far
[1] 243.483 +- 54.0068  	chisq 0 (0 df)

Iteration 2:  3000000 integrand evaluations so far
[1] 108.254 +- 18.3777  	chisq 7.09069 (1 df)

Iteration 3:  6000000 integrand evaluations so far
[1] 115.475 +- 17.7799  	chisq 9.5028 (2 df)

Iteration 4:  10000000 integrand evaluations so far
[1] 137.482 +- 15.167  	chisq 15.1283 (3 df)

Iteration 5:  15000000 integrand evaluations so far
[1] 162.893 +- 13.1826  	chisq 26.6067 (4 df)

Iteration 6:  21000000 integrand evaluations so far
[1] 194.948 +- 8.16186  	chisq 36.1949 (5 df)

Iteration 7:  28000000 integrand evaluations so far
[1] 215.492 +- 4.89461  	chisq 46.0883 (6 df)

Iteration 8:  36000000 integrand evaluations so far
[1] 225.732 +- 3.32276  	chisq 54.2061 (7 df)

Iteration 9:  45000000 integrand evaluations so far
[1] 230.818 +- 2.4403  	chisq 59.2924 (8 df)

Iteration 10:  55000000 integrand evaluations so far
[1] 231.748 +- 2.33439  	chisq 61.0051 (9 df)
   231.7 ±    2.3        (1.72mi) ┃     270 ±     31        (45.5mi) ┃
┃   52 -    54 ┃   32 -    33 ┃  252.05 ±   0.22        ( 23.4s) ┃ -219.17 ±    0.2        (3.87mi) ┃Vegas input parameters:
  ndim 10
  ncomp 1
  nvec 1
  epsrel 0
  epsabs 0
  flags 10
  seed 123456
  mineval 50000000
  maxeval 50000000
  nstart 1000000
  nincrease 1000000
  nbatch 5000
  gridno 0
  statefile ""

Iteration 1:  1000000 integrand evaluations so far
[1] -193.932 +- 148.933  	chisq 0 (0 df)

Iteration 2:  3000000 integrand evaluations so far
[1] -110.012 +- 60.9366  	chisq 0.381348 (1 df)

Iteration 3:  6000000 integrand evaluations so far
[1] -119.187 +- 60.3998  	chisq 1.67376 (2 df)

Iteration 4:  10000000 integrand evaluations so far
[1] -109.039 +- 60.0418  	chisq 4.06185 (3 df)

Iteration 5:  15000000 integrand evaluations so far
[1] -44.5544 +- 51.4906  	chisq 8.42185 (4 df)

Iteration 6:  21000000 integrand evaluations so far
[1] -44.6917 +- 45.695  	chisq 8.42189 (5 df)

Iteration 7:  28000000 integrand evaluations so far
[1] -62.0916 +- 43.6625  	chisq 10.0889 (6 df)

Iteration 8:  36000000 integrand evaluations so far
[1] -55.3985 +- 40.9416  	chisq 10.2835 (7 df)

Iteration 9:  45000000 integrand evaluations so far
[1] -37.2092 +- 35.3313  	chisq 11.0567 (8 df)

Iteration 10:  55000000 integrand evaluations so far
[1] -35.5335 +- 32.9921  	chisq 11.0742 (9 df)
     -36 ±     33        (3.46mi) ┃Vegas input parameters:
  ndim 8
  ncomp 1
  nvec 1
  epsrel 0
  epsabs 0
  flags 10
  seed 123456
  mineval 5000000
  maxeval 50000000
  nstart 1000000
  nincrease 1000000
  nbatch 5000
  gridno 0
  statefile ""

Iteration 1:  1000000 integrand evaluations so far
[1] 285.245 +- 63.934  	chisq 0 (0 df)

Iteration 2:  3000000 integrand evaluations so far
[1] 91.5845 +- 15.5789  	chisq 9.75439 (1 df)

Iteration 3:  6000000 integrand evaluations so far
[1] 92.6604 +- 15.5551  	chisq 11.3172 (2 df)

Iteration 4:  10000000 integrand evaluations so far
[1] 103.972 +- 14.9509  	chisq 18.2597 (3 df)

Iteration 5:  15000000 integrand evaluations so far
[1] 131.969 +- 12.2206  	chisq 28.8256 (4 df)

Iteration 6:  21000000 integrand evaluations so far
[1] 152.456 +- 11.0085  	chisq 43.7329 (5 df)

Iteration 7:  28000000 integrand evaluations so far
[1] 190.614 +- 7.21756  	chisq 64.806 (6 df)

Iteration 8:  36000000 integrand evaluations so far
[1] 205.66 +- 6.03128  	chisq 79.2102 (7 df)

Iteration 9:  45000000 integrand evaluations so far
[1] 215.963 +- 4.3191  	chisq 85.2001 (8 df)

Iteration 10:  55000000 integrand evaluations so far
[1] 216.88 +- 4.27086  	chisq 87.2267 (9 df)
   216.9 ±    4.3        (1.69mi) ┃     214 ±     33        (9.42mi) ┃
┃   52 -    54 ┃   33 -    34 ┃  233.34 ±   0.23        (2.99mi) ┃-202.702 ±  0.064        (27.3mi) ┃Vegas input parameters:
  ndim 10
  ncomp 1
  nvec 1
  epsrel 0
  epsabs 0
  flags 10
  seed 123456
  mineval 50000000
  maxeval 50000000
  nstart 1000000
  nincrease 1000000
  nbatch 5000
  gridno 0
  statefile ""

Iteration 1:  1000000 integrand evaluations so far
[1] -370.984 +- 307.904  	chisq 0 (0 df)

Iteration 2:  3000000 integrand evaluations so far
[1] -20.9666 +- 220.967  	chisq 2.66454 (1 df)

Iteration 3:  6000000 integrand evaluations so far
[1] -126.763 +- 143.349  	chisq 3.06036 (2 df)

Iteration 4:  10000000 integrand evaluations so far
[1] -80.2125 +- 118.283  	chisq 3.39078 (3 df)

Iteration 5:  15000000 integrand evaluations so far
[1] -63.3985 +- 37.6137  	chisq 3.41326 (4 df)

Iteration 6:  21000000 integrand evaluations so far
[1] -59.3192 +- 35.8612  	chisq 3.5425 (5 df)

Iteration 7:  28000000 integrand evaluations so far
[1] -59.4264 +- 32.5389  	chisq 3.54255 (6 df)

Iteration 8:  36000000 integrand evaluations so far
[1] -62.1596 +- 32.2295  	chisq 3.91533 (7 df)

Iteration 9:  45000000 integrand evaluations so far
[1] -60.1318 +- 31.6977  	chisq 4.03629 (8 df)

Iteration 10:  55000000 integrand evaluations so far
[1] -54.6392 +- 30.1558  	chisq 4.35261 (9 df)
     -55 ±     30        (3.49mi) ┃Vegas input parameters:
  ndim 8
  ncomp 1
  nvec 1
  epsrel 0
  epsabs 0
  flags 10
  seed 123456
  mineval 5000000
  maxeval 50000000
  nstart 1000000
  nincrease 1000000
  nbatch 5000
  gridno 0
  statefile ""

Iteration 1:  1000000 integrand evaluations so far
[1] 273.412 +- 63.6981  	chisq 0 (0 df)

Iteration 2:  3000000 integrand evaluations so far
[1] 187.736 +- 43.8519  	chisq 3.43897 (1 df)

Iteration 3:  6000000 integrand evaluations so far
[1] 189.439 +- 39.8183  	chisq 3.44756 (2 df)

Iteration 4:  10000000 integrand evaluations so far
[1] 142.903 +- 22.0391  	chisq 5.41667 (3 df)

Iteration 5:  15000000 integrand evaluations so far
[1] 153.242 +- 15.2283  	chisq 5.83788 (4 df)

Iteration 6:  21000000 integrand evaluations so far
[1] 163.404 +- 14.1545  	chisq 9.11026 (5 df)

Iteration 7:  28000000 integrand evaluations so far
[1] 175.512 +- 12.5923  	chisq 12.6192 (6 df)

Iteration 8:  36000000 integrand evaluations so far
[1] 202.819 +- 9.05766  	chisq 22.363 (7 df)

Iteration 9:  45000000 integrand evaluations so far
[1] 204.902 +- 8.88798  	chisq 23.7889 (8 df)

Iteration 10:  55000000 integrand evaluations so far
[1] 208.452 +- 6.47633  	chisq 24.1289 (9 df)
   208.5 ±    6.5        (1.72mi) ┃     184 ±     31        (35.5mi) ┃
┃   52 -    54 ┃   34 -    35 ┃  254.75 ±   0.17        ( 27.8s) ┃ -220.89 ±   0.11        (53.9mi) ┃Vegas input parameters:
  ndim 10
  ncomp 1
  nvec 1
  epsrel 0
  epsabs 0
  flags 10
  seed 123456
  mineval 50000000
  maxeval 50000000
  nstart 1000000
  nincrease 1000000
  nbatch 5000
  gridno 0
  statefile ""

Iteration 1:  1000000 integrand evaluations so far
[1] 269.55 +- 404.675  	chisq 0 (0 df)

Iteration 2:  3000000 integrand evaluations so far
[1] 252.213 +- 236.124  	chisq 0.00278283 (1 df)

Iteration 3:  6000000 integrand evaluations so far
[1] 280.657 +- 233.465  	chisq 0.650878 (2 df)

Iteration 4:  10000000 integrand evaluations so far
[1] -8.40692 +- 10.9007  	chisq 2.18723 (3 df)

Iteration 5:  15000000 integrand evaluations so far
[1] -7.63833 +- 10.7661  	chisq 2.38985 (4 df)

Iteration 6:  21000000 integrand evaluations so far
[1] -7.56163 +- 10.7407  	chisq 2.40062 (5 df)

Iteration 7:  28000000 integrand evaluations so far
[1] -7.04534 +- 10.7346  	chisq 4.40665 (6 df)

Iteration 8:  36000000 integrand evaluations so far
[1] -3.46107 +- 10.5921  	chisq 8.63448 (7 df)

Iteration 9:  45000000 integrand evaluations so far
[1] -2.99151 +- 10.4899  	chisq 8.73685 (8 df)

Iteration 10:  55000000 integrand evaluations so far
[1] -2.04311 +- 10.4609  	chisq 10.2157 (9 df)
      -2 ±     10        (3.45mi) ┃Vegas input parameters:
  ndim 8
  ncomp 1
  nvec 1
  epsrel 0
  epsabs 0
  flags 10
  seed 123456
  mineval 5000000
  maxeval 50000000
  nstart 1000000
  nincrease 1000000
  nbatch 5000
  gridno 0
  statefile ""

Iteration 1:  1000000 integrand evaluations so far
[1] 210.398 +- 53.0593  	chisq 0 (0 df)

Iteration 2:  3000000 integrand evaluations so far
[1] 91.293 +- 20.7104  	chisq 5.94456 (1 df)

Iteration 3:  6000000 integrand evaluations so far
[1] 93.6052 +- 20.5642  	chisq 6.83035 (2 df)

Iteration 4:  10000000 integrand evaluations so far
[1] 96.4327 +- 20.4388  	chisq 8.38535 (3 df)

Iteration 5:  15000000 integrand evaluations so far
[1] 112.786 +- 17.81  	chisq 11.0452 (4 df)

Iteration 6:  21000000 integrand evaluations so far
[1] 120.343 +- 17.3765  	chisq 14.7887 (5 df)

Iteration 7:  28000000 integrand evaluations so far
[1] 120.969 +- 17.3668  	chisq 15.9574 (6 df)

Iteration 8:  36000000 integrand evaluations so far
[1] 126.742 +- 16.9307  	chisq 18.1858 (7 df)

Iteration 9:  45000000 integrand evaluations so far
[1] 145.991 +- 14.6082  	chisq 23.2443 (8 df)

Iteration 10:  55000000 integrand evaluations so far
[1] 165.365 +- 13.1065  	chisq 32.2627 (9 df)
     165 ±     13        (1.72mi) ┃     197 ±     17        (59.5mi) ┃
┃   52 -    54 ┃   35 -    36 ┃ 219.565 ±  0.096        (11.3mi) ┃ -191.15 ±   0.14        (13.5mi) ┃Vegas input parameters:
  ndim 10
  ncomp 1
  nvec 1
  epsrel 0
  epsabs 0
  flags 10
  seed 123456
  mineval 50000000
  maxeval 50000000
  nstart 1000000
  nincrease 1000000
  nbatch 5000
  gridno 0
  statefile ""

Iteration 1:  1000000 integrand evaluations so far
[1] -169.094 +- 435.26  	chisq 0 (0 df)

Iteration 2:  3000000 integrand evaluations so far
[1] 56.934 +- 266.707  	chisq 0.431791 (1 df)

Iteration 3:  6000000 integrand evaluations so far
[1] 5.29426 +- 261.45  	chisq 1.39229 (2 df)

Iteration 4:  10000000 integrand evaluations so far
[1] -133.524 +- 218.559  	chisq 2.32828 (3 df)

Iteration 5:  15000000 integrand evaluations so far
[1] -131.857 +- 108.253  	chisq 2.32836 (4 df)

Iteration 6:  21000000 integrand evaluations so far
[1] -144 +- 91.2541  	chisq 2.37183 (5 df)

Iteration 7:  28000000 integrand evaluations so far
[1] -138.732 +- 91.124  	chisq 3.54093 (6 df)

Iteration 8:  36000000 integrand evaluations so far
[1] -69.6611 +- 83.1604  	chisq 6.97833 (7 df)

Iteration 9:  45000000 integrand evaluations so far
[1] -80.9629 +- 66.593  	chisq 7.02981 (8 df)

Iteration 10:  55000000 integrand evaluations so far
[1] -17.9152 +- 26.1458  	chisq 8.08952 (9 df)
     -18 ±     26        (3.53mi) ┃Vegas input parameters:
  ndim 8
  ncomp 1
  nvec 1
  epsrel 0
  epsabs 0
  flags 10
  seed 123456
  mineval 5000000
  maxeval 50000000
  nstart 1000000
  nincrease 1000000
  nbatch 5000
  gridno 0
  statefile ""

Iteration 1:  1000000 integrand evaluations so far
[1] 191.433 +- 47.3928  	chisq 0 (0 df)

Iteration 2:  3000000 integrand evaluations so far
[1] 194.756 +- 45.4397  	chisq 0.0609187 (1 df)

Iteration 3:  6000000 integrand evaluations so far
[1] 198.223 +- 45.2207  	chisq 0.666534 (2 df)

Iteration 4:  10000000 integrand evaluations so far
[1] 182.472 +- 36.3605  	chisq 1.0098 (3 df)

Iteration 5:  15000000 integrand evaluations so far
[1] 195.812 +- 31.1101  	chisq 1.51217 (4 df)

Iteration 6:  21000000 integrand evaluations so far
[1] 182.607 +- 17.2113  	chisq 1.77181 (5 df)

Iteration 7:  28000000 integrand evaluations so far
[1] 188.615 +- 8.81652  	chisq 1.93704 (6 df)

Iteration 8:  36000000 integrand evaluations so far
[1] 190.939 +- 7.94885  	chisq 2.30827 (7 df)

Iteration 9:  45000000 integrand evaluations so far
[1] 188.024 +- 5.23917  	chisq 2.54602 (8 df)

Iteration 10:  55000000 integrand evaluations so far
[1] 188.898 +- 5.19422  	chisq 4.17252 (9 df)
   188.9 ±    5.2        ( 1.7mi) ┃     199 ±     27        (30.1mi) ┃
┃   52 -    54 ┃   36 -    37 ┃  212.45 ±   0.14        (6.05mi) ┃ -185.99 ±   0.12        (6.78mi) ┃Vegas input parameters:
  ndim 10
  ncomp 1
  nvec 1
  epsrel 0
  epsabs 0
  flags 10
  seed 123456
  mineval 50000000
  maxeval 50000000
  nstart 1000000
  nincrease 1000000
  nbatch 5000
  gridno 0
  statefile ""

Iteration 1:  1000000 integrand evaluations so far
[1] -67.9819 +- 83.5515  	chisq 0 (0 df)

Iteration 2:  3000000 integrand evaluations so far
[1] -64.5428 +- 83.4775  	chisq 0.956414 (1 df)

Iteration 3:  6000000 integrand evaluations so far
[1] 31.5688 +- 54.9028  	chisq 3.29254 (2 df)

Iteration 4:  10000000 integrand evaluations so far
[1] 62.6312 +- 50.1897  	chisq 5.24055 (3 df)

Iteration 5:  15000000 integrand evaluations so far
[1] 20.0035 +- 44.3745  	chisq 8.54494 (4 df)

Iteration 6:  21000000 integrand evaluations so far
[1] 18.6125 +- 41.0506  	chisq 8.55176 (5 df)

Iteration 7:  28000000 integrand evaluations so far
[1] 31.9204 +- 37.6681  	chisq 9.21687 (6 df)

Iteration 8:  36000000 integrand evaluations so far
[1] 37.276 +- 35.6282  	chisq 9.40871 (7 df)

Iteration 9:  45000000 integrand evaluations so far
[1] 33.1817 +- 35.1498  	chisq 9.9038 (8 df)

Iteration 10:  55000000 integrand evaluations so far
[1] 32.5998 +- 30.5419  	chisq 9.90492 (9 df)
      33 ±     31        (3.54mi) ┃Vegas input parameters:
  ndim 8
  ncomp 1
  nvec 1
  epsrel 0
  epsabs 0
  flags 10
  seed 123456
  mineval 5000000
  maxeval 50000000
  nstart 1000000
  nincrease 1000000
  nbatch 5000
  gridno 0
  statefile ""

Iteration 1:  1000000 integrand evaluations so far
[1] 164.621 +- 44.5691  	chisq 0 (0 df)

Iteration 2:  3000000 integrand evaluations so far
[1] 41.4847 +- 9.88554  	chisq 8.02806 (1 df)

Iteration 3:  6000000 integrand evaluations so far
[1] 42.4681 +- 9.84717  	chisq 9.30525 (2 df)

Iteration 4:  10000000 integrand evaluations so far
[1] 44.4106 +- 9.78092  	chisq 12.2072 (3 df)

Iteration 5:  15000000 integrand evaluations so far
[1] 50.5838 +- 9.5312  	chisq 20.1092 (4 df)

Iteration 6:  21000000 integrand evaluations so far
[1] 70.3153 +- 8.66007  	chisq 44.6775 (5 df)

Iteration 7:  28000000 integrand evaluations so far
[1] 73.225 +- 8.58614  	chisq 51.3172 (6 df)

Iteration 8:  36000000 integrand evaluations so far
[1] 105.085 +- 7.27305  	chisq 100.061 (7 df)

Iteration 9:  45000000 integrand evaluations so far
[1] 129.026 +- 6.47665  	chisq 152.404 (8 df)

Iteration 10:  55000000 integrand evaluations so far
[1] 162.926 +- 4.80166  	chisq 213.238 (9 df)
   162.9 ±    4.8        (1.73mi) ┃     222 ±     31        (18.1mi) ┃
┃   52 -    54 ┃   37 -    38 ┃  248.07 ±   0.18        (3.41mi) ┃-215.458 ±  0.033        (26.8mi) ┃Vegas input parameters:
  ndim 10
  ncomp 1
  nvec 1
  epsrel 0
  epsabs 0
  flags 10
  seed 123456
  mineval 50000000
  maxeval 50000000
  nstart 1000000
  nincrease 1000000
  nbatch 5000
  gridno 0
  statefile ""

Iteration 1:  1000000 integrand evaluations so far
[1] 57.758 +- 129.919  	chisq 0 (0 df)

Iteration 2:  3000000 integrand evaluations so far
[1] 77.7738 +- 111.805  	chisq 0.0914957 (1 df)

Iteration 3:  6000000 integrand evaluations so far
[1] -52.6309 +- 59.7434  	chisq 1.99557 (2 df)

Iteration 4:  10000000 integrand evaluations so far
[1] -49.5339 +- 59.6528  	chisq 2.88237 (3 df)

Iteration 5:  15000000 integrand evaluations so far
[1] -29.1152 +- 57.1169  	chisq 4.29032 (4 df)

Iteration 6:  21000000 integrand evaluations so far
[1] 11.558 +- 51.846  	chisq 7.17073 (5 df)

Iteration 7:  28000000 integrand evaluations so far
[1] -15.7924 +- 41.5795  	chisq 7.95064 (6 df)

Iteration 8:  36000000 integrand evaluations so far
[1] -31.3234 +- 39.8901  	chisq 9.70316 (7 df)

Iteration 9:  45000000 integrand evaluations so far
[1] -33.514 +- 39.6594  	chisq 9.96464 (8 df)

Iteration 10:  55000000 integrand evaluations so far
[1] -42.113 +- 38.164  	chisq 10.6 (9 df)
     -42 ±     38        ( 3.5mi) ┃Vegas input parameters:
  ndim 8
  ncomp 1
  nvec 1
  epsrel 0
  epsabs 0
  flags 10
  seed 123456
  mineval 5000000
  maxeval 50000000
  nstart 1000000
  nincrease 1000000
  nbatch 5000
  gridno 0
  statefile ""

Iteration 1:  1000000 integrand evaluations so far
[1] 247.135 +- 56.8104  	chisq 0 (0 df)

Iteration 2:  3000000 integrand evaluations so far
[1] 126.653 +- 22.4433  	chisq 5.32946 (1 df)

Iteration 3:  6000000 integrand evaluations so far
[1] 132.795 +- 21.8016  	chisq 6.65839 (2 df)

Iteration 4:  10000000 integrand evaluations so far
[1] 140.7 +- 20.791  	chisq 8.10987 (3 df)

Iteration 5:  15000000 integrand evaluations so far
[1] 152.304 +- 16.834  	chisq 9.01443 (4 df)

Iteration 6:  21000000 integrand evaluations so far
[1] 170.056 +- 12.3417  	chisq 11.4187 (5 df)

Iteration 7:  28000000 integrand evaluations so far
[1] 178.786 +- 10.0202  	chisq 12.8869 (6 df)

Iteration 8:  36000000 integrand evaluations so far
[1] 186.651 +- 8.91419  	chisq 15.8405 (7 df)

Iteration 9:  45000000 integrand evaluations so far
[1] 190.847 +- 5.65551  	chisq 16.2113 (8 df)

Iteration 10:  55000000 integrand evaluations so far
[1] 195.485 +- 5.13835  	chisq 20.065 (9 df)
   195.5 ±    5.1        ( 1.7mi) ┃     186 ±     39        (35.4mi) ┃
┃   52 -    54 ┃   38 -    39 ┃ 197.488 ±  0.042        (   30s) ┃ -172.56 ±   0.12        (1.72mi) ┃Vegas input parameters:
  ndim 10
  ncomp 1
  nvec 1
  epsrel 0
  epsabs 0
  flags 10
  seed 123456
  mineval 50000000
  maxeval 50000000
  nstart 1000000
  nincrease 1000000
  nbatch 5000
  gridno 0
  statefile ""

Iteration 1:  1000000 integrand evaluations so far
[1] 339.031 +- 574.375  	chisq 0 (0 df)

Iteration 2:  3000000 integrand evaluations so far
[1] 6.95031 +- 48.7401  	chisq 0.336693 (1 df)

Iteration 3:  6000000 integrand evaluations so far
[1] 0.59859 +- 48.4235  	chisq 1.64799 (2 df)

Iteration 4:  10000000 integrand evaluations so far
[1] 5.65065 +- 38.3136  	chisq 1.6771 (3 df)

Iteration 5:  15000000 integrand evaluations so far
[1] -20.0333 +- 33.0218  	chisq 3.42458 (4 df)

Iteration 6:  21000000 integrand evaluations so far
[1] -25.6938 +- 31.9108  	chisq 3.86873 (5 df)

Iteration 7:  28000000 integrand evaluations so far
[1] -14.0883 +- 30.9821  	chisq 6.1748 (6 df)

Iteration 8:  36000000 integrand evaluations so far
[1] 8.30499 +- 27.9454  	chisq 8.97709 (7 df)

Iteration 9:  45000000 integrand evaluations so far
[1] -9.75803 +- 26.4418  	chisq 12.9668 (8 df)

Iteration 10:  55000000 integrand evaluations so far
[1] -5.25956 +- 26.1  	chisq 14.0935 (9 df)
      -5 ±     26        (3.53mi) ┃Vegas input parameters:
  ndim 8
  ncomp 1
  nvec 1
  epsrel 0
  epsabs 0
  flags 10
  seed 123456
  mineval 5000000
  maxeval 50000000
  nstart 1000000
  nincrease 1000000
  nbatch 5000
  gridno 0
  statefile ""

Iteration 1:  1000000 integrand evaluations so far
[1] 172.374 +- 47.0953  	chisq 0 (0 df)

Iteration 2:  3000000 integrand evaluations so far
[1] 174.728 +- 47.0305  	chisq 0.908438 (1 df)

Iteration 3:  6000000 integrand evaluations so far
[1] 73.6285 +- 18.3573  	chisq 6.36007 (2 df)

Iteration 4:  10000000 integrand evaluations so far
[1] 78.7987 +- 18.088  	chisq 9.08331 (3 df)

Iteration 5:  15000000 integrand evaluations so far
[1] 79.235 +- 18.0836  	chisq 10.2871 (4 df)

Iteration 6:  21000000 integrand evaluations so far
[1] 89.9648 +- 17.084  	chisq 13.5623 (5 df)

Iteration 7:  28000000 integrand evaluations so far
[1] 109.132 +- 14.2389  	chisq 17.6849 (6 df)

Iteration 8:  36000000 integrand evaluations so far
[1] 135.213 +- 11.6477  	chisq 27.8252 (7 df)

Iteration 9:  45000000 integrand evaluations so far
[1] 155.575 +- 9.87314  	chisq 38.6819 (8 df)

Iteration 10:  55000000 integrand evaluations so far
[1] 170.897 +- 6.92193  	chisq 43.4183 (9 df)
   170.9 ±    6.9        (1.72mi) ┃     191 ±     27        (7.47mi) ┃
┃   52 -    54 ┃   39 -    40 ┃ 217.865 ±  0.053        ( 56.7s) ┃ -188.77 ±   0.15        (26.9mi) ┃Vegas input parameters:
  ndim 10
  ncomp 1
  nvec 1
  epsrel 0
  epsabs 0
  flags 10
  seed 123456
  mineval 50000000
  maxeval 50000000
  nstart 1000000
  nincrease 1000000
  nbatch 5000
  gridno 0
  statefile ""

Iteration 1:  1000000 integrand evaluations so far
[1] -94.6108 +- 99.1152  	chisq 0 (0 df)

Iteration 2:  3000000 integrand evaluations so far
[1] -111.086 +- 86.7902  	chisq 0.118457 (1 df)

Iteration 3:  6000000 integrand evaluations so far
[1] -142.378 +- 76.2387  	chisq 0.687684 (2 df)

Iteration 4:  10000000 integrand evaluations so far
[1] -167.498 +- 67.5793  	chisq 1.19437 (3 df)

Iteration 5:  15000000 integrand evaluations so far
[1] -145.936 +- 53.1266  	chisq 1.46085 (4 df)

Iteration 6:  21000000 integrand evaluations so far
[1] -96.3706 +- 28.3027  	chisq 2.67623 (5 df)

Iteration 7:  28000000 integrand evaluations so far
[1] -102.031 +- 26.9601  	chisq 3.10805 (6 df)

Iteration 8:  36000000 integrand evaluations so far
[1] -97.34 +- 26.5516  	chisq 4.11463 (7 df)

Iteration 9:  45000000 integrand evaluations so far
[1] -71.479 +- 24.0763  	chisq 9.45135 (8 df)

Iteration 10:  55000000 integrand evaluations so far
[1] -54.9963 +- 22.1129  	chisq 12.4471 (9 df)
     -55 ±     22        (3.51mi) ┃Vegas input parameters:
  ndim 8
  ncomp 1
  nvec 1
  epsrel 0
  epsabs 0
  flags 10
  seed 123456
  mineval 5000000
  maxeval 50000000
  nstart 1000000
  nincrease 1000000
  nbatch 5000
  gridno 0
  statefile ""

Iteration 1:  1000000 integrand evaluations so far
[1] 150.493 +- 41.0829  	chisq 0 (0 df)

Iteration 2:  3000000 integrand evaluations so far
[1] 64.6456 +- 17.9129  	chisq 5.39152 (1 df)

Iteration 3:  6000000 integrand evaluations so far
[1] 46.0005 +- 7.75534  	chisq 6.72486 (2 df)

Iteration 4:  10000000 integrand evaluations so far
[1] 46.6708 +- 7.74238  	chisq 8.96207 (3 df)

Iteration 5:  15000000 integrand evaluations so far
[1] 54.0415 +- 7.41677  	chisq 19.9683 (4 df)

Iteration 6:  21000000 integrand evaluations so far
[1] 61.8712 +- 7.14961  	chisq 35.7217 (5 df)

Iteration 7:  28000000 integrand evaluations so far
[1] 101.447 +- 5.2753  	chisq 102.978 (6 df)

Iteration 8:  36000000 integrand evaluations so far
[1] 134.843 +- 3.13235  	chisq 164.878 (7 df)

Iteration 9:  45000000 integrand evaluations so far
[1] 143.733 +- 2.23203  	chisq 181.242 (8 df)

Iteration 10:  55000000 integrand evaluations so far
[1] 144.465 +- 2.2105  	chisq 186.841 (9 df)
   144.5 ±    2.2        (1.74mi) ┃     119 ±     22        (33.1mi) ┃
┃   52 -    54 ┃   40 -    41 ┃  209.49 ±   0.18        (3.24mi) ┃ -181.41 ±   0.15        (13.3mi) ┃Vegas input parameters:
  ndim 10
  ncomp 1
  nvec 1
  epsrel 0
  epsabs 0
  flags 10
  seed 123456
  mineval 50000000
  maxeval 50000000
  nstart 1000000
  nincrease 1000000
  nbatch 5000
  gridno 0
  statefile ""

Iteration 1:  1000000 integrand evaluations so far
[1] -2883.09 +- 3240.38  	chisq 0 (0 df)

Iteration 2:  3000000 integrand evaluations so far
[1] -7.50316 +- 196.304  	chisq 0.79042 (1 df)

Iteration 3:  6000000 integrand evaluations so far
[1] -63.5619 +- 24.0725  	chisq 0.873215 (2 df)

Iteration 4:  10000000 integrand evaluations so far
[1] -15.9096 +- 11.9033  	chisq 6.05996 (3 df)

Iteration 5:  15000000 integrand evaluations so far
[1] -15.2848 +- 11.0534  	chisq 6.07997 (4 df)

Iteration 6:  21000000 integrand evaluations so far
[1] -14.8943 +- 10.8697  	chisq 6.11782 (5 df)

Iteration 7:  28000000 integrand evaluations so far
[1] -15.2657 +- 10.8631  	chisq 7.07872 (6 df)

Iteration 8:  36000000 integrand evaluations so far
[1] -15.2401 +- 10.8613  	chisq 7.09595 (7 df)

Iteration 9:  45000000 integrand evaluations so far
[1] -15.6445 +- 10.8482  	chisq 7.67013 (8 df)

Iteration 10:  55000000 integrand evaluations so far
[1] -16.9868 +- 10.6956  	chisq 8.21827 (9 df)
     -17 ±     11        ( 3.5mi) ┃Vegas input parameters:
  ndim 8
  ncomp 1
  nvec 1
  epsrel 0
  epsabs 0
  flags 10
  seed 123456
  mineval 5000000
  maxeval 50000000
  nstart 1000000
  nincrease 1000000
  nbatch 5000
  gridno 0
  statefile ""

Iteration 1:  1000000 integrand evaluations so far
[1] 182.844 +- 46.9107  	chisq 0 (0 df)

Iteration 2:  3000000 integrand evaluations so far
[1] 75.6794 +- 18.823  	chisq 6.22011 (1 df)

Iteration 3:  6000000 integrand evaluations so far
[1] 79.9208 +- 14.4822  	chisq 6.34455 (2 df)

Iteration 4:  10000000 integrand evaluations so far
[1] 94.4126 +- 11.8629  	chisq 9.38796 (3 df)

Iteration 5:  15000000 integrand evaluations so far
[1] 112.412 +- 9.70571  	chisq 16.3513 (4 df)

Iteration 6:  21000000 integrand evaluations so far
[1] 132.091 +- 8.00993  	chisq 29.2416 (5 df)

Iteration 7:  28000000 integrand evaluations so far
[1] 149.145 +- 6.79909  	chisq 45.461 (6 df)

Iteration 8:  36000000 integrand evaluations so far
[1] 164.861 +- 5.50241  	chisq 60.9456 (7 df)

Iteration 9:  45000000 integrand evaluations so far
[1] 174.973 +- 3.90662  	chisq 67.7557 (8 df)

Iteration 10:  55000000 integrand evaluations so far
[1] 181.407 +- 3.17234  	chisq 75.7192 (9 df)
   181.4 ±    3.2        ( 1.7mi) ┃     192 ±     11        (21.8mi) ┃
┃   52 -    54 ┃   41 -    42 ┃  191.66 ±   0.17        (3.46mi) ┃ -167.34 ±  0.062        (6.74mi) ┃Vegas input parameters:
  ndim 10
  ncomp 1
  nvec 1
  epsrel 0
  epsabs 0
  flags 10
  seed 123456
  mineval 50000000
  maxeval 50000000
  nstart 1000000
  nincrease 1000000
  nbatch 5000
  gridno 0
  statefile ""

Iteration 1:  1000000 integrand evaluations so far
[1] -113.833 +- 366.364  	chisq 0 (0 df)

Iteration 2:  3000000 integrand evaluations so far
[1] -114.675 +- 142.804  	chisq 6.22291e-06 (1 df)

Iteration 3:  6000000 integrand evaluations so far
[1] -46.1547 +- 45.5152  	chisq 0.256264 (2 df)

Iteration 4:  10000000 integrand evaluations so far
[1] -50.1834 +- 45.3425  	chisq 1.29069 (3 df)

Iteration 5:  15000000 integrand evaluations so far
[1] -43.7241 +- 44.5225  	chisq 1.85689 (4 df)

Iteration 6:  21000000 integrand evaluations so far
[1] -19.5616 +- 34.157  	chisq 2.57276 (5 df)

Iteration 7:  28000000 integrand evaluations so far
[1] -33.542 +- 27.3978  	chisq 3.04252 (6 df)

Iteration 8:  36000000 integrand evaluations so far
[1] -20.5403 +- 20.1819  	chisq 3.53488 (7 df)

Iteration 9:  45000000 integrand evaluations so far
[1] -8.8788 +- 19.0521  	chisq 6.60294 (8 df)

Iteration 10:  55000000 integrand evaluations so far
[1] -16.2753 +- 17.5054  	chisq 7.57047 (9 df)
     -16 ±     18        (3.54mi) ┃Vegas input parameters:
  ndim 8
  ncomp 1
  nvec 1
  epsrel 0
  epsabs 0
  flags 10
  seed 123456
  mineval 5000000
  maxeval 50000000
  nstart 1000000
  nincrease 1000000
  nbatch 5000
  gridno 0
  statefile ""

Iteration 1:  1000000 integrand evaluations so far
[1] 234.562 +- 51.5519  	chisq 0 (0 df)

Iteration 2:  3000000 integrand evaluations so far
[1] 141.793 +- 29.148  	chisq 4.7601 (1 df)

Iteration 3:  6000000 integrand evaluations so far
[1] 144.883 +- 21.6124  	chisq 4.78506 (2 df)

Iteration 4:  10000000 integrand evaluations so far
[1] 149.667 +- 15.0647  	chisq 4.88035 (3 df)

Iteration 5:  15000000 integrand evaluations so far
[1] 154.649 +- 9.59318  	chisq 5.06437 (4 df)

Iteration 6:  21000000 integrand evaluations so far
[1] 154.54 +- 5.76937  	chisq 5.06458 (5 df)

Iteration 7:  28000000 integrand evaluations so far
[1] 156.469 +- 4.04212  	chisq 5.28425 (6 df)

Iteration 8:  36000000 integrand evaluations so far
[1] 162.304 +- 3.0839  	chisq 10.27 (7 df)

Iteration 9:  45000000 integrand evaluations so far
[1] 166.437 +- 2.76663  	chisq 19.4744 (8 df)

Iteration 10:  55000000 integrand evaluations so far
[1] 166.962 +- 2.74455  	chisq 21.7337 (9 df)
     167 ±    2.7        (1.73mi) ┃     175 ±     18        (15.5mi) ┃
┃   52 -    54 ┃   42 -    43 ┃  231.54 ±   0.17        (1.66mi) ┃-201.211 ±  0.018        (13.6mi) ┃Vegas input parameters:
  ndim 10
  ncomp 1
  nvec 1
  epsrel 0
  epsabs 0
  flags 10
  seed 123456
  mineval 50000000
  maxeval 50000000
  nstart 1000000
  nincrease 1000000
  nbatch 5000
  gridno 0
  statefile ""

Iteration 1:  1000000 integrand evaluations so far
[1] -74.5975 +- 45.1419  	chisq 0 (0 df)

Iteration 2:  3000000 integrand evaluations so far
[1] -76.7101 +- 45.0933  	chisq 1.01952 (1 df)

Iteration 3:  6000000 integrand evaluations so far
[1] -66.9131 +- 44.5292  	chisq 2.91784 (2 df)

Iteration 4:  10000000 integrand evaluations so far
[1] -10.0642 +- 32.7913  	chisq 6.47875 (3 df)

Iteration 5:  15000000 integrand evaluations so far
[1] -1.91154 +- 21.356  	chisq 6.58609 (4 df)

Iteration 6:  21000000 integrand evaluations so far
[1] -2.53404 +- 21.253  	chisq 6.67438 (5 df)

Iteration 7:  28000000 integrand evaluations so far
[1] -2.76297 +- 21.1264  	chisq 6.68415 (6 df)

Iteration 8:  36000000 integrand evaluations so far
[1] -0.660303 +- 20.9976  	chisq 7.49917 (7 df)

Iteration 9:  45000000 integrand evaluations so far
[1] -2.10475 +- 20.9684  	chisq 9.19882 (8 df)

Iteration 10:  55000000 integrand evaluations so far
[1] -0.771219 +- 20.9002  	chisq 9.82203 (9 df)
      -1 ±     21        (3.48mi) ┃Vegas input parameters:
  ndim 8
  ncomp 1
  nvec 1
  epsrel 0
  epsabs 0
  flags 10
  seed 123456
  mineval 5000000
  maxeval 50000000
  nstart 1000000
  nincrease 1000000
  nbatch 5000
  gridno 0
  statefile ""

Iteration 1:  1000000 integrand evaluations so far
[1] 174.822 +- 42.6253  	chisq 0 (0 df)

Iteration 2:  3000000 integrand evaluations so far
[1] 47.108 +- 9.05412  	chisq 9.40135 (1 df)

Iteration 3:  6000000 integrand evaluations so far
[1] 49.1728 +- 8.98366  	chisq 12.756 (2 df)

Iteration 4:  10000000 integrand evaluations so far
[1] 63.077 +- 8.15496  	chisq 26.3678 (3 df)

Iteration 5:  15000000 integrand evaluations so far
[1] 71.9232 +- 7.84218  	chisq 42.0075 (4 df)

Iteration 6:  21000000 integrand evaluations so far
[1] 96.8932 +- 6.3503  	chisq 71.4548 (5 df)

Iteration 7:  28000000 integrand evaluations so far
[1] 129.022 +- 4.40018  	chisq 120.693 (6 df)

Iteration 8:  36000000 integrand evaluations so far
[1] 141.824 +- 3.57808  	chisq 145.68 (7 df)

Iteration 9:  45000000 integrand evaluations so far
[1] 149.18 +- 2.80323  	chisq 156.623 (8 df)

Iteration 10:  55000000 integrand evaluations so far
[1] 155.838 +- 2.50228  	chisq 184.385 (9 df)
   155.8 ±    2.5        (1.72mi) ┃     185 ±     21        (20.4mi) ┃
┃   52 -    54 ┃   43 -    44 ┃  177.19 ±    0.1        (3.61mi) ┃-152.621 ±  0.089        (3.44mi) ┃Vegas input parameters:
  ndim 10
  ncomp 1
  nvec 1
  epsrel 0
  epsabs 0
  flags 10
  seed 123456
  mineval 50000000
  maxeval 50000000
  nstart 1000000
  nincrease 1000000
  nbatch 5000
  gridno 0
  statefile ""

Iteration 1:  1000000 integrand evaluations so far
[1] -12.1058 +- 148.637  	chisq 0 (0 df)

Iteration 2:  3000000 integrand evaluations so far
[1] -53.0227 +- 45.2394  	chisq 0.0835162 (1 df)

Iteration 3:  6000000 integrand evaluations so far
[1] -33.973 +- 43.3732  	chisq 2.27796 (2 df)

Iteration 4:  10000000 integrand evaluations so far
[1] -46.0754 +- 36.1026  	chisq 2.53144 (3 df)

Iteration 5:  15000000 integrand evaluations so far
[1] -39.9505 +- 35.6906  	chisq 3.79968 (4 df)

Iteration 6:  21000000 integrand evaluations so far
[1] -23.7173 +- 34.4498  	chisq 6.82767 (5 df)

Iteration 7:  28000000 integrand evaluations so far
[1] 9.29211 +- 26.2627  	chisq 9.01981 (6 df)

Iteration 8:  36000000 integrand evaluations so far
[1] -0.211924 +- 20.0004  	chisq 9.33159 (7 df)

Iteration 9:  45000000 integrand evaluations so far
[1] -0.612597 +- 19.9141  	chisq 9.3782 (8 df)

Iteration 10:  55000000 integrand evaluations so far
[1] -0.264918 +- 15.0437  	chisq 9.37891 (9 df)
      -0 ±     15        (3.48mi) ┃Vegas input parameters:
  ndim 8
  ncomp 1
  nvec 1
  epsrel 0
  epsabs 0
  flags 10
  seed 123456
  mineval 5000000
  maxeval 50000000
  nstart 1000000
  nincrease 1000000
  nbatch 5000
  gridno 0
  statefile ""

Iteration 1:  1000000 integrand evaluations so far
[1] 168.778 +- 41.1696  	chisq 0 (0 df)

Iteration 2:  3000000 integrand evaluations so far
[1] 81.6315 +- 15.4359  	chisq 5.21359 (1 df)

Iteration 3:  6000000 integrand evaluations so far
[1] 86.5874 +- 15.1717  	chisq 8.25033 (2 df)

Iteration 4:  10000000 integrand evaluations so far
[1] 89.0899 +- 9.84056  	chisq 8.2973 (3 df)

Iteration 5:  15000000 integrand evaluations so far
[1] 109.3 +- 8.45728  	chisq 24.4342 (4 df)

Iteration 6:  21000000 integrand evaluations so far
[1] 123.044 +- 7.71655  	chisq 40.2008 (5 df)

Iteration 7:  28000000 integrand evaluations so far
[1] 139.397 +- 6.49669  	chisq 55.6253 (6 df)

Iteration 8:  36000000 integrand evaluations so far
[1] 155.147 +- 4.52125  	chisq 67.0222 (7 df)

Iteration 9:  45000000 integrand evaluations so far
[1] 155.295 +- 4.51909  	chisq 68.1471 (8 df)

Iteration 10:  55000000 integrand evaluations so far
[1] 156.13 +- 4.21654  	chisq 68.4108 (9 df)
   156.1 ±    4.2        (1.71mi) ┃     180 ±     16        (12.2mi) ┃
┃   52 -    54 ┃   44 -    45 ┃ 180.589 ±  0.046        (3.35mi) ┃-157.737 ± 0.0058        (26.2mi) ┃Vegas input parameters:
  ndim 10
  ncomp 1
  nvec 1
  epsrel 0
  epsabs 0
  flags 10
  seed 123456
  mineval 50000000
  maxeval 50000000
  nstart 1000000
  nincrease 1000000
  nbatch 5000
  gridno 0
  statefile ""

Iteration 1:  1000000 integrand evaluations so far
[1] 49.0346 +- 75.9812  	chisq 0 (0 df)

Iteration 2:  3000000 integrand evaluations so far
[1] -6.96073 +- 42.49  	chisq 0.790241 (1 df)

Iteration 3:  6000000 integrand evaluations so far
[1] -12.7936 +- 42.1961  	chisq 2.15724 (2 df)

Iteration 4:  10000000 integrand evaluations so far
[1] -2.18286 +- 41.4005  	chisq 3.85023 (3 df)

Iteration 5:  15000000 integrand evaluations so far
[1] 0.711218 +- 33.1794  	chisq 3.86389 (4 df)

Iteration 6:  21000000 integrand evaluations so far
[1] -1.98583 +- 32.6262  	chisq 4.06372 (5 df)

Iteration 7:  28000000 integrand evaluations so far
[1] 12.0132 +- 29.5411  	chisq 5.08549 (6 df)

Iteration 8:  36000000 integrand evaluations so far
[1] 10.8953 +- 29.5184  	chisq 6.0171 (7 df)

Iteration 9:  45000000 integrand evaluations so far
[1] 13.2089 +- 23.003  	chisq 6.03274 (8 df)

Iteration 10:  55000000 integrand evaluations so far
[1] 10.3567 +- 22.3387  	chisq 6.30281 (9 df)
      10 ±     22        (3.51mi) ┃Vegas input parameters:
  ndim 8
  ncomp 1
  nvec 1
  epsrel 0
  epsabs 0
  flags 10
  seed 123456
  mineval 5000000
  maxeval 50000000
  nstart 1000000
  nincrease 1000000
  nbatch 5000
  gridno 0
  statefile ""

Iteration 1:  1000000 integrand evaluations so far
[1] 139.389 +- 32.8972  	chisq 0 (0 df)

Iteration 2:  3000000 integrand evaluations so far
[1] 142.816 +- 32.6514  	chisq 0.729048 (1 df)

Iteration 3:  6000000 integrand evaluations so far
[1] 73.619 +- 12.1613  	chisq 5.94373 (2 df)

Iteration 4:  10000000 integrand evaluations so far
[1] 88.5544 +- 8.30928  	chisq 8.77263 (3 df)

Iteration 5:  15000000 integrand evaluations so far
[1] 95.3066 +- 7.91879  	chisq 15.9674 (4 df)

Iteration 6:  21000000 integrand evaluations so far
[1] 96.1215 +- 7.89876  	chisq 18.0627 (5 df)

Iteration 7:  28000000 integrand evaluations so far
[1] 106.429 +- 7.22118  	chisq 28.4328 (6 df)

Iteration 8:  36000000 integrand evaluations so far
[1] 127.268 +- 5.94168  	chisq 54.217 (7 df)

Iteration 9:  45000000 integrand evaluations so far
[1] 142.381 +- 4.14807  	chisq 66.8392 (8 df)

Iteration 10:  55000000 integrand evaluations so far
[1] 151.779 +- 3.42199  	chisq 82.9075 (9 df)
   151.8 ±    3.4        (1.74mi) ┃     185 ±     23        (34.8mi) ┃
┃   52 -    54 ┃   45 -    46 ┃ 215.032 ±   0.07        ( 52.4s) ┃-185.598 ±  0.025        (26.1mi) ┃Vegas input parameters:
  ndim 10
  ncomp 1
  nvec 1
  epsrel 0
  epsabs 0
  flags 10
  seed 123456
  mineval 50000000
  maxeval 50000000
  nstart 1000000
  nincrease 1000000
  nbatch 5000
  gridno 0
  statefile ""

Iteration 1:  1000000 integrand evaluations so far
[1] -102.854 +- 88.9149  	chisq 0 (0 df)

Iteration 2:  3000000 integrand evaluations so far
[1] -59.2917 +- 85.3573  	chisq 3.06083 (1 df)

Iteration 3:  6000000 integrand evaluations so far
[1] -19.8387 +- 71.8472  	chisq 3.79372 (2 df)

Iteration 4:  10000000 integrand evaluations so far
[1] -3.85777 +- 44.5932  	chisq 3.87419 (3 df)

Iteration 5:  15000000 integrand evaluations so far
[1] -0.0135136 +- 43.8985  	chisq 4.11456 (4 df)

Iteration 6:  21000000 integrand evaluations so far
[1] 6.55602 +- 43.4222  	chisq 5.15232 (5 df)

Iteration 7:  28000000 integrand evaluations so far
[1] 13.7131 +- 38.8627  	chisq 5.28885 (6 df)

Iteration 8:  36000000 integrand evaluations so far
[1] 1.91372 +- 37.1162  	chisq 6.33805 (7 df)

Iteration 9:  45000000 integrand evaluations so far
[1] -7.26053 +- 35.7784  	chisq 7.20113 (8 df)

Iteration 10:  55000000 integrand evaluations so far
[1] 2.4609 +- 28.4555  	chisq 7.40205 (9 df)
       2 ±     28        (3.52mi) ┃Vegas input parameters:
  ndim 8
  ncomp 1
  nvec 1
  epsrel 0
  epsabs 0
  flags 10
  seed 123456
  mineval 5000000
  maxeval 50000000
  nstart 1000000
  nincrease 1000000
  nbatch 5000
  gridno 0
  statefile ""

Iteration 1:  1000000 integrand evaluations so far
[1] 230.771 +- 52.6213  	chisq 0 (0 df)

Iteration 2:  3000000 integrand evaluations so far
[1] 62.1184 +- 10.4479  	chisq 10.6937 (1 df)

Iteration 3:  6000000 integrand evaluations so far
[1] 69.2845 +- 10.004  	chisq 16.3503 (2 df)

Iteration 4:  10000000 integrand evaluations so far
[1] 80.3807 +- 9.43639  	chisq 27.5088 (3 df)

Iteration 5:  15000000 integrand evaluations so far
[1] 90.3608 +- 9.04372  	chisq 41.2345 (4 df)

Iteration 6:  21000000 integrand evaluations so far
[1] 103.535 +- 8.17871  	chisq 52.8842 (5 df)

Iteration 7:  28000000 integrand evaluations so far
[1] 123.337 +- 6.91853  	chisq 73.496 (6 df)

Iteration 8:  36000000 integrand evaluations so far
[1] 140.623 +- 4.78163  	chisq 85.447 (7 df)

Iteration 9:  45000000 integrand evaluations so far
[1] 150.86 +- 4.0276  	chisq 101.224 (8 df)

Iteration 10:  55000000 integrand evaluations so far
[1] 154.442 +- 3.70347  	chisq 106.343 (9 df)
   154.4 ±    3.7        (1.69mi) ┃     186 ±     29        (32.2mi) ┃
┃   52 -    54 ┃   46 -    47 ┃  161.55 ±  0.052        (3.31mi) ┃ -140.36 ±   0.12        (6.62mi) ┃Vegas input parameters:
  ndim 10
  ncomp 1
  nvec 1
  epsrel 0
  epsabs 0
  flags 10
  seed 123456
  mineval 50000000
  maxeval 50000000
  nstart 1000000
  nincrease 1000000
  nbatch 5000
  gridno 0
  statefile ""

Iteration 1:  1000000 integrand evaluations so far
[1] 382.135 +- 256.105  	chisq 0 (0 df)

Iteration 2:  3000000 integrand evaluations so far
[1] 314.124 +- 195.696  	chisq 0.16948 (1 df)

Iteration 3:  6000000 integrand evaluations so far
[1] 12.6519 +- 35.2078  	chisq 2.62204 (2 df)

Iteration 4:  10000000 integrand evaluations so far
[1] -6.8436 +- 23.7109  	chisq 3.18313 (3 df)

Iteration 5:  15000000 integrand evaluations so far
[1] -23.1194 +- 18.8046  	chisq 4.45308 (4 df)

Iteration 6:  21000000 integrand evaluations so far
[1] -16.27 +- 18.2735  	chisq 6.83556 (5 df)

Iteration 7:  28000000 integrand evaluations so far
[1] -17.1095 +- 18.2561  	chisq 7.94368 (6 df)

Iteration 8:  36000000 integrand evaluations so far
[1] -6.26746 +- 17.2779  	chisq 11.3256 (7 df)

Iteration 9:  45000000 integrand evaluations so far
[1] -4.31493 +- 17.1637  	chisq 12.2952 (8 df)

Iteration 10:  55000000 integrand evaluations so far
[1] -3.67838 +- 14.502  	chisq 12.3 (9 df)
      -4 ±     15        (3.46mi) ┃Vegas input parameters:
  ndim 8
  ncomp 1
  nvec 1
  epsrel 0
  epsabs 0
  flags 10
  seed 123456
  mineval 5000000
  maxeval 50000000
  nstart 1000000
  nincrease 1000000
  nbatch 5000
  gridno 0
  statefile ""

Iteration 1:  1000000 integrand evaluations so far
[1] 259.25 +- 54.7692  	chisq 0 (0 df)

Iteration 2:  3000000 integrand evaluations so far
[1] 87.0004 +- 14.5824  	chisq 10.6457 (1 df)

Iteration 3:  6000000 integrand evaluations so far
[1] 89.2649 +- 14.4654  	chisq 12.1548 (2 df)

Iteration 4:  10000000 integrand evaluations so far
[1] 93.5765 +- 13.4999  	chisq 12.8433 (3 df)

Iteration 5:  15000000 integrand evaluations so far
[1] 103.09 +- 12.7506  	chisq 17.4446 (4 df)

Iteration 6:  21000000 integrand evaluations so far
[1] 116.21 +- 8.54908  	chisq 19.3679 (5 df)

Iteration 7:  28000000 integrand evaluations so far
[1] 135.584 +- 5.99259  	chisq 29.4651 (6 df)

Iteration 8:  36000000 integrand evaluations so far
[1] 146.963 +- 4.17512  	chisq 36.4722 (7 df)

Iteration 9:  45000000 integrand evaluations so far
[1] 149.145 +- 3.84798  	chisq 38.2855 (8 df)

Iteration 10:  55000000 integrand evaluations so far
[1] 148.152 +- 2.86505  	chisq 38.435 (9 df)
   148.2 ±    2.9        (1.69mi) ┃     166 ±     15        (15.1mi) ┃
┃   52 -    54 ┃   47 -    48 ┃ 181.682 ±  0.084        (1.69mi) ┃ -158.14 ±   0.16        (13.1mi) ┃Vegas input parameters:
  ndim 10
  ncomp 1
  nvec 1
  epsrel 0
  epsabs 0
  flags 10
  seed 123456
  mineval 50000000
  maxeval 50000000
  nstart 1000000
  nincrease 1000000
  nbatch 5000
  gridno 0
  statefile ""

Iteration 1:  1000000 integrand evaluations so far
[1] -79.0683 +- 57.9489  	chisq 0 (0 df)

Iteration 2:  3000000 integrand evaluations so far
[1] -87.6189 +- 52.4894  	chisq 0.12126 (1 df)

Iteration 3:  6000000 integrand evaluations so far
[1] -87.7246 +- 50.8694  	chisq 0.121327 (2 df)

Iteration 4:  10000000 integrand evaluations so far
[1] -86.538 +- 48.9919  	chisq 0.128836 (3 df)

Iteration 5:  15000000 integrand evaluations so far
[1] -3.69727 +- 35.8147  	chisq 6.2698 (4 df)

Iteration 6:  21000000 integrand evaluations so far
[1] 29.1441 +- 30.9508  	chisq 9.59109 (5 df)

Iteration 7:  28000000 integrand evaluations so far
[1] 15.7848 +- 27.5513  	chisq 10.4885 (6 df)

Iteration 8:  36000000 integrand evaluations so far
[1] 7.5122 +- 23.7326  	chisq 10.8379 (7 df)

Iteration 9:  45000000 integrand evaluations so far
[1] 25.3672 +- 19.1232  	chisq 12.4518 (8 df)

Iteration 10:  55000000 integrand evaluations so far
[1] 13.2526 +- 18.6307  	chisq 20.3448 (9 df)
      13 ±     19        (3.49mi) ┃Vegas input parameters:
  ndim 8
  ncomp 1
  nvec 1
  epsrel 0
  epsabs 0
  flags 10
  seed 123456
  mineval 5000000
  maxeval 50000000
  nstart 1000000
  nincrease 1000000
  nbatch 5000
  gridno 0
  statefile ""

Iteration 1:  1000000 integrand evaluations so far
[1] 151.225 +- 39.3849  	chisq 0 (0 df)

Iteration 2:  3000000 integrand evaluations so far
[1] 155.6 +- 36.8778  	chisq 0.100134 (1 df)

Iteration 3:  6000000 integrand evaluations so far
[1] 155.058 +- 34.6113  	chisq 0.101948 (2 df)

Iteration 4:  10000000 integrand evaluations so far
[1] 165.446 +- 32.6297  	chisq 0.911738 (3 df)

Iteration 5:  15000000 integrand evaluations so far
[1] 120.694 +- 18.4305  	chisq 3.67406 (4 df)

Iteration 6:  21000000 integrand evaluations so far
[1] 123.957 +- 17.8243  	chisq 4.15854 (5 df)

Iteration 7:  28000000 integrand evaluations so far
[1] 126.206 +- 12.4966  	chisq 4.18987 (6 df)

Iteration 8:  36000000 integrand evaluations so far
[1] 131.527 +- 7.82125  	chisq 4.48789 (7 df)

Iteration 9:  45000000 integrand evaluations so far
[1] 132.863 +- 7.73454  	chisq 5.8102 (8 df)

Iteration 10:  55000000 integrand evaluations so far
[1] 141.511 +- 6.34216  	chisq 9.62638 (9 df)
   141.5 ±    6.3        ( 1.7mi) ┃     178 ±     20        (  20mi) ┃
┃   52 -    54 ┃   48 -    49 ┃ 186.364 ±  0.081        (3.38mi) ┃-161.071 ±  0.062        (52.1mi) ┃Vegas input parameters:
  ndim 10
  ncomp 1
  nvec 1
  epsrel 0
  epsabs 0
  flags 10
  seed 123456
  mineval 50000000
  maxeval 50000000
  nstart 1000000
  nincrease 1000000
  nbatch 5000
  gridno 0
  statefile ""

Iteration 1:  1000000 integrand evaluations so far
[1] -749.478 +- 565.365  	chisq 0 (0 df)

Iteration 2:  3000000 integrand evaluations so far
[1] 9.17691 +- 24.0976  	chisq 1.80394 (1 df)

Iteration 3:  6000000 integrand evaluations so far
[1] 1.33911 +- 23.6252  	chisq 4.52859 (2 df)

Iteration 4:  10000000 integrand evaluations so far
[1] -17.5081 +- 17.3197  	chisq 5.90444 (3 df)

Iteration 5:  15000000 integrand evaluations so far
[1] -14.2572 +- 15.8951  	chisq 6.1278 (4 df)

Iteration 6:  21000000 integrand evaluations so far
[1] -8.49527 +- 15.2076  	chisq 7.68039 (5 df)

Iteration 7:  28000000 integrand evaluations so far
[1] -8.06966 +- 13.6683  	chisq 7.68446 (6 df)

Iteration 8:  36000000 integrand evaluations so far
[1] -9.21087 +- 12.2896  	chisq 7.72086 (7 df)

Iteration 9:  45000000 integrand evaluations so far
[1] -5.50505 +- 11.7484  	chisq 8.7764 (8 df)

Iteration 10:  55000000 integrand evaluations so far
[1] -4.98085 +- 11.096  	chisq 8.79484 (9 df)
      -5 ±     11        (3.48mi) ┃Vegas input parameters:
  ndim 8
  ncomp 1
  nvec 1
  epsrel 0
  epsabs 0
  flags 10
  seed 123456
  mineval 5000000
  maxeval 50000000
  nstart 1000000
  nincrease 1000000
  nbatch 5000
  gridno 0
  statefile ""

Iteration 1:  1000000 integrand evaluations so far
[1] 200.951 +- 47.9357  	chisq 0 (0 df)

Iteration 2:  3000000 integrand evaluations so far
[1] 33.196 +- 6.16603  	chisq 12.4532 (1 df)

Iteration 3:  6000000 integrand evaluations so far
[1] 35.1719 +- 6.09296  	chisq 16.8115 (2 df)

Iteration 4:  10000000 integrand evaluations so far
[1] 41.8206 +- 5.87491  	chisq 33.7513 (3 df)

Iteration 5:  15000000 integrand evaluations so far
[1] 55.2236 +- 5.45167  	chisq 71.2247 (4 df)

Iteration 6:  21000000 integrand evaluations so far
[1] 62.9717 +- 5.24495  	chisq 98.3739 (5 df)

Iteration 7:  28000000 integrand evaluations so far
[1] 91.7013 +- 4.22657  	chisq 183.945 (6 df)

Iteration 8:  36000000 integrand evaluations so far
[1] 102.815 +- 3.94616  	chisq 237.842 (7 df)

Iteration 9:  45000000 integrand evaluations so far
[1] 119.512 +- 3.19231  	chisq 289.65 (8 df)

Iteration 10:  55000000 integrand evaluations so far
[1] 137.427 +- 2.35215  	chisq 358.544 (9 df)
   137.4 ±    2.4        (1.72mi) ┃     158 ±     11        (1.01hr) ┃
┃   52 -    54 ┃   49 -    50 ┃ 161.432 ±   0.09        ( 3.3mi) ┃-139.883 ±  0.097        (50.8mi) ┃Vegas input parameters:
  ndim 10
  ncomp 1
  nvec 1
  epsrel 0
  epsabs 0
  flags 10
  seed 123456
  mineval 50000000
  maxeval 50000000
  nstart 1000000
  nincrease 1000000
  nbatch 5000
  gridno 0
  statefile ""

Iteration 1:  1000000 integrand evaluations so far
[1] 36.0939 +- 100.965  	chisq 0 (0 df)

Iteration 2:  3000000 integrand evaluations so far
[1] 1.70743 +- 93.3405  	chisq 0.798176 (1 df)

Iteration 3:  6000000 integrand evaluations so far
[1] 30.4792 +- 31.9409  	chisq 0.905793 (2 df)

Iteration 4:  10000000 integrand evaluations so far
[1] 25.8125 +- 31.6379  	chisq 2.03637 (3 df)

Iteration 5:  15000000 integrand evaluations so far
[1] 20.42 +- 27.6999  	chisq 2.16082 (4 df)

Iteration 6:  21000000 integrand evaluations so far
[1] 17.823 +- 26.9899  	chisq 2.33449 (5 df)

Iteration 7:  28000000 integrand evaluations so far
[1] 17.2023 +- 23.9464  	chisq 2.33698 (6 df)

Iteration 8:  36000000 integrand evaluations so far
[1] 30.9299 +- 22.2191  	chisq 4.70033 (7 df)

Iteration 9:  45000000 integrand evaluations so far
[1] 28.2483 +- 21.2383  	chisq 4.86904 (8 df)

Iteration 10:  55000000 integrand evaluations so far
[1] 30.4238 +- 19.2982  	chisq 4.92922 (9 df)
      30 ±     19        (3.46mi) ┃Vegas input parameters:
  ndim 8
  ncomp 1
  nvec 1
  epsrel 0
  epsabs 0
  flags 10
  seed 123456
  mineval 5000000
  maxeval 50000000
  nstart 1000000
  nincrease 1000000
  nbatch 5000
  gridno 0
  statefile ""

Iteration 1:  1000000 integrand evaluations so far
[1] 217.492 +- 51.076  	chisq 0 (0 df)

Iteration 2:  3000000 integrand evaluations so far
[1] 222.242 +- 50.3066  	chisq 0.289313 (1 df)

Iteration 3:  6000000 integrand evaluations so far
[1] 193.404 +- 41.1916  	chisq 1.28647 (2 df)

Iteration 4:  10000000 integrand evaluations so far
[1] 135.366 +- 25.4189  	chisq 4.49254 (3 df)

Iteration 5:  15000000 integrand evaluations so far
[1] 144.379 +- 18.7074  	chisq 4.7668 (4 df)

Iteration 6:  21000000 integrand evaluations so far
[1] 152.906 +- 14.594  	chisq 5.2977 (5 df)

Iteration 7:  28000000 integrand evaluations so far
[1] 154.125 +- 12.6863  	chisq 5.32623 (6 df)

Iteration 8:  36000000 integrand evaluations so far
[1] 155.907 +- 10.4762  	chisq 5.38826 (7 df)

Iteration 9:  45000000 integrand evaluations so far
[1] 147.884 +- 7.49042  	chisq 6.58819 (8 df)

Iteration 10:  55000000 integrand evaluations so far
[1] 149.851 +- 5.1792  	chisq 6.72034 (9 df)
   149.9 ±    5.2        (1.68mi) ┃     202 ±     20        (59.3mi) ┃
┃   52 -    54 ┃   50 -    51 ┃  188.06 ±    0.1        (1.61mi) ┃-163.454 ±  0.073        (3.25mi) ┃Vegas input parameters:
  ndim 10
  ncomp 1
  nvec 1
  epsrel 0
  epsabs 0
  flags 10
  seed 123456
  mineval 50000000
  maxeval 50000000
  nstart 1000000
  nincrease 1000000
  nbatch 5000
  gridno 0
  statefile ""

Iteration 1:  1000000 integrand evaluations so far
[1] 1.51307 +- 143.409  	chisq 0 (0 df)

Iteration 2:  3000000 integrand evaluations so far
[1] -5.46078 +- 143.248  	chisq 1.05027 (1 df)

Iteration 3:  6000000 integrand evaluations so far
[1] 41.2255 +- 133.356  	chisq 1.84688 (2 df)

Iteration 4:  10000000 integrand evaluations so far
[1] 36.8897 +- 52.5888  	chisq 1.84814 (3 df)

Iteration 5:  15000000 integrand evaluations so far
[1] 9.07517 +- 15.5907  	chisq 2.15483 (4 df)

Iteration 6:  21000000 integrand evaluations so far
[1] 11.0031 +- 13.9434  	chisq 2.23123 (5 df)

Iteration 7:  28000000 integrand evaluations so far
[1] 11.2418 +- 13.8919  	chisq 2.27101 (6 df)

Iteration 8:  36000000 integrand evaluations so far
[1] 9.13456 +- 12.7516  	chisq 2.41716 (7 df)

Iteration 9:  45000000 integrand evaluations so far
[1] 9.29143 +- 12.5897  	chisq 2.42316 (8 df)

Iteration 10:  55000000 integrand evaluations so far
[1] 8.42898 +- 12.4338  	chisq 2.61375 (9 df)
       8 ±     12        (3.43mi) ┃Vegas input parameters:
  ndim 8
  ncomp 1
  nvec 1
  epsrel 0
  epsabs 0
  flags 10
  seed 123456
  mineval 5000000
  maxeval 50000000
  nstart 1000000
  nincrease 1000000
  nbatch 5000
  gridno 0
  statefile ""

Iteration 1:  1000000 integrand evaluations so far
[1] 154.142 +- 45.2  	chisq 0 (0 df)

Iteration 2:  3000000 integrand evaluations so far
[1] 95.9124 +- 26.1047  	chisq 2.49023 (1 df)

Iteration 3:  6000000 integrand evaluations so far
[1] 94.2999 +- 23.2906  	chisq 2.50893 (2 df)

Iteration 4:  10000000 integrand evaluations so far
[1] 97.4869 +- 18.3108  	chisq 2.55796 (3 df)

Iteration 5:  15000000 integrand evaluations so far
[1] 98.7971 +- 12.528  	chisq 2.56758 (4 df)

Iteration 6:  21000000 integrand evaluations so far
[1] 108.287 +- 11.5062  	chisq 6.23437 (5 df)

Iteration 7:  28000000 integrand evaluations so far
[1] 117.909 +- 6.17844  	chisq 7.21709 (6 df)

Iteration 8:  36000000 integrand evaluations so far
[1] 129.203 +- 3.80273  	chisq 12.5958 (7 df)

Iteration 9:  45000000 integrand evaluations so far
[1] 132.357 +- 2.59556  	chisq 13.8841 (8 df)

Iteration 10:  55000000 integrand evaluations so far
[1] 132.363 +- 2.59555  	chisq 14.9896 (9 df)
   132.4 ±    2.6        (1.71mi) ┃     165 ±     13        (  10mi) ┃
┃   52 -    54 ┃   51 -    52 ┃  157.46 ±   0.15        (3.03mi) ┃-137.082 ±  0.013        (6.61mi) ┃Vegas input parameters:
  ndim 10
  ncomp 1
  nvec 1
  epsrel 0
  epsabs 0
  flags 10
  seed 123456
  mineval 50000000
  maxeval 50000000
  nstart 1000000
  nincrease 1000000
  nbatch 5000
  gridno 0
  statefile ""

Iteration 1:  1000000 integrand evaluations so far
[1] -99.7145 +- 120.324  	chisq 0 (0 df)

Iteration 2:  3000000 integrand evaluations so far
[1] -129.735 +- 111.753  	chisq 0.453041 (1 df)

Iteration 3:  6000000 integrand evaluations so far
[1] -23.8294 +- 76.1788  	chisq 2.13073 (2 df)

Iteration 4:  10000000 integrand evaluations so far
[1] -27.1516 +- 44.0024  	chisq 2.13359 (3 df)

Iteration 5:  15000000 integrand evaluations so far
[1] -27.881 +- 43.8589  	chisq 2.17579 (4 df)

Iteration 6:  21000000 integrand evaluations so far
[1] 21.4631 +- 30.9615  	chisq 4.69895 (5 df)

Iteration 7:  28000000 integrand evaluations so far
[1] 28.8253 +- 29.8134  	chisq 5.4758 (6 df)

Iteration 8:  36000000 integrand evaluations so far
[1] 25.3519 +- 29.6527  	chisq 6.73819 (7 df)

Iteration 9:  45000000 integrand evaluations so far
[1] 26.6008 +- 29.6249  	chisq 7.6818 (8 df)

Iteration 10:  55000000 integrand evaluations so far
[1] 28.1865 +- 29.5576  	chisq 8.31313 (9 df)
      28 ±     30        (3.48mi) ┃Vegas input parameters:
  ndim 8
  ncomp 1
  nvec 1
  epsrel 0
  epsabs 0
  flags 10
  seed 123456
  mineval 5000000
  maxeval 50000000
  nstart 1000000
  nincrease 1000000
  nbatch 5000
  gridno 0
  statefile ""

Iteration 1:  1000000 integrand evaluations so far
[1] 75.76 +- 23.9788  	chisq 0 (0 df)

Iteration 2:  3000000 integrand evaluations so far
[1] 25.0726 +- 7.53502  	chisq 4.95791 (1 df)

Iteration 3:  6000000 integrand evaluations so far
[1] 25.3726 +- 7.52973  	chisq 6.08674 (2 df)

Iteration 4:  10000000 integrand evaluations so far
[1] 31.8419 +- 6.0617  	chisq 8.18428 (3 df)

Iteration 5:  15000000 integrand evaluations so far
[1] 32.0931 +- 6.0583  	chisq 9.71448 (4 df)

Iteration 6:  21000000 integrand evaluations so far
[1] 41.8866 +- 5.39941  	chisq 22.4193 (5 df)

Iteration 7:  28000000 integrand evaluations so far
[1] 43.3456 +- 5.36152  	chisq 27.6398 (6 df)

Iteration 8:  36000000 integrand evaluations so far
[1] 66.9365 +- 4.27203  	chisq 80.6644 (7 df)

Iteration 9:  45000000 integrand evaluations so far
[1] 67.6779 +- 4.26224  	chisq 87.2462 (8 df)

Iteration 10:  55000000 integrand evaluations so far
[1] 69.3562 +- 4.22896  	chisq 97.2146 (9 df)
    69.4 ±    4.2        (1.71mi) ┃     118 ±     30        (14.8mi) ┃
┃   52 -    54 ┃   52 -    53 ┃ 142.494 ±  0.095        (5.91mi) ┃-124.261 ±  0.063        (12.6mi) ┃Vegas input parameters:
  ndim 10
  ncomp 1
  nvec 1
  epsrel 0
  epsabs 0
  flags 10
  seed 123456
  mineval 50000000
  maxeval 50000000
  nstart 1000000
  nincrease 1000000
  nbatch 5000
  gridno 0
  statefile ""

Iteration 1:  1000000 integrand evaluations so far
[1] 121.996 +- 210.771  	chisq 0 (0 df)

Iteration 2:  3000000 integrand evaluations so far
[1] 72.8705 +- 54.4136  	chisq 0.058203 (1 df)

Iteration 3:  6000000 integrand evaluations so far
[1] 14.2841 +- 35.1618  	chisq 2.04856 (2 df)

Iteration 4:  10000000 integrand evaluations so far
[1] 12.1763 +- 34.8862  	chisq 2.27874 (3 df)

Iteration 5:  15000000 integrand evaluations so far
[1] 15.6273 +- 34.7751  	chisq 3.81763 (4 df)

Iteration 6:  21000000 integrand evaluations so far
[1] 41.4868 +- 29.927  	chisq 5.94944 (5 df)

Iteration 7:  28000000 integrand evaluations so far
[1] 41.4235 +- 27.8093  	chisq 5.94948 (6 df)

Iteration 8:  36000000 integrand evaluations so far
[1] 22.0968 +- 23.3339  	chisq 7.58139 (7 df)

Iteration 9:  45000000 integrand evaluations so far
[1] 21.1593 +- 23.2597  	chisq 7.83573 (8 df)

Iteration 10:  55000000 integrand evaluations so far
[1] 23.2896 +- 23.1341  	chisq 8.61414 (9 df)
      23 ±     23        (3.51mi) ┃Vegas input parameters:
  ndim 8
  ncomp 1
  nvec 1
  epsrel 0
  epsabs 0
  flags 10
  seed 123456
  mineval 5000000
  maxeval 50000000
  nstart 1000000
  nincrease 1000000
  nbatch 5000
  gridno 0
  statefile ""

Iteration 1:  1000000 integrand evaluations so far
[1] 175.023 +- 43.1489  	chisq 0 (0 df)

Iteration 2:  3000000 integrand evaluations so far
[1] 177.838 +- 42.2185  	chisq 0.099764 (1 df)

Iteration 3:  6000000 integrand evaluations so far
[1] 151.67 +- 33.862  	chisq 1.17687 (2 df)

Iteration 4:  10000000 integrand evaluations so far
[1] 95.9899 +- 14.2342  	chisq 4.46096 (3 df)

Iteration 5:  15000000 integrand evaluations so far
[1] 91.4537 +- 7.86642  	chisq 4.60717 (4 df)

Iteration 6:  21000000 integrand evaluations so far
[1] 104.202 +- 5.92723  	chisq 10.6825 (5 df)

Iteration 7:  28000000 integrand evaluations so far
[1] 110.481 +- 3.98447  	chisq 12.73 (6 df)

Iteration 8:  36000000 integrand evaluations so far
[1] 118.887 +- 3.18977  	chisq 25.1252 (7 df)

Iteration 9:  45000000 integrand evaluations so far
[1] 122.89 +- 2.92881  	chisq 35.1614 (8 df)

Iteration 10:  55000000 integrand evaluations so far
[1] 129.077 +- 2.42322  	chisq 49.3086 (9 df)
   129.1 ±    2.4        (1.72mi) ┃     171 ±     23        (23.7mi) ┃
┃   52 -    54 ┃   53 -    54 ┃  183.16 ±   0.13        (2.94mi) ┃-159.018 ±  0.059        (12.7mi) ┃Vegas input parameters:
  ndim 10
  ncomp 1
  nvec 1
  epsrel 0
  epsabs 0
  flags 10
  seed 123456
  mineval 50000000
  maxeval 50000000
  nstart 1000000
  nincrease 1000000
  nbatch 5000
  gridno 0
  statefile ""

Iteration 1:  1000000 integrand evaluations so far
[1] 151.284 +- 135.751  	chisq 0 (0 df)

Iteration 2:  3000000 integrand evaluations so far
[1] -51.3288 +- 45.3  	chisq 2.50677 (1 df)

Iteration 3:  6000000 integrand evaluations so far
[1] -42.3101 +- 44.5661  	chisq 3.74002 (2 df)

Iteration 4:  10000000 integrand evaluations so far
[1] -1.23279 +- 32.6097  	chisq 5.56864 (3 df)

Iteration 5:  15000000 integrand evaluations so far
[1] 15.3478 +- 21.3861  	chisq 6.02228 (4 df)

Iteration 6:  21000000 integrand evaluations so far
[1] 29.5802 +- 18.7566  	chisq 7.94129 (5 df)

Iteration 7:  28000000 integrand evaluations so far
[1] 26.8787 +- 18.6361  	chisq 9.56051 (6 df)

Iteration 8:  36000000 integrand evaluations so far
[1] 7.36047 +- 16.7891  	chisq 15.3828 (7 df)

Iteration 9:  45000000 integrand evaluations so far
[1] 7.34047 +- 15.5949  	chisq 15.3828 (8 df)

Iteration 10:  55000000 integrand evaluations so far
[1] 18.2426 +- 14.0487  	chisq 17.976 (9 df)
      18 ±     14        (3.47mi) ┃Vegas input parameters:
  ndim 8
  ncomp 1
  nvec 1
  epsrel 0
  epsabs 0
  flags 10
  seed 123456
  mineval 5000000
  maxeval 50000000
  nstart 1000000
  nincrease 1000000
  nbatch 5000
  gridno 0
  statefile ""

Iteration 1:  1000000 integrand evaluations so far
[1] 90.395 +- 27.2617  	chisq 0 (0 df)

Iteration 2:  3000000 integrand evaluations so far
[1] 15.1543 +- 4.10942  	chisq 7.79436 (1 df)

Iteration 3:  6000000 integrand evaluations so far
[1] 18.0694 +- 3.79564  	chisq 11.2202 (2 df)

Iteration 4:  10000000 integrand evaluations so far
[1] 18.3025 +- 3.79321  	chisq 14.1663 (3 df)

Iteration 5:  15000000 integrand evaluations so far
[1] 21.2857 +- 3.73007  	chisq 32.9027 (4 df)

Iteration 6:  21000000 integrand evaluations so far
[1] 26.662 +- 3.61023  	chisq 65.7624 (5 df)

Iteration 7:  28000000 integrand evaluations so far
[1] 51.1222 +- 3.00068  	chisq 214.235 (6 df)

Iteration 8:  36000000 integrand evaluations so far
[1] 78.9894 +- 2.19431  	chisq 399.618 (7 df)

Iteration 9:  45000000 integrand evaluations so far
[1] 79.3513 +- 2.18982  	chisq 406.264 (8 df)

Iteration 10:  55000000 integrand evaluations so far
[1] 84.7453 +- 2.01256  	chisq 445.322 (9 df)
    84.7 ±      2        (1.75mi) ┃     127 ±     14        (20.9mi) ┃
┃   52 -    54 ┃   54 -    55 ┃ 142.823 ±  0.054        ( 5.8mi) ┃-123.779 ±  0.076        (12.9mi) ┃Vegas input parameters:
  ndim 10
  ncomp 1
  nvec 1
  epsrel 0
  epsabs 0
  flags 10
  seed 123456
  mineval 50000000
  maxeval 50000000
  nstart 1000000
  nincrease 1000000
  nbatch 5000
  gridno 0
  statefile ""

Iteration 1:  1000000 integrand evaluations so far
[1] -252.061 +- 210.824  	chisq 0 (0 df)

Iteration 2:  3000000 integrand evaluations so far
[1] -109.972 +- 178.606  	chisq 1.60914 (1 df)

Iteration 3:  6000000 integrand evaluations so far
[1] -92.3121 +- 177.816  	chisq 2.71636 (2 df)

Iteration 4:  10000000 integrand evaluations so far
[1] 48.9529 +- 63.7225  	chisq 3.4405 (3 df)

Iteration 5:  15000000 integrand evaluations so far
[1] -1.96058 +- 51.7127  	chisq 5.31029 (4 df)

Iteration 6:  21000000 integrand evaluations so far
[1] 11.6246 +- 49.8597  	chisq 6.29088 (5 df)

Iteration 7:  28000000 integrand evaluations so far
[1] 23.957 +- 43.8026  	chisq 6.55896 (6 df)

Iteration 8:  36000000 integrand evaluations so far
[1] 5.87534 +- 39.2305  	chisq 7.42019 (7 df)

Iteration 9:  45000000 integrand evaluations so far
[1] 35.8219 +- 28.3254  	chisq 8.63749 (8 df)

Iteration 10:  55000000 integrand evaluations so far
[1] 20.8551 +- 18.2023  	chisq 9.11308 (9 df)
      21 ±     18        (3.49mi) ┃Vegas input parameters:
  ndim 8
  ncomp 1
  nvec 1
  epsrel 0
  epsabs 0
  flags 10
  seed 123456
  mineval 5000000
  maxeval 50000000
  nstart 1000000
  nincrease 1000000
  nbatch 5000
  gridno 0
  statefile ""

Iteration 1:  1000000 integrand evaluations so far
[1] 125.375 +- 32.9222  	chisq 0 (0 df)

Iteration 2:  3000000 integrand evaluations so far
[1] 59.3924 +- 15.4694  	chisq 5.15495 (1 df)

Iteration 3:  6000000 integrand evaluations so far
[1] 59.5735 +- 15.4684  	chisq 6.22744 (2 df)

Iteration 4:  10000000 integrand evaluations so far
[1] 61.2714 +- 14.3916  	chisq 6.31711 (3 df)

Iteration 5:  15000000 integrand evaluations so far
[1] 58.5909 +- 8.15991  	chisq 6.36823 (4 df)

Iteration 6:  21000000 integrand evaluations so far
[1] 62.1609 +- 8.06207  	chisq 14.3986 (5 df)

Iteration 7:  28000000 integrand evaluations so far
[1] 62.4995 +- 8.05903  	chisq 16.7352 (6 df)

Iteration 8:  36000000 integrand evaluations so far
[1] 75.2362 +- 6.63243  	chisq 24.4752 (7 df)

Iteration 9:  45000000 integrand evaluations so far
[1] 95.938 +- 4.77699  	chisq 44.7198 (8 df)

Iteration 10:  55000000 integrand evaluations so far
[1] 96.0365 +- 4.77613  	chisq 45.9037 (9 df)
      96 ±    4.8        (1.72mi) ┃     136 ±     19        (23.9mi) ┃
┃   52 -    54 ┃   55 -    56 ┃  153.64 ±   0.13        (1.67mi) ┃-133.822 ±  0.062        (6.39mi) ┃Vegas input parameters:
  ndim 10
  ncomp 1
  nvec 1
  epsrel 0
  epsabs 0
  flags 10
  seed 123456
  mineval 50000000
  maxeval 50000000
  nstart 1000000
  nincrease 1000000
  nbatch 5000
  gridno 0
  statefile ""

Iteration 1:  1000000 integrand evaluations so far
[1] -22.9351 +- 52.092  	chisq 0 (0 df)

Iteration 2:  3000000 integrand evaluations so far
[1] -22.6472 +- 31.5291  	chisq 4.81809e-05 (1 df)

Iteration 3:  6000000 integrand evaluations so far
[1] -11.9443 +- 21.5495  	chisq 0.216306 (2 df)

Iteration 4:  10000000 integrand evaluations so far
[1] -10.5632 +- 20.201  	chisq 0.250185 (3 df)

Iteration 5:  15000000 integrand evaluations so far
[1] -13.6625 +- 19.896  	chisq 1.03554 (4 df)

Iteration 6:  21000000 integrand evaluations so far
[1] -14.5399 +- 19.8731  	chisq 1.88202 (5 df)

Iteration 7:  28000000 integrand evaluations so far
[1] -8.83248 +- 18.2902  	chisq 2.42125 (6 df)

Iteration 8:  36000000 integrand evaluations so far
[1] -10.7113 +- 18.2339  	chisq 4.13736 (7 df)

Iteration 9:  45000000 integrand evaluations so far
[1] -9.6273 +- 17.5742  	chisq 4.1871 (8 df)

Iteration 10:  55000000 integrand evaluations so far
[1] -8.81676 +- 17.5476  	chisq 4.89051 (9 df)
      -9 ±     18        (3.47mi) ┃Vegas input parameters:
  ndim 8
  ncomp 1
  nvec 1
  epsrel 0
  epsabs 0
  flags 10
  seed 123456
  mineval 5000000
  maxeval 50000000
  nstart 1000000
  nincrease 1000000
  nbatch 5000
  gridno 0
  statefile ""

Iteration 1:  1000000 integrand evaluations so far
[1] 222.659 +- 50.141  	chisq 0 (0 df)

Iteration 2:  3000000 integrand evaluations so far
[1] 224.131 +- 50.1135  	chisq 0.785679 (1 df)

Iteration 3:  6000000 integrand evaluations so far
[1] 148.128 +- 31.7753  	chisq 4.6323 (2 df)

Iteration 4:  10000000 integrand evaluations so far
[1] 141.356 +- 26.9043  	chisq 4.79273 (3 df)

Iteration 5:  15000000 integrand evaluations so far
[1] 106.951 +- 13.5834  	chisq 6.98748 (4 df)

Iteration 6:  21000000 integrand evaluations so far
[1] 92.95 +- 5.95884  	chisq 8.30313 (5 df)

Iteration 7:  28000000 integrand evaluations so far
[1] 98.2935 +- 3.5921  	chisq 9.56629 (6 df)

Iteration 8:  36000000 integrand evaluations so far
[1] 96.8548 +- 1.9887  	chisq 9.79759 (7 df)

Iteration 9:  45000000 integrand evaluations so far
[1] 96.8945 +- 1.98833  	chisq 10.8591 (8 df)

Iteration 10:  55000000 integrand evaluations so far
[1] 97.7984 +- 1.9631  	chisq 19.0554 (9 df)
    97.8 ±      2        (1.74mi) ┃     109 ±     18        (13.3mi) ┃
┃   52 -    54 ┃   56 -    57 ┃  151.36 ±   0.14        ( 29.8s) ┃-131.751 ±  0.069        (25.2mi) ┃Vegas input parameters:
  ndim 10
  ncomp 1
  nvec 1
  epsrel 0
  epsabs 0
  flags 10
  seed 123456
  mineval 50000000
  maxeval 50000000
  nstart 1000000
  nincrease 1000000
  nbatch 5000
  gridno 0
  statefile ""

Iteration 1:  1000000 integrand evaluations so far
[1] 45.1511 +- 37.3389  	chisq 0 (0 df)

Iteration 2:  3000000 integrand evaluations so far
[1] 42.1915 +- 37.222  	chisq 1.00527 (1 df)

Iteration 3:  6000000 integrand evaluations so far
[1] 31.0819 +- 35.9834  	chisq 2.36643 (2 df)

Iteration 4:  10000000 integrand evaluations so far
[1] 34.8869 +- 35.665  	chisq 3.00119 (3 df)

Iteration 5:  15000000 integrand evaluations so far
[1] 32.1633 +- 29.2093  	chisq 3.0189 (4 df)

Iteration 6:  21000000 integrand evaluations so far
[1] 34.789 +- 29.0209  	chisq 3.64726 (5 df)

Iteration 7:  28000000 integrand evaluations so far
[1] 14.8923 +- 27.2882  	chisq 7.70487 (6 df)

Iteration 8:  36000000 integrand evaluations so far
[1] -1.31547 +- 24.3435  	chisq 9.43262 (7 df)

Iteration 9:  45000000 integrand evaluations so far
[1] -10.5147 +- 22.3197  	chisq 10.3288 (8 df)

Iteration 10:  55000000 integrand evaluations so far
[1] -12.4798 +- 22.1882  	chisq 10.9885 (9 df)
     -12 ±     22        (3.48mi) ┃Vegas input parameters:
  ndim 8
  ncomp 1
  nvec 1
  epsrel 0
  epsabs 0
  flags 10
  seed 123456
  mineval 5000000
  maxeval 50000000
  nstart 1000000
  nincrease 1000000
  nbatch 5000
  gridno 0
  statefile ""

Iteration 1:  1000000 integrand evaluations so far
[1] 144.318 +- 42.3387  	chisq 0 (0 df)

Iteration 2:  3000000 integrand evaluations so far
[1] 145.065 +- 40.2719  	chisq 0.00326488 (1 df)

Iteration 3:  6000000 integrand evaluations so far
[1] 75.9159 +- 20.8251  	chisq 4.02765 (2 df)

Iteration 4:  10000000 integrand evaluations so far
[1] 79.3388 +- 19.8796  	chisq 4.3321 (3 df)

Iteration 5:  15000000 integrand evaluations so far
[1] 85.7818 +- 16.7437  	chisq 4.69355 (4 df)

Iteration 6:  21000000 integrand evaluations so far
[1] 82.7023 +- 7.79031  	chisq 4.73673 (5 df)

Iteration 7:  28000000 integrand evaluations so far
[1] 92.1107 +- 5.84533  	chisq 8.07439 (6 df)

Iteration 8:  36000000 integrand evaluations so far
[1] 100.144 +- 3.43418  	chisq 10.9587 (7 df)

Iteration 9:  45000000 integrand evaluations so far
[1] 104.249 +- 1.93355  	chisq 13.0504 (8 df)

Iteration 10:  55000000 integrand evaluations so far
[1] 105.122 +- 1.84264  	chisq 15.2705 (9 df)
   105.1 ±    1.8        (1.72mi) ┃     112 ±     22        (30.9mi) ┃
┃   52 -    54 ┃   57 -    58 ┃ 131.491 ±  0.079        (1.48mi) ┃-113.716 ±  0.073        (3.26mi) ┃Vegas input parameters:
  ndim 10
  ncomp 1
  nvec 1
  epsrel 0
  epsabs 0
  flags 10
  seed 123456
  mineval 50000000
  maxeval 50000000
  nstart 1000000
  nincrease 1000000
  nbatch 5000
  gridno 0
  statefile ""

Iteration 1:  1000000 integrand evaluations so far
[1] -88.9097 +- 96.9869  	chisq 0 (0 df)

Iteration 2:  3000000 integrand evaluations so far
[1] -106.782 +- 73.3656  	chisq 0.079379 (1 df)

Iteration 3:  6000000 integrand evaluations so far
[1] -95.4307 +- 72.388  	chisq 0.983659 (2 df)

Iteration 4:  10000000 integrand evaluations so far
[1] -39.6478 +- 32.7311  	chisq 1.73011 (3 df)

Iteration 5:  15000000 integrand evaluations so far
[1] 0.38484 +- 23.5465  	chisq 4.83065 (4 df)

Iteration 6:  21000000 integrand evaluations so far
[1] -0.0304949 +- 20.4853  	chisq 4.83193 (5 df)

Iteration 7:  28000000 integrand evaluations so far
[1] 5.45729 +- 17.8797  	chisq 5.1332 (6 df)

Iteration 8:  36000000 integrand evaluations so far
[1] 2.35044 +- 17.663  	chisq 6.38677 (7 df)

Iteration 9:  45000000 integrand evaluations so far
[1] -1.59973 +- 14.8256  	chisq 6.55604 (8 df)

Iteration 10:  55000000 integrand evaluations so far
[1] -0.817945 +- 14.4826  	chisq 6.61683 (9 df)
      -1 ±     14        ( 3.4mi) ┃Vegas input parameters:
  ndim 8
  ncomp 1
  nvec 1
  epsrel 0
  epsabs 0
  flags 10
  seed 123456
  mineval 5000000
  maxeval 50000000
  nstart 1000000
  nincrease 1000000
  nbatch 5000
  gridno 0
  statefile ""

Iteration 1:  1000000 integrand evaluations so far
[1] 245.835 +- 53.8977  	chisq 0 (0 df)

Iteration 2:  3000000 integrand evaluations so far
[1] 186.648 +- 34.9224  	chisq 2.07845 (1 df)

Iteration 3:  6000000 integrand evaluations so far
[1] 87.2292 +- 13.407  	chisq 11.584 (2 df)

Iteration 4:  10000000 integrand evaluations so far
[1] 91.672 +- 10.7379  	chisq 11.8903 (3 df)

Iteration 5:  15000000 integrand evaluations so far
[1] 93.9932 +- 10.6547  	chisq 14.9202 (4 df)

Iteration 6:  21000000 integrand evaluations so far
[1] 109.987 +- 8.25533  	chisq 20.5582 (5 df)

Iteration 7:  28000000 integrand evaluations so far
[1] 110.143 +- 8.25399  	chisq 21.6517 (6 df)

Iteration 8:  36000000 integrand evaluations so far
[1] 114.037 +- 7.61228  	chisq 23.1411 (7 df)

Iteration 9:  45000000 integrand evaluations so far
[1] 117.384 +- 7.30013  	chisq 25.5469 (8 df)

Iteration 10:  55000000 integrand evaluations so far
[1] 122.136 +- 6.57879  	chisq 27.8027 (9 df)
   122.1 ±    6.6        (1.72mi) ┃     139 ±     16        (9.87mi) ┃
┃   52 -    54 ┃   58 -    59 ┃  150.02 ±    0.1        (5.61mi) ┃ -129.96 ±    0.1        (24.8mi) ┃Vegas input parameters:
  ndim 10
  ncomp 1
  nvec 1
  epsrel 0
  epsabs 0
  flags 10
  seed 123456
  mineval 50000000
  maxeval 50000000
  nstart 1000000
  nincrease 1000000
  nbatch 5000
  gridno 0
  statefile ""

Iteration 1:  1000000 integrand evaluations so far
[1] -74.2587 +- 36.6352  	chisq 0 (0 df)

Iteration 2:  3000000 integrand evaluations so far
[1] -78.8514 +- 35.8264  	chisq 0.359904 (1 df)

Iteration 3:  6000000 integrand evaluations so far
[1] -69.2326 +- 34.1755  	chisq 1.16048 (2 df)

Iteration 4:  10000000 integrand evaluations so far
[1] -70.3109 +- 34.156  	chisq 2.03228 (3 df)

Iteration 5:  15000000 integrand evaluations so far
[1] -6.66486 +- 15.7507  	chisq 6.44231 (4 df)

Iteration 6:  21000000 integrand evaluations so far
[1] -8.7243 +- 15.6011  	chisq 7.34715 (5 df)

Iteration 7:  28000000 integrand evaluations so far
[1] -13.032 +- 13.7837  	chisq 7.69461 (6 df)

Iteration 8:  36000000 integrand evaluations so far
[1] -12.8676 +- 13.7245  	chisq 7.71125 (7 df)

Iteration 9:  45000000 integrand evaluations so far
[1] -9.61341 +- 13.5616  	chisq 10.0927 (8 df)

Iteration 10:  55000000 integrand evaluations so far
[1] -9.42531 +- 13.5599  	chisq 10.8497 (9 df)
      -9 ±     14        (3.41mi) ┃Vegas input parameters:
  ndim 8
  ncomp 1
  nvec 1
  epsrel 0
  epsabs 0
  flags 10
  seed 123456
  mineval 5000000
  maxeval 50000000
  nstart 1000000
  nincrease 1000000
  nbatch 5000
  gridno 0
  statefile ""

Iteration 1:  1000000 integrand evaluations so far
[1] 242.263 +- 51.4243  	chisq 0 (0 df)

Iteration 2:  3000000 integrand evaluations so far
[1] 222.208 +- 46.0904  	chisq 0.773276 (1 df)

Iteration 3:  6000000 integrand evaluations so far
[1] 127.636 +- 24.2111  	chisq 6.58795 (2 df)

Iteration 4:  10000000 integrand evaluations so far
[1] 134.343 +- 22.2122  	chisq 7.07273 (3 df)

Iteration 5:  15000000 integrand evaluations so far
[1] 107.68 +- 10.5433  	chisq 8.93267 (4 df)

Iteration 6:  21000000 integrand evaluations so far
[1] 116.096 +- 6.13779  	chisq 9.89646 (5 df)

Iteration 7:  28000000 integrand evaluations so far
[1] 121.13 +- 4.3174  	chisq 11.2277 (6 df)

Iteration 8:  36000000 integrand evaluations so far
[1] 123.031 +- 4.02729  	chisq 12.7216 (7 df)

Iteration 9:  45000000 integrand evaluations so far
[1] 123.778 +- 3.98497  	chisq 14.3639 (8 df)

Iteration 10:  55000000 integrand evaluations so far
[1] 124.584 +- 3.95912  	chisq 17.5319 (9 df)
   124.6 ±      4        ( 1.7mi) ┃     135 ±     14        (35.5mi) ┃
┃   52 -    54 ┃   59 -    60 ┃ 138.467 ±  0.087        (3.03mi) ┃-119.671 ±  0.032        (3.15mi) ┃Vegas input parameters:
  ndim 10
  ncomp 1
  nvec 1
  epsrel 0
  epsabs 0
  flags 10
  seed 123456
  mineval 50000000
  maxeval 50000000
  nstart 1000000
  nincrease 1000000
  nbatch 5000
  gridno 0
  statefile ""

Iteration 1:  1000000 integrand evaluations so far
[1] 16.3589 +- 270.386  	chisq 0 (0 df)

Iteration 2:  3000000 integrand evaluations so far
[1] 3.13561 +- 25.737  	chisq 0.00241361 (1 df)

Iteration 3:  6000000 integrand evaluations so far
[1] 0.752105 +- 25.5629  	chisq 0.638356 (2 df)

Iteration 4:  10000000 integrand evaluations so far
[1] -3.82404 +- 20.5171  	chisq 0.728422 (3 df)

Iteration 5:  15000000 integrand evaluations so far
[1] -10.7503 +- 19.9965  	chisq 3.00271 (4 df)

Iteration 6:  21000000 integrand evaluations so far
[1] -7.78215 +- 18.8491  	chisq 3.20037 (5 df)

Iteration 7:  28000000 integrand evaluations so far
[1] -9.6216 +- 17.426  	chisq 3.26591 (6 df)

Iteration 8:  36000000 integrand evaluations so far
[1] -13.7614 +- 16.8881  	chisq 4.19445 (7 df)

Iteration 9:  45000000 integrand evaluations so far
[1] -10.9625 +- 15.3868  	chisq 4.35613 (8 df)

Iteration 10:  55000000 integrand evaluations so far
[1] -1.39998 +- 12.9838  	chisq 5.69742 (9 df)
      -1 ±     13        ( 3.5mi) ┃Vegas input parameters:
  ndim 8
  ncomp 1
  nvec 1
  epsrel 0
  epsabs 0
  flags 10
  seed 123456
  mineval 5000000
  maxeval 50000000
  nstart 1000000
  nincrease 1000000
  nbatch 5000
  gridno 0
  statefile ""

Iteration 1:  1000000 integrand evaluations so far
[1] 99.6452 +- 33.777  	chisq 0 (0 df)

Iteration 2:  3000000 integrand evaluations so far
[1] 3.36683 +- 0.827051  	chisq 8.1297 (1 df)

Iteration 3:  6000000 integrand evaluations so far
[1] 3.43018 +- 0.826118  	chisq 10.731 (2 df)

Iteration 4:  10000000 integrand evaluations so far
[1] 3.4393 +- 0.826084  	chisq 12.2488 (3 df)

Iteration 5:  15000000 integrand evaluations so far
[1] 3.47276 +- 0.825945  	chisq 17.1167 (4 df)

Iteration 6:  21000000 integrand evaluations so far
[1] 3.53041 +- 0.825681  	chisq 24.7257 (5 df)

Iteration 7:  28000000 integrand evaluations so far
[1] 3.54124 +- 0.825661  	chisq 28.3381 (6 df)

Iteration 8:  36000000 integrand evaluations so far
[1] 4.06038 +- 0.823442  	chisq 101.992 (7 df)

Iteration 9:  45000000 integrand evaluations so far
[1] 6.02896 +- 0.816037  	chisq 421.211 (8 df)

Iteration 10:  55000000 integrand evaluations so far
[1] 7.6642 +- 0.810545  	chisq 720.53 (9 df)
    7.66 ±   0.81        (1.73mi) ┃      25 ±     13        (11.4mi) ┃
┃   54 -    56 ┃   25 -    26 ┃  283.34 ±   0.23        (1.68mi) ┃ -244.94 ±   0.21        (14.4mi) ┃Vegas input parameters:
  ndim 10
  ncomp 1
  nvec 1
  epsrel 0
  epsabs 0
  flags 10
  seed 123456
  mineval 50000000
  maxeval 50000000
  nstart 1000000
  nincrease 1000000
  nbatch 5000
  gridno 0
  statefile ""

Iteration 1:  1000000 integrand evaluations so far
[1] 37.329 +- 167.689  	chisq 0 (0 df)

Iteration 2:  3000000 integrand evaluations so far
[1] -6.39059 +- 55.8282  	chisq 0.0764474 (1 df)

Iteration 3:  6000000 integrand evaluations so far
[1] 9.42686 +- 43.523  	chisq 0.281097 (2 df)

Iteration 4:  10000000 integrand evaluations so far
[1] 8.92198 +- 42.3489  	chisq 0.283625 (3 df)

Iteration 5:  15000000 integrand evaluations so far
[1] -2.84115 +- 41.6401  	chisq 2.60788 (4 df)

Iteration 6:  21000000 integrand evaluations so far
[1] -1.91683 +- 39.5397  	chisq 2.61289 (5 df)

Iteration 7:  28000000 integrand evaluations so far
[1] 0.395413 +- 39.3316  	chisq 2.93873 (6 df)

Iteration 8:  36000000 integrand evaluations so far
[1] -24.1805 +- 33.6453  	chisq 4.3942 (7 df)

Iteration 9:  45000000 integrand evaluations so far
[1] -13.5272 +- 32.0305  	chisq 5.46435 (8 df)

Iteration 10:  55000000 integrand evaluations so far
[1] -0.278965 +- 29.6034  	chisq 6.63763 (9 df)
      -0 ±     30        (3.55mi) ┃Vegas input parameters:
  ndim 8
  ncomp 1
  nvec 1
  epsrel 0
  epsabs 0
  flags 10
  seed 123456
  mineval 5000000
  maxeval 50000000
  nstart 1000000
  nincrease 1000000
  nbatch 5000
  gridno 0
  statefile ""

Iteration 1:  1000000 integrand evaluations so far
[1] 281.704 +- 63.3758  	chisq 0 (0 df)

Iteration 2:  3000000 integrand evaluations so far
[1] 249.686 +- 49.5506  	chisq 0.656632 (1 df)

Iteration 3:  6000000 integrand evaluations so far
[1] 277.295 +- 42.7862  	chisq 1.87702 (2 df)

Iteration 4:  10000000 integrand evaluations so far
[1] 289.973 +- 38.9592  	chisq 2.39077 (3 df)

Iteration 5:  15000000 integrand evaluations so far
[1] 261.428 +- 21.5908  	chisq 3.16557 (4 df)

Iteration 6:  21000000 integrand evaluations so far
[1] 284.095 +- 15.9517  	chisq 5.59252 (5 df)

Iteration 7:  28000000 integrand evaluations so far
[1] 294.195 +- 13.8853  	chisq 7.24717 (6 df)

Iteration 8:  36000000 integrand evaluations so far
[1] 290.303 +- 8.13123  	chisq 7.36676 (7 df)

Iteration 9:  45000000 integrand evaluations so far
[1] 299.65 +- 5.42661  	chisq 9.74939 (8 df)

Iteration 10:  55000000 integrand evaluations so far
[1] 309.746 +- 4.37695  	chisq 19.6553 (9 df)
   309.7 ±    4.4        (1.72mi) ┃     348 ±     30        (21.4mi) ┃
┃   54 -    56 ┃   26 -    27 ┃  284.54 ±   0.12        (11.2mi) ┃ -246.88 ±   0.23        (7.34mi) ┃Vegas input parameters:
  ndim 10
  ncomp 1
  nvec 1
  epsrel 0
  epsabs 0
  flags 10
  seed 123456
  mineval 50000000
  maxeval 50000000
  nstart 1000000
  nincrease 1000000
  nbatch 5000
  gridno 0
  statefile ""

Iteration 1:  1000000 integrand evaluations so far
[1] 286.89 +- 297.71  	chisq 0 (0 df)

Iteration 2:  3000000 integrand evaluations so far
[1] 122.147 +- 282.428  	chisq 3.06123 (1 df)

Iteration 3:  6000000 integrand evaluations so far
[1] 61.6128 +- 276.682  	chisq 4.20182 (2 df)

Iteration 4:  10000000 integrand evaluations so far
[1] -126.471 +- 117.468  	chisq 4.76553 (3 df)

Iteration 5:  15000000 integrand evaluations so far
[1] -26.543 +- 55.7946  	chisq 5.70002 (4 df)

Iteration 6:  21000000 integrand evaluations so far
[1] -10.496 +- 42.9329  	chisq 5.90281 (5 df)

Iteration 7:  28000000 integrand evaluations so far
[1] -34.4006 +- 38.3673  	chisq 7.4423 (6 df)

Iteration 8:  36000000 integrand evaluations so far
[1] -27.4241 +- 36.3346  	chisq 7.76282 (7 df)

Iteration 9:  45000000 integrand evaluations so far
[1] -13.4447 +- 32.3112  	chisq 8.4704 (8 df)

Iteration 10:  55000000 integrand evaluations so far
[1] -11.9195 +- 32.2807  	chisq 9.65137 (9 df)
     -12 ±     32        (3.47mi) ┃Vegas input parameters:
  ndim 8
  ncomp 1
  nvec 1
  epsrel 0
  epsabs 0
  flags 10
  seed 123456
  mineval 5000000
  maxeval 50000000
  nstart 1000000
  nincrease 1000000
  nbatch 5000
  gridno 0
  statefile ""

Iteration 1:  1000000 integrand evaluations so far
[1] 252.347 +- 57.1312  	chisq 0 (0 df)

Iteration 2:  3000000 integrand evaluations so far
[1] 221.076 +- 33.1276  	chisq 0.451342 (1 df)

Iteration 3:  6000000 integrand evaluations so far
[1] 234.687 +- 29.9529  	chisq 1.37642 (2 df)

Iteration 4:  10000000 integrand evaluations so far
[1] 245.725 +- 28.7901  	chisq 3.16015 (3 df)

Iteration 5:  15000000 integrand evaluations so far
[1] 266.405 +- 24.4706  	chisq 5.01913 (4 df)

Iteration 6:  21000000 integrand evaluations so far
[1] 285.371 +- 16.1758  	chisq 6.08602 (5 df)

Iteration 7:  28000000 integrand evaluations so far
[1] 286.075 +- 12.3054  	chisq 6.09051 (6 df)

Iteration 8:  36000000 integrand evaluations so far
[1] 287.901 +- 7.79492  	chisq 6.12732 (7 df)

Iteration 9:  45000000 integrand evaluations so far
[1] 292.471 +- 6.375  	chisq 7.16494 (8 df)

Iteration 10:  55000000 integrand evaluations so far
[1] 293.97 +- 4.7229  	chisq 7.28752 (9 df)
     294 ±    4.7        ( 1.7mi) ┃     320 ±     33        (23.8mi) ┃
┃   54 -    56 ┃   27 -    28 ┃ 269.356 ±   0.06        (2.06mi) ┃ -236.56 ±   0.18        (38.2mi) ┃Vegas input parameters:
  ndim 10
  ncomp 1
  nvec 1
  epsrel 0
  epsabs 0
  flags 10
  seed 123456
  mineval 50000000
  maxeval 50000000
  nstart 1000000
  nincrease 1000000
  nbatch 5000
  gridno 0
  statefile ""

Iteration 1:  1000000 integrand evaluations so far
[1] 22.9647 +- 78.3474  	chisq 0 (0 df)

Iteration 2:  3000000 integrand evaluations so far
[1] 4.97396 +- 76.412  	chisq 1.08062 (1 df)

Iteration 3:  6000000 integrand evaluations so far
[1] 28.2196 +- 62.8441  	chisq 1.36661 (2 df)

Iteration 4:  10000000 integrand evaluations so far
[1] 2.91141 +- 54.0093  	chisq 1.98703 (3 df)

Iteration 5:  15000000 integrand evaluations so far
[1] -6.60125 +- 44.8465  	chisq 2.08693 (4 df)

Iteration 6:  21000000 integrand evaluations so far
[1] -3.62222 +- 44.7583  	chisq 3.21033 (5 df)

Iteration 7:  28000000 integrand evaluations so far
[1] 0.082302 +- 44.2498  	chisq 3.51351 (6 df)

Iteration 8:  36000000 integrand evaluations so far
[1] -3.45379 +- 44.1239  	chisq 4.63765 (7 df)

Iteration 9:  45000000 integrand evaluations so far
[1] -5.56071 +- 43.8238  	chisq 4.80583 (8 df)

Iteration 10:  55000000 integrand evaluations so far
[1] -5.75572 +- 43.2721  	chisq 4.80663 (9 df)
      -6 ±     43        (3.49mi) ┃Vegas input parameters:
  ndim 8
  ncomp 1
  nvec 1
  epsrel 0
  epsabs 0
  flags 10
  seed 123456
  mineval 5000000
  maxeval 50000000
  nstart 1000000
  nincrease 1000000
  nbatch 5000
  gridno 0
  statefile ""

Iteration 1:  1000000 integrand evaluations so far
[1] 207.981 +- 52.3438  	chisq 0 (0 df)

Iteration 2:  3000000 integrand evaluations so far
[1] 152.965 +- 30.8179  	chisq 1.69081 (1 df)

Iteration 3:  6000000 integrand evaluations so far
[1] 88.2676 +- 10.583  	chisq 6.68734 (2 df)

Iteration 4:  10000000 integrand evaluations so far
[1] 92.355 +- 10.4748  	chisq 14.0189 (3 df)

Iteration 5:  15000000 integrand evaluations so far
[1] 104.106 +- 10.0432  	chisq 29.613 (4 df)

Iteration 6:  21000000 integrand evaluations so far
[1] 136.881 +- 8.70175  	chisq 72.3325 (5 df)

Iteration 7:  28000000 integrand evaluations so far
[1] 137.216 +- 8.69828  	chisq 74.1984 (6 df)

Iteration 8:  36000000 integrand evaluations so far
[1] 154.722 +- 8.03424  	chisq 101.778 (7 df)

Iteration 9:  45000000 integrand evaluations so far
[1] 160.706 +- 7.88849  	chisq 117.208 (8 df)

Iteration 10:  55000000 integrand evaluations so far
[1] 186.757 +- 7.08464  	chisq 173.595 (9 df)
   186.8 ±    7.1        ( 1.7mi) ┃     214 ±     44        (45.4mi) ┃
┃   54 -    56 ┃   28 -    29 ┃  265.89 ±   0.11        (5.83mi) ┃-231.184 ±  0.077        (  14mi) ┃Vegas input parameters:
  ndim 10
  ncomp 1
  nvec 1
  epsrel 0
  epsabs 0
  flags 10
  seed 123456
  mineval 50000000
  maxeval 50000000
  nstart 1000000
  nincrease 1000000
  nbatch 5000
  gridno 0
  statefile ""

Iteration 1:  1000000 integrand evaluations so far
[1] -30.6951 +- 149.585  	chisq 0 (0 df)

Iteration 2:  3000000 integrand evaluations so far
[1] 74.2854 +- 137.268  	chisq 3.11931 (1 df)

Iteration 3:  6000000 integrand evaluations so far
[1] 90.0701 +- 86.8222  	chisq 3.14135 (2 df)

Iteration 4:  10000000 integrand evaluations so far
[1] 144.377 +- 68.1688  	chisq 4.16147 (3 df)

Iteration 5:  15000000 integrand evaluations so far
[1] 104.168 +- 62.7062  	chisq 6.42295 (4 df)

Iteration 6:  21000000 integrand evaluations so far
[1] 51.1554 +- 44.7008  	chisq 7.87617 (5 df)

Iteration 7:  28000000 integrand evaluations so far
[1] 48.0467 +- 36.9213  	chisq 7.89139 (6 df)

Iteration 8:  36000000 integrand evaluations so far
[1] 28.5286 +- 34.4953  	chisq 10.0902 (7 df)

Iteration 9:  45000000 integrand evaluations so far
[1] 17.6674 +- 32.3089  	chisq 10.8978 (8 df)

Iteration 10:  55000000 integrand evaluations so far
[1] -5.07638 +- 27.735  	chisq 12.7814 (9 df)
      -5 ±     28        (3.54mi) ┃Vegas input parameters:
  ndim 8
  ncomp 1
  nvec 1
  epsrel 0
  epsabs 0
  flags 10
  seed 123456
  mineval 5000000
  maxeval 50000000
  nstart 1000000
  nincrease 1000000
  nbatch 5000
  gridno 0
  statefile ""

Iteration 1:  1000000 integrand evaluations so far
[1] 218.807 +- 57.3316  	chisq 0 (0 df)

Iteration 2:  3000000 integrand evaluations so far
[1] 203.594 +- 46.5854  	chisq 0.207246 (1 df)

Iteration 3:  6000000 integrand evaluations so far
[1] 209.342 +- 42.6215  	chisq 0.300694 (2 df)

Iteration 4:  10000000 integrand evaluations so far
[1] 218.06 +- 41.797  	chisq 1.39252 (3 df)

Iteration 5:  15000000 integrand evaluations so far
[1] 244.937 +- 29.2282  	chisq 2.20171 (4 df)

Iteration 6:  21000000 integrand evaluations so far
[1] 232.865 +- 14.4811  	chisq 2.42778 (5 df)

Iteration 7:  28000000 integrand evaluations so far
[1] 255.736 +- 9.43332  	chisq 6.76095 (6 df)

Iteration 8:  36000000 integrand evaluations so far
[1] 256.206 +- 9.41945  	chisq 7.6051 (7 df)

Iteration 9:  45000000 integrand evaluations so far
[1] 255.669 +- 8.57216  	chisq 7.62401 (8 df)

Iteration 10:  55000000 integrand evaluations so far
[1] 261.141 +- 7.39058  	chisq 9.21121 (9 df)
   261.1 ±    7.4        (1.68mi) ┃     291 ±     29        (25.1mi) ┃
┃   54 -    56 ┃   29 -    30 ┃  232.84 ±   0.22        ( 59.9s) ┃-203.893 ±   0.09        (27.6mi) ┃Vegas input parameters:
  ndim 10
  ncomp 1
  nvec 1
  epsrel 0
  epsabs 0
  flags 10
  seed 123456
  mineval 50000000
  maxeval 50000000
  nstart 1000000
  nincrease 1000000
  nbatch 5000
  gridno 0
  statefile ""

Iteration 1:  1000000 integrand evaluations so far
[1] 121.24 +- 139.576  	chisq 0 (0 df)

Iteration 2:  3000000 integrand evaluations so far
[1] 129.812 +- 96.3802  	chisq 0.00720839 (1 df)

Iteration 3:  6000000 integrand evaluations so far
[1] 81.9157 +- 67.166  	chisq 0.487344 (2 df)

Iteration 4:  10000000 integrand evaluations so far
[1] 85.7697 +- 67.0508  	chisq 1.44791 (3 df)

Iteration 5:  15000000 integrand evaluations so far
[1] 70.3482 +- 66.4413  	chisq 4.37083 (4 df)

Iteration 6:  21000000 integrand evaluations so far
[1] 37.8082 +- 64.3053  	chisq 8.16238 (5 df)

Iteration 7:  28000000 integrand evaluations so far
[1] -3.22239 +- 34.2242  	chisq 8.73039 (6 df)

Iteration 8:  36000000 integrand evaluations so far
[1] -4.14702 +- 33.8255  	chisq 8.7619 (7 df)

Iteration 9:  45000000 integrand evaluations so far
[1] -10.8088 +- 33.4394  	chisq 10.4708 (8 df)

Iteration 10:  55000000 integrand evaluations so far
[1] -9.7823 +- 27.6934  	chisq 10.4738 (9 df)
     -10 ±     28        (3.45mi) ┃Vegas input parameters:
  ndim 8
  ncomp 1
  nvec 1
  epsrel 0
  epsabs 0
  flags 10
  seed 123456
  mineval 5000000
  maxeval 50000000
  nstart 1000000
  nincrease 1000000
  nbatch 5000
  gridno 0
  statefile ""

Iteration 1:  1000000 integrand evaluations so far
[1] 267.658 +- 59.6859  	chisq 0 (0 df)

Iteration 2:  3000000 integrand evaluations so far
[1] 260.939 +- 50.7098  	chisq 0.0455498 (1 df)

Iteration 3:  6000000 integrand evaluations so far
[1] 235.111 +- 36.728  	chisq 0.591228 (2 df)

Iteration 4:  10000000 integrand evaluations so far
[1] 237.578 +- 23.6686  	chisq 0.598946 (3 df)

Iteration 5:  15000000 integrand evaluations so far
[1] 244.548 +- 17.4567  	chisq 0.789107 (4 df)

Iteration 6:  21000000 integrand evaluations so far
[1] 250.783 +- 16.4944  	chisq 1.97876 (5 df)

Iteration 7:  28000000 integrand evaluations so far
[1] 245.362 +- 9.6479  	chisq 2.14293 (6 df)

Iteration 8:  36000000 integrand evaluations so far
[1] 253.555 +- 6.17779  	chisq 3.36539 (7 df)

Iteration 9:  45000000 integrand evaluations so far
[1] 255.308 +- 4.27692  	chisq 3.52002 (8 df)

Iteration 10:  55000000 integrand evaluations so far
[1] 254.164 +- 3.04585  	chisq 3.66534 (9 df)
   254.2 ±      3        (1.74mi) ┃     273 ±     28        (33.8mi) ┃
┃   54 -    56 ┃   30 -    31 ┃  258.65 ±   0.25        (1.52mi) ┃ -224.04 ±   0.17        (14.4mi) ┃Vegas input parameters:
  ndim 10
  ncomp 1
  nvec 1
  epsrel 0
  epsabs 0
  flags 10
  seed 123456
  mineval 50000000
  maxeval 50000000
  nstart 1000000
  nincrease 1000000
  nbatch 5000
  gridno 0
  statefile ""

Iteration 1:  1000000 integrand evaluations so far
[1] 126.861 +- 82.6183  	chisq 0 (0 df)

Iteration 2:  3000000 integrand evaluations so far
[1] 8.33763 +- 50.0146  	chisq 3.24855 (1 df)

Iteration 3:  6000000 integrand evaluations so far
[1] 16.1349 +- 45.5188  	chisq 3.3901 (2 df)

Iteration 4:  10000000 integrand evaluations so far
[1] 18.631 +- 44.5885  	chisq 3.46443 (3 df)

Iteration 5:  15000000 integrand evaluations so far
[1] 19.1617 +- 41.374  	chisq 3.46545 (4 df)

Iteration 6:  21000000 integrand evaluations so far
[1] 20.9634 +- 40.6961  	chisq 3.52379 (5 df)

Iteration 7:  28000000 integrand evaluations so far
[1] 9.15358 +- 39.0688  	chisq 4.59833 (6 df)

Iteration 8:  36000000 integrand evaluations so far
[1] 21.5977 +- 36.8947  	chisq 5.53597 (7 df)

Iteration 9:  45000000 integrand evaluations so far
[1] -18.2323 +- 29.0431  	chisq 8.60025 (8 df)

Iteration 10:  55000000 integrand evaluations so far
[1] -22.2372 +- 28.8346  	chisq 9.92939 (9 df)
     -22 ±     29        (3.47mi) ┃Vegas input parameters:
  ndim 8
  ncomp 1
  nvec 1
  epsrel 0
  epsabs 0
  flags 10
  seed 123456
  mineval 5000000
  maxeval 50000000
  nstart 1000000
  nincrease 1000000
  nbatch 5000
  gridno 0
  statefile ""

Iteration 1:  1000000 integrand evaluations so far
[1] 247.059 +- 59.5208  	chisq 0 (0 df)

Iteration 2:  3000000 integrand evaluations so far
[1] 59.0863 +- 10.7787  	chisq 10.3117 (1 df)

Iteration 3:  6000000 integrand evaluations so far
[1] 59.8498 +- 10.77  	chisq 13.3933 (2 df)

Iteration 4:  10000000 integrand evaluations so far
[1] 61.954 +- 10.7134  	chisq 17.0344 (3 df)

Iteration 5:  15000000 integrand evaluations so far
[1] 90.5399 +- 8.33631  	chisq 35.0802 (4 df)

Iteration 6:  21000000 integrand evaluations so far
[1] 103.776 +- 7.96689  	chisq 64.1707 (5 df)

Iteration 7:  28000000 integrand evaluations so far
[1] 130.683 +- 7.15809  	chisq 123.352 (6 df)

Iteration 8:  36000000 integrand evaluations so far
[1] 138.883 +- 6.9296  	chisq 144.243 (7 df)

Iteration 9:  45000000 integrand evaluations so far
[1] 157.727 +- 6.32963  	chisq 188.881 (8 df)

Iteration 10:  55000000 integrand evaluations so far
[1] 193.511 +- 4.98557  	chisq 273.076 (9 df)
   193.5 ±      5        (1.72mi) ┃     206 ±     29        (21.1mi) ┃
┃   54 -    56 ┃   31 -    32 ┃  224.85 ±   0.16        ( 1.7mi) ┃-193.684 ±  0.048        (28.1mi) ┃Vegas input parameters:
  ndim 10
  ncomp 1
  nvec 1
  epsrel 0
  epsabs 0
  flags 10
  seed 123456
  mineval 50000000
  maxeval 50000000
  nstart 1000000
  nincrease 1000000
  nbatch 5000
  gridno 0
  statefile ""

Iteration 1:  1000000 integrand evaluations so far
[1] -68.917 +- 44.2279  	chisq 0 (0 df)

Iteration 2:  3000000 integrand evaluations so far
[1] -61.3891 +- 40.1107  	chisq 0.163202 (1 df)

Iteration 3:  6000000 integrand evaluations so far
[1] -45.4631 +- 39.0809  	chisq 3.2733 (2 df)

Iteration 4:  10000000 integrand evaluations so far
[1] -11.1116 +- 33.381  	chisq 6.13034 (3 df)

Iteration 5:  15000000 integrand evaluations so far
[1] -22.3315 +- 31.5323  	chisq 7.17933 (4 df)

Iteration 6:  21000000 integrand evaluations so far
[1] -17.5673 +- 28.7076  	chisq 7.31272 (5 df)

Iteration 7:  28000000 integrand evaluations so far
[1] -24.1343 +- 26.7067  	chisq 7.70167 (6 df)

Iteration 8:  36000000 integrand evaluations so far
[1] -11.3944 +- 24.0687  	chisq 8.91337 (7 df)

Iteration 9:  45000000 integrand evaluations so far
[1] -14.8635 +- 23.3959  	chisq 9.29019 (8 df)

Iteration 10:  55000000 integrand evaluations so far
[1] -15.0613 +- 23.395  	chisq 10.2402 (9 df)
     -15 ±     23        (3.49mi) ┃Vegas input parameters:
  ndim 8
  ncomp 1
  nvec 1
  epsrel 0
  epsabs 0
  flags 10
  seed 123456
  mineval 5000000
  maxeval 50000000
  nstart 1000000
  nincrease 1000000
  nbatch 5000
  gridno 0
  statefile ""

Iteration 1:  1000000 integrand evaluations so far
[1] 213.645 +- 54.051  	chisq 0 (0 df)

Iteration 2:  3000000 integrand evaluations so far
[1] 47.492 +- 9.8907  	chisq 9.77687 (1 df)

Iteration 3:  6000000 integrand evaluations so far
[1] 57.1446 +- 8.89748  	chisq 14.7699 (2 df)

Iteration 4:  10000000 integrand evaluations so far
[1] 62.3421 +- 8.77396  	chisq 27.1461 (3 df)

Iteration 5:  15000000 integrand evaluations so far
[1] 84.5614 +- 8.02552  	chisq 66.4112 (4 df)

Iteration 6:  21000000 integrand evaluations so far
[1] 108.228 +- 7.37348  	chisq 122.197 (5 df)

Iteration 7:  28000000 integrand evaluations so far
[1] 150.363 +- 5.9071  	chisq 213.358 (6 df)

Iteration 8:  36000000 integrand evaluations so far
[1] 187.717 +- 4.37521  	chisq 301.945 (7 df)

Iteration 9:  45000000 integrand evaluations so far
[1] 206.297 +- 3.53384  	chisq 353.82 (8 df)

Iteration 10:  55000000 integrand evaluations so far
[1] 214.988 +- 2.76041  	chisq 369.336 (9 df)
     215 ±    2.8        (1.71mi) ┃     231 ±     24        (  35mi) ┃
┃   54 -    56 ┃   32 -    33 ┃  232.65 ±   0.21        (11.3mi) ┃-197.672 ±  0.047        (3.85mi) ┃Vegas input parameters:
  ndim 10
  ncomp 1
  nvec 1
  epsrel 0
  epsabs 0
  flags 10
  seed 123456
  mineval 50000000
  maxeval 50000000
  nstart 1000000
  nincrease 1000000
  nbatch 5000
  gridno 0
  statefile ""

Iteration 1:  1000000 integrand evaluations so far
[1] 109.015 +- 103.778  	chisq 0 (0 df)

Iteration 2:  3000000 integrand evaluations so far
[1] 105.023 +- 97.8656  	chisq 0.0133665 (1 df)

Iteration 3:  6000000 integrand evaluations so far
[1] 5.21578 +- 36.4801  	chisq 1.22127 (2 df)

Iteration 4:  10000000 integrand evaluations so far
[1] 2.35915 +- 28.3208  	chisq 1.23671 (3 df)

Iteration 5:  15000000 integrand evaluations so far
[1] -1.54839 +- 28.1966  	chisq 3.41113 (4 df)

Iteration 6:  21000000 integrand evaluations so far
[1] -1.25422 +- 28.1951  	chisq 4.47213 (5 df)

Iteration 7:  28000000 integrand evaluations so far
[1] -9.22071 +- 21.9454  	chisq 4.67465 (6 df)

Iteration 8:  36000000 integrand evaluations so far
[1] -5.13869 +- 21.7789  	chisq 6.96385 (7 df)

Iteration 9:  45000000 integrand evaluations so far
[1] -3.75039 +- 21.5009  	chisq 7.124 (8 df)

Iteration 10:  55000000 integrand evaluations so far
[1] -4.5373 +- 21.4876  	chisq 8.21012 (9 df)
      -5 ±     21        (3.48mi) ┃Vegas input parameters:
  ndim 8
  ncomp 1
  nvec 1
  epsrel 0
  epsabs 0
  flags 10
  seed 123456
  mineval 5000000
  maxeval 50000000
  nstart 1000000
  nincrease 1000000
  nbatch 5000
  gridno 0
  statefile ""

Iteration 1:  1000000 integrand evaluations so far
[1] 242.194 +- 59.9256  	chisq 0 (0 df)

Iteration 2:  3000000 integrand evaluations so far
[1] 233.847 +- 53.7072  	chisq 0.0985951 (1 df)

Iteration 3:  6000000 integrand evaluations so far
[1] 107.526 +- 22.4278  	chisq 6.79911 (2 df)

Iteration 4:  10000000 integrand evaluations so far
[1] 126.811 +- 18.4355  	chisq 9.07885 (3 df)

Iteration 5:  15000000 integrand evaluations so far
[1] 132.661 +- 17.6451  	chisq 10.2788 (4 df)

Iteration 6:  21000000 integrand evaluations so far
[1] 144.085 +- 16.0057  	chisq 12.6447 (5 df)

Iteration 7:  28000000 integrand evaluations so far
[1] 150.043 +- 15.4799  	chisq 14.7888 (6 df)

Iteration 8:  36000000 integrand evaluations so far
[1] 168.416 +- 13.2286  	chisq 20.0117 (7 df)

Iteration 9:  45000000 integrand evaluations so far
[1] 190.172 +- 7.07127  	chisq 23.7986 (8 df)

Iteration 10:  55000000 integrand evaluations so far
[1] 200.343 +- 4.34007  	chisq 27.1177 (9 df)
   200.3 ±    4.3        (1.73mi) ┃     231 ±     22        (20.4mi) ┃
┃   54 -    56 ┃   33 -    34 ┃ 213.552 ±  0.044        (12.5mi) ┃ -185.02 ±   0.17        (27.6mi) ┃Vegas input parameters:
  ndim 10
  ncomp 1
  nvec 1
  epsrel 0
  epsabs 0
  flags 10
  seed 123456
  mineval 50000000
  maxeval 50000000
  nstart 1000000
  nincrease 1000000
  nbatch 5000
  gridno 0
  statefile ""

Iteration 1:  1000000 integrand evaluations so far
[1] -120.043 +- 189.683  	chisq 0 (0 df)

Iteration 2:  3000000 integrand evaluations so far
[1] 72.8009 +- 74.9878  	chisq 1.22507 (1 df)

Iteration 3:  6000000 integrand evaluations so far
[1] 55.1459 +- 65.2749  	chisq 1.45387 (2 df)

Iteration 4:  10000000 integrand evaluations so far
[1] 58.0622 +- 47.6308  	chisq 1.45814 (3 df)

Iteration 5:  15000000 integrand evaluations so far
[1] 46.948 +- 46.6535  	chisq 2.79868 (4 df)

Iteration 6:  21000000 integrand evaluations so far
[1] 33.9436 +- 43.9816  	chisq 3.49703 (5 df)

Iteration 7:  28000000 integrand evaluations so far
[1] 19.9998 +- 41.8864  	chisq 4.57773 (6 df)

Iteration 8:  36000000 integrand evaluations so far
[1] 24.8164 +- 41.4202  	chisq 5.17501 (7 df)

Iteration 9:  45000000 integrand evaluations so far
[1] -2.29757 +- 35.7135  	chisq 6.84518 (8 df)

Iteration 10:  55000000 integrand evaluations so far
[1] 0.474148 +- 35.5409  	chisq 7.46961 (9 df)
       0 ±     36        (3.54mi) ┃Vegas input parameters:
  ndim 8
  ncomp 1
  nvec 1
  epsrel 0
  epsabs 0
  flags 10
  seed 123456
  mineval 5000000
  maxeval 50000000
  nstart 1000000
  nincrease 1000000
  nbatch 5000
  gridno 0
  statefile ""

Iteration 1:  1000000 integrand evaluations so far
[1] 262.703 +- 55.6146  	chisq 0 (0 df)

Iteration 2:  3000000 integrand evaluations so far
[1] 227.044 +- 42.0954  	chisq 0.962631 (1 df)

Iteration 3:  6000000 integrand evaluations so far
[1] 234.427 +- 40.5453  	chisq 1.38814 (2 df)

Iteration 4:  10000000 integrand evaluations so far
[1] 185.972 +- 20.7324  	chisq 3.32198 (3 df)

Iteration 5:  15000000 integrand evaluations so far
[1] 198.908 +- 17.0617  	chisq 4.52834 (4 df)

Iteration 6:  21000000 integrand evaluations so far
[1] 190.434 +- 8.97632  	chisq 4.86944 (5 df)

Iteration 7:  28000000 integrand evaluations so far
[1] 198.673 +- 7.17283  	chisq 7.19983 (6 df)

Iteration 8:  36000000 integrand evaluations so far
[1] 200.517 +- 4.98333  	chisq 7.32755 (7 df)

Iteration 9:  45000000 integrand evaluations so far
[1] 200.698 +- 4.98036  	chisq 8.4461 (8 df)

Iteration 10:  55000000 integrand evaluations so far
[1] 201.403 +- 4.65893  	chisq 8.60618 (9 df)
   201.4 ±    4.7        (1.75mi) ┃     230 ±     36        (45.4mi) ┃
┃   54 -    56 ┃   34 -    35 ┃  228.39 ±   0.16        (5.81mi) ┃ -198.01 ±  0.095        (27.1mi) ┃Vegas input parameters:
  ndim 10
  ncomp 1
  nvec 1
  epsrel 0
  epsabs 0
  flags 10
  seed 123456
  mineval 50000000
  maxeval 50000000
  nstart 1000000
  nincrease 1000000
  nbatch 5000
  gridno 0
  statefile ""

Iteration 1:  1000000 integrand evaluations so far
[1] -148.559 +- 176.049  	chisq 0 (0 df)

Iteration 2:  3000000 integrand evaluations so far
[1] 38.0221 +- 111.303  	chisq 1.87114 (1 df)

Iteration 3:  6000000 integrand evaluations so far
[1] 88.5597 +- 49.8371  	chisq 2.12901 (2 df)

Iteration 4:  10000000 integrand evaluations so far
[1] 14.6461 +- 42.0877  	chisq 9.79825 (3 df)

Iteration 5:  15000000 integrand evaluations so far
[1] 10.5203 +- 41.1027  	chisq 10.006 (4 df)

Iteration 6:  21000000 integrand evaluations so far
[1] -1.19066 +- 31.5468  	chisq 10.2035 (5 df)

Iteration 7:  28000000 integrand evaluations so far
[1] -5.37792 +- 31.26  	chisq 11.1769 (6 df)

Iteration 8:  36000000 integrand evaluations so far
[1] -8.63732 +- 31.1433  	chisq 12.6361 (7 df)

Iteration 9:  45000000 integrand evaluations so far
[1] -7.90727 +- 31.1314  	chisq 13.3526 (8 df)

Iteration 10:  55000000 integrand evaluations so far
[1] 7.65676 +- 27.3538  	chisq 14.449 (9 df)
       8 ±     27        (3.49mi) ┃Vegas input parameters:
  ndim 8
  ncomp 1
  nvec 1
  epsrel 0
  epsabs 0
  flags 10
  seed 123456
  mineval 5000000
  maxeval 50000000
  nstart 1000000
  nincrease 1000000
  nbatch 5000
  gridno 0
  statefile ""

Iteration 1:  1000000 integrand evaluations so far
[1] 250.088 +- 55.5065  	chisq 0 (0 df)

Iteration 2:  3000000 integrand evaluations so far
[1] 86.0456 +- 15.7432  	chisq 9.49831 (1 df)

Iteration 3:  6000000 integrand evaluations so far
[1] 90.9535 +- 15.4633  	chisq 12.2556 (2 df)

Iteration 4:  10000000 integrand evaluations so far
[1] 105.664 +- 14.1066  	chisq 17.6498 (3 df)

Iteration 5:  15000000 integrand evaluations so far
[1] 129.339 +- 11.4896  	chisq 26.0174 (4 df)

Iteration 6:  21000000 integrand evaluations so far
[1] 154.353 +- 8.78406  	chisq 37.4247 (5 df)

Iteration 7:  28000000 integrand evaluations so far
[1] 171.476 +- 5.16486  	chisq 43.2324 (6 df)

Iteration 8:  36000000 integrand evaluations so far
[1] 179.49 +- 3.8744  	chisq 48.7391 (7 df)

Iteration 9:  45000000 integrand evaluations so far
[1] 181.21 +- 3.72426  	chisq 51.3319 (8 df)

Iteration 10:  55000000 integrand evaluations so far
[1] 185.555 +- 3.379  	chisq 59.0276 (9 df)
   185.6 ±    3.4        (1.71mi) ┃     224 ±     28        (38.1mi) ┃
┃   54 -    56 ┃   35 -    36 ┃ 201.912 ±  0.095        ( 1.5mi) ┃ -175.89 ±   0.13        (27.3mi) ┃Vegas input parameters:
  ndim 10
  ncomp 1
  nvec 1
  epsrel 0
  epsabs 0
  flags 10
  seed 123456
  mineval 50000000
  maxeval 50000000
  nstart 1000000
  nincrease 1000000
  nbatch 5000
  gridno 0
  statefile ""

Iteration 1:  1000000 integrand evaluations so far
[1] -23.6367 +- 48.8454  	chisq 0 (0 df)

Iteration 2:  3000000 integrand evaluations so far
[1] -19.6356 +- 48.5492  	chisq 0.554871 (1 df)

Iteration 3:  6000000 integrand evaluations so far
[1] -11.2773 +- 47.4163  	chisq 1.19746 (2 df)

Iteration 4:  10000000 integrand evaluations so far
[1] -17.5302 +- 45.493  	chisq 1.41626 (3 df)

Iteration 5:  15000000 integrand evaluations so far
[1] -53.239 +- 25.7894  	chisq 2.32413 (4 df)

Iteration 6:  21000000 integrand evaluations so far
[1] -29.4133 +- 21.9923  	chisq 5.45294 (5 df)

Iteration 7:  28000000 integrand evaluations so far
[1] -29.6927 +- 21.9905  	chisq 6.4413 (6 df)

Iteration 8:  36000000 integrand evaluations so far
[1] -29.168 +- 21.985  	chisq 7.56217 (7 df)

Iteration 9:  45000000 integrand evaluations so far
[1] -23.8694 +- 21.1829  	chisq 8.373 (8 df)

Iteration 10:  55000000 integrand evaluations so far
[1] -24.0774 +- 21.1733  	chisq 8.4799 (9 df)
     -24 ±     21        (3.45mi) ┃Vegas input parameters:
  ndim 8
  ncomp 1
  nvec 1
  epsrel 0
  epsabs 0
  flags 10
  seed 123456
  mineval 5000000
  maxeval 50000000
  nstart 1000000
  nincrease 1000000
  nbatch 5000
  gridno 0
  statefile ""

Iteration 1:  1000000 integrand evaluations so far
[1] 158.927 +- 38.5719  	chisq 0 (0 df)

Iteration 2:  3000000 integrand evaluations so far
[1] 158.583 +- 36.3468  	chisq 0.000706482 (1 df)

Iteration 3:  6000000 integrand evaluations so far
[1] 170.788 +- 31.713  	chisq 0.473042 (2 df)

Iteration 4:  10000000 integrand evaluations so far
[1] 173.009 +- 29.4611  	chisq 0.508823 (3 df)

Iteration 5:  15000000 integrand evaluations so far
[1] 149.194 +- 16.9813  	chisq 1.4873 (4 df)

Iteration 6:  21000000 integrand evaluations so far
[1] 155.41 +- 10.7248  	chisq 1.71016 (5 df)

Iteration 7:  28000000 integrand evaluations so far
[1] 163.141 +- 6.21312  	chisq 2.49227 (6 df)

Iteration 8:  36000000 integrand evaluations so far
[1] 166.057 +- 3.58166  	chisq 2.82214 (7 df)

Iteration 9:  45000000 integrand evaluations so far
[1] 167.736 +- 3.0433  	chisq 3.61312 (8 df)

Iteration 10:  55000000 integrand evaluations so far
[1] 172.082 +- 2.4605  	chisq 9.50187 (9 df)
   172.1 ±    2.5        (1.72mi) ┃     174 ±     21        (  34mi) ┃
┃   54 -    56 ┃   36 -    37 ┃  187.74 ±   0.13        (  11mi) ┃-163.294 ±  0.025        (53.6mi) ┃Vegas input parameters:
  ndim 10
  ncomp 1
  nvec 1
  epsrel 0
  epsabs 0
  flags 10
  seed 123456
  mineval 50000000
  maxeval 50000000
  nstart 1000000
  nincrease 1000000
  nbatch 5000
  gridno 0
  statefile ""

Iteration 1:  1000000 integrand evaluations so far
[1] -65.2955 +- 108.571  	chisq 0 (0 df)

Iteration 2:  3000000 integrand evaluations so far
[1] -122.111 +- 100.829  	chisq 1.99125 (1 df)

Iteration 3:  6000000 integrand evaluations so far
[1] -94.7526 +- 82.4726  	chisq 2.21369 (2 df)

Iteration 4:  10000000 integrand evaluations so far
[1] -98.4515 +- 82.3928  	chisq 3.25414 (3 df)

Iteration 5:  15000000 integrand evaluations so far
[1] -114.843 +- 62.774  	chisq 3.34848 (4 df)

Iteration 6:  21000000 integrand evaluations so far
[1] -3.51632 +- 42.5402  	chisq 9.1646 (5 df)

Iteration 7:  28000000 integrand evaluations so far
[1] 0.631059 +- 37.5486  	chisq 9.20763 (6 df)

Iteration 8:  36000000 integrand evaluations so far
[1] 4.03588 +- 35.966  	chisq 9.30727 (7 df)

Iteration 9:  45000000 integrand evaluations so far
[1] 6.50154 +- 35.8594  	chisq 10.1014 (8 df)

Iteration 10:  55000000 integrand evaluations so far
[1] 14.5563 +- 34.9799  	chisq 11.1427 (9 df)
      15 ±     35        (3.46mi) ┃Vegas input parameters:
  ndim 8
  ncomp 1
  nvec 1
  epsrel 0
  epsabs 0
  flags 10
  seed 123456
  mineval 5000000
  maxeval 50000000
  nstart 1000000
  nincrease 1000000
  nbatch 5000
  gridno 0
  statefile ""

Iteration 1:  1000000 integrand evaluations so far
[1] 167.925 +- 44.3668  	chisq 0 (0 df)

Iteration 2:  3000000 integrand evaluations so far
[1] 54.8829 +- 10.7009  	chisq 6.89281 (1 df)

Iteration 3:  6000000 integrand evaluations so far
[1] 64.8748 +- 8.81085  	chisq 9.60003 (2 df)

Iteration 4:  10000000 integrand evaluations so far
[1] 76.8379 +- 8.23804  	chisq 24.2549 (3 df)

Iteration 5:  15000000 integrand evaluations so far
[1] 95.171 +- 7.4771  	chisq 52.3612 (4 df)

Iteration 6:  21000000 integrand evaluations so far
[1] 108.794 +- 6.95468  	chisq 76.9766 (5 df)

Iteration 7:  28000000 integrand evaluations so far
[1] 139.753 +- 5.42039  	chisq 127.457 (6 df)

Iteration 8:  36000000 integrand evaluations so far
[1] 166.416 +- 3.48139  	chisq 168.644 (7 df)

Iteration 9:  45000000 integrand evaluations so far
[1] 175.306 +- 2.40916  	chisq 181.156 (8 df)

Iteration 10:  55000000 integrand evaluations so far
[1] 175.56 +- 2.40358  	chisq 183.566 (9 df)
   175.6 ±    2.4        (1.73mi) ┃     215 ±     35        (1.16hr) ┃
┃   54 -    56 ┃   37 -    38 ┃ 224.665 ±   0.07        ( 26.4s) ┃ -196.71 ±  0.063        (53.8mi) ┃Vegas input parameters:
  ndim 10
  ncomp 1
  nvec 1
  epsrel 0
  epsabs 0
  flags 10
  seed 123456
  mineval 50000000
  maxeval 50000000
  nstart 1000000
  nincrease 1000000
  nbatch 5000
  gridno 0
  statefile ""

Iteration 1:  1000000 integrand evaluations so far
[1] -287.67 +- 204.836  	chisq 0 (0 df)

Iteration 2:  3000000 integrand evaluations so far
[1] -52.4046 +- 98.3835  	chisq 1.71475 (1 df)

Iteration 3:  6000000 integrand evaluations so far
[1] -48.8442 +- 45.2391  	chisq 1.71641 (2 df)

Iteration 4:  10000000 integrand evaluations so far
[1] -28.1172 +- 35.3137  	chisq 2.25374 (3 df)

Iteration 5:  15000000 integrand evaluations so far
[1] -21.722 +- 34.4126  	chisq 2.90472 (4 df)

Iteration 6:  21000000 integrand evaluations so far
[1] -0.799769 +- 31.293  	chisq 5.04026 (5 df)

Iteration 7:  28000000 integrand evaluations so far
[1] -4.64207 +- 31.0493  	chisq 6.01209 (6 df)

Iteration 8:  36000000 integrand evaluations so far
[1] -16.3274 +- 29.0629  	chisq 7.15561 (7 df)

Iteration 9:  45000000 integrand evaluations so far
[1] -12.8404 +- 28.8327  	chisq 8.06806 (8 df)

Iteration 10:  55000000 integrand evaluations so far
[1] -8.93673 +- 28.5166  	chisq 8.90847 (9 df)
      -9 ±     29        (3.53mi) ┃Vegas input parameters:
  ndim 8
  ncomp 1
  nvec 1
  epsrel 0
  epsabs 0
  flags 10
  seed 123456
  mineval 5000000
  maxeval 50000000
  nstart 1000000
  nincrease 1000000
  nbatch 5000
  gridno 0
  statefile ""

Iteration 1:  1000000 integrand evaluations so far
[1] 86.1316 +- 25.4244  	chisq 0 (0 df)

Iteration 2:  3000000 integrand evaluations so far
[1] 62.7896 +- 17.0199  	chisq 1.52736 (1 df)

Iteration 3:  6000000 integrand evaluations so far
[1] 51.787 +- 11.8964  	chisq 2.34447 (2 df)

Iteration 4:  10000000 integrand evaluations so far
[1] 60.2128 +- 10.9036  	chisq 5.48094 (3 df)

Iteration 5:  15000000 integrand evaluations so far
[1] 69.2063 +- 10.1092  	chisq 10.3261 (4 df)

Iteration 6:  21000000 integrand evaluations so far
[1] 90.8366 +- 8.183  	chisq 23.6053 (5 df)

Iteration 7:  28000000 integrand evaluations so far
[1] 93.1823 +- 8.11555  	chisq 28.6099 (6 df)

Iteration 8:  36000000 integrand evaluations so far
[1] 105.718 +- 7.65345  	chisq 50.1753 (7 df)

Iteration 9:  45000000 integrand evaluations so far
[1] 124.349 +- 6.50509  	chisq 71.5253 (8 df)

Iteration 10:  55000000 integrand evaluations so far
[1] 153.926 +- 4.5595  	chisq 112.162 (9 df)
   153.9 ±    4.6        (1.72mi) ┃     173 ±     29        (59.5mi) ┃
┃   54 -    56 ┃   38 -    39 ┃  178.09 ±   0.14        (1.01mi) ┃ -154.56 ±   0.15        (13.3mi) ┃Vegas input parameters:
  ndim 10
  ncomp 1
  nvec 1
  epsrel 0
  epsabs 0
  flags 10
  seed 123456
  mineval 50000000
  maxeval 50000000
  nstart 1000000
  nincrease 1000000
  nbatch 5000
  gridno 0
  statefile ""

Iteration 1:  1000000 integrand evaluations so far
[1] 575.042 +- 458.014  	chisq 0 (0 df)

Iteration 2:  3000000 integrand evaluations so far
[1] 421.004 +- 282.622  	chisq 0.182659 (1 df)

Iteration 3:  6000000 integrand evaluations so far
[1] -25.26 +- 169.91  	chisq 4.08716 (2 df)

Iteration 4:  10000000 integrand evaluations so far
[1] 64.4836 +- 142.684  	chisq 5.03352 (3 df)

Iteration 5:  15000000 integrand evaluations so far
[1] 71.9035 +- 91.9982  	chisq 5.03814 (4 df)

Iteration 6:  21000000 integrand evaluations so far
[1] 29.7668 +- 51.8168  	chisq 5.34539 (5 df)

Iteration 7:  28000000 integrand evaluations so far
[1] 25.9015 +- 50.8517  	chisq 5.49617 (6 df)

Iteration 8:  36000000 integrand evaluations so far
[1] 9.53919 +- 49.2184  	chisq 7.13418 (7 df)

Iteration 9:  45000000 integrand evaluations so far
[1] -13.6551 +- 42.3324  	chisq 7.98754 (8 df)

Iteration 10:  55000000 integrand evaluations so far
[1] 20.7404 +- 36.0861  	chisq 10.4028 (9 df)
      21 ±     36        (3.47mi) ┃Vegas input parameters:
  ndim 8
  ncomp 1
  nvec 1
  epsrel 0
  epsabs 0
  flags 10
  seed 123456
  mineval 5000000
  maxeval 50000000
  nstart 1000000
  nincrease 1000000
  nbatch 5000
  gridno 0
  statefile ""

Iteration 1:  1000000 integrand evaluations so far
[1] 154.242 +- 39.3696  	chisq 0 (0 df)

Iteration 2:  3000000 integrand evaluations so far
[1] 48.0395 +- 9.68407  	chisq 7.74559 (1 df)

Iteration 3:  6000000 integrand evaluations so far
[1] 48.2503 +- 9.68219  	chisq 8.96728 (2 df)

Iteration 4:  10000000 integrand evaluations so far
[1] 51.1084 +- 9.26231  	chisq 9.99419 (3 df)

Iteration 5:  15000000 integrand evaluations so far
[1] 52.187 +- 9.22424  	chisq 11.6474 (4 df)

Iteration 6:  21000000 integrand evaluations so far
[1] 53.1966 +- 9.20493  	chisq 14.5104 (5 df)

Iteration 7:  28000000 integrand evaluations so far
[1] 61.2371 +- 9.00285  	chisq 32.0809 (6 df)

Iteration 8:  36000000 integrand evaluations so far
[1] 83.6374 +- 7.73617  	chisq 55.7464 (7 df)

Iteration 9:  45000000 integrand evaluations so far
[1] 118.405 +- 4.98542  	chisq 90.2881 (8 df)

Iteration 10:  55000000 integrand evaluations so far
[1] 124.436 +- 4.63683  	chisq 101.135 (9 df)
   124.4 ±    4.6        (1.74mi) ┃     169 ±     36        (19.6mi) ┃
┃   54 -    56 ┃   39 -    40 ┃  195.71 ±   0.17        (4.08mi) ┃  -169.2 ±   0.15        (13.7mi) ┃Vegas input parameters:
  ndim 10
  ncomp 1
  nvec 1
  epsrel 0
  epsabs 0
  flags 10
  seed 123456
  mineval 50000000
  maxeval 50000000
  nstart 1000000
  nincrease 1000000
  nbatch 5000
  gridno 0
  statefile ""

Iteration 1:  1000000 integrand evaluations so far
[1] 139.824 +- 144.824  	chisq 0 (0 df)

Iteration 2:  3000000 integrand evaluations so far
[1] 114.745 +- 142.164  	chisq 0.823847 (1 df)

Iteration 3:  6000000 integrand evaluations so far
[1] -56.6999 +- 77.2639  	chisq 2.88788 (2 df)

Iteration 4:  10000000 integrand evaluations so far
[1] -67.4052 +- 72.5899  	chisq 3.0515 (3 df)

Iteration 5:  15000000 integrand evaluations so far
[1] -77.2944 +- 66.8312  	chisq 3.17331 (4 df)

Iteration 6:  21000000 integrand evaluations so far
[1] -88.1348 +- 58.3255  	chisq 3.2837 (5 df)

Iteration 7:  28000000 integrand evaluations so far
[1] -39.7734 +- 49.3849  	chisq 5.7124 (6 df)

Iteration 8:  36000000 integrand evaluations so far
[1] -23.8596 +- 44.847  	chisq 6.30463 (7 df)

Iteration 9:  45000000 integrand evaluations so far
[1] -2.295 +- 39.5665  	chisq 7.34791 (8 df)

Iteration 10:  55000000 integrand evaluations so far
[1] -31.3324 +- 31.0622  	chisq 8.75167 (9 df)
     -31 ±     31        (3.51mi) ┃Vegas input parameters:
  ndim 8
  ncomp 1
  nvec 1
  epsrel 0
  epsabs 0
  flags 10
  seed 123456
  mineval 5000000
  maxeval 50000000
  nstart 1000000
  nincrease 1000000
  nbatch 5000
  gridno 0
  statefile ""

Iteration 1:  1000000 integrand evaluations so far
[1] 280.411 +- 55.4464  	chisq 0 (0 df)

Iteration 2:  3000000 integrand evaluations so far
[1] 132.676 +- 24.4693  	chisq 8.81643 (1 df)

Iteration 3:  6000000 integrand evaluations so far
[1] 140.225 +- 23.9299  	chisq 10.9987 (2 df)

Iteration 4:  10000000 integrand evaluations so far
[1] 133.89 +- 13.2775  	chisq 11.1 (3 df)

Iteration 5:  15000000 integrand evaluations so far
[1] 150.346 +- 8.8028  	chisq 13.8406 (4 df)

Iteration 6:  21000000 integrand evaluations so far
[1] 157.346 +- 6.03318  	chisq 15.0331 (5 df)

Iteration 7:  28000000 integrand evaluations so far
[1] 163.884 +- 4.17418  	chisq 17.2861 (6 df)

Iteration 8:  36000000 integrand evaluations so far
[1] 166.507 +- 3.24313  	chisq 18.282 (7 df)

Iteration 9:  45000000 integrand evaluations so far
[1] 164.79 +- 2.33893  	chisq 18.8661 (8 df)

Iteration 10:  55000000 integrand evaluations so far
[1] 164.407 +- 1.7967  	chisq 18.9316 (9 df)
   164.4 ±    1.8        (1.68mi) ┃     160 ±     31        (  23mi) ┃
┃   54 -    56 ┃   40 -    41 ┃  193.65 ±   0.15        (6.08mi) ┃ -167.08 ±   0.15        (26.5mi) ┃Vegas input parameters:
  ndim 10
  ncomp 1
  nvec 1
  epsrel 0
  epsabs 0
  flags 10
  seed 123456
  mineval 50000000
  maxeval 50000000
  nstart 1000000
  nincrease 1000000
  nbatch 5000
  gridno 0
  statefile ""

Iteration 1:  1000000 integrand evaluations so far
[1] -116.987 +- 100.978  	chisq 0 (0 df)

Iteration 2:  3000000 integrand evaluations so far
[1] -0.465087 +- 67.5149  	chisq 2.40807 (1 df)

Iteration 3:  6000000 integrand evaluations so far
[1] -34.5875 +- 39.9472  	chisq 2.80109 (2 df)

Iteration 4:  10000000 integrand evaluations so far
[1] -28.5961 +- 39.3326  	chisq 3.53788 (3 df)

Iteration 5:  15000000 integrand evaluations so far
[1] 8.47005 +- 31.5354  	chisq 6.02425 (4 df)

Iteration 6:  21000000 integrand evaluations so far
[1] 0.695518 +- 30.4851  	chisq 6.9521 (5 df)

Iteration 7:  28000000 integrand evaluations so far
[1] -2.29295 +- 28.5788  	chisq 7.03142 (6 df)

Iteration 8:  36000000 integrand evaluations so far
[1] 18.6227 +- 25.7545  	chisq 9.88225 (7 df)

Iteration 9:  45000000 integrand evaluations so far
[1] 17.151 +- 25.7299  	chisq 11.5907 (8 df)

Iteration 10:  55000000 integrand evaluations so far
[1] 4.34071 +- 22.7737  	chisq 12.7352 (9 df)
       4 ±     23        (3.44mi) ┃Vegas input parameters:
  ndim 8
  ncomp 1
  nvec 1
  epsrel 0
  epsabs 0
  flags 10
  seed 123456
  mineval 5000000
  maxeval 50000000
  nstart 1000000
  nincrease 1000000
  nbatch 5000
  gridno 0
  statefile ""

Iteration 1:  1000000 integrand evaluations so far
[1] 175.536 +- 41.6224  	chisq 0 (0 df)

Iteration 2:  3000000 integrand evaluations so far
[1] 40.334 +- 7.91159  	chisq 10.9469 (1 df)

Iteration 3:  6000000 integrand evaluations so far
[1] 44.8233 +- 6.7633  	chisq 12.1429 (2 df)

Iteration 4:  10000000 integrand evaluations so far
[1] 47.0306 +- 6.69096  	chisq 17.1491 (3 df)

Iteration 5:  15000000 integrand evaluations so far
[1] 48.0935 +- 6.67859  	chisq 23.9813 (4 df)

Iteration 6:  21000000 integrand evaluations so far
[1] 57.3102 +- 6.33989  	chisq 43.2465 (5 df)

Iteration 7:  28000000 integrand evaluations so far
[1] 81.3667 +- 5.51052  	chisq 102.128 (6 df)

Iteration 8:  36000000 integrand evaluations so far
[1] 115.724 +- 3.84191  	chisq 177.769 (7 df)

Iteration 9:  45000000 integrand evaluations so far
[1] 134.665 +- 2.98777  	chisq 239.273 (8 df)

Iteration 10:  55000000 integrand evaluations so far
[1] 145.229 +- 2.26519  	chisq 268.674 (9 df)
   145.2 ±    2.3        ( 1.7mi) ┃     176 ±     23        (37.7mi) ┃
┃   54 -    56 ┃   41 -    42 ┃ 173.801 ±  0.004        (11.7mi) ┃-150.273 ±   0.03        (52.9mi) ┃Vegas input parameters:
  ndim 10
  ncomp 1
  nvec 1
  epsrel 0
  epsabs 0
  flags 10
  seed 123456
  mineval 50000000
  maxeval 50000000
  nstart 1000000
  nincrease 1000000
  nbatch 5000
  gridno 0
  statefile ""

Iteration 1:  1000000 integrand evaluations so far
[1] -153.472 +- 171.112  	chisq 0 (0 df)

Iteration 2:  3000000 integrand evaluations so far
[1] 119.382 +- 79.1923  	chisq 3.23579 (1 df)

Iteration 3:  6000000 integrand evaluations so far
[1] 0.216788 +- 34.825  	chisq 6.04292 (2 df)

Iteration 4:  10000000 integrand evaluations so far
[1] -25.9034 +- 26.3018  	chisq 7.35245 (3 df)

Iteration 5:  15000000 integrand evaluations so far
[1] -24.5587 +- 26.2848  	chisq 9.37828 (4 df)

Iteration 6:  21000000 integrand evaluations so far
[1] -23.8414 +- 26.2728  	chisq 10.195 (5 df)

Iteration 7:  28000000 integrand evaluations so far
[1] -23.9902 +- 26.2724  	chisq 11.1825 (6 df)

Iteration 8:  36000000 integrand evaluations so far
[1] -3.05267 +- 20.4  	chisq 12.782 (7 df)

Iteration 9:  45000000 integrand evaluations so far
[1] -10.6375 +- 17.9217  	chisq 13.3877 (8 df)

Iteration 10:  55000000 integrand evaluations so far
[1] -7.87606 +- 17.6188  	chisq 14.096 (9 df)
      -8 ±     18        (3.43mi) ┃Vegas input parameters:
  ndim 8
  ncomp 1
  nvec 1
  epsrel 0
  epsabs 0
  flags 10
  seed 123456
  mineval 5000000
  maxeval 50000000
  nstart 1000000
  nincrease 1000000
  nbatch 5000
  gridno 0
  statefile ""

Iteration 1:  1000000 integrand evaluations so far
[1] 131.804 +- 36.3942  	chisq 0 (0 df)

Iteration 2:  3000000 integrand evaluations so far
[1] 81.2182 +- 20.2452  	chisq 2.79763 (1 df)

Iteration 3:  6000000 integrand evaluations so far
[1] 87.6429 +- 19.2573  	chisq 3.85535 (2 df)

Iteration 4:  10000000 integrand evaluations so far
[1] 92.2215 +- 16.6912  	chisq 4.0826 (3 df)

Iteration 5:  15000000 integrand evaluations so far
[1] 110.463 +- 14.0604  	chisq 8.19601 (4 df)

Iteration 6:  21000000 integrand evaluations so far
[1] 129.928 +- 8.50405  	chisq 11.2177 (5 df)

Iteration 7:  28000000 integrand evaluations so far
[1] 133.79 +- 5.08766  	chisq 11.539 (6 df)

Iteration 8:  36000000 integrand evaluations so far
[1] 136.901 +- 4.9181  	chisq 17.2413 (7 df)

Iteration 9:  45000000 integrand evaluations so far
[1] 142.916 +- 4.55723  	chisq 27.8253 (8 df)

Iteration 10:  55000000 integrand evaluations so far
[1] 152.191 +- 3.58454  	chisq 38.6865 (9 df)
   152.2 ±    3.6        (1.71mi) ┃     168 ±     18        (1.16hr) ┃
┃   54 -    56 ┃   42 -    43 ┃  198.99 ±   0.16        (3.02mi) ┃ -173.25 ±    0.1        (26.7mi) ┃Vegas input parameters:
  ndim 10
  ncomp 1
  nvec 1
  epsrel 0
  epsabs 0
  flags 10
  seed 123456
  mineval 50000000
  maxeval 50000000
  nstart 1000000
  nincrease 1000000
  nbatch 5000
  gridno 0
  statefile ""

Iteration 1:  1000000 integrand evaluations so far
[1] -70.7595 +- 233.184  	chisq 0 (0 df)

Iteration 2:  3000000 integrand evaluations so far
[1] -8.42437 +- 31.5214  	chisq 0.0727908 (1 df)

Iteration 3:  6000000 integrand evaluations so far
[1] -27.8143 +- 19.7233  	chisq 0.69465 (2 df)

Iteration 4:  10000000 integrand evaluations so far
[1] -22.8654 +- 19.5  	chisq 3.49141 (3 df)

Iteration 5:  15000000 integrand evaluations so far
[1] -23.7376 +- 19.1234  	chisq 3.5437 (4 df)

Iteration 6:  21000000 integrand evaluations so far
[1] -23.0903 +- 19.111  	chisq 4.42601 (5 df)

Iteration 7:  28000000 integrand evaluations so far
[1] -23.2602 +- 14.9078  	chisq 4.42621 (6 df)

Iteration 8:  36000000 integrand evaluations so far
[1] -25.8333 +- 13.392  	chisq 4.58056 (7 df)

Iteration 9:  45000000 integrand evaluations so far
[1] -25.2207 +- 13.3647  	chisq 5.09547 (8 df)

Iteration 10:  55000000 integrand evaluations so far
[1] -25.59 +- 12.9485  	chisq 5.10792 (9 df)
     -26 ±     13        (3.44mi) ┃Vegas input parameters:
  ndim 8
  ncomp 1
  nvec 1
  epsrel 0
  epsabs 0
  flags 10
  seed 123456
  mineval 5000000
  maxeval 50000000
  nstart 1000000
  nincrease 1000000
  nbatch 5000
  gridno 0
  statefile ""

Iteration 1:  1000000 integrand evaluations so far
[1] 165.207 +- 45.9944  	chisq 0 (0 df)

Iteration 2:  3000000 integrand evaluations so far
[1] 168.481 +- 44.6746  	chisq 0.0895632 (1 df)

Iteration 3:  6000000 integrand evaluations so far
[1] 155.381 +- 37.7294  	chisq 0.389395 (2 df)

Iteration 4:  10000000 integrand evaluations so far
[1] 159.056 +- 37.4851  	chisq 1.12437 (3 df)

Iteration 5:  15000000 integrand evaluations so far
[1] 165.439 +- 36.3217  	chisq 1.59876 (4 df)

Iteration 6:  21000000 integrand evaluations so far
[1] 169.022 +- 34.7122  	chisq 1.71106 (5 df)

Iteration 7:  28000000 integrand evaluations so far
[1] 172.093 +- 34.5045  	chisq 2.36713 (6 df)

Iteration 8:  36000000 integrand evaluations so far
[1] 163.611 +- 24.095  	chisq 2.48507 (7 df)

Iteration 9:  45000000 integrand evaluations so far
[1] 149.758 +- 13.2894  	chisq 2.96019 (8 df)

Iteration 10:  55000000 integrand evaluations so far
[1] 148.198 +- 8.73342  	chisq 2.98442 (9 df)
   148.2 ±    8.7        (1.73mi) ┃     148 ±     16        (34.9mi) ┃
┃   54 -    56 ┃   43 -    44 ┃ 177.949 ±  0.024        ( 26.1s) ┃ -153.22 ±    0.1        (13.3mi) ┃Vegas input parameters:
  ndim 10
  ncomp 1
  nvec 1
  epsrel 0
  epsabs 0
  flags 10
  seed 123456
  mineval 50000000
  maxeval 50000000
  nstart 1000000
  nincrease 1000000
  nbatch 5000
  gridno 0
  statefile ""

Iteration 1:  1000000 integrand evaluations so far
[1] 249.735 +- 286.601  	chisq 0 (0 df)

Iteration 2:  3000000 integrand evaluations so far
[1] 123.066 +- 72.7336  	chisq 0.208782 (1 df)

Iteration 3:  6000000 integrand evaluations so far
[1] 89.3082 +- 51.0368  	chisq 0.633143 (2 df)

Iteration 4:  10000000 integrand evaluations so far
[1] 48.8367 +- 47.763  	chisq 5.69722 (3 df)

Iteration 5:  15000000 integrand evaluations so far
[1] 58.5399 +- 46.4238  	chisq 6.44363 (4 df)

Iteration 6:  21000000 integrand evaluations so far
[1] 17.4259 +- 41.012  	chisq 10.016 (5 df)

Iteration 7:  28000000 integrand evaluations so far
[1] 15.9687 +- 38.2353  	chisq 10.0256 (6 df)

Iteration 8:  36000000 integrand evaluations so far
[1] 8.29331 +- 37.8791  	chisq 12.1983 (7 df)

Iteration 9:  45000000 integrand evaluations so far
[1] 9.30134 +- 37.8702  	chisq 13.7091 (8 df)

Iteration 10:  55000000 integrand evaluations so far
[1] 10.9473 +- 37.8291  	chisq 14.5794 (9 df)
      11 ±     38        (3.49mi) ┃Vegas input parameters:
  ndim 8
  ncomp 1
  nvec 1
  epsrel 0
  epsabs 0
  flags 10
  seed 123456
  mineval 5000000
  maxeval 50000000
  nstart 1000000
  nincrease 1000000
  nbatch 5000
  gridno 0
  statefile ""

Iteration 1:  1000000 integrand evaluations so far
[1] 225.112 +- 51.3349  	chisq 0 (0 df)

Iteration 2:  3000000 integrand evaluations so far
[1] 125.842 +- 25.4655  	chisq 4.96001 (1 df)

Iteration 3:  6000000 integrand evaluations so far
[1] 128.907 +- 20.392  	chisq 5.00038 (2 df)

Iteration 4:  10000000 integrand evaluations so far
[1] 141.173 +- 17.2158  	chisq 6.26002 (3 df)

Iteration 5:  15000000 integrand evaluations so far
[1] 144.187 +- 16.8701  	chisq 7.03111 (4 df)

Iteration 6:  21000000 integrand evaluations so far
[1] 125.999 +- 9.37864  	chisq 8.71344 (5 df)

Iteration 7:  28000000 integrand evaluations so far
[1] 145.237 +- 7.34923  	chisq 19.6155 (6 df)

Iteration 8:  36000000 integrand evaluations so far
[1] 150.395 +- 5.79081  	chisq 20.9148 (7 df)

Iteration 9:  45000000 integrand evaluations so far
[1] 155.122 +- 4.01399  	chisq 22.1973 (8 df)

Iteration 10:  55000000 integrand evaluations so far
[1] 157.999 +- 2.96905  	chisq 23.3316 (9 df)
     158 ±      3        (1.69mi) ┃     194 ±     38        (18.9mi) ┃
┃   54 -    56 ┃   44 -    45 ┃  154.71 ±   0.14        (   48s) ┃-133.421 ±  0.066        (1.68mi) ┃Vegas input parameters:
  ndim 10
  ncomp 1
  nvec 1
  epsrel 0
  epsabs 0
  flags 10
  seed 123456
  mineval 50000000
  maxeval 50000000
  nstart 1000000
  nincrease 1000000
  nbatch 5000
  gridno 0
  statefile ""

Iteration 1:  1000000 integrand evaluations so far
[1] -576.138 +- 433.97  	chisq 0 (0 df)

Iteration 2:  3000000 integrand evaluations so far
[1] -33.5886 +- 22.4961  	chisq 1.56721 (1 df)

Iteration 3:  6000000 integrand evaluations so far
[1] -32.4154 +- 21.738  	chisq 1.60825 (2 df)

Iteration 4:  10000000 integrand evaluations so far
[1] -23.3401 +- 20.776  	chisq 3.622 (3 df)

Iteration 5:  15000000 integrand evaluations so far
[1] -23.3437 +- 20.1157  	chisq 3.622 (4 df)

Iteration 6:  21000000 integrand evaluations so far
[1] -21.0426 +- 17.0689  	chisq 3.66874 (5 df)

Iteration 7:  28000000 integrand evaluations so far
[1] -14.2567 +- 16.7762  	chisq 8.31772 (6 df)

Iteration 8:  36000000 integrand evaluations so far
[1] -17.3117 +- 16.3681  	chisq 9.00767 (7 df)

Iteration 9:  45000000 integrand evaluations so far
[1] -11.924 +- 15.938  	chisq 11.0971 (8 df)

Iteration 10:  55000000 integrand evaluations so far
[1] -13.9245 +- 15.1412  	chisq 11.2587 (9 df)
     -14 ±     15        (3.48mi) ┃Vegas input parameters:
  ndim 8
  ncomp 1
  nvec 1
  epsrel 0
  epsabs 0
  flags 10
  seed 123456
  mineval 5000000
  maxeval 50000000
  nstart 1000000
  nincrease 1000000
  nbatch 5000
  gridno 0
  statefile ""

Iteration 1:  1000000 integrand evaluations so far
[1] 139.522 +- 35.2757  	chisq 0 (0 df)

Iteration 2:  3000000 integrand evaluations so far
[1] 26.9914 +- 6.29451  	chisq 10.5109 (1 df)

Iteration 3:  6000000 integrand evaluations so far
[1] 27.4362 +- 6.28611  	chisq 12.3812 (2 df)

Iteration 4:  10000000 integrand evaluations so far
[1] 31.7474 +- 5.99359  	chisq 17.5555 (3 df)

Iteration 5:  15000000 integrand evaluations so far
[1] 36.456 +- 5.83158  	chisq 29.1287 (4 df)

Iteration 6:  21000000 integrand evaluations so far
[1] 47.332 +- 5.5455  	chisq 65.4711 (5 df)

Iteration 7:  28000000 integrand evaluations so far
[1] 79.5187 +- 4.39394  	chisq 155.983 (6 df)

Iteration 8:  36000000 integrand evaluations so far
[1] 79.8856 +- 4.38881  	chisq 158.965 (7 df)

Iteration 9:  45000000 integrand evaluations so far
[1] 87.8292 +- 4.07154  	chisq 182.474 (8 df)

Iteration 10:  55000000 integrand evaluations so far
[1] 97.6793 +- 3.7311  	chisq 218.999 (9 df)
    97.7 ±    3.7        (1.69mi) ┃     105 ±     16        (7.65mi) ┃
┃   54 -    56 ┃   45 -    46 ┃ 192.008 ±  0.076        (1.66mi) ┃-165.846 ±  0.094        (1.83mi) ┃Vegas input parameters:
  ndim 10
  ncomp 1
  nvec 1
  epsrel 0
  epsabs 0
  flags 10
  seed 123456
  mineval 50000000
  maxeval 50000000
  nstart 1000000
  nincrease 1000000
  nbatch 5000
  gridno 0
  statefile ""

Iteration 1:  1000000 integrand evaluations so far
[1] 575.991 +- 384.559  	chisq 0 (0 df)

Iteration 2:  3000000 integrand evaluations so far
[1] 147.961 +- 76.9851  	chisq 1.29058 (1 df)

Iteration 3:  6000000 integrand evaluations so far
[1] 39.3534 +- 29.9505  	chisq 3.63579 (2 df)

Iteration 4:  10000000 integrand evaluations so far
[1] 39.4523 +- 29.474  	chisq 3.63614 (3 df)

Iteration 5:  15000000 integrand evaluations so far
[1] 10.2765 +- 24.4618  	chisq 6.7849 (4 df)

Iteration 6:  21000000 integrand evaluations so far
[1] 11.3933 +- 24.4465  	chisq 8.44898 (5 df)

Iteration 7:  28000000 integrand evaluations so far
[1] 0.16584 +- 13.7929  	chisq 8.75841 (6 df)

Iteration 8:  36000000 integrand evaluations so far
[1] 11.0914 +- 12.7868  	chisq 13.2224 (7 df)

Iteration 9:  45000000 integrand evaluations so far
[1] 12.1529 +- 12.678  	chisq 13.629 (8 df)

Iteration 10:  55000000 integrand evaluations so far
[1] 11.7152 +- 12.5688  	chisq 13.6985 (9 df)
      12 ±     13        (3.49mi) ┃Vegas input parameters:
  ndim 8
  ncomp 1
  nvec 1
  epsrel 0
  epsabs 0
  flags 10
  seed 123456
  mineval 5000000
  maxeval 50000000
  nstart 1000000
  nincrease 1000000
  nbatch 5000
  gridno 0
  statefile ""

Iteration 1:  1000000 integrand evaluations so far
[1] 206.887 +- 44.1202  	chisq 0 (0 df)

Iteration 2:  3000000 integrand evaluations so far
[1] 192.86 +- 34.7202  	chisq 0.265499 (1 df)

Iteration 3:  6000000 integrand evaluations so far
[1] 152.795 +- 23.1098  	chisq 2.65622 (2 df)

Iteration 4:  10000000 integrand evaluations so far
[1] 99.1445 +- 10.8917  	chisq 9.58471 (3 df)

Iteration 5:  15000000 integrand evaluations so far
[1] 108.298 +- 9.32373  	chisq 12.2282 (4 df)

Iteration 6:  21000000 integrand evaluations so far
[1] 121.984 +- 6.97908  	chisq 17.1282 (5 df)

Iteration 7:  28000000 integrand evaluations so far
[1] 135.825 +- 5.29631  	chisq 26.4023 (6 df)

Iteration 8:  36000000 integrand evaluations so far
[1] 140.212 +- 4.47812  	chisq 28.809 (7 df)

Iteration 9:  45000000 integrand evaluations so far
[1] 142.433 +- 3.42829  	chisq 29.4033 (8 df)

Iteration 10:  55000000 integrand evaluations so far
[1] 143.893 +- 3.32646  	chisq 32.5018 (9 df)
   143.9 ±    3.3        (1.72mi) ┃     182 ±     13        ( 8.7mi) ┃
┃   54 -    56 ┃   46 -    47 ┃ 159.948 ±  0.068        (3.48mi) ┃ -138.12 ±   0.11        (13.1mi) ┃Vegas input parameters:
  ndim 10
  ncomp 1
  nvec 1
  epsrel 0
  epsabs 0
  flags 10
  seed 123456
  mineval 50000000
  maxeval 50000000
  nstart 1000000
  nincrease 1000000
  nbatch 5000
  gridno 0
  statefile ""

Iteration 1:  1000000 integrand evaluations so far
[1] -106.469 +- 128.287  	chisq 0 (0 df)

Iteration 2:  3000000 integrand evaluations so far
[1] 21.562 +- 95.0463  	chisq 2.20802 (1 df)

Iteration 3:  6000000 integrand evaluations so far
[1] 3.88112 +- 93.1845  	chisq 3.10004 (2 df)

Iteration 4:  10000000 integrand evaluations so far
[1] -31.7248 +- 30.201  	chisq 3.26318 (3 df)

Iteration 5:  15000000 integrand evaluations so far
[1] -16.1222 +- 28.4778  	chisq 5.67078 (4 df)

Iteration 6:  21000000 integrand evaluations so far
[1] -11.1417 +- 28.0066  	chisq 6.6028 (5 df)

Iteration 7:  28000000 integrand evaluations so far
[1] 7.07336 +- 25.4681  	chisq 9.04693 (6 df)

Iteration 8:  36000000 integrand evaluations so far
[1] 4.78426 +- 25.3697  	chisq 10.0947 (7 df)

Iteration 9:  45000000 integrand evaluations so far
[1] 5.01487 +- 25.3686  	chisq 11.0929 (8 df)

Iteration 10:  55000000 integrand evaluations so far
[1] 4.83199 +- 25.3676  	chisq 11.7489 (9 df)
       5 ±     25        (3.45mi) ┃Vegas input parameters:
  ndim 8
  ncomp 1
  nvec 1
  epsrel 0
  epsabs 0
  flags 10
  seed 123456
  mineval 5000000
  maxeval 50000000
  nstart 1000000
  nincrease 1000000
  nbatch 5000
  gridno 0
  statefile ""

Iteration 1:  1000000 integrand evaluations so far
[1] 173.362 +- 40.8142  	chisq 0 (0 df)

Iteration 2:  3000000 integrand evaluations so far
[1] 106.434 +- 23.0289  	chisq 3.94492 (1 df)

Iteration 3:  6000000 integrand evaluations so far
[1] 94.6632 +- 14.1857  	chisq 4.36594 (2 df)

Iteration 4:  10000000 integrand evaluations so far
[1] 106.194 +- 11.2861  	chisq 6.166 (3 df)

Iteration 5:  15000000 integrand evaluations so far
[1] 115.182 +- 9.49877  	chisq 8.34083 (4 df)

Iteration 6:  21000000 integrand evaluations so far
[1] 118.672 +- 9.22608  	chisq 10.7265 (5 df)

Iteration 7:  28000000 integrand evaluations so far
[1] 123.434 +- 7.58633  	chisq 11.5489 (6 df)

Iteration 8:  36000000 integrand evaluations so far
[1] 128.219 +- 6.72712  	chisq 13.4109 (7 df)

Iteration 9:  45000000 integrand evaluations so far
[1] 127.663 +- 3.9786  	chisq 13.4214 (8 df)

Iteration 10:  55000000 integrand evaluations so far
[1] 133.472 +- 2.32392  	chisq 16.6574 (9 df)
   133.5 ±    2.3        (1.73mi) ┃     160 ±     25        (21.8mi) ┃
┃   54 -    56 ┃   47 -    48 ┃ 151.296 ±  0.082        (11.2mi) ┃-131.459 ±  0.076        (13.2mi) ┃Vegas input parameters:
  ndim 10
  ncomp 1
  nvec 1
  epsrel 0
  epsabs 0
  flags 10
  seed 123456
  mineval 50000000
  maxeval 50000000
  nstart 1000000
  nincrease 1000000
  nbatch 5000
  gridno 0
  statefile ""

Iteration 1:  1000000 integrand evaluations so far
[1] 59.1342 +- 96.7262  	chisq 0 (0 df)

Iteration 2:  3000000 integrand evaluations so far
[1] -6.17536 +- 38.7906  	chisq 0.543269 (1 df)

Iteration 3:  6000000 integrand evaluations so far
[1] -4.7075 +- 38.4045  	chisq 0.615567 (2 df)

Iteration 4:  10000000 integrand evaluations so far
[1] -34.4529 +- 17.2952  	chisq 1.36808 (3 df)

Iteration 5:  15000000 integrand evaluations so far
[1] -34.9712 +- 16.5943  	chisq 1.37939 (4 df)

Iteration 6:  21000000 integrand evaluations so far
[1] -21.505 +- 14.0006  	chisq 3.6646 (5 df)

Iteration 7:  28000000 integrand evaluations so far
[1] -20.8125 +- 13.5682  	chisq 3.70484 (6 df)

Iteration 8:  36000000 integrand evaluations so far
[1] -17.5525 +- 13.3393  	chisq 5.4298 (7 df)

Iteration 9:  45000000 integrand evaluations so far
[1] -18.0915 +- 13.3134  	chisq 5.85193 (8 df)

Iteration 10:  55000000 integrand evaluations so far
[1] -22.306 +- 12.9861  	chisq 7.91542 (9 df)
     -22 ±     13        (3.47mi) ┃Vegas input parameters:
  ndim 8
  ncomp 1
  nvec 1
  epsrel 0
  epsabs 0
  flags 10
  seed 123456
  mineval 5000000
  maxeval 50000000
  nstart 1000000
  nincrease 1000000
  nbatch 5000
  gridno 0
  statefile ""

Iteration 1:  1000000 integrand evaluations so far
[1] 83.373 +- 26.0108  	chisq 0 (0 df)

Iteration 2:  3000000 integrand evaluations so far
[1] 15.3942 +- 3.08357  	chisq 6.92769 (1 df)

Iteration 3:  6000000 integrand evaluations so far
[1] 15.7705 +- 3.07508  	chisq 9.63408 (2 df)

Iteration 4:  10000000 integrand evaluations so far
[1] 16.2497 +- 3.07031  	chisq 17.4805 (3 df)

Iteration 5:  15000000 integrand evaluations so far
[1] 18.4554 +- 3.03287  	chisq 38.767 (4 df)

Iteration 6:  21000000 integrand evaluations so far
[1] 23.455 +- 2.95145  	chisq 90.0684 (5 df)

Iteration 7:  28000000 integrand evaluations so far
[1] 23.5924 +- 2.95053  	chisq 93.5727 (6 df)

Iteration 8:  36000000 integrand evaluations so far
[1] 27.0486 +- 2.90377  	chisq 137.208 (7 df)

Iteration 9:  45000000 integrand evaluations so far
[1] 40.7302 +- 2.70679  	chisq 306.578 (8 df)

Iteration 10:  55000000 integrand evaluations so far
[1] 59.024 +- 2.45504  	chisq 564.117 (9 df)
      59 ±    2.5        (1.71mi) ┃      57 ±     13        (29.5mi) ┃
┃   54 -    56 ┃   48 -    49 ┃  168.62 ±   0.14        ( 28.2s) ┃-146.525 ±  0.041        (  26mi) ┃Vegas input parameters:
  ndim 10
  ncomp 1
  nvec 1
  epsrel 0
  epsabs 0
  flags 10
  seed 123456
  mineval 50000000
  maxeval 50000000
  nstart 1000000
  nincrease 1000000
  nbatch 5000
  gridno 0
  statefile ""

Iteration 1:  1000000 integrand evaluations so far
[1] 402.056 +- 579.784  	chisq 0 (0 df)

Iteration 2:  3000000 integrand evaluations so far
[1] -37.5575 +- 157.018  	chisq 0.620427 (1 df)

Iteration 3:  6000000 integrand evaluations so far
[1] -27.6984 +- 63.513  	chisq 0.625141 (2 df)

Iteration 4:  10000000 integrand evaluations so far
[1] -27.1068 +- 21.0723  	chisq 0.625239 (3 df)

Iteration 5:  15000000 integrand evaluations so far
[1] -16.4523 +- 20.0479  	chisq 3.32007 (4 df)

Iteration 6:  21000000 integrand evaluations so far
[1] -5.07079 +- 14.533  	chisq 3.99931 (5 df)

Iteration 7:  28000000 integrand evaluations so far
[1] -0.325426 +- 14.0881  	chisq 5.76751 (6 df)

Iteration 8:  36000000 integrand evaluations so far
[1] 5.53438 +- 13.3453  	chisq 7.45254 (7 df)

Iteration 9:  45000000 integrand evaluations so far
[1] 7.98358 +- 13.113  	chisq 8.42853 (8 df)

Iteration 10:  55000000 integrand evaluations so far
[1] 1.71045 +- 12.7274  	chisq 12.3783 (9 df)
       2 ±     13        (3.43mi) ┃Vegas input parameters:
  ndim 8
  ncomp 1
  nvec 1
  epsrel 0
  epsabs 0
  flags 10
  seed 123456
  mineval 5000000
  maxeval 50000000
  nstart 1000000
  nincrease 1000000
  nbatch 5000
  gridno 0
  statefile ""

Iteration 1:  1000000 integrand evaluations so far
[1] 90.3814 +- 26.5724  	chisq 0 (0 df)

Iteration 2:  3000000 integrand evaluations so far
[1] 11.4918 +- 2.48948  	chisq 8.89212 (1 df)

Iteration 3:  6000000 integrand evaluations so far
[1] 11.6841 +- 2.48797  	chisq 13.8142 (2 df)

Iteration 4:  10000000 integrand evaluations so far
[1] 13.1318 +- 2.4576  	chisq 27.7662 (3 df)

Iteration 5:  15000000 integrand evaluations so far
[1] 14.517 +- 2.44124  	chisq 51.7182 (4 df)

Iteration 6:  21000000 integrand evaluations so far
[1] 16.81 +- 2.41165  	chisq 88.3272 (5 df)

Iteration 7:  28000000 integrand evaluations so far
[1] 26.421 +- 2.26769  	chisq 225.455 (6 df)

Iteration 8:  36000000 integrand evaluations so far
[1] 36.2756 +- 2.16253  	chisq 433.904 (7 df)

Iteration 9:  45000000 integrand evaluations so far
[1] 52.4898 +- 1.97569  	chisq 773.929 (8 df)

Iteration 10:  55000000 integrand evaluations so far
[1] 78.4628 +- 1.60749  	chisq 1285.23 (9 df)
    78.5 ±    1.6        (1.71mi) ┃     102 ±     13        (31.6mi) ┃
┃   54 -    56 ┃   49 -    50 ┃  161.39 ±   0.16        ( 1.7mi) ┃-138.898 ±  0.093        (13.2mi) ┃Vegas input parameters:
  ndim 10
  ncomp 1
  nvec 1
  epsrel 0
  epsabs 0
  flags 10
  seed 123456
  mineval 50000000
  maxeval 50000000
  nstart 1000000
  nincrease 1000000
  nbatch 5000
  gridno 0
  statefile ""

Iteration 1:  1000000 integrand evaluations so far
[1] -61.3617 +- 78.034  	chisq 0 (0 df)

Iteration 2:  3000000 integrand evaluations so far
[1] -65.238 +- 77.8638  	chisq 0.566464 (1 df)

Iteration 3:  6000000 integrand evaluations so far
[1] -39.072 +- 38.4156  	chisq 0.715724 (2 df)

Iteration 4:  10000000 integrand evaluations so far
[1] -45.4779 +- 37.7858  	chisq 1.57078 (3 df)

Iteration 5:  15000000 integrand evaluations so far
[1] -47.6415 +- 37.7083  	chisq 2.37034 (4 df)

Iteration 6:  21000000 integrand evaluations so far
[1] -24.2879 +- 27.7406  	chisq 3.20636 (5 df)

Iteration 7:  28000000 integrand evaluations so far
[1] -18.2829 +- 26.4769  	chisq 3.73266 (6 df)

Iteration 8:  36000000 integrand evaluations so far
[1] -16.141 +- 13.8397  	chisq 3.74166 (7 df)

Iteration 9:  45000000 integrand evaluations so far
[1] -15.1487 +- 13.8228  	chisq 5.85098 (8 df)

Iteration 10:  55000000 integrand evaluations so far
[1] -13.666 +- 13.7224  	chisq 6.64563 (9 df)
     -14 ±     14        (3.46mi) ┃Vegas input parameters:
  ndim 8
  ncomp 1
  nvec 1
  epsrel 0
  epsabs 0
  flags 10
  seed 123456
  mineval 5000000
  maxeval 50000000
  nstart 1000000
  nincrease 1000000
  nbatch 5000
  gridno 0
  statefile ""

Iteration 1:  1000000 integrand evaluations so far
[1] 142.291 +- 36.3801  	chisq 0 (0 df)

Iteration 2:  3000000 integrand evaluations so far
[1] 124.886 +- 30.426  	chisq 0.761551 (1 df)

Iteration 3:  6000000 integrand evaluations so far
[1] 109.213 +- 24.5344  	chisq 1.52023 (2 df)

Iteration 4:  10000000 integrand evaluations so far
[1] 49.9463 +- 6.49011  	chisq 7.79466 (3 df)

Iteration 5:  15000000 integrand evaluations so far
[1] 57.4133 +- 6.00416  	chisq 16.9777 (4 df)

Iteration 6:  21000000 integrand evaluations so far
[1] 71.5881 +- 5.25139  	chisq 40.6919 (5 df)

Iteration 7:  28000000 integrand evaluations so far
[1] 72.9262 +- 5.20833  	chisq 44.6675 (6 df)

Iteration 8:  36000000 integrand evaluations so far
[1] 84.8169 +- 4.61131  	chisq 68.7852 (7 df)

Iteration 9:  45000000 integrand evaluations so far
[1] 99.4104 +- 3.68097  	chisq 96.391 (8 df)

Iteration 10:  55000000 integrand evaluations so far
[1] 108.108 +- 3.27289  	chisq 123.048 (9 df)
   108.1 ±    3.3        (1.69mi) ┃     117 ±     14        (  20mi) ┃
┃   54 -    56 ┃   50 -    51 ┃ 142.828 ±  0.086        (   49s) ┃ -123.87 ±    0.1        (6.99mi) ┃Vegas input parameters:
  ndim 10
  ncomp 1
  nvec 1
  epsrel 0
  epsabs 0
  flags 10
  seed 123456
  mineval 50000000
  maxeval 50000000
  nstart 1000000
  nincrease 1000000
  nbatch 5000
  gridno 0
  statefile ""

Iteration 1:  1000000 integrand evaluations so far
[1] 18.3131 +- 72.8423  	chisq 0 (0 df)

Iteration 2:  3000000 integrand evaluations so far
[1] -29.5579 +- 46.6601  	chisq 0.732424 (1 df)

Iteration 3:  6000000 integrand evaluations so far
[1] -35.661 +- 46.3744  	chisq 2.13355 (2 df)

Iteration 4:  10000000 integrand evaluations so far
[1] -7.78118 +- 23.4576  	chisq 2.61926 (3 df)

Iteration 5:  15000000 integrand evaluations so far
[1] 3.42456 +- 21.8229  	chisq 4.3156 (4 df)

Iteration 6:  21000000 integrand evaluations so far
[1] 1.5068 +- 19.2956  	chisq 4.351 (5 df)

Iteration 7:  28000000 integrand evaluations so far
[1] -5.55819 +- 18.7233  	chisq 6.64527 (6 df)

Iteration 8:  36000000 integrand evaluations so far
[1] -3.92523 +- 13.8112  	chisq 6.66195 (7 df)

Iteration 9:  45000000 integrand evaluations so far
[1] -4.94095 +- 13.4987  	chisq 6.78286 (8 df)

Iteration 10:  55000000 integrand evaluations so far
[1] -2.72886 +- 12.5889  	chisq 6.98904 (9 df)
      -3 ±     13        ( 3.5mi) ┃Vegas input parameters:
  ndim 8
  ncomp 1
  nvec 1
  epsrel 0
  epsabs 0
  flags 10
  seed 123456
  mineval 5000000
  maxeval 50000000
  nstart 1000000
  nincrease 1000000
  nbatch 5000
  gridno 0
  statefile ""

Iteration 1:  1000000 integrand evaluations so far
[1] 157.323 +- 41.8027  	chisq 0 (0 df)

Iteration 2:  3000000 integrand evaluations so far
[1] 65.2446 +- 16.6165  	chisq 5.7623 (1 df)

Iteration 3:  6000000 integrand evaluations so far
[1] 56.4469 +- 10.196  	chisq 6.2119 (2 df)

Iteration 4:  10000000 integrand evaluations so far
[1] 63.7793 +- 9.0075  	chisq 8.56765 (3 df)

Iteration 5:  15000000 integrand evaluations so far
[1] 69.7663 +- 8.6415  	chisq 14.1167 (4 df)

Iteration 6:  21000000 integrand evaluations so far
[1] 84.5546 +- 7.51638  	chisq 26.1464 (5 df)

Iteration 7:  28000000 integrand evaluations so far
[1] 98.5791 +- 6.39108  	chisq 38.7141 (6 df)

Iteration 8:  36000000 integrand evaluations so far
[1] 117.934 +- 4.54534  	chisq 57.2715 (7 df)

Iteration 9:  45000000 integrand evaluations so far
[1] 125.083 +- 3.73194  	chisq 64.8631 (8 df)

Iteration 10:  55000000 integrand evaluations so far
[1] 131.376 +- 2.89048  	chisq 71.9693 (9 df)
   131.4 ±    2.9        (1.71mi) ┃     148 ±     13        (  13mi) ┃
┃   54 -    56 ┃   51 -    52 ┃  175.02 ±   0.11        (1.64mi) ┃ -151.09 ±    0.1        (13.1mi) ┃Vegas input parameters:
  ndim 10
  ncomp 1
  nvec 1
  epsrel 0
  epsabs 0
  flags 10
  seed 123456
  mineval 50000000
  maxeval 50000000
  nstart 1000000
  nincrease 1000000
  nbatch 5000
  gridno 0
  statefile ""

Iteration 1:  1000000 integrand evaluations so far
[1] 108.269 +- 94.0101  	chisq 0 (0 df)

Iteration 2:  3000000 integrand evaluations so far
[1] -9.5686 +- 38.7038  	chisq 1.89182 (1 df)

Iteration 3:  6000000 integrand evaluations so far
[1] -4.76729 +- 38.4574  	chisq 3.10385 (2 df)

Iteration 4:  10000000 integrand evaluations so far
[1] 15.8647 +- 30.094  	chisq 3.84633 (3 df)

Iteration 5:  15000000 integrand evaluations so far
[1] -12.4222 +- 23.3748  	chisq 6.07347 (4 df)

Iteration 6:  21000000 integrand evaluations so far
[1] 5.20872 +- 20.9914  	chisq 9.01324 (5 df)

Iteration 7:  28000000 integrand evaluations so far
[1] -12.8393 +- 17.8128  	chisq 11.6541 (6 df)

Iteration 8:  36000000 integrand evaluations so far
[1] -10.708 +- 17.6777  	chisq 12.6014 (7 df)

Iteration 9:  45000000 integrand evaluations so far
[1] -10.2527 +- 15.014  	chisq 12.6038 (8 df)

Iteration 10:  55000000 integrand evaluations so far
[1] -7.46998 +- 14.1018  	chisq 12.8953 (9 df)
      -7 ±     14        (3.48mi) ┃Vegas input parameters:
  ndim 8
  ncomp 1
  nvec 1
  epsrel 0
  epsabs 0
  flags 10
  seed 123456
  mineval 5000000
  maxeval 50000000
  nstart 1000000
  nincrease 1000000
  nbatch 5000
  gridno 0
  statefile ""

Iteration 1:  1000000 integrand evaluations so far
[1] 174.787 +- 44.8426  	chisq 0 (0 df)

Iteration 2:  3000000 integrand evaluations so far
[1] 66.4682 +- 12.5549  	chisq 6.33105 (1 df)

Iteration 3:  6000000 integrand evaluations so far
[1] 72.0443 +- 11.3902  	chisq 7.4459 (2 df)

Iteration 4:  10000000 integrand evaluations so far
[1] 79.7687 +- 10.0042  	chisq 9.45815 (3 df)

Iteration 5:  15000000 integrand evaluations so far
[1] 86.3741 +- 6.68488  	chisq 10.2458 (4 df)

Iteration 6:  21000000 integrand evaluations so far
[1] 95.5215 +- 4.80571  	chisq 14.1209 (5 df)

Iteration 7:  28000000 integrand evaluations so far
[1] 106.164 +- 3.62903  	chisq 25.5331 (6 df)

Iteration 8:  36000000 integrand evaluations so far
[1] 112.637 +- 3.11536  	chisq 37.6284 (7 df)

Iteration 9:  45000000 integrand evaluations so far
[1] 116.356 +- 2.2703  	chisq 40.6671 (8 df)

Iteration 10:  55000000 integrand evaluations so far
[1] 118.301 +- 2.12273  	chisq 46.5015 (9 df)
   118.3 ±    2.1        ( 1.7mi) ┃     135 ±     14        (19.9mi) ┃
┃   54 -    56 ┃   52 -    53 ┃ 126.579 ±  0.018        (1.67mi) ┃-109.432 ±   0.07        (12.8mi) ┃Vegas input parameters:
  ndim 10
  ncomp 1
  nvec 1
  epsrel 0
  epsabs 0
  flags 10
  seed 123456
  mineval 50000000
  maxeval 50000000
  nstart 1000000
  nincrease 1000000
  nbatch 5000
  gridno 0
  statefile ""

Iteration 1:  1000000 integrand evaluations so far
[1] -192.912 +- 174.426  	chisq 0 (0 df)

Iteration 2:  3000000 integrand evaluations so far
[1] -53.1986 +- 40.3371  	chisq 0.677832 (1 df)

Iteration 3:  6000000 integrand evaluations so far
[1] -40.9774 +- 35.0028  	chisq 1.04947 (2 df)

Iteration 4:  10000000 integrand evaluations so far
[1] -9.36739 +- 29.2605  	chisq 3.7572 (3 df)

Iteration 5:  15000000 integrand evaluations so far
[1] 15.2015 +- 25.3456  	chisq 6.58086 (4 df)

Iteration 6:  21000000 integrand evaluations so far
[1] 12.1238 +- 24.1107  	chisq 6.73596 (5 df)

Iteration 7:  28000000 integrand evaluations so far
[1] 9.43584 +- 24.0212  	chisq 8.41309 (6 df)

Iteration 8:  36000000 integrand evaluations so far
[1] 11.7196 +- 21.0281  	chisq 8.45177 (7 df)

Iteration 9:  45000000 integrand evaluations so far
[1] 8.31661 +- 20.8435  	chisq 9.94996 (8 df)

Iteration 10:  55000000 integrand evaluations so far
[1] 4.61978 +- 19.8233  	chisq 10.2794 (9 df)
       5 ±     20        (3.44mi) ┃Vegas input parameters:
  ndim 8
  ncomp 1
  nvec 1
  epsrel 0
  epsabs 0
  flags 10
  seed 123456
  mineval 5000000
  maxeval 50000000
  nstart 1000000
  nincrease 1000000
  nbatch 5000
  gridno 0
  statefile ""

Iteration 1:  1000000 integrand evaluations so far
[1] 152.056 +- 37.638  	chisq 0 (0 df)

Iteration 2:  3000000 integrand evaluations so far
[1] 107.04 +- 25.544  	chisq 2.65201 (1 df)

Iteration 3:  6000000 integrand evaluations so far
[1] 100.542 +- 21.8592  	chisq 2.89377 (2 df)

Iteration 4:  10000000 integrand evaluations so far
[1] 94.671 +- 16.8346  	chisq 3.07104 (3 df)

Iteration 5:  15000000 integrand evaluations so far
[1] 98.9991 +- 14.2411  	chisq 3.30346 (4 df)

Iteration 6:  21000000 integrand evaluations so far
[1] 104.27 +- 13.7373  	chisq 5.2749 (5 df)

Iteration 7:  28000000 integrand evaluations so far
[1] 100.049 +- 7.14138  	chisq 5.40432 (6 df)

Iteration 8:  36000000 integrand evaluations so far
[1] 114.142 +- 4.92574  	chisq 12.8335 (7 df)

Iteration 9:  45000000 integrand evaluations so far
[1] 118.513 +- 4.1715  	chisq 15.6181 (8 df)

Iteration 10:  55000000 integrand evaluations so far
[1] 125.114 +- 3.60322  	chisq 25.4805 (9 df)
   125.1 ±    3.6        (1.71mi) ┃     147 ±     20        (19.6mi) ┃
┃   54 -    56 ┃   53 -    54 ┃  134.89 ±    0.1        (3.01mi) ┃-117.453 ±  0.053        (12.8mi) ┃Vegas input parameters:
  ndim 10
  ncomp 1
  nvec 1
  epsrel 0
  epsabs 0
  flags 10
  seed 123456
  mineval 50000000
  maxeval 50000000
  nstart 1000000
  nincrease 1000000
  nbatch 5000
  gridno 0
  statefile ""

Iteration 1:  1000000 integrand evaluations so far
[1] 86.6392 +- 139.447  	chisq 0 (0 df)

Iteration 2:  3000000 integrand evaluations so far
[1] 63.9188 +- 137.717  	chisq 1.07646 (1 df)

Iteration 3:  6000000 integrand evaluations so far
[1] 67.7018 +- 137.664  	chisq 2.06466 (2 df)

Iteration 4:  10000000 integrand evaluations so far
[1] -43.787 +- 50.982  	chisq 2.82479 (3 df)

Iteration 5:  15000000 integrand evaluations so far
[1] -20.7362 +- 18.4704  	chisq 3.0601 (4 df)

Iteration 6:  21000000 integrand evaluations so far
[1] -19.9834 +- 18.3441  	chisq 3.18195 (5 df)

Iteration 7:  28000000 integrand evaluations so far
[1] -15.8485 +- 17.9658  	chisq 4.42672 (6 df)

Iteration 8:  36000000 integrand evaluations so far
[1] -10.009 +- 16.2873  	chisq 5.01983 (7 df)

Iteration 9:  45000000 integrand evaluations so far
[1] -8.36263 +- 14.7101  	chisq 5.07527 (8 df)

Iteration 10:  55000000 integrand evaluations so far
[1] -7.42224 +- 14.6831  	chisq 6.19132 (9 df)
      -7 ±     15        (3.56mi) ┃Vegas input parameters:
  ndim 8
  ncomp 1
  nvec 1
  epsrel 0
  epsabs 0
  flags 10
  seed 123456
  mineval 5000000
  maxeval 50000000
  nstart 1000000
  nincrease 1000000
  nbatch 5000
  gridno 0
  statefile ""

Iteration 1:  1000000 integrand evaluations so far
[1] 116.765 +- 32.9598  	chisq 0 (0 df)

Iteration 2:  3000000 integrand evaluations so far
[1] 14.8281 +- 3.21712  	chisq 9.65729 (1 df)

Iteration 3:  6000000 integrand evaluations so far
[1] 15.112 +- 3.21141  	chisq 11.8497 (2 df)

Iteration 4:  10000000 integrand evaluations so far
[1] 16.9087 +- 3.16578  	chisq 22.946 (3 df)

Iteration 5:  15000000 integrand evaluations so far
[1] 26.8163 +- 2.876  	chisq 79.0121 (4 df)

Iteration 6:  21000000 integrand evaluations so far
[1] 29.0478 +- 2.85034  	chisq 112.891 (5 df)

Iteration 7:  28000000 integrand evaluations so far
[1] 38.2645 +- 2.70527  	chisq 218.296 (6 df)

Iteration 8:  36000000 integrand evaluations so far
[1] 63.5803 +- 2.19039  	chisq 472.548 (7 df)

Iteration 9:  45000000 integrand evaluations so far
[1] 79.8834 +- 1.81734  	chisq 650.327 (8 df)

Iteration 10:  55000000 integrand evaluations so far
[1] 79.9202 +- 1.81721  	chisq 653.063 (9 df)
    79.9 ±    1.8        (1.75mi) ┃      90 ±     15        (21.1mi) ┃
┃   54 -    56 ┃   54 -    55 ┃ 163.869 ±  0.052        (3.04mi) ┃-141.666 ±  0.087        (12.8mi) ┃Vegas input parameters:
  ndim 10
  ncomp 1
  nvec 1
  epsrel 0
  epsabs 0
  flags 10
  seed 123456
  mineval 50000000
  maxeval 50000000
  nstart 1000000
  nincrease 1000000
  nbatch 5000
  gridno 0
  statefile ""

Iteration 1:  1000000 integrand evaluations so far
[1] 124.714 +- 124.824  	chisq 0 (0 df)

Iteration 2:  3000000 integrand evaluations so far
[1] -57.3686 +- 86.5421  	chisq 4.09746 (1 df)

Iteration 3:  6000000 integrand evaluations so far
[1] -22.6709 +- 39.9372  	chisq 4.3017 (2 df)

Iteration 4:  10000000 integrand evaluations so far
[1] -10.9397 +- 39.0134  	chisq 6.18862 (3 df)

Iteration 5:  15000000 integrand evaluations so far
[1] 6.82993 +- 34.877  	chisq 7.22171 (4 df)

Iteration 6:  21000000 integrand evaluations so far
[1] 12.5152 +- 33.2543  	chisq 7.51409 (5 df)

Iteration 7:  28000000 integrand evaluations so far
[1] 24.6504 +- 22.5224  	chisq 7.7601 (6 df)

Iteration 8:  36000000 integrand evaluations so far
[1] 21.9108 +- 21.0271  	chisq 7.87536 (7 df)

Iteration 9:  45000000 integrand evaluations so far
[1] 27.6065 +- 20.1799  	chisq 8.8046 (8 df)

Iteration 10:  55000000 integrand evaluations so far
[1] 0.293958 +- 17.1604  	chisq 15.4208 (9 df)
       0 ±     17        (3.53mi) ┃Vegas input parameters:
  ndim 8
  ncomp 1
  nvec 1
  epsrel 0
  epsabs 0
  flags 10
  seed 123456
  mineval 5000000
  maxeval 50000000
  nstart 1000000
  nincrease 1000000
  nbatch 5000
  gridno 0
  statefile ""

Iteration 1:  1000000 integrand evaluations so far
[1] 100.134 +- 30.7804  	chisq 0 (0 df)

Iteration 2:  3000000 integrand evaluations so far
[1] 58.4005 +- 16.6178  	chisq 2.59456 (1 df)

Iteration 3:  6000000 integrand evaluations so far
[1] 39.3814 +- 9.65949  	chisq 4.57287 (2 df)

Iteration 4:  10000000 integrand evaluations so far
[1] 43.8695 +- 9.36496  	chisq 8.16778 (3 df)

Iteration 5:  15000000 integrand evaluations so far
[1] 48.8711 +- 9.10593  	chisq 13.3963 (4 df)

Iteration 6:  21000000 integrand evaluations so far
[1] 66.1822 +- 6.43494  	chisq 20.6157 (5 df)

Iteration 7:  28000000 integrand evaluations so far
[1] 82.209 +- 5.50061  	chisq 43.6489 (6 df)

Iteration 8:  36000000 integrand evaluations so far
[1] 91.6226 +- 4.9618  	chisq 59.3686 (7 df)

Iteration 9:  45000000 integrand evaluations so far
[1] 103.658 +- 3.85059  	chisq 74.1611 (8 df)

Iteration 10:  55000000 integrand evaluations so far
[1] 114.409 +- 2.95135  	chisq 93.0565 (9 df)
   114.4 ±      3        (1.69mi) ┃     137 ±     17        (  21mi) ┃
┃   54 -    56 ┃   55 -    56 ┃ 122.614 ±    0.1        (1.65mi) ┃-105.968 ±   0.01        (12.6mi) ┃Vegas input parameters:
  ndim 10
  ncomp 1
  nvec 1
  epsrel 0
  epsabs 0
  flags 10
  seed 123456
  mineval 50000000
  maxeval 50000000
  nstart 1000000
  nincrease 1000000
  nbatch 5000
  gridno 0
  statefile ""

Iteration 1:  1000000 integrand evaluations so far
[1] -130.832 +- 115.534  	chisq 0 (0 df)

Iteration 2:  3000000 integrand evaluations so far
[1] -78.834 +- 60.268  	chisq 0.278284 (1 df)

Iteration 3:  6000000 integrand evaluations so far
[1] -87.1351 +- 58.9554  	chisq 0.718598 (2 df)

Iteration 4:  10000000 integrand evaluations so far
[1] -60.4133 +- 55.8604  	chisq 2.72805 (3 df)

Iteration 5:  15000000 integrand evaluations so far
[1] -42.842 +- 52.5347  	chisq 3.58452 (4 df)

Iteration 6:  21000000 integrand evaluations so far
[1] 12.4637 +- 44.2354  	chisq 7.39307 (5 df)

Iteration 7:  28000000 integrand evaluations so far
[1] 1.84088 +- 40.0888  	chisq 7.7158 (6 df)

Iteration 8:  36000000 integrand evaluations so far
[1] -20.9967 +- 28.2215  	chisq 8.35917 (7 df)

Iteration 9:  45000000 integrand evaluations so far
[1] -21.8742 +- 28.2055  	chisq 9.21188 (8 df)

Iteration 10:  55000000 integrand evaluations so far
[1] -20.421 +- 28.1627  	chisq 10.0869 (9 df)
     -20 ±     28        (3.55mi) ┃Vegas input parameters:
  ndim 8
  ncomp 1
  nvec 1
  epsrel 0
  epsabs 0
  flags 10
  seed 123456
  mineval 5000000
  maxeval 50000000
  nstart 1000000
  nincrease 1000000
  nbatch 5000
  gridno 0
  statefile ""

Iteration 1:  1000000 integrand evaluations so far
[1] 88.6543 +- 26.4892  	chisq 0 (0 df)

Iteration 2:  3000000 integrand evaluations so far
[1] 86.5393 +- 23.4833  	chisq 0.0297807 (1 df)

Iteration 3:  6000000 integrand evaluations so far
[1] 12.8481 +- 3.39613  	chisq 10.0873 (2 df)

Iteration 4:  10000000 integrand evaluations so far
[1] 13.631 +- 3.38185  	chisq 16.4196 (3 df)

Iteration 5:  15000000 integrand evaluations so far
[1] 13.7666 +- 3.38063  	chisq 18.6492 (4 df)

Iteration 6:  21000000 integrand evaluations so far
[1] 17.5104 +- 3.29257  	chisq 42.5004 (5 df)

Iteration 7:  28000000 integrand evaluations so far
[1] 24.1658 +- 3.16033  	chisq 94.4111 (6 df)

Iteration 8:  36000000 integrand evaluations so far
[1] 28.3449 +- 3.08703  	chisq 132.548 (7 df)

Iteration 9:  45000000 integrand evaluations so far
[1] 41.7104 +- 2.84105  	chisq 255.053 (8 df)

Iteration 10:  55000000 integrand evaluations so far
[1] 67.6535 +- 2.243  	chisq 476.412 (9 df)
    67.7 ±    2.2        (1.75mi) ┃      64 ±     28        (19.6mi) ┃
┃   54 -    56 ┃   56 -    57 ┃ 139.913 ±  0.043        (3.39mi) ┃-121.407 ±  0.052        (6.34mi) ┃Vegas input parameters:
  ndim 10
  ncomp 1
  nvec 1
  epsrel 0
  epsabs 0
  flags 10
  seed 123456
  mineval 50000000
  maxeval 50000000
  nstart 1000000
  nincrease 1000000
  nbatch 5000
  gridno 0
  statefile ""

Iteration 1:  1000000 integrand evaluations so far
[1] 51.7337 +- 42.22  	chisq 0 (0 df)

Iteration 2:  3000000 integrand evaluations so far
[1] -18.7285 +- 24.5902  	chisq 4.21521 (1 df)

Iteration 3:  6000000 integrand evaluations so far
[1] -4.88049 +- 16.0663  	chisq 4.76857 (2 df)

Iteration 4:  10000000 integrand evaluations so far
[1] -6.48892 +- 15.5871  	chisq 4.93911 (3 df)

Iteration 5:  15000000 integrand evaluations so far
[1] -8.15304 +- 15.4489  	chisq 5.58502 (4 df)

Iteration 6:  21000000 integrand evaluations so far
[1] -14.4621 +- 15.0948  	chisq 9.26448 (5 df)

Iteration 7:  28000000 integrand evaluations so far
[1] -11.9979 +- 14.7753  	chisq 9.9008 (6 df)

Iteration 8:  36000000 integrand evaluations so far
[1] -10.1583 +- 14.5857  	chisq 10.5089 (7 df)

Iteration 9:  45000000 integrand evaluations so far
[1] -10.1728 +- 14.5584  	chisq 10.5092 (8 df)

Iteration 10:  55000000 integrand evaluations so far
[1] -10.4896 +- 14.3174  	chisq 10.5236 (9 df)
     -10 ±     14        (3.48mi) ┃Vegas input parameters:
  ndim 8
  ncomp 1
  nvec 1
  epsrel 0
  epsabs 0
  flags 10
  seed 123456
  mineval 5000000
  maxeval 50000000
  nstart 1000000
  nincrease 1000000
  nbatch 5000
  gridno 0
  statefile ""

Iteration 1:  1000000 integrand evaluations so far
[1] 115.975 +- 35.5004  	chisq 0 (0 df)

Iteration 2:  3000000 integrand evaluations so far
[1] 118.862 +- 34.9121  	chisq 0.201253 (1 df)

Iteration 3:  6000000 integrand evaluations so far
[1] 61.5634 +- 17.3915  	chisq 3.784 (2 df)

Iteration 4:  10000000 integrand evaluations so far
[1] 39.9116 +- 9.65363  	chisq 6.02416 (3 df)

Iteration 5:  15000000 integrand evaluations so far
[1] 43.238 +- 6.09055  	chisq 6.22141 (4 df)

Iteration 6:  21000000 integrand evaluations so far
[1] 53.6448 +- 5.18151  	chisq 16.7907 (5 df)

Iteration 7:  28000000 integrand evaluations so far
[1] 56.7635 +- 5.06088  	chisq 24.6632 (6 df)

Iteration 8:  36000000 integrand evaluations so far
[1] 68.3147 +- 4.4005  	chisq 46.0181 (7 df)

Iteration 9:  45000000 integrand evaluations so far
[1] 81.6176 +- 3.92497  	chisq 90.719 (8 df)

Iteration 10:  55000000 integrand evaluations so far
[1] 101.065 +- 3.15643  	chisq 160.209 (9 df)
   101.1 ±    3.2        (1.72mi) ┃     109 ±     15        (14.9mi) ┃
┃   54 -    56 ┃   57 -    58 ┃  134.07 ±   0.13        ( 3.6mi) ┃-116.335 ±  0.019        (49.9mi) ┃Vegas input parameters:
  ndim 10
  ncomp 1
  nvec 1
  epsrel 0
  epsabs 0
  flags 10
  seed 123456
  mineval 50000000
  maxeval 50000000
  nstart 1000000
  nincrease 1000000
  nbatch 5000
  gridno 0
  statefile ""

Iteration 1:  1000000 integrand evaluations so far
[1] 117.642 +- 161.927  	chisq 0 (0 df)

Iteration 2:  3000000 integrand evaluations so far
[1] 99.2643 +- 160.929  	chisq 1.04795 (1 df)

Iteration 3:  6000000 integrand evaluations so far
[1] 104.541 +- 160.839  	chisq 2.00927 (2 df)

Iteration 4:  10000000 integrand evaluations so far
[1] -26.6493 +- 66.27  	chisq 2.81062 (3 df)

Iteration 5:  15000000 integrand evaluations so far
[1] -13.475 +- 15.7901  	chisq 2.85252 (4 df)

Iteration 6:  21000000 integrand evaluations so far
[1] -8.1988 +- 15.4591  	chisq 5.54401 (5 df)

Iteration 7:  28000000 integrand evaluations so far
[1] -7.79903 +- 15.446  	chisq 5.93713 (6 df)

Iteration 8:  36000000 integrand evaluations so far
[1] 2.98964 +- 13.7822  	chisq 8.33062 (7 df)

Iteration 9:  45000000 integrand evaluations so far
[1] 3.11115 +- 11.8681  	chisq 8.33092 (8 df)

Iteration 10:  55000000 integrand evaluations so far
[1] 3.52685 +- 11.8608  	chisq 9.32455 (9 df)
       4 ±     12        (3.48mi) ┃Vegas input parameters:
  ndim 8
  ncomp 1
  nvec 1
  epsrel 0
  epsabs 0
  flags 10
  seed 123456
  mineval 5000000
  maxeval 50000000
  nstart 1000000
  nincrease 1000000
  nbatch 5000
  gridno 0
  statefile ""

Iteration 1:  1000000 integrand evaluations so far
[1] 137.426 +- 33.4024  	chisq 0 (0 df)

Iteration 2:  3000000 integrand evaluations so far
[1] 50.152 +- 12.7989  	chisq 8.00163 (1 df)

Iteration 3:  6000000 integrand evaluations so far
[1] 45.0389 +- 10.0468  	chisq 8.41744 (2 df)

Iteration 4:  10000000 integrand evaluations so far
[1] 49.2333 +- 9.68634  	chisq 10.8905 (3 df)

Iteration 5:  15000000 integrand evaluations so far
[1] 54.3727 +- 9.22604  	chisq 13.9247 (4 df)

Iteration 6:  21000000 integrand evaluations so far
[1] 65.9642 +- 8.22305  	chisq 21.602 (5 df)

Iteration 7:  28000000 integrand evaluations so far
[1] 77.9531 +- 6.79323  	chisq 28.2965 (6 df)

Iteration 8:  36000000 integrand evaluations so far
[1] 78.0499 +- 6.79261  	chisq 29.4166 (7 df)

Iteration 9:  45000000 integrand evaluations so far
[1] 81.9963 +- 6.51498  	chisq 33.6318 (8 df)

Iteration 10:  55000000 integrand evaluations so far
[1] 84.9042 +- 6.35816  	chisq 37.8208 (9 df)
    84.9 ±    6.4        (1.72mi) ┃     106 ±     13        (58.7mi) ┃
┃   54 -    56 ┃   58 -    59 ┃ 115.155 ±  0.025        (6.11mi) ┃ -99.207 ±   0.08        (24.7mi) ┃Vegas input parameters:
  ndim 10
  ncomp 1
  nvec 1
  epsrel 0
  epsabs 0
  flags 10
  seed 123456
  mineval 50000000
  maxeval 50000000
  nstart 1000000
  nincrease 1000000
  nbatch 5000
  gridno 0
  statefile ""

Iteration 1:  1000000 integrand evaluations so far
[1] 93.0307 +- 88.5  	chisq 0 (0 df)

Iteration 2:  3000000 integrand evaluations so far
[1] 29.4794 +- 76.9776  	chisq 2.1182 (1 df)

Iteration 3:  6000000 integrand evaluations so far
[1] 13.7883 +- 59.3228  	chisq 2.22052 (2 df)

Iteration 4:  10000000 integrand evaluations so far
[1] 4.58445 +- 55.7592  	chisq 2.42708 (3 df)

Iteration 5:  15000000 integrand evaluations so far
[1] 11.015 +- 55.3505  	chisq 3.33752 (4 df)

Iteration 6:  21000000 integrand evaluations so far
[1] 29.1227 +- 35.0633  	chisq 3.51628 (5 df)

Iteration 7:  28000000 integrand evaluations so far
[1] 28.2227 +- 35.0524  	chisq 4.57456 (6 df)

Iteration 8:  36000000 integrand evaluations so far
[1] 30.3105 +- 34.9361  	chisq 5.10999 (7 df)

Iteration 9:  45000000 integrand evaluations so far
[1] 29.9708 +- 30.9361  	chisq 5.11043 (8 df)

Iteration 10:  55000000 integrand evaluations so far
[1] 35.386 +- 25.4305  	chisq 5.20492 (9 df)
      35 ±     25        (3.46mi) ┃Vegas input parameters:
  ndim 8
  ncomp 1
  nvec 1
  epsrel 0
  epsabs 0
  flags 10
  seed 123456
  mineval 5000000
  maxeval 50000000
  nstart 1000000
  nincrease 1000000
  nbatch 5000
  gridno 0
  statefile ""

Iteration 1:  1000000 integrand evaluations so far
[1] 89.3171 +- 32.1059  	chisq 0 (0 df)

Iteration 2:  3000000 integrand evaluations so far
[1] 14.1743 +- 5.60712  	chisq 5.6501 (1 df)

Iteration 3:  6000000 integrand evaluations so far
[1] 14.3002 +- 5.60609  	chisq 7.02215 (2 df)

Iteration 4:  10000000 integrand evaluations so far
[1] 17.0231 +- 5.48583  	chisq 12.5804 (3 df)

Iteration 5:  15000000 integrand evaluations so far
[1] 21.7807 +- 5.28592  	chisq 23.0917 (4 df)

Iteration 6:  21000000 integrand evaluations so far
[1] 22.9814 +- 5.2558  	chisq 27.6313 (5 df)

Iteration 7:  28000000 integrand evaluations so far
[1] 27.2745 +- 5.1621  	chisq 46.5133 (6 df)

Iteration 8:  36000000 integrand evaluations so far
[1] 30.8468 +- 5.0581  	chisq 58.5196 (7 df)

Iteration 9:  45000000 integrand evaluations so far
[1] 55.2365 +- 4.28337  	chisq 140.715 (8 df)

Iteration 10:  55000000 integrand evaluations so far
[1] 74.5207 +- 3.4776  	chisq 200.181 (9 df)
    74.5 ±    3.5        (1.74mi) ┃     126 ±     26        (  36mi) ┃
┃   54 -    56 ┃   59 -    60 ┃ 133.747 ±   0.08        (1.48mi) ┃-115.413 ±  0.048        (6.48mi) ┃Vegas input parameters:
  ndim 10
  ncomp 1
  nvec 1
  epsrel 0
  epsabs 0
  flags 10
  seed 123456
  mineval 50000000
  maxeval 50000000
  nstart 1000000
  nincrease 1000000
  nbatch 5000
  gridno 0
  statefile ""

Iteration 1:  1000000 integrand evaluations so far
[1] -57.8051 +- 28.333  	chisq 0 (0 df)

Iteration 2:  3000000 integrand evaluations so far
[1] -32.5476 +- 24.4644  	chisq 3.12329 (1 df)

Iteration 3:  6000000 integrand evaluations so far
[1] -32.6251 +- 23.5769  	chisq 3.12343 (2 df)

Iteration 4:  10000000 integrand evaluations so far
[1] -25.2335 +- 22.4305  	chisq 4.15932 (3 df)

Iteration 5:  15000000 integrand evaluations so far
[1] -26.9931 +- 22.3872  	chisq 5.75554 (4 df)

Iteration 6:  21000000 integrand evaluations so far
[1] -17.647 +- 19.6485  	chisq 6.51429 (5 df)

Iteration 7:  28000000 integrand evaluations so far
[1] -20.9277 +- 19.4142  	chisq 7.69 (6 df)

Iteration 8:  36000000 integrand evaluations so far
[1] -26.2823 +- 18.9366  	chisq 9.25554 (7 df)

Iteration 9:  45000000 integrand evaluations so far
[1] -28.4132 +- 18.6525  	chisq 9.68062 (8 df)

Iteration 10:  55000000 integrand evaluations so far
[1] -9.21544 +- 15.1101  	chisq 12.7622 (9 df)
      -9 ±     15        (3.38mi) ┃Vegas input parameters:
  ndim 8
  ncomp 1
  nvec 1
  epsrel 0
  epsabs 0
  flags 10
  seed 123456
  mineval 5000000
  maxeval 50000000
  nstart 1000000
  nincrease 1000000
  nbatch 5000
  gridno 0
  statefile ""

Iteration 1:  1000000 integrand evaluations so far
[1] 112.495 +- 35.8549  	chisq 0 (0 df)

Iteration 2:  3000000 integrand evaluations so far
[1] 9.32933 +- 2.24858  	chisq 8.31169 (1 df)

Iteration 3:  6000000 integrand evaluations so far
[1] 9.94903 +- 2.23836  	chisq 16.6898 (2 df)

Iteration 4:  10000000 integrand evaluations so far
[1] 10.3848 +- 2.23047  	chisq 22.0792 (3 df)

Iteration 5:  15000000 integrand evaluations so far
[1] 12.69 +- 2.19413  	chisq 55.1223 (4 df)

Iteration 6:  21000000 integrand evaluations so far
[1] 15.5792 +- 2.16649  	chisq 124.376 (5 df)

Iteration 7:  28000000 integrand evaluations so far
[1] 17.7507 +- 2.14677  	chisq 179.823 (6 df)

Iteration 8:  36000000 integrand evaluations so far
[1] 31.0351 +- 1.9877  	chisq 448.157 (7 df)

Iteration 9:  45000000 integrand evaluations so far
[1] 52.6442 +- 1.7198  	chisq 918.286 (8 df)

Iteration 10:  55000000 integrand evaluations so far
[1] 71.0862 +- 1.44428  	chisq 1308.42 (9 df)
    71.1 ±    1.4        (1.73mi) ┃      80 ±     15        (13.1mi) ┃
┣━━━━━━━━━━━━━━╋━━━━━━━━━━━━━━╋━━━━━━━━━━━━━━━━━━━━━━━━━━━━━━━━━━╋━━━━━━━━━━━━━━━━━━━━━━━━━━━━━━━━━━╋━━━━━━━━━━━━━━━━━━━━━━━━━━━━━━━━━━╋━━━━━━━━━━━━━━━━━━━━━━━━━━━━━━━━━━╋━━━━━━━━━━━━━━━━━━━━━━━━━━━━━━━━━━┫
┃   52 -    56 ┃   25 -    60 ┃ 13.9266 ± 0.0011 ·10⁺⁰³ (4.45hr) ┃ -12.085 ± 0.00089 ·10⁺⁰³ (22.7hr) ┃    -370 ±    210        (4.07hr) ┃  11.304 ±  0.038 ·10⁺⁰³ (   2hr) ┃   12.77 ±   0.21 ·10⁺⁰³ (33.3hr) ┃
┗━━━━━━━━━━━━━━┻━━━━━━━━━━━━━━┻━━━━━━━━━━━━━━━━━━━━━━━━━━━━━━━━━━┻━━━━━━━━━━━━━━━━━━━━━━━━━━━━━━━━━━┻━━━━━━━━━━━━━━━━━━━━━━━━━━━━━━━━━━┻━━━━━━━━━━━━━━━━━━━━━━━━━━━━━━━━━━┻━━━━━━━━━━━━━━━━━━━━━━━━━━━━━━━━━━┛

╍╍╍╍╍╍╍╍╍╍╍╍╍╍╍╍╍╍╍╍╍╍╍╍╍╍╍╍╍╍╍╍ Summary ╍╍╍╍╍╍╍╍╍╍╍╍╍╍╍╍╍╍╍╍╍╍╍╍╍╍╍╍╍╍╍
      Total cross section                      12.77 ± 0.21          pb
         Calculation time                               33.3       hours
              Output file                    outputs/qt_qt52_56_NNLL_muR1.0_muF2.0.root            
      Result in text file                    outputs/qt_qt52_56_NNLL_muR1.0_muF2.0.txt            

╍╍╍╍╍╍╍╍╍╍╍╍╍╍╍╍╍╍╍╍╍╍╍╍╍╍╍╍╍╍╍╍╍╍╍╍╍╍╍╍╍╍╍╍╍╍╍╍╍╍╍╍╍╍╍╍╍╍╍╍╍╍╍╍╍╍╍╍╍╍╍╍

