
╍╍╍╍╍╍╍╍╍╍╍╍╍╍╍╍╍╍╍╍╍╍╍╍╍╍╍ Process settings ╍╍╍╍╍╍╍╍╍╍╍╍╍╍╍╍╍╍╍╍╍╍╍╍╍╍╍
   proton-proton collisions at sqrt(s) = 13000 GeV 
   Computing NNLO+NNLL resummed cross section
   W+ ->  nu(p3)+e+(p4) production 

╍╍╍╍╍╍╍╍╍╍╍╍╍╍╍╍╍╍╍╍╍╍╍╍╍╍╍╍╍╍ CKM matrix ╍╍╍╍╍╍╍╍╍╍╍╍╍╍╍╍╍╍╍╍╍╍╍╍╍╍╍╍╍╍
     | Vud Vus Vub |   |   0.97427   0.2253  0.00351 | 
     | Vcd Vcs Vcb | = |    0.2252  0.97344   0.0412 | 
     | Vtd Vts Vtb |   |         0        0        0 | 

╍╍╍╍╍╍╍╍╍╍╍╍╍╍╍╍╍╍╍╍╍╍╍╍╍╍╍╍╍ EW parameters ╍╍╍╍╍╍╍╍╍╍╍╍╍╍╍╍╍╍╍╍╍╍╍╍╍╍╍╍
                                         Gf =  1.1663787e-05      GeV^-2
                                    1/alpha =  132.233229791            
                                 sin(thW)^2 = 0.222897222524            
                                     W mass =         80.385         GeV
                                     Z mass =        91.1876         GeV
                                    W width =          2.091         GeV
                                    Z width =          2.495         GeV

╍╍╍╍╍╍╍╍╍╍╍╍╍╍╍╍╍╍╍╍╍╍╍╍╍╍╍╍╍ QCD settings ╍╍╍╍╍╍╍╍╍╍╍╍╍╍╍╍╍╍╍╍╍╍╍╍╍╍╍╍╍
   Renormalization scale:     dynamic muren =            0.5      * m_ll
     Factorization scale:     dynamic mufac =              1      * m_ll
       Resummation scale:     dynamic mures =              1      * m_ll
          Strong coupling       alpha_s(MZ) =       0.118001            
                              running order =              3       -loop
         Non-perturbative     form factor g =            0.7       GeV^2

╍╍╍╍╍╍╍╍╍╍╍╍╍╍╍╍╍╍╍╍╍╍╍╍╍╍╍╍╍ PDF settings ╍╍╍╍╍╍╍╍╍╍╍╍╍╍╍╍╍╍╍╍╍╍╍╍╍╍╍╍╍
                                     PDF set:MSHT20nnlo_as118            
                                  PDF member:              0            
  Mellin moments of PDFs:                    Numerical integration            
                         nodes for the quadrature:            200            
                         Intervals for the quadrature:              1            

╍╍╍╍╍╍╍╍╍╍╍╍╍╍╍╍╍╍╍╍╍╍╍╍╍╍╍╍╍╍╍ qT recoil ╍╍╍╍╍╍╍╍╍╍╍╍╍╍╍╍╍╍╍╍╍╍╍╍╍╍╍╍╍╍
  qt-recoil prescription:       Collins-Soper kt1 = p_V(x)/2; kt2 = p_V(y)/2            

╍╍╍╍╍╍╍╍╍╍╍╍╍╍╍╍╍╍╍╍╍╍╍╍╍╍╍╍╍╍╍╍╍ Cuts ╍╍╍╍╍╍╍╍╍╍╍╍╍╍╍╍╍╍╍╍╍╍╍╍╍╍╍╍╍╍╍╍╍
                                  apply cuts:           true            
                                      pt_l >               0            
                                   |eta_l| <            1000            
                                    pt_lep >              25            
                                 |eta_lep| <             2.4            
                                   pt_alep >              25            
                                |eta_alep| <             2.4            
                                  user cuts:            true            

╍╍╍╍╍╍╍╍╍╍╍╍╍╍╍╍╍╍╍╍╍╍╍╍╍╍╍╍ ResummationDamp ╍╍╍╍╍╍╍╍╍╍╍╍╍╍╍╍╍╍╍╍╍╍╍╍╍╍╍
                                    damping :             on            
                                damping mode:              1            
                                  damp above:        60.2888         GeV
                               damping width:        20.0963         GeV
                          resummation cutoff:             20         MeV

╍╍╍╍╍╍╍╍╍╍╍╍╍╍╍╍╍╍╍╍╍╍╍╍╍╍╍╍ Debug settings ╍╍╍╍╍╍╍╍╍╍╍╍╍╍╍╍╍╍╍╍╍╍╍╍╍╍╍╍
                                 timeprofile:          false            
                                     verbose:          false            
                               cubaverbosity:              2            

╍╍╍╍╍╍╍╍╍╍╍╍╍╍╍╍╍╍╍╍╍╍╍╍╍╍╍╍╍╍╍╍╍╍╍╍╍╍╍╍╍╍╍╍╍╍╍╍╍╍╍╍╍╍╍╍╍╍╍╍╍╍╍╍╍╍╍╍╍╍╍╍

Warning: Histogram `a1_qt` contains non-integrable observable and will be deleted 
Warning: Histogram `a1_qt_vs_y` contains non-integrable observable and will be deleted 
Warning: Histogram `s_biganswer` contains non-integrable observable and will be deleted 
Warning: Histogram `wgt_a1_qt` contains non-integrable observable and will be deleted 

╍╍╍╍╍╍╍╍╍╍╍╍╍╍╍╍╍╍╍╍╍╍╍╍╍ Integration settings ╍╍╍╍╍╍╍╍╍╍╍╍╍╍╍╍╍╍╍╍╍╍╍╍╍
             Random seeds              123456                           
           Parallel cores                   1                           

             Resummation:     cuhre (dm, dpt)         iter =           5
                                   gauss (dy)        nodes =          64
                                                 intervals =           1
            Counter term:      cuhre (dm, dy)         iter =           5
                                  gauss (dpt)        nodes =          20
                                                 intervals =           5
                V+J Real:               vegas       ncalls =    50000000
             V+J Virtual:               vegas       ncalls =     5000000

Mellin inverse transform:           gaussian         nodes =          30
                                                 intervals =           1
                               imaginary axis         zmax =           2
  Angular variable costh:     semi-analytical      ncstart =         100
   Angular variables phi:            gaussian    intervals =          20

      Constant boundaries                  q2          low =          80
                                                      high =         100
                                            y          low =          -6
                                                      high =           6
                                        costh          low =          -1
                                                      high =           1
                                       eta(l)          low =         -10
                                                      high =          10

┏━━━━━━━━━━━━━━┰━━━━━━━━━━━━━━┰━━━━━━━━━━━━━━━━━━━━━━━━━━━━━━━━━━┰━━━━━━━━━━━━━━━━━━━━━━━━━━━━━━━━━━┰━━━━━━━━━━━━━━━━━━━━━━━━━━━━━━━━━━┰━━━━━━━━━━━━━━━━━━━━━━━━━━━━━━━━━━┰━━━━━━━━━━━━━━━━━━━━━━━━━━━━━━━━━━┓
┃           qT ┃        pT(l) ┃                      Resummation ┃                     Counter term ┃                         V+J Real ┃                      V+J Virtual ┃                            TOTAL ┃
┣━━━━━━━━━━━━━━╋━━━━━━━━━━━━━━╋━━━━━━━━━━━━━━━━━━━━━━━━━━━━━━━━━━╋━━━━━━━━━━━━━━━━━━━━━━━━━━━━━━━━━━╋━━━━━━━━━━━━━━━━━━━━━━━━━━━━━━━━━━╋━━━━━━━━━━━━━━━━━━━━━━━━━━━━━━━━━━╋━━━━━━━━━━━━━━━━━━━━━━━━━━━━━━━━━━┫
┃   12 -    14 ┃   25 -    26 ┃  2.1998 ± 0.0019 ·10⁺⁰³ ( 13.2s) ┃ -2.4557 ±  0.002 ·10⁺⁰³ (29.1mi) ┃Vegas input parameters:
  ndim 10
  ncomp 1
  nvec 1
  epsrel 0
  epsabs 0
  flags 10
  seed 123456
  mineval 50000000
  maxeval 50000000
  nstart 1000000
  nincrease 1000000
  nbatch 5000
  gridno 0
  statefile ""

Iteration 1:  1000000 integrand evaluations so far
[1] -857.185 +- 1913.22  	chisq 0 (0 df)

Iteration 2:  3000000 integrand evaluations so far
[1] -215.294 +- 448.601  	chisq 0.119111 (1 df)

Iteration 3:  6000000 integrand evaluations so far
[1] -691.424 +- 377.093  	chisq 3.95862 (2 df)

Iteration 4:  10000000 integrand evaluations so far
[1] -897.672 +- 287.963  	chisq 4.67624 (3 df)

Iteration 5:  15000000 integrand evaluations so far
[1] -753.27 +- 264.147  	chisq 6.26208 (4 df)

Iteration 6:  21000000 integrand evaluations so far
[1] -939.378 +- 250.341  	chisq 11.1382 (5 df)

Iteration 7:  28000000 integrand evaluations so far
[1] -946.51 +- 228.886  	chisq 11.1431 (6 df)

Iteration 8:  36000000 integrand evaluations so far
[1] -948.928 +- 204.098  	chisq 11.1437 (7 df)

Iteration 9:  45000000 integrand evaluations so far
[1] -1022.14 +- 197.626  	chisq 13.2052 (8 df)

Iteration 10:  55000000 integrand evaluations so far
[1] -1027.77 +- 175.378  	chisq 13.209 (9 df)
   -1.03 ±   0.18 ·10⁺⁰³ (4.81mi) ┃Vegas input parameters:
  ndim 8
  ncomp 1
  nvec 1
  epsrel 0
  epsabs 0
  flags 10
  seed 123456
  mineval 5000000
  maxeval 50000000
  nstart 1000000
  nincrease 1000000
  nbatch 5000
  gridno 0
  statefile ""

Iteration 1:  1000000 integrand evaluations so far
[1] 3006.26 +- 928.689  	chisq 0 (0 df)

Iteration 2:  3000000 integrand evaluations so far
[1] 1496.18 +- 343.686  	chisq 3.06357 (1 df)

Iteration 3:  6000000 integrand evaluations so far
[1] 1685 +- 245.612  	chisq 3.68046 (2 df)

Iteration 4:  10000000 integrand evaluations so far
[1] 1979.65 +- 219.291  	chisq 10.7754 (3 df)

Iteration 5:  15000000 integrand evaluations so far
[1] 2641.32 +- 126.683  	chisq 24.4399 (4 df)

Iteration 6:  21000000 integrand evaluations so far
[1] 2673.67 +- 125.497  	chisq 27.9402 (5 df)

Iteration 7:  28000000 integrand evaluations so far
[1] 3158.81 +- 88.8562  	chisq 57.9073 (6 df)

Iteration 8:  36000000 integrand evaluations so far
[1] 3312.81 +- 52.94  	chisq 62.5638 (7 df)

Iteration 9:  45000000 integrand evaluations so far
[1] 3374.41 +- 37.2739  	chisq 65.2484 (8 df)

Iteration 10:  55000000 integrand evaluations so far
[1] 3408.87 +- 25.1539  	chisq 66.8183 (9 df)
   3.409 ±  0.025 ·10⁺⁰³ (1.98mi) ┃    2.13 ±   0.18 ·10⁺⁰³ (36.1mi) ┃
┃   12 -    14 ┃   26 -    27 ┃  2.4751 ± 0.0022 ·10⁺⁰³ ( 43.1s) ┃-2.76453 ± 0.0005 ·10⁺⁰³ (15.2mi) ┃Vegas input parameters:
  ndim 10
  ncomp 1
  nvec 1
  epsrel 0
  epsabs 0
  flags 10
  seed 123456
  mineval 50000000
  maxeval 50000000
  nstart 1000000
  nincrease 1000000
  nbatch 5000
  gridno 0
  statefile ""

Iteration 1:  1000000 integrand evaluations so far
[1] -105857 +- 99590.4  	chisq 0 (0 df)

Iteration 2:  3000000 integrand evaluations so far
[1] 4549.63 +- 4359.98  	chisq 1.23136 (1 df)

Iteration 3:  6000000 integrand evaluations so far
[1] -674.512 +- 547.021  	chisq 2.69001 (2 df)

Iteration 4:  10000000 integrand evaluations so far
[1] -511.943 +- 526.512  	chisq 3.89041 (3 df)

Iteration 5:  15000000 integrand evaluations so far
[1] -605.537 +- 442.152  	chisq 3.9976 (4 df)

Iteration 6:  21000000 integrand evaluations so far
[1] -780.794 +- 335.978  	chisq 4.36938 (5 df)

Iteration 7:  28000000 integrand evaluations so far
[1] -928.274 +- 305.003  	chisq 5.46489 (6 df)

Iteration 8:  36000000 integrand evaluations so far
[1] -992.895 +- 299.491  	chisq 6.71805 (7 df)

Iteration 9:  45000000 integrand evaluations so far
[1] -931.799 +- 293.984  	chisq 7.86018 (8 df)

Iteration 10:  55000000 integrand evaluations so far
[1] -1045.5 +- 282.794  	chisq 9.86301 (9 df)
   -1.05 ±   0.28 ·10⁺⁰³ (4.91mi) ┃Vegas input parameters:
  ndim 8
  ncomp 1
  nvec 1
  epsrel 0
  epsabs 0
  flags 10
  seed 123456
  mineval 5000000
  maxeval 50000000
  nstart 1000000
  nincrease 1000000
  nbatch 5000
  gridno 0
  statefile ""

Iteration 1:  1000000 integrand evaluations so far
[1] 4902.53 +- 961.508  	chisq 0 (0 df)

Iteration 2:  3000000 integrand evaluations so far
[1] 3966.47 +- 597.427  	chisq 1.54373 (1 df)

Iteration 3:  6000000 integrand evaluations so far
[1] 3871.36 +- 364.996  	chisq 1.58418 (2 df)

Iteration 4:  10000000 integrand evaluations so far
[1] 3655.78 +- 188.261  	chisq 2.05949 (3 df)

Iteration 5:  15000000 integrand evaluations so far
[1] 3773.78 +- 110.522  	chisq 2.65899 (4 df)

Iteration 6:  21000000 integrand evaluations so far
[1] 3815.78 +- 100.971  	chisq 3.5322 (5 df)

Iteration 7:  28000000 integrand evaluations so far
[1] 3688 +- 60.9584  	chisq 6.05207 (6 df)

Iteration 8:  36000000 integrand evaluations so far
[1] 3759.14 +- 51.0699  	chisq 10.6202 (7 df)

Iteration 9:  45000000 integrand evaluations so far
[1] 3799.4 +- 35.4003  	chisq 11.8164 (8 df)

Iteration 10:  55000000 integrand evaluations so far
[1] 3842.18 +- 24.4055  	chisq 14.5998 (9 df)
   3.842 ±  0.024 ·10⁺⁰³ (1.95mi) ┃    2.51 ±   0.28 ·10⁺⁰³ (22.8mi) ┃
┃   12 -    14 ┃   27 -    28 ┃  2.7886 ± 0.0016 ·10⁺⁰³ ( 10.9s) ┃ -3.0679 ± 0.0028 ·10⁺⁰³ (1.01mi) ┃Vegas input parameters:
  ndim 10
  ncomp 1
  nvec 1
  epsrel 0
  epsabs 0
  flags 10
  seed 123456
  mineval 50000000
  maxeval 50000000
  nstart 1000000
  nincrease 1000000
  nbatch 5000
  gridno 0
  statefile ""

Iteration 1:  1000000 integrand evaluations so far
[1] 101599 +- 98811.6  	chisq 0 (0 df)

Iteration 2:  3000000 integrand evaluations so far
[1] 662.655 +- 1024.02  	chisq 1.04359 (1 df)

Iteration 3:  6000000 integrand evaluations so far
[1] 1121.7 +- 876.197  	chisq 1.79379 (2 df)

Iteration 4:  10000000 integrand evaluations so far
[1] -206.478 +- 695.655  	chisq 8.00999 (3 df)

Iteration 5:  15000000 integrand evaluations so far
[1] -864.162 +- 564.945  	chisq 10.6351 (4 df)

Iteration 6:  21000000 integrand evaluations so far
[1] -1385.01 +- 345.495  	chisq 11.9929 (5 df)

Iteration 7:  28000000 integrand evaluations so far
[1] -1416.74 +- 343.114  	chisq 12.607 (6 df)

Iteration 8:  36000000 integrand evaluations so far
[1] -1444.46 +- 309.766  	chisq 12.6423 (7 df)

Iteration 9:  45000000 integrand evaluations so far
[1] -1280.92 +- 268.804  	chisq 13.7708 (8 df)

Iteration 10:  55000000 integrand evaluations so far
[1] -1394.35 +- 225.75  	chisq 14.3751 (9 df)
   -1.39 ±   0.23 ·10⁺⁰³ (4.82mi) ┃Vegas input parameters:
  ndim 8
  ncomp 1
  nvec 1
  epsrel 0
  epsabs 0
  flags 10
  seed 123456
  mineval 5000000
  maxeval 50000000
  nstart 1000000
  nincrease 1000000
  nbatch 5000
  gridno 0
  statefile ""

Iteration 1:  1000000 integrand evaluations so far
[1] 2631 +- 539.773  	chisq 0 (0 df)

Iteration 2:  3000000 integrand evaluations so far
[1] 2553.55 +- 333.848  	chisq 0.0333449 (1 df)

Iteration 3:  6000000 integrand evaluations so far
[1] 2778.58 +- 239.023  	chisq 0.965526 (2 df)

Iteration 4:  10000000 integrand evaluations so far
[1] 3162.21 +- 211.433  	chisq 12.8076 (3 df)

Iteration 5:  15000000 integrand evaluations so far
[1] 3741.87 +- 150.084  	chisq 27.9573 (4 df)

Iteration 6:  21000000 integrand evaluations so far
[1] 4142.71 +- 99.564  	chisq 40.6972 (5 df)

Iteration 7:  28000000 integrand evaluations so far
[1] 4317.02 +- 71.1517  	chisq 46.961 (6 df)

Iteration 8:  36000000 integrand evaluations so far
[1] 4332.84 +- 46.045  	chisq 47.0461 (7 df)

Iteration 9:  45000000 integrand evaluations so far
[1] 4327.76 +- 31.1541  	chisq 47.0686 (8 df)

Iteration 10:  55000000 integrand evaluations so far
[1] 4357.91 +- 23.7483  	chisq 49.3045 (9 df)
   4.358 ±  0.024 ·10⁺⁰³ (1.94mi) ┃    2.68 ±   0.23 ·10⁺⁰³ (7.96mi) ┃
┃   12 -    14 ┃   28 -    29 ┃   3.153 ± 0.0017 ·10⁺⁰³ ( 5.87s) ┃ -3.4534 ± 0.0028 ·10⁺⁰³ (2.01mi) ┃Vegas input parameters:
  ndim 10
  ncomp 1
  nvec 1
  epsrel 0
  epsabs 0
  flags 10
  seed 123456
  mineval 50000000
  maxeval 50000000
  nstart 1000000
  nincrease 1000000
  nbatch 5000
  gridno 0
  statefile ""

Iteration 1:  1000000 integrand evaluations so far
[1] 32039.9 +- 34923.5  	chisq 0 (0 df)

Iteration 2:  3000000 integrand evaluations so far
[1] 23.2976 +- 2854.23  	chisq 0.846108 (1 df)

Iteration 3:  6000000 integrand evaluations so far
[1] 827.048 +- 2068.37  	chisq 1.0131 (2 df)

Iteration 4:  10000000 integrand evaluations so far
[1] -1175.61 +- 817.219  	chisq 2.12399 (3 df)

Iteration 5:  15000000 integrand evaluations so far
[1] -1428.09 +- 773.875  	chisq 3.04832 (4 df)

Iteration 6:  21000000 integrand evaluations so far
[1] -1537.94 +- 635.892  	chisq 3.11036 (5 df)

Iteration 7:  28000000 integrand evaluations so far
[1] -1532.68 +- 354.72  	chisq 3.11046 (6 df)

Iteration 8:  36000000 integrand evaluations so far
[1] -1287.48 +- 256.314  	chisq 4.11038 (7 df)

Iteration 9:  45000000 integrand evaluations so far
[1] -1385.16 +- 246.888  	chisq 6.12189 (8 df)

Iteration 10:  55000000 integrand evaluations so far
[1] -1425.82 +- 240.699  	chisq 6.66986 (9 df)
   -1.43 ±   0.24 ·10⁺⁰³ (4.84mi) ┃Vegas input parameters:
  ndim 8
  ncomp 1
  nvec 1
  epsrel 0
  epsabs 0
  flags 10
  seed 123456
  mineval 5000000
  maxeval 50000000
  nstart 1000000
  nincrease 1000000
  nbatch 5000
  gridno 0
  statefile ""

Iteration 1:  1000000 integrand evaluations so far
[1] 5922.26 +- 983.628  	chisq 0 (0 df)

Iteration 2:  3000000 integrand evaluations so far
[1] 5926.92 +- 620.588  	chisq 3.73687e-05 (1 df)

Iteration 3:  6000000 integrand evaluations so far
[1] 4539.44 +- 178.21  	chisq 5.4479 (2 df)

Iteration 4:  10000000 integrand evaluations so far
[1] 4749.38 +- 96.3155  	chisq 7.4084 (3 df)

Iteration 5:  15000000 integrand evaluations so far
[1] 4742.65 +- 57.7989  	chisq 7.41603 (4 df)

Iteration 6:  21000000 integrand evaluations so far
[1] 4769.06 +- 47.2632  	chisq 8.04636 (5 df)

Iteration 7:  28000000 integrand evaluations so far
[1] 4818.91 +- 38.7734  	chisq 11.4482 (6 df)

Iteration 8:  36000000 integrand evaluations so far
[1] 4828.37 +- 30.0212  	chisq 11.5969 (7 df)

Iteration 9:  45000000 integrand evaluations so far
[1] 4830.3 +- 23.5597  	chisq 11.6077 (8 df)

Iteration 10:  55000000 integrand evaluations so far
[1] 4818.98 +- 19.3666  	chisq 12.3196 (9 df)
   4.819 ±  0.019 ·10⁺⁰³ (1.88mi) ┃    3.09 ±   0.24 ·10⁺⁰³ (8.83mi) ┃
┃   12 -    14 ┃   29 -    30 ┃  3.5149 ± 0.0026 ·10⁺⁰³ ( 11.4s) ┃ -3.9114 ± 0.0026 ·10⁺⁰³ (4.23mi) ┃Vegas input parameters:
  ndim 10
  ncomp 1
  nvec 1
  epsrel 0
  epsabs 0
  flags 10
  seed 123456
  mineval 50000000
  maxeval 50000000
  nstart 1000000
  nincrease 1000000
  nbatch 5000
  gridno 0
  statefile ""

Iteration 1:  1000000 integrand evaluations so far
[1] 6878.92 +- 10067.5  	chisq 0 (0 df)

Iteration 2:  3000000 integrand evaluations so far
[1] -1274.31 +- 1949.83  	chisq 0.681425 (1 df)

Iteration 3:  6000000 integrand evaluations so far
[1] 152.628 +- 1226.47  	chisq 1.56763 (2 df)

Iteration 4:  10000000 integrand evaluations so far
[1] -1483.87 +- 682.095  	chisq 4.14527 (3 df)

Iteration 5:  15000000 integrand evaluations so far
[1] -1994.35 +- 387.973  	chisq 4.97326 (4 df)

Iteration 6:  21000000 integrand evaluations so far
[1] -1943.79 +- 337.587  	chisq 5.04319 (5 df)

Iteration 7:  28000000 integrand evaluations so far
[1] -1711.59 +- 260.273  	chisq 6.20962 (6 df)

Iteration 8:  36000000 integrand evaluations so far
[1] -1704.98 +- 255.995  	chisq 6.22939 (7 df)

Iteration 9:  45000000 integrand evaluations so far
[1] -1702.97 +- 253.564  	chisq 6.23266 (8 df)

Iteration 10:  55000000 integrand evaluations so far
[1] -1712.96 +- 238.18  	chisq 6.24585 (9 df)
   -1.71 ±   0.24 ·10⁺⁰³ ( 4.8mi) ┃Vegas input parameters:
  ndim 8
  ncomp 1
  nvec 1
  epsrel 0
  epsabs 0
  flags 10
  seed 123456
  mineval 5000000
  maxeval 50000000
  nstart 1000000
  nincrease 1000000
  nbatch 5000
  gridno 0
  statefile ""

Iteration 1:  1000000 integrand evaluations so far
[1] 5350.33 +- 1071.51  	chisq 0 (0 df)

Iteration 2:  3000000 integrand evaluations so far
[1] 5395.6 +- 539.961  	chisq 0.00239211 (1 df)

Iteration 3:  6000000 integrand evaluations so far
[1] 5523.97 +- 331.676  	chisq 0.0931562 (2 df)

Iteration 4:  10000000 integrand evaluations so far
[1] 5486.82 +- 190.331  	chisq 0.111859 (3 df)

Iteration 5:  15000000 integrand evaluations so far
[1] 5574.65 +- 155.455  	chisq 0.751521 (4 df)

Iteration 6:  21000000 integrand evaluations so far
[1] 5463.16 +- 89.743  	chisq 1.52294 (5 df)

Iteration 7:  28000000 integrand evaluations so far
[1] 5498.85 +- 51.3035  	chisq 1.7579 (6 df)

Iteration 8:  36000000 integrand evaluations so far
[1] 5485.45 +- 34.7231  	chisq 1.88387 (7 df)

Iteration 9:  45000000 integrand evaluations so far
[1] 5484.47 +- 26.8396  	chisq 1.88583 (8 df)

Iteration 10:  55000000 integrand evaluations so far
[1] 5476.69 +- 22.2735  	chisq 2.15566 (9 df)
   5.477 ±  0.022 ·10⁺⁰³ (1.85mi) ┃    3.37 ±   0.24 ·10⁺⁰³ (11.1mi) ┃
┃   12 -    14 ┃   30 -    31 ┃   3.988 ± 0.0038 ·10⁺⁰³ ( 9.99s) ┃  -4.457 ± 0.0043 ·10⁺⁰³ ( 34.5s) ┃Vegas input parameters:
  ndim 10
  ncomp 1
  nvec 1
  epsrel 0
  epsabs 0
  flags 10
  seed 123456
  mineval 50000000
  maxeval 50000000
  nstart 1000000
  nincrease 1000000
  nbatch 5000
  gridno 0
  statefile ""

Iteration 1:  1000000 integrand evaluations so far
[1] -2225.83 +- 1054.87  	chisq 0 (0 df)

Iteration 2:  3000000 integrand evaluations so far
[1] -1539.1 +- 791.429  	chisq 0.969591 (1 df)

Iteration 3:  6000000 integrand evaluations so far
[1] -1467.32 +- 787.751  	chisq 1.85666 (2 df)

Iteration 4:  10000000 integrand evaluations so far
[1] -1539.97 +- 777.828  	chisq 2.19635 (3 df)

Iteration 5:  15000000 integrand evaluations so far
[1] -1736.83 +- 669.866  	chisq 2.44431 (4 df)

Iteration 6:  21000000 integrand evaluations so far
[1] -2123.8 +- 528.176  	chisq 3.32645 (5 df)

Iteration 7:  28000000 integrand evaluations so far
[1] -2155.98 +- 526.606  	chisq 3.95201 (6 df)

Iteration 8:  36000000 integrand evaluations so far
[1] -2065.91 +- 421.84  	chisq 4.03365 (7 df)

Iteration 9:  45000000 integrand evaluations so far
[1] -2096.5 +- 403.284  	chisq 4.09475 (8 df)

Iteration 10:  55000000 integrand evaluations so far
[1] -1837.39 +- 373.988  	chisq 7.04306 (9 df)
   -1.84 ±   0.37 ·10⁺⁰³ (4.92mi) ┃Vegas input parameters:
  ndim 8
  ncomp 1
  nvec 1
  epsrel 0
  epsabs 0
  flags 10
  seed 123456
  mineval 5000000
  maxeval 50000000
  nstart 1000000
  nincrease 1000000
  nbatch 5000
  gridno 0
  statefile ""

Iteration 1:  1000000 integrand evaluations so far
[1] 7943.95 +- 1195.45  	chisq 0 (0 df)

Iteration 2:  3000000 integrand evaluations so far
[1] 6034.51 +- 489.922  	chisq 3.0662 (1 df)

Iteration 3:  6000000 integrand evaluations so far
[1] 6270.12 +- 395.764  	chisq 3.73185 (2 df)

Iteration 4:  10000000 integrand evaluations so far
[1] 5790.47 +- 182.579  	chisq 5.5978 (3 df)

Iteration 5:  15000000 integrand evaluations so far
[1] 5922.3 +- 109.604  	chisq 6.41284 (4 df)

Iteration 6:  21000000 integrand evaluations so far
[1] 5999.21 +- 71.4801  	chisq 7.26954 (5 df)

Iteration 7:  28000000 integrand evaluations so far
[1] 6022.16 +- 53.1871  	chisq 7.50052 (6 df)

Iteration 8:  36000000 integrand evaluations so far
[1] 6080.02 +- 41.4056  	chisq 10.5052 (7 df)

Iteration 9:  45000000 integrand evaluations so far
[1] 6114.65 +- 32.604  	chisq 12.3455 (8 df)

Iteration 10:  55000000 integrand evaluations so far
[1] 6162.33 +- 26.7495  	chisq 18.8879 (9 df)
   6.162 ±  0.027 ·10⁺⁰³ (1.96mi) ┃    3.86 ±   0.37 ·10⁺⁰³ (7.62mi) ┃
┃   12 -    14 ┃   31 -    32 ┃  4.5748 ± 0.0037 ·10⁺⁰³ ( 5.83s) ┃ -5.0602 ± 0.0043 ·10⁺⁰³ (1.14mi) ┃Vegas input parameters:
  ndim 10
  ncomp 1
  nvec 1
  epsrel 0
  epsabs 0
  flags 10
  seed 123456
  mineval 50000000
  maxeval 50000000
  nstart 1000000
  nincrease 1000000
  nbatch 5000
  gridno 0
  statefile ""

Iteration 1:  1000000 integrand evaluations so far
[1] -9249.85 +- 5531.68  	chisq 0 (0 df)

Iteration 2:  3000000 integrand evaluations so far
[1] -1747.65 +- 1456.51  	chisq 1.97637 (1 df)

Iteration 3:  6000000 integrand evaluations so far
[1] -2005.78 +- 913.195  	chisq 2.02812 (2 df)

Iteration 4:  10000000 integrand evaluations so far
[1] -2701.1 +- 605.768  	chisq 3.06346 (3 df)

Iteration 5:  15000000 integrand evaluations so far
[1] -1801.38 +- 495.631  	chisq 9.73673 (4 df)

Iteration 6:  21000000 integrand evaluations so far
[1] -1516.5 +- 440.813  	chisq 11.3177 (5 df)

Iteration 7:  28000000 integrand evaluations so far
[1] -1609.01 +- 419.653  	chisq 11.7878 (6 df)

Iteration 8:  36000000 integrand evaluations so far
[1] -1718.49 +- 366.814  	chisq 12.0762 (7 df)

Iteration 9:  45000000 integrand evaluations so far
[1] -1692.75 +- 346.642  	chisq 12.1222 (8 df)

Iteration 10:  55000000 integrand evaluations so far
[1] -1536.31 +- 315.56  	chisq 13.3111 (9 df)
   -1.54 ±   0.32 ·10⁺⁰³ (4.98mi) ┃Vegas input parameters:
  ndim 8
  ncomp 1
  nvec 1
  epsrel 0
  epsabs 0
  flags 10
  seed 123456
  mineval 5000000
  maxeval 50000000
  nstart 1000000
  nincrease 1000000
  nbatch 5000
  gridno 0
  statefile ""

Iteration 1:  1000000 integrand evaluations so far
[1] 8568.07 +- 1329.36  	chisq 0 (0 df)

Iteration 2:  3000000 integrand evaluations so far
[1] 6535.6 +- 448.823  	chisq 2.63829 (1 df)

Iteration 3:  6000000 integrand evaluations so far
[1] 6489.84 +- 194.907  	chisq 2.6511 (2 df)

Iteration 4:  10000000 integrand evaluations so far
[1] 6747.23 +- 99.6802  	chisq 5.01273 (3 df)

Iteration 5:  15000000 integrand evaluations so far
[1] 6771.89 +- 96.3021  	chisq 5.93124 (4 df)

Iteration 6:  21000000 integrand evaluations so far
[1] 6917.31 +- 81.2116  	chisq 13.8261 (5 df)

Iteration 7:  28000000 integrand evaluations so far
[1] 7002.08 +- 62.8472  	chisq 16.542 (6 df)

Iteration 8:  36000000 integrand evaluations so far
[1] 7082.8 +- 46.986  	chisq 20.282 (7 df)

Iteration 9:  45000000 integrand evaluations so far
[1] 7097.27 +- 36.0365  	chisq 20.5123 (8 df)

Iteration 10:  55000000 integrand evaluations so far
[1] 7109.46 +- 29.2282  	chisq 20.8469 (9 df)
   7.109 ±  0.029 ·10⁺⁰³ (1.92mi) ┃    5.09 ±   0.32 ·10⁺⁰³ (8.14mi) ┃
┃   12 -    14 ┃   32 -    33 ┃  5.3664 ± 0.0015 ·10⁺⁰³ (  9.7s) ┃ -5.9358 ± 0.0011 ·10⁺⁰³ (4.39mi) ┃Vegas input parameters:
  ndim 10
  ncomp 1
  nvec 1
  epsrel 0
  epsabs 0
  flags 10
  seed 123456
  mineval 50000000
  maxeval 50000000
  nstart 1000000
  nincrease 1000000
  nbatch 5000
  gridno 0
  statefile ""

Iteration 1:  1000000 integrand evaluations so far
[1] -694.396 +- 3618.98  	chisq 0 (0 df)

Iteration 2:  3000000 integrand evaluations so far
[1] 1688.45 +- 2753.57  	chisq 1.02957 (1 df)

Iteration 3:  6000000 integrand evaluations so far
[1] -4584.74 +- 1215.61  	chisq 7.47618 (2 df)

Iteration 4:  10000000 integrand evaluations so far
[1] -4125.8 +- 853.486  	chisq 7.75729 (3 df)

Iteration 5:  15000000 integrand evaluations so far
[1] -4194.18 +- 837.831  	chisq 7.93386 (4 df)

Iteration 6:  21000000 integrand evaluations so far
[1] -4106.8 +- 698.482  	chisq 7.96952 (5 df)

Iteration 7:  28000000 integrand evaluations so far
[1] -3917.19 +- 656.31  	chisq 8.59883 (6 df)

Iteration 8:  36000000 integrand evaluations so far
[1] -3281.5 +- 478.856  	chisq 10.6048 (7 df)

Iteration 9:  45000000 integrand evaluations so far
[1] -3362.51 +- 381.686  	chisq 10.6833 (8 df)

Iteration 10:  55000000 integrand evaluations so far
[1] -3191.53 +- 366.272  	chisq 13.2189 (9 df)
   -3.19 ±   0.37 ·10⁺⁰³ (4.95mi) ┃Vegas input parameters:
  ndim 8
  ncomp 1
  nvec 1
  epsrel 0
  epsabs 0
  flags 10
  seed 123456
  mineval 5000000
  maxeval 50000000
  nstart 1000000
  nincrease 1000000
  nbatch 5000
  gridno 0
  statefile ""

Iteration 1:  1000000 integrand evaluations so far
[1] 8808.25 +- 1302.7  	chisq 0 (0 df)

Iteration 2:  3000000 integrand evaluations so far
[1] 8380.74 +- 434.353  	chisq 0.121171 (1 df)

Iteration 3:  6000000 integrand evaluations so far
[1] 8449.85 +- 242.32  	chisq 0.157934 (2 df)

Iteration 4:  10000000 integrand evaluations so far
[1] 8420.4 +- 164.154  	chisq 0.185244 (3 df)

Iteration 5:  15000000 integrand evaluations so far
[1] 8147.91 +- 99.9512  	chisq 4.5641 (4 df)

Iteration 6:  21000000 integrand evaluations so far
[1] 8275.31 +- 66.5401  	chisq 7.48209 (5 df)

Iteration 7:  28000000 integrand evaluations so far
[1] 8332.11 +- 49.7818  	chisq 9.13686 (6 df)

Iteration 8:  36000000 integrand evaluations so far
[1] 8349.03 +- 45.8186  	chisq 9.89209 (7 df)

Iteration 9:  45000000 integrand evaluations so far
[1] 8356.23 +- 39.7356  	chisq 9.99187 (8 df)

Iteration 10:  55000000 integrand evaluations so far
[1] 8391.93 +- 33.2651  	chisq 12.6895 (9 df)
   8.392 ±  0.033 ·10⁺⁰³ (1.85mi) ┃    4.63 ±   0.37 ·10⁺⁰³ (11.4mi) ┃
┃   12 -    14 ┃   33 -    34 ┃  6.7849 ±  0.006 ·10⁺⁰³ ( 17.8s) ┃ -7.5106 ± 0.0052 ·10⁺⁰³ (2.41mi) ┃Vegas input parameters:
  ndim 10
  ncomp 1
  nvec 1
  epsrel 0
  epsabs 0
  flags 10
  seed 123456
  mineval 50000000
  maxeval 50000000
  nstart 1000000
  nincrease 1000000
  nbatch 5000
  gridno 0
  statefile ""

Iteration 1:  1000000 integrand evaluations so far
[1] -7333.57 +- 2560.07  	chisq 0 (0 df)

Iteration 2:  3000000 integrand evaluations so far
[1] -4718.26 +- 2211.65  	chisq 4.11404 (1 df)

Iteration 3:  6000000 integrand evaluations so far
[1] -1894.39 +- 1297.2  	chisq 6.59927 (2 df)

Iteration 4:  10000000 integrand evaluations so far
[1] -3152.84 +- 1102.46  	chisq 9.98818 (3 df)

Iteration 5:  15000000 integrand evaluations so far
[1] -2441.29 +- 981.541  	chisq 11.9974 (4 df)

Iteration 6:  21000000 integrand evaluations so far
[1] -2359.37 +- 933.491  	chisq 12.0704 (5 df)

Iteration 7:  28000000 integrand evaluations so far
[1] -2366.24 +- 923.787  	chisq 12.073 (6 df)

Iteration 8:  36000000 integrand evaluations so far
[1] -2551.54 +- 904.239  	chisq 13.0338 (7 df)

Iteration 9:  45000000 integrand evaluations so far
[1] -2140.91 +- 796.418  	chisq 13.9534 (8 df)

Iteration 10:  55000000 integrand evaluations so far
[1] -2585.92 +- 599.519  	chisq 14.6739 (9 df)
   -2.59 ±    0.6 ·10⁺⁰³ (4.92mi) ┃Vegas input parameters:
  ndim 8
  ncomp 1
  nvec 1
  epsrel 0
  epsabs 0
  flags 10
  seed 123456
  mineval 5000000
  maxeval 50000000
  nstart 1000000
  nincrease 1000000
  nbatch 5000
  gridno 0
  statefile ""

Iteration 1:  1000000 integrand evaluations so far
[1] 9591.98 +- 1229.1  	chisq 0 (0 df)

Iteration 2:  3000000 integrand evaluations so far
[1] 10118.2 +- 613.063  	chisq 0.243995 (1 df)

Iteration 3:  6000000 integrand evaluations so far
[1] 10337.4 +- 283.519  	chisq 0.406689 (2 df)

Iteration 4:  10000000 integrand evaluations so far
[1] 10613.1 +- 220.895  	chisq 2.8128 (3 df)

Iteration 5:  15000000 integrand evaluations so far
[1] 10591.3 +- 137.524  	chisq 2.82877 (4 df)

Iteration 6:  21000000 integrand evaluations so far
[1] 10625.8 +- 86.5835  	chisq 2.93299 (5 df)

Iteration 7:  28000000 integrand evaluations so far
[1] 10634.5 +- 61.7554  	chisq 2.9537 (6 df)

Iteration 8:  36000000 integrand evaluations so far
[1] 10617.6 +- 48.9129  	chisq 3.15541 (7 df)

Iteration 9:  45000000 integrand evaluations so far
[1] 10635.8 +- 40.9037  	chisq 3.61616 (8 df)

Iteration 10:  55000000 integrand evaluations so far
[1] 10640.7 +- 35.4162  	chisq 3.67433 (9 df)
  10.641 ±  0.035 ·10⁺⁰³ (1.89mi) ┃    7.33 ±    0.6 ·10⁺⁰³ (9.51mi) ┃
┃   12 -    14 ┃   34 -    35 ┃  8.7978 ±  0.005 ·10⁺⁰³ ( 18.5s) ┃ -9.7153 ± 0.0065 ·10⁺⁰³ (4.61mi) ┃Vegas input parameters:
  ndim 10
  ncomp 1
  nvec 1
  epsrel 0
  epsabs 0
  flags 10
  seed 123456
  mineval 50000000
  maxeval 50000000
  nstart 1000000
  nincrease 1000000
  nbatch 5000
  gridno 0
  statefile ""

Iteration 1:  1000000 integrand evaluations so far
[1] -3721.9 +- 3484.6  	chisq 0 (0 df)

Iteration 2:  3000000 integrand evaluations so far
[1] -3741.51 +- 1452.52  	chisq 3.83636e-05 (1 df)

Iteration 3:  6000000 integrand evaluations so far
[1] -3981.73 +- 1173.29  	chisq 0.07874 (2 df)

Iteration 4:  10000000 integrand evaluations so far
[1] -3676.36 +- 1062.05  	chisq 0.453771 (3 df)

Iteration 5:  15000000 integrand evaluations so far
[1] -3317.77 +- 1031.05  	chisq 2.43573 (4 df)

Iteration 6:  21000000 integrand evaluations so far
[1] -3080.88 +- 1008.28  	chisq 3.64382 (5 df)

Iteration 7:  28000000 integrand evaluations so far
[1] -2871.87 +- 967.659  	chisq 4.18813 (6 df)

Iteration 8:  36000000 integrand evaluations so far
[1] -3601.18 +- 877.297  	chisq 7.37854 (7 df)

Iteration 9:  45000000 integrand evaluations so far
[1] -3827.8 +- 863.129  	chisq 9.46117 (8 df)

Iteration 10:  55000000 integrand evaluations so far
[1] -3758.37 +- 763.551  	chisq 9.49093 (9 df)
   -3.76 ±   0.76 ·10⁺⁰³ (4.95mi) ┃Vegas input parameters:
  ndim 8
  ncomp 1
  nvec 1
  epsrel 0
  epsabs 0
  flags 10
  seed 123456
  mineval 5000000
  maxeval 50000000
  nstart 1000000
  nincrease 1000000
  nbatch 5000
  gridno 0
  statefile ""

Iteration 1:  1000000 integrand evaluations so far
[1] 15142.2 +- 1522.39  	chisq 0 (0 df)

Iteration 2:  3000000 integrand evaluations so far
[1] 13784.2 +- 311.603  	chisq 0.830545 (1 df)

Iteration 3:  6000000 integrand evaluations so far
[1] 13884.6 +- 179.571  	chisq 0.986171 (2 df)

Iteration 4:  10000000 integrand evaluations so far
[1] 13793.4 +- 118.973  	chisq 1.44664 (3 df)

Iteration 5:  15000000 integrand evaluations so far
[1] 13890.2 +- 88.5414  	chisq 2.93059 (4 df)

Iteration 6:  21000000 integrand evaluations so far
[1] 13781.1 +- 69.7516  	chisq 6.92987 (5 df)

Iteration 7:  28000000 integrand evaluations so far
[1] 13834.8 +- 57.4508  	chisq 8.77102 (6 df)

Iteration 8:  36000000 integrand evaluations so far
[1] 13854.2 +- 49.2538  	chisq 9.20253 (7 df)

Iteration 9:  45000000 integrand evaluations so far
[1] 13835.7 +- 42.6635  	chisq 9.7657 (8 df)

Iteration 10:  55000000 integrand evaluations so far
[1] 13875.5 +- 37.8433  	chisq 13.8444 (9 df)
  13.876 ±  0.038 ·10⁺⁰³ ( 1.9mi) ┃     9.2 ±   0.76 ·10⁺⁰³ (11.8mi) ┃
┃   12 -    14 ┃   35 -    36 ┃  7.8766 ±  0.006 ·10⁺⁰³ (1.21mi) ┃ -8.7204 ± 0.0042 ·10⁺⁰³ (8.83mi) ┃Vegas input parameters:
  ndim 10
  ncomp 1
  nvec 1
  epsrel 0
  epsabs 0
  flags 10
  seed 123456
  mineval 50000000
  maxeval 50000000
  nstart 1000000
  nincrease 1000000
  nbatch 5000
  gridno 0
  statefile ""

Iteration 1:  1000000 integrand evaluations so far
[1] 29774.4 +- 33221  	chisq 0 (0 df)

Iteration 2:  3000000 integrand evaluations so far
[1] -2422.42 +- 1687.34  	chisq 0.941718 (1 df)

Iteration 3:  6000000 integrand evaluations so far
[1] -3233.67 +- 1315.13  	chisq 1.53064 (2 df)

Iteration 4:  10000000 integrand evaluations so far
[1] -2515.48 +- 1165.85  	chisq 2.92329 (3 df)

Iteration 5:  15000000 integrand evaluations so far
[1] -3521.9 +- 909.337  	chisq 4.8261 (4 df)

Iteration 6:  21000000 integrand evaluations so far
[1] -3756.93 +- 715.693  	chisq 5.00165 (5 df)

Iteration 7:  28000000 integrand evaluations so far
[1] -3244.31 +- 666.686  	chisq 8.8805 (6 df)

Iteration 8:  36000000 integrand evaluations so far
[1] -2994.6 +- 598.54  	chisq 9.60373 (7 df)

Iteration 9:  45000000 integrand evaluations so far
[1] -3039.52 +- 582.474  	chisq 9.71009 (8 df)

Iteration 10:  55000000 integrand evaluations so far
[1] -3153.7 +- 554.573  	chisq 10.121 (9 df)
   -3.15 ±   0.55 ·10⁺⁰³ (4.91mi) ┃Vegas input parameters:
  ndim 8
  ncomp 1
  nvec 1
  epsrel 0
  epsabs 0
  flags 10
  seed 123456
  mineval 5000000
  maxeval 50000000
  nstart 1000000
  nincrease 1000000
  nbatch 5000
  gridno 0
  statefile ""

Iteration 1:  1000000 integrand evaluations so far
[1] 13007.9 +- 1456.25  	chisq 0 (0 df)

Iteration 2:  3000000 integrand evaluations so far
[1] 12471.8 +- 472.132  	chisq 0.15146 (1 df)

Iteration 3:  6000000 integrand evaluations so far
[1] 12297 +- 222.926  	chisq 0.327943 (2 df)

Iteration 4:  10000000 integrand evaluations so far
[1] 12326.4 +- 142.923  	chisq 0.357527 (3 df)

Iteration 5:  15000000 integrand evaluations so far
[1] 12183.8 +- 99.938  	chisq 2.30502 (4 df)

Iteration 6:  21000000 integrand evaluations so far
[1] 12342.8 +- 74.1867  	chisq 7.94093 (5 df)

Iteration 7:  28000000 integrand evaluations so far
[1] 12349.4 +- 59.2454  	chisq 7.96282 (6 df)

Iteration 8:  36000000 integrand evaluations so far
[1] 12342.8 +- 49.1609  	chisq 8.00212 (7 df)

Iteration 9:  45000000 integrand evaluations so far
[1] 12337.5 +- 41.7953  	chisq 8.04506 (8 df)

Iteration 10:  55000000 integrand evaluations so far
[1] 12378.2 +- 36.8661  	chisq 12.3315 (9 df)
  12.378 ±  0.037 ·10⁺⁰³ (1.91mi) ┃    8.38 ±   0.56 ·10⁺⁰³ (16.8mi) ┃
┃   12 -    14 ┃   36 -    37 ┃  7.0449 ± 0.0037 ·10⁺⁰³ (1.19mi) ┃-7.80393 ± 0.00041 ·10⁺⁰³ (8.63mi) ┃Vegas input parameters:
  ndim 10
  ncomp 1
  nvec 1
  epsrel 0
  epsabs 0
  flags 10
  seed 123456
  mineval 50000000
  maxeval 50000000
  nstart 1000000
  nincrease 1000000
  nbatch 5000
  gridno 0
  statefile ""

Iteration 1:  1000000 integrand evaluations so far
[1] -8919.38 +- 7404.82  	chisq 0 (0 df)

Iteration 2:  3000000 integrand evaluations so far
[1] -7525.85 +- 1890.1  	chisq 0.0378848 (1 df)

Iteration 3:  6000000 integrand evaluations so far
[1] -5730.38 +- 1090.7  	chisq 1.39076 (2 df)

Iteration 4:  10000000 integrand evaluations so far
[1] -5068.04 +- 1034.76  	chisq 5.08037 (3 df)

Iteration 5:  15000000 integrand evaluations so far
[1] -5080.5 +- 847.996  	chisq 5.08081 (4 df)

Iteration 6:  21000000 integrand evaluations so far
[1] -4750.95 +- 784.561  	chisq 6.1295 (5 df)

Iteration 7:  28000000 integrand evaluations so far
[1] -4028.01 +- 645.992  	chisq 8.76604 (6 df)

Iteration 8:  36000000 integrand evaluations so far
[1] -4062.84 +- 640.106  	chisq 8.92625 (7 df)

Iteration 9:  45000000 integrand evaluations so far
[1] -4027.61 +- 615.481  	chisq 8.96638 (8 df)

Iteration 10:  55000000 integrand evaluations so far
[1] -3991.91 +- 576.822  	chisq 8.99403 (9 df)
   -3.99 ±   0.58 ·10⁺⁰³ (4.92mi) ┃Vegas input parameters:
  ndim 8
  ncomp 1
  nvec 1
  epsrel 0
  epsabs 0
  flags 10
  seed 123456
  mineval 5000000
  maxeval 50000000
  nstart 1000000
  nincrease 1000000
  nbatch 5000
  gridno 0
  statefile ""

Iteration 1:  1000000 integrand evaluations so far
[1] 10529.6 +- 1264.77  	chisq 0 (0 df)

Iteration 2:  3000000 integrand evaluations so far
[1] 10804 +- 377.944  	chisq 0.0516862 (1 df)

Iteration 3:  6000000 integrand evaluations so far
[1] 10782.2 +- 191.527  	chisq 0.0561448 (2 df)

Iteration 4:  10000000 integrand evaluations so far
[1] 10883.6 +- 114.03  	chisq 0.490642 (3 df)

Iteration 5:  15000000 integrand evaluations so far
[1] 10909.1 +- 79.8238  	chisq 0.588626 (4 df)

Iteration 6:  21000000 integrand evaluations so far
[1] 10949.6 +- 61.9472  	chisq 1.23501 (5 df)

Iteration 7:  28000000 integrand evaluations so far
[1] 10979.3 +- 51.2397  	chisq 1.96191 (6 df)

Iteration 8:  36000000 integrand evaluations so far
[1] 10988.3 +- 44.6423  	chisq 2.092 (7 df)

Iteration 9:  45000000 integrand evaluations so far
[1] 11006.8 +- 39.196  	chisq 2.8381 (8 df)

Iteration 10:  55000000 integrand evaluations so far
[1] 10994 +- 34.4575  	chisq 3.31026 (9 df)
  10.994 ±  0.034 ·10⁺⁰³ (1.91mi) ┃    6.24 ±   0.58 ·10⁺⁰³ (16.6mi) ┃
┃   12 -    14 ┃   37 -    38 ┃  6.7438 ± 0.0041 ·10⁺⁰³ (2.18mi) ┃ -7.4811 ± 0.0063 ·10⁺⁰³ (8.58mi) ┃Vegas input parameters:
  ndim 10
  ncomp 1
  nvec 1
  epsrel 0
  epsabs 0
  flags 10
  seed 123456
  mineval 50000000
  maxeval 50000000
  nstart 1000000
  nincrease 1000000
  nbatch 5000
  gridno 0
  statefile ""

Iteration 1:  1000000 integrand evaluations so far
[1] -3824.24 +- 2685.53  	chisq 0 (0 df)

Iteration 2:  3000000 integrand evaluations so far
[1] -2377.67 +- 1347.36  	chisq 0.387747 (1 df)

Iteration 3:  6000000 integrand evaluations so far
[1] -2302.97 +- 1337.15  	chisq 0.591458 (2 df)

Iteration 4:  10000000 integrand evaluations so far
[1] -2666.63 +- 1296.74  	chisq 1.8338 (3 df)

Iteration 5:  15000000 integrand evaluations so far
[1] -2642.2 +- 1234.18  	chisq 1.83756 (4 df)

Iteration 6:  21000000 integrand evaluations so far
[1] -4004.76 +- 1093.8  	chisq 7.5185 (5 df)

Iteration 7:  28000000 integrand evaluations so far
[1] -4090.4 +- 844.16  	chisq 7.53366 (6 df)

Iteration 8:  36000000 integrand evaluations so far
[1] -3328.28 +- 677.978  	chisq 9.82985 (7 df)

Iteration 9:  45000000 integrand evaluations so far
[1] -3149.59 +- 447.255  	chisq 9.95285 (8 df)

Iteration 10:  55000000 integrand evaluations so far
[1] -3088.54 +- 385.984  	chisq 10.0259 (9 df)
   -3.09 ±   0.39 ·10⁺⁰³ (4.89mi) ┃Vegas input parameters:
  ndim 8
  ncomp 1
  nvec 1
  epsrel 0
  epsabs 0
  flags 10
  seed 123456
  mineval 5000000
  maxeval 50000000
  nstart 1000000
  nincrease 1000000
  nbatch 5000
  gridno 0
  statefile ""

Iteration 1:  1000000 integrand evaluations so far
[1] 8572.63 +- 1120.86  	chisq 0 (0 df)

Iteration 2:  3000000 integrand evaluations so far
[1] 9166.1 +- 322.528  	chisq 0.305652 (1 df)

Iteration 3:  6000000 integrand evaluations so far
[1] 9796.96 +- 262.686  	chisq 11.67 (2 df)

Iteration 4:  10000000 integrand evaluations so far
[1] 10261.1 +- 194.956  	chisq 18.6198 (3 df)

Iteration 5:  15000000 integrand evaluations so far
[1] 10423.8 +- 121.85  	chisq 19.7623 (4 df)

Iteration 6:  21000000 integrand evaluations so far
[1] 10492.5 +- 78.1868  	chisq 20.3032 (5 df)

Iteration 7:  28000000 integrand evaluations so far
[1] 10546.6 +- 59.9608  	chisq 21.4657 (6 df)

Iteration 8:  36000000 integrand evaluations so far
[1] 10537.2 +- 48.4415  	chisq 21.537 (7 df)

Iteration 9:  45000000 integrand evaluations so far
[1] 10541.5 +- 41.7593  	chisq 21.5691 (8 df)

Iteration 10:  55000000 integrand evaluations so far
[1] 10531.4 +- 36.3338  	chisq 21.8126 (9 df)
  10.531 ±  0.036 ·10⁺⁰³ (1.97mi) ┃    6.71 ±   0.39 ·10⁺⁰³ (17.6mi) ┃
┃   12 -    14 ┃   38 -    39 ┃  6.6172 ± 0.0032 ·10⁺⁰³ (2.23mi) ┃ -7.3345 ± 0.0051 ·10⁺⁰³ (8.56mi) ┃Vegas input parameters:
  ndim 10
  ncomp 1
  nvec 1
  epsrel 0
  epsabs 0
  flags 10
  seed 123456
  mineval 50000000
  maxeval 50000000
  nstart 1000000
  nincrease 1000000
  nbatch 5000
  gridno 0
  statefile ""

Iteration 1:  1000000 integrand evaluations so far
[1] -2462.28 +- 5432.91  	chisq 0 (0 df)

Iteration 2:  3000000 integrand evaluations so far
[1] -3010.16 +- 3262.57  	chisq 0.0159051 (1 df)

Iteration 3:  6000000 integrand evaluations so far
[1] -137.214 +- 1311.06  	chisq 0.940649 (2 df)

Iteration 4:  10000000 integrand evaluations so far
[1] -1539.53 +- 749.394  	chisq 2.63989 (3 df)

Iteration 5:  15000000 integrand evaluations so far
[1] -1830.78 +- 712.112  	chisq 4.19664 (4 df)

Iteration 6:  21000000 integrand evaluations so far
[1] -1872.07 +- 693.638  	chisq 4.26231 (5 df)

Iteration 7:  28000000 integrand evaluations so far
[1] -2013.2 +- 671.556  	chisq 4.92296 (6 df)

Iteration 8:  36000000 integrand evaluations so far
[1] -1904.57 +- 573.896  	chisq 5.01998 (7 df)

Iteration 9:  45000000 integrand evaluations so far
[1] -2262.41 +- 434.12  	chisq 5.92878 (8 df)

Iteration 10:  55000000 integrand evaluations so far
[1] -2418.07 +- 372.698  	chisq 6.41773 (9 df)
   -2.42 ±   0.37 ·10⁺⁰³ (4.91mi) ┃Vegas input parameters:
  ndim 8
  ncomp 1
  nvec 1
  epsrel 0
  epsabs 0
  flags 10
  seed 123456
  mineval 5000000
  maxeval 50000000
  nstart 1000000
  nincrease 1000000
  nbatch 5000
  gridno 0
  statefile ""

Iteration 1:  1000000 integrand evaluations so far
[1] 11721.3 +- 1322.6  	chisq 0 (0 df)

Iteration 2:  3000000 integrand evaluations so far
[1] 10912.3 +- 496.415  	chisq 0.435544 (1 df)

Iteration 3:  6000000 integrand evaluations so far
[1] 10540.3 +- 266.819  	chisq 1.22499 (2 df)

Iteration 4:  10000000 integrand evaluations so far
[1] 10262.6 +- 140.181  	chisq 2.72137 (3 df)

Iteration 5:  15000000 integrand evaluations so far
[1] 10145.2 +- 90.3771  	chisq 3.92279 (4 df)

Iteration 6:  21000000 integrand evaluations so far
[1] 10206.8 +- 69.6773  	chisq 5.06974 (5 df)

Iteration 7:  28000000 integrand evaluations so far
[1] 10246.4 +- 55.5918  	chisq 5.95643 (6 df)

Iteration 8:  36000000 integrand evaluations so far
[1] 10274.8 +- 46.8959  	chisq 6.86358 (7 df)

Iteration 9:  45000000 integrand evaluations so far
[1] 10258.1 +- 40.157  	chisq 7.33575 (8 df)

Iteration 10:  55000000 integrand evaluations so far
[1] 10252.7 +- 34.8749  	chisq 7.41171 (9 df)
  10.253 ±  0.035 ·10⁺⁰³ (1.87mi) ┃    7.12 ±   0.37 ·10⁺⁰³ (17.6mi) ┃
┃   12 -    14 ┃   39 -    40 ┃    6.45 ± 0.0032 ·10⁺⁰³ (1.15mi) ┃ -7.1173 ± 0.0032 ·10⁺⁰³ (16.9mi) ┃Vegas input parameters:
  ndim 10
  ncomp 1
  nvec 1
  epsrel 0
  epsabs 0
  flags 10
  seed 123456
  mineval 50000000
  maxeval 50000000
  nstart 1000000
  nincrease 1000000
  nbatch 5000
  gridno 0
  statefile ""

Iteration 1:  1000000 integrand evaluations so far
[1] 13923.7 +- 16870  	chisq 0 (0 df)

Iteration 2:  3000000 integrand evaluations so far
[1] -2279.7 +- 12406.7  	chisq 2.00924 (1 df)

Iteration 3:  6000000 integrand evaluations so far
[1] -7145.14 +- 3178.84  	chisq 2.17383 (2 df)

Iteration 4:  10000000 integrand evaluations so far
[1] -6157.81 +- 2508.29  	chisq 2.42946 (3 df)

Iteration 5:  15000000 integrand evaluations so far
[1] -5043.15 +- 1588.68  	chisq 2.75924 (4 df)

Iteration 6:  21000000 integrand evaluations so far
[1] -3918.49 +- 1375.68  	chisq 4.7624 (5 df)

Iteration 7:  28000000 integrand evaluations so far
[1] -1999.36 +- 688.505  	chisq 7.35893 (6 df)

Iteration 8:  36000000 integrand evaluations so far
[1] -1849.05 +- 674.212  	chisq 8.51891 (7 df)

Iteration 9:  45000000 integrand evaluations so far
[1] -2357.89 +- 546.096  	chisq 10.175 (8 df)

Iteration 10:  55000000 integrand evaluations so far
[1] -2749.13 +- 475.77  	chisq 12.305 (9 df)
   -2.75 ±   0.48 ·10⁺⁰³ (4.91mi) ┃Vegas input parameters:
  ndim 8
  ncomp 1
  nvec 1
  epsrel 0
  epsabs 0
  flags 10
  seed 123456
  mineval 5000000
  maxeval 50000000
  nstart 1000000
  nincrease 1000000
  nbatch 5000
  gridno 0
  statefile ""

Iteration 1:  1000000 integrand evaluations so far
[1] 9747.02 +- 1143.04  	chisq 0 (0 df)

Iteration 2:  3000000 integrand evaluations so far
[1] 9912.67 +- 360.243  	chisq 0.0233184 (1 df)

Iteration 3:  6000000 integrand evaluations so far
[1] 9422.08 +- 169.36  	chisq 2.40413 (2 df)

Iteration 4:  10000000 integrand evaluations so far
[1] 9697.32 +- 128.821  	chisq 8.67121 (3 df)

Iteration 5:  15000000 integrand evaluations so far
[1] 9709.65 +- 86.5081  	chisq 8.68792 (4 df)

Iteration 6:  21000000 integrand evaluations so far
[1] 9737.49 +- 82.3144  	chisq 9.78231 (5 df)

Iteration 7:  28000000 integrand evaluations so far
[1] 9757.21 +- 71.1908  	chisq 10.0101 (6 df)

Iteration 8:  36000000 integrand evaluations so far
[1] 9817.23 +- 56.4702  	chisq 11.9267 (7 df)

Iteration 9:  45000000 integrand evaluations so far
[1] 9878.16 +- 45.6341  	chisq 15.2825 (8 df)

Iteration 10:  55000000 integrand evaluations so far
[1] 9887.81 +- 38.472  	chisq 15.4372 (9 df)
   9.888 ±  0.038 ·10⁺⁰³ (1.89mi) ┃    6.47 ±   0.48 ·10⁺⁰³ (24.9mi) ┃
┃   12 -    14 ┃   40 -    41 ┃  6.1747 ± 0.0027 ·10⁺⁰³ ( 22.1s) ┃ -6.8201 ± 0.0012 ·10⁺⁰³ (8.38mi) ┃Vegas input parameters:
  ndim 10
  ncomp 1
  nvec 1
  epsrel 0
  epsabs 0
  flags 10
  seed 123456
  mineval 50000000
  maxeval 50000000
  nstart 1000000
  nincrease 1000000
  nbatch 5000
  gridno 0
  statefile ""

Iteration 1:  1000000 integrand evaluations so far
[1] -3596.82 +- 4150.18  	chisq 0 (0 df)

Iteration 2:  3000000 integrand evaluations so far
[1] -2015 +- 2814.43  	chisq 0.268962 (1 df)

Iteration 3:  6000000 integrand evaluations so far
[1] -3453.05 +- 1196.66  	chisq 0.587652 (2 df)

Iteration 4:  10000000 integrand evaluations so far
[1] -3285.16 +- 996.485  	chisq 0.651856 (3 df)

Iteration 5:  15000000 integrand evaluations so far
[1] -3380.82 +- 925.108  	chisq 0.718575 (4 df)

Iteration 6:  21000000 integrand evaluations so far
[1] -3125.83 +- 893.648  	chisq 1.85496 (5 df)

Iteration 7:  28000000 integrand evaluations so far
[1] -3293.77 +- 775.297  	chisq 1.99775 (6 df)

Iteration 8:  36000000 integrand evaluations so far
[1] -3122.35 +- 586.211  	chisq 2.11189 (7 df)

Iteration 9:  45000000 integrand evaluations so far
[1] -3257.11 +- 570.91  	chisq 3.13759 (8 df)

Iteration 10:  55000000 integrand evaluations so far
[1] -2970.53 +- 539.338  	chisq 5.4806 (9 df)
   -2.97 ±   0.54 ·10⁺⁰³ (   5mi) ┃Vegas input parameters:
  ndim 8
  ncomp 1
  nvec 1
  epsrel 0
  epsabs 0
  flags 10
  seed 123456
  mineval 5000000
  maxeval 50000000
  nstart 1000000
  nincrease 1000000
  nbatch 5000
  gridno 0
  statefile ""

Iteration 1:  1000000 integrand evaluations so far
[1] 9545.32 +- 1225.07  	chisq 0 (0 df)

Iteration 2:  3000000 integrand evaluations so far
[1] 9764.11 +- 458.562  	chisq 0.0370939 (1 df)

Iteration 3:  6000000 integrand evaluations so far
[1] 9469.62 +- 212.281  	chisq 0.562012 (2 df)

Iteration 4:  10000000 integrand evaluations so far
[1] 9384.7 +- 125.937  	chisq 0.808949 (3 df)

Iteration 5:  15000000 integrand evaluations so far
[1] 9515.91 +- 99.5099  	chisq 3.69838 (4 df)

Iteration 6:  21000000 integrand evaluations so far
[1] 9516.01 +- 75.0873  	chisq 3.69838 (5 df)

Iteration 7:  28000000 integrand evaluations so far
[1] 9540.52 +- 57.4315  	chisq 3.95513 (6 df)

Iteration 8:  36000000 integrand evaluations so far
[1] 9546.27 +- 45.7558  	chisq 3.9825 (7 df)

Iteration 9:  45000000 integrand evaluations so far
[1] 9606.2 +- 38.3395  	chisq 9.74269 (8 df)

Iteration 10:  55000000 integrand evaluations so far
[1] 9622 +- 33.2211  	chisq 10.4241 (9 df)
   9.622 ±  0.033 ·10⁺⁰³ (1.89mi) ┃    6.01 ±   0.54 ·10⁺⁰³ (15.6mi) ┃
┃   12 -    14 ┃   41 -    42 ┃  5.9782 ± 0.0017 ·10⁺⁰³ (2.27mi) ┃ -6.6236 ± 0.0058 ·10⁺⁰³ (16.1mi) ┃Vegas input parameters:
  ndim 10
  ncomp 1
  nvec 1
  epsrel 0
  epsabs 0
  flags 10
  seed 123456
  mineval 50000000
  maxeval 50000000
  nstart 1000000
  nincrease 1000000
  nbatch 5000
  gridno 0
  statefile ""

Iteration 1:  1000000 integrand evaluations so far
[1] -8569.96 +- 4651.16  	chisq 0 (0 df)

Iteration 2:  3000000 integrand evaluations so far
[1] -1673.43 +- 2634.81  	chisq 3.23749 (1 df)

Iteration 3:  6000000 integrand evaluations so far
[1] -4142.87 +- 1136.53  	chisq 4.3167 (2 df)

Iteration 4:  10000000 integrand evaluations so far
[1] -4363.03 +- 913.286  	chisq 4.42262 (3 df)

Iteration 5:  15000000 integrand evaluations so far
[1] -3828.43 +- 764.862  	chisq 5.57007 (4 df)

Iteration 6:  21000000 integrand evaluations so far
[1] -3574.95 +- 557.169  	chisq 5.80407 (5 df)

Iteration 7:  28000000 integrand evaluations so far
[1] -3350.31 +- 507.203  	chisq 6.75293 (6 df)

Iteration 8:  36000000 integrand evaluations so far
[1] -2975.83 +- 442.675  	chisq 9.04082 (7 df)

Iteration 9:  45000000 integrand evaluations so far
[1] -2943.46 +- 436.368  	chisq 9.22987 (8 df)

Iteration 10:  55000000 integrand evaluations so far
[1] -3013.9 +- 432.357  	chisq 10.654 (9 df)
   -3.01 ±   0.43 ·10⁺⁰³ (   5mi) ┃Vegas input parameters:
  ndim 8
  ncomp 1
  nvec 1
  epsrel 0
  epsabs 0
  flags 10
  seed 123456
  mineval 5000000
  maxeval 50000000
  nstart 1000000
  nincrease 1000000
  nbatch 5000
  gridno 0
  statefile ""

Iteration 1:  1000000 integrand evaluations so far
[1] 9550.75 +- 1136.38  	chisq 0 (0 df)

Iteration 2:  3000000 integrand evaluations so far
[1] 9358.02 +- 467.951  	chisq 0.0346354 (1 df)

Iteration 3:  6000000 integrand evaluations so far
[1] 9454.23 +- 406.962  	chisq 0.208096 (2 df)

Iteration 4:  10000000 integrand evaluations so far
[1] 9575.69 +- 263.962  	chisq 0.361847 (3 df)

Iteration 5:  15000000 integrand evaluations so far
[1] 9224.32 +- 123.152  	chisq 2.62679 (4 df)

Iteration 6:  21000000 integrand evaluations so far
[1] 9251.18 +- 75.3608  	chisq 2.70286 (5 df)

Iteration 7:  28000000 integrand evaluations so far
[1] 9259.32 +- 55.3633  	chisq 2.72818 (6 df)

Iteration 8:  36000000 integrand evaluations so far
[1] 9286.39 +- 43.9607  	chisq 3.37523 (7 df)

Iteration 9:  45000000 integrand evaluations so far
[1] 9325.18 +- 36.5632  	chisq 5.90099 (8 df)

Iteration 10:  55000000 integrand evaluations so far
[1] 9311.1 +- 31.4135  	chisq 6.46705 (9 df)
   9.311 ±  0.031 ·10⁺⁰³ (1.92mi) ┃    5.65 ±   0.43 ·10⁺⁰³ (25.3mi) ┃
┃   12 -    14 ┃   42 -    43 ┃  5.8126 ± 0.0046 ·10⁺⁰³ (1.51mi) ┃ -6.4506 ± 0.0062 ·10⁺⁰³ ( 38.7s) ┃Vegas input parameters:
  ndim 10
  ncomp 1
  nvec 1
  epsrel 0
  epsabs 0
  flags 10
  seed 123456
  mineval 50000000
  maxeval 50000000
  nstart 1000000
  nincrease 1000000
  nbatch 5000
  gridno 0
  statefile ""

Iteration 1:  1000000 integrand evaluations so far
[1] -16827.7 +- 12684.5  	chisq 0 (0 df)

Iteration 2:  3000000 integrand evaluations so far
[1] -5198.57 +- 2053.58  	chisq 0.86314 (1 df)

Iteration 3:  6000000 integrand evaluations so far
[1] -2867.08 +- 1226.15  	chisq 2.86621 (2 df)

Iteration 4:  10000000 integrand evaluations so far
[1] -2502.53 +- 1129.7  	chisq 3.4511 (3 df)

Iteration 5:  15000000 integrand evaluations so far
[1] -3750.29 +- 686.301  	chisq 5.38464 (4 df)

Iteration 6:  21000000 integrand evaluations so far
[1] -3050.79 +- 624.296  	chisq 11.4057 (5 df)

Iteration 7:  28000000 integrand evaluations so far
[1] -3037.41 +- 575.093  	chisq 11.4088 (6 df)

Iteration 8:  36000000 integrand evaluations so far
[1] -2913.8 +- 510.017  	chisq 11.6251 (7 df)

Iteration 9:  45000000 integrand evaluations so far
[1] -3054.58 +- 437.174  	chisq 11.9124 (8 df)

Iteration 10:  55000000 integrand evaluations so far
[1] -3065.84 +- 391.992  	chisq 11.9158 (9 df)
   -3.07 ±   0.39 ·10⁺⁰³ (5.07mi) ┃Vegas input parameters:
  ndim 8
  ncomp 1
  nvec 1
  epsrel 0
  epsabs 0
  flags 10
  seed 123456
  mineval 5000000
  maxeval 50000000
  nstart 1000000
  nincrease 1000000
  nbatch 5000
  gridno 0
  statefile ""

Iteration 1:  1000000 integrand evaluations so far
[1] 8244.71 +- 1112.34  	chisq 0 (0 df)

Iteration 2:  3000000 integrand evaluations so far
[1] 8792.04 +- 485.964  	chisq 0.299221 (1 df)

Iteration 3:  6000000 integrand evaluations so far
[1] 8927.15 +- 233.74  	chisq 0.399796 (2 df)

Iteration 4:  10000000 integrand evaluations so far
[1] 8821.87 +- 116.886  	chisq 0.670341 (3 df)

Iteration 5:  15000000 integrand evaluations so far
[1] 9009.15 +- 87.665  	chisq 6.53847 (4 df)

Iteration 6:  21000000 integrand evaluations so far
[1] 9105 +- 66.782  	chisq 9.38674 (5 df)

Iteration 7:  28000000 integrand evaluations so far
[1] 9134.9 +- 51.0111  	chisq 9.86796 (6 df)

Iteration 8:  36000000 integrand evaluations so far
[1] 9108.65 +- 40.8288  	chisq 10.6044 (7 df)

Iteration 9:  45000000 integrand evaluations so far
[1] 9078.37 +- 34.0672  	chisq 12.4151 (8 df)

Iteration 10:  55000000 integrand evaluations so far
[1] 9068.86 +- 29.475  	chisq 12.7253 (9 df)
   9.069 ±  0.029 ·10⁺⁰³ ( 1.9mi) ┃    5.37 ±   0.39 ·10⁺⁰³ (9.13mi) ┃
┃   12 -    14 ┃   43 -    44 ┃  5.6815 ± 0.0051 ·10⁺⁰³ (2.05mi) ┃ -6.2839 ± 0.0041 ·10⁺⁰³ (30.5mi) ┃Vegas input parameters:
  ndim 10
  ncomp 1
  nvec 1
  epsrel 0
  epsabs 0
  flags 10
  seed 123456
  mineval 50000000
  maxeval 50000000
  nstart 1000000
  nincrease 1000000
  nbatch 5000
  gridno 0
  statefile ""

Iteration 1:  1000000 integrand evaluations so far
[1] -6378.99 +- 3181.02  	chisq 0 (0 df)

Iteration 2:  3000000 integrand evaluations so far
[1] -6524.21 +- 2571.96  	chisq 0.00601894 (1 df)

Iteration 3:  6000000 integrand evaluations so far
[1] -2439.63 +- 1465.18  	chisq 3.73991 (2 df)

Iteration 4:  10000000 integrand evaluations so far
[1] -2189.41 +- 752.485  	chisq 3.77952 (3 df)

Iteration 5:  15000000 integrand evaluations so far
[1] -2298.1 +- 651.859  	chisq 3.86312 (4 df)

Iteration 6:  21000000 integrand evaluations so far
[1] -2302.65 +- 562.927  	chisq 3.86331 (5 df)

Iteration 7:  28000000 integrand evaluations so far
[1] -1986.89 +- 494.414  	chisq 5.23961 (6 df)

Iteration 8:  36000000 integrand evaluations so far
[1] -2360.23 +- 456.81  	chisq 9.13627 (7 df)

Iteration 9:  45000000 integrand evaluations so far
[1] -2363.65 +- 450.375  	chisq 9.13827 (8 df)

Iteration 10:  55000000 integrand evaluations so far
[1] -2342.88 +- 447.481  	chisq 9.30426 (9 df)
   -2.34 ±   0.45 ·10⁺⁰³ (4.95mi) ┃Vegas input parameters:
  ndim 8
  ncomp 1
  nvec 1
  epsrel 0
  epsabs 0
  flags 10
  seed 123456
  mineval 5000000
  maxeval 50000000
  nstart 1000000
  nincrease 1000000
  nbatch 5000
  gridno 0
  statefile ""

Iteration 1:  1000000 integrand evaluations so far
[1] 8360.32 +- 1036.07  	chisq 0 (0 df)

Iteration 2:  3000000 integrand evaluations so far
[1] 8406.49 +- 273.462  	chisq 0.0021348 (1 df)

Iteration 3:  6000000 integrand evaluations so far
[1] 8880.66 +- 150.54  	chisq 4.31594 (2 df)

Iteration 4:  10000000 integrand evaluations so far
[1] 8716.8 +- 90.7006  	chisq 6.17587 (3 df)

Iteration 5:  15000000 integrand evaluations so far
[1] 8791.51 +- 64.5693  	chisq 7.55156 (4 df)

Iteration 6:  21000000 integrand evaluations so far
[1] 8790.01 +- 49.6312  	chisq 7.55288 (5 df)

Iteration 7:  28000000 integrand evaluations so far
[1] 8822.45 +- 40.8032  	chisq 8.87079 (6 df)

Iteration 8:  36000000 integrand evaluations so far
[1] 8852.01 +- 34.6624  	chisq 10.7567 (7 df)

Iteration 9:  45000000 integrand evaluations so far
[1] 8840.33 +- 30.0684  	chisq 11.2151 (8 df)

Iteration 10:  55000000 integrand evaluations so far
[1] 8841.16 +- 26.5654  	chisq 11.2186 (9 df)
   8.841 ±  0.027 ·10⁺⁰³ (1.93mi) ┃     5.9 ±   0.45 ·10⁺⁰³ (39.4mi) ┃
┃   12 -    14 ┃   44 -    45 ┃   5.577 ± 0.0014 ·10⁺⁰³ ( 43.1s) ┃ -6.1531 ± 0.0054 ·10⁺⁰³ (  15mi) ┃Vegas input parameters:
  ndim 10
  ncomp 1
  nvec 1
  epsrel 0
  epsabs 0
  flags 10
  seed 123456
  mineval 50000000
  maxeval 50000000
  nstart 1000000
  nincrease 1000000
  nbatch 5000
  gridno 0
  statefile ""

Iteration 1:  1000000 integrand evaluations so far
[1] -5609.53 +- 1900.79  	chisq 0 (0 df)

Iteration 2:  3000000 integrand evaluations so far
[1] -5808.11 +- 1600.35  	chisq 0.0374898 (1 df)

Iteration 3:  6000000 integrand evaluations so far
[1] -5432.05 +- 1557.94  	chisq 1.09329 (2 df)

Iteration 4:  10000000 integrand evaluations so far
[1] -6085.65 +- 1435.61  	chisq 2.25978 (3 df)

Iteration 5:  15000000 integrand evaluations so far
[1] -5170.04 +- 1327.04  	chisq 5.05483 (4 df)

Iteration 6:  21000000 integrand evaluations so far
[1] -3103.39 +- 764.702  	chisq 8.68587 (5 df)

Iteration 7:  28000000 integrand evaluations so far
[1] -2980.1 +- 585.632  	chisq 8.74874 (6 df)

Iteration 8:  36000000 integrand evaluations so far
[1] -2751.8 +- 571.335  	chisq 11.8995 (7 df)

Iteration 9:  45000000 integrand evaluations so far
[1] -2659.47 +- 506.193  	chisq 12.021 (8 df)

Iteration 10:  55000000 integrand evaluations so far
[1] -2788.06 +- 446.344  	chisq 12.311 (9 df)
   -2.79 ±   0.45 ·10⁺⁰³ (4.94mi) ┃Vegas input parameters:
  ndim 8
  ncomp 1
  nvec 1
  epsrel 0
  epsabs 0
  flags 10
  seed 123456
  mineval 5000000
  maxeval 50000000
  nstart 1000000
  nincrease 1000000
  nbatch 5000
  gridno 0
  statefile ""

Iteration 1:  1000000 integrand evaluations so far
[1] 9907.88 +- 1221.47  	chisq 0 (0 df)

Iteration 2:  3000000 integrand evaluations so far
[1] 8688.87 +- 349.456  	chisq 1.08477 (1 df)

Iteration 3:  6000000 integrand evaluations so far
[1] 8479.89 +- 139.47  	chisq 1.51016 (2 df)

Iteration 4:  10000000 integrand evaluations so far
[1] 8589.53 +- 93.9664  	chisq 2.64198 (3 df)

Iteration 5:  15000000 integrand evaluations so far
[1] 8693.42 +- 72.8451  	chisq 5.70519 (4 df)

Iteration 6:  21000000 integrand evaluations so far
[1] 8729.67 +- 61.4183  	chisq 6.56196 (5 df)

Iteration 7:  28000000 integrand evaluations so far
[1] 8777.89 +- 49.4227  	chisq 8.31024 (6 df)

Iteration 8:  36000000 integrand evaluations so far
[1] 8824.18 +- 40.1017  	chisq 10.8784 (7 df)

Iteration 9:  45000000 integrand evaluations so far
[1] 8807.41 +- 33.4889  	chisq 11.4567 (8 df)

Iteration 10:  55000000 integrand evaluations so far
[1] 8800.94 +- 28.5889  	chisq 11.5941 (9 df)
   8.801 ±  0.029 ·10⁺⁰³ (1.95mi) ┃    5.44 ±   0.45 ·10⁺⁰³ (22.6mi) ┃
┃   12 -    14 ┃   45 -    46 ┃ 5.46079 ± 0.00071 ·10⁺⁰³ ( 43.5s) ┃ -6.0424 ± 0.0034 ·10⁺⁰³ ( 7.3mi) ┃Vegas input parameters:
  ndim 10
  ncomp 1
  nvec 1
  epsrel 0
  epsabs 0
  flags 10
  seed 123456
  mineval 50000000
  maxeval 50000000
  nstart 1000000
  nincrease 1000000
  nbatch 5000
  gridno 0
  statefile ""

Iteration 1:  1000000 integrand evaluations so far
[1] 686.004 +- 2274.76  	chisq 0 (0 df)

Iteration 2:  3000000 integrand evaluations so far
[1] -146.843 +- 1724.61  	chisq 0.315253 (1 df)

Iteration 3:  6000000 integrand evaluations so far
[1] -1078.34 +- 1480.17  	chisq 1.42287 (2 df)

Iteration 4:  10000000 integrand evaluations so far
[1] -341.657 +- 1339.45  	chisq 2.7906 (3 df)

Iteration 5:  15000000 integrand evaluations so far
[1] -15.4686 +- 1075.88  	chisq 2.95773 (4 df)

Iteration 6:  21000000 integrand evaluations so far
[1] -296.381 +- 875.255  	chisq 3.15932 (5 df)

Iteration 7:  28000000 integrand evaluations so far
[1] -525.279 +- 727.854  	chisq 3.38105 (6 df)

Iteration 8:  36000000 integrand evaluations so far
[1] -559.851 +- 677.03  	chisq 3.39779 (7 df)

Iteration 9:  45000000 integrand evaluations so far
[1] -1629.66 +- 562.978  	chisq 11.4903 (8 df)

Iteration 10:  55000000 integrand evaluations so far
[1] -2208.75 +- 429.862  	chisq 14.0277 (9 df)
   -2.21 ±   0.43 ·10⁺⁰³ (4.97mi) ┃Vegas input parameters:
  ndim 8
  ncomp 1
  nvec 1
  epsrel 0
  epsabs 0
  flags 10
  seed 123456
  mineval 5000000
  maxeval 50000000
  nstart 1000000
  nincrease 1000000
  nbatch 5000
  gridno 0
  statefile ""

Iteration 1:  1000000 integrand evaluations so far
[1] 9271.19 +- 1080.44  	chisq 0 (0 df)

Iteration 2:  3000000 integrand evaluations so far
[1] 8598.54 +- 314.368  	chisq 0.42345 (1 df)

Iteration 3:  6000000 integrand evaluations so far
[1] 8491.58 +- 159.474  	chisq 0.579313 (2 df)

Iteration 4:  10000000 integrand evaluations so far
[1] 8605.44 +- 92.1495  	chisq 1.34459 (3 df)

Iteration 5:  15000000 integrand evaluations so far
[1] 8698.27 +- 70.8569  	chisq 3.82739 (4 df)

Iteration 6:  21000000 integrand evaluations so far
[1] 8675.29 +- 54.3648  	chisq 4.08317 (5 df)

Iteration 7:  28000000 integrand evaluations so far
[1] 8703.79 +- 42.3226  	chisq 4.78108 (6 df)

Iteration 8:  36000000 integrand evaluations so far
[1] 8721.75 +- 34.645  	chisq 5.3268 (7 df)

Iteration 9:  45000000 integrand evaluations so far
[1] 8711.78 +- 29.378  	chisq 5.62162 (8 df)

Iteration 10:  55000000 integrand evaluations so far
[1] 8705.86 +- 25.6132  	chisq 5.79111 (9 df)
   8.706 ±  0.026 ·10⁺⁰³ (1.91mi) ┃    5.92 ±   0.43 ·10⁺⁰³ (14.9mi) ┃
┃   12 -    14 ┃   46 -    47 ┃  5.2742 ± 0.0014 ·10⁺⁰³ (1.14mi) ┃ -5.8193 ±  0.004 ·10⁺⁰³ (6.97mi) ┃Vegas input parameters:
  ndim 10
  ncomp 1
  nvec 1
  epsrel 0
  epsabs 0
  flags 10
  seed 123456
  mineval 50000000
  maxeval 50000000
  nstart 1000000
  nincrease 1000000
  nbatch 5000
  gridno 0
  statefile ""

Iteration 1:  1000000 integrand evaluations so far
[1] -2828.81 +- 2534.98  	chisq 0 (0 df)

Iteration 2:  3000000 integrand evaluations so far
[1] -2000.6 +- 2179.62  	chisq 0.409421 (1 df)

Iteration 3:  6000000 integrand evaluations so far
[1] -3015.45 +- 1077.07  	chisq 0.696259 (2 df)

Iteration 4:  10000000 integrand evaluations so far
[1] -3300.5 +- 1054.07  	chisq 2.3539 (3 df)

Iteration 5:  15000000 integrand evaluations so far
[1] -3033.46 +- 1021.56  	chisq 3.41047 (4 df)

Iteration 6:  21000000 integrand evaluations so far
[1] -2905.09 +- 862.268  	chisq 3.46539 (5 df)

Iteration 7:  28000000 integrand evaluations so far
[1] -2510.64 +- 818.199  	chisq 5.56631 (6 df)

Iteration 8:  36000000 integrand evaluations so far
[1] -2067.97 +- 725.771  	chisq 6.93948 (7 df)

Iteration 9:  45000000 integrand evaluations so far
[1] -1980.17 +- 565.472  	chisq 6.97673 (8 df)

Iteration 10:  55000000 integrand evaluations so far
[1] -1536.6 +- 480.93  	chisq 9.20083 (9 df)
   -1.54 ±   0.48 ·10⁺⁰³ (4.98mi) ┃Vegas input parameters:
  ndim 8
  ncomp 1
  nvec 1
  epsrel 0
  epsabs 0
  flags 10
  seed 123456
  mineval 5000000
  maxeval 50000000
  nstart 1000000
  nincrease 1000000
  nbatch 5000
  gridno 0
  statefile ""

Iteration 1:  1000000 integrand evaluations so far
[1] 6095.56 +- 852.409  	chisq 0 (0 df)

Iteration 2:  3000000 integrand evaluations so far
[1] 7792.06 +- 314.278  	chisq 4.58424 (1 df)

Iteration 3:  6000000 integrand evaluations so far
[1] 8085.57 +- 161.017  	chisq 5.76683 (2 df)

Iteration 4:  10000000 integrand evaluations so far
[1] 8198.77 +- 104.205  	chisq 6.61732 (3 df)

Iteration 5:  15000000 integrand evaluations so far
[1] 8336.82 +- 72.7836  	chisq 10.0442 (4 df)

Iteration 6:  21000000 integrand evaluations so far
[1] 8418.51 +- 54.8363  	chisq 12.9578 (5 df)

Iteration 7:  28000000 integrand evaluations so far
[1] 8452.8 +- 42.746  	chisq 13.9547 (6 df)

Iteration 8:  36000000 integrand evaluations so far
[1] 8456.53 +- 34.924  	chisq 13.9775 (7 df)

Iteration 9:  45000000 integrand evaluations so far
[1] 8442.44 +- 29.1333  	chisq 14.5129 (8 df)

Iteration 10:  55000000 integrand evaluations so far
[1] 8455.93 +- 25.0627  	chisq 15.3383 (9 df)
   8.456 ±  0.025 ·10⁺⁰³ (1.89mi) ┃    6.37 ±   0.48 ·10⁺⁰³ (  15mi) ┃
┃   12 -    14 ┃   47 -    48 ┃  3.0944 ± 0.0026 ·10⁺⁰³ ( 57.1s) ┃-3.39591 ± 0.00052 ·10⁺⁰³ (12.8mi) ┃Vegas input parameters:
  ndim 10
  ncomp 1
  nvec 1
  epsrel 0
  epsabs 0
  flags 10
  seed 123456
  mineval 50000000
  maxeval 50000000
  nstart 1000000
  nincrease 1000000
  nbatch 5000
  gridno 0
  statefile ""

Iteration 1:  1000000 integrand evaluations so far
[1] -2072.56 +- 1407.34  	chisq 0 (0 df)

Iteration 2:  3000000 integrand evaluations so far
[1] -2034.8 +- 1004.69  	chisq 0.00146767 (1 df)

Iteration 3:  6000000 integrand evaluations so far
[1] -1719.02 +- 955.636  	chisq 1.03837 (2 df)

Iteration 4:  10000000 integrand evaluations so far
[1] -1237.34 +- 470.032  	chisq 1.37352 (3 df)

Iteration 5:  15000000 integrand evaluations so far
[1] -1144.43 +- 405.91  	chisq 1.52721 (4 df)

Iteration 6:  21000000 integrand evaluations so far
[1] -1132.49 +- 304.153  	chisq 1.52918 (5 df)

Iteration 7:  28000000 integrand evaluations so far
[1] -1237.74 +- 265.315  	chisq 2.02996 (6 df)

Iteration 8:  36000000 integrand evaluations so far
[1] -1236.88 +- 263.292  	chisq 2.03064 (7 df)

Iteration 9:  45000000 integrand evaluations so far
[1] -1169.8 +- 244.298  	chisq 2.49736 (8 df)

Iteration 10:  55000000 integrand evaluations so far
[1] -1127.41 +- 204.841  	chisq 2.59873 (9 df)
   -1.13 ±    0.2 ·10⁺⁰³ (4.88mi) ┃Vegas input parameters:
  ndim 8
  ncomp 1
  nvec 1
  epsrel 0
  epsabs 0
  flags 10
  seed 123456
  mineval 5000000
  maxeval 50000000
  nstart 1000000
  nincrease 1000000
  nbatch 5000
  gridno 0
  statefile ""

Iteration 1:  1000000 integrand evaluations so far
[1] 5557.36 +- 800.71  	chisq 0 (0 df)

Iteration 2:  3000000 integrand evaluations so far
[1] 4617.75 +- 259.968  	chisq 1.53932 (1 df)

Iteration 3:  6000000 integrand evaluations so far
[1] 4761.91 +- 169.314  	chisq 2.07339 (2 df)

Iteration 4:  10000000 integrand evaluations so far
[1] 4768.29 +- 84.8997  	chisq 2.07528 (3 df)

Iteration 5:  15000000 integrand evaluations so far
[1] 4866.08 +- 61.7965  	chisq 4.89723 (4 df)

Iteration 6:  21000000 integrand evaluations so far
[1] 4887.85 +- 53.6254  	chisq 5.39954 (5 df)

Iteration 7:  28000000 integrand evaluations so far
[1] 4904.85 +- 40.9543  	chisq 5.64077 (6 df)

Iteration 8:  36000000 integrand evaluations so far
[1] 4907.67 +- 30.7269  	chisq 5.65157 (7 df)

Iteration 9:  45000000 integrand evaluations so far
[1] 4930.88 +- 24.2418  	chisq 7.16316 (8 df)

Iteration 10:  55000000 integrand evaluations so far
[1] 4930.3 +- 19.7774  	chisq 7.16489 (9 df)
    4.93 ±   0.02 ·10⁺⁰³ ( 1.9mi) ┃     3.5 ±   0.21 ·10⁺⁰³ (20.6mi) ┃
┃   12 -    14 ┃   48 -    49 ┃ 1.00288 ± 0.00062 ·10⁺⁰³ ( 53.7s) ┃-1.10885 ± 0.00085 ·10⁺⁰³ (6.08mi) ┃Vegas input parameters:
  ndim 10
  ncomp 1
  nvec 1
  epsrel 0
  epsabs 0
  flags 10
  seed 123456
  mineval 50000000
  maxeval 50000000
  nstart 1000000
  nincrease 1000000
  nbatch 5000
  gridno 0
  statefile ""

Iteration 1:  1000000 integrand evaluations so far
[1] -586.882 +- 814.369  	chisq 0 (0 df)

Iteration 2:  3000000 integrand evaluations so far
[1] -437.761 +- 240.973  	chisq 0.0367474 (1 df)

Iteration 3:  6000000 integrand evaluations so far
[1] -441.709 +- 191.656  	chisq 0.037478 (2 df)

Iteration 4:  10000000 integrand evaluations so far
[1] -350.276 +- 123.198  	chisq 0.425341 (3 df)

Iteration 5:  15000000 integrand evaluations so far
[1] -349.694 +- 106.694  	chisq 0.42543 (4 df)

Iteration 6:  21000000 integrand evaluations so far
[1] -365.295 +- 105.653  	chisq 1.52641 (5 df)

Iteration 7:  28000000 integrand evaluations so far
[1] -366.835 +- 105.639  	chisq 2.31519 (6 df)

Iteration 8:  36000000 integrand evaluations so far
[1] -366.26 +- 105.637  	chisq 3.32727 (7 df)

Iteration 9:  45000000 integrand evaluations so far
[1] -331.091 +- 96.3564  	chisq 3.98709 (8 df)

Iteration 10:  55000000 integrand evaluations so far
[1] -361.356 +- 93.3569  	chisq 5.59679 (9 df)
    -361 ±     93        (5.11mi) ┃Vegas input parameters:
  ndim 8
  ncomp 1
  nvec 1
  epsrel 0
  epsabs 0
  flags 10
  seed 123456
  mineval 5000000
  maxeval 50000000
  nstart 1000000
  nincrease 1000000
  nbatch 5000
  gridno 0
  statefile ""

Iteration 1:  1000000 integrand evaluations so far
[1] 2052.13 +- 535.283  	chisq 0 (0 df)

Iteration 2:  3000000 integrand evaluations so far
[1] 961.225 +- 199.259  	chisq 4.82155 (1 df)

Iteration 3:  6000000 integrand evaluations so far
[1] 1082.87 +- 187.841  	chisq 8.16914 (2 df)

Iteration 4:  10000000 integrand evaluations so far
[1] 1330.3 +- 143.724  	chisq 12.3546 (3 df)

Iteration 5:  15000000 integrand evaluations so far
[1] 1528.29 +- 113.32  	chisq 17.3704 (4 df)

Iteration 6:  21000000 integrand evaluations so far
[1] 1494.93 +- 36.9247  	chisq 17.4673 (5 df)

Iteration 7:  28000000 integrand evaluations so far
[1] 1580.4 +- 22.0758  	chisq 25.8046 (6 df)

Iteration 8:  36000000 integrand evaluations so far
[1] 1612.97 +- 14.5354  	chisq 29.6472 (7 df)

Iteration 9:  45000000 integrand evaluations so far
[1] 1607.73 +- 10.6109  	chisq 29.9249 (8 df)

Iteration 10:  55000000 integrand evaluations so far
[1] 1613.21 +- 8.60789  	chisq 30.7028 (9 df)
  1.6132 ± 0.0086 ·10⁺⁰³ (1.95mi) ┃   1.146 ±  0.094 ·10⁺⁰³ (  14mi) ┃
┃   12 -    14 ┃   49 -    50 ┃  462.05 ±   0.25        (12.9mi) ┃ -514.76 ±   0.14        (46.6mi) ┃Vegas input parameters:
  ndim 10
  ncomp 1
  nvec 1
  epsrel 0
  epsabs 0
  flags 10
  seed 123456
  mineval 50000000
  maxeval 50000000
  nstart 1000000
  nincrease 1000000
  nbatch 5000
  gridno 0
  statefile ""

Iteration 1:  1000000 integrand evaluations so far
[1] -190.486 +- 202.18  	chisq 0 (0 df)

Iteration 2:  3000000 integrand evaluations so far
[1] -115.724 +- 179.306  	chisq 0.640544 (1 df)

Iteration 3:  6000000 integrand evaluations so far
[1] -118.956 +- 179.275  	chisq 1.57657 (2 df)

Iteration 4:  10000000 integrand evaluations so far
[1] -207.89 +- 143.364  	chisq 2.25923 (3 df)

Iteration 5:  15000000 integrand evaluations so far
[1] -361.18 +- 94.6114  	chisq 4.28454 (4 df)

Iteration 6:  21000000 integrand evaluations so far
[1] -324.867 +- 91.9095  	chisq 6.90104 (5 df)

Iteration 7:  28000000 integrand evaluations so far
[1] -267.219 +- 71.24  	chisq 7.88653 (6 df)

Iteration 8:  36000000 integrand evaluations so far
[1] -291.682 +- 65.1708  	chisq 8.60936 (7 df)

Iteration 9:  45000000 integrand evaluations so far
[1] -268.385 +- 52.2937  	chisq 8.96816 (8 df)

Iteration 10:  55000000 integrand evaluations so far
[1] -220.348 +- 32.8829  	chisq 10.3639 (9 df)
    -220 ±     33        (4.98mi) ┃Vegas input parameters:
  ndim 8
  ncomp 1
  nvec 1
  epsrel 0
  epsabs 0
  flags 10
  seed 123456
  mineval 5000000
  maxeval 50000000
  nstart 1000000
  nincrease 1000000
  nbatch 5000
  gridno 0
  statefile ""

Iteration 1:  1000000 integrand evaluations so far
[1] 990.442 +- 353.747  	chisq 0 (0 df)

Iteration 2:  3000000 integrand evaluations so far
[1] 299.931 +- 108.588  	chisq 4.20665 (1 df)

Iteration 3:  6000000 integrand evaluations so far
[1] 233.363 +- 54.4595  	chisq 4.70875 (2 df)

Iteration 4:  10000000 integrand evaluations so far
[1] 344.631 +- 44.6111  	chisq 17.3977 (3 df)

Iteration 5:  15000000 integrand evaluations so far
[1] 470.552 +- 36.1439  	chisq 40.5872 (4 df)

Iteration 6:  21000000 integrand evaluations so far
[1] 597.835 +- 24.7566  	chisq 63.9487 (5 df)

Iteration 7:  28000000 integrand evaluations so far
[1] 674.514 +- 14.6283  	chisq 78.688 (6 df)

Iteration 8:  36000000 integrand evaluations so far
[1] 717.08 +- 10.4212  	chisq 95.881 (7 df)

Iteration 9:  45000000 integrand evaluations so far
[1] 734.666 +- 6.88835  	chisq 100.938 (8 df)

Iteration 10:  55000000 integrand evaluations so far
[1] 737.7 +- 4.6904  	chisq 101.3 (9 df)
   737.7 ±    4.7        (1.92mi) ┃     465 ±     33        (1.11hr) ┃
┃   12 -    14 ┃   50 -    51 ┃ 266.598 ±  0.012        (25.3mi) ┃ -298.59 ±   0.13        (23.2mi) ┃Vegas input parameters:
  ndim 10
  ncomp 1
  nvec 1
  epsrel 0
  epsabs 0
  flags 10
  seed 123456
  mineval 50000000
  maxeval 50000000
  nstart 1000000
  nincrease 1000000
  nbatch 5000
  gridno 0
  statefile ""

Iteration 1:  1000000 integrand evaluations so far
[1] -22.5108 +- 212.657  	chisq 0 (0 df)

Iteration 2:  3000000 integrand evaluations so far
[1] 18.7983 +- 208.186  	chisq 0.906765 (1 df)

Iteration 3:  6000000 integrand evaluations so far
[1] -134.696 +- 74.5353  	chisq 1.5303 (2 df)

Iteration 4:  10000000 integrand evaluations so far
[1] -145.186 +- 62.5265  	chisq 1.59715 (3 df)

Iteration 5:  15000000 integrand evaluations so far
[1] -132.735 +- 40.5656  	chisq 1.66562 (4 df)

Iteration 6:  21000000 integrand evaluations so far
[1] -131.631 +- 20.6835  	chisq 1.66663 (5 df)

Iteration 7:  28000000 integrand evaluations so far
[1] -128.893 +- 18.9282  	chisq 1.77447 (6 df)

Iteration 8:  36000000 integrand evaluations so far
[1] -124.475 +- 16.9618  	chisq 2.05102 (7 df)

Iteration 9:  45000000 integrand evaluations so far
[1] -120.833 +- 16.398  	chisq 2.75607 (8 df)

Iteration 10:  55000000 integrand evaluations so far
[1] -118.212 +- 16.3356  	chisq 6.11992 (9 df)
    -118 ±     16        (   5mi) ┃Vegas input parameters:
  ndim 8
  ncomp 1
  nvec 1
  epsrel 0
  epsabs 0
  flags 10
  seed 123456
  mineval 5000000
  maxeval 50000000
  nstart 1000000
  nincrease 1000000
  nbatch 5000
  gridno 0
  statefile ""

Iteration 1:  1000000 integrand evaluations so far
[1] 73.4272 +- 48.1064  	chisq 0 (0 df)

Iteration 2:  3000000 integrand evaluations so far
[1] 0.352323 +- 0.133922  	chisq 2.30745 (1 df)

Iteration 3:  6000000 integrand evaluations so far
[1] 0.413332 +- 0.132852  	chisq 15.351 (2 df)

Iteration 4:  10000000 integrand evaluations so far
[1] 0.413853 +- 0.132852  	chisq 20.0349 (3 df)

Iteration 5:  15000000 integrand evaluations so far
[1] 0.420975 +- 0.132849  	chisq 78.2122 (4 df)

Iteration 6:  21000000 integrand evaluations so far
[1] 0.423735 +- 0.132848  	chisq 123.264 (5 df)

Iteration 7:  28000000 integrand evaluations so far
[1] 0.424296 +- 0.132848  	chisq 140.736 (6 df)

Iteration 8:  36000000 integrand evaluations so far
[1] 0.432937 +- 0.132847  	chisq 359.396 (7 df)

Iteration 9:  45000000 integrand evaluations so far
[1] 0.486195 +- 0.132839  	chisq 1672.6 (8 df)

Iteration 10:  55000000 integrand evaluations so far
[1] 0.699605 +- 0.132806  	chisq 6857.73 (9 df)
     0.7 ±   0.13        (2.21mi) ┃    -150 ±     16        (55.8mi) ┃
┃   12 -    14 ┃   51 -    52 ┃  166.73 ±   0.15        (12.8mi) ┃ -187.57 ±   0.13        (22.8mi) ┃Vegas input parameters:
  ndim 10
  ncomp 1
  nvec 1
  epsrel 0
  epsabs 0
  flags 10
  seed 123456
  mineval 50000000
  maxeval 50000000
  nstart 1000000
  nincrease 1000000
  nbatch 5000
  gridno 0
  statefile ""

Iteration 1:  1000000 integrand evaluations so far
[1] -199.16 +- 132.734  	chisq 0 (0 df)

Iteration 2:  3000000 integrand evaluations so far
[1] -32.5746 +- 37.2826  	chisq 1.71002 (1 df)

Iteration 3:  6000000 integrand evaluations so far
[1] -30.6026 +- 25.8769  	chisq 1.71542 (2 df)

Iteration 4:  10000000 integrand evaluations so far
[1] -47.6919 +- 21.155  	chisq 3.03044 (3 df)

Iteration 5:  15000000 integrand evaluations so far
[1] -48.183 +- 18.8408  	chisq 3.03305 (4 df)

Iteration 6:  21000000 integrand evaluations so far
[1] -45.6776 +- 17.907  	chisq 3.21597 (5 df)

Iteration 7:  28000000 integrand evaluations so far
[1] -48.0263 +- 16.5966  	chisq 3.33798 (6 df)

Iteration 8:  36000000 integrand evaluations so far
[1] -55.1552 +- 15.8919  	chisq 5.55801 (7 df)

Iteration 9:  45000000 integrand evaluations so far
[1] -58.8558 +- 14.5387  	chisq 5.89053 (8 df)

Iteration 10:  55000000 integrand evaluations so far
[1] -55.2703 +- 13.009  	chisq 6.19562 (9 df)
     -55 ±     13        (4.88mi) ┃Vegas input parameters:
  ndim 8
  ncomp 1
  nvec 1
  epsrel 0
  epsabs 0
  flags 10
  seed 123456
  mineval 5000000
  maxeval 50000000
  nstart 1000000
  nincrease 1000000
  nbatch 5000
  gridno 0
  statefile ""

Iteration 1:  1000000 integrand evaluations so far
[1] 21.4719 +- 21.4719  	chisq 0 (0 df)

Iteration 2:  3000000 integrand evaluations so far
[1] 0.0222998 +- 0.015464  	chisq 0.997924 (1 df)

Iteration 3:  6000000 integrand evaluations so far
[1] 0.0267476 +- 0.0149707  	chisq 2.31558 (2 df)

Iteration 4:  10000000 integrand evaluations so far
[1] 0.0269767 +- 0.0149704  	chisq 8.2387 (3 df)

Iteration 5:  15000000 integrand evaluations so far
[1] 0.0269974 +- 0.0149704  	chisq 12.1488 (4 df)

Iteration 6:  21000000 integrand evaluations so far
[1] 0.0275427 +- 0.0149703  	chisq 90.1429 (5 df)

Iteration 7:  28000000 integrand evaluations so far
[1] 0.0275991 +- 0.0149703  	chisq 118.953 (6 df)

Iteration 8:  36000000 integrand evaluations so far
[1] 0.0276474 +- 0.0149703  	chisq 167.395 (7 df)

Iteration 9:  45000000 integrand evaluations so far
[1] 0.0279518 +- 0.0149703  	chisq 525.367 (8 df)

Iteration 10:  55000000 integrand evaluations so far
[1] 0.0281131 +- 0.0149703  	chisq 739.878 (9 df)
   0.028 ±  0.015        (2.42mi) ┃     -76 ±     13        (  43mi) ┃
┃   12 -    14 ┃   52 -    53 ┃ 107.147 ±   0.05        (3.55mi) ┃-120.803 ±  0.036        (44.9mi) ┃Vegas input parameters:
  ndim 10
  ncomp 1
  nvec 1
  epsrel 0
  epsabs 0
  flags 10
  seed 123456
  mineval 50000000
  maxeval 50000000
  nstart 1000000
  nincrease 1000000
  nbatch 5000
  gridno 0
  statefile ""

Iteration 1:  1000000 integrand evaluations so far
[1] 1215.05 +- 1231.77  	chisq 0 (0 df)

Iteration 2:  3000000 integrand evaluations so far
[1] -0.168311 +- 0.229693  	chisq 0.973307 (1 df)

Iteration 3:  6000000 integrand evaluations so far
[1] -0.169099 +- 0.229692  	chisq 2.21407 (2 df)

Iteration 4:  10000000 integrand evaluations so far
[1] -0.169168 +- 0.229692  	chisq 2.24305 (3 df)

Iteration 5:  15000000 integrand evaluations so far
[1] -0.167897 +- 0.22969  	chisq 4.0961 (4 df)

Iteration 6:  21000000 integrand evaluations so far
[1] -0.168022 +- 0.229689  	chisq 4.13945 (5 df)

Iteration 7:  28000000 integrand evaluations so far
[1] -0.167594 +- 0.229687  	chisq 4.33422 (6 df)

Iteration 8:  36000000 integrand evaluations so far
[1] -0.174162 +- 0.229676  	chisq 12.3669 (7 df)

Iteration 9:  45000000 integrand evaluations so far
[1] -0.174736 +- 0.229675  	chisq 14.6415 (8 df)

Iteration 10:  55000000 integrand evaluations so far
[1] -0.176901 +- 0.229672  	chisq 18.0565 (9 df)
   -0.18 ±   0.23        (5.12mi) ┃Vegas input parameters:
  ndim 8
  ncomp 1
  nvec 1
  epsrel 0
  epsabs 0
  flags 10
  seed 123456
  mineval 5000000
  maxeval 50000000
  nstart 1000000
  nincrease 1000000
  nbatch 5000
  gridno 0
  statefile ""

Iteration 1:  1000000 integrand evaluations so far
[1] 102.426 +- 73.711  	chisq 0 (0 df)

Iteration 2:  3000000 integrand evaluations so far
[1] 0.0474376 +- 0.0259325  	chisq 1.92909 (1 df)

Iteration 3:  6000000 integrand evaluations so far
[1] 0.0475317 +- 0.0259324  	chisq 3.4681 (2 df)

Iteration 4:  10000000 integrand evaluations so far
[1] 0.0475991 +- 0.0259324  	chisq 7.43959 (3 df)

Iteration 5:  15000000 integrand evaluations so far
[1] 0.0478648 +- 0.0259323  	chisq 31.3757 (4 df)

Iteration 6:  21000000 integrand evaluations so far
[1] 0.0488724 +- 0.0259322  	chisq 161.858 (5 df)

Iteration 7:  28000000 integrand evaluations so far
[1] 0.0491772 +- 0.0259322  	chisq 227.628 (6 df)

Iteration 8:  36000000 integrand evaluations so far
[1] 0.0498879 +- 0.0259321  	chisq 410.575 (7 df)

Iteration 9:  45000000 integrand evaluations so far
[1] 0.0571392 +- 0.0259316  	chisq 2332.27 (8 df)

Iteration 10:  55000000 integrand evaluations so far
[1] 0.0879442 +- 0.0259293  	chisq 10378.4 (9 df)
   0.088 ±  0.026        (2.07mi) ┃  -13.74 ±   0.24        (55.6mi) ┃
┃   12 -    14 ┃   53 -    54 ┃  67.888 ±  0.063        (12.1mi) ┃ -76.862 ±  0.048        (22.3mi) ┃Vegas input parameters:
  ndim 10
  ncomp 1
  nvec 1
  epsrel 0
  epsabs 0
  flags 10
  seed 123456
  mineval 50000000
  maxeval 50000000
  nstart 1000000
  nincrease 1000000
  nbatch 5000
  gridno 0
  statefile ""

Iteration 1:  1000000 integrand evaluations so far
[1] -10.6257 +- 8.71302  	chisq 0 (0 df)

Iteration 2:  3000000 integrand evaluations so far
[1] -0.0518409 +- 0.0362749  	chisq 1.47277 (1 df)

Iteration 3:  6000000 integrand evaluations so far
[1] -0.0532492 +- 0.0362564  	chisq 2.9509 (2 df)

Iteration 4:  10000000 integrand evaluations so far
[1] -0.0533372 +- 0.0362563  	chisq 5.19401 (3 df)

Iteration 5:  15000000 integrand evaluations so far
[1] -0.0533316 +- 0.0362563  	chisq 5.69779 (4 df)

Iteration 6:  21000000 integrand evaluations so far
[1] -0.0533152 +- 0.0362563  	chisq 6.70538 (5 df)

Iteration 7:  28000000 integrand evaluations so far
[1] -0.0534981 +- 0.0362562  	chisq 13.7047 (6 df)

Iteration 8:  36000000 integrand evaluations so far
[1] -0.0537574 +- 0.0362561  	chisq 21.3018 (7 df)

Iteration 9:  45000000 integrand evaluations so far
[1] -0.0537942 +- 0.0362561  	chisq 21.7687 (8 df)

Iteration 10:  55000000 integrand evaluations so far
[1] -0.0538816 +- 0.0362561  	chisq 27.0053 (9 df)
  -0.054 ±  0.036        (5.02mi) ┃Vegas input parameters:
  ndim 8
  ncomp 1
  nvec 1
  epsrel 0
  epsabs 0
  flags 10
  seed 123456
  mineval 5000000
  maxeval 50000000
  nstart 1000000
  nincrease 1000000
  nbatch 5000
  gridno 0
  statefile ""

Iteration 1:  1000000 integrand evaluations so far
[1] 0 +- 2.22045e-19  	chisq 0 (0 df)

Iteration 2:  3000000 integrand evaluations so far
[1] 1.30057e-39 +- 2.22045e-19  	chisq 3.57752 (1 df)

Iteration 3:  6000000 integrand evaluations so far
[1] 1.91283e-37 +- 2.22045e-19  	chisq 9.36338 (2 df)

Iteration 4:  10000000 integrand evaluations so far
[1] 1.95318e-37 +- 2.22045e-19  	chisq 13.1116 (3 df)

Iteration 5:  15000000 integrand evaluations so far
[1] 2.56516e-37 +- 2.22045e-19  	chisq 50.9645 (4 df)

Iteration 6:  21000000 integrand evaluations so far
[1] 4.01147e-37 +- 2.22045e-19  	chisq 222.432 (5 df)

Iteration 7:  28000000 integrand evaluations so far
[1] 4.99553e-37 +- 2.22045e-19  	chisq 378.938 (6 df)

Iteration 8:  36000000 integrand evaluations so far
[1] 5.81127e-37 +- 2.22045e-19  	chisq 547.728 (7 df)

Iteration 9:  45000000 integrand evaluations so far
[1] 1.10913e-36 +- 2.22045e-19  	chisq 1692.46 (8 df)

Iteration 10:  55000000 integrand evaluations so far
[1] 3.18484e-36 +- 2.22045e-19  	chisq 6290.46 (9 df)
       0 ±   0.22 ·10⁻¹⁸ (2.15mi) ┃  -9.028 ±  0.087        (41.5mi) ┃
┃   12 -    14 ┃   54 -    55 ┃  40.512 ±  0.021        (  24mi) ┃ -45.926 ±  0.023        ( 1.5hr) ┃Vegas input parameters:
  ndim 10
  ncomp 1
  nvec 1
  epsrel 0
  epsabs 0
  flags 10
  seed 123456
  mineval 50000000
  maxeval 50000000
  nstart 1000000
  nincrease 1000000
  nbatch 5000
  gridno 0
  statefile ""

Iteration 1:  1000000 integrand evaluations so far
[1] -24.3147 +- 16.856  	chisq 0 (0 df)

Iteration 2:  3000000 integrand evaluations so far
[1] -0.00744621 +- 0.00528837  	chisq 2.07952 (1 df)

Iteration 3:  6000000 integrand evaluations so far
[1] -0.00741312 +- 0.00528827  	chisq 3.11793 (2 df)

Iteration 4:  10000000 integrand evaluations so far
[1] -0.00807604 +- 0.00526394  	chisq 4.82917 (3 df)

Iteration 5:  15000000 integrand evaluations so far
[1] -0.00807126 +- 0.00526394  	chisq 7.18732 (4 df)

Iteration 6:  21000000 integrand evaluations so far
[1] -0.00807398 +- 0.00526394  	chisq 7.75947 (5 df)

Iteration 7:  28000000 integrand evaluations so far
[1] -0.00807376 +- 0.00526394  	chisq 8.13965 (6 df)

Iteration 8:  36000000 integrand evaluations so far
[1] -0.00807479 +- 0.00526394  	chisq 8.50054 (7 df)

Iteration 9:  45000000 integrand evaluations so far
[1] -0.00807693 +- 0.00526394  	chisq 12.5628 (8 df)

Iteration 10:  55000000 integrand evaluations so far
[1] -0.00808539 +- 0.00526393  	chisq 18.9228 (9 df)
    -8.1 ±    5.3 ·10⁻⁰³ (5.82mi) ┃Vegas input parameters:
  ndim 8
  ncomp 1
  nvec 1
  epsrel 0
  epsabs 0
  flags 10
  seed 123456
  mineval 5000000
  maxeval 50000000
  nstart 1000000
  nincrease 1000000
  nbatch 5000
  gridno 0
  statefile ""

Iteration 1:  1000000 integrand evaluations so far
[1] 0 +- 2.22045e-19  	chisq 0 (0 df)

Iteration 2:  3000000 integrand evaluations so far
[1] 0 +- 1.28198e-19  	chisq 0 (1 df)

Iteration 3:  6000000 integrand evaluations so far
[1] 1.14497e-39 +- 1.28198e-19  	chisq 1 (2 df)

Iteration 4:  10000000 integrand evaluations so far
[1] 1.30651e-36 +- 1.28198e-19  	chisq 3.1463 (3 df)

Iteration 5:  15000000 integrand evaluations so far
[1] 1.67119e-36 +- 1.28198e-19  	chisq 8.67626 (4 df)

Iteration 6:  21000000 integrand evaluations so far
[1] 1.71273e-36 +- 1.28198e-19  	chisq 19.5871 (5 df)

Iteration 7:  28000000 integrand evaluations so far
[1] 1.76534e-36 +- 1.28198e-19  	chisq 83.4986 (6 df)

Iteration 8:  36000000 integrand evaluations so far
[1] 1.76597e-36 +- 1.28198e-19  	chisq 86.6609 (7 df)

Iteration 9:  45000000 integrand evaluations so far
[1] 1.7869e-36 +- 1.28198e-19  	chisq 131.394 (8 df)

Iteration 10:  55000000 integrand evaluations so far
[1] 1.79087e-36 +- 1.28198e-19  	chisq 146.599 (9 df)
       0 ±   0.13 ·10⁻¹⁸ (3.75mi) ┃  -5.422 ±  0.032        (2.06hr) ┃
┃   12 -    14 ┃   55 -    56 ┃ 20.4906 ± 0.0029        (  14mi) ┃ -23.356 ±  0.011        (11.2mi) ┃Vegas input parameters:
  ndim 10
  ncomp 1
  nvec 1
  epsrel 0
  epsabs 0
  flags 10
  seed 123456
  mineval 50000000
  maxeval 50000000
  nstart 1000000
  nincrease 1000000
  nbatch 5000
  gridno 0
  statefile ""

Iteration 1:  1000000 integrand evaluations so far
[1] 2.14836 +- 4.37577  	chisq 0 (0 df)

Iteration 2:  3000000 integrand evaluations so far
[1] -1.56109e-05 +- 3.79221e-05  	chisq 0.241053 (1 df)

Iteration 3:  6000000 integrand evaluations so far
[1] -1.56278e-05 +- 3.79221e-05  	chisq 0.544374 (2 df)

Iteration 4:  10000000 integrand evaluations so far
[1] -1.56552e-05 +- 3.79221e-05  	chisq 2.75253 (3 df)

Iteration 5:  15000000 integrand evaluations so far
[1] -1.56567e-05 +- 3.79221e-05  	chisq 6.88338 (4 df)

Iteration 6:  21000000 integrand evaluations so far
[1] -1.56573e-05 +- 3.79221e-05  	chisq 7.8061 (5 df)

Iteration 7:  28000000 integrand evaluations so far
[1] -1.56572e-05 +- 3.79221e-05  	chisq 9.69349 (6 df)

Iteration 8:  36000000 integrand evaluations so far
[1] -1.56577e-05 +- 3.79221e-05  	chisq 12.4733 (7 df)

Iteration 9:  45000000 integrand evaluations so far
[1] -1.56578e-05 +- 3.79221e-05  	chisq 15.199 (8 df)

Iteration 10:  55000000 integrand evaluations so far
[1] -1.56591e-05 +- 3.79221e-05  	chisq 21.0007 (9 df)
  -0.016 ±  0.038 ·10⁻⁰³ (5.27mi) ┃Vegas input parameters:
  ndim 8
  ncomp 1
  nvec 1
  epsrel 0
  epsabs 0
  flags 10
  seed 123456
  mineval 5000000
  maxeval 50000000
  nstart 1000000
  nincrease 1000000
  nbatch 5000
  gridno 0
  statefile ""

Iteration 1:  1000000 integrand evaluations so far
[1] 0 +- 2.22045e-19  	chisq 0 (0 df)

Iteration 2:  3000000 integrand evaluations so far
[1] 0 +- 1.28198e-19  	chisq 0 (1 df)

Iteration 3:  6000000 integrand evaluations so far
[1] 0 +- 9.06494e-20  	chisq 0 (2 df)

Iteration 4:  10000000 integrand evaluations so far
[1] 2.63906e-40 +- 9.06494e-20  	chisq 1 (3 df)

Iteration 5:  15000000 integrand evaluations so far
[1] 1.94036e-37 +- 9.06494e-20  	chisq 2.04006 (4 df)

Iteration 6:  21000000 integrand evaluations so far
[1] 3.5527e-37 +- 9.06494e-20  	chisq 5.88659 (5 df)

Iteration 7:  28000000 integrand evaluations so far
[1] 3.68083e-37 +- 9.06494e-20  	chisq 15.5665 (6 df)

Iteration 8:  36000000 integrand evaluations so far
[1] 3.7184e-37 +- 9.06494e-20  	chisq 25.1555 (7 df)

Iteration 9:  45000000 integrand evaluations so far
[1] 3.7356e-37 +- 9.06494e-20  	chisq 33.1701 (8 df)

Iteration 10:  55000000 integrand evaluations so far
[1] 3.74003e-37 +- 9.06494e-20  	chisq 38.393 (9 df)
       0 ±  0.091 ·10⁻¹⁸ (2.48mi) ┃  -2.865 ±  0.012        (32.9mi) ┃
┃   12 -    14 ┃   56 -    57 ┃  5.8344 ± 0.0048        (  25mi) ┃ -6.6206 ±  0.005        (1.47hr) ┃Vegas input parameters:
  ndim 10
  ncomp 1
  nvec 1
  epsrel 0
  epsabs 0
  flags 10
  seed 123456
  mineval 50000000
  maxeval 50000000
  nstart 1000000
  nincrease 1000000
  nbatch 5000
  gridno 0
  statefile ""

Iteration 1:  1000000 integrand evaluations so far
[1] -20.0956 +- 20.0956  	chisq 0 (0 df)

Iteration 2:  3000000 integrand evaluations so far
[1] 0.00582061 +- 0.00586062  	chisq 1.00058 (1 df)

Iteration 3:  6000000 integrand evaluations so far
[1] 4.68602e-05 +- 3.33692e-05  	chisq 1.97119 (2 df)

Iteration 4:  10000000 integrand evaluations so far
[1] 4.69008e-05 +- 3.33692e-05  	chisq 2.9213 (3 df)

Iteration 5:  15000000 integrand evaluations so far
[1] 4.68995e-05 +- 3.33692e-05  	chisq 4.72984 (4 df)

Iteration 6:  21000000 integrand evaluations so far
[1] 4.68946e-05 +- 3.33692e-05  	chisq 7.16952 (5 df)

Iteration 7:  28000000 integrand evaluations so far
[1] 4.68944e-05 +- 3.33692e-05  	chisq 9.13369 (6 df)

Iteration 8:  36000000 integrand evaluations so far
[1] 4.68944e-05 +- 3.33692e-05  	chisq 9.135 (7 df)

Iteration 9:  45000000 integrand evaluations so far
[1] 4.68944e-05 +- 3.33692e-05  	chisq 9.13518 (8 df)

Iteration 10:  55000000 integrand evaluations so far
[1] 4.68937e-05 +- 3.33692e-05  	chisq 11.6063 (9 df)
   0.047 ±  0.033 ·10⁻⁰³ (5.99mi) ┃Vegas input parameters:
  ndim 8
  ncomp 1
  nvec 1
  epsrel 0
  epsabs 0
  flags 10
  seed 123456
  mineval 5000000
  maxeval 50000000
  nstart 1000000
  nincrease 1000000
  nbatch 5000
  gridno 0
  statefile ""

Iteration 1:  1000000 integrand evaluations so far
[1] 0 +- 2.22045e-19  	chisq 0 (0 df)

Iteration 2:  3000000 integrand evaluations so far
[1] 0 +- 1.28198e-19  	chisq 0 (1 df)

Iteration 3:  6000000 integrand evaluations so far
[1] 2.2612e-39 +- 1.28198e-19  	chisq 1 (2 df)

Iteration 4:  10000000 integrand evaluations so far
[1] 1.13165e-33 +- 1.28198e-19  	chisq 20.1754 (3 df)

Iteration 5:  15000000 integrand evaluations so far
[1] 1.13341e-33 +- 1.28198e-19  	chisq 24.7363 (4 df)

Iteration 6:  21000000 integrand evaluations so far
[1] 1.13353e-33 +- 1.28198e-19  	chisq 28.9418 (5 df)

Iteration 7:  28000000 integrand evaluations so far
[1] 1.13371e-33 +- 1.28198e-19  	chisq 59.7512 (6 df)

Iteration 8:  36000000 integrand evaluations so far
[1] 1.13372e-33 +- 1.28198e-19  	chisq 64.5617 (7 df)

Iteration 9:  45000000 integrand evaluations so far
[1] 1.13385e-33 +- 1.28198e-19  	chisq 123.96 (8 df)

Iteration 10:  55000000 integrand evaluations so far
[1] 1.13389e-33 +- 1.28198e-19  	chisq 152.402 (9 df)
       0 ±   0.13 ·10⁻¹⁸ (3.63mi) ┃ -0.7861 ± 0.0069        (2.05hr) ┃
┃   12 -    14 ┃   57 -    58 ┃ 0.19248 ± 0.00011        ( 6.3hr) ┃-0.21722 ± 0.00021        (5.75hr) ┃Vegas input parameters:
  ndim 10
  ncomp 1
  nvec 1
  epsrel 0
  epsabs 0
  flags 10
  seed 123456
  mineval 50000000
  maxeval 50000000
  nstart 1000000
  nincrease 1000000
  nbatch 5000
  gridno 0
  statefile ""

Iteration 1:  1000000 integrand evaluations so far
[1] 0 +- 2.22045e-19  	chisq 0 (0 df)

Iteration 2:  3000000 integrand evaluations so far
[1] 0 +- 1.28198e-19  	chisq 0 (1 df)

Iteration 3:  6000000 integrand evaluations so far
[1] 0 +- 9.06494e-20  	chisq 0 (2 df)

Iteration 4:  10000000 integrand evaluations so far
[1] 0 +- 7.02167e-20  	chisq 0 (3 df)

Iteration 5:  15000000 integrand evaluations so far
[1] 0 +- 5.73317e-20  	chisq 0 (4 df)

Iteration 6:  21000000 integrand evaluations so far
[1] 0 +- 4.84541e-20  	chisq 0 (5 df)

Iteration 7:  28000000 integrand evaluations so far
[1] 0 +- 4.19625e-20  	chisq 0 (6 df)

Iteration 8:  36000000 integrand evaluations so far
[1] 0 +- 3.70074e-20  	chisq 0 (7 df)

Iteration 9:  45000000 integrand evaluations so far
[1] 0 +- 3.31005e-20  	chisq 0 (8 df)

Iteration 10:  55000000 integrand evaluations so far
[1] 0 +- 2.99405e-20  	chisq 0 (9 df)
       0 ±   0.03 ·10⁻¹⁸ (4.62mi) ┃Vegas input parameters:
  ndim 8
  ncomp 1
  nvec 1
  epsrel 0
  epsabs 0
  flags 10
  seed 123456
  mineval 5000000
  maxeval 50000000
  nstart 1000000
  nincrease 1000000
  nbatch 5000
  gridno 0
  statefile ""

Iteration 1:  1000000 integrand evaluations so far
[1] 0 +- 2.22045e-19  	chisq 0 (0 df)

Iteration 2:  3000000 integrand evaluations so far
[1] 0 +- 1.28198e-19  	chisq 0 (1 df)

Iteration 3:  6000000 integrand evaluations so far
[1] 0 +- 9.06494e-20  	chisq 0 (2 df)

Iteration 4:  10000000 integrand evaluations so far
[1] 0 +- 7.02167e-20  	chisq 0 (3 df)

Iteration 5:  15000000 integrand evaluations so far
[1] 0 +- 5.73317e-20  	chisq 0 (4 df)

Iteration 6:  21000000 integrand evaluations so far
[1] 0 +- 4.84541e-20  	chisq 0 (5 df)

Iteration 7:  28000000 integrand evaluations so far
[1] 0 +- 4.19625e-20  	chisq 0 (6 df)

Iteration 8:  36000000 integrand evaluations so far
[1] 0 +- 3.70074e-20  	chisq 0 (7 df)

Iteration 9:  45000000 integrand evaluations so far
[1] 0 +- 3.31005e-20  	chisq 0 (8 df)

Iteration 10:  55000000 integrand evaluations so far
[1] 0 +- 2.99405e-20  	chisq 0 (9 df)
       0 ±   0.03 ·10⁻¹⁸ (1.76mi) ┃-0.02474 ± 0.00024        (12.2hr) ┃
┃   12 -    14 ┃   58 -    59 ┃       0 ±      0        ( 1.37s) ┃       0 ±      0        ( 345ms) ┃Vegas input parameters:
  ndim 10
  ncomp 1
  nvec 1
  epsrel 0
  epsabs 0
  flags 10
  seed 123456
  mineval 50000000
  maxeval 50000000
  nstart 1000000
  nincrease 1000000
  nbatch 5000
  gridno 0
  statefile ""

Iteration 1:  1000000 integrand evaluations so far
[1] 0 +- 2.22045e-19  	chisq 0 (0 df)

Iteration 2:  3000000 integrand evaluations so far
[1] 0 +- 1.28198e-19  	chisq 0 (1 df)

Iteration 3:  6000000 integrand evaluations so far
[1] 0 +- 9.06494e-20  	chisq 0 (2 df)

Iteration 4:  10000000 integrand evaluations so far
[1] 0 +- 7.02167e-20  	chisq 0 (3 df)

Iteration 5:  15000000 integrand evaluations so far
[1] 0 +- 5.73317e-20  	chisq 0 (4 df)

Iteration 6:  21000000 integrand evaluations so far
[1] 0 +- 4.84541e-20  	chisq 0 (5 df)

Iteration 7:  28000000 integrand evaluations so far
[1] 0 +- 4.19625e-20  	chisq 0 (6 df)

Iteration 8:  36000000 integrand evaluations so far
[1] 0 +- 3.70074e-20  	chisq 0 (7 df)

Iteration 9:  45000000 integrand evaluations so far
[1] 0 +- 3.31005e-20  	chisq 0 (8 df)

Iteration 10:  55000000 integrand evaluations so far
[1] 0 +- 2.99405e-20  	chisq 0 (9 df)
       0 ±   0.03 ·10⁻¹⁸ (4.52mi) ┃Vegas input parameters:
  ndim 8
  ncomp 1
  nvec 1
  epsrel 0
  epsabs 0
  flags 10
  seed 123456
  mineval 5000000
  maxeval 50000000
  nstart 1000000
  nincrease 1000000
  nbatch 5000
  gridno 0
  statefile ""

Iteration 1:  1000000 integrand evaluations so far
[1] 0 +- 2.22045e-19  	chisq 0 (0 df)

Iteration 2:  3000000 integrand evaluations so far
[1] 0 +- 1.28198e-19  	chisq 0 (1 df)

Iteration 3:  6000000 integrand evaluations so far
[1] 0 +- 9.06494e-20  	chisq 0 (2 df)

Iteration 4:  10000000 integrand evaluations so far
[1] 0 +- 7.02167e-20  	chisq 0 (3 df)

Iteration 5:  15000000 integrand evaluations so far
[1] 0 +- 5.73317e-20  	chisq 0 (4 df)

Iteration 6:  21000000 integrand evaluations so far
[1] 0 +- 4.84541e-20  	chisq 0 (5 df)

Iteration 7:  28000000 integrand evaluations so far
[1] 0 +- 4.19625e-20  	chisq 0 (6 df)

Iteration 8:  36000000 integrand evaluations so far
[1] 0 +- 3.70074e-20  	chisq 0 (7 df)

Iteration 9:  45000000 integrand evaluations so far
[1] 0 +- 3.31005e-20  	chisq 0 (8 df)

Iteration 10:  55000000 integrand evaluations so far
[1] 0 +- 2.99405e-20  	chisq 0 (9 df)
       0 ±   0.03 ·10⁻¹⁸ (1.75mi) ┃       0 ±  0.042 ·10⁻¹⁸ ( 6.3mi) ┃
┃   12 -    14 ┃   59 -    60 ┃       0 ±      0        ( 1.53s) ┃       0 ±      0        ( 354ms) ┃Vegas input parameters:
  ndim 10
  ncomp 1
  nvec 1
  epsrel 0
  epsabs 0
  flags 10
  seed 123456
  mineval 50000000
  maxeval 50000000
  nstart 1000000
  nincrease 1000000
  nbatch 5000
  gridno 0
  statefile ""

Iteration 1:  1000000 integrand evaluations so far
[1] 0 +- 2.22045e-19  	chisq 0 (0 df)

Iteration 2:  3000000 integrand evaluations so far
[1] 0 +- 1.28198e-19  	chisq 0 (1 df)

Iteration 3:  6000000 integrand evaluations so far
[1] 0 +- 9.06494e-20  	chisq 0 (2 df)

Iteration 4:  10000000 integrand evaluations so far
[1] 0 +- 7.02167e-20  	chisq 0 (3 df)

Iteration 5:  15000000 integrand evaluations so far
[1] 0 +- 5.73317e-20  	chisq 0 (4 df)

Iteration 6:  21000000 integrand evaluations so far
[1] 0 +- 4.84541e-20  	chisq 0 (5 df)

Iteration 7:  28000000 integrand evaluations so far
[1] 0 +- 4.19625e-20  	chisq 0 (6 df)

Iteration 8:  36000000 integrand evaluations so far
[1] 0 +- 3.70074e-20  	chisq 0 (7 df)

Iteration 9:  45000000 integrand evaluations so far
[1] 0 +- 3.31005e-20  	chisq 0 (8 df)

Iteration 10:  55000000 integrand evaluations so far
[1] 0 +- 2.99405e-20  	chisq 0 (9 df)
       0 ±   0.03 ·10⁻¹⁸ (4.64mi) ┃Vegas input parameters:
  ndim 8
  ncomp 1
  nvec 1
  epsrel 0
  epsabs 0
  flags 10
  seed 123456
  mineval 5000000
  maxeval 50000000
  nstart 1000000
  nincrease 1000000
  nbatch 5000
  gridno 0
  statefile ""

Iteration 1:  1000000 integrand evaluations so far
[1] 0 +- 2.22045e-19  	chisq 0 (0 df)

Iteration 2:  3000000 integrand evaluations so far
[1] 0 +- 1.28198e-19  	chisq 0 (1 df)

Iteration 3:  6000000 integrand evaluations so far
[1] 0 +- 9.06494e-20  	chisq 0 (2 df)

Iteration 4:  10000000 integrand evaluations so far
[1] 0 +- 7.02167e-20  	chisq 0 (3 df)

Iteration 5:  15000000 integrand evaluations so far
[1] 0 +- 5.73317e-20  	chisq 0 (4 df)

Iteration 6:  21000000 integrand evaluations so far
[1] 0 +- 4.84541e-20  	chisq 0 (5 df)

Iteration 7:  28000000 integrand evaluations so far
[1] 0 +- 4.19625e-20  	chisq 0 (6 df)

Iteration 8:  36000000 integrand evaluations so far
[1] 0 +- 3.70074e-20  	chisq 0 (7 df)

Iteration 9:  45000000 integrand evaluations so far
[1] 0 +- 3.31005e-20  	chisq 0 (8 df)

Iteration 10:  55000000 integrand evaluations so far
[1] 0 +- 2.99405e-20  	chisq 0 (9 df)
       0 ±   0.03 ·10⁻¹⁸ (1.75mi) ┃       0 ±  0.042 ·10⁻¹⁸ (6.42mi) ┃
┃   14 -    16 ┃   25 -    26 ┃  1.9823 ± 0.0013 ·10⁺⁰³ ( 10.1s) ┃ -2.1336 ± 0.0018 ·10⁺⁰³ (7.44mi) ┃Vegas input parameters:
  ndim 10
  ncomp 1
  nvec 1
  epsrel 0
  epsabs 0
  flags 10
  seed 123456
  mineval 50000000
  maxeval 50000000
  nstart 1000000
  nincrease 1000000
  nbatch 5000
  gridno 0
  statefile ""

Iteration 1:  1000000 integrand evaluations so far
[1] 1755.1 +- 2918.18  	chisq 0 (0 df)

Iteration 2:  3000000 integrand evaluations so far
[1] -337.78 +- 475.949  	chisq 0.528412 (1 df)

Iteration 3:  6000000 integrand evaluations so far
[1] -519.354 +- 412.913  	chisq 1.11683 (2 df)

Iteration 4:  10000000 integrand evaluations so far
[1] -670.337 +- 347.136  	chisq 1.57279 (3 df)

Iteration 5:  15000000 integrand evaluations so far
[1] -612.09 +- 276.575  	chisq 1.64988 (4 df)

Iteration 6:  21000000 integrand evaluations so far
[1] -669.013 +- 272.349  	chisq 3.04667 (5 df)

Iteration 7:  28000000 integrand evaluations so far
[1] -639.867 +- 270.363  	chisq 3.83476 (6 df)

Iteration 8:  36000000 integrand evaluations so far
[1] -691.32 +- 261.629  	chisq 4.40454 (7 df)

Iteration 9:  45000000 integrand evaluations so far
[1] -721.399 +- 260.637  	chisq 6.15064 (8 df)

Iteration 10:  55000000 integrand evaluations so far
[1] -983.346 +- 231.988  	chisq 11.0125 (9 df)
    -980 ±    230        (4.83mi) ┃Vegas input parameters:
  ndim 8
  ncomp 1
  nvec 1
  epsrel 0
  epsabs 0
  flags 10
  seed 123456
  mineval 5000000
  maxeval 50000000
  nstart 1000000
  nincrease 1000000
  nbatch 5000
  gridno 0
  statefile ""

Iteration 1:  1000000 integrand evaluations so far
[1] 2485.33 +- 517.14  	chisq 0 (0 df)

Iteration 2:  3000000 integrand evaluations so far
[1] 1348.7 +- 126.434  	chisq 5.138 (1 df)

Iteration 3:  6000000 integrand evaluations so far
[1] 1468.84 +- 119.385  	chisq 13.4685 (2 df)

Iteration 4:  10000000 integrand evaluations so far
[1] 1925.67 +- 87.3771  	chisq 45.0013 (3 df)

Iteration 5:  15000000 integrand evaluations so far
[1] 2289.83 +- 55.4857  	chisq 74.1079 (4 df)

Iteration 6:  21000000 integrand evaluations so far
[1] 2471.63 +- 40.0406  	chisq 96.5094 (5 df)

Iteration 7:  28000000 integrand evaluations so far
[1] 2563.48 +- 35.6148  	chisq 121.707 (6 df)

Iteration 8:  36000000 integrand evaluations so far
[1] 2660.43 +- 27.4049  	chisq 139.875 (7 df)

Iteration 9:  45000000 integrand evaluations so far
[1] 2753.03 +- 20.564  	chisq 166.003 (8 df)

Iteration 10:  55000000 integrand evaluations so far
[1] 2782.64 +- 15.8388  	chisq 171.102 (9 df)
   2.783 ±  0.016 ·10⁺⁰³ (1.85mi) ┃    1.65 ±   0.23 ·10⁺⁰³ (14.3mi) ┃
┃   14 -    16 ┃   26 -    27 ┃  2.2184 ± 0.0021 ·10⁺⁰³ ( 39.4s) ┃-2.36273 ± 0.00093 ·10⁺⁰³ (7.86mi) ┃Vegas input parameters:
  ndim 10
  ncomp 1
  nvec 1
  epsrel 0
  epsabs 0
  flags 10
  seed 123456
  mineval 50000000
  maxeval 50000000
  nstart 1000000
  nincrease 1000000
  nbatch 5000
  gridno 0
  statefile ""

Iteration 1:  1000000 integrand evaluations so far
[1] 1101.27 +- 3437.98  	chisq 0 (0 df)

Iteration 2:  3000000 integrand evaluations so far
[1] 2142.23 +- 2836.12  	chisq 0.286957 (1 df)

Iteration 3:  6000000 integrand evaluations so far
[1] -980.176 +- 801.634  	chisq 1.60427 (2 df)

Iteration 4:  10000000 integrand evaluations so far
[1] -911.749 +- 514.053  	chisq 1.61665 (3 df)

Iteration 5:  15000000 integrand evaluations so far
[1] -466.918 +- 359.003  	chisq 3.07842 (4 df)

Iteration 6:  21000000 integrand evaluations so far
[1] -226.954 +- 313.161  	chisq 4.94717 (5 df)

Iteration 7:  28000000 integrand evaluations so far
[1] -488.546 +- 291.317  	chisq 10.1295 (6 df)

Iteration 8:  36000000 integrand evaluations so far
[1] -645.02 +- 263.574  	chisq 11.72 (7 df)

Iteration 9:  45000000 integrand evaluations so far
[1] -598.127 +- 256.45  	chisq 12.3135 (8 df)

Iteration 10:  55000000 integrand evaluations so far
[1] -610.887 +- 254.169  	chisq 12.4533 (9 df)
    -610 ±    250        (4.82mi) ┃Vegas input parameters:
  ndim 8
  ncomp 1
  nvec 1
  epsrel 0
  epsabs 0
  flags 10
  seed 123456
  mineval 5000000
  maxeval 50000000
  nstart 1000000
  nincrease 1000000
  nbatch 5000
  gridno 0
  statefile ""

Iteration 1:  1000000 integrand evaluations so far
[1] 2678.26 +- 557.358  	chisq 0 (0 df)

Iteration 2:  3000000 integrand evaluations so far
[1] 2053.19 +- 253.381  	chisq 1.58539 (1 df)

Iteration 3:  6000000 integrand evaluations so far
[1] 2112.91 +- 154.107  	chisq 1.67354 (2 df)

Iteration 4:  10000000 integrand evaluations so far
[1] 2353.46 +- 130.101  	chisq 10.1546 (3 df)

Iteration 5:  15000000 integrand evaluations so far
[1] 2422.96 +- 125.391  	chisq 14.1694 (4 df)

Iteration 6:  21000000 integrand evaluations so far
[1] 2680.93 +- 92.2771  	chisq 23.4017 (5 df)

Iteration 7:  28000000 integrand evaluations so far
[1] 2904.79 +- 58.2563  	chisq 33.1875 (6 df)

Iteration 8:  36000000 integrand evaluations so far
[1] 3034.54 +- 35.3135  	chisq 41.0297 (7 df)

Iteration 9:  45000000 integrand evaluations so far
[1] 3103.61 +- 26.445  	chisq 49.7384 (8 df)

Iteration 10:  55000000 integrand evaluations so far
[1] 3153.15 +- 21.1367  	chisq 59.4556 (9 df)
   3.153 ±  0.021 ·10⁺⁰³ (1.89mi) ┃     2.4 ±   0.26 ·10⁺⁰³ (15.2mi) ┃
┃   14 -    16 ┃   27 -    28 ┃  2.4955 ±  0.002 ·10⁺⁰³ ( 10.6s) ┃ -2.6539 ± 0.0018 ·10⁺⁰³ (3.98mi) ┃Vegas input parameters:
  ndim 10
  ncomp 1
  nvec 1
  epsrel 0
  epsabs 0
  flags 10
  seed 123456
  mineval 50000000
  maxeval 50000000
  nstart 1000000
  nincrease 1000000
  nbatch 5000
  gridno 0
  statefile ""

Iteration 1:  1000000 integrand evaluations so far
[1] 1602.69 +- 2474.41  	chisq 0 (0 df)

Iteration 2:  3000000 integrand evaluations so far
[1] 2027.74 +- 1670.21  	chisq 0.0542037 (1 df)

Iteration 3:  6000000 integrand evaluations so far
[1] 395.221 +- 1202.25  	chisq 2.03688 (2 df)

Iteration 4:  10000000 integrand evaluations so far
[1] -930.755 +- 564.822  	chisq 3.59781 (3 df)

Iteration 5:  15000000 integrand evaluations so far
[1] -1035.31 +- 550.911  	chisq 4.30219 (4 df)

Iteration 6:  21000000 integrand evaluations so far
[1] -905.925 +- 508.97  	chisq 4.67881 (5 df)

Iteration 7:  28000000 integrand evaluations so far
[1] -1402.87 +- 320.473  	chisq 6.25836 (6 df)

Iteration 8:  36000000 integrand evaluations so far
[1] -1167.99 +- 233.451  	chisq 7.40288 (7 df)

Iteration 9:  45000000 integrand evaluations so far
[1] -924.423 +- 186.068  	chisq 10.3873 (8 df)

Iteration 10:  55000000 integrand evaluations so far
[1] -919.384 +- 159.016  	chisq 10.3901 (9 df)
    -920 ±    160        ( 4.8mi) ┃Vegas input parameters:
  ndim 8
  ncomp 1
  nvec 1
  epsrel 0
  epsabs 0
  flags 10
  seed 123456
  mineval 5000000
  maxeval 50000000
  nstart 1000000
  nincrease 1000000
  nbatch 5000
  gridno 0
  statefile ""

Iteration 1:  1000000 integrand evaluations so far
[1] 3757.5 +- 853.358  	chisq 0 (0 df)

Iteration 2:  3000000 integrand evaluations so far
[1] 1933.25 +- 170.102  	chisq 4.75896 (1 df)

Iteration 3:  6000000 integrand evaluations so far
[1] 2268.42 +- 141.338  	chisq 17.299 (2 df)

Iteration 4:  10000000 integrand evaluations so far
[1] 2736.16 +- 104.209  	chisq 41.296 (3 df)

Iteration 5:  15000000 integrand evaluations so far
[1] 3119.41 +- 64.6282  	chisq 63.2755 (4 df)

Iteration 6:  21000000 integrand evaluations so far
[1] 3232.03 +- 38.4096  	chisq 67.9702 (5 df)

Iteration 7:  28000000 integrand evaluations so far
[1] 3284.11 +- 31.7502  	chisq 73.7756 (6 df)

Iteration 8:  36000000 integrand evaluations so far
[1] 3344.07 +- 26.0719  	chisq 84.728 (7 df)

Iteration 9:  45000000 integrand evaluations so far
[1] 3414.66 +- 22.0637  	chisq 110.549 (8 df)

Iteration 10:  55000000 integrand evaluations so far
[1] 3456.77 +- 19.0857  	chisq 125.024 (9 df)
   3.457 ±  0.019 ·10⁺⁰³ (1.87mi) ┃    2.38 ±   0.16 ·10⁺⁰³ (10.8mi) ┃
┃   14 -    16 ┃   28 -    29 ┃  2.7871 ± 0.0019 ·10⁺⁰³ ( 16.8s) ┃ -2.9866 ± 0.0029 ·10⁺⁰³ (2.02mi) ┃Vegas input parameters:
  ndim 10
  ncomp 1
  nvec 1
  epsrel 0
  epsabs 0
  flags 10
  seed 123456
  mineval 50000000
  maxeval 50000000
  nstart 1000000
  nincrease 1000000
  nbatch 5000
  gridno 0
  statefile ""

Iteration 1:  1000000 integrand evaluations so far
[1] -461.446 +- 2328.8  	chisq 0 (0 df)

Iteration 2:  3000000 integrand evaluations so far
[1] -720.041 +- 1259.07  	chisq 0.0174231 (1 df)

Iteration 3:  6000000 integrand evaluations so far
[1] -1047.9 +- 1191.58  	chisq 0.667351 (2 df)

Iteration 4:  10000000 integrand evaluations so far
[1] -523.89 +- 895.657  	chisq 1.11191 (3 df)

Iteration 5:  15000000 integrand evaluations so far
[1] -273.56 +- 601.346  	chisq 1.25414 (4 df)

Iteration 6:  21000000 integrand evaluations so far
[1] -859.571 +- 507.051  	chisq 4.53983 (5 df)

Iteration 7:  28000000 integrand evaluations so far
[1] -1013.79 +- 477.817  	chisq 5.36584 (6 df)

Iteration 8:  36000000 integrand evaluations so far
[1] -988.125 +- 477.14  	chisq 6.38388 (7 df)

Iteration 9:  45000000 integrand evaluations so far
[1] -949.999 +- 475.52  	chisq 7.32568 (8 df)

Iteration 10:  55000000 integrand evaluations so far
[1] -1039.47 +- 464.223  	chisq 8.07974 (9 df)
   -1.04 ±   0.46 ·10⁺⁰³ (4.84mi) ┃Vegas input parameters:
  ndim 8
  ncomp 1
  nvec 1
  epsrel 0
  epsabs 0
  flags 10
  seed 123456
  mineval 5000000
  maxeval 50000000
  nstart 1000000
  nincrease 1000000
  nbatch 5000
  gridno 0
  statefile ""

Iteration 1:  1000000 integrand evaluations so far
[1] 4016.54 +- 747.068  	chisq 0 (0 df)

Iteration 2:  3000000 integrand evaluations so far
[1] 4059.25 +- 527.071  	chisq 0.00650778 (1 df)

Iteration 3:  6000000 integrand evaluations so far
[1] 4153.9 +- 404.218  	chisq 0.0848013 (2 df)

Iteration 4:  10000000 integrand evaluations so far
[1] 3829.46 +- 229.878  	chisq 1.03695 (3 df)

Iteration 5:  15000000 integrand evaluations so far
[1] 3958.82 +- 144.561  	chisq 1.56072 (4 df)

Iteration 6:  21000000 integrand evaluations so far
[1] 3939.76 +- 70.1204  	chisq 1.58344 (5 df)

Iteration 7:  28000000 integrand evaluations so far
[1] 3976.8 +- 51.678  	chisq 2.19415 (6 df)

Iteration 8:  36000000 integrand evaluations so far
[1] 3970.4 +- 39.5312  	chisq 2.23109 (7 df)

Iteration 9:  45000000 integrand evaluations so far
[1] 3968.66 +- 28.6249  	chisq 2.23518 (8 df)

Iteration 10:  55000000 integrand evaluations so far
[1] 3979.86 +- 21.7954  	chisq 2.59966 (9 df)
    3.98 ±  0.022 ·10⁺⁰³ (1.88mi) ┃    2.74 ±   0.46 ·10⁺⁰³ (9.02mi) ┃
┃   14 -    16 ┃   29 -    30 ┃  3.1023 ±  0.002 ·10⁺⁰³ ( 10.7s) ┃ -3.3446 ± 0.0016 ·10⁺⁰³ (4.11mi) ┃Vegas input parameters:
  ndim 10
  ncomp 1
  nvec 1
  epsrel 0
  epsabs 0
  flags 10
  seed 123456
  mineval 50000000
  maxeval 50000000
  nstart 1000000
  nincrease 1000000
  nbatch 5000
  gridno 0
  statefile ""

Iteration 1:  1000000 integrand evaluations so far
[1] -13229.3 +- 10497.9  	chisq 0 (0 df)

Iteration 2:  3000000 integrand evaluations so far
[1] -3314.74 +- 1478.76  	chisq 0.910007 (1 df)

Iteration 3:  6000000 integrand evaluations so far
[1] -3432.7 +- 1472.35  	chisq 1.6457 (2 df)

Iteration 4:  10000000 integrand evaluations so far
[1] -2190.18 +- 858.037  	chisq 2.72414 (3 df)

Iteration 5:  15000000 integrand evaluations so far
[1] -1392 +- 543.058  	chisq 4.16775 (4 df)

Iteration 6:  21000000 integrand evaluations so far
[1] -1491.49 +- 530.512  	chisq 4.90266 (5 df)

Iteration 7:  28000000 integrand evaluations so far
[1] -1412.35 +- 396.628  	chisq 4.95312 (6 df)

Iteration 8:  36000000 integrand evaluations so far
[1] -1082.18 +- 309.401  	chisq 6.72331 (7 df)

Iteration 9:  45000000 integrand evaluations so far
[1] -1127.98 +- 218.88  	chisq 6.76719 (8 df)

Iteration 10:  55000000 integrand evaluations so far
[1] -1014.02 +- 197.793  	chisq 8.24512 (9 df)
   -1.01 ±    0.2 ·10⁺⁰³ (4.78mi) ┃Vegas input parameters:
  ndim 8
  ncomp 1
  nvec 1
  epsrel 0
  epsabs 0
  flags 10
  seed 123456
  mineval 5000000
  maxeval 50000000
  nstart 1000000
  nincrease 1000000
  nbatch 5000
  gridno 0
  statefile ""

Iteration 1:  1000000 integrand evaluations so far
[1] 5582.07 +- 824.732  	chisq 0 (0 df)

Iteration 2:  3000000 integrand evaluations so far
[1] 5248.88 +- 607.13  	chisq 0.356314 (1 df)

Iteration 3:  6000000 integrand evaluations so far
[1] 4253.92 +- 250.362  	chisq 3.59221 (2 df)

Iteration 4:  10000000 integrand evaluations so far
[1] 4569.86 +- 154.017  	chisq 6.15425 (3 df)

Iteration 5:  15000000 integrand evaluations so far
[1] 4368.31 +- 78.3645  	chisq 8.46497 (4 df)

Iteration 6:  21000000 integrand evaluations so far
[1] 4395.14 +- 51.0324  	chisq 8.6686 (5 df)

Iteration 7:  28000000 integrand evaluations so far
[1] 4444.5 +- 41.9044  	chisq 11.5409 (6 df)

Iteration 8:  36000000 integrand evaluations so far
[1] 4461.89 +- 33.085  	chisq 11.9977 (7 df)

Iteration 9:  45000000 integrand evaluations so far
[1] 4461.38 +- 25.379  	chisq 11.9983 (8 df)

Iteration 10:  55000000 integrand evaluations so far
[1] 4494.2 +- 20.7611  	chisq 17.0546 (9 df)
   4.494 ±  0.021 ·10⁺⁰³ (1.87mi) ┃    3.24 ±    0.2 ·10⁺⁰³ (10.9mi) ┃
┃   14 -    16 ┃   30 -    31 ┃  3.5567 ± 0.0031 ·10⁺⁰³ ( 9.27s) ┃ -3.8052 ± 0.0038 ·10⁺⁰³ (1.12mi) ┃Vegas input parameters:
  ndim 10
  ncomp 1
  nvec 1
  epsrel 0
  epsabs 0
  flags 10
  seed 123456
  mineval 50000000
  maxeval 50000000
  nstart 1000000
  nincrease 1000000
  nbatch 5000
  gridno 0
  statefile ""

Iteration 1:  1000000 integrand evaluations so far
[1] 31067.4 +- 32689.6  	chisq 0 (0 df)

Iteration 2:  3000000 integrand evaluations so far
[1] -129.983 +- 585.111  	chisq 0.911081 (1 df)

Iteration 3:  6000000 integrand evaluations so far
[1] -73.2284 +- 575.007  	chisq 1.18589 (2 df)

Iteration 4:  10000000 integrand evaluations so far
[1] -227.675 +- 545.877  	chisq 1.91644 (3 df)

Iteration 5:  15000000 integrand evaluations so far
[1] -837.756 +- 478.669  	chisq 7.3218 (4 df)

Iteration 6:  21000000 integrand evaluations so far
[1] -716.397 +- 361.85  	chisq 7.4718 (5 df)

Iteration 7:  28000000 integrand evaluations so far
[1] -874.188 +- 332.179  	chisq 8.68087 (6 df)

Iteration 8:  36000000 integrand evaluations so far
[1] -903.268 +- 328.569  	chisq 9.03544 (7 df)

Iteration 9:  45000000 integrand evaluations so far
[1] -1103.38 +- 295.776  	chisq 10.9913 (8 df)

Iteration 10:  55000000 integrand evaluations so far
[1] -1149.88 +- 262.636  	chisq 11.1082 (9 df)
   -1.15 ±   0.26 ·10⁺⁰³ (4.85mi) ┃Vegas input parameters:
  ndim 8
  ncomp 1
  nvec 1
  epsrel 0
  epsabs 0
  flags 10
  seed 123456
  mineval 5000000
  maxeval 50000000
  nstart 1000000
  nincrease 1000000
  nbatch 5000
  gridno 0
  statefile ""

Iteration 1:  1000000 integrand evaluations so far
[1] 6049.53 +- 903.23  	chisq 0 (0 df)

Iteration 2:  3000000 integrand evaluations so far
[1] 4766.2 +- 290.47  	chisq 2.2516 (1 df)

Iteration 3:  6000000 integrand evaluations so far
[1] 5024.27 +- 188.723  	chisq 3.61752 (2 df)

Iteration 4:  10000000 integrand evaluations so far
[1] 4831.4 +- 90.6398  	chisq 4.97508 (3 df)

Iteration 5:  15000000 integrand evaluations so far
[1] 4936.13 +- 56.6763  	chisq 7.16744 (4 df)

Iteration 6:  21000000 integrand evaluations so far
[1] 5012.62 +- 46.226  	chisq 12.608 (5 df)

Iteration 7:  28000000 integrand evaluations so far
[1] 5083.06 +- 37.3659  	chisq 19.3063 (6 df)

Iteration 8:  36000000 integrand evaluations so far
[1] 5114.34 +- 29.7371  	chisq 21.2185 (7 df)

Iteration 9:  45000000 integrand evaluations so far
[1] 5133.68 +- 24.7967  	chisq 22.6061 (8 df)

Iteration 10:  55000000 integrand evaluations so far
[1] 5145.75 +- 21.2253  	chisq 23.4931 (9 df)
   5.146 ±  0.021 ·10⁺⁰³ (1.85mi) ┃    3.75 ±   0.26 ·10⁺⁰³ (7.97mi) ┃
┃   14 -    16 ┃   31 -    32 ┃  4.1507 ± 0.0038 ·10⁺⁰³ ( 17.5s) ┃ -4.4315 ± 0.0018 ·10⁺⁰³ (4.33mi) ┃Vegas input parameters:
  ndim 10
  ncomp 1
  nvec 1
  epsrel 0
  epsabs 0
  flags 10
  seed 123456
  mineval 50000000
  maxeval 50000000
  nstart 1000000
  nincrease 1000000
  nbatch 5000
  gridno 0
  statefile ""

Iteration 1:  1000000 integrand evaluations so far
[1] 5801.06 +- 6049.3  	chisq 0 (0 df)

Iteration 2:  3000000 integrand evaluations so far
[1] 4597.02 +- 3204.97  	chisq 0.0550765 (1 df)

Iteration 3:  6000000 integrand evaluations so far
[1] -577.541 +- 882.354  	chisq 2.8756 (2 df)

Iteration 4:  10000000 integrand evaluations so far
[1] -667.73 +- 711.114  	chisq 2.90541 (3 df)

Iteration 5:  15000000 integrand evaluations so far
[1] -676.897 +- 669.571  	chisq 2.90688 (4 df)

Iteration 6:  21000000 integrand evaluations so far
[1] -1154.66 +- 544.688  	chisq 4.41212 (5 df)

Iteration 7:  28000000 integrand evaluations so far
[1] -1078.7 +- 538.224  	chisq 5.23649 (6 df)

Iteration 8:  36000000 integrand evaluations so far
[1] -1075.28 +- 436.193  	chisq 5.2366 (7 df)

Iteration 9:  45000000 integrand evaluations so far
[1] -1411.67 +- 401.941  	chisq 9.17841 (8 df)

Iteration 10:  55000000 integrand evaluations so far
[1] -1407.38 +- 399.866  	chisq 9.18948 (9 df)
   -1.41 ±    0.4 ·10⁺⁰³ (4.88mi) ┃Vegas input parameters:
  ndim 8
  ncomp 1
  nvec 1
  epsrel 0
  epsabs 0
  flags 10
  seed 123456
  mineval 5000000
  maxeval 50000000
  nstart 1000000
  nincrease 1000000
  nbatch 5000
  gridno 0
  statefile ""

Iteration 1:  1000000 integrand evaluations so far
[1] 6548.17 +- 909.203  	chisq 0 (0 df)

Iteration 2:  3000000 integrand evaluations so far
[1] 5909.94 +- 327.648  	chisq 0.566299 (1 df)

Iteration 3:  6000000 integrand evaluations so far
[1] 6054.17 +- 222.602  	chisq 0.926182 (2 df)

Iteration 4:  10000000 integrand evaluations so far
[1] 6131.29 +- 172.28  	chisq 1.22548 (3 df)

Iteration 5:  15000000 integrand evaluations so far
[1] 6095.31 +- 126.034  	chisq 1.3193 (4 df)

Iteration 6:  21000000 integrand evaluations so far
[1] 6070.33 +- 80.9397  	chisq 1.38617 (5 df)

Iteration 7:  28000000 integrand evaluations so far
[1] 6018.21 +- 50.4064  	chisq 2.06359 (6 df)

Iteration 8:  36000000 integrand evaluations so far
[1] 6016.62 +- 36.9561  	chisq 2.06573 (7 df)

Iteration 9:  45000000 integrand evaluations so far
[1] 6020.51 +- 29.6134  	chisq 2.09667 (8 df)

Iteration 10:  55000000 integrand evaluations so far
[1] 6010.68 +- 24.8252  	chisq 2.46754 (9 df)
   6.011 ±  0.025 ·10⁺⁰³ (1.86mi) ┃    4.32 ±    0.4 ·10⁺⁰³ (11.4mi) ┃
┃   14 -    16 ┃   32 -    33 ┃  5.0907 ± 0.00065 ·10⁺⁰³ ( 9.29s) ┃  -5.433 ± 0.0052 ·10⁺⁰³ (1.17mi) ┃Vegas input parameters:
  ndim 10
  ncomp 1
  nvec 1
  epsrel 0
  epsabs 0
  flags 10
  seed 123456
  mineval 50000000
  maxeval 50000000
  nstart 1000000
  nincrease 1000000
  nbatch 5000
  gridno 0
  statefile ""

Iteration 1:  1000000 integrand evaluations so far
[1] -1954.37 +- 2148.3  	chisq 0 (0 df)

Iteration 2:  3000000 integrand evaluations so far
[1] -892.397 +- 1868.51  	chisq 1.0035 (1 df)

Iteration 3:  6000000 integrand evaluations so far
[1] -1656.57 +- 918.868  	chisq 1.22411 (2 df)

Iteration 4:  10000000 integrand evaluations so far
[1] -1524.45 +- 885.31  	chisq 1.5124 (3 df)

Iteration 5:  15000000 integrand evaluations so far
[1] -1776.9 +- 855.609  	chisq 2.74493 (4 df)

Iteration 6:  21000000 integrand evaluations so far
[1] -1354.31 +- 728.521  	chisq 3.63197 (5 df)

Iteration 7:  28000000 integrand evaluations so far
[1] -2029.91 +- 450.841  	chisq 5.02576 (6 df)

Iteration 8:  36000000 integrand evaluations so far
[1] -2055.11 +- 406.766  	chisq 5.04256 (7 df)

Iteration 9:  45000000 integrand evaluations so far
[1] -2053.36 +- 381.183  	chisq 5.04271 (8 df)

Iteration 10:  55000000 integrand evaluations so far
[1] -2053.04 +- 363.826  	chisq 5.04272 (9 df)
   -2.05 ±   0.36 ·10⁺⁰³ (4.87mi) ┃Vegas input parameters:
  ndim 8
  ncomp 1
  nvec 1
  epsrel 0
  epsabs 0
  flags 10
  seed 123456
  mineval 5000000
  maxeval 50000000
  nstart 1000000
  nincrease 1000000
  nbatch 5000
  gridno 0
  statefile ""

Iteration 1:  1000000 integrand evaluations so far
[1] 8147.53 +- 1044.52  	chisq 0 (0 df)

Iteration 2:  3000000 integrand evaluations so far
[1] 7597.07 +- 417.466  	chisq 0.330527 (1 df)

Iteration 3:  6000000 integrand evaluations so far
[1] 7531.43 +- 244.563  	chisq 0.368167 (2 df)

Iteration 4:  10000000 integrand evaluations so far
[1] 7541.29 +- 134.239  	chisq 0.370493 (3 df)

Iteration 5:  15000000 integrand evaluations so far
[1] 7384.94 +- 87.9657  	chisq 2.74771 (4 df)

Iteration 6:  21000000 integrand evaluations so far
[1] 7405.68 +- 69.6295  	chisq 2.89648 (5 df)

Iteration 7:  28000000 integrand evaluations so far
[1] 7413.39 +- 53.6755  	chisq 2.92669 (6 df)

Iteration 8:  36000000 integrand evaluations so far
[1] 7438.86 +- 41.9083  	chisq 3.50337 (7 df)

Iteration 9:  45000000 integrand evaluations so far
[1] 7422.86 +- 34.005  	chisq 3.92977 (8 df)

Iteration 10:  55000000 integrand evaluations so far
[1] 7422.7 +- 28.8834  	chisq 3.92985 (9 df)
   7.423 ±  0.029 ·10⁺⁰³ (1.88mi) ┃    5.03 ±   0.37 ·10⁺⁰³ (8.07mi) ┃
┃   14 -    16 ┃   33 -    34 ┃  6.8135 ± 0.0018 ·10⁺⁰³ ( 17.6s) ┃ -7.2705 ± 0.0031 ·10⁺⁰³ (4.46mi) ┃Vegas input parameters:
  ndim 10
  ncomp 1
  nvec 1
  epsrel 0
  epsabs 0
  flags 10
  seed 123456
  mineval 50000000
  maxeval 50000000
  nstart 1000000
  nincrease 1000000
  nbatch 5000
  gridno 0
  statefile ""

Iteration 1:  1000000 integrand evaluations so far
[1] -1920.19 +- 2330.06  	chisq 0 (0 df)

Iteration 2:  3000000 integrand evaluations so far
[1] -1472 +- 1701.03  	chisq 0.0792205 (1 df)

Iteration 3:  6000000 integrand evaluations so far
[1] -1427.45 +- 1256.76  	chisq 0.0807309 (2 df)

Iteration 4:  10000000 integrand evaluations so far
[1] -1627.7 +- 1222.07  	chisq 0.547101 (3 df)

Iteration 5:  15000000 integrand evaluations so far
[1] -1447.88 +- 917.716  	chisq 0.59675 (4 df)

Iteration 6:  21000000 integrand evaluations so far
[1] -1419.2 +- 795.938  	chisq 0.600693 (5 df)

Iteration 7:  28000000 integrand evaluations so far
[1] -1467.55 +- 694.28  	chisq 0.616122 (6 df)

Iteration 8:  36000000 integrand evaluations so far
[1] -1773.81 +- 610.383  	chisq 1.47305 (7 df)

Iteration 9:  45000000 integrand evaluations so far
[1] -1714.43 +- 592.494  	chisq 1.63693 (8 df)

Iteration 10:  55000000 integrand evaluations so far
[1] -2036.61 +- 490.022  	chisq 2.57268 (9 df)
   -2.04 ±   0.49 ·10⁺⁰³ (4.84mi) ┃Vegas input parameters:
  ndim 8
  ncomp 1
  nvec 1
  epsrel 0
  epsabs 0
  flags 10
  seed 123456
  mineval 5000000
  maxeval 50000000
  nstart 1000000
  nincrease 1000000
  nbatch 5000
  gridno 0
  statefile ""

Iteration 1:  1000000 integrand evaluations so far
[1] 9310.36 +- 1028.76  	chisq 0 (0 df)

Iteration 2:  3000000 integrand evaluations so far
[1] 9621.93 +- 289.534  	chisq 0.0996167 (1 df)

Iteration 3:  6000000 integrand evaluations so far
[1] 9809.14 +- 147.87  	chisq 0.665228 (2 df)

Iteration 4:  10000000 integrand evaluations so far
[1] 9936.05 +- 105.727  	chisq 2.17229 (3 df)

Iteration 5:  15000000 integrand evaluations so far
[1] 10059 +- 77.3134  	chisq 5.0805 (4 df)

Iteration 6:  21000000 integrand evaluations so far
[1] 9977.94 +- 58.1291  	chisq 7.61181 (5 df)

Iteration 7:  28000000 integrand evaluations so far
[1] 9973.16 +- 48.6396  	chisq 7.63435 (6 df)

Iteration 8:  36000000 integrand evaluations so far
[1] 10012.5 +- 41.665  	chisq 10.0888 (7 df)

Iteration 9:  45000000 integrand evaluations so far
[1] 10032.7 +- 35.5337  	chisq 10.9559 (8 df)

Iteration 10:  55000000 integrand evaluations so far
[1] 10042.8 +- 31.0699  	chisq 11.2995 (9 df)
  10.043 ±  0.031 ·10⁺⁰³ (1.92mi) ┃    7.55 ±   0.49 ·10⁺⁰³ (11.5mi) ┃
┃   14 -    16 ┃   34 -    35 ┃  6.3151 ± 0.0026 ·10⁺⁰³ ( 33.5s) ┃ -6.7429 ± 0.0046 ·10⁺⁰³ ( 8.5mi) ┃Vegas input parameters:
  ndim 10
  ncomp 1
  nvec 1
  epsrel 0
  epsabs 0
  flags 10
  seed 123456
  mineval 50000000
  maxeval 50000000
  nstart 1000000
  nincrease 1000000
  nbatch 5000
  gridno 0
  statefile ""

Iteration 1:  1000000 integrand evaluations so far
[1] 6590.02 +- 11483.5  	chisq 0 (0 df)

Iteration 2:  3000000 integrand evaluations so far
[1] -5520.18 +- 5582.98  	chisq 1.45636 (1 df)

Iteration 3:  6000000 integrand evaluations so far
[1] -2050.79 +- 1354.37  	chisq 1.86668 (2 df)

Iteration 4:  10000000 integrand evaluations so far
[1] -2125.8 +- 1351.69  	chisq 2.64047 (3 df)

Iteration 5:  15000000 integrand evaluations so far
[1] -1946.86 +- 1253.56  	chisq 2.76572 (4 df)

Iteration 6:  21000000 integrand evaluations so far
[1] -2103.54 +- 1247.07  	chisq 4.27928 (5 df)

Iteration 7:  28000000 integrand evaluations so far
[1] -2385.83 +- 1220.26  	chisq 5.48408 (6 df)

Iteration 8:  36000000 integrand evaluations so far
[1] -2032.59 +- 879.552  	chisq 5.65849 (7 df)

Iteration 9:  45000000 integrand evaluations so far
[1] -2530.47 +- 839.373  	chisq 9.24769 (8 df)

Iteration 10:  55000000 integrand evaluations so far
[1] -2595.47 +- 614.862  	chisq 9.26063 (9 df)
    -2.6 ±   0.61 ·10⁺⁰³ (4.85mi) ┃Vegas input parameters:
  ndim 8
  ncomp 1
  nvec 1
  epsrel 0
  epsabs 0
  flags 10
  seed 123456
  mineval 5000000
  maxeval 50000000
  nstart 1000000
  nincrease 1000000
  nbatch 5000
  gridno 0
  statefile ""

Iteration 1:  1000000 integrand evaluations so far
[1] 9870.93 +- 1029.56  	chisq 0 (0 df)

Iteration 2:  3000000 integrand evaluations so far
[1] 8985.79 +- 250.258  	chisq 0.785562 (1 df)

Iteration 3:  6000000 integrand evaluations so far
[1] 9079.92 +- 161.705  	chisq 1.02845 (2 df)

Iteration 4:  10000000 integrand evaluations so far
[1] 9188.08 +- 101.859  	chisq 1.77024 (3 df)

Iteration 5:  15000000 integrand evaluations so far
[1] 9161.09 +- 71.1389  	chisq 1.90732 (4 df)

Iteration 6:  21000000 integrand evaluations so far
[1] 9237.24 +- 55.0602  	chisq 4.76501 (5 df)

Iteration 7:  28000000 integrand evaluations so far
[1] 9242.74 +- 44.3818  	chisq 4.79348 (6 df)

Iteration 8:  36000000 integrand evaluations so far
[1] 9262.95 +- 37.35  	chisq 5.50434 (7 df)

Iteration 9:  45000000 integrand evaluations so far
[1] 9278.8 +- 32.0805  	chisq 6.1909 (8 df)

Iteration 10:  55000000 integrand evaluations so far
[1] 9274.93 +- 30.8745  	chisq 6.38871 (9 df)
   9.275 ±  0.031 ·10⁺⁰³ (1.92mi) ┃    6.25 ±   0.62 ·10⁺⁰³ (15.8mi) ┃
┃   14 -    16 ┃   35 -    36 ┃  5.5006 ± 0.0033 ·10⁺⁰³ ( 39.4s) ┃ -5.8724 ± 0.0028 ·10⁺⁰³ (16.3mi) ┃Vegas input parameters:
  ndim 10
  ncomp 1
  nvec 1
  epsrel 0
  epsabs 0
  flags 10
  seed 123456
  mineval 50000000
  maxeval 50000000
  nstart 1000000
  nincrease 1000000
  nbatch 5000
  gridno 0
  statefile ""

Iteration 1:  1000000 integrand evaluations so far
[1] -29836.6 +- 34556.6  	chisq 0 (0 df)

Iteration 2:  3000000 integrand evaluations so far
[1] 3597.21 +- 20420.6  	chisq 1.43834 (1 df)

Iteration 3:  6000000 integrand evaluations so far
[1] -2501.97 +- 1654.51  	chisq 1.52814 (2 df)

Iteration 4:  10000000 integrand evaluations so far
[1] -1793.44 +- 1536.26  	chisq 2.85865 (3 df)

Iteration 5:  15000000 integrand evaluations so far
[1] -1475.23 +- 1459.89  	chisq 3.30118 (4 df)

Iteration 6:  21000000 integrand evaluations so far
[1] -1313.52 +- 1301.57  	chisq 3.36099 (5 df)

Iteration 7:  28000000 integrand evaluations so far
[1] -1346.16 +- 966.345  	chisq 3.36239 (6 df)

Iteration 8:  36000000 integrand evaluations so far
[1] -1440.52 +- 595.805  	chisq 3.37778 (7 df)

Iteration 9:  45000000 integrand evaluations so far
[1] -1919.97 +- 490.071  	chisq 5.3799 (8 df)

Iteration 10:  55000000 integrand evaluations so far
[1] -2259.97 +- 348.126  	chisq 6.35151 (9 df)
   -2.26 ±   0.35 ·10⁺⁰³ (4.89mi) ┃Vegas input parameters:
  ndim 8
  ncomp 1
  nvec 1
  epsrel 0
  epsabs 0
  flags 10
  seed 123456
  mineval 5000000
  maxeval 50000000
  nstart 1000000
  nincrease 1000000
  nbatch 5000
  gridno 0
  statefile ""

Iteration 1:  1000000 integrand evaluations so far
[1] 7869.47 +- 977.726  	chisq 0 (0 df)

Iteration 2:  3000000 integrand evaluations so far
[1] 7843.29 +- 370.254  	chisq 0.000836982 (1 df)

Iteration 3:  6000000 integrand evaluations so far
[1] 8131.48 +- 285.443  	chisq 1.4943 (2 df)

Iteration 4:  10000000 integrand evaluations so far
[1] 7991.94 +- 164.959  	chisq 1.85312 (3 df)

Iteration 5:  15000000 integrand evaluations so far
[1] 8010.84 +- 96.0696  	chisq 1.87298 (4 df)

Iteration 6:  21000000 integrand evaluations so far
[1] 8080.88 +- 63.4563  	chisq 2.81572 (5 df)

Iteration 7:  28000000 integrand evaluations so far
[1] 8055.59 +- 47.2862  	chisq 3.17266 (6 df)

Iteration 8:  36000000 integrand evaluations so far
[1] 8005.14 +- 38.0752  	chisq 6.41066 (7 df)

Iteration 9:  45000000 integrand evaluations so far
[1] 7976.51 +- 31.934  	chisq 8.31666 (8 df)

Iteration 10:  55000000 integrand evaluations so far
[1] 7997.77 +- 28.226  	chisq 10.343 (9 df)
   7.998 ±  0.028 ·10⁺⁰³ (1.87mi) ┃    5.37 ±   0.35 ·10⁺⁰³ (23.7mi) ┃
┃   14 -    16 ┃   36 -    37 ┃  5.0415 ±  0.003 ·10⁺⁰³ (1.33mi) ┃ -5.3863 ±  0.001 ·10⁺⁰³ (8.13mi) ┃Vegas input parameters:
  ndim 10
  ncomp 1
  nvec 1
  epsrel 0
  epsabs 0
  flags 10
  seed 123456
  mineval 50000000
  maxeval 50000000
  nstart 1000000
  nincrease 1000000
  nbatch 5000
  gridno 0
  statefile ""

Iteration 1:  1000000 integrand evaluations so far
[1] -2009.97 +- 1077.24  	chisq 0 (0 df)

Iteration 2:  3000000 integrand evaluations so far
[1] -2024.93 +- 985.477  	chisq 0.00118292 (1 df)

Iteration 3:  6000000 integrand evaluations so far
[1] -1961.37 +- 736.064  	chisq 0.0105932 (2 df)

Iteration 4:  10000000 integrand evaluations so far
[1] -2524 +- 665.577  	chisq 3.21465 (3 df)

Iteration 5:  15000000 integrand evaluations so far
[1] -2748.96 +- 497.053  	chisq 3.47295 (4 df)

Iteration 6:  21000000 integrand evaluations so far
[1] -2387.12 +- 416.443  	chisq 5.25097 (5 df)

Iteration 7:  28000000 integrand evaluations so far
[1] -2270.48 +- 400.035  	chisq 6.26659 (6 df)

Iteration 8:  36000000 integrand evaluations so far
[1] -2329.05 +- 372.543  	chisq 6.42813 (7 df)

Iteration 9:  45000000 integrand evaluations so far
[1] -1860.48 +- 317.012  	chisq 12.1619 (8 df)

Iteration 10:  55000000 integrand evaluations so far
[1] -1758.95 +- 308.87  	chisq 14.1848 (9 df)
   -1.76 ±   0.31 ·10⁺⁰³ (4.84mi) ┃Vegas input parameters:
  ndim 8
  ncomp 1
  nvec 1
  epsrel 0
  epsabs 0
  flags 10
  seed 123456
  mineval 5000000
  maxeval 50000000
  nstart 1000000
  nincrease 1000000
  nbatch 5000
  gridno 0
  statefile ""

Iteration 1:  1000000 integrand evaluations so far
[1] 6762.19 +- 826.687  	chisq 0 (0 df)

Iteration 2:  3000000 integrand evaluations so far
[1] 7451.24 +- 358.612  	chisq 0.855786 (1 df)

Iteration 3:  6000000 integrand evaluations so far
[1] 7342.94 +- 163.564  	chisq 0.970954 (2 df)

Iteration 4:  10000000 integrand evaluations so far
[1] 7253.22 +- 92.04  	chisq 1.41129 (3 df)

Iteration 5:  15000000 integrand evaluations so far
[1] 7294.03 +- 73.3384  	chisq 1.94976 (4 df)

Iteration 6:  21000000 integrand evaluations so far
[1] 7250.12 +- 59.4572  	chisq 2.9956 (5 df)

Iteration 7:  28000000 integrand evaluations so far
[1] 7274.37 +- 47.2077  	chisq 3.44558 (6 df)

Iteration 8:  36000000 integrand evaluations so far
[1] 7291.44 +- 37.9254  	chisq 3.81465 (7 df)

Iteration 9:  45000000 integrand evaluations so far
[1] 7279.03 +- 31.5322  	chisq 4.16155 (8 df)

Iteration 10:  55000000 integrand evaluations so far
[1] 7276.41 +- 27.3101  	chisq 4.18928 (9 df)
   7.276 ±  0.027 ·10⁺⁰³ (1.88mi) ┃    5.17 ±   0.31 ·10⁺⁰³ (16.2mi) ┃
┃   14 -    16 ┃   37 -    38 ┃  4.7878 ± 0.0048 ·10⁺⁰³ (1.33mi) ┃ -5.1255 ± 0.0018 ·10⁺⁰³ (   8mi) ┃Vegas input parameters:
  ndim 10
  ncomp 1
  nvec 1
  epsrel 0
  epsabs 0
  flags 10
  seed 123456
  mineval 50000000
  maxeval 50000000
  nstart 1000000
  nincrease 1000000
  nbatch 5000
  gridno 0
  statefile ""

Iteration 1:  1000000 integrand evaluations so far
[1] -5952.97 +- 1644.82  	chisq 0 (0 df)

Iteration 2:  3000000 integrand evaluations so far
[1] -3733.39 +- 917.778  	chisq 2.64425 (1 df)

Iteration 3:  6000000 integrand evaluations so far
[1] -3637.27 +- 839.456  	chisq 2.71138 (2 df)

Iteration 4:  10000000 integrand evaluations so far
[1] -3108.15 +- 748.047  	chisq 4.64069 (3 df)

Iteration 5:  15000000 integrand evaluations so far
[1] -1943.42 +- 538.275  	chisq 9.66815 (4 df)

Iteration 6:  21000000 integrand evaluations so far
[1] -2272.75 +- 435.475  	chisq 10.7516 (5 df)

Iteration 7:  28000000 integrand evaluations so far
[1] -2295.13 +- 425.523  	chisq 10.8101 (6 df)

Iteration 8:  36000000 integrand evaluations so far
[1] -2192.1 +- 399.814  	chisq 11.3103 (7 df)

Iteration 9:  45000000 integrand evaluations so far
[1] -1614.9 +- 312.419  	chisq 16.6626 (8 df)

Iteration 10:  55000000 integrand evaluations so far
[1] -1594.72 +- 272.045  	chisq 16.6799 (9 df)
   -1.59 ±   0.27 ·10⁺⁰³ (4.86mi) ┃Vegas input parameters:
  ndim 8
  ncomp 1
  nvec 1
  epsrel 0
  epsabs 0
  flags 10
  seed 123456
  mineval 5000000
  maxeval 50000000
  nstart 1000000
  nincrease 1000000
  nbatch 5000
  gridno 0
  statefile ""

Iteration 1:  1000000 integrand evaluations so far
[1] 5790.6 +- 750.327  	chisq 0 (0 df)

Iteration 2:  3000000 integrand evaluations so far
[1] 6575.44 +- 562.464  	chisq 2.4976 (1 df)

Iteration 3:  6000000 integrand evaluations so far
[1] 6947.32 +- 411.081  	chisq 3.43597 (2 df)

Iteration 4:  10000000 integrand evaluations so far
[1] 6991.48 +- 270.454  	chisq 3.45631 (3 df)

Iteration 5:  15000000 integrand evaluations so far
[1] 6861.29 +- 126.949  	chisq 3.75351 (4 df)

Iteration 6:  21000000 integrand evaluations so far
[1] 6907.12 +- 93.6851  	chisq 4.03972 (5 df)

Iteration 7:  28000000 integrand evaluations so far
[1] 6856.34 +- 64.6209  	chisq 4.60009 (6 df)

Iteration 8:  36000000 integrand evaluations so far
[1] 6870.27 +- 48.0302  	chisq 4.70382 (7 df)

Iteration 9:  45000000 integrand evaluations so far
[1] 6880.75 +- 39.2646  	chisq 4.84736 (8 df)

Iteration 10:  55000000 integrand evaluations so far
[1] 6902.1 +- 32.131  	chisq 5.74248 (9 df)
   6.902 ±  0.032 ·10⁺⁰³ (1.86mi) ┃    4.97 ±   0.27 ·10⁺⁰³ (  16mi) ┃
┃   14 -    16 ┃   38 -    39 ┃  4.6232 ± 0.0045 ·10⁺⁰³ ( 17.3s) ┃  -4.948 ± 0.0034 ·10⁺⁰³ (2.15mi) ┃Vegas input parameters:
  ndim 10
  ncomp 1
  nvec 1
  epsrel 0
  epsabs 0
  flags 10
  seed 123456
  mineval 50000000
  maxeval 50000000
  nstart 1000000
  nincrease 1000000
  nbatch 5000
  gridno 0
  statefile ""

Iteration 1:  1000000 integrand evaluations so far
[1] -250.161 +- 1568.48  	chisq 0 (0 df)

Iteration 2:  3000000 integrand evaluations so far
[1] -1112.14 +- 659.633  	chisq 0.366912 (1 df)

Iteration 3:  6000000 integrand evaluations so far
[1] -1227.54 +- 653.36  	chisq 1.98383 (2 df)

Iteration 4:  10000000 integrand evaluations so far
[1] -1518.34 +- 633.566  	chisq 5.30346 (3 df)

Iteration 5:  15000000 integrand evaluations so far
[1] -1560.37 +- 618.248  	chisq 5.39559 (4 df)

Iteration 6:  21000000 integrand evaluations so far
[1] -1954.25 +- 538.019  	chisq 7.06801 (5 df)

Iteration 7:  28000000 integrand evaluations so far
[1] -2050.52 +- 422.627  	chisq 7.15161 (6 df)

Iteration 8:  36000000 integrand evaluations so far
[1] -1959.42 +- 373.697  	chisq 7.3646 (7 df)

Iteration 9:  45000000 integrand evaluations so far
[1] -1752.51 +- 303.797  	chisq 8.26861 (8 df)

Iteration 10:  55000000 integrand evaluations so far
[1] -1852.1 +- 285.842  	chisq 9.20534 (9 df)
   -1.85 ±   0.29 ·10⁺⁰³ ( 4.9mi) ┃Vegas input parameters:
  ndim 8
  ncomp 1
  nvec 1
  epsrel 0
  epsabs 0
  flags 10
  seed 123456
  mineval 5000000
  maxeval 50000000
  nstart 1000000
  nincrease 1000000
  nbatch 5000
  gridno 0
  statefile ""

Iteration 1:  1000000 integrand evaluations so far
[1] 5007.93 +- 719.756  	chisq 0 (0 df)

Iteration 2:  3000000 integrand evaluations so far
[1] 5324.58 +- 684.062  	chisq 2.00103 (1 df)

Iteration 3:  6000000 integrand evaluations so far
[1] 6253.12 +- 462.455  	chisq 5.39443 (2 df)

Iteration 4:  10000000 integrand evaluations so far
[1] 6256.21 +- 190.93  	chisq 5.39449 (3 df)

Iteration 5:  15000000 integrand evaluations so far
[1] 6538.2 +- 101.604  	chisq 8.43758 (4 df)

Iteration 6:  21000000 integrand evaluations so far
[1] 6672.67 +- 68.0252  	chisq 11.6124 (5 df)

Iteration 7:  28000000 integrand evaluations so far
[1] 6679.53 +- 54.9048  	chisq 11.6416 (6 df)

Iteration 8:  36000000 integrand evaluations so far
[1] 6684.71 +- 43.4062  	chisq 11.6653 (7 df)

Iteration 9:  45000000 integrand evaluations so far
[1] 6657.8 +- 34.534  	chisq 12.7123 (8 df)

Iteration 10:  55000000 integrand evaluations so far
[1] 6676.85 +- 28.8538  	chisq 13.7198 (9 df)
   6.677 ±  0.029 ·10⁺⁰³ (1.88mi) ┃     4.5 ±   0.29 ·10⁺⁰³ (9.22mi) ┃
┃   14 -    16 ┃   39 -    40 ┃  4.7282 ± 0.0022 ·10⁺⁰³ (3.94mi) ┃ -5.0519 ± 0.0021 ·10⁺⁰³ (  16mi) ┃Vegas input parameters:
  ndim 10
  ncomp 1
  nvec 1
  epsrel 0
  epsabs 0
  flags 10
  seed 123456
  mineval 50000000
  maxeval 50000000
  nstart 1000000
  nincrease 1000000
  nbatch 5000
  gridno 0
  statefile ""

Iteration 1:  1000000 integrand evaluations so far
[1] -2608.6 +- 1627.87  	chisq 0 (0 df)

Iteration 2:  3000000 integrand evaluations so far
[1] -1805.36 +- 1458.1  	chisq 1.23149 (1 df)

Iteration 3:  6000000 integrand evaluations so far
[1] -1127.89 +- 817.502  	chisq 1.54633 (2 df)

Iteration 4:  10000000 integrand evaluations so far
[1] -1272.01 +- 796.392  	chisq 2.15594 (3 df)

Iteration 5:  15000000 integrand evaluations so far
[1] -1581.31 +- 767.742  	chisq 4.29085 (4 df)

Iteration 6:  21000000 integrand evaluations so far
[1] -1483 +- 672.087  	chisq 4.36102 (5 df)

Iteration 7:  28000000 integrand evaluations so far
[1] -1527.16 +- 589.874  	chisq 4.37982 (6 df)

Iteration 8:  36000000 integrand evaluations so far
[1] -1578.3 +- 561.619  	chisq 4.46021 (7 df)

Iteration 9:  45000000 integrand evaluations so far
[1] -1724.44 +- 527.969  	chisq 5.04273 (8 df)

Iteration 10:  55000000 integrand evaluations so far
[1] -1640.09 +- 406.632  	chisq 5.10547 (9 df)
   -1.64 ±   0.41 ·10⁺⁰³ ( 4.9mi) ┃Vegas input parameters:
  ndim 8
  ncomp 1
  nvec 1
  epsrel 0
  epsabs 0
  flags 10
  seed 123456
  mineval 5000000
  maxeval 50000000
  nstart 1000000
  nincrease 1000000
  nbatch 5000
  gridno 0
  statefile ""

Iteration 1:  1000000 integrand evaluations so far
[1] 4245.22 +- 604.36  	chisq 0 (0 df)

Iteration 2:  3000000 integrand evaluations so far
[1] 4669.37 +- 563.333  	chisq 3.75527 (1 df)

Iteration 3:  6000000 integrand evaluations so far
[1] 5661.27 +- 463.663  	chisq 13.367 (2 df)

Iteration 4:  10000000 integrand evaluations so far
[1] 6525.22 +- 223.846  	chisq 17.8941 (3 df)

Iteration 5:  15000000 integrand evaluations so far
[1] 6592.48 +- 106.218  	chisq 18.0106 (4 df)

Iteration 6:  21000000 integrand evaluations so far
[1] 6745.95 +- 67.4889  	chisq 21.5115 (5 df)

Iteration 7:  28000000 integrand evaluations so far
[1] 6802.74 +- 47.9962  	chisq 22.9444 (6 df)

Iteration 8:  36000000 integrand evaluations so far
[1] 6808.3 +- 40.046  	chisq 22.9886 (7 df)

Iteration 9:  45000000 integrand evaluations so far
[1] 6815.2 +- 33.8018  	chisq 23.0919 (8 df)

Iteration 10:  55000000 integrand evaluations so far
[1] 6815.39 +- 28.8444  	chisq 23.092 (9 df)
   6.815 ±  0.029 ·10⁺⁰³ (1.89mi) ┃    4.85 ±   0.41 ·10⁺⁰³ (26.8mi) ┃
┃   14 -    16 ┃   40 -    41 ┃  4.8331 ± 0.0016 ·10⁺⁰³ (3.92mi) ┃-5.15167 ± 0.00064 ·10⁺⁰³ (32.3mi) ┃Vegas input parameters:
  ndim 10
  ncomp 1
  nvec 1
  epsrel 0
  epsabs 0
  flags 10
  seed 123456
  mineval 50000000
  maxeval 50000000
  nstart 1000000
  nincrease 1000000
  nbatch 5000
  gridno 0
  statefile ""

Iteration 1:  1000000 integrand evaluations so far
[1] -3684.66 +- 1790.3  	chisq 0 (0 df)

Iteration 2:  3000000 integrand evaluations so far
[1] -4134.49 +- 1669.02  	chisq 0.482287 (1 df)

Iteration 3:  6000000 integrand evaluations so far
[1] -3308.38 +- 1072.24  	chisq 0.899455 (2 df)

Iteration 4:  10000000 integrand evaluations so far
[1] -2409.05 +- 906.691  	chisq 3.3682 (3 df)

Iteration 5:  15000000 integrand evaluations so far
[1] -1891.48 +- 716.078  	chisq 4.23422 (4 df)

Iteration 6:  21000000 integrand evaluations so far
[1] -1750.61 +- 574.999  	chisq 4.34318 (5 df)

Iteration 7:  28000000 integrand evaluations so far
[1] -1870.57 +- 555.665  	chisq 5.00138 (6 df)

Iteration 8:  36000000 integrand evaluations so far
[1] -2033.2 +- 490.927  	chisq 5.39177 (7 df)

Iteration 9:  45000000 integrand evaluations so far
[1] -1911.28 +- 423.059  	chisq 5.6314 (8 df)

Iteration 10:  55000000 integrand evaluations so far
[1] -1860.61 +- 418.535  	chisq 6.30584 (9 df)
   -1.86 ±   0.42 ·10⁺⁰³ (4.82mi) ┃Vegas input parameters:
  ndim 8
  ncomp 1
  nvec 1
  epsrel 0
  epsabs 0
  flags 10
  seed 123456
  mineval 5000000
  maxeval 50000000
  nstart 1000000
  nincrease 1000000
  nbatch 5000
  gridno 0
  statefile ""

Iteration 1:  1000000 integrand evaluations so far
[1] 6035.77 +- 826.586  	chisq 0 (0 df)

Iteration 2:  3000000 integrand evaluations so far
[1] 6180.75 +- 327.249  	chisq 0.0364822 (1 df)

Iteration 3:  6000000 integrand evaluations so far
[1] 6577.41 +- 189.981  	chisq 2.25253 (2 df)

Iteration 4:  10000000 integrand evaluations so far
[1] 6797.4 +- 122.867  	chisq 4.55731 (3 df)

Iteration 5:  15000000 integrand evaluations so far
[1] 6905.58 +- 98.9064  	chisq 6.75995 (4 df)

Iteration 6:  21000000 integrand evaluations so far
[1] 6933.43 +- 69.153  	chisq 6.91501 (5 df)

Iteration 7:  28000000 integrand evaluations so far
[1] 6894.14 +- 51.0705  	chisq 7.62516 (6 df)

Iteration 8:  36000000 integrand evaluations so far
[1] 6910.38 +- 39.8018  	chisq 7.88287 (7 df)

Iteration 9:  45000000 integrand evaluations so far
[1] 6913.37 +- 32.342  	chisq 7.89943 (8 df)

Iteration 10:  55000000 integrand evaluations so far
[1] 6905.12 +- 27.3995  	chisq 8.12962 (9 df)
   6.905 ±  0.027 ·10⁺⁰³ (1.87mi) ┃    4.73 ±   0.42 ·10⁺⁰³ (42.9mi) ┃
┃   14 -    16 ┃   41 -    42 ┃  4.7231 ± 0.0031 ·10⁺⁰³ (   17s) ┃ -5.0706 ± 0.0015 ·10⁺⁰³ (8.07mi) ┃Vegas input parameters:
  ndim 10
  ncomp 1
  nvec 1
  epsrel 0
  epsabs 0
  flags 10
  seed 123456
  mineval 50000000
  maxeval 50000000
  nstart 1000000
  nincrease 1000000
  nbatch 5000
  gridno 0
  statefile ""

Iteration 1:  1000000 integrand evaluations so far
[1] 3574.41 +- 5407.86  	chisq 0 (0 df)

Iteration 2:  3000000 integrand evaluations so far
[1] -4014.68 +- 1924.18  	chisq 2.25485 (1 df)

Iteration 3:  6000000 integrand evaluations so far
[1] -2368.54 +- 1494.23  	chisq 4.09855 (2 df)

Iteration 4:  10000000 integrand evaluations so far
[1] -2436.94 +- 981.148  	chisq 4.10223 (3 df)

Iteration 5:  15000000 integrand evaluations so far
[1] -1729.36 +- 797.472  	chisq 5.63476 (4 df)

Iteration 6:  21000000 integrand evaluations so far
[1] -1351.1 +- 621.466  	chisq 6.20768 (5 df)

Iteration 7:  28000000 integrand evaluations so far
[1] -1240.5 +- 536.812  	chisq 6.33243 (6 df)

Iteration 8:  36000000 integrand evaluations so far
[1] -1287.85 +- 521.571  	chisq 6.47144 (7 df)

Iteration 9:  45000000 integrand evaluations so far
[1] -1920.44 +- 413.864  	chisq 10.4432 (8 df)

Iteration 10:  55000000 integrand evaluations so far
[1] -1820.62 +- 362.269  	chisq 10.692 (9 df)
   -1.82 ±   0.36 ·10⁺⁰³ (4.82mi) ┃Vegas input parameters:
  ndim 8
  ncomp 1
  nvec 1
  epsrel 0
  epsabs 0
  flags 10
  seed 123456
  mineval 5000000
  maxeval 50000000
  nstart 1000000
  nincrease 1000000
  nbatch 5000
  gridno 0
  statefile ""

Iteration 1:  1000000 integrand evaluations so far
[1] 7490.55 +- 918.036  	chisq 0 (0 df)

Iteration 2:  3000000 integrand evaluations so far
[1] 6479.27 +- 337.564  	chisq 1.40318 (1 df)

Iteration 3:  6000000 integrand evaluations so far
[1] 6924.04 +- 234.654  	chisq 4.76258 (2 df)

Iteration 4:  10000000 integrand evaluations so far
[1] 6953.78 +- 121.494  	chisq 4.78452 (3 df)

Iteration 5:  15000000 integrand evaluations so far
[1] 6781.68 +- 72.5247  	chisq 7.90192 (4 df)

Iteration 6:  21000000 integrand evaluations so far
[1] 6785.15 +- 60.7051  	chisq 7.90958 (5 df)

Iteration 7:  28000000 integrand evaluations so far
[1] 6791.11 +- 48.7359  	chisq 7.93669 (6 df)

Iteration 8:  36000000 integrand evaluations so far
[1] 6820.92 +- 39.3495  	chisq 9.01106 (7 df)

Iteration 9:  45000000 integrand evaluations so far
[1] 6835.9 +- 32.5743  	chisq 9.47209 (8 df)

Iteration 10:  55000000 integrand evaluations so far
[1] 6842.46 +- 27.6378  	chisq 9.61665 (9 df)
   6.842 ±  0.028 ·10⁺⁰³ (1.83mi) ┃    4.67 ±   0.36 ·10⁺⁰³ (  15mi) ┃
┃   14 -    16 ┃   42 -    43 ┃  4.6165 ±  0.003 ·10⁺⁰³ (   20s) ┃   -4.94 ± 0.0047 ·10⁺⁰³ (7.89mi) ┃Vegas input parameters:
  ndim 10
  ncomp 1
  nvec 1
  epsrel 0
  epsabs 0
  flags 10
  seed 123456
  mineval 50000000
  maxeval 50000000
  nstart 1000000
  nincrease 1000000
  nbatch 5000
  gridno 0
  statefile ""

Iteration 1:  1000000 integrand evaluations so far
[1] -5441.45 +- 4404.77  	chisq 0 (0 df)

Iteration 2:  3000000 integrand evaluations so far
[1] 1048.98 +- 2207.11  	chisq 2.8991 (1 df)

Iteration 3:  6000000 integrand evaluations so far
[1] 161.434 +- 1957.61  	chisq 3.65719 (2 df)

Iteration 4:  10000000 integrand evaluations so far
[1] -1911.53 +- 1134.03  	chisq 5.34486 (3 df)

Iteration 5:  15000000 integrand evaluations so far
[1] -2162.67 +- 999.537  	chisq 5.56466 (4 df)

Iteration 6:  21000000 integrand evaluations so far
[1] -2373.47 +- 902.568  	chisq 5.80558 (5 df)

Iteration 7:  28000000 integrand evaluations so far
[1] -2365.84 +- 619.507  	chisq 5.80571 (6 df)

Iteration 8:  36000000 integrand evaluations so far
[1] -2829.99 +- 520.063  	chisq 7.70682 (7 df)

Iteration 9:  45000000 integrand evaluations so far
[1] -2860.6 +- 518.873  	chisq 8.46396 (8 df)

Iteration 10:  55000000 integrand evaluations so far
[1] -2763.69 +- 511.297  	chisq 9.66751 (9 df)
   -2.76 ±   0.51 ·10⁺⁰³ (4.81mi) ┃Vegas input parameters:
  ndim 8
  ncomp 1
  nvec 1
  epsrel 0
  epsabs 0
  flags 10
  seed 123456
  mineval 5000000
  maxeval 50000000
  nstart 1000000
  nincrease 1000000
  nbatch 5000
  gridno 0
  statefile ""

Iteration 1:  1000000 integrand evaluations so far
[1] 6176.46 +- 838.315  	chisq 0 (0 df)

Iteration 2:  3000000 integrand evaluations so far
[1] 5686.05 +- 246.881  	chisq 0.374726 (1 df)

Iteration 3:  6000000 integrand evaluations so far
[1] 6110.77 +- 202.075  	chisq 9.3422 (2 df)

Iteration 4:  10000000 integrand evaluations so far
[1] 6418.95 +- 141.391  	chisq 13.8989 (3 df)

Iteration 5:  15000000 integrand evaluations so far
[1] 6555.6 +- 101.182  	chisq 15.8135 (4 df)

Iteration 6:  21000000 integrand evaluations so far
[1] 6691.76 +- 78.7291  	chisq 20.4032 (5 df)

Iteration 7:  28000000 integrand evaluations so far
[1] 6690.85 +- 56.6769  	chisq 20.4035 (6 df)

Iteration 8:  36000000 integrand evaluations so far
[1] 6656.53 +- 41.4666  	chisq 21.1922 (7 df)

Iteration 9:  45000000 integrand evaluations so far
[1] 6691.59 +- 32.9398  	chisq 23.1289 (8 df)

Iteration 10:  55000000 integrand evaluations so far
[1] 6694.74 +- 27.5942  	chisq 23.1597 (9 df)
   6.695 ±  0.028 ·10⁺⁰³ (1.85mi) ┃    3.61 ±   0.51 ·10⁺⁰³ (14.9mi) ┃
┃   14 -    16 ┃   43 -    44 ┃  4.5225 ± 0.0043 ·10⁺⁰³ ( 33.1s) ┃ -4.8439 ± 0.0026 ·10⁺⁰³ (15.2mi) ┃Vegas input parameters:
  ndim 10
  ncomp 1
  nvec 1
  epsrel 0
  epsabs 0
  flags 10
  seed 123456
  mineval 50000000
  maxeval 50000000
  nstart 1000000
  nincrease 1000000
  nbatch 5000
  gridno 0
  statefile ""

Iteration 1:  1000000 integrand evaluations so far
[1] -2818.73 +- 2439.45  	chisq 0 (0 df)

Iteration 2:  3000000 integrand evaluations so far
[1] -3621.42 +- 1338.77  	chisq 0.154934 (1 df)

Iteration 3:  6000000 integrand evaluations so far
[1] -3724.11 +- 1220.72  	chisq 0.189837 (2 df)

Iteration 4:  10000000 integrand evaluations so far
[1] -1996.57 +- 646.107  	chisq 2.97195 (3 df)

Iteration 5:  15000000 integrand evaluations so far
[1] -1718.7 +- 575.634  	chisq 3.86868 (4 df)

Iteration 6:  21000000 integrand evaluations so far
[1] -1982.64 +- 507.15  	chisq 4.80814 (5 df)

Iteration 7:  28000000 integrand evaluations so far
[1] -2205.95 +- 463.778  	chisq 5.99225 (6 df)

Iteration 8:  36000000 integrand evaluations so far
[1] -2251 +- 455.123  	chisq 6.24743 (7 df)

Iteration 9:  45000000 integrand evaluations so far
[1] -2131.36 +- 437.777  	chisq 7.17154 (8 df)

Iteration 10:  55000000 integrand evaluations so far
[1] -1899.39 +- 392.985  	chisq 8.61753 (9 df)
    -1.9 ±   0.39 ·10⁺⁰³ (4.78mi) ┃Vegas input parameters:
  ndim 8
  ncomp 1
  nvec 1
  epsrel 0
  epsabs 0
  flags 10
  seed 123456
  mineval 5000000
  maxeval 50000000
  nstart 1000000
  nincrease 1000000
  nbatch 5000
  gridno 0
  statefile ""

Iteration 1:  1000000 integrand evaluations so far
[1] 5906.49 +- 884.74  	chisq 0 (0 df)

Iteration 2:  3000000 integrand evaluations so far
[1] 6028.68 +- 342.277  	chisq 0.0224322 (1 df)

Iteration 3:  6000000 integrand evaluations so far
[1] 6481.51 +- 200.84  	chisq 2.69183 (2 df)

Iteration 4:  10000000 integrand evaluations so far
[1] 6525.67 +- 109.732  	chisq 2.76074 (3 df)

Iteration 5:  15000000 integrand evaluations so far
[1] 6597.08 +- 67.7742  	chisq 3.44542 (4 df)

Iteration 6:  21000000 integrand evaluations so far
[1] 6609.81 +- 52.9413  	chisq 3.53591 (5 df)

Iteration 7:  28000000 integrand evaluations so far
[1] 6588.65 +- 42.1994  	chisq 3.97379 (6 df)

Iteration 8:  36000000 integrand evaluations so far
[1] 6576.06 +- 33.7076  	chisq 4.21973 (7 df)

Iteration 9:  45000000 integrand evaluations so far
[1] 6562.7 +- 27.8773  	chisq 4.71703 (8 df)

Iteration 10:  55000000 integrand evaluations so far
[1] 6557.38 +- 23.8794  	chisq 4.85402 (9 df)
   6.557 ±  0.024 ·10⁺⁰³ (1.84mi) ┃    4.34 ±   0.39 ·10⁺⁰³ (22.3mi) ┃
┃   14 -    16 ┃   44 -    45 ┃  4.4524 ± 0.0024 ·10⁺⁰³ ( 10.1s) ┃ -4.7484 ± 0.0033 ·10⁺⁰³ (7.53mi) ┃Vegas input parameters:
  ndim 10
  ncomp 1
  nvec 1
  epsrel 0
  epsabs 0
  flags 10
  seed 123456
  mineval 50000000
  maxeval 50000000
  nstart 1000000
  nincrease 1000000
  nbatch 5000
  gridno 0
  statefile ""

Iteration 1:  1000000 integrand evaluations so far
[1] -2946.26 +- 1171.12  	chisq 0 (0 df)

Iteration 2:  3000000 integrand evaluations so far
[1] -2361.39 +- 1048.1  	chisq 1.25296 (1 df)

Iteration 3:  6000000 integrand evaluations so far
[1] -2013.32 +- 931.359  	chisq 1.77725 (2 df)

Iteration 4:  10000000 integrand evaluations so far
[1] -2276.37 +- 610.409  	chisq 1.91709 (3 df)

Iteration 5:  15000000 integrand evaluations so far
[1] -1679.58 +- 491.938  	chisq 4.64421 (4 df)

Iteration 6:  21000000 integrand evaluations so far
[1] -1316.06 +- 417.275  	chisq 6.59086 (5 df)

Iteration 7:  28000000 integrand evaluations so far
[1] -1370.51 +- 413.65  	chisq 7.57519 (6 df)

Iteration 8:  36000000 integrand evaluations so far
[1] -1544.51 +- 382.246  	chisq 8.78645 (7 df)

Iteration 9:  45000000 integrand evaluations so far
[1] -1388.42 +- 307.927  	chisq 9.26143 (8 df)

Iteration 10:  55000000 integrand evaluations so far
[1] -1467.9 +- 279.46  	chisq 9.63927 (9 df)
   -1.47 ±   0.28 ·10⁺⁰³ (4.81mi) ┃Vegas input parameters:
  ndim 8
  ncomp 1
  nvec 1
  epsrel 0
  epsabs 0
  flags 10
  seed 123456
  mineval 5000000
  maxeval 50000000
  nstart 1000000
  nincrease 1000000
  nbatch 5000
  gridno 0
  statefile ""

Iteration 1:  1000000 integrand evaluations so far
[1] 5781.18 +- 744.421  	chisq 0 (0 df)

Iteration 2:  3000000 integrand evaluations so far
[1] 6006.09 +- 245.988  	chisq 0.102471 (1 df)

Iteration 3:  6000000 integrand evaluations so far
[1] 6168.26 +- 222.533  	chisq 2.49555 (2 df)

Iteration 4:  10000000 integrand evaluations so far
[1] 6341.57 +- 132.512  	chisq 3.43528 (3 df)

Iteration 5:  15000000 integrand evaluations so far
[1] 6502.5 +- 79.7239  	chisq 5.7471 (4 df)

Iteration 6:  21000000 integrand evaluations so far
[1] 6522.41 +- 58.4703  	chisq 5.882 (5 df)

Iteration 7:  28000000 integrand evaluations so far
[1] 6532.1 +- 43.4219  	chisq 5.9433 (6 df)

Iteration 8:  36000000 integrand evaluations so far
[1] 6512.66 +- 33.5263  	chisq 6.4398 (7 df)

Iteration 9:  45000000 integrand evaluations so far
[1] 6495.99 +- 27.4606  	chisq 7.19135 (8 df)

Iteration 10:  55000000 integrand evaluations so far
[1] 6501.76 +- 23.9913  	chisq 7.37807 (9 df)
   6.502 ±  0.024 ·10⁺⁰³ (1.85mi) ┃    4.74 ±   0.28 ·10⁺⁰³ (14.4mi) ┃
┃   14 -    16 ┃   45 -    46 ┃  4.3775 ± 0.0035 ·10⁺⁰³ ( 56.6s) ┃ -4.6458 ± 0.0015 ·10⁺⁰³ (1.83mi) ┃Vegas input parameters:
  ndim 10
  ncomp 1
  nvec 1
  epsrel 0
  epsabs 0
  flags 10
  seed 123456
  mineval 50000000
  maxeval 50000000
  nstart 1000000
  nincrease 1000000
  nbatch 5000
  gridno 0
  statefile ""

Iteration 1:  1000000 integrand evaluations so far
[1] 8522.44 +- 9867.49  	chisq 0 (0 df)

Iteration 2:  3000000 integrand evaluations so far
[1] -3491.11 +- 1093.81  	chisq 1.50071 (1 df)

Iteration 3:  6000000 integrand evaluations so far
[1] -3591.97 +- 1085.46  	chisq 2.05984 (2 df)

Iteration 4:  10000000 integrand evaluations so far
[1] -2690.11 +- 699.834  	chisq 3.24126 (3 df)

Iteration 5:  15000000 integrand evaluations so far
[1] -2686.28 +- 649.656  	chisq 3.24148 (4 df)

Iteration 6:  21000000 integrand evaluations so far
[1] -2703.01 +- 571.682  	chisq 3.24442 (5 df)

Iteration 7:  28000000 integrand evaluations so far
[1] -2521.21 +- 558.144  	chisq 5.40544 (6 df)

Iteration 8:  36000000 integrand evaluations so far
[1] -2406.33 +- 527.485  	chisq 5.80188 (7 df)

Iteration 9:  45000000 integrand evaluations so far
[1] -2314.5 +- 455.053  	chisq 5.92039 (8 df)

Iteration 10:  55000000 integrand evaluations so far
[1] -2371.17 +- 421.008  	chisq 6.02807 (9 df)
   -2.37 ±   0.42 ·10⁺⁰³ (4.84mi) ┃Vegas input parameters:
  ndim 8
  ncomp 1
  nvec 1
  epsrel 0
  epsabs 0
  flags 10
  seed 123456
  mineval 5000000
  maxeval 50000000
  nstart 1000000
  nincrease 1000000
  nbatch 5000
  gridno 0
  statefile ""

Iteration 1:  1000000 integrand evaluations so far
[1] 6764 +- 812.837  	chisq 0 (0 df)

Iteration 2:  3000000 integrand evaluations so far
[1] 6267.15 +- 367.215  	chisq 0.469439 (1 df)

Iteration 3:  6000000 integrand evaluations so far
[1] 6037.78 +- 165.547  	chisq 0.959116 (2 df)

Iteration 4:  10000000 integrand evaluations so far
[1] 6197.3 +- 87.0517  	chisq 2.24253 (3 df)

Iteration 5:  15000000 integrand evaluations so far
[1] 6300.78 +- 61.0258  	chisq 5.02109 (4 df)

Iteration 6:  21000000 integrand evaluations so far
[1] 6374.4 +- 45.7234  	chisq 8.33939 (5 df)

Iteration 7:  28000000 integrand evaluations so far
[1] 6415.47 +- 36.0968  	chisq 10.4809 (6 df)

Iteration 8:  36000000 integrand evaluations so far
[1] 6468.98 +- 30.0072  	chisq 17.5925 (7 df)

Iteration 9:  45000000 integrand evaluations so far
[1] 6458.46 +- 25.5649  	chisq 18.0404 (8 df)

Iteration 10:  55000000 integrand evaluations so far
[1] 6445.28 +- 22.1134  	chisq 19.0969 (9 df)
   6.445 ±  0.022 ·10⁺⁰³ (1.83mi) ┃    3.81 ±   0.42 ·10⁺⁰³ (9.45mi) ┃
┃   14 -    16 ┃   46 -    47 ┃  4.3182 ± 0.0031 ·10⁺⁰³ (4.01mi) ┃ -4.6101 ± 0.0045 ·10⁺⁰³ (1.98mi) ┃Vegas input parameters:
  ndim 10
  ncomp 1
  nvec 1
  epsrel 0
  epsabs 0
  flags 10
  seed 123456
  mineval 50000000
  maxeval 50000000
  nstart 1000000
  nincrease 1000000
  nbatch 5000
  gridno 0
  statefile ""

Iteration 1:  1000000 integrand evaluations so far
[1] 4579.95 +- 19223.2  	chisq 0 (0 df)

Iteration 2:  3000000 integrand evaluations so far
[1] 1976.48 +- 3935.13  	chisq 0.0191446 (1 df)

Iteration 3:  6000000 integrand evaluations so far
[1] -2332.88 +- 2345.23  	chisq 1.87898 (2 df)

Iteration 4:  10000000 integrand evaluations so far
[1] -460.841 +- 1217.78  	chisq 2.75138 (3 df)

Iteration 5:  15000000 integrand evaluations so far
[1] -2197.42 +- 540.607  	chisq 5.28401 (4 df)

Iteration 6:  21000000 integrand evaluations so far
[1] -2237.41 +- 360.761  	chisq 5.29388 (5 df)

Iteration 7:  28000000 integrand evaluations so far
[1] -2328.43 +- 328.945  	chisq 5.67142 (6 df)

Iteration 8:  36000000 integrand evaluations so far
[1] -2129.81 +- 284.578  	chisq 7.12076 (7 df)

Iteration 9:  45000000 integrand evaluations so far
[1] -2161.68 +- 275.174  	chisq 7.31379 (8 df)

Iteration 10:  55000000 integrand evaluations so far
[1] -2004.33 +- 249.198  	chisq 9.13166 (9 df)
      -2 ±   0.25 ·10⁺⁰³ (4.93mi) ┃Vegas input parameters:
  ndim 8
  ncomp 1
  nvec 1
  epsrel 0
  epsabs 0
  flags 10
  seed 123456
  mineval 5000000
  maxeval 50000000
  nstart 1000000
  nincrease 1000000
  nbatch 5000
  gridno 0
  statefile ""

Iteration 1:  1000000 integrand evaluations so far
[1] 6355.25 +- 798.182  	chisq 0 (0 df)

Iteration 2:  3000000 integrand evaluations so far
[1] 5878.06 +- 208.058  	chisq 0.383476 (1 df)

Iteration 3:  6000000 integrand evaluations so far
[1] 6152.43 +- 159.025  	chisq 4.56589 (2 df)

Iteration 4:  10000000 integrand evaluations so far
[1] 6251.76 +- 98.6623  	chisq 5.20018 (3 df)

Iteration 5:  15000000 integrand evaluations so far
[1] 6384.49 +- 59.5788  	chisq 8.04877 (4 df)

Iteration 6:  21000000 integrand evaluations so far
[1] 6442.97 +- 44.7557  	chisq 10.2599 (5 df)

Iteration 7:  28000000 integrand evaluations so far
[1] 6429.49 +- 36.2748  	chisq 10.5242 (6 df)

Iteration 8:  36000000 integrand evaluations so far
[1] 6454.63 +- 30.0111  	chisq 12.0461 (7 df)

Iteration 9:  45000000 integrand evaluations so far
[1] 6447.84 +- 25.3844  	chisq 12.2259 (8 df)

Iteration 10:  55000000 integrand evaluations so far
[1] 6449.2 +- 22.1001  	chisq 12.2379 (9 df)
   6.449 ±  0.022 ·10⁺⁰³ (1.84mi) ┃    4.15 ±   0.25 ·10⁺⁰³ (12.8mi) ┃
┃   14 -    16 ┃   47 -    48 ┃  4.2449 ± 0.0015 ·10⁺⁰³ (   1mi) ┃ -4.5255 ± 0.0038 ·10⁺⁰³ (1.07mi) ┃Vegas input parameters:
  ndim 10
  ncomp 1
  nvec 1
  epsrel 0
  epsabs 0
  flags 10
  seed 123456
  mineval 50000000
  maxeval 50000000
  nstart 1000000
  nincrease 1000000
  nbatch 5000
  gridno 0
  statefile ""

Iteration 1:  1000000 integrand evaluations so far
[1] -1341.76 +- 1612.83  	chisq 0 (0 df)

Iteration 2:  3000000 integrand evaluations so far
[1] -1404.81 +- 1611.57  	chisq 0.979855 (1 df)

Iteration 3:  6000000 integrand evaluations so far
[1] -2170.73 +- 1346.04  	chisq 1.72684 (2 df)

Iteration 4:  10000000 integrand evaluations so far
[1] -1206.82 +- 819.067  	chisq 2.54117 (3 df)

Iteration 5:  15000000 integrand evaluations so far
[1] -1166.06 +- 778.884  	chisq 2.56705 (4 df)

Iteration 6:  21000000 integrand evaluations so far
[1] -1410.38 +- 687.324  	chisq 3.01168 (5 df)

Iteration 7:  28000000 integrand evaluations so far
[1] -1883.34 +- 589.367  	chisq 4.80038 (6 df)

Iteration 8:  36000000 integrand evaluations so far
[1] -1149.29 +- 439.689  	chisq 8.29862 (7 df)

Iteration 9:  45000000 integrand evaluations so far
[1] -1546.39 +- 305.542  	chisq 9.87598 (8 df)

Iteration 10:  55000000 integrand evaluations so far
[1] -1906.99 +- 266.434  	chisq 15.6887 (9 df)
   -1.91 ±   0.27 ·10⁺⁰³ (4.83mi) ┃Vegas input parameters:
  ndim 8
  ncomp 1
  nvec 1
  epsrel 0
  epsabs 0
  flags 10
  seed 123456
  mineval 5000000
  maxeval 50000000
  nstart 1000000
  nincrease 1000000
  nbatch 5000
  gridno 0
  statefile ""

Iteration 1:  1000000 integrand evaluations so far
[1] 7243.31 +- 848.684  	chisq 0 (0 df)

Iteration 2:  3000000 integrand evaluations so far
[1] 6421.06 +- 237.626  	chisq 1.01851 (1 df)

Iteration 3:  6000000 integrand evaluations so far
[1] 6231.35 +- 117.836  	chisq 1.86378 (2 df)

Iteration 4:  10000000 integrand evaluations so far
[1] 6299.09 +- 66.6676  	chisq 2.34985 (3 df)

Iteration 5:  15000000 integrand evaluations so far
[1] 6354.19 +- 51.9034  	chisq 4.08458 (4 df)

Iteration 6:  21000000 integrand evaluations so far
[1] 6388.98 +- 40.764  	chisq 5.25691 (5 df)

Iteration 7:  28000000 integrand evaluations so far
[1] 6413.87 +- 34.6907  	chisq 6.60824 (6 df)

Iteration 8:  36000000 integrand evaluations so far
[1] 6415.56 +- 29.1911  	chisq 6.61641 (7 df)

Iteration 9:  45000000 integrand evaluations so far
[1] 6398.61 +- 24.2917  	chisq 7.71352 (8 df)

Iteration 10:  55000000 integrand evaluations so far
[1] 6389.17 +- 20.7401  	chisq 8.27051 (9 df)
   6.389 ±  0.021 ·10⁺⁰³ (1.84mi) ┃     4.2 ±   0.27 ·10⁺⁰³ (8.74mi) ┃
┃   14 -    16 ┃   48 -    49 ┃ 2.86245 ± 0.00096 ·10⁺⁰³ ( 3.4mi) ┃ -3.0368 ±  0.003 ·10⁺⁰³ (1.75mi) ┃Vegas input parameters:
  ndim 10
  ncomp 1
  nvec 1
  epsrel 0
  epsabs 0
  flags 10
  seed 123456
  mineval 50000000
  maxeval 50000000
  nstart 1000000
  nincrease 1000000
  nbatch 5000
  gridno 0
  statefile ""

Iteration 1:  1000000 integrand evaluations so far
[1] -3712.85 +- 957.624  	chisq 0 (0 df)

Iteration 2:  3000000 integrand evaluations so far
[1] -2212.85 +- 565.552  	chisq 3.76761 (1 df)

Iteration 3:  6000000 integrand evaluations so far
[1] -1202.52 +- 362.315  	chisq 9.18058 (2 df)

Iteration 4:  10000000 integrand evaluations so far
[1] -1311.43 +- 330.416  	chisq 9.71731 (3 df)

Iteration 5:  15000000 integrand evaluations so far
[1] -1528.97 +- 305.184  	chisq 12.6681 (4 df)

Iteration 6:  21000000 integrand evaluations so far
[1] -1563.76 +- 303.654  	chisq 13.9677 (5 df)

Iteration 7:  28000000 integrand evaluations so far
[1] -1595.54 +- 283.259  	chisq 14.052 (6 df)

Iteration 8:  36000000 integrand evaluations so far
[1] -1515.68 +- 274.729  	chisq 15.392 (7 df)

Iteration 9:  45000000 integrand evaluations so far
[1] -1468.13 +- 222.179  	chisq 15.4786 (8 df)

Iteration 10:  55000000 integrand evaluations so far
[1] -1492.84 +- 216.716  	chisq 15.7332 (9 df)
   -1.49 ±   0.22 ·10⁺⁰³ (4.77mi) ┃Vegas input parameters:
  ndim 8
  ncomp 1
  nvec 1
  epsrel 0
  epsabs 0
  flags 10
  seed 123456
  mineval 5000000
  maxeval 50000000
  nstart 1000000
  nincrease 1000000
  nbatch 5000
  gridno 0
  statefile ""

Iteration 1:  1000000 integrand evaluations so far
[1] 4595.96 +- 723.898  	chisq 0 (0 df)

Iteration 2:  3000000 integrand evaluations so far
[1] 4004.66 +- 345.041  	chisq 0.863329 (1 df)

Iteration 3:  6000000 integrand evaluations so far
[1] 4212.34 +- 233.375  	chisq 1.53108 (2 df)

Iteration 4:  10000000 integrand evaluations so far
[1] 4053.34 +- 109.068  	chisq 2.12501 (3 df)

Iteration 5:  15000000 integrand evaluations so far
[1] 4189.06 +- 57.942  	chisq 4.28246 (4 df)

Iteration 6:  21000000 integrand evaluations so far
[1] 4261.91 +- 39.304  	chisq 7.21067 (5 df)

Iteration 7:  28000000 integrand evaluations so far
[1] 4249.51 +- 28.4165  	chisq 7.41914 (6 df)

Iteration 8:  36000000 integrand evaluations so far
[1] 4295.2 +- 22.4046  	chisq 14.2504 (7 df)

Iteration 9:  45000000 integrand evaluations so far
[1] 4288.73 +- 18.4311  	chisq 14.508 (8 df)

Iteration 10:  55000000 integrand evaluations so far
[1] 4293.81 +- 15.8582  	chisq 14.8006 (9 df)
   4.294 ±  0.016 ·10⁺⁰³ ( 1.9mi) ┃    2.63 ±   0.22 ·10⁺⁰³ (11.8mi) ┃
┃   14 -    16 ┃   49 -    50 ┃  950.05 ±    0.3        ( 3.1mi) ┃-1.01255 ± 0.00052 ·10⁺⁰³ (11.8mi) ┃Vegas input parameters:
  ndim 10
  ncomp 1
  nvec 1
  epsrel 0
  epsabs 0
  flags 10
  seed 123456
  mineval 50000000
  maxeval 50000000
  nstart 1000000
  nincrease 1000000
  nbatch 5000
  gridno 0
  statefile ""

Iteration 1:  1000000 integrand evaluations so far
[1] -546.127 +- 190.991  	chisq 0 (0 df)

Iteration 2:  3000000 integrand evaluations so far
[1] -548.053 +- 185.052  	chisq 0.00166137 (1 df)

Iteration 3:  6000000 integrand evaluations so far
[1] -533.907 +- 172.155  	chisq 0.0451003 (2 df)

Iteration 4:  10000000 integrand evaluations so far
[1] -485.516 +- 151.727  	chisq 0.399025 (3 df)

Iteration 5:  15000000 integrand evaluations so far
[1] -459.988 +- 125.702  	chisq 0.489286 (4 df)

Iteration 6:  21000000 integrand evaluations so far
[1] -475.304 +- 115.066  	chisq 0.58089 (5 df)

Iteration 7:  28000000 integrand evaluations so far
[1] -504.792 +- 105.224  	chisq 0.981933 (6 df)

Iteration 8:  36000000 integrand evaluations so far
[1] -537.905 +- 95.0896  	chisq 1.52205 (7 df)

Iteration 9:  45000000 integrand evaluations so far
[1] -534.173 +- 85.3672  	chisq 1.52999 (8 df)

Iteration 10:  55000000 integrand evaluations so far
[1] -488.146 +- 78.6076  	chisq 3.44127 (9 df)
    -488 ±     79        ( 4.8mi) ┃Vegas input parameters:
  ndim 8
  ncomp 1
  nvec 1
  epsrel 0
  epsabs 0
  flags 10
  seed 123456
  mineval 5000000
  maxeval 50000000
  nstart 1000000
  nincrease 1000000
  nbatch 5000
  gridno 0
  statefile ""

Iteration 1:  1000000 integrand evaluations so far
[1] 1432.06 +- 420.677  	chisq 0 (0 df)

Iteration 2:  3000000 integrand evaluations so far
[1] 460.482 +- 101.355  	chisq 5.66284 (1 df)

Iteration 3:  6000000 integrand evaluations so far
[1] 544.4 +- 94.319  	chisq 10.7778 (2 df)

Iteration 4:  10000000 integrand evaluations so far
[1] 746.229 +- 62.511  	chisq 18.9436 (3 df)

Iteration 5:  15000000 integrand evaluations so far
[1] 994.916 +- 46.2307  	chisq 53.8779 (4 df)

Iteration 6:  21000000 integrand evaluations so far
[1] 1170.38 +- 33.8348  	chisq 84.8987 (5 df)

Iteration 7:  28000000 integrand evaluations so far
[1] 1235.34 +- 29.2101  	chisq 99.3702 (6 df)

Iteration 8:  36000000 integrand evaluations so far
[1] 1326.88 +- 20.7033  	chisq 119.109 (7 df)

Iteration 9:  45000000 integrand evaluations so far
[1] 1375.56 +- 14.8421  	chisq 130.479 (8 df)

Iteration 10:  55000000 integrand evaluations so far
[1] 1395.69 +- 10.7433  	chisq 134.345 (9 df)
   1.396 ±  0.011 ·10⁺⁰³ (1.89mi) ┃     845 ±     79        (21.6mi) ┃
┃   14 -    16 ┃   50 -    51 ┃  407.66 ±   0.19        ( 6.4mi) ┃ -438.14 ±   0.35        (22.8mi) ┃Vegas input parameters:
  ndim 10
  ncomp 1
  nvec 1
  epsrel 0
  epsabs 0
  flags 10
  seed 123456
  mineval 50000000
  maxeval 50000000
  nstart 1000000
  nincrease 1000000
  nbatch 5000
  gridno 0
  statefile ""

Iteration 1:  1000000 integrand evaluations so far
[1] 219.295 +- 961.362  	chisq 0 (0 df)

Iteration 2:  3000000 integrand evaluations so far
[1] -150.185 +- 270.154  	chisq 0.160373 (1 df)

Iteration 3:  6000000 integrand evaluations so far
[1] -95.226 +- 71.1982  	chisq 0.204848 (2 df)

Iteration 4:  10000000 integrand evaluations so far
[1] -89.3158 +- 69.9916  	chisq 0.409881 (3 df)

Iteration 5:  15000000 integrand evaluations so far
[1] -82.1516 +- 69.1773  	chisq 0.862802 (4 df)

Iteration 6:  21000000 integrand evaluations so far
[1] -99.3476 +- 60.4937  	chisq 1.12541 (5 df)

Iteration 7:  28000000 integrand evaluations so far
[1] -95.5377 +- 54.8877  	chisq 1.14785 (6 df)

Iteration 8:  36000000 integrand evaluations so far
[1] -106.42 +- 42.2503  	chisq 1.24433 (7 df)

Iteration 9:  45000000 integrand evaluations so far
[1] -119.867 +- 34.6847  	chisq 1.55496 (8 df)

Iteration 10:  55000000 integrand evaluations so far
[1] -108.587 +- 33.3627  	chisq 2.96912 (9 df)
    -109 ±     33        (4.77mi) ┃Vegas input parameters:
  ndim 8
  ncomp 1
  nvec 1
  epsrel 0
  epsabs 0
  flags 10
  seed 123456
  mineval 5000000
  maxeval 50000000
  nstart 1000000
  nincrease 1000000
  nbatch 5000
  gridno 0
  statefile ""

Iteration 1:  1000000 integrand evaluations so far
[1] 528.243 +- 216.14  	chisq 0 (0 df)

Iteration 2:  3000000 integrand evaluations so far
[1] 22.7694 +- 8.30239  	chisq 5.47734 (1 df)

Iteration 3:  6000000 integrand evaluations so far
[1] 28.402 +- 7.93114  	chisq 10.7416 (2 df)

Iteration 4:  10000000 integrand evaluations so far
[1] 28.5862 +- 7.93058  	chisq 14.5476 (3 df)

Iteration 5:  15000000 integrand evaluations so far
[1] 33.5324 +- 7.88218  	chisq 46.5126 (4 df)

Iteration 6:  21000000 integrand evaluations so far
[1] 41.7101 +- 7.82098  	chisq 116.097 (5 df)

Iteration 7:  28000000 integrand evaluations so far
[1] 80.798 +- 7.52978  	chisq 457.896 (6 df)

Iteration 8:  36000000 integrand evaluations so far
[1] 187.697 +- 6.67727  	chisq 1401.41 (7 df)

Iteration 9:  45000000 integrand evaluations so far
[1] 289.272 +- 5.79358  	chisq 2337.61 (8 df)

Iteration 10:  55000000 integrand evaluations so far
[1] 311.65 +- 5.60781  	chisq 2574.06 (9 df)
   311.7 ±    5.6        (1.85mi) ┃     173 ±     34        (35.8mi) ┃
┃   14 -    16 ┃   51 -    52 ┃  229.63 ±   0.17        ( 3.4mi) ┃    -248 ±   0.16        (11.1mi) ┃Vegas input parameters:
  ndim 10
  ncomp 1
  nvec 1
  epsrel 0
  epsabs 0
  flags 10
  seed 123456
  mineval 50000000
  maxeval 50000000
  nstart 1000000
  nincrease 1000000
  nbatch 5000
  gridno 0
  statefile ""

Iteration 1:  1000000 integrand evaluations so far
[1] -944.842 +- 873.136  	chisq 0 (0 df)

Iteration 2:  3000000 integrand evaluations so far
[1] 20.9397 +- 34.628  	chisq 1.2254 (1 df)

Iteration 3:  6000000 integrand evaluations so far
[1] -6.37521 +- 31.5359  	chisq 4.87222 (2 df)

Iteration 4:  10000000 integrand evaluations so far
[1] -42.5764 +- 26.6675  	chisq 9.49723 (3 df)

Iteration 5:  15000000 integrand evaluations so far
[1] -54.9779 +- 25.7537  	chisq 12.7078 (4 df)

Iteration 6:  21000000 integrand evaluations so far
[1] -79.7235 +- 21.0971  	chisq 15.5146 (5 df)

Iteration 7:  28000000 integrand evaluations so far
[1] -79.6321 +- 21.0969  	chisq 16.5108 (6 df)

Iteration 8:  36000000 integrand evaluations so far
[1] -82.2801 +- 20.9591  	chisq 17.7214 (7 df)

Iteration 9:  45000000 integrand evaluations so far
[1] -81.4604 +- 20.9435  	chisq 18.7451 (8 df)

Iteration 10:  55000000 integrand evaluations so far
[1] -78.0572 +- 20.3836  	chisq 19.2456 (9 df)
     -78 ±     20        ( 4.7mi) ┃Vegas input parameters:
  ndim 8
  ncomp 1
  nvec 1
  epsrel 0
  epsabs 0
  flags 10
  seed 123456
  mineval 5000000
  maxeval 50000000
  nstart 1000000
  nincrease 1000000
  nbatch 5000
  gridno 0
  statefile ""

Iteration 1:  1000000 integrand evaluations so far
[1] 76.262 +- 76.262  	chisq 0 (0 df)

Iteration 2:  3000000 integrand evaluations so far
[1] 0.00157225 +- 0.000202008  	chisq 0.999959 (1 df)

Iteration 3:  6000000 integrand evaluations so far
[1] 0.00157236 +- 0.000202007  	chisq 5.0681 (2 df)

Iteration 4:  10000000 integrand evaluations so far
[1] 0.00157236 +- 0.000202007  	chisq 8.31573 (3 df)

Iteration 5:  15000000 integrand evaluations so far
[1] 0.00157237 +- 0.000202007  	chisq 26.0654 (4 df)

Iteration 6:  21000000 integrand evaluations so far
[1] 0.0015724 +- 0.000202007  	chisq 88.5174 (5 df)

Iteration 7:  28000000 integrand evaluations so far
[1] 0.0015724 +- 0.000202007  	chisq 100.559 (6 df)

Iteration 8:  36000000 integrand evaluations so far
[1] 0.00157243 +- 0.000202007  	chisq 189.44 (7 df)

Iteration 9:  45000000 integrand evaluations so far
[1] 0.00157243 +- 0.000202007  	chisq 244.141 (8 df)

Iteration 10:  55000000 integrand evaluations so far
[1] 0.00157255 +- 0.000202007  	chisq 1175.01 (9 df)
    1.57 ±    0.2 ·10⁻⁰³ ( 2.4mi) ┃     -96 ±     20        (21.6mi) ┃
┃   14 -    16 ┃   52 -    53 ┃ 142.442 ±  0.047        (3.29mi) ┃-154.424 ±  0.079        (21.9mi) ┃Vegas input parameters:
  ndim 10
  ncomp 1
  nvec 1
  epsrel 0
  epsabs 0
  flags 10
  seed 123456
  mineval 50000000
  maxeval 50000000
  nstart 1000000
  nincrease 1000000
  nbatch 5000
  gridno 0
  statefile ""

Iteration 1:  1000000 integrand evaluations so far
[1] -48.5021 +- 20.8163  	chisq 0 (0 df)

Iteration 2:  3000000 integrand evaluations so far
[1] -2.29598 +- 0.978726  	chisq 4.93801 (1 df)

Iteration 3:  6000000 integrand evaluations so far
[1] -2.2905 +- 0.978692  	chisq 5.39132 (2 df)

Iteration 4:  10000000 integrand evaluations so far
[1] -2.28832 +- 0.978689  	chisq 6.08532 (3 df)

Iteration 5:  15000000 integrand evaluations so far
[1] -2.30329 +- 0.978624  	chisq 7.86167 (4 df)

Iteration 6:  21000000 integrand evaluations so far
[1] -2.30182 +- 0.978575  	chisq 7.88386 (5 df)

Iteration 7:  28000000 integrand evaluations so far
[1] -2.37142 +- 0.978241  	chisq 15.3054 (6 df)

Iteration 8:  36000000 integrand evaluations so far
[1] -2.38271 +- 0.978221  	chisq 18.532 (7 df)

Iteration 9:  45000000 integrand evaluations so far
[1] -2.36365 +- 0.977899  	chisq 19.1096 (8 df)

Iteration 10:  55000000 integrand evaluations so far
[1] -2.39736 +- 0.977753  	chisq 23.0763 (9 df)
    -2.4 ±   0.98        (4.65mi) ┃Vegas input parameters:
  ndim 8
  ncomp 1
  nvec 1
  epsrel 0
  epsabs 0
  flags 10
  seed 123456
  mineval 5000000
  maxeval 50000000
  nstart 1000000
  nincrease 1000000
  nbatch 5000
  gridno 0
  statefile ""

Iteration 1:  1000000 integrand evaluations so far
[1] 267.156 +- 214.867  	chisq 0 (0 df)

Iteration 2:  3000000 integrand evaluations so far
[1] 0.79074 +- 0.594715  	chisq 1.53681 (1 df)

Iteration 3:  6000000 integrand evaluations so far
[1] 0.849401 +- 0.592734  	chisq 2.99901 (2 df)

Iteration 4:  10000000 integrand evaluations so far
[1] 0.875812 +- 0.592481  	chisq 5.32926 (3 df)

Iteration 5:  15000000 integrand evaluations so far
[1] 1.35392 +- 0.58815  	chisq 50.0333 (4 df)

Iteration 6:  21000000 integrand evaluations so far
[1] 1.47686 +- 0.587856  	chisq 93.7113 (5 df)

Iteration 7:  28000000 integrand evaluations so far
[1] 1.99935 +- 0.58696  	chisq 353.042 (6 df)

Iteration 8:  36000000 integrand evaluations so far
[1] 2.65428 +- 0.585999  	chisq 733.599 (7 df)

Iteration 9:  45000000 integrand evaluations so far
[1] 3.32553 +- 0.58505  	chisq 1139.09 (8 df)

Iteration 10:  55000000 integrand evaluations so far
[1] 5.13038 +- 0.582641  	chisq 2297.13 (9 df)
    5.13 ±   0.58        (1.85mi) ┃    -9.2 ±    1.1        (31.7mi) ┃
┃   14 -    16 ┃   53 -    54 ┃  91.296 ±  0.081        (10.9mi) ┃  -99.31 ±  0.036        (1.41hr) ┃Vegas input parameters:
  ndim 10
  ncomp 1
  nvec 1
  epsrel 0
  epsabs 0
  flags 10
  seed 123456
  mineval 50000000
  maxeval 50000000
  nstart 1000000
  nincrease 1000000
  nbatch 5000
  gridno 0
  statefile ""

Iteration 1:  1000000 integrand evaluations so far
[1] -558.451 +- 430.742  	chisq 0 (0 df)

Iteration 2:  3000000 integrand evaluations so far
[1] 1.77046 +- 1.80433  	chisq 1.69157 (1 df)

Iteration 3:  6000000 integrand evaluations so far
[1] 1.38306 +- 1.79659  	chisq 7.08281 (2 df)

Iteration 4:  10000000 integrand evaluations so far
[1] 1.30303 +- 1.79497  	chisq 8.18382 (3 df)

Iteration 5:  15000000 integrand evaluations so far
[1] 1.31559 +- 1.79491  	chisq 8.86793 (4 df)

Iteration 6:  21000000 integrand evaluations so far
[1] 1.34879 +- 1.79367  	chisq 9.11577 (5 df)

Iteration 7:  28000000 integrand evaluations so far
[1] 1.37267 +- 1.79167  	chisq 9.19509 (6 df)

Iteration 8:  36000000 integrand evaluations so far
[1] 1.28328 +- 1.78985  	chisq 10.4241 (7 df)

Iteration 9:  45000000 integrand evaluations so far
[1] 0.919821 +- 1.78145  	chisq 14.8278 (8 df)

Iteration 10:  55000000 integrand evaluations so far
[1] 0.542082 +- 1.77402  	chisq 20.2289 (9 df)
     0.5 ±    1.8        (4.71mi) ┃Vegas input parameters:
  ndim 8
  ncomp 1
  nvec 1
  epsrel 0
  epsabs 0
  flags 10
  seed 123456
  mineval 5000000
  maxeval 50000000
  nstart 1000000
  nincrease 1000000
  nbatch 5000
  gridno 0
  statefile ""

Iteration 1:  1000000 integrand evaluations so far
[1] 0 +- 2.22045e-19  	chisq 0 (0 df)

Iteration 2:  3000000 integrand evaluations so far
[1] 2.04433e-39 +- 2.22045e-19  	chisq 3.45191 (1 df)

Iteration 3:  6000000 integrand evaluations so far
[1] 1.12322e-37 +- 2.22045e-19  	chisq 7.07575 (2 df)

Iteration 4:  10000000 integrand evaluations so far
[1] 1.14382e-37 +- 2.22045e-19  	chisq 9.00293 (3 df)

Iteration 5:  15000000 integrand evaluations so far
[1] 1.47079e-37 +- 2.22045e-19  	chisq 28.433 (4 df)

Iteration 6:  21000000 integrand evaluations so far
[1] 1.47598e-37 +- 2.22045e-19  	chisq 30.375 (5 df)

Iteration 7:  28000000 integrand evaluations so far
[1] 1.53201e-37 +- 2.22045e-19  	chisq 47.0086 (6 df)

Iteration 8:  36000000 integrand evaluations so far
[1] 5.4416e-37 +- 2.22045e-19  	chisq 831.23 (7 df)

Iteration 9:  45000000 integrand evaluations so far
[1] 5.69995e-37 +- 2.22045e-19  	chisq 900.703 (8 df)

Iteration 10:  55000000 integrand evaluations so far
[1] 6.03008e-37 +- 2.22045e-19  	chisq 994.585 (9 df)
       0 ±   0.22 ·10⁻¹⁸ (1.94mi) ┃    -7.5 ±    1.8        ( 1.7hr) ┃
┃   14 -    16 ┃   54 -    55 ┃  58.132 ±  0.017        (6.09mi) ┃ -63.463 ±  0.032        (42.5mi) ┃Vegas input parameters:
  ndim 10
  ncomp 1
  nvec 1
  epsrel 0
  epsabs 0
  flags 10
  seed 123456
  mineval 50000000
  maxeval 50000000
  nstart 1000000
  nincrease 1000000
  nbatch 5000
  gridno 0
  statefile ""

Iteration 1:  1000000 integrand evaluations so far
[1] 18.9196 +- 55.8178  	chisq 0 (0 df)

Iteration 2:  3000000 integrand evaluations so far
[1] -0.0636533 +- 0.0443545  	chisq 0.115664 (1 df)

Iteration 3:  6000000 integrand evaluations so far
[1] -0.0635489 +- 0.0443544  	chisq 0.960739 (2 df)

Iteration 4:  10000000 integrand evaluations so far
[1] -0.0632712 +- 0.0443537  	chisq 2.22507 (3 df)

Iteration 5:  15000000 integrand evaluations so far
[1] -0.0638553 +- 0.044353  	chisq 7.75949 (4 df)

Iteration 6:  21000000 integrand evaluations so far
[1] -0.0638472 +- 0.044353  	chisq 8.1585 (5 df)

Iteration 7:  28000000 integrand evaluations so far
[1] -0.064357 +- 0.0443525  	chisq 13.8554 (6 df)

Iteration 8:  36000000 integrand evaluations so far
[1] -0.0643775 +- 0.0443524  	chisq 13.978 (7 df)

Iteration 9:  45000000 integrand evaluations so far
[1] -0.0643565 +- 0.0443524  	chisq 14.3816 (8 df)

Iteration 10:  55000000 integrand evaluations so far
[1] -0.0646168 +- 0.0443521  	chisq 16.634 (9 df)
  -0.065 ±  0.044        (5.02mi) ┃Vegas input parameters:
  ndim 8
  ncomp 1
  nvec 1
  epsrel 0
  epsabs 0
  flags 10
  seed 123456
  mineval 5000000
  maxeval 50000000
  nstart 1000000
  nincrease 1000000
  nbatch 5000
  gridno 0
  statefile ""

Iteration 1:  1000000 integrand evaluations so far
[1] 117.709 +- 117.709  	chisq 0 (0 df)

Iteration 2:  3000000 integrand evaluations so far
[1] 0.0159857 +- 0.0139127  	chisq 0.999728 (1 df)

Iteration 3:  6000000 integrand evaluations so far
[1] 0.0298803 +- 0.0124512  	chisq 6.01024 (2 df)

Iteration 4:  10000000 integrand evaluations so far
[1] 0.0300502 +- 0.0124507  	chisq 8.08947 (3 df)

Iteration 5:  15000000 integrand evaluations so far
[1] 0.0301067 +- 0.0124507  	chisq 15.1537 (4 df)

Iteration 6:  21000000 integrand evaluations so far
[1] 0.0301083 +- 0.0124507  	chisq 17.0315 (5 df)

Iteration 7:  28000000 integrand evaluations so far
[1] 0.0301537 +- 0.0124507  	chisq 42.9198 (6 df)

Iteration 8:  36000000 integrand evaluations so far
[1] 0.0305072 +- 0.0124506  	chisq 262.266 (7 df)

Iteration 9:  45000000 integrand evaluations so far
[1] 0.0343728 +- 0.0124504  	chisq 2449.28 (8 df)

Iteration 10:  55000000 integrand evaluations so far
[1] 0.038407 +- 0.0124501  	chisq 4817.78 (9 df)
   0.038 ±  0.012        (2.67mi) ┃  -5.357 ±  0.059        (56.3mi) ┃
┃   14 -    16 ┃   55 -    56 ┃  35.188 ±  0.011        (5.52mi) ┃ -38.456 ±  0.034        (20.1mi) ┃Vegas input parameters:
  ndim 10
  ncomp 1
  nvec 1
  epsrel 0
  epsabs 0
  flags 10
  seed 123456
  mineval 50000000
  maxeval 50000000
  nstart 1000000
  nincrease 1000000
  nbatch 5000
  gridno 0
  statefile ""

Iteration 1:  1000000 integrand evaluations so far
[1] 1.61939 +- 7.77727  	chisq 0 (0 df)

Iteration 2:  3000000 integrand evaluations so far
[1] -0.0153443 +- 0.0474706  	chisq 0.044183 (1 df)

Iteration 3:  6000000 integrand evaluations so far
[1] -0.00226616 +- 0.044947  	chisq 0.777563 (2 df)

Iteration 4:  10000000 integrand evaluations so far
[1] 0.00566551 +- 0.0442488  	chisq 1.78773 (3 df)

Iteration 5:  15000000 integrand evaluations so far
[1] 0.00565349 +- 0.0442488  	chisq 3.06107 (4 df)

Iteration 6:  21000000 integrand evaluations so far
[1] 0.00569413 +- 0.0442488  	chisq 4.04054 (5 df)

Iteration 7:  28000000 integrand evaluations so far
[1] 0.00507025 +- 0.0442473  	chisq 6.9722 (6 df)

Iteration 8:  36000000 integrand evaluations so far
[1] 0.00493145 +- 0.0442472  	chisq 8.9163 (7 df)

Iteration 9:  45000000 integrand evaluations so far
[1] 0.00480705 +- 0.0442471  	chisq 11.8954 (8 df)

Iteration 10:  55000000 integrand evaluations so far
[1] 0.00445443 +- 0.0442469  	chisq 18.1724 (9 df)
       4 ±     44 ·10⁻⁰³ (4.77mi) ┃Vegas input parameters:
  ndim 8
  ncomp 1
  nvec 1
  epsrel 0
  epsabs 0
  flags 10
  seed 123456
  mineval 5000000
  maxeval 50000000
  nstart 1000000
  nincrease 1000000
  nbatch 5000
  gridno 0
  statefile ""

Iteration 1:  1000000 integrand evaluations so far
[1] 116.728 +- 93.1998  	chisq 0 (0 df)

Iteration 2:  3000000 integrand evaluations so far
[1] 23.078 +- 18.7286  	chisq 1.05216 (1 df)

Iteration 3:  6000000 integrand evaluations so far
[1] 0.151167 +- 0.0595728  	chisq 2.55075 (2 df)

Iteration 4:  10000000 integrand evaluations so far
[1] 0.157695 +- 0.0595099  	chisq 8.23488 (3 df)

Iteration 5:  15000000 integrand evaluations so far
[1] 0.158647 +- 0.0595085  	chisq 13.8502 (4 df)

Iteration 6:  21000000 integrand evaluations so far
[1] 0.158863 +- 0.0595084  	chisq 16.5711 (5 df)

Iteration 7:  28000000 integrand evaluations so far
[1] 0.165424 +- 0.0595037  	chisq 93.2968 (6 df)

Iteration 8:  36000000 integrand evaluations so far
[1] 0.171825 +- 0.0595001  	chisq 189.73 (7 df)

Iteration 9:  45000000 integrand evaluations so far
[1] 0.177095 +- 0.0594975  	chisq 279.771 (8 df)

Iteration 10:  55000000 integrand evaluations so far
[1] 0.281003 +- 0.0594396  	chisq 1846.51 (9 df)
   0.281 ±  0.059        (1.99mi) ┃  -2.982 ±  0.082        (32.4mi) ┃
┃   14 -    16 ┃   56 -    57 ┃ 18.4458 ± 0.0038        (6.88mi) ┃ -20.213 ±  0.017        (40.4mi) ┃Vegas input parameters:
  ndim 10
  ncomp 1
  nvec 1
  epsrel 0
  epsabs 0
  flags 10
  seed 123456
  mineval 50000000
  maxeval 50000000
  nstart 1000000
  nincrease 1000000
  nbatch 5000
  gridno 0
  statefile ""

Iteration 1:  1000000 integrand evaluations so far
[1] 0 +- 2.22045e-19  	chisq 0 (0 df)

Iteration 2:  3000000 integrand evaluations so far
[1] -9.3434e-40 +- 2.22045e-19  	chisq 1.71035 (1 df)

Iteration 3:  6000000 integrand evaluations so far
[1] -4.25578e-38 +- 2.22045e-19  	chisq 2.78217 (2 df)

Iteration 4:  10000000 integrand evaluations so far
[1] -4.99405e-38 +- 2.22045e-19  	chisq 3.80427 (3 df)

Iteration 5:  15000000 integrand evaluations so far
[1] -1.30364e-37 +- 2.22045e-19  	chisq 5.42746 (4 df)

Iteration 6:  21000000 integrand evaluations so far
[1] -1.33756e-37 +- 2.22045e-19  	chisq 6.88197 (5 df)

Iteration 7:  28000000 integrand evaluations so far
[1] -1.75977e-37 +- 2.22045e-19  	chisq 17.7927 (6 df)

Iteration 8:  36000000 integrand evaluations so far
[1] -1.80938e-37 +- 2.22045e-19  	chisq 19.5099 (7 df)

Iteration 9:  45000000 integrand evaluations so far
[1] -1.78607e-37 +- 2.22045e-19  	chisq 20.4375 (8 df)

Iteration 10:  55000000 integrand evaluations so far
[1] -1.79342e-37 +- 2.22045e-19  	chisq 20.7467 (9 df)
      -0 ±   0.22 ·10⁻¹⁸ (4.57mi) ┃Vegas input parameters:
  ndim 8
  ncomp 1
  nvec 1
  epsrel 0
  epsabs 0
  flags 10
  seed 123456
  mineval 5000000
  maxeval 50000000
  nstart 1000000
  nincrease 1000000
  nbatch 5000
  gridno 0
  statefile ""

Iteration 1:  1000000 integrand evaluations so far
[1] 91.8711 +- 91.8711  	chisq 0 (0 df)

Iteration 2:  3000000 integrand evaluations so far
[1] 0.0140241 +- 0.0128599  	chisq 0.999695 (1 df)

Iteration 3:  6000000 integrand evaluations so far
[1] 0.0144079 +- 0.00401577  	chisq 1.00068 (2 df)

Iteration 4:  10000000 integrand evaluations so far
[1] 0.0144782 +- 0.00401565  	chisq 6.28457 (3 df)

Iteration 5:  15000000 integrand evaluations so far
[1] 0.0145139 +- 0.00401564  	chisq 20.7344 (4 df)

Iteration 6:  21000000 integrand evaluations so far
[1] 0.0145195 +- 0.00401564  	chisq 30.6247 (5 df)

Iteration 7:  28000000 integrand evaluations so far
[1] 0.0145588 +- 0.00401564  	chisq 93.6618 (6 df)

Iteration 8:  36000000 integrand evaluations so far
[1] 0.0148012 +- 0.00401562  	chisq 500.886 (7 df)

Iteration 9:  45000000 integrand evaluations so far
[1] 0.0162834 +- 0.00401551  	chisq 3152.19 (8 df)

Iteration 10:  55000000 integrand evaluations so far
[1] 0.0199963 +- 0.00401526  	chisq 9879.29 (9 df)
    0.02 ±  0.004        (2.35mi) ┃  -1.747 ±  0.018        (54.1mi) ┃
┃   14 -    16 ┃   57 -    58 ┃  6.0218 ± 0.0042        (23.7mi) ┃  -6.603 ± 0.0048        (1.31hr) ┃Vegas input parameters:
  ndim 10
  ncomp 1
  nvec 1
  epsrel 0
  epsabs 0
  flags 10
  seed 123456
  mineval 50000000
  maxeval 50000000
  nstart 1000000
  nincrease 1000000
  nbatch 5000
  gridno 0
  statefile ""

Iteration 1:  1000000 integrand evaluations so far
[1] -0.321037 +- 0.321037  	chisq 0 (0 df)

Iteration 2:  3000000 integrand evaluations so far
[1] -3.49521e-09 +- 3.00722e-09  	chisq 1 (1 df)

Iteration 3:  6000000 integrand evaluations so far
[1] -1.86309e-09 +- 7.63268e-10  	chisq 1.31484 (2 df)

Iteration 4:  10000000 integrand evaluations so far
[1] -1.86317e-09 +- 7.63268e-10  	chisq 2.36788 (3 df)

Iteration 5:  15000000 integrand evaluations so far
[1] -1.86317e-09 +- 7.63268e-10  	chisq 3.7207 (4 df)

Iteration 6:  21000000 integrand evaluations so far
[1] -1.86317e-09 +- 7.63268e-10  	chisq 4.66872 (5 df)

Iteration 7:  28000000 integrand evaluations so far
[1] -1.86317e-09 +- 7.63268e-10  	chisq 5.67021 (6 df)

Iteration 8:  36000000 integrand evaluations so far
[1] -1.86317e-09 +- 7.63268e-10  	chisq 9.70763 (7 df)

Iteration 9:  45000000 integrand evaluations so far
[1] -1.86317e-09 +- 7.63268e-10  	chisq 13.3756 (8 df)

Iteration 10:  55000000 integrand evaluations so far
[1] -1.86317e-09 +- 7.63268e-10  	chisq 16.6141 (9 df)
   -1.86 ±   0.76 ·10⁻⁰⁹ (4.41mi) ┃Vegas input parameters:
  ndim 8
  ncomp 1
  nvec 1
  epsrel 0
  epsabs 0
  flags 10
  seed 123456
  mineval 5000000
  maxeval 50000000
  nstart 1000000
  nincrease 1000000
  nbatch 5000
  gridno 0
  statefile ""

Iteration 1:  1000000 integrand evaluations so far
[1] 32.0503 +- 32.0503  	chisq 0 (0 df)

Iteration 2:  3000000 integrand evaluations so far
[1] 0.0118729 +- 0.00942836  	chisq 0.999259 (1 df)

Iteration 3:  6000000 integrand evaluations so far
[1] 0.0122586 +- 0.00942038  	chisq 1.98804 (2 df)

Iteration 4:  10000000 integrand evaluations so far
[1] 0.0123061 +- 0.00942027  	chisq 3.06366 (3 df)

Iteration 5:  15000000 integrand evaluations so far
[1] 0.012681 +- 0.00941886  	chisq 8.36394 (4 df)

Iteration 6:  21000000 integrand evaluations so far
[1] 0.0126946 +- 0.00941886  	chisq 10.941 (5 df)

Iteration 7:  28000000 integrand evaluations so far
[1] 0.013234 +- 0.00941846  	chisq 49.4887 (6 df)

Iteration 8:  36000000 integrand evaluations so far
[1] 0.0148281 +- 0.00941751  	chisq 192.247 (7 df)

Iteration 9:  45000000 integrand evaluations so far
[1] 0.0182174 +- 0.00941563  	chisq 517.203 (8 df)

Iteration 10:  55000000 integrand evaluations so far
[1] 0.0263927 +- 0.00941139  	chisq 1352.81 (9 df)
  0.0264 ± 0.0094        (2.34mi) ┃  -0.555 ±  0.011        (1.82hr) ┃
┃   14 -    16 ┃   58 -    59 ┃ 0.34558 ± 0.0002        (1.18hr) ┃-0.37702 ± 0.0003        (5.11hr) ┃Vegas input parameters:
  ndim 10
  ncomp 1
  nvec 1
  epsrel 0
  epsabs 0
  flags 10
  seed 123456
  mineval 50000000
  maxeval 50000000
  nstart 1000000
  nincrease 1000000
  nbatch 5000
  gridno 0
  statefile ""

Iteration 1:  1000000 integrand evaluations so far
[1] 0 +- 2.22045e-19  	chisq 0 (0 df)

Iteration 2:  3000000 integrand evaluations so far
[1] 0 +- 1.28198e-19  	chisq 0 (1 df)

Iteration 3:  6000000 integrand evaluations so far
[1] 0 +- 9.06494e-20  	chisq 0 (2 df)

Iteration 4:  10000000 integrand evaluations so far
[1] 0 +- 7.02167e-20  	chisq 0 (3 df)

Iteration 5:  15000000 integrand evaluations so far
[1] 0 +- 5.73317e-20  	chisq 0 (4 df)

Iteration 6:  21000000 integrand evaluations so far
[1] 0 +- 4.84541e-20  	chisq 0 (5 df)

Iteration 7:  28000000 integrand evaluations so far
[1] 0 +- 4.19625e-20  	chisq 0 (6 df)

Iteration 8:  36000000 integrand evaluations so far
[1] -6.20797e-39 +- 4.19625e-20  	chisq 1.36836 (7 df)

Iteration 9:  45000000 integrand evaluations so far
[1] -1.0424e-30 +- 4.19625e-20  	chisq 2.59163 (8 df)

Iteration 10:  55000000 integrand evaluations so far
[1] -1.1731e-30 +- 4.19625e-20  	chisq 8.50305 (9 df)
      -0 ±  0.042 ·10⁻¹⁸ (3.91mi) ┃Vegas input parameters:
  ndim 8
  ncomp 1
  nvec 1
  epsrel 0
  epsabs 0
  flags 10
  seed 123456
  mineval 5000000
  maxeval 50000000
  nstart 1000000
  nincrease 1000000
  nbatch 5000
  gridno 0
  statefile ""

Iteration 1:  1000000 integrand evaluations so far
[1] 0 +- 2.22045e-19  	chisq 0 (0 df)

Iteration 2:  3000000 integrand evaluations so far
[1] 0 +- 1.28198e-19  	chisq 0 (1 df)

Iteration 3:  6000000 integrand evaluations so far
[1] 0 +- 9.06494e-20  	chisq 0 (2 df)

Iteration 4:  10000000 integrand evaluations so far
[1] 0 +- 7.02167e-20  	chisq 0 (3 df)

Iteration 5:  15000000 integrand evaluations so far
[1] 0 +- 5.73317e-20  	chisq 0 (4 df)

Iteration 6:  21000000 integrand evaluations so far
[1] 0 +- 4.84541e-20  	chisq 0 (5 df)

Iteration 7:  28000000 integrand evaluations so far
[1] 0 +- 4.19625e-20  	chisq 0 (6 df)

Iteration 8:  36000000 integrand evaluations so far
[1] 0 +- 3.70074e-20  	chisq 0 (7 df)

Iteration 9:  45000000 integrand evaluations so far
[1] 0 +- 3.31005e-20  	chisq 0 (8 df)

Iteration 10:  55000000 integrand evaluations so far
[1] 0 +- 2.99405e-20  	chisq 0 (9 df)
       0 ±   0.03 ·10⁻¹⁸ (1.44mi) ┃-0.03145 ± 0.00036        (6.38hr) ┃
┃   14 -    16 ┃   59 -    60 ┃       0 ±      0        ( 1.04s) ┃       0 ±      0        ( 301ms) ┃Vegas input parameters:
  ndim 10
  ncomp 1
  nvec 1
  epsrel 0
  epsabs 0
  flags 10
  seed 123456
  mineval 50000000
  maxeval 50000000
  nstart 1000000
  nincrease 1000000
  nbatch 5000
  gridno 0
  statefile ""

Iteration 1:  1000000 integrand evaluations so far
[1] 0 +- 2.22045e-19  	chisq 0 (0 df)

Iteration 2:  3000000 integrand evaluations so far
[1] 0 +- 1.28198e-19  	chisq 0 (1 df)

Iteration 3:  6000000 integrand evaluations so far
[1] 0 +- 9.06494e-20  	chisq 0 (2 df)

Iteration 4:  10000000 integrand evaluations so far
[1] 0 +- 7.02167e-20  	chisq 0 (3 df)

Iteration 5:  15000000 integrand evaluations so far
[1] 0 +- 5.73317e-20  	chisq 0 (4 df)

Iteration 6:  21000000 integrand evaluations so far
[1] 0 +- 4.84541e-20  	chisq 0 (5 df)

Iteration 7:  28000000 integrand evaluations so far
[1] 0 +- 4.19625e-20  	chisq 0 (6 df)

Iteration 8:  36000000 integrand evaluations so far
[1] 0 +- 3.70074e-20  	chisq 0 (7 df)

Iteration 9:  45000000 integrand evaluations so far
[1] 0 +- 3.31005e-20  	chisq 0 (8 df)

Iteration 10:  55000000 integrand evaluations so far
[1] 0 +- 2.99405e-20  	chisq 0 (9 df)
       0 ±   0.03 ·10⁻¹⁸ (4.05mi) ┃Vegas input parameters:
  ndim 8
  ncomp 1
  nvec 1
  epsrel 0
  epsabs 0
  flags 10
  seed 123456
  mineval 5000000
  maxeval 50000000
  nstart 1000000
  nincrease 1000000
  nbatch 5000
  gridno 0
  statefile ""

Iteration 1:  1000000 integrand evaluations so far
[1] 0 +- 2.22045e-19  	chisq 0 (0 df)

Iteration 2:  3000000 integrand evaluations so far
[1] 0 +- 1.28198e-19  	chisq 0 (1 df)

Iteration 3:  6000000 integrand evaluations so far
[1] 0 +- 9.06494e-20  	chisq 0 (2 df)

Iteration 4:  10000000 integrand evaluations so far
[1] 0 +- 7.02167e-20  	chisq 0 (3 df)

Iteration 5:  15000000 integrand evaluations so far
[1] 0 +- 5.73317e-20  	chisq 0 (4 df)

Iteration 6:  21000000 integrand evaluations so far
[1] 0 +- 4.84541e-20  	chisq 0 (5 df)

Iteration 7:  28000000 integrand evaluations so far
[1] 0 +- 4.19625e-20  	chisq 0 (6 df)

Iteration 8:  36000000 integrand evaluations so far
[1] 0 +- 3.70074e-20  	chisq 0 (7 df)

Iteration 9:  45000000 integrand evaluations so far
[1] 0 +- 3.31005e-20  	chisq 0 (8 df)

Iteration 10:  55000000 integrand evaluations so far
[1] 0 +- 2.99405e-20  	chisq 0 (9 df)
       0 ±   0.03 ·10⁻¹⁸ (1.54mi) ┃       0 ±  0.042 ·10⁻¹⁸ (5.61mi) ┃
┣━━━━━━━━━━━━━━╋━━━━━━━━━━━━━━╋━━━━━━━━━━━━━━━━━━━━━━━━━━━━━━━━━━╋━━━━━━━━━━━━━━━━━━━━━━━━━━━━━━━━━━╋━━━━━━━━━━━━━━━━━━━━━━━━━━━━━━━━━━╋━━━━━━━━━━━━━━━━━━━━━━━━━━━━━━━━━━╋━━━━━━━━━━━━━━━━━━━━━━━━━━━━━━━━━━┫
┃   12 -    16 ┃   25 -    60 ┃ 227.653 ±  0.021 ·10⁺⁰³ (11.6hr) ┃-247.964 ±  0.024 ·10⁺⁰³ (28.8hr) ┃   -95.9 ±    2.7 ·10⁺⁰³ (5.68hr) ┃  342.44 ±   0.19 ·10⁺⁰³ (2.31hr) ┃   226.2 ±    2.7 ·10⁺⁰³ (48.4hr) ┃
┗━━━━━━━━━━━━━━┻━━━━━━━━━━━━━━┻━━━━━━━━━━━━━━━━━━━━━━━━━━━━━━━━━━┻━━━━━━━━━━━━━━━━━━━━━━━━━━━━━━━━━━┻━━━━━━━━━━━━━━━━━━━━━━━━━━━━━━━━━━┻━━━━━━━━━━━━━━━━━━━━━━━━━━━━━━━━━━┻━━━━━━━━━━━━━━━━━━━━━━━━━━━━━━━━━━┛

╍╍╍╍╍╍╍╍╍╍╍╍╍╍╍╍╍╍╍╍╍╍╍╍╍╍╍╍╍╍╍╍ Summary ╍╍╍╍╍╍╍╍╍╍╍╍╍╍╍╍╍╍╍╍╍╍╍╍╍╍╍╍╍╍╍
      Total cross section                       226.2 ± 2.7          pb
         Calculation time                               48.4       hours
              Output file                    outputs/qt_qt12_16_NNLL_muR0.5_muF1.0.root            
      Result in text file                    outputs/qt_qt12_16_NNLL_muR0.5_muF1.0.txt            

╍╍╍╍╍╍╍╍╍╍╍╍╍╍╍╍╍╍╍╍╍╍╍╍╍╍╍╍╍╍╍╍╍╍╍╍╍╍╍╍╍╍╍╍╍╍╍╍╍╍╍╍╍╍╍╍╍╍╍╍╍╍╍╍╍╍╍╍╍╍╍╍

