
╍╍╍╍╍╍╍╍╍╍╍╍╍╍╍╍╍╍╍╍╍╍╍╍╍╍╍ Process settings ╍╍╍╍╍╍╍╍╍╍╍╍╍╍╍╍╍╍╍╍╍╍╍╍╍╍╍
   proton-proton collisions at sqrt(s) = 13000 GeV 
   Computing NNLO+NNLL resummed cross section
   W+ ->  nu(p3)+e+(p4) production 

╍╍╍╍╍╍╍╍╍╍╍╍╍╍╍╍╍╍╍╍╍╍╍╍╍╍╍╍╍╍ CKM matrix ╍╍╍╍╍╍╍╍╍╍╍╍╍╍╍╍╍╍╍╍╍╍╍╍╍╍╍╍╍╍
     | Vud Vus Vub |   |   0.97427   0.2253  0.00351 | 
     | Vcd Vcs Vcb | = |    0.2252  0.97344   0.0412 | 
     | Vtd Vts Vtb |   |         0        0        0 | 

╍╍╍╍╍╍╍╍╍╍╍╍╍╍╍╍╍╍╍╍╍╍╍╍╍╍╍╍╍ EW parameters ╍╍╍╍╍╍╍╍╍╍╍╍╍╍╍╍╍╍╍╍╍╍╍╍╍╍╍╍
                                         Gf =  1.1663787e-05      GeV^-2
                                    1/alpha =  132.233229791            
                                 sin(thW)^2 = 0.222897222524            
                                     W mass =         80.385         GeV
                                     Z mass =        91.1876         GeV
                                    W width =          2.091         GeV
                                    Z width =          2.495         GeV

╍╍╍╍╍╍╍╍╍╍╍╍╍╍╍╍╍╍╍╍╍╍╍╍╍╍╍╍╍ QCD settings ╍╍╍╍╍╍╍╍╍╍╍╍╍╍╍╍╍╍╍╍╍╍╍╍╍╍╍╍╍
   Renormalization scale:     dynamic muren =              1      * m_ll
     Factorization scale:     dynamic mufac =              1      * m_ll
       Resummation scale:     dynamic mures =              1      * m_ll
          Strong coupling       alpha_s(MZ) =       0.118001            
                              running order =              3       -loop
         Non-perturbative     form factor g =            0.7       GeV^2

╍╍╍╍╍╍╍╍╍╍╍╍╍╍╍╍╍╍╍╍╍╍╍╍╍╍╍╍╍ PDF settings ╍╍╍╍╍╍╍╍╍╍╍╍╍╍╍╍╍╍╍╍╍╍╍╍╍╍╍╍╍
                                     PDF set:MSHT20nnlo_as118            
                                  PDF member:              0            
  Mellin moments of PDFs:                    Numerical integration            
                         nodes for the quadrature:            200            
                         Intervals for the quadrature:              1            

╍╍╍╍╍╍╍╍╍╍╍╍╍╍╍╍╍╍╍╍╍╍╍╍╍╍╍╍╍╍╍ qT recoil ╍╍╍╍╍╍╍╍╍╍╍╍╍╍╍╍╍╍╍╍╍╍╍╍╍╍╍╍╍╍
  qt-recoil prescription:       Collins-Soper kt1 = p_V(x)/2; kt2 = p_V(y)/2            

╍╍╍╍╍╍╍╍╍╍╍╍╍╍╍╍╍╍╍╍╍╍╍╍╍╍╍╍╍╍╍╍╍ Cuts ╍╍╍╍╍╍╍╍╍╍╍╍╍╍╍╍╍╍╍╍╍╍╍╍╍╍╍╍╍╍╍╍╍
                                  apply cuts:           true            
                                      pt_l >               0            
                                   |eta_l| <            1000            
                                    pt_lep >              25            
                                 |eta_lep| <             2.4            
                                   pt_alep >              25            
                                |eta_alep| <             2.4            
                                  user cuts:            true            

╍╍╍╍╍╍╍╍╍╍╍╍╍╍╍╍╍╍╍╍╍╍╍╍╍╍╍╍ ResummationDamp ╍╍╍╍╍╍╍╍╍╍╍╍╍╍╍╍╍╍╍╍╍╍╍╍╍╍╍
                                    damping :             on            
                                damping mode:              1            
                                  damp above:        60.2888         GeV
                               damping width:        20.0963         GeV
                          resummation cutoff:             20         MeV

╍╍╍╍╍╍╍╍╍╍╍╍╍╍╍╍╍╍╍╍╍╍╍╍╍╍╍╍ Debug settings ╍╍╍╍╍╍╍╍╍╍╍╍╍╍╍╍╍╍╍╍╍╍╍╍╍╍╍╍
                                 timeprofile:          false            
                                     verbose:          false            
                               cubaverbosity:              2            

╍╍╍╍╍╍╍╍╍╍╍╍╍╍╍╍╍╍╍╍╍╍╍╍╍╍╍╍╍╍╍╍╍╍╍╍╍╍╍╍╍╍╍╍╍╍╍╍╍╍╍╍╍╍╍╍╍╍╍╍╍╍╍╍╍╍╍╍╍╍╍╍

Warning: Histogram `a1_qt` contains non-integrable observable and will be deleted 
Warning: Histogram `a1_qt_vs_y` contains non-integrable observable and will be deleted 
Warning: Histogram `s_biganswer` contains non-integrable observable and will be deleted 
Warning: Histogram `wgt_a1_qt` contains non-integrable observable and will be deleted 

╍╍╍╍╍╍╍╍╍╍╍╍╍╍╍╍╍╍╍╍╍╍╍╍╍ Integration settings ╍╍╍╍╍╍╍╍╍╍╍╍╍╍╍╍╍╍╍╍╍╍╍╍╍
             Random seeds              123456                           
           Parallel cores                   1                           

             Resummation:     cuhre (dm, dpt)         iter =           5
                                   gauss (dy)        nodes =          64
                                                 intervals =           1
            Counter term:      cuhre (dm, dy)         iter =           5
                                  gauss (dpt)        nodes =          20
                                                 intervals =           5
                V+J Real:               vegas       ncalls =    50000000
             V+J Virtual:               vegas       ncalls =     5000000

Mellin inverse transform:           gaussian         nodes =          30
                                                 intervals =           1
                               imaginary axis         zmax =           2
  Angular variable costh:     semi-analytical      ncstart =         100
   Angular variables phi:            gaussian    intervals =          20

      Constant boundaries                  q2          low =          80
                                                      high =         100
                                            y          low =          -6
                                                      high =           6
                                        costh          low =          -1
                                                      high =           1
                                       eta(l)          low =         -10
                                                      high =          10

┏━━━━━━━━━━━━━━┰━━━━━━━━━━━━━━┰━━━━━━━━━━━━━━━━━━━━━━━━━━━━━━━━━━┰━━━━━━━━━━━━━━━━━━━━━━━━━━━━━━━━━━┰━━━━━━━━━━━━━━━━━━━━━━━━━━━━━━━━━━┰━━━━━━━━━━━━━━━━━━━━━━━━━━━━━━━━━━┰━━━━━━━━━━━━━━━━━━━━━━━━━━━━━━━━━━┓
┃           qT ┃        pT(l) ┃                      Resummation ┃                     Counter term ┃                         V+J Real ┃                      V+J Virtual ┃                            TOTAL ┃
┣━━━━━━━━━━━━━━╋━━━━━━━━━━━━━━╋━━━━━━━━━━━━━━━━━━━━━━━━━━━━━━━━━━╋━━━━━━━━━━━━━━━━━━━━━━━━━━━━━━━━━━╋━━━━━━━━━━━━━━━━━━━━━━━━━━━━━━━━━━╋━━━━━━━━━━━━━━━━━━━━━━━━━━━━━━━━━━╋━━━━━━━━━━━━━━━━━━━━━━━━━━━━━━━━━━┫
┃   48 -    50 ┃   25 -    26 ┃  432.28 ±   0.25        ( 24.7s) ┃ -371.04 ±  0.056        (29.2mi) ┃Vegas input parameters:
  ndim 10
  ncomp 1
  nvec 1
  epsrel 0
  epsabs 0
  flags 10
  seed 123456
  mineval 50000000
  maxeval 50000000
  nstart 1000000
  nincrease 1000000
  nbatch 5000
  gridno 0
  statefile ""

Iteration 1:  1000000 integrand evaluations so far
[1] 15.8122 +- 138.539  	chisq 0 (0 df)

Iteration 2:  3000000 integrand evaluations so far
[1] -37.7756 +- 132.213  	chisq 1.6767 (1 df)

Iteration 3:  6000000 integrand evaluations so far
[1] -6.74351 +- 128.991  	chisq 2.82096 (2 df)

Iteration 4:  10000000 integrand evaluations so far
[1] -11.1856 +- 108.051  	chisq 2.82493 (3 df)

Iteration 5:  15000000 integrand evaluations so far
[1] 20.9625 +- 87.039  	chisq 3.07705 (4 df)

Iteration 6:  21000000 integrand evaluations so far
[1] 33.3429 +- 85.3177  	chisq 3.5937 (5 df)

Iteration 7:  28000000 integrand evaluations so far
[1] -0.355572 +- 75.3043  	chisq 4.29974 (6 df)

Iteration 8:  36000000 integrand evaluations so far
[1] -16.127 +- 71.4674  	chisq 4.74143 (7 df)

Iteration 9:  45000000 integrand evaluations so far
[1] -41.9403 +- 60.7846  	chisq 5.21306 (8 df)

Iteration 10:  55000000 integrand evaluations so far
[1] -27.4361 +- 58.7088  	chisq 6.0612 (9 df)
     -27 ±     59        (3.57mi) ┃Vegas input parameters:
  ndim 8
  ncomp 1
  nvec 1
  epsrel 0
  epsabs 0
  flags 10
  seed 123456
  mineval 5000000
  maxeval 50000000
  nstart 1000000
  nincrease 1000000
  nbatch 5000
  gridno 0
  statefile ""

Iteration 1:  1000000 integrand evaluations so far
[1] 446.081 +- 85.7976  	chisq 0 (0 df)

Iteration 2:  3000000 integrand evaluations so far
[1] 467.401 +- 74.5156  	chisq 0.251323 (1 df)

Iteration 3:  6000000 integrand evaluations so far
[1] 480.372 +- 73.3159  	chisq 1.19999 (2 df)

Iteration 4:  10000000 integrand evaluations so far
[1] 491.749 +- 60.8823  	chisq 1.27756 (3 df)

Iteration 5:  15000000 integrand evaluations so far
[1] 481.802 +- 34.7218  	chisq 1.31712 (4 df)

Iteration 6:  21000000 integrand evaluations so far
[1] 478.839 +- 19.5045  	chisq 1.32775 (5 df)

Iteration 7:  28000000 integrand evaluations so far
[1] 455.806 +- 11.0584  	chisq 3.38299 (6 df)

Iteration 8:  36000000 integrand evaluations so far
[1] 447.64 +- 7.70972  	chisq 4.44403 (7 df)

Iteration 9:  45000000 integrand evaluations so far
[1] 451.752 +- 7.11055  	chisq 6.34846 (8 df)

Iteration 10:  55000000 integrand evaluations so far
[1] 456.649 +- 6.4772  	chisq 9.13472 (9 df)
   456.6 ±    6.5        (1.77mi) ┃     490 ±     59        (34.9mi) ┃
┃   48 -    50 ┃   26 -    27 ┃  393.05 ±   0.28        (4.52mi) ┃ -338.02 ±   0.14        (15.2mi) ┃Vegas input parameters:
  ndim 10
  ncomp 1
  nvec 1
  epsrel 0
  epsabs 0
  flags 10
  seed 123456
  mineval 50000000
  maxeval 50000000
  nstart 1000000
  nincrease 1000000
  nbatch 5000
  gridno 0
  statefile ""

Iteration 1:  1000000 integrand evaluations so far
[1] -173.326 +- 170.417  	chisq 0 (0 df)

Iteration 2:  3000000 integrand evaluations so far
[1] -33.2014 +- 151.115  	chisq 3.1639 (1 df)

Iteration 3:  6000000 integrand evaluations so far
[1] -24.1634 +- 150.793  	chisq 4.00269 (2 df)

Iteration 4:  10000000 integrand evaluations so far
[1] -94.0267 +- 82.1399  	chisq 4.30791 (3 df)

Iteration 5:  15000000 integrand evaluations so far
[1] -104.787 +- 81.6829  	chisq 5.85479 (4 df)

Iteration 6:  21000000 integrand evaluations so far
[1] -74.1442 +- 57.2986  	chisq 6.13187 (5 df)

Iteration 7:  28000000 integrand evaluations so far
[1] -76.0699 +- 57.1974  	chisq 6.45206 (6 df)

Iteration 8:  36000000 integrand evaluations so far
[1] -46.1235 +- 54.4093  	chisq 9.33403 (7 df)

Iteration 9:  45000000 integrand evaluations so far
[1] -50.5224 +- 46.0961  	chisq 9.35719 (8 df)

Iteration 10:  55000000 integrand evaluations so far
[1] -56.6376 +- 40.2004  	chisq 9.43069 (9 df)
     -57 ±     40        (3.66mi) ┃Vegas input parameters:
  ndim 8
  ncomp 1
  nvec 1
  epsrel 0
  epsabs 0
  flags 10
  seed 123456
  mineval 5000000
  maxeval 50000000
  nstart 1000000
  nincrease 1000000
  nbatch 5000
  gridno 0
  statefile ""

Iteration 1:  1000000 integrand evaluations so far
[1] 665.805 +- 106.592  	chisq 0 (0 df)

Iteration 2:  3000000 integrand evaluations so far
[1] 405.361 +- 48.8107  	chisq 7.55413 (1 df)

Iteration 3:  6000000 integrand evaluations so far
[1] 414.653 +- 46.8307  	chisq 8.01004 (2 df)

Iteration 4:  10000000 integrand evaluations so far
[1] 430.274 +- 34.2227  	chisq 8.24881 (3 df)

Iteration 5:  15000000 integrand evaluations so far
[1] 414.273 +- 19.2597  	chisq 8.56876 (4 df)

Iteration 6:  21000000 integrand evaluations so far
[1] 420.726 +- 12.3993  	chisq 8.76051 (5 df)

Iteration 7:  28000000 integrand evaluations so far
[1] 417.439 +- 7.98625  	chisq 8.88058 (6 df)

Iteration 8:  36000000 integrand evaluations so far
[1] 416.814 +- 5.45518  	chisq 8.89209 (7 df)

Iteration 9:  45000000 integrand evaluations so far
[1] 424.521 +- 4.19432  	chisq 13.7749 (8 df)

Iteration 10:  55000000 integrand evaluations so far
[1] 421.544 +- 3.46265  	chisq 15.3565 (9 df)
   421.5 ±    3.5        (1.77mi) ┃     420 ±     40        (25.1mi) ┃
┃   48 -    50 ┃   27 -    28 ┃   373.8 ±   0.32        ( 21.1s) ┃ -323.26 ±   0.27        (7.45mi) ┃Vegas input parameters:
  ndim 10
  ncomp 1
  nvec 1
  epsrel 0
  epsabs 0
  flags 10
  seed 123456
  mineval 50000000
  maxeval 50000000
  nstart 1000000
  nincrease 1000000
  nbatch 5000
  gridno 0
  statefile ""

Iteration 1:  1000000 integrand evaluations so far
[1] 549.442 +- 971.757  	chisq 0 (0 df)

Iteration 2:  3000000 integrand evaluations so far
[1] -103.993 +- 136.046  	chisq 0.461197 (1 df)

Iteration 3:  6000000 integrand evaluations so far
[1] -135.957 +- 128.092  	chisq 0.947537 (2 df)

Iteration 4:  10000000 integrand evaluations so far
[1] -96.7567 +- 126.003  	chisq 3.84229 (3 df)

Iteration 5:  15000000 integrand evaluations so far
[1] -77.7986 +- 62.307  	chisq 3.87226 (4 df)

Iteration 6:  21000000 integrand evaluations so far
[1] -90.3775 +- 60.8334  	chisq 4.74426 (5 df)

Iteration 7:  28000000 integrand evaluations so far
[1] -105.055 +- 54.7443  	chisq 5.05035 (6 df)

Iteration 8:  36000000 integrand evaluations so far
[1] -100.91 +- 49.3586  	chisq 5.08099 (7 df)

Iteration 9:  45000000 integrand evaluations so far
[1] -78.2325 +- 42.1572  	chisq 5.86133 (8 df)

Iteration 10:  55000000 integrand evaluations so far
[1] -82.5424 +- 41.5097  	chisq 6.20425 (9 df)
     -83 ±     42        (3.61mi) ┃Vegas input parameters:
  ndim 8
  ncomp 1
  nvec 1
  epsrel 0
  epsabs 0
  flags 10
  seed 123456
  mineval 5000000
  maxeval 50000000
  nstart 1000000
  nincrease 1000000
  nbatch 5000
  gridno 0
  statefile ""

Iteration 1:  1000000 integrand evaluations so far
[1] 461.4 +- 85.657  	chisq 0 (0 df)

Iteration 2:  3000000 integrand evaluations so far
[1] 480.215 +- 83.5371  	chisq 0.987061 (1 df)

Iteration 3:  6000000 integrand evaluations so far
[1] 303.391 +- 34.3166  	chisq 6.37714 (2 df)

Iteration 4:  10000000 integrand evaluations so far
[1] 329.708 +- 25.1795  	chisq 7.65111 (3 df)

Iteration 5:  15000000 integrand evaluations so far
[1] 363.273 +- 21.8224  	chisq 14.7912 (4 df)

Iteration 6:  21000000 integrand evaluations so far
[1] 369.542 +- 14.8668  	chisq 14.9452 (5 df)

Iteration 7:  28000000 integrand evaluations so far
[1] 391.762 +- 10.4173  	chisq 19.3336 (6 df)

Iteration 8:  36000000 integrand evaluations so far
[1] 394.097 +- 7.18009  	chisq 19.4293 (7 df)

Iteration 9:  45000000 integrand evaluations so far
[1] 394.617 +- 5.0494  	chisq 19.4397 (8 df)

Iteration 10:  55000000 integrand evaluations so far
[1] 395.134 +- 3.90238  	chisq 19.4656 (9 df)
   395.1 ±    3.9        (1.79mi) ┃     363 ±     42        (13.2mi) ┃
┃   48 -    50 ┃   28 -    29 ┃  368.48 ±   0.26        (2.49mi) ┃-317.248 ±  0.054        (7.91mi) ┃Vegas input parameters:
  ndim 10
  ncomp 1
  nvec 1
  epsrel 0
  epsabs 0
  flags 10
  seed 123456
  mineval 50000000
  maxeval 50000000
  nstart 1000000
  nincrease 1000000
  nbatch 5000
  gridno 0
  statefile ""

Iteration 1:  1000000 integrand evaluations so far
[1] 190.719 +- 237.521  	chisq 0 (0 df)

Iteration 2:  3000000 integrand evaluations so far
[1] 229.22 +- 229.936  	chisq 0.418107 (1 df)

Iteration 3:  6000000 integrand evaluations so far
[1] 176.228 +- 134.429  	chisq 0.4988 (2 df)

Iteration 4:  10000000 integrand evaluations so far
[1] 154.509 +- 108.865  	chisq 0.574648 (3 df)

Iteration 5:  15000000 integrand evaluations so far
[1] 103.022 +- 96.5734  	chisq 1.62445 (4 df)

Iteration 6:  21000000 integrand evaluations so far
[1] 44.6657 +- 64.7575  	chisq 2.2879 (5 df)

Iteration 7:  28000000 integrand evaluations so far
[1] -21.8449 +- 52.9532  	chisq 5.47157 (6 df)

Iteration 8:  36000000 integrand evaluations so far
[1] -12.5274 +- 52.497  	chisq 7.27592 (7 df)

Iteration 9:  45000000 integrand evaluations so far
[1] 20.179 +- 48.4316  	chisq 9.88297 (8 df)

Iteration 10:  55000000 integrand evaluations so far
[1] 22.8727 +- 48.3161  	chisq 10.5325 (9 df)
      23 ±     48        (3.64mi) ┃Vegas input parameters:
  ndim 8
  ncomp 1
  nvec 1
  epsrel 0
  epsabs 0
  flags 10
  seed 123456
  mineval 5000000
  maxeval 50000000
  nstart 1000000
  nincrease 1000000
  nbatch 5000
  gridno 0
  statefile ""

Iteration 1:  1000000 integrand evaluations so far
[1] 164.245 +- 46.2257  	chisq 0 (0 df)

Iteration 2:  3000000 integrand evaluations so far
[1] 134.823 +- 34.253  	chisq 0.898391 (1 df)

Iteration 3:  6000000 integrand evaluations so far
[1] 141.24 +- 32.0364  	chisq 1.17861 (2 df)

Iteration 4:  10000000 integrand evaluations so far
[1] 154.052 +- 31.1515  	chisq 4.11428 (3 df)

Iteration 5:  15000000 integrand evaluations so far
[1] 186.517 +- 27.144  	chisq 8.62586 (4 df)

Iteration 6:  21000000 integrand evaluations so far
[1] 232.198 +- 15.8711  	chisq 12.9293 (5 df)

Iteration 7:  28000000 integrand evaluations so far
[1] 265.755 +- 12.1485  	chisq 23.7251 (6 df)

Iteration 8:  36000000 integrand evaluations so far
[1] 295.686 +- 9.81589  	chisq 41.2114 (7 df)

Iteration 9:  45000000 integrand evaluations so far
[1] 323.098 +- 6.71648  	chisq 55.8761 (8 df)

Iteration 10:  55000000 integrand evaluations so far
[1] 326.682 +- 6.53355  	chisq 61.1745 (9 df)
   326.7 ±    6.5        ( 1.8mi) ┃     401 ±     49        (15.9mi) ┃
┃   48 -    50 ┃   29 -    30 ┃ 325.674 ±  0.093        (2.43mi) ┃ -280.42 ±   0.19        (7.41mi) ┃Vegas input parameters:
  ndim 10
  ncomp 1
  nvec 1
  epsrel 0
  epsabs 0
  flags 10
  seed 123456
  mineval 50000000
  maxeval 50000000
  nstart 1000000
  nincrease 1000000
  nbatch 5000
  gridno 0
  statefile ""

Iteration 1:  1000000 integrand evaluations so far
[1] 684.302 +- 926.822  	chisq 0 (0 df)

Iteration 2:  3000000 integrand evaluations so far
[1] 294.375 +- 879.09  	chisq 1.76386 (1 df)

Iteration 3:  6000000 integrand evaluations so far
[1] -176.873 +- 121.107  	chisq 2.05678 (2 df)

Iteration 4:  10000000 integrand evaluations so far
[1] -107.481 +- 110.663  	chisq 4.04598 (3 df)

Iteration 5:  15000000 integrand evaluations so far
[1] -95.9387 +- 109.985  	chisq 4.93674 (4 df)

Iteration 6:  21000000 integrand evaluations so far
[1] -49.8285 +- 101.973  	chisq 6.1888 (5 df)

Iteration 7:  28000000 integrand evaluations so far
[1] -100.311 +- 74.7981  	chisq 6.71931 (6 df)

Iteration 8:  36000000 integrand evaluations so far
[1] -47.4375 +- 66.6727  	chisq 9.15129 (7 df)

Iteration 9:  45000000 integrand evaluations so far
[1] -49.9688 +- 59.9763  	chisq 9.15884 (8 df)

Iteration 10:  55000000 integrand evaluations so far
[1] -33.5413 +- 53.8133  	chisq 9.54366 (9 df)
     -34 ±     54        (3.62mi) ┃Vegas input parameters:
  ndim 8
  ncomp 1
  nvec 1
  epsrel 0
  epsabs 0
  flags 10
  seed 123456
  mineval 5000000
  maxeval 50000000
  nstart 1000000
  nincrease 1000000
  nbatch 5000
  gridno 0
  statefile ""

Iteration 1:  1000000 integrand evaluations so far
[1] 386.321 +- 76.3145  	chisq 0 (0 df)

Iteration 2:  3000000 integrand evaluations so far
[1] 350.379 +- 56.44  	chisq 0.489608 (1 df)

Iteration 3:  6000000 integrand evaluations so far
[1] 260.957 +- 26.4981  	chisq 3.70961 (2 df)

Iteration 4:  10000000 integrand evaluations so far
[1] 277.316 +- 25.6267  	chisq 9.60167 (3 df)

Iteration 5:  15000000 integrand evaluations so far
[1] 301.195 +- 21.2071  	chisq 12.3566 (4 df)

Iteration 6:  21000000 integrand evaluations so far
[1] 317.706 +- 13.1041  	chisq 13.3371 (5 df)

Iteration 7:  28000000 integrand evaluations so far
[1] 344.995 +- 9.17764  	chisq 21.8491 (6 df)

Iteration 8:  36000000 integrand evaluations so far
[1] 348.369 +- 6.51335  	chisq 22.1213 (7 df)

Iteration 9:  45000000 integrand evaluations so far
[1] 351.768 +- 4.64358  	chisq 22.6754 (8 df)

Iteration 10:  55000000 integrand evaluations so far
[1] 349.868 +- 4.1404  	chisq 23.4922 (9 df)
   349.9 ±    4.1        (1.79mi) ┃     362 ±     54        (15.2mi) ┃
┃   48 -    50 ┃   30 -    31 ┃  347.38 ±   0.22        ( 38.1s) ┃ -298.49 ±   0.16        ( 3.8mi) ┃Vegas input parameters:
  ndim 10
  ncomp 1
  nvec 1
  epsrel 0
  epsabs 0
  flags 10
  seed 123456
  mineval 50000000
  maxeval 50000000
  nstart 1000000
  nincrease 1000000
  nbatch 5000
  gridno 0
  statefile ""

Iteration 1:  1000000 integrand evaluations so far
[1] -631.918 +- 942.957  	chisq 0 (0 df)

Iteration 2:  3000000 integrand evaluations so far
[1] -9.06223 +- 53.6992  	chisq 0.437725 (1 df)

Iteration 3:  6000000 integrand evaluations so far
[1] 33.4011 +- 45.5418  	chisq 2.66507 (2 df)

Iteration 4:  10000000 integrand evaluations so far
[1] 25.575 +- 44.8892  	chisq 3.70281 (3 df)

Iteration 5:  15000000 integrand evaluations so far
[1] 13.4132 +- 44.0503  	chisq 5.68538 (4 df)

Iteration 6:  21000000 integrand evaluations so far
[1] 9.02486 +- 43.6102  	chisq 6.18455 (5 df)

Iteration 7:  28000000 integrand evaluations so far
[1] 2.18453 +- 42.4219  	chisq 6.64222 (6 df)

Iteration 8:  36000000 integrand evaluations so far
[1] -3.50248 +- 42.0428  	chisq 7.65229 (7 df)

Iteration 9:  45000000 integrand evaluations so far
[1] -0.70651 +- 40.5473  	chisq 7.71559 (8 df)

Iteration 10:  55000000 integrand evaluations so far
[1] 0.246138 +- 38.8505  	chisq 7.72232 (9 df)
       0 ±     39        (3.61mi) ┃Vegas input parameters:
  ndim 8
  ncomp 1
  nvec 1
  epsrel 0
  epsabs 0
  flags 10
  seed 123456
  mineval 5000000
  maxeval 50000000
  nstart 1000000
  nincrease 1000000
  nbatch 5000
  gridno 0
  statefile ""

Iteration 1:  1000000 integrand evaluations so far
[1] 407.832 +- 75.2913  	chisq 0 (0 df)

Iteration 2:  3000000 integrand evaluations so far
[1] 303.531 +- 49.9297  	chisq 3.42543 (1 df)

Iteration 3:  6000000 integrand evaluations so far
[1] 278.989 +- 34.077  	chisq 3.87773 (2 df)

Iteration 4:  10000000 integrand evaluations so far
[1] 282.937 +- 20.4741  	chisq 3.89874 (3 df)

Iteration 5:  15000000 integrand evaluations so far
[1] 293.733 +- 18.9845  	chisq 5.88185 (4 df)

Iteration 6:  21000000 integrand evaluations so far
[1] 312.029 +- 13.929  	chisq 7.89347 (5 df)

Iteration 7:  28000000 integrand evaluations so far
[1] 317.441 +- 10.863  	chisq 8.27883 (6 df)

Iteration 8:  36000000 integrand evaluations so far
[1] 321.514 +- 7.41646  	chisq 8.5421 (7 df)

Iteration 9:  45000000 integrand evaluations so far
[1] 328.313 +- 5.75098  	chisq 10.6504 (8 df)

Iteration 10:  55000000 integrand evaluations so far
[1] 328.767 +- 4.30051  	chisq 10.6645 (9 df)
   328.8 ±    4.3        (1.78mi) ┃     378 ±     39        (9.83mi) ┃
┃   48 -    50 ┃   31 -    32 ┃ 302.389 ±  0.092        (   9mi) ┃ -260.21 ±   0.12        (28.6mi) ┃Vegas input parameters:
  ndim 10
  ncomp 1
  nvec 1
  epsrel 0
  epsabs 0
  flags 10
  seed 123456
  mineval 50000000
  maxeval 50000000
  nstart 1000000
  nincrease 1000000
  nbatch 5000
  gridno 0
  statefile ""

Iteration 1:  1000000 integrand evaluations so far
[1] -194.248 +- 267.914  	chisq 0 (0 df)

Iteration 2:  3000000 integrand evaluations so far
[1] -107.674 +- 105.464  	chisq 0.123568 (1 df)

Iteration 3:  6000000 integrand evaluations so far
[1] -7.38422 +- 96.3058  	chisq 5.56672 (2 df)

Iteration 4:  10000000 integrand evaluations so far
[1] 17.0692 +- 92.1968  	chisq 6.33875 (3 df)

Iteration 5:  15000000 integrand evaluations so far
[1] -24.8704 +- 84.671  	chisq 7.66019 (4 df)

Iteration 6:  21000000 integrand evaluations so far
[1] 0.383282 +- 83.0521  	chisq 10.0088 (5 df)

Iteration 7:  28000000 integrand evaluations so far
[1] -7.32445 +- 82.1908  	chisq 10.4263 (6 df)

Iteration 8:  36000000 integrand evaluations so far
[1] -53.1173 +- 45.5322  	chisq 10.8741 (7 df)

Iteration 9:  45000000 integrand evaluations so far
[1] -64.9011 +- 44.4956  	chisq 12.3621 (8 df)

Iteration 10:  55000000 integrand evaluations so far
[1] -60.7852 +- 43.0512  	chisq 12.496 (9 df)
     -61 ±     43        (3.61mi) ┃Vegas input parameters:
  ndim 8
  ncomp 1
  nvec 1
  epsrel 0
  epsabs 0
  flags 10
  seed 123456
  mineval 5000000
  maxeval 50000000
  nstart 1000000
  nincrease 1000000
  nbatch 5000
  gridno 0
  statefile ""

Iteration 1:  1000000 integrand evaluations so far
[1] 531.483 +- 101.471  	chisq 0 (0 df)

Iteration 2:  3000000 integrand evaluations so far
[1] 423.106 +- 71.5238  	chisq 2.26716 (1 df)

Iteration 3:  6000000 integrand evaluations so far
[1] 237.612 +- 30.4758  	chisq 10.4852 (2 df)

Iteration 4:  10000000 integrand evaluations so far
[1] 256.18 +- 21.0165  	chisq 11.193 (3 df)

Iteration 5:  15000000 integrand evaluations so far
[1] 264.46 +- 12.2962  	chisq 11.429 (4 df)

Iteration 6:  21000000 integrand evaluations so far
[1] 275.792 +- 7.29103  	chisq 12.7388 (5 df)

Iteration 7:  28000000 integrand evaluations so far
[1] 281.063 +- 5.10933  	chisq 13.7658 (6 df)

Iteration 8:  36000000 integrand evaluations so far
[1] 281.106 +- 5.10915  	chisq 14.7835 (7 df)

Iteration 9:  45000000 integrand evaluations so far
[1] 281.215 +- 5.10793  	chisq 15.7315 (8 df)

Iteration 10:  55000000 integrand evaluations so far
[1] 282.124 +- 5.0183  	chisq 16.6432 (9 df)
   282.1 ±      5        (1.77mi) ┃     264 ±     43        (  43mi) ┃
┃   48 -    50 ┃   32 -    33 ┃   317.4 ±   0.31        (1.32mi) ┃ -272.64 ±   0.11        (14.5mi) ┃Vegas input parameters:
  ndim 10
  ncomp 1
  nvec 1
  epsrel 0
  epsabs 0
  flags 10
  seed 123456
  mineval 50000000
  maxeval 50000000
  nstart 1000000
  nincrease 1000000
  nbatch 5000
  gridno 0
  statefile ""

Iteration 1:  1000000 integrand evaluations so far
[1] 253.145 +- 210.994  	chisq 0 (0 df)

Iteration 2:  3000000 integrand evaluations so far
[1] 118.436 +- 130.376  	chisq 0.65939 (1 df)

Iteration 3:  6000000 integrand evaluations so far
[1] 55.2969 +- 46.5259  	chisq 0.928142 (2 df)

Iteration 4:  10000000 integrand evaluations so far
[1] 50.3918 +- 46.3951  	chisq 2.90813 (3 df)

Iteration 5:  15000000 integrand evaluations so far
[1] 55.9269 +- 40.8021  	chisq 2.97096 (4 df)

Iteration 6:  21000000 integrand evaluations so far
[1] 34.8511 +- 33.0394  	chisq 3.74587 (5 df)

Iteration 7:  28000000 integrand evaluations so far
[1] 41.7268 +- 32.5023  	chisq 5.08899 (6 df)

Iteration 8:  36000000 integrand evaluations so far
[1] 31.5303 +- 29.306  	chisq 5.61524 (7 df)

Iteration 9:  45000000 integrand evaluations so far
[1] 32.9702 +- 29.1358  	chisq 5.8238 (8 df)

Iteration 10:  55000000 integrand evaluations so far
[1] 31.045 +- 29.0251  	chisq 6.39905 (9 df)
      31 ±     29        (3.55mi) ┃Vegas input parameters:
  ndim 8
  ncomp 1
  nvec 1
  epsrel 0
  epsabs 0
  flags 10
  seed 123456
  mineval 5000000
  maxeval 50000000
  nstart 1000000
  nincrease 1000000
  nbatch 5000
  gridno 0
  statefile ""

Iteration 1:  1000000 integrand evaluations so far
[1] 258.665 +- 54.7428  	chisq 0 (0 df)

Iteration 2:  3000000 integrand evaluations so far
[1] 261.264 +- 54.6766  	chisq 0.932222 (1 df)

Iteration 3:  6000000 integrand evaluations so far
[1] 164.437 +- 26.043  	chisq 4.98854 (2 df)

Iteration 4:  10000000 integrand evaluations so far
[1] 188.134 +- 22.1069  	chisq 7.95141 (3 df)

Iteration 5:  15000000 integrand evaluations so far
[1] 219.989 +- 13.8318  	chisq 11.3635 (4 df)

Iteration 6:  21000000 integrand evaluations so far
[1] 244.285 +- 11.2115  	chisq 20.3592 (5 df)

Iteration 7:  28000000 integrand evaluations so far
[1] 265.159 +- 7.91958  	chisq 27.2774 (6 df)

Iteration 8:  36000000 integrand evaluations so far
[1] 275.526 +- 5.45233  	chisq 30.5349 (7 df)

Iteration 9:  45000000 integrand evaluations so far
[1] 281.934 +- 4.10076  	chisq 33.7153 (8 df)

Iteration 10:  55000000 integrand evaluations so far
[1] 284.625 +- 3.16824  	chisq 34.7837 (9 df)
   284.6 ±    3.2        ( 1.8mi) ┃     360 ±     29        (21.1mi) ┃
┃   48 -    50 ┃   33 -    34 ┃  290.61 ±   0.15        ( 4.7mi) ┃ -250.71 ±   0.21        (14.2mi) ┃Vegas input parameters:
  ndim 10
  ncomp 1
  nvec 1
  epsrel 0
  epsabs 0
  flags 10
  seed 123456
  mineval 50000000
  maxeval 50000000
  nstart 1000000
  nincrease 1000000
  nbatch 5000
  gridno 0
  statefile ""

Iteration 1:  1000000 integrand evaluations so far
[1] -49.7594 +- 93.7343  	chisq 0 (0 df)

Iteration 2:  3000000 integrand evaluations so far
[1] -21.3885 +- 89.8836  	chisq 1.1384 (1 df)

Iteration 3:  6000000 integrand evaluations so far
[1] 4.93078 +- 65.6283  	chisq 1.32205 (2 df)

Iteration 4:  10000000 integrand evaluations so far
[1] 10.644 +- 65.2992  	chisq 2.0797 (3 df)

Iteration 5:  15000000 integrand evaluations so far
[1] 17.4874 +- 63.6728  	chisq 2.30296 (4 df)

Iteration 6:  21000000 integrand evaluations so far
[1] -11.667 +- 44.7012  	chisq 2.71637 (5 df)

Iteration 7:  28000000 integrand evaluations so far
[1] -24.3945 +- 43.4999  	chisq 4.24523 (6 df)

Iteration 8:  36000000 integrand evaluations so far
[1] -44.7109 +- 36.0439  	chisq 4.94118 (7 df)

Iteration 9:  45000000 integrand evaluations so far
[1] -42.207 +- 33.9563  	chisq 4.98409 (8 df)

Iteration 10:  55000000 integrand evaluations so far
[1] -48.9692 +- 33.6182  	chisq 6.98572 (9 df)
     -49 ±     34        (3.61mi) ┃Vegas input parameters:
  ndim 8
  ncomp 1
  nvec 1
  epsrel 0
  epsabs 0
  flags 10
  seed 123456
  mineval 5000000
  maxeval 50000000
  nstart 1000000
  nincrease 1000000
  nbatch 5000
  gridno 0
  statefile ""

Iteration 1:  1000000 integrand evaluations so far
[1] 310.794 +- 71.3767  	chisq 0 (0 df)

Iteration 2:  3000000 integrand evaluations so far
[1] 299.905 +- 62.0665  	chisq 0.0954453 (1 df)

Iteration 3:  6000000 integrand evaluations so far
[1] 265.819 +- 51.2121  	chisq 1.04038 (2 df)

Iteration 4:  10000000 integrand evaluations so far
[1] 280.952 +- 48.6684  	chisq 1.9418 (3 df)

Iteration 5:  15000000 integrand evaluations so far
[1] 251.401 +- 32.1093  	chisq 2.59469 (4 df)

Iteration 6:  21000000 integrand evaluations so far
[1] 269.196 +- 22.5909  	chisq 3.20292 (5 df)

Iteration 7:  28000000 integrand evaluations so far
[1] 276.448 +- 13.801  	chisq 3.36732 (6 df)

Iteration 8:  36000000 integrand evaluations so far
[1] 264.903 +- 7.74828  	chisq 4.38918 (7 df)

Iteration 9:  45000000 integrand evaluations so far
[1] 281.256 +- 5.44747  	chisq 13.1968 (8 df)

Iteration 10:  55000000 integrand evaluations so far
[1] 280.301 +- 3.63964  	chisq 13.2522 (9 df)
   280.3 ±    3.6        (1.79mi) ┃     271 ±     34        (24.3mi) ┃
┃   48 -    50 ┃   34 -    35 ┃   312.7 ±   0.23        (   38s) ┃-268.743 ±  0.052        (7.43mi) ┃Vegas input parameters:
  ndim 10
  ncomp 1
  nvec 1
  epsrel 0
  epsabs 0
  flags 10
  seed 123456
  mineval 50000000
  maxeval 50000000
  nstart 1000000
  nincrease 1000000
  nbatch 5000
  gridno 0
  statefile ""

Iteration 1:  1000000 integrand evaluations so far
[1] 3151.61 +- 3186.52  	chisq 0 (0 df)

Iteration 2:  3000000 integrand evaluations so far
[1] 47.3422 +- 124.933  	chisq 0.950499 (1 df)

Iteration 3:  6000000 integrand evaluations so far
[1] -88.3638 +- 85.5121  	chisq 3.17038 (2 df)

Iteration 4:  10000000 integrand evaluations so far
[1] -82.5287 +- 81.2769  	chisq 3.21858 (3 df)

Iteration 5:  15000000 integrand evaluations so far
[1] 9.79833 +- 57.0988  	chisq 5.76644 (4 df)

Iteration 6:  21000000 integrand evaluations so far
[1] -17.0356 +- 48.2422  	chisq 6.53824 (5 df)

Iteration 7:  28000000 integrand evaluations so far
[1] 1.7351 +- 30.1053  	chisq 6.7862 (6 df)

Iteration 8:  36000000 integrand evaluations so far
[1] 1.00577 +- 30.0572  	chisq 6.96984 (7 df)

Iteration 9:  45000000 integrand evaluations so far
[1] 0.613031 +- 30.0547  	chisq 8.01011 (8 df)

Iteration 10:  55000000 integrand evaluations so far
[1] -10.4853 +- 29.1674  	chisq 10.3541 (9 df)
     -10 ±     29        (3.61mi) ┃Vegas input parameters:
  ndim 8
  ncomp 1
  nvec 1
  epsrel 0
  epsabs 0
  flags 10
  seed 123456
  mineval 5000000
  maxeval 50000000
  nstart 1000000
  nincrease 1000000
  nbatch 5000
  gridno 0
  statefile ""

Iteration 1:  1000000 integrand evaluations so far
[1] 188.619 +- 43.8707  	chisq 0 (0 df)

Iteration 2:  3000000 integrand evaluations so far
[1] 186.277 +- 37.8985  	chisq 0.0112335 (1 df)

Iteration 3:  6000000 integrand evaluations so far
[1] 194.555 +- 35.4386  	chisq 0.391085 (2 df)

Iteration 4:  10000000 integrand evaluations so far
[1] 203.2 +- 34.6846  	chisq 1.8046 (3 df)

Iteration 5:  15000000 integrand evaluations so far
[1] 173.555 +- 20.8759  	chisq 2.95004 (4 df)

Iteration 6:  21000000 integrand evaluations so far
[1] 180.349 +- 20.5508  	chisq 6.37683 (5 df)

Iteration 7:  28000000 integrand evaluations so far
[1] 191.812 +- 19.4595  	chisq 9.38658 (6 df)

Iteration 8:  36000000 integrand evaluations so far
[1] 221.605 +- 15.5961  	chisq 15.9406 (7 df)

Iteration 9:  45000000 integrand evaluations so far
[1] 261.776 +- 9.48054  	chisq 26.4631 (8 df)

Iteration 10:  55000000 integrand evaluations so far
[1] 270.163 +- 6.92057  	chisq 28.1381 (9 df)
   270.2 ±    6.9        (1.78mi) ┃     304 ±     30        (13.5mi) ┃
┃   48 -    50 ┃   35 -    36 ┃  265.51 ±   0.17        (1.33mi) ┃ -229.58 ±    0.2        ( 15.2s) ┃Vegas input parameters:
  ndim 10
  ncomp 1
  nvec 1
  epsrel 0
  epsabs 0
  flags 10
  seed 123456
  mineval 50000000
  maxeval 50000000
  nstart 1000000
  nincrease 1000000
  nbatch 5000
  gridno 0
  statefile ""

Iteration 1:  1000000 integrand evaluations so far
[1] -203.476 +- 97.7712  	chisq 0 (0 df)

Iteration 2:  3000000 integrand evaluations so far
[1] -46.1795 +- 51.95  	chisq 3.6065 (1 df)

Iteration 3:  6000000 integrand evaluations so far
[1] -13.8731 +- 39.9479  	chisq 4.55277 (2 df)

Iteration 4:  10000000 integrand evaluations so far
[1] -19.4119 +- 34.4714  	chisq 4.62805 (3 df)

Iteration 5:  15000000 integrand evaluations so far
[1] -21.1202 +- 33.7622  	chisq 4.68835 (4 df)

Iteration 6:  21000000 integrand evaluations so far
[1] -28.2116 +- 29.2312  	chisq 4.86454 (5 df)

Iteration 7:  28000000 integrand evaluations so far
[1] -35.1016 +- 28.2711  	chisq 5.72438 (6 df)

Iteration 8:  36000000 integrand evaluations so far
[1] -48.7058 +- 25.1617  	chisq 6.83831 (7 df)

Iteration 9:  45000000 integrand evaluations so far
[1] -41.7115 +- 24.3694  	chisq 8.08489 (8 df)

Iteration 10:  55000000 integrand evaluations so far
[1] -20.0101 +- 22.6313  	chisq 13.8499 (9 df)
     -20 ±     23        (3.63mi) ┃Vegas input parameters:
  ndim 8
  ncomp 1
  nvec 1
  epsrel 0
  epsabs 0
  flags 10
  seed 123456
  mineval 5000000
  maxeval 50000000
  nstart 1000000
  nincrease 1000000
  nbatch 5000
  gridno 0
  statefile ""

Iteration 1:  1000000 integrand evaluations so far
[1] 258.253 +- 64.2472  	chisq 0 (0 df)

Iteration 2:  3000000 integrand evaluations so far
[1] 174.699 +- 38.2362  	chisq 2.61893 (1 df)

Iteration 3:  6000000 integrand evaluations so far
[1] 151.845 +- 25.2922  	chisq 3.25411 (2 df)

Iteration 4:  10000000 integrand evaluations so far
[1] 162.622 +- 19.2463  	chisq 3.68542 (3 df)

Iteration 5:  15000000 integrand evaluations so far
[1] 179.558 +- 13.1846  	chisq 5.14458 (4 df)

Iteration 6:  21000000 integrand evaluations so far
[1] 203.745 +- 9.71337  	chisq 12.5046 (5 df)

Iteration 7:  28000000 integrand evaluations so far
[1] 224.912 +- 6.9942  	chisq 22.3665 (6 df)

Iteration 8:  36000000 integrand evaluations so far
[1] 234.636 +- 5.22461  	chisq 26.7394 (7 df)

Iteration 9:  45000000 integrand evaluations so far
[1] 238.803 +- 4.07815  	chisq 28.3679 (8 df)

Iteration 10:  55000000 integrand evaluations so far
[1] 241.736 +- 3.73451  	chisq 31.5719 (9 df)
   241.7 ±    3.7        (1.77mi) ┃     258 ±     23        (6.98mi) ┃
┃   48 -    50 ┃   36 -    37 ┃ 274.479 ±  0.051        (9.01mi) ┃ -236.17 ±   0.14        (3.63mi) ┃Vegas input parameters:
  ndim 10
  ncomp 1
  nvec 1
  epsrel 0
  epsabs 0
  flags 10
  seed 123456
  mineval 50000000
  maxeval 50000000
  nstart 1000000
  nincrease 1000000
  nbatch 5000
  gridno 0
  statefile ""

Iteration 1:  1000000 integrand evaluations so far
[1] 853.09 +- 1015.48  	chisq 0 (0 df)

Iteration 2:  3000000 integrand evaluations so far
[1] -35.126 +- 53.8019  	chisq 0.767208 (1 df)

Iteration 3:  6000000 integrand evaluations so far
[1] -28.5445 +- 49.2968  	chisq 0.860468 (2 df)

Iteration 4:  10000000 integrand evaluations so far
[1] -21.0305 +- 46.1821  	chisq 1.05032 (3 df)

Iteration 5:  15000000 integrand evaluations so far
[1] -14.8925 +- 45.5908  	chisq 1.74463 (4 df)

Iteration 6:  21000000 integrand evaluations so far
[1] -8.702 +- 45.3747  	chisq 3.69449 (5 df)

Iteration 7:  28000000 integrand evaluations so far
[1] -12.2296 +- 45.2338  	chisq 4.6687 (6 df)

Iteration 8:  36000000 integrand evaluations so far
[1] -0.336638 +- 44.1774  	chisq 6.16622 (7 df)

Iteration 9:  45000000 integrand evaluations so far
[1] -19.813 +- 36.8967  	chisq 6.80885 (8 df)

Iteration 10:  55000000 integrand evaluations so far
[1] -27.5725 +- 36.046  	chisq 7.77915 (9 df)
     -28 ±     36        (3.63mi) ┃Vegas input parameters:
  ndim 8
  ncomp 1
  nvec 1
  epsrel 0
  epsabs 0
  flags 10
  seed 123456
  mineval 5000000
  maxeval 50000000
  nstart 1000000
  nincrease 1000000
  nbatch 5000
  gridno 0
  statefile ""

Iteration 1:  1000000 integrand evaluations so far
[1] 241.81 +- 57.4298  	chisq 0 (0 df)

Iteration 2:  3000000 integrand evaluations so far
[1] 247.211 +- 56.9691  	chisq 0.553437 (1 df)

Iteration 3:  6000000 integrand evaluations so far
[1] 228.723 +- 48.1052  	chisq 0.92043 (2 df)

Iteration 4:  10000000 integrand evaluations so far
[1] 155.65 +- 23.8392  	chisq 3.97898 (3 df)

Iteration 5:  15000000 integrand evaluations so far
[1] 165.149 +- 15.9647  	chisq 4.26687 (4 df)

Iteration 6:  21000000 integrand evaluations so far
[1] 179.195 +- 14.1645  	chisq 7.90426 (5 df)

Iteration 7:  28000000 integrand evaluations so far
[1] 190.164 +- 8.0778  	chisq 8.79292 (6 df)

Iteration 8:  36000000 integrand evaluations so far
[1] 204.005 +- 6.73684  	chisq 18.4373 (7 df)

Iteration 9:  45000000 integrand evaluations so far
[1] 207.641 +- 6.47932  	chisq 22.3214 (8 df)

Iteration 10:  55000000 integrand evaluations so far
[1] 211.292 +- 6.32264  	chisq 28.9674 (9 df)
   211.3 ±    6.3        (1.79mi) ┃     222 ±     37        (18.1mi) ┃
┃   48 -    50 ┃   37 -    38 ┃  284.72 ±    0.2        ( 12.1s) ┃-244.767 ±  0.036        (3.75mi) ┃Vegas input parameters:
  ndim 10
  ncomp 1
  nvec 1
  epsrel 0
  epsabs 0
  flags 10
  seed 123456
  mineval 50000000
  maxeval 50000000
  nstart 1000000
  nincrease 1000000
  nbatch 5000
  gridno 0
  statefile ""

Iteration 1:  1000000 integrand evaluations so far
[1] -458.441 +- 1204.73  	chisq 0 (0 df)

Iteration 2:  3000000 integrand evaluations so far
[1] -682.095 +- 692.597  	chisq 0.0514788 (1 df)

Iteration 3:  6000000 integrand evaluations so far
[1] -103.045 +- 75.4779  	chisq 0.75887 (2 df)

Iteration 4:  10000000 integrand evaluations so far
[1] -87.7665 +- 73.4219  	chisq 1.52134 (3 df)

Iteration 5:  15000000 integrand evaluations so far
[1] 23.3636 +- 30.3613  	chisq 4.28482 (4 df)

Iteration 6:  21000000 integrand evaluations so far
[1] 18.7609 +- 26.5745  	chisq 4.38308 (5 df)

Iteration 7:  28000000 integrand evaluations so far
[1] 22.3526 +- 22.1522  	chisq 4.44295 (6 df)

Iteration 8:  36000000 integrand evaluations so far
[1] 16.3373 +- 21.9252  	chisq 8.05888 (7 df)

Iteration 9:  45000000 integrand evaluations so far
[1] 15.6375 +- 21.8983  	chisq 8.47534 (8 df)

Iteration 10:  55000000 integrand evaluations so far
[1] 12.2324 +- 21.383  	chisq 8.99522 (9 df)
      12 ±     21        (3.62mi) ┃Vegas input parameters:
  ndim 8
  ncomp 1
  nvec 1
  epsrel 0
  epsabs 0
  flags 10
  seed 123456
  mineval 5000000
  maxeval 50000000
  nstart 1000000
  nincrease 1000000
  nbatch 5000
  gridno 0
  statefile ""

Iteration 1:  1000000 integrand evaluations so far
[1] 332.078 +- 72.6851  	chisq 0 (0 df)

Iteration 2:  3000000 integrand evaluations so far
[1] 336.954 +- 72.0647  	chisq 0.26484 (1 df)

Iteration 3:  6000000 integrand evaluations so far
[1] 341.593 +- 71.8415  	chisq 0.934683 (2 df)

Iteration 4:  10000000 integrand evaluations so far
[1] 149.368 +- 33.5223  	chisq 10.0866 (3 df)

Iteration 5:  15000000 integrand evaluations so far
[1] 153.425 +- 33.3128  	chisq 11.2623 (4 df)

Iteration 6:  21000000 integrand evaluations so far
[1] 161.165 +- 18.5364  	chisq 11.3405 (5 df)

Iteration 7:  28000000 integrand evaluations so far
[1] 194.827 +- 13.4374  	chisq 18.2908 (6 df)

Iteration 8:  36000000 integrand evaluations so far
[1] 208.727 +- 9.88366  	chisq 20.6222 (7 df)

Iteration 9:  45000000 integrand evaluations so far
[1] 220.806 +- 7.65986  	chisq 24.3619 (8 df)

Iteration 10:  55000000 integrand evaluations so far
[1] 235.256 +- 5.2219  	chisq 31.0104 (9 df)
   235.3 ±    5.2        (1.77mi) ┃     287 ±     22        (9.35mi) ┃
┃   48 -    50 ┃   38 -    39 ┃  258.41 ±   0.25        ( 48.3s) ┃ -221.73 ±   0.22        (14.1mi) ┃Vegas input parameters:
  ndim 10
  ncomp 1
  nvec 1
  epsrel 0
  epsabs 0
  flags 10
  seed 123456
  mineval 50000000
  maxeval 50000000
  nstart 1000000
  nincrease 1000000
  nbatch 5000
  gridno 0
  statefile ""

Iteration 1:  1000000 integrand evaluations so far
[1] 562.508 +- 633.105  	chisq 0 (0 df)

Iteration 2:  3000000 integrand evaluations so far
[1] 59.1543 +- 99.8961  	chisq 0.648253 (1 df)

Iteration 3:  6000000 integrand evaluations so far
[1] 17.9036 +- 71.7289  	chisq 1.00025 (2 df)

Iteration 4:  10000000 integrand evaluations so far
[1] 21.8928 +- 68.0808  	chisq 1.03145 (3 df)

Iteration 5:  15000000 integrand evaluations so far
[1] 44.7805 +- 58.0682  	chisq 1.44619 (4 df)

Iteration 6:  21000000 integrand evaluations so far
[1] 14.3747 +- 50.3573  	chisq 2.55199 (5 df)

Iteration 7:  28000000 integrand evaluations so far
[1] 35.6249 +- 36.5723  	chisq 2.92882 (6 df)

Iteration 8:  36000000 integrand evaluations so far
[1] 32.5085 +- 36.3034  	chisq 3.42436 (7 df)

Iteration 9:  45000000 integrand evaluations so far
[1] -12.0751 +- 31.0974  	chisq 9.08909 (8 df)

Iteration 10:  55000000 integrand evaluations so far
[1] -7.13754 +- 30.5328  	chisq 9.78981 (9 df)
      -7 ±     31        (3.57mi) ┃Vegas input parameters:
  ndim 8
  ncomp 1
  nvec 1
  epsrel 0
  epsabs 0
  flags 10
  seed 123456
  mineval 5000000
  maxeval 50000000
  nstart 1000000
  nincrease 1000000
  nbatch 5000
  gridno 0
  statefile ""

Iteration 1:  1000000 integrand evaluations so far
[1] 358.539 +- 75.6718  	chisq 0 (0 df)

Iteration 2:  3000000 integrand evaluations so far
[1] 176.803 +- 34.4848  	chisq 7.27962 (1 df)

Iteration 3:  6000000 integrand evaluations so far
[1] 175.441 +- 25.9974  	chisq 7.28324 (2 df)

Iteration 4:  10000000 integrand evaluations so far
[1] 189.653 +- 21.5464  	chisq 8.23776 (3 df)

Iteration 5:  15000000 integrand evaluations so far
[1] 209.098 +- 17.0427  	chisq 10.4134 (4 df)

Iteration 6:  21000000 integrand evaluations so far
[1] 226.925 +- 14.2802  	chisq 14.0859 (5 df)

Iteration 7:  28000000 integrand evaluations so far
[1] 243.9 +- 10.0758  	chisq 16.8998 (6 df)

Iteration 8:  36000000 integrand evaluations so far
[1] 244.088 +- 6.61024  	chisq 16.9004 (7 df)

Iteration 9:  45000000 integrand evaluations so far
[1] 241.178 +- 4.52647  	chisq 17.2653 (8 df)

Iteration 10:  55000000 integrand evaluations so far
[1] 239.555 +- 3.17588  	chisq 17.5185 (9 df)
   239.6 ±    3.2        (1.76mi) ┃     269 ±     31        (20.2mi) ┃
┃   48 -    50 ┃   39 -    40 ┃ 265.974 ±  0.025        (3.11mi) ┃ -228.13 ±   0.21        (55.7mi) ┃Vegas input parameters:
  ndim 10
  ncomp 1
  nvec 1
  epsrel 0
  epsabs 0
  flags 10
  seed 123456
  mineval 50000000
  maxeval 50000000
  nstart 1000000
  nincrease 1000000
  nbatch 5000
  gridno 0
  statefile ""

Iteration 1:  1000000 integrand evaluations so far
[1] -251.673 +- 265.982  	chisq 0 (0 df)

Iteration 2:  3000000 integrand evaluations so far
[1] 75.435 +- 127.243  	chisq 1.96129 (1 df)

Iteration 3:  6000000 integrand evaluations so far
[1] 82.8749 +- 75.0861  	chisq 1.96654 (2 df)

Iteration 4:  10000000 integrand evaluations so far
[1] -14.732 +- 41.7673  	chisq 4.41351 (3 df)

Iteration 5:  15000000 integrand evaluations so far
[1] -22.064 +- 35.878  	chisq 4.53107 (4 df)

Iteration 6:  21000000 integrand evaluations so far
[1] -26.5274 +- 32.1417  	chisq 4.60946 (5 df)

Iteration 7:  28000000 integrand evaluations so far
[1] -15.0901 +- 30.8911  	chisq 6.26887 (6 df)

Iteration 8:  36000000 integrand evaluations so far
[1] -17.835 +- 29.9536  	chisq 6.40095 (7 df)

Iteration 9:  45000000 integrand evaluations so far
[1] -7.47625 +- 26.6644  	chisq 6.97714 (8 df)

Iteration 10:  55000000 integrand evaluations so far
[1] -8.94394 +- 26.5725  	chisq 7.41731 (9 df)
      -9 ±     27        (3.62mi) ┃Vegas input parameters:
  ndim 8
  ncomp 1
  nvec 1
  epsrel 0
  epsabs 0
  flags 10
  seed 123456
  mineval 5000000
  maxeval 50000000
  nstart 1000000
  nincrease 1000000
  nbatch 5000
  gridno 0
  statefile ""

Iteration 1:  1000000 integrand evaluations so far
[1] 272.1 +- 64.5732  	chisq 0 (0 df)

Iteration 2:  3000000 integrand evaluations so far
[1] 213.456 +- 42.1874  	chisq 1.439 (1 df)

Iteration 3:  6000000 integrand evaluations so far
[1] 215.532 +- 39.0861  	chisq 1.45611 (2 df)

Iteration 4:  10000000 integrand evaluations so far
[1] 191.021 +- 29.5811  	chisq 2.37662 (3 df)

Iteration 5:  15000000 integrand evaluations so far
[1] 189.826 +- 17.94  	chisq 2.37921 (4 df)

Iteration 6:  21000000 integrand evaluations so far
[1] 201.728 +- 14.1581  	chisq 3.54609 (5 df)

Iteration 7:  28000000 integrand evaluations so far
[1] 207.773 +- 9.52266  	chisq 3.87906 (6 df)

Iteration 8:  36000000 integrand evaluations so far
[1] 209.19 +- 9.43777  	chisq 5.12534 (7 df)

Iteration 9:  45000000 integrand evaluations so far
[1] 218.45 +- 7.74244  	chisq 8.0695 (8 df)

Iteration 10:  55000000 integrand evaluations so far
[1] 224.152 +- 5.53843  	chisq 9.18042 (9 df)
   224.2 ±    5.5        (1.79mi) ┃     253 ±     27        (1.07hr) ┃
┃   48 -    50 ┃   40 -    41 ┃  239.22 ±   0.23        ( 1.6mi) ┃ -204.36 ±   0.11        ( 6.9mi) ┃Vegas input parameters:
  ndim 10
  ncomp 1
  nvec 1
  epsrel 0
  epsabs 0
  flags 10
  seed 123456
  mineval 50000000
  maxeval 50000000
  nstart 1000000
  nincrease 1000000
  nbatch 5000
  gridno 0
  statefile ""

Iteration 1:  1000000 integrand evaluations so far
[1] -460.874 +- 340.113  	chisq 0 (0 df)

Iteration 2:  3000000 integrand evaluations so far
[1] 4.58352 +- 162.179  	chisq 2.42407 (1 df)

Iteration 3:  6000000 integrand evaluations so far
[1] 68.2685 +- 75.0624  	chisq 2.6203 (2 df)

Iteration 4:  10000000 integrand evaluations so far
[1] 45.0925 +- 72.8555  	chisq 4.26571 (3 df)

Iteration 5:  15000000 integrand evaluations so far
[1] 40.6585 +- 49.2374  	chisq 4.27253 (4 df)

Iteration 6:  21000000 integrand evaluations so far
[1] 51.2483 +- 43.5068  	chisq 4.48354 (5 df)

Iteration 7:  28000000 integrand evaluations so far
[1] 55.8818 +- 42.6074  	chisq 4.76074 (6 df)

Iteration 8:  36000000 integrand evaluations so far
[1] 38.5321 +- 38.671  	chisq 5.70157 (7 df)

Iteration 9:  45000000 integrand evaluations so far
[1] 33.8181 +- 38.0322  	chisq 6.15507 (8 df)

Iteration 10:  55000000 integrand evaluations so far
[1] 38.4754 +- 35.2577  	chisq 6.26174 (9 df)
      38 ±     35        (3.65mi) ┃Vegas input parameters:
  ndim 8
  ncomp 1
  nvec 1
  epsrel 0
  epsabs 0
  flags 10
  seed 123456
  mineval 5000000
  maxeval 50000000
  nstart 1000000
  nincrease 1000000
  nbatch 5000
  gridno 0
  statefile ""

Iteration 1:  1000000 integrand evaluations so far
[1] 222.946 +- 50.5386  	chisq 0 (0 df)

Iteration 2:  3000000 integrand evaluations so far
[1] 226.703 +- 44.0845  	chisq 0.0231138 (1 df)

Iteration 3:  6000000 integrand evaluations so far
[1] 233.361 +- 39.8724  	chisq 0.14847 (2 df)

Iteration 4:  10000000 integrand evaluations so far
[1] 244.022 +- 32.183  	chisq 0.353604 (3 df)

Iteration 5:  15000000 integrand evaluations so far
[1] 177.255 +- 13.6395  	chisq 5.59982 (4 df)

Iteration 6:  21000000 integrand evaluations so far
[1] 191.463 +- 10.0684  	chisq 7.984 (5 df)

Iteration 7:  28000000 integrand evaluations so far
[1] 196.654 +- 6.40326  	chisq 8.43042 (6 df)

Iteration 8:  36000000 integrand evaluations so far
[1] 197.514 +- 6.36777  	chisq 10.0602 (7 df)

Iteration 9:  45000000 integrand evaluations so far
[1] 201.144 +- 5.57635  	chisq 11.4547 (8 df)

Iteration 10:  55000000 integrand evaluations so far
[1] 206.826 +- 4.55248  	chisq 14.5679 (9 df)
   206.8 ±    4.6        (1.78mi) ┃     280 ±     36        (13.9mi) ┃
┃   48 -    50 ┃   41 -    42 ┃  269.66 ±   0.24        (1.35mi) ┃-232.729 ±  0.063        (  28mi) ┃Vegas input parameters:
  ndim 10
  ncomp 1
  nvec 1
  epsrel 0
  epsabs 0
  flags 10
  seed 123456
  mineval 50000000
  maxeval 50000000
  nstart 1000000
  nincrease 1000000
  nbatch 5000
  gridno 0
  statefile ""

Iteration 1:  1000000 integrand evaluations so far
[1] -445.473 +- 456.092  	chisq 0 (0 df)

Iteration 2:  3000000 integrand evaluations so far
[1] -57.5351 +- 110.36  	chisq 0.76846 (1 df)

Iteration 3:  6000000 integrand evaluations so far
[1] -50.5733 +- 71.6315  	chisq 0.775336 (2 df)

Iteration 4:  10000000 integrand evaluations so far
[1] -38.166 +- 52.3556  	chisq 0.839748 (3 df)

Iteration 5:  15000000 integrand evaluations so far
[1] -32.1934 +- 46.9581  	chisq 0.906295 (4 df)

Iteration 6:  21000000 integrand evaluations so far
[1] -47.0662 +- 41.4154  	chisq 1.35789 (5 df)

Iteration 7:  28000000 integrand evaluations so far
[1] -46.7559 +- 40.9454  	chisq 1.36037 (6 df)

Iteration 8:  36000000 integrand evaluations so far
[1] -52.0148 +- 40.3499  	chisq 1.9316 (7 df)

Iteration 9:  45000000 integrand evaluations so far
[1] -69.9012 +- 39.1834  	chisq 5.37996 (8 df)

Iteration 10:  55000000 integrand evaluations so far
[1] -70.3334 +- 32.7632  	chisq 5.38037 (9 df)
     -70 ±     33        (3.63mi) ┃Vegas input parameters:
  ndim 8
  ncomp 1
  nvec 1
  epsrel 0
  epsabs 0
  flags 10
  seed 123456
  mineval 5000000
  maxeval 50000000
  nstart 1000000
  nincrease 1000000
  nbatch 5000
  gridno 0
  statefile ""

Iteration 1:  1000000 integrand evaluations so far
[1] 196.386 +- 47.9221  	chisq 0 (0 df)

Iteration 2:  3000000 integrand evaluations so far
[1] 129.283 +- 29.628  	chisq 3.17391 (1 df)

Iteration 3:  6000000 integrand evaluations so far
[1] 126.542 +- 22.2144  	chisq 3.19345 (2 df)

Iteration 4:  10000000 integrand evaluations so far
[1] 137.45 +- 20.5484  	chisq 4.86353 (3 df)

Iteration 5:  15000000 integrand evaluations so far
[1] 161.6 +- 15.601  	chisq 8.12438 (4 df)

Iteration 6:  21000000 integrand evaluations so far
[1] 180.902 +- 9.80232  	chisq 10.6537 (5 df)

Iteration 7:  28000000 integrand evaluations so far
[1] 192.808 +- 5.90325  	chisq 12.9686 (6 df)

Iteration 8:  36000000 integrand evaluations so far
[1] 196.258 +- 3.60904  	chisq 13.514 (7 df)

Iteration 9:  45000000 integrand evaluations so far
[1] 196.917 +- 3.5716  	chisq 15.1317 (8 df)

Iteration 10:  55000000 integrand evaluations so far
[1] 197.803 +- 3.54541  	chisq 19.3406 (9 df)
   197.8 ±    3.5        (1.79mi) ┃     164 ±     33        (34.8mi) ┃
┃   48 -    50 ┃   42 -    43 ┃  243.31 ±   0.17        (1.34mi) ┃ -208.58 ±   0.12        (13.8mi) ┃Vegas input parameters:
  ndim 10
  ncomp 1
  nvec 1
  epsrel 0
  epsabs 0
  flags 10
  seed 123456
  mineval 50000000
  maxeval 50000000
  nstart 1000000
  nincrease 1000000
  nbatch 5000
  gridno 0
  statefile ""

Iteration 1:  1000000 integrand evaluations so far
[1] 535.348 +- 487.193  	chisq 0 (0 df)

Iteration 2:  3000000 integrand evaluations so far
[1] -166.65 +- 264.687  	chisq 2.94566 (1 df)

Iteration 3:  6000000 integrand evaluations so far
[1] -233.466 +- 167.113  	chisq 3.05162 (2 df)

Iteration 4:  10000000 integrand evaluations so far
[1] 0.0131634 +- 79.6327  	chisq 5.57705 (3 df)

Iteration 5:  15000000 integrand evaluations so far
[1] -14.9247 +- 78.5143  	chisq 6.83863 (4 df)

Iteration 6:  21000000 integrand evaluations so far
[1] -26.6888 +- 38.8904  	chisq 6.86838 (5 df)

Iteration 7:  28000000 integrand evaluations so far
[1] -10.9979 +- 36.3091  	chisq 8.13675 (6 df)

Iteration 8:  36000000 integrand evaluations so far
[1] -38.5959 +- 30.8929  	chisq 10.2293 (7 df)

Iteration 9:  45000000 integrand evaluations so far
[1] -29.2508 +- 30.2025  	chisq 12.2997 (8 df)

Iteration 10:  55000000 integrand evaluations so far
[1] -22.4531 +- 28.4051  	chisq 12.7383 (9 df)
     -22 ±     28        (3.66mi) ┃Vegas input parameters:
  ndim 8
  ncomp 1
  nvec 1
  epsrel 0
  epsabs 0
  flags 10
  seed 123456
  mineval 5000000
  maxeval 50000000
  nstart 1000000
  nincrease 1000000
  nbatch 5000
  gridno 0
  statefile ""

Iteration 1:  1000000 integrand evaluations so far
[1] 260.615 +- 58.423  	chisq 0 (0 df)

Iteration 2:  3000000 integrand evaluations so far
[1] 110.687 +- 17.5688  	chisq 7.24039 (1 df)

Iteration 3:  6000000 integrand evaluations so far
[1] 113.476 +- 17.4206  	chisq 8.74141 (2 df)

Iteration 4:  10000000 integrand evaluations so far
[1] 119.045 +- 16.1003  	chisq 9.44223 (3 df)

Iteration 5:  15000000 integrand evaluations so far
[1] 136.518 +- 11.3195  	chisq 11.7713 (4 df)

Iteration 6:  21000000 integrand evaluations so far
[1] 153.692 +- 9.69912  	chisq 20.4313 (5 df)

Iteration 7:  28000000 integrand evaluations so far
[1] 176.423 +- 8.04146  	chisq 38.0009 (6 df)

Iteration 8:  36000000 integrand evaluations so far
[1] 194.13 +- 5.33472  	chisq 46.6612 (7 df)

Iteration 9:  45000000 integrand evaluations so far
[1] 207.363 +- 3.88329  	chisq 59.749 (8 df)

Iteration 10:  55000000 integrand evaluations so far
[1] 211.344 +- 2.8187  	chisq 61.9701 (9 df)
   211.3 ±    2.8        (1.76mi) ┃     224 ±     29        (20.5mi) ┃
┃   48 -    50 ┃   43 -    44 ┃ 218.581 ±  0.087        (2.65mi) ┃-188.636 ±  0.056        (27.3mi) ┃Vegas input parameters:
  ndim 10
  ncomp 1
  nvec 1
  epsrel 0
  epsabs 0
  flags 10
  seed 123456
  mineval 50000000
  maxeval 50000000
  nstart 1000000
  nincrease 1000000
  nbatch 5000
  gridno 0
  statefile ""

Iteration 1:  1000000 integrand evaluations so far
[1] 97.5418 +- 139.996  	chisq 0 (0 df)

Iteration 2:  3000000 integrand evaluations so far
[1] 84.0505 +- 79.8551  	chisq 0.0137661 (1 df)

Iteration 3:  6000000 integrand evaluations so far
[1] -14.9198 +- 42.1196  	chisq 2.14185 (2 df)

Iteration 4:  10000000 integrand evaluations so far
[1] 1.34698 +- 41.0349  	chisq 5.0756 (3 df)

Iteration 5:  15000000 integrand evaluations so far
[1] -8.04796 +- 31.3474  	chisq 5.20147 (4 df)

Iteration 6:  21000000 integrand evaluations so far
[1] -22.3143 +- 28.4509  	chisq 6.37655 (5 df)

Iteration 7:  28000000 integrand evaluations so far
[1] -29.0022 +- 25.0658  	chisq 6.62344 (6 df)

Iteration 8:  36000000 integrand evaluations so far
[1] -22.0051 +- 22.2329  	chisq 6.98882 (7 df)

Iteration 9:  45000000 integrand evaluations so far
[1] -26.7866 +- 20.861  	chisq 7.37554 (8 df)

Iteration 10:  55000000 integrand evaluations so far
[1] -14.5725 +- 19.4691  	chisq 10.033 (9 df)
     -15 ±     19        (3.63mi) ┃Vegas input parameters:
  ndim 8
  ncomp 1
  nvec 1
  epsrel 0
  epsabs 0
  flags 10
  seed 123456
  mineval 5000000
  maxeval 50000000
  nstart 1000000
  nincrease 1000000
  nbatch 5000
  gridno 0
  statefile ""

Iteration 1:  1000000 integrand evaluations so far
[1] 273.873 +- 60.7905  	chisq 0 (0 df)

Iteration 2:  3000000 integrand evaluations so far
[1] 279.989 +- 59.9789  	chisq 0.381548 (1 df)

Iteration 3:  6000000 integrand evaluations so far
[1] 168.757 +- 34.5248  	chisq 5.52491 (2 df)

Iteration 4:  10000000 integrand evaluations so far
[1] 137.714 +- 17.6757  	chisq 6.6206 (3 df)

Iteration 5:  15000000 integrand evaluations so far
[1] 145.772 +- 16.3461  	chisq 8.05588 (4 df)

Iteration 6:  21000000 integrand evaluations so far
[1] 159.56 +- 13.7718  	chisq 10.5081 (5 df)

Iteration 7:  28000000 integrand evaluations so far
[1] 174.199 +- 9.37671  	chisq 12.6144 (6 df)

Iteration 8:  36000000 integrand evaluations so far
[1] 179.161 +- 8.67557  	chisq 14.5595 (7 df)

Iteration 9:  45000000 integrand evaluations so far
[1] 192.213 +- 7.07173  	chisq 21.3046 (8 df)

Iteration 10:  55000000 integrand evaluations so far
[1] 206.147 +- 4.87822  	chisq 28.7116 (9 df)
   206.1 ±    4.9        (1.75mi) ┃     222 ±     20        (35.4mi) ┃
┃   48 -    50 ┃   44 -    45 ┃  264.05 ±   0.13        ( 19.2s) ┃-226.089 ±  0.086        (3.56mi) ┃Vegas input parameters:
  ndim 10
  ncomp 1
  nvec 1
  epsrel 0
  epsabs 0
  flags 10
  seed 123456
  mineval 50000000
  maxeval 50000000
  nstart 1000000
  nincrease 1000000
  nbatch 5000
  gridno 0
  statefile ""

Iteration 1:  1000000 integrand evaluations so far
[1] 14.215 +- 212.306  	chisq 0 (0 df)

Iteration 2:  3000000 integrand evaluations so far
[1] 43.5568 +- 182.75  	chisq 0.0737359 (1 df)

Iteration 3:  6000000 integrand evaluations so far
[1] -52.7269 +- 53.6137  	chisq 0.377457 (2 df)

Iteration 4:  10000000 integrand evaluations so far
[1] -22.8904 +- 41.0253  	chisq 1.12469 (3 df)

Iteration 5:  15000000 integrand evaluations so far
[1] -28.9698 +- 38.5757  	chisq 1.31423 (4 df)

Iteration 6:  21000000 integrand evaluations so far
[1] -34.6304 +- 32.7638  	chisq 1.39151 (5 df)

Iteration 7:  28000000 integrand evaluations so far
[1] -44.7395 +- 30.5466  	chisq 2.11954 (6 df)

Iteration 8:  36000000 integrand evaluations so far
[1] -22.6208 +- 24.347  	chisq 3.55712 (7 df)

Iteration 9:  45000000 integrand evaluations so far
[1] -28.1067 +- 23.1492  	chisq 4.08612 (8 df)

Iteration 10:  55000000 integrand evaluations so far
[1] -35.1268 +- 22.4373  	chisq 5.60468 (9 df)
     -35 ±     22        ( 3.6mi) ┃Vegas input parameters:
  ndim 8
  ncomp 1
  nvec 1
  epsrel 0
  epsabs 0
  flags 10
  seed 123456
  mineval 5000000
  maxeval 50000000
  nstart 1000000
  nincrease 1000000
  nbatch 5000
  gridno 0
  statefile ""

Iteration 1:  1000000 integrand evaluations so far
[1] 194.483 +- 48.261  	chisq 0 (0 df)

Iteration 2:  3000000 integrand evaluations so far
[1] 52.3232 +- 15.9628  	chisq 9.74273 (1 df)

Iteration 3:  6000000 integrand evaluations so far
[1] 52.8409 +- 15.9552  	chisq 10.8503 (2 df)

Iteration 4:  10000000 integrand evaluations so far
[1] 53.7087 +- 15.9344  	chisq 11.9836 (3 df)

Iteration 5:  15000000 integrand evaluations so far
[1] 59.042 +- 15.7274  	chisq 16.3234 (4 df)

Iteration 6:  21000000 integrand evaluations so far
[1] 71.1026 +- 14.6465  	chisq 20.7541 (5 df)

Iteration 7:  28000000 integrand evaluations so far
[1] 84.2532 +- 14.0993  	chisq 31.7474 (6 df)

Iteration 8:  36000000 integrand evaluations so far
[1] 125.783 +- 10.3308  	chisq 50.481 (7 df)

Iteration 9:  45000000 integrand evaluations so far
[1] 155.456 +- 7.92612  	chisq 70.5377 (8 df)

Iteration 10:  55000000 integrand evaluations so far
[1] 182.586 +- 4.82701  	chisq 89.1602 (9 df)
   182.6 ±    4.8        (1.82mi) ┃     185 ±     23        ( 9.3mi) ┃
┃   48 -    50 ┃   45 -    46 ┃ 204.363 ±  0.057        (1.34mi) ┃-175.913 ±  0.073        (13.8mi) ┃Vegas input parameters:
  ndim 10
  ncomp 1
  nvec 1
  epsrel 0
  epsabs 0
  flags 10
  seed 123456
  mineval 50000000
  maxeval 50000000
  nstart 1000000
  nincrease 1000000
  nbatch 5000
  gridno 0
  statefile ""

Iteration 1:  1000000 integrand evaluations so far
[1] -54.4519 +- 150.006  	chisq 0 (0 df)

Iteration 2:  3000000 integrand evaluations so far
[1] -3.96434 +- 136.168  	chisq 0.643656 (1 df)

Iteration 3:  6000000 integrand evaluations so far
[1] 51.8374 +- 87.0938  	chisq 0.927861 (2 df)

Iteration 4:  10000000 integrand evaluations so far
[1] 44.5012 +- 30.4337  	chisq 0.935943 (3 df)

Iteration 5:  15000000 integrand evaluations so far
[1] 46.0303 +- 30.3323  	chisq 1.31564 (4 df)

Iteration 6:  21000000 integrand evaluations so far
[1] 31.7309 +- 26.7674  	chisq 2.32012 (5 df)

Iteration 7:  28000000 integrand evaluations so far
[1] 27.3022 +- 25.805  	chisq 2.70777 (6 df)

Iteration 8:  36000000 integrand evaluations so far
[1] 11.9799 +- 22.6755  	chisq 4.25521 (7 df)

Iteration 9:  45000000 integrand evaluations so far
[1] 7.68231 +- 21.7445  	chisq 4.70183 (8 df)

Iteration 10:  55000000 integrand evaluations so far
[1] 7.93554 +- 21.7433  	chisq 5.91291 (9 df)
       8 ±     22        (3.63mi) ┃Vegas input parameters:
  ndim 8
  ncomp 1
  nvec 1
  epsrel 0
  epsabs 0
  flags 10
  seed 123456
  mineval 5000000
  maxeval 50000000
  nstart 1000000
  nincrease 1000000
  nbatch 5000
  gridno 0
  statefile ""

Iteration 1:  1000000 integrand evaluations so far
[1] 236.526 +- 54.8275  	chisq 0 (0 df)

Iteration 2:  3000000 integrand evaluations so far
[1] 103.943 +- 20.1634  	chisq 6.76217 (1 df)

Iteration 3:  6000000 integrand evaluations so far
[1] 107.581 +- 20.0492  	chisq 9.64139 (2 df)

Iteration 4:  10000000 integrand evaluations so far
[1] 118.671 +- 19.073  	chisq 12.8618 (3 df)

Iteration 5:  15000000 integrand evaluations so far
[1] 139.344 +- 14.9883  	chisq 15.9337 (4 df)

Iteration 6:  21000000 integrand evaluations so far
[1] 151.447 +- 10.5777  	chisq 17.2326 (5 df)

Iteration 7:  28000000 integrand evaluations so far
[1] 169.575 +- 6.80102  	chisq 22.2397 (6 df)

Iteration 8:  36000000 integrand evaluations so far
[1] 174.226 +- 4.39776  	chisq 23.0435 (7 df)

Iteration 9:  45000000 integrand evaluations so far
[1] 183.465 +- 3.04332  	chisq 31.5121 (8 df)

Iteration 10:  55000000 integrand evaluations so far
[1] 188.461 +- 2.41178  	chisq 38.7576 (9 df)
   188.5 ±    2.4        (1.76mi) ┃     225 ±     22        (20.5mi) ┃
┃   48 -    50 ┃   46 -    47 ┃  224.75 ±   0.17        (2.36mi) ┃ -193.45 ±   0.15        (13.8mi) ┃Vegas input parameters:
  ndim 10
  ncomp 1
  nvec 1
  epsrel 0
  epsabs 0
  flags 10
  seed 123456
  mineval 50000000
  maxeval 50000000
  nstart 1000000
  nincrease 1000000
  nbatch 5000
  gridno 0
  statefile ""

Iteration 1:  1000000 integrand evaluations so far
[1] 1258.13 +- 1501.95  	chisq 0 (0 df)

Iteration 2:  3000000 integrand evaluations so far
[1] -3.86915 +- 20.3793  	chisq 0.706137 (1 df)

Iteration 3:  6000000 integrand evaluations so far
[1] -13.3585 +- 19.7093  	chisq 4.05884 (2 df)

Iteration 4:  10000000 integrand evaluations so far
[1] -11.9376 +- 19.6148  	chisq 4.60201 (3 df)

Iteration 5:  15000000 integrand evaluations so far
[1] -15.1051 +- 19.3418  	chisq 5.54553 (4 df)

Iteration 6:  21000000 integrand evaluations so far
[1] -18.741 +- 18.012  	chisq 5.81166 (5 df)

Iteration 7:  28000000 integrand evaluations so far
[1] -15.9036 +- 17.8666  	chisq 7.35519 (6 df)

Iteration 8:  36000000 integrand evaluations so far
[1] -13.8563 +- 17.7508  	chisq 8.37099 (7 df)

Iteration 9:  45000000 integrand evaluations so far
[1] -16.7512 +- 17.1747  	chisq 8.78751 (8 df)

Iteration 10:  55000000 integrand evaluations so far
[1] -22.2237 +- 16.7322  	chisq 10.7839 (9 df)
     -22 ±     17        (3.59mi) ┃Vegas input parameters:
  ndim 8
  ncomp 1
  nvec 1
  epsrel 0
  epsabs 0
  flags 10
  seed 123456
  mineval 5000000
  maxeval 50000000
  nstart 1000000
  nincrease 1000000
  nbatch 5000
  gridno 0
  statefile ""

Iteration 1:  1000000 integrand evaluations so far
[1] 171.304 +- 44.7586  	chisq 0 (0 df)

Iteration 2:  3000000 integrand evaluations so far
[1] 73.9766 +- 17.0448  	chisq 5.53049 (1 df)

Iteration 3:  6000000 integrand evaluations so far
[1] 79.4605 +- 16.2165  	chisq 6.62208 (2 df)

Iteration 4:  10000000 integrand evaluations so far
[1] 87.8023 +- 15.8558  	chisq 12.6362 (3 df)

Iteration 5:  15000000 integrand evaluations so far
[1] 111.146 +- 13.0943  	chisq 19.4523 (4 df)

Iteration 6:  21000000 integrand evaluations so far
[1] 143.06 +- 9.3676  	chisq 31.6196 (5 df)

Iteration 7:  28000000 integrand evaluations so far
[1] 151.567 +- 8.65952  	chisq 37.29 (6 df)

Iteration 8:  36000000 integrand evaluations so far
[1] 166.339 +- 7.47837  	chisq 48.7373 (7 df)

Iteration 9:  45000000 integrand evaluations so far
[1] 178.746 +- 6.08873  	chisq 56.902 (8 df)

Iteration 10:  55000000 integrand evaluations so far
[1] 191.332 +- 4.5606  	chisq 66.6364 (9 df)
   191.3 ±    4.6        (1.77mi) ┃     200 ±     17        (21.5mi) ┃
┃   48 -    50 ┃   47 -    48 ┃  230.62 ±   0.18        (4.52mi) ┃  -199.7 ±   0.16        (1.05mi) ┃Vegas input parameters:
  ndim 10
  ncomp 1
  nvec 1
  epsrel 0
  epsabs 0
  flags 10
  seed 123456
  mineval 50000000
  maxeval 50000000
  nstart 1000000
  nincrease 1000000
  nbatch 5000
  gridno 0
  statefile ""

Iteration 1:  1000000 integrand evaluations so far
[1] -1544.06 +- 1596.48  	chisq 0 (0 df)

Iteration 2:  3000000 integrand evaluations so far
[1] -160.918 +- 159.437  	chisq 0.758163 (1 df)

Iteration 3:  6000000 integrand evaluations so far
[1] 26.666 +- 83.514  	chisq 2.66582 (2 df)

Iteration 4:  10000000 integrand evaluations so far
[1] 29.3965 +- 79.5483  	chisq 2.67735 (3 df)

Iteration 5:  15000000 integrand evaluations so far
[1] 20.0778 +- 60.2011  	chisq 2.70947 (4 df)

Iteration 6:  21000000 integrand evaluations so far
[1] 12.1491 +- 32.9694  	chisq 2.73424 (5 df)

Iteration 7:  28000000 integrand evaluations so far
[1] 12.8218 +- 32.9583  	chisq 3.35685 (6 df)

Iteration 8:  36000000 integrand evaluations so far
[1] 16.8903 +- 30.0425  	chisq 3.44696 (7 df)

Iteration 9:  45000000 integrand evaluations so far
[1] 15.9636 +- 30.0306  	chisq 4.64463 (8 df)

Iteration 10:  55000000 integrand evaluations so far
[1] 12.0094 +- 25.5066  	chisq 4.70686 (9 df)
      12 ±     26        (3.64mi) ┃Vegas input parameters:
  ndim 8
  ncomp 1
  nvec 1
  epsrel 0
  epsabs 0
  flags 10
  seed 123456
  mineval 5000000
  maxeval 50000000
  nstart 1000000
  nincrease 1000000
  nbatch 5000
  gridno 0
  statefile ""

Iteration 1:  1000000 integrand evaluations so far
[1] 180.652 +- 43.102  	chisq 0 (0 df)

Iteration 2:  3000000 integrand evaluations so far
[1] 173.419 +- 39.8942  	chisq 0.196499 (1 df)

Iteration 3:  6000000 integrand evaluations so far
[1] 78.7024 +- 15.8923  	chisq 6.89651 (2 df)

Iteration 4:  10000000 integrand evaluations so far
[1] 82.6522 +- 15.3733  	chisq 7.85803 (3 df)

Iteration 5:  15000000 integrand evaluations so far
[1] 101.474 +- 11.6646  	chisq 11.3908 (4 df)

Iteration 6:  21000000 integrand evaluations so far
[1] 121.953 +- 9.48053  	chisq 20.4726 (5 df)

Iteration 7:  28000000 integrand evaluations so far
[1] 144.301 +- 7.32726  	chisq 34.2721 (6 df)

Iteration 8:  36000000 integrand evaluations so far
[1] 154.387 +- 6.52456  	chisq 43.4205 (7 df)

Iteration 9:  45000000 integrand evaluations so far
[1] 168.651 +- 5.21484  	chisq 56.6543 (8 df)

Iteration 10:  55000000 integrand evaluations so far
[1] 174.068 +- 4.74456  	chisq 62.9191 (9 df)
   174.1 ±    4.7        (1.78mi) ┃     217 ±     26        (  11mi) ┃
┃   48 -    50 ┃   48 -    49 ┃ 201.372 ±  0.082        ( 1.3mi) ┃ -173.19 ±   0.16        (13.2mi) ┃Vegas input parameters:
  ndim 10
  ncomp 1
  nvec 1
  epsrel 0
  epsabs 0
  flags 10
  seed 123456
  mineval 50000000
  maxeval 50000000
  nstart 1000000
  nincrease 1000000
  nbatch 5000
  gridno 0
  statefile ""

Iteration 1:  1000000 integrand evaluations so far
[1] -108.625 +- 62.36  	chisq 0 (0 df)

Iteration 2:  3000000 integrand evaluations so far
[1] -80.0432 +- 60.0021  	chisq 2.83148 (1 df)

Iteration 3:  6000000 integrand evaluations so far
[1] -68.7376 +- 59.6253  	chisq 5.66681 (2 df)

Iteration 4:  10000000 integrand evaluations so far
[1] -75.892 +- 59.1956  	chisq 6.66929 (3 df)

Iteration 5:  15000000 integrand evaluations so far
[1] -3.80646 +- 37.1771  	chisq 9.1181 (4 df)

Iteration 6:  21000000 integrand evaluations so far
[1] -21.3246 +- 30.3316  	chisq 9.78217 (5 df)

Iteration 7:  28000000 integrand evaluations so far
[1] -17.5877 +- 30.115  	chisq 10.8489 (6 df)

Iteration 8:  36000000 integrand evaluations so far
[1] -13.2528 +- 29.8484  	chisq 12.0245 (7 df)

Iteration 9:  45000000 integrand evaluations so far
[1] -11.3343 +- 29.5914  	chisq 12.2654 (8 df)

Iteration 10:  55000000 integrand evaluations so far
[1] -14.8331 +- 27.3992  	chisq 12.3634 (9 df)
     -15 ±     27        (3.59mi) ┃Vegas input parameters:
  ndim 8
  ncomp 1
  nvec 1
  epsrel 0
  epsabs 0
  flags 10
  seed 123456
  mineval 5000000
  maxeval 50000000
  nstart 1000000
  nincrease 1000000
  nbatch 5000
  gridno 0
  statefile ""

Iteration 1:  1000000 integrand evaluations so far
[1] 189.48 +- 42.7272  	chisq 0 (0 df)

Iteration 2:  3000000 integrand evaluations so far
[1] 192.06 +- 42.6155  	chisq 0.6982 (1 df)

Iteration 3:  6000000 integrand evaluations so far
[1] 202.185 +- 41.8158  	chisq 2.21639 (2 df)

Iteration 4:  10000000 integrand evaluations so far
[1] 119.973 +- 21.8524  	chisq 7.53394 (3 df)

Iteration 5:  15000000 integrand evaluations so far
[1] 113.979 +- 12.2112  	chisq 7.64337 (4 df)

Iteration 6:  21000000 integrand evaluations so far
[1] 130.414 +- 10.4021  	chisq 14.2464 (5 df)

Iteration 7:  28000000 integrand evaluations so far
[1] 141.551 +- 9.45331  	chisq 20.8305 (6 df)

Iteration 8:  36000000 integrand evaluations so far
[1] 153.205 +- 5.51978  	chisq 23.1365 (7 df)

Iteration 9:  45000000 integrand evaluations so far
[1] 153.993 +- 5.48121  	chisq 24.6006 (8 df)

Iteration 10:  55000000 integrand evaluations so far
[1] 157.646 +- 4.77576  	chisq 26.444 (9 df)
   157.6 ±    4.8        (1.77mi) ┃     171 ±     28        (19.9mi) ┃
┃   48 -    50 ┃   49 -    50 ┃  238.29 ±   0.21        (2.41mi) ┃ -204.66 ±   0.19        (13.3mi) ┃Vegas input parameters:
  ndim 10
  ncomp 1
  nvec 1
  epsrel 0
  epsabs 0
  flags 10
  seed 123456
  mineval 50000000
  maxeval 50000000
  nstart 1000000
  nincrease 1000000
  nbatch 5000
  gridno 0
  statefile ""

Iteration 1:  1000000 integrand evaluations so far
[1] 159.555 +- 187.373  	chisq 0 (0 df)

Iteration 2:  3000000 integrand evaluations so far
[1] 44.0073 +- 37.0434  	chisq 0.39575 (1 df)

Iteration 3:  6000000 integrand evaluations so far
[1] 46.833 +- 33.9341  	chisq 0.431931 (2 df)

Iteration 4:  10000000 integrand evaluations so far
[1] 33.5261 +- 32.9619  	chisq 3.15457 (3 df)

Iteration 5:  15000000 integrand evaluations so far
[1] 29.6013 +- 30.161  	chisq 3.2417 (4 df)

Iteration 6:  21000000 integrand evaluations so far
[1] 44.4162 +- 25.5912  	chisq 4.10315 (5 df)

Iteration 7:  28000000 integrand evaluations so far
[1] 40.856 +- 22.656  	chisq 4.19266 (6 df)

Iteration 8:  36000000 integrand evaluations so far
[1] 26.8429 +- 21.9405  	chisq 10.3465 (7 df)

Iteration 9:  45000000 integrand evaluations so far
[1] 24.8138 +- 21.8799  	chisq 11.8952 (8 df)

Iteration 10:  55000000 integrand evaluations so far
[1] 22.3119 +- 21.5312  	chisq 12.3087 (9 df)
      22 ±     22        (3.63mi) ┃Vegas input parameters:
  ndim 8
  ncomp 1
  nvec 1
  epsrel 0
  epsabs 0
  flags 10
  seed 123456
  mineval 5000000
  maxeval 50000000
  nstart 1000000
  nincrease 1000000
  nbatch 5000
  gridno 0
  statefile ""

Iteration 1:  1000000 integrand evaluations so far
[1] 252.137 +- 50.0973  	chisq 0 (0 df)

Iteration 2:  3000000 integrand evaluations so far
[1] 208.917 +- 36.3855  	chisq 1.57526 (1 df)

Iteration 3:  6000000 integrand evaluations so far
[1] 145.954 +- 19.9837  	chisq 5.86304 (2 df)

Iteration 4:  10000000 integrand evaluations so far
[1] 153.454 +- 16.86  	chisq 6.35183 (3 df)

Iteration 5:  15000000 integrand evaluations so far
[1] 166.94 +- 13.753  	chisq 8.26381 (4 df)

Iteration 6:  21000000 integrand evaluations so far
[1] 170.107 +- 13.3639  	chisq 9.21472 (5 df)

Iteration 7:  28000000 integrand evaluations so far
[1] 180.203 +- 10.8677  	chisq 10.8997 (6 df)

Iteration 8:  36000000 integrand evaluations so far
[1] 185.667 +- 7.97729  	chisq 11.4477 (7 df)

Iteration 9:  45000000 integrand evaluations so far
[1] 184.09 +- 5.98381  	chisq 11.5371 (8 df)

Iteration 10:  55000000 integrand evaluations so far
[1] 189.889 +- 4.81681  	chisq 14.2059 (9 df)
   189.9 ±    4.8        (1.76mi) ┃     246 ±     22        (21.1mi) ┃
┃   48 -    50 ┃   50 -    51 ┃  180.82 ±   0.12        (2.65mi) ┃ -155.41 ±   0.13        (13.3mi) ┃Vegas input parameters:
  ndim 10
  ncomp 1
  nvec 1
  epsrel 0
  epsabs 0
  flags 10
  seed 123456
  mineval 50000000
  maxeval 50000000
  nstart 1000000
  nincrease 1000000
  nbatch 5000
  gridno 0
  statefile ""

Iteration 1:  1000000 integrand evaluations so far
[1] 47.4453 +- 151.172  	chisq 0 (0 df)

Iteration 2:  3000000 integrand evaluations so far
[1] -72.8543 +- 46.7929  	chisq 0.700366 (1 df)

Iteration 3:  6000000 integrand evaluations so far
[1] -76.1399 +- 46.625  	chisq 1.38891 (2 df)

Iteration 4:  10000000 integrand evaluations so far
[1] -67.9621 +- 41.5379  	chisq 1.53802 (3 df)

Iteration 5:  15000000 integrand evaluations so far
[1] -43.2989 +- 37.1435  	chisq 3.29725 (4 df)

Iteration 6:  21000000 integrand evaluations so far
[1] -33.086 +- 34.6365  	chisq 3.87689 (5 df)

Iteration 7:  28000000 integrand evaluations so far
[1] -21.883 +- 33.1468  	chisq 5.1198 (6 df)

Iteration 8:  36000000 integrand evaluations so far
[1] -21.5887 +- 30.5192  	chisq 5.12032 (7 df)

Iteration 9:  45000000 integrand evaluations so far
[1] -17.792 +- 28.6465  	chisq 5.25041 (8 df)

Iteration 10:  55000000 integrand evaluations so far
[1] -18.8011 +- 27.2188  	chisq 5.26318 (9 df)
     -19 ±     27        (3.64mi) ┃Vegas input parameters:
  ndim 8
  ncomp 1
  nvec 1
  epsrel 0
  epsabs 0
  flags 10
  seed 123456
  mineval 5000000
  maxeval 50000000
  nstart 1000000
  nincrease 1000000
  nbatch 5000
  gridno 0
  statefile ""

Iteration 1:  1000000 integrand evaluations so far
[1] 221.097 +- 49.4998  	chisq 0 (0 df)

Iteration 2:  3000000 integrand evaluations so far
[1] 198.593 +- 40.364  	chisq 0.616895 (1 df)

Iteration 3:  6000000 integrand evaluations so far
[1] 152.582 +- 27.0408  	chisq 2.97426 (2 df)

Iteration 4:  10000000 integrand evaluations so far
[1] 149.631 +- 19.9689  	chisq 3.00045 (3 df)

Iteration 5:  15000000 integrand evaluations so far
[1] 149.235 +- 12.8626  	chisq 3.00112 (4 df)

Iteration 6:  21000000 integrand evaluations so far
[1] 156.057 +- 9.89159  	chisq 3.68948 (5 df)

Iteration 7:  28000000 integrand evaluations so far
[1] 169.513 +- 5.99943  	chisq 6.61712 (6 df)

Iteration 8:  36000000 integrand evaluations so far
[1] 177.476 +- 4.00692  	chisq 9.7969 (7 df)

Iteration 9:  45000000 integrand evaluations so far
[1] 179.21 +- 3.7296  	chisq 11.1985 (8 df)

Iteration 10:  55000000 integrand evaluations so far
[1] 180.123 +- 3.65318  	chisq 12.6779 (9 df)
   180.1 ±    3.7        (1.82mi) ┃     187 ±     27        (21.5mi) ┃
┃   48 -    50 ┃   51 -    52 ┃ 200.527 ±  0.045        (2.28mi) ┃-173.077 ±  0.017        (6.59mi) ┃Vegas input parameters:
  ndim 10
  ncomp 1
  nvec 1
  epsrel 0
  epsabs 0
  flags 10
  seed 123456
  mineval 50000000
  maxeval 50000000
  nstart 1000000
  nincrease 1000000
  nbatch 5000
  gridno 0
  statefile ""

Iteration 1:  1000000 integrand evaluations so far
[1] 131.255 +- 185.149  	chisq 0 (0 df)

Iteration 2:  3000000 integrand evaluations so far
[1] 190.784 +- 123.079  	chisq 0.185228 (1 df)

Iteration 3:  6000000 integrand evaluations so far
[1] 167.682 +- 79.7485  	chisq 0.245954 (2 df)

Iteration 4:  10000000 integrand evaluations so far
[1] 132.856 +- 74.6138  	chisq 1.7762 (3 df)

Iteration 5:  15000000 integrand evaluations so far
[1] 86.3402 +- 36.5411  	chisq 2.28747 (4 df)

Iteration 6:  21000000 integrand evaluations so far
[1] 65.16 +- 26.028  	chisq 2.96945 (5 df)

Iteration 7:  28000000 integrand evaluations so far
[1] 58.9556 +- 25.7716  	chisq 5.86881 (6 df)

Iteration 8:  36000000 integrand evaluations so far
[1] 64.5738 +- 23.6968  	chisq 6.17634 (7 df)

Iteration 9:  45000000 integrand evaluations so far
[1] 38.608 +- 20.7553  	chisq 11.3326 (8 df)

Iteration 10:  55000000 integrand evaluations so far
[1] 39.3847 +- 20.55  	chisq 11.4037 (9 df)
      39 ±     21        (3.67mi) ┃Vegas input parameters:
  ndim 8
  ncomp 1
  nvec 1
  epsrel 0
  epsabs 0
  flags 10
  seed 123456
  mineval 5000000
  maxeval 50000000
  nstart 1000000
  nincrease 1000000
  nbatch 5000
  gridno 0
  statefile ""

Iteration 1:  1000000 integrand evaluations so far
[1] 175.78 +- 45.5904  	chisq 0 (0 df)

Iteration 2:  3000000 integrand evaluations so far
[1] 78.0166 +- 17.9486  	chisq 5.44189 (1 df)

Iteration 3:  6000000 integrand evaluations so far
[1] 54.1754 +- 8.96858  	chisq 7.79341 (2 df)

Iteration 4:  10000000 integrand evaluations so far
[1] 61.7769 +- 8.49597  	chisq 14.794 (3 df)

Iteration 5:  15000000 integrand evaluations so far
[1] 79.9339 +- 7.46269  	chisq 34.7869 (4 df)

Iteration 6:  21000000 integrand evaluations so far
[1] 95.8729 +- 6.67034  	chisq 57.4735 (5 df)

Iteration 7:  28000000 integrand evaluations so far
[1] 118.369 +- 5.30837  	chisq 88.4937 (6 df)

Iteration 8:  36000000 integrand evaluations so far
[1] 123.286 +- 5.09998  	chisq 99.6405 (7 df)

Iteration 9:  45000000 integrand evaluations so far
[1] 132.51 +- 4.47359  	chisq 113.827 (8 df)

Iteration 10:  55000000 integrand evaluations so far
[1] 150.613 +- 3.06891  	chisq 144.76 (9 df)
   150.6 ±    3.1        (1.81mi) ┃     217 ±     21        (14.4mi) ┃
┃   48 -    50 ┃   52 -    53 ┃ 212.733 ±  0.066        (8.68mi) ┃ -182.36 ±   0.14        (26.5mi) ┃Vegas input parameters:
  ndim 10
  ncomp 1
  nvec 1
  epsrel 0
  epsabs 0
  flags 10
  seed 123456
  mineval 50000000
  maxeval 50000000
  nstart 1000000
  nincrease 1000000
  nbatch 5000
  gridno 0
  statefile ""

Iteration 1:  1000000 integrand evaluations so far
[1] 791.51 +- 751.166  	chisq 0 (0 df)

Iteration 2:  3000000 integrand evaluations so far
[1] -24.8188 +- 35.3551  	chisq 1.18365 (1 df)

Iteration 3:  6000000 integrand evaluations so far
[1] -27.2799 +- 34.955  	chisq 1.39892 (2 df)

Iteration 4:  10000000 integrand evaluations so far
[1] -25.0785 +- 34.746  	chisq 1.73164 (3 df)

Iteration 5:  15000000 integrand evaluations so far
[1] -11.7718 +- 30.3542  	chisq 2.35097 (4 df)

Iteration 6:  21000000 integrand evaluations so far
[1] -15.3193 +- 29.8933  	chisq 2.80413 (5 df)

Iteration 7:  28000000 integrand evaluations so far
[1] -9.04262 +- 29.4987  	chisq 4.48498 (6 df)

Iteration 8:  36000000 integrand evaluations so far
[1] -7.80288 +- 27.869  	chisq 4.50142 (7 df)

Iteration 9:  45000000 integrand evaluations so far
[1] -6.82756 +- 27.8509  	chisq 5.43955 (8 df)

Iteration 10:  55000000 integrand evaluations so far
[1] -9.61708 +- 25.3417  	chisq 5.49785 (9 df)
     -10 ±     25        (3.52mi) ┃Vegas input parameters:
  ndim 8
  ncomp 1
  nvec 1
  epsrel 0
  epsabs 0
  flags 10
  seed 123456
  mineval 5000000
  maxeval 50000000
  nstart 1000000
  nincrease 1000000
  nbatch 5000
  gridno 0
  statefile ""

Iteration 1:  1000000 integrand evaluations so far
[1] 215.278 +- 50.4613  	chisq 0 (0 df)

Iteration 2:  3000000 integrand evaluations so far
[1] 214.1 +- 46.839  	chisq 0.00394028 (1 df)

Iteration 3:  6000000 integrand evaluations so far
[1] 120.782 +- 24.7512  	chisq 5.51108 (2 df)

Iteration 4:  10000000 integrand evaluations so far
[1] 119.373 +- 19.8957  	chisq 5.52023 (3 df)

Iteration 5:  15000000 integrand evaluations so far
[1] 113.576 +- 9.69767  	chisq 5.63161 (4 df)

Iteration 6:  21000000 integrand evaluations so far
[1] 122.408 +- 6.69366  	chisq 7.21598 (5 df)

Iteration 7:  28000000 integrand evaluations so far
[1] 137.118 +- 5.66846  	chisq 24.2883 (6 df)

Iteration 8:  36000000 integrand evaluations so far
[1] 137.7 +- 5.65375  	chisq 26.3264 (7 df)

Iteration 9:  45000000 integrand evaluations so far
[1] 141.484 +- 5.16305  	chisq 29.0236 (8 df)

Iteration 10:  55000000 integrand evaluations so far
[1] 149.017 +- 3.80263  	chisq 33.6762 (9 df)
     149 ±    3.8        (1.75mi) ┃     170 ±     26        (40.5mi) ┃
┃   48 -    50 ┃   53 -    54 ┃  183.47 ±   0.13        ( 1.3mi) ┃-158.213 ±  0.056        (13.2mi) ┃Vegas input parameters:
  ndim 10
  ncomp 1
  nvec 1
  epsrel 0
  epsabs 0
  flags 10
  seed 123456
  mineval 50000000
  maxeval 50000000
  nstart 1000000
  nincrease 1000000
  nbatch 5000
  gridno 0
  statefile ""

Iteration 1:  1000000 integrand evaluations so far
[1] 53.8333 +- 30.4986  	chisq 0 (0 df)

Iteration 2:  3000000 integrand evaluations so far
[1] 48.5129 +- 29.0149  	chisq 0.32059 (1 df)

Iteration 3:  6000000 integrand evaluations so far
[1] 37.0619 +- 27.9786  	chisq 2.5407 (2 df)

Iteration 4:  10000000 integrand evaluations so far
[1] 38.9399 +- 27.8745  	chisq 3.14715 (3 df)

Iteration 5:  15000000 integrand evaluations so far
[1] 44.6142 +- 27.1057  	chisq 3.90894 (4 df)

Iteration 6:  21000000 integrand evaluations so far
[1] 23.2668 +- 23.8043  	chisq 6.62027 (5 df)

Iteration 7:  28000000 integrand evaluations so far
[1] 26.1923 +- 23.4544  	chisq 7.13787 (6 df)

Iteration 8:  36000000 integrand evaluations so far
[1] 21.3558 +- 23.1214  	chisq 8.64608 (7 df)

Iteration 9:  45000000 integrand evaluations so far
[1] -10.508 +- 19.7429  	chisq 15.6571 (8 df)

Iteration 10:  55000000 integrand evaluations so far
[1] -9.2213 +- 18.407  	chisq 15.6896 (9 df)
      -9 ±     18        (3.64mi) ┃Vegas input parameters:
  ndim 8
  ncomp 1
  nvec 1
  epsrel 0
  epsabs 0
  flags 10
  seed 123456
  mineval 5000000
  maxeval 50000000
  nstart 1000000
  nincrease 1000000
  nbatch 5000
  gridno 0
  statefile ""

Iteration 1:  1000000 integrand evaluations so far
[1] 297.421 +- 63.2981  	chisq 0 (0 df)

Iteration 2:  3000000 integrand evaluations so far
[1] 166.364 +- 33.0485  	chisq 5.89337 (1 df)

Iteration 3:  6000000 integrand evaluations so far
[1] 162.129 +- 23.4089  	chisq 5.92632 (2 df)

Iteration 4:  10000000 integrand evaluations so far
[1] 165.52 +- 22.557  	chisq 6.21983 (3 df)

Iteration 5:  15000000 integrand evaluations so far
[1] 172.169 +- 17.8683  	chisq 6.45307 (4 df)

Iteration 6:  21000000 integrand evaluations so far
[1] 184.335 +- 15.2927  	chisq 8.1863 (5 df)

Iteration 7:  28000000 integrand evaluations so far
[1] 176.752 +- 9.89314  	chisq 8.60916 (6 df)

Iteration 8:  36000000 integrand evaluations so far
[1] 181.13 +- 7.32875  	chisq 9.04312 (7 df)

Iteration 9:  45000000 integrand evaluations so far
[1] 175.961 +- 4.17905  	chisq 9.78038 (8 df)

Iteration 10:  55000000 integrand evaluations so far
[1] 171.977 +- 2.46008  	chisq 11.1711 (9 df)
     172 ±    2.5        (1.78mi) ┃     188 ±     19        (  20mi) ┃
┃   48 -    50 ┃   54 -    55 ┃  194.02 ±   0.16        (2.62mi) ┃-167.446 ±  0.067        ( 6.5mi) ┃Vegas input parameters:
  ndim 10
  ncomp 1
  nvec 1
  epsrel 0
  epsabs 0
  flags 10
  seed 123456
  mineval 50000000
  maxeval 50000000
  nstart 1000000
  nincrease 1000000
  nbatch 5000
  gridno 0
  statefile ""

Iteration 1:  1000000 integrand evaluations so far
[1] 224.752 +- 141.534  	chisq 0 (0 df)

Iteration 2:  3000000 integrand evaluations so far
[1] 216.794 +- 136.259  	chisq 0.0432093 (1 df)

Iteration 3:  6000000 integrand evaluations so far
[1] 157.158 +- 126.248  	chisq 1.39655 (2 df)

Iteration 4:  10000000 integrand evaluations so far
[1] 74.0947 +- 71.0415  	chisq 2.03001 (3 df)

Iteration 5:  15000000 integrand evaluations so far
[1] 67.7254 +- 70.3114  	chisq 2.42312 (4 df)

Iteration 6:  21000000 integrand evaluations so far
[1] 65.6035 +- 70.2797  	chisq 3.43261 (5 df)

Iteration 7:  28000000 integrand evaluations so far
[1] -14.1763 +- 42.0943  	chisq 5.44214 (6 df)

Iteration 8:  36000000 integrand evaluations so far
[1] -34.8734 +- 31.629  	chisq 5.99736 (7 df)

Iteration 9:  45000000 integrand evaluations so far
[1] -18.0118 +- 24.1189  	chisq 6.67645 (8 df)

Iteration 10:  55000000 integrand evaluations so far
[1] -21.4217 +- 22.7567  	chisq 6.85855 (9 df)
     -21 ±     23        (3.56mi) ┃Vegas input parameters:
  ndim 8
  ncomp 1
  nvec 1
  epsrel 0
  epsabs 0
  flags 10
  seed 123456
  mineval 5000000
  maxeval 50000000
  nstart 1000000
  nincrease 1000000
  nbatch 5000
  gridno 0
  statefile ""

Iteration 1:  1000000 integrand evaluations so far
[1] 154.528 +- 45.5623  	chisq 0 (0 df)

Iteration 2:  3000000 integrand evaluations so far
[1] 36.7656 +- 8.87615  	chisq 6.94389 (1 df)

Iteration 3:  6000000 integrand evaluations so far
[1] 37.2784 +- 8.86174  	chisq 7.97242 (2 df)

Iteration 4:  10000000 integrand evaluations so far
[1] 37.9742 +- 8.84258  	chisq 9.40004 (3 df)

Iteration 5:  15000000 integrand evaluations so far
[1] 39.2405 +- 8.81315  	chisq 12.4852 (4 df)

Iteration 6:  21000000 integrand evaluations so far
[1] 44.9328 +- 8.53314  	chisq 19.1563 (5 df)

Iteration 7:  28000000 integrand evaluations so far
[1] 62.8671 +- 7.66253  	chisq 41.9674 (6 df)

Iteration 8:  36000000 integrand evaluations so far
[1] 97.1556 +- 5.51246  	chisq 83.4718 (7 df)

Iteration 9:  45000000 integrand evaluations so far
[1] 120.178 +- 3.93887  	chisq 119.111 (8 df)

Iteration 10:  55000000 integrand evaluations so far
[1] 133.526 +- 2.65526  	chisq 140.161 (9 df)
   133.5 ±    2.7        (1.81mi) ┃     139 ±     23        (14.5mi) ┃
┃   48 -    50 ┃   55 -    56 ┃ 173.445 ±  0.069        ( 4.7mi) ┃ -147.93 ±  0.064        (6.47mi) ┃Vegas input parameters:
  ndim 10
  ncomp 1
  nvec 1
  epsrel 0
  epsabs 0
  flags 10
  seed 123456
  mineval 50000000
  maxeval 50000000
  nstart 1000000
  nincrease 1000000
  nbatch 5000
  gridno 0
  statefile ""

Iteration 1:  1000000 integrand evaluations so far
[1] 208.674 +- 222.127  	chisq 0 (0 df)

Iteration 2:  3000000 integrand evaluations so far
[1] 5.93866 +- 20.2261  	chisq 0.839989 (1 df)

Iteration 3:  6000000 integrand evaluations so far
[1] 2.6729 +- 18.9334  	chisq 1.05069 (2 df)

Iteration 4:  10000000 integrand evaluations so far
[1] 2.00244 +- 18.8494  	chisq 1.19234 (3 df)

Iteration 5:  15000000 integrand evaluations so far
[1] 0.0327663 +- 17.8622  	chisq 1.29938 (4 df)

Iteration 6:  21000000 integrand evaluations so far
[1] -6.16419 +- 14.9697  	chisq 1.70376 (5 df)

Iteration 7:  28000000 integrand evaluations so far
[1] -5.82733 +- 14.9658  	chisq 2.67562 (6 df)

Iteration 8:  36000000 integrand evaluations so far
[1] -9.55315 +- 14.3876  	chisq 3.49357 (7 df)

Iteration 9:  45000000 integrand evaluations so far
[1] -7.56343 +- 14.2631  	chisq 4.60368 (8 df)

Iteration 10:  55000000 integrand evaluations so far
[1] -6.52519 +- 13.99  	chisq 4.74338 (9 df)
      -7 ±     14        (3.62mi) ┃Vegas input parameters:
  ndim 8
  ncomp 1
  nvec 1
  epsrel 0
  epsabs 0
  flags 10
  seed 123456
  mineval 5000000
  maxeval 50000000
  nstart 1000000
  nincrease 1000000
  nbatch 5000
  gridno 0
  statefile ""

Iteration 1:  1000000 integrand evaluations so far
[1] 174.136 +- 48.4594  	chisq 0 (0 df)

Iteration 2:  3000000 integrand evaluations so far
[1] 100.796 +- 26  	chisq 3.21642 (1 df)

Iteration 3:  6000000 integrand evaluations so far
[1] 92.634 +- 19.7796  	chisq 3.45034 (2 df)

Iteration 4:  10000000 integrand evaluations so far
[1] 102.99 +- 18.5701  	chisq 5.76277 (3 df)

Iteration 5:  15000000 integrand evaluations so far
[1] 117.897 +- 14.1977  	chisq 7.31367 (4 df)

Iteration 6:  21000000 integrand evaluations so far
[1] 121.169 +- 14.0697  	chisq 10.2732 (5 df)

Iteration 7:  28000000 integrand evaluations so far
[1] 122.207 +- 14.051  	chisq 12.3209 (6 df)

Iteration 8:  36000000 integrand evaluations so far
[1] 123.605 +- 14.0086  	chisq 13.9625 (7 df)

Iteration 9:  45000000 integrand evaluations so far
[1] 123.456 +- 9.95174  	chisq 13.9628 (8 df)

Iteration 10:  55000000 integrand evaluations so far
[1] 134.443 +- 9.22431  	chisq 22.6165 (9 df)
   134.4 ±    9.2        ( 1.8mi) ┃     153 ±     17        (16.6mi) ┃
┃   48 -    50 ┃   56 -    57 ┃ 188.761 ±  0.042        (8.83mi) ┃ -162.19 ±   0.15        (25.9mi) ┃Vegas input parameters:
  ndim 10
  ncomp 1
  nvec 1
  epsrel 0
  epsabs 0
  flags 10
  seed 123456
  mineval 50000000
  maxeval 50000000
  nstart 1000000
  nincrease 1000000
  nbatch 5000
  gridno 0
  statefile ""

Iteration 1:  1000000 integrand evaluations so far
[1] 17.5258 +- 90.5523  	chisq 0 (0 df)

Iteration 2:  3000000 integrand evaluations so far
[1] 42.6872 +- 83.1  	chisq 0.489217 (1 df)

Iteration 3:  6000000 integrand evaluations so far
[1] 71.2252 +- 80.7083  	chisq 2.56795 (2 df)

Iteration 4:  10000000 integrand evaluations so far
[1] 6.39261 +- 25.9597  	chisq 3.2877 (3 df)

Iteration 5:  15000000 integrand evaluations so far
[1] -10.3657 +- 23.4501  	chisq 5.5525 (4 df)

Iteration 6:  21000000 integrand evaluations so far
[1] -6.37416 +- 22.2876  	chisq 5.85215 (5 df)

Iteration 7:  28000000 integrand evaluations so far
[1] 9.54663 +- 20.5957  	chisq 9.34584 (6 df)

Iteration 8:  36000000 integrand evaluations so far
[1] -0.853047 +- 17.6756  	chisq 10.3136 (7 df)

Iteration 9:  45000000 integrand evaluations so far
[1] -0.41697 +- 17.6449  	chisq 10.4892 (8 df)

Iteration 10:  55000000 integrand evaluations so far
[1] -5.3311 +- 17.1723  	chisq 11.9567 (9 df)
      -5 ±     17        (3.64mi) ┃Vegas input parameters:
  ndim 8
  ncomp 1
  nvec 1
  epsrel 0
  epsabs 0
  flags 10
  seed 123456
  mineval 5000000
  maxeval 50000000
  nstart 1000000
  nincrease 1000000
  nbatch 5000
  gridno 0
  statefile ""

Iteration 1:  1000000 integrand evaluations so far
[1] 167.316 +- 46.4409  	chisq 0 (0 df)

Iteration 2:  3000000 integrand evaluations so far
[1] 57.1397 +- 13.2307  	chisq 6.12545 (1 df)

Iteration 3:  6000000 integrand evaluations so far
[1] 61.4559 +- 10.6385  	chisq 6.42655 (2 df)

Iteration 4:  10000000 integrand evaluations so far
[1] 70.4075 +- 9.30026  	chisq 9.4296 (3 df)

Iteration 5:  15000000 integrand evaluations so far
[1] 74.0676 +- 9.0782  	chisq 12.7121 (4 df)

Iteration 6:  21000000 integrand evaluations so far
[1] 83.9117 +- 8.46416  	chisq 21.7085 (5 df)

Iteration 7:  28000000 integrand evaluations so far
[1] 105.336 +- 7.20332  	chisq 44.944 (6 df)

Iteration 8:  36000000 integrand evaluations so far
[1] 127.539 +- 5.96597  	chisq 75.1961 (7 df)

Iteration 9:  45000000 integrand evaluations so far
[1] 147.094 +- 4.0646  	chisq 95.2466 (8 df)

Iteration 10:  55000000 integrand evaluations so far
[1] 156.959 +- 3.46239  	chisq 116.718 (9 df)
     157 ±    3.5        (1.78mi) ┃     178 ±     18        (40.2mi) ┃
┃   48 -    50 ┃   57 -    58 ┃ 183.069 ±  0.092        (4.46mi) ┃ -156.84 ±    0.1        (  13mi) ┃Vegas input parameters:
  ndim 10
  ncomp 1
  nvec 1
  epsrel 0
  epsabs 0
  flags 10
  seed 123456
  mineval 50000000
  maxeval 50000000
  nstart 1000000
  nincrease 1000000
  nbatch 5000
  gridno 0
  statefile ""

Iteration 1:  1000000 integrand evaluations so far
[1] 38.6876 +- 36.6317  	chisq 0 (0 df)

Iteration 2:  3000000 integrand evaluations so far
[1] 34.4951 +- 35.6517  	chisq 0.248143 (1 df)

Iteration 3:  6000000 integrand evaluations so far
[1] 30.3935 +- 35.4483  	chisq 1.41119 (2 df)

Iteration 4:  10000000 integrand evaluations so far
[1] 38.9701 +- 28.3502  	chisq 1.57363 (3 df)

Iteration 5:  15000000 integrand evaluations so far
[1] 29.1506 +- 26.4451  	chisq 2.49732 (4 df)

Iteration 6:  21000000 integrand evaluations so far
[1] 16.8339 +- 24.0766  	chisq 3.76507 (5 df)

Iteration 7:  28000000 integrand evaluations so far
[1] 17.971 +- 24.0547  	chisq 4.98781 (6 df)

Iteration 8:  36000000 integrand evaluations so far
[1] 18.4915 +- 20.0022  	chisq 4.98933 (7 df)

Iteration 9:  45000000 integrand evaluations so far
[1] 22.443 +- 19.4683  	chisq 5.73014 (8 df)

Iteration 10:  55000000 integrand evaluations so far
[1] 14.0866 +- 18.6145  	chisq 7.87792 (9 df)
      14 ±     19        (3.59mi) ┃Vegas input parameters:
  ndim 8
  ncomp 1
  nvec 1
  epsrel 0
  epsabs 0
  flags 10
  seed 123456
  mineval 5000000
  maxeval 50000000
  nstart 1000000
  nincrease 1000000
  nbatch 5000
  gridno 0
  statefile ""

Iteration 1:  1000000 integrand evaluations so far
[1] 289.055 +- 68.6967  	chisq 0 (0 df)

Iteration 2:  3000000 integrand evaluations so far
[1] 75.5337 +- 16.0279  	chisq 10.2169 (1 df)

Iteration 3:  6000000 integrand evaluations so far
[1] 78.7475 +- 15.7314  	chisq 11.3138 (2 df)

Iteration 4:  10000000 integrand evaluations so far
[1] 91.0283 +- 13.4376  	chisq 13.5679 (3 df)

Iteration 5:  15000000 integrand evaluations so far
[1] 96.9639 +- 13.0938  	chisq 17.4304 (4 df)

Iteration 6:  21000000 integrand evaluations so far
[1] 121.367 +- 7.3148  	chisq 22.4795 (5 df)

Iteration 7:  28000000 integrand evaluations so far
[1] 131.822 +- 4.34767  	chisq 25.6384 (6 df)

Iteration 8:  36000000 integrand evaluations so far
[1] 138.065 +- 3.15175  	chisq 29.9846 (7 df)

Iteration 9:  45000000 integrand evaluations so far
[1] 141.761 +- 2.81248  	chisq 36.7337 (8 df)

Iteration 10:  55000000 integrand evaluations so far
[1] 142.372 +- 2.76644  	chisq 38.1888 (9 df)
   142.4 ±    2.8        (1.77mi) ┃     183 ±     19        (22.8mi) ┃
┃   48 -    50 ┃   58 -    59 ┃ 162.224 ±  0.059        (4.75mi) ┃-139.102 ±  0.019        (25.5mi) ┃Vegas input parameters:
  ndim 10
  ncomp 1
  nvec 1
  epsrel 0
  epsabs 0
  flags 10
  seed 123456
  mineval 50000000
  maxeval 50000000
  nstart 1000000
  nincrease 1000000
  nbatch 5000
  gridno 0
  statefile ""

Iteration 1:  1000000 integrand evaluations so far
[1] 135.628 +- 154.422  	chisq 0 (0 df)

Iteration 2:  3000000 integrand evaluations so far
[1] 135.941 +- 83.2173  	chisq 5.78435e-06 (1 df)

Iteration 3:  6000000 integrand evaluations so far
[1] 130.573 +- 68.7396  	chisq 0.0131064 (2 df)

Iteration 4:  10000000 integrand evaluations so far
[1] 84.5966 +- 51.5901  	chisq 1.03743 (3 df)

Iteration 5:  15000000 integrand evaluations so far
[1] 48.5049 +- 41.2033  	chisq 2.38894 (4 df)

Iteration 6:  21000000 integrand evaluations so far
[1] 51.9297 +- 34.6418  	chisq 2.41251 (5 df)

Iteration 7:  28000000 integrand evaluations so far
[1] 53.0081 +- 32.9844  	chisq 2.42288 (6 df)

Iteration 8:  36000000 integrand evaluations so far
[1] 53.401 +- 32.9822  	chisq 3.47273 (7 df)

Iteration 9:  45000000 integrand evaluations so far
[1] 61.3621 +- 31.8573  	chisq 4.34165 (8 df)

Iteration 10:  55000000 integrand evaluations so far
[1] 59.0355 +- 29.5326  	chisq 4.37958 (9 df)
      59 ±     30        (3.64mi) ┃Vegas input parameters:
  ndim 8
  ncomp 1
  nvec 1
  epsrel 0
  epsabs 0
  flags 10
  seed 123456
  mineval 5000000
  maxeval 50000000
  nstart 1000000
  nincrease 1000000
  nbatch 5000
  gridno 0
  statefile ""

Iteration 1:  1000000 integrand evaluations so far
[1] 154.786 +- 37.2855  	chisq 0 (0 df)

Iteration 2:  3000000 integrand evaluations so far
[1] 155.857 +- 37.2685  	chisq 0.903661 (1 df)

Iteration 3:  6000000 integrand evaluations so far
[1] 158.276 +- 36.398  	chisq 0.994956 (2 df)

Iteration 4:  10000000 integrand evaluations so far
[1] 80.5936 +- 16.853  	chisq 6.79302 (3 df)

Iteration 5:  15000000 integrand evaluations so far
[1] 84.79 +- 16.3552  	chisq 7.85839 (4 df)

Iteration 6:  21000000 integrand evaluations so far
[1] 100.867 +- 13.1178  	chisq 10.5672 (5 df)

Iteration 7:  28000000 integrand evaluations so far
[1] 101.775 +- 13.0955  	chisq 11.9749 (6 df)

Iteration 8:  36000000 integrand evaluations so far
[1] 122.834 +- 10.1496  	chisq 18.4517 (7 df)

Iteration 9:  45000000 integrand evaluations so far
[1] 137.744 +- 9.00079  	chisq 28.5562 (8 df)

Iteration 10:  55000000 integrand evaluations so far
[1] 155.083 +- 6.26761  	chisq 35.7606 (9 df)
   155.1 ±    6.3        (1.82mi) ┃     237 ±     30        (35.7mi) ┃
┃   48 -    50 ┃   59 -    60 ┃  178.23 ±  0.087        (4.67mi) ┃-152.878 ±  0.056        (25.4mi) ┃Vegas input parameters:
  ndim 10
  ncomp 1
  nvec 1
  epsrel 0
  epsabs 0
  flags 10
  seed 123456
  mineval 50000000
  maxeval 50000000
  nstart 1000000
  nincrease 1000000
  nbatch 5000
  gridno 0
  statefile ""

Iteration 1:  1000000 integrand evaluations so far
[1] 1103.11 +- 1125.02  	chisq 0 (0 df)

Iteration 2:  3000000 integrand evaluations so far
[1] 174.685 +- 132.579  	chisq 0.690637 (1 df)

Iteration 3:  6000000 integrand evaluations so far
[1] -27.7034 +- 23.8968  	chisq 3.09926 (2 df)

Iteration 4:  10000000 integrand evaluations so far
[1] -33.4678 +- 20.0972  	chisq 3.29803 (3 df)

Iteration 5:  15000000 integrand evaluations so far
[1] -24.8774 +- 15.0267  	chisq 3.71239 (4 df)

Iteration 6:  21000000 integrand evaluations so far
[1] -28.8904 +- 14.7254  	chisq 5.50883 (5 df)

Iteration 7:  28000000 integrand evaluations so far
[1] -22.2711 +- 14.3495  	chisq 9.51848 (6 df)

Iteration 8:  36000000 integrand evaluations so far
[1] -21.499 +- 13.8277  	chisq 9.55902 (7 df)

Iteration 9:  45000000 integrand evaluations so far
[1] -22.6428 +- 13.5446  	chisq 9.72785 (8 df)

Iteration 10:  55000000 integrand evaluations so far
[1] -22.668 +- 13.2542  	chisq 9.72793 (9 df)
     -23 ±     13        (3.61mi) ┃Vegas input parameters:
  ndim 8
  ncomp 1
  nvec 1
  epsrel 0
  epsabs 0
  flags 10
  seed 123456
  mineval 5000000
  maxeval 50000000
  nstart 1000000
  nincrease 1000000
  nbatch 5000
  gridno 0
  statefile ""

Iteration 1:  1000000 integrand evaluations so far
[1] 155.088 +- 44.4903  	chisq 0 (0 df)

Iteration 2:  3000000 integrand evaluations so far
[1] 82.4007 +- 23.7592  	chisq 3.73415 (1 df)

Iteration 3:  6000000 integrand evaluations so far
[1] 83.2505 +- 18.8947  	chisq 3.73763 (2 df)

Iteration 4:  10000000 integrand evaluations so far
[1] 83.557 +- 18.8921  	chisq 4.70765 (3 df)

Iteration 5:  15000000 integrand evaluations so far
[1] 86.9506 +- 17.1639  	chisq 4.89247 (4 df)

Iteration 6:  21000000 integrand evaluations so far
[1] 92.3919 +- 15.2114  	chisq 5.36085 (5 df)

Iteration 7:  28000000 integrand evaluations so far
[1] 101.358 +- 14.127  	chisq 7.88772 (6 df)

Iteration 8:  36000000 integrand evaluations so far
[1] 129.213 +- 11.242  	chisq 18.4891 (7 df)

Iteration 9:  45000000 integrand evaluations so far
[1] 149.767 +- 7.57626  	chisq 24.613 (8 df)

Iteration 10:  55000000 integrand evaluations so far
[1] 160.951 +- 4.38327  	chisq 27.8888 (9 df)
     161 ±    4.4        ( 1.8mi) ┃     164 ±     14        (35.5mi) ┃
┃   50 -    52 ┃   25 -    26 ┃  397.22 ±   0.15        (2.58mi) ┃-341.231 ±  0.045        (39.7mi) ┃Vegas input parameters:
  ndim 10
  ncomp 1
  nvec 1
  epsrel 0
  epsabs 0
  flags 10
  seed 123456
  mineval 50000000
  maxeval 50000000
  nstart 1000000
  nincrease 1000000
  nbatch 5000
  gridno 0
  statefile ""

Iteration 1:  1000000 integrand evaluations so far
[1] -2486.26 +- 2682.47  	chisq 0 (0 df)

Iteration 2:  3000000 integrand evaluations so far
[1] -5.0719 +- 80.1084  	chisq 0.856324 (1 df)

Iteration 3:  6000000 integrand evaluations so far
[1] -22.1486 +- 78.494  	chisq 1.99523 (2 df)

Iteration 4:  10000000 integrand evaluations so far
[1] -26.7977 +- 76.2645  	chisq 2.05788 (3 df)

Iteration 5:  15000000 integrand evaluations so far
[1] -37.1859 +- 75.4138  	chisq 2.89422 (4 df)

Iteration 6:  21000000 integrand evaluations so far
[1] -52.4173 +- 57.6242  	chisq 2.99225 (5 df)

Iteration 7:  28000000 integrand evaluations so far
[1] -62.4486 +- 54.0291  	chisq 3.24294 (6 df)

Iteration 8:  36000000 integrand evaluations so far
[1] -51.4479 +- 52.1832  	chisq 3.86019 (7 df)

Iteration 9:  45000000 integrand evaluations so far
[1] -39.256 +- 47.5066  	chisq 4.17902 (8 df)

Iteration 10:  55000000 integrand evaluations so far
[1] -34.7792 +- 47.1375  	chisq 4.7527 (9 df)
     -35 ±     47        ( 3.6mi) ┃Vegas input parameters:
  ndim 8
  ncomp 1
  nvec 1
  epsrel 0
  epsabs 0
  flags 10
  seed 123456
  mineval 5000000
  maxeval 50000000
  nstart 1000000
  nincrease 1000000
  nbatch 5000
  gridno 0
  statefile ""

Iteration 1:  1000000 integrand evaluations so far
[1] 491.505 +- 87.542  	chisq 0 (0 df)

Iteration 2:  3000000 integrand evaluations so far
[1] 382.711 +- 46.8378  	chisq 2.16389 (1 df)

Iteration 3:  6000000 integrand evaluations so far
[1] 364.051 +- 32.5267  	chisq 2.47045 (2 df)

Iteration 4:  10000000 integrand evaluations so far
[1] 374.264 +- 20.9675  	chisq 2.63913 (3 df)

Iteration 5:  15000000 integrand evaluations so far
[1] 394.878 +- 16.6211  	chisq 5.24013 (4 df)

Iteration 6:  21000000 integrand evaluations so far
[1] 398.177 +- 9.56232  	chisq 5.29902 (5 df)

Iteration 7:  28000000 integrand evaluations so far
[1] 395.881 +- 5.66193  	chisq 5.38782 (6 df)

Iteration 8:  36000000 integrand evaluations so far
[1] 392.619 +- 4.58828  	chisq 6.35475 (7 df)

Iteration 9:  45000000 integrand evaluations so far
[1] 392.911 +- 4.57803  	chisq 7.26494 (8 df)

Iteration 10:  55000000 integrand evaluations so far
[1] 393.55 +- 4.56233  	chisq 10.1092 (9 df)
   393.6 ±    4.6        (1.78mi) ┃     415 ±     47        (47.6mi) ┃
┃   50 -    52 ┃   26 -    27 ┃  352.61 ±   0.32        ( 46.7s) ┃ -301.55 ±    0.3        (7.58mi) ┃Vegas input parameters:
  ndim 10
  ncomp 1
  nvec 1
  epsrel 0
  epsabs 0
  flags 10
  seed 123456
  mineval 50000000
  maxeval 50000000
  nstart 1000000
  nincrease 1000000
  nbatch 5000
  gridno 0
  statefile ""

Iteration 1:  1000000 integrand evaluations so far
[1] -0.4297 +- 195.014  	chisq 0 (0 df)

Iteration 2:  3000000 integrand evaluations so far
[1] 15.2255 +- 193.771  	chisq 0.507156 (1 df)

Iteration 3:  6000000 integrand evaluations so far
[1] 105.89 +- 108.929  	chisq 0.827225 (2 df)

Iteration 4:  10000000 integrand evaluations so far
[1] 120.385 +- 107.73  	chisq 1.63622 (3 df)

Iteration 5:  15000000 integrand evaluations so far
[1] 30.7843 +- 81.1767  	chisq 3.23672 (4 df)

Iteration 6:  21000000 integrand evaluations so far
[1] 29.4145 +- 78.2915  	chisq 3.2408 (5 df)

Iteration 7:  28000000 integrand evaluations so far
[1] 4.10467 +- 50.0367  	chisq 3.41747 (6 df)

Iteration 8:  36000000 integrand evaluations so far
[1] 19.5562 +- 45.1656  	chisq 3.9323 (7 df)

Iteration 9:  45000000 integrand evaluations so far
[1] 24.5974 +- 44.9084  	chisq 5.0293 (8 df)

Iteration 10:  55000000 integrand evaluations so far
[1] 29.1773 +- 44.7383  	chisq 6.40447 (9 df)
      29 ±     45        (3.61mi) ┃Vegas input parameters:
  ndim 8
  ncomp 1
  nvec 1
  epsrel 0
  epsabs 0
  flags 10
  seed 123456
  mineval 5000000
  maxeval 50000000
  nstart 1000000
  nincrease 1000000
  nbatch 5000
  gridno 0
  statefile ""

Iteration 1:  1000000 integrand evaluations so far
[1] 397.939 +- 76.325  	chisq 0 (0 df)

Iteration 2:  3000000 integrand evaluations so far
[1] 255.125 +- 30.3813  	chisq 4.1603 (1 df)

Iteration 3:  6000000 integrand evaluations so far
[1] 267.777 +- 23.5703  	chisq 4.59591 (2 df)

Iteration 4:  10000000 integrand evaluations so far
[1] 295.894 +- 17.8501  	chisq 7.93241 (3 df)

Iteration 5:  15000000 integrand evaluations so far
[1] 315.341 +- 13.1445  	chisq 10.5254 (4 df)

Iteration 6:  21000000 integrand evaluations so far
[1] 329.574 +- 12.115  	chisq 18.3164 (5 df)

Iteration 7:  28000000 integrand evaluations so far
[1] 347.073 +- 9.34158  	chisq 23.4622 (6 df)

Iteration 8:  36000000 integrand evaluations so far
[1] 359.552 +- 7.41576  	chisq 28.2877 (7 df)

Iteration 9:  45000000 integrand evaluations so far
[1] 369.722 +- 5.68513  	chisq 32.8494 (8 df)

Iteration 10:  55000000 integrand evaluations so far
[1] 374.515 +- 4.29439  	chisq 34.5042 (9 df)
   374.5 ±    4.3        (1.79mi) ┃     455 ±     45        (13.8mi) ┃
┃   50 -    52 ┃   27 -    28 ┃ 332.019 ±  0.076        (9.06mi) ┃-285.781 ±  0.085        (15.2mi) ┃Vegas input parameters:
  ndim 10
  ncomp 1
  nvec 1
  epsrel 0
  epsabs 0
  flags 10
  seed 123456
  mineval 50000000
  maxeval 50000000
  nstart 1000000
  nincrease 1000000
  nbatch 5000
  gridno 0
  statefile ""

Iteration 1:  1000000 integrand evaluations so far
[1] -263.84 +- 228.115  	chisq 0 (0 df)

Iteration 2:  3000000 integrand evaluations so far
[1] -104.461 +- 123.394  	chisq 0.690072 (1 df)

Iteration 3:  6000000 integrand evaluations so far
[1] 8.87499 +- 87.5257  	chisq 2.38792 (2 df)

Iteration 4:  10000000 integrand evaluations so far
[1] -4.22291 +- 59.7288  	chisq 2.42983 (3 df)

Iteration 5:  15000000 integrand evaluations so far
[1] 4.83768 +- 53.6317  	chisq 2.54861 (4 df)

Iteration 6:  21000000 integrand evaluations so far
[1] -22.125 +- 43.7561  	chisq 3.3045 (5 df)

Iteration 7:  28000000 integrand evaluations so far
[1] -2.65097 +- 40.4913  	chisq 4.68329 (6 df)

Iteration 8:  36000000 integrand evaluations so far
[1] 15.1203 +- 35.9196  	chisq 5.58735 (7 df)

Iteration 9:  45000000 integrand evaluations so far
[1] -3.09601 +- 32.3315  	chisq 6.94237 (8 df)

Iteration 10:  55000000 integrand evaluations so far
[1] 0.227077 +- 30.7434  	chisq 7.05261 (9 df)
       0 ±     31        (3.62mi) ┃Vegas input parameters:
  ndim 8
  ncomp 1
  nvec 1
  epsrel 0
  epsabs 0
  flags 10
  seed 123456
  mineval 5000000
  maxeval 50000000
  nstart 1000000
  nincrease 1000000
  nbatch 5000
  gridno 0
  statefile ""

Iteration 1:  1000000 integrand evaluations so far
[1] 354.011 +- 67.0054  	chisq 0 (0 df)

Iteration 2:  3000000 integrand evaluations so far
[1] 197.655 +- 27.2127  	chisq 6.52066 (1 df)

Iteration 3:  6000000 integrand evaluations so far
[1] 212.156 +- 17.2549  	chisq 6.99557 (2 df)

Iteration 4:  10000000 integrand evaluations so far
[1] 255.15 +- 13.4363  	chisq 22.7676 (3 df)

Iteration 5:  15000000 integrand evaluations so far
[1] 283.861 +- 11.2758  	chisq 38.2077 (4 df)

Iteration 6:  21000000 integrand evaluations so far
[1] 303.621 +- 9.53836  	chisq 49.0052 (5 df)

Iteration 7:  28000000 integrand evaluations so far
[1] 322.417 +- 6.85177  	chisq 57.0279 (6 df)

Iteration 8:  36000000 integrand evaluations so far
[1] 331.225 +- 5.07878  	chisq 60.6957 (7 df)

Iteration 9:  45000000 integrand evaluations so far
[1] 337.928 +- 3.94797  	chisq 65.0971 (8 df)

Iteration 10:  55000000 integrand evaluations so far
[1] 344.341 +- 3.18678  	chisq 72.6711 (9 df)
   344.3 ±    3.2        (1.76mi) ┃     391 ±     31        (29.7mi) ┃
┃   50 -    52 ┃   28 -    29 ┃ 333.471 ±  0.068        (9.12mi) ┃  -286.7 ±   0.27        (7.53mi) ┃Vegas input parameters:
  ndim 10
  ncomp 1
  nvec 1
  epsrel 0
  epsabs 0
  flags 10
  seed 123456
  mineval 50000000
  maxeval 50000000
  nstart 1000000
  nincrease 1000000
  nbatch 5000
  gridno 0
  statefile ""

Iteration 1:  1000000 integrand evaluations so far
[1] -100.166 +- 217.263  	chisq 0 (0 df)

Iteration 2:  3000000 integrand evaluations so far
[1] -59.2552 +- 177.406  	chisq 0.1064 (1 df)

Iteration 3:  6000000 integrand evaluations so far
[1] 8.33197 +- 73.7392  	chisq 0.281854 (2 df)

Iteration 4:  10000000 integrand evaluations so far
[1] -37.9132 +- 56.7845  	chisq 1.24824 (3 df)

Iteration 5:  15000000 integrand evaluations so far
[1] -18.884 +- 54.6014  	chisq 2.7374 (4 df)

Iteration 6:  21000000 integrand evaluations so far
[1] -25.4722 +- 53.9699  	chisq 3.37043 (5 df)

Iteration 7:  28000000 integrand evaluations so far
[1] -61.6455 +- 45.9387  	chisq 5.00121 (6 df)

Iteration 8:  36000000 integrand evaluations so far
[1] -41.9546 +- 38.3997  	chisq 5.61101 (7 df)

Iteration 9:  45000000 integrand evaluations so far
[1] -42.7819 +- 36.9824  	chisq 5.61742 (8 df)

Iteration 10:  55000000 integrand evaluations so far
[1] -42.5897 +- 36.9369  	chisq 5.62842 (9 df)
     -43 ±     37        (3.61mi) ┃Vegas input parameters:
  ndim 8
  ncomp 1
  nvec 1
  epsrel 0
  epsabs 0
  flags 10
  seed 123456
  mineval 5000000
  maxeval 50000000
  nstart 1000000
  nincrease 1000000
  nbatch 5000
  gridno 0
  statefile ""

Iteration 1:  1000000 integrand evaluations so far
[1] 398.741 +- 74.51  	chisq 0 (0 df)

Iteration 2:  3000000 integrand evaluations so far
[1] 337.186 +- 49.9438  	chisq 1.23929 (1 df)

Iteration 3:  6000000 integrand evaluations so far
[1] 359.142 +- 43.8534  	chisq 2.08311 (2 df)

Iteration 4:  10000000 integrand evaluations so far
[1] 350.227 +- 28.3553  	chisq 2.15412 (3 df)

Iteration 5:  15000000 integrand evaluations so far
[1] 323.195 +- 13.9311  	chisq 3.35214 (4 df)

Iteration 6:  21000000 integrand evaluations so far
[1] 308.038 +- 7.80972  	chisq 5.0783 (5 df)

Iteration 7:  28000000 integrand evaluations so far
[1] 309.005 +- 5.04772  	chisq 5.10462 (6 df)

Iteration 8:  36000000 integrand evaluations so far
[1] 314.012 +- 4.48885  	chisq 9.80871 (7 df)

Iteration 9:  45000000 integrand evaluations so far
[1] 317.095 +- 3.92995  	chisq 11.8282 (8 df)

Iteration 10:  55000000 integrand evaluations so far
[1] 316.667 +- 3.23513  	chisq 11.865 (9 df)
   316.7 ±    3.2        (1.77mi) ┃     321 ±     37        (  22mi) ┃
┃   50 -    52 ┃   29 -    30 ┃  287.36 ±   0.26        ( 6.41s) ┃ -243.63 ±   0.13        (1.03mi) ┃Vegas input parameters:
  ndim 10
  ncomp 1
  nvec 1
  epsrel 0
  epsabs 0
  flags 10
  seed 123456
  mineval 50000000
  maxeval 50000000
  nstart 1000000
  nincrease 1000000
  nbatch 5000
  gridno 0
  statefile ""

Iteration 1:  1000000 integrand evaluations so far
[1] -114.28 +- 126.088  	chisq 0 (0 df)

Iteration 2:  3000000 integrand evaluations so far
[1] -84.3517 +- 95.4615  	chisq 0.132006 (1 df)

Iteration 3:  6000000 integrand evaluations so far
[1] -101.147 +- 74.6386  	chisq 0.211644 (2 df)

Iteration 4:  10000000 integrand evaluations so far
[1] -104.02 +- 74.5412  	chisq 0.779515 (3 df)

Iteration 5:  15000000 integrand evaluations so far
[1] -106.372 +- 69.8285  	chisq 0.787645 (4 df)

Iteration 6:  21000000 integrand evaluations so far
[1] -83.5299 +- 46.1501  	chisq 0.977637 (5 df)

Iteration 7:  28000000 integrand evaluations so far
[1] -67.119 +- 44.8406  	chisq 3.23799 (6 df)

Iteration 8:  36000000 integrand evaluations so far
[1] -49.3686 +- 41.03  	chisq 4.20089 (7 df)

Iteration 9:  45000000 integrand evaluations so far
[1] -46.881 +- 39.2112  	chisq 4.24329 (8 df)

Iteration 10:  55000000 integrand evaluations so far
[1] -30.2135 +- 36.8766  	chisq 5.80718 (9 df)
     -30 ±     37        (3.64mi) ┃Vegas input parameters:
  ndim 8
  ncomp 1
  nvec 1
  epsrel 0
  epsabs 0
  flags 10
  seed 123456
  mineval 5000000
  maxeval 50000000
  nstart 1000000
  nincrease 1000000
  nbatch 5000
  gridno 0
  statefile ""

Iteration 1:  1000000 integrand evaluations so far
[1] 270.463 +- 61.5236  	chisq 0 (0 df)

Iteration 2:  3000000 integrand evaluations so far
[1] 173.427 +- 27.3267  	chisq 3.099 (1 df)

Iteration 3:  6000000 integrand evaluations so far
[1] 175.642 +- 27.2884  	chisq 5.44863 (2 df)

Iteration 4:  10000000 integrand evaluations so far
[1] 181.18 +- 26.8042  	chisq 6.61966 (3 df)

Iteration 5:  15000000 integrand evaluations so far
[1] 200.714 +- 22.8016  	chisq 8.54132 (4 df)

Iteration 6:  21000000 integrand evaluations so far
[1] 226.44 +- 16.2275  	chisq 11.1208 (5 df)

Iteration 7:  28000000 integrand evaluations so far
[1] 249.033 +- 13.0995  	chisq 16.685 (6 df)

Iteration 8:  36000000 integrand evaluations so far
[1] 269.482 +- 9.23197  	chisq 21.527 (7 df)

Iteration 9:  45000000 integrand evaluations so far
[1] 281.806 +- 6.37896  	chisq 24.9369 (8 df)

Iteration 10:  55000000 integrand evaluations so far
[1] 285.474 +- 4.6996  	chisq 25.6601 (9 df)
   285.5 ±    4.7        (1.81mi) ┃     299 ±     37        (6.59mi) ┃
┃   50 -    52 ┃   30 -    31 ┃  319.96 ±   0.32        (1.35mi) ┃-274.979 ±   0.03        (14.8mi) ┃Vegas input parameters:
  ndim 10
  ncomp 1
  nvec 1
  epsrel 0
  epsabs 0
  flags 10
  seed 123456
  mineval 50000000
  maxeval 50000000
  nstart 1000000
  nincrease 1000000
  nbatch 5000
  gridno 0
  statefile ""

Iteration 1:  1000000 integrand evaluations so far
[1] -186.513 +- 80.9679  	chisq 0 (0 df)

Iteration 2:  3000000 integrand evaluations so far
[1] -192.913 +- 79.4916  	chisq 0.172874 (1 df)

Iteration 3:  6000000 integrand evaluations so far
[1] -41.3954 +- 34.3115  	chisq 4.6379 (2 df)

Iteration 4:  10000000 integrand evaluations so far
[1] -35.5247 +- 33.2811  	chisq 5.13275 (3 df)

Iteration 5:  15000000 integrand evaluations so far
[1] -41.9571 +- 31.9044  	chisq 5.59382 (4 df)

Iteration 6:  21000000 integrand evaluations so far
[1] -33.8064 +- 30.851  	chisq 6.5988 (5 df)

Iteration 7:  28000000 integrand evaluations so far
[1] -35.7349 +- 30.8076  	chisq 7.98827 (6 df)

Iteration 8:  36000000 integrand evaluations so far
[1] -19.7735 +- 28.7273  	chisq 10.0453 (7 df)

Iteration 9:  45000000 integrand evaluations so far
[1] -19.4634 +- 27.8349  	chisq 10.0472 (8 df)

Iteration 10:  55000000 integrand evaluations so far
[1] -7.98086 +- 26.9789  	chisq 12.8572 (9 df)
      -8 ±     27        (3.63mi) ┃Vegas input parameters:
  ndim 8
  ncomp 1
  nvec 1
  epsrel 0
  epsabs 0
  flags 10
  seed 123456
  mineval 5000000
  maxeval 50000000
  nstart 1000000
  nincrease 1000000
  nbatch 5000
  gridno 0
  statefile ""

Iteration 1:  1000000 integrand evaluations so far
[1] 170.544 +- 43.6546  	chisq 0 (0 df)

Iteration 2:  3000000 integrand evaluations so far
[1] 154.424 +- 33.3534  	chisq 0.327569 (1 df)

Iteration 3:  6000000 integrand evaluations so far
[1] 56.2104 +- 7.42067  	chisq 9.44994 (2 df)

Iteration 4:  10000000 integrand evaluations so far
[1] 65.6798 +- 7.15677  	chisq 32.7593 (3 df)

Iteration 5:  15000000 integrand evaluations so far
[1] 69.8825 +- 7.09163  	chisq 51.7893 (4 df)

Iteration 6:  21000000 integrand evaluations so far
[1] 79.3839 +- 6.94887  	chisq 96.8271 (5 df)

Iteration 7:  28000000 integrand evaluations so far
[1] 133.064 +- 5.90836  	chisq 312.219 (6 df)

Iteration 8:  36000000 integrand evaluations so far
[1] 189.844 +- 4.59764  	chisq 546.347 (7 df)

Iteration 9:  45000000 integrand evaluations so far
[1] 193.1 +- 4.52916  	chisq 563.301 (8 df)

Iteration 10:  55000000 integrand evaluations so far
[1] 207.471 +- 4.19772  	chisq 634.707 (9 df)
   207.5 ±    4.2        (1.78mi) ┃     244 ±     27        (21.5mi) ┃
┃   50 -    52 ┃   31 -    32 ┃  271.33 ±   0.23        (1.34mi) ┃  -239.8 ±   0.24        (1.13mi) ┃Vegas input parameters:
  ndim 10
  ncomp 1
  nvec 1
  epsrel 0
  epsabs 0
  flags 10
  seed 123456
  mineval 50000000
  maxeval 50000000
  nstart 1000000
  nincrease 1000000
  nbatch 5000
  gridno 0
  statefile ""

Iteration 1:  1000000 integrand evaluations so far
[1] -132.67 +- 149.708  	chisq 0 (0 df)

Iteration 2:  3000000 integrand evaluations so far
[1] -78.6602 +- 115.875  	chisq 0.324636 (1 df)

Iteration 3:  6000000 integrand evaluations so far
[1] -167.692 +- 90.7733  	chisq 1.85278 (2 df)

Iteration 4:  10000000 integrand evaluations so far
[1] -43.4606 +- 40.2254  	chisq 4.18352 (3 df)

Iteration 5:  15000000 integrand evaluations so far
[1] -47.6367 +- 39.8143  	chisq 4.71347 (4 df)

Iteration 6:  21000000 integrand evaluations so far
[1] -49.5232 +- 38.085  	chisq 4.73989 (5 df)

Iteration 7:  28000000 integrand evaluations so far
[1] -37.0987 +- 31.471  	chisq 5.07544 (6 df)

Iteration 8:  36000000 integrand evaluations so far
[1] -36.5985 +- 31.4672  	chisq 6.14265 (7 df)

Iteration 9:  45000000 integrand evaluations so far
[1] -32.6167 +- 31.1268  	chisq 6.88665 (8 df)

Iteration 10:  55000000 integrand evaluations so far
[1] -37.2795 +- 30.2265  	chisq 7.28025 (9 df)
     -37 ±     30        ( 3.6mi) ┃Vegas input parameters:
  ndim 8
  ncomp 1
  nvec 1
  epsrel 0
  epsabs 0
  flags 10
  seed 123456
  mineval 5000000
  maxeval 50000000
  nstart 1000000
  nincrease 1000000
  nbatch 5000
  gridno 0
  statefile ""

Iteration 1:  1000000 integrand evaluations so far
[1] 249.305 +- 57.1605  	chisq 0 (0 df)

Iteration 2:  3000000 integrand evaluations so far
[1] 109.445 +- 16.3986  	chisq 6.52369 (1 df)

Iteration 3:  6000000 integrand evaluations so far
[1] 123.578 +- 13.7333  	chisq 9.01092 (2 df)

Iteration 4:  10000000 integrand evaluations so far
[1] 126.027 +- 13.6709  	chisq 12.5181 (3 df)

Iteration 5:  15000000 integrand evaluations so far
[1] 141.642 +- 12.7713  	chisq 22.7681 (4 df)

Iteration 6:  21000000 integrand evaluations so far
[1] 172.608 +- 10.481  	chisq 40.7741 (5 df)

Iteration 7:  28000000 integrand evaluations so far
[1] 211.655 +- 7.62079  	chisq 70.223 (6 df)

Iteration 8:  36000000 integrand evaluations so far
[1] 239.126 +- 5.49069  	chisq 97.2429 (7 df)

Iteration 9:  45000000 integrand evaluations so far
[1] 249.397 +- 3.65353  	chisq 103.522 (8 df)

Iteration 10:  55000000 integrand evaluations so far
[1] 250.036 +- 3.61322  	chisq 104.917 (9 df)
     250 ±    3.6        ( 1.8mi) ┃     244 ±     30        (7.86mi) ┃
┃   50 -    52 ┃   32 -    33 ┃  282.58 ±   0.14        (4.88mi) ┃    -242 ±   0.24        (3.61mi) ┃Vegas input parameters:
  ndim 10
  ncomp 1
  nvec 1
  epsrel 0
  epsabs 0
  flags 10
  seed 123456
  mineval 50000000
  maxeval 50000000
  nstart 1000000
  nincrease 1000000
  nbatch 5000
  gridno 0
  statefile ""

Iteration 1:  1000000 integrand evaluations so far
[1] 102.86 +- 290.486  	chisq 0 (0 df)

Iteration 2:  3000000 integrand evaluations so far
[1] -64.9994 +- 96.0779  	chisq 0.374936 (1 df)

Iteration 3:  6000000 integrand evaluations so far
[1] -40.9942 +- 66.9204  	chisq 0.496186 (2 df)

Iteration 4:  10000000 integrand evaluations so far
[1] -64.8444 +- 63.0264  	chisq 1.62033 (3 df)

Iteration 5:  15000000 integrand evaluations so far
[1] -79.8786 +- 61.0195  	chisq 2.52824 (4 df)

Iteration 6:  21000000 integrand evaluations so far
[1] -42.2253 +- 38.4728  	chisq 3.16026 (5 df)

Iteration 7:  28000000 integrand evaluations so far
[1] -50.4697 +- 33.2751  	chisq 3.34253 (6 df)

Iteration 8:  36000000 integrand evaluations so far
[1] -35.2035 +- 30.9784  	chisq 4.92175 (7 df)

Iteration 9:  45000000 integrand evaluations so far
[1] -34.2055 +- 29.3593  	chisq 4.93195 (8 df)

Iteration 10:  55000000 integrand evaluations so far
[1] -31.7413 +- 27.3616  	chisq 4.98554 (9 df)
     -32 ±     27        (3.62mi) ┃Vegas input parameters:
  ndim 8
  ncomp 1
  nvec 1
  epsrel 0
  epsabs 0
  flags 10
  seed 123456
  mineval 5000000
  maxeval 50000000
  nstart 1000000
  nincrease 1000000
  nbatch 5000
  gridno 0
  statefile ""

Iteration 1:  1000000 integrand evaluations so far
[1] 287.62 +- 61.0734  	chisq 0 (0 df)

Iteration 2:  3000000 integrand evaluations so far
[1] 224.661 +- 38.5342  	chisq 1.76557 (1 df)

Iteration 3:  6000000 integrand evaluations so far
[1] 181.141 +- 22.4503  	chisq 3.69651 (2 df)

Iteration 4:  10000000 integrand evaluations so far
[1] 191.756 +- 17.6299  	chisq 4.27974 (3 df)

Iteration 5:  15000000 integrand evaluations so far
[1] 212.696 +- 12.5264  	chisq 7.1288 (4 df)

Iteration 6:  21000000 integrand evaluations so far
[1] 224.199 +- 9.81748  	chisq 9.31504 (5 df)

Iteration 7:  28000000 integrand evaluations so far
[1] 230.266 +- 7.49236  	chisq 10.2296 (6 df)

Iteration 8:  36000000 integrand evaluations so far
[1] 234.176 +- 6.57668  	chisq 11.4163 (7 df)

Iteration 9:  45000000 integrand evaluations so far
[1] 244.027 +- 4.88327  	chisq 16.4167 (8 df)

Iteration 10:  55000000 integrand evaluations so far
[1] 247.701 +- 3.43  	chisq 17.5342 (9 df)
   247.7 ±    3.4        (1.79mi) ┃     257 ±     28        (13.9mi) ┃
┃   50 -    52 ┃   33 -    34 ┃ 258.239 ±    0.1        (9.07mi) ┃ -222.27 ±   0.16        (14.2mi) ┃Vegas input parameters:
  ndim 10
  ncomp 1
  nvec 1
  epsrel 0
  epsabs 0
  flags 10
  seed 123456
  mineval 50000000
  maxeval 50000000
  nstart 1000000
  nincrease 1000000
  nbatch 5000
  gridno 0
  statefile ""

Iteration 1:  1000000 integrand evaluations so far
[1] -149.658 +- 109.207  	chisq 0 (0 df)

Iteration 2:  3000000 integrand evaluations so far
[1] -124.169 +- 107.308  	chisq 1.57973 (1 df)

Iteration 3:  6000000 integrand evaluations so far
[1] -93.7553 +- 83.4741  	chisq 1.78316 (2 df)

Iteration 4:  10000000 integrand evaluations so far
[1] -79.7824 +- 81.9239  	chisq 2.54464 (3 df)

Iteration 5:  15000000 integrand evaluations so far
[1] -103.882 +- 56.7823  	chisq 2.71118 (4 df)

Iteration 6:  21000000 integrand evaluations so far
[1] -89.7157 +- 48.7095  	chisq 2.94684 (5 df)

Iteration 7:  28000000 integrand evaluations so far
[1] -78.7748 +- 46.4804  	chisq 3.51097 (6 df)

Iteration 8:  36000000 integrand evaluations so far
[1] -66.3105 +- 45.7524  	chisq 5.8248 (7 df)

Iteration 9:  45000000 integrand evaluations so far
[1] -49.1563 +- 33.1848  	chisq 6.12142 (8 df)

Iteration 10:  55000000 integrand evaluations so far
[1] -51.9022 +- 32.913  	chisq 6.541 (9 df)
     -52 ±     33        (3.53mi) ┃Vegas input parameters:
  ndim 8
  ncomp 1
  nvec 1
  epsrel 0
  epsabs 0
  flags 10
  seed 123456
  mineval 5000000
  maxeval 50000000
  nstart 1000000
  nincrease 1000000
  nbatch 5000
  gridno 0
  statefile ""

Iteration 1:  1000000 integrand evaluations so far
[1] 301.803 +- 67.3109  	chisq 0 (0 df)

Iteration 2:  3000000 integrand evaluations so far
[1] 179.887 +- 30.0837  	chisq 4.0995 (1 df)

Iteration 3:  6000000 integrand evaluations so far
[1] 184.522 +- 29.7189  	chisq 5.08427 (2 df)

Iteration 4:  10000000 integrand evaluations so far
[1] 194.87 +- 24.7376  	chisq 5.47901 (3 df)

Iteration 5:  15000000 integrand evaluations so far
[1] 196.42 +- 24.6794  	chisq 6.31416 (4 df)

Iteration 6:  21000000 integrand evaluations so far
[1] 204.669 +- 21.503  	chisq 6.77806 (5 df)

Iteration 7:  28000000 integrand evaluations so far
[1] 206.424 +- 15.9933  	chisq 6.79296 (6 df)

Iteration 8:  36000000 integrand evaluations so far
[1] 215.204 +- 15.0062  	chisq 9.31264 (7 df)

Iteration 9:  45000000 integrand evaluations so far
[1] 228.303 +- 11.4397  	chisq 11.1318 (8 df)

Iteration 10:  55000000 integrand evaluations so far
[1] 239.487 +- 7.60139  	chisq 12.8431 (9 df)
   239.5 ±    7.6        (1.76mi) ┃     224 ±     34        (28.6mi) ┃
┃   50 -    52 ┃   34 -    35 ┃  283.55 ±   0.16        ( 37.8s) ┃ -243.31 ±    0.2        (1.99mi) ┃Vegas input parameters:
  ndim 10
  ncomp 1
  nvec 1
  epsrel 0
  epsabs 0
  flags 10
  seed 123456
  mineval 50000000
  maxeval 50000000
  nstart 1000000
  nincrease 1000000
  nbatch 5000
  gridno 0
  statefile ""

Iteration 1:  1000000 integrand evaluations so far
[1] -3250.68 +- 3186.35  	chisq 0 (0 df)

Iteration 2:  3000000 integrand evaluations so far
[1] 108.409 +- 168.285  	chisq 1.11447 (1 df)

Iteration 3:  6000000 integrand evaluations so far
[1] 188.181 +- 155.302  	chisq 2.62909 (2 df)

Iteration 4:  10000000 integrand evaluations so far
[1] 75.7787 +- 64.3285  	chisq 3.26142 (3 df)

Iteration 5:  15000000 integrand evaluations so far
[1] 38.9879 +- 57.5251  	chisq 4.89415 (4 df)

Iteration 6:  21000000 integrand evaluations so far
[1] 2.77168 +- 47.2969  	chisq 6.11751 (5 df)

Iteration 7:  28000000 integrand evaluations so far
[1] -0.242368 +- 44.5554  	chisq 6.15359 (6 df)

Iteration 8:  36000000 integrand evaluations so far
[1] -20.9131 +- 26.9344  	chisq 6.49277 (7 df)

Iteration 9:  45000000 integrand evaluations so far
[1] -24.1649 +- 26.3617  	chisq 6.83919 (8 df)

Iteration 10:  55000000 integrand evaluations so far
[1] -9.97692 +- 25.3132  	chisq 10.5543 (9 df)
     -10 ±     25        (3.62mi) ┃Vegas input parameters:
  ndim 8
  ncomp 1
  nvec 1
  epsrel 0
  epsabs 0
  flags 10
  seed 123456
  mineval 5000000
  maxeval 50000000
  nstart 1000000
  nincrease 1000000
  nbatch 5000
  gridno 0
  statefile ""

Iteration 1:  1000000 integrand evaluations so far
[1] 213.392 +- 46.9839  	chisq 0 (0 df)

Iteration 2:  3000000 integrand evaluations so far
[1] 152.941 +- 28.5818  	chisq 2.62802 (1 df)

Iteration 3:  6000000 integrand evaluations so far
[1] 152.266 +- 25.0972  	chisq 2.63045 (2 df)

Iteration 4:  10000000 integrand evaluations so far
[1] 166.53 +- 20.4027  	chisq 3.58296 (3 df)

Iteration 5:  15000000 integrand evaluations so far
[1] 177.959 +- 19.2475  	chisq 6.43478 (4 df)

Iteration 6:  21000000 integrand evaluations so far
[1] 197.883 +- 14.3406  	chisq 8.8434 (5 df)

Iteration 7:  28000000 integrand evaluations so far
[1] 215.817 +- 10.0005  	chisq 11.8879 (6 df)

Iteration 8:  36000000 integrand evaluations so far
[1] 230.545 +- 7.58271  	chisq 16.9904 (7 df)

Iteration 9:  45000000 integrand evaluations so far
[1] 234.113 +- 4.66567  	chisq 17.3468 (8 df)

Iteration 10:  55000000 integrand evaluations so far
[1] 229.831 +- 2.89946  	chisq 18.7189 (9 df)
   229.8 ±    2.9        (1.77mi) ┃     260 ±     25        (   8mi) ┃
┃   50 -    52 ┃   35 -    36 ┃  239.69 ±    0.2        (2.63mi) ┃ -206.39 ±   0.15        (7.03mi) ┃Vegas input parameters:
  ndim 10
  ncomp 1
  nvec 1
  epsrel 0
  epsabs 0
  flags 10
  seed 123456
  mineval 50000000
  maxeval 50000000
  nstart 1000000
  nincrease 1000000
  nbatch 5000
  gridno 0
  statefile ""

Iteration 1:  1000000 integrand evaluations so far
[1] -207.074 +- 114.516  	chisq 0 (0 df)

Iteration 2:  3000000 integrand evaluations so far
[1] -228.13 +- 105.383  	chisq 0.220745 (1 df)

Iteration 3:  6000000 integrand evaluations so far
[1] -165.637 +- 100.554  	chisq 4.14763 (2 df)

Iteration 4:  10000000 integrand evaluations so far
[1] -14.0532 +- 40.7554  	chisq 6.86686 (3 df)

Iteration 5:  15000000 integrand evaluations so far
[1] -7.04873 +- 32.6985  	chisq 6.94976 (4 df)

Iteration 6:  21000000 integrand evaluations so far
[1] -14.1751 +- 31.1349  	chisq 7.4586 (5 df)

Iteration 7:  28000000 integrand evaluations so far
[1] -15.5757 +- 31.0835  	chisq 8.07186 (6 df)

Iteration 8:  36000000 integrand evaluations so far
[1] -16.8562 +- 31.0656  	chisq 9.54464 (7 df)

Iteration 9:  45000000 integrand evaluations so far
[1] -24.0369 +- 29.2317  	chisq 10.011 (8 df)

Iteration 10:  55000000 integrand evaluations so far
[1] -24.1785 +- 29.2314  	chisq 10.9893 (9 df)
     -24 ±     29        (3.64mi) ┃Vegas input parameters:
  ndim 8
  ncomp 1
  nvec 1
  epsrel 0
  epsabs 0
  flags 10
  seed 123456
  mineval 5000000
  maxeval 50000000
  nstart 1000000
  nincrease 1000000
  nbatch 5000
  gridno 0
  statefile ""

Iteration 1:  1000000 integrand evaluations so far
[1] 174.589 +- 46.5398  	chisq 0 (0 df)

Iteration 2:  3000000 integrand evaluations so far
[1] 87.6385 +- 21.1393  	chisq 4.39791 (1 df)

Iteration 3:  6000000 integrand evaluations so far
[1] 89.4255 +- 21.0968  	chisq 6.17602 (2 df)

Iteration 4:  10000000 integrand evaluations so far
[1] 104.174 +- 19.5939  	chisq 9.73317 (3 df)

Iteration 5:  15000000 integrand evaluations so far
[1] 123.513 +- 14.3245  	chisq 11.8257 (4 df)

Iteration 6:  21000000 integrand evaluations so far
[1] 145.052 +- 12.2875  	chisq 20.3832 (5 df)

Iteration 7:  28000000 integrand evaluations so far
[1] 174.807 +- 7.47183  	chisq 29.6877 (6 df)

Iteration 8:  36000000 integrand evaluations so far
[1] 191.414 +- 5.32188  	chisq 39.7147 (7 df)

Iteration 9:  45000000 integrand evaluations so far
[1] 195.544 +- 3.23423  	chisq 40.6698 (8 df)

Iteration 10:  55000000 integrand evaluations so far
[1] 195.74 +- 3.22863  	chisq 41.7282 (9 df)
   195.7 ±    3.2        (1.78mi) ┃     205 ±     29        (15.1mi) ┃
┃   50 -    52 ┃   36 -    37 ┃  244.59 ±   0.13        ( 3.23s) ┃ -206.62 ±    0.2        (6.99mi) ┃Vegas input parameters:
  ndim 10
  ncomp 1
  nvec 1
  epsrel 0
  epsabs 0
  flags 10
  seed 123456
  mineval 50000000
  maxeval 50000000
  nstart 1000000
  nincrease 1000000
  nbatch 5000
  gridno 0
  statefile ""

Iteration 1:  1000000 integrand evaluations so far
[1] 53.7504 +- 68.7636  	chisq 0 (0 df)

Iteration 2:  3000000 integrand evaluations so far
[1] 82.8632 +- 64.7304  	chisq 1.57421 (1 df)

Iteration 3:  6000000 integrand evaluations so far
[1] -7.55573 +- 38.939  	chisq 4.63189 (2 df)

Iteration 4:  10000000 integrand evaluations so far
[1] -15.5091 +- 38.2511  	chisq 5.82322 (3 df)

Iteration 5:  15000000 integrand evaluations so far
[1] -2.55459 +- 35.9389  	chisq 6.80153 (4 df)

Iteration 6:  21000000 integrand evaluations so far
[1] -0.482446 +- 35.8192  	chisq 7.30112 (5 df)

Iteration 7:  28000000 integrand evaluations so far
[1] 8.51903 +- 31.1276  	chisq 7.5591 (6 df)

Iteration 8:  36000000 integrand evaluations so far
[1] -8.26607 +- 19.1521  	chisq 8.027 (7 df)

Iteration 9:  45000000 integrand evaluations so far
[1] -11.1864 +- 18.9496  	chisq 9.13233 (8 df)

Iteration 10:  55000000 integrand evaluations so far
[1] -11.472 +- 18.5085  	chisq 9.13727 (9 df)
     -11 ±     19        (3.58mi) ┃Vegas input parameters:
  ndim 8
  ncomp 1
  nvec 1
  epsrel 0
  epsabs 0
  flags 10
  seed 123456
  mineval 5000000
  maxeval 50000000
  nstart 1000000
  nincrease 1000000
  nbatch 5000
  gridno 0
  statefile ""

Iteration 1:  1000000 integrand evaluations so far
[1] 106.635 +- 31.9126  	chisq 0 (0 df)

Iteration 2:  3000000 integrand evaluations so far
[1] 46.0451 +- 11.7733  	chisq 4.17262 (1 df)

Iteration 3:  6000000 integrand evaluations so far
[1] 39.4455 +- 6.58329  	chisq 4.62978 (2 df)

Iteration 4:  10000000 integrand evaluations so far
[1] 41.3059 +- 6.53823  	chisq 10.483 (3 df)

Iteration 5:  15000000 integrand evaluations so far
[1] 59.0658 +- 5.85231  	chisq 47.5956 (4 df)

Iteration 6:  21000000 integrand evaluations so far
[1] 76.8243 +- 5.43526  	chisq 114.587 (5 df)

Iteration 7:  28000000 integrand evaluations so far
[1] 110.059 +- 4.56933  	chisq 242.085 (6 df)

Iteration 8:  36000000 integrand evaluations so far
[1] 149.945 +- 3.4883  	chisq 424.725 (7 df)

Iteration 9:  45000000 integrand evaluations so far
[1] 152.26 +- 3.42996  	chisq 438.002 (8 df)

Iteration 10:  55000000 integrand evaluations so far
[1] 162.473 +- 3.10163  	chisq 486.643 (9 df)
   162.5 ±    3.1        (1.81mi) ┃     189 ±     19        (12.4mi) ┃
┃   50 -    52 ┃   37 -    38 ┃  268.22 ±   0.25        (1.59mi) ┃-229.964 ±  0.027        (28.2mi) ┃Vegas input parameters:
  ndim 10
  ncomp 1
  nvec 1
  epsrel 0
  epsabs 0
  flags 10
  seed 123456
  mineval 50000000
  maxeval 50000000
  nstart 1000000
  nincrease 1000000
  nbatch 5000
  gridno 0
  statefile ""

Iteration 1:  1000000 integrand evaluations so far
[1] -316.203 +- 777.19  	chisq 0 (0 df)

Iteration 2:  3000000 integrand evaluations so far
[1] -598.534 +- 579.865  	chisq 0.297671 (1 df)

Iteration 3:  6000000 integrand evaluations so far
[1] -676.647 +- 572.716  	chisq 1.03825 (2 df)

Iteration 4:  10000000 integrand evaluations so far
[1] -10.9881 +- 18.0496  	chisq 2.3905 (3 df)

Iteration 5:  15000000 integrand evaluations so far
[1] -15.4286 +- 17.6648  	chisq 3.82539 (4 df)

Iteration 6:  21000000 integrand evaluations so far
[1] -11.3855 +- 17.343  	chisq 5.27651 (5 df)

Iteration 7:  28000000 integrand evaluations so far
[1] -11.1507 +- 16.6588  	chisq 5.27888 (6 df)

Iteration 8:  36000000 integrand evaluations so far
[1] -13.4685 +- 16.6213  	chisq 9.58139 (7 df)

Iteration 9:  45000000 integrand evaluations so far
[1] -11.7855 +- 16.4634  	chisq 10.1234 (8 df)

Iteration 10:  55000000 integrand evaluations so far
[1] -11.2978 +- 16.4336  	chisq 10.3664 (9 df)
     -11 ±     16        (3.64mi) ┃Vegas input parameters:
  ndim 8
  ncomp 1
  nvec 1
  epsrel 0
  epsabs 0
  flags 10
  seed 123456
  mineval 5000000
  maxeval 50000000
  nstart 1000000
  nincrease 1000000
  nbatch 5000
  gridno 0
  statefile ""

Iteration 1:  1000000 integrand evaluations so far
[1] 123.519 +- 40.7048  	chisq 0 (0 df)

Iteration 2:  3000000 integrand evaluations so far
[1] 14.6911 +- 4.36456  	chisq 7.23127 (1 df)

Iteration 3:  6000000 integrand evaluations so far
[1] 15.226 +- 4.35081  	chisq 9.61877 (2 df)

Iteration 4:  10000000 integrand evaluations so far
[1] 15.6561 +- 4.34596  	chisq 14.01 (3 df)

Iteration 5:  15000000 integrand evaluations so far
[1] 17.0428 +- 4.32079  	chisq 22.8242 (4 df)

Iteration 6:  21000000 integrand evaluations so far
[1] 26.1944 +- 4.17076  	chisq 88.5655 (5 df)

Iteration 7:  28000000 integrand evaluations so far
[1] 36.3445 +- 4.04236  	chisq 186.26 (6 df)

Iteration 8:  36000000 integrand evaluations so far
[1] 38.0724 +- 4.02429  	chisq 206.735 (7 df)

Iteration 9:  45000000 integrand evaluations so far
[1] 49.91 +- 3.91095  	chisq 362.542 (8 df)

Iteration 10:  55000000 integrand evaluations so far
[1] 86.1573 +- 3.45074  	chisq 750.355 (9 df)
    86.2 ±    3.5        (1.81mi) ┃     113 ±     17        (35.2mi) ┃
┃   50 -    52 ┃   38 -    39 ┃  222.99 ±   0.19        (2.42mi) ┃ -191.58 ±   0.12        (6.93mi) ┃Vegas input parameters:
  ndim 10
  ncomp 1
  nvec 1
  epsrel 0
  epsabs 0
  flags 10
  seed 123456
  mineval 50000000
  maxeval 50000000
  nstart 1000000
  nincrease 1000000
  nbatch 5000
  gridno 0
  statefile ""

Iteration 1:  1000000 integrand evaluations so far
[1] -168.813 +- 536.79  	chisq 0 (0 df)

Iteration 2:  3000000 integrand evaluations so far
[1] -15.4463 +- 66.6948  	chisq 0.0829105 (1 df)

Iteration 3:  6000000 integrand evaluations so far
[1] -8.24267 +- 62.7741  	chisq 0.18514 (2 df)

Iteration 4:  10000000 integrand evaluations so far
[1] -11.2304 +- 62.4913  	chisq 0.437133 (3 df)

Iteration 5:  15000000 integrand evaluations so far
[1] -17.3258 +- 54.2705  	chisq 0.475839 (4 df)

Iteration 6:  21000000 integrand evaluations so far
[1] 23.0335 +- 48.8867  	chisq 3.40871 (5 df)

Iteration 7:  28000000 integrand evaluations so far
[1] 30.4152 +- 46.5719  	chisq 3.65531 (6 df)

Iteration 8:  36000000 integrand evaluations so far
[1] 14.7496 +- 41.2361  	chisq 4.17911 (7 df)

Iteration 9:  45000000 integrand evaluations so far
[1] 12.0903 +- 35.7858  	chisq 4.19595 (8 df)

Iteration 10:  55000000 integrand evaluations so far
[1] 12.5839 +- 35.3653  	chisq 4.2041 (9 df)
      13 ±     35        (3.63mi) ┃Vegas input parameters:
  ndim 8
  ncomp 1
  nvec 1
  epsrel 0
  epsabs 0
  flags 10
  seed 123456
  mineval 5000000
  maxeval 50000000
  nstart 1000000
  nincrease 1000000
  nbatch 5000
  gridno 0
  statefile ""

Iteration 1:  1000000 integrand evaluations so far
[1] 164.176 +- 42.4783  	chisq 0 (0 df)

Iteration 2:  3000000 integrand evaluations so far
[1] 161.772 +- 39.8811  	chisq 0.0270265 (1 df)

Iteration 3:  6000000 integrand evaluations so far
[1] 165.901 +- 39.4029  	chisq 0.476742 (2 df)

Iteration 4:  10000000 integrand evaluations so far
[1] 128.89 +- 25.3529  	chisq 1.98232 (3 df)

Iteration 5:  15000000 integrand evaluations so far
[1] 134.553 +- 22.381  	chisq 2.20843 (4 df)

Iteration 6:  21000000 integrand evaluations so far
[1] 142.599 +- 17.3778  	chisq 2.53381 (5 df)

Iteration 7:  28000000 integrand evaluations so far
[1] 155.433 +- 11.3891  	chisq 3.48998 (6 df)

Iteration 8:  36000000 integrand evaluations so far
[1] 170.579 +- 7.50859  	chisq 6.61801 (7 df)

Iteration 9:  45000000 integrand evaluations so far
[1] 181.792 +- 6.62815  	chisq 16.7212 (8 df)

Iteration 10:  55000000 integrand evaluations so far
[1] 188.048 +- 5.92582  	chisq 21.1599 (9 df)
     188 ±    5.9        (1.77mi) ┃     232 ±     36        (14.8mi) ┃
┃   50 -    52 ┃   39 -    40 ┃  240.31 ±   0.14        (1.58mi) ┃-205.525 ±  0.075        (54.9mi) ┃Vegas input parameters:
  ndim 10
  ncomp 1
  nvec 1
  epsrel 0
  epsabs 0
  flags 10
  seed 123456
  mineval 50000000
  maxeval 50000000
  nstart 1000000
  nincrease 1000000
  nbatch 5000
  gridno 0
  statefile ""

Iteration 1:  1000000 integrand evaluations so far
[1] -471.236 +- 654.959  	chisq 0 (0 df)

Iteration 2:  3000000 integrand evaluations so far
[1] -188.056 +- 133.967  	chisq 0.195101 (1 df)

Iteration 3:  6000000 integrand evaluations so far
[1] -73.4851 +- 78.7807  	chisq 1.31312 (2 df)

Iteration 4:  10000000 integrand evaluations so far
[1] 1.34164 +- 69.1117  	chisq 5.2286 (3 df)

Iteration 5:  15000000 integrand evaluations so far
[1] -51.2967 +- 55.0522  	chisq 6.81584 (4 df)

Iteration 6:  21000000 integrand evaluations so far
[1] 14.6524 +- 40.2077  	chisq 9.89151 (5 df)

Iteration 7:  28000000 integrand evaluations so far
[1] 17.0591 +- 40.0942  	chisq 10.5269 (6 df)

Iteration 8:  36000000 integrand evaluations so far
[1] -8.15318 +- 36.5629  	chisq 12.8752 (7 df)

Iteration 9:  45000000 integrand evaluations so far
[1] 24.5713 +- 25.1552  	chisq 14.3962 (8 df)

Iteration 10:  55000000 integrand evaluations so far
[1] 21.5691 +- 24.8444  	chisq 14.9762 (9 df)
      22 ±     25        ( 3.6mi) ┃Vegas input parameters:
  ndim 8
  ncomp 1
  nvec 1
  epsrel 0
  epsabs 0
  flags 10
  seed 123456
  mineval 5000000
  maxeval 50000000
  nstart 1000000
  nincrease 1000000
  nbatch 5000
  gridno 0
  statefile ""

Iteration 1:  1000000 integrand evaluations so far
[1] 166.645 +- 48.1002  	chisq 0 (0 df)

Iteration 2:  3000000 integrand evaluations so far
[1] 159.674 +- 43.7699  	chisq 0.122148 (1 df)

Iteration 3:  6000000 integrand evaluations so far
[1] 161.091 +- 43.7455  	chisq 1.0646 (2 df)

Iteration 4:  10000000 integrand evaluations so far
[1] 153.75 +- 30.4775  	chisq 1.11931 (3 df)

Iteration 5:  15000000 integrand evaluations so far
[1] 118.177 +- 11.845  	chisq 2.72406 (4 df)

Iteration 6:  21000000 integrand evaluations so far
[1] 137.918 +- 10.3583  	chisq 14.5302 (5 df)

Iteration 7:  28000000 integrand evaluations so far
[1] 154.43 +- 9.19028  	chisq 26.4701 (6 df)

Iteration 8:  36000000 integrand evaluations so far
[1] 180.025 +- 7.02161  	chisq 45.1032 (7 df)

Iteration 9:  45000000 integrand evaluations so far
[1] 191.92 +- 5.33459  	chisq 51.8912 (8 df)

Iteration 10:  55000000 integrand evaluations so far
[1] 199.896 +- 3.6684  	chisq 56.1322 (9 df)
   199.9 ±    3.7        (1.76mi) ┃     256 ±     25        (1.03hr) ┃
┃   50 -    52 ┃   40 -    41 ┃ 228.606 ±  0.048        ( 9.63s) ┃-193.013 ±  0.064        (27.4mi) ┃Vegas input parameters:
  ndim 10
  ncomp 1
  nvec 1
  epsrel 0
  epsabs 0
  flags 10
  seed 123456
  mineval 50000000
  maxeval 50000000
  nstart 1000000
  nincrease 1000000
  nbatch 5000
  gridno 0
  statefile ""

Iteration 1:  1000000 integrand evaluations so far
[1] -205.969 +- 266.502  	chisq 0 (0 df)

Iteration 2:  3000000 integrand evaluations so far
[1] -205.928 +- 153.084  	chisq 3.64811e-08 (1 df)

Iteration 3:  6000000 integrand evaluations so far
[1] -95.2736 +- 136.655  	chisq 2.57224 (2 df)

Iteration 4:  10000000 integrand evaluations so far
[1] 106.144 +- 74.9459  	chisq 5.67917 (3 df)

Iteration 5:  15000000 integrand evaluations so far
[1] 93.1577 +- 73.8218  	chisq 6.68767 (4 df)

Iteration 6:  21000000 integrand evaluations so far
[1] 9.54645 +- 51.1726  	chisq 9.15704 (5 df)

Iteration 7:  28000000 integrand evaluations so far
[1] 6.63808 +- 35.3389  	chisq 9.16322 (6 df)

Iteration 8:  36000000 integrand evaluations so far
[1] 2.60067 +- 34.1415  	chisq 9.35916 (7 df)

Iteration 9:  45000000 integrand evaluations so far
[1] 1.35719 +- 33.4485  	chisq 9.39216 (8 df)

Iteration 10:  55000000 integrand evaluations so far
[1] 4.42475 +- 31.6099  	chisq 9.47083 (9 df)
       4 ±     32        (3.66mi) ┃Vegas input parameters:
  ndim 8
  ncomp 1
  nvec 1
  epsrel 0
  epsabs 0
  flags 10
  seed 123456
  mineval 5000000
  maxeval 50000000
  nstart 1000000
  nincrease 1000000
  nbatch 5000
  gridno 0
  statefile ""

Iteration 1:  1000000 integrand evaluations so far
[1] 175.837 +- 42.0752  	chisq 0 (0 df)

Iteration 2:  3000000 integrand evaluations so far
[1] 174.991 +- 35.7546  	chisq 0.00145588 (1 df)

Iteration 3:  6000000 integrand evaluations so far
[1] 159.883 +- 29.3245  	chisq 0.546899 (2 df)

Iteration 4:  10000000 integrand evaluations so far
[1] 112.728 +- 15.8109  	chisq 4.19244 (3 df)

Iteration 5:  15000000 integrand evaluations so far
[1] 124.067 +- 10.2959  	chisq 5.0853 (4 df)

Iteration 6:  21000000 integrand evaluations so far
[1] 140.131 +- 8.99125  	chisq 15.3415 (5 df)

Iteration 7:  28000000 integrand evaluations so far
[1] 155.994 +- 7.83547  	chisq 28.2796 (6 df)

Iteration 8:  36000000 integrand evaluations so far
[1] 170.338 +- 6.4506  	chisq 38.6797 (7 df)

Iteration 9:  45000000 integrand evaluations so far
[1] 184.941 +- 5.06744  	chisq 52.0647 (8 df)

Iteration 10:  55000000 integrand evaluations so far
[1] 191.844 +- 3.86252  	chisq 56.4936 (9 df)
   191.8 ±    3.9        (1.79mi) ┃     232 ±     32        (  33mi) ┃
┃   50 -    52 ┃   41 -    42 ┃   219.2 ±   0.15        (2.54mi) ┃ -189.54 ±   0.17        (  14mi) ┃Vegas input parameters:
  ndim 10
  ncomp 1
  nvec 1
  epsrel 0
  epsabs 0
  flags 10
  seed 123456
  mineval 50000000
  maxeval 50000000
  nstart 1000000
  nincrease 1000000
  nbatch 5000
  gridno 0
  statefile ""

Iteration 1:  1000000 integrand evaluations so far
[1] 261.874 +- 470.999  	chisq 0 (0 df)

Iteration 2:  3000000 integrand evaluations so far
[1] 32.2507 +- 56.6927  	chisq 0.241174 (1 df)

Iteration 3:  6000000 integrand evaluations so far
[1] 53.1456 +- 52.0726  	chisq 1.11002 (2 df)

Iteration 4:  10000000 integrand evaluations so far
[1] 45.7714 +- 46.974  	chisq 1.21769 (3 df)

Iteration 5:  15000000 integrand evaluations so far
[1] 37.1405 +- 44.696  	chisq 1.57441 (4 df)

Iteration 6:  21000000 integrand evaluations so far
[1] 56.7288 +- 41.4337  	chisq 2.94 (5 df)

Iteration 7:  28000000 integrand evaluations so far
[1] 61.7346 +- 37.7473  	chisq 3.02585 (6 df)

Iteration 8:  36000000 integrand evaluations so far
[1] 10.5105 +- 29.2727  	chisq 7.64566 (7 df)

Iteration 9:  45000000 integrand evaluations so far
[1] -1.11042 +- 26.4831  	chisq 8.51394 (8 df)

Iteration 10:  55000000 integrand evaluations so far
[1] -3.12709 +- 26.3536  	chisq 9.10814 (9 df)
      -3 ±     26        (3.61mi) ┃Vegas input parameters:
  ndim 8
  ncomp 1
  nvec 1
  epsrel 0
  epsabs 0
  flags 10
  seed 123456
  mineval 5000000
  maxeval 50000000
  nstart 1000000
  nincrease 1000000
  nbatch 5000
  gridno 0
  statefile ""

Iteration 1:  1000000 integrand evaluations so far
[1] 205.878 +- 47.8846  	chisq 0 (0 df)

Iteration 2:  3000000 integrand evaluations so far
[1] 119.517 +- 20.3676  	chisq 3.97118 (1 df)

Iteration 3:  6000000 integrand evaluations so far
[1] 122.252 +- 18.1306  	chisq 4.05807 (2 df)

Iteration 4:  10000000 integrand evaluations so far
[1] 127.538 +- 13.093  	chisq 4.23571 (3 df)

Iteration 5:  15000000 integrand evaluations so far
[1] 139.105 +- 10.6174  	chisq 6.51534 (4 df)

Iteration 6:  21000000 integrand evaluations so far
[1] 151.85 +- 7.86758  	chisq 9.71061 (5 df)

Iteration 7:  28000000 integrand evaluations so far
[1] 172.983 +- 5.64655  	chisq 24.5905 (6 df)

Iteration 8:  36000000 integrand evaluations so far
[1] 183.378 +- 4.20071  	chisq 32.1788 (7 df)

Iteration 9:  45000000 integrand evaluations so far
[1] 189.376 +- 2.98669  	chisq 36.302 (8 df)

Iteration 10:  55000000 integrand evaluations so far
[1] 192.949 +- 2.33325  	chisq 39.9746 (9 df)
   192.9 ±    2.3        (1.78mi) ┃     219 ±     26        (  22mi) ┃
┃   50 -    52 ┃   42 -    43 ┃  246.32 ±   0.12        (1.32mi) ┃ -210.69 ±   0.12        (13.8mi) ┃Vegas input parameters:
  ndim 10
  ncomp 1
  nvec 1
  epsrel 0
  epsabs 0
  flags 10
  seed 123456
  mineval 50000000
  maxeval 50000000
  nstart 1000000
  nincrease 1000000
  nbatch 5000
  gridno 0
  statefile ""

Iteration 1:  1000000 integrand evaluations so far
[1] -98.7213 +- 166.964  	chisq 0 (0 df)

Iteration 2:  3000000 integrand evaluations so far
[1] -43.8649 +- 54.696  	chisq 0.120924 (1 df)

Iteration 3:  6000000 integrand evaluations so far
[1] -40.85 +- 32.4858  	chisq 0.125618 (2 df)

Iteration 4:  10000000 integrand evaluations so far
[1] -42.5943 +- 31.7185  	chisq 0.187377 (3 df)

Iteration 5:  15000000 integrand evaluations so far
[1] -37.821 +- 31.1472  	chisq 0.821785 (4 df)

Iteration 6:  21000000 integrand evaluations so far
[1] -39.8033 +- 30.884  	chisq 1.06248 (5 df)

Iteration 7:  28000000 integrand evaluations so far
[1] -37.5604 +- 30.6281  	chisq 1.382 (6 df)

Iteration 8:  36000000 integrand evaluations so far
[1] -42.6134 +- 23.3086  	chisq 1.44668 (7 df)

Iteration 9:  45000000 integrand evaluations so far
[1] -43.5813 +- 23.183  	chisq 1.60714 (8 df)

Iteration 10:  55000000 integrand evaluations so far
[1] -40.2088 +- 23.0128  	chisq 3.05354 (9 df)
     -40 ±     23        (3.55mi) ┃Vegas input parameters:
  ndim 8
  ncomp 1
  nvec 1
  epsrel 0
  epsabs 0
  flags 10
  seed 123456
  mineval 5000000
  maxeval 50000000
  nstart 1000000
  nincrease 1000000
  nbatch 5000
  gridno 0
  statefile ""

Iteration 1:  1000000 integrand evaluations so far
[1] 229.327 +- 50.8728  	chisq 0 (0 df)

Iteration 2:  3000000 integrand evaluations so far
[1] 158.401 +- 35.2004  	chisq 3.72913 (1 df)

Iteration 3:  6000000 integrand evaluations so far
[1] 149.275 +- 25.6577  	chisq 3.87255 (2 df)

Iteration 4:  10000000 integrand evaluations so far
[1] 143.287 +- 17.3237  	chisq 3.97265 (3 df)

Iteration 5:  15000000 integrand evaluations so far
[1] 149.307 +- 14.0215  	chisq 4.32281 (4 df)

Iteration 6:  21000000 integrand evaluations so far
[1] 161.5 +- 11.1022  	chisq 6.34968 (5 df)

Iteration 7:  28000000 integrand evaluations so far
[1] 173.73 +- 7.99365  	chisq 8.86929 (6 df)

Iteration 8:  36000000 integrand evaluations so far
[1] 173.883 +- 7.99228  	chisq 9.95012 (7 df)

Iteration 9:  45000000 integrand evaluations so far
[1] 179.96 +- 7.42747  	chisq 14.1905 (8 df)

Iteration 10:  55000000 integrand evaluations so far
[1] 187.468 +- 5.31906  	chisq 16.2877 (9 df)
   187.5 ±    5.3        (1.78mi) ┃     183 ±     24        (20.5mi) ┃
┃   50 -    52 ┃   43 -    44 ┃  191.41 ±   0.16        (1.33mi) ┃ -164.02 ±   0.13        (3.51mi) ┃Vegas input parameters:
  ndim 10
  ncomp 1
  nvec 1
  epsrel 0
  epsabs 0
  flags 10
  seed 123456
  mineval 50000000
  maxeval 50000000
  nstart 1000000
  nincrease 1000000
  nbatch 5000
  gridno 0
  statefile ""

Iteration 1:  1000000 integrand evaluations so far
[1] -519.027 +- 396.457  	chisq 0 (0 df)

Iteration 2:  3000000 integrand evaluations so far
[1] -3.42686 +- 217.156  	chisq 2.41629 (1 df)

Iteration 3:  6000000 integrand evaluations so far
[1] 18.9315 +- 43.9886  	chisq 2.42734 (2 df)

Iteration 4:  10000000 integrand evaluations so far
[1] 14.7986 +- 43.8776  	chisq 4.17826 (3 df)

Iteration 5:  15000000 integrand evaluations so far
[1] 24.7204 +- 40.458  	chisq 4.51961 (4 df)

Iteration 6:  21000000 integrand evaluations so far
[1] 7.43843 +- 28.0968  	chisq 4.87205 (5 df)

Iteration 7:  28000000 integrand evaluations so far
[1] 5.21145 +- 25.9691  	chisq 4.91516 (6 df)

Iteration 8:  36000000 integrand evaluations so far
[1] -4.4394 +- 24.3433  	chisq 6.05379 (7 df)

Iteration 9:  45000000 integrand evaluations so far
[1] -7.14482 +- 24.2726  	chisq 8.18421 (8 df)

Iteration 10:  55000000 integrand evaluations so far
[1] 3.00054 +- 23.344  	chisq 10.5119 (9 df)
       3 ±     23        (3.64mi) ┃Vegas input parameters:
  ndim 8
  ncomp 1
  nvec 1
  epsrel 0
  epsabs 0
  flags 10
  seed 123456
  mineval 5000000
  maxeval 50000000
  nstart 1000000
  nincrease 1000000
  nbatch 5000
  gridno 0
  statefile ""

Iteration 1:  1000000 integrand evaluations so far
[1] 219.12 +- 47.9285  	chisq 0 (0 df)

Iteration 2:  3000000 integrand evaluations so far
[1] 221.061 +- 45.6552  	chisq 0.0177144 (1 df)

Iteration 3:  6000000 integrand evaluations so far
[1] 82.043 +- 12.7692  	chisq 10.0763 (2 df)

Iteration 4:  10000000 integrand evaluations so far
[1] 85.9226 +- 12.5518  	chisq 12.8104 (3 df)

Iteration 5:  15000000 integrand evaluations so far
[1] 102.602 +- 10.677  	chisq 19.1983 (4 df)

Iteration 6:  21000000 integrand evaluations so far
[1] 124.607 +- 8.25409  	chisq 29.7553 (5 df)

Iteration 7:  28000000 integrand evaluations so far
[1] 142.825 +- 4.70394  	chisq 36.9699 (6 df)

Iteration 8:  36000000 integrand evaluations so far
[1] 142.884 +- 4.7036  	chisq 38.073 (7 df)

Iteration 9:  45000000 integrand evaluations so far
[1] 145.841 +- 4.48389  	chisq 42.4025 (8 df)

Iteration 10:  55000000 integrand evaluations so far
[1] 146.047 +- 4.48057  	chisq 43.8302 (9 df)
     146 ±    4.5        (1.78mi) ┃     176 ±     24        (10.3mi) ┃
┃   50 -    52 ┃   44 -    45 ┃  227.81 ±   0.17        (1.31mi) ┃ -195.65 ±   0.12        (27.6mi) ┃Vegas input parameters:
  ndim 10
  ncomp 1
  nvec 1
  epsrel 0
  epsabs 0
  flags 10
  seed 123456
  mineval 50000000
  maxeval 50000000
  nstart 1000000
  nincrease 1000000
  nbatch 5000
  gridno 0
  statefile ""

Iteration 1:  1000000 integrand evaluations so far
[1] 718.975 +- 488.57  	chisq 0 (0 df)

Iteration 2:  3000000 integrand evaluations so far
[1] 138.201 +- 131.926  	chisq 1.5242 (1 df)

Iteration 3:  6000000 integrand evaluations so far
[1] 156.784 +- 122.061  	chisq 1.66201 (2 df)

Iteration 4:  10000000 integrand evaluations so far
[1] -50.0647 +- 58.6756  	chisq 5.39686 (3 df)

Iteration 5:  15000000 integrand evaluations so far
[1] -30.1931 +- 46.5365  	chisq 5.70604 (4 df)

Iteration 6:  21000000 integrand evaluations so far
[1] -24.8679 +- 40.8577  	chisq 5.76318 (5 df)

Iteration 7:  28000000 integrand evaluations so far
[1] -60.2687 +- 26.3296  	chisq 7.04708 (6 df)

Iteration 8:  36000000 integrand evaluations so far
[1] -56.5297 +- 22.9612  	chisq 7.13128 (7 df)

Iteration 9:  45000000 integrand evaluations so far
[1] -50.6855 +- 19.0521  	chisq 7.33925 (8 df)

Iteration 10:  55000000 integrand evaluations so far
[1] -41.1076 +- 18.1726  	chisq 10.1411 (9 df)
     -41 ±     18        (3.56mi) ┃Vegas input parameters:
  ndim 8
  ncomp 1
  nvec 1
  epsrel 0
  epsabs 0
  flags 10
  seed 123456
  mineval 5000000
  maxeval 50000000
  nstart 1000000
  nincrease 1000000
  nbatch 5000
  gridno 0
  statefile ""

Iteration 1:  1000000 integrand evaluations so far
[1] 95.9382 +- 29.6286  	chisq 0 (0 df)

Iteration 2:  3000000 integrand evaluations so far
[1] 47.0841 +- 12.3687  	chisq 3.29264 (1 df)

Iteration 3:  6000000 integrand evaluations so far
[1] 48.3846 +- 12.3178  	chisq 4.63891 (2 df)

Iteration 4:  10000000 integrand evaluations so far
[1] 57.6653 +- 7.89296  	chisq 5.60204 (3 df)

Iteration 5:  15000000 integrand evaluations so far
[1] 74.2612 +- 6.96799  	chisq 25.6385 (4 df)

Iteration 6:  21000000 integrand evaluations so far
[1] 99.6839 +- 5.38409  	chisq 58.6738 (5 df)

Iteration 7:  28000000 integrand evaluations so far
[1] 118.18 +- 4.47464  	chisq 96.8288 (6 df)

Iteration 8:  36000000 integrand evaluations so far
[1] 127.114 +- 3.904  	chisq 113.525 (7 df)

Iteration 9:  45000000 integrand evaluations so far
[1] 128.002 +- 3.86909  	chisq 116.426 (8 df)

Iteration 10:  55000000 integrand evaluations so far
[1] 128.253 +- 3.86505  	chisq 118.448 (9 df)
   128.3 ±    3.9        ( 1.8mi) ┃     119 ±     19        (34.3mi) ┃
┃   50 -    52 ┃   45 -    46 ┃  205.27 ±   0.13        (1.35mi) ┃ -175.73 ±   0.15        (13.6mi) ┃Vegas input parameters:
  ndim 10
  ncomp 1
  nvec 1
  epsrel 0
  epsabs 0
  flags 10
  seed 123456
  mineval 50000000
  maxeval 50000000
  nstart 1000000
  nincrease 1000000
  nbatch 5000
  gridno 0
  statefile ""

Iteration 1:  1000000 integrand evaluations so far
[1] -97.9126 +- 314.987  	chisq 0 (0 df)

Iteration 2:  3000000 integrand evaluations so far
[1] -55.4103 +- 86.2432  	chisq 0.0196825 (1 df)

Iteration 3:  6000000 integrand evaluations so far
[1] -80.1962 +- 79.968  	chisq 0.608698 (2 df)

Iteration 4:  10000000 integrand evaluations so far
[1] -37.7473 +- 75.4376  	chisq 3.16803 (3 df)

Iteration 5:  15000000 integrand evaluations so far
[1] -12.0125 +- 37.3606  	chisq 3.32223 (4 df)

Iteration 6:  21000000 integrand evaluations so far
[1] -25.169 +- 36.0271  	chisq 5.09098 (5 df)

Iteration 7:  28000000 integrand evaluations so far
[1] -2.4009 +- 31.5689  	chisq 6.81114 (6 df)

Iteration 8:  36000000 integrand evaluations so far
[1] -16.972 +- 14.5625  	chisq 7.08177 (7 df)

Iteration 9:  45000000 integrand evaluations so far
[1] -10.731 +- 13.903  	chisq 9.15645 (8 df)

Iteration 10:  55000000 integrand evaluations so far
[1] -8.02294 +- 13.6797  	chisq 10.3473 (9 df)
      -8 ±     14        (3.64mi) ┃Vegas input parameters:
  ndim 8
  ncomp 1
  nvec 1
  epsrel 0
  epsabs 0
  flags 10
  seed 123456
  mineval 5000000
  maxeval 50000000
  nstart 1000000
  nincrease 1000000
  nbatch 5000
  gridno 0
  statefile ""

Iteration 1:  1000000 integrand evaluations so far
[1] 71.6634 +- 30.5889  	chisq 0 (0 df)

Iteration 2:  3000000 integrand evaluations so far
[1] 75.684 +- 29.3628  	chisq 0.219921 (1 df)

Iteration 3:  6000000 integrand evaluations so far
[1] 13.5026 +- 4.33401  	chisq 4.80442 (2 df)

Iteration 4:  10000000 integrand evaluations so far
[1] 14.027 +- 4.31655  	chisq 6.62528 (3 df)

Iteration 5:  15000000 integrand evaluations so far
[1] 17.2257 +- 4.19563  	chisq 16.566 (4 df)

Iteration 6:  21000000 integrand evaluations so far
[1] 18.8947 +- 4.1608  	chisq 26.1369 (5 df)

Iteration 7:  28000000 integrand evaluations so far
[1] 27.1031 +- 3.997  	chisq 76.5597 (6 df)

Iteration 8:  36000000 integrand evaluations so far
[1] 28.2067 +- 3.98723  	chisq 92.1753 (7 df)

Iteration 9:  45000000 integrand evaluations so far
[1] 28.4316 +- 3.98582  	chisq 96.6731 (8 df)

Iteration 10:  55000000 integrand evaluations so far
[1] 40.6122 +- 3.79653  	chisq 197.386 (9 df)
    40.6 ±    3.8        (1.84mi) ┃      62 ±     14        (20.5mi) ┃
┃   50 -    52 ┃   46 -    47 ┃ 188.369 ±  0.099        ( 48.7s) ┃-162.242 ±  0.092        (13.5mi) ┃Vegas input parameters:
  ndim 10
  ncomp 1
  nvec 1
  epsrel 0
  epsabs 0
  flags 10
  seed 123456
  mineval 50000000
  maxeval 50000000
  nstart 1000000
  nincrease 1000000
  nbatch 5000
  gridno 0
  statefile ""

Iteration 1:  1000000 integrand evaluations so far
[1] 71.7996 +- 82.6542  	chisq 0 (0 df)

Iteration 2:  3000000 integrand evaluations so far
[1] 45.9828 +- 74.3009  	chisq 0.508359 (1 df)

Iteration 3:  6000000 integrand evaluations so far
[1] 48.48 +- 67.7778  	chisq 0.515088 (2 df)

Iteration 4:  10000000 integrand evaluations so far
[1] 65.0933 +- 64.9258  	chisq 1.24434 (3 df)

Iteration 5:  15000000 integrand evaluations so far
[1] 24.6383 +- 59.3394  	chisq 3.60191 (4 df)

Iteration 6:  21000000 integrand evaluations so far
[1] -29.9825 +- 49.2041  	chisq 6.31381 (5 df)

Iteration 7:  28000000 integrand evaluations so far
[1] -33.901 +- 49.0572  	chisq 7.37776 (6 df)

Iteration 8:  36000000 integrand evaluations so far
[1] -53.7306 +- 44.0548  	chisq 8.22195 (7 df)

Iteration 9:  45000000 integrand evaluations so far
[1] -40.8729 +- 43.0932  	chisq 10.1947 (8 df)

Iteration 10:  55000000 integrand evaluations so far
[1] -52.671 +- 32.6366  	chisq 10.3705 (9 df)
     -53 ±     33        (3.61mi) ┃Vegas input parameters:
  ndim 8
  ncomp 1
  nvec 1
  epsrel 0
  epsabs 0
  flags 10
  seed 123456
  mineval 5000000
  maxeval 50000000
  nstart 1000000
  nincrease 1000000
  nbatch 5000
  gridno 0
  statefile ""

Iteration 1:  1000000 integrand evaluations so far
[1] 160.99 +- 41.0188  	chisq 0 (0 df)

Iteration 2:  3000000 integrand evaluations so far
[1] 165.269 +- 40.6433  	chisq 0.596892 (1 df)

Iteration 3:  6000000 integrand evaluations so far
[1] 160.804 +- 33.9036  	chisq 0.636571 (2 df)

Iteration 4:  10000000 integrand evaluations so far
[1] 134.888 +- 25.6843  	chisq 2.00786 (3 df)

Iteration 5:  15000000 integrand evaluations so far
[1] 122.351 +- 16.2174  	chisq 2.40413 (4 df)

Iteration 6:  21000000 integrand evaluations so far
[1] 130.399 +- 9.7005  	chisq 2.78767 (5 df)

Iteration 7:  28000000 integrand evaluations so far
[1] 143.584 +- 8.01677  	chisq 8.61484 (6 df)

Iteration 8:  36000000 integrand evaluations so far
[1] 154.04 +- 4.8685  	chisq 11.31 (7 df)

Iteration 9:  45000000 integrand evaluations so far
[1] 158.061 +- 4.38324  	chisq 14.9118 (8 df)

Iteration 10:  55000000 integrand evaluations so far
[1] 160.884 +- 4.18948  	chisq 19.707 (9 df)
   160.9 ±    4.2        (1.77mi) ┃     134 ±     33        (19.7mi) ┃
┃   50 -    52 ┃   47 -    48 ┃  206.15 ±   0.17        (3.13mi) ┃-176.855 ±  0.089        (13.8mi) ┃Vegas input parameters:
  ndim 10
  ncomp 1
  nvec 1
  epsrel 0
  epsabs 0
  flags 10
  seed 123456
  mineval 50000000
  maxeval 50000000
  nstart 1000000
  nincrease 1000000
  nbatch 5000
  gridno 0
  statefile ""

Iteration 1:  1000000 integrand evaluations so far
[1] -219.122 +- 178.983  	chisq 0 (0 df)

Iteration 2:  3000000 integrand evaluations so far
[1] -228.312 +- 142.482  	chisq 0.00719848 (1 df)

Iteration 3:  6000000 integrand evaluations so far
[1] -254.072 +- 132.937  	chisq 0.259604 (2 df)

Iteration 4:  10000000 integrand evaluations so far
[1] -214.11 +- 127.091  	chisq 1.31023 (3 df)

Iteration 5:  15000000 integrand evaluations so far
[1] -39.6323 +- 31.2622  	chisq 3.31634 (4 df)

Iteration 6:  21000000 integrand evaluations so far
[1] -48.6105 +- 30.2931  	chisq 4.66756 (5 df)

Iteration 7:  28000000 integrand evaluations so far
[1] -52.2912 +- 28.9964  	chisq 4.84378 (6 df)

Iteration 8:  36000000 integrand evaluations so far
[1] -45.4518 +- 27.4987  	chisq 5.3966 (7 df)

Iteration 9:  45000000 integrand evaluations so far
[1] -43.3226 +- 27.4348  	chisq 6.68754 (8 df)

Iteration 10:  55000000 integrand evaluations so far
[1] -50.0264 +- 26.8525  	chisq 8.10935 (9 df)
     -50 ±     27        (3.58mi) ┃Vegas input parameters:
  ndim 8
  ncomp 1
  nvec 1
  epsrel 0
  epsabs 0
  flags 10
  seed 123456
  mineval 5000000
  maxeval 50000000
  nstart 1000000
  nincrease 1000000
  nbatch 5000
  gridno 0
  statefile ""

Iteration 1:  1000000 integrand evaluations so far
[1] 154.271 +- 39.295  	chisq 0 (0 df)

Iteration 2:  3000000 integrand evaluations so far
[1] 38.9616 +- 9.12603  	chisq 9.10203 (1 df)

Iteration 3:  6000000 integrand evaluations so far
[1] 42.9613 +- 8.70298  	chisq 11.223 (2 df)

Iteration 4:  10000000 integrand evaluations so far
[1] 43.6597 +- 8.69503  	chisq 14.7512 (3 df)

Iteration 5:  15000000 integrand evaluations so far
[1] 44.5852 +- 8.67285  	chisq 16.9743 (4 df)

Iteration 6:  21000000 integrand evaluations so far
[1] 65.3236 +- 7.52346  	chisq 40.0773 (5 df)

Iteration 7:  28000000 integrand evaluations so far
[1] 78.259 +- 6.94787  	chisq 60.1653 (6 df)

Iteration 8:  36000000 integrand evaluations so far
[1] 88.6984 +- 6.33004  	chisq 73.45 (7 df)

Iteration 9:  45000000 integrand evaluations so far
[1] 113.056 +- 4.64591  	chisq 105.545 (8 df)

Iteration 10:  55000000 integrand evaluations so far
[1] 113.58 +- 4.63608  	chisq 108.557 (9 df)
   113.6 ±    4.6        (1.79mi) ┃      93 ±     27        (22.3mi) ┃
┃   50 -    52 ┃   48 -    49 ┃ 194.607 ±  0.097        (4.73mi) ┃-168.569 ±  0.029        (1.29mi) ┃Vegas input parameters:
  ndim 10
  ncomp 1
  nvec 1
  epsrel 0
  epsabs 0
  flags 10
  seed 123456
  mineval 50000000
  maxeval 50000000
  nstart 1000000
  nincrease 1000000
  nbatch 5000
  gridno 0
  statefile ""

Iteration 1:  1000000 integrand evaluations so far
[1] 1757.39 +- 1603.21  	chisq 0 (0 df)

Iteration 2:  3000000 integrand evaluations so far
[1] 317.257 +- 236.204  	chisq 0.824809 (1 df)

Iteration 3:  6000000 integrand evaluations so far
[1] 133.424 +- 175.356  	chisq 2.17428 (2 df)

Iteration 4:  10000000 integrand evaluations so far
[1] -15.3454 +- 115.255  	chisq 3.44146 (3 df)

Iteration 5:  15000000 integrand evaluations so far
[1] -2.37093 +- 43.6781  	chisq 3.45625 (4 df)

Iteration 6:  21000000 integrand evaluations so far
[1] 5.2713 +- 29.4684  	chisq 3.51244 (5 df)

Iteration 7:  28000000 integrand evaluations so far
[1] 12.0066 +- 28.6728  	chisq 4.4931 (6 df)

Iteration 8:  36000000 integrand evaluations so far
[1] 11.0105 +- 24.2524  	chisq 4.49734 (7 df)

Iteration 9:  45000000 integrand evaluations so far
[1] 4.43038 +- 20.9721  	chisq 4.78921 (8 df)

Iteration 10:  55000000 integrand evaluations so far
[1] -1.61801 +- 16.9527  	chisq 5.0292 (9 df)
      -2 ±     17        (3.62mi) ┃Vegas input parameters:
  ndim 8
  ncomp 1
  nvec 1
  epsrel 0
  epsabs 0
  flags 10
  seed 123456
  mineval 5000000
  maxeval 50000000
  nstart 1000000
  nincrease 1000000
  nbatch 5000
  gridno 0
  statefile ""

Iteration 1:  1000000 integrand evaluations so far
[1] 139.467 +- 40.8734  	chisq 0 (0 df)

Iteration 2:  3000000 integrand evaluations so far
[1] 107.403 +- 29.5633  	chisq 1.29052 (1 df)

Iteration 3:  6000000 integrand evaluations so far
[1] 110.229 +- 28.0342  	chisq 1.38121 (2 df)

Iteration 4:  10000000 integrand evaluations so far
[1] 102.686 +- 23.1453  	chisq 1.60864 (3 df)

Iteration 5:  15000000 integrand evaluations so far
[1] 66.7484 +- 8.70654  	chisq 4.41685 (4 df)

Iteration 6:  21000000 integrand evaluations so far
[1] 80.6885 +- 6.32536  	chisq 9.84594 (5 df)

Iteration 7:  28000000 integrand evaluations so far
[1] 87.5842 +- 5.99932  	chisq 21.6792 (6 df)

Iteration 8:  36000000 integrand evaluations so far
[1] 112.337 +- 4.27315  	chisq 56.2313 (7 df)

Iteration 9:  45000000 integrand evaluations so far
[1] 113.636 +- 4.22836  	chisq 60.6657 (8 df)

Iteration 10:  55000000 integrand evaluations so far
[1] 119.033 +- 3.99531  	chisq 75.8633 (9 df)
     119 ±      4        (1.78mi) ┃     143 ±     17        (11.4mi) ┃
┃   50 -    52 ┃   49 -    50 ┃  189.67 ±   0.12        (2.37mi) ┃ -163.11 ±   0.13        (6.62mi) ┃Vegas input parameters:
  ndim 10
  ncomp 1
  nvec 1
  epsrel 0
  epsabs 0
  flags 10
  seed 123456
  mineval 50000000
  maxeval 50000000
  nstart 1000000
  nincrease 1000000
  nbatch 5000
  gridno 0
  statefile ""

Iteration 1:  1000000 integrand evaluations so far
[1] 37.3818 +- 67.9072  	chisq 0 (0 df)

Iteration 2:  3000000 integrand evaluations so far
[1] 16.5708 +- 66.8751  	chisq 3.11328 (1 df)

Iteration 3:  6000000 integrand evaluations so far
[1] 16.6821 +- 66.648  	chisq 3.11368 (2 df)

Iteration 4:  10000000 integrand evaluations so far
[1] 26.6735 +- 59.7599  	chisq 3.22834 (3 df)

Iteration 5:  15000000 integrand evaluations so far
[1] -42.4958 +- 51.1651  	chisq 8.24667 (4 df)

Iteration 6:  21000000 integrand evaluations so far
[1] -19.0099 +- 25.5863  	chisq 8.52763 (5 df)

Iteration 7:  28000000 integrand evaluations so far
[1] -22.623 +- 21.4132  	chisq 8.59419 (6 df)

Iteration 8:  36000000 integrand evaluations so far
[1] -23.2659 +- 18.8225  	chisq 8.59816 (7 df)

Iteration 9:  45000000 integrand evaluations so far
[1] -18.8234 +- 18.5166  	chisq 10.326 (8 df)

Iteration 10:  55000000 integrand evaluations so far
[1] -20.9093 +- 18.3764  	chisq 11.1676 (9 df)
     -21 ±     18        (3.56mi) ┃Vegas input parameters:
  ndim 8
  ncomp 1
  nvec 1
  epsrel 0
  epsabs 0
  flags 10
  seed 123456
  mineval 5000000
  maxeval 50000000
  nstart 1000000
  nincrease 1000000
  nbatch 5000
  gridno 0
  statefile ""

Iteration 1:  1000000 integrand evaluations so far
[1] 193.711 +- 45.2796  	chisq 0 (0 df)

Iteration 2:  3000000 integrand evaluations so far
[1] 99.8892 +- 19.7453  	chisq 5.30158 (1 df)

Iteration 3:  6000000 integrand evaluations so far
[1] 109.05 +- 18.0645  	chisq 6.62219 (2 df)

Iteration 4:  10000000 integrand evaluations so far
[1] 119.894 +- 15.5686  	chisq 8.02293 (3 df)

Iteration 5:  15000000 integrand evaluations so far
[1] 120.223 +- 8.3235  	chisq 8.02356 (4 df)

Iteration 6:  21000000 integrand evaluations so far
[1] 127.864 +- 6.72614  	chisq 10.4525 (5 df)

Iteration 7:  28000000 integrand evaluations so far
[1] 132.908 +- 4.49839  	chisq 11.4698 (6 df)

Iteration 8:  36000000 integrand evaluations so far
[1] 134.969 +- 4.40721  	chisq 16.7011 (7 df)

Iteration 9:  45000000 integrand evaluations so far
[1] 135.768 +- 4.38704  	chisq 20.3011 (8 df)

Iteration 10:  55000000 integrand evaluations so far
[1] 141.467 +- 3.95018  	chisq 29.2187 (9 df)
   141.5 ±      4        (1.78mi) ┃     147 ±     19        (14.3mi) ┃
┃   50 -    52 ┃   50 -    51 ┃  201.41 ±    0.2        ( 4.5mi) ┃ -173.35 ±    0.1        (6.79mi) ┃Vegas input parameters:
  ndim 10
  ncomp 1
  nvec 1
  epsrel 0
  epsabs 0
  flags 10
  seed 123456
  mineval 50000000
  maxeval 50000000
  nstart 1000000
  nincrease 1000000
  nbatch 5000
  gridno 0
  statefile ""

Iteration 1:  1000000 integrand evaluations so far
[1] -157.909 +- 80.2855  	chisq 0 (0 df)

Iteration 2:  3000000 integrand evaluations so far
[1] -107.761 +- 56.3941  	chisq 0.77012 (1 df)

Iteration 3:  6000000 integrand evaluations so far
[1] -97.3561 +- 38.3829  	chisq 0.833539 (2 df)

Iteration 4:  10000000 integrand evaluations so far
[1] -95.3321 +- 38.3274  	chisq 1.79704 (3 df)

Iteration 5:  15000000 integrand evaluations so far
[1] -50.3198 +- 20.3283  	chisq 3.71615 (4 df)

Iteration 6:  21000000 integrand evaluations so far
[1] -49.6621 +- 20.2435  	chisq 3.8418 (5 df)

Iteration 7:  28000000 integrand evaluations so far
[1] -51.0306 +- 19.6112  	chisq 3.91613 (6 df)

Iteration 8:  36000000 integrand evaluations so far
[1] -47.6567 +- 15.9487  	chisq 4.00353 (7 df)

Iteration 9:  45000000 integrand evaluations so far
[1] -48.5848 +- 15.5998  	chisq 4.08178 (8 df)

Iteration 10:  55000000 integrand evaluations so far
[1] -50.2564 +- 15.079  	chisq 4.25666 (9 df)
     -50 ±     15        (3.61mi) ┃Vegas input parameters:
  ndim 8
  ncomp 1
  nvec 1
  epsrel 0
  epsabs 0
  flags 10
  seed 123456
  mineval 5000000
  maxeval 50000000
  nstart 1000000
  nincrease 1000000
  nbatch 5000
  gridno 0
  statefile ""

Iteration 1:  1000000 integrand evaluations so far
[1] 180.699 +- 45.4218  	chisq 0 (0 df)

Iteration 2:  3000000 integrand evaluations so far
[1] 40.0771 +- 9.07972  	chisq 9.98365 (1 df)

Iteration 3:  6000000 integrand evaluations so far
[1] 48.0521 +- 8.34294  	chisq 14.9383 (2 df)

Iteration 4:  10000000 integrand evaluations so far
[1] 50.988 +- 8.21802  	chisq 19.1044 (3 df)

Iteration 5:  15000000 integrand evaluations so far
[1] 73.8891 +- 6.13086  	chisq 36.6166 (4 df)

Iteration 6:  21000000 integrand evaluations so far
[1] 85.5819 +- 5.59138  	chisq 58.2366 (5 df)

Iteration 7:  28000000 integrand evaluations so far
[1] 102.856 +- 4.78995  	chisq 94.1014 (6 df)

Iteration 8:  36000000 integrand evaluations so far
[1] 122.858 +- 3.38851  	chisq 129.006 (7 df)

Iteration 9:  45000000 integrand evaluations so far
[1] 123.622 +- 3.3676  	chisq 133.141 (8 df)

Iteration 10:  55000000 integrand evaluations so far
[1] 130.441 +- 3.10055  	chisq 160.058 (9 df)
   130.4 ±    3.1        (1.74mi) ┃     108 ±     15        (16.6mi) ┃
┃   50 -    52 ┃   51 -    52 ┃ 155.666 ±  0.094        (2.28mi) ┃ -133.75 ±   0.12        (12.7mi) ┃Vegas input parameters:
  ndim 10
  ncomp 1
  nvec 1
  epsrel 0
  epsabs 0
  flags 10
  seed 123456
  mineval 50000000
  maxeval 50000000
  nstart 1000000
  nincrease 1000000
  nbatch 5000
  gridno 0
  statefile ""

Iteration 1:  1000000 integrand evaluations so far
[1] -70.1195 +- 146.32  	chisq 0 (0 df)

Iteration 2:  3000000 integrand evaluations so far
[1] 6.69719 +- 27.8502  	chisq 0.285977 (1 df)

Iteration 3:  6000000 integrand evaluations so far
[1] -2.92983 +- 26.1739  	chisq 1.3094 (2 df)

Iteration 4:  10000000 integrand evaluations so far
[1] 9.75942 +- 20.7758  	chisq 1.94472 (3 df)

Iteration 5:  15000000 integrand evaluations so far
[1] 5.12078 +- 20.2202  	chisq 2.88933 (4 df)

Iteration 6:  21000000 integrand evaluations so far
[1] 7.17136 +- 18.8592  	chisq 2.9684 (5 df)

Iteration 7:  28000000 integrand evaluations so far
[1] 3.6129 +- 18.3923  	chisq 3.69633 (6 df)

Iteration 8:  36000000 integrand evaluations so far
[1] 2.06055 +- 18.2923  	chisq 4.35311 (7 df)

Iteration 9:  45000000 integrand evaluations so far
[1] -14.8148 +- 13.7299  	chisq 6.30236 (8 df)

Iteration 10:  55000000 integrand evaluations so far
[1] -15.7403 +- 13.6635  	chisq 6.77307 (9 df)
     -16 ±     14        (3.59mi) ┃Vegas input parameters:
  ndim 8
  ncomp 1
  nvec 1
  epsrel 0
  epsabs 0
  flags 10
  seed 123456
  mineval 5000000
  maxeval 50000000
  nstart 1000000
  nincrease 1000000
  nbatch 5000
  gridno 0
  statefile ""

Iteration 1:  1000000 integrand evaluations so far
[1] 145.539 +- 43.3243  	chisq 0 (0 df)

Iteration 2:  3000000 integrand evaluations so far
[1] 75.6417 +- 20.4054  	chisq 3.3449 (1 df)

Iteration 3:  6000000 integrand evaluations so far
[1] 77.3507 +- 17.0124  	chisq 3.3679 (2 df)

Iteration 4:  10000000 integrand evaluations so far
[1] 68.8041 +- 9.95271  	chisq 3.75161 (3 df)

Iteration 5:  15000000 integrand evaluations so far
[1] 85.4076 +- 8.17998  	chisq 12.3278 (4 df)

Iteration 6:  21000000 integrand evaluations so far
[1] 91.8148 +- 7.88284  	chisq 20.9288 (5 df)

Iteration 7:  28000000 integrand evaluations so far
[1] 116.014 +- 5.25312  	chisq 37.8808 (6 df)

Iteration 8:  36000000 integrand evaluations so far
[1] 131.639 +- 3.73151  	chisq 55.739 (7 df)

Iteration 9:  45000000 integrand evaluations so far
[1] 139.561 +- 3.26836  	chisq 75.0962 (8 df)

Iteration 10:  55000000 integrand evaluations so far
[1] 145.074 +- 2.8096  	chisq 85.9996 (9 df)
   145.1 ±    2.8        (1.77mi) ┃     151 ±     14        (20.3mi) ┃
┃   50 -    52 ┃   52 -    53 ┃ 190.217 ±  0.088        ( 10.9s) ┃-167.274 ±  0.069        (13.2mi) ┃Vegas input parameters:
  ndim 10
  ncomp 1
  nvec 1
  epsrel 0
  epsabs 0
  flags 10
  seed 123456
  mineval 50000000
  maxeval 50000000
  nstart 1000000
  nincrease 1000000
  nbatch 5000
  gridno 0
  statefile ""

Iteration 1:  1000000 integrand evaluations so far
[1] -170.533 +- 153.307  	chisq 0 (0 df)

Iteration 2:  3000000 integrand evaluations so far
[1] -92.4128 +- 65.1047  	chisq 0.316788 (1 df)

Iteration 3:  6000000 integrand evaluations so far
[1] -57.8324 +- 54.5268  	chisq 1.26175 (2 df)

Iteration 4:  10000000 integrand evaluations so far
[1] 0.417868 +- 44.8013  	chisq 4.77422 (3 df)

Iteration 5:  15000000 integrand evaluations so far
[1] 10.8596 +- 36.7602  	chisq 4.94047 (4 df)

Iteration 6:  21000000 integrand evaluations so far
[1] 5.88895 +- 29.9711  	chisq 4.995 (5 df)

Iteration 7:  28000000 integrand evaluations so far
[1] 7.94324 +- 29.9029  	chisq 6.02866 (6 df)

Iteration 8:  36000000 integrand evaluations so far
[1] -16.4565 +- 18.0957  	chisq 7.07915 (7 df)

Iteration 9:  45000000 integrand evaluations so far
[1] -13.8123 +- 17.7572  	chisq 7.65509 (8 df)

Iteration 10:  55000000 integrand evaluations so far
[1] -17.9921 +- 17.2446  	chisq 8.62896 (9 df)
     -18 ±     17        (3.65mi) ┃Vegas input parameters:
  ndim 8
  ncomp 1
  nvec 1
  epsrel 0
  epsabs 0
  flags 10
  seed 123456
  mineval 5000000
  maxeval 50000000
  nstart 1000000
  nincrease 1000000
  nbatch 5000
  gridno 0
  statefile ""

Iteration 1:  1000000 integrand evaluations so far
[1] 142.264 +- 39.4727  	chisq 0 (0 df)

Iteration 2:  3000000 integrand evaluations so far
[1] 21.9394 +- 5.28681  	chisq 9.46185 (1 df)

Iteration 3:  6000000 integrand evaluations so far
[1] 22.1357 +- 5.28424  	chisq 10.8824 (2 df)

Iteration 4:  10000000 integrand evaluations so far
[1] 22.5628 +- 5.27416  	chisq 12.5952 (3 df)

Iteration 5:  15000000 integrand evaluations so far
[1] 24.3925 +- 5.21398  	chisq 17.9004 (4 df)

Iteration 6:  21000000 integrand evaluations so far
[1] 25.1504 +- 5.20491  	chisq 23.9745 (5 df)

Iteration 7:  28000000 integrand evaluations so far
[1] 34.7631 +- 4.95495  	chisq 60.3609 (6 df)

Iteration 8:  36000000 integrand evaluations so far
[1] 49.4878 +- 4.61428  	chisq 126.87 (7 df)

Iteration 9:  45000000 integrand evaluations so far
[1] 51.1892 +- 4.58187  	chisq 136.583 (8 df)

Iteration 10:  55000000 integrand evaluations so far
[1] 69.5929 +- 4.11399  	chisq 219.828 (9 df)
    69.6 ±    4.1        (1.82mi) ┃      75 ±     18        (18.9mi) ┃
┃   50 -    52 ┃   53 -    54 ┃  173.26 ±   0.13        (2.43mi) ┃-148.251 ±  0.061        (13.4mi) ┃Vegas input parameters:
  ndim 10
  ncomp 1
  nvec 1
  epsrel 0
  epsabs 0
  flags 10
  seed 123456
  mineval 50000000
  maxeval 50000000
  nstart 1000000
  nincrease 1000000
  nbatch 5000
  gridno 0
  statefile ""

Iteration 1:  1000000 integrand evaluations so far
[1] -457.662 +- 773.57  	chisq 0 (0 df)

Iteration 2:  3000000 integrand evaluations so far
[1] 38.2794 +- 116.715  	chisq 0.420592 (1 df)

Iteration 3:  6000000 integrand evaluations so far
[1] 40.7554 +- 49.9962  	chisq 0.421143 (2 df)

Iteration 4:  10000000 integrand evaluations so far
[1] 4.57478 +- 30.8365  	chisq 1.26638 (3 df)

Iteration 5:  15000000 integrand evaluations so far
[1] 7.23503 +- 29.9122  	chisq 1.39241 (4 df)

Iteration 6:  21000000 integrand evaluations so far
[1] 22.2342 +- 25.1382  	chisq 2.24845 (5 df)

Iteration 7:  28000000 integrand evaluations so far
[1] 15.538 +- 23.0557  	chisq 2.69522 (6 df)

Iteration 8:  36000000 integrand evaluations so far
[1] 12.2646 +- 21.992  	chisq 2.91884 (7 df)

Iteration 9:  45000000 integrand evaluations so far
[1] 2.6372 +- 20.9272  	chisq 4.94703 (8 df)

Iteration 10:  55000000 integrand evaluations so far
[1] -7.98421 +- 19.7217  	chisq 7.24926 (9 df)
      -8 ±     20        (3.59mi) ┃Vegas input parameters:
  ndim 8
  ncomp 1
  nvec 1
  epsrel 0
  epsabs 0
  flags 10
  seed 123456
  mineval 5000000
  maxeval 50000000
  nstart 1000000
  nincrease 1000000
  nbatch 5000
  gridno 0
  statefile ""

Iteration 1:  1000000 integrand evaluations so far
[1] 122.72 +- 40.2355  	chisq 0 (0 df)

Iteration 2:  3000000 integrand evaluations so far
[1] 17.9627 +- 6.76523  	chisq 6.97601 (1 df)

Iteration 3:  6000000 integrand evaluations so far
[1] 20.4674 +- 5.80314  	chisq 7.49484 (2 df)

Iteration 4:  10000000 integrand evaluations so far
[1] 30.4225 +- 5.05927  	chisq 19.7596 (3 df)

Iteration 5:  15000000 integrand evaluations so far
[1] 37.989 +- 4.84624  	chisq 46.892 (4 df)

Iteration 6:  21000000 integrand evaluations so far
[1] 48.6113 +- 4.54718  	chisq 87.0568 (5 df)

Iteration 7:  28000000 integrand evaluations so far
[1] 63.9231 +- 4.09085  	chisq 146.535 (6 df)

Iteration 8:  36000000 integrand evaluations so far
[1] 82.9146 +- 3.48816  	chisq 225.497 (7 df)

Iteration 9:  45000000 integrand evaluations so far
[1] 83.2108 +- 3.48343  	chisq 228.157 (8 df)

Iteration 10:  55000000 integrand evaluations so far
[1] 95.9626 +- 3.1459  	chisq 300.828 (9 df)
      96 ±    3.1        (1.78mi) ┃     113 ±     20        (21.2mi) ┃
┃   50 -    52 ┃   54 -    55 ┃ 167.544 ±  0.032        (2.38mi) ┃ -144.21 ±   0.12        (3.32mi) ┃Vegas input parameters:
  ndim 10
  ncomp 1
  nvec 1
  epsrel 0
  epsabs 0
  flags 10
  seed 123456
  mineval 50000000
  maxeval 50000000
  nstart 1000000
  nincrease 1000000
  nbatch 5000
  gridno 0
  statefile ""

Iteration 1:  1000000 integrand evaluations so far
[1] -29.5952 +- 35.7416  	chisq 0 (0 df)

Iteration 2:  3000000 integrand evaluations so far
[1] -37.9509 +- 30.5417  	chisq 0.202568 (1 df)

Iteration 3:  6000000 integrand evaluations so far
[1] -37.1587 +- 28.7843  	chisq 0.208588 (2 df)

Iteration 4:  10000000 integrand evaluations so far
[1] -42.0258 +- 28.0852  	chisq 0.804452 (3 df)

Iteration 5:  15000000 integrand evaluations so far
[1] -43.667 +- 27.9253  	chisq 1.10523 (4 df)

Iteration 6:  21000000 integrand evaluations so far
[1] -42.7839 +- 26.7681  	chisq 1.11755 (5 df)

Iteration 7:  28000000 integrand evaluations so far
[1] -34.8545 +- 25.8378  	chisq 2.40231 (6 df)

Iteration 8:  36000000 integrand evaluations so far
[1] -35.7953 +- 25.7638  	chisq 2.63414 (7 df)

Iteration 9:  45000000 integrand evaluations so far
[1] -36.6103 +- 22.7919  	chisq 2.63874 (8 df)

Iteration 10:  55000000 integrand evaluations so far
[1] -12.3123 +- 17.7834  	chisq 5.54388 (9 df)
     -12 ±     18        (3.59mi) ┃Vegas input parameters:
  ndim 8
  ncomp 1
  nvec 1
  epsrel 0
  epsabs 0
  flags 10
  seed 123456
  mineval 5000000
  maxeval 50000000
  nstart 1000000
  nincrease 1000000
  nbatch 5000
  gridno 0
  statefile ""

Iteration 1:  1000000 integrand evaluations so far
[1] 248.931 +- 56.5941  	chisq 0 (0 df)

Iteration 2:  3000000 integrand evaluations so far
[1] 91.419 +- 20.3527  	chisq 8.89671 (1 df)

Iteration 3:  6000000 integrand evaluations so far
[1] 94.1745 +- 18.4065  	chisq 8.99736 (2 df)

Iteration 4:  10000000 integrand evaluations so far
[1] 107.268 +- 14.25  	chisq 10.2604 (3 df)

Iteration 5:  15000000 integrand evaluations so far
[1] 111.914 +- 9.51351  	chisq 10.4522 (4 df)

Iteration 6:  21000000 integrand evaluations so far
[1] 122.299 +- 6.3265  	chisq 12.5886 (5 df)

Iteration 7:  28000000 integrand evaluations so far
[1] 130.409 +- 4.79784  	chisq 16.4564 (6 df)

Iteration 8:  36000000 integrand evaluations so far
[1] 133.583 +- 2.93316  	chisq 17.1552 (7 df)

Iteration 9:  45000000 integrand evaluations so far
[1] 134.072 +- 2.92409  	chisq 21.6504 (8 df)

Iteration 10:  55000000 integrand evaluations so far
[1] 134.229 +- 2.92153  	chisq 23.3065 (9 df)
   134.2 ±    2.9        (1.75mi) ┃     145 ±     18        (  11mi) ┃
┃   50 -    52 ┃   55 -    56 ┃  171.05 ±   0.13        (4.72mi) ┃ -147.35 ±   0.13        (6.63mi) ┃Vegas input parameters:
  ndim 10
  ncomp 1
  nvec 1
  epsrel 0
  epsabs 0
  flags 10
  seed 123456
  mineval 50000000
  maxeval 50000000
  nstart 1000000
  nincrease 1000000
  nbatch 5000
  gridno 0
  statefile ""

Iteration 1:  1000000 integrand evaluations so far
[1] 179.909 +- 163.622  	chisq 0 (0 df)

Iteration 2:  3000000 integrand evaluations so far
[1] -56.2138 +- 32.4247  	chisq 2.16766 (1 df)

Iteration 3:  6000000 integrand evaluations so far
[1] -43.7049 +- 27.1224  	chisq 2.66325 (2 df)

Iteration 4:  10000000 integrand evaluations so far
[1] -44.4681 +- 27.0744  	chisq 2.88723 (3 df)

Iteration 5:  15000000 integrand evaluations so far
[1] -46.1679 +- 26.9884  	chisq 3.50826 (4 df)

Iteration 6:  21000000 integrand evaluations so far
[1] -44.3122 +- 26.6215  	chisq 3.68334 (5 df)

Iteration 7:  28000000 integrand evaluations so far
[1] -43.4795 +- 23.9304  	chisq 3.68843 (6 df)

Iteration 8:  36000000 integrand evaluations so far
[1] -35.292 +- 23.4294  	chisq 6.51417 (7 df)

Iteration 9:  45000000 integrand evaluations so far
[1] -31.9471 +- 21.2805  	chisq 6.63061 (8 df)

Iteration 10:  55000000 integrand evaluations so far
[1] -30.2283 +- 21.0257  	chisq 6.90475 (9 df)
     -30 ±     21        (3.58mi) ┃Vegas input parameters:
  ndim 8
  ncomp 1
  nvec 1
  epsrel 0
  epsabs 0
  flags 10
  seed 123456
  mineval 5000000
  maxeval 50000000
  nstart 1000000
  nincrease 1000000
  nbatch 5000
  gridno 0
  statefile ""

Iteration 1:  1000000 integrand evaluations so far
[1] 175.612 +- 44.2402  	chisq 0 (0 df)

Iteration 2:  3000000 integrand evaluations so far
[1] 140.855 +- 31.2208  	chisq 1.22964 (1 df)

Iteration 3:  6000000 integrand evaluations so far
[1] 142.521 +- 28.4373  	chisq 1.24637 (2 df)

Iteration 4:  10000000 integrand evaluations so far
[1] 146.48 +- 25.9561  	chisq 1.36247 (3 df)

Iteration 5:  15000000 integrand evaluations so far
[1] 136.555 +- 18.271  	chisq 1.65228 (4 df)

Iteration 6:  21000000 integrand evaluations so far
[1] 138.923 +- 14.0643  	chisq 1.69349 (5 df)

Iteration 7:  28000000 integrand evaluations so far
[1] 134.01 +- 7.88844  	chisq 1.87152 (6 df)

Iteration 8:  36000000 integrand evaluations so far
[1] 142.224 +- 5.83948  	chisq 4.27037 (7 df)

Iteration 9:  45000000 integrand evaluations so far
[1] 144.819 +- 3.53419  	chisq 4.58202 (8 df)

Iteration 10:  55000000 integrand evaluations so far
[1] 144.329 +- 2.1557  	chisq 4.61265 (9 df)
   144.3 ±    2.2        ( 1.8mi) ┃     138 ±     21        (16.7mi) ┃
┃   50 -    52 ┃   56 -    57 ┃  150.23 ±   0.15        (2.44mi) ┃-127.937 ±  0.082        (6.67mi) ┃Vegas input parameters:
  ndim 10
  ncomp 1
  nvec 1
  epsrel 0
  epsabs 0
  flags 10
  seed 123456
  mineval 50000000
  maxeval 50000000
  nstart 1000000
  nincrease 1000000
  nbatch 5000
  gridno 0
  statefile ""

Iteration 1:  1000000 integrand evaluations so far
[1] -50.9232 +- 63.6973  	chisq 0 (0 df)

Iteration 2:  3000000 integrand evaluations so far
[1] -20.9779 +- 61.2029  	chisq 2.87825 (1 df)

Iteration 3:  6000000 integrand evaluations so far
[1] 11.1496 +- 47.3809  	chisq 3.56598 (2 df)

Iteration 4:  10000000 integrand evaluations so far
[1] 8.75414 +- 46.3922  	chisq 3.62787 (3 df)

Iteration 5:  15000000 integrand evaluations so far
[1] 1.51491 +- 45.431  	chisq 4.22163 (4 df)

Iteration 6:  21000000 integrand evaluations so far
[1] 34.1121 +- 30.5901  	chisq 5.16345 (5 df)

Iteration 7:  28000000 integrand evaluations so far
[1] 25.2989 +- 24.9243  	chisq 5.4104 (6 df)

Iteration 8:  36000000 integrand evaluations so far
[1] 25.7936 +- 21.4203  	chisq 5.4119 (7 df)

Iteration 9:  45000000 integrand evaluations so far
[1] 28.2096 +- 21.2354  	chisq 6.1517 (8 df)

Iteration 10:  55000000 integrand evaluations so far
[1] 23.0352 +- 20.5064  	chisq 7.03163 (9 df)
      23 ±     21        (3.57mi) ┃Vegas input parameters:
  ndim 8
  ncomp 1
  nvec 1
  epsrel 0
  epsabs 0
  flags 10
  seed 123456
  mineval 5000000
  maxeval 50000000
  nstart 1000000
  nincrease 1000000
  nbatch 5000
  gridno 0
  statefile ""

Iteration 1:  1000000 integrand evaluations so far
[1] 132.342 +- 37.8657  	chisq 0 (0 df)

Iteration 2:  3000000 integrand evaluations so far
[1] 83.3903 +- 22.0544  	chisq 2.52927 (1 df)

Iteration 3:  6000000 integrand evaluations so far
[1] 80.117 +- 19.2694  	chisq 2.62237 (2 df)

Iteration 4:  10000000 integrand evaluations so far
[1] 42.0985 +- 5.58927  	chisq 6.87268 (3 df)

Iteration 5:  15000000 integrand evaluations so far
[1] 46.5412 +- 5.40626  	chisq 16.6811 (4 df)

Iteration 6:  21000000 integrand evaluations so far
[1] 54.8485 +- 5.092  	chisq 37.5987 (5 df)

Iteration 7:  28000000 integrand evaluations so far
[1] 68.2141 +- 4.69817  	chisq 83.9312 (6 df)

Iteration 8:  36000000 integrand evaluations so far
[1] 95.062 +- 3.79277  	chisq 177.692 (7 df)

Iteration 9:  45000000 integrand evaluations so far
[1] 95.1129 +- 3.7925  	chisq 178.988 (8 df)

Iteration 10:  55000000 integrand evaluations so far
[1] 98.5 +- 3.6396  	chisq 189.084 (9 df)
    98.5 ±    3.6        (1.76mi) ┃     144 ±     21        (14.4mi) ┃
┃   50 -    52 ┃   57 -    58 ┃  167.68 ±   0.17        (1.32mi) ┃-143.857 ±  0.084        (  26mi) ┃Vegas input parameters:
  ndim 10
  ncomp 1
  nvec 1
  epsrel 0
  epsabs 0
  flags 10
  seed 123456
  mineval 50000000
  maxeval 50000000
  nstart 1000000
  nincrease 1000000
  nbatch 5000
  gridno 0
  statefile ""

Iteration 1:  1000000 integrand evaluations so far
[1] -77.1076 +- 89.3221  	chisq 0 (0 df)

Iteration 2:  3000000 integrand evaluations so far
[1] -14.7561 +- 56.6166  	chisq 0.814522 (1 df)

Iteration 3:  6000000 integrand evaluations so far
[1] 26.7196 +- 47.6513  	chisq 2.65475 (2 df)

Iteration 4:  10000000 integrand evaluations so far
[1] 35.298 +- 46.3387  	chisq 3.25125 (3 df)

Iteration 5:  15000000 integrand evaluations so far
[1] 15.9522 +- 43.9102  	chisq 4.95884 (4 df)

Iteration 6:  21000000 integrand evaluations so far
[1] 28.1672 +- 41.5002  	chisq 5.6837 (5 df)

Iteration 7:  28000000 integrand evaluations so far
[1] 38.8937 +- 38.5309  	chisq 6.16789 (6 df)

Iteration 8:  36000000 integrand evaluations so far
[1] 40.2625 +- 38.5023  	chisq 7.01816 (7 df)

Iteration 9:  45000000 integrand evaluations so far
[1] 35.9493 +- 28.2529  	chisq 7.04535 (8 df)

Iteration 10:  55000000 integrand evaluations so far
[1] 17.7252 +- 20.722  	chisq 7.94583 (9 df)
      18 ±     21        (3.59mi) ┃Vegas input parameters:
  ndim 8
  ncomp 1
  nvec 1
  epsrel 0
  epsabs 0
  flags 10
  seed 123456
  mineval 5000000
  maxeval 50000000
  nstart 1000000
  nincrease 1000000
  nbatch 5000
  gridno 0
  statefile ""

Iteration 1:  1000000 integrand evaluations so far
[1] 214.212 +- 49.1307  	chisq 0 (0 df)

Iteration 2:  3000000 integrand evaluations so far
[1] 96.1405 +- 22.2415  	chisq 7.26408 (1 df)

Iteration 3:  6000000 integrand evaluations so far
[1] 80.848 +- 15.8154  	chisq 8.22034 (2 df)

Iteration 4:  10000000 integrand evaluations so far
[1] 86.1928 +- 11.5308  	chisq 8.46415 (3 df)

Iteration 5:  15000000 integrand evaluations so far
[1] 92.4786 +- 5.7604  	chisq 8.86015 (4 df)

Iteration 6:  21000000 integrand evaluations so far
[1] 98.7665 +- 5.24768  	chisq 15.8654 (5 df)

Iteration 7:  28000000 integrand evaluations so far
[1] 106.926 +- 4.64713  	chisq 27.0698 (6 df)

Iteration 8:  36000000 integrand evaluations so far
[1] 118.529 +- 3.3409  	chisq 39.9728 (7 df)

Iteration 9:  45000000 integrand evaluations so far
[1] 122.89 +- 2.1129  	chisq 42.8115 (8 df)

Iteration 10:  55000000 integrand evaluations so far
[1] 123.083 +- 2.1074  	chisq 44.4199 (9 df)
   123.1 ±    2.1        (1.79mi) ┃     165 ±     21        (32.7mi) ┃
┃   50 -    52 ┃   58 -    59 ┃ 158.933 ±  0.028        ( 8.9mi) ┃-135.549 ±   0.05        (6.48mi) ┃Vegas input parameters:
  ndim 10
  ncomp 1
  nvec 1
  epsrel 0
  epsabs 0
  flags 10
  seed 123456
  mineval 50000000
  maxeval 50000000
  nstart 1000000
  nincrease 1000000
  nbatch 5000
  gridno 0
  statefile ""

Iteration 1:  1000000 integrand evaluations so far
[1] -3.22209 +- 41.4956  	chisq 0 (0 df)

Iteration 2:  3000000 integrand evaluations so far
[1] 14.6706 +- 35.8425  	chisq 0.732267 (1 df)

Iteration 3:  6000000 integrand evaluations so far
[1] -13.5596 +- 26.1356  	chisq 2.05696 (2 df)

Iteration 4:  10000000 integrand evaluations so far
[1] -7.12059 +- 20.1567  	chisq 2.20675 (3 df)

Iteration 5:  15000000 integrand evaluations so far
[1] -6.52018 +- 19.9664  	chisq 2.25394 (4 df)

Iteration 6:  21000000 integrand evaluations so far
[1] -3.28333 +- 19.7909  	chisq 3.75602 (5 df)

Iteration 7:  28000000 integrand evaluations so far
[1] -6.88733 +- 18.5828  	chisq 4.03619 (6 df)

Iteration 8:  36000000 integrand evaluations so far
[1] -8.68879 +- 17.5341  	chisq 4.12187 (7 df)

Iteration 9:  45000000 integrand evaluations so far
[1] -3.69114 +- 16.7294  	chisq 5.02776 (8 df)

Iteration 10:  55000000 integrand evaluations so far
[1] -3.97902 +- 15.5456  	chisq 5.02993 (9 df)
      -4 ±     16        ( 3.6mi) ┃Vegas input parameters:
  ndim 8
  ncomp 1
  nvec 1
  epsrel 0
  epsabs 0
  flags 10
  seed 123456
  mineval 5000000
  maxeval 50000000
  nstart 1000000
  nincrease 1000000
  nbatch 5000
  gridno 0
  statefile ""

Iteration 1:  1000000 integrand evaluations so far
[1] 194.521 +- 49.2238  	chisq 0 (0 df)

Iteration 2:  3000000 integrand evaluations so far
[1] 39.1366 +- 9.00019  	chisq 10.3094 (1 df)

Iteration 3:  6000000 integrand evaluations so far
[1] 39.6097 +- 8.99219  	chisq 11.8645 (2 df)

Iteration 4:  10000000 integrand evaluations so far
[1] 43.1514 +- 8.84994  	chisq 16.8066 (3 df)

Iteration 5:  15000000 integrand evaluations so far
[1] 44.2621 +- 8.82345  	chisq 19.4422 (4 df)

Iteration 6:  21000000 integrand evaluations so far
[1] 49.0879 +- 8.67282  	chisq 28.2787 (5 df)

Iteration 7:  28000000 integrand evaluations so far
[1] 61.2089 +- 8.0811  	chisq 43.0986 (6 df)

Iteration 8:  36000000 integrand evaluations so far
[1] 92.8593 +- 6.09041  	chisq 78.6074 (7 df)

Iteration 9:  45000000 integrand evaluations so far
[1] 115.999 +- 3.87545  	chisq 102.865 (8 df)

Iteration 10:  55000000 integrand evaluations so far
[1] 119.169 +- 3.72385  	chisq 111.587 (9 df)
   119.2 ±    3.7        (1.81mi) ┃     139 ±     16        (20.8mi) ┃
┃   50 -    52 ┃   59 -    60 ┃  143.69 ±   0.11        (4.54mi) ┃ -122.98 ±  0.091        (13.3mi) ┃Vegas input parameters:
  ndim 10
  ncomp 1
  nvec 1
  epsrel 0
  epsabs 0
  flags 10
  seed 123456
  mineval 50000000
  maxeval 50000000
  nstart 1000000
  nincrease 1000000
  nbatch 5000
  gridno 0
  statefile ""

Iteration 1:  1000000 integrand evaluations so far
[1] -150.192 +- 58.383  	chisq 0 (0 df)

Iteration 2:  3000000 integrand evaluations so far
[1] -121.39 +- 47.23  	chisq 0.704296 (1 df)

Iteration 3:  6000000 integrand evaluations so far
[1] -109.38 +- 45.2444  	chisq 1.48982 (2 df)

Iteration 4:  10000000 integrand evaluations so far
[1] -54.2188 +- 29.2109  	chisq 4.03866 (3 df)

Iteration 5:  15000000 integrand evaluations so far
[1] -53.7377 +- 28.5922  	chisq 4.04513 (4 df)

Iteration 6:  21000000 integrand evaluations so far
[1] -49.0351 +- 27.2943  	chisq 4.35 (5 df)

Iteration 7:  28000000 integrand evaluations so far
[1] -53.7158 +- 26.8167  	chisq 5.19767 (6 df)

Iteration 8:  36000000 integrand evaluations so far
[1] -43.6576 +- 25.6555  	chisq 6.85804 (7 df)

Iteration 9:  45000000 integrand evaluations so far
[1] -35.3692 +- 24.819  	chisq 8.48513 (8 df)

Iteration 10:  55000000 integrand evaluations so far
[1] -36.7884 +- 24.7966  	chisq 10.3001 (9 df)
     -37 ±     25        (3.61mi) ┃Vegas input parameters:
  ndim 8
  ncomp 1
  nvec 1
  epsrel 0
  epsabs 0
  flags 10
  seed 123456
  mineval 5000000
  maxeval 50000000
  nstart 1000000
  nincrease 1000000
  nbatch 5000
  gridno 0
  statefile ""

Iteration 1:  1000000 integrand evaluations so far
[1] 167.721 +- 46.357  	chisq 0 (0 df)

Iteration 2:  3000000 integrand evaluations so far
[1] 69.6102 +- 18.6367  	chisq 5.34281 (1 df)

Iteration 3:  6000000 integrand evaluations so far
[1] 73.0344 +- 18.2806  	chisq 6.2348 (2 df)

Iteration 4:  10000000 integrand evaluations so far
[1] 57.9722 +- 8.788  	chisq 7.11772 (3 df)

Iteration 5:  15000000 integrand evaluations so far
[1] 71.014 +- 7.37927  	chisq 14.5858 (4 df)

Iteration 6:  21000000 integrand evaluations so far
[1] 83.1551 +- 6.11857  	chisq 23.2483 (5 df)

Iteration 7:  28000000 integrand evaluations so far
[1] 92.7966 +- 5.67738  	chisq 41.1104 (6 df)

Iteration 8:  36000000 integrand evaluations so far
[1] 107.304 +- 4.74987  	chisq 62.8724 (7 df)

Iteration 9:  45000000 integrand evaluations so far
[1] 126.05 +- 3.38189  	chisq 94.4604 (8 df)

Iteration 10:  55000000 integrand evaluations so far
[1] 138.081 +- 2.54304  	chisq 123.585 (9 df)
   138.1 ±    2.5        (1.79mi) ┃     122 ±     25        (23.2mi) ┃
┣━━━━━━━━━━━━━━╋━━━━━━━━━━━━━━╋━━━━━━━━━━━━━━━━━━━━━━━━━━━━━━━━━━╋━━━━━━━━━━━━━━━━━━━━━━━━━━━━━━━━━━╋━━━━━━━━━━━━━━━━━━━━━━━━━━━━━━━━━━╋━━━━━━━━━━━━━━━━━━━━━━━━━━━━━━━━━━╋━━━━━━━━━━━━━━━━━━━━━━━━━━━━━━━━━━┫
┃   48 -    52 ┃   25 -    60 ┃ 17.1156 ± 0.0014 ·10⁺⁰³ (3.42hr) ┃-14.7092 ± 0.0011 ·10⁺⁰³ (16.1hr) ┃    -970 ±    240        (4.21hr) ┃  14.331 ±  0.036 ·10⁺⁰³ (2.08hr) ┃   15.77 ±   0.24 ·10⁺⁰³ (25.8hr) ┃
┗━━━━━━━━━━━━━━┻━━━━━━━━━━━━━━┻━━━━━━━━━━━━━━━━━━━━━━━━━━━━━━━━━━┻━━━━━━━━━━━━━━━━━━━━━━━━━━━━━━━━━━┻━━━━━━━━━━━━━━━━━━━━━━━━━━━━━━━━━━┻━━━━━━━━━━━━━━━━━━━━━━━━━━━━━━━━━━┻━━━━━━━━━━━━━━━━━━━━━━━━━━━━━━━━━━┛

╍╍╍╍╍╍╍╍╍╍╍╍╍╍╍╍╍╍╍╍╍╍╍╍╍╍╍╍╍╍╍╍ Summary ╍╍╍╍╍╍╍╍╍╍╍╍╍╍╍╍╍╍╍╍╍╍╍╍╍╍╍╍╍╍╍
      Total cross section                      15.77 ± 0.24          pb
         Calculation time                               25.8       hours
              Output file                    outputs/qt_qt48_52_NNLL_muR1.0_muF1.0.root            
      Result in text file                    outputs/qt_qt48_52_NNLL_muR1.0_muF1.0.txt            

╍╍╍╍╍╍╍╍╍╍╍╍╍╍╍╍╍╍╍╍╍╍╍╍╍╍╍╍╍╍╍╍╍╍╍╍╍╍╍╍╍╍╍╍╍╍╍╍╍╍╍╍╍╍╍╍╍╍╍╍╍╍╍╍╍╍╍╍╍╍╍╍

