
╍╍╍╍╍╍╍╍╍╍╍╍╍╍╍╍╍╍╍╍╍╍╍╍╍╍╍ Process settings ╍╍╍╍╍╍╍╍╍╍╍╍╍╍╍╍╍╍╍╍╍╍╍╍╍╍╍
   proton-proton collisions at sqrt(s) = 13000 GeV 
   Computing NNLO+NNLL resummed cross section
   W- ->  e^-(p3)+nu~(p4) production 

╍╍╍╍╍╍╍╍╍╍╍╍╍╍╍╍╍╍╍╍╍╍╍╍╍╍╍╍╍╍ CKM matrix ╍╍╍╍╍╍╍╍╍╍╍╍╍╍╍╍╍╍╍╍╍╍╍╍╍╍╍╍╍╍
     | Vud Vus Vub |   |   0.97427   0.2253  0.00351 | 
     | Vcd Vcs Vcb | = |    0.2252  0.97344   0.0412 | 
     | Vtd Vts Vtb |   |         0        0        0 | 

╍╍╍╍╍╍╍╍╍╍╍╍╍╍╍╍╍╍╍╍╍╍╍╍╍╍╍╍╍ EW parameters ╍╍╍╍╍╍╍╍╍╍╍╍╍╍╍╍╍╍╍╍╍╍╍╍╍╍╍╍
                                         Gf =  1.1663787e-05      GeV^-2
                                    1/alpha =  132.233229791            
                                 sin(thW)^2 = 0.222897222524            
                                     W mass =         80.385         GeV
                                     Z mass =        91.1876         GeV
                                    W width =          2.091         GeV
                                    Z width =          2.495         GeV

╍╍╍╍╍╍╍╍╍╍╍╍╍╍╍╍╍╍╍╍╍╍╍╍╍╍╍╍╍ QCD settings ╍╍╍╍╍╍╍╍╍╍╍╍╍╍╍╍╍╍╍╍╍╍╍╍╍╍╍╍╍
   Renormalization scale:     dynamic muren =              1      * m_ll
     Factorization scale:     dynamic mufac =              2      * m_ll
       Resummation scale:     dynamic mures =              1      * m_ll
          Strong coupling       alpha_s(MZ) =       0.118001            
                              running order =              3       -loop
         Non-perturbative     form factor g =            0.7       GeV^2

╍╍╍╍╍╍╍╍╍╍╍╍╍╍╍╍╍╍╍╍╍╍╍╍╍╍╍╍╍ PDF settings ╍╍╍╍╍╍╍╍╍╍╍╍╍╍╍╍╍╍╍╍╍╍╍╍╍╍╍╍╍
                                     PDF set:MSHT20nnlo_as118            
                                  PDF member:              0            
  Mellin moments of PDFs:                    Numerical integration            
                         nodes for the quadrature:            200            
                         Intervals for the quadrature:              1            

╍╍╍╍╍╍╍╍╍╍╍╍╍╍╍╍╍╍╍╍╍╍╍╍╍╍╍╍╍╍╍ qT recoil ╍╍╍╍╍╍╍╍╍╍╍╍╍╍╍╍╍╍╍╍╍╍╍╍╍╍╍╍╍╍
  qt-recoil prescription:       Collins-Soper kt1 = p_V(x)/2; kt2 = p_V(y)/2            

╍╍╍╍╍╍╍╍╍╍╍╍╍╍╍╍╍╍╍╍╍╍╍╍╍╍╍╍╍╍╍╍╍ Cuts ╍╍╍╍╍╍╍╍╍╍╍╍╍╍╍╍╍╍╍╍╍╍╍╍╍╍╍╍╍╍╍╍╍
                                  apply cuts:           true            
                                      pt_l >               0            
                                   |eta_l| <            1000            
                                    pt_lep >              25            
                                 |eta_lep| <             2.4            
                                   pt_alep >              25            
                                |eta_alep| <             2.4            
                                  user cuts:            true            

╍╍╍╍╍╍╍╍╍╍╍╍╍╍╍╍╍╍╍╍╍╍╍╍╍╍╍╍ ResummationDamp ╍╍╍╍╍╍╍╍╍╍╍╍╍╍╍╍╍╍╍╍╍╍╍╍╍╍╍
                                    damping :             on            
                                damping mode:              1            
                                  damp above:        60.2888         GeV
                               damping width:        20.0963         GeV
                          resummation cutoff:             20         MeV

╍╍╍╍╍╍╍╍╍╍╍╍╍╍╍╍╍╍╍╍╍╍╍╍╍╍╍╍ Debug settings ╍╍╍╍╍╍╍╍╍╍╍╍╍╍╍╍╍╍╍╍╍╍╍╍╍╍╍╍
                                 timeprofile:          false            
                                     verbose:          false            
                               cubaverbosity:              2            

╍╍╍╍╍╍╍╍╍╍╍╍╍╍╍╍╍╍╍╍╍╍╍╍╍╍╍╍╍╍╍╍╍╍╍╍╍╍╍╍╍╍╍╍╍╍╍╍╍╍╍╍╍╍╍╍╍╍╍╍╍╍╍╍╍╍╍╍╍╍╍╍

Warning: Histogram `a1_qt` contains non-integrable observable and will be deleted 
Warning: Histogram `a1_qt_vs_y` contains non-integrable observable and will be deleted 
Warning: Histogram `s_biganswer` contains non-integrable observable and will be deleted 
Warning: Histogram `wgt_a1_qt` contains non-integrable observable and will be deleted 

╍╍╍╍╍╍╍╍╍╍╍╍╍╍╍╍╍╍╍╍╍╍╍╍╍ Integration settings ╍╍╍╍╍╍╍╍╍╍╍╍╍╍╍╍╍╍╍╍╍╍╍╍╍
             Random seeds              123456                           
           Parallel cores                   1                           

             Resummation:     cuhre (dm, dpt)         iter =           5
                                   gauss (dy)        nodes =          64
                                                 intervals =           1
            Counter term:      cuhre (dm, dy)         iter =           5
                                  gauss (dpt)        nodes =          20
                                                 intervals =           5
                V+J Real:               vegas       ncalls =    50000000
             V+J Virtual:               vegas       ncalls =     5000000

Mellin inverse transform:           gaussian         nodes =          30
                                                 intervals =           1
                               imaginary axis         zmax =           2
  Angular variable costh:     semi-analytical      ncstart =         100
   Angular variables phi:            gaussian    intervals =          20

      Constant boundaries                  q2          low =          80
                                                      high =         100
                                            y          low =          -6
                                                      high =           6
                                           qT          low =           0
                                                      high =         100
                                        costh          low =          -1
                                                      high =           1
                                        pT(l)          low =           0
                                                      high =       13000

┏━━━━━━━━━━━━━━┰━━━━━━━━━━━━━━━━━━━━━━━━━━━━━━━━━━┰━━━━━━━━━━━━━━━━━━━━━━━━━━━━━━━━━━┰━━━━━━━━━━━━━━━━━━━━━━━━━━━━━━━━━━┰━━━━━━━━━━━━━━━━━━━━━━━━━━━━━━━━━━┰━━━━━━━━━━━━━━━━━━━━━━━━━━━━━━━━━━┓
┃       eta(l) ┃                      Resummation ┃                     Counter term ┃                         V+J Real ┃                      V+J Virtual ┃                            TOTAL ┃
┣━━━━━━━━━━━━━━╋━━━━━━━━━━━━━━━━━━━━━━━━━━━━━━━━━━╋━━━━━━━━━━━━━━━━━━━━━━━━━━━━━━━━━━╋━━━━━━━━━━━━━━━━━━━━━━━━━━━━━━━━━━╋━━━━━━━━━━━━━━━━━━━━━━━━━━━━━━━━━━╋━━━━━━━━━━━━━━━━━━━━━━━━━━━━━━━━━━┫
┃ -2.4 -  -2.3 ┃  24.585 ±  0.021 ·10⁺⁰³ (2.22mi) ┃       0 ±      0        ( 233ms) ┃Vegas input parameters:
  ndim 10
  ncomp 1
  nvec 1
  epsrel 0
  epsabs 0
  flags 10
  seed 123456
  mineval 50000000
  maxeval 50000000
  nstart 1000000
  nincrease 1000000
  nbatch 5000
  gridno 0
  statefile ""

Iteration 1:  1000000 integrand evaluations so far
[1] -36465.3 +- 4536.08  	chisq 0 (0 df)

Iteration 2:  3000000 integrand evaluations so far
[1] -43281.7 +- 4135.9  	chisq 13.3887 (1 df)

Iteration 3:  6000000 integrand evaluations so far
[1] -49109.1 +- 3652.4  	chisq 22.4066 (2 df)

Iteration 4:  10000000 integrand evaluations so far
[1] -57253.4 +- 2717.24  	chisq 33.5421 (3 df)

Iteration 5:  15000000 integrand evaluations so far
[1] -61917.9 +- 1712.31  	chisq 38.4299 (4 df)

Iteration 6:  21000000 integrand evaluations so far
[1] -62585.5 +- 1661.57  	chisq 41.0332 (5 df)

Iteration 7:  28000000 integrand evaluations so far
[1] -62391.3 +- 1510.12  	chisq 41.1117 (6 df)

Iteration 8:  36000000 integrand evaluations so far
[1] -62302.5 +- 1152.95  	chisq 41.12 (7 df)

Iteration 9:  45000000 integrand evaluations so far
[1] -62322.4 +- 861.075  	chisq 41.1206 (8 df)

Iteration 10:  55000000 integrand evaluations so far
[1] -63146.1 +- 721.196  	chisq 44.1863 (9 df)
  -63.15 ±   0.72 ·10⁺⁰³ (4.01mi) ┃Vegas input parameters:
  ndim 8
  ncomp 1
  nvec 1
  epsrel 0
  epsabs 0
  flags 10
  seed 123456
  mineval 5000000
  maxeval 50000000
  nstart 1000000
  nincrease 1000000
  nbatch 5000
  gridno 0
  statefile ""

Iteration 1:  1000000 integrand evaluations so far
[1] 128334 +- 27505.1  	chisq 0 (0 df)

Iteration 2:  3000000 integrand evaluations so far
[1] 92581.8 +- 2087.95  	chisq 1.69937 (1 df)

Iteration 3:  6000000 integrand evaluations so far
[1] 96433.6 +- 1292.15  	chisq 7.21486 (2 df)

Iteration 4:  10000000 integrand evaluations so far
[1] 96729.5 +- 601.797  	chisq 7.28184 (3 df)

Iteration 5:  15000000 integrand evaluations so far
[1] 97242.1 +- 346.292  	chisq 8.36656 (4 df)

Iteration 6:  21000000 integrand evaluations so far
[1] 97469.9 +- 237.365  	chisq 9.18277 (5 df)

Iteration 7:  28000000 integrand evaluations so far
[1] 97389.7 +- 180.33  	chisq 9.45255 (6 df)

Iteration 8:  36000000 integrand evaluations so far
[1] 97367.1 +- 148.013  	chisq 9.50059 (7 df)

Iteration 9:  45000000 integrand evaluations so far
[1] 97440.6 +- 126.213  	chisq 10.4033 (8 df)

Iteration 10:  55000000 integrand evaluations so far
[1] 97394.4 +- 110.117  	chisq 10.9633 (9 df)
   97.39 ±   0.11 ·10⁺⁰³ (1.57mi) ┃   58.83 ±   0.73 ·10⁺⁰³ ( 7.8mi) ┃
┃ -2.3 -  -2.2 ┃  26.767 ±   0.01 ·10⁺⁰³ (2.11mi) ┃       0 ±      0        ( 229ms) ┃Vegas input parameters:
  ndim 10
  ncomp 1
  nvec 1
  epsrel 0
  epsabs 0
  flags 10
  seed 123456
  mineval 50000000
  maxeval 50000000
  nstart 1000000
  nincrease 1000000
  nbatch 5000
  gridno 0
  statefile ""

Iteration 1:  1000000 integrand evaluations so far
[1] -147262 +- 82694.5  	chisq 0 (0 df)

Iteration 2:  3000000 integrand evaluations so far
[1] -64304.1 +- 7264.61  	chisq 1.0142 (1 df)

Iteration 3:  6000000 integrand evaluations so far
[1] -65728.2 +- 3399.77  	chisq 1.0634 (2 df)

Iteration 4:  10000000 integrand evaluations so far
[1] -68047.8 +- 2961.98  	chisq 2.99531 (3 df)

Iteration 5:  15000000 integrand evaluations so far
[1] -67397.5 +- 2899.32  	chisq 4.14639 (4 df)

Iteration 6:  21000000 integrand evaluations so far
[1] -68384.3 +- 2111.25  	chisq 4.39297 (5 df)

Iteration 7:  28000000 integrand evaluations so far
[1] -69677.4 +- 1641.28  	chisq 5.34114 (6 df)

Iteration 8:  36000000 integrand evaluations so far
[1] -69773.5 +- 1500.9  	chisq 5.36206 (7 df)

Iteration 9:  45000000 integrand evaluations so far
[1] -68578.5 +- 1185.69  	chisq 7.0482 (8 df)

Iteration 10:  55000000 integrand evaluations so far
[1] -68643.7 +- 927.199  	chisq 7.05598 (9 df)
  -68.64 ±   0.93 ·10⁺⁰³ (4.03mi) ┃Vegas input parameters:
  ndim 8
  ncomp 1
  nvec 1
  epsrel 0
  epsabs 0
  flags 10
  seed 123456
  mineval 5000000
  maxeval 50000000
  nstart 1000000
  nincrease 1000000
  nbatch 5000
  gridno 0
  statefile ""

Iteration 1:  1000000 integrand evaluations so far
[1] 91784.5 +- 19161.8  	chisq 0 (0 df)

Iteration 2:  3000000 integrand evaluations so far
[1] 98770.7 +- 3709.64  	chisq 0.138099 (1 df)

Iteration 3:  6000000 integrand evaluations so far
[1] 101416 +- 1222.38  	chisq 0.708363 (2 df)

Iteration 4:  10000000 integrand evaluations so far
[1] 102337 +- 572.003  	chisq 1.4351 (3 df)

Iteration 5:  15000000 integrand evaluations so far
[1] 102046 +- 335.646  	chisq 1.82789 (4 df)

Iteration 6:  21000000 integrand evaluations so far
[1] 102248 +- 242.181  	chisq 2.58332 (5 df)

Iteration 7:  28000000 integrand evaluations so far
[1] 102228 +- 189.887  	chisq 2.60218 (6 df)

Iteration 8:  36000000 integrand evaluations so far
[1] 102095 +- 155.309  	chisq 4.08342 (7 df)

Iteration 9:  45000000 integrand evaluations so far
[1] 102242 +- 132.443  	chisq 7.38959 (8 df)

Iteration 10:  55000000 integrand evaluations so far
[1] 102266 +- 116.604  	chisq 7.53994 (9 df)
  102.27 ±   0.12 ·10⁺⁰³ (1.53mi) ┃   60.39 ±   0.93 ·10⁺⁰³ (7.68mi) ┃
┃ -2.2 -  -2.1 ┃ 27.1649 ± 0.0041 ·10⁺⁰³ (4.22mi) ┃       0 ±      0        ( 229ms) ┃Vegas input parameters:
  ndim 10
  ncomp 1
  nvec 1
  epsrel 0
  epsabs 0
  flags 10
  seed 123456
  mineval 50000000
  maxeval 50000000
  nstart 1000000
  nincrease 1000000
  nbatch 5000
  gridno 0
  statefile ""

Iteration 1:  1000000 integrand evaluations so far
[1] -64582.7 +- 12503.7  	chisq 0 (0 df)

Iteration 2:  3000000 integrand evaluations so far
[1] -67141.8 +- 5722.6  	chisq 0.0529905 (1 df)

Iteration 3:  6000000 integrand evaluations so far
[1] -67695.1 +- 2853.71  	chisq 0.0654329 (2 df)

Iteration 4:  10000000 integrand evaluations so far
[1] -67592.3 +- 1780.82  	chisq 0.0675593 (3 df)

Iteration 5:  15000000 integrand evaluations so far
[1] -69257.9 +- 1359.36  	chisq 2.16384 (4 df)

Iteration 6:  21000000 integrand evaluations so far
[1] -70457.2 +- 1144.44  	chisq 4.83689 (5 df)

Iteration 7:  28000000 integrand evaluations so far
[1] -71986.2 +- 1005.95  	chisq 12.6864 (6 df)

Iteration 8:  36000000 integrand evaluations so far
[1] -72123 +- 987.203  	chisq 13.1875 (7 df)

Iteration 9:  45000000 integrand evaluations so far
[1] -71846 +- 938.794  	chisq 14.0106 (8 df)

Iteration 10:  55000000 integrand evaluations so far
[1] -71583.1 +- 885.721  	chisq 14.7247 (9 df)
  -71.58 ±   0.89 ·10⁺⁰³ ( 3.9mi) ┃Vegas input parameters:
  ndim 8
  ncomp 1
  nvec 1
  epsrel 0
  epsabs 0
  flags 10
  seed 123456
  mineval 5000000
  maxeval 50000000
  nstart 1000000
  nincrease 1000000
  nbatch 5000
  gridno 0
  statefile ""

Iteration 1:  1000000 integrand evaluations so far
[1] 96169 +- 17010  	chisq 0 (0 df)

Iteration 2:  3000000 integrand evaluations so far
[1] 104935 +- 3529.92  	chisq 0.27755 (1 df)

Iteration 3:  6000000 integrand evaluations so far
[1] 105812 +- 1112.39  	chisq 0.345966 (2 df)

Iteration 4:  10000000 integrand evaluations so far
[1] 106256 +- 519.49  	chisq 0.550361 (3 df)

Iteration 5:  15000000 integrand evaluations so far
[1] 106335 +- 343.559  	chisq 0.591514 (4 df)

Iteration 6:  21000000 integrand evaluations so far
[1] 106928 +- 261.503  	chisq 7.67506 (5 df)

Iteration 7:  28000000 integrand evaluations so far
[1] 107003 +- 203.268  	chisq 7.87887 (6 df)

Iteration 8:  36000000 integrand evaluations so far
[1] 106756 +- 164.651  	chisq 12.1509 (7 df)

Iteration 9:  45000000 integrand evaluations so far
[1] 106906 +- 140.033  	chisq 15.1389 (8 df)

Iteration 10:  55000000 integrand evaluations so far
[1] 106959 +- 122.777  	chisq 15.7479 (9 df)
  106.96 ±   0.12 ·10⁺⁰³ (1.53mi) ┃   62.54 ±   0.89 ·10⁺⁰³ (9.65mi) ┃
┃ -2.1 -    -2 ┃ 27.1755 ± 0.0041 ·10⁺⁰³ (4.33mi) ┃       0 ±      0        ( 238ms) ┃Vegas input parameters:
  ndim 10
  ncomp 1
  nvec 1
  epsrel 0
  epsabs 0
  flags 10
  seed 123456
  mineval 50000000
  maxeval 50000000
  nstart 1000000
  nincrease 1000000
  nbatch 5000
  gridno 0
  statefile ""

Iteration 1:  1000000 integrand evaluations so far
[1] -77086 +- 19274.2  	chisq 0 (0 df)

Iteration 2:  3000000 integrand evaluations so far
[1] -63576.6 +- 6315.33  	chisq 0.550349 (1 df)

Iteration 3:  6000000 integrand evaluations so far
[1] -72339.4 +- 4319.01  	chisq 4.16734 (2 df)

Iteration 4:  10000000 integrand evaluations so far
[1] -73831.4 +- 3638.89  	chisq 4.57861 (3 df)

Iteration 5:  15000000 integrand evaluations so far
[1] -74678.7 +- 2269.08  	chisq 4.66733 (4 df)

Iteration 6:  21000000 integrand evaluations so far
[1] -74424.1 +- 1336.98  	chisq 4.68661 (5 df)

Iteration 7:  28000000 integrand evaluations so far
[1] -74914.5 +- 1225.9  	chisq 5.53143 (6 df)

Iteration 8:  36000000 integrand evaluations so far
[1] -75810.4 +- 1051.64  	chisq 7.55364 (7 df)

Iteration 9:  45000000 integrand evaluations so far
[1] -75556.2 +- 843.706  	chisq 7.71766 (8 df)

Iteration 10:  55000000 integrand evaluations so far
[1] -75462.1 +- 701.119  	chisq 7.75781 (9 df)
  -75.46 ±    0.7 ·10⁺⁰³ (4.04mi) ┃Vegas input parameters:
  ndim 8
  ncomp 1
  nvec 1
  epsrel 0
  epsabs 0
  flags 10
  seed 123456
  mineval 5000000
  maxeval 50000000
  nstart 1000000
  nincrease 1000000
  nbatch 5000
  gridno 0
  statefile ""

Iteration 1:  1000000 integrand evaluations so far
[1] 72349.5 +- 8802.01  	chisq 0 (0 df)

Iteration 2:  3000000 integrand evaluations so far
[1] 106904 +- 3095.67  	chisq 17.5866 (1 df)

Iteration 3:  6000000 integrand evaluations so far
[1] 111553 +- 1138.1  	chisq 20.1951 (2 df)

Iteration 4:  10000000 integrand evaluations so far
[1] 111291 +- 542.29  	chisq 20.2636 (3 df)

Iteration 5:  15000000 integrand evaluations so far
[1] 111660 +- 351.818  	chisq 21.062 (4 df)

Iteration 6:  21000000 integrand evaluations so far
[1] 111697 +- 260.566  	chisq 21.0859 (5 df)

Iteration 7:  28000000 integrand evaluations so far
[1] 111748 +- 204.818  	chisq 21.1863 (6 df)

Iteration 8:  36000000 integrand evaluations so far
[1] 111651 +- 168.054  	chisq 21.8701 (7 df)

Iteration 9:  45000000 integrand evaluations so far
[1] 111727 +- 144.349  	chisq 22.6526 (8 df)

Iteration 10:  55000000 integrand evaluations so far
[1] 111681 +- 127.046  	chisq 23.0987 (9 df)
  111.68 ±   0.13 ·10⁺⁰³ (1.55mi) ┃   63.39 ±   0.71 ·10⁺⁰³ (9.93mi) ┃
┃   -2 -  -1.9 ┃  28.693 ±  0.012 ·10⁺⁰³ (2.14mi) ┃       0 ±      0        ( 231ms) ┃Vegas input parameters:
  ndim 10
  ncomp 1
  nvec 1
  epsrel 0
  epsabs 0
  flags 10
  seed 123456
  mineval 50000000
  maxeval 50000000
  nstart 1000000
  nincrease 1000000
  nbatch 5000
  gridno 0
  statefile ""

Iteration 1:  1000000 integrand evaluations so far
[1] -50232.5 +- 58933.5  	chisq 0 (0 df)

Iteration 2:  3000000 integrand evaluations so far
[1] -99624.4 +- 17736.6  	chisq 0.772361 (1 df)

Iteration 3:  6000000 integrand evaluations so far
[1] -86272 +- 10220.6  	chisq 1.62084 (2 df)

Iteration 4:  10000000 integrand evaluations so far
[1] -74738.2 +- 2728.07  	chisq 2.99201 (3 df)

Iteration 5:  15000000 integrand evaluations so far
[1] -75202.2 +- 1988.05  	chisq 3.05369 (4 df)

Iteration 6:  21000000 integrand evaluations so far
[1] -76454.3 +- 1812.67  	chisq 5.4056 (5 df)

Iteration 7:  28000000 integrand evaluations so far
[1] -76628.7 +- 1418.22  	chisq 5.42948 (6 df)

Iteration 8:  36000000 integrand evaluations so far
[1] -76973 +- 1045.84  	chisq 5.55869 (7 df)

Iteration 9:  45000000 integrand evaluations so far
[1] -77709.6 +- 769.69  	chisq 6.64102 (8 df)

Iteration 10:  55000000 integrand evaluations so far
[1] -78216.8 +- 651.47  	chisq 8.17214 (9 df)
  -78.22 ±   0.65 ·10⁺⁰³ (4.27mi) ┃Vegas input parameters:
  ndim 8
  ncomp 1
  nvec 1
  epsrel 0
  epsabs 0
  flags 10
  seed 123456
  mineval 5000000
  maxeval 50000000
  nstart 1000000
  nincrease 1000000
  nbatch 5000
  gridno 0
  statefile ""

Iteration 1:  1000000 integrand evaluations so far
[1] 124984 +- 25096  	chisq 0 (0 df)

Iteration 2:  3000000 integrand evaluations so far
[1] 113621 +- 4117.07  	chisq 0.210695 (1 df)

Iteration 3:  6000000 integrand evaluations so far
[1] 116014 +- 1433.69  	chisq 0.595066 (2 df)

Iteration 4:  10000000 integrand evaluations so far
[1] 115562 +- 621.266  	chisq 0.717215 (3 df)

Iteration 5:  15000000 integrand evaluations so far
[1] 115807 +- 362.759  	chisq 0.954126 (4 df)

Iteration 6:  21000000 integrand evaluations so far
[1] 116312 +- 259.463  	chisq 4.92255 (5 df)

Iteration 7:  28000000 integrand evaluations so far
[1] 116403 +- 210.654  	chisq 5.28318 (6 df)

Iteration 8:  36000000 integrand evaluations so far
[1] 116345 +- 176.516  	chisq 5.53994 (7 df)

Iteration 9:  45000000 integrand evaluations so far
[1] 116441 +- 151.157  	chisq 6.64995 (8 df)

Iteration 10:  55000000 integrand evaluations so far
[1] 116469 +- 132.88  	chisq 6.79911 (9 df)
  116.47 ±   0.13 ·10⁺⁰³ (1.52mi) ┃   66.95 ±   0.66 ·10⁺⁰³ (7.94mi) ┃
┃ -1.9 -  -1.8 ┃  31.233 ±  0.015 ·10⁺⁰³ ( 19.6s) ┃       0 ±      0        ( 234ms) ┃Vegas input parameters:
  ndim 10
  ncomp 1
  nvec 1
  epsrel 0
  epsabs 0
  flags 10
  seed 123456
  mineval 50000000
  maxeval 50000000
  nstart 1000000
  nincrease 1000000
  nbatch 5000
  gridno 0
  statefile ""

Iteration 1:  1000000 integrand evaluations so far
[1] -98433.9 +- 40154  	chisq 0 (0 df)

Iteration 2:  3000000 integrand evaluations so far
[1] -90749.3 +- 12767.2  	chisq 0.0407449 (1 df)

Iteration 3:  6000000 integrand evaluations so far
[1] -81461.9 +- 8307.57  	chisq 0.958519 (2 df)

Iteration 4:  10000000 integrand evaluations so far
[1] -79722.3 +- 4724.26  	chisq 1.02332 (3 df)

Iteration 5:  15000000 integrand evaluations so far
[1] -80900 +- 4198.17  	chisq 1.31878 (4 df)

Iteration 6:  21000000 integrand evaluations so far
[1] -81199.6 +- 3177.29  	chisq 1.3307 (5 df)

Iteration 7:  28000000 integrand evaluations so far
[1] -79336.9 +- 2814.01  	chisq 2.92482 (6 df)

Iteration 8:  36000000 integrand evaluations so far
[1] -81294 +- 1873.53  	chisq 3.79365 (7 df)

Iteration 9:  45000000 integrand evaluations so far
[1] -82364 +- 1755.14  	chisq 6.45864 (8 df)

Iteration 10:  55000000 integrand evaluations so far
[1] -81750 +- 1648.41  	chisq 7.49642 (9 df)
   -81.7 ±    1.6 ·10⁺⁰³ (4.17mi) ┃Vegas input parameters:
  ndim 8
  ncomp 1
  nvec 1
  epsrel 0
  epsabs 0
  flags 10
  seed 123456
  mineval 5000000
  maxeval 50000000
  nstart 1000000
  nincrease 1000000
  nbatch 5000
  gridno 0
  statefile ""

Iteration 1:  1000000 integrand evaluations so far
[1] 116754 +- 16309  	chisq 0 (0 df)

Iteration 2:  3000000 integrand evaluations so far
[1] 116344 +- 2656.41  	chisq 0.000648909 (1 df)

Iteration 3:  6000000 integrand evaluations so far
[1] 119506 +- 949.679  	chisq 1.62522 (2 df)

Iteration 4:  10000000 integrand evaluations so far
[1] 120192 +- 516.519  	chisq 2.36527 (3 df)

Iteration 5:  15000000 integrand evaluations so far
[1] 120832 +- 348.222  	chisq 5.17837 (4 df)

Iteration 6:  21000000 integrand evaluations so far
[1] 121132 +- 265.292  	chisq 6.95323 (5 df)

Iteration 7:  28000000 integrand evaluations so far
[1] 121104 +- 213.809  	chisq 6.98496 (6 df)

Iteration 8:  36000000 integrand evaluations so far
[1] 120913 +- 177.951  	chisq 9.58334 (7 df)

Iteration 9:  45000000 integrand evaluations so far
[1] 120962 +- 154.047  	chisq 9.87812 (8 df)

Iteration 10:  55000000 integrand evaluations so far
[1] 121002 +- 136.061  	chisq 10.1937 (9 df)
     121 ±   0.14 ·10⁺⁰³ (1.52mi) ┃    70.5 ±    1.7 ·10⁺⁰³ (6.02mi) ┃
┃ -1.8 -  -1.7 ┃  32.018 ±   0.03 ·10⁺⁰³ (2.16mi) ┃       0 ±      0        ( 231ms) ┃Vegas input parameters:
  ndim 10
  ncomp 1
  nvec 1
  epsrel 0
  epsabs 0
  flags 10
  seed 123456
  mineval 50000000
  maxeval 50000000
  nstart 1000000
  nincrease 1000000
  nbatch 5000
  gridno 0
  statefile ""

Iteration 1:  1000000 integrand evaluations so far
[1] -71266.9 +- 11973.5  	chisq 0 (0 df)

Iteration 2:  3000000 integrand evaluations so far
[1] -78629.3 +- 7955.43  	chisq 0.676905 (1 df)

Iteration 3:  6000000 integrand evaluations so far
[1] -77587.9 +- 3284.61  	chisq 0.697558 (2 df)

Iteration 4:  10000000 integrand evaluations so far
[1] -80776.2 +- 2473.32  	chisq 2.87358 (3 df)

Iteration 5:  15000000 integrand evaluations so far
[1] -83169.6 +- 1658.39  	chisq 4.5749 (4 df)

Iteration 6:  21000000 integrand evaluations so far
[1] -84574.7 +- 1453.54  	chisq 7.67206 (5 df)

Iteration 7:  28000000 integrand evaluations so far
[1] -85341.1 +- 1221.13  	chisq 8.61685 (6 df)

Iteration 8:  36000000 integrand evaluations so far
[1] -85346.6 +- 1107.98  	chisq 8.61696 (7 df)

Iteration 9:  45000000 integrand evaluations so far
[1] -85266.7 +- 1027.08  	chisq 8.65391 (8 df)

Iteration 10:  55000000 integrand evaluations so far
[1] -85020.4 +- 1014.89  	chisq 11.0901 (9 df)
     -85 ±      1 ·10⁺⁰³ (   4mi) ┃Vegas input parameters:
  ndim 8
  ncomp 1
  nvec 1
  epsrel 0
  epsabs 0
  flags 10
  seed 123456
  mineval 5000000
  maxeval 50000000
  nstart 1000000
  nincrease 1000000
  nbatch 5000
  gridno 0
  statefile ""

Iteration 1:  1000000 integrand evaluations so far
[1] 119699 +- 17737  	chisq 0 (0 df)

Iteration 2:  3000000 integrand evaluations so far
[1] 127087 +- 4101.08  	chisq 0.183286 (1 df)

Iteration 3:  6000000 integrand evaluations so far
[1] 123616 +- 1236.95  	chisq 0.971376 (2 df)

Iteration 4:  10000000 integrand evaluations so far
[1] 125001 +- 583.666  	chisq 2.58431 (3 df)

Iteration 5:  15000000 integrand evaluations so far
[1] 125728 +- 380.32  	chisq 5.28004 (4 df)

Iteration 6:  21000000 integrand evaluations so far
[1] 125873 +- 281.027  	chisq 5.60293 (5 df)

Iteration 7:  28000000 integrand evaluations so far
[1] 125880 +- 222.657  	chisq 5.60438 (6 df)

Iteration 8:  36000000 integrand evaluations so far
[1] 125718 +- 186.622  	chisq 7.38096 (7 df)

Iteration 9:  45000000 integrand evaluations so far
[1] 125774 +- 161.605  	chisq 7.74362 (8 df)

Iteration 10:  55000000 integrand evaluations so far
[1] 125789 +- 142.615  	chisq 7.78005 (9 df)
  125.79 ±   0.14 ·10⁺⁰³ (1.52mi) ┃    72.8 ±      1 ·10⁺⁰³ (7.68mi) ┃
┃ -1.7 -  -1.6 ┃   32.26 ±  0.024 ·10⁺⁰³ (2.17mi) ┃       0 ±      0        ( 232ms) ┃Vegas input parameters:
  ndim 10
  ncomp 1
  nvec 1
  epsrel 0
  epsabs 0
  flags 10
  seed 123456
  mineval 50000000
  maxeval 50000000
  nstart 1000000
  nincrease 1000000
  nbatch 5000
  gridno 0
  statefile ""

Iteration 1:  1000000 integrand evaluations so far
[1] -71372.6 +- 12338.9  	chisq 0 (0 df)

Iteration 2:  3000000 integrand evaluations so far
[1] -66803.4 +- 10602.7  	chisq 0.524144 (1 df)

Iteration 3:  6000000 integrand evaluations so far
[1] -85258.8 +- 6940.89  	chisq 5.82605 (2 df)

Iteration 4:  10000000 integrand evaluations so far
[1] -87134.3 +- 6645.13  	chisq 6.7015 (3 df)

Iteration 5:  15000000 integrand evaluations so far
[1] -85074.2 +- 3554.43  	chisq 6.83613 (4 df)

Iteration 6:  21000000 integrand evaluations so far
[1] -86362.3 +- 2019.82  	chisq 7.03009 (5 df)

Iteration 7:  28000000 integrand evaluations so far
[1] -87143.4 +- 1846.1  	chisq 7.9385 (6 df)

Iteration 8:  36000000 integrand evaluations so far
[1] -87441.3 +- 1443.87  	chisq 8.00554 (7 df)

Iteration 9:  45000000 integrand evaluations so far
[1] -87261.4 +- 1331.26  	chisq 8.10904 (8 df)

Iteration 10:  55000000 integrand evaluations so far
[1] -88392.9 +- 1216.16  	chisq 12.4756 (9 df)
   -88.4 ±    1.2 ·10⁺⁰³ (3.96mi) ┃Vegas input parameters:
  ndim 8
  ncomp 1
  nvec 1
  epsrel 0
  epsabs 0
  flags 10
  seed 123456
  mineval 5000000
  maxeval 50000000
  nstart 1000000
  nincrease 1000000
  nbatch 5000
  gridno 0
  statefile ""

Iteration 1:  1000000 integrand evaluations so far
[1] 104637 +- 9489.41  	chisq 0 (0 df)

Iteration 2:  3000000 integrand evaluations so far
[1] 120398 +- 6741.75  	chisq 5.57027 (1 df)

Iteration 3:  6000000 integrand evaluations so far
[1] 130494 +- 1892.1  	chisq 8.00449 (2 df)

Iteration 4:  10000000 integrand evaluations so far
[1] 130657 +- 1005.84  	chisq 8.01481 (3 df)

Iteration 5:  15000000 integrand evaluations so far
[1] 130580 +- 580.848  	chisq 8.02357 (4 df)

Iteration 6:  21000000 integrand evaluations so far
[1] 130884 +- 386.72  	chisq 8.5175 (5 df)

Iteration 7:  28000000 integrand evaluations so far
[1] 130883 +- 293.116  	chisq 8.51752 (6 df)

Iteration 8:  36000000 integrand evaluations so far
[1] 130605 +- 229.576  	chisq 10.8421 (7 df)

Iteration 9:  45000000 integrand evaluations so far
[1] 130572 +- 188.725  	chisq 10.9061 (8 df)

Iteration 10:  55000000 integrand evaluations so far
[1] 130542 +- 167.181  	chisq 11.0223 (9 df)
  130.54 ±   0.17 ·10⁺⁰³ (1.52mi) ┃    74.4 ±    1.2 ·10⁺⁰³ (7.65mi) ┃
┃ -1.6 -  -1.5 ┃  33.626 ±  0.019 ·10⁺⁰³ (2.23mi) ┃       0 ±      0        ( 231ms) ┃Vegas input parameters:
  ndim 10
  ncomp 1
  nvec 1
  epsrel 0
  epsabs 0
  flags 10
  seed 123456
  mineval 50000000
  maxeval 50000000
  nstart 1000000
  nincrease 1000000
  nbatch 5000
  gridno 0
  statefile ""

Iteration 1:  1000000 integrand evaluations so far
[1] -92448.4 +- 18698.1  	chisq 0 (0 df)

Iteration 2:  3000000 integrand evaluations so far
[1] -88429 +- 8171.43  	chisq 0.057118 (1 df)

Iteration 3:  6000000 integrand evaluations so far
[1] -89166.2 +- 4585.92  	chisq 0.0689986 (2 df)

Iteration 4:  10000000 integrand evaluations so far
[1] -87883.7 +- 2392.4  	chisq 0.17644 (3 df)

Iteration 5:  15000000 integrand evaluations so far
[1] -90252.3 +- 1690.15  	chisq 2.1332 (4 df)

Iteration 6:  21000000 integrand evaluations so far
[1] -90590 +- 1282.42  	chisq 2.22732 (5 df)

Iteration 7:  28000000 integrand evaluations so far
[1] -91073 +- 1183.67  	chisq 3.18525 (6 df)

Iteration 8:  36000000 integrand evaluations so far
[1] -90803.8 +- 1091.29  	chisq 3.53027 (7 df)

Iteration 9:  45000000 integrand evaluations so far
[1] -90416.3 +- 1045.3  	chisq 5.05843 (8 df)

Iteration 10:  55000000 integrand evaluations so far
[1] -90929.1 +- 952.561  	chisq 6.47802 (9 df)
  -90.93 ±   0.95 ·10⁺⁰³ (4.04mi) ┃Vegas input parameters:
  ndim 8
  ncomp 1
  nvec 1
  epsrel 0
  epsabs 0
  flags 10
  seed 123456
  mineval 5000000
  maxeval 50000000
  nstart 1000000
  nincrease 1000000
  nbatch 5000
  gridno 0
  statefile ""

Iteration 1:  1000000 integrand evaluations so far
[1] 150141 +- 31077.3  	chisq 0 (0 df)

Iteration 2:  3000000 integrand evaluations so far
[1] 137453 +- 6551.81  	chisq 0.17444 (1 df)

Iteration 3:  6000000 integrand evaluations so far
[1] 136218 +- 2174.57  	chisq 0.214318 (2 df)

Iteration 4:  10000000 integrand evaluations so far
[1] 134492 +- 767.158  	chisq 0.93409 (3 df)

Iteration 5:  15000000 integrand evaluations so far
[1] 135065 +- 468.918  	chisq 1.82488 (4 df)

Iteration 6:  21000000 integrand evaluations so far
[1] 134939 +- 328.445  	chisq 1.96627 (5 df)

Iteration 7:  28000000 integrand evaluations so far
[1] 134863 +- 253.974  	chisq 2.10008 (6 df)

Iteration 8:  36000000 integrand evaluations so far
[1] 134948 +- 209.27  	chisq 2.45048 (7 df)

Iteration 9:  45000000 integrand evaluations so far
[1] 135034 +- 179.428  	chisq 3.08604 (8 df)

Iteration 10:  55000000 integrand evaluations so far
[1] 135115 +- 157.809  	chisq 3.98701 (9 df)
  135.12 ±   0.16 ·10⁺⁰³ (1.46mi) ┃   77.81 ±   0.97 ·10⁺⁰³ (7.73mi) ┃
┃ -1.5 -  -1.4 ┃ 34.7862 ± 0.0052 ·10⁺⁰³ (4.36mi) ┃ -43.033 ±  0.019 ·10⁺⁰³ (4.09mi) ┃Vegas input parameters:
  ndim 10
  ncomp 1
  nvec 1
  epsrel 0
  epsabs 0
  flags 10
  seed 123456
  mineval 50000000
  maxeval 50000000
  nstart 1000000
  nincrease 1000000
  nbatch 5000
  gridno 0
  statefile ""

Iteration 1:  1000000 integrand evaluations so far
[1] -113275 +- 41112.1  	chisq 0 (0 df)

Iteration 2:  3000000 integrand evaluations so far
[1] -70619.2 +- 14910.5  	chisq 1.23958 (1 df)

Iteration 3:  6000000 integrand evaluations so far
[1] -88474.9 +- 4625.92  	chisq 2.82637 (2 df)

Iteration 4:  10000000 integrand evaluations so far
[1] -88918.8 +- 4607.61  	chisq 3.99221 (3 df)

Iteration 5:  15000000 integrand evaluations so far
[1] -92164.4 +- 3624.21  	chisq 5.29344 (4 df)

Iteration 6:  21000000 integrand evaluations so far
[1] -92998.4 +- 2422.08  	chisq 5.38914 (5 df)

Iteration 7:  28000000 integrand evaluations so far
[1] -94094 +- 2122.44  	chisq 6.27078 (6 df)

Iteration 8:  36000000 integrand evaluations so far
[1] -94348.7 +- 1698.35  	chisq 6.3108 (7 df)

Iteration 9:  45000000 integrand evaluations so far
[1] -94251.1 +- 1292.74  	chisq 6.31866 (8 df)

Iteration 10:  55000000 integrand evaluations so far
[1] -94873 +- 1009.57  	chisq 6.91187 (9 df)
   -94.9 ±      1 ·10⁺⁰³ (3.91mi) ┃Vegas input parameters:
  ndim 8
  ncomp 1
  nvec 1
  epsrel 0
  epsabs 0
  flags 10
  seed 123456
  mineval 5000000
  maxeval 50000000
  nstart 1000000
  nincrease 1000000
  nbatch 5000
  gridno 0
  statefile ""

Iteration 1:  1000000 integrand evaluations so far
[1] 109079 +- 12373  	chisq 0 (0 df)

Iteration 2:  3000000 integrand evaluations so far
[1] 131357 +- 3166.46  	chisq 3.46911 (1 df)

Iteration 3:  6000000 integrand evaluations so far
[1] 137416 +- 1116.01  	chisq 7.65034 (2 df)

Iteration 4:  10000000 integrand evaluations so far
[1] 138408 +- 617.646  	chisq 8.78954 (3 df)

Iteration 5:  15000000 integrand evaluations so far
[1] 139157 +- 406.264  	chisq 11.3798 (4 df)

Iteration 6:  21000000 integrand evaluations so far
[1] 139649 +- 310.413  	chisq 14.8951 (5 df)

Iteration 7:  28000000 integrand evaluations so far
[1] 139685 +- 250.435  	chisq 14.9352 (6 df)

Iteration 8:  36000000 integrand evaluations so far
[1] 139747 +- 210.107  	chisq 15.1413 (7 df)

Iteration 9:  45000000 integrand evaluations so far
[1] 139766 +- 181.147  	chisq 15.1715 (8 df)

Iteration 10:  55000000 integrand evaluations so far
[1] 139816 +- 161.522  	chisq 15.5558 (9 df)
  139.82 ±   0.16 ·10⁺⁰³ (1.51mi) ┃    36.7 ±      1 ·10⁺⁰³ (13.9mi) ┃
┃ -1.4 -  -1.3 ┃  36.682 ±  0.036 ·10⁺⁰³ (   32s) ┃-44.4692 ± 0.0019 ·10⁺⁰³ (4.28mi) ┃Vegas input parameters:
  ndim 10
  ncomp 1
  nvec 1
  epsrel 0
  epsabs 0
  flags 10
  seed 123456
  mineval 50000000
  maxeval 50000000
  nstart 1000000
  nincrease 1000000
  nbatch 5000
  gridno 0
  statefile ""

Iteration 1:  1000000 integrand evaluations so far
[1] -89185.5 +- 20489.1  	chisq 0 (0 df)

Iteration 2:  3000000 integrand evaluations so far
[1] -92862.6 +- 6342.99  	chisq 0.0356224 (1 df)

Iteration 3:  6000000 integrand evaluations so far
[1] -101128 +- 5060.13  	chisq 4.70605 (2 df)

Iteration 4:  10000000 integrand evaluations so far
[1] -101434 +- 3347.29  	chisq 4.71255 (3 df)

Iteration 5:  15000000 integrand evaluations so far
[1] -100412 +- 2276.61  	chisq 4.88593 (4 df)

Iteration 6:  21000000 integrand evaluations so far
[1] -101091 +- 1678.09  	chisq 5.08065 (5 df)

Iteration 7:  28000000 integrand evaluations so far
[1] -101050 +- 1576  	chisq 5.08571 (6 df)

Iteration 8:  36000000 integrand evaluations so far
[1] -100588 +- 1427.1  	chisq 5.56383 (7 df)

Iteration 9:  45000000 integrand evaluations so far
[1] -100736 +- 1179.29  	chisq 5.59773 (8 df)

Iteration 10:  55000000 integrand evaluations so far
[1] -100590 +- 1123.48  	chisq 5.76401 (9 df)
  -100.6 ±    1.1 ·10⁺⁰³ (3.89mi) ┃Vegas input parameters:
  ndim 8
  ncomp 1
  nvec 1
  epsrel 0
  epsabs 0
  flags 10
  seed 123456
  mineval 5000000
  maxeval 50000000
  nstart 1000000
  nincrease 1000000
  nbatch 5000
  gridno 0
  statefile ""

Iteration 1:  1000000 integrand evaluations so far
[1] 139136 +- 20420.7  	chisq 0 (0 df)

Iteration 2:  3000000 integrand evaluations so far
[1] 140983 +- 4029.54  	chisq 0.00851286 (1 df)

Iteration 3:  6000000 integrand evaluations so far
[1] 142672 +- 1558.85  	chisq 0.215046 (2 df)

Iteration 4:  10000000 integrand evaluations so far
[1] 143823 +- 748.928  	chisq 0.923181 (3 df)

Iteration 5:  15000000 integrand evaluations so far
[1] 144514 +- 479.606  	chisq 2.36872 (4 df)

Iteration 6:  21000000 integrand evaluations so far
[1] 144931 +- 350.891  	chisq 3.9963 (5 df)

Iteration 7:  28000000 integrand evaluations so far
[1] 144832 +- 281.154  	chisq 4.2181 (6 df)

Iteration 8:  36000000 integrand evaluations so far
[1] 144773 +- 232.421  	chisq 4.36074 (7 df)

Iteration 9:  45000000 integrand evaluations so far
[1] 144584 +- 196.564  	chisq 6.68395 (8 df)

Iteration 10:  55000000 integrand evaluations so far
[1] 144464 +- 171.684  	chisq 8.24494 (9 df)
  144.46 ±   0.17 ·10⁺⁰³ (1.48mi) ┃    36.1 ±    1.1 ·10⁺⁰³ (10.2mi) ┃
┃ -1.3 -  -1.2 ┃ 37.2526 ± 0.0074 ·10⁺⁰³ (4.22mi) ┃  -45.81 ±  0.011 ·10⁺⁰³ ( 2.1mi) ┃Vegas input parameters:
  ndim 10
  ncomp 1
  nvec 1
  epsrel 0
  epsabs 0
  flags 10
  seed 123456
  mineval 50000000
  maxeval 50000000
  nstart 1000000
  nincrease 1000000
  nbatch 5000
  gridno 0
  statefile ""

Iteration 1:  1000000 integrand evaluations so far
[1] -68235.1 +- 9477  	chisq 0 (0 df)

Iteration 2:  3000000 integrand evaluations so far
[1] -89328.2 +- 5225.4  	chisq 7.11773 (1 df)

Iteration 3:  6000000 integrand evaluations so far
[1] -92841.9 +- 4784.34  	chisq 9.91411 (2 df)

Iteration 4:  10000000 integrand evaluations so far
[1] -96315.1 +- 3475.97  	chisq 11.0303 (3 df)

Iteration 5:  15000000 integrand evaluations so far
[1] -98874.4 +- 2792.75  	chisq 12.5596 (4 df)

Iteration 6:  21000000 integrand evaluations so far
[1] -101354 +- 1973.27  	chisq 14.1337 (5 df)

Iteration 7:  28000000 integrand evaluations so far
[1] -100617 +- 1310.86  	chisq 14.3831 (6 df)

Iteration 8:  36000000 integrand evaluations so far
[1] -101767 +- 1036.88  	chisq 16.4378 (7 df)

Iteration 9:  45000000 integrand evaluations so far
[1] -102077 +- 848.584  	chisq 16.709 (8 df)

Iteration 10:  55000000 integrand evaluations so far
[1] -101823 +- 787.703  	chisq 17.3567 (9 df)
 -101.82 ±   0.79 ·10⁺⁰³ (3.99mi) ┃Vegas input parameters:
  ndim 8
  ncomp 1
  nvec 1
  epsrel 0
  epsabs 0
  flags 10
  seed 123456
  mineval 5000000
  maxeval 50000000
  nstart 1000000
  nincrease 1000000
  nbatch 5000
  gridno 0
  statefile ""

Iteration 1:  1000000 integrand evaluations so far
[1] 154771 +- 27331.8  	chisq 0 (0 df)

Iteration 2:  3000000 integrand evaluations so far
[1] 146715 +- 5246.7  	chisq 0.0901974 (1 df)

Iteration 3:  6000000 integrand evaluations so far
[1] 148999 +- 1818.57  	chisq 0.305602 (2 df)

Iteration 4:  10000000 integrand evaluations so far
[1] 148003 +- 770.582  	chisq 0.671159 (3 df)

Iteration 5:  15000000 integrand evaluations so far
[1] 148482 +- 468.355  	chisq 1.28267 (4 df)

Iteration 6:  21000000 integrand evaluations so far
[1] 149136 +- 345.914  	chisq 5.5765 (5 df)

Iteration 7:  28000000 integrand evaluations so far
[1] 149196 +- 274.124  	chisq 5.65713 (6 df)

Iteration 8:  36000000 integrand evaluations so far
[1] 149150 +- 228.67  	chisq 5.74924 (7 df)

Iteration 9:  45000000 integrand evaluations so far
[1] 149114 +- 195.881  	chisq 5.84067 (8 df)

Iteration 10:  55000000 integrand evaluations so far
[1] 149120 +- 173.203  	chisq 5.84393 (9 df)
  149.12 ±   0.17 ·10⁺⁰³ (1.47mi) ┃   38.74 ±   0.81 ·10⁺⁰³ (11.8mi) ┃
┃ -1.2 -  -1.1 ┃  38.138 ±  0.027 ·10⁺⁰³ (1.09mi) ┃ -47.075 ±   0.02 ·10⁺⁰³ (1.14mi) ┃Vegas input parameters:
  ndim 10
  ncomp 1
  nvec 1
  epsrel 0
  epsabs 0
  flags 10
  seed 123456
  mineval 50000000
  maxeval 50000000
  nstart 1000000
  nincrease 1000000
  nbatch 5000
  gridno 0
  statefile ""

Iteration 1:  1000000 integrand evaluations so far
[1] -69591.5 +- 11888.9  	chisq 0 (0 df)

Iteration 2:  3000000 integrand evaluations so far
[1] -81586.5 +- 10805  	chisq 5.84924 (1 df)

Iteration 3:  6000000 integrand evaluations so far
[1] -86948.4 +- 5004.64  	chisq 6.16276 (2 df)

Iteration 4:  10000000 integrand evaluations so far
[1] -94575.9 +- 3740.38  	chisq 11.425 (3 df)

Iteration 5:  15000000 integrand evaluations so far
[1] -101428 +- 2077.45  	chisq 16.2775 (4 df)

Iteration 6:  21000000 integrand evaluations so far
[1] -104119 +- 1448.51  	chisq 19.5434 (5 df)

Iteration 7:  28000000 integrand evaluations so far
[1] -104068 +- 1160.4  	chisq 19.5468 (6 df)

Iteration 8:  36000000 integrand evaluations so far
[1] -105482 +- 970.397  	chisq 24.4868 (7 df)

Iteration 9:  45000000 integrand evaluations so far
[1] -105410 +- 881.578  	chisq 24.5186 (8 df)

Iteration 10:  55000000 integrand evaluations so far
[1] -105224 +- 767.844  	chisq 24.7025 (9 df)
 -105.22 ±   0.77 ·10⁺⁰³ (3.98mi) ┃Vegas input parameters:
  ndim 8
  ncomp 1
  nvec 1
  epsrel 0
  epsabs 0
  flags 10
  seed 123456
  mineval 5000000
  maxeval 50000000
  nstart 1000000
  nincrease 1000000
  nbatch 5000
  gridno 0
  statefile ""

Iteration 1:  1000000 integrand evaluations so far
[1] 138476 +- 12757  	chisq 0 (0 df)

Iteration 2:  3000000 integrand evaluations so far
[1] 151747 +- 5349.51  	chisq 1.31296 (1 df)

Iteration 3:  6000000 integrand evaluations so far
[1] 152445 +- 1768.48  	chisq 1.3321 (2 df)

Iteration 4:  10000000 integrand evaluations so far
[1] 152823 +- 838.676  	chisq 1.39093 (3 df)

Iteration 5:  15000000 integrand evaluations so far
[1] 153331 +- 524.283  	chisq 1.9945 (4 df)

Iteration 6:  21000000 integrand evaluations so far
[1] 154113 +- 378.02  	chisq 6.62214 (5 df)

Iteration 7:  28000000 integrand evaluations so far
[1] 153986 +- 295.17  	chisq 6.90958 (6 df)

Iteration 8:  36000000 integrand evaluations so far
[1] 153649 +- 242.429  	chisq 10.9104 (7 df)

Iteration 9:  45000000 integrand evaluations so far
[1] 153651 +- 206.494  	chisq 10.9105 (8 df)

Iteration 10:  55000000 integrand evaluations so far
[1] 153780 +- 185.145  	chisq 12.9265 (9 df)
  153.78 ±   0.19 ·10⁺⁰³ (1.48mi) ┃   39.62 ±   0.79 ·10⁺⁰³ ( 7.7mi) ┃
┃ -1.1 -    -1 ┃ 39.4759 ± 0.0077 ·10⁺⁰³ (2.22mi) ┃-48.3327 ± 0.0091 ·10⁺⁰³ ( 38.1s) ┃Vegas input parameters:
  ndim 10
  ncomp 1
  nvec 1
  epsrel 0
  epsabs 0
  flags 10
  seed 123456
  mineval 50000000
  maxeval 50000000
  nstart 1000000
  nincrease 1000000
  nbatch 5000
  gridno 0
  statefile ""

Iteration 1:  1000000 integrand evaluations so far
[1] -74783.8 +- 11487.4  	chisq 0 (0 df)

Iteration 2:  3000000 integrand evaluations so far
[1] -77073.8 +- 11366.6  	chisq 1.8997 (1 df)

Iteration 3:  6000000 integrand evaluations so far
[1] -88690.5 +- 6742.08  	chisq 3.51111 (2 df)

Iteration 4:  10000000 integrand evaluations so far
[1] -100755 +- 5311.22  	chisq 11.9503 (3 df)

Iteration 5:  15000000 integrand evaluations so far
[1] -106682 +- 3613.89  	chisq 14.2696 (4 df)

Iteration 6:  21000000 integrand evaluations so far
[1] -107074 +- 2645.77  	chisq 14.295 (5 df)

Iteration 7:  28000000 integrand evaluations so far
[1] -107952 +- 1833.85  	chisq 14.5067 (6 df)

Iteration 8:  36000000 integrand evaluations so far
[1] -108600 +- 1790.17  	chisq 17.1562 (7 df)

Iteration 9:  45000000 integrand evaluations so far
[1] -108494 +- 1534.86  	chisq 17.1692 (8 df)

Iteration 10:  55000000 integrand evaluations so far
[1] -110188 +- 1206.53  	chisq 20.3551 (9 df)
  -110.2 ±    1.2 ·10⁺⁰³ (4.05mi) ┃Vegas input parameters:
  ndim 8
  ncomp 1
  nvec 1
  epsrel 0
  epsabs 0
  flags 10
  seed 123456
  mineval 5000000
  maxeval 50000000
  nstart 1000000
  nincrease 1000000
  nbatch 5000
  gridno 0
  statefile ""

Iteration 1:  1000000 integrand evaluations so far
[1] 108390 +- 10563.9  	chisq 0 (0 df)

Iteration 2:  3000000 integrand evaluations so far
[1] 151003 +- 3959.12  	chisq 18.9305 (1 df)

Iteration 3:  6000000 integrand evaluations so far
[1] 158596 +- 1646.9  	chisq 23.3782 (2 df)

Iteration 4:  10000000 integrand evaluations so far
[1] 157544 +- 1114  	chisq 24.1307 (3 df)

Iteration 5:  15000000 integrand evaluations so far
[1] 157398 +- 673.739  	chisq 24.1576 (4 df)

Iteration 6:  21000000 integrand evaluations so far
[1] 157845 +- 573.612  	chisq 25.7561 (5 df)

Iteration 7:  28000000 integrand evaluations so far
[1] 158286 +- 441.472  	chisq 27.2074 (6 df)

Iteration 8:  36000000 integrand evaluations so far
[1] 158347 +- 329.646  	chisq 27.2497 (7 df)

Iteration 9:  45000000 integrand evaluations so far
[1] 158178 +- 261.183  	chisq 27.955 (8 df)

Iteration 10:  55000000 integrand evaluations so far
[1] 158193 +- 219.296  	chisq 27.9663 (9 df)
  158.19 ±   0.22 ·10⁺⁰³ (1.48mi) ┃    39.1 ±    1.2 ·10⁺⁰³ (8.39mi) ┃
┃   -1 -  -0.9 ┃ 40.3319 ± 0.0057 ·10⁺⁰³ (2.06mi) ┃ -49.529 ±   0.04 ·10⁺⁰³ ( 19.5s) ┃Vegas input parameters:
  ndim 10
  ncomp 1
  nvec 1
  epsrel 0
  epsabs 0
  flags 10
  seed 123456
  mineval 50000000
  maxeval 50000000
  nstart 1000000
  nincrease 1000000
  nbatch 5000
  gridno 0
  statefile ""

Iteration 1:  1000000 integrand evaluations so far
[1] -109019 +- 18364.2  	chisq 0 (0 df)

Iteration 2:  3000000 integrand evaluations so far
[1] -110113 +- 11145.9  	chisq 0.00562776 (1 df)

Iteration 3:  6000000 integrand evaluations so far
[1] -105488 +- 8348.23  	chisq 0.397889 (2 df)

Iteration 4:  10000000 integrand evaluations so far
[1] -107163 +- 6037.55  	chisq 0.482233 (3 df)

Iteration 5:  15000000 integrand evaluations so far
[1] -108631 +- 2598.22  	chisq 0.554834 (4 df)

Iteration 6:  21000000 integrand evaluations so far
[1] -109794 +- 1677.42  	chisq 0.898578 (5 df)

Iteration 7:  28000000 integrand evaluations so far
[1] -110217 +- 1279.84  	chisq 1.05017 (6 df)

Iteration 8:  36000000 integrand evaluations so far
[1] -110560 +- 1165.46  	chisq 1.47203 (7 df)

Iteration 9:  45000000 integrand evaluations so far
[1] -110515 +- 1088.02  	chisq 1.48365 (8 df)

Iteration 10:  55000000 integrand evaluations so far
[1] -110951 +- 1030.24  	chisq 3.03779 (9 df)
    -111 ±      1 ·10⁺⁰³ (3.93mi) ┃Vegas input parameters:
  ndim 8
  ncomp 1
  nvec 1
  epsrel 0
  epsabs 0
  flags 10
  seed 123456
  mineval 5000000
  maxeval 50000000
  nstart 1000000
  nincrease 1000000
  nbatch 5000
  gridno 0
  statefile ""

Iteration 1:  1000000 integrand evaluations so far
[1] 177600 +- 33241.2  	chisq 0 (0 df)

Iteration 2:  3000000 integrand evaluations so far
[1] 165158 +- 5985.78  	chisq 0.144798 (1 df)

Iteration 3:  6000000 integrand evaluations so far
[1] 158561 +- 1676.22  	chisq 1.46306 (2 df)

Iteration 4:  10000000 integrand evaluations so far
[1] 160820 +- 955.845  	chisq 4.15635 (3 df)

Iteration 5:  15000000 integrand evaluations so far
[1] 162002 +- 578.903  	chisq 6.57104 (4 df)

Iteration 6:  21000000 integrand evaluations so far
[1] 162342 +- 419.192  	chisq 7.29602 (5 df)

Iteration 7:  28000000 integrand evaluations so far
[1] 162500 +- 325.482  	chisq 7.65156 (6 df)

Iteration 8:  36000000 integrand evaluations so far
[1] 162380 +- 264.683  	chisq 8.0501 (7 df)

Iteration 9:  45000000 integrand evaluations so far
[1] 162268 +- 223.999  	chisq 8.68435 (8 df)

Iteration 10:  55000000 integrand evaluations so far
[1] 162372 +- 196.036  	chisq 9.60541 (9 df)
  162.37 ±    0.2 ·10⁺⁰³ (1.48mi) ┃    42.2 ±      1 ·10⁺⁰³ (7.79mi) ┃
┃ -0.9 -  -0.8 ┃  41.759 ±  0.039 ·10⁺⁰³ (2.19mi) ┃ -50.746 ±  0.015 ·10⁺⁰³ ( 38.3s) ┃Vegas input parameters:
  ndim 10
  ncomp 1
  nvec 1
  epsrel 0
  epsabs 0
  flags 10
  seed 123456
  mineval 50000000
  maxeval 50000000
  nstart 1000000
  nincrease 1000000
  nbatch 5000
  gridno 0
  statefile ""

Iteration 1:  1000000 integrand evaluations so far
[1] -97743 +- 15288.2  	chisq 0 (0 df)

Iteration 2:  3000000 integrand evaluations so far
[1] -99406 +- 6583.76  	chisq 0.0145265 (1 df)

Iteration 3:  6000000 integrand evaluations so far
[1] -107734 +- 4570.38  	chisq 3.103 (2 df)

Iteration 4:  10000000 integrand evaluations so far
[1] -108316 +- 3255.87  	chisq 3.13589 (3 df)

Iteration 5:  15000000 integrand evaluations so far
[1] -110314 +- 3057.01  	chisq 6.31705 (4 df)

Iteration 6:  21000000 integrand evaluations so far
[1] -112062 +- 2395.09  	chisq 7.16378 (5 df)

Iteration 7:  28000000 integrand evaluations so far
[1] -111713 +- 1827.88  	chisq 7.21485 (6 df)

Iteration 8:  36000000 integrand evaluations so far
[1] -111737 +- 1535.61  	chisq 7.21546 (7 df)

Iteration 9:  45000000 integrand evaluations so far
[1] -112674 +- 1183.01  	chisq 8.13156 (8 df)

Iteration 10:  55000000 integrand evaluations so far
[1] -112577 +- 1178.63  	chisq 9.04877 (9 df)
  -112.6 ±    1.2 ·10⁺⁰³ (3.87mi) ┃Vegas input parameters:
  ndim 8
  ncomp 1
  nvec 1
  epsrel 0
  epsabs 0
  flags 10
  seed 123456
  mineval 5000000
  maxeval 50000000
  nstart 1000000
  nincrease 1000000
  nbatch 5000
  gridno 0
  statefile ""

Iteration 1:  1000000 integrand evaluations so far
[1] 199168 +- 51099.7  	chisq 0 (0 df)

Iteration 2:  3000000 integrand evaluations so far
[1] 170377 +- 10755.3  	chisq 0.332179 (1 df)

Iteration 3:  6000000 integrand evaluations so far
[1] 163424 +- 2582.01  	chisq 0.77565 (2 df)

Iteration 4:  10000000 integrand evaluations so far
[1] 165463 +- 1042.92  	chisq 1.52079 (3 df)

Iteration 5:  15000000 integrand evaluations so far
[1] 166250 +- 602.564  	chisq 2.37623 (4 df)

Iteration 6:  21000000 integrand evaluations so far
[1] 166428 +- 417.134  	chisq 2.54351 (5 df)

Iteration 7:  28000000 integrand evaluations so far
[1] 166272 +- 327.767  	chisq 2.90596 (6 df)

Iteration 8:  36000000 integrand evaluations so far
[1] 166383 +- 271.539  	chisq 3.27027 (7 df)

Iteration 9:  45000000 integrand evaluations so far
[1] 166482 +- 231.551  	chisq 3.75096 (8 df)

Iteration 10:  55000000 integrand evaluations so far
[1] 166628 +- 202.351  	chisq 5.43246 (9 df)
  166.63 ±    0.2 ·10⁺⁰³ (1.45mi) ┃    45.1 ±    1.2 ·10⁺⁰³ (8.15mi) ┃
┃ -0.8 -  -0.7 ┃ 42.2365 ± 0.0068 ·10⁺⁰³ (2.12mi) ┃ -51.871 ±  0.021 ·10⁺⁰³ ( 35.5s) ┃Vegas input parameters:
  ndim 10
  ncomp 1
  nvec 1
  epsrel 0
  epsabs 0
  flags 10
  seed 123456
  mineval 50000000
  maxeval 50000000
  nstart 1000000
  nincrease 1000000
  nbatch 5000
  gridno 0
  statefile ""

Iteration 1:  1000000 integrand evaluations so far
[1] -95075.6 +- 32685.3  	chisq 0 (0 df)

Iteration 2:  3000000 integrand evaluations so far
[1] -105672 +- 31372.5  	chisq 1.3351 (1 df)

Iteration 3:  6000000 integrand evaluations so far
[1] -127745 +- 14281.5  	chisq 1.95955 (2 df)

Iteration 4:  10000000 integrand evaluations so far
[1] -110609 +- 5050.63  	chisq 3.60516 (3 df)

Iteration 5:  15000000 integrand evaluations so far
[1] -113864 +- 3443.49  	chisq 4.38145 (4 df)

Iteration 6:  21000000 integrand evaluations so far
[1] -116936 +- 2382.37  	chisq 5.90798 (5 df)

Iteration 7:  28000000 integrand evaluations so far
[1] -117224 +- 1755.23  	chisq 5.93998 (6 df)

Iteration 8:  36000000 integrand evaluations so far
[1] -115795 +- 1449.86  	chisq 8.02622 (7 df)

Iteration 9:  45000000 integrand evaluations so far
[1] -115430 +- 1085.58  	chisq 8.17061 (8 df)

Iteration 10:  55000000 integrand evaluations so far
[1] -116138 +- 972.36  	chisq 10.3213 (9 df)
 -116.14 ±   0.97 ·10⁺⁰³ (3.91mi) ┃Vegas input parameters:
  ndim 8
  ncomp 1
  nvec 1
  epsrel 0
  epsabs 0
  flags 10
  seed 123456
  mineval 5000000
  maxeval 50000000
  nstart 1000000
  nincrease 1000000
  nbatch 5000
  gridno 0
  statefile ""

Iteration 1:  1000000 integrand evaluations so far
[1] 159596 +- 24325.4  	chisq 0 (0 df)

Iteration 2:  3000000 integrand evaluations so far
[1] 172077 +- 7128.27  	chisq 0.287987 (1 df)

Iteration 3:  6000000 integrand evaluations so far
[1] 169415 +- 1922.28  	chisq 0.438375 (2 df)

Iteration 4:  10000000 integrand evaluations so far
[1] 169188 +- 982.14  	chisq 0.457196 (3 df)

Iteration 5:  15000000 integrand evaluations so far
[1] 170197 +- 602.477  	chisq 2.1504 (4 df)

Iteration 6:  21000000 integrand evaluations so far
[1] 170958 +- 433.43  	chisq 5.45084 (5 df)

Iteration 7:  28000000 integrand evaluations so far
[1] 171118 +- 344.956  	chisq 5.82605 (6 df)

Iteration 8:  36000000 integrand evaluations so far
[1] 171123 +- 286.268  	chisq 5.82652 (7 df)

Iteration 9:  45000000 integrand evaluations so far
[1] 171050 +- 244.369  	chisq 6.06457 (8 df)

Iteration 10:  55000000 integrand evaluations so far
[1] 171000 +- 213.354  	chisq 6.2395 (9 df)
     171 ±   0.21 ·10⁺⁰³ (1.41mi) ┃   45.23 ±      1 ·10⁺⁰³ (8.04mi) ┃
┃ -0.7 -  -0.6 ┃  43.106 ±  0.033 ·10⁺⁰³ ( 29.7s) ┃ -52.824 ±  0.014 ·10⁺⁰³ ( 39.8s) ┃Vegas input parameters:
  ndim 10
  ncomp 1
  nvec 1
  epsrel 0
  epsabs 0
  flags 10
  seed 123456
  mineval 50000000
  maxeval 50000000
  nstart 1000000
  nincrease 1000000
  nbatch 5000
  gridno 0
  statefile ""

Iteration 1:  1000000 integrand evaluations so far
[1] -89996.1 +- 12903.2  	chisq 0 (0 df)

Iteration 2:  3000000 integrand evaluations so far
[1] -87442.1 +- 11557.6  	chisq 0.198169 (1 df)

Iteration 3:  6000000 integrand evaluations so far
[1] -112833 +- 7296.46  	chisq 8.22302 (2 df)

Iteration 4:  10000000 integrand evaluations so far
[1] -114997 +- 6866.15  	chisq 8.99118 (3 df)

Iteration 5:  15000000 integrand evaluations so far
[1] -115676 +- 5992.99  	chisq 9.03225 (4 df)

Iteration 6:  21000000 integrand evaluations so far
[1] -119535 +- 3917.3  	chisq 9.75627 (5 df)

Iteration 7:  28000000 integrand evaluations so far
[1] -120709 +- 2481.84  	chisq 9.90638 (6 df)

Iteration 8:  36000000 integrand evaluations so far
[1] -119876 +- 1664.91  	chisq 10.1114 (7 df)

Iteration 9:  45000000 integrand evaluations so far
[1] -120253 +- 1617.8  	chisq 11.0298 (8 df)

Iteration 10:  55000000 integrand evaluations so far
[1] -120811 +- 1468.12  	chisq 11.7041 (9 df)
  -120.8 ±    1.5 ·10⁺⁰³ (3.82mi) ┃Vegas input parameters:
  ndim 8
  ncomp 1
  nvec 1
  epsrel 0
  epsabs 0
  flags 10
  seed 123456
  mineval 5000000
  maxeval 50000000
  nstart 1000000
  nincrease 1000000
  nbatch 5000
  gridno 0
  statefile ""

Iteration 1:  1000000 integrand evaluations so far
[1] 240326 +- 49196.1  	chisq 0 (0 df)

Iteration 2:  3000000 integrand evaluations so far
[1] 167876 +- 5385.16  	chisq 2.19513 (1 df)

Iteration 3:  6000000 integrand evaluations so far
[1] 173250 +- 1770.79  	chisq 3.31189 (2 df)

Iteration 4:  10000000 integrand evaluations so far
[1] 173229 +- 1023.49  	chisq 3.3121 (3 df)

Iteration 5:  15000000 integrand evaluations so far
[1] 174541 +- 656.587  	chisq 6.10574 (4 df)

Iteration 6:  21000000 integrand evaluations so far
[1] 174846 +- 467.375  	chisq 6.54289 (5 df)

Iteration 7:  28000000 integrand evaluations so far
[1] 174597 +- 358.164  	chisq 7.22981 (6 df)

Iteration 8:  36000000 integrand evaluations so far
[1] 174801 +- 290.701  	chisq 8.18183 (7 df)

Iteration 9:  45000000 integrand evaluations so far
[1] 174606 +- 246.438  	chisq 9.78376 (8 df)

Iteration 10:  55000000 integrand evaluations so far
[1] 174615 +- 215.654  	chisq 9.78927 (9 df)
  174.62 ±   0.22 ·10⁺⁰³ (1.41mi) ┃    44.1 ±    1.5 ·10⁺⁰³ (6.39mi) ┃
┃ -0.6 -  -0.5 ┃  43.879 ±   0.03 ·10⁺⁰³ (2.09mi) ┃ -53.731 ±  0.021 ·10⁺⁰³ ( 38.1s) ┃Vegas input parameters:
  ndim 10
  ncomp 1
  nvec 1
  epsrel 0
  epsabs 0
  flags 10
  seed 123456
  mineval 50000000
  maxeval 50000000
  nstart 1000000
  nincrease 1000000
  nbatch 5000
  gridno 0
  statefile ""

Iteration 1:  1000000 integrand evaluations so far
[1] -132837 +- 30195  	chisq 0 (0 df)

Iteration 2:  3000000 integrand evaluations so far
[1] -119748 +- 28359  	chisq 1.59369 (1 df)

Iteration 3:  6000000 integrand evaluations so far
[1] -135660 +- 17219.8  	chisq 2.09236 (2 df)

Iteration 4:  10000000 integrand evaluations so far
[1] -136829 +- 8567.02  	chisq 2.09849 (3 df)

Iteration 5:  15000000 integrand evaluations so far
[1] -132838 +- 4673.27  	chisq 2.40749 (4 df)

Iteration 6:  21000000 integrand evaluations so far
[1] -125798 +- 2572.78  	chisq 5.66411 (5 df)

Iteration 7:  28000000 integrand evaluations so far
[1] -122502 +- 1754.45  	chisq 8.73181 (6 df)

Iteration 8:  36000000 integrand evaluations so far
[1] -121831 +- 1584.15  	chisq 9.52301 (7 df)

Iteration 9:  45000000 integrand evaluations so far
[1] -122224 +- 1259.65  	chisq 9.69024 (8 df)

Iteration 10:  55000000 integrand evaluations so far
[1] -123123 +- 1095.25  	chisq 11.7776 (9 df)
  -123.1 ±    1.1 ·10⁺⁰³ (3.82mi) ┃Vegas input parameters:
  ndim 8
  ncomp 1
  nvec 1
  epsrel 0
  epsabs 0
  flags 10
  seed 123456
  mineval 5000000
  maxeval 50000000
  nstart 1000000
  nincrease 1000000
  nbatch 5000
  gridno 0
  statefile ""

Iteration 1:  1000000 integrand evaluations so far
[1] 144953 +- 14002.6  	chisq 0 (0 df)

Iteration 2:  3000000 integrand evaluations so far
[1] 170116 +- 3502.57  	chisq 3.44474 (1 df)

Iteration 3:  6000000 integrand evaluations so far
[1] 177537 +- 1566.95  	chisq 9.05675 (2 df)

Iteration 4:  10000000 integrand evaluations so far
[1] 177506 +- 818.246  	chisq 9.05726 (3 df)

Iteration 5:  15000000 integrand evaluations so far
[1] 178384 +- 580.852  	chisq 11.3792 (4 df)

Iteration 6:  21000000 integrand evaluations so far
[1] 178449 +- 439.053  	chisq 11.4081 (5 df)

Iteration 7:  28000000 integrand evaluations so far
[1] 178092 +- 344.788  	chisq 13.1393 (6 df)

Iteration 8:  36000000 integrand evaluations so far
[1] 178085 +- 285.099  	chisq 13.1406 (7 df)

Iteration 9:  45000000 integrand evaluations so far
[1] 178029 +- 244.269  	chisq 13.2869 (8 df)

Iteration 10:  55000000 integrand evaluations so far
[1] 178101 +- 214.81  	chisq 13.6719 (9 df)
   178.1 ±   0.21 ·10⁺⁰³ (1.79mi) ┃    45.1 ±    1.1 ·10⁺⁰³ (8.34mi) ┃
┃ -0.5 -  -0.4 ┃  44.458 ±  0.035 ·10⁺⁰³ (   57s) ┃ -54.427 ±  0.022 ·10⁺⁰³ (   33s) ┃Vegas input parameters:
  ndim 10
  ncomp 1
  nvec 1
  epsrel 0
  epsabs 0
  flags 10
  seed 123456
  mineval 50000000
  maxeval 50000000
  nstart 1000000
  nincrease 1000000
  nbatch 5000
  gridno 0
  statefile ""

Iteration 1:  1000000 integrand evaluations so far
[1] -97174.7 +- 14167  	chisq 0 (0 df)

Iteration 2:  3000000 integrand evaluations so far
[1] -95289.9 +- 13903  	chisq 0.479368 (1 df)

Iteration 3:  6000000 integrand evaluations so far
[1] -112202 +- 8832.18  	chisq 2.96034 (2 df)

Iteration 4:  10000000 integrand evaluations so far
[1] -123018 +- 5157.51  	chisq 5.23611 (3 df)

Iteration 5:  15000000 integrand evaluations so far
[1] -124179 +- 3114.21  	chisq 5.31576 (4 df)

Iteration 6:  21000000 integrand evaluations so far
[1] -124979 +- 2988.87  	chisq 6.15366 (5 df)

Iteration 7:  28000000 integrand evaluations so far
[1] -124791 +- 2376.35  	chisq 6.16443 (6 df)

Iteration 8:  36000000 integrand evaluations so far
[1] -123189 +- 1720.89  	chisq 7.12022 (7 df)

Iteration 9:  45000000 integrand evaluations so far
[1] -123976 +- 1300.37  	chisq 7.60824 (8 df)

Iteration 10:  55000000 integrand evaluations so far
[1] -124176 +- 1147.16  	chisq 7.71495 (9 df)
  -124.2 ±    1.1 ·10⁺⁰³ (3.71mi) ┃Vegas input parameters:
  ndim 8
  ncomp 1
  nvec 1
  epsrel 0
  epsabs 0
  flags 10
  seed 123456
  mineval 5000000
  maxeval 50000000
  nstart 1000000
  nincrease 1000000
  nbatch 5000
  gridno 0
  statefile ""

Iteration 1:  1000000 integrand evaluations so far
[1] 181263 +- 22287  	chisq 0 (0 df)

Iteration 2:  3000000 integrand evaluations so far
[1] 174037 +- 3785.62  	chisq 0.108242 (1 df)

Iteration 3:  6000000 integrand evaluations so far
[1] 179226 +- 1588.45  	chisq 2.38832 (2 df)

Iteration 4:  10000000 integrand evaluations so far
[1] 181170 +- 906.128  	chisq 4.60819 (3 df)

Iteration 5:  15000000 integrand evaluations so far
[1] 181349 +- 595.983  	chisq 4.67699 (4 df)

Iteration 6:  21000000 integrand evaluations so far
[1] 181308 +- 434.183  	chisq 4.68676 (5 df)

Iteration 7:  28000000 integrand evaluations so far
[1] 181374 +- 342.072  	chisq 4.74715 (6 df)

Iteration 8:  36000000 integrand evaluations so far
[1] 181320 +- 284.99  	chisq 4.8287 (7 df)

Iteration 9:  45000000 integrand evaluations so far
[1] 181278 +- 246.385  	chisq 4.91358 (8 df)

Iteration 10:  55000000 integrand evaluations so far
[1] 181242 +- 218.197  	chisq 5.01221 (9 df)
  181.24 ±   0.22 ·10⁺⁰³ (1.39mi) ┃    47.1 ±    1.2 ·10⁺⁰³ ( 6.6mi) ┃
┃ -0.4 -  -0.3 ┃  45.181 ±   0.04 ·10⁺⁰³ (1.83mi) ┃ -54.887 ±  0.038 ·10⁺⁰³ ( 38.1s) ┃Vegas input parameters:
  ndim 10
  ncomp 1
  nvec 1
  epsrel 0
  epsabs 0
  flags 10
  seed 123456
  mineval 50000000
  maxeval 50000000
  nstart 1000000
  nincrease 1000000
  nbatch 5000
  gridno 0
  statefile ""

Iteration 1:  1000000 integrand evaluations so far
[1] -218389 +- 85378.8  	chisq 0 (0 df)

Iteration 2:  3000000 integrand evaluations so far
[1] -123737 +- 13568.8  	chisq 1.26086 (1 df)

Iteration 3:  6000000 integrand evaluations so far
[1] -131961 +- 8467.92  	chisq 1.8626 (2 df)

Iteration 4:  10000000 integrand evaluations so far
[1] -130076 +- 5645.69  	chisq 1.95185 (3 df)

Iteration 5:  15000000 integrand evaluations so far
[1] -131862 +- 5447.13  	chisq 3.39973 (4 df)

Iteration 6:  21000000 integrand evaluations so far
[1] -130511 +- 5313.42  	chisq 4.66872 (5 df)

Iteration 7:  28000000 integrand evaluations so far
[1] -129326 +- 4390.89  	chisq 4.82545 (6 df)

Iteration 8:  36000000 integrand evaluations so far
[1] -127503 +- 2550.95  	chisq 5.08562 (7 df)

Iteration 9:  45000000 integrand evaluations so far
[1] -128669 +- 1863.52  	chisq 5.53345 (8 df)

Iteration 10:  55000000 integrand evaluations so far
[1] -128078 +- 1474.26  	chisq 5.8024 (9 df)
  -128.1 ±    1.5 ·10⁺⁰³ (3.63mi) ┃Vegas input parameters:
  ndim 8
  ncomp 1
  nvec 1
  epsrel 0
  epsabs 0
  flags 10
  seed 123456
  mineval 5000000
  maxeval 50000000
  nstart 1000000
  nincrease 1000000
  nbatch 5000
  gridno 0
  statefile ""

Iteration 1:  1000000 integrand evaluations so far
[1] 242686 +- 49604.6  	chisq 0 (0 df)

Iteration 2:  3000000 integrand evaluations so far
[1] 187559 +- 7552.81  	chisq 1.26437 (1 df)

Iteration 3:  6000000 integrand evaluations so far
[1] 182967 +- 2123.63  	chisq 1.66573 (2 df)

Iteration 4:  10000000 integrand evaluations so far
[1] 183076 +- 968.991  	chisq 1.66909 (3 df)

Iteration 5:  15000000 integrand evaluations so far
[1] 183945 +- 604.141  	chisq 2.98393 (4 df)

Iteration 6:  21000000 integrand evaluations so far
[1] 184238 +- 437.117  	chisq 3.47669 (5 df)

Iteration 7:  28000000 integrand evaluations so far
[1] 184360 +- 351.175  	chisq 3.6975 (6 df)

Iteration 8:  36000000 integrand evaluations so far
[1] 184275 +- 294.224  	chisq 3.89599 (7 df)

Iteration 9:  45000000 integrand evaluations so far
[1] 184120 +- 253.202  	chisq 4.96865 (8 df)

Iteration 10:  55000000 integrand evaluations so far
[1] 183999 +- 223.834  	chisq 6.0135 (9 df)
     184 ±   0.22 ·10⁺⁰³ (1.34mi) ┃    46.2 ±    1.5 ·10⁺⁰³ (7.43mi) ┃
┃ -0.3 -  -0.2 ┃   44.63 ±  0.035 ·10⁺⁰³ ( 15.8s) ┃  -55.15 ±  0.042 ·10⁺⁰³ ( 29.3s) ┃Vegas input parameters:
  ndim 10
  ncomp 1
  nvec 1
  epsrel 0
  epsabs 0
  flags 10
  seed 123456
  mineval 50000000
  maxeval 50000000
  nstart 1000000
  nincrease 1000000
  nbatch 5000
  gridno 0
  statefile ""

Iteration 1:  1000000 integrand evaluations so far
[1] -101924 +- 22486.8  	chisq 0 (0 df)

Iteration 2:  3000000 integrand evaluations so far
[1] -107835 +- 21889.5  	chisq 1.31846 (1 df)

Iteration 3:  6000000 integrand evaluations so far
[1] -119877 +- 7761.83  	chisq 1.66464 (2 df)

Iteration 4:  10000000 integrand evaluations so far
[1] -120159 +- 7757.19  	chisq 2.76169 (3 df)

Iteration 5:  15000000 integrand evaluations so far
[1] -123108 +- 7509.87  	chisq 5.06587 (4 df)

Iteration 6:  21000000 integrand evaluations so far
[1] -124041 +- 5177.67  	chisq 5.09527 (5 df)

Iteration 7:  28000000 integrand evaluations so far
[1] -132818 +- 3128.18  	chisq 9.62129 (6 df)

Iteration 8:  36000000 integrand evaluations so far
[1] -130057 +- 2233.65  	chisq 11.2106 (7 df)

Iteration 9:  45000000 integrand evaluations so far
[1] -130972 +- 2123.59  	chisq 12.9547 (8 df)

Iteration 10:  55000000 integrand evaluations so far
[1] -130474 +- 1837.32  	chisq 13.1734 (9 df)
  -130.5 ±    1.8 ·10⁺⁰³ (3.57mi) ┃Vegas input parameters:
  ndim 8
  ncomp 1
  nvec 1
  epsrel 0
  epsabs 0
  flags 10
  seed 123456
  mineval 5000000
  maxeval 50000000
  nstart 1000000
  nincrease 1000000
  nbatch 5000
  gridno 0
  statefile ""

Iteration 1:  1000000 integrand evaluations so far
[1] 196446 +- 29947.5  	chisq 0 (0 df)

Iteration 2:  3000000 integrand evaluations so far
[1] 185567 +- 4480.33  	chisq 0.134997 (1 df)

Iteration 3:  6000000 integrand evaluations so far
[1] 184501 +- 1626.36  	chisq 0.200127 (2 df)

Iteration 4:  10000000 integrand evaluations so far
[1] 185933 +- 914.243  	chisq 1.33265 (3 df)

Iteration 5:  15000000 integrand evaluations so far
[1] 186385 +- 605.654  	chisq 1.76845 (4 df)

Iteration 6:  21000000 integrand evaluations so far
[1] 186046 +- 452.821  	chisq 2.47725 (5 df)

Iteration 7:  28000000 integrand evaluations so far
[1] 185662 +- 359.225  	chisq 4.42192 (6 df)

Iteration 8:  36000000 integrand evaluations so far
[1] 185726 +- 303.094  	chisq 4.53418 (7 df)

Iteration 9:  45000000 integrand evaluations so far
[1] 185670 +- 260.599  	chisq 4.66549 (8 df)

Iteration 10:  55000000 integrand evaluations so far
[1] 185650 +- 228.929  	chisq 4.69194 (9 df)
  185.65 ±   0.23 ·10⁺⁰³ (1.33mi) ┃    44.7 ±    1.9 ·10⁺⁰³ (5.66mi) ┃
┃ -0.2 -  -0.1 ┃  45.393 ±  0.024 ·10⁺⁰³ (1.73mi) ┃ -55.266 ±   0.04 ·10⁺⁰³ ( 52.7s) ┃Vegas input parameters:
  ndim 10
  ncomp 1
  nvec 1
  epsrel 0
  epsabs 0
  flags 10
  seed 123456
  mineval 50000000
  maxeval 50000000
  nstart 1000000
  nincrease 1000000
  nbatch 5000
  gridno 0
  statefile ""

Iteration 1:  1000000 integrand evaluations so far
[1] -106206 +- 46912.3  	chisq 0 (0 df)

Iteration 2:  3000000 integrand evaluations so far
[1] -148540 +- 27163  	chisq 1.22506 (1 df)

Iteration 3:  6000000 integrand evaluations so far
[1] -137216 +- 14458.7  	chisq 1.46757 (2 df)

Iteration 4:  10000000 integrand evaluations so far
[1] -139256 +- 12452.6  	chisq 1.5447 (3 df)

Iteration 5:  15000000 integrand evaluations so far
[1] -134499 +- 8311.85  	chisq 1.80792 (4 df)

Iteration 6:  21000000 integrand evaluations so far
[1] -126028 +- 3317.77  	chisq 3.04336 (5 df)

Iteration 7:  28000000 integrand evaluations so far
[1] -125757 +- 2320.33  	chisq 3.05646 (6 df)

Iteration 8:  36000000 integrand evaluations so far
[1] -127167 +- 1999.72  	chisq 4.49141 (7 df)

Iteration 9:  45000000 integrand evaluations so far
[1] -128583 +- 1579.38  	chisq 5.82366 (8 df)

Iteration 10:  55000000 integrand evaluations so far
[1] -128184 +- 1543.53  	chisq 7.23932 (9 df)
  -128.2 ±    1.5 ·10⁺⁰³ (3.51mi) ┃Vegas input parameters:
  ndim 8
  ncomp 1
  nvec 1
  epsrel 0
  epsabs 0
  flags 10
  seed 123456
  mineval 5000000
  maxeval 50000000
  nstart 1000000
  nincrease 1000000
  nbatch 5000
  gridno 0
  statefile ""

Iteration 1:  1000000 integrand evaluations so far
[1] 163337 +- 16991.9  	chisq 0 (0 df)

Iteration 2:  3000000 integrand evaluations so far
[1] 186290 +- 4703.23  	chisq 1.97613 (1 df)

Iteration 3:  6000000 integrand evaluations so far
[1] 188856 +- 2590.68  	chisq 2.40362 (2 df)

Iteration 4:  10000000 integrand evaluations so far
[1] 187938 +- 1191.31  	chisq 2.56283 (3 df)

Iteration 5:  15000000 integrand evaluations so far
[1] 187294 +- 771.504  	chisq 3.06599 (4 df)

Iteration 6:  21000000 integrand evaluations so far
[1] 187079 +- 579.485  	chisq 3.24455 (5 df)

Iteration 7:  28000000 integrand evaluations so far
[1] 186349 +- 435.805  	chisq 6.89746 (6 df)

Iteration 8:  36000000 integrand evaluations so far
[1] 186069 +- 340.057  	chisq 7.95108 (7 df)

Iteration 9:  45000000 integrand evaluations so far
[1] 185855 +- 280.899  	chisq 9.20052 (8 df)

Iteration 10:  55000000 integrand evaluations so far
[1] 185866 +- 242.253  	chisq 9.20686 (9 df)
  185.87 ±   0.24 ·10⁺⁰³ (1.26mi) ┃    47.8 ±    1.6 ·10⁺⁰³ (7.38mi) ┃
┃ -0.1 -     0 ┃  45.077 ±  0.013 ·10⁺⁰³ ( 31.1s) ┃ -55.337 ±  0.036 ·10⁺⁰³ ( 28.1s) ┃Vegas input parameters:
  ndim 10
  ncomp 1
  nvec 1
  epsrel 0
  epsabs 0
  flags 10
  seed 123456
  mineval 50000000
  maxeval 50000000
  nstart 1000000
  nincrease 1000000
  nbatch 5000
  gridno 0
  statefile ""

Iteration 1:  1000000 integrand evaluations so far
[1] -111924 +- 19065.3  	chisq 0 (0 df)

Iteration 2:  3000000 integrand evaluations so far
[1] -127818 +- 10835.3  	chisq 1.02656 (1 df)

Iteration 3:  6000000 integrand evaluations so far
[1] -132565 +- 7570.64  	chisq 1.40157 (2 df)

Iteration 4:  10000000 integrand evaluations so far
[1] -128692 +- 3842.73  	chisq 1.75422 (3 df)

Iteration 5:  15000000 integrand evaluations so far
[1] -129629 +- 2506.1  	chisq 1.85771 (4 df)

Iteration 6:  21000000 integrand evaluations so far
[1] -129840 +- 1717.05  	chisq 1.87106 (5 df)

Iteration 7:  28000000 integrand evaluations so far
[1] -128367 +- 1487.58  	chisq 4.82169 (6 df)

Iteration 8:  36000000 integrand evaluations so far
[1] -129238 +- 1311.77  	chisq 6.36431 (7 df)

Iteration 9:  45000000 integrand evaluations so far
[1] -129732 +- 1146.08  	chisq 6.96223 (8 df)

Iteration 10:  55000000 integrand evaluations so far
[1] -130119 +- 964.934  	chisq 7.35575 (9 df)
 -130.12 ±   0.96 ·10⁺⁰³ (3.42mi) ┃Vegas input parameters:
  ndim 8
  ncomp 1
  nvec 1
  epsrel 0
  epsabs 0
  flags 10
  seed 123456
  mineval 5000000
  maxeval 50000000
  nstart 1000000
  nincrease 1000000
  nbatch 5000
  gridno 0
  statefile ""

Iteration 1:  1000000 integrand evaluations so far
[1] 157444 +- 17932.7  	chisq 0 (0 df)

Iteration 2:  3000000 integrand evaluations so far
[1] 184545 +- 4936.35  	chisq 2.47117 (1 df)

Iteration 3:  6000000 integrand evaluations so far
[1] 184336 +- 1694.19  	chisq 2.4732 (2 df)

Iteration 4:  10000000 integrand evaluations so far
[1] 183848 +- 862.045  	chisq 2.58514 (3 df)

Iteration 5:  15000000 integrand evaluations so far
[1] 185388 +- 588.598  	chisq 8.56085 (4 df)

Iteration 6:  21000000 integrand evaluations so far
[1] 185588 +- 438.241  	chisq 8.81938 (5 df)

Iteration 7:  28000000 integrand evaluations so far
[1] 185930 +- 352.262  	chisq 10.5445 (6 df)

Iteration 8:  36000000 integrand evaluations so far
[1] 186000 +- 296.606  	chisq 10.6816 (7 df)

Iteration 9:  45000000 integrand evaluations so far
[1] 186036 +- 255.8  	chisq 10.7381 (8 df)

Iteration 10:  55000000 integrand evaluations so far
[1] 186071 +- 225.886  	chisq 10.8219 (9 df)
  186.07 ±   0.23 ·10⁺⁰³ (1.31mi) ┃   45.69 ±   0.99 ·10⁺⁰³ (5.72mi) ┃
┃    0 -   0.1 ┃  45.077 ±  0.013 ·10⁺⁰³ ( 48.9s) ┃ -55.337 ±  0.036 ·10⁺⁰³ ( 29.3s) ┃Vegas input parameters:
  ndim 10
  ncomp 1
  nvec 1
  epsrel 0
  epsabs 0
  flags 10
  seed 123456
  mineval 50000000
  maxeval 50000000
  nstart 1000000
  nincrease 1000000
  nbatch 5000
  gridno 0
  statefile ""

Iteration 1:  1000000 integrand evaluations so far
[1] -197453 +- 78746.1  	chisq 0 (0 df)

Iteration 2:  3000000 integrand evaluations so far
[1] -164938 +- 30108.3  	chisq 0.199684 (1 df)

Iteration 3:  6000000 integrand evaluations so far
[1] -156569 +- 20160.6  	chisq 0.339728 (2 df)

Iteration 4:  10000000 integrand evaluations so far
[1] -117873 +- 7319.82  	chisq 4.58332 (3 df)

Iteration 5:  15000000 integrand evaluations so far
[1] -127463 +- 4513.81  	chisq 7.35315 (4 df)

Iteration 6:  21000000 integrand evaluations so far
[1] -128516 +- 2748.4  	chisq 7.43963 (5 df)

Iteration 7:  28000000 integrand evaluations so far
[1] -128808 +- 1955.97  	chisq 7.46247 (6 df)

Iteration 8:  36000000 integrand evaluations so far
[1] -130671 +- 1500.5  	chisq 9.66783 (7 df)

Iteration 9:  45000000 integrand evaluations so far
[1] -130192 +- 1216.72  	chisq 9.96578 (8 df)

Iteration 10:  55000000 integrand evaluations so far
[1] -130122 +- 1060.89  	chisq 9.97934 (9 df)
  -130.1 ±    1.1 ·10⁺⁰³ (3.41mi) ┃Vegas input parameters:
  ndim 8
  ncomp 1
  nvec 1
  epsrel 0
  epsabs 0
  flags 10
  seed 123456
  mineval 5000000
  maxeval 50000000
  nstart 1000000
  nincrease 1000000
  nbatch 5000
  gridno 0
  statefile ""

Iteration 1:  1000000 integrand evaluations so far
[1] 219611 +- 33627.3  	chisq 0 (0 df)

Iteration 2:  3000000 integrand evaluations so far
[1] 184242 +- 6747.95  	chisq 1.15266 (1 df)

Iteration 3:  6000000 integrand evaluations so far
[1] 189124 +- 2593.5  	chisq 1.76688 (2 df)

Iteration 4:  10000000 integrand evaluations so far
[1] 186641 +- 1113.56  	chisq 2.89061 (3 df)

Iteration 5:  15000000 integrand evaluations so far
[1] 186697 +- 682.59  	chisq 2.89465 (4 df)

Iteration 6:  21000000 integrand evaluations so far
[1] 186216 +- 476.599  	chisq 3.86318 (5 df)

Iteration 7:  28000000 integrand evaluations so far
[1] 186159 +- 370.314  	chisq 3.89995 (6 df)

Iteration 8:  36000000 integrand evaluations so far
[1] 186307 +- 305.573  	chisq 4.3983 (7 df)

Iteration 9:  45000000 integrand evaluations so far
[1] 186243 +- 262.21  	chisq 4.56219 (8 df)

Iteration 10:  55000000 integrand evaluations so far
[1] 186241 +- 231.165  	chisq 4.56242 (9 df)
  186.24 ±   0.23 ·10⁺⁰³ (1.26mi) ┃    45.9 ±    1.1 ·10⁺⁰³ (5.97mi) ┃
┃  0.1 -   0.2 ┃  45.393 ±  0.023 ·10⁺⁰³ ( 1.5mi) ┃ -55.266 ±   0.04 ·10⁺⁰³ ( 49.3s) ┃Vegas input parameters:
  ndim 10
  ncomp 1
  nvec 1
  epsrel 0
  epsabs 0
  flags 10
  seed 123456
  mineval 50000000
  maxeval 50000000
  nstart 1000000
  nincrease 1000000
  nbatch 5000
  gridno 0
  statefile ""

Iteration 1:  1000000 integrand evaluations so far
[1] -84353.2 +- 29274.3  	chisq 0 (0 df)

Iteration 2:  3000000 integrand evaluations so far
[1] -109994 +- 25086.1  	chisq 2.88767 (1 df)

Iteration 3:  6000000 integrand evaluations so far
[1] -133476 +- 9918.56  	chisq 3.92624 (2 df)

Iteration 4:  10000000 integrand evaluations so far
[1] -125657 +- 8254.97  	chisq 5.94838 (3 df)

Iteration 5:  15000000 integrand evaluations so far
[1] -132516 +- 4935.5  	chisq 7.02273 (4 df)

Iteration 6:  21000000 integrand evaluations so far
[1] -130692 +- 4688.81  	chisq 8.42315 (5 df)

Iteration 7:  28000000 integrand evaluations so far
[1] -129890 +- 3497.13  	chisq 8.48909 (6 df)

Iteration 8:  36000000 integrand evaluations so far
[1] -129131 +- 2168.12  	chisq 8.56565 (7 df)

Iteration 9:  45000000 integrand evaluations so far
[1] -130848 +- 1534.18  	chisq 9.82144 (8 df)

Iteration 10:  55000000 integrand evaluations so far
[1] -130289 +- 1335.76  	chisq 10.3696 (9 df)
  -130.3 ±    1.3 ·10⁺⁰³ (3.46mi) ┃Vegas input parameters:
  ndim 8
  ncomp 1
  nvec 1
  epsrel 0
  epsabs 0
  flags 10
  seed 123456
  mineval 5000000
  maxeval 50000000
  nstart 1000000
  nincrease 1000000
  nbatch 5000
  gridno 0
  statefile ""

Iteration 1:  1000000 integrand evaluations so far
[1] 163607 +- 17847.2  	chisq 0 (0 df)

Iteration 2:  3000000 integrand evaluations so far
[1] 187083 +- 5268.77  	chisq 1.89546 (1 df)

Iteration 3:  6000000 integrand evaluations so far
[1] 187389 +- 1914.17  	chisq 1.89935 (2 df)

Iteration 4:  10000000 integrand evaluations so far
[1] 184094 +- 898.831  	chisq 5.70101 (3 df)

Iteration 5:  15000000 integrand evaluations so far
[1] 185184 +- 587.886  	chisq 8.26915 (4 df)

Iteration 6:  21000000 integrand evaluations so far
[1] 185362 +- 434.818  	chisq 8.47173 (5 df)

Iteration 7:  28000000 integrand evaluations so far
[1] 185642 +- 346.65  	chisq 9.61157 (6 df)

Iteration 8:  36000000 integrand evaluations so far
[1] 185729 +- 291.093  	chisq 9.82274 (7 df)

Iteration 9:  45000000 integrand evaluations so far
[1] 185718 +- 251.5  	chisq 9.82816 (8 df)

Iteration 10:  55000000 integrand evaluations so far
[1] 185808 +- 222.716  	chisq 10.421 (9 df)
  185.81 ±   0.22 ·10⁺⁰³ (1.17mi) ┃    45.6 ±    1.4 ·10⁺⁰³ (6.96mi) ┃
┃  0.2 -   0.3 ┃   44.63 ±  0.035 ·10⁺⁰³ ( 14.9s) ┃  -55.15 ±  0.042 ·10⁺⁰³ ( 28.5s) ┃Vegas input parameters:
  ndim 10
  ncomp 1
  nvec 1
  epsrel 0
  epsabs 0
  flags 10
  seed 123456
  mineval 50000000
  maxeval 50000000
  nstart 1000000
  nincrease 1000000
  nbatch 5000
  gridno 0
  statefile ""

Iteration 1:  1000000 integrand evaluations so far
[1] -155975 +- 55370.9  	chisq 0 (0 df)

Iteration 2:  3000000 integrand evaluations so far
[1] -122549 +- 14921.9  	chisq 0.392953 (1 df)

Iteration 3:  6000000 integrand evaluations so far
[1] -118510 +- 7527.89  	chisq 0.491206 (2 df)

Iteration 4:  10000000 integrand evaluations so far
[1] -128847 +- 5010.72  	chisq 3.87654 (3 df)

Iteration 5:  15000000 integrand evaluations so far
[1] -126659 +- 2536.72  	chisq 4.13301 (4 df)

Iteration 6:  21000000 integrand evaluations so far
[1] -125925 +- 1907.53  	chisq 4.32546 (5 df)

Iteration 7:  28000000 integrand evaluations so far
[1] -126906 +- 1415.94  	chisq 4.91473 (6 df)

Iteration 8:  36000000 integrand evaluations so far
[1] -127382 +- 1113.84  	chisq 5.2101 (7 df)

Iteration 9:  45000000 integrand evaluations so far
[1] -128073 +- 947.043  	chisq 6.60056 (8 df)

Iteration 10:  55000000 integrand evaluations so far
[1] -128152 +- 840.97  	chisq 6.63347 (9 df)
 -128.15 ±   0.84 ·10⁺⁰³ (3.31mi) ┃Vegas input parameters:
  ndim 8
  ncomp 1
  nvec 1
  epsrel 0
  epsabs 0
  flags 10
  seed 123456
  mineval 5000000
  maxeval 50000000
  nstart 1000000
  nincrease 1000000
  nbatch 5000
  gridno 0
  statefile ""

Iteration 1:  1000000 integrand evaluations so far
[1] 203434 +- 38907.7  	chisq 0 (0 df)

Iteration 2:  3000000 integrand evaluations so far
[1] 180337 +- 5109.46  	chisq 0.358568 (1 df)

Iteration 3:  6000000 integrand evaluations so far
[1] 185884 +- 2815.18  	chisq 2.05086 (2 df)

Iteration 4:  10000000 integrand evaluations so far
[1] 185562 +- 1832.59  	chisq 2.07352 (3 df)

Iteration 5:  15000000 integrand evaluations so far
[1] 186248 +- 995.971  	chisq 2.27232 (4 df)

Iteration 6:  21000000 integrand evaluations so far
[1] 186003 +- 582.58  	chisq 2.36486 (5 df)

Iteration 7:  28000000 integrand evaluations so far
[1] 185441 +- 419.397  	chisq 4.29536 (6 df)

Iteration 8:  36000000 integrand evaluations so far
[1] 185512 +- 333.714  	chisq 4.37437 (7 df)

Iteration 9:  45000000 integrand evaluations so far
[1] 185512 +- 283.429  	chisq 4.37438 (8 df)

Iteration 10:  55000000 integrand evaluations so far
[1] 185583 +- 246.135  	chisq 4.63242 (9 df)
  185.58 ±   0.25 ·10⁺⁰³ (1.22mi) ┃   46.91 ±   0.88 ·10⁺⁰³ (5.25mi) ┃
┃  0.3 -   0.4 ┃  45.181 ±   0.04 ·10⁺⁰³ (1.45mi) ┃ -54.887 ±  0.038 ·10⁺⁰³ ( 27.7s) ┃Vegas input parameters:
  ndim 10
  ncomp 1
  nvec 1
  epsrel 0
  epsabs 0
  flags 10
  seed 123456
  mineval 50000000
  maxeval 50000000
  nstart 1000000
  nincrease 1000000
  nbatch 5000
  gridno 0
  statefile ""

Iteration 1:  1000000 integrand evaluations so far
[1] -127671 +- 22516.4  	chisq 0 (0 df)

Iteration 2:  3000000 integrand evaluations so far
[1] -119335 +- 9050.66  	chisq 0.163472 (1 df)

Iteration 3:  6000000 integrand evaluations so far
[1] -117953 +- 4966.31  	chisq 0.196851 (2 df)

Iteration 4:  10000000 integrand evaluations so far
[1] -123566 +- 3312.36  	chisq 2.49819 (3 df)

Iteration 5:  15000000 integrand evaluations so far
[1] -124131 +- 2191.72  	chisq 2.54993 (4 df)

Iteration 6:  21000000 integrand evaluations so far
[1] -124430 +- 1716.72  	chisq 2.59815 (5 df)

Iteration 7:  28000000 integrand evaluations so far
[1] -126501 +- 1387.53  	chisq 6.79337 (6 df)

Iteration 8:  36000000 integrand evaluations so far
[1] -126936 +- 1359.91  	chisq 9.29239 (7 df)

Iteration 9:  45000000 integrand evaluations so far
[1] -126949 +- 1282.49  	chisq 9.29316 (8 df)

Iteration 10:  55000000 integrand evaluations so far
[1] -127340 +- 1122.64  	chisq 9.69062 (9 df)
  -127.3 ±    1.1 ·10⁺⁰³ (3.32mi) ┃Vegas input parameters:
  ndim 8
  ncomp 1
  nvec 1
  epsrel 0
  epsabs 0
  flags 10
  seed 123456
  mineval 5000000
  maxeval 50000000
  nstart 1000000
  nincrease 1000000
  nbatch 5000
  gridno 0
  statefile ""

Iteration 1:  1000000 integrand evaluations so far
[1] 189585 +- 24772.2  	chisq 0 (0 df)

Iteration 2:  3000000 integrand evaluations so far
[1] 180999 +- 4592.65  	chisq 0.124399 (1 df)

Iteration 3:  6000000 integrand evaluations so far
[1] 182473 +- 1874.98  	chisq 0.247996 (2 df)

Iteration 4:  10000000 integrand evaluations so far
[1] 182765 +- 944.412  	chisq 0.280425 (3 df)

Iteration 5:  15000000 integrand evaluations so far
[1] 183669 +- 594.095  	chisq 1.79656 (4 df)

Iteration 6:  21000000 integrand evaluations so far
[1] 183804 +- 437.306  	chisq 1.90994 (5 df)

Iteration 7:  28000000 integrand evaluations so far
[1] 184083 +- 348.892  	chisq 3.03248 (6 df)

Iteration 8:  36000000 integrand evaluations so far
[1] 184073 +- 291.824  	chisq 3.03554 (7 df)

Iteration 9:  45000000 integrand evaluations so far
[1] 183824 +- 250.266  	chisq 5.77605 (8 df)

Iteration 10:  55000000 integrand evaluations so far
[1] 183851 +- 220.915  	chisq 5.82783 (9 df)
  183.85 ±   0.22 ·10⁺⁰³ (1.19mi) ┃    46.8 ±    1.1 ·10⁺⁰³ (6.42mi) ┃
┃  0.4 -   0.5 ┃  44.458 ±  0.035 ·10⁺⁰³ ( 48.8s) ┃ -54.426 ±  0.023 ·10⁺⁰³ ( 26.8s) ┃Vegas input parameters:
  ndim 10
  ncomp 1
  nvec 1
  epsrel 0
  epsabs 0
  flags 10
  seed 123456
  mineval 50000000
  maxeval 50000000
  nstart 1000000
  nincrease 1000000
  nbatch 5000
  gridno 0
  statefile ""

Iteration 1:  1000000 integrand evaluations so far
[1] -109818 +- 22484.2  	chisq 0 (0 df)

Iteration 2:  3000000 integrand evaluations so far
[1] -121431 +- 15492.2  	chisq 0.507847 (1 df)

Iteration 3:  6000000 integrand evaluations so far
[1] -130072 +- 7399.62  	chisq 0.910895 (2 df)

Iteration 4:  10000000 integrand evaluations so far
[1] -130151 +- 6119.56  	chisq 0.911261 (3 df)

Iteration 5:  15000000 integrand evaluations so far
[1] -126765 +- 3813.76  	chisq 1.41181 (4 df)

Iteration 6:  21000000 integrand evaluations so far
[1] -125393 +- 2436.24  	chisq 1.6305 (5 df)

Iteration 7:  28000000 integrand evaluations so far
[1] -123578 +- 1934.76  	chisq 3.13436 (6 df)

Iteration 8:  36000000 integrand evaluations so far
[1] -124714 +- 1404.29  	chisq 3.86309 (7 df)

Iteration 9:  45000000 integrand evaluations so far
[1] -126096 +- 1186.37  	chisq 7.24743 (8 df)

Iteration 10:  55000000 integrand evaluations so far
[1] -125828 +- 1156.71  	chisq 8.28236 (9 df)
  -125.8 ±    1.2 ·10⁺⁰³ (3.31mi) ┃Vegas input parameters:
  ndim 8
  ncomp 1
  nvec 1
  epsrel 0
  epsabs 0
  flags 10
  seed 123456
  mineval 5000000
  maxeval 50000000
  nstart 1000000
  nincrease 1000000
  nbatch 5000
  gridno 0
  statefile ""

Iteration 1:  1000000 integrand evaluations so far
[1] 204642 +- 54136.1  	chisq 0 (0 df)

Iteration 2:  3000000 integrand evaluations so far
[1] 177748 +- 6491.99  	chisq 0.2504 (1 df)

Iteration 3:  6000000 integrand evaluations so far
[1] 182454 +- 2381.33  	chisq 0.857681 (2 df)

Iteration 4:  10000000 integrand evaluations so far
[1] 181800 +- 1059.29  	chisq 0.951847 (3 df)

Iteration 5:  15000000 integrand evaluations so far
[1] 182118 +- 610.855  	chisq 1.08709 (4 df)

Iteration 6:  21000000 integrand evaluations so far
[1] 181793 +- 435.657  	chisq 1.66398 (5 df)

Iteration 7:  28000000 integrand evaluations so far
[1] 181472 +- 342.415  	chisq 3.07834 (6 df)

Iteration 8:  36000000 integrand evaluations so far
[1] 181428 +- 287.203  	chisq 3.13398 (7 df)

Iteration 9:  45000000 integrand evaluations so far
[1] 181408 +- 248.078  	chisq 3.15395 (8 df)

Iteration 10:  55000000 integrand evaluations so far
[1] 181498 +- 218.78  	chisq 3.75199 (9 df)
   181.5 ±   0.22 ·10⁺⁰³ (1.25mi) ┃    45.7 ±    1.2 ·10⁺⁰³ (5.82mi) ┃
┃  0.5 -   0.6 ┃  43.878 ±   0.03 ·10⁺⁰³ (1.47mi) ┃ -53.731 ±  0.021 ·10⁺⁰³ ( 31.4s) ┃Vegas input parameters:
  ndim 10
  ncomp 1
  nvec 1
  epsrel 0
  epsabs 0
  flags 10
  seed 123456
  mineval 50000000
  maxeval 50000000
  nstart 1000000
  nincrease 1000000
  nbatch 5000
  gridno 0
  statefile ""

Iteration 1:  1000000 integrand evaluations so far
[1] -2.01739e+06 +- 1.864e+06  	chisq 0 (0 df)

Iteration 2:  3000000 integrand evaluations so far
[1] -84520.8 +- 16016  	chisq 1.07534 (1 df)

Iteration 3:  6000000 integrand evaluations so far
[1] -107653 +- 11639.1  	chisq 5.49625 (2 df)

Iteration 4:  10000000 integrand evaluations so far
[1] -114973 +- 6428.83  	chisq 6.06531 (3 df)

Iteration 5:  15000000 integrand evaluations so far
[1] -120528 +- 3462.93  	chisq 7.11725 (4 df)

Iteration 6:  21000000 integrand evaluations so far
[1] -123238 +- 2032.39  	chisq 8.05158 (5 df)

Iteration 7:  28000000 integrand evaluations so far
[1] -121956 +- 1766.76  	chisq 9.68017 (6 df)

Iteration 8:  36000000 integrand evaluations so far
[1] -122712 +- 1474.87  	chisq 10.2831 (7 df)

Iteration 9:  45000000 integrand evaluations so far
[1] -122939 +- 1130.16  	chisq 10.3408 (8 df)

Iteration 10:  55000000 integrand evaluations so far
[1] -123123 +- 921.963  	chisq 10.4201 (9 df)
 -123.12 ±   0.92 ·10⁺⁰³ (3.59mi) ┃Vegas input parameters:
  ndim 8
  ncomp 1
  nvec 1
  epsrel 0
  epsabs 0
  flags 10
  seed 123456
  mineval 5000000
  maxeval 50000000
  nstart 1000000
  nincrease 1000000
  nbatch 5000
  gridno 0
  statefile ""

Iteration 1:  1000000 integrand evaluations so far
[1] 220463 +- 32332  	chisq 0 (0 df)

Iteration 2:  3000000 integrand evaluations so far
[1] 179035 +- 5963.53  	chisq 1.69963 (1 df)

Iteration 3:  6000000 integrand evaluations so far
[1] 179648 +- 1809.54  	chisq 1.71126 (2 df)

Iteration 4:  10000000 integrand evaluations so far
[1] 178473 +- 895.226  	chisq 2.27006 (3 df)

Iteration 5:  15000000 integrand evaluations so far
[1] 178615 +- 567.394  	chisq 2.31213 (4 df)

Iteration 6:  21000000 integrand evaluations so far
[1] 178261 +- 414.718  	chisq 3.14868 (5 df)

Iteration 7:  28000000 integrand evaluations so far
[1] 178031 +- 329.848  	chisq 3.98431 (6 df)

Iteration 8:  36000000 integrand evaluations so far
[1] 178145 +- 276.978  	chisq 4.38778 (7 df)

Iteration 9:  45000000 integrand evaluations so far
[1] 178162 +- 238.922  	chisq 4.40401 (8 df)

Iteration 10:  55000000 integrand evaluations so far
[1] 178270 +- 210.95  	chisq 5.3243 (9 df)
  178.27 ±   0.21 ·10⁺⁰³ (1.28mi) ┃   45.29 ±   0.95 ·10⁺⁰³ (6.86mi) ┃
┃  0.6 -   0.7 ┃  43.105 ±  0.033 ·10⁺⁰³ ( 23.1s) ┃ -52.824 ±  0.014 ·10⁺⁰³ ( 30.5s) ┃Vegas input parameters:
  ndim 10
  ncomp 1
  nvec 1
  epsrel 0
  epsabs 0
  flags 10
  seed 123456
  mineval 50000000
  maxeval 50000000
  nstart 1000000
  nincrease 1000000
  nbatch 5000
  gridno 0
  statefile ""

Iteration 1:  1000000 integrand evaluations so far
[1] -180603 +- 113530  	chisq 0 (0 df)

Iteration 2:  3000000 integrand evaluations so far
[1] -203001 +- 64059.2  	chisq 0.057104 (1 df)

Iteration 3:  6000000 integrand evaluations so far
[1] -185392 +- 40545.9  	chisq 0.183179 (2 df)

Iteration 4:  10000000 integrand evaluations so far
[1] -113676 +- 11166.9  	chisq 3.56844 (3 df)

Iteration 5:  15000000 integrand evaluations so far
[1] -116797 +- 4860.61  	chisq 3.6648 (4 df)

Iteration 6:  21000000 integrand evaluations so far
[1] -120828 +- 2980.83  	chisq 4.76717 (5 df)

Iteration 7:  28000000 integrand evaluations so far
[1] -121410 +- 2238.89  	chisq 4.8547 (6 df)

Iteration 8:  36000000 integrand evaluations so far
[1] -121419 +- 1666.98  	chisq 4.85473 (7 df)

Iteration 9:  45000000 integrand evaluations so far
[1] -120806 +- 1220.47  	chisq 5.1454 (8 df)

Iteration 10:  55000000 integrand evaluations so far
[1] -120940 +- 1110.25  	chisq 5.21506 (9 df)
  -120.9 ±    1.1 ·10⁺⁰³ (3.43mi) ┃Vegas input parameters:
  ndim 8
  ncomp 1
  nvec 1
  epsrel 0
  epsabs 0
  flags 10
  seed 123456
  mineval 5000000
  maxeval 50000000
  nstart 1000000
  nincrease 1000000
  nbatch 5000
  gridno 0
  statefile ""

Iteration 1:  1000000 integrand evaluations so far
[1] 204578 +- 31781.4  	chisq 0 (0 df)

Iteration 2:  3000000 integrand evaluations so far
[1] 178089 +- 5759.55  	chisq 0.718264 (1 df)

Iteration 3:  6000000 integrand evaluations so far
[1] 174112 +- 1842.28  	chisq 1.24937 (2 df)

Iteration 4:  10000000 integrand evaluations so far
[1] 175096 +- 853.245  	chisq 1.61261 (3 df)

Iteration 5:  15000000 integrand evaluations so far
[1] 174966 +- 537.817  	chisq 1.6516 (4 df)

Iteration 6:  21000000 integrand evaluations so far
[1] 174895 +- 404.521  	chisq 1.69176 (5 df)

Iteration 7:  28000000 integrand evaluations so far
[1] 174562 +- 323.391  	chisq 3.56692 (6 df)

Iteration 8:  36000000 integrand evaluations so far
[1] 174713 +- 273.981  	chisq 4.34132 (7 df)

Iteration 9:  45000000 integrand evaluations so far
[1] 174646 +- 237.604  	chisq 4.58086 (8 df)

Iteration 10:  55000000 integrand evaluations so far
[1] 174697 +- 209.318  	chisq 4.78793 (9 df)
   174.7 ±   0.21 ·10⁺⁰³ (1.27mi) ┃      44 ±    1.1 ·10⁺⁰³ ( 5.6mi) ┃
┃  0.7 -   0.8 ┃ 42.2366 ± 0.0067 ·10⁺⁰³ (1.34mi) ┃ -51.871 ±  0.021 ·10⁺⁰³ ( 28.1s) ┃Vegas input parameters:
  ndim 10
  ncomp 1
  nvec 1
  epsrel 0
  epsabs 0
  flags 10
  seed 123456
  mineval 50000000
  maxeval 50000000
  nstart 1000000
  nincrease 1000000
  nbatch 5000
  gridno 0
  statefile ""

Iteration 1:  1000000 integrand evaluations so far
[1] -112243 +- 38857.7  	chisq 0 (0 df)

Iteration 2:  3000000 integrand evaluations so far
[1] -117003 +- 12782.3  	chisq 0.0168253 (1 df)

Iteration 3:  6000000 integrand evaluations so far
[1] -106778 +- 9197.25  	chisq 1.34362 (2 df)

Iteration 4:  10000000 integrand evaluations so far
[1] -110143 +- 6007.86  	chisq 1.57708 (3 df)

Iteration 5:  15000000 integrand evaluations so far
[1] -122783 +- 3918.8  	chisq 9.28206 (4 df)

Iteration 6:  21000000 integrand evaluations so far
[1] -123007 +- 3260.71  	chisq 9.29265 (5 df)

Iteration 7:  28000000 integrand evaluations so far
[1] -120940 +- 2594.1  	chisq 10.3873 (6 df)

Iteration 8:  36000000 integrand evaluations so far
[1] -117636 +- 1688.04  	chisq 13.2003 (7 df)

Iteration 9:  45000000 integrand evaluations so far
[1] -117386 +- 1280.53  	chisq 13.252 (8 df)

Iteration 10:  55000000 integrand evaluations so far
[1] -117483 +- 1275.25  	chisq 13.9502 (9 df)
  -117.5 ±    1.3 ·10⁺⁰³ (3.41mi) ┃Vegas input parameters:
  ndim 8
  ncomp 1
  nvec 1
  epsrel 0
  epsabs 0
  flags 10
  seed 123456
  mineval 5000000
  maxeval 50000000
  nstart 1000000
  nincrease 1000000
  nbatch 5000
  gridno 0
  statefile ""

Iteration 1:  1000000 integrand evaluations so far
[1] 166011 +- 27267.4  	chisq 0 (0 df)

Iteration 2:  3000000 integrand evaluations so far
[1] 190013 +- 10367.6  	chisq 0.905847 (1 df)

Iteration 3:  6000000 integrand evaluations so far
[1] 173123 +- 2549.74  	chisq 3.73086 (2 df)

Iteration 4:  10000000 integrand evaluations so far
[1] 170524 +- 950.499  	chisq 4.93765 (3 df)

Iteration 5:  15000000 integrand evaluations so far
[1] 170456 +- 565.982  	chisq 4.94548 (4 df)

Iteration 6:  21000000 integrand evaluations so far
[1] 170557 +- 410.961  	chisq 5.01189 (5 df)

Iteration 7:  28000000 integrand evaluations so far
[1] 170778 +- 364.956  	chisq 6.38469 (6 df)

Iteration 8:  36000000 integrand evaluations so far
[1] 170697 +- 314.045  	chisq 6.57462 (7 df)

Iteration 9:  45000000 integrand evaluations so far
[1] 170794 +- 263.168  	chisq 6.89734 (8 df)

Iteration 10:  55000000 integrand evaluations so far
[1] 170807 +- 224.981  	chisq 6.90601 (9 df)
  170.81 ±   0.22 ·10⁺⁰³ (1.24mi) ┃    43.7 ±    1.3 ·10⁺⁰³ (6.46mi) ┃
┃  0.8 -   0.9 ┃  41.758 ±  0.039 ·10⁺⁰³ (1.52mi) ┃ -50.746 ±  0.015 ·10⁺⁰³ ( 25.5s) ┃Vegas input parameters:
  ndim 10
  ncomp 1
  nvec 1
  epsrel 0
  epsabs 0
  flags 10
  seed 123456
  mineval 50000000
  maxeval 50000000
  nstart 1000000
  nincrease 1000000
  nbatch 5000
  gridno 0
  statefile ""

Iteration 1:  1000000 integrand evaluations so far
[1] -142804 +- 78154.1  	chisq 0 (0 df)

Iteration 2:  3000000 integrand evaluations so far
[1] -115644 +- 11843.5  	chisq 0.123609 (1 df)

Iteration 3:  6000000 integrand evaluations so far
[1] -121060 +- 7350.39  	chisq 0.463727 (2 df)

Iteration 4:  10000000 integrand evaluations so far
[1] -114758 +- 3982.46  	chisq 1.50426 (3 df)

Iteration 5:  15000000 integrand evaluations so far
[1] -111065 +- 2195.47  	chisq 2.73948 (4 df)

Iteration 6:  21000000 integrand evaluations so far
[1] -111861 +- 2084.49  	chisq 4.07337 (5 df)

Iteration 7:  28000000 integrand evaluations so far
[1] -112743 +- 1815.83  	chisq 4.8147 (6 df)

Iteration 8:  36000000 integrand evaluations so far
[1] -112304 +- 1712.94  	chisq 5.34605 (7 df)

Iteration 9:  45000000 integrand evaluations so far
[1] -112547 +- 1328.46  	chisq 5.39691 (8 df)

Iteration 10:  55000000 integrand evaluations so far
[1] -112931 +- 1041.83  	chisq 5.61371 (9 df)
  -112.9 ±      1 ·10⁺⁰³ (3.51mi) ┃Vegas input parameters:
  ndim 8
  ncomp 1
  nvec 1
  epsrel 0
  epsabs 0
  flags 10
  seed 123456
  mineval 5000000
  maxeval 50000000
  nstart 1000000
  nincrease 1000000
  nbatch 5000
  gridno 0
  statefile ""

Iteration 1:  1000000 integrand evaluations so far
[1] 158814 +- 22699.4  	chisq 0 (0 df)

Iteration 2:  3000000 integrand evaluations so far
[1] 168119 +- 5033.87  	chisq 0.176719 (1 df)

Iteration 3:  6000000 integrand evaluations so far
[1] 165884 +- 1677.35  	chisq 0.398498 (2 df)

Iteration 4:  10000000 integrand evaluations so far
[1] 167296 +- 836.102  	chisq 1.34167 (3 df)

Iteration 5:  15000000 integrand evaluations so far
[1] 166619 +- 536.297  	chisq 2.45367 (4 df)

Iteration 6:  21000000 integrand evaluations so far
[1] 166773 +- 391.15  	chisq 2.62923 (5 df)

Iteration 7:  28000000 integrand evaluations so far
[1] 166427 +- 308.491  	chisq 4.69558 (6 df)

Iteration 8:  36000000 integrand evaluations so far
[1] 166367 +- 256.899  	chisq 4.8189 (7 df)

Iteration 9:  45000000 integrand evaluations so far
[1] 166367 +- 221.43  	chisq 4.8189 (8 df)

Iteration 10:  55000000 integrand evaluations so far
[1] 166453 +- 195.173  	chisq 5.48232 (9 df)
  166.45 ±    0.2 ·10⁺⁰³ (1.43mi) ┃    44.5 ±    1.1 ·10⁺⁰³ (6.88mi) ┃
┃  0.9 -     1 ┃ 40.3319 ± 0.0057 ·10⁺⁰³ (1.42mi) ┃ -49.529 ±   0.04 ·10⁺⁰³ (   14s) ┃Vegas input parameters:
  ndim 10
  ncomp 1
  nvec 1
  epsrel 0
  epsabs 0
  flags 10
  seed 123456
  mineval 50000000
  maxeval 50000000
  nstart 1000000
  nincrease 1000000
  nbatch 5000
  gridno 0
  statefile ""

Iteration 1:  1000000 integrand evaluations so far
[1] -146882 +- 72225.4  	chisq 0 (0 df)

Iteration 2:  3000000 integrand evaluations so far
[1] -130301 +- 18900.3  	chisq 0.0565779 (1 df)

Iteration 3:  6000000 integrand evaluations so far
[1] -127388 +- 11542.5  	chisq 0.0944714 (2 df)

Iteration 4:  10000000 integrand evaluations so far
[1] -113584 +- 4370.45  	chisq 1.76393 (3 df)

Iteration 5:  15000000 integrand evaluations so far
[1] -114128 +- 2558.73  	chisq 1.78752 (4 df)

Iteration 6:  21000000 integrand evaluations so far
[1] -113225 +- 1861.27  	chisq 2.05234 (5 df)

Iteration 7:  28000000 integrand evaluations so far
[1] -112344 +- 1466.58  	chisq 2.64255 (6 df)

Iteration 8:  36000000 integrand evaluations so far
[1] -110961 +- 1112.84  	chisq 4.73885 (7 df)

Iteration 9:  45000000 integrand evaluations so far
[1] -110862 +- 927.965  	chisq 4.76519 (8 df)

Iteration 10:  55000000 integrand evaluations so far
[1] -111102 +- 897.69  	chisq 5.80966 (9 df)
  -111.1 ±    0.9 ·10⁺⁰³ (3.27mi) ┃Vegas input parameters:
  ndim 8
  ncomp 1
  nvec 1
  epsrel 0
  epsabs 0
  flags 10
  seed 123456
  mineval 5000000
  maxeval 50000000
  nstart 1000000
  nincrease 1000000
  nbatch 5000
  gridno 0
  statefile ""

Iteration 1:  1000000 integrand evaluations so far
[1] 189759 +- 49536.2  	chisq 0 (0 df)

Iteration 2:  3000000 integrand evaluations so far
[1] 158896 +- 5327.23  	chisq 0.3927 (1 df)

Iteration 3:  6000000 integrand evaluations so far
[1] 159042 +- 1559.27  	chisq 0.393519 (2 df)

Iteration 4:  10000000 integrand evaluations so far
[1] 161490 +- 811.854  	chisq 3.77559 (3 df)

Iteration 5:  15000000 integrand evaluations so far
[1] 162070 +- 527.211  	chisq 4.6573 (4 df)

Iteration 6:  21000000 integrand evaluations so far
[1] 162368 +- 382.616  	chisq 5.33386 (5 df)

Iteration 7:  28000000 integrand evaluations so far
[1] 162095 +- 320.115  	chisq 7.03668 (6 df)

Iteration 8:  36000000 integrand evaluations so far
[1] 162160 +- 270.163  	chisq 7.17868 (7 df)

Iteration 9:  45000000 integrand evaluations so far
[1] 162361 +- 232.183  	chisq 9.30329 (8 df)

Iteration 10:  55000000 integrand evaluations so far
[1] 162378 +- 202.508  	chisq 9.32566 (9 df)
  162.38 ±    0.2 ·10⁺⁰³ (1.14mi) ┃   42.08 ±   0.92 ·10⁺⁰³ (6.07mi) ┃
┃    1 -   1.1 ┃ 39.4757 ± 0.0079 ·10⁺⁰³ (1.45mi) ┃-48.3328 ± 0.0091 ·10⁺⁰³ ( 26.5s) ┃Vegas input parameters:
  ndim 10
  ncomp 1
  nvec 1
  epsrel 0
  epsabs 0
  flags 10
  seed 123456
  mineval 50000000
  maxeval 50000000
  nstart 1000000
  nincrease 1000000
  nbatch 5000
  gridno 0
  statefile ""

Iteration 1:  1000000 integrand evaluations so far
[1] -81663.2 +- 19303.1  	chisq 0 (0 df)

Iteration 2:  3000000 integrand evaluations so far
[1] -86311.6 +- 14661.8  	chisq 0.137065 (1 df)

Iteration 3:  6000000 integrand evaluations so far
[1] -96713.8 +- 5290.61  	chisq 0.715779 (2 df)

Iteration 4:  10000000 integrand evaluations so far
[1] -98768.5 +- 3281.98  	chisq 0.960963 (3 df)

Iteration 5:  15000000 integrand evaluations so far
[1] -99185.8 +- 3120.72  	chisq 1.12966 (4 df)

Iteration 6:  21000000 integrand evaluations so far
[1] -101524 +- 2892.48  	chisq 5.11214 (5 df)

Iteration 7:  28000000 integrand evaluations so far
[1] -104313 +- 2536.38  	chisq 9.13767 (6 df)

Iteration 8:  36000000 integrand evaluations so far
[1] -104436 +- 1730.64  	chisq 9.14201 (7 df)

Iteration 9:  45000000 integrand evaluations so far
[1] -106119 +- 1602.11  	chisq 15.7553 (8 df)

Iteration 10:  55000000 integrand evaluations so far
[1] -106719 +- 1514.67  	chisq 17.0764 (9 df)
  -106.7 ±    1.5 ·10⁺⁰³ ( 3.4mi) ┃Vegas input parameters:
  ndim 8
  ncomp 1
  nvec 1
  epsrel 0
  epsabs 0
  flags 10
  seed 123456
  mineval 5000000
  maxeval 50000000
  nstart 1000000
  nincrease 1000000
  nbatch 5000
  gridno 0
  statefile ""

Iteration 1:  1000000 integrand evaluations so far
[1] 159025 +- 19225.9  	chisq 0 (0 df)

Iteration 2:  3000000 integrand evaluations so far
[1] 150376 +- 3115.39  	chisq 0.20783 (1 df)

Iteration 3:  6000000 integrand evaluations so far
[1] 152445 +- 2892.85  	chisq 3.40974 (2 df)

Iteration 4:  10000000 integrand evaluations so far
[1] 156524 +- 1656.67  	chisq 6.36737 (3 df)

Iteration 5:  15000000 integrand evaluations so far
[1] 158292 +- 716.245  	chisq 7.76812 (4 df)

Iteration 6:  21000000 integrand evaluations so far
[1] 158524 +- 451.827  	chisq 7.94332 (5 df)

Iteration 7:  28000000 integrand evaluations so far
[1] 158224 +- 337.941  	chisq 8.94646 (6 df)

Iteration 8:  36000000 integrand evaluations so far
[1] 157860 +- 268.907  	chisq 12.114 (7 df)

Iteration 9:  45000000 integrand evaluations so far
[1] 157869 +- 227.735  	chisq 12.1183 (8 df)

Iteration 10:  55000000 integrand evaluations so far
[1] 157978 +- 198.251  	chisq 13.0693 (9 df)
  157.98 ±    0.2 ·10⁺⁰³ (1.26mi) ┃    42.4 ±    1.5 ·10⁺⁰³ (6.56mi) ┃
┃  1.1 -   1.2 ┃  38.138 ±  0.027 ·10⁺⁰³ (   43s) ┃ -47.076 ±   0.02 ·10⁺⁰³ ( 52.6s) ┃Vegas input parameters:
  ndim 10
  ncomp 1
  nvec 1
  epsrel 0
  epsabs 0
  flags 10
  seed 123456
  mineval 50000000
  maxeval 50000000
  nstart 1000000
  nincrease 1000000
  nbatch 5000
  gridno 0
  statefile ""

Iteration 1:  1000000 integrand evaluations so far
[1] -110692 +- 38219.1  	chisq 0 (0 df)

Iteration 2:  3000000 integrand evaluations so far
[1] -111813 +- 10627.2  	chisq 0.000932077 (1 df)

Iteration 3:  6000000 integrand evaluations so far
[1] -101206 +- 6340.74  	chisq 1.54765 (2 df)

Iteration 4:  10000000 integrand evaluations so far
[1] -108140 +- 2894.81  	chisq 3.05857 (3 df)

Iteration 5:  15000000 integrand evaluations so far
[1] -107087 +- 2606.12  	chisq 3.75775 (4 df)

Iteration 6:  21000000 integrand evaluations so far
[1] -108518 +- 2111.6  	chisq 4.63634 (5 df)

Iteration 7:  28000000 integrand evaluations so far
[1] -109527 +- 1852.58  	chisq 5.62704 (6 df)

Iteration 8:  36000000 integrand evaluations so far
[1] -107097 +- 1453.33  	chisq 10.0997 (7 df)

Iteration 9:  45000000 integrand evaluations so far
[1] -106397 +- 1112.81  	chisq 10.6616 (8 df)

Iteration 10:  55000000 integrand evaluations so far
[1] -106378 +- 1042.24  	chisq 10.6638 (9 df)
  -106.4 ±      1 ·10⁺⁰³ (3.39mi) ┃Vegas input parameters:
  ndim 8
  ncomp 1
  nvec 1
  epsrel 0
  epsabs 0
  flags 10
  seed 123456
  mineval 5000000
  maxeval 50000000
  nstart 1000000
  nincrease 1000000
  nbatch 5000
  gridno 0
  statefile ""

Iteration 1:  1000000 integrand evaluations so far
[1] 125344 +- 11515.5  	chisq 0 (0 df)

Iteration 2:  3000000 integrand evaluations so far
[1] 150998 +- 6007.13  	chisq 6.8184 (1 df)

Iteration 3:  6000000 integrand evaluations so far
[1] 155526 +- 2519.58  	chisq 7.508 (2 df)

Iteration 4:  10000000 integrand evaluations so far
[1] 153156 +- 976.272  	chisq 8.54954 (3 df)

Iteration 5:  15000000 integrand evaluations so far
[1] 152952 +- 555.541  	chisq 8.6139 (4 df)

Iteration 6:  21000000 integrand evaluations so far
[1] 153457 +- 386.184  	chisq 10.2114 (5 df)

Iteration 7:  28000000 integrand evaluations so far
[1] 153554 +- 297.152  	chisq 10.3686 (6 df)

Iteration 8:  36000000 integrand evaluations so far
[1] 153565 +- 243.245  	chisq 10.3724 (7 df)

Iteration 9:  45000000 integrand evaluations so far
[1] 153564 +- 207.821  	chisq 10.3725 (8 df)

Iteration 10:  55000000 integrand evaluations so far
[1] 153572 +- 181.902  	chisq 10.3784 (9 df)
  153.57 ±   0.18 ·10⁺⁰³ (1.26mi) ┃    38.3 ±    1.1 ·10⁺⁰³ (6.24mi) ┃
┃  1.2 -   1.3 ┃ 37.2524 ± 0.0072 ·10⁺⁰³ (2.54mi) ┃  -45.81 ±  0.011 ·10⁺⁰³ (1.52mi) ┃Vegas input parameters:
  ndim 10
  ncomp 1
  nvec 1
  epsrel 0
  epsabs 0
  flags 10
  seed 123456
  mineval 50000000
  maxeval 50000000
  nstart 1000000
  nincrease 1000000
  nbatch 5000
  gridno 0
  statefile ""

Iteration 1:  1000000 integrand evaluations so far
[1] -88334.3 +- 20859.4  	chisq 0 (0 df)

Iteration 2:  3000000 integrand evaluations so far
[1] -98769.6 +- 18757.9  	chisq 1.30799 (1 df)

Iteration 3:  6000000 integrand evaluations so far
[1] -110010 +- 16096.9  	chisq 2.67034 (2 df)

Iteration 4:  10000000 integrand evaluations so far
[1] -111862 +- 8371.05  	chisq 2.68848 (3 df)

Iteration 5:  15000000 integrand evaluations so far
[1] -114321 +- 6444.74  	chisq 2.90028 (4 df)

Iteration 6:  21000000 integrand evaluations so far
[1] -107524 +- 3345.81  	chisq 4.42265 (5 df)

Iteration 7:  28000000 integrand evaluations so far
[1] -107218 +- 2604.35  	chisq 4.44391 (6 df)

Iteration 8:  36000000 integrand evaluations so far
[1] -106035 +- 1917.09  	chisq 4.89405 (7 df)

Iteration 9:  45000000 integrand evaluations so far
[1] -103217 +- 1393.69  	chisq 9.47742 (8 df)

Iteration 10:  55000000 integrand evaluations so far
[1] -102904 +- 1176.43  	chisq 9.65358 (9 df)
  -102.9 ±    1.2 ·10⁺⁰³ (3.45mi) ┃Vegas input parameters:
  ndim 8
  ncomp 1
  nvec 1
  epsrel 0
  epsabs 0
  flags 10
  seed 123456
  mineval 5000000
  maxeval 50000000
  nstart 1000000
  nincrease 1000000
  nbatch 5000
  gridno 0
  statefile ""

Iteration 1:  1000000 integrand evaluations so far
[1] 132721 +- 26174  	chisq 0 (0 df)

Iteration 2:  3000000 integrand evaluations so far
[1] 150334 +- 4688.14  	chisq 0.467811 (1 df)

Iteration 3:  6000000 integrand evaluations so far
[1] 145678 +- 1242.96  	chisq 1.52883 (2 df)

Iteration 4:  10000000 integrand evaluations so far
[1] 146711 +- 654.508  	chisq 2.48528 (3 df)

Iteration 5:  15000000 integrand evaluations so far
[1] 148194 +- 432.83  	chisq 11.6084 (4 df)

Iteration 6:  21000000 integrand evaluations so far
[1] 148513 +- 325.833  	chisq 12.8603 (5 df)

Iteration 7:  28000000 integrand evaluations so far
[1] 148417 +- 260.789  	chisq 13.0996 (6 df)

Iteration 8:  36000000 integrand evaluations so far
[1] 148420 +- 218.269  	chisq 13.1 (7 df)

Iteration 9:  45000000 integrand evaluations so far
[1] 148532 +- 189.339  	chisq 14.168 (8 df)

Iteration 10:  55000000 integrand evaluations so far
[1] 148687 +- 167.975  	chisq 17.307 (9 df)
  148.69 ±   0.17 ·10⁺⁰³ (1.29mi) ┃    37.2 ±    1.2 ·10⁺⁰³ (8.79mi) ┃
┃  1.3 -   1.4 ┃  36.682 ±  0.036 ·10⁺⁰³ ( 20.3s) ┃-44.4691 ± 0.0018 ·10⁺⁰³ (3.02mi) ┃Vegas input parameters:
  ndim 10
  ncomp 1
  nvec 1
  epsrel 0
  epsabs 0
  flags 10
  seed 123456
  mineval 50000000
  maxeval 50000000
  nstart 1000000
  nincrease 1000000
  nbatch 5000
  gridno 0
  statefile ""

Iteration 1:  1000000 integrand evaluations so far
[1] -61832.3 +- 9575.09  	chisq 0 (0 df)

Iteration 2:  3000000 integrand evaluations so far
[1] -79390.9 +- 6413.38  	chisq 6.09895 (1 df)

Iteration 3:  6000000 integrand evaluations so far
[1] -92332.2 +- 4411.29  	chisq 13.8268 (2 df)

Iteration 4:  10000000 integrand evaluations so far
[1] -90924 +- 3994.63  	chisq 14.393 (3 df)

Iteration 5:  15000000 integrand evaluations so far
[1] -92321.1 +- 2553.77  	chisq 14.5999 (4 df)

Iteration 6:  21000000 integrand evaluations so far
[1] -95934.2 +- 1612.19  	chisq 17.9278 (5 df)

Iteration 7:  28000000 integrand evaluations so far
[1] -97558.5 +- 1210.28  	chisq 20.2536 (6 df)

Iteration 8:  36000000 integrand evaluations so far
[1] -97630.7 +- 1136.62  	chisq 20.2838 (7 df)

Iteration 9:  45000000 integrand evaluations so far
[1] -98080.1 +- 1028.02  	chisq 21.143 (8 df)

Iteration 10:  55000000 integrand evaluations so far
[1] -97375.7 +- 894.928  	chisq 23.0819 (9 df)
  -97.38 ±   0.89 ·10⁺⁰³ (3.49mi) ┃Vegas input parameters:
  ndim 8
  ncomp 1
  nvec 1
  epsrel 0
  epsabs 0
  flags 10
  seed 123456
  mineval 5000000
  maxeval 50000000
  nstart 1000000
  nincrease 1000000
  nbatch 5000
  gridno 0
  statefile ""

Iteration 1:  1000000 integrand evaluations so far
[1] 139829 +- 22678.2  	chisq 0 (0 df)

Iteration 2:  3000000 integrand evaluations so far
[1] 156943 +- 8205.75  	chisq 0.65527 (1 df)

Iteration 3:  6000000 integrand evaluations so far
[1] 144597 +- 2144.72  	chisq 3.08488 (2 df)

Iteration 4:  10000000 integrand evaluations so far
[1] 144404 +- 819.515  	chisq 3.09438 (3 df)

Iteration 5:  15000000 integrand evaluations so far
[1] 144289 +- 491.995  	chisq 3.12508 (4 df)

Iteration 6:  21000000 integrand evaluations so far
[1] 144658 +- 378.518  	chisq 4.50157 (5 df)

Iteration 7:  28000000 integrand evaluations so far
[1] 144819 +- 302.957  	chisq 5.0033 (6 df)

Iteration 8:  36000000 integrand evaluations so far
[1] 144852 +- 244.312  	chisq 5.03817 (7 df)

Iteration 9:  45000000 integrand evaluations so far
[1] 144799 +- 204.941  	chisq 5.20076 (8 df)

Iteration 10:  55000000 integrand evaluations so far
[1] 144770 +- 177.009  	chisq 5.27584 (9 df)
  144.77 ±   0.18 ·10⁺⁰³ (1.32mi) ┃   39.61 ±   0.91 ·10⁺⁰³ (8.16mi) ┃
┃  1.4 -   1.5 ┃ 34.7861 ± 0.0052 ·10⁺⁰³ (2.86mi) ┃ -43.033 ±   0.02 ·10⁺⁰³ ( 2.9mi) ┃Vegas input parameters:
  ndim 10
  ncomp 1
  nvec 1
  epsrel 0
  epsabs 0
  flags 10
  seed 123456
  mineval 50000000
  maxeval 50000000
  nstart 1000000
  nincrease 1000000
  nbatch 5000
  gridno 0
  statefile ""

Iteration 1:  1000000 integrand evaluations so far
[1] -82886.9 +- 25808.5  	chisq 0 (0 df)

Iteration 2:  3000000 integrand evaluations so far
[1] -90416.4 +- 8207.6  	chisq 0.0946933 (1 df)

Iteration 3:  6000000 integrand evaluations so far
[1] -88556.3 +- 7448.8  	chisq 0.385956 (2 df)

Iteration 4:  10000000 integrand evaluations so far
[1] -89057.2 +- 5222.75  	chisq 0.394853 (3 df)

Iteration 5:  15000000 integrand evaluations so far
[1] -94660.7 +- 2330.8  	chisq 1.83223 (4 df)

Iteration 6:  21000000 integrand evaluations so far
[1] -96050.9 +- 1807.29  	chisq 2.72445 (5 df)

Iteration 7:  28000000 integrand evaluations so far
[1] -95880 +- 1339.12  	chisq 2.74429 (6 df)

Iteration 8:  36000000 integrand evaluations so far
[1] -95970.6 +- 1081.84  	chisq 2.75746 (7 df)

Iteration 9:  45000000 integrand evaluations so far
[1] -96753.6 +- 993.707  	chisq 6.10905 (8 df)

Iteration 10:  55000000 integrand evaluations so far
[1] -97004.9 +- 919.844  	chisq 6.55579 (9 df)
     -97 ±   0.92 ·10⁺⁰³ (3.33mi) ┃Vegas input parameters:
  ndim 8
  ncomp 1
  nvec 1
  epsrel 0
  epsabs 0
  flags 10
  seed 123456
  mineval 5000000
  maxeval 50000000
  nstart 1000000
  nincrease 1000000
  nbatch 5000
  gridno 0
  statefile ""

Iteration 1:  1000000 integrand evaluations so far
[1] 102067 +- 9868.9  	chisq 0 (0 df)

Iteration 2:  3000000 integrand evaluations so far
[1] 131749 +- 3302.91  	chisq 10.1866 (1 df)

Iteration 3:  6000000 integrand evaluations so far
[1] 138068 +- 1763.6  	chisq 15.307 (2 df)

Iteration 4:  10000000 integrand evaluations so far
[1] 140202 +- 824.219  	chisq 17.1811 (3 df)

Iteration 5:  15000000 integrand evaluations so far
[1] 139379 +- 455.588  	chisq 18.6172 (4 df)

Iteration 6:  21000000 integrand evaluations so far
[1] 139599 +- 322.976  	chisq 19.0862 (5 df)

Iteration 7:  28000000 integrand evaluations so far
[1] 139342 +- 252.709  	chisq 20.7211 (6 df)

Iteration 8:  36000000 integrand evaluations so far
[1] 139324 +- 209.706  	chisq 20.7388 (7 df)

Iteration 9:  45000000 integrand evaluations so far
[1] 139385 +- 180.773  	chisq 21.0708 (8 df)

Iteration 10:  55000000 integrand evaluations so far
[1] 139536 +- 162.696  	chisq 24.7714 (9 df)
  139.54 ±   0.16 ·10⁺⁰³ (1.27mi) ┃   34.28 ±   0.93 ·10⁺⁰³ (10.4mi) ┃
┃  1.5 -   1.6 ┃  33.625 ±  0.019 ·10⁺⁰³ (1.38mi) ┃       0 ±      0        ( 142ms) ┃Vegas input parameters:
  ndim 10
  ncomp 1
  nvec 1
  epsrel 0
  epsabs 0
  flags 10
  seed 123456
  mineval 50000000
  maxeval 50000000
  nstart 1000000
  nincrease 1000000
  nbatch 5000
  gridno 0
  statefile ""

Iteration 1:  1000000 integrand evaluations so far
[1] -117510 +- 44826.7  	chisq 0 (0 df)

Iteration 2:  3000000 integrand evaluations so far
[1] -86430.2 +- 7345.33  	chisq 0.493958 (1 df)

Iteration 3:  6000000 integrand evaluations so far
[1] -87358.4 +- 4458.88  	chisq 0.519242 (2 df)

Iteration 4:  10000000 integrand evaluations so far
[1] -89283 +- 2321.2  	chisq 0.774792 (3 df)

Iteration 5:  15000000 integrand evaluations so far
[1] -90407.3 +- 1968.46  	chisq 1.61028 (4 df)

Iteration 6:  21000000 integrand evaluations so far
[1] -91475.9 +- 1550.48  	chisq 2.3866 (5 df)

Iteration 7:  28000000 integrand evaluations so far
[1] -91972.1 +- 1099.98  	chisq 2.59277 (6 df)

Iteration 8:  36000000 integrand evaluations so far
[1] -92087.9 +- 893.739  	chisq 2.62539 (7 df)

Iteration 9:  45000000 integrand evaluations so far
[1] -92453.1 +- 761.657  	chisq 3.23557 (8 df)

Iteration 10:  55000000 integrand evaluations so far
[1] -92758.5 +- 658.781  	chisq 3.87381 (9 df)
  -92.76 ±   0.66 ·10⁺⁰³ (3.42mi) ┃Vegas input parameters:
  ndim 8
  ncomp 1
  nvec 1
  epsrel 0
  epsabs 0
  flags 10
  seed 123456
  mineval 5000000
  maxeval 50000000
  nstart 1000000
  nincrease 1000000
  nbatch 5000
  gridno 0
  statefile ""

Iteration 1:  1000000 integrand evaluations so far
[1] 127763 +- 23242.9  	chisq 0 (0 df)

Iteration 2:  3000000 integrand evaluations so far
[1] 134494 +- 7492.26  	chisq 0.0935831 (1 df)

Iteration 3:  6000000 integrand evaluations so far
[1] 136408 +- 2172.04  	chisq 0.164837 (2 df)

Iteration 4:  10000000 integrand evaluations so far
[1] 136613 +- 844.91  	chisq 0.175414 (3 df)

Iteration 5:  15000000 integrand evaluations so far
[1] 135760 +- 481.134  	chisq 1.68539 (4 df)

Iteration 6:  21000000 integrand evaluations so far
[1] 135437 +- 328.886  	chisq 2.52919 (5 df)

Iteration 7:  28000000 integrand evaluations so far
[1] 135099 +- 256.476  	chisq 5.23019 (6 df)

Iteration 8:  36000000 integrand evaluations so far
[1] 135071 +- 210.966  	chisq 5.26797 (7 df)

Iteration 9:  45000000 integrand evaluations so far
[1] 135039 +- 180.096  	chisq 5.35122 (8 df)

Iteration 10:  55000000 integrand evaluations so far
[1] 135112 +- 157.85  	chisq 6.05437 (9 df)
  135.11 ±   0.16 ·10⁺⁰³ (1.31mi) ┃   75.98 ±   0.68 ·10⁺⁰³ (6.11mi) ┃
┃  1.6 -   1.7 ┃   32.26 ±  0.024 ·10⁺⁰³ (1.41mi) ┃       0 ±      0        ( 138ms) ┃Vegas input parameters:
  ndim 10
  ncomp 1
  nvec 1
  epsrel 0
  epsabs 0
  flags 10
  seed 123456
  mineval 50000000
  maxeval 50000000
  nstart 1000000
  nincrease 1000000
  nbatch 5000
  gridno 0
  statefile ""

Iteration 1:  1000000 integrand evaluations so far
[1] -64031.5 +- 7129.88  	chisq 0 (0 df)

Iteration 2:  3000000 integrand evaluations so far
[1] -75216.3 +- 4161.34  	chisq 3.73228 (1 df)

Iteration 3:  6000000 integrand evaluations so far
[1] -80922.5 +- 2785.87  	chisq 7.13974 (2 df)

Iteration 4:  10000000 integrand evaluations so far
[1] -84238.4 +- 2133.87  	chisq 10.5675 (3 df)

Iteration 5:  15000000 integrand evaluations so far
[1] -87580.6 +- 1746.29  	chisq 17.9953 (4 df)

Iteration 6:  21000000 integrand evaluations so far
[1] -88731.6 +- 1406.62  	chisq 19.2323 (5 df)

Iteration 7:  28000000 integrand evaluations so far
[1] -89374.1 +- 1170.63  	chisq 19.9109 (6 df)

Iteration 8:  36000000 integrand evaluations so far
[1] -89134.9 +- 1097.28  	chisq 20.2549 (7 df)

Iteration 9:  45000000 integrand evaluations so far
[1] -88628.1 +- 973.136  	chisq 21.2542 (8 df)

Iteration 10:  55000000 integrand evaluations so far
[1] -89003.2 +- 894.142  	chisq 22.2081 (9 df)
     -89 ±   0.89 ·10⁺⁰³ (3.47mi) ┃Vegas input parameters:
  ndim 8
  ncomp 1
  nvec 1
  epsrel 0
  epsabs 0
  flags 10
  seed 123456
  mineval 5000000
  maxeval 50000000
  nstart 1000000
  nincrease 1000000
  nbatch 5000
  gridno 0
  statefile ""

Iteration 1:  1000000 integrand evaluations so far
[1] 127325 +- 17753  	chisq 0 (0 df)

Iteration 2:  3000000 integrand evaluations so far
[1] 129049 +- 5060.64  	chisq 0.0102627 (1 df)

Iteration 3:  6000000 integrand evaluations so far
[1] 130923 +- 1607.77  	chisq 0.162831 (2 df)

Iteration 4:  10000000 integrand evaluations so far
[1] 129260 +- 628.772  	chisq 1.42718 (3 df)

Iteration 5:  15000000 integrand evaluations so far
[1] 130066 +- 399.017  	chisq 4.1809 (4 df)

Iteration 6:  21000000 integrand evaluations so far
[1] 130520 +- 298.713  	chisq 7.12399 (5 df)

Iteration 7:  28000000 integrand evaluations so far
[1] 130432 +- 238.897  	chisq 7.36232 (6 df)

Iteration 8:  36000000 integrand evaluations so far
[1] 130349 +- 197.342  	chisq 7.74707 (7 df)

Iteration 9:  45000000 integrand evaluations so far
[1] 130402 +- 169.841  	chisq 8.03129 (8 df)

Iteration 10:  55000000 integrand evaluations so far
[1] 130464 +- 149.015  	chisq 8.60637 (9 df)
  130.46 ±   0.15 ·10⁺⁰³ (1.26mi) ┃   73.72 ±   0.91 ·10⁺⁰³ (6.13mi) ┃
┃  1.7 -   1.8 ┃  32.018 ±   0.03 ·10⁺⁰³ (1.43mi) ┃       0 ±      0        ( 138ms) ┃Vegas input parameters:
  ndim 10
  ncomp 1
  nvec 1
  epsrel 0
  epsabs 0
  flags 10
  seed 123456
  mineval 50000000
  maxeval 50000000
  nstart 1000000
  nincrease 1000000
  nbatch 5000
  gridno 0
  statefile ""

Iteration 1:  1000000 integrand evaluations so far
[1] -61878.2 +- 26609.5  	chisq 0 (0 df)

Iteration 2:  3000000 integrand evaluations so far
[1] -78184.7 +- 8324.94  	chisq 0.416279 (1 df)

Iteration 3:  6000000 integrand evaluations so far
[1] -82929.2 +- 4429.8  	chisq 0.869367 (2 df)

Iteration 4:  10000000 integrand evaluations so far
[1] -84169.1 +- 3826.04  	chisq 1.17776 (3 df)

Iteration 5:  15000000 integrand evaluations so far
[1] -84580.7 +- 2386.48  	chisq 1.1967 (4 df)

Iteration 6:  21000000 integrand evaluations so far
[1] -87000.7 +- 1649.51  	chisq 3.16568 (5 df)

Iteration 7:  28000000 integrand evaluations so far
[1] -87488.2 +- 1382.63  	chisq 3.45938 (6 df)

Iteration 8:  36000000 integrand evaluations so far
[1] -87302.4 +- 1159.15  	chisq 3.52018 (7 df)

Iteration 9:  45000000 integrand evaluations so far
[1] -87445.4 +- 1089.61  	chisq 3.65103 (8 df)

Iteration 10:  55000000 integrand evaluations so far
[1] -87181.2 +- 985.422  	chisq 3.97387 (9 df)
  -87.18 ±   0.99 ·10⁺⁰³ (3.49mi) ┃Vegas input parameters:
  ndim 8
  ncomp 1
  nvec 1
  epsrel 0
  epsabs 0
  flags 10
  seed 123456
  mineval 5000000
  maxeval 50000000
  nstart 1000000
  nincrease 1000000
  nbatch 5000
  gridno 0
  statefile ""

Iteration 1:  1000000 integrand evaluations so far
[1] 156241 +- 30057  	chisq 0 (0 df)

Iteration 2:  3000000 integrand evaluations so far
[1] 121958 +- 3041.7  	chisq 1.31442 (1 df)

Iteration 3:  6000000 integrand evaluations so far
[1] 127359 +- 1484.2  	chisq 5.45255 (2 df)

Iteration 4:  10000000 integrand evaluations so far
[1] 125318 +- 647.167  	chisq 7.78763 (3 df)

Iteration 5:  15000000 integrand evaluations so far
[1] 126167 +- 444.722  	chisq 11.0511 (4 df)

Iteration 6:  21000000 integrand evaluations so far
[1] 126457 +- 350.259  	chisq 12.1749 (5 df)

Iteration 7:  28000000 integrand evaluations so far
[1] 126356 +- 269.556  	chisq 12.3789 (6 df)

Iteration 8:  36000000 integrand evaluations so far
[1] 126029 +- 212.807  	chisq 16.2873 (7 df)

Iteration 9:  45000000 integrand evaluations so far
[1] 125939 +- 177.593  	chisq 16.8834 (8 df)

Iteration 10:  55000000 integrand evaluations so far
[1] 125899 +- 152.915  	chisq 17.0797 (9 df)
   125.9 ±   0.15 ·10⁺⁰³ (1.24mi) ┃   70.74 ±      1 ·10⁺⁰³ (6.16mi) ┃
┃  1.8 -   1.9 ┃  31.232 ±  0.015 ·10⁺⁰³ ( 13.5s) ┃       0 ±      0        ( 216ms) ┃Vegas input parameters:
  ndim 10
  ncomp 1
  nvec 1
  epsrel 0
  epsabs 0
  flags 10
  seed 123456
  mineval 50000000
  maxeval 50000000
  nstart 1000000
  nincrease 1000000
  nbatch 5000
  gridno 0
  statefile ""

Iteration 1:  1000000 integrand evaluations so far
[1] -67490.5 +- 15225.8  	chisq 0 (0 df)

Iteration 2:  3000000 integrand evaluations so far
[1] -73779.9 +- 7356.98  	chisq 0.222604 (1 df)

Iteration 3:  6000000 integrand evaluations so far
[1] -82334.7 +- 4864.19  	chisq 2.62488 (2 df)

Iteration 4:  10000000 integrand evaluations so far
[1] -83936.6 +- 3859.66  	chisq 2.91772 (3 df)

Iteration 5:  15000000 integrand evaluations so far
[1] -86004 +- 3558.83  	chisq 4.83283 (4 df)

Iteration 6:  21000000 integrand evaluations so far
[1] -85944.3 +- 2722.97  	chisq 4.83351 (5 df)

Iteration 7:  28000000 integrand evaluations so far
[1] -81588.7 +- 1643.91  	chisq 8.85953 (6 df)

Iteration 8:  36000000 integrand evaluations so far
[1] -80522.5 +- 1438.56  	chisq 10.6557 (7 df)

Iteration 9:  45000000 integrand evaluations so far
[1] -80799.8 +- 1118.95  	chisq 10.7498 (8 df)

Iteration 10:  55000000 integrand evaluations so far
[1] -80477.6 +- 922.474  	chisq 11.0086 (9 df)
  -80.48 ±   0.92 ·10⁺⁰³ (3.46mi) ┃Vegas input parameters:
  ndim 8
  ncomp 1
  nvec 1
  epsrel 0
  epsabs 0
  flags 10
  seed 123456
  mineval 5000000
  maxeval 50000000
  nstart 1000000
  nincrease 1000000
  nbatch 5000
  gridno 0
  statefile ""

Iteration 1:  1000000 integrand evaluations so far
[1] 124097 +- 17719.3  	chisq 0 (0 df)

Iteration 2:  3000000 integrand evaluations so far
[1] 120234 +- 2957.99  	chisq 0.048894 (1 df)

Iteration 3:  6000000 integrand evaluations so far
[1] 120238 +- 1244.98  	chisq 0.0488967 (2 df)

Iteration 4:  10000000 integrand evaluations so far
[1] 120955 +- 584.001  	chisq 0.473346 (3 df)

Iteration 5:  15000000 integrand evaluations so far
[1] 121139 +- 376.882  	chisq 0.644003 (4 df)

Iteration 6:  21000000 integrand evaluations so far
[1] 121021 +- 274.323  	chisq 0.852135 (5 df)

Iteration 7:  28000000 integrand evaluations so far
[1] 120878 +- 216.346  	chisq 1.56947 (6 df)

Iteration 8:  36000000 integrand evaluations so far
[1] 120806 +- 178.835  	chisq 1.92351 (7 df)

Iteration 9:  45000000 integrand evaluations so far
[1] 120895 +- 155.426  	chisq 2.93754 (8 df)

Iteration 10:  55000000 integrand evaluations so far
[1] 120958 +- 137.126  	chisq 3.68686 (9 df)
  120.96 ±   0.14 ·10⁺⁰³ (1.35mi) ┃   71.71 ±   0.93 ·10⁺⁰³ (5.04mi) ┃
┃  1.9 -     2 ┃  28.693 ±  0.012 ·10⁺⁰³ (1.55mi) ┃       0 ±      0        ( 207ms) ┃Vegas input parameters:
  ndim 10
  ncomp 1
  nvec 1
  epsrel 0
  epsabs 0
  flags 10
  seed 123456
  mineval 50000000
  maxeval 50000000
  nstart 1000000
  nincrease 1000000
  nbatch 5000
  gridno 0
  statefile ""

Iteration 1:  1000000 integrand evaluations so far
[1] -47990 +- 6810.84  	chisq 0 (0 df)

Iteration 2:  3000000 integrand evaluations so far
[1] -59153.1 +- 5188.54  	chisq 6.40147 (1 df)

Iteration 3:  6000000 integrand evaluations so far
[1] -66072.8 +- 4452.77  	chisq 13.1512 (2 df)

Iteration 4:  10000000 integrand evaluations so far
[1] -75199.8 +- 3166.78  	chisq 21.6526 (3 df)

Iteration 5:  15000000 integrand evaluations so far
[1] -79310.5 +- 2178.91  	chisq 24.8525 (4 df)

Iteration 6:  21000000 integrand evaluations so far
[1] -78782.5 +- 1725.64  	chisq 25.01 (5 df)

Iteration 7:  28000000 integrand evaluations so far
[1] -78532.4 +- 1425.8  	chisq 25.0762 (6 df)

Iteration 8:  36000000 integrand evaluations so far
[1] -77899.4 +- 1213.84  	chisq 25.7923 (7 df)

Iteration 9:  45000000 integrand evaluations so far
[1] -78344.7 +- 1069.93  	chisq 26.3956 (8 df)

Iteration 10:  55000000 integrand evaluations so far
[1] -78682.8 +- 935.789  	chisq 26.8207 (9 df)
  -78.68 ±   0.94 ·10⁺⁰³ (3.54mi) ┃Vegas input parameters:
  ndim 8
  ncomp 1
  nvec 1
  epsrel 0
  epsabs 0
  flags 10
  seed 123456
  mineval 5000000
  maxeval 50000000
  nstart 1000000
  nincrease 1000000
  nbatch 5000
  gridno 0
  statefile ""

Iteration 1:  1000000 integrand evaluations so far
[1] 102717 +- 10688.6  	chisq 0 (0 df)

Iteration 2:  3000000 integrand evaluations so far
[1] 114034 +- 5141.74  	chisq 1.45843 (1 df)

Iteration 3:  6000000 integrand evaluations so far
[1] 115893 +- 1544.2  	chisq 1.60211 (2 df)

Iteration 4:  10000000 integrand evaluations so far
[1] 116813 +- 685.47  	chisq 2.04411 (3 df)

Iteration 5:  15000000 integrand evaluations so far
[1] 116146 +- 392.286  	chisq 3.45242 (4 df)

Iteration 6:  21000000 integrand evaluations so far
[1] 116483 +- 273.489  	chisq 4.88884 (5 df)

Iteration 7:  28000000 integrand evaluations so far
[1] 116432 +- 212.808  	chisq 4.97503 (6 df)

Iteration 8:  36000000 integrand evaluations so far
[1] 116430 +- 175.684  	chisq 4.97546 (7 df)

Iteration 9:  45000000 integrand evaluations so far
[1] 116323 +- 150.14  	chisq 6.35573 (8 df)

Iteration 10:  55000000 integrand evaluations so far
[1] 116326 +- 133.355  	chisq 6.35803 (9 df)
  116.33 ±   0.13 ·10⁺⁰³ (1.38mi) ┃   66.34 ±   0.95 ·10⁺⁰³ (6.47mi) ┃
┃    2 -   2.1 ┃  27.175 ± 0.0041 ·10⁺⁰³ (3.08mi) ┃       0 ±      0        ( 140ms) ┃Vegas input parameters:
  ndim 10
  ncomp 1
  nvec 1
  epsrel 0
  epsabs 0
  flags 10
  seed 123456
  mineval 50000000
  maxeval 50000000
  nstart 1000000
  nincrease 1000000
  nbatch 5000
  gridno 0
  statefile ""

Iteration 1:  1000000 integrand evaluations so far
[1] -53291.1 +- 9812.92  	chisq 0 (0 df)

Iteration 2:  3000000 integrand evaluations so far
[1] -73564.6 +- 5150.8  	chisq 5.89162 (1 df)

Iteration 3:  6000000 integrand evaluations so far
[1] -76784.7 +- 2905.82  	chisq 6.46491 (2 df)

Iteration 4:  10000000 integrand evaluations so far
[1] -76622.1 +- 1689.32  	chisq 6.46965 (3 df)

Iteration 5:  15000000 integrand evaluations so far
[1] -78547 +- 1376.63  	chisq 10.3346 (4 df)

Iteration 6:  21000000 integrand evaluations so far
[1] -78560.3 +- 1206.93  	chisq 10.335 (5 df)

Iteration 7:  28000000 integrand evaluations so far
[1] -78499.2 +- 1145.76  	chisq 10.3609 (6 df)

Iteration 8:  36000000 integrand evaluations so far
[1] -77717.7 +- 1007.96  	chisq 12.4187 (7 df)

Iteration 9:  45000000 integrand evaluations so far
[1] -76850.5 +- 825.206  	chisq 14.6636 (8 df)

Iteration 10:  55000000 integrand evaluations so far
[1] -75902.2 +- 627.57  	chisq 17.7956 (9 df)
   -75.9 ±   0.63 ·10⁺⁰³ (3.88mi) ┃Vegas input parameters:
  ndim 8
  ncomp 1
  nvec 1
  epsrel 0
  epsabs 0
  flags 10
  seed 123456
  mineval 5000000
  maxeval 50000000
  nstart 1000000
  nincrease 1000000
  nbatch 5000
  gridno 0
  statefile ""

Iteration 1:  1000000 integrand evaluations so far
[1] 73730.6 +- 7376.68  	chisq 0 (0 df)

Iteration 2:  3000000 integrand evaluations so far
[1] 101991 +- 3114.74  	chisq 17.8617 (1 df)

Iteration 3:  6000000 integrand evaluations so far
[1] 106233 +- 2613.98  	chisq 24.134 (2 df)

Iteration 4:  10000000 integrand evaluations so far
[1] 111357 +- 1167.7  	chisq 28.9344 (3 df)

Iteration 5:  15000000 integrand evaluations so far
[1] 111243 +- 493.579  	chisq 28.946 (4 df)

Iteration 6:  21000000 integrand evaluations so far
[1] 111522 +- 316.672  	chisq 29.4886 (5 df)

Iteration 7:  28000000 integrand evaluations so far
[1] 111522 +- 232.051  	chisq 29.4886 (6 df)

Iteration 8:  36000000 integrand evaluations so far
[1] 111459 +- 183.402  	chisq 29.6859 (7 df)

Iteration 9:  45000000 integrand evaluations so far
[1] 111514 +- 153.427  	chisq 29.9845 (8 df)

Iteration 10:  55000000 integrand evaluations so far
[1] 111572 +- 132.075  	chisq 30.5383 (9 df)
  111.57 ±   0.13 ·10⁺⁰³ (1.23mi) ┃   62.84 ±   0.64 ·10⁺⁰³ (8.19mi) ┃
┃  2.1 -   2.2 ┃  27.165 ± 0.0041 ·10⁺⁰³ (2.46mi) ┃       0 ±      0        ( 150ms) ┃Vegas input parameters:
  ndim 10
  ncomp 1
  nvec 1
  epsrel 0
  epsabs 0
  flags 10
  seed 123456
  mineval 50000000
  maxeval 50000000
  nstart 1000000
  nincrease 1000000
  nbatch 5000
  gridno 0
  statefile ""

Iteration 1:  1000000 integrand evaluations so far
[1] -101927 +- 35020.5  	chisq 0 (0 df)

Iteration 2:  3000000 integrand evaluations so far
[1] -108162 +- 32380.2  	chisq 0.218516 (1 df)

Iteration 3:  6000000 integrand evaluations so far
[1] -100470 +- 22922.2  	chisq 0.331642 (2 df)

Iteration 4:  10000000 integrand evaluations so far
[1] -90958.4 +- 11448.5  	chisq 0.561061 (3 df)

Iteration 5:  15000000 integrand evaluations so far
[1] -84827.2 +- 6827.65  	chisq 1.00619 (4 df)

Iteration 6:  21000000 integrand evaluations so far
[1] -72978.3 +- 3863.98  	chisq 5.43696 (5 df)

Iteration 7:  28000000 integrand evaluations so far
[1] -70521.5 +- 2569.65  	chisq 6.1618 (6 df)

Iteration 8:  36000000 integrand evaluations so far
[1] -70638 +- 1560.7  	chisq 6.16505 (7 df)

Iteration 9:  45000000 integrand evaluations so far
[1] -71046.3 +- 1505.96  	chisq 7.15825 (8 df)

Iteration 10:  55000000 integrand evaluations so far
[1] -71979.7 +- 1313.67  	chisq 8.76524 (9 df)
     -72 ±    1.3 ·10⁺⁰³ (3.54mi) ┃Vegas input parameters:
  ndim 8
  ncomp 1
  nvec 1
  epsrel 0
  epsabs 0
  flags 10
  seed 123456
  mineval 5000000
  maxeval 50000000
  nstart 1000000
  nincrease 1000000
  nbatch 5000
  gridno 0
  statefile ""

Iteration 1:  1000000 integrand evaluations so far
[1] 116002 +- 23883.3  	chisq 0 (0 df)

Iteration 2:  3000000 integrand evaluations so far
[1] 104146 +- 2472.66  	chisq 0.249097 (1 df)

Iteration 3:  6000000 integrand evaluations so far
[1] 105631 +- 2040.12  	chisq 1.37843 (2 df)

Iteration 4:  10000000 integrand evaluations so far
[1] 106899 +- 1528.54  	chisq 2.25987 (3 df)

Iteration 5:  15000000 integrand evaluations so far
[1] 106816 +- 681.487  	chisq 2.26363 (4 df)

Iteration 6:  21000000 integrand evaluations so far
[1] 107476 +- 344.234  	chisq 3.52375 (5 df)

Iteration 7:  28000000 integrand evaluations so far
[1] 107280 +- 232.393  	chisq 4.11562 (6 df)

Iteration 8:  36000000 integrand evaluations so far
[1] 107291 +- 206.043  	chisq 4.12571 (7 df)

Iteration 9:  45000000 integrand evaluations so far
[1] 107112 +- 176.21  	chisq 6.9518 (8 df)

Iteration 10:  55000000 integrand evaluations so far
[1] 107225 +- 147.178  	chisq 8.30944 (9 df)
  107.22 ±   0.15 ·10⁺⁰³ (1.21mi) ┃    62.4 ±    1.3 ·10⁺⁰³ (7.21mi) ┃
┃  2.2 -   2.3 ┃  26.767 ±  0.011 ·10⁺⁰³ (1.25mi) ┃       0 ±      0        ( 170ms) ┃Vegas input parameters:
  ndim 10
  ncomp 1
  nvec 1
  epsrel 0
  epsabs 0
  flags 10
  seed 123456
  mineval 50000000
  maxeval 50000000
  nstart 1000000
  nincrease 1000000
  nbatch 5000
  gridno 0
  statefile ""

Iteration 1:  1000000 integrand evaluations so far
[1] -47820.2 +- 11570  	chisq 0 (0 df)

Iteration 2:  3000000 integrand evaluations so far
[1] -53297.8 +- 7077.68  	chisq 0.358165 (1 df)

Iteration 3:  6000000 integrand evaluations so far
[1] -63483.8 +- 3854.51  	chisq 3.30269 (2 df)

Iteration 4:  10000000 integrand evaluations so far
[1] -63275.9 +- 3329.09  	chisq 3.31414 (3 df)

Iteration 5:  15000000 integrand evaluations so far
[1] -67495.7 +- 2361.46  	chisq 6.54816 (4 df)

Iteration 6:  21000000 integrand evaluations so far
[1] -65694.3 +- 1267.49  	chisq 7.36559 (5 df)

Iteration 7:  28000000 integrand evaluations so far
[1] -66901.8 +- 1039.57  	chisq 10.1385 (6 df)

Iteration 8:  36000000 integrand evaluations so far
[1] -66799.3 +- 905.675  	chisq 10.1789 (7 df)

Iteration 9:  45000000 integrand evaluations so far
[1] -67021.3 +- 887.794  	chisq 11.7169 (8 df)

Iteration 10:  55000000 integrand evaluations so far
[1] -67127.8 +- 859.986  	chisq 11.9501 (9 df)
  -67.13 ±   0.86 ·10⁺⁰³ (3.26mi) ┃Vegas input parameters:
  ndim 8
  ncomp 1
  nvec 1
  epsrel 0
  epsabs 0
  flags 10
  seed 123456
  mineval 5000000
  maxeval 50000000
  nstart 1000000
  nincrease 1000000
  nbatch 5000
  gridno 0
  statefile ""

Iteration 1:  1000000 integrand evaluations so far
[1] 72463.8 +- 10239.8  	chisq 0 (0 df)

Iteration 2:  3000000 integrand evaluations so far
[1] 99226.3 +- 6168.81  	chisq 10.722 (1 df)

Iteration 3:  6000000 integrand evaluations so far
[1] 102518 +- 1273.93  	chisq 11.0194 (2 df)

Iteration 4:  10000000 integrand evaluations so far
[1] 101970 +- 524.921  	chisq 11.2418 (3 df)

Iteration 5:  15000000 integrand evaluations so far
[1] 102223 +- 329.402  	chisq 11.6237 (4 df)

Iteration 6:  21000000 integrand evaluations so far
[1] 102409 +- 234.68  	chisq 12.2712 (5 df)

Iteration 7:  28000000 integrand evaluations so far
[1] 102300 +- 184.028  	chisq 12.8331 (6 df)

Iteration 8:  36000000 integrand evaluations so far
[1] 102192 +- 152.45  	chisq 13.9295 (7 df)

Iteration 9:  45000000 integrand evaluations so far
[1] 102078 +- 130.243  	chisq 16.0089 (8 df)

Iteration 10:  55000000 integrand evaluations so far
[1] 102121 +- 114.685  	chisq 16.5139 (9 df)
  102.12 ±   0.11 ·10⁺⁰³ (1.36mi) ┃   61.76 ±   0.87 ·10⁺⁰³ (5.87mi) ┃
┃  2.3 -   2.4 ┃  24.585 ±  0.021 ·10⁺⁰³ (1.24mi) ┃       0 ±      0        ( 138ms) ┃Vegas input parameters:
  ndim 10
  ncomp 1
  nvec 1
  epsrel 0
  epsabs 0
  flags 10
  seed 123456
  mineval 50000000
  maxeval 50000000
  nstart 1000000
  nincrease 1000000
  nbatch 5000
  gridno 0
  statefile ""

Iteration 1:  1000000 integrand evaluations so far
[1] -61871.5 +- 14507.5  	chisq 0 (0 df)

Iteration 2:  3000000 integrand evaluations so far
[1] -67042.4 +- 8694.08  	chisq 0.198237 (1 df)

Iteration 3:  6000000 integrand evaluations so far
[1] -69339.3 +- 5907.87  	chisq 0.32791 (2 df)

Iteration 4:  10000000 integrand evaluations so far
[1] -65119.6 +- 3049.74  	chisq 1.0234 (3 df)

Iteration 5:  15000000 integrand evaluations so far
[1] -64992.8 +- 1477.07  	chisq 1.02565 (4 df)

Iteration 6:  21000000 integrand evaluations so far
[1] -64150.5 +- 975.901  	chisq 1.6028 (5 df)

Iteration 7:  28000000 integrand evaluations so far
[1] -64952.4 +- 851.26  	chisq 4.42639 (6 df)

Iteration 8:  36000000 integrand evaluations so far
[1] -64782.6 +- 768.544  	chisq 4.64162 (7 df)

Iteration 9:  45000000 integrand evaluations so far
[1] -65326 +- 677.545  	chisq 6.88567 (8 df)

Iteration 10:  55000000 integrand evaluations so far
[1] -65506 +- 645.206  	chisq 7.64281 (9 df)
  -65.51 ±   0.65 ·10⁺⁰³ (2.89mi) ┃Vegas input parameters:
  ndim 8
  ncomp 1
  nvec 1
  epsrel 0
  epsabs 0
  flags 10
  seed 123456
  mineval 5000000
  maxeval 50000000
  nstart 1000000
  nincrease 1000000
  nbatch 5000
  gridno 0
  statefile ""

Iteration 1:  1000000 integrand evaluations so far
[1] 106456 +- 18604.1  	chisq 0 (0 df)

Iteration 2:  3000000 integrand evaluations so far
[1] 93320.2 +- 2064.81  	chisq 0.504778 (1 df)

Iteration 3:  6000000 integrand evaluations so far
[1] 95621.1 +- 820.474  	chisq 1.97939 (2 df)

Iteration 4:  10000000 integrand evaluations so far
[1] 96800.7 +- 419.219  	chisq 4.77644 (3 df)

Iteration 5:  15000000 integrand evaluations so far
[1] 96953.4 +- 277.812  	chisq 5.01315 (4 df)

Iteration 6:  21000000 integrand evaluations so far
[1] 97340.3 +- 208.779  	chisq 9.46985 (5 df)

Iteration 7:  28000000 integrand evaluations so far
[1] 97400.6 +- 167.646  	chisq 9.70426 (6 df)

Iteration 8:  36000000 integrand evaluations so far
[1] 97312 +- 140.99  	chisq 10.6585 (7 df)

Iteration 9:  45000000 integrand evaluations so far
[1] 97281 +- 121.625  	chisq 10.8475 (8 df)

Iteration 10:  55000000 integrand evaluations so far
[1] 97287.1 +- 106.741  	chisq 10.8588 (9 df)
   97.29 ±   0.11 ·10⁺⁰³ (1.15mi) ┃   56.37 ±   0.65 ·10⁺⁰³ (5.29mi) ┃
┣━━━━━━━━━━━━━━╋━━━━━━━━━━━━━━━━━━━━━━━━━━━━━━━━━━╋━━━━━━━━━━━━━━━━━━━━━━━━━━━━━━━━━━╋━━━━━━━━━━━━━━━━━━━━━━━━━━━━━━━━━━╋━━━━━━━━━━━━━━━━━━━━━━━━━━━━━━━━━━╋━━━━━━━━━━━━━━━━━━━━━━━━━━━━━━━━━━┫
┃ -2.4 -   2.4 ┃ 1.77181 ± 0.00016 ·10⁺⁰⁶ (1.36hr) ┃-1.52498 ± 0.00015 ·10⁺⁰⁶ (31.8mi) ┃ -4.8868 ± 0.0075 ·10⁺⁰⁶ (2.92hr) ┃  7.1352 ± 0.0013 ·10⁺⁰⁶ (1.09hr) ┃  2.4953 ± 0.0076 ·10⁺⁰⁶ (5.91hr) ┃
┗━━━━━━━━━━━━━━┻━━━━━━━━━━━━━━━━━━━━━━━━━━━━━━━━━━┻━━━━━━━━━━━━━━━━━━━━━━━━━━━━━━━━━━┻━━━━━━━━━━━━━━━━━━━━━━━━━━━━━━━━━━┻━━━━━━━━━━━━━━━━━━━━━━━━━━━━━━━━━━┻━━━━━━━━━━━━━━━━━━━━━━━━━━━━━━━━━━┛

╍╍╍╍╍╍╍╍╍╍╍╍╍╍╍╍╍╍╍╍╍╍╍╍╍╍╍╍╍╍╍╍ Summary ╍╍╍╍╍╍╍╍╍╍╍╍╍╍╍╍╍╍╍╍╍╍╍╍╍╍╍╍╍╍╍
      Total cross section                    2.4953 ± 0.0076          nb
         Calculation time                               5.91       hours
              Output file                    outputs/etal_NNLL_muR1.0_muF2.0.root            
      Result in text file                    outputs/etal_NNLL_muR1.0_muF2.0.txt            

╍╍╍╍╍╍╍╍╍╍╍╍╍╍╍╍╍╍╍╍╍╍╍╍╍╍╍╍╍╍╍╍╍╍╍╍╍╍╍╍╍╍╍╍╍╍╍╍╍╍╍╍╍╍╍╍╍╍╍╍╍╍╍╍╍╍╍╍╍╍╍╍

