
╍╍╍╍╍╍╍╍╍╍╍╍╍╍╍╍╍╍╍╍╍╍╍╍╍╍╍ Process settings ╍╍╍╍╍╍╍╍╍╍╍╍╍╍╍╍╍╍╍╍╍╍╍╍╍╍╍
   proton-proton collisions at sqrt(s) = 13000 GeV 
   Computing N3LO+N3LL resummed cross section
   W+ ->  nu(p3)+e+(p4) production 

╍╍╍╍╍╍╍╍╍╍╍╍╍╍╍╍╍╍╍╍╍╍╍╍╍╍╍╍╍╍ CKM matrix ╍╍╍╍╍╍╍╍╍╍╍╍╍╍╍╍╍╍╍╍╍╍╍╍╍╍╍╍╍╍
     | Vud Vus Vub |   |   0.97427   0.2253  0.00351 | 
     | Vcd Vcs Vcb | = |    0.2252  0.97344   0.0412 | 
     | Vtd Vts Vtb |   |         0        0        0 | 

╍╍╍╍╍╍╍╍╍╍╍╍╍╍╍╍╍╍╍╍╍╍╍╍╍╍╍╍╍ EW parameters ╍╍╍╍╍╍╍╍╍╍╍╍╍╍╍╍╍╍╍╍╍╍╍╍╍╍╍╍
                                         Gf =  1.1663787e-05      GeV^-2
                                    1/alpha =  132.233229791            
                                 sin(thW)^2 = 0.222897222524            
                                     W mass =         80.385         GeV
                                     Z mass =        91.1876         GeV
                                    W width =          2.091         GeV
                                    Z width =          2.495         GeV

╍╍╍╍╍╍╍╍╍╍╍╍╍╍╍╍╍╍╍╍╍╍╍╍╍╍╍╍╍ QCD settings ╍╍╍╍╍╍╍╍╍╍╍╍╍╍╍╍╍╍╍╍╍╍╍╍╍╍╍╍╍
   Renormalization scale:     dynamic muren =              1      * m_ll
     Factorization scale:     dynamic mufac =              1      * m_ll
       Resummation scale:     dynamic mures =              1      * m_ll
          Strong coupling       alpha_s(MZ) =       0.118001            
                              running order =              4       -loop
         Non-perturbative     form factor g =            0.7       GeV^2

╍╍╍╍╍╍╍╍╍╍╍╍╍╍╍╍╍╍╍╍╍╍╍╍╍╍╍╍╍ PDF settings ╍╍╍╍╍╍╍╍╍╍╍╍╍╍╍╍╍╍╍╍╍╍╍╍╍╍╍╍╍
                                     PDF set:MSHT20nnlo_as118            
                                  PDF member:              0            
  Mellin moments of PDFs:                    Numerical integration            
                         nodes for the quadrature:            200            
                         Intervals for the quadrature:              1            

╍╍╍╍╍╍╍╍╍╍╍╍╍╍╍╍╍╍╍╍╍╍╍╍╍╍╍╍╍╍╍ qT recoil ╍╍╍╍╍╍╍╍╍╍╍╍╍╍╍╍╍╍╍╍╍╍╍╍╍╍╍╍╍╍
  qt-recoil prescription:       Collins-Soper kt1 = p_V(x)/2; kt2 = p_V(y)/2            

╍╍╍╍╍╍╍╍╍╍╍╍╍╍╍╍╍╍╍╍╍╍╍╍╍╍╍╍╍╍╍╍╍ Cuts ╍╍╍╍╍╍╍╍╍╍╍╍╍╍╍╍╍╍╍╍╍╍╍╍╍╍╍╍╍╍╍╍╍
                                  apply cuts:           true            
                                      pt_l >               0            
                                   |eta_l| <            1000            
                                    pt_lep >              25            
                                 |eta_lep| <             2.4            
                                   pt_alep >              25            
                                |eta_alep| <             2.4            
                                  user cuts:            true            

╍╍╍╍╍╍╍╍╍╍╍╍╍╍╍╍╍╍╍╍╍╍╍╍╍╍╍╍ ResummationDamp ╍╍╍╍╍╍╍╍╍╍╍╍╍╍╍╍╍╍╍╍╍╍╍╍╍╍╍
                                    damping :             on            
                                damping mode:              1            
                                  damp above:        60.2888         GeV
                               damping width:        20.0963         GeV
                          resummation cutoff:             20         MeV

╍╍╍╍╍╍╍╍╍╍╍╍╍╍╍╍╍╍╍╍╍╍╍╍╍╍╍╍ Debug settings ╍╍╍╍╍╍╍╍╍╍╍╍╍╍╍╍╍╍╍╍╍╍╍╍╍╍╍╍
                                 timeprofile:          false            
                                     verbose:          false            
                               cubaverbosity:              2            

╍╍╍╍╍╍╍╍╍╍╍╍╍╍╍╍╍╍╍╍╍╍╍╍╍╍╍╍╍╍╍╍╍╍╍╍╍╍╍╍╍╍╍╍╍╍╍╍╍╍╍╍╍╍╍╍╍╍╍╍╍╍╍╍╍╍╍╍╍╍╍╍

Warning: Histogram `a1_qt` contains non-integrable observable and will be deleted 
Warning: Histogram `a1_qt_vs_y` contains non-integrable observable and will be deleted 
Warning: Histogram `s_biganswer` contains non-integrable observable and will be deleted 
Warning: Histogram `wgt_a1_qt` contains non-integrable observable and will be deleted 

╍╍╍╍╍╍╍╍╍╍╍╍╍╍╍╍╍╍╍╍╍╍╍╍╍ Integration settings ╍╍╍╍╍╍╍╍╍╍╍╍╍╍╍╍╍╍╍╍╍╍╍╍╍
             Random seeds              123456                           
           Parallel cores                   1                           

             Resummation:     cuhre (dm, dpt)         iter =           5
                                   gauss (dy)        nodes =          64
                                                 intervals =           1
            Counter term:      cuhre (dm, dy)         iter =           5
                                  gauss (dpt)        nodes =          20
                                                 intervals =           5
                V+J Real:               vegas       ncalls =    50000000
             V+J Virtual:               vegas       ncalls =     5000000

Mellin inverse transform:           gaussian         nodes =          30
                                                 intervals =           1
                               imaginary axis         zmax =           2
  Angular variable costh:     semi-analytical      ncstart =         100
   Angular variables phi:            gaussian    intervals =          20

      Constant boundaries                  q2          low =          80
                                                      high =         100
                                            y          low =          -6
                                                      high =           6
                                           qT          low =           0
                                                      high =         100
                                        costh          low =          -1
                                                      high =           1
                                        pT(l)          low =           0
                                                      high =       13000

┏━━━━━━━━━━━━━━┰━━━━━━━━━━━━━━━━━━━━━━━━━━━━━━━━━━┰━━━━━━━━━━━━━━━━━━━━━━━━━━━━━━━━━━┰━━━━━━━━━━━━━━━━━━━━━━━━━━━━━━━━━━┰━━━━━━━━━━━━━━━━━━━━━━━━━━━━━━━━━━┰━━━━━━━━━━━━━━━━━━━━━━━━━━━━━━━━━━┓
┃       eta(l) ┃                      Resummation ┃                     Counter term ┃                         V+J Real ┃                      V+J Virtual ┃                            TOTAL ┃
┣━━━━━━━━━━━━━━╋━━━━━━━━━━━━━━━━━━━━━━━━━━━━━━━━━━╋━━━━━━━━━━━━━━━━━━━━━━━━━━━━━━━━━━╋━━━━━━━━━━━━━━━━━━━━━━━━━━━━━━━━━━╋━━━━━━━━━━━━━━━━━━━━━━━━━━━━━━━━━━╋━━━━━━━━━━━━━━━━━━━━━━━━━━━━━━━━━━┫
┃ -2.4 -  -2.3 ┃ 21.7107 ± 0.0073 ·10⁺⁰³ ( 43.5s) ┃       0 ±      0        ( 236ms) ┃Vegas input parameters:
  ndim 10
  ncomp 1
  nvec 1
  epsrel 0
  epsabs 0
  flags 10
  seed 123456
  mineval 50000000
  maxeval 50000000
  nstart 1000000
  nincrease 1000000
  nbatch 5000
  gridno 0
  statefile ""

Iteration 1:  1000000 integrand evaluations so far
[1] -40515.9 +- 7107.77  	chisq 0 (0 df)

Iteration 2:  3000000 integrand evaluations so far
[1] -43626.6 +- 3457.2  	chisq 0.250893 (1 df)

Iteration 3:  6000000 integrand evaluations so far
[1] -50693.2 +- 2591.07  	chisq 9.78339 (2 df)

Iteration 4:  10000000 integrand evaluations so far
[1] -49522.8 +- 1521.28  	chisq 10.0947 (3 df)

Iteration 5:  15000000 integrand evaluations so far
[1] -52789 +- 1039.61  	chisq 18.743 (4 df)

Iteration 6:  21000000 integrand evaluations so far
[1] -53036.8 +- 847.814  	chisq 18.9127 (5 df)

Iteration 7:  28000000 integrand evaluations so far
[1] -53384.5 +- 731.608  	chisq 19.5715 (6 df)

Iteration 8:  36000000 integrand evaluations so far
[1] -53802.7 +- 700.474  	chisq 23.4936 (7 df)

Iteration 9:  45000000 integrand evaluations so far
[1] -54241.3 +- 630.485  	chisq 25.5587 (8 df)

Iteration 10:  55000000 integrand evaluations so far
[1] -54284.7 +- 594.728  	chisq 25.6016 (9 df)
  -54.28 ±   0.59 ·10⁺⁰³ (4.01mi) ┃Vegas input parameters:
  ndim 8
  ncomp 1
  nvec 1
  epsrel 0
  epsabs 0
  flags 10
  seed 123456
  mineval 5000000
  maxeval 50000000
  nstart 1000000
  nincrease 1000000
  nbatch 5000
  gridno 0
  statefile ""

Iteration 1:  1000000 integrand evaluations so far
[1] 99562.1 +- 21369  	chisq 0 (0 df)

Iteration 2:  3000000 integrand evaluations so far
[1] 84345.4 +- 2591.74  	chisq 0.514645 (1 df)

Iteration 3:  6000000 integrand evaluations so far
[1] 83046.3 +- 738.994  	chisq 0.788132 (2 df)

Iteration 4:  10000000 integrand evaluations so far
[1] 83581.3 +- 421.611  	chisq 1.56509 (3 df)

Iteration 5:  15000000 integrand evaluations so far
[1] 83502.1 +- 334.782  	chisq 1.66054 (4 df)

Iteration 6:  21000000 integrand evaluations so far
[1] 83298.9 +- 247.222  	chisq 2.47056 (5 df)

Iteration 7:  28000000 integrand evaluations so far
[1] 83467.1 +- 177.973  	chisq 3.43166 (6 df)

Iteration 8:  36000000 integrand evaluations so far
[1] 83594.9 +- 140.316  	chisq 4.7934 (7 df)

Iteration 9:  45000000 integrand evaluations so far
[1] 83652.2 +- 116.579  	chisq 5.33257 (8 df)

Iteration 10:  55000000 integrand evaluations so far
[1] 83696.9 +- 100.676  	chisq 5.90884 (9 df)
    83.7 ±    0.1 ·10⁺⁰³ (1.55mi) ┃   51.12 ±    0.6 ·10⁺⁰³ (6.29mi) ┃
┃ -2.3 -  -2.2 ┃  25.213 ±  0.019 ·10⁺⁰³ (2.67mi) ┃       0 ±      0        ( 234ms) ┃Vegas input parameters:
  ndim 10
  ncomp 1
  nvec 1
  epsrel 0
  epsabs 0
  flags 10
  seed 123456
  mineval 50000000
  maxeval 50000000
  nstart 1000000
  nincrease 1000000
  nbatch 5000
  gridno 0
  statefile ""

Iteration 1:  1000000 integrand evaluations so far
[1] -45830 +- 10612.2  	chisq 0 (0 df)

Iteration 2:  3000000 integrand evaluations so far
[1] -53325.8 +- 4547.57  	chisq 0.611141 (1 df)

Iteration 3:  6000000 integrand evaluations so far
[1] -52819.9 +- 4491.42  	chisq 1.1155 (2 df)

Iteration 4:  10000000 integrand evaluations so far
[1] -55921.9 +- 3840.75  	chisq 2.89047 (3 df)

Iteration 5:  15000000 integrand evaluations so far
[1] -57590.9 +- 1970.82  	chisq 3.14678 (4 df)

Iteration 6:  21000000 integrand evaluations so far
[1] -57605 +- 1140.18  	chisq 3.14685 (5 df)

Iteration 7:  28000000 integrand evaluations so far
[1] -58138.4 +- 801.993  	chisq 3.57998 (6 df)

Iteration 8:  36000000 integrand evaluations so far
[1] -57898.3 +- 677.902  	chisq 3.89371 (7 df)

Iteration 9:  45000000 integrand evaluations so far
[1] -58148.2 +- 640.032  	chisq 5.1442 (8 df)

Iteration 10:  55000000 integrand evaluations so far
[1] -58294 +- 630.933  	chisq 6.98376 (9 df)
  -58.29 ±   0.63 ·10⁺⁰³ (3.88mi) ┃Vegas input parameters:
  ndim 8
  ncomp 1
  nvec 1
  epsrel 0
  epsabs 0
  flags 10
  seed 123456
  mineval 5000000
  maxeval 50000000
  nstart 1000000
  nincrease 1000000
  nbatch 5000
  gridno 0
  statefile ""

Iteration 1:  1000000 integrand evaluations so far
[1] 75733.4 +- 16677.3  	chisq 0 (0 df)

Iteration 2:  3000000 integrand evaluations so far
[1] 83093 +- 2302.33  	chisq 0.198524 (1 df)

Iteration 3:  6000000 integrand evaluations so far
[1] 86993.2 +- 1693.89  	chisq 6.45457 (2 df)

Iteration 4:  10000000 integrand evaluations so far
[1] 89141.4 +- 644.482  	chisq 8.33506 (3 df)

Iteration 5:  15000000 integrand evaluations so far
[1] 89774.2 +- 324.398  	chisq 9.62645 (4 df)

Iteration 6:  21000000 integrand evaluations so far
[1] 89866.8 +- 310.214  	chisq 10.5784 (5 df)

Iteration 7:  28000000 integrand evaluations so far
[1] 89861 +- 257.957  	chisq 10.5795 (6 df)

Iteration 8:  36000000 integrand evaluations so far
[1] 90063.5 +- 188.764  	chisq 11.9051 (7 df)

Iteration 9:  45000000 integrand evaluations so far
[1] 90476.7 +- 148.46  	chisq 24.4709 (8 df)

Iteration 10:  55000000 integrand evaluations so far
[1] 90592.6 +- 122.702  	chisq 26.3934 (9 df)
   90.59 ±   0.12 ·10⁺⁰³ (1.53mi) ┃   57.51 ±   0.64 ·10⁺⁰³ (8.07mi) ┃
┃ -2.2 -  -2.1 ┃  26.351 ±  0.023 ·10⁺⁰³ (2.54mi) ┃       0 ±      0        ( 240ms) ┃Vegas input parameters:
  ndim 10
  ncomp 1
  nvec 1
  epsrel 0
  epsabs 0
  flags 10
  seed 123456
  mineval 50000000
  maxeval 50000000
  nstart 1000000
  nincrease 1000000
  nbatch 5000
  gridno 0
  statefile ""

Iteration 1:  1000000 integrand evaluations so far
[1] -58082 +- 12459.9  	chisq 0 (0 df)

Iteration 2:  3000000 integrand evaluations so far
[1] -57906.1 +- 6839.2  	chisq 0.000285286 (1 df)

Iteration 3:  6000000 integrand evaluations so far
[1] -61095.6 +- 4208.03  	chisq 0.350272 (2 df)

Iteration 4:  10000000 integrand evaluations so far
[1] -60782.1 +- 3222.4  	chisq 0.363694 (3 df)

Iteration 5:  15000000 integrand evaluations so far
[1] -63193.7 +- 1822.31  	chisq 1.18713 (4 df)

Iteration 6:  21000000 integrand evaluations so far
[1] -63169.2 +- 1089.52  	chisq 1.18741 (5 df)

Iteration 7:  28000000 integrand evaluations so far
[1] -64108 +- 831.318  	chisq 2.96435 (6 df)

Iteration 8:  36000000 integrand evaluations so far
[1] -63925.4 +- 682.585  	chisq 3.11245 (7 df)

Iteration 9:  45000000 integrand evaluations so far
[1] -63845 +- 568.498  	chisq 3.15769 (8 df)

Iteration 10:  55000000 integrand evaluations so far
[1] -63342.5 +- 479.418  	chisq 5.86336 (9 df)
  -63.34 ±   0.48 ·10⁺⁰³ (3.97mi) ┃Vegas input parameters:
  ndim 8
  ncomp 1
  nvec 1
  epsrel 0
  epsabs 0
  flags 10
  seed 123456
  mineval 5000000
  maxeval 50000000
  nstart 1000000
  nincrease 1000000
  nbatch 5000
  gridno 0
  statefile ""

Iteration 1:  1000000 integrand evaluations so far
[1] 97725.6 +- 16259.3  	chisq 0 (0 df)

Iteration 2:  3000000 integrand evaluations so far
[1] 100791 +- 4472.43  	chisq 0.0384647 (1 df)

Iteration 3:  6000000 integrand evaluations so far
[1] 97157.6 +- 1053.2  	chisq 0.737355 (2 df)

Iteration 4:  10000000 integrand evaluations so far
[1] 97847.2 +- 526.088  	chisq 1.30864 (3 df)

Iteration 5:  15000000 integrand evaluations so far
[1] 98105.4 +- 332.78  	chisq 1.7101 (4 df)

Iteration 6:  21000000 integrand evaluations so far
[1] 97730.4 +- 241.976  	chisq 4.40406 (5 df)

Iteration 7:  28000000 integrand evaluations so far
[1] 97874 +- 190.837  	chisq 5.33531 (6 df)

Iteration 8:  36000000 integrand evaluations so far
[1] 98112.1 +- 157.694  	chisq 10.2418 (7 df)

Iteration 9:  45000000 integrand evaluations so far
[1] 98133.3 +- 133.591  	chisq 10.3057 (8 df)

Iteration 10:  55000000 integrand evaluations so far
[1] 98202.8 +- 116.48  	chisq 11.4374 (9 df)
    98.2 ±   0.12 ·10⁺⁰³ (1.56mi) ┃   61.21 ±   0.49 ·10⁺⁰³ (8.07mi) ┃
┃ -2.1 -    -2 ┃  26.355 ±  0.024 ·10⁺⁰³ ( 41.4s) ┃       0 ±      0        ( 233ms) ┃Vegas input parameters:
  ndim 10
  ncomp 1
  nvec 1
  epsrel 0
  epsabs 0
  flags 10
  seed 123456
  mineval 50000000
  maxeval 50000000
  nstart 1000000
  nincrease 1000000
  nbatch 5000
  gridno 0
  statefile ""

Iteration 1:  1000000 integrand evaluations so far
[1] -5771.48 +- 55747.8  	chisq 0 (0 df)

Iteration 2:  3000000 integrand evaluations so far
[1] -58043.1 +- 5356.61  	chisq 0.887368 (1 df)

Iteration 3:  6000000 integrand evaluations so far
[1] -64836.8 +- 3904.25  	chisq 4.31895 (2 df)

Iteration 4:  10000000 integrand evaluations so far
[1] -65375 +- 3871.02  	chisq 5.43992 (3 df)

Iteration 5:  15000000 integrand evaluations so far
[1] -66789.5 +- 3714.97  	chisq 7.13004 (4 df)

Iteration 6:  21000000 integrand evaluations so far
[1] -66251.4 +- 3672  	chisq 8.04237 (5 df)

Iteration 7:  28000000 integrand evaluations so far
[1] -67945.8 +- 3246.52  	chisq 9.01772 (6 df)

Iteration 8:  36000000 integrand evaluations so far
[1] -68511.6 +- 2414.15  	chisq 9.08565 (7 df)

Iteration 9:  45000000 integrand evaluations so far
[1] -67037.1 +- 1764.74  	chisq 9.88675 (8 df)

Iteration 10:  55000000 integrand evaluations so far
[1] -67663.4 +- 1309.24  	chisq 10.1669 (9 df)
   -67.7 ±    1.3 ·10⁺⁰³ (3.95mi) ┃Vegas input parameters:
  ndim 8
  ncomp 1
  nvec 1
  epsrel 0
  epsabs 0
  flags 10
  seed 123456
  mineval 5000000
  maxeval 50000000
  nstart 1000000
  nincrease 1000000
  nbatch 5000
  gridno 0
  statefile ""

Iteration 1:  1000000 integrand evaluations so far
[1] 147180 +- 26951.1  	chisq 0 (0 df)

Iteration 2:  3000000 integrand evaluations so far
[1] 100124 +- 2362.07  	chisq 3.07205 (1 df)

Iteration 3:  6000000 integrand evaluations so far
[1] 104476 +- 1029.55  	chisq 7.26418 (2 df)

Iteration 4:  10000000 integrand evaluations so far
[1] 104748 +- 599.469  	chisq 7.36991 (3 df)

Iteration 5:  15000000 integrand evaluations so far
[1] 105049 +- 383.36  	chisq 7.79419 (4 df)

Iteration 6:  21000000 integrand evaluations so far
[1] 105195 +- 320.253  	chisq 8.27921 (5 df)

Iteration 7:  28000000 integrand evaluations so far
[1] 105312 +- 252.555  	chisq 8.63036 (6 df)

Iteration 8:  36000000 integrand evaluations so far
[1] 105596 +- 195.378  	chisq 11.7858 (7 df)

Iteration 9:  45000000 integrand evaluations so far
[1] 105636 +- 158.707  	chisq 11.9038 (8 df)

Iteration 10:  55000000 integrand evaluations so far
[1] 105712 +- 135.127  	chisq 12.7477 (9 df)
  105.71 ±   0.14 ·10⁺⁰³ (1.53mi) ┃    64.4 ±    1.3 ·10⁺⁰³ (6.17mi) ┃
┃   -2 -  -1.9 ┃  28.976 ±  0.014 ·10⁺⁰³ (1.29mi) ┃       0 ±      0        ( 235ms) ┃Vegas input parameters:
  ndim 10
  ncomp 1
  nvec 1
  epsrel 0
  epsabs 0
  flags 10
  seed 123456
  mineval 50000000
  maxeval 50000000
  nstart 1000000
  nincrease 1000000
  nbatch 5000
  gridno 0
  statefile ""

Iteration 1:  1000000 integrand evaluations so far
[1] -53209.9 +- 6540.24  	chisq 0 (0 df)

Iteration 2:  3000000 integrand evaluations so far
[1] -59723.9 +- 5672.76  	chisq 4.00513 (1 df)

Iteration 3:  6000000 integrand evaluations so far
[1] -65156.5 +- 4127.32  	chisq 5.95381 (2 df)

Iteration 4:  10000000 integrand evaluations so far
[1] -69534.4 +- 2973.52  	chisq 8.29313 (3 df)

Iteration 5:  15000000 integrand evaluations so far
[1] -69207 +- 2955.41  	chisq 9.29173 (4 df)

Iteration 6:  21000000 integrand evaluations so far
[1] -69134.2 +- 2434.38  	chisq 9.29362 (5 df)

Iteration 7:  28000000 integrand evaluations so far
[1] -70155.3 +- 2216.75  	chisq 10.3236 (6 df)

Iteration 8:  36000000 integrand evaluations so far
[1] -69718.6 +- 1536.51  	chisq 10.3983 (7 df)

Iteration 9:  45000000 integrand evaluations so far
[1] -71922.2 +- 1052.93  	chisq 14.2763 (8 df)

Iteration 10:  55000000 integrand evaluations so far
[1] -72206.5 +- 857.366  	chisq 14.4927 (9 df)
  -72.21 ±   0.86 ·10⁺⁰³ (3.89mi) ┃Vegas input parameters:
  ndim 8
  ncomp 1
  nvec 1
  epsrel 0
  epsabs 0
  flags 10
  seed 123456
  mineval 5000000
  maxeval 50000000
  nstart 1000000
  nincrease 1000000
  nbatch 5000
  gridno 0
  statefile ""

Iteration 1:  1000000 integrand evaluations so far
[1] 102089 +- 14356.4  	chisq 0 (0 df)

Iteration 2:  3000000 integrand evaluations so far
[1] 115080 +- 3640.33  	chisq 0.875068 (1 df)

Iteration 3:  6000000 integrand evaluations so far
[1] 111770 +- 1093.81  	chisq 1.78358 (2 df)

Iteration 4:  10000000 integrand evaluations so far
[1] 111922 +- 522.292  	chisq 1.80846 (3 df)

Iteration 5:  15000000 integrand evaluations so far
[1] 112360 +- 342.512  	chisq 3.04483 (4 df)

Iteration 6:  21000000 integrand evaluations so far
[1] 112230 +- 251.302  	chisq 3.36009 (5 df)

Iteration 7:  28000000 integrand evaluations so far
[1] 112522 +- 200.343  	chisq 7.06621 (6 df)

Iteration 8:  36000000 integrand evaluations so far
[1] 112892 +- 168.53  	chisq 18.7491 (7 df)

Iteration 9:  45000000 integrand evaluations so far
[1] 112965 +- 148.093  	chisq 19.5734 (8 df)

Iteration 10:  55000000 integrand evaluations so far
[1] 113017 +- 131.843  	chisq 20.1713 (9 df)
  113.02 ±   0.13 ·10⁺⁰³ (1.52mi) ┃   69.79 ±   0.87 ·10⁺⁰³ (6.71mi) ┃
┃ -1.9 -  -1.8 ┃  32.685 ±  0.025 ·10⁺⁰³ (2.75mi) ┃       0 ±      0        ( 237ms) ┃Vegas input parameters:
  ndim 10
  ncomp 1
  nvec 1
  epsrel 0
  epsabs 0
  flags 10
  seed 123456
  mineval 50000000
  maxeval 50000000
  nstart 1000000
  nincrease 1000000
  nbatch 5000
  gridno 0
  statefile ""

Iteration 1:  1000000 integrand evaluations so far
[1] -73945.6 +- 18325.6  	chisq 0 (0 df)

Iteration 2:  3000000 integrand evaluations so far
[1] -63982.2 +- 14340.2  	chisq 0.762516 (1 df)

Iteration 3:  6000000 integrand evaluations so far
[1] -70406.1 +- 5263.85  	chisq 0.994439 (2 df)

Iteration 4:  10000000 integrand evaluations so far
[1] -71717.7 +- 3278.44  	chisq 1.09587 (3 df)

Iteration 5:  15000000 integrand evaluations so far
[1] -75411.6 +- 2123.71  	chisq 3.28327 (4 df)

Iteration 6:  21000000 integrand evaluations so far
[1] -75913.3 +- 2054.05  	chisq 4.14805 (5 df)

Iteration 7:  28000000 integrand evaluations so far
[1] -77148.2 +- 1911.76  	chisq 6.85077 (6 df)

Iteration 8:  36000000 integrand evaluations so far
[1] -77295.1 +- 1549.99  	chisq 6.868 (7 df)

Iteration 9:  45000000 integrand evaluations so far
[1] -77210.7 +- 1393.33  	chisq 6.88346 (8 df)

Iteration 10:  55000000 integrand evaluations so far
[1] -76664 +- 1006.52  	chisq 7.20546 (9 df)
   -76.7 ±      1 ·10⁺⁰³ (3.82mi) ┃Vegas input parameters:
  ndim 8
  ncomp 1
  nvec 1
  epsrel 0
  epsabs 0
  flags 10
  seed 123456
  mineval 5000000
  maxeval 50000000
  nstart 1000000
  nincrease 1000000
  nbatch 5000
  gridno 0
  statefile ""

Iteration 1:  1000000 integrand evaluations so far
[1] 109315 +- 13887.6  	chisq 0 (0 df)

Iteration 2:  3000000 integrand evaluations so far
[1] 116514 +- 2602.2  	chisq 0.278493 (1 df)

Iteration 3:  6000000 integrand evaluations so far
[1] 118540 +- 1031.69  	chisq 0.997491 (2 df)

Iteration 4:  10000000 integrand evaluations so far
[1] 119302 +- 767.165  	chisq 2.21769 (3 df)

Iteration 5:  15000000 integrand evaluations so far
[1] 119580 +- 488.651  	chisq 2.43851 (4 df)

Iteration 6:  21000000 integrand evaluations so far
[1] 119888 +- 322.716  	chisq 3.1446 (5 df)

Iteration 7:  28000000 integrand evaluations so far
[1] 119946 +- 240.393  	chisq 3.21586 (6 df)

Iteration 8:  36000000 integrand evaluations so far
[1] 120180 +- 198.145  	chisq 6.17899 (7 df)

Iteration 9:  45000000 integrand evaluations so far
[1] 120274 +- 168.22  	chisq 6.98731 (8 df)

Iteration 10:  55000000 integrand evaluations so far
[1] 120386 +- 149.553  	chisq 9.10814 (9 df)
  120.39 ±   0.15 ·10⁺⁰³ (1.48mi) ┃    76.4 ±      1 ·10⁺⁰³ (8.06mi) ┃
┃ -1.8 -  -1.7 ┃  34.811 ±  0.014 ·10⁺⁰³ (1.26mi) ┃       0 ±      0        ( 230ms) ┃Vegas input parameters:
  ndim 10
  ncomp 1
  nvec 1
  epsrel 0
  epsabs 0
  flags 10
  seed 123456
  mineval 50000000
  maxeval 50000000
  nstart 1000000
  nincrease 1000000
  nbatch 5000
  gridno 0
  statefile ""

Iteration 1:  1000000 integrand evaluations so far
[1] -60720.3 +- 9554.95  	chisq 0 (0 df)

Iteration 2:  3000000 integrand evaluations so far
[1] -74004 +- 6000.31  	chisq 3.19131 (1 df)

Iteration 3:  6000000 integrand evaluations so far
[1] -78337.9 +- 3045.46  	chisq 3.89401 (2 df)

Iteration 4:  10000000 integrand evaluations so far
[1] -80593.1 +- 2446.06  	chisq 5.43915 (3 df)

Iteration 5:  15000000 integrand evaluations so far
[1] -80742.4 +- 1711.03  	chisq 5.44644 (4 df)

Iteration 6:  21000000 integrand evaluations so far
[1] -82459.2 +- 1195.99  	chisq 7.41517 (5 df)

Iteration 7:  28000000 integrand evaluations so far
[1] -83347.3 +- 962.591  	chisq 8.9804 (6 df)

Iteration 8:  36000000 integrand evaluations so far
[1] -84322.6 +- 811.143  	chisq 12.5215 (7 df)

Iteration 9:  45000000 integrand evaluations so far
[1] -83817.1 +- 739.17  	chisq 14.811 (8 df)

Iteration 10:  55000000 integrand evaluations so far
[1] -83871.5 +- 664.549  	chisq 14.8392 (9 df)
  -83.87 ±   0.66 ·10⁺⁰³ (3.72mi) ┃Vegas input parameters:
  ndim 8
  ncomp 1
  nvec 1
  epsrel 0
  epsabs 0
  flags 10
  seed 123456
  mineval 5000000
  maxeval 50000000
  nstart 1000000
  nincrease 1000000
  nbatch 5000
  gridno 0
  statefile ""

Iteration 1:  1000000 integrand evaluations so far
[1] 116220 +- 18221.5  	chisq 0 (0 df)

Iteration 2:  3000000 integrand evaluations so far
[1] 132588 +- 8187.85  	chisq 1.01109 (1 df)

Iteration 3:  6000000 integrand evaluations so far
[1] 126764 +- 2482.7  	chisq 1.56838 (2 df)

Iteration 4:  10000000 integrand evaluations so far
[1] 125814 +- 843.922  	chisq 1.73369 (3 df)

Iteration 5:  15000000 integrand evaluations so far
[1] 127621 +- 466.941  	chisq 8.33955 (4 df)

Iteration 6:  21000000 integrand evaluations so far
[1] 127289 +- 332.476  	chisq 9.36417 (5 df)

Iteration 7:  28000000 integrand evaluations so far
[1] 127517 +- 258.493  	chisq 10.5471 (6 df)

Iteration 8:  36000000 integrand evaluations so far
[1] 127734 +- 209.9  	chisq 12.6221 (7 df)

Iteration 9:  45000000 integrand evaluations so far
[1] 127759 +- 176.946  	chisq 12.67 (8 df)

Iteration 10:  55000000 integrand evaluations so far
[1] 127720 +- 153.933  	chisq 12.8622 (9 df)
  127.72 ±   0.15 ·10⁺⁰³ (1.48mi) ┃   78.66 ±   0.68 ·10⁺⁰³ (6.46mi) ┃
┃ -1.7 -  -1.6 ┃  35.079 ±  0.032 ·10⁺⁰³ ( 41.1s) ┃       0 ±      0        ( 209ms) ┃Vegas input parameters:
  ndim 10
  ncomp 1
  nvec 1
  epsrel 0
  epsabs 0
  flags 10
  seed 123456
  mineval 50000000
  maxeval 50000000
  nstart 1000000
  nincrease 1000000
  nbatch 5000
  gridno 0
  statefile ""

Iteration 1:  1000000 integrand evaluations so far
[1] -91886.9 +- 27037.8  	chisq 0 (0 df)

Iteration 2:  3000000 integrand evaluations so far
[1] -80588.7 +- 8175.42  	chisq 0.192183 (1 df)

Iteration 3:  6000000 integrand evaluations so far
[1] -86543.7 +- 4978.13  	chisq 1.03539 (2 df)

Iteration 4:  10000000 integrand evaluations so far
[1] -84959.2 +- 2976.57  	chisq 1.19308 (3 df)

Iteration 5:  15000000 integrand evaluations so far
[1] -87790.3 +- 1793.46  	chisq 2.61337 (4 df)

Iteration 6:  21000000 integrand evaluations so far
[1] -88808.5 +- 1455.63  	chisq 3.55788 (5 df)

Iteration 7:  28000000 integrand evaluations so far
[1] -88160.1 +- 1257.74  	chisq 4.34079 (6 df)

Iteration 8:  36000000 integrand evaluations so far
[1] -87363.9 +- 1088.95  	chisq 5.94147 (7 df)

Iteration 9:  45000000 integrand evaluations so far
[1] -87575.5 +- 959.709  	chisq 6.11068 (8 df)

Iteration 10:  55000000 integrand evaluations so far
[1] -88357.8 +- 876.913  	chisq 10.1345 (9 df)
  -88.36 ±   0.88 ·10⁺⁰³ (3.82mi) ┃Vegas input parameters:
  ndim 8
  ncomp 1
  nvec 1
  epsrel 0
  epsabs 0
  flags 10
  seed 123456
  mineval 5000000
  maxeval 50000000
  nstart 1000000
  nincrease 1000000
  nbatch 5000
  gridno 0
  statefile ""

Iteration 1:  1000000 integrand evaluations so far
[1] 164473 +- 28134.6  	chisq 0 (0 df)

Iteration 2:  3000000 integrand evaluations so far
[1] 135268 +- 3569.29  	chisq 1.09517 (1 df)

Iteration 3:  6000000 integrand evaluations so far
[1] 135415 +- 1255.5  	chisq 1.09709 (2 df)

Iteration 4:  10000000 integrand evaluations so far
[1] 135265 +- 723.877  	chisq 1.1183 (3 df)

Iteration 5:  15000000 integrand evaluations so far
[1] 135070 +- 468.469  	chisq 1.24307 (4 df)

Iteration 6:  21000000 integrand evaluations so far
[1] 134608 +- 346.323  	chisq 3.3905 (5 df)

Iteration 7:  28000000 integrand evaluations so far
[1] 134711 +- 271.937  	chisq 3.61834 (6 df)

Iteration 8:  36000000 integrand evaluations so far
[1] 134912 +- 222.112  	chisq 5.26235 (7 df)

Iteration 9:  45000000 integrand evaluations so far
[1] 135039 +- 188.528  	chisq 6.43657 (8 df)

Iteration 10:  55000000 integrand evaluations so far
[1] 134992 +- 163.692  	chisq 6.68965 (9 df)
  134.99 ±   0.16 ·10⁺⁰³ (1.44mi) ┃   81.71 ±   0.89 ·10⁺⁰³ (5.95mi) ┃
┃ -1.6 -  -1.5 ┃  37.158 ±  0.033 ·10⁺⁰³ (2.24mi) ┃       0 ±      0        ( 202ms) ┃Vegas input parameters:
  ndim 10
  ncomp 1
  nvec 1
  epsrel 0
  epsabs 0
  flags 10
  seed 123456
  mineval 50000000
  maxeval 50000000
  nstart 1000000
  nincrease 1000000
  nbatch 5000
  gridno 0
  statefile ""

Iteration 1:  1000000 integrand evaluations so far
[1] -76137.4 +- 11137.1  	chisq 0 (0 df)

Iteration 2:  3000000 integrand evaluations so far
[1] -88150.9 +- 5215.33  	chisq 1.4904 (1 df)

Iteration 3:  6000000 integrand evaluations so far
[1] -89441.8 +- 4444.39  	chisq 1.71418 (2 df)

Iteration 4:  10000000 integrand evaluations so far
[1] -88359.3 +- 3024.95  	chisq 1.82471 (3 df)

Iteration 5:  15000000 integrand evaluations so far
[1] -88844.9 +- 2045.46  	chisq 1.87219 (4 df)

Iteration 6:  21000000 integrand evaluations so far
[1] -90762.5 +- 1569.76  	chisq 4.01061 (5 df)

Iteration 7:  28000000 integrand evaluations so far
[1] -90881.6 +- 1481.16  	chisq 4.06307 (6 df)

Iteration 8:  36000000 integrand evaluations so far
[1] -92742.4 +- 1231.08  	chisq 9.16779 (7 df)

Iteration 9:  45000000 integrand evaluations so far
[1] -93205.6 +- 938.245  	chisq 9.5056 (8 df)

Iteration 10:  55000000 integrand evaluations so far
[1] -93249.3 +- 937.263  	chisq 10.5413 (9 df)
  -93.25 ±   0.94 ·10⁺⁰³ (3.76mi) ┃Vegas input parameters:
  ndim 8
  ncomp 1
  nvec 1
  epsrel 0
  epsabs 0
  flags 10
  seed 123456
  mineval 5000000
  maxeval 50000000
  nstart 1000000
  nincrease 1000000
  nbatch 5000
  gridno 0
  statefile ""

Iteration 1:  1000000 integrand evaluations so far
[1] 182856 +- 40788.4  	chisq 0 (0 df)

Iteration 2:  3000000 integrand evaluations so far
[1] 150198 +- 6113.65  	chisq 0.655795 (1 df)

Iteration 3:  6000000 integrand evaluations so far
[1] 143967 +- 1537.24  	chisq 1.76467 (2 df)

Iteration 4:  10000000 integrand evaluations so far
[1] 141743 +- 677.369  	chisq 4.36322 (3 df)

Iteration 5:  15000000 integrand evaluations so far
[1] 142524 +- 440.226  	chisq 6.66828 (4 df)

Iteration 6:  21000000 integrand evaluations so far
[1] 141954 +- 326.381  	chisq 10.3972 (5 df)

Iteration 7:  28000000 integrand evaluations so far
[1] 142125 +- 267.585  	chisq 11.2322 (6 df)

Iteration 8:  36000000 integrand evaluations so far
[1] 142367 +- 224.851  	chisq 14.0247 (7 df)

Iteration 9:  45000000 integrand evaluations so far
[1] 142476 +- 193.112  	chisq 14.9149 (8 df)

Iteration 10:  55000000 integrand evaluations so far
[1] 142373 +- 169.2  	chisq 16.1381 (9 df)
  142.37 ±   0.17 ·10⁺⁰³ (1.39mi) ┃   86.28 ±   0.95 ·10⁺⁰³ ( 7.4mi) ┃
┃ -1.5 -  -1.4 ┃  39.403 ±  0.039 ·10⁺⁰³ (2.21mi) ┃-48.9601 ± 0.0028 ·10⁺⁰³ (13.1mi) ┃Vegas input parameters:
  ndim 10
  ncomp 1
  nvec 1
  epsrel 0
  epsabs 0
  flags 10
  seed 123456
  mineval 50000000
  maxeval 50000000
  nstart 1000000
  nincrease 1000000
  nbatch 5000
  gridno 0
  statefile ""

Iteration 1:  1000000 integrand evaluations so far
[1] -1.58637e+06 +- 1.51222e+06  	chisq 0 (0 df)

Iteration 2:  3000000 integrand evaluations so far
[1] -117672 +- 32762.1  	chisq 0.943711 (1 df)

Iteration 3:  6000000 integrand evaluations so far
[1] -75426.2 +- 11014.2  	chisq 2.81828 (2 df)

Iteration 4:  10000000 integrand evaluations so far
[1] -86954.4 +- 3721.37  	chisq 4.05496 (3 df)

Iteration 5:  15000000 integrand evaluations so far
[1] -86859.1 +- 3557.33  	chisq 4.06257 (4 df)

Iteration 6:  21000000 integrand evaluations so far
[1] -91899.8 +- 2553.56  	chisq 8.20493 (5 df)

Iteration 7:  28000000 integrand evaluations so far
[1] -93279.6 +- 1622.47  	chisq 8.69454 (6 df)

Iteration 8:  36000000 integrand evaluations so far
[1] -93085.5 +- 1493.73  	chisq 8.78844 (7 df)

Iteration 9:  45000000 integrand evaluations so far
[1] -93935.4 +- 1273.38  	chisq 9.97335 (8 df)

Iteration 10:  55000000 integrand evaluations so far
[1] -95560.8 +- 1000.61  	chisq 14.2323 (9 df)
   -95.6 ±      1 ·10⁺⁰³ (3.66mi) ┃Vegas input parameters:
  ndim 8
  ncomp 1
  nvec 1
  epsrel 0
  epsabs 0
  flags 10
  seed 123456
  mineval 5000000
  maxeval 50000000
  nstart 1000000
  nincrease 1000000
  nbatch 5000
  gridno 0
  statefile ""

Iteration 1:  1000000 integrand evaluations so far
[1] 129431 +- 19145.9  	chisq 0 (0 df)

Iteration 2:  3000000 integrand evaluations so far
[1] 146576 +- 3574.72  	chisq 0.83079 (1 df)

Iteration 3:  6000000 integrand evaluations so far
[1] 146771 +- 1434.01  	chisq 0.834344 (2 df)

Iteration 4:  10000000 integrand evaluations so far
[1] 149503 +- 884.205  	chisq 6.69314 (3 df)

Iteration 5:  15000000 integrand evaluations so far
[1] 149705 +- 570.263  	chisq 6.78176 (4 df)

Iteration 6:  21000000 integrand evaluations so far
[1] 149209 +- 390.896  	chisq 8.20419 (5 df)

Iteration 7:  28000000 integrand evaluations so far
[1] 149105 +- 299.09  	chisq 8.37513 (6 df)

Iteration 8:  36000000 integrand evaluations so far
[1] 149302 +- 245.193  	chisq 9.69105 (7 df)

Iteration 9:  45000000 integrand evaluations so far
[1] 149366 +- 208.054  	chisq 9.93994 (8 df)

Iteration 10:  55000000 integrand evaluations so far
[1] 149286 +- 181.118  	chisq 10.5616 (9 df)
  149.29 ±   0.18 ·10⁺⁰³ (1.36mi) ┃    44.2 ±      1 ·10⁺⁰³ (20.4mi) ┃
┃ -1.4 -  -1.3 ┃   42.24 ±   0.02 ·10⁺⁰³ ( 30.1s) ┃-51.1365 ± 0.0022 ·10⁺⁰³ (3.32mi) ┃Vegas input parameters:
  ndim 10
  ncomp 1
  nvec 1
  epsrel 0
  epsabs 0
  flags 10
  seed 123456
  mineval 50000000
  maxeval 50000000
  nstart 1000000
  nincrease 1000000
  nbatch 5000
  gridno 0
  statefile ""

Iteration 1:  1000000 integrand evaluations so far
[1] -134310 +- 38092.3  	chisq 0 (0 df)

Iteration 2:  3000000 integrand evaluations so far
[1] -94273.4 +- 9826.73  	chisq 1.18344 (1 df)

Iteration 3:  6000000 integrand evaluations so far
[1] -93305 +- 7582.03  	chisq 1.20744 (2 df)

Iteration 4:  10000000 integrand evaluations so far
[1] -96970.3 +- 4641.08  	chisq 1.58115 (3 df)

Iteration 5:  15000000 integrand evaluations so far
[1] -99909.8 +- 2500.07  	chisq 2.14633 (4 df)

Iteration 6:  21000000 integrand evaluations so far
[1] -99814.3 +- 1981.88  	chisq 2.15026 (5 df)

Iteration 7:  28000000 integrand evaluations so far
[1] -100084 +- 1971.22  	chisq 3.88195 (6 df)

Iteration 8:  36000000 integrand evaluations so far
[1] -100040 +- 1783.34  	chisq 3.88471 (7 df)

Iteration 9:  45000000 integrand evaluations so far
[1] -99283 +- 1412.6  	chisq 4.36877 (8 df)

Iteration 10:  55000000 integrand evaluations so far
[1] -100591 +- 1147.19  	chisq 6.88808 (9 df)
  -100.6 ±    1.1 ·10⁺⁰³ (3.62mi) ┃Vegas input parameters:
  ndim 8
  ncomp 1
  nvec 1
  epsrel 0
  epsabs 0
  flags 10
  seed 123456
  mineval 5000000
  maxeval 50000000
  nstart 1000000
  nincrease 1000000
  nbatch 5000
  gridno 0
  statefile ""

Iteration 1:  1000000 integrand evaluations so far
[1] 152392 +- 22170.3  	chisq 0 (0 df)

Iteration 2:  3000000 integrand evaluations so far
[1] 154808 +- 4277.95  	chisq 0.0123359 (1 df)

Iteration 3:  6000000 integrand evaluations so far
[1] 157717 +- 1646.2  	chisq 0.555199 (2 df)

Iteration 4:  10000000 integrand evaluations so far
[1] 157598 +- 1357.98  	chisq 0.571786 (3 df)

Iteration 5:  15000000 integrand evaluations so far
[1] 156142 +- 861.189  	chisq 2.49438 (4 df)

Iteration 6:  21000000 integrand evaluations so far
[1] 155044 +- 500.218  	chisq 4.94619 (5 df)

Iteration 7:  28000000 integrand evaluations so far
[1] 155313 +- 347.872  	chisq 5.50478 (6 df)

Iteration 8:  36000000 integrand evaluations so far
[1] 155823 +- 273.928  	chisq 11.1632 (7 df)

Iteration 9:  45000000 integrand evaluations so far
[1] 156069 +- 228.773  	chisq 13.8259 (8 df)

Iteration 10:  55000000 integrand evaluations so far
[1] 156177 +- 200.285  	chisq 14.7831 (9 df)
  156.18 ±    0.2 ·10⁺⁰³ (1.28mi) ┃    46.7 ±    1.2 ·10⁺⁰³ (8.72mi) ┃
┃ -1.3 -  -1.2 ┃ 43.1805 ± 0.0089 ·10⁺⁰³ (   36s) ┃ -53.252 ±   0.02 ·10⁺⁰³ (1.66mi) ┃Vegas input parameters:
  ndim 10
  ncomp 1
  nvec 1
  epsrel 0
  epsabs 0
  flags 10
  seed 123456
  mineval 50000000
  maxeval 50000000
  nstart 1000000
  nincrease 1000000
  nbatch 5000
  gridno 0
  statefile ""

Iteration 1:  1000000 integrand evaluations so far
[1] -81616.1 +- 16064.1  	chisq 0 (0 df)

Iteration 2:  3000000 integrand evaluations so far
[1] -99017 +- 9941.12  	chisq 1.9016 (1 df)

Iteration 3:  6000000 integrand evaluations so far
[1] -100628 +- 5253.36  	chisq 1.93803 (2 df)

Iteration 4:  10000000 integrand evaluations so far
[1] -105630 +- 4141.63  	chisq 4.33363 (3 df)

Iteration 5:  15000000 integrand evaluations so far
[1] -108547 +- 2651.86  	chisq 5.17456 (4 df)

Iteration 6:  21000000 integrand evaluations so far
[1] -107391 +- 2435.93  	chisq 6.39086 (5 df)

Iteration 7:  28000000 integrand evaluations so far
[1] -107692 +- 2193.24  	chisq 6.47139 (6 df)

Iteration 8:  36000000 integrand evaluations so far
[1] -107956 +- 1747.39  	chisq 6.51094 (7 df)

Iteration 9:  45000000 integrand evaluations so far
[1] -107404 +- 1471.54  	chisq 6.85424 (8 df)

Iteration 10:  55000000 integrand evaluations so far
[1] -107368 +- 1139.24  	chisq 6.85568 (9 df)
  -107.4 ±    1.1 ·10⁺⁰³ (3.54mi) ┃Vegas input parameters:
  ndim 8
  ncomp 1
  nvec 1
  epsrel 0
  epsabs 0
  flags 10
  seed 123456
  mineval 5000000
  maxeval 50000000
  nstart 1000000
  nincrease 1000000
  nbatch 5000
  gridno 0
  statefile ""

Iteration 1:  1000000 integrand evaluations so far
[1] 150977 +- 25209.2  	chisq 0 (0 df)

Iteration 2:  3000000 integrand evaluations so far
[1] 164027 +- 5352.62  	chisq 0.280655 (1 df)

Iteration 3:  6000000 integrand evaluations so far
[1] 161468 +- 1645.79  	chisq 0.533173 (2 df)

Iteration 4:  10000000 integrand evaluations so far
[1] 163800 +- 1057.91  	chisq 3.95367 (3 df)

Iteration 5:  15000000 integrand evaluations so far
[1] 162917 +- 649.811  	chisq 5.07105 (4 df)

Iteration 6:  21000000 integrand evaluations so far
[1] 162092 +- 441.794  	chisq 8.06966 (5 df)

Iteration 7:  28000000 integrand evaluations so far
[1] 162313 +- 339.07  	chisq 8.67876 (6 df)

Iteration 8:  36000000 integrand evaluations so far
[1] 162778 +- 276.74  	chisq 14.3097 (7 df)

Iteration 9:  45000000 integrand evaluations so far
[1] 162856 +- 233.331  	chisq 14.5872 (8 df)

Iteration 10:  55000000 integrand evaluations so far
[1] 162844 +- 202.501  	chisq 14.5979 (9 df)
  162.84 ±    0.2 ·10⁺⁰³ (1.24mi) ┃    45.4 ±    1.2 ·10⁺⁰³ (7.04mi) ┃
┃ -1.2 -  -1.1 ┃  44.357 ±  0.026 ·10⁺⁰³ (1.21mi) ┃ -55.205 ±  0.031 ·10⁺⁰³ ( 55.8s) ┃Vegas input parameters:
  ndim 10
  ncomp 1
  nvec 1
  epsrel 0
  epsabs 0
  flags 10
  seed 123456
  mineval 50000000
  maxeval 50000000
  nstart 1000000
  nincrease 1000000
  nbatch 5000
  gridno 0
  statefile ""

Iteration 1:  1000000 integrand evaluations so far
[1] -130777 +- 72090.7  	chisq 0 (0 df)

Iteration 2:  3000000 integrand evaluations so far
[1] -155495 +- 62042.9  	chisq 0.453357 (1 df)

Iteration 3:  6000000 integrand evaluations so far
[1] -106018 +- 17867.6  	chisq 1.14684 (2 df)

Iteration 4:  10000000 integrand evaluations so far
[1] -107566 +- 15757.3  	chisq 1.18061 (3 df)

Iteration 5:  15000000 integrand evaluations so far
[1] -113887 +- 9149.32  	chisq 1.42339 (4 df)

Iteration 6:  21000000 integrand evaluations so far
[1] -106281 +- 3361.56  	chisq 2.22237 (5 df)

Iteration 7:  28000000 integrand evaluations so far
[1] -110162 +- 2141.36  	chisq 4.46568 (6 df)

Iteration 8:  36000000 integrand evaluations so far
[1] -109823 +- 1762.68  	chisq 4.54327 (7 df)

Iteration 9:  45000000 integrand evaluations so far
[1] -109632 +- 1568.14  	chisq 4.5999 (8 df)

Iteration 10:  55000000 integrand evaluations so far
[1] -111719 +- 1213.01  	chisq 9.01161 (9 df)
  -111.7 ±    1.2 ·10⁺⁰³ (3.61mi) ┃Vegas input parameters:
  ndim 8
  ncomp 1
  nvec 1
  epsrel 0
  epsabs 0
  flags 10
  seed 123456
  mineval 5000000
  maxeval 50000000
  nstart 1000000
  nincrease 1000000
  nbatch 5000
  gridno 0
  statefile ""

Iteration 1:  1000000 integrand evaluations so far
[1] 154295 +- 15749.5  	chisq 0 (0 df)

Iteration 2:  3000000 integrand evaluations so far
[1] 166322 +- 4470.31  	chisq 0.634237 (1 df)

Iteration 3:  6000000 integrand evaluations so far
[1] 168464 +- 1489.79  	chisq 0.892452 (2 df)

Iteration 4:  10000000 integrand evaluations so far
[1] 169011 +- 793.045  	chisq 1.08052 (3 df)

Iteration 5:  15000000 integrand evaluations so far
[1] 168849 +- 518.084  	chisq 1.15247 (4 df)

Iteration 6:  21000000 integrand evaluations so far
[1] 168660 +- 410.745  	chisq 1.51238 (5 df)

Iteration 7:  28000000 integrand evaluations so far
[1] 168964 +- 335.881  	chisq 3.1609 (6 df)

Iteration 8:  36000000 integrand evaluations so far
[1] 169103 +- 277.886  	chisq 3.71067 (7 df)

Iteration 9:  45000000 integrand evaluations so far
[1] 169074 +- 236.185  	chisq 3.75104 (8 df)

Iteration 10:  55000000 integrand evaluations so far
[1] 168978 +- 205.748  	chisq 4.43121 (9 df)
  168.98 ±   0.21 ·10⁺⁰³ (1.33mi) ┃    46.4 ±    1.2 ·10⁺⁰³ (7.08mi) ┃
┃ -1.1 -    -1 ┃   46.28 ±  0.033 ·10⁺⁰³ ( 55.7s) ┃ -57.088 ±  0.049 ·10⁺⁰³ ( 13.1s) ┃Vegas input parameters:
  ndim 10
  ncomp 1
  nvec 1
  epsrel 0
  epsabs 0
  flags 10
  seed 123456
  mineval 50000000
  maxeval 50000000
  nstart 1000000
  nincrease 1000000
  nbatch 5000
  gridno 0
  statefile ""

Iteration 1:  1000000 integrand evaluations so far
[1] -102166 +- 19186.6  	chisq 0 (0 df)

Iteration 2:  3000000 integrand evaluations so far
[1] -109630 +- 18517.6  	chisq 2.20805 (1 df)

Iteration 3:  6000000 integrand evaluations so far
[1] -93743.2 +- 5934.8  	chisq 3.02831 (2 df)

Iteration 4:  10000000 integrand evaluations so far
[1] -100135 +- 4908.82  	chisq 6.70036 (3 df)

Iteration 5:  15000000 integrand evaluations so far
[1] -108982 +- 2650.83  	chisq 11.286 (4 df)

Iteration 6:  21000000 integrand evaluations so far
[1] -111265 +- 2067.82  	chisq 13.1808 (5 df)

Iteration 7:  28000000 integrand evaluations so far
[1] -114247 +- 1560.92  	chisq 18.0153 (6 df)

Iteration 8:  36000000 integrand evaluations so far
[1] -115474 +- 1216.18  	chisq 19.5859 (7 df)

Iteration 9:  45000000 integrand evaluations so far
[1] -115534 +- 1090.74  	chisq 19.5985 (8 df)

Iteration 10:  55000000 integrand evaluations so far
[1] -115037 +- 1005.39  	chisq 20.9785 (9 df)
    -115 ±      1 ·10⁺⁰³ ( 3.5mi) ┃Vegas input parameters:
  ndim 8
  ncomp 1
  nvec 1
  epsrel 0
  epsabs 0
  flags 10
  seed 123456
  mineval 5000000
  maxeval 50000000
  nstart 1000000
  nincrease 1000000
  nbatch 5000
  gridno 0
  statefile ""

Iteration 1:  1000000 integrand evaluations so far
[1] 169845 +- 26124.8  	chisq 0 (0 df)

Iteration 2:  3000000 integrand evaluations so far
[1] 179893 +- 9303.56  	chisq 0.16942 (1 df)

Iteration 3:  6000000 integrand evaluations so far
[1] 178494 +- 2354.9  	chisq 0.193579 (2 df)

Iteration 4:  10000000 integrand evaluations so far
[1] 176216 +- 1016.85  	chisq 1.34446 (3 df)

Iteration 5:  15000000 integrand evaluations so far
[1] 175575 +- 600.972  	chisq 1.95434 (4 df)

Iteration 6:  21000000 integrand evaluations so far
[1] 174824 +- 458.766  	chisq 5.70163 (5 df)

Iteration 7:  28000000 integrand evaluations so far
[1] 175202 +- 366.996  	chisq 7.58775 (6 df)

Iteration 8:  36000000 integrand evaluations so far
[1] 175391 +- 299.187  	chisq 8.38445 (7 df)

Iteration 9:  45000000 integrand evaluations so far
[1] 175431 +- 253.21  	chisq 8.4456 (8 df)

Iteration 10:  55000000 integrand evaluations so far
[1] 175425 +- 220.348  	chisq 8.44763 (9 df)
  175.43 ±   0.22 ·10⁺⁰³ (1.31mi) ┃    49.6 ±      1 ·10⁺⁰³ (5.95mi) ┃
┃   -1 -  -0.9 ┃  47.646 ±  0.031 ·10⁺⁰³ (1.91mi) ┃ -58.832 ±  0.047 ·10⁺⁰³ ( 57.2s) ┃Vegas input parameters:
  ndim 10
  ncomp 1
  nvec 1
  epsrel 0
  epsabs 0
  flags 10
  seed 123456
  mineval 50000000
  maxeval 50000000
  nstart 1000000
  nincrease 1000000
  nbatch 5000
  gridno 0
  statefile ""

Iteration 1:  1000000 integrand evaluations so far
[1] -79998.6 +- 17143.8  	chisq 0 (0 df)

Iteration 2:  3000000 integrand evaluations so far
[1] -104414 +- 9725.06  	chisq 2.99063 (1 df)

Iteration 3:  6000000 integrand evaluations so far
[1] -116898 +- 6443.86  	chisq 5.92789 (2 df)

Iteration 4:  10000000 integrand evaluations so far
[1] -124385 +- 4125.1  	chisq 8.21526 (3 df)

Iteration 5:  15000000 integrand evaluations so far
[1] -120238 +- 2862.42  	chisq 10.1642 (4 df)

Iteration 6:  21000000 integrand evaluations so far
[1] -120507 +- 1815.36  	chisq 10.179 (5 df)

Iteration 7:  28000000 integrand evaluations so far
[1] -121161 +- 1360.96  	chisq 10.4746 (6 df)

Iteration 8:  36000000 integrand evaluations so far
[1] -121809 +- 1245.35  	chisq 11.8699 (7 df)

Iteration 9:  45000000 integrand evaluations so far
[1] -121350 +- 1055.91  	chisq 12.3535 (8 df)

Iteration 10:  55000000 integrand evaluations so far
[1] -121334 +- 855.707  	chisq 12.3541 (9 df)
 -121.33 ±   0.86 ·10⁺⁰³ (3.33mi) ┃Vegas input parameters:
  ndim 8
  ncomp 1
  nvec 1
  epsrel 0
  epsabs 0
  flags 10
  seed 123456
  mineval 5000000
  maxeval 50000000
  nstart 1000000
  nincrease 1000000
  nbatch 5000
  gridno 0
  statefile ""

Iteration 1:  1000000 integrand evaluations so far
[1] 140292 +- 11925.2  	chisq 0 (0 df)

Iteration 2:  3000000 integrand evaluations so far
[1] 168661 +- 5921.7  	chisq 7.51157 (1 df)

Iteration 3:  6000000 integrand evaluations so far
[1] 178121 +- 3510.43  	chisq 11.446 (2 df)

Iteration 4:  10000000 integrand evaluations so far
[1] 180774 +- 1568.47  	chisq 12.16 (3 df)

Iteration 5:  15000000 integrand evaluations so far
[1] 181108 +- 786.405  	chisq 12.2205 (4 df)

Iteration 6:  21000000 integrand evaluations so far
[1] 180655 +- 549.12  	chisq 12.8686 (5 df)

Iteration 7:  28000000 integrand evaluations so far
[1] 180987 +- 413.159  	chisq 13.7109 (6 df)

Iteration 8:  36000000 integrand evaluations so far
[1] 181199 +- 327.823  	chisq 14.4199 (7 df)

Iteration 9:  45000000 integrand evaluations so far
[1] 181119 +- 272.3  	chisq 14.6112 (8 df)

Iteration 10:  55000000 integrand evaluations so far
[1] 181060 +- 234.231  	chisq 14.7927 (9 df)
  181.06 ±   0.23 ·10⁺⁰³ ( 1.3mi) ┃   48.54 ±   0.89 ·10⁺⁰³ (7.49mi) ┃
┃ -0.9 -  -0.8 ┃  49.533 ±  0.041 ·10⁺⁰³ (1.69mi) ┃ -60.446 ±   0.05 ·10⁺⁰³ ( 29.3s) ┃Vegas input parameters:
  ndim 10
  ncomp 1
  nvec 1
  epsrel 0
  epsabs 0
  flags 10
  seed 123456
  mineval 50000000
  maxeval 50000000
  nstart 1000000
  nincrease 1000000
  nbatch 5000
  gridno 0
  statefile ""

Iteration 1:  1000000 integrand evaluations so far
[1] -201616 +- 89425  	chisq 0 (0 df)

Iteration 2:  3000000 integrand evaluations so far
[1] -138495 +- 16364  	chisq 0.515493 (1 df)

Iteration 3:  6000000 integrand evaluations so far
[1] -129245 +- 13758.5  	chisq 1.60564 (2 df)

Iteration 4:  10000000 integrand evaluations so far
[1] -126856 +- 8354.45  	chisq 1.65341 (3 df)

Iteration 5:  15000000 integrand evaluations so far
[1] -119930 +- 3641.16  	chisq 2.50187 (4 df)

Iteration 6:  21000000 integrand evaluations so far
[1] -122022 +- 2162.14  	chisq 3.01199 (5 df)

Iteration 7:  28000000 integrand evaluations so far
[1] -121934 +- 1605.32  	chisq 3.01573 (6 df)

Iteration 8:  36000000 integrand evaluations so far
[1] -121292 +- 1253.89  	chisq 3.42488 (7 df)

Iteration 9:  45000000 integrand evaluations so far
[1] -122219 +- 1043.54  	chisq 5.19969 (8 df)

Iteration 10:  55000000 integrand evaluations so far
[1] -122948 +- 934.714  	chisq 7.67461 (9 df)
 -122.95 ±   0.93 ·10⁺⁰³ (3.44mi) ┃Vegas input parameters:
  ndim 8
  ncomp 1
  nvec 1
  epsrel 0
  epsabs 0
  flags 10
  seed 123456
  mineval 5000000
  maxeval 50000000
  nstart 1000000
  nincrease 1000000
  nbatch 5000
  gridno 0
  statefile ""

Iteration 1:  1000000 integrand evaluations so far
[1] 158745 +- 24497.1  	chisq 0 (0 df)

Iteration 2:  3000000 integrand evaluations so far
[1] 186962 +- 4870.39  	chisq 1.38135 (1 df)

Iteration 3:  6000000 integrand evaluations so far
[1] 183261 +- 1737.99  	chisq 2.043 (2 df)

Iteration 4:  10000000 integrand evaluations so far
[1] 184724 +- 970.597  	chisq 3.07348 (3 df)

Iteration 5:  15000000 integrand evaluations so far
[1] 185553 +- 627.133  	chisq 4.32423 (4 df)

Iteration 6:  21000000 integrand evaluations so far
[1] 185564 +- 459.396  	chisq 4.32498 (5 df)

Iteration 7:  28000000 integrand evaluations so far
[1] 186251 +- 365.892  	chisq 10.4264 (6 df)

Iteration 8:  36000000 integrand evaluations so far
[1] 186501 +- 306.703  	chisq 12.0016 (7 df)

Iteration 9:  45000000 integrand evaluations so far
[1] 186467 +- 263.795  	chisq 12.0486 (8 df)

Iteration 10:  55000000 integrand evaluations so far
[1] 186435 +- 231.593  	chisq 12.1142 (9 df)
  186.43 ±   0.23 ·10⁺⁰³ (1.25mi) ┃   52.57 ±   0.97 ·10⁺⁰³ (6.87mi) ┃
┃ -0.8 -  -0.7 ┃  50.039 ±  0.034 ·10⁺⁰³ ( 39.3s) ┃ -61.959 ±  0.025 ·10⁺⁰³ ( 54.3s) ┃Vegas input parameters:
  ndim 10
  ncomp 1
  nvec 1
  epsrel 0
  epsabs 0
  flags 10
  seed 123456
  mineval 50000000
  maxeval 50000000
  nstart 1000000
  nincrease 1000000
  nbatch 5000
  gridno 0
  statefile ""

Iteration 1:  1000000 integrand evaluations so far
[1] -92260.6 +- 29328.4  	chisq 0 (0 df)

Iteration 2:  3000000 integrand evaluations so far
[1] -123305 +- 13855.8  	chisq 1.44236 (1 df)

Iteration 3:  6000000 integrand evaluations so far
[1] -119571 +- 9327.14  	chisq 1.57517 (2 df)

Iteration 4:  10000000 integrand evaluations so far
[1] -119015 +- 9214.68  	chisq 1.72343 (3 df)

Iteration 5:  15000000 integrand evaluations so far
[1] -123957 +- 7283.35  	chisq 2.4901 (4 df)

Iteration 6:  21000000 integrand evaluations so far
[1] -129370 +- 4245.66  	chisq 3.32678 (5 df)

Iteration 7:  28000000 integrand evaluations so far
[1] -131218 +- 3498.91  	chisq 3.91698 (6 df)

Iteration 8:  36000000 integrand evaluations so far
[1] -127583 +- 2704.7  	chisq 6.59798 (7 df)

Iteration 9:  45000000 integrand evaluations so far
[1] -128835 +- 2495.78  	chisq 8.04084 (8 df)

Iteration 10:  55000000 integrand evaluations so far
[1] -128455 +- 2174.44  	chisq 8.13723 (9 df)
  -128.5 ±    2.2 ·10⁺⁰³ (3.49mi) ┃Vegas input parameters:
  ndim 8
  ncomp 1
  nvec 1
  epsrel 0
  epsabs 0
  flags 10
  seed 123456
  mineval 5000000
  maxeval 50000000
  nstart 1000000
  nincrease 1000000
  nbatch 5000
  gridno 0
  statefile ""

Iteration 1:  1000000 integrand evaluations so far
[1] 211626 +- 29108.4  	chisq 0 (0 df)

Iteration 2:  3000000 integrand evaluations so far
[1] 190477 +- 6094.35  	chisq 0.552065 (1 df)

Iteration 3:  6000000 integrand evaluations so far
[1] 191936 +- 2282.82  	chisq 0.618686 (2 df)

Iteration 4:  10000000 integrand evaluations so far
[1] 191305 +- 1053.25  	chisq 0.715849 (3 df)

Iteration 5:  15000000 integrand evaluations so far
[1] 191575 +- 643.706  	chisq 0.821251 (4 df)

Iteration 6:  21000000 integrand evaluations so far
[1] 190493 +- 474.084  	chisq 6.99524 (5 df)

Iteration 7:  28000000 integrand evaluations so far
[1] 190650 +- 374.298  	chisq 7.28405 (6 df)

Iteration 8:  36000000 integrand evaluations so far
[1] 191011 +- 311.209  	chisq 10.3047 (7 df)

Iteration 9:  45000000 integrand evaluations so far
[1] 191122 +- 267.015  	chisq 10.7829 (8 df)

Iteration 10:  55000000 integrand evaluations so far
[1] 191214 +- 236.004  	chisq 11.3257 (9 df)
  191.21 ±   0.24 ·10⁺⁰³ (1.32mi) ┃    50.8 ±    2.2 ·10⁺⁰³ (6.38mi) ┃
┃ -0.7 -  -0.6 ┃  50.998 ±  0.049 ·10⁺⁰³ ( 9.19s) ┃ -63.177 ±   0.02 ·10⁺⁰³ ( 47.9s) ┃Vegas input parameters:
  ndim 10
  ncomp 1
  nvec 1
  epsrel 0
  epsabs 0
  flags 10
  seed 123456
  mineval 50000000
  maxeval 50000000
  nstart 1000000
  nincrease 1000000
  nbatch 5000
  gridno 0
  statefile ""

Iteration 1:  1000000 integrand evaluations so far
[1] -182278 +- 50946.3  	chisq 0 (0 df)

Iteration 2:  3000000 integrand evaluations so far
[1] -172461 +- 24942.9  	chisq 0.0488378 (1 df)

Iteration 3:  6000000 integrand evaluations so far
[1] -142521 +- 7441.54  	chisq 1.63049 (2 df)

Iteration 4:  10000000 integrand evaluations so far
[1] -141716 +- 7407.29  	chisq 2.9031 (3 df)

Iteration 5:  15000000 integrand evaluations so far
[1] -136344 +- 5306.03  	chisq 3.98354 (4 df)

Iteration 6:  21000000 integrand evaluations so far
[1] -135426 +- 2741.97  	chisq 4.02436 (5 df)

Iteration 7:  28000000 integrand evaluations so far
[1] -131528 +- 1709.42  	chisq 7.33064 (6 df)

Iteration 8:  36000000 integrand evaluations so far
[1] -131291 +- 1368.35  	chisq 7.38419 (7 df)

Iteration 9:  45000000 integrand evaluations so far
[1] -131607 +- 1312.2  	chisq 8.04754 (8 df)

Iteration 10:  55000000 integrand evaluations so far
[1] -129491 +- 1127.17  	chisq 17.9608 (9 df)
  -129.5 ±    1.1 ·10⁺⁰³ ( 3.4mi) ┃Vegas input parameters:
  ndim 8
  ncomp 1
  nvec 1
  epsrel 0
  epsabs 0
  flags 10
  seed 123456
  mineval 5000000
  maxeval 50000000
  nstart 1000000
  nincrease 1000000
  nbatch 5000
  gridno 0
  statefile ""

Iteration 1:  1000000 integrand evaluations so far
[1] 188101 +- 21361.8  	chisq 0 (0 df)

Iteration 2:  3000000 integrand evaluations so far
[1] 195718 +- 5122.92  	chisq 0.13492 (1 df)

Iteration 3:  6000000 integrand evaluations so far
[1] 193446 +- 1906.03  	chisq 0.363309 (2 df)

Iteration 4:  10000000 integrand evaluations so far
[1] 195533 +- 985.062  	chisq 1.9993 (3 df)

Iteration 5:  15000000 integrand evaluations so far
[1] 195615 +- 639.206  	chisq 2.01129 (4 df)

Iteration 6:  21000000 integrand evaluations so far
[1] 195770 +- 576.271  	chisq 2.32704 (5 df)

Iteration 7:  28000000 integrand evaluations so far
[1] 195784 +- 484.414  	chisq 2.32894 (6 df)

Iteration 8:  36000000 integrand evaluations so far
[1] 195777 +- 380.067  	chisq 2.32947 (7 df)

Iteration 9:  45000000 integrand evaluations so far
[1] 195710 +- 311.019  	chisq 2.42373 (8 df)

Iteration 10:  55000000 integrand evaluations so far
[1] 195502 +- 264.357  	chisq 4.02497 (9 df)
   195.5 ±   0.26 ·10⁺⁰³ (1.23mi) ┃    53.8 ±    1.2 ·10⁺⁰³ (5.58mi) ┃
┃ -0.6 -  -0.5 ┃ 51.9564 ± 0.0066 ·10⁺⁰³ (1.12mi) ┃ -64.301 ±  0.023 ·10⁺⁰³ ( 59.4s) ┃Vegas input parameters:
  ndim 10
  ncomp 1
  nvec 1
  epsrel 0
  epsabs 0
  flags 10
  seed 123456
  mineval 50000000
  maxeval 50000000
  nstart 1000000
  nincrease 1000000
  nbatch 5000
  gridno 0
  statefile ""

Iteration 1:  1000000 integrand evaluations so far
[1] -119371 +- 37768.7  	chisq 0 (0 df)

Iteration 2:  3000000 integrand evaluations so far
[1] -128619 +- 16311.6  	chisq 0.0737063 (1 df)

Iteration 3:  6000000 integrand evaluations so far
[1] -130597 +- 12094  	chisq 0.10637 (2 df)

Iteration 4:  10000000 integrand evaluations so far
[1] -133171 +- 11931.7  	chisq 1.80471 (3 df)

Iteration 5:  15000000 integrand evaluations so far
[1] -122249 +- 7263.95  	chisq 3.13609 (4 df)

Iteration 6:  21000000 integrand evaluations so far
[1] -134265 +- 4454.46  	chisq 7.5214 (5 df)

Iteration 7:  28000000 integrand evaluations so far
[1] -135095 +- 3039.04  	chisq 7.58641 (6 df)

Iteration 8:  36000000 integrand evaluations so far
[1] -133785 +- 2295.49  	chisq 8.01878 (7 df)

Iteration 9:  45000000 integrand evaluations so far
[1] -132676 +- 1792.01  	chisq 8.6169 (8 df)

Iteration 10:  55000000 integrand evaluations so far
[1] -131574 +- 1479.43  	chisq 9.80553 (9 df)
  -131.6 ±    1.5 ·10⁺⁰³ (3.32mi) ┃Vegas input parameters:
  ndim 8
  ncomp 1
  nvec 1
  epsrel 0
  epsabs 0
  flags 10
  seed 123456
  mineval 5000000
  maxeval 50000000
  nstart 1000000
  nincrease 1000000
  nbatch 5000
  gridno 0
  statefile ""

Iteration 1:  1000000 integrand evaluations so far
[1] 172271 +- 24001  	chisq 0 (0 df)

Iteration 2:  3000000 integrand evaluations so far
[1] 208350 +- 12473.3  	chisq 3.09571 (1 df)

Iteration 3:  6000000 integrand evaluations so far
[1] 210063 +- 7316.32  	chisq 3.12448 (2 df)

Iteration 4:  10000000 integrand evaluations so far
[1] 203695 +- 2232.16  	chisq 3.95981 (3 df)

Iteration 5:  15000000 integrand evaluations so far
[1] 199388 +- 881.858  	chisq 8.37298 (4 df)

Iteration 6:  21000000 integrand evaluations so far
[1] 198651 +- 573.18  	chisq 9.58213 (5 df)

Iteration 7:  28000000 integrand evaluations so far
[1] 199225 +- 428.079  	chisq 11.8543 (6 df)

Iteration 8:  36000000 integrand evaluations so far
[1] 199575 +- 348.422  	chisq 13.8275 (7 df)

Iteration 9:  45000000 integrand evaluations so far
[1] 199594 +- 297.76  	chisq 13.8395 (8 df)

Iteration 10:  55000000 integrand evaluations so far
[1] 199646 +- 260.348  	chisq 13.9671 (9 df)
  199.65 ±   0.26 ·10⁺⁰³ (1.38mi) ┃    55.7 ±    1.5 ·10⁺⁰³ (6.81mi) ┃
┃ -0.5 -  -0.4 ┃  52.734 ±  0.047 ·10⁺⁰³ ( 34.1s) ┃ -65.115 ±  0.062 ·10⁺⁰³ ( 51.8s) ┃Vegas input parameters:
  ndim 10
  ncomp 1
  nvec 1
  epsrel 0
  epsabs 0
  flags 10
  seed 123456
  mineval 50000000
  maxeval 50000000
  nstart 1000000
  nincrease 1000000
  nbatch 5000
  gridno 0
  statefile ""

Iteration 1:  1000000 integrand evaluations so far
[1] -118161 +- 23373.4  	chisq 0 (0 df)

Iteration 2:  3000000 integrand evaluations so far
[1] -130537 +- 8622.16  	chisq 0.324532 (1 df)

Iteration 3:  6000000 integrand evaluations so far
[1] -138711 +- 6790.42  	chisq 2.69097 (2 df)

Iteration 4:  10000000 integrand evaluations so far
[1] -135886 +- 6086.27  	chisq 3.57112 (3 df)

Iteration 5:  15000000 integrand evaluations so far
[1] -135671 +- 4656.41  	chisq 3.57412 (4 df)

Iteration 6:  21000000 integrand evaluations so far
[1] -139448 +- 3153.61  	chisq 4.78921 (5 df)

Iteration 7:  28000000 integrand evaluations so far
[1] -136508 +- 2301.87  	chisq 6.64873 (6 df)

Iteration 8:  36000000 integrand evaluations so far
[1] -136688 +- 1797.79  	chisq 6.66438 (7 df)

Iteration 9:  45000000 integrand evaluations so far
[1] -135788 +- 1625.03  	chisq 8.03492 (8 df)

Iteration 10:  55000000 integrand evaluations so far
[1] -136822 +- 1373.07  	chisq 9.45143 (9 df)
  -136.8 ±    1.4 ·10⁺⁰³ (3.18mi) ┃Vegas input parameters:
  ndim 8
  ncomp 1
  nvec 1
  epsrel 0
  epsabs 0
  flags 10
  seed 123456
  mineval 5000000
  maxeval 50000000
  nstart 1000000
  nincrease 1000000
  nbatch 5000
  gridno 0
  statefile ""

Iteration 1:  1000000 integrand evaluations so far
[1] 238115 +- 50049.3  	chisq 0 (0 df)

Iteration 2:  3000000 integrand evaluations so far
[1] 205950 +- 10910.9  	chisq 0.433619 (1 df)

Iteration 3:  6000000 integrand evaluations so far
[1] 203064 +- 3421.46  	chisq 0.511224 (2 df)

Iteration 4:  10000000 integrand evaluations so far
[1] 201489 +- 1356.12  	chisq 0.762535 (3 df)

Iteration 5:  15000000 integrand evaluations so far
[1] 202095 +- 741.661  	chisq 1.04702 (4 df)

Iteration 6:  21000000 integrand evaluations so far
[1] 202677 +- 531.886  	chisq 2.31467 (5 df)

Iteration 7:  28000000 integrand evaluations so far
[1] 202802 +- 414.141  	chisq 2.45591 (6 df)

Iteration 8:  36000000 integrand evaluations so far
[1] 203238 +- 345.476  	chisq 6.09911 (7 df)

Iteration 9:  45000000 integrand evaluations so far
[1] 203222 +- 305.577  	chisq 6.10865 (8 df)

Iteration 10:  55000000 integrand evaluations so far
[1] 203311 +- 270.025  	chisq 6.49127 (9 df)
  203.31 ±   0.27 ·10⁺⁰³ (1.26mi) ┃    54.1 ±    1.4 ·10⁺⁰³ (5.88mi) ┃
┃ -0.4 -  -0.3 ┃  53.558 ±  0.039 ·10⁺⁰³ ( 1.1mi) ┃ -65.607 ±  0.026 ·10⁺⁰³ (1.83mi) ┃Vegas input parameters:
  ndim 10
  ncomp 1
  nvec 1
  epsrel 0
  epsabs 0
  flags 10
  seed 123456
  mineval 50000000
  maxeval 50000000
  nstart 1000000
  nincrease 1000000
  nbatch 5000
  gridno 0
  statefile ""

Iteration 1:  1000000 integrand evaluations so far
[1] -181924 +- 73806.8  	chisq 0 (0 df)

Iteration 2:  3000000 integrand evaluations so far
[1] -127376 +- 15696.9  	chisq 0.572102 (1 df)

Iteration 3:  6000000 integrand evaluations so far
[1] -126874 +- 7286.15  	chisq 0.573407 (2 df)

Iteration 4:  10000000 integrand evaluations so far
[1] -138737 +- 4546.19  	chisq 4.91448 (3 df)

Iteration 5:  15000000 integrand evaluations so far
[1] -137432 +- 2946.43  	chisq 5.05654 (4 df)

Iteration 6:  21000000 integrand evaluations so far
[1] -135417 +- 2116.6  	chisq 6.02334 (5 df)

Iteration 7:  28000000 integrand evaluations so far
[1] -136960 +- 1551.62  	chisq 7.17168 (6 df)

Iteration 8:  36000000 integrand evaluations so far
[1] -136565 +- 1250.73  	chisq 7.35624 (7 df)

Iteration 9:  45000000 integrand evaluations so far
[1] -137031 +- 1171.66  	chisq 8.49106 (8 df)

Iteration 10:  55000000 integrand evaluations so far
[1] -136410 +- 1052.06  	chisq 9.94025 (9 df)
  -136.4 ±    1.1 ·10⁺⁰³ (3.28mi) ┃Vegas input parameters:
  ndim 8
  ncomp 1
  nvec 1
  epsrel 0
  epsabs 0
  flags 10
  seed 123456
  mineval 5000000
  maxeval 50000000
  nstart 1000000
  nincrease 1000000
  nbatch 5000
  gridno 0
  statefile ""

Iteration 1:  1000000 integrand evaluations so far
[1] 228071 +- 35242.5  	chisq 0 (0 df)

Iteration 2:  3000000 integrand evaluations so far
[1] 205041 +- 6422.1  	chisq 0.441681 (1 df)

Iteration 3:  6000000 integrand evaluations so far
[1] 207975 +- 3064.87  	chisq 0.711961 (2 df)

Iteration 4:  10000000 integrand evaluations so far
[1] 207670 +- 1354.86  	chisq 0.724323 (3 df)

Iteration 5:  15000000 integrand evaluations so far
[1] 207751 +- 782.361  	chisq 0.729671 (4 df)

Iteration 6:  21000000 integrand evaluations so far
[1] 205715 +- 542.637  	chisq 13.7787 (5 df)

Iteration 7:  28000000 integrand evaluations so far
[1] 206020 +- 420.687  	chisq 14.5712 (6 df)

Iteration 8:  36000000 integrand evaluations so far
[1] 206106 +- 346.371  	chisq 14.702 (7 df)

Iteration 9:  45000000 integrand evaluations so far
[1] 206252 +- 296.467  	chisq 15.3662 (8 df)

Iteration 10:  55000000 integrand evaluations so far
[1] 206169 +- 260.036  	chisq 15.7096 (9 df)
  206.17 ±   0.26 ·10⁺⁰³ (1.25mi) ┃    57.7 ±    1.1 ·10⁺⁰³ (7.46mi) ┃
┃ -0.3 -  -0.2 ┃  52.793 ±  0.013 ·10⁺⁰³ (1.78mi) ┃ -65.796 ±  0.031 ·10⁺⁰³ ( 57.5s) ┃Vegas input parameters:
  ndim 10
  ncomp 1
  nvec 1
  epsrel 0
  epsabs 0
  flags 10
  seed 123456
  mineval 50000000
  maxeval 50000000
  nstart 1000000
  nincrease 1000000
  nbatch 5000
  gridno 0
  statefile ""

Iteration 1:  1000000 integrand evaluations so far
[1] -204205 +- 69899.2  	chisq 0 (0 df)

Iteration 2:  3000000 integrand evaluations so far
[1] -144412 +- 20128.5  	chisq 0.797914 (1 df)

Iteration 3:  6000000 integrand evaluations so far
[1] -149151 +- 13511  	chisq 0.898792 (2 df)

Iteration 4:  10000000 integrand evaluations so far
[1] -142969 +- 7069.07  	chisq 1.18705 (3 df)

Iteration 5:  15000000 integrand evaluations so far
[1] -138448 +- 3688.01  	chisq 1.74904 (4 df)

Iteration 6:  21000000 integrand evaluations so far
[1] -138547 +- 3138.47  	chisq 1.75169 (5 df)

Iteration 7:  28000000 integrand evaluations so far
[1] -139582 +- 2419.33  	chisq 2.01926 (6 df)

Iteration 8:  36000000 integrand evaluations so far
[1] -140977 +- 2044.23  	chisq 3.18216 (7 df)

Iteration 9:  45000000 integrand evaluations so far
[1] -141130 +- 1796.13  	chisq 3.20683 (8 df)

Iteration 10:  55000000 integrand evaluations so far
[1] -140495 +- 1527.98  	chisq 3.65905 (9 df)
  -140.5 ±    1.5 ·10⁺⁰³ ( 3.3mi) ┃Vegas input parameters:
  ndim 8
  ncomp 1
  nvec 1
  epsrel 0
  epsabs 0
  flags 10
  seed 123456
  mineval 5000000
  maxeval 50000000
  nstart 1000000
  nincrease 1000000
  nbatch 5000
  gridno 0
  statefile ""

Iteration 1:  1000000 integrand evaluations so far
[1] 268213 +- 57027.5  	chisq 0 (0 df)

Iteration 2:  3000000 integrand evaluations so far
[1] 209522 +- 8215.45  	chisq 1.08165 (1 df)

Iteration 3:  6000000 integrand evaluations so far
[1] 205686 +- 2579.82  	chisq 1.3236 (2 df)

Iteration 4:  10000000 integrand evaluations so far
[1] 205889 +- 1246.94  	chisq 1.33168 (3 df)

Iteration 5:  15000000 integrand evaluations so far
[1] 206304 +- 737.025  	chisq 1.50199 (4 df)

Iteration 6:  21000000 integrand evaluations so far
[1] 205865 +- 518.808  	chisq 2.20345 (5 df)

Iteration 7:  28000000 integrand evaluations so far
[1] 206448 +- 411.872  	chisq 5.61248 (6 df)

Iteration 8:  36000000 integrand evaluations so far
[1] 206909 +- 345.958  	chisq 9.86364 (7 df)

Iteration 9:  45000000 integrand evaluations so far
[1] 207003 +- 298.262  	chisq 10.155 (8 df)

Iteration 10:  55000000 integrand evaluations so far
[1] 207058 +- 262.454  	chisq 10.3026 (9 df)
  207.06 ±   0.26 ·10⁺⁰³ (1.28mi) ┃    53.6 ±    1.6 ·10⁺⁰³ (7.32mi) ┃
┃ -0.2 -  -0.1 ┃  53.551 ±  0.025 ·10⁺⁰³ (1.92mi) ┃ -65.789 ±  0.035 ·10⁺⁰³ ( 53.1s) ┃Vegas input parameters:
  ndim 10
  ncomp 1
  nvec 1
  epsrel 0
  epsabs 0
  flags 10
  seed 123456
  mineval 50000000
  maxeval 50000000
  nstart 1000000
  nincrease 1000000
  nbatch 5000
  gridno 0
  statefile ""

Iteration 1:  1000000 integrand evaluations so far
[1] -111046 +- 15186.1  	chisq 0 (0 df)

Iteration 2:  3000000 integrand evaluations so far
[1] -124010 +- 7980.19  	chisq 1.00674 (1 df)

Iteration 3:  6000000 integrand evaluations so far
[1] -128336 +- 4251.88  	chisq 1.41721 (2 df)

Iteration 4:  10000000 integrand evaluations so far
[1] -136278 +- 2790.67  	chisq 7.5465 (3 df)

Iteration 5:  15000000 integrand evaluations so far
[1] -138325 +- 2174.07  	chisq 8.91418 (4 df)

Iteration 6:  21000000 integrand evaluations so far
[1] -139584 +- 1727.74  	chisq 9.8246 (5 df)

Iteration 7:  28000000 integrand evaluations so far
[1] -139731 +- 1522.85  	chisq 9.85732 (6 df)

Iteration 8:  36000000 integrand evaluations so far
[1] -139958 +- 1353.82  	chisq 9.96264 (7 df)

Iteration 9:  45000000 integrand evaluations so far
[1] -140433 +- 1229.08  	chisq 10.6629 (8 df)

Iteration 10:  55000000 integrand evaluations so far
[1] -140843 +- 1090.23  	chisq 11.1868 (9 df)
  -140.8 ±    1.1 ·10⁺⁰³ (3.18mi) ┃Vegas input parameters:
  ndim 8
  ncomp 1
  nvec 1
  epsrel 0
  epsabs 0
  flags 10
  seed 123456
  mineval 5000000
  maxeval 50000000
  nstart 1000000
  nincrease 1000000
  nbatch 5000
  gridno 0
  statefile ""

Iteration 1:  1000000 integrand evaluations so far
[1] 199117 +- 24724.7  	chisq 0 (0 df)

Iteration 2:  3000000 integrand evaluations so far
[1] 208929 +- 8045.27  	chisq 0.176165 (1 df)

Iteration 3:  6000000 integrand evaluations so far
[1] 209700 +- 3285.94  	chisq 0.187185 (2 df)

Iteration 4:  10000000 integrand evaluations so far
[1] 208017 +- 1376.99  	chisq 0.505477 (3 df)

Iteration 5:  15000000 integrand evaluations so far
[1] 208482 +- 775.286  	chisq 0.672578 (4 df)

Iteration 6:  21000000 integrand evaluations so far
[1] 207794 +- 542.577  	chisq 2.21778 (5 df)

Iteration 7:  28000000 integrand evaluations so far
[1] 207722 +- 433.306  	chisq 2.2659 (6 df)

Iteration 8:  36000000 integrand evaluations so far
[1] 207692 +- 361.963  	chisq 2.28195 (7 df)

Iteration 9:  45000000 integrand evaluations so far
[1] 207526 +- 308.478  	chisq 3.0532 (8 df)

Iteration 10:  55000000 integrand evaluations so far
[1] 207477 +- 269.14  	chisq 3.15962 (9 df)
  207.48 ±   0.27 ·10⁺⁰³ (1.23mi) ┃    54.4 ±    1.1 ·10⁺⁰³ (7.21mi) ┃
┃ -0.1 -     0 ┃  53.221 ±  0.034 ·10⁺⁰³ (2.07mi) ┃ -65.894 ±  0.036 ·10⁺⁰³ ( 11.8s) ┃Vegas input parameters:
  ndim 10
  ncomp 1
  nvec 1
  epsrel 0
  epsabs 0
  flags 10
  seed 123456
  mineval 50000000
  maxeval 50000000
  nstart 1000000
  nincrease 1000000
  nbatch 5000
  gridno 0
  statefile ""

Iteration 1:  1000000 integrand evaluations so far
[1] -89722 +- 29908.2  	chisq 0 (0 df)

Iteration 2:  3000000 integrand evaluations so far
[1] -133720 +- 13618.5  	chisq 2.73017 (1 df)

Iteration 3:  6000000 integrand evaluations so far
[1] -142440 +- 10231.9  	chisq 3.67155 (2 df)

Iteration 4:  10000000 integrand evaluations so far
[1] -145926 +- 7132.53  	chisq 3.89745 (3 df)

Iteration 5:  15000000 integrand evaluations so far
[1] -147937 +- 4449.85  	chisq 4.02757 (4 df)

Iteration 6:  21000000 integrand evaluations so far
[1] -145769 +- 3137.42  	chisq 4.49956 (5 df)

Iteration 7:  28000000 integrand evaluations so far
[1] -146530 +- 2844.51  	chisq 4.82997 (6 df)

Iteration 8:  36000000 integrand evaluations so far
[1] -143048 +- 2221.3  	chisq 8.66984 (7 df)

Iteration 9:  45000000 integrand evaluations so far
[1] -141462 +- 1606.11  	chisq 9.73874 (8 df)

Iteration 10:  55000000 integrand evaluations so far
[1] -141939 +- 1384.94  	chisq 10.0836 (9 df)
  -141.9 ±    1.4 ·10⁺⁰³ (3.49mi) ┃Vegas input parameters:
  ndim 8
  ncomp 1
  nvec 1
  epsrel 0
  epsabs 0
  flags 10
  seed 123456
  mineval 5000000
  maxeval 50000000
  nstart 1000000
  nincrease 1000000
  nbatch 5000
  gridno 0
  statefile ""

Iteration 1:  1000000 integrand evaluations so far
[1] 224188 +- 47775.8  	chisq 0 (0 df)

Iteration 2:  3000000 integrand evaluations so far
[1] 197136 +- 6761.94  	chisq 0.327165 (1 df)

Iteration 3:  6000000 integrand evaluations so far
[1] 208291 +- 4494.11  	chisq 5.20149 (2 df)

Iteration 4:  10000000 integrand evaluations so far
[1] 205458 +- 1789.57  	chisq 5.67386 (3 df)

Iteration 5:  15000000 integrand evaluations so far
[1] 207139 +- 871.743  	chisq 6.83176 (4 df)

Iteration 6:  21000000 integrand evaluations so far
[1] 207730 +- 665.115  	chisq 7.92845 (5 df)

Iteration 7:  28000000 integrand evaluations so far
[1] 207988 +- 510.587  	chisq 8.2966 (6 df)

Iteration 8:  36000000 integrand evaluations so far
[1] 207928 +- 402.755  	chisq 8.3336 (7 df)

Iteration 9:  45000000 integrand evaluations so far
[1] 207892 +- 336.178  	chisq 8.35992 (8 df)

Iteration 10:  55000000 integrand evaluations so far
[1] 207715 +- 288.464  	chisq 9.40708 (9 df)
  207.72 ±   0.29 ·10⁺⁰³ ( 1.2mi) ┃    53.1 ±    1.4 ·10⁺⁰³ (6.96mi) ┃
┃    0 -   0.1 ┃  53.221 ±  0.034 ·10⁺⁰³ (1.61mi) ┃ -65.894 ±  0.035 ·10⁺⁰³ ( 12.2s) ┃Vegas input parameters:
  ndim 10
  ncomp 1
  nvec 1
  epsrel 0
  epsabs 0
  flags 10
  seed 123456
  mineval 50000000
  maxeval 50000000
  nstart 1000000
  nincrease 1000000
  nbatch 5000
  gridno 0
  statefile ""

Iteration 1:  1000000 integrand evaluations so far
[1] -116550 +- 18532.6  	chisq 0 (0 df)

Iteration 2:  3000000 integrand evaluations so far
[1] -131118 +- 11279.6  	chisq 0.981495 (1 df)

Iteration 3:  6000000 integrand evaluations so far
[1] -131984 +- 6236.26  	chisq 0.989977 (2 df)

Iteration 4:  10000000 integrand evaluations so far
[1] -133533 +- 3300.94  	chisq 1.07574 (3 df)

Iteration 5:  15000000 integrand evaluations so far
[1] -136623 +- 2378.06  	chisq 2.89691 (4 df)

Iteration 6:  21000000 integrand evaluations so far
[1] -138267 +- 1869.99  	chisq 4.14876 (5 df)

Iteration 7:  28000000 integrand evaluations so far
[1] -138284 +- 1658.32  	chisq 4.14916 (6 df)

Iteration 8:  36000000 integrand evaluations so far
[1] -138490 +- 1621.67  	chisq 4.50268 (7 df)

Iteration 9:  45000000 integrand evaluations so far
[1] -138949 +- 1427.36  	chisq 4.85879 (8 df)

Iteration 10:  55000000 integrand evaluations so far
[1] -138973 +- 1262.24  	chisq 4.86007 (9 df)
    -139 ±    1.3 ·10⁺⁰³ (3.43mi) ┃Vegas input parameters:
  ndim 8
  ncomp 1
  nvec 1
  epsrel 0
  epsabs 0
  flags 10
  seed 123456
  mineval 5000000
  maxeval 50000000
  nstart 1000000
  nincrease 1000000
  nbatch 5000
  gridno 0
  statefile ""

Iteration 1:  1000000 integrand evaluations so far
[1] 180070 +- 25088.7  	chisq 0 (0 df)

Iteration 2:  3000000 integrand evaluations so far
[1] 210616 +- 6090.16  	chisq 1.57523 (1 df)

Iteration 3:  6000000 integrand evaluations so far
[1] 207506 +- 2156.88  	chisq 1.87345 (2 df)

Iteration 4:  10000000 integrand evaluations so far
[1] 208261 +- 1954.55  	chisq 2.55886 (3 df)

Iteration 5:  15000000 integrand evaluations so far
[1] 208746 +- 1324.94  	chisq 2.67254 (4 df)

Iteration 6:  21000000 integrand evaluations so far
[1] 207531 +- 728.222  	chisq 3.87672 (5 df)

Iteration 7:  28000000 integrand evaluations so far
[1] 207588 +- 509.183  	chisq 3.88851 (6 df)

Iteration 8:  36000000 integrand evaluations so far
[1] 207718 +- 400.322  	chisq 4.05975 (7 df)

Iteration 9:  45000000 integrand evaluations so far
[1] 207667 +- 331.151  	chisq 4.10979 (8 df)

Iteration 10:  55000000 integrand evaluations so far
[1] 207588 +- 284.232  	chisq 4.32816 (9 df)
  207.59 ±   0.28 ·10⁺⁰³ (1.29mi) ┃    55.9 ±    1.3 ·10⁺⁰³ (6.54mi) ┃
┃  0.1 -   0.2 ┃  53.551 ±  0.025 ·10⁺⁰³ (1.76mi) ┃ -65.789 ±  0.035 ·10⁺⁰³ ( 54.1s) ┃Vegas input parameters:
  ndim 10
  ncomp 1
  nvec 1
  epsrel 0
  epsabs 0
  flags 10
  seed 123456
  mineval 50000000
  maxeval 50000000
  nstart 1000000
  nincrease 1000000
  nbatch 5000
  gridno 0
  statefile ""

Iteration 1:  1000000 integrand evaluations so far
[1] -178666 +- 71374.7  	chisq 0 (0 df)

Iteration 2:  3000000 integrand evaluations so far
[1] -130513 +- 14556.6  	chisq 0.474903 (1 df)

Iteration 3:  6000000 integrand evaluations so far
[1] -135873 +- 5994.73  	chisq 0.638172 (2 df)

Iteration 4:  10000000 integrand evaluations so far
[1] -142838 +- 3113.84  	chisq 2.48708 (3 df)

Iteration 5:  15000000 integrand evaluations so far
[1] -140592 +- 2242.82  	chisq 3.56846 (4 df)

Iteration 6:  21000000 integrand evaluations so far
[1] -141755 +- 1827.76  	chisq 4.36946 (5 df)

Iteration 7:  28000000 integrand evaluations so far
[1] -141358 +- 1796.59  	chisq 5.76325 (6 df)

Iteration 8:  36000000 integrand evaluations so far
[1] -140404 +- 1633.3  	chisq 7.3887 (7 df)

Iteration 9:  45000000 integrand evaluations so far
[1] -139788 +- 1312.94  	chisq 7.79109 (8 df)

Iteration 10:  55000000 integrand evaluations so far
[1] -139076 +- 1228.01  	chisq 10.1395 (9 df)
  -139.1 ±    1.2 ·10⁺⁰³ (3.36mi) ┃Vegas input parameters:
  ndim 8
  ncomp 1
  nvec 1
  epsrel 0
  epsabs 0
  flags 10
  seed 123456
  mineval 5000000
  maxeval 50000000
  nstart 1000000
  nincrease 1000000
  nbatch 5000
  gridno 0
  statefile ""

Iteration 1:  1000000 integrand evaluations so far
[1] 142679 +- 11527.8  	chisq 0 (0 df)

Iteration 2:  3000000 integrand evaluations so far
[1] 192929 +- 3742.73  	chisq 21.2397 (1 df)

Iteration 3:  6000000 integrand evaluations so far
[1] 204934 +- 1765.33  	chisq 34.4729 (2 df)

Iteration 4:  10000000 integrand evaluations so far
[1] 206341 +- 1023.08  	chisq 35.4288 (3 df)

Iteration 5:  15000000 integrand evaluations so far
[1] 207563 +- 672.183  	chisq 37.9423 (4 df)

Iteration 6:  21000000 integrand evaluations so far
[1] 207260 +- 503.944  	chisq 38.4085 (5 df)

Iteration 7:  28000000 integrand evaluations so far
[1] 207359 +- 404.801  	chisq 38.5176 (6 df)

Iteration 8:  36000000 integrand evaluations so far
[1] 207511 +- 340.455  	chisq 39.0003 (7 df)

Iteration 9:  45000000 integrand evaluations so far
[1] 207453 +- 294.564  	chisq 39.1157 (8 df)

Iteration 10:  55000000 integrand evaluations so far
[1] 207406 +- 259.399  	chisq 39.2298 (9 df)
  207.41 ±   0.26 ·10⁺⁰³ (1.28mi) ┃    56.1 ±    1.3 ·10⁺⁰³ (7.31mi) ┃
┃  0.2 -   0.3 ┃  52.794 ±  0.013 ·10⁺⁰³ (1.59mi) ┃ -65.796 ±  0.031 ·10⁺⁰³ ( 53.4s) ┃Vegas input parameters:
  ndim 10
  ncomp 1
  nvec 1
  epsrel 0
  epsabs 0
  flags 10
  seed 123456
  mineval 50000000
  maxeval 50000000
  nstart 1000000
  nincrease 1000000
  nbatch 5000
  gridno 0
  statefile ""

Iteration 1:  1000000 integrand evaluations so far
[1] -164817 +- 76397.8  	chisq 0 (0 df)

Iteration 2:  3000000 integrand evaluations so far
[1] -131361 +- 16152  	chisq 0.200753 (1 df)

Iteration 3:  6000000 integrand evaluations so far
[1] -123535 +- 13501.3  	chisq 0.97991 (2 df)

Iteration 4:  10000000 integrand evaluations so far
[1] -139002 +- 5656.05  	chisq 2.57172 (3 df)

Iteration 5:  15000000 integrand evaluations so far
[1] -143965 +- 4367.52  	chisq 4.47835 (4 df)

Iteration 6:  21000000 integrand evaluations so far
[1] -141015 +- 3252.29  	chisq 5.5024 (5 df)

Iteration 7:  28000000 integrand evaluations so far
[1] -139630 +- 2050.45  	chisq 5.80324 (6 df)

Iteration 8:  36000000 integrand evaluations so far
[1] -140097 +- 1872.78  	chisq 6.11602 (7 df)

Iteration 9:  45000000 integrand evaluations so far
[1] -140518 +- 1820.41  	chisq 7.03506 (8 df)

Iteration 10:  55000000 integrand evaluations so far
[1] -140205 +- 1715.94  	chisq 7.30111 (9 df)
  -140.2 ±    1.7 ·10⁺⁰³ (3.42mi) ┃Vegas input parameters:
  ndim 8
  ncomp 1
  nvec 1
  epsrel 0
  epsabs 0
  flags 10
  seed 123456
  mineval 5000000
  maxeval 50000000
  nstart 1000000
  nincrease 1000000
  nbatch 5000
  gridno 0
  statefile ""

Iteration 1:  1000000 integrand evaluations so far
[1] 320142 +- 65680.7  	chisq 0 (0 df)

Iteration 2:  3000000 integrand evaluations so far
[1] 196938 +- 6166.16  	chisq 3.54993 (1 df)

Iteration 3:  6000000 integrand evaluations so far
[1] 209719 +- 2879.79  	chisq 9.04489 (2 df)

Iteration 4:  10000000 integrand evaluations so far
[1] 207216 +- 1285.84  	chisq 9.98906 (3 df)

Iteration 5:  15000000 integrand evaluations so far
[1] 207889 +- 742.246  	chisq 10.4009 (4 df)

Iteration 6:  21000000 integrand evaluations so far
[1] 207427 +- 526.72  	chisq 11.1828 (5 df)

Iteration 7:  28000000 integrand evaluations so far
[1] 207373 +- 414.917  	chisq 11.2101 (6 df)

Iteration 8:  36000000 integrand evaluations so far
[1] 207399 +- 345.091  	chisq 11.2225 (7 df)

Iteration 9:  45000000 integrand evaluations so far
[1] 207274 +- 295.724  	chisq 11.7144 (8 df)

Iteration 10:  55000000 integrand evaluations so far
[1] 207217 +- 259.897  	chisq 11.8759 (9 df)
  207.22 ±   0.26 ·10⁺⁰³ (1.32mi) ┃      54 ±    1.7 ·10⁺⁰³ (7.22mi) ┃
┃  0.3 -   0.4 ┃  53.557 ±  0.039 ·10⁺⁰³ (1.11mi) ┃ -65.608 ±  0.026 ·10⁺⁰³ (1.69mi) ┃Vegas input parameters:
  ndim 10
  ncomp 1
  nvec 1
  epsrel 0
  epsabs 0
  flags 10
  seed 123456
  mineval 50000000
  maxeval 50000000
  nstart 1000000
  nincrease 1000000
  nbatch 5000
  gridno 0
  statefile ""

Iteration 1:  1000000 integrand evaluations so far
[1] -101616 +- 16107  	chisq 0 (0 df)

Iteration 2:  3000000 integrand evaluations so far
[1] -106741 +- 13999.3  	chisq 0.413901 (1 df)

Iteration 3:  6000000 integrand evaluations so far
[1] -116831 +- 12934.7  	chisq 3.9647 (2 df)

Iteration 4:  10000000 integrand evaluations so far
[1] -122028 +- 6251.85  	chisq 4.17528 (3 df)

Iteration 5:  15000000 integrand evaluations so far
[1] -133351 +- 4309.27  	chisq 10.4249 (4 df)

Iteration 6:  21000000 integrand evaluations so far
[1] -136850 +- 2602.2  	chisq 11.4626 (5 df)

Iteration 7:  28000000 integrand evaluations so far
[1] -138704 +- 2133.08  	chisq 13.0095 (6 df)

Iteration 8:  36000000 integrand evaluations so far
[1] -139074 +- 1626.29  	chisq 13.0815 (7 df)

Iteration 9:  45000000 integrand evaluations so far
[1] -138023 +- 1309.95  	chisq 14.2707 (8 df)

Iteration 10:  55000000 integrand evaluations so far
[1] -138343 +- 1277.84  	chisq 15.5049 (9 df)
  -138.3 ±    1.3 ·10⁺⁰³ (3.25mi) ┃Vegas input parameters:
  ndim 8
  ncomp 1
  nvec 1
  epsrel 0
  epsabs 0
  flags 10
  seed 123456
  mineval 5000000
  maxeval 50000000
  nstart 1000000
  nincrease 1000000
  nbatch 5000
  gridno 0
  statefile ""

Iteration 1:  1000000 integrand evaluations so far
[1] 203749 +- 27627.7  	chisq 0 (0 df)

Iteration 2:  3000000 integrand evaluations so far
[1] 193799 +- 4342.22  	chisq 0.13301 (1 df)

Iteration 3:  6000000 integrand evaluations so far
[1] 202180 +- 1845.94  	chisq 4.6808 (2 df)

Iteration 4:  10000000 integrand evaluations so far
[1] 204716 +- 972.003  	chisq 7.29233 (3 df)

Iteration 5:  15000000 integrand evaluations so far
[1] 205707 +- 661.753  	chisq 9.22672 (4 df)

Iteration 6:  21000000 integrand evaluations so far
[1] 205956 +- 495.032  	chisq 9.54962 (5 df)

Iteration 7:  28000000 integrand evaluations so far
[1] 206015 +- 402.195  	chisq 9.59136 (6 df)

Iteration 8:  36000000 integrand evaluations so far
[1] 205983 +- 339.416  	chisq 9.61378 (7 df)

Iteration 9:  45000000 integrand evaluations so far
[1] 205952 +- 292.419  	chisq 9.64463 (8 df)

Iteration 10:  55000000 integrand evaluations so far
[1] 205896 +- 259.286  	chisq 9.81625 (9 df)
   205.9 ±   0.26 ·10⁺⁰³ (1.29mi) ┃    55.5 ±    1.3 ·10⁺⁰³ (7.34mi) ┃
┃  0.4 -   0.5 ┃  52.734 ±  0.047 ·10⁺⁰³ ( 35.1s) ┃ -65.116 ±  0.062 ·10⁺⁰³ (1.03mi) ┃Vegas input parameters:
  ndim 10
  ncomp 1
  nvec 1
  epsrel 0
  epsabs 0
  flags 10
  seed 123456
  mineval 50000000
  maxeval 50000000
  nstart 1000000
  nincrease 1000000
  nbatch 5000
  gridno 0
  statefile ""

Iteration 1:  1000000 integrand evaluations so far
[1] -105149 +- 14862.4  	chisq 0 (0 df)

Iteration 2:  3000000 integrand evaluations so far
[1] -128833 +- 9891.63  	chisq 4.55849 (1 df)

Iteration 3:  6000000 integrand evaluations so far
[1] -131966 +- 9586.32  	chisq 6.20894 (2 df)

Iteration 4:  10000000 integrand evaluations so far
[1] -132902 +- 5076.01  	chisq 6.22221 (3 df)

Iteration 5:  15000000 integrand evaluations so far
[1] -140584 +- 3689.75  	chisq 11.0785 (4 df)

Iteration 6:  21000000 integrand evaluations so far
[1] -134537 +- 2208.15  	chisq 15.2631 (5 df)

Iteration 7:  28000000 integrand evaluations so far
[1] -134308 +- 2099.89  	chisq 15.3757 (6 df)

Iteration 8:  36000000 integrand evaluations so far
[1] -134052 +- 1821.27  	chisq 15.4356 (7 df)

Iteration 9:  45000000 integrand evaluations so far
[1] -135335 +- 1436.26  	chisq 16.7469 (8 df)

Iteration 10:  55000000 integrand evaluations so far
[1] -136211 +- 1327.69  	chisq 19.3021 (9 df)
  -136.2 ±    1.3 ·10⁺⁰³ (3.48mi) ┃Vegas input parameters:
  ndim 8
  ncomp 1
  nvec 1
  epsrel 0
  epsabs 0
  flags 10
  seed 123456
  mineval 5000000
  maxeval 50000000
  nstart 1000000
  nincrease 1000000
  nbatch 5000
  gridno 0
  statefile ""

Iteration 1:  1000000 integrand evaluations so far
[1] 256709 +- 38238.7  	chisq 0 (0 df)

Iteration 2:  3000000 integrand evaluations so far
[1] 194633 +- 4268.94  	chisq 2.66859 (1 df)

Iteration 3:  6000000 integrand evaluations so far
[1] 199708 +- 3519.17  	chisq 7.07957 (2 df)

Iteration 4:  10000000 integrand evaluations so far
[1] 202995 +- 1682.27  	chisq 8.21028 (3 df)

Iteration 5:  15000000 integrand evaluations so far
[1] 204686 +- 884.249  	chisq 9.60633 (4 df)

Iteration 6:  21000000 integrand evaluations so far
[1] 203916 +- 594.774  	chisq 10.992 (5 df)

Iteration 7:  28000000 integrand evaluations so far
[1] 203707 +- 447.302  	chisq 11.2768 (6 df)

Iteration 8:  36000000 integrand evaluations so far
[1] 203699 +- 361.614  	chisq 11.2777 (7 df)

Iteration 9:  45000000 integrand evaluations so far
[1] 203624 +- 307.326  	chisq 11.43 (8 df)

Iteration 10:  55000000 integrand evaluations so far
[1] 203565 +- 267.26  	chisq 11.5832 (9 df)
  203.56 ±   0.27 ·10⁺⁰³ (1.28mi) ┃      55 ±    1.4 ·10⁺⁰³ (6.38mi) ┃
┃  0.5 -   0.6 ┃ 51.9568 ± 0.0066 ·10⁺⁰³ ( 59.4s) ┃ -64.301 ±  0.023 ·10⁺⁰³ ( 53.6s) ┃Vegas input parameters:
  ndim 10
  ncomp 1
  nvec 1
  epsrel 0
  epsabs 0
  flags 10
  seed 123456
  mineval 50000000
  maxeval 50000000
  nstart 1000000
  nincrease 1000000
  nbatch 5000
  gridno 0
  statefile ""

Iteration 1:  1000000 integrand evaluations so far
[1] -101347 +- 18821.8  	chisq 0 (0 df)

Iteration 2:  3000000 integrand evaluations so far
[1] -113586 +- 17297.8  	chisq 2.72151 (1 df)

Iteration 3:  6000000 integrand evaluations so far
[1] -140945 +- 10407.9  	chisq 6.64244 (2 df)

Iteration 4:  10000000 integrand evaluations so far
[1] -132602 +- 6324.28  	chisq 7.661 (3 df)

Iteration 5:  15000000 integrand evaluations so far
[1] -137168 +- 4929.19  	chisq 8.98896 (4 df)

Iteration 6:  21000000 integrand evaluations so far
[1] -135767 +- 3113.83  	chisq 9.12346 (5 df)

Iteration 7:  28000000 integrand evaluations so far
[1] -134712 +- 2302.73  	chisq 9.37664 (6 df)

Iteration 8:  36000000 integrand evaluations so far
[1] -134907 +- 1587.14  	chisq 9.39025 (7 df)

Iteration 9:  45000000 integrand evaluations so far
[1] -134291 +- 1269.95  	chisq 9.80821 (8 df)

Iteration 10:  55000000 integrand evaluations so far
[1] -135113 +- 1101.82  	chisq 11.5022 (9 df)
  -135.1 ±    1.1 ·10⁺⁰³ (3.52mi) ┃Vegas input parameters:
  ndim 8
  ncomp 1
  nvec 1
  epsrel 0
  epsabs 0
  flags 10
  seed 123456
  mineval 5000000
  maxeval 50000000
  nstart 1000000
  nincrease 1000000
  nbatch 5000
  gridno 0
  statefile ""

Iteration 1:  1000000 integrand evaluations so far
[1] 178309 +- 25921.1  	chisq 0 (0 df)

Iteration 2:  3000000 integrand evaluations so far
[1] 199128 +- 9278.85  	chisq 0.739867 (1 df)

Iteration 3:  6000000 integrand evaluations so far
[1] 196229 +- 2353.83  	chisq 0.844146 (2 df)

Iteration 4:  10000000 integrand evaluations so far
[1] 200449 +- 1233.15  	chisq 5.2727 (3 df)

Iteration 5:  15000000 integrand evaluations so far
[1] 199927 +- 753.107  	chisq 5.5581 (4 df)

Iteration 6:  21000000 integrand evaluations so far
[1] 199988 +- 537.973  	chisq 5.57133 (5 df)

Iteration 7:  28000000 integrand evaluations so far
[1] 199403 +- 415.558  	chisq 8.49764 (6 df)

Iteration 8:  36000000 integrand evaluations so far
[1] 199364 +- 340.264  	chisq 8.52421 (7 df)

Iteration 9:  45000000 integrand evaluations so far
[1] 199411 +- 288.991  	chisq 8.59032 (8 df)

Iteration 10:  55000000 integrand evaluations so far
[1] 199584 +- 252.257  	chisq 10.1038 (9 df)
  199.58 ±   0.25 ·10⁺⁰³ ( 1.3mi) ┃    52.1 ±    1.1 ·10⁺⁰³ ( 6.7mi) ┃
┃  0.6 -   0.7 ┃  50.998 ±  0.049 ·10⁺⁰³ (  8.5s) ┃ -63.177 ±   0.02 ·10⁺⁰³ ( 51.4s) ┃Vegas input parameters:
  ndim 10
  ncomp 1
  nvec 1
  epsrel 0
  epsabs 0
  flags 10
  seed 123456
  mineval 50000000
  maxeval 50000000
  nstart 1000000
  nincrease 1000000
  nbatch 5000
  gridno 0
  statefile ""

Iteration 1:  1000000 integrand evaluations so far
[1] -155416 +- 31047.1  	chisq 0 (0 df)

Iteration 2:  3000000 integrand evaluations so far
[1] -133487 +- 9832.16  	chisq 0.554495 (1 df)

Iteration 3:  6000000 integrand evaluations so far
[1] -138106 +- 5941.4  	chisq 0.902144 (2 df)

Iteration 4:  10000000 integrand evaluations so far
[1] -131246 +- 4130.91  	chisq 3.48236 (3 df)

Iteration 5:  15000000 integrand evaluations so far
[1] -130023 +- 2306.67  	chisq 3.60988 (4 df)

Iteration 6:  21000000 integrand evaluations so far
[1] -130736 +- 1891.94  	chisq 3.90225 (5 df)

Iteration 7:  28000000 integrand evaluations so far
[1] -129462 +- 1581.18  	chisq 5.40714 (6 df)

Iteration 8:  36000000 integrand evaluations so far
[1] -130019 +- 1412.67  	chisq 6.02203 (7 df)

Iteration 9:  45000000 integrand evaluations so far
[1] -130779 +- 1178.52  	chisq 6.97635 (8 df)

Iteration 10:  55000000 integrand evaluations so far
[1] -130613 +- 1102.68  	chisq 7.13558 (9 df)
  -130.6 ±    1.1 ·10⁺⁰³ (3.19mi) ┃Vegas input parameters:
  ndim 8
  ncomp 1
  nvec 1
  epsrel 0
  epsabs 0
  flags 10
  seed 123456
  mineval 5000000
  maxeval 50000000
  nstart 1000000
  nincrease 1000000
  nbatch 5000
  gridno 0
  statefile ""

Iteration 1:  1000000 integrand evaluations so far
[1] 165028 +- 13731.4  	chisq 0 (0 df)

Iteration 2:  3000000 integrand evaluations so far
[1] 185694 +- 7821.31  	chisq 3.35298 (1 df)

Iteration 3:  6000000 integrand evaluations so far
[1] 194315 +- 2500.48  	chisq 4.70614 (2 df)

Iteration 4:  10000000 integrand evaluations so far
[1] 196041 +- 1153.17  	chisq 5.31163 (3 df)

Iteration 5:  15000000 integrand evaluations so far
[1] 195876 +- 693.687  	chisq 5.34378 (4 df)

Iteration 6:  21000000 integrand evaluations so far
[1] 195378 +- 494.632  	chisq 6.39389 (5 df)

Iteration 7:  28000000 integrand evaluations so far
[1] 195405 +- 387.413  	chisq 6.40158 (6 df)

Iteration 8:  36000000 integrand evaluations so far
[1] 195247 +- 321.077  	chisq 6.9283 (7 df)

Iteration 9:  45000000 integrand evaluations so far
[1] 195365 +- 275.218  	chisq 7.43342 (8 df)

Iteration 10:  55000000 integrand evaluations so far
[1] 195505 +- 253.428  	chisq 9.12947 (9 df)
   195.5 ±   0.25 ·10⁺⁰³ (1.35mi) ┃    52.7 ±    1.1 ·10⁺⁰³ (5.54mi) ┃
┃  0.7 -   0.8 ┃  50.039 ±  0.035 ·10⁺⁰³ (   34s) ┃ -61.959 ±  0.026 ·10⁺⁰³ ( 51.7s) ┃Vegas input parameters:
  ndim 10
  ncomp 1
  nvec 1
  epsrel 0
  epsabs 0
  flags 10
  seed 123456
  mineval 50000000
  maxeval 50000000
  nstart 1000000
  nincrease 1000000
  nbatch 5000
  gridno 0
  statefile ""

Iteration 1:  1000000 integrand evaluations so far
[1] -124815 +- 20685.1  	chisq 0 (0 df)

Iteration 2:  3000000 integrand evaluations so far
[1] -132910 +- 18967.8  	chisq 0.962311 (1 df)

Iteration 3:  6000000 integrand evaluations so far
[1] -128851 +- 8106.72  	chisq 1.01834 (2 df)

Iteration 4:  10000000 integrand evaluations so far
[1] -126753 +- 7070.52  	chisq 1.29823 (3 df)

Iteration 5:  15000000 integrand evaluations so far
[1] -131261 +- 5763.01  	chisq 2.50934 (4 df)

Iteration 6:  21000000 integrand evaluations so far
[1] -123244 +- 3113.58  	chisq 5.24199 (5 df)

Iteration 7:  28000000 integrand evaluations so far
[1] -123375 +- 2194.98  	chisq 5.24549 (6 df)

Iteration 8:  36000000 integrand evaluations so far
[1] -124433 +- 1753.9  	chisq 5.88842 (7 df)

Iteration 9:  45000000 integrand evaluations so far
[1] -125822 +- 1414.15  	chisq 7.68154 (8 df)

Iteration 10:  55000000 integrand evaluations so far
[1] -126374 +- 1308.17  	chisq 8.73544 (9 df)
  -126.4 ±    1.3 ·10⁺⁰³ (3.11mi) ┃Vegas input parameters:
  ndim 8
  ncomp 1
  nvec 1
  epsrel 0
  epsabs 0
  flags 10
  seed 123456
  mineval 5000000
  maxeval 50000000
  nstart 1000000
  nincrease 1000000
  nbatch 5000
  gridno 0
  statefile ""

Iteration 1:  1000000 integrand evaluations so far
[1] 164109 +- 15945.5  	chisq 0 (0 df)

Iteration 2:  3000000 integrand evaluations so far
[1] 182524 +- 3863.41  	chisq 1.41696 (1 df)

Iteration 3:  6000000 integrand evaluations so far
[1] 189214 +- 1915.92  	chisq 5.39379 (2 df)

Iteration 4:  10000000 integrand evaluations so far
[1] 189956 +- 1090.08  	chisq 5.61545 (3 df)

Iteration 5:  15000000 integrand evaluations so far
[1] 190641 +- 665.355  	chisq 6.24453 (4 df)

Iteration 6:  21000000 integrand evaluations so far
[1] 190923 +- 468.775  	chisq 6.60224 (5 df)

Iteration 7:  28000000 integrand evaluations so far
[1] 190601 +- 365.47  	chisq 7.80623 (6 df)

Iteration 8:  36000000 integrand evaluations so far
[1] 190608 +- 305.382  	chisq 7.80747 (7 df)

Iteration 9:  45000000 integrand evaluations so far
[1] 190509 +- 262.43  	chisq 8.21227 (8 df)

Iteration 10:  55000000 integrand evaluations so far
[1] 190745 +- 231.024  	chisq 11.8052 (9 df)
  190.75 ±   0.23 ·10⁺⁰³ (1.24mi) ┃    52.5 ±    1.3 ·10⁺⁰³ (5.77mi) ┃
┃  0.8 -   0.9 ┃  49.533 ±  0.042 ·10⁺⁰³ (1.69mi) ┃ -60.446 ±   0.05 ·10⁺⁰³ ( 29.4s) ┃Vegas input parameters:
  ndim 10
  ncomp 1
  nvec 1
  epsrel 0
  epsabs 0
  flags 10
  seed 123456
  mineval 50000000
  maxeval 50000000
  nstart 1000000
  nincrease 1000000
  nbatch 5000
  gridno 0
  statefile ""

Iteration 1:  1000000 integrand evaluations so far
[1] -174602 +- 112416  	chisq 0 (0 df)

Iteration 2:  3000000 integrand evaluations so far
[1] -137959 +- 33301.9  	chisq 0.116473 (1 df)

Iteration 3:  6000000 integrand evaluations so far
[1] -109743 +- 11166.5  	chisq 0.925248 (2 df)

Iteration 4:  10000000 integrand evaluations so far
[1] -117552 +- 6946.79  	chisq 1.7231 (3 df)

Iteration 5:  15000000 integrand evaluations so far
[1] -126215 +- 4796.14  	chisq 4.69428 (4 df)

Iteration 6:  21000000 integrand evaluations so far
[1] -120816 +- 3459.77  	chisq 7.33599 (5 df)

Iteration 7:  28000000 integrand evaluations so far
[1] -122537 +- 2746.1  	chisq 8.00482 (6 df)

Iteration 8:  36000000 integrand evaluations so far
[1] -121816 +- 2297.3  	chisq 8.23465 (7 df)

Iteration 9:  45000000 integrand evaluations so far
[1] -123994 +- 1797.27  	chisq 10.5508 (8 df)

Iteration 10:  55000000 integrand evaluations so far
[1] -125032 +- 1365.7  	chisq 11.3411 (9 df)
    -125 ±    1.4 ·10⁺⁰³ (3.05mi) ┃Vegas input parameters:
  ndim 8
  ncomp 1
  nvec 1
  epsrel 0
  epsabs 0
  flags 10
  seed 123456
  mineval 5000000
  maxeval 50000000
  nstart 1000000
  nincrease 1000000
  nbatch 5000
  gridno 0
  statefile ""

Iteration 1:  1000000 integrand evaluations so far
[1] 248923 +- 60588.7  	chisq 0 (0 df)

Iteration 2:  3000000 integrand evaluations so far
[1] 194487 +- 11731  	chisq 0.838664 (1 df)

Iteration 3:  6000000 integrand evaluations so far
[1] 185537 +- 2549.49  	chisq 1.44953 (2 df)

Iteration 4:  10000000 integrand evaluations so far
[1] 185445 +- 1067.77  	chisq 1.45111 (3 df)

Iteration 5:  15000000 integrand evaluations so far
[1] 186043 +- 631.643  	chisq 1.93266 (4 df)

Iteration 6:  21000000 integrand evaluations so far
[1] 185961 +- 460.901  	chisq 1.96843 (5 df)

Iteration 7:  28000000 integrand evaluations so far
[1] 185840 +- 363.953  	chisq 2.15212 (6 df)

Iteration 8:  36000000 integrand evaluations so far
[1] 185693 +- 302.289  	chisq 2.67696 (7 df)

Iteration 9:  45000000 integrand evaluations so far
[1] 185761 +- 259.014  	chisq 2.87019 (8 df)

Iteration 10:  55000000 integrand evaluations so far
[1] 185918 +- 233.331  	chisq 4.79712 (9 df)
  185.92 ±   0.23 ·10⁺⁰³ (1.21mi) ┃      50 ±    1.4 ·10⁺⁰³ (6.44mi) ┃
┃  0.9 -     1 ┃  47.646 ±  0.031 ·10⁺⁰³ (1.48mi) ┃ -58.832 ±  0.047 ·10⁺⁰³ ( 52.2s) ┃Vegas input parameters:
  ndim 10
  ncomp 1
  nvec 1
  epsrel 0
  epsabs 0
  flags 10
  seed 123456
  mineval 50000000
  maxeval 50000000
  nstart 1000000
  nincrease 1000000
  nbatch 5000
  gridno 0
  statefile ""

Iteration 1:  1000000 integrand evaluations so far
[1] -93607.7 +- 12307.5  	chisq 0 (0 df)

Iteration 2:  3000000 integrand evaluations so far
[1] -95537.5 +- 10472.6  	chisq 0.0890949 (1 df)

Iteration 3:  6000000 integrand evaluations so far
[1] -97517 +- 9737.31  	chisq 0.352789 (2 df)

Iteration 4:  10000000 integrand evaluations so far
[1] -109334 +- 4848.95  	chisq 2.31114 (3 df)

Iteration 5:  15000000 integrand evaluations so far
[1] -114830 +- 2971.26  	chisq 4.36831 (4 df)

Iteration 6:  21000000 integrand evaluations so far
[1] -114843 +- 2543.73  	chisq 4.36839 (5 df)

Iteration 7:  28000000 integrand evaluations so far
[1] -114269 +- 1707.52  	chisq 4.46094 (6 df)

Iteration 8:  36000000 integrand evaluations so far
[1] -116933 +- 1381.44  	chisq 11.5061 (7 df)

Iteration 9:  45000000 integrand evaluations so far
[1] -116607 +- 1047.78  	chisq 11.6376 (8 df)

Iteration 10:  55000000 integrand evaluations so far
[1] -117578 +- 972.881  	chisq 17.873 (9 df)
 -117.58 ±   0.97 ·10⁺⁰³ (3.15mi) ┃Vegas input parameters:
  ndim 8
  ncomp 1
  nvec 1
  epsrel 0
  epsabs 0
  flags 10
  seed 123456
  mineval 5000000
  maxeval 50000000
  nstart 1000000
  nincrease 1000000
  nbatch 5000
  gridno 0
  statefile ""

Iteration 1:  1000000 integrand evaluations so far
[1] 159763 +- 15288.4  	chisq 0 (0 df)

Iteration 2:  3000000 integrand evaluations so far
[1] 180610 +- 7222.08  	chisq 2.39341 (1 df)

Iteration 3:  6000000 integrand evaluations so far
[1] 179796 +- 2135.53  	chisq 2.40732 (2 df)

Iteration 4:  10000000 integrand evaluations so far
[1] 180132 +- 925.259  	chisq 2.43779 (3 df)

Iteration 5:  15000000 integrand evaluations so far
[1] 181087 +- 591.199  	chisq 4.23927 (4 df)

Iteration 6:  21000000 integrand evaluations so far
[1] 180682 +- 442.528  	chisq 5.3064 (5 df)

Iteration 7:  28000000 integrand evaluations so far
[1] 180434 +- 352.062  	chisq 6.16579 (6 df)

Iteration 8:  36000000 integrand evaluations so far
[1] 180198 +- 290.521  	chisq 7.57144 (7 df)

Iteration 9:  45000000 integrand evaluations so far
[1] 180327 +- 261.402  	chisq 8.60081 (8 df)

Iteration 10:  55000000 integrand evaluations so far
[1] 180473 +- 234.445  	chisq 10.1953 (9 df)
  180.47 ±   0.23 ·10⁺⁰³ (1.17mi) ┃    51.7 ±      1 ·10⁺⁰³ (6.67mi) ┃
┃    1 -   1.1 ┃  46.281 ±  0.033 ·10⁺⁰³ (   50s) ┃ -57.087 ±  0.049 ·10⁺⁰³ ( 12.5s) ┃Vegas input parameters:
  ndim 10
  ncomp 1
  nvec 1
  epsrel 0
  epsabs 0
  flags 10
  seed 123456
  mineval 50000000
  maxeval 50000000
  nstart 1000000
  nincrease 1000000
  nbatch 5000
  gridno 0
  statefile ""

Iteration 1:  1000000 integrand evaluations so far
[1] -139426 +- 38608.1  	chisq 0 (0 df)

Iteration 2:  3000000 integrand evaluations so far
[1] -101050 +- 10589  	chisq 1.06837 (1 df)

Iteration 3:  6000000 integrand evaluations so far
[1] -102469 +- 10488.7  	chisq 2.02048 (2 df)

Iteration 4:  10000000 integrand evaluations so far
[1] -108360 +- 7640.4  	chisq 2.6925 (3 df)

Iteration 5:  15000000 integrand evaluations so far
[1] -108067 +- 6314.23  	chisq 2.69714 (4 df)

Iteration 6:  21000000 integrand evaluations so far
[1] -107916 +- 3753.94  	chisq 2.69802 (5 df)

Iteration 7:  28000000 integrand evaluations so far
[1] -112803 +- 2177.64  	chisq 5.25195 (6 df)

Iteration 8:  36000000 integrand evaluations so far
[1] -115415 +- 1929.3  	chisq 11.9423 (7 df)

Iteration 9:  45000000 integrand evaluations so far
[1] -115972 +- 1810.58  	chisq 12.6411 (8 df)

Iteration 10:  55000000 integrand evaluations so far
[1] -117145 +- 1493.35  	chisq 13.9537 (9 df)
  -117.1 ±    1.5 ·10⁺⁰³ (2.95mi) ┃Vegas input parameters:
  ndim 8
  ncomp 1
  nvec 1
  epsrel 0
  epsabs 0
  flags 10
  seed 123456
  mineval 5000000
  maxeval 50000000
  nstart 1000000
  nincrease 1000000
  nbatch 5000
  gridno 0
  statefile ""

Iteration 1:  1000000 integrand evaluations so far
[1] 157982 +- 16710  	chisq 0 (0 df)

Iteration 2:  3000000 integrand evaluations so far
[1] 178281 +- 5442.37  	chisq 1.65079 (1 df)

Iteration 3:  6000000 integrand evaluations so far
[1] 174475 +- 1816.1  	chisq 2.20128 (2 df)

Iteration 4:  10000000 integrand evaluations so far
[1] 174140 +- 865.668  	chisq 2.24522 (3 df)

Iteration 5:  15000000 integrand evaluations so far
[1] 174927 +- 561.435  	chisq 3.6719 (4 df)

Iteration 6:  21000000 integrand evaluations so far
[1] 175084 +- 416.688  	chisq 3.84647 (5 df)

Iteration 7:  28000000 integrand evaluations so far
[1] 174687 +- 332.931  	chisq 6.36746 (6 df)

Iteration 8:  36000000 integrand evaluations so far
[1] 174640 +- 276.959  	chisq 6.43025 (7 df)

Iteration 9:  45000000 integrand evaluations so far
[1] 174534 +- 238.358  	chisq 6.99897 (8 df)

Iteration 10:  55000000 integrand evaluations so far
[1] 174615 +- 211.573  	chisq 7.54885 (9 df)
  174.62 ±   0.21 ·10⁺⁰³ (1.38mi) ┃    46.7 ±    1.5 ·10⁺⁰³ (5.37mi) ┃
┃  1.1 -   1.2 ┃  44.357 ±  0.026 ·10⁺⁰³ ( 51.7s) ┃ -55.205 ±  0.031 ·10⁺⁰³ ( 44.8s) ┃Vegas input parameters:
  ndim 10
  ncomp 1
  nvec 1
  epsrel 0
  epsabs 0
  flags 10
  seed 123456
  mineval 50000000
  maxeval 50000000
  nstart 1000000
  nincrease 1000000
  nbatch 5000
  gridno 0
  statefile ""

Iteration 1:  1000000 integrand evaluations so far
[1] -131904 +- 48049.5  	chisq 0 (0 df)

Iteration 2:  3000000 integrand evaluations so far
[1] -93237.2 +- 40499.8  	chisq 2.23645 (1 df)

Iteration 3:  6000000 integrand evaluations so far
[1] -94452.6 +- 12191.9  	chisq 2.23744 (2 df)

Iteration 4:  10000000 integrand evaluations so far
[1] -113556 +- 6974.21  	chisq 5.88666 (3 df)

Iteration 5:  15000000 integrand evaluations so far
[1] -115299 +- 5238.49  	chisq 6.03005 (4 df)

Iteration 6:  21000000 integrand evaluations so far
[1] -111043 +- 2940.92  	chisq 6.99413 (5 df)

Iteration 7:  28000000 integrand evaluations so far
[1] -113042 +- 1921.22  	chisq 7.80005 (6 df)

Iteration 8:  36000000 integrand evaluations so far
[1] -113144 +- 1409.4  	chisq 7.80621 (7 df)

Iteration 9:  45000000 integrand evaluations so far
[1] -112708 +- 1090.46  	chisq 8.04449 (8 df)

Iteration 10:  55000000 integrand evaluations so far
[1] -112680 +- 1045.22  	chisq 8.05297 (9 df)
  -112.7 ±      1 ·10⁺⁰³ (2.93mi) ┃Vegas input parameters:
  ndim 8
  ncomp 1
  nvec 1
  epsrel 0
  epsabs 0
  flags 10
  seed 123456
  mineval 5000000
  maxeval 50000000
  nstart 1000000
  nincrease 1000000
  nbatch 5000
  gridno 0
  statefile ""

Iteration 1:  1000000 integrand evaluations so far
[1] 153184 +- 20055  	chisq 0 (0 df)

Iteration 2:  3000000 integrand evaluations so far
[1] 164217 +- 5015.43  	chisq 0.322832 (1 df)

Iteration 3:  6000000 integrand evaluations so far
[1] 171540 +- 2511.72  	chisq 3.16878 (2 df)

Iteration 4:  10000000 integrand evaluations so far
[1] 169559 +- 1071.1  	chisq 3.92935 (3 df)

Iteration 5:  15000000 integrand evaluations so far
[1] 169638 +- 626.167  	chisq 3.93757 (4 df)

Iteration 6:  21000000 integrand evaluations so far
[1] 169493 +- 435.78  	chisq 4.04046 (5 df)

Iteration 7:  28000000 integrand evaluations so far
[1] 168768 +- 332.919  	chisq 10.7001 (6 df)

Iteration 8:  36000000 integrand evaluations so far
[1] 168690 +- 276.007  	chisq 10.8758 (7 df)

Iteration 9:  45000000 integrand evaluations so far
[1] 168671 +- 236.074  	chisq 10.8932 (8 df)

Iteration 10:  55000000 integrand evaluations so far
[1] 168767 +- 206.307  	chisq 11.598 (9 df)
  168.77 ±   0.21 ·10⁺⁰³ (1.14mi) ┃    45.2 ±    1.1 ·10⁺⁰³ (5.68mi) ┃
┃  1.2 -   1.3 ┃ 43.1805 ± 0.0086 ·10⁺⁰³ ( 29.5s) ┃ -53.252 ±   0.02 ·10⁺⁰³ (1.46mi) ┃Vegas input parameters:
  ndim 10
  ncomp 1
  nvec 1
  epsrel 0
  epsabs 0
  flags 10
  seed 123456
  mineval 50000000
  maxeval 50000000
  nstart 1000000
  nincrease 1000000
  nbatch 5000
  gridno 0
  statefile ""

Iteration 1:  1000000 integrand evaluations so far
[1] -120339 +- 28043.8  	chisq 0 (0 df)

Iteration 2:  3000000 integrand evaluations so far
[1] -112066 +- 24881.1  	chisq 0.408835 (1 df)

Iteration 3:  6000000 integrand evaluations so far
[1] -100425 +- 7632.92  	chisq 0.650475 (2 df)

Iteration 4:  10000000 integrand evaluations so far
[1] -109888 +- 4070.54  	chisq 2.79802 (3 df)

Iteration 5:  15000000 integrand evaluations so far
[1] -103330 +- 2214.72  	chisq 6.48463 (4 df)

Iteration 6:  21000000 integrand evaluations so far
[1] -105340 +- 1823.83  	chisq 9.04236 (5 df)

Iteration 7:  28000000 integrand evaluations so far
[1] -106849 +- 1578.27  	chisq 11.7701 (6 df)

Iteration 8:  36000000 integrand evaluations so far
[1] -106806 +- 1577.7  	chisq 12.8172 (7 df)

Iteration 9:  45000000 integrand evaluations so far
[1] -106873 +- 1553.41  	chisq 12.877 (8 df)

Iteration 10:  55000000 integrand evaluations so far
[1] -107205 +- 1463.99  	chisq 13.2839 (9 df)
  -107.2 ±    1.5 ·10⁺⁰³ (3.03mi) ┃Vegas input parameters:
  ndim 8
  ncomp 1
  nvec 1
  epsrel 0
  epsabs 0
  flags 10
  seed 123456
  mineval 5000000
  maxeval 50000000
  nstart 1000000
  nincrease 1000000
  nbatch 5000
  gridno 0
  statefile ""

Iteration 1:  1000000 integrand evaluations so far
[1] 128487 +- 14203.4  	chisq 0 (0 df)

Iteration 2:  3000000 integrand evaluations so far
[1] 158468 +- 5040.53  	chisq 5.09781 (1 df)

Iteration 3:  6000000 integrand evaluations so far
[1] 160875 +- 1741.7  	chisq 5.35675 (2 df)

Iteration 4:  10000000 integrand evaluations so far
[1] 160523 +- 811.315  	chisq 5.40886 (3 df)

Iteration 5:  15000000 integrand evaluations so far
[1] 161245 +- 498.991  	chisq 6.68046 (4 df)

Iteration 6:  21000000 integrand evaluations so far
[1] 161860 +- 369.171  	chisq 10.0357 (5 df)

Iteration 7:  28000000 integrand evaluations so far
[1] 161895 +- 299.252  	chisq 10.0627 (6 df)

Iteration 8:  36000000 integrand evaluations so far
[1] 161901 +- 253.709  	chisq 10.0642 (7 df)

Iteration 9:  45000000 integrand evaluations so far
[1] 161980 +- 219.625  	chisq 10.4464 (8 df)

Iteration 10:  55000000 integrand evaluations so far
[1] 162171 +- 194.019  	chisq 13.886 (9 df)
  162.17 ±   0.19 ·10⁺⁰³ ( 1.2mi) ┃    44.9 ±    1.5 ·10⁺⁰³ (6.19mi) ┃
┃  1.3 -   1.4 ┃   42.24 ±   0.02 ·10⁺⁰³ ( 22.7s) ┃-51.1366 ± 0.0023 ·10⁺⁰³ (2.79mi) ┃Vegas input parameters:
  ndim 10
  ncomp 1
  nvec 1
  epsrel 0
  epsabs 0
  flags 10
  seed 123456
  mineval 50000000
  maxeval 50000000
  nstart 1000000
  nincrease 1000000
  nbatch 5000
  gridno 0
  statefile ""

Iteration 1:  1000000 integrand evaluations so far
[1] -97364.4 +- 28159.9  	chisq 0 (0 df)

Iteration 2:  3000000 integrand evaluations so far
[1] -103985 +- 27475.9  	chisq 1.15171 (1 df)

Iteration 3:  6000000 integrand evaluations so far
[1] -100457 +- 10158.3  	chisq 1.1708 (2 df)

Iteration 4:  10000000 integrand evaluations so far
[1] -98527.5 +- 5065.09  	chisq 1.21884 (3 df)

Iteration 5:  15000000 integrand evaluations so far
[1] -100357 +- 2781.05  	chisq 1.40566 (4 df)

Iteration 6:  21000000 integrand evaluations so far
[1] -103362 +- 1661.32  	chisq 3.22094 (5 df)

Iteration 7:  28000000 integrand evaluations so far
[1] -104162 +- 1546.46  	chisq 4.95559 (6 df)

Iteration 8:  36000000 integrand evaluations so far
[1] -103630 +- 1407.78  	chisq 5.64535 (7 df)

Iteration 9:  45000000 integrand evaluations so far
[1] -102811 +- 1210.61  	chisq 6.94461 (8 df)

Iteration 10:  55000000 integrand evaluations so far
[1] -103446 +- 994.573  	chisq 7.78996 (9 df)
 -103.45 ±   0.99 ·10⁺⁰³ (2.69mi) ┃Vegas input parameters:
  ndim 8
  ncomp 1
  nvec 1
  epsrel 0
  epsabs 0
  flags 10
  seed 123456
  mineval 5000000
  maxeval 50000000
  nstart 1000000
  nincrease 1000000
  nbatch 5000
  gridno 0
  statefile ""

Iteration 1:  1000000 integrand evaluations so far
[1] 134308 +- 27414  	chisq 0 (0 df)

Iteration 2:  3000000 integrand evaluations so far
[1] 150492 +- 5820.88  	chisq 0.364965 (1 df)

Iteration 3:  6000000 integrand evaluations so far
[1] 153700 +- 1788.47  	chisq 0.700499 (2 df)

Iteration 4:  10000000 integrand evaluations so far
[1] 154664 +- 1498.65  	chisq 1.67545 (3 df)

Iteration 5:  15000000 integrand evaluations so far
[1] 155723 +- 892.657  	chisq 2.44969 (4 df)

Iteration 6:  21000000 integrand evaluations so far
[1] 155702 +- 508.246  	chisq 2.45054 (5 df)

Iteration 7:  28000000 integrand evaluations so far
[1] 155322 +- 352.644  	chisq 3.52807 (6 df)

Iteration 8:  36000000 integrand evaluations so far
[1] 155351 +- 276.436  	chisq 3.54557 (7 df)

Iteration 9:  45000000 integrand evaluations so far
[1] 155547 +- 230.049  	chisq 5.17759 (8 df)

Iteration 10:  55000000 integrand evaluations so far
[1] 155581 +- 197.683  	chisq 5.26206 (9 df)
  155.58 ±    0.2 ·10⁺⁰³ (1.04mi) ┃    43.2 ±      1 ·10⁺⁰³ ( 6.9mi) ┃
┃  1.4 -   1.5 ┃  39.403 ±  0.039 ·10⁺⁰³ ( 1.5mi) ┃-48.9602 ± 0.0027 ·10⁺⁰³ (10.6mi) ┃Vegas input parameters:
  ndim 10
  ncomp 1
  nvec 1
  epsrel 0
  epsabs 0
  flags 10
  seed 123456
  mineval 50000000
  maxeval 50000000
  nstart 1000000
  nincrease 1000000
  nbatch 5000
  gridno 0
  statefile ""

Iteration 1:  1000000 integrand evaluations so far
[1] -65703.3 +- 16695.9  	chisq 0 (0 df)

Iteration 2:  3000000 integrand evaluations so far
[1] -92895.6 +- 10934.4  	chisq 4.64483 (1 df)

Iteration 3:  6000000 integrand evaluations so far
[1] -102413 +- 4824.48  	chisq 5.58551 (2 df)

Iteration 4:  10000000 integrand evaluations so far
[1] -102936 +- 4484.46  	chisq 5.67213 (3 df)

Iteration 5:  15000000 integrand evaluations so far
[1] -100711 +- 2937.21  	chisq 6.10325 (4 df)

Iteration 6:  21000000 integrand evaluations so far
[1] -100596 +- 2155.42  	chisq 6.10661 (5 df)

Iteration 7:  28000000 integrand evaluations so far
[1] -99499.2 +- 1561.04  	chisq 6.65084 (6 df)

Iteration 8:  36000000 integrand evaluations so far
[1] -99648.3 +- 1354.21  	chisq 6.68774 (7 df)

Iteration 9:  45000000 integrand evaluations so far
[1] -98889.2 +- 1116.9  	chisq 7.67049 (8 df)

Iteration 10:  55000000 integrand evaluations so far
[1] -99288.1 +- 982.904  	chisq 8.23608 (9 df)
  -99.29 ±   0.98 ·10⁺⁰³ (2.69mi) ┃Vegas input parameters:
  ndim 8
  ncomp 1
  nvec 1
  epsrel 0
  epsabs 0
  flags 10
  seed 123456
  mineval 5000000
  maxeval 50000000
  nstart 1000000
  nincrease 1000000
  nbatch 5000
  gridno 0
  statefile ""

Iteration 1:  1000000 integrand evaluations so far
[1] 127591 +- 13222  	chisq 0 (0 df)

Iteration 2:  3000000 integrand evaluations so far
[1] 141902 +- 2524.81  	chisq 1.21596 (1 df)

Iteration 3:  6000000 integrand evaluations so far
[1] 147919 +- 1379.97  	chisq 9.31388 (2 df)

Iteration 4:  10000000 integrand evaluations so far
[1] 148496 +- 765.298  	chisq 9.56668 (3 df)

Iteration 5:  15000000 integrand evaluations so far
[1] 149215 +- 479.768  	chisq 11.0211 (4 df)

Iteration 6:  21000000 integrand evaluations so far
[1] 149436 +- 344.163  	chisq 11.4579 (5 df)

Iteration 7:  28000000 integrand evaluations so far
[1] 149115 +- 273.53  	chisq 13.8204 (6 df)

Iteration 8:  36000000 integrand evaluations so far
[1] 149182 +- 228.748  	chisq 14.0172 (7 df)

Iteration 9:  45000000 integrand evaluations so far
[1] 149136 +- 197.521  	chisq 14.173 (8 df)

Iteration 10:  55000000 integrand evaluations so far
[1] 149110 +- 175.371  	chisq 14.2587 (9 df)
  149.11 ±   0.18 ·10⁺⁰³ (1.03mi) ┃   40.26 ±      1 ·10⁺⁰³ (15.8mi) ┃
┃  1.5 -   1.6 ┃  37.159 ±  0.034 ·10⁺⁰³ ( 1.5mi) ┃       0 ±      0        ( 151ms) ┃Vegas input parameters:
  ndim 10
  ncomp 1
  nvec 1
  epsrel 0
  epsabs 0
  flags 10
  seed 123456
  mineval 50000000
  maxeval 50000000
  nstart 1000000
  nincrease 1000000
  nbatch 5000
  gridno 0
  statefile ""

Iteration 1:  1000000 integrand evaluations so far
[1] -72562.5 +- 12277.2  	chisq 0 (0 df)

Iteration 2:  3000000 integrand evaluations so far
[1] -87061.5 +- 9085.83  	chisq 3.08343 (1 df)

Iteration 3:  6000000 integrand evaluations so far
[1] -92018 +- 6964.61  	chisq 3.805 (2 df)

Iteration 4:  10000000 integrand evaluations so far
[1] -88289.8 +- 3851.38  	chisq 4.21779 (3 df)

Iteration 5:  15000000 integrand evaluations so far
[1] -93829.1 +- 2105.3  	chisq 7.16801 (4 df)

Iteration 6:  21000000 integrand evaluations so far
[1] -94259.9 +- 1253.11  	chisq 7.23283 (5 df)

Iteration 7:  28000000 integrand evaluations so far
[1] -94222.4 +- 1014.78  	chisq 7.23544 (6 df)

Iteration 8:  36000000 integrand evaluations so far
[1] -93239.1 +- 811.827  	chisq 9.84323 (7 df)

Iteration 9:  45000000 integrand evaluations so far
[1] -93266.4 +- 714.946  	chisq 9.84825 (8 df)

Iteration 10:  55000000 integrand evaluations so far
[1] -93339.6 +- 633.388  	chisq 9.89709 (9 df)
  -93.34 ±   0.63 ·10⁺⁰³ (2.73mi) ┃Vegas input parameters:
  ndim 8
  ncomp 1
  nvec 1
  epsrel 0
  epsabs 0
  flags 10
  seed 123456
  mineval 5000000
  maxeval 50000000
  nstart 1000000
  nincrease 1000000
  nbatch 5000
  gridno 0
  statefile ""

Iteration 1:  1000000 integrand evaluations so far
[1] 122669 +- 23884.8  	chisq 0 (0 df)

Iteration 2:  3000000 integrand evaluations so far
[1] 142049 +- 4794.19  	chisq 0.686026 (1 df)

Iteration 3:  6000000 integrand evaluations so far
[1] 141775 +- 1284.53  	chisq 0.689548 (2 df)

Iteration 4:  10000000 integrand evaluations so far
[1] 142073 +- 1249.91  	chisq 1.70042 (3 df)

Iteration 5:  15000000 integrand evaluations so far
[1] 141420 +- 881.977  	chisq 2.24397 (4 df)

Iteration 6:  21000000 integrand evaluations so far
[1] 141955 +- 481.437  	chisq 2.76873 (5 df)

Iteration 7:  28000000 integrand evaluations so far
[1] 141914 +- 329.476  	chisq 2.78265 (6 df)

Iteration 8:  36000000 integrand evaluations so far
[1] 141890 +- 257.973  	chisq 2.79556 (7 df)

Iteration 9:  45000000 integrand evaluations so far
[1] 142104 +- 217.481  	chisq 5.15902 (8 df)

Iteration 10:  55000000 integrand evaluations so far
[1] 142068 +- 186.908  	chisq 5.26259 (9 df)
  142.07 ±   0.19 ·10⁺⁰³ (   1mi) ┃   85.89 ±   0.66 ·10⁺⁰³ (5.24mi) ┃
┃  1.6 -   1.7 ┃  35.079 ±  0.032 ·10⁺⁰³ ( 25.1s) ┃       0 ±      0        ( 146ms) ┃Vegas input parameters:
  ndim 10
  ncomp 1
  nvec 1
  epsrel 0
  epsabs 0
  flags 10
  seed 123456
  mineval 50000000
  maxeval 50000000
  nstart 1000000
  nincrease 1000000
  nbatch 5000
  gridno 0
  statefile ""

Iteration 1:  1000000 integrand evaluations so far
[1] -88025.1 +- 25254.7  	chisq 0 (0 df)

Iteration 2:  3000000 integrand evaluations so far
[1] -73680.4 +- 14192.2  	chisq 0.471535 (1 df)

Iteration 3:  6000000 integrand evaluations so far
[1] -85039.2 +- 4854.14  	chisq 1.19697 (2 df)

Iteration 4:  10000000 integrand evaluations so far
[1] -88656.3 +- 4271.74  	chisq 3.6587 (3 df)

Iteration 5:  15000000 integrand evaluations so far
[1] -89329.4 +- 4227.45  	chisq 4.86202 (4 df)

Iteration 6:  21000000 integrand evaluations so far
[1] -87707.9 +- 2609.66  	chisq 5.09971 (5 df)

Iteration 7:  28000000 integrand evaluations so far
[1] -87045.3 +- 2211.86  	chisq 5.32865 (6 df)

Iteration 8:  36000000 integrand evaluations so far
[1] -88143.7 +- 1817.08  	chisq 6.08728 (7 df)

Iteration 9:  45000000 integrand evaluations so far
[1] -87949.5 +- 1548.24  	chisq 6.12897 (8 df)

Iteration 10:  55000000 integrand evaluations so far
[1] -88959.9 +- 1332.15  	chisq 7.76904 (9 df)
     -89 ±    1.3 ·10⁺⁰³ (2.75mi) ┃Vegas input parameters:
  ndim 8
  ncomp 1
  nvec 1
  epsrel 0
  epsabs 0
  flags 10
  seed 123456
  mineval 5000000
  maxeval 50000000
  nstart 1000000
  nincrease 1000000
  nbatch 5000
  gridno 0
  statefile ""

Iteration 1:  1000000 integrand evaluations so far
[1] 140331 +- 22607.2  	chisq 0 (0 df)

Iteration 2:  3000000 integrand evaluations so far
[1] 134406 +- 3744.01  	chisq 0.0706247 (1 df)

Iteration 3:  6000000 integrand evaluations so far
[1] 133284 +- 1546.18  	chisq 0.178923 (2 df)

Iteration 4:  10000000 integrand evaluations so far
[1] 134115 +- 1382.25  	chisq 1.61929 (3 df)

Iteration 5:  15000000 integrand evaluations so far
[1] 134982 +- 813.053  	chisq 2.22041 (4 df)

Iteration 6:  21000000 integrand evaluations so far
[1] 135419 +- 469.913  	chisq 2.65517 (5 df)

Iteration 7:  28000000 integrand evaluations so far
[1] 135341 +- 331.354  	chisq 2.70991 (6 df)

Iteration 8:  36000000 integrand evaluations so far
[1] 135290 +- 254.765  	chisq 2.76971 (7 df)

Iteration 9:  45000000 integrand evaluations so far
[1] 135152 +- 208.422  	chisq 3.65148 (8 df)

Iteration 10:  55000000 integrand evaluations so far
[1] 135149 +- 177.253  	chisq 3.65219 (9 df)
  135.15 ±   0.18 ·10⁺⁰³ (1.01mi) ┃    81.3 ±    1.3 ·10⁺⁰³ (4.18mi) ┃
┃  1.7 -   1.8 ┃  34.811 ±  0.014 ·10⁺⁰³ ( 42.6s) ┃       0 ±      0        ( 147ms) ┃Vegas input parameters:
  ndim 10
  ncomp 1
  nvec 1
  epsrel 0
  epsabs 0
  flags 10
  seed 123456
  mineval 50000000
  maxeval 50000000
  nstart 1000000
  nincrease 1000000
  nbatch 5000
  gridno 0
  statefile ""

Iteration 1:  1000000 integrand evaluations so far
[1] -67749.6 +- 13772.1  	chisq 0 (0 df)

Iteration 2:  3000000 integrand evaluations so far
[1] -80058.2 +- 9318.61  	chisq 1.47323 (1 df)

Iteration 3:  6000000 integrand evaluations so far
[1] -83614 +- 4684.69  	chisq 1.66808 (2 df)

Iteration 4:  10000000 integrand evaluations so far
[1] -83148.2 +- 2724.59  	chisq 1.68303 (3 df)

Iteration 5:  15000000 integrand evaluations so far
[1] -83942.7 +- 1898.11  	chisq 1.84825 (4 df)

Iteration 6:  21000000 integrand evaluations so far
[1] -82796.8 +- 1359.97  	chisq 2.59724 (5 df)

Iteration 7:  28000000 integrand evaluations so far
[1] -82975.8 +- 1138.32  	chisq 2.65516 (6 df)

Iteration 8:  36000000 integrand evaluations so far
[1] -83349.7 +- 902.609  	chisq 2.94569 (7 df)

Iteration 9:  45000000 integrand evaluations so far
[1] -83026.3 +- 876.616  	chisq 5.2068 (8 df)

Iteration 10:  55000000 integrand evaluations so far
[1] -83209.6 +- 813.174  	chisq 5.52007 (9 df)
  -83.21 ±   0.81 ·10⁺⁰³ (2.74mi) ┃Vegas input parameters:
  ndim 8
  ncomp 1
  nvec 1
  epsrel 0
  epsabs 0
  flags 10
  seed 123456
  mineval 5000000
  maxeval 50000000
  nstart 1000000
  nincrease 1000000
  nbatch 5000
  gridno 0
  statefile ""

Iteration 1:  1000000 integrand evaluations so far
[1] 112268 +- 13700.6  	chisq 0 (0 df)

Iteration 2:  3000000 integrand evaluations so far
[1] 125381 +- 8581.71  	chisq 1.50752 (1 df)

Iteration 3:  6000000 integrand evaluations so far
[1] 125318 +- 1961.07  	chisq 1.50758 (2 df)

Iteration 4:  10000000 integrand evaluations so far
[1] 126309 +- 754.506  	chisq 1.80714 (3 df)

Iteration 5:  15000000 integrand evaluations so far
[1] 126913 +- 438.147  	chisq 2.77525 (4 df)

Iteration 6:  21000000 integrand evaluations so far
[1] 127102 +- 318.514  	chisq 3.16898 (5 df)

Iteration 7:  28000000 integrand evaluations so far
[1] 127320 +- 249.346  	chisq 4.37628 (6 df)

Iteration 8:  36000000 integrand evaluations so far
[1] 127387 +- 204.047  	chisq 4.59803 (7 df)

Iteration 9:  45000000 integrand evaluations so far
[1] 127581 +- 174.379  	chisq 7.94542 (8 df)

Iteration 10:  55000000 integrand evaluations so far
[1] 127686 +- 152.215  	chisq 9.45567 (9 df)
  127.69 ±   0.15 ·10⁺⁰³ (1.01mi) ┃   79.29 ±   0.83 ·10⁺⁰³ (4.46mi) ┃
┃  1.8 -   1.9 ┃  32.685 ±  0.025 ·10⁺⁰³ ( 1.5mi) ┃       0 ±      0        ( 148ms) ┃Vegas input parameters:
  ndim 10
  ncomp 1
  nvec 1
  epsrel 0
  epsabs 0
  flags 10
  seed 123456
  mineval 50000000
  maxeval 50000000
  nstart 1000000
  nincrease 1000000
  nbatch 5000
  gridno 0
  statefile ""

Iteration 1:  1000000 integrand evaluations so far
[1] -91573.9 +- 44439.5  	chisq 0 (0 df)

Iteration 2:  3000000 integrand evaluations so far
[1] -70812.5 +- 13844.3  	chisq 0.24172 (1 df)

Iteration 3:  6000000 integrand evaluations so far
[1] -65282.3 +- 4213.18  	chisq 0.417574 (2 df)

Iteration 4:  10000000 integrand evaluations so far
[1] -70994.1 +- 2668.77  	chisq 3.48716 (3 df)

Iteration 5:  15000000 integrand evaluations so far
[1] -74716.1 +- 1788.27  	chisq 7.0171 (4 df)

Iteration 6:  21000000 integrand evaluations so far
[1] -76032.1 +- 1522.42  	chisq 8.98489 (5 df)

Iteration 7:  28000000 integrand evaluations so far
[1] -76930.4 +- 1359.72  	chisq 10.7056 (6 df)

Iteration 8:  36000000 integrand evaluations so far
[1] -77940.4 +- 1109.39  	chisq 12.356 (7 df)

Iteration 9:  45000000 integrand evaluations so far
[1] -78588.3 +- 960.984  	chisq 13.7222 (8 df)

Iteration 10:  55000000 integrand evaluations so far
[1] -78593.1 +- 802.042  	chisq 13.7222 (9 df)
  -78.59 ±    0.8 ·10⁺⁰³ (2.88mi) ┃Vegas input parameters:
  ndim 8
  ncomp 1
  nvec 1
  epsrel 0
  epsabs 0
  flags 10
  seed 123456
  mineval 5000000
  maxeval 50000000
  nstart 1000000
  nincrease 1000000
  nbatch 5000
  gridno 0
  statefile ""

Iteration 1:  1000000 integrand evaluations so far
[1] 134896 +- 20869.9  	chisq 0 (0 df)

Iteration 2:  3000000 integrand evaluations so far
[1] 125972 +- 6694.46  	chisq 0.203809 (1 df)

Iteration 3:  6000000 integrand evaluations so far
[1] 121004 +- 1741.22  	chisq 0.79456 (2 df)

Iteration 4:  10000000 integrand evaluations so far
[1] 120269 +- 705.334  	chisq 1.00769 (3 df)

Iteration 5:  15000000 integrand evaluations so far
[1] 119995 +- 400.849  	chisq 1.23144 (4 df)

Iteration 6:  21000000 integrand evaluations so far
[1] 120074 +- 282.964  	chisq 1.30999 (5 df)

Iteration 7:  28000000 integrand evaluations so far
[1] 119926 +- 224.605  	chisq 2.04761 (6 df)

Iteration 8:  36000000 integrand evaluations so far
[1] 120066 +- 187.321  	chisq 3.31081 (7 df)

Iteration 9:  45000000 integrand evaluations so far
[1] 120182 +- 161.149  	chisq 4.79934 (8 df)

Iteration 10:  55000000 integrand evaluations so far
[1] 120294 +- 141.34  	chisq 6.89363 (9 df)
  120.29 ±   0.14 ·10⁺⁰³ (1.01mi) ┃   74.39 ±   0.81 ·10⁺⁰³ (5.38mi) ┃
┃  1.9 -     2 ┃  28.976 ±  0.014 ·10⁺⁰³ ( 45.4s) ┃       0 ±      0        ( 148ms) ┃Vegas input parameters:
  ndim 10
  ncomp 1
  nvec 1
  epsrel 0
  epsabs 0
  flags 10
  seed 123456
  mineval 50000000
  maxeval 50000000
  nstart 1000000
  nincrease 1000000
  nbatch 5000
  gridno 0
  statefile ""

Iteration 1:  1000000 integrand evaluations so far
[1] -39722.7 +- 5997.09  	chisq 0 (0 df)

Iteration 2:  3000000 integrand evaluations so far
[1] -46407.9 +- 5153.44  	chisq 4.75084 (1 df)

Iteration 3:  6000000 integrand evaluations so far
[1] -64606.1 +- 3341.48  	chisq 26.2662 (2 df)

Iteration 4:  10000000 integrand evaluations so far
[1] -68207.1 +- 2469.78  	chisq 28.826 (3 df)

Iteration 5:  15000000 integrand evaluations so far
[1] -70099.9 +- 1799.98  	chisq 30.0788 (4 df)

Iteration 6:  21000000 integrand evaluations so far
[1] -72205.2 +- 1241.57  	chisq 32.6884 (5 df)

Iteration 7:  28000000 integrand evaluations so far
[1] -72353.7 +- 991.311  	chisq 32.7279 (6 df)

Iteration 8:  36000000 integrand evaluations so far
[1] -72098.5 +- 792.992  	chisq 32.912 (7 df)

Iteration 9:  45000000 integrand evaluations so far
[1] -72564.5 +- 673.292  	chisq 34.1496 (8 df)

Iteration 10:  55000000 integrand evaluations so far
[1] -72669.4 +- 589.919  	chisq 34.2541 (9 df)
  -72.67 ±   0.59 ·10⁺⁰³ (2.73mi) ┃Vegas input parameters:
  ndim 8
  ncomp 1
  nvec 1
  epsrel 0
  epsabs 0
  flags 10
  seed 123456
  mineval 5000000
  maxeval 50000000
  nstart 1000000
  nincrease 1000000
  nbatch 5000
  gridno 0
  statefile ""

Iteration 1:  1000000 integrand evaluations so far
[1] 98772.5 +- 12382.6  	chisq 0 (0 df)

Iteration 2:  3000000 integrand evaluations so far
[1] 106389 +- 2222.33  	chisq 0.390969 (1 df)

Iteration 3:  6000000 integrand evaluations so far
[1] 112040 +- 1032.85  	chisq 8.63604 (2 df)

Iteration 4:  10000000 integrand evaluations so far
[1] 112252 +- 512.549  	chisq 8.69236 (3 df)

Iteration 5:  15000000 integrand evaluations so far
[1] 112577 +- 326.445  	chisq 9.36687 (4 df)

Iteration 6:  21000000 integrand evaluations so far
[1] 112629 +- 245.779  	chisq 9.42579 (5 df)

Iteration 7:  28000000 integrand evaluations so far
[1] 112604 +- 198.001  	chisq 9.45631 (6 df)

Iteration 8:  36000000 integrand evaluations so far
[1] 112663 +- 170.548  	chisq 9.80423 (7 df)

Iteration 9:  45000000 integrand evaluations so far
[1] 112718 +- 149.168  	chisq 10.2451 (8 df)

Iteration 10:  55000000 integrand evaluations so far
[1] 112799 +- 131.897  	chisq 11.6196 (9 df)
   112.8 ±   0.13 ·10⁺⁰³ (1.05mi) ┃   69.11 ±    0.6 ·10⁺⁰³ (4.53mi) ┃
┃    2 -   2.1 ┃  26.355 ±  0.024 ·10⁺⁰³ ( 22.6s) ┃       0 ±      0        ( 148ms) ┃Vegas input parameters:
  ndim 10
  ncomp 1
  nvec 1
  epsrel 0
  epsabs 0
  flags 10
  seed 123456
  mineval 50000000
  maxeval 50000000
  nstart 1000000
  nincrease 1000000
  nbatch 5000
  gridno 0
  statefile ""

Iteration 1:  1000000 integrand evaluations so far
[1] -54496.5 +- 7568.64  	chisq 0 (0 df)

Iteration 2:  3000000 integrand evaluations so far
[1] -57688.4 +- 7324.94  	chisq 2.80696 (1 df)

Iteration 3:  6000000 integrand evaluations so far
[1] -63752.1 +- 5164.06  	chisq 4.16941 (2 df)

Iteration 4:  10000000 integrand evaluations so far
[1] -63533 +- 2862.68  	chisq 4.17201 (3 df)

Iteration 5:  15000000 integrand evaluations so far
[1] -67959.1 +- 1904.95  	chisq 8.46249 (4 df)

Iteration 6:  21000000 integrand evaluations so far
[1] -68701.5 +- 1741.54  	chisq 9.38745 (5 df)

Iteration 7:  28000000 integrand evaluations so far
[1] -68726 +- 1357.98  	chisq 9.38796 (6 df)

Iteration 8:  36000000 integrand evaluations so far
[1] -67991.3 +- 986.494  	chisq 10.0078 (7 df)

Iteration 9:  45000000 integrand evaluations so far
[1] -68384.5 +- 863.773  	chisq 10.6888 (8 df)

Iteration 10:  55000000 integrand evaluations so far
[1] -68423.8 +- 746.472  	chisq 10.6969 (9 df)
  -68.42 ±   0.75 ·10⁺⁰³ (2.79mi) ┃Vegas input parameters:
  ndim 8
  ncomp 1
  nvec 1
  epsrel 0
  epsabs 0
  flags 10
  seed 123456
  mineval 5000000
  maxeval 50000000
  nstart 1000000
  nincrease 1000000
  nbatch 5000
  gridno 0
  statefile ""

Iteration 1:  1000000 integrand evaluations so far
[1] 85060.9 +- 10443.6  	chisq 0 (0 df)

Iteration 2:  3000000 integrand evaluations so far
[1] 103381 +- 5427.41  	chisq 4.2157 (1 df)

Iteration 3:  6000000 integrand evaluations so far
[1] 103818 +- 1312.51  	chisq 4.22259 (2 df)

Iteration 4:  10000000 integrand evaluations so far
[1] 105562 +- 573.714  	chisq 6.40576 (3 df)

Iteration 5:  15000000 integrand evaluations so far
[1] 105703 +- 356.818  	chisq 6.50393 (4 df)

Iteration 6:  21000000 integrand evaluations so far
[1] 105592 +- 258.151  	chisq 6.70512 (5 df)

Iteration 7:  28000000 integrand evaluations so far
[1] 105634 +- 205.866  	chisq 6.7778 (6 df)

Iteration 8:  36000000 integrand evaluations so far
[1] 105531 +- 169.507  	chisq 7.55999 (7 df)

Iteration 9:  45000000 integrand evaluations so far
[1] 105563 +- 143.589  	chisq 7.68932 (8 df)

Iteration 10:  55000000 integrand evaluations so far
[1] 105570 +- 125.446  	chisq 7.6987 (9 df)
  105.57 ±   0.13 ·10⁺⁰³ (1.39mi) ┃    63.5 ±   0.76 ·10⁺⁰³ (4.55mi) ┃
┃  2.1 -   2.2 ┃  26.352 ±  0.023 ·10⁺⁰³ (1.42mi) ┃       0 ±      0        ( 147ms) ┃Vegas input parameters:
  ndim 10
  ncomp 1
  nvec 1
  epsrel 0
  epsabs 0
  flags 10
  seed 123456
  mineval 50000000
  maxeval 50000000
  nstart 1000000
  nincrease 1000000
  nbatch 5000
  gridno 0
  statefile ""

Iteration 1:  1000000 integrand evaluations so far
[1] -102088 +- 51141.8  	chisq 0 (0 df)

Iteration 2:  3000000 integrand evaluations so far
[1] -66712.6 +- 10277.7  	chisq 0.498608 (1 df)

Iteration 3:  6000000 integrand evaluations so far
[1] -58508.4 +- 3922.43  	chisq 1.24445 (2 df)

Iteration 4:  10000000 integrand evaluations so far
[1] -62636.4 +- 2211.41  	chisq 2.86808 (3 df)

Iteration 5:  15000000 integrand evaluations so far
[1] -64358.3 +- 1882.65  	chisq 5.07086 (4 df)

Iteration 6:  21000000 integrand evaluations so far
[1] -63705.8 +- 1406.1  	chisq 5.34252 (5 df)

Iteration 7:  28000000 integrand evaluations so far
[1] -62794 +- 1087.02  	chisq 6.38747 (6 df)

Iteration 8:  36000000 integrand evaluations so far
[1] -62027.3 +- 747.266  	chisq 7.33087 (7 df)

Iteration 9:  45000000 integrand evaluations so far
[1] -62676 +- 639.957  	chisq 10.1581 (8 df)

Iteration 10:  55000000 integrand evaluations so far
[1] -63068.1 +- 605.309  	chisq 13.7212 (9 df)
  -63.07 ±   0.61 ·10⁺⁰³ (2.72mi) ┃Vegas input parameters:
  ndim 8
  ncomp 1
  nvec 1
  epsrel 0
  epsabs 0
  flags 10
  seed 123456
  mineval 5000000
  maxeval 50000000
  nstart 1000000
  nincrease 1000000
  nbatch 5000
  gridno 0
  statefile ""

Iteration 1:  1000000 integrand evaluations so far
[1] 95457.5 +- 14248.1  	chisq 0 (0 df)

Iteration 2:  3000000 integrand evaluations so far
[1] 93321.9 +- 2397.36  	chisq 0.0231211 (1 df)

Iteration 3:  6000000 integrand evaluations so far
[1] 96541.5 +- 803.543  	chisq 2.05503 (2 df)

Iteration 4:  10000000 integrand evaluations so far
[1] 97166.9 +- 417.765  	chisq 2.88507 (3 df)

Iteration 5:  15000000 integrand evaluations so far
[1] 97924.9 +- 280.3  	chisq 8.87241 (4 df)

Iteration 6:  21000000 integrand evaluations so far
[1] 97931.3 +- 215.474  	chisq 8.87369 (5 df)

Iteration 7:  28000000 integrand evaluations so far
[1] 97887.9 +- 174.739  	chisq 8.99226 (6 df)

Iteration 8:  36000000 integrand evaluations so far
[1] 97980.2 +- 145.822  	chisq 9.91217 (7 df)

Iteration 9:  45000000 integrand evaluations so far
[1] 98013.2 +- 126.234  	chisq 10.1162 (8 df)

Iteration 10:  55000000 integrand evaluations so far
[1] 98075.9 +- 111.771  	chisq 11.2595 (9 df)
   98.08 ±   0.11 ·10⁺⁰³ (1.02mi) ┃   61.36 ±   0.62 ·10⁺⁰³ (5.17mi) ┃
┃  2.2 -   2.3 ┃  25.213 ±  0.019 ·10⁺⁰³ (1.49mi) ┃       0 ±      0        ( 148ms) ┃Vegas input parameters:
  ndim 10
  ncomp 1
  nvec 1
  epsrel 0
  epsabs 0
  flags 10
  seed 123456
  mineval 50000000
  maxeval 50000000
  nstart 1000000
  nincrease 1000000
  nbatch 5000
  gridno 0
  statefile ""

Iteration 1:  1000000 integrand evaluations so far
[1] -21484.6 +- 11352.7  	chisq 0 (0 df)

Iteration 2:  3000000 integrand evaluations so far
[1] -46525.3 +- 5212.49  	chisq 6.1648 (1 df)

Iteration 3:  6000000 integrand evaluations so far
[1] -56674.5 +- 3632.93  	chisq 13.5371 (2 df)

Iteration 4:  10000000 integrand evaluations so far
[1] -55242 +- 3224.51  	chisq 14.2698 (3 df)

Iteration 5:  15000000 integrand evaluations so far
[1] -56399.8 +- 2314.2  	chisq 14.5356 (4 df)

Iteration 6:  21000000 integrand evaluations so far
[1] -56869.9 +- 1187.5  	chisq 14.5916 (5 df)

Iteration 7:  28000000 integrand evaluations so far
[1] -57783.1 +- 1080.48  	chisq 18.0278 (6 df)

Iteration 8:  36000000 integrand evaluations so far
[1] -58400.5 +- 956.815  	chisq 19.5408 (7 df)

Iteration 9:  45000000 integrand evaluations so far
[1] -58276.2 +- 941.922  	chisq 20.0871 (8 df)

Iteration 10:  55000000 integrand evaluations so far
[1] -58443.3 +- 833.878  	chisq 20.2326 (9 df)
  -58.44 ±   0.83 ·10⁺⁰³ (2.69mi) ┃Vegas input parameters:
  ndim 8
  ncomp 1
  nvec 1
  epsrel 0
  epsabs 0
  flags 10
  seed 123456
  mineval 5000000
  maxeval 50000000
  nstart 1000000
  nincrease 1000000
  nbatch 5000
  gridno 0
  statefile ""

Iteration 1:  1000000 integrand evaluations so far
[1] 78383.1 +- 18180.8  	chisq 0 (0 df)

Iteration 2:  3000000 integrand evaluations so far
[1] 96715.5 +- 11038.6  	chisq 1.6104 (1 df)

Iteration 3:  6000000 integrand evaluations so far
[1] 91310.6 +- 2098.86  	chisq 1.85914 (2 df)

Iteration 4:  10000000 integrand evaluations so far
[1] 90344.8 +- 647.952  	chisq 2.09316 (3 df)

Iteration 5:  15000000 integrand evaluations so far
[1] 90611.8 +- 332.975  	chisq 2.32383 (4 df)

Iteration 6:  21000000 integrand evaluations so far
[1] 90471.1 +- 223.741  	chisq 2.64946 (5 df)

Iteration 7:  28000000 integrand evaluations so far
[1] 90527.1 +- 180.506  	chisq 2.82919 (6 df)

Iteration 8:  36000000 integrand evaluations so far
[1] 90488.4 +- 149.516  	chisq 2.9762 (7 df)

Iteration 9:  45000000 integrand evaluations so far
[1] 90523.9 +- 126.755  	chisq 3.1774 (8 df)

Iteration 10:  55000000 integrand evaluations so far
[1] 90580.7 +- 109.943  	chisq 3.98636 (9 df)
   90.58 ±   0.11 ·10⁺⁰³ (1.02mi) ┃   57.35 ±   0.84 ·10⁺⁰³ (5.21mi) ┃
┃  2.3 -   2.4 ┃ 21.7115 ± 0.0071 ·10⁺⁰³ ( 25.1s) ┃       0 ±      0        ( 148ms) ┃Vegas input parameters:
  ndim 10
  ncomp 1
  nvec 1
  epsrel 0
  epsabs 0
  flags 10
  seed 123456
  mineval 50000000
  maxeval 50000000
  nstart 1000000
  nincrease 1000000
  nbatch 5000
  gridno 0
  statefile ""

Iteration 1:  1000000 integrand evaluations so far
[1] -23931.6 +- 4122.62  	chisq 0 (0 df)

Iteration 2:  3000000 integrand evaluations so far
[1] -24704 +- 4032.32  	chisq 0.810037 (1 df)

Iteration 3:  6000000 integrand evaluations so far
[1] -39528.6 +- 2287.67  	chisq 20.7417 (2 df)

Iteration 4:  10000000 integrand evaluations so far
[1] -46712.6 +- 1692.98  	chisq 42.5432 (3 df)

Iteration 5:  15000000 integrand evaluations so far
[1] -48931.7 +- 1446.25  	chisq 48.9009 (4 df)

Iteration 6:  21000000 integrand evaluations so far
[1] -51266.6 +- 1006.78  	chisq 53.9584 (5 df)

Iteration 7:  28000000 integrand evaluations so far
[1] -52053.5 +- 925.972  	chisq 57.9225 (6 df)

Iteration 8:  36000000 integrand evaluations so far
[1] -52529.9 +- 807.375  	chisq 59.0266 (7 df)

Iteration 9:  45000000 integrand evaluations so far
[1] -53212.8 +- 615.082  	chisq 60.7313 (8 df)

Iteration 10:  55000000 integrand evaluations so far
[1] -53511.6 +- 492.229  	chisq 61.3877 (9 df)
  -53.51 ±   0.49 ·10⁺⁰³ (2.71mi) ┃Vegas input parameters:
  ndim 8
  ncomp 1
  nvec 1
  epsrel 0
  epsabs 0
  flags 10
  seed 123456
  mineval 5000000
  maxeval 50000000
  nstart 1000000
  nincrease 1000000
  nbatch 5000
  gridno 0
  statefile ""

Iteration 1:  1000000 integrand evaluations so far
[1] 98811.1 +- 19804.8  	chisq 0 (0 df)

Iteration 2:  3000000 integrand evaluations so far
[1] 78855.6 +- 1782.91  	chisq 1.02358 (1 df)

Iteration 3:  6000000 integrand evaluations so far
[1] 83362.6 +- 869.155  	chisq 9.40587 (2 df)

Iteration 4:  10000000 integrand evaluations so far
[1] 83662.8 +- 436.294  	chisq 9.5654 (3 df)

Iteration 5:  15000000 integrand evaluations so far
[1] 83897.7 +- 263.52  	chisq 10.0217 (4 df)

Iteration 6:  21000000 integrand evaluations so far
[1] 83573 +- 191.412  	chisq 13.2353 (5 df)

Iteration 7:  28000000 integrand evaluations so far
[1] 83512.6 +- 150.676  	chisq 13.4976 (6 df)

Iteration 8:  36000000 integrand evaluations so far
[1] 83492.5 +- 125.468  	chisq 13.5558 (7 df)

Iteration 9:  45000000 integrand evaluations so far
[1] 83519.3 +- 108.66  	chisq 13.7386 (8 df)

Iteration 10:  55000000 integrand evaluations so far
[1] 83527.1 +- 95.9059  	chisq 13.7622 (9 df)
  83.527 ±  0.096 ·10⁺⁰³ (1.04mi) ┃   51.73 ±    0.5 ·10⁺⁰³ (4.18mi) ┃
┣━━━━━━━━━━━━━━╋━━━━━━━━━━━━━━━━━━━━━━━━━━━━━━━━━━╋━━━━━━━━━━━━━━━━━━━━━━━━━━━━━━━━━━╋━━━━━━━━━━━━━━━━━━━━━━━━━━━━━━━━━━╋━━━━━━━━━━━━━━━━━━━━━━━━━━━━━━━━━━╋━━━━━━━━━━━━━━━━━━━━━━━━━━━━━━━━━━┫
┃ -2.4 -   2.4 ┃ 1.99966 ± 0.0002 ·10⁺⁰⁶ (57.4mi) ┃-1.80512 ± 0.00019 ·10⁺⁰⁶ (52.7mi) ┃  -5.046 ± 0.0078 ·10⁺⁰⁶ (2.64hr) ┃  7.6249 ± 0.0014 ·10⁺⁰⁶ (1.01hr) ┃  2.7734 ± 0.0079 ·10⁺⁰⁶ (5.49hr) ┃
┗━━━━━━━━━━━━━━┻━━━━━━━━━━━━━━━━━━━━━━━━━━━━━━━━━━┻━━━━━━━━━━━━━━━━━━━━━━━━━━━━━━━━━━┻━━━━━━━━━━━━━━━━━━━━━━━━━━━━━━━━━━┻━━━━━━━━━━━━━━━━━━━━━━━━━━━━━━━━━━┻━━━━━━━━━━━━━━━━━━━━━━━━━━━━━━━━━━┛

╍╍╍╍╍╍╍╍╍╍╍╍╍╍╍╍╍╍╍╍╍╍╍╍╍╍╍╍╍╍╍╍ Summary ╍╍╍╍╍╍╍╍╍╍╍╍╍╍╍╍╍╍╍╍╍╍╍╍╍╍╍╍╍╍╍
      Total cross section                    2.7734 ± 0.0079          nb
         Calculation time                               5.49       hours
              Output file                    outputs/etal_N3LL_muR1.0_muF1.0.root            
      Result in text file                    outputs/etal_N3LL_muR1.0_muF1.0.txt            

╍╍╍╍╍╍╍╍╍╍╍╍╍╍╍╍╍╍╍╍╍╍╍╍╍╍╍╍╍╍╍╍╍╍╍╍╍╍╍╍╍╍╍╍╍╍╍╍╍╍╍╍╍╍╍╍╍╍╍╍╍╍╍╍╍╍╍╍╍╍╍╍

