
╍╍╍╍╍╍╍╍╍╍╍╍╍╍╍╍╍╍╍╍╍╍╍╍╍╍╍ Process settings ╍╍╍╍╍╍╍╍╍╍╍╍╍╍╍╍╍╍╍╍╍╍╍╍╍╍╍
   proton-proton collisions at sqrt(s) = 13000 GeV 
   Computing NNLO+NNLL resummed cross section
   W+ ->  nu(p3)+e+(p4) production 

╍╍╍╍╍╍╍╍╍╍╍╍╍╍╍╍╍╍╍╍╍╍╍╍╍╍╍╍╍╍ CKM matrix ╍╍╍╍╍╍╍╍╍╍╍╍╍╍╍╍╍╍╍╍╍╍╍╍╍╍╍╍╍╍
     | Vud Vus Vub |   |   0.97427   0.2253  0.00351 | 
     | Vcd Vcs Vcb | = |    0.2252  0.97344   0.0412 | 
     | Vtd Vts Vtb |   |         0        0        0 | 

╍╍╍╍╍╍╍╍╍╍╍╍╍╍╍╍╍╍╍╍╍╍╍╍╍╍╍╍╍ EW parameters ╍╍╍╍╍╍╍╍╍╍╍╍╍╍╍╍╍╍╍╍╍╍╍╍╍╍╍╍
                                         Gf =  1.1663787e-05      GeV^-2
                                    1/alpha =  132.233229791            
                                 sin(thW)^2 = 0.222897222524            
                                     W mass =         80.385         GeV
                                     Z mass =        91.1876         GeV
                                    W width =          2.091         GeV
                                    Z width =          2.495         GeV

╍╍╍╍╍╍╍╍╍╍╍╍╍╍╍╍╍╍╍╍╍╍╍╍╍╍╍╍╍ QCD settings ╍╍╍╍╍╍╍╍╍╍╍╍╍╍╍╍╍╍╍╍╍╍╍╍╍╍╍╍╍
   Renormalization scale:     dynamic muren =              1      * m_ll
     Factorization scale:     dynamic mufac =            0.5      * m_ll
       Resummation scale:     dynamic mures =              1      * m_ll
          Strong coupling       alpha_s(MZ) =       0.118001            
                              running order =              3       -loop
         Non-perturbative     form factor g =            0.7       GeV^2

╍╍╍╍╍╍╍╍╍╍╍╍╍╍╍╍╍╍╍╍╍╍╍╍╍╍╍╍╍ PDF settings ╍╍╍╍╍╍╍╍╍╍╍╍╍╍╍╍╍╍╍╍╍╍╍╍╍╍╍╍╍
                                     PDF set:MSHT20nnlo_as118            
                                  PDF member:              0            
  Mellin moments of PDFs:                    Numerical integration            
                         nodes for the quadrature:            200            
                         Intervals for the quadrature:              1            

╍╍╍╍╍╍╍╍╍╍╍╍╍╍╍╍╍╍╍╍╍╍╍╍╍╍╍╍╍╍╍ qT recoil ╍╍╍╍╍╍╍╍╍╍╍╍╍╍╍╍╍╍╍╍╍╍╍╍╍╍╍╍╍╍
  qt-recoil prescription:       Collins-Soper kt1 = p_V(x)/2; kt2 = p_V(y)/2            

╍╍╍╍╍╍╍╍╍╍╍╍╍╍╍╍╍╍╍╍╍╍╍╍╍╍╍╍╍╍╍╍╍ Cuts ╍╍╍╍╍╍╍╍╍╍╍╍╍╍╍╍╍╍╍╍╍╍╍╍╍╍╍╍╍╍╍╍╍
                                  apply cuts:           true            
                                      pt_l >               0            
                                   |eta_l| <            1000            
                                    pt_lep >              25            
                                 |eta_lep| <             2.4            
                                   pt_alep >              25            
                                |eta_alep| <             2.4            
                                  user cuts:            true            

╍╍╍╍╍╍╍╍╍╍╍╍╍╍╍╍╍╍╍╍╍╍╍╍╍╍╍╍ ResummationDamp ╍╍╍╍╍╍╍╍╍╍╍╍╍╍╍╍╍╍╍╍╍╍╍╍╍╍╍
                                    damping :             on            
                                damping mode:              1            
                                  damp above:        60.2888         GeV
                               damping width:        20.0963         GeV
                          resummation cutoff:             20         MeV

╍╍╍╍╍╍╍╍╍╍╍╍╍╍╍╍╍╍╍╍╍╍╍╍╍╍╍╍ Debug settings ╍╍╍╍╍╍╍╍╍╍╍╍╍╍╍╍╍╍╍╍╍╍╍╍╍╍╍╍
                                 timeprofile:          false            
                                     verbose:          false            
                               cubaverbosity:              2            

╍╍╍╍╍╍╍╍╍╍╍╍╍╍╍╍╍╍╍╍╍╍╍╍╍╍╍╍╍╍╍╍╍╍╍╍╍╍╍╍╍╍╍╍╍╍╍╍╍╍╍╍╍╍╍╍╍╍╍╍╍╍╍╍╍╍╍╍╍╍╍╍

Warning: Histogram `a1_qt` contains non-integrable observable and will be deleted 
Warning: Histogram `a1_qt_vs_y` contains non-integrable observable and will be deleted 
Warning: Histogram `s_biganswer` contains non-integrable observable and will be deleted 
Warning: Histogram `wgt_a1_qt` contains non-integrable observable and will be deleted 

╍╍╍╍╍╍╍╍╍╍╍╍╍╍╍╍╍╍╍╍╍╍╍╍╍ Integration settings ╍╍╍╍╍╍╍╍╍╍╍╍╍╍╍╍╍╍╍╍╍╍╍╍╍
             Random seeds              123456                           
           Parallel cores                   1                           

             Resummation:     cuhre (dm, dpt)         iter =           5
                                   gauss (dy)        nodes =          64
                                                 intervals =           1
            Counter term:      cuhre (dm, dy)         iter =           5
                                  gauss (dpt)        nodes =          20
                                                 intervals =           5
                V+J Real:               vegas       ncalls =    50000000
             V+J Virtual:               vegas       ncalls =     5000000

Mellin inverse transform:           gaussian         nodes =          30
                                                 intervals =           1
                               imaginary axis         zmax =           2
  Angular variable costh:     semi-analytical      ncstart =         100
   Angular variables phi:            gaussian    intervals =          20

      Constant boundaries                  q2          low =          80
                                                      high =         100
                                            y          low =          -6
                                                      high =           6
                                           qT          low =           0
                                                      high =         100
                                        costh          low =          -1
                                                      high =           1
                                        pT(l)          low =           0
                                                      high =       13000

┏━━━━━━━━━━━━━━┰━━━━━━━━━━━━━━━━━━━━━━━━━━━━━━━━━━┰━━━━━━━━━━━━━━━━━━━━━━━━━━━━━━━━━━┰━━━━━━━━━━━━━━━━━━━━━━━━━━━━━━━━━━┰━━━━━━━━━━━━━━━━━━━━━━━━━━━━━━━━━━┰━━━━━━━━━━━━━━━━━━━━━━━━━━━━━━━━━━┓
┃       eta(l) ┃                      Resummation ┃                     Counter term ┃                         V+J Real ┃                      V+J Virtual ┃                            TOTAL ┃
┣━━━━━━━━━━━━━━╋━━━━━━━━━━━━━━━━━━━━━━━━━━━━━━━━━━╋━━━━━━━━━━━━━━━━━━━━━━━━━━━━━━━━━━╋━━━━━━━━━━━━━━━━━━━━━━━━━━━━━━━━━━╋━━━━━━━━━━━━━━━━━━━━━━━━━━━━━━━━━━╋━━━━━━━━━━━━━━━━━━━━━━━━━━━━━━━━━━┫
┃ -2.4 -  -2.3 ┃ 21.6003 ± 0.0082 ·10⁺⁰³ ( 38.6s) ┃       0 ±      0        ( 233ms) ┃Vegas input parameters:
  ndim 10
  ncomp 1
  nvec 1
  epsrel 0
  epsabs 0
  flags 10
  seed 123456
  mineval 50000000
  maxeval 50000000
  nstart 1000000
  nincrease 1000000
  nbatch 5000
  gridno 0
  statefile ""

Iteration 1:  1000000 integrand evaluations so far
[1] -36949.4 +- 6497.63  	chisq 0 (0 df)

Iteration 2:  3000000 integrand evaluations so far
[1] -41375.2 +- 5346.8  	chisq 1.437 (1 df)

Iteration 3:  6000000 integrand evaluations so far
[1] -45626.5 +- 3362.32  	chisq 2.48276 (2 df)

Iteration 4:  10000000 integrand evaluations so far
[1] -46731.1 +- 1593.52  	chisq 2.62193 (3 df)

Iteration 5:  15000000 integrand evaluations so far
[1] -48474 +- 1114.64  	chisq 4.96431 (4 df)

Iteration 6:  21000000 integrand evaluations so far
[1] -47450.6 +- 935.672  	chisq 7.8186 (5 df)

Iteration 7:  28000000 integrand evaluations so far
[1] -48002.7 +- 735.103  	chisq 8.72813 (6 df)

Iteration 8:  36000000 integrand evaluations so far
[1] -48294.3 +- 605.692  	chisq 9.21847 (7 df)

Iteration 9:  45000000 integrand evaluations so far
[1] -48688.1 +- 544.083  	chisq 11.4075 (8 df)

Iteration 10:  55000000 integrand evaluations so far
[1] -48912.2 +- 520.589  	chisq 13.4156 (9 df)
  -48.91 ±   0.52 ·10⁺⁰³ (3.89mi) ┃Vegas input parameters:
  ndim 8
  ncomp 1
  nvec 1
  epsrel 0
  epsabs 0
  flags 10
  seed 123456
  mineval 5000000
  maxeval 50000000
  nstart 1000000
  nincrease 1000000
  nbatch 5000
  gridno 0
  statefile ""

Iteration 1:  1000000 integrand evaluations so far
[1] 93094.1 +- 19590.9  	chisq 0 (0 df)

Iteration 2:  3000000 integrand evaluations so far
[1] 77137.8 +- 2425.24  	chisq 0.673701 (1 df)

Iteration 3:  6000000 integrand evaluations so far
[1] 77659.6 +- 722.507  	chisq 0.724499 (2 df)

Iteration 4:  10000000 integrand evaluations so far
[1] 78022.1 +- 344.192  	chisq 1.0503 (3 df)

Iteration 5:  15000000 integrand evaluations so far
[1] 78307.4 +- 247.211  	chisq 2.46917 (4 df)

Iteration 6:  21000000 integrand evaluations so far
[1] 78297 +- 185.342  	chisq 2.47325 (5 df)

Iteration 7:  28000000 integrand evaluations so far
[1] 78393.6 +- 156.862  	chisq 3.43076 (6 df)

Iteration 8:  36000000 integrand evaluations so far
[1] 78557.1 +- 132.541  	chisq 7.23133 (7 df)

Iteration 9:  45000000 integrand evaluations so far
[1] 78540 +- 111.062  	chisq 7.28728 (8 df)

Iteration 10:  55000000 integrand evaluations so far
[1] 78545.2 +- 95.4789  	chisq 7.29568 (9 df)
  78.545 ±  0.095 ·10⁺⁰³ (1.51mi) ┃   51.23 ±   0.53 ·10⁺⁰³ (6.05mi) ┃
┃ -2.3 -  -2.2 ┃  25.078 ±  0.019 ·10⁺⁰³ (2.26mi) ┃       0 ±      0        ( 232ms) ┃Vegas input parameters:
  ndim 10
  ncomp 1
  nvec 1
  epsrel 0
  epsabs 0
  flags 10
  seed 123456
  mineval 50000000
  maxeval 50000000
  nstart 1000000
  nincrease 1000000
  nbatch 5000
  gridno 0
  statefile ""

Iteration 1:  1000000 integrand evaluations so far
[1] -42732.3 +- 10618.4  	chisq 0 (0 df)

Iteration 2:  3000000 integrand evaluations so far
[1] -53010.1 +- 5649.45  	chisq 1.30681 (1 df)

Iteration 3:  6000000 integrand evaluations so far
[1] -54834.3 +- 4136.78  	chisq 1.5316 (2 df)

Iteration 4:  10000000 integrand evaluations so far
[1] -52194.6 +- 2391.17  	chisq 2.14306 (3 df)

Iteration 5:  15000000 integrand evaluations so far
[1] -54135.1 +- 1940.91  	chisq 4.07341 (4 df)

Iteration 6:  21000000 integrand evaluations so far
[1] -51708.4 +- 1597.32  	chisq 8.91756 (5 df)

Iteration 7:  28000000 integrand evaluations so far
[1] -52046.2 +- 1329.5  	chisq 9.06317 (6 df)

Iteration 8:  36000000 integrand evaluations so far
[1] -52503.2 +- 1295.07  	chisq 11.3747 (7 df)

Iteration 9:  45000000 integrand evaluations so far
[1] -52846.5 +- 1178.72  	chisq 11.7841 (8 df)

Iteration 10:  55000000 integrand evaluations so far
[1] -53635.3 +- 910.812  	chisq 12.8955 (9 df)
  -53.64 ±   0.91 ·10⁺⁰³ (3.99mi) ┃Vegas input parameters:
  ndim 8
  ncomp 1
  nvec 1
  epsrel 0
  epsabs 0
  flags 10
  seed 123456
  mineval 5000000
  maxeval 50000000
  nstart 1000000
  nincrease 1000000
  nbatch 5000
  gridno 0
  statefile ""

Iteration 1:  1000000 integrand evaluations so far
[1] 70996.4 +- 15416.4  	chisq 0 (0 df)

Iteration 2:  3000000 integrand evaluations so far
[1] 78786 +- 2395.66  	chisq 0.261624 (1 df)

Iteration 3:  6000000 integrand evaluations so far
[1] 82197.4 +- 767.858  	chisq 2.52157 (2 df)

Iteration 4:  10000000 integrand evaluations so far
[1] 84006.8 +- 516.802  	chisq 12.6723 (3 df)

Iteration 5:  15000000 integrand evaluations so far
[1] 84171.2 +- 329.546  	chisq 12.8428 (4 df)

Iteration 6:  21000000 integrand evaluations so far
[1] 84616.4 +- 229.081  	chisq 16.3756 (5 df)

Iteration 7:  28000000 integrand evaluations so far
[1] 84897.7 +- 174.028  	chisq 19.9398 (6 df)

Iteration 8:  36000000 integrand evaluations so far
[1] 84996.2 +- 139.035  	chisq 20.8256 (7 df)

Iteration 9:  45000000 integrand evaluations so far
[1] 85127.1 +- 117.132  	chisq 23.8809 (8 df)

Iteration 10:  55000000 integrand evaluations so far
[1] 85214.1 +- 103.345  	chisq 26.3719 (9 df)
   85.21 ±    0.1 ·10⁺⁰³ (1.53mi) ┃   56.66 ±   0.92 ·10⁺⁰³ (7.78mi) ┃
┃ -2.2 -  -2.1 ┃  26.213 ±  0.025 ·10⁺⁰³ (2.08mi) ┃       0 ±      0        ( 233ms) ┃Vegas input parameters:
  ndim 10
  ncomp 1
  nvec 1
  epsrel 0
  epsabs 0
  flags 10
  seed 123456
  mineval 50000000
  maxeval 50000000
  nstart 1000000
  nincrease 1000000
  nbatch 5000
  gridno 0
  statefile ""

Iteration 1:  1000000 integrand evaluations so far
[1] -54045.1 +- 12208.7  	chisq 0 (0 df)

Iteration 2:  3000000 integrand evaluations so far
[1] -51073.5 +- 6468.82  	chisq 0.0823658 (1 df)

Iteration 3:  6000000 integrand evaluations so far
[1] -54514.5 +- 3149.06  	chisq 0.453183 (2 df)

Iteration 4:  10000000 integrand evaluations so far
[1] -56198.4 +- 1499.38  	chisq 0.822971 (3 df)

Iteration 5:  15000000 integrand evaluations so far
[1] -56531.2 +- 1138.02  	chisq 0.939142 (4 df)

Iteration 6:  21000000 integrand evaluations so far
[1] -56683.4 +- 1127.09  	chisq 1.87456 (5 df)

Iteration 7:  28000000 integrand evaluations so far
[1] -56924.1 +- 1068.98  	chisq 2.3288 (6 df)

Iteration 8:  36000000 integrand evaluations so far
[1] -57123.6 +- 1031.65  	chisq 2.8364 (7 df)

Iteration 9:  45000000 integrand evaluations so far
[1] -57385.9 +- 916.99  	chisq 3.14433 (8 df)

Iteration 10:  55000000 integrand evaluations so far
[1] -57207.9 +- 764.81  	chisq 3.26815 (9 df)
  -57.21 ±   0.76 ·10⁺⁰³ (3.83mi) ┃Vegas input parameters:
  ndim 8
  ncomp 1
  nvec 1
  epsrel 0
  epsabs 0
  flags 10
  seed 123456
  mineval 5000000
  maxeval 50000000
  nstart 1000000
  nincrease 1000000
  nbatch 5000
  gridno 0
  statefile ""

Iteration 1:  1000000 integrand evaluations so far
[1] 91915.5 +- 15014.4  	chisq 0 (0 df)

Iteration 2:  3000000 integrand evaluations so far
[1] 94644.1 +- 4439.17  	chisq 0.0361903 (1 df)

Iteration 3:  6000000 integrand evaluations so far
[1] 91590.8 +- 1177.65  	chisq 0.54508 (2 df)

Iteration 4:  10000000 integrand evaluations so far
[1] 92010.6 +- 526.634  	chisq 0.703931 (3 df)

Iteration 5:  15000000 integrand evaluations so far
[1] 92428.4 +- 319.643  	chisq 1.70027 (4 df)

Iteration 6:  21000000 integrand evaluations so far
[1] 91961.7 +- 221.162  	chisq 5.7903 (5 df)

Iteration 7:  28000000 integrand evaluations so far
[1] 91998.3 +- 170.729  	chisq 5.85833 (6 df)

Iteration 8:  36000000 integrand evaluations so far
[1] 92052 +- 140.843  	chisq 6.16802 (7 df)

Iteration 9:  45000000 integrand evaluations so far
[1] 92130.6 +- 120.645  	chisq 7.33602 (8 df)

Iteration 10:  55000000 integrand evaluations so far
[1] 92161.1 +- 105.854  	chisq 7.61352 (9 df)
   92.16 ±   0.11 ·10⁺⁰³ (1.52mi) ┃   61.17 ±   0.77 ·10⁺⁰³ (7.43mi) ┃
┃ -2.1 -    -2 ┃   26.23 ±  0.024 ·10⁺⁰³ ( 19.9s) ┃       0 ±      0        ( 239ms) ┃Vegas input parameters:
  ndim 10
  ncomp 1
  nvec 1
  epsrel 0
  epsabs 0
  flags 10
  seed 123456
  mineval 50000000
  maxeval 50000000
  nstart 1000000
  nincrease 1000000
  nbatch 5000
  gridno 0
  statefile ""

Iteration 1:  1000000 integrand evaluations so far
[1] -5081.17 +- 50617.6  	chisq 0 (0 df)

Iteration 2:  3000000 integrand evaluations so far
[1] -59184.4 +- 8884.79  	chisq 1.17878 (1 df)

Iteration 3:  6000000 integrand evaluations so far
[1] -64284 +- 3761.03  	chisq 1.58013 (2 df)

Iteration 4:  10000000 integrand evaluations so far
[1] -66163.4 +- 3220.61  	chisq 2.51637 (3 df)

Iteration 5:  15000000 integrand evaluations so far
[1] -63599.4 +- 2772.11  	chisq 4.96241 (4 df)

Iteration 6:  21000000 integrand evaluations so far
[1] -62743.4 +- 2171.56  	chisq 5.20919 (5 df)

Iteration 7:  28000000 integrand evaluations so far
[1] -61590.5 +- 1435.19  	chisq 5.7097 (6 df)

Iteration 8:  36000000 integrand evaluations so far
[1] -61349.2 +- 989.019  	chisq 5.76352 (7 df)

Iteration 9:  45000000 integrand evaluations so far
[1] -61904.4 +- 756.079  	chisq 6.52178 (8 df)

Iteration 10:  55000000 integrand evaluations so far
[1] -61874.6 +- 751.036  	chisq 6.63893 (9 df)
  -61.87 ±   0.75 ·10⁺⁰³ (3.99mi) ┃Vegas input parameters:
  ndim 8
  ncomp 1
  nvec 1
  epsrel 0
  epsabs 0
  flags 10
  seed 123456
  mineval 5000000
  maxeval 50000000
  nstart 1000000
  nincrease 1000000
  nbatch 5000
  gridno 0
  statefile ""

Iteration 1:  1000000 integrand evaluations so far
[1] 137172 +- 24986.2  	chisq 0 (0 df)

Iteration 2:  3000000 integrand evaluations so far
[1] 96093.8 +- 2637.3  	chisq 2.73329 (1 df)

Iteration 3:  6000000 integrand evaluations so far
[1] 97471.5 +- 929.284  	chisq 3.04484 (2 df)

Iteration 4:  10000000 integrand evaluations so far
[1] 98427.3 +- 485.517  	chisq 4.49989 (3 df)

Iteration 5:  15000000 integrand evaluations so far
[1] 98477.9 +- 304.887  	chisq 4.51781 (4 df)

Iteration 6:  21000000 integrand evaluations so far
[1] 98404.2 +- 222.991  	chisq 4.64352 (5 df)

Iteration 7:  28000000 integrand evaluations so far
[1] 98680.3 +- 182.178  	chisq 9.25653 (6 df)

Iteration 8:  36000000 integrand evaluations so far
[1] 98928 +- 152.906  	chisq 15.5071 (7 df)

Iteration 9:  45000000 integrand evaluations so far
[1] 99032.1 +- 130.842  	chisq 17.2401 (8 df)

Iteration 10:  55000000 integrand evaluations so far
[1] 99099.9 +- 114.89  	chisq 18.4112 (9 df)
    99.1 ±   0.11 ·10⁺⁰³ (1.53mi) ┃   63.46 ±   0.76 ·10⁺⁰³ (5.85mi) ┃
┃   -2 -  -1.9 ┃  28.906 ±  0.023 ·10⁺⁰³ ( 18.6s) ┃       0 ±      0        ( 235ms) ┃Vegas input parameters:
  ndim 10
  ncomp 1
  nvec 1
  epsrel 0
  epsabs 0
  flags 10
  seed 123456
  mineval 50000000
  maxeval 50000000
  nstart 1000000
  nincrease 1000000
  nbatch 5000
  gridno 0
  statefile ""

Iteration 1:  1000000 integrand evaluations so far
[1] -48572.3 +- 5951.61  	chisq 0 (0 df)

Iteration 2:  3000000 integrand evaluations so far
[1] -51232.6 +- 5477.03  	chisq 1.30489 (1 df)

Iteration 3:  6000000 integrand evaluations so far
[1] -59216.5 +- 4751.74  	chisq 9.89694 (2 df)

Iteration 4:  10000000 integrand evaluations so far
[1] -63099.8 +- 4237.14  	chisq 13.157 (3 df)

Iteration 5:  15000000 integrand evaluations so far
[1] -65800.9 +- 2931.77  	chisq 13.9367 (4 df)

Iteration 6:  21000000 integrand evaluations so far
[1] -68227.4 +- 1746.75  	chisq 14.9986 (5 df)

Iteration 7:  28000000 integrand evaluations so far
[1] -67584.1 +- 1678.48  	chisq 16.7686 (6 df)

Iteration 8:  36000000 integrand evaluations so far
[1] -67676 +- 1347.64  	chisq 16.7771 (7 df)

Iteration 9:  45000000 integrand evaluations so far
[1] -67506 +- 967.342  	chisq 16.8099 (8 df)

Iteration 10:  55000000 integrand evaluations so far
[1] -67339.5 +- 807.897  	chisq 16.9078 (9 df)
  -67.34 ±   0.81 ·10⁺⁰³ (3.82mi) ┃Vegas input parameters:
  ndim 8
  ncomp 1
  nvec 1
  epsrel 0
  epsabs 0
  flags 10
  seed 123456
  mineval 5000000
  maxeval 50000000
  nstart 1000000
  nincrease 1000000
  nbatch 5000
  gridno 0
  statefile ""

Iteration 1:  1000000 integrand evaluations so far
[1] 96433.6 +- 13421.1  	chisq 0 (0 df)

Iteration 2:  3000000 integrand evaluations so far
[1] 105741 +- 3121.19  	chisq 0.508395 (1 df)

Iteration 3:  6000000 integrand evaluations so far
[1] 104069 +- 1027.79  	chisq 0.830237 (2 df)

Iteration 4:  10000000 integrand evaluations so far
[1] 105267 +- 681.281  	chisq 3.25564 (3 df)

Iteration 5:  15000000 integrand evaluations so far
[1] 105221 +- 422.202  	chisq 3.26313 (4 df)

Iteration 6:  21000000 integrand evaluations so far
[1] 105354 +- 276.723  	chisq 3.43643 (5 df)

Iteration 7:  28000000 integrand evaluations so far
[1] 105550 +- 207.566  	chisq 4.58723 (6 df)

Iteration 8:  36000000 integrand evaluations so far
[1] 105858 +- 168.259  	chisq 10.9987 (7 df)

Iteration 9:  45000000 integrand evaluations so far
[1] 105935 +- 142.774  	chisq 11.7558 (8 df)

Iteration 10:  55000000 integrand evaluations so far
[1] 105977 +- 124.609  	chisq 12.1082 (9 df)
  105.98 ±   0.12 ·10⁺⁰³ (1.49mi) ┃   67.54 ±   0.82 ·10⁺⁰³ (5.63mi) ┃
┃ -1.9 -  -1.8 ┃  32.506 ±  0.024 ·10⁺⁰³ (2.04mi) ┃       0 ±      0        ( 207ms) ┃Vegas input parameters:
  ndim 10
  ncomp 1
  nvec 1
  epsrel 0
  epsabs 0
  flags 10
  seed 123456
  mineval 50000000
  maxeval 50000000
  nstart 1000000
  nincrease 1000000
  nbatch 5000
  gridno 0
  statefile ""

Iteration 1:  1000000 integrand evaluations so far
[1] -65896.1 +- 16104.2  	chisq 0 (0 df)

Iteration 2:  3000000 integrand evaluations so far
[1] -57215.5 +- 12768.1  	chisq 0.782307 (1 df)

Iteration 3:  6000000 integrand evaluations so far
[1] -65425.7 +- 4066.83  	chisq 1.24247 (2 df)

Iteration 4:  10000000 integrand evaluations so far
[1] -67266.2 +- 3281.65  	chisq 1.82956 (3 df)

Iteration 5:  15000000 integrand evaluations so far
[1] -70168.8 +- 2087.24  	chisq 3.14332 (4 df)

Iteration 6:  21000000 integrand evaluations so far
[1] -70358 +- 1344.35  	chisq 3.15738 (5 df)

Iteration 7:  28000000 integrand evaluations so far
[1] -70642.8 +- 1221.61  	chisq 3.41494 (6 df)

Iteration 8:  36000000 integrand evaluations so far
[1] -70620.5 +- 959.702  	chisq 3.41581 (7 df)

Iteration 9:  45000000 integrand evaluations so far
[1] -71093.7 +- 882.09  	chisq 4.98217 (8 df)

Iteration 10:  55000000 integrand evaluations so far
[1] -71345 +- 847.686  	chisq 6.04364 (9 df)
  -71.35 ±   0.85 ·10⁺⁰³ (3.82mi) ┃Vegas input parameters:
  ndim 8
  ncomp 1
  nvec 1
  epsrel 0
  epsabs 0
  flags 10
  seed 123456
  mineval 5000000
  maxeval 50000000
  nstart 1000000
  nincrease 1000000
  nbatch 5000
  gridno 0
  statefile ""

Iteration 1:  1000000 integrand evaluations so far
[1] 102984 +- 12982.9  	chisq 0 (0 df)

Iteration 2:  3000000 integrand evaluations so far
[1] 108623 +- 2295.38  	chisq 0.194731 (1 df)

Iteration 3:  6000000 integrand evaluations so far
[1] 110629 +- 1165.61  	chisq 1.22391 (2 df)

Iteration 4:  10000000 integrand evaluations so far
[1] 111839 +- 578.827  	chisq 2.65364 (3 df)

Iteration 5:  15000000 integrand evaluations so far
[1] 112621 +- 360.614  	chisq 5.63722 (4 df)

Iteration 6:  21000000 integrand evaluations so far
[1] 112471 +- 257.662  	chisq 5.99053 (5 df)

Iteration 7:  28000000 integrand evaluations so far
[1] 112584 +- 204.654  	chisq 6.50668 (6 df)

Iteration 8:  36000000 integrand evaluations so far
[1] 112857 +- 171.468  	chisq 12.4835 (7 df)

Iteration 9:  45000000 integrand evaluations so far
[1] 112923 +- 147.523  	chisq 13.0526 (8 df)

Iteration 10:  55000000 integrand evaluations so far
[1] 112963 +- 132.796  	chisq 13.4504 (9 df)
  112.96 ±   0.13 ·10⁺⁰³ (1.46mi) ┃   74.12 ±   0.86 ·10⁺⁰³ (7.32mi) ┃
┃ -1.8 -  -1.7 ┃   34.62 ±  0.015 ·10⁺⁰³ ( 56.3s) ┃       0 ±      0        ( 230ms) ┃Vegas input parameters:
  ndim 10
  ncomp 1
  nvec 1
  epsrel 0
  epsabs 0
  flags 10
  seed 123456
  mineval 50000000
  maxeval 50000000
  nstart 1000000
  nincrease 1000000
  nbatch 5000
  gridno 0
  statefile ""

Iteration 1:  1000000 integrand evaluations so far
[1] -55002.9 +- 8616.14  	chisq 0 (0 df)

Iteration 2:  3000000 integrand evaluations so far
[1] -62401 +- 7771.25  	chisq 3.95305 (1 df)

Iteration 3:  6000000 integrand evaluations so far
[1] -70127 +- 5677.71  	chisq 6.07307 (2 df)

Iteration 4:  10000000 integrand evaluations so far
[1] -77717.7 +- 2923.26  	chisq 8.50516 (3 df)

Iteration 5:  15000000 integrand evaluations so far
[1] -77516 +- 1842.97  	chisq 8.51307 (4 df)

Iteration 6:  21000000 integrand evaluations so far
[1] -74761.6 +- 1202.1  	chisq 12.4006 (5 df)

Iteration 7:  28000000 integrand evaluations so far
[1] -74341.1 +- 872.758  	chisq 12.6594 (6 df)

Iteration 8:  36000000 integrand evaluations so far
[1] -75150.8 +- 775.914  	chisq 16.7653 (7 df)

Iteration 9:  45000000 integrand evaluations so far
[1] -75566.1 +- 694.825  	chisq 18.2114 (8 df)

Iteration 10:  55000000 integrand evaluations so far
[1] -75119 +- 619.401  	chisq 20.2278 (9 df)
  -75.12 ±   0.62 ·10⁺⁰³ (3.78mi) ┃Vegas input parameters:
  ndim 8
  ncomp 1
  nvec 1
  epsrel 0
  epsabs 0
  flags 10
  seed 123456
  mineval 5000000
  maxeval 50000000
  nstart 1000000
  nincrease 1000000
  nbatch 5000
  gridno 0
  statefile ""

Iteration 1:  1000000 integrand evaluations so far
[1] 109892 +- 17262.6  	chisq 0 (0 df)

Iteration 2:  3000000 integrand evaluations so far
[1] 126149 +- 8191.85  	chisq 1.14476 (1 df)

Iteration 3:  6000000 integrand evaluations so far
[1] 116289 +- 1737.66  	chisq 2.66196 (2 df)

Iteration 4:  10000000 integrand evaluations so far
[1] 119743 +- 854.886  	chisq 7.87709 (3 df)

Iteration 5:  15000000 integrand evaluations so far
[1] 120202 +- 476.215  	chisq 8.29476 (4 df)

Iteration 6:  21000000 integrand evaluations so far
[1] 119854 +- 319.237  	chisq 9.26434 (5 df)

Iteration 7:  28000000 integrand evaluations so far
[1] 119755 +- 242.952  	chisq 9.49255 (6 df)

Iteration 8:  36000000 integrand evaluations so far
[1] 119905 +- 196.943  	chisq 10.5955 (7 df)

Iteration 9:  45000000 integrand evaluations so far
[1] 120017 +- 166.589  	chisq 11.7457 (8 df)

Iteration 10:  55000000 integrand evaluations so far
[1] 119952 +- 144.621  	chisq 12.3689 (9 df)
  119.95 ±   0.14 ·10⁺⁰³ (1.44mi) ┃   79.45 ±   0.64 ·10⁺⁰³ (6.16mi) ┃
┃ -1.7 -  -1.6 ┃  34.871 ±  0.033 ·10⁺⁰³ ( 32.6s) ┃       0 ±      0        ( 230ms) ┃Vegas input parameters:
  ndim 10
  ncomp 1
  nvec 1
  epsrel 0
  epsabs 0
  flags 10
  seed 123456
  mineval 50000000
  maxeval 50000000
  nstart 1000000
  nincrease 1000000
  nbatch 5000
  gridno 0
  statefile ""

Iteration 1:  1000000 integrand evaluations so far
[1] -82528.3 +- 23602.9  	chisq 0 (0 df)

Iteration 2:  3000000 integrand evaluations so far
[1] -86036.1 +- 9766.31  	chisq 0.0266497 (1 df)

Iteration 3:  6000000 integrand evaluations so far
[1] -86242.3 +- 6163.47  	chisq 0.0273905 (2 df)

Iteration 4:  10000000 integrand evaluations so far
[1] -83615.6 +- 4335.51  	chisq 0.386888 (3 df)

Iteration 5:  15000000 integrand evaluations so far
[1] -81239.5 +- 2442.48  	chisq 0.826922 (4 df)

Iteration 6:  21000000 integrand evaluations so far
[1] -82645.4 +- 1980.86  	chisq 1.79492 (5 df)

Iteration 7:  28000000 integrand evaluations so far
[1] -82582.5 +- 1464.12  	chisq 1.79714 (6 df)

Iteration 8:  36000000 integrand evaluations so far
[1] -82805.2 +- 1361.44  	chisq 1.96809 (7 df)

Iteration 9:  45000000 integrand evaluations so far
[1] -82960.1 +- 1321.85  	chisq 2.19391 (8 df)

Iteration 10:  55000000 integrand evaluations so far
[1] -82079.8 +- 1203.55  	chisq 4.78798 (9 df)
   -82.1 ±    1.2 ·10⁺⁰³ (3.77mi) ┃Vegas input parameters:
  ndim 8
  ncomp 1
  nvec 1
  epsrel 0
  epsabs 0
  flags 10
  seed 123456
  mineval 5000000
  maxeval 50000000
  nstart 1000000
  nincrease 1000000
  nbatch 5000
  gridno 0
  statefile ""

Iteration 1:  1000000 integrand evaluations so far
[1] 154343 +- 26158.6  	chisq 0 (0 df)

Iteration 2:  3000000 integrand evaluations so far
[1] 123097 +- 2914.82  	chisq 1.44475 (1 df)

Iteration 3:  6000000 integrand evaluations so far
[1] 125876 +- 1120.29  	chisq 2.51114 (2 df)

Iteration 4:  10000000 integrand evaluations so far
[1] 126125 +- 562.555  	chisq 2.57747 (3 df)

Iteration 5:  15000000 integrand evaluations so far
[1] 126398 +- 368.886  	chisq 2.98871 (4 df)

Iteration 6:  21000000 integrand evaluations so far
[1] 126181 +- 279.389  	chisq 3.80103 (5 df)

Iteration 7:  28000000 integrand evaluations so far
[1] 126343 +- 229.575  	chisq 4.83766 (6 df)

Iteration 8:  36000000 integrand evaluations so far
[1] 126638 +- 195.67  	chisq 10.8847 (7 df)

Iteration 9:  45000000 integrand evaluations so far
[1] 126725 +- 170.36  	chisq 11.6996 (8 df)

Iteration 10:  55000000 integrand evaluations so far
[1] 126795 +- 150.481  	chisq 12.4709 (9 df)
   126.8 ±   0.15 ·10⁺⁰³ (1.44mi) ┃    79.6 ±    1.2 ·10⁺⁰³ (5.76mi) ┃
┃ -1.6 -  -1.5 ┃  36.934 ±  0.034 ·10⁺⁰³ (1.93mi) ┃       0 ±      0        ( 232ms) ┃Vegas input parameters:
  ndim 10
  ncomp 1
  nvec 1
  epsrel 0
  epsabs 0
  flags 10
  seed 123456
  mineval 50000000
  maxeval 50000000
  nstart 1000000
  nincrease 1000000
  nbatch 5000
  gridno 0
  statefile ""

Iteration 1:  1000000 integrand evaluations so far
[1] -68972.5 +- 10060.6  	chisq 0 (0 df)

Iteration 2:  3000000 integrand evaluations so far
[1] -80675.1 +- 5086.71  	chisq 1.81774 (1 df)

Iteration 3:  6000000 integrand evaluations so far
[1] -86182.6 +- 2906.09  	chisq 3.55809 (2 df)

Iteration 4:  10000000 integrand evaluations so far
[1] -82218.7 +- 1672.65  	chisq 6.34027 (3 df)

Iteration 5:  15000000 integrand evaluations so far
[1] -83485.8 +- 1318.29  	chisq 7.85514 (4 df)

Iteration 6:  21000000 integrand evaluations so far
[1] -83419.4 +- 1018.92  	chisq 7.86145 (5 df)

Iteration 7:  28000000 integrand evaluations so far
[1] -83571 +- 819.458  	chisq 7.92416 (6 df)

Iteration 8:  36000000 integrand evaluations so far
[1] -83575.8 +- 753.007  	chisq 7.92438 (7 df)

Iteration 9:  45000000 integrand evaluations so far
[1] -83658.4 +- 676.41  	chisq 7.9867 (8 df)

Iteration 10:  55000000 integrand evaluations so far
[1] -83784 +- 622.249  	chisq 8.211 (9 df)
  -83.78 ±   0.62 ·10⁺⁰³ (3.74mi) ┃Vegas input parameters:
  ndim 8
  ncomp 1
  nvec 1
  epsrel 0
  epsabs 0
  flags 10
  seed 123456
  mineval 5000000
  maxeval 50000000
  nstart 1000000
  nincrease 1000000
  nbatch 5000
  gridno 0
  statefile ""

Iteration 1:  1000000 integrand evaluations so far
[1] 170301 +- 37273  	chisq 0 (0 df)

Iteration 2:  3000000 integrand evaluations so far
[1] 143467 +- 5942.82  	chisq 0.531798 (1 df)

Iteration 3:  6000000 integrand evaluations so far
[1] 134684 +- 1438.74  	chisq 2.85217 (2 df)

Iteration 4:  10000000 integrand evaluations so far
[1] 133754 +- 664.23  	chisq 3.38355 (3 df)

Iteration 5:  15000000 integrand evaluations so far
[1] 133580 +- 409.746  	chisq 3.49442 (4 df)

Iteration 6:  21000000 integrand evaluations so far
[1] 133245 +- 319.649  	chisq 5.19575 (5 df)

Iteration 7:  28000000 integrand evaluations so far
[1] 133118 +- 258.369  	chisq 5.65698 (6 df)

Iteration 8:  36000000 integrand evaluations so far
[1] 133339 +- 214.132  	chisq 8.01336 (7 df)

Iteration 9:  45000000 integrand evaluations so far
[1] 133484 +- 183.186  	chisq 9.70958 (8 df)

Iteration 10:  55000000 integrand evaluations so far
[1] 133445 +- 160.326  	chisq 9.90621 (9 df)
  133.44 ±   0.16 ·10⁺⁰³ (1.41mi) ┃    86.6 ±   0.64 ·10⁺⁰³ (7.08mi) ┃
┃ -1.5 -  -1.4 ┃   39.17 ±  0.039 ·10⁺⁰³ (1.98mi) ┃-48.7175 ± 0.0045 ·10⁺⁰³ (14.2mi) ┃Vegas input parameters:
  ndim 10
  ncomp 1
  nvec 1
  epsrel 0
  epsabs 0
  flags 10
  seed 123456
  mineval 50000000
  maxeval 50000000
  nstart 1000000
  nincrease 1000000
  nbatch 5000
  gridno 0
  statefile ""

Iteration 1:  1000000 integrand evaluations so far
[1] -1.39908e+06 +- 1.33288e+06  	chisq 0 (0 df)

Iteration 2:  3000000 integrand evaluations so far
[1] -106078 +- 37455.5  	chisq 0.941795 (1 df)

Iteration 3:  6000000 integrand evaluations so far
[1] -86086.2 +- 13398  	chisq 1.26849 (2 df)

Iteration 4:  10000000 integrand evaluations so far
[1] -85320.6 +- 9747.69  	chisq 1.27543 (3 df)

Iteration 5:  15000000 integrand evaluations so far
[1] -93260.2 +- 6786.68  	chisq 2.56299 (4 df)

Iteration 6:  21000000 integrand evaluations so far
[1] -93651.5 +- 3906.7  	chisq 2.56797 (5 df)

Iteration 7:  28000000 integrand evaluations so far
[1] -92575.5 +- 2799.48  	chisq 2.72391 (6 df)

Iteration 8:  36000000 integrand evaluations so far
[1] -92801.3 +- 2244.11  	chisq 2.74211 (7 df)

Iteration 9:  45000000 integrand evaluations so far
[1] -90192.7 +- 1419.25  	chisq 4.99405 (8 df)

Iteration 10:  55000000 integrand evaluations so far
[1] -89431 +- 1023.84  	chisq 5.59459 (9 df)
   -89.4 ±      1 ·10⁺⁰³ (3.56mi) ┃Vegas input parameters:
  ndim 8
  ncomp 1
  nvec 1
  epsrel 0
  epsabs 0
  flags 10
  seed 123456
  mineval 5000000
  maxeval 50000000
  nstart 1000000
  nincrease 1000000
  nbatch 5000
  gridno 0
  statefile ""

Iteration 1:  1000000 integrand evaluations so far
[1] 122724 +- 17721.1  	chisq 0 (0 df)

Iteration 2:  3000000 integrand evaluations so far
[1] 137387 +- 3286.2  	chisq 0.708969 (1 df)

Iteration 3:  6000000 integrand evaluations so far
[1] 138112 +- 1418.14  	chisq 0.768751 (2 df)

Iteration 4:  10000000 integrand evaluations so far
[1] 139329 +- 974.964  	chisq 2.16721 (3 df)

Iteration 5:  15000000 integrand evaluations so far
[1] 139734 +- 600.284  	chisq 2.44395 (4 df)

Iteration 6:  21000000 integrand evaluations so far
[1] 139743 +- 385.134  	chisq 2.44439 (5 df)

Iteration 7:  28000000 integrand evaluations so far
[1] 139875 +- 287.956  	chisq 2.70959 (6 df)

Iteration 8:  36000000 integrand evaluations so far
[1] 140047 +- 233.437  	chisq 3.75492 (7 df)

Iteration 9:  45000000 integrand evaluations so far
[1] 140208 +- 197.432  	chisq 5.4158 (8 df)

Iteration 10:  55000000 integrand evaluations so far
[1] 140142 +- 172.203  	chisq 5.87919 (9 df)
  140.14 ±   0.17 ·10⁺⁰³ (1.37mi) ┃    41.2 ±      1 ·10⁺⁰³ (21.1mi) ┃
┃ -1.4 -  -1.3 ┃      42 ±  0.018 ·10⁺⁰³ ( 21.9s) ┃ -50.901 ± 0.0057 ·10⁺⁰³ (3.45mi) ┃Vegas input parameters:
  ndim 10
  ncomp 1
  nvec 1
  epsrel 0
  epsabs 0
  flags 10
  seed 123456
  mineval 50000000
  maxeval 50000000
  nstart 1000000
  nincrease 1000000
  nbatch 5000
  gridno 0
  statefile ""

Iteration 1:  1000000 integrand evaluations so far
[1] -122573 +- 35117.1  	chisq 0 (0 df)

Iteration 2:  3000000 integrand evaluations so far
[1] -87628.7 +- 20510.2  	chisq 1.50282 (1 df)

Iteration 3:  6000000 integrand evaluations so far
[1] -99765.9 +- 12437.8  	chisq 2.05669 (2 df)

Iteration 4:  10000000 integrand evaluations so far
[1] -96139.8 +- 4341.23  	chisq 2.15347 (3 df)

Iteration 5:  15000000 integrand evaluations so far
[1] -91648.7 +- 2102.26  	chisq 3.5516 (4 df)

Iteration 6:  21000000 integrand evaluations so far
[1] -93442.1 +- 1263.14  	chisq 4.69055 (5 df)

Iteration 7:  28000000 integrand evaluations so far
[1] -94082.8 +- 1005.19  	chisq 5.39216 (6 df)

Iteration 8:  36000000 integrand evaluations so far
[1] -93761.7 +- 914.017  	chisq 5.98139 (7 df)

Iteration 9:  45000000 integrand evaluations so far
[1] -93863.6 +- 903.645  	chisq 6.5324 (8 df)

Iteration 10:  55000000 integrand evaluations so far
[1] -93854.3 +- 846.747  	chisq 6.53328 (9 df)
  -93.85 ±   0.85 ·10⁺⁰³ (3.56mi) ┃Vegas input parameters:
  ndim 8
  ncomp 1
  nvec 1
  epsrel 0
  epsabs 0
  flags 10
  seed 123456
  mineval 5000000
  maxeval 50000000
  nstart 1000000
  nincrease 1000000
  nbatch 5000
  gridno 0
  statefile ""

Iteration 1:  1000000 integrand evaluations so far
[1] 144147 +- 20644.7  	chisq 0 (0 df)

Iteration 2:  3000000 integrand evaluations so far
[1] 146573 +- 4068.4  	chisq 0.0143677 (1 df)

Iteration 3:  6000000 integrand evaluations so far
[1] 146999 +- 1418.1  	chisq 0.0268353 (2 df)

Iteration 4:  10000000 integrand evaluations so far
[1] 145944 +- 852.683  	chisq 0.893266 (3 df)

Iteration 5:  15000000 integrand evaluations so far
[1] 146648 +- 543.505  	chisq 2.04011 (4 df)

Iteration 6:  21000000 integrand evaluations so far
[1] 146337 +- 391.937  	chisq 2.72074 (5 df)

Iteration 7:  28000000 integrand evaluations so far
[1] 146434 +- 310.91  	chisq 2.88613 (6 df)

Iteration 8:  36000000 integrand evaluations so far
[1] 146470 +- 251.883  	chisq 2.92556 (7 df)

Iteration 9:  45000000 integrand evaluations so far
[1] 146460 +- 211.514  	chisq 2.93121 (8 df)

Iteration 10:  55000000 integrand evaluations so far
[1] 146450 +- 183.962  	chisq 2.94131 (9 df)
  146.45 ±   0.18 ·10⁺⁰³ (1.29mi) ┃   43.69 ±   0.87 ·10⁺⁰³ (8.67mi) ┃
┃ -1.3 -  -1.2 ┃ 42.9359 ±  0.009 ·10⁺⁰³ ( 28.1s) ┃ -53.022 ±  0.026 ·10⁺⁰³ ( 1.6mi) ┃Vegas input parameters:
  ndim 10
  ncomp 1
  nvec 1
  epsrel 0
  epsabs 0
  flags 10
  seed 123456
  mineval 50000000
  maxeval 50000000
  nstart 1000000
  nincrease 1000000
  nbatch 5000
  gridno 0
  statefile ""

Iteration 1:  1000000 integrand evaluations so far
[1] -73771.9 +- 14347.5  	chisq 0 (0 df)

Iteration 2:  3000000 integrand evaluations so far
[1] -76915.9 +- 5252.13  	chisq 0.0554501 (1 df)

Iteration 3:  6000000 integrand evaluations so far
[1] -80922.9 +- 4883.64  	chisq 4.35436 (2 df)

Iteration 4:  10000000 integrand evaluations so far
[1] -95954.8 +- 3342.98  	chisq 22.1824 (3 df)

Iteration 5:  15000000 integrand evaluations so far
[1] -97162.7 +- 1809.4  	chisq 22.367 (4 df)

Iteration 6:  21000000 integrand evaluations so far
[1] -97759 +- 1467.5  	chisq 22.6844 (5 df)

Iteration 7:  28000000 integrand evaluations so far
[1] -98014.2 +- 1358.04  	chisq 22.895 (6 df)

Iteration 8:  36000000 integrand evaluations so far
[1] -98728.5 +- 1183.6  	chisq 24.0456 (7 df)

Iteration 9:  45000000 integrand evaluations so far
[1] -98822.2 +- 1029.96  	chisq 24.0714 (8 df)

Iteration 10:  55000000 integrand evaluations so far
[1] -97667.9 +- 860.157  	chisq 28.2233 (9 df)
  -97.67 ±   0.86 ·10⁺⁰³ (3.46mi) ┃Vegas input parameters:
  ndim 8
  ncomp 1
  nvec 1
  epsrel 0
  epsabs 0
  flags 10
  seed 123456
  mineval 5000000
  maxeval 50000000
  nstart 1000000
  nincrease 1000000
  nbatch 5000
  gridno 0
  statefile ""

Iteration 1:  1000000 integrand evaluations so far
[1] 141506 +- 23357.1  	chisq 0 (0 df)

Iteration 2:  3000000 integrand evaluations so far
[1] 153999 +- 4961.04  	chisq 0.299598 (1 df)

Iteration 3:  6000000 integrand evaluations so far
[1] 150160 +- 1572.89  	chisq 0.965156 (2 df)

Iteration 4:  10000000 integrand evaluations so far
[1] 152658 +- 864.98  	chisq 4.57959 (3 df)

Iteration 5:  15000000 integrand evaluations so far
[1] 152491 +- 535.44  	chisq 4.63966 (4 df)

Iteration 6:  21000000 integrand evaluations so far
[1] 152561 +- 387.969  	chisq 4.67489 (5 df)

Iteration 7:  28000000 integrand evaluations so far
[1] 152504 +- 304.627  	chisq 4.7305 (6 df)

Iteration 8:  36000000 integrand evaluations so far
[1] 152824 +- 249.131  	chisq 8.07372 (7 df)

Iteration 9:  45000000 integrand evaluations so far
[1] 152761 +- 211.518  	chisq 8.30558 (8 df)

Iteration 10:  55000000 integrand evaluations so far
[1] 152764 +- 185.042  	chisq 8.30639 (9 df)
  152.76 ±   0.19 ·10⁺⁰³ (1.35mi) ┃   45.01 ±   0.88 ·10⁺⁰³ (6.88mi) ┃
┃ -1.2 -  -1.1 ┃   44.09 ±  0.025 ·10⁺⁰³ ( 52.7s) ┃ -54.987 ±  0.038 ·10⁺⁰³ ( 54.6s) ┃Vegas input parameters:
  ndim 10
  ncomp 1
  nvec 1
  epsrel 0
  epsabs 0
  flags 10
  seed 123456
  mineval 50000000
  maxeval 50000000
  nstart 1000000
  nincrease 1000000
  nbatch 5000
  gridno 0
  statefile ""

Iteration 1:  1000000 integrand evaluations so far
[1] -118660 +- 64358.6  	chisq 0 (0 df)

Iteration 2:  3000000 integrand evaluations so far
[1] -132264 +- 39903.2  	chisq 0.0725857 (1 df)

Iteration 3:  6000000 integrand evaluations so far
[1] -129021 +- 21872.9  	chisq 0.0820247 (2 df)

Iteration 4:  10000000 integrand evaluations so far
[1] -114416 +- 10871  	chisq 0.674213 (3 df)

Iteration 5:  15000000 integrand evaluations so far
[1] -102594 +- 4044.27  	chisq 2.04661 (4 df)

Iteration 6:  21000000 integrand evaluations so far
[1] -100652 +- 2459.83  	chisq 2.41254 (5 df)

Iteration 7:  28000000 integrand evaluations so far
[1] -102448 +- 1632.37  	chisq 3.36482 (6 df)

Iteration 8:  36000000 integrand evaluations so far
[1] -103077 +- 1422.32  	chisq 3.98085 (7 df)

Iteration 9:  45000000 integrand evaluations so far
[1] -102224 +- 1247.08  	chisq 5.53473 (8 df)

Iteration 10:  55000000 integrand evaluations so far
[1] -101784 +- 1050.24  	chisq 5.96274 (9 df)
  -101.8 ±    1.1 ·10⁺⁰³ (3.46mi) ┃Vegas input parameters:
  ndim 8
  ncomp 1
  nvec 1
  epsrel 0
  epsabs 0
  flags 10
  seed 123456
  mineval 5000000
  maxeval 50000000
  nstart 1000000
  nincrease 1000000
  nbatch 5000
  gridno 0
  statefile ""

Iteration 1:  1000000 integrand evaluations so far
[1] 145386 +- 15007.6  	chisq 0 (0 df)

Iteration 2:  3000000 integrand evaluations so far
[1] 153642 +- 3721.13  	chisq 0.32245 (1 df)

Iteration 3:  6000000 integrand evaluations so far
[1] 156996 +- 1482.99  	chisq 1.28853 (2 df)

Iteration 4:  10000000 integrand evaluations so far
[1] 157662 +- 740.124  	chisq 1.55674 (3 df)

Iteration 5:  15000000 integrand evaluations so far
[1] 157945 +- 490.522  	chisq 1.81822 (4 df)

Iteration 6:  21000000 integrand evaluations so far
[1] 157745 +- 367.551  	chisq 2.19708 (5 df)

Iteration 7:  28000000 integrand evaluations so far
[1] 158008 +- 295.121  	chisq 3.63801 (6 df)

Iteration 8:  36000000 integrand evaluations so far
[1] 158370 +- 252.89  	chisq 9.29111 (7 df)

Iteration 9:  45000000 integrand evaluations so far
[1] 158550 +- 220.425  	chisq 11.3949 (8 df)

Iteration 10:  55000000 integrand evaluations so far
[1] 158462 +- 192.98  	chisq 12.0659 (9 df)
  158.46 ±   0.19 ·10⁺⁰³ (1.28mi) ┃    45.8 ±    1.1 ·10⁺⁰³ (6.52mi) ┃
┃ -1.1 -    -1 ┃   45.98 ±  0.038 ·10⁺⁰³ ( 29.2s) ┃ -56.834 ±  0.052 ·10⁺⁰³ ( 8.06s) ┃Vegas input parameters:
  ndim 10
  ncomp 1
  nvec 1
  epsrel 0
  epsabs 0
  flags 10
  seed 123456
  mineval 50000000
  maxeval 50000000
  nstart 1000000
  nincrease 1000000
  nbatch 5000
  gridno 0
  statefile ""

Iteration 1:  1000000 integrand evaluations so far
[1] -92852.3 +- 17383.7  	chisq 0 (0 df)

Iteration 2:  3000000 integrand evaluations so far
[1] -105586 +- 15780.6  	chisq 3.04986 (1 df)

Iteration 3:  6000000 integrand evaluations so far
[1] -99394.9 +- 14694.4  	chisq 4.20779 (2 df)

Iteration 4:  10000000 integrand evaluations so far
[1] -106906 +- 6177.34  	chisq 4.52514 (3 df)

Iteration 5:  15000000 integrand evaluations so far
[1] -108513 +- 3977.59  	chisq 4.64076 (4 df)

Iteration 6:  21000000 integrand evaluations so far
[1] -108999 +- 2785.25  	chisq 4.67004 (5 df)

Iteration 7:  28000000 integrand evaluations so far
[1] -109212 +- 2773.72  	chisq 5.38002 (6 df)

Iteration 8:  36000000 integrand evaluations so far
[1] -109356 +- 2766.32  	chisq 5.88216 (7 df)

Iteration 9:  45000000 integrand evaluations so far
[1] -110461 +- 2497.78  	chisq 6.74634 (8 df)

Iteration 10:  55000000 integrand evaluations so far
[1] -107352 +- 1987.58  	chisq 10.9707 (9 df)
  -107.4 ±      2 ·10⁺⁰³ (3.41mi) ┃Vegas input parameters:
  ndim 8
  ncomp 1
  nvec 1
  epsrel 0
  epsabs 0
  flags 10
  seed 123456
  mineval 5000000
  maxeval 50000000
  nstart 1000000
  nincrease 1000000
  nbatch 5000
  gridno 0
  statefile ""

Iteration 1:  1000000 integrand evaluations so far
[1] 158858 +- 24032.5  	chisq 0 (0 df)

Iteration 2:  3000000 integrand evaluations so far
[1] 167631 +- 8117.26  	chisq 0.150434 (1 df)

Iteration 3:  6000000 integrand evaluations so far
[1] 166435 +- 2216.52  	chisq 0.173901 (2 df)

Iteration 4:  10000000 integrand evaluations so far
[1] 163599 +- 901.631  	chisq 2.13573 (3 df)

Iteration 5:  15000000 integrand evaluations so far
[1] 163534 +- 539.653  	chisq 2.14375 (4 df)

Iteration 6:  21000000 integrand evaluations so far
[1] 163267 +- 393.561  	chisq 2.66757 (5 df)

Iteration 7:  28000000 integrand evaluations so far
[1] 163689 +- 311.721  	chisq 5.75646 (6 df)

Iteration 8:  36000000 integrand evaluations so far
[1] 164060 +- 259.951  	chisq 10.392 (7 df)

Iteration 9:  45000000 integrand evaluations so far
[1] 164159 +- 224.671  	chisq 10.9749 (8 df)

Iteration 10:  55000000 integrand evaluations so far
[1] 164259 +- 198.652  	chisq 11.8832 (9 df)
  164.26 ±    0.2 ·10⁺⁰³ (1.31mi) ┃    46.1 ±      2 ·10⁺⁰³ (5.34mi) ┃
┃   -1 -  -0.9 ┃  47.368 ±  0.028 ·10⁺⁰³ (1.39mi) ┃ -58.626 ±  0.015 ·10⁺⁰³ (1.01mi) ┃Vegas input parameters:
  ndim 10
  ncomp 1
  nvec 1
  epsrel 0
  epsabs 0
  flags 10
  seed 123456
  mineval 50000000
  maxeval 50000000
  nstart 1000000
  nincrease 1000000
  nbatch 5000
  gridno 0
  statefile ""

Iteration 1:  1000000 integrand evaluations so far
[1] -72889.9 +- 15693.6  	chisq 0 (0 df)

Iteration 2:  3000000 integrand evaluations so far
[1] -96637.7 +- 7075.86  	chisq 2.87409 (1 df)

Iteration 3:  6000000 integrand evaluations so far
[1] -102890 +- 4622.06  	chisq 4.2358 (2 df)

Iteration 4:  10000000 integrand evaluations so far
[1] -105836 +- 4241.04  	chisq 6.80581 (3 df)

Iteration 5:  15000000 integrand evaluations so far
[1] -109071 +- 2713.83  	chisq 7.79099 (4 df)

Iteration 6:  21000000 integrand evaluations so far
[1] -109640 +- 2480.45  	chisq 8.05805 (5 df)

Iteration 7:  28000000 integrand evaluations so far
[1] -109022 +- 2429.24  	chisq 9.57551 (6 df)

Iteration 8:  36000000 integrand evaluations so far
[1] -108876 +- 2235.83  	chisq 9.59895 (7 df)

Iteration 9:  45000000 integrand evaluations so far
[1] -107373 +- 1937.57  	chisq 11.4137 (8 df)

Iteration 10:  55000000 integrand evaluations so far
[1] -107529 +- 1419.87  	chisq 11.4277 (9 df)
  -107.5 ±    1.4 ·10⁺⁰³ (3.37mi) ┃Vegas input parameters:
  ndim 8
  ncomp 1
  nvec 1
  epsrel 0
  epsabs 0
  flags 10
  seed 123456
  mineval 5000000
  maxeval 50000000
  nstart 1000000
  nincrease 1000000
  nbatch 5000
  gridno 0
  statefile ""

Iteration 1:  1000000 integrand evaluations so far
[1] 132374 +- 11087.4  	chisq 0 (0 df)

Iteration 2:  3000000 integrand evaluations so far
[1] 158623 +- 5916.84  	chisq 7.83673 (1 df)

Iteration 3:  6000000 integrand evaluations so far
[1] 166819 +- 2812.21  	chisq 10.315 (2 df)

Iteration 4:  10000000 integrand evaluations so far
[1] 170329 +- 1262.43  	chisq 12.2668 (3 df)

Iteration 5:  15000000 integrand evaluations so far
[1] 169764 +- 666.122  	chisq 12.5446 (4 df)

Iteration 6:  21000000 integrand evaluations so far
[1] 169514 +- 451.71  	chisq 12.8053 (5 df)

Iteration 7:  28000000 integrand evaluations so far
[1] 169497 +- 355.052  	chisq 12.8088 (6 df)

Iteration 8:  36000000 integrand evaluations so far
[1] 169791 +- 295.078  	chisq 15.0183 (7 df)

Iteration 9:  45000000 integrand evaluations so far
[1] 169871 +- 249.863  	chisq 15.2776 (8 df)

Iteration 10:  55000000 integrand evaluations so far
[1] 169815 +- 215.978  	chisq 15.4779 (9 df)
  169.81 ±   0.22 ·10⁺⁰³ (1.36mi) ┃      51 ±    1.4 ·10⁺⁰³ (7.13mi) ┃
┃ -0.9 -  -0.8 ┃  49.251 ±   0.04 ·10⁺⁰³ (1.52mi) ┃-60.2486 ± 0.0084 ·10⁺⁰³ ( 1.1mi) ┃Vegas input parameters:
  ndim 10
  ncomp 1
  nvec 1
  epsrel 0
  epsabs 0
  flags 10
  seed 123456
  mineval 50000000
  maxeval 50000000
  nstart 1000000
  nincrease 1000000
  nbatch 5000
  gridno 0
  statefile ""

Iteration 1:  1000000 integrand evaluations so far
[1] -183314 +- 80605.8  	chisq 0 (0 df)

Iteration 2:  3000000 integrand evaluations so far
[1] -126003 +- 16421.3  	chisq 0.527417 (1 df)

Iteration 3:  6000000 integrand evaluations so far
[1] -120719 +- 9174.91  	chisq 0.677914 (2 df)

Iteration 4:  10000000 integrand evaluations so far
[1] -121977 +- 6725.13  	chisq 0.71855 (3 df)

Iteration 5:  15000000 integrand evaluations so far
[1] -118465 +- 4389.13  	chisq 1.19374 (4 df)

Iteration 6:  21000000 integrand evaluations so far
[1] -114782 +- 2733.08  	chisq 2.34382 (5 df)

Iteration 7:  28000000 integrand evaluations so far
[1] -112889 +- 1622.42  	chisq 3.08465 (6 df)

Iteration 8:  36000000 integrand evaluations so far
[1] -112852 +- 1452.82  	chisq 3.08721 (7 df)

Iteration 9:  45000000 integrand evaluations so far
[1] -113093 +- 1432.22  	chisq 4.06021 (8 df)

Iteration 10:  55000000 integrand evaluations so far
[1] -113295 +- 1347.82  	chisq 4.23504 (9 df)
  -113.3 ±    1.3 ·10⁺⁰³ (3.41mi) ┃Vegas input parameters:
  ndim 8
  ncomp 1
  nvec 1
  epsrel 0
  epsabs 0
  flags 10
  seed 123456
  mineval 5000000
  maxeval 50000000
  nstart 1000000
  nincrease 1000000
  nbatch 5000
  gridno 0
  statefile ""

Iteration 1:  1000000 integrand evaluations so far
[1] 149097 +- 22519.8  	chisq 0 (0 df)

Iteration 2:  3000000 integrand evaluations so far
[1] 177377 +- 4831.58  	chisq 1.65304 (1 df)

Iteration 3:  6000000 integrand evaluations so far
[1] 172680 +- 1677.6  	chisq 2.72774 (2 df)

Iteration 4:  10000000 integrand evaluations so far
[1] 174552 +- 854.754  	chisq 4.4111 (3 df)

Iteration 5:  15000000 integrand evaluations so far
[1] 174121 +- 562.426  	chisq 4.85974 (4 df)

Iteration 6:  21000000 integrand evaluations so far
[1] 173903 +- 414.983  	chisq 5.19054 (5 df)

Iteration 7:  28000000 integrand evaluations so far
[1] 174340 +- 330.331  	chisq 8.22124 (6 df)

Iteration 8:  36000000 integrand evaluations so far
[1] 174729 +- 276.772  	chisq 12.8732 (7 df)

Iteration 9:  45000000 integrand evaluations so far
[1] 174562 +- 237.937  	chisq 14.2682 (8 df)

Iteration 10:  55000000 integrand evaluations so far
[1] 174603 +- 210.062  	chisq 14.4042 (9 df)
   174.6 ±   0.21 ·10⁺⁰³ (1.22mi) ┃    50.3 ±    1.4 ·10⁺⁰³ (7.26mi) ┃
┃ -0.8 -  -0.7 ┃  49.747 ±  0.036 ·10⁺⁰³ ( 25.4s) ┃-61.7491 ± 0.0055 ·10⁺⁰³ ( 27.3s) ┃Vegas input parameters:
  ndim 10
  ncomp 1
  nvec 1
  epsrel 0
  epsabs 0
  flags 10
  seed 123456
  mineval 50000000
  maxeval 50000000
  nstart 1000000
  nincrease 1000000
  nbatch 5000
  gridno 0
  statefile ""

Iteration 1:  1000000 integrand evaluations so far
[1] -84787 +- 26474.3  	chisq 0 (0 df)

Iteration 2:  3000000 integrand evaluations so far
[1] -118056 +- 17977.4  	chisq 2.93043 (1 df)

Iteration 3:  6000000 integrand evaluations so far
[1] -117047 +- 7900.67  	chisq 2.93433 (2 df)

Iteration 4:  10000000 integrand evaluations so far
[1] -115971 +- 4449.41  	chisq 2.96151 (3 df)

Iteration 5:  15000000 integrand evaluations so far
[1] -116787 +- 2912.02  	chisq 3.02037 (4 df)

Iteration 6:  21000000 integrand evaluations so far
[1] -117124 +- 2351.68  	chisq 3.05889 (5 df)

Iteration 7:  28000000 integrand evaluations so far
[1] -117197 +- 1747.55  	chisq 3.06107 (6 df)

Iteration 8:  36000000 integrand evaluations so far
[1] -116798 +- 1511.52  	chisq 3.26888 (7 df)

Iteration 9:  45000000 integrand evaluations so far
[1] -116603 +- 1397.19  	chisq 3.38242 (8 df)

Iteration 10:  55000000 integrand evaluations so far
[1] -115517 +- 1231.3  	chisq 6.08817 (9 df)
  -115.5 ±    1.2 ·10⁺⁰³ (3.23mi) ┃Vegas input parameters:
  ndim 8
  ncomp 1
  nvec 1
  epsrel 0
  epsabs 0
  flags 10
  seed 123456
  mineval 5000000
  maxeval 50000000
  nstart 1000000
  nincrease 1000000
  nbatch 5000
  gridno 0
  statefile ""

Iteration 1:  1000000 integrand evaluations so far
[1] 198598 +- 27094.6  	chisq 0 (0 df)

Iteration 2:  3000000 integrand evaluations so far
[1] 180598 +- 6704.12  	chisq 0.470127 (1 df)

Iteration 3:  6000000 integrand evaluations so far
[1] 181382 +- 2054.96  	chisq 0.485209 (2 df)

Iteration 4:  10000000 integrand evaluations so far
[1] 181439 +- 1243.53  	chisq 0.486432 (3 df)

Iteration 5:  15000000 integrand evaluations so far
[1] 180687 +- 774.344  	chisq 1.08314 (4 df)

Iteration 6:  21000000 integrand evaluations so far
[1] 179850 +- 504.635  	chisq 3.11339 (5 df)

Iteration 7:  28000000 integrand evaluations so far
[1] 179714 +- 380.201  	chisq 3.28175 (6 df)

Iteration 8:  36000000 integrand evaluations so far
[1] 179679 +- 308.487  	chisq 3.30756 (7 df)

Iteration 9:  45000000 integrand evaluations so far
[1] 179609 +- 261.012  	chisq 3.48867 (8 df)

Iteration 10:  55000000 integrand evaluations so far
[1] 179551 +- 227.45  	chisq 3.68803 (9 df)
  179.55 ±   0.23 ·10⁺⁰³ (1.23mi) ┃      52 ±    1.3 ·10⁺⁰³ (5.34mi) ┃
┃ -0.7 -  -0.6 ┃  50.642 ±  0.034 ·10⁺⁰³ ( 52.1s) ┃ -62.988 ±  0.019 ·10⁺⁰³ (   31s) ┃Vegas input parameters:
  ndim 10
  ncomp 1
  nvec 1
  epsrel 0
  epsabs 0
  flags 10
  seed 123456
  mineval 50000000
  maxeval 50000000
  nstart 1000000
  nincrease 1000000
  nbatch 5000
  gridno 0
  statefile ""

Iteration 1:  1000000 integrand evaluations so far
[1] -161955 +- 44107.3  	chisq 0 (0 df)

Iteration 2:  3000000 integrand evaluations so far
[1] -119028 +- 7463.05  	chisq 0.975129 (1 df)

Iteration 3:  6000000 integrand evaluations so far
[1] -115145 +- 5187.48  	chisq 1.49879 (2 df)

Iteration 4:  10000000 integrand evaluations so far
[1] -115052 +- 5186.46  	chisq 2.32349 (3 df)

Iteration 5:  15000000 integrand evaluations so far
[1] -114243 +- 4512.65  	chisq 2.42366 (4 df)

Iteration 6:  21000000 integrand evaluations so far
[1] -117326 +- 3298.32  	chisq 3.42554 (5 df)

Iteration 7:  28000000 integrand evaluations so far
[1] -118652 +- 2144.55  	chisq 3.70573 (6 df)

Iteration 8:  36000000 integrand evaluations so far
[1] -120601 +- 1883.32  	chisq 7.31501 (7 df)

Iteration 9:  45000000 integrand evaluations so far
[1] -121389 +- 1458.45  	chisq 7.75191 (8 df)

Iteration 10:  55000000 integrand evaluations so far
[1] -121316 +- 1133.56  	chisq 7.75824 (9 df)
  -121.3 ±    1.1 ·10⁺⁰³ (3.31mi) ┃Vegas input parameters:
  ndim 8
  ncomp 1
  nvec 1
  epsrel 0
  epsabs 0
  flags 10
  seed 123456
  mineval 5000000
  maxeval 50000000
  nstart 1000000
  nincrease 1000000
  nbatch 5000
  gridno 0
  statefile ""

Iteration 1:  1000000 integrand evaluations so far
[1] 177243 +- 20068.2  	chisq 0 (0 df)

Iteration 2:  3000000 integrand evaluations so far
[1] 183052 +- 4881.85  	chisq 0.0890635 (1 df)

Iteration 3:  6000000 integrand evaluations so far
[1] 182035 +- 1835.22  	chisq 0.139638 (2 df)

Iteration 4:  10000000 integrand evaluations so far
[1] 183275 +- 944.493  	chisq 0.760253 (3 df)

Iteration 5:  15000000 integrand evaluations so far
[1] 183279 +- 604.804  	chisq 0.760288 (4 df)

Iteration 6:  21000000 integrand evaluations so far
[1] 183070 +- 445.511  	chisq 1.02099 (5 df)

Iteration 7:  28000000 integrand evaluations so far
[1] 183312 +- 362.182  	chisq 1.89447 (6 df)

Iteration 8:  36000000 integrand evaluations so far
[1] 183611 +- 308.813  	chisq 4.38133 (7 df)

Iteration 9:  45000000 integrand evaluations so far
[1] 183723 +- 265.512  	chisq 4.88365 (8 df)

Iteration 10:  55000000 integrand evaluations so far
[1] 183708 +- 232.806  	chisq 4.89711 (9 df)
  183.71 ±   0.23 ·10⁺⁰³ (1.21mi) ┃      50 ±    1.2 ·10⁺⁰³ ( 5.9mi) ┃
┃ -0.6 -  -0.5 ┃  51.659 ±  0.014 ·10⁺⁰³ ( 54.4s) ┃ -64.133 ±  0.031 ·10⁺⁰³ ( 26.1s) ┃Vegas input parameters:
  ndim 10
  ncomp 1
  nvec 1
  epsrel 0
  epsabs 0
  flags 10
  seed 123456
  mineval 50000000
  maxeval 50000000
  nstart 1000000
  nincrease 1000000
  nbatch 5000
  gridno 0
  statefile ""

Iteration 1:  1000000 integrand evaluations so far
[1] -106673 +- 32996.9  	chisq 0 (0 df)

Iteration 2:  3000000 integrand evaluations so far
[1] -110967 +- 11800.7  	chisq 0.0194148 (1 df)

Iteration 3:  6000000 integrand evaluations so far
[1] -106493 +- 10348.5  	chisq 0.641597 (2 df)

Iteration 4:  10000000 integrand evaluations so far
[1] -102571 +- 9733.67  	chisq 1.88737 (3 df)

Iteration 5:  15000000 integrand evaluations so far
[1] -111613 +- 5549.9  	chisq 3.16603 (4 df)

Iteration 6:  21000000 integrand evaluations so far
[1] -120424 +- 3107.66  	chisq 6.83793 (5 df)

Iteration 7:  28000000 integrand evaluations so far
[1] -120746 +- 3089.39  	chisq 7.75089 (6 df)

Iteration 8:  36000000 integrand evaluations so far
[1] -120886 +- 2947.14  	chisq 7.77379 (7 df)

Iteration 9:  45000000 integrand evaluations so far
[1] -120784 +- 2608.8  	chisq 7.77935 (8 df)

Iteration 10:  55000000 integrand evaluations so far
[1] -120664 +- 2403.49  	chisq 7.7933 (9 df)
  -120.7 ±    2.4 ·10⁺⁰³ (3.33mi) ┃Vegas input parameters:
  ndim 8
  ncomp 1
  nvec 1
  epsrel 0
  epsabs 0
  flags 10
  seed 123456
  mineval 5000000
  maxeval 50000000
  nstart 1000000
  nincrease 1000000
  nbatch 5000
  gridno 0
  statefile ""

Iteration 1:  1000000 integrand evaluations so far
[1] 161682 +- 22417.7  	chisq 0 (0 df)

Iteration 2:  3000000 integrand evaluations so far
[1] 193205 +- 10405.1  	chisq 2.52025 (1 df)

Iteration 3:  6000000 integrand evaluations so far
[1] 187376 +- 2695.22  	chisq 2.8567 (2 df)

Iteration 4:  10000000 integrand evaluations so far
[1] 187664 +- 1095.1  	chisq 2.87041 (3 df)

Iteration 5:  15000000 integrand evaluations so far
[1] 187580 +- 641.13  	chisq 2.87934 (4 df)

Iteration 6:  21000000 integrand evaluations so far
[1] 187375 +- 540.198  	chisq 3.23256 (5 df)

Iteration 7:  28000000 integrand evaluations so far
[1] 187587 +- 439.702  	chisq 3.6909 (6 df)

Iteration 8:  36000000 integrand evaluations so far
[1] 187641 +- 351.713  	chisq 3.73181 (7 df)

Iteration 9:  45000000 integrand evaluations so far
[1] 187489 +- 292.115  	chisq 4.32977 (8 df)

Iteration 10:  55000000 integrand evaluations so far
[1] 187388 +- 251.79  	chisq 4.79344 (9 df)
  187.39 ±   0.25 ·10⁺⁰³ (1.22mi) ┃    54.3 ±    2.4 ·10⁺⁰³ (5.89mi) ┃
┃ -0.5 -  -0.4 ┃  52.435 ±   0.04 ·10⁺⁰³ ( 27.1s) ┃ -65.013 ±  0.024 ·10⁺⁰³ (1.65mi) ┃Vegas input parameters:
  ndim 10
  ncomp 1
  nvec 1
  epsrel 0
  epsabs 0
  flags 10
  seed 123456
  mineval 50000000
  maxeval 50000000
  nstart 1000000
  nincrease 1000000
  nbatch 5000
  gridno 0
  statefile ""

Iteration 1:  1000000 integrand evaluations so far
[1] -105672 +- 20341.9  	chisq 0 (0 df)

Iteration 2:  3000000 integrand evaluations so far
[1] -115599 +- 7092.94  	chisq 0.271162 (1 df)

Iteration 3:  6000000 integrand evaluations so far
[1] -116276 +- 4586.11  	chisq 0.286814 (2 df)

Iteration 4:  10000000 integrand evaluations so far
[1] -120220 +- 2971.39  	chisq 1.56122 (3 df)

Iteration 5:  15000000 integrand evaluations so far
[1] -123061 +- 2006.08  	chisq 3.24134 (4 df)

Iteration 6:  21000000 integrand evaluations so far
[1] -123730 +- 1800.06  	chisq 3.81246 (5 df)

Iteration 7:  28000000 integrand evaluations so far
[1] -123484 +- 1505.86  	chisq 3.87499 (6 df)

Iteration 8:  36000000 integrand evaluations so far
[1] -123708 +- 1338.63  	chisq 3.98093 (7 df)

Iteration 9:  45000000 integrand evaluations so far
[1] -122387 +- 1183.89  	chisq 8.45527 (8 df)

Iteration 10:  55000000 integrand evaluations so far
[1] -123114 +- 1033.17  	chisq 10.0398 (9 df)
  -123.1 ±      1 ·10⁺⁰³ (3.59mi) ┃Vegas input parameters:
  ndim 8
  ncomp 1
  nvec 1
  epsrel 0
  epsabs 0
  flags 10
  seed 123456
  mineval 5000000
  maxeval 50000000
  nstart 1000000
  nincrease 1000000
  nbatch 5000
  gridno 0
  statefile ""

Iteration 1:  1000000 integrand evaluations so far
[1] 222742 +- 46427.8  	chisq 0 (0 df)

Iteration 2:  3000000 integrand evaluations so far
[1] 195778 +- 10668.1  	chisq 0.356103 (1 df)

Iteration 3:  6000000 integrand evaluations so far
[1] 191124 +- 3203.3  	chisq 0.565223 (2 df)

Iteration 4:  10000000 integrand evaluations so far
[1] 188197 +- 1232.15  	chisq 1.54531 (3 df)

Iteration 5:  15000000 integrand evaluations so far
[1] 188953 +- 704.753  	chisq 2.10416 (4 df)

Iteration 6:  21000000 integrand evaluations so far
[1] 189692 +- 491.494  	chisq 4.24872 (5 df)

Iteration 7:  28000000 integrand evaluations so far
[1] 189958 +- 383.271  	chisq 4.99217 (6 df)

Iteration 8:  36000000 integrand evaluations so far
[1] 190545 +- 322.563  	chisq 13.0433 (7 df)

Iteration 9:  45000000 integrand evaluations so far
[1] 190751 +- 277.297  	chisq 14.6041 (8 df)

Iteration 10:  55000000 integrand evaluations so far
[1] 190602 +- 242.019  	chisq 15.8153 (9 df)
   190.6 ±   0.24 ·10⁺⁰³ (1.25mi) ┃    54.9 ±    1.1 ·10⁺⁰³ (6.94mi) ┃
┃ -0.4 -  -0.3 ┃  53.259 ±  0.039 ·10⁺⁰³ (   52s) ┃  -65.53 ±  0.028 ·10⁺⁰³ (1.81mi) ┃Vegas input parameters:
  ndim 10
  ncomp 1
  nvec 1
  epsrel 0
  epsabs 0
  flags 10
  seed 123456
  mineval 50000000
  maxeval 50000000
  nstart 1000000
  nincrease 1000000
  nbatch 5000
  gridno 0
  statefile ""

Iteration 1:  1000000 integrand evaluations so far
[1] -162368 +- 64455.4  	chisq 0 (0 df)

Iteration 2:  3000000 integrand evaluations so far
[1] -116363 +- 12970.4  	chisq 0.530944 (1 df)

Iteration 3:  6000000 integrand evaluations so far
[1] -124948 +- 11755.7  	chisq 2.9847 (2 df)

Iteration 4:  10000000 integrand evaluations so far
[1] -131868 +- 8377.49  	chisq 3.68883 (3 df)

Iteration 5:  15000000 integrand evaluations so far
[1] -131002 +- 7540.22  	chisq 3.74511 (4 df)

Iteration 6:  21000000 integrand evaluations so far
[1] -127982 +- 4661.23  	chisq 4.00481 (5 df)

Iteration 7:  28000000 integrand evaluations so far
[1] -125480 +- 2407.66  	chisq 4.39777 (6 df)

Iteration 8:  36000000 integrand evaluations so far
[1] -125799 +- 1888.73  	chisq 4.44356 (7 df)

Iteration 9:  45000000 integrand evaluations so far
[1] -126078 +- 1783.5  	chisq 4.64401 (8 df)

Iteration 10:  55000000 integrand evaluations so far
[1] -126718 +- 1529.73  	chisq 5.13162 (9 df)
  -126.7 ±    1.5 ·10⁺⁰³ (3.43mi) ┃Vegas input parameters:
  ndim 8
  ncomp 1
  nvec 1
  epsrel 0
  epsabs 0
  flags 10
  seed 123456
  mineval 5000000
  maxeval 50000000
  nstart 1000000
  nincrease 1000000
  nbatch 5000
  gridno 0
  statefile ""

Iteration 1:  1000000 integrand evaluations so far
[1] 214187 +- 32880.2  	chisq 0 (0 df)

Iteration 2:  3000000 integrand evaluations so far
[1] 194432 +- 5996.92  	chisq 0.373386 (1 df)

Iteration 3:  6000000 integrand evaluations so far
[1] 192718 +- 2153.65  	chisq 0.467189 (2 df)

Iteration 4:  10000000 integrand evaluations so far
[1] 193538 +- 1072.86  	chisq 0.659784 (3 df)

Iteration 5:  15000000 integrand evaluations so far
[1] 193702 +- 670.364  	chisq 0.698174 (4 df)

Iteration 6:  21000000 integrand evaluations so far
[1] 193227 +- 484.982  	chisq 1.74935 (5 df)

Iteration 7:  28000000 integrand evaluations so far
[1] 193124 +- 385.413  	chisq 1.87243 (6 df)

Iteration 8:  36000000 integrand evaluations so far
[1] 193283 +- 322.48  	chisq 2.44343 (7 df)

Iteration 9:  45000000 integrand evaluations so far
[1] 193185 +- 276.629  	chisq 2.79442 (8 df)

Iteration 10:  55000000 integrand evaluations so far
[1] 193251 +- 249.484  	chisq 3.09582 (9 df)
  193.25 ±   0.25 ·10⁺⁰³ (1.17mi) ┃    54.3 ±    1.6 ·10⁺⁰³ (7.27mi) ┃
┃ -0.3 -  -0.2 ┃  52.491 ±  0.013 ·10⁺⁰³ (1.48mi) ┃ -65.734 ±  0.034 ·10⁺⁰³ ( 53.1s) ┃Vegas input parameters:
  ndim 10
  ncomp 1
  nvec 1
  epsrel 0
  epsabs 0
  flags 10
  seed 123456
  mineval 50000000
  maxeval 50000000
  nstart 1000000
  nincrease 1000000
  nbatch 5000
  gridno 0
  statefile ""

Iteration 1:  1000000 integrand evaluations so far
[1] -183373 +- 62268.8  	chisq 0 (0 df)

Iteration 2:  3000000 integrand evaluations so far
[1] -132697 +- 13466.8  	chisq 0.694816 (1 df)

Iteration 3:  6000000 integrand evaluations so far
[1] -138795 +- 9346.34  	chisq 1.09037 (2 df)

Iteration 4:  10000000 integrand evaluations so far
[1] -130161 +- 7761.42  	chisq 3.83946 (3 df)

Iteration 5:  15000000 integrand evaluations so far
[1] -131347 +- 4539.06  	chisq 3.87496 (4 df)

Iteration 6:  21000000 integrand evaluations so far
[1] -130294 +- 3593.92  	chisq 4.01939 (5 df)

Iteration 7:  28000000 integrand evaluations so far
[1] -127792 +- 2695.08  	chisq 5.12679 (6 df)

Iteration 8:  36000000 integrand evaluations so far
[1] -127346 +- 2180.19  	chisq 5.20603 (7 df)

Iteration 9:  45000000 integrand evaluations so far
[1] -127051 +- 1780.46  	chisq 5.26079 (8 df)

Iteration 10:  55000000 integrand evaluations so far
[1] -127871 +- 1680.73  	chisq 7.2054 (9 df)
  -127.9 ±    1.7 ·10⁺⁰³ (3.35mi) ┃Vegas input parameters:
  ndim 8
  ncomp 1
  nvec 1
  epsrel 0
  epsabs 0
  flags 10
  seed 123456
  mineval 5000000
  maxeval 50000000
  nstart 1000000
  nincrease 1000000
  nbatch 5000
  gridno 0
  statefile ""

Iteration 1:  1000000 integrand evaluations so far
[1] 250539 +- 52977.7  	chisq 0 (0 df)

Iteration 2:  3000000 integrand evaluations so far
[1] 194600 +- 6713.66  	chisq 1.13312 (1 df)

Iteration 3:  6000000 integrand evaluations so far
[1] 191224 +- 2016.9  	chisq 1.41115 (2 df)

Iteration 4:  10000000 integrand evaluations so far
[1] 192625 +- 1001.82  	chisq 2.05178 (3 df)

Iteration 5:  15000000 integrand evaluations so far
[1] 193520 +- 643.816  	chisq 3.4113 (4 df)

Iteration 6:  21000000 integrand evaluations so far
[1] 193344 +- 491.237  	chisq 3.59053 (5 df)

Iteration 7:  28000000 integrand evaluations so far
[1] 193716 +- 394.556  	chisq 5.20763 (6 df)

Iteration 8:  36000000 integrand evaluations so far
[1] 193966 +- 328.184  	chisq 6.51429 (7 df)

Iteration 9:  45000000 integrand evaluations so far
[1] 194024 +- 288.607  	chisq 6.65309 (8 df)

Iteration 10:  55000000 integrand evaluations so far
[1] 194172 +- 256.1  	chisq 7.88063 (9 df)
  194.17 ±   0.26 ·10⁺⁰³ (1.24mi) ┃    53.1 ±    1.7 ·10⁺⁰³ (6.95mi) ┃
┃ -0.2 -  -0.1 ┃   53.25 ±  0.024 ·10⁺⁰³ (1.45mi) ┃ -65.737 ±  0.038 ·10⁺⁰³ (   53s) ┃Vegas input parameters:
  ndim 10
  ncomp 1
  nvec 1
  epsrel 0
  epsabs 0
  flags 10
  seed 123456
  mineval 50000000
  maxeval 50000000
  nstart 1000000
  nincrease 1000000
  nbatch 5000
  gridno 0
  statefile ""

Iteration 1:  1000000 integrand evaluations so far
[1] -101923 +- 13975.8  	chisq 0 (0 df)

Iteration 2:  3000000 integrand evaluations so far
[1] -110403 +- 8178.34  	chisq 0.559936 (1 df)

Iteration 3:  6000000 integrand evaluations so far
[1] -119706 +- 6636.94  	chisq 4.34924 (2 df)

Iteration 4:  10000000 integrand evaluations so far
[1] -123015 +- 4131.77  	chisq 4.75523 (3 df)

Iteration 5:  15000000 integrand evaluations so far
[1] -124612 +- 2972  	chisq 5.06477 (4 df)

Iteration 6:  21000000 integrand evaluations so far
[1] -125057 +- 2521.69  	chisq 5.14467 (5 df)

Iteration 7:  28000000 integrand evaluations so far
[1] -126067 +- 2374.82  	chisq 6.56358 (6 df)

Iteration 8:  36000000 integrand evaluations so far
[1] -127289 +- 2287.43  	chisq 10.2306 (7 df)

Iteration 9:  45000000 integrand evaluations so far
[1] -128739 +- 2099.6  	chisq 12.781 (8 df)

Iteration 10:  55000000 integrand evaluations so far
[1] -126510 +- 1519.55  	chisq 15.1468 (9 df)
  -126.5 ±    1.5 ·10⁺⁰³ (3.36mi) ┃Vegas input parameters:
  ndim 8
  ncomp 1
  nvec 1
  epsrel 0
  epsabs 0
  flags 10
  seed 123456
  mineval 5000000
  maxeval 50000000
  nstart 1000000
  nincrease 1000000
  nbatch 5000
  gridno 0
  statefile ""

Iteration 1:  1000000 integrand evaluations so far
[1] 186188 +- 23025.3  	chisq 0 (0 df)

Iteration 2:  3000000 integrand evaluations so far
[1] 196400 +- 8857.64  	chisq 0.230846 (1 df)

Iteration 3:  6000000 integrand evaluations so far
[1] 196519 +- 2852.67  	chisq 0.231048 (2 df)

Iteration 4:  10000000 integrand evaluations so far
[1] 193985 +- 1292.2  	chisq 1.22362 (3 df)

Iteration 5:  15000000 integrand evaluations so far
[1] 194815 +- 734.543  	chisq 1.83265 (4 df)

Iteration 6:  21000000 integrand evaluations so far
[1] 194495 +- 516.402  	chisq 2.20649 (5 df)

Iteration 7:  28000000 integrand evaluations so far
[1] 194625 +- 401.358  	chisq 2.36513 (6 df)

Iteration 8:  36000000 integrand evaluations so far
[1] 194641 +- 333.189  	chisq 2.37048 (7 df)

Iteration 9:  45000000 integrand evaluations so far
[1] 194625 +- 284.995  	chisq 2.37907 (8 df)

Iteration 10:  55000000 integrand evaluations so far
[1] 194647 +- 249.408  	chisq 2.40328 (9 df)
  194.65 ±   0.25 ·10⁺⁰³ (1.25mi) ┃    55.6 ±    1.5 ·10⁺⁰³ (6.95mi) ┃
┃ -0.1 -     0 ┃  52.917 ±  0.034 ·10⁺⁰³ (1.38mi) ┃ -65.789 ±  0.045 ·10⁺⁰³ ( 54.5s) ┃Vegas input parameters:
  ndim 10
  ncomp 1
  nvec 1
  epsrel 0
  epsabs 0
  flags 10
  seed 123456
  mineval 50000000
  maxeval 50000000
  nstart 1000000
  nincrease 1000000
  nbatch 5000
  gridno 0
  statefile ""

Iteration 1:  1000000 integrand evaluations so far
[1] -81647.3 +- 26129.4  	chisq 0 (0 df)

Iteration 2:  3000000 integrand evaluations so far
[1] -101187 +- 13403.1  	chisq 0.758887 (1 df)

Iteration 3:  6000000 integrand evaluations so far
[1] -108255 +- 8967.25  	chisq 1.26232 (2 df)

Iteration 4:  10000000 integrand evaluations so far
[1] -107253 +- 7636.18  	chisq 1.30772 (3 df)

Iteration 5:  15000000 integrand evaluations so far
[1] -119640 +- 6317.14  	chisq 9.64408 (4 df)

Iteration 6:  21000000 integrand evaluations so far
[1] -129362 +- 3957.48  	chisq 13.5427 (5 df)

Iteration 7:  28000000 integrand evaluations so far
[1] -126351 +- 2161.65  	chisq 14.3678 (6 df)

Iteration 8:  36000000 integrand evaluations so far
[1] -125520 +- 1890.78  	chisq 14.9962 (7 df)

Iteration 9:  45000000 integrand evaluations so far
[1] -125418 +- 1680.27  	chisq 15.0103 (8 df)

Iteration 10:  55000000 integrand evaluations so far
[1] -125524 +- 1527.48  	chisq 15.0332 (9 df)
  -125.5 ±    1.5 ·10⁺⁰³ (3.44mi) ┃Vegas input parameters:
  ndim 8
  ncomp 1
  nvec 1
  epsrel 0
  epsabs 0
  flags 10
  seed 123456
  mineval 5000000
  maxeval 50000000
  nstart 1000000
  nincrease 1000000
  nbatch 5000
  gridno 0
  statefile ""

Iteration 1:  1000000 integrand evaluations so far
[1] 210500 +- 44638.3  	chisq 0 (0 df)

Iteration 2:  3000000 integrand evaluations so far
[1] 183196 +- 6257.33  	chisq 0.381625 (1 df)

Iteration 3:  6000000 integrand evaluations so far
[1] 193322 +- 3719.95  	chisq 4.43159 (2 df)

Iteration 4:  10000000 integrand evaluations so far
[1] 192547 +- 1493.88  	chisq 4.48333 (3 df)

Iteration 5:  15000000 integrand evaluations so far
[1] 194267 +- 855.782  	chisq 6.45537 (4 df)

Iteration 6:  21000000 integrand evaluations so far
[1] 193438 +- 570.231  	chisq 8.14354 (5 df)

Iteration 7:  28000000 integrand evaluations so far
[1] 193849 +- 427.797  	chisq 9.33645 (6 df)

Iteration 8:  36000000 integrand evaluations so far
[1] 194055 +- 345.701  	chisq 10.0034 (7 df)

Iteration 9:  45000000 integrand evaluations so far
[1] 194223 +- 298.48  	chisq 10.9298 (8 df)

Iteration 10:  55000000 integrand evaluations so far
[1] 194413 +- 262.166  	chisq 12.7014 (9 df)
  194.41 ±   0.26 ·10⁺⁰³ (1.19mi) ┃      56 ±    1.6 ·10⁺⁰³ (6.92mi) ┃
┃    0 -   0.1 ┃  52.917 ±  0.034 ·10⁺⁰³ ( 1.6mi) ┃ -65.789 ±  0.045 ·10⁺⁰³ ( 55.5s) ┃Vegas input parameters:
  ndim 10
  ncomp 1
  nvec 1
  epsrel 0
  epsabs 0
  flags 10
  seed 123456
  mineval 50000000
  maxeval 50000000
  nstart 1000000
  nincrease 1000000
  nbatch 5000
  gridno 0
  statefile ""

Iteration 1:  1000000 integrand evaluations so far
[1] -104432 +- 16197.6  	chisq 0 (0 df)

Iteration 2:  3000000 integrand evaluations so far
[1] -118387 +- 10403.2  	chisq 1.26346 (1 df)

Iteration 3:  6000000 integrand evaluations so far
[1] -125588 +- 6040.11  	chisq 1.9862 (2 df)

Iteration 4:  10000000 integrand evaluations so far
[1] -127351 +- 4275.16  	chisq 2.15696 (3 df)

Iteration 5:  15000000 integrand evaluations so far
[1] -127866 +- 2588.52  	chisq 2.1799 (4 df)

Iteration 6:  21000000 integrand evaluations so far
[1] -128778 +- 1953  	chisq 2.46803 (5 df)

Iteration 7:  28000000 integrand evaluations so far
[1] -128189 +- 1606.54  	chisq 2.74961 (6 df)

Iteration 8:  36000000 integrand evaluations so far
[1] -128811 +- 1471.71  	chisq 3.68231 (7 df)

Iteration 9:  45000000 integrand evaluations so far
[1] -128698 +- 1213.44  	chisq 3.70064 (8 df)

Iteration 10:  55000000 integrand evaluations so far
[1] -127472 +- 992.703  	chisq 6.78767 (9 df)
 -127.47 ±   0.99 ·10⁺⁰³ (3.29mi) ┃Vegas input parameters:
  ndim 8
  ncomp 1
  nvec 1
  epsrel 0
  epsabs 0
  flags 10
  seed 123456
  mineval 5000000
  maxeval 50000000
  nstart 1000000
  nincrease 1000000
  nbatch 5000
  gridno 0
  statefile ""

Iteration 1:  1000000 integrand evaluations so far
[1] 169492 +- 23527.7  	chisq 0 (0 df)

Iteration 2:  3000000 integrand evaluations so far
[1] 196796 +- 5531.96  	chisq 1.42556 (1 df)

Iteration 3:  6000000 integrand evaluations so far
[1] 193931 +- 1956.52  	chisq 1.7321 (2 df)

Iteration 4:  10000000 integrand evaluations so far
[1] 194268 +- 1006.43  	chisq 1.77248 (3 df)

Iteration 5:  15000000 integrand evaluations so far
[1] 194684 +- 647.116  	chisq 2.06358 (4 df)

Iteration 6:  21000000 integrand evaluations so far
[1] 194566 +- 494.158  	chisq 2.1433 (5 df)

Iteration 7:  28000000 integrand evaluations so far
[1] 194560 +- 399.036  	chisq 2.1438 (6 df)

Iteration 8:  36000000 integrand evaluations so far
[1] 194779 +- 332.937  	chisq 3.13737 (7 df)

Iteration 9:  45000000 integrand evaluations so far
[1] 194686 +- 284.308  	chisq 3.42452 (8 df)

Iteration 10:  55000000 integrand evaluations so far
[1] 194662 +- 248.815  	chisq 3.45594 (9 df)
  194.66 ±   0.25 ·10⁺⁰³ (1.37mi) ┃    54.3 ±      1 ·10⁺⁰³ (7.18mi) ┃
┃  0.1 -   0.2 ┃   53.25 ±  0.024 ·10⁺⁰³ ( 1.5mi) ┃ -65.737 ±  0.038 ·10⁺⁰³ ( 48.8s) ┃Vegas input parameters:
  ndim 10
  ncomp 1
  nvec 1
  epsrel 0
  epsabs 0
  flags 10
  seed 123456
  mineval 50000000
  maxeval 50000000
  nstart 1000000
  nincrease 1000000
  nbatch 5000
  gridno 0
  statefile ""

Iteration 1:  1000000 integrand evaluations so far
[1] -166663 +- 69410  	chisq 0 (0 df)

Iteration 2:  3000000 integrand evaluations so far
[1] -131882 +- 13894  	chisq 0.261582 (1 df)

Iteration 3:  6000000 integrand evaluations so far
[1] -120952 +- 5292.3  	chisq 0.985405 (2 df)

Iteration 4:  10000000 integrand evaluations so far
[1] -119750 +- 5181.95  	chisq 2.23539 (3 df)

Iteration 5:  15000000 integrand evaluations so far
[1] -122713 +- 3824.41  	chisq 2.95325 (4 df)

Iteration 6:  21000000 integrand evaluations so far
[1] -125856 +- 2060.66  	chisq 3.9052 (5 df)

Iteration 7:  28000000 integrand evaluations so far
[1] -126799 +- 1698.53  	chisq 4.55896 (6 df)

Iteration 8:  36000000 integrand evaluations so far
[1] -125529 +- 1332.31  	chisq 6.01299 (7 df)

Iteration 9:  45000000 integrand evaluations so far
[1] -125436 +- 1118.69  	chisq 6.02942 (8 df)

Iteration 10:  55000000 integrand evaluations so far
[1] -125419 +- 1004.21  	chisq 6.03061 (9 df)
  -125.4 ±      1 ·10⁺⁰³ (3.35mi) ┃Vegas input parameters:
  ndim 8
  ncomp 1
  nvec 1
  epsrel 0
  epsabs 0
  flags 10
  seed 123456
  mineval 5000000
  maxeval 50000000
  nstart 1000000
  nincrease 1000000
  nbatch 5000
  gridno 0
  statefile ""

Iteration 1:  1000000 integrand evaluations so far
[1] 134046 +- 10750  	chisq 0 (0 df)

Iteration 2:  3000000 integrand evaluations so far
[1] 180544 +- 3399.22  	chisq 20.7875 (1 df)

Iteration 3:  6000000 integrand evaluations so far
[1] 191491 +- 1692.92  	chisq 34.5811 (2 df)

Iteration 4:  10000000 integrand evaluations so far
[1] 192870 +- 934.112  	chisq 35.5344 (3 df)

Iteration 5:  15000000 integrand evaluations so far
[1] 194188 +- 646.772  	chisq 39.3597 (4 df)

Iteration 6:  21000000 integrand evaluations so far
[1] 194650 +- 487.275  	chisq 40.5417 (5 df)

Iteration 7:  28000000 integrand evaluations so far
[1] 194567 +- 388.163  	chisq 40.6211 (6 df)

Iteration 8:  36000000 integrand evaluations so far
[1] 194704 +- 324.578  	chisq 41.0303 (7 df)

Iteration 9:  45000000 integrand evaluations so far
[1] 194722 +- 281.11  	chisq 41.0426 (8 df)

Iteration 10:  55000000 integrand evaluations so far
[1] 194776 +- 247.35  	chisq 41.2077 (9 df)
  194.78 ±   0.25 ·10⁺⁰³ (1.32mi) ┃    56.9 ±      1 ·10⁺⁰³ (6.99mi) ┃
┃  0.2 -   0.3 ┃  52.491 ±  0.013 ·10⁺⁰³ (1.44mi) ┃ -65.734 ±  0.034 ·10⁺⁰³ ( 53.8s) ┃Vegas input parameters:
  ndim 10
  ncomp 1
  nvec 1
  epsrel 0
  epsabs 0
  flags 10
  seed 123456
  mineval 50000000
  maxeval 50000000
  nstart 1000000
  nincrease 1000000
  nbatch 5000
  gridno 0
  statefile ""

Iteration 1:  1000000 integrand evaluations so far
[1] -146919 +- 66596.8  	chisq 0 (0 df)

Iteration 2:  3000000 integrand evaluations so far
[1] -118199 +- 12966.4  	chisq 0.193316 (1 df)

Iteration 3:  6000000 integrand evaluations so far
[1] -118675 +- 10533.1  	chisq 0.197292 (2 df)

Iteration 4:  10000000 integrand evaluations so far
[1] -116668 +- 4825.09  	chisq 0.243249 (3 df)

Iteration 5:  15000000 integrand evaluations so far
[1] -127166 +- 3337.92  	chisq 9.32082 (4 df)

Iteration 6:  21000000 integrand evaluations so far
[1] -127043 +- 2569.27  	chisq 9.32416 (5 df)

Iteration 7:  28000000 integrand evaluations so far
[1] -124718 +- 1618.94  	chisq 10.6823 (6 df)

Iteration 8:  36000000 integrand evaluations so far
[1] -125351 +- 1329.59  	chisq 11.1529 (7 df)

Iteration 9:  45000000 integrand evaluations so far
[1] -125490 +- 1324.8  	chisq 12.6735 (8 df)

Iteration 10:  55000000 integrand evaluations so far
[1] -125876 +- 1250.69  	chisq 13.4507 (9 df)
  -125.9 ±    1.3 ·10⁺⁰³ (3.49mi) ┃Vegas input parameters:
  ndim 8
  ncomp 1
  nvec 1
  epsrel 0
  epsabs 0
  flags 10
  seed 123456
  mineval 5000000
  maxeval 50000000
  nstart 1000000
  nincrease 1000000
  nbatch 5000
  gridno 0
  statefile ""

Iteration 1:  1000000 integrand evaluations so far
[1] 298721 +- 60844  	chisq 0 (0 df)

Iteration 2:  3000000 integrand evaluations so far
[1] 182713 +- 5589.06  	chisq 3.66626 (1 df)

Iteration 3:  6000000 integrand evaluations so far
[1] 190668 +- 3316.84  	chisq 6.79414 (2 df)

Iteration 4:  10000000 integrand evaluations so far
[1] 193705 +- 1720.92  	chisq 7.94104 (3 df)

Iteration 5:  15000000 integrand evaluations so far
[1] 195026 +- 861.892  	chisq 8.7274 (4 df)

Iteration 6:  21000000 integrand evaluations so far
[1] 194661 +- 569.633  	chisq 9.04492 (5 df)

Iteration 7:  28000000 integrand evaluations so far
[1] 193939 +- 427.133  	chisq 12.719 (6 df)

Iteration 8:  36000000 integrand evaluations so far
[1] 194291 +- 347.39  	chisq 14.7248 (7 df)

Iteration 9:  45000000 integrand evaluations so far
[1] 194269 +- 293.176  	chisq 14.7382 (8 df)

Iteration 10:  55000000 integrand evaluations so far
[1] 194346 +- 256.895  	chisq 15.0336 (9 df)
  194.35 ±   0.26 ·10⁺⁰³ (1.19mi) ┃    55.2 ±    1.3 ·10⁺⁰³ (7.02mi) ┃
┃  0.3 -   0.4 ┃  53.259 ±  0.038 ·10⁺⁰³ ( 46.3s) ┃  -65.53 ±  0.028 ·10⁺⁰³ ( 1.7mi) ┃Vegas input parameters:
  ndim 10
  ncomp 1
  nvec 1
  epsrel 0
  epsabs 0
  flags 10
  seed 123456
  mineval 50000000
  maxeval 50000000
  nstart 1000000
  nincrease 1000000
  nbatch 5000
  gridno 0
  statefile ""

Iteration 1:  1000000 integrand evaluations so far
[1] -92146.2 +- 14261.4  	chisq 0 (0 df)

Iteration 2:  3000000 integrand evaluations so far
[1] -104175 +- 7018.61  	chisq 0.938758 (1 df)

Iteration 3:  6000000 integrand evaluations so far
[1] -117758 +- 4331.93  	chisq 6.98909 (2 df)

Iteration 4:  10000000 integrand evaluations so far
[1] -117653 +- 3020.41  	chisq 6.99024 (3 df)

Iteration 5:  15000000 integrand evaluations so far
[1] -122427 +- 2332.81  	chisq 13.1809 (4 df)

Iteration 6:  21000000 integrand evaluations so far
[1] -122306 +- 2068.9  	chisq 13.1934 (5 df)

Iteration 7:  28000000 integrand evaluations so far
[1] -123476 +- 1693.68  	chisq 14.1628 (6 df)

Iteration 8:  36000000 integrand evaluations so far
[1] -124927 +- 1494.46  	chisq 17.4757 (7 df)

Iteration 9:  45000000 integrand evaluations so far
[1] -125256 +- 1410.19  	chisq 17.9182 (8 df)

Iteration 10:  55000000 integrand evaluations so far
[1] -125942 +- 1324.46  	chisq 19.9242 (9 df)
  -125.9 ±    1.3 ·10⁺⁰³ (3.49mi) ┃Vegas input parameters:
  ndim 8
  ncomp 1
  nvec 1
  epsrel 0
  epsabs 0
  flags 10
  seed 123456
  mineval 5000000
  maxeval 50000000
  nstart 1000000
  nincrease 1000000
  nbatch 5000
  gridno 0
  statefile ""

Iteration 1:  1000000 integrand evaluations so far
[1] 191710 +- 25794.5  	chisq 0 (0 df)

Iteration 2:  3000000 integrand evaluations so far
[1] 182606 +- 3984.55  	chisq 0.127611 (1 df)

Iteration 3:  6000000 integrand evaluations so far
[1] 190617 +- 2111.08  	chisq 5.74623 (2 df)

Iteration 4:  10000000 integrand evaluations so far
[1] 190629 +- 1101.77  	chisq 5.74628 (3 df)

Iteration 5:  15000000 integrand evaluations so far
[1] 192172 +- 717.635  	chisq 9.15211 (4 df)

Iteration 6:  21000000 integrand evaluations so far
[1] 192014 +- 516.048  	chisq 9.25231 (5 df)

Iteration 7:  28000000 integrand evaluations so far
[1] 192470 +- 400.657  	chisq 11.2184 (6 df)

Iteration 8:  36000000 integrand evaluations so far
[1] 192854 +- 334.653  	chisq 14.2528 (7 df)

Iteration 9:  45000000 integrand evaluations so far
[1] 192970 +- 286.344  	chisq 14.6991 (8 df)

Iteration 10:  55000000 integrand evaluations so far
[1] 193071 +- 249.328  	chisq 15.2107 (9 df)
  193.07 ±   0.25 ·10⁺⁰³ (1.24mi) ┃    54.9 ±    1.3 ·10⁺⁰³ ( 7.2mi) ┃
┃  0.4 -   0.5 ┃  52.435 ±   0.04 ·10⁺⁰³ ( 29.2s) ┃ -65.013 ±  0.024 ·10⁺⁰³ ( 1.8mi) ┃Vegas input parameters:
  ndim 10
  ncomp 1
  nvec 1
  epsrel 0
  epsabs 0
  flags 10
  seed 123456
  mineval 50000000
  maxeval 50000000
  nstart 1000000
  nincrease 1000000
  nbatch 5000
  gridno 0
  statefile ""

Iteration 1:  1000000 integrand evaluations so far
[1] -95857.5 +- 13407.4  	chisq 0 (0 df)

Iteration 2:  3000000 integrand evaluations so far
[1] -110130 +- 8378.29  	chisq 1.85923 (1 df)

Iteration 3:  6000000 integrand evaluations so far
[1] -124157 +- 5366.46  	chisq 6.61227 (2 df)

Iteration 4:  10000000 integrand evaluations so far
[1] -119465 +- 2661.65  	chisq 7.62618 (3 df)

Iteration 5:  15000000 integrand evaluations so far
[1] -122979 +- 2028.76  	chisq 11.7866 (4 df)

Iteration 6:  21000000 integrand evaluations so far
[1] -124222 +- 1544.2  	chisq 12.6795 (5 df)

Iteration 7:  28000000 integrand evaluations so far
[1] -124093 +- 1533.92  	chisq 13.2106 (6 df)

Iteration 8:  36000000 integrand evaluations so far
[1] -123378 +- 1408.53  	chisq 14.5953 (7 df)

Iteration 9:  45000000 integrand evaluations so far
[1] -123785 +- 1299.05  	chisq 15.1538 (8 df)

Iteration 10:  55000000 integrand evaluations so far
[1] -123976 +- 1078.47  	chisq 15.2232 (9 df)
    -124 ±    1.1 ·10⁺⁰³ (3.52mi) ┃Vegas input parameters:
  ndim 8
  ncomp 1
  nvec 1
  epsrel 0
  epsabs 0
  flags 10
  seed 123456
  mineval 5000000
  maxeval 50000000
  nstart 1000000
  nincrease 1000000
  nbatch 5000
  gridno 0
  statefile ""

Iteration 1:  1000000 integrand evaluations so far
[1] 240472 +- 36147.7  	chisq 0 (0 df)

Iteration 2:  3000000 integrand evaluations so far
[1] 183122 +- 3993.11  	chisq 2.54821 (1 df)

Iteration 3:  6000000 integrand evaluations so far
[1] 190229 +- 2712.82  	chisq 8.43175 (2 df)

Iteration 4:  10000000 integrand evaluations so far
[1] 189583 +- 1281.8  	chisq 8.50495 (3 df)

Iteration 5:  15000000 integrand evaluations so far
[1] 191645 +- 717.074  	chisq 12.2734 (4 df)

Iteration 6:  21000000 integrand evaluations so far
[1] 190757 +- 490.62  	chisq 15.159 (5 df)

Iteration 7:  28000000 integrand evaluations so far
[1] 190326 +- 379.291  	chisq 17.0768 (6 df)

Iteration 8:  36000000 integrand evaluations so far
[1] 190370 +- 314.255  	chisq 17.1195 (7 df)

Iteration 9:  45000000 integrand evaluations so far
[1] 190398 +- 273.977  	chisq 17.1547 (8 df)

Iteration 10:  55000000 integrand evaluations so far
[1] 190554 +- 242.299  	chisq 18.6348 (9 df)
  190.55 ±   0.24 ·10⁺⁰³ (1.23mi) ┃      54 ±    1.1 ·10⁺⁰³ (7.04mi) ┃
┃  0.5 -   0.6 ┃   51.66 ±  0.014 ·10⁺⁰³ ( 50.5s) ┃ -64.133 ±  0.031 ·10⁺⁰³ ( 31.1s) ┃Vegas input parameters:
  ndim 10
  ncomp 1
  nvec 1
  epsrel 0
  epsabs 0
  flags 10
  seed 123456
  mineval 50000000
  maxeval 50000000
  nstart 1000000
  nincrease 1000000
  nbatch 5000
  gridno 0
  statefile ""

Iteration 1:  1000000 integrand evaluations so far
[1] -91632.4 +- 16738  	chisq 0 (0 df)

Iteration 2:  3000000 integrand evaluations so far
[1] -104986 +- 15413.4  	chisq 4.18718 (1 df)

Iteration 3:  6000000 integrand evaluations so far
[1] -117281 +- 10114.1  	chisq 5.30462 (2 df)

Iteration 4:  10000000 integrand evaluations so far
[1] -118139 +- 10077.5  	chisq 6.30237 (3 df)

Iteration 5:  15000000 integrand evaluations so far
[1] -125813 +- 7452.88  	chisq 7.58217 (4 df)

Iteration 6:  21000000 integrand evaluations so far
[1] -124469 +- 4056.64  	chisq 7.62836 (5 df)

Iteration 7:  28000000 integrand evaluations so far
[1] -118209 +- 2194.33  	chisq 10.9945 (6 df)

Iteration 8:  36000000 integrand evaluations so far
[1] -119639 +- 1477.98  	chisq 11.7709 (7 df)

Iteration 9:  45000000 integrand evaluations so far
[1] -120030 +- 1166.07  	chisq 11.9569 (8 df)

Iteration 10:  55000000 integrand evaluations so far
[1] -120671 +- 972.632  	chisq 12.9496 (9 df)
 -120.67 ±   0.97 ·10⁺⁰³ (3.37mi) ┃Vegas input parameters:
  ndim 8
  ncomp 1
  nvec 1
  epsrel 0
  epsabs 0
  flags 10
  seed 123456
  mineval 5000000
  maxeval 50000000
  nstart 1000000
  nincrease 1000000
  nbatch 5000
  gridno 0
  statefile ""

Iteration 1:  1000000 integrand evaluations so far
[1] 167759 +- 24047.7  	chisq 0 (0 df)

Iteration 2:  3000000 integrand evaluations so far
[1] 184652 +- 8181.54  	chisq 0.558032 (1 df)

Iteration 3:  6000000 integrand evaluations so far
[1] 184881 +- 2512.5  	chisq 0.558903 (2 df)

Iteration 4:  10000000 integrand evaluations so far
[1] 186489 +- 1097.88  	chisq 1.06509 (3 df)

Iteration 5:  15000000 integrand evaluations so far
[1] 187865 +- 665.775  	chisq 3.54667 (4 df)

Iteration 6:  21000000 integrand evaluations so far
[1] 187495 +- 471.629  	chisq 4.16511 (5 df)

Iteration 7:  28000000 integrand evaluations so far
[1] 187205 +- 372.712  	chisq 5.17473 (6 df)

Iteration 8:  36000000 integrand evaluations so far
[1] 187142 +- 309.946  	chisq 5.26743 (7 df)

Iteration 9:  45000000 integrand evaluations so far
[1] 187241 +- 265.682  	chisq 5.65839 (8 df)

Iteration 10:  55000000 integrand evaluations so far
[1] 187236 +- 232.352  	chisq 5.65986 (9 df)
  187.24 ±   0.23 ·10⁺⁰³ (1.59mi) ┃    54.1 ±      1 ·10⁺⁰³ (6.32mi) ┃
┃  0.6 -   0.7 ┃  50.642 ±  0.034 ·10⁺⁰³ ( 53.3s) ┃ -62.988 ±  0.019 ·10⁺⁰³ ( 28.8s) ┃Vegas input parameters:
  ndim 10
  ncomp 1
  nvec 1
  epsrel 0
  epsabs 0
  flags 10
  seed 123456
  mineval 50000000
  maxeval 50000000
  nstart 1000000
  nincrease 1000000
  nbatch 5000
  gridno 0
  statefile ""

Iteration 1:  1000000 integrand evaluations so far
[1] -139104 +- 27311.3  	chisq 0 (0 df)

Iteration 2:  3000000 integrand evaluations so far
[1] -143134 +- 13544.8  	chisq 0.0288811 (1 df)

Iteration 3:  6000000 integrand evaluations so far
[1] -109536 +- 5975.26  	chisq 7.66887 (2 df)

Iteration 4:  10000000 integrand evaluations so far
[1] -112619 +- 3184.12  	chisq 8.04081 (3 df)

Iteration 5:  15000000 integrand evaluations so far
[1] -115935 +- 2867.93  	chisq 13.7843 (4 df)

Iteration 6:  21000000 integrand evaluations so far
[1] -114727 +- 2255.55  	chisq 14.2492 (5 df)

Iteration 7:  28000000 integrand evaluations so far
[1] -116636 +- 1912.06  	chisq 16.7948 (6 df)

Iteration 8:  36000000 integrand evaluations so far
[1] -117345 +- 1859.8  	chisq 19.345 (7 df)

Iteration 9:  45000000 integrand evaluations so far
[1] -116859 +- 1584.19  	chisq 19.5937 (8 df)

Iteration 10:  55000000 integrand evaluations so far
[1] -117554 +- 1486.65  	chisq 21.2046 (9 df)
  -117.6 ±    1.5 ·10⁺⁰³ (3.42mi) ┃Vegas input parameters:
  ndim 8
  ncomp 1
  nvec 1
  epsrel 0
  epsabs 0
  flags 10
  seed 123456
  mineval 5000000
  maxeval 50000000
  nstart 1000000
  nincrease 1000000
  nbatch 5000
  gridno 0
  statefile ""

Iteration 1:  1000000 integrand evaluations so far
[1] 154955 +- 12801.2  	chisq 0 (0 df)

Iteration 2:  3000000 integrand evaluations so far
[1] 174336 +- 7072.34  	chisq 3.29932 (1 df)

Iteration 3:  6000000 integrand evaluations so far
[1] 183819 +- 2439.96  	chisq 5.34003 (2 df)

Iteration 4:  10000000 integrand evaluations so far
[1] 183413 +- 1093.84  	chisq 5.37472 (3 df)

Iteration 5:  15000000 integrand evaluations so far
[1] 184216 +- 644.684  	chisq 6.20064 (4 df)

Iteration 6:  21000000 integrand evaluations so far
[1] 183680 +- 462.137  	chisq 7.62417 (5 df)

Iteration 7:  28000000 integrand evaluations so far
[1] 183381 +- 363.358  	chisq 8.72163 (6 df)

Iteration 8:  36000000 integrand evaluations so far
[1] 183255 +- 301.793  	chisq 9.10945 (7 df)

Iteration 9:  45000000 integrand evaluations so far
[1] 183315 +- 260.804  	chisq 9.26748 (8 df)

Iteration 10:  55000000 integrand evaluations so far
[1] 183384 +- 229.829  	chisq 9.57878 (9 df)
  183.38 ±   0.23 ·10⁺⁰³ (1.23mi) ┃    53.5 ±    1.5 ·10⁺⁰³ (6.01mi) ┃
┃  0.7 -   0.8 ┃  49.746 ±  0.036 ·10⁺⁰³ ( 28.6s) ┃-61.7491 ± 0.0054 ·10⁺⁰³ ( 30.7s) ┃Vegas input parameters:
  ndim 10
  ncomp 1
  nvec 1
  epsrel 0
  epsabs 0
  flags 10
  seed 123456
  mineval 50000000
  maxeval 50000000
  nstart 1000000
  nincrease 1000000
  nbatch 5000
  gridno 0
  statefile ""

Iteration 1:  1000000 integrand evaluations so far
[1] -111875 +- 18559.4  	chisq 0 (0 df)

Iteration 2:  3000000 integrand evaluations so far
[1] -121520 +- 16991  	chisq 1.66863 (1 df)

Iteration 3:  6000000 integrand evaluations so far
[1] -126708 +- 12445.9  	chisq 1.86979 (2 df)

Iteration 4:  10000000 integrand evaluations so far
[1] -114315 +- 5819.81  	chisq 3.13876 (3 df)

Iteration 5:  15000000 integrand evaluations so far
[1] -114775 +- 3406.88  	chisq 3.14826 (4 df)

Iteration 6:  21000000 integrand evaluations so far
[1] -115906 +- 2878.55  	chisq 3.53305 (5 df)

Iteration 7:  28000000 integrand evaluations so far
[1] -117011 +- 2023.41  	chisq 3.82449 (6 df)

Iteration 8:  36000000 integrand evaluations so far
[1] -117105 +- 1416.95  	chisq 3.82872 (7 df)

Iteration 9:  45000000 integrand evaluations so far
[1] -116920 +- 1279.02  	chisq 3.92039 (8 df)

Iteration 10:  55000000 integrand evaluations so far
[1] -116749 +- 1203.51  	chisq 4.07637 (9 df)
  -116.7 ±    1.2 ·10⁺⁰³ (3.34mi) ┃Vegas input parameters:
  ndim 8
  ncomp 1
  nvec 1
  epsrel 0
  epsabs 0
  flags 10
  seed 123456
  mineval 5000000
  maxeval 50000000
  nstart 1000000
  nincrease 1000000
  nbatch 5000
  gridno 0
  statefile ""

Iteration 1:  1000000 integrand evaluations so far
[1] 154295 +- 14880.7  	chisq 0 (0 df)

Iteration 2:  3000000 integrand evaluations so far
[1] 171310 +- 3510.36  	chisq 1.38454 (1 df)

Iteration 3:  6000000 integrand evaluations so far
[1] 175323 +- 2677.61  	chisq 4.50915 (2 df)

Iteration 4:  10000000 integrand evaluations so far
[1] 177113 +- 1314.45  	chisq 5.09811 (3 df)

Iteration 5:  15000000 integrand evaluations so far
[1] 178044 +- 681.929  	chisq 5.78467 (4 df)

Iteration 6:  21000000 integrand evaluations so far
[1] 178502 +- 476.206  	chisq 6.66314 (5 df)

Iteration 7:  28000000 integrand evaluations so far
[1] 178375 +- 366.37  	chisq 6.83675 (6 df)

Iteration 8:  36000000 integrand evaluations so far
[1] 178448 +- 321.728  	chisq 7.01078 (7 df)

Iteration 9:  45000000 integrand evaluations so far
[1] 178760 +- 281.167  	chisq 11.0008 (8 df)

Iteration 10:  55000000 integrand evaluations so far
[1] 179005 +- 242.52  	chisq 13.9592 (9 df)
  179.01 ±   0.24 ·10⁺⁰³ ( 1.2mi) ┃    50.3 ±    1.2 ·10⁺⁰³ (5.52mi) ┃
┃  0.8 -   0.9 ┃  49.251 ±  0.041 ·10⁺⁰³ (1.71mi) ┃-60.2486 ± 0.0085 ·10⁺⁰³ ( 52.9s) ┃Vegas input parameters:
  ndim 10
  ncomp 1
  nvec 1
  epsrel 0
  epsabs 0
  flags 10
  seed 123456
  mineval 50000000
  maxeval 50000000
  nstart 1000000
  nincrease 1000000
  nbatch 5000
  gridno 0
  statefile ""

Iteration 1:  1000000 integrand evaluations so far
[1] -159678 +- 103156  	chisq 0 (0 df)

Iteration 2:  3000000 integrand evaluations so far
[1] -120630 +- 29600.9  	chisq 0.156149 (1 df)

Iteration 3:  6000000 integrand evaluations so far
[1] -117521 +- 29437.4  	chisq 1.15721 (2 df)

Iteration 4:  10000000 integrand evaluations so far
[1] -114005 +- 11189.2  	chisq 1.17388 (3 df)

Iteration 5:  15000000 integrand evaluations so far
[1] -113234 +- 5555.36  	chisq 1.18018 (4 df)

Iteration 6:  21000000 integrand evaluations so far
[1] -108470 +- 2485.75  	chisq 2.09965 (5 df)

Iteration 7:  28000000 integrand evaluations so far
[1] -110139 +- 1994.42  	chisq 3.36482 (6 df)

Iteration 8:  36000000 integrand evaluations so far
[1] -110492 +- 1554.53  	chisq 3.44504 (7 df)

Iteration 9:  45000000 integrand evaluations so far
[1] -111430 +- 1163.5  	chisq 4.27179 (8 df)

Iteration 10:  55000000 integrand evaluations so far
[1] -111816 +- 1083.46  	chisq 5.10071 (9 df)
  -111.8 ±    1.1 ·10⁺⁰³ (3.02mi) ┃Vegas input parameters:
  ndim 8
  ncomp 1
  nvec 1
  epsrel 0
  epsabs 0
  flags 10
  seed 123456
  mineval 5000000
  maxeval 50000000
  nstart 1000000
  nincrease 1000000
  nbatch 5000
  gridno 0
  statefile ""

Iteration 1:  1000000 integrand evaluations so far
[1] 232007 +- 55387.3  	chisq 0 (0 df)

Iteration 2:  3000000 integrand evaluations so far
[1] 183588 +- 10356.3  	chisq 0.791909 (1 df)

Iteration 3:  6000000 integrand evaluations so far
[1] 172121 +- 2365.25  	chisq 2.08543 (2 df)

Iteration 4:  10000000 integrand evaluations so far
[1] 173282 +- 977.297  	chisq 2.37637 (3 df)

Iteration 5:  15000000 integrand evaluations so far
[1] 174547 +- 597.313  	chisq 5.05059 (4 df)

Iteration 6:  21000000 integrand evaluations so far
[1] 174348 +- 429.683  	chisq 5.28207 (5 df)

Iteration 7:  28000000 integrand evaluations so far
[1] 174065 +- 339.443  	chisq 6.43396 (6 df)

Iteration 8:  36000000 integrand evaluations so far
[1] 174145 +- 284.94  	chisq 6.62155 (7 df)

Iteration 9:  45000000 integrand evaluations so far
[1] 174132 +- 245.124  	chisq 6.62995 (8 df)

Iteration 10:  55000000 integrand evaluations so far
[1] 174292 +- 214.98  	chisq 8.49131 (9 df)
  174.29 ±   0.21 ·10⁺⁰³ (1.19mi) ┃    51.5 ±    1.1 ·10⁺⁰³ ( 6.8mi) ┃
┃  0.9 -     1 ┃  47.368 ±  0.028 ·10⁺⁰³ (1.22mi) ┃ -58.626 ±  0.015 ·10⁺⁰³ (   51s) ┃Vegas input parameters:
  ndim 10
  ncomp 1
  nvec 1
  epsrel 0
  epsabs 0
  flags 10
  seed 123456
  mineval 50000000
  maxeval 50000000
  nstart 1000000
  nincrease 1000000
  nbatch 5000
  gridno 0
  statefile ""

Iteration 1:  1000000 integrand evaluations so far
[1] -84345 +- 11007.3  	chisq 0 (0 df)

Iteration 2:  3000000 integrand evaluations so far
[1] -80736.5 +- 10387.4  	chisq 0.981833 (1 df)

Iteration 3:  6000000 integrand evaluations so far
[1] -92864.1 +- 7388.2  	chisq 3.74063 (2 df)

Iteration 4:  10000000 integrand evaluations so far
[1] -92068.7 +- 6446.84  	chisq 3.78921 (3 df)

Iteration 5:  15000000 integrand evaluations so far
[1] -100288 +- 5046.59  	chisq 7.98717 (4 df)

Iteration 6:  21000000 integrand evaluations so far
[1] -101152 +- 4429.39  	chisq 8.11464 (5 df)

Iteration 7:  28000000 integrand evaluations so far
[1] -103168 +- 3809.84  	chisq 8.91123 (6 df)

Iteration 8:  36000000 integrand evaluations so far
[1] -106301 +- 2623.56  	chisq 10.1976 (7 df)

Iteration 9:  45000000 integrand evaluations so far
[1] -109817 +- 1703.5  	chisq 13.302 (8 df)

Iteration 10:  55000000 integrand evaluations so far
[1] -110416 +- 1627.91  	chisq 14.7291 (9 df)
  -110.4 ±    1.6 ·10⁺⁰³ (3.39mi) ┃Vegas input parameters:
  ndim 8
  ncomp 1
  nvec 1
  epsrel 0
  epsabs 0
  flags 10
  seed 123456
  mineval 5000000
  maxeval 50000000
  nstart 1000000
  nincrease 1000000
  nbatch 5000
  gridno 0
  statefile ""

Iteration 1:  1000000 integrand evaluations so far
[1] 150419 +- 14460.7  	chisq 0 (0 df)

Iteration 2:  3000000 integrand evaluations so far
[1] 168533 +- 7522.83  	chisq 2.15139 (1 df)

Iteration 3:  6000000 integrand evaluations so far
[1] 170161 +- 2473.14  	chisq 2.20387 (2 df)

Iteration 4:  10000000 integrand evaluations so far
[1] 169254 +- 1232.14  	chisq 2.38266 (3 df)

Iteration 5:  15000000 integrand evaluations so far
[1] 169521 +- 686.505  	chisq 2.45077 (4 df)

Iteration 6:  21000000 integrand evaluations so far
[1] 169381 +- 467.157  	chisq 2.5283 (5 df)

Iteration 7:  28000000 integrand evaluations so far
[1] 168944 +- 352.904  	chisq 4.56413 (6 df)

Iteration 8:  36000000 integrand evaluations so far
[1] 169092 +- 289  	chisq 5.10105 (7 df)

Iteration 9:  45000000 integrand evaluations so far
[1] 169228 +- 249.239  	chisq 5.95824 (8 df)

Iteration 10:  55000000 integrand evaluations so far
[1] 169365 +- 218.461  	chisq 7.27006 (9 df)
  169.37 ±   0.22 ·10⁺⁰³ (1.28mi) ┃    47.7 ±    1.6 ·10⁺⁰³ (6.74mi) ┃
┃    1 -   1.1 ┃   45.98 ±  0.038 ·10⁺⁰³ ( 27.5s) ┃ -56.834 ±  0.052 ·10⁺⁰³ ( 7.74s) ┃Vegas input parameters:
  ndim 10
  ncomp 1
  nvec 1
  epsrel 0
  epsabs 0
  flags 10
  seed 123456
  mineval 50000000
  maxeval 50000000
  nstart 1000000
  nincrease 1000000
  nbatch 5000
  gridno 0
  statefile ""

Iteration 1:  1000000 integrand evaluations so far
[1] -127981 +- 36168.6  	chisq 0 (0 df)

Iteration 2:  3000000 integrand evaluations so far
[1] -104381 +- 10276.8  	chisq 0.463144 (1 df)

Iteration 3:  6000000 integrand evaluations so far
[1] -100386 +- 4291.45  	chisq 0.64622 (2 df)

Iteration 4:  10000000 integrand evaluations so far
[1] -99543.4 +- 4231.57  	chisq 2.03578 (3 df)

Iteration 5:  15000000 integrand evaluations so far
[1] -103330 +- 3624.94  	chisq 5.04374 (4 df)

Iteration 6:  21000000 integrand evaluations so far
[1] -103902 +- 2840  	chisq 5.10834 (5 df)

Iteration 7:  28000000 integrand evaluations so far
[1] -100030 +- 1947.1  	chisq 8.61632 (6 df)

Iteration 8:  36000000 integrand evaluations so far
[1] -102123 +- 1676.69  	chisq 13.0885 (7 df)

Iteration 9:  45000000 integrand evaluations so far
[1] -102419 +- 1447.65  	chisq 13.2104 (8 df)

Iteration 10:  55000000 integrand evaluations so far
[1] -102511 +- 1219.38  	chisq 13.2242 (9 df)
  -102.5 ±    1.2 ·10⁺⁰³ (3.43mi) ┃Vegas input parameters:
  ndim 8
  ncomp 1
  nvec 1
  epsrel 0
  epsabs 0
  flags 10
  seed 123456
  mineval 5000000
  maxeval 50000000
  nstart 1000000
  nincrease 1000000
  nbatch 5000
  gridno 0
  statefile ""

Iteration 1:  1000000 integrand evaluations so far
[1] 149987 +- 15136.9  	chisq 0 (0 df)

Iteration 2:  3000000 integrand evaluations so far
[1] 165811 +- 4863.02  	chisq 1.21865 (1 df)

Iteration 3:  6000000 integrand evaluations so far
[1] 164360 +- 1589.19  	chisq 1.31837 (2 df)

Iteration 4:  10000000 integrand evaluations so far
[1] 164516 +- 1152.74  	chisq 1.33873 (3 df)

Iteration 5:  15000000 integrand evaluations so far
[1] 164701 +- 738.894  	chisq 1.3823 (4 df)

Iteration 6:  21000000 integrand evaluations so far
[1] 164566 +- 487.891  	chisq 1.44126 (5 df)

Iteration 7:  28000000 integrand evaluations so far
[1] 164059 +- 359.708  	chisq 3.80566 (6 df)

Iteration 8:  36000000 integrand evaluations so far
[1] 163871 +- 285.35  	chisq 4.54166 (7 df)

Iteration 9:  45000000 integrand evaluations so far
[1] 163972 +- 241.386  	chisq 4.9843 (8 df)

Iteration 10:  55000000 integrand evaluations so far
[1] 164068 +- 210.249  	chisq 5.62863 (9 df)
  164.07 ±   0.21 ·10⁺⁰³ (1.13mi) ┃    50.7 ±    1.2 ·10⁺⁰³ (5.14mi) ┃
┃  1.1 -   1.2 ┃   44.09 ±  0.026 ·10⁺⁰³ ( 41.7s) ┃ -54.987 ±  0.038 ·10⁺⁰³ ( 47.4s) ┃Vegas input parameters:
  ndim 10
  ncomp 1
  nvec 1
  epsrel 0
  epsabs 0
  flags 10
  seed 123456
  mineval 50000000
  maxeval 50000000
  nstart 1000000
  nincrease 1000000
  nbatch 5000
  gridno 0
  statefile ""

Iteration 1:  1000000 integrand evaluations so far
[1] -118811 +- 42361.4  	chisq 0 (0 df)

Iteration 2:  3000000 integrand evaluations so far
[1] -76526.2 +- 31124.4  	chisq 2.16524 (1 df)

Iteration 3:  6000000 integrand evaluations so far
[1] -106201 +- 10991.8  	chisq 3.20382 (2 df)

Iteration 4:  10000000 integrand evaluations so far
[1] -107714 +- 10911.1  	chisq 4.49868 (3 df)

Iteration 5:  15000000 integrand evaluations so far
[1] -109984 +- 7480.01  	chisq 4.58032 (4 df)

Iteration 6:  21000000 integrand evaluations so far
[1] -97923.2 +- 3531.4  	chisq 7.92559 (5 df)

Iteration 7:  28000000 integrand evaluations so far
[1] -99152.6 +- 1893.09  	chisq 8.09565 (6 df)

Iteration 8:  36000000 integrand evaluations so far
[1] -100322 +- 1725.96  	chisq 10.3553 (7 df)

Iteration 9:  45000000 integrand evaluations so far
[1] -100450 +- 1371.07  	chisq 10.3702 (8 df)

Iteration 10:  55000000 integrand evaluations so far
[1] -100255 +- 1348.98  	chisq 10.9995 (9 df)
  -100.3 ±    1.3 ·10⁺⁰³ (3.23mi) ┃Vegas input parameters:
  ndim 8
  ncomp 1
  nvec 1
  epsrel 0
  epsabs 0
  flags 10
  seed 123456
  mineval 5000000
  maxeval 50000000
  nstart 1000000
  nincrease 1000000
  nbatch 5000
  gridno 0
  statefile ""

Iteration 1:  1000000 integrand evaluations so far
[1] 144569 +- 18951  	chisq 0 (0 df)

Iteration 2:  3000000 integrand evaluations so far
[1] 155073 +- 4847.36  	chisq 0.328706 (1 df)

Iteration 3:  6000000 integrand evaluations so far
[1] 160760 +- 2562.25  	chisq 2.2391 (2 df)

Iteration 4:  10000000 integrand evaluations so far
[1] 158406 +- 1047.36  	chisq 3.25246 (3 df)

Iteration 5:  15000000 integrand evaluations so far
[1] 158860 +- 561.543  	chisq 3.51552 (4 df)

Iteration 6:  21000000 integrand evaluations so far
[1] 158512 +- 385.913  	chisq 4.24041 (5 df)

Iteration 7:  28000000 integrand evaluations so far
[1] 158335 +- 319.506  	chisq 4.9104 (6 df)

Iteration 8:  36000000 integrand evaluations so far
[1] 158077 +- 268.453  	chisq 7.12747 (7 df)

Iteration 9:  45000000 integrand evaluations so far
[1] 157990 +- 228.145  	chisq 7.51118 (8 df)

Iteration 10:  55000000 integrand evaluations so far
[1] 158151 +- 198.923  	chisq 9.6079 (9 df)
  158.15 ±    0.2 ·10⁺⁰³ (1.13mi) ┃      47 ±    1.4 ·10⁺⁰³ (5.85mi) ┃
┃  1.2 -   1.3 ┃ 42.9358 ± 0.0086 ·10⁺⁰³ ( 25.6s) ┃ -53.022 ±  0.026 ·10⁺⁰³ (1.45mi) ┃Vegas input parameters:
  ndim 10
  ncomp 1
  nvec 1
  epsrel 0
  epsabs 0
  flags 10
  seed 123456
  mineval 50000000
  maxeval 50000000
  nstart 1000000
  nincrease 1000000
  nbatch 5000
  gridno 0
  statefile ""

Iteration 1:  1000000 integrand evaluations so far
[1] -108591 +- 25218.9  	chisq 0 (0 df)

Iteration 2:  3000000 integrand evaluations so far
[1] -103988 +- 17692.1  	chisq 0.0656098 (1 df)

Iteration 3:  6000000 integrand evaluations so far
[1] -93708.3 +- 10272.6  	chisq 0.574926 (2 df)

Iteration 4:  10000000 integrand evaluations so far
[1] -97582.4 +- 3775.47  	chisq 0.739368 (3 df)

Iteration 5:  15000000 integrand evaluations so far
[1] -98544.6 +- 2777.92  	chisq 0.880999 (4 df)

Iteration 6:  21000000 integrand evaluations so far
[1] -97110.7 +- 1809.86  	chisq 1.34397 (5 df)

Iteration 7:  28000000 integrand evaluations so far
[1] -97559.1 +- 1625.62  	chisq 1.6616 (6 df)

Iteration 8:  36000000 integrand evaluations so far
[1] -96972.8 +- 1441.6  	chisq 2.27046 (7 df)

Iteration 9:  45000000 integrand evaluations so far
[1] -96635.9 +- 1141.56  	chisq 2.41696 (8 df)

Iteration 10:  55000000 integrand evaluations so far
[1] -96742.3 +- 962.595  	chisq 2.44702 (9 df)
  -96.74 ±   0.96 ·10⁺⁰³ (2.91mi) ┃Vegas input parameters:
  ndim 8
  ncomp 1
  nvec 1
  epsrel 0
  epsabs 0
  flags 10
  seed 123456
  mineval 5000000
  maxeval 50000000
  nstart 1000000
  nincrease 1000000
  nbatch 5000
  gridno 0
  statefile ""

Iteration 1:  1000000 integrand evaluations so far
[1] 119884 +- 13021.3  	chisq 0 (0 df)

Iteration 2:  3000000 integrand evaluations so far
[1] 147336 +- 4756.94  	chisq 5.12928 (1 df)

Iteration 3:  6000000 integrand evaluations so far
[1] 153059 +- 1653.94  	chisq 6.77577 (2 df)

Iteration 4:  10000000 integrand evaluations so far
[1] 152387 +- 796.721  	chisq 6.99125 (3 df)

Iteration 5:  15000000 integrand evaluations so far
[1] 152574 +- 498.476  	chisq 7.08187 (4 df)

Iteration 6:  21000000 integrand evaluations so far
[1] 152785 +- 378.71  	chisq 7.50671 (5 df)

Iteration 7:  28000000 integrand evaluations so far
[1] 152710 +- 300.944  	chisq 7.61277 (6 df)

Iteration 8:  36000000 integrand evaluations so far
[1] 152497 +- 249.898  	chisq 9.22302 (7 df)

Iteration 9:  45000000 integrand evaluations so far
[1] 152514 +- 214.19  	chisq 9.23942 (8 df)

Iteration 10:  55000000 integrand evaluations so far
[1] 152559 +- 187.901  	chisq 9.42975 (9 df)
  152.56 ±   0.19 ·10⁺⁰³ (1.21mi) ┃   45.73 ±   0.98 ·10⁺⁰³ (   6mi) ┃
┃  1.3 -   1.4 ┃      42 ±  0.018 ·10⁺⁰³ (   20s) ┃-50.9011 ± 0.0058 ·10⁺⁰³ (2.91mi) ┃Vegas input parameters:
  ndim 10
  ncomp 1
  nvec 1
  epsrel 0
  epsabs 0
  flags 10
  seed 123456
  mineval 50000000
  maxeval 50000000
  nstart 1000000
  nincrease 1000000
  nbatch 5000
  gridno 0
  statefile ""

Iteration 1:  1000000 integrand evaluations so far
[1] -88443.5 +- 24922.5  	chisq 0 (0 df)

Iteration 2:  3000000 integrand evaluations so far
[1] -96975.7 +- 13822  	chisq 0.169265 (1 df)

Iteration 3:  6000000 integrand evaluations so far
[1] -99594.9 +- 7013.91  	chisq 0.217626 (2 df)

Iteration 4:  10000000 integrand evaluations so far
[1] -96817.8 +- 3528.88  	chisq 0.427523 (3 df)

Iteration 5:  15000000 integrand evaluations so far
[1] -92076.9 +- 2273.54  	chisq 3.51316 (4 df)

Iteration 6:  21000000 integrand evaluations so far
[1] -92038.3 +- 1915.14  	chisq 3.51415 (5 df)

Iteration 7:  28000000 integrand evaluations so far
[1] -91851.4 +- 1368.26  	chisq 3.5336 (6 df)

Iteration 8:  36000000 integrand evaluations so far
[1] -91658.6 +- 1188.28  	chisq 3.61446 (7 df)

Iteration 9:  45000000 integrand evaluations so far
[1] -92309.1 +- 938.279  	chisq 4.41051 (8 df)

Iteration 10:  55000000 integrand evaluations so far
[1] -92834.3 +- 829.766  	chisq 5.8481 (9 df)
  -92.83 ±   0.83 ·10⁺⁰³ (2.91mi) ┃Vegas input parameters:
  ndim 8
  ncomp 1
  nvec 1
  epsrel 0
  epsabs 0
  flags 10
  seed 123456
  mineval 5000000
  maxeval 50000000
  nstart 1000000
  nincrease 1000000
  nbatch 5000
  gridno 0
  statefile ""

Iteration 1:  1000000 integrand evaluations so far
[1] 126997 +- 26159.4  	chisq 0 (0 df)

Iteration 2:  3000000 integrand evaluations so far
[1] 148655 +- 11875.8  	chisq 0.863417 (1 df)

Iteration 3:  6000000 integrand evaluations so far
[1] 147613 +- 3478.06  	chisq 0.871847 (2 df)

Iteration 4:  10000000 integrand evaluations so far
[1] 146424 +- 1123.21  	chisq 1.00219 (3 df)

Iteration 5:  15000000 integrand evaluations so far
[1] 146234 +- 602.982  	chisq 1.04252 (4 df)

Iteration 6:  21000000 integrand evaluations so far
[1] 145904 +- 406.846  	chisq 1.5914 (5 df)

Iteration 7:  28000000 integrand evaluations so far
[1] 145979 +- 305.002  	chisq 1.66878 (6 df)

Iteration 8:  36000000 integrand evaluations so far
[1] 146076 +- 250.832  	chisq 1.98006 (7 df)

Iteration 9:  45000000 integrand evaluations so far
[1] 146212 +- 214.637  	chisq 3.07664 (8 df)

Iteration 10:  55000000 integrand evaluations so far
[1] 146252 +- 185.993  	chisq 3.2156 (9 df)
  146.25 ±   0.19 ·10⁺⁰³ ( 1.1mi) ┃   44.52 ±   0.85 ·10⁺⁰³ (7.25mi) ┃
┃  1.4 -   1.5 ┃   39.17 ±  0.038 ·10⁺⁰³ (1.25mi) ┃-48.7176 ± 0.0045 ·10⁺⁰³ (10.8mi) ┃Vegas input parameters:
  ndim 10
  ncomp 1
  nvec 1
  epsrel 0
  epsabs 0
  flags 10
  seed 123456
  mineval 50000000
  maxeval 50000000
  nstart 1000000
  nincrease 1000000
  nbatch 5000
  gridno 0
  statefile ""

Iteration 1:  1000000 integrand evaluations so far
[1] -60701.6 +- 16161.3  	chisq 0 (0 df)

Iteration 2:  3000000 integrand evaluations so far
[1] -80789.6 +- 10797.5  	chisq 2.79064 (1 df)

Iteration 3:  6000000 integrand evaluations so far
[1] -89010.7 +- 5369.66  	chisq 3.56083 (2 df)

Iteration 4:  10000000 integrand evaluations so far
[1] -86593.2 +- 2211.75  	chisq 3.80496 (3 df)

Iteration 5:  15000000 integrand evaluations so far
[1] -88086.8 +- 1602.37  	chisq 4.76488 (4 df)

Iteration 6:  21000000 integrand evaluations so far
[1] -86039.8 +- 1313.4  	chisq 9.73826 (5 df)

Iteration 7:  28000000 integrand evaluations so far
[1] -87643.7 +- 1139.35  	chisq 15.7644 (6 df)

Iteration 8:  36000000 integrand evaluations so far
[1] -87901.7 +- 968.623  	chisq 15.9493 (7 df)

Iteration 9:  45000000 integrand evaluations so far
[1] -88175.3 +- 863.604  	chisq 16.3384 (8 df)

Iteration 10:  55000000 integrand evaluations so far
[1] -88515.1 +- 821.028  	chisq 17.948 (9 df)
  -88.52 ±   0.82 ·10⁺⁰³ (2.71mi) ┃Vegas input parameters:
  ndim 8
  ncomp 1
  nvec 1
  epsrel 0
  epsabs 0
  flags 10
  seed 123456
  mineval 5000000
  maxeval 50000000
  nstart 1000000
  nincrease 1000000
  nbatch 5000
  gridno 0
  statefile ""

Iteration 1:  1000000 integrand evaluations so far
[1] 119703 +- 12210.1  	chisq 0 (0 df)

Iteration 2:  3000000 integrand evaluations so far
[1] 132374 +- 2190.56  	chisq 1.11282 (1 df)

Iteration 3:  6000000 integrand evaluations so far
[1] 138546 +- 1118.55  	chisq 11.8528 (2 df)

Iteration 4:  10000000 integrand evaluations so far
[1] 139437 +- 616.219  	chisq 12.7625 (3 df)

Iteration 5:  15000000 integrand evaluations so far
[1] 139858 +- 417.051  	chisq 13.6231 (4 df)

Iteration 6:  21000000 integrand evaluations so far
[1] 140303 +- 315.68  	chisq 16.2921 (5 df)

Iteration 7:  28000000 integrand evaluations so far
[1] 140060 +- 253.97  	chisq 17.9727 (6 df)

Iteration 8:  36000000 integrand evaluations so far
[1] 140123 +- 213.416  	chisq 18.1848 (7 df)

Iteration 9:  45000000 integrand evaluations so far
[1] 140214 +- 185.023  	chisq 18.9105 (8 df)

Iteration 10:  55000000 integrand evaluations so far
[1] 140151 +- 167.343  	chisq 19.5484 (9 df)
  140.15 ±   0.17 ·10⁺⁰³ ( 59.4s) ┃   42.09 ±   0.84 ·10⁺⁰³ (15.7mi) ┃
┃  1.5 -   1.6 ┃  36.935 ±  0.034 ·10⁺⁰³ (1.25mi) ┃       0 ±      0        ( 148ms) ┃Vegas input parameters:
  ndim 10
  ncomp 1
  nvec 1
  epsrel 0
  epsabs 0
  flags 10
  seed 123456
  mineval 50000000
  maxeval 50000000
  nstart 1000000
  nincrease 1000000
  nbatch 5000
  gridno 0
  statefile ""

Iteration 1:  1000000 integrand evaluations so far
[1] -66230.3 +- 11220  	chisq 0 (0 df)

Iteration 2:  3000000 integrand evaluations so far
[1] -73152 +- 7180.97  	chisq 0.644645 (1 df)

Iteration 3:  6000000 integrand evaluations so far
[1] -74392.9 +- 3538  	chisq 0.684074 (2 df)

Iteration 4:  10000000 integrand evaluations so far
[1] -77600.2 +- 2556.68  	chisq 2.40403 (3 df)

Iteration 5:  15000000 integrand evaluations so far
[1] -80440.3 +- 1967.3  	chisq 5.42943 (4 df)

Iteration 6:  21000000 integrand evaluations so far
[1] -82677.1 +- 1547.61  	chisq 8.82083 (5 df)

Iteration 7:  28000000 integrand evaluations so far
[1] -83351.4 +- 1161.71  	chisq 9.25574 (6 df)

Iteration 8:  36000000 integrand evaluations so far
[1] -84261.1 +- 935.094  	chisq 10.9973 (7 df)

Iteration 9:  45000000 integrand evaluations so far
[1] -84603 +- 876.882  	chisq 12.1059 (8 df)

Iteration 10:  55000000 integrand evaluations so far
[1] -84776.7 +- 844.304  	chisq 12.644 (9 df)
  -84.78 ±   0.84 ·10⁺⁰³ (2.72mi) ┃Vegas input parameters:
  ndim 8
  ncomp 1
  nvec 1
  epsrel 0
  epsabs 0
  flags 10
  seed 123456
  mineval 5000000
  maxeval 50000000
  nstart 1000000
  nincrease 1000000
  nbatch 5000
  gridno 0
  statefile ""

Iteration 1:  1000000 integrand evaluations so far
[1] 115085 +- 21681.6  	chisq 0 (0 df)

Iteration 2:  3000000 integrand evaluations so far
[1] 131245 +- 4162.4  	chisq 0.576755 (1 df)

Iteration 3:  6000000 integrand evaluations so far
[1] 134449 +- 1414.77  	chisq 1.24688 (2 df)

Iteration 4:  10000000 integrand evaluations so far
[1] 134111 +- 635.384  	chisq 1.3185 (3 df)

Iteration 5:  15000000 integrand evaluations so far
[1] 134244 +- 402.002  	chisq 1.39147 (4 df)

Iteration 6:  21000000 integrand evaluations so far
[1] 133502 +- 294.725  	chisq 8.75273 (5 df)

Iteration 7:  28000000 integrand evaluations so far
[1] 133352 +- 251.668  	chisq 9.71102 (6 df)

Iteration 8:  36000000 integrand evaluations so far
[1] 133416 +- 216.081  	chisq 9.95525 (7 df)

Iteration 9:  45000000 integrand evaluations so far
[1] 133554 +- 187.742  	chisq 11.6375 (8 df)

Iteration 10:  55000000 integrand evaluations so far
[1] 133514 +- 164.252  	chisq 11.837 (9 df)
  133.51 ±   0.16 ·10⁺⁰³ ( 58.8s) ┃   85.67 ±   0.86 ·10⁺⁰³ (4.95mi) ┃
┃  1.6 -   1.7 ┃  34.871 ±  0.033 ·10⁺⁰³ (   21s) ┃       0 ±      0        ( 148ms) ┃Vegas input parameters:
  ndim 10
  ncomp 1
  nvec 1
  epsrel 0
  epsabs 0
  flags 10
  seed 123456
  mineval 50000000
  maxeval 50000000
  nstart 1000000
  nincrease 1000000
  nbatch 5000
  gridno 0
  statefile ""

Iteration 1:  1000000 integrand evaluations so far
[1] -80945.6 +- 23541  	chisq 0 (0 df)

Iteration 2:  3000000 integrand evaluations so far
[1] -75361.7 +- 16923.2  	chisq 0.116436 (1 df)

Iteration 3:  6000000 integrand evaluations so far
[1] -82781.2 +- 14191.7  	chisq 0.764158 (2 df)

Iteration 4:  10000000 integrand evaluations so far
[1] -81137.4 +- 5667.99  	chisq 0.78012 (3 df)

Iteration 5:  15000000 integrand evaluations so far
[1] -82871.9 +- 2842.53  	chisq 0.905235 (4 df)

Iteration 6:  21000000 integrand evaluations so far
[1] -79858.6 +- 1928.1  	chisq 2.98669 (5 df)

Iteration 7:  28000000 integrand evaluations so far
[1] -79704.2 +- 1919.13  	chisq 3.67665 (6 df)

Iteration 8:  36000000 integrand evaluations so far
[1] -79076 +- 1754.44  	chisq 4.32909 (7 df)

Iteration 9:  45000000 integrand evaluations so far
[1] -77899.6 +- 1517.53  	chisq 6.1142 (8 df)

Iteration 10:  55000000 integrand evaluations so far
[1] -78117.4 +- 1492.66  	chisq 6.74771 (9 df)
   -78.1 ±    1.5 ·10⁺⁰³ (2.77mi) ┃Vegas input parameters:
  ndim 8
  ncomp 1
  nvec 1
  epsrel 0
  epsabs 0
  flags 10
  seed 123456
  mineval 5000000
  maxeval 50000000
  nstart 1000000
  nincrease 1000000
  nbatch 5000
  gridno 0
  statefile ""

Iteration 1:  1000000 integrand evaluations so far
[1] 130572 +- 20561.3  	chisq 0 (0 df)

Iteration 2:  3000000 integrand evaluations so far
[1] 125443 +- 3389.21  	chisq 0.0639511 (1 df)

Iteration 3:  6000000 integrand evaluations so far
[1] 124803 +- 1260.76  	chisq 0.105321 (2 df)

Iteration 4:  10000000 integrand evaluations so far
[1] 125973 +- 937.878  	chisq 2.03271 (3 df)

Iteration 5:  15000000 integrand evaluations so far
[1] 126631 +- 564.816  	chisq 2.80417 (4 df)

Iteration 6:  21000000 integrand evaluations so far
[1] 126605 +- 359.841  	chisq 2.80753 (5 df)

Iteration 7:  28000000 integrand evaluations so far
[1] 126531 +- 269.875  	chisq 2.90503 (6 df)

Iteration 8:  36000000 integrand evaluations so far
[1] 126629 +- 216.64  	chisq 3.27388 (7 df)

Iteration 9:  45000000 integrand evaluations so far
[1] 126669 +- 183.65  	chisq 3.39428 (8 df)

Iteration 10:  55000000 integrand evaluations so far
[1] 126750 +- 159.907  	chisq 4.19788 (9 df)
  126.75 ±   0.16 ·10⁺⁰³ ( 58.6s) ┃    83.5 ±    1.5 ·10⁺⁰³ ( 4.1mi) ┃
┃  1.7 -   1.8 ┃  34.619 ±  0.014 ·10⁺⁰³ ( 35.8s) ┃       0 ±      0        ( 148ms) ┃Vegas input parameters:
  ndim 10
  ncomp 1
  nvec 1
  epsrel 0
  epsabs 0
  flags 10
  seed 123456
  mineval 50000000
  maxeval 50000000
  nstart 1000000
  nincrease 1000000
  nbatch 5000
  gridno 0
  statefile ""

Iteration 1:  1000000 integrand evaluations so far
[1] -61226.4 +- 12119.5  	chisq 0 (0 df)

Iteration 2:  3000000 integrand evaluations so far
[1] -76879 +- 7313.74  	chisq 2.62341 (1 df)

Iteration 3:  6000000 integrand evaluations so far
[1] -77530.9 +- 5086.03  	chisq 2.63879 (2 df)

Iteration 4:  10000000 integrand evaluations so far
[1] -74099.7 +- 3270.56  	chisq 3.41481 (3 df)

Iteration 5:  15000000 integrand evaluations so far
[1] -73514.5 +- 2915.52  	chisq 3.57071 (4 df)

Iteration 6:  21000000 integrand evaluations so far
[1] -75453.9 +- 2048.9  	chisq 4.44499 (5 df)

Iteration 7:  28000000 integrand evaluations so far
[1] -75953.1 +- 1541.76  	chisq 4.58184 (6 df)

Iteration 8:  36000000 integrand evaluations so far
[1] -76297.4 +- 1204.61  	chisq 4.70983 (7 df)

Iteration 9:  45000000 integrand evaluations so far
[1] -76807.3 +- 1126.1  	chisq 6.13085 (8 df)

Iteration 10:  55000000 integrand evaluations so far
[1] -76957.9 +- 1027.79  	chisq 6.23798 (9 df)
     -77 ±      1 ·10⁺⁰³ (2.64mi) ┃Vegas input parameters:
  ndim 8
  ncomp 1
  nvec 1
  epsrel 0
  epsabs 0
  flags 10
  seed 123456
  mineval 5000000
  maxeval 50000000
  nstart 1000000
  nincrease 1000000
  nbatch 5000
  gridno 0
  statefile ""

Iteration 1:  1000000 integrand evaluations so far
[1] 105229 +- 12744.6  	chisq 0 (0 df)

Iteration 2:  3000000 integrand evaluations so far
[1] 117302 +- 7665.22  	chisq 1.40607 (1 df)

Iteration 3:  6000000 integrand evaluations so far
[1] 118936 +- 2073.41  	chisq 1.45505 (2 df)

Iteration 4:  10000000 integrand evaluations so far
[1] 120348 +- 782.892  	chisq 1.99601 (3 df)

Iteration 5:  15000000 integrand evaluations so far
[1] 119547 +- 425.307  	chisq 3.47953 (4 df)

Iteration 6:  21000000 integrand evaluations so far
[1] 119574 +- 299.838  	chisq 3.48752 (5 df)

Iteration 7:  28000000 integrand evaluations so far
[1] 119421 +- 230.93  	chisq 4.1317 (6 df)

Iteration 8:  36000000 integrand evaluations so far
[1] 119441 +- 191.371  	chisq 4.15653 (7 df)

Iteration 9:  45000000 integrand evaluations so far
[1] 119669 +- 165.67  	chisq 9.81748 (8 df)

Iteration 10:  55000000 integrand evaluations so far
[1] 119767 +- 145.347  	chisq 11.3537 (9 df)
  119.77 ±   0.15 ·10⁺⁰³ ( 58.8s) ┃    77.4 ±      1 ·10⁺⁰³ (4.22mi) ┃
┃  1.8 -   1.9 ┃  32.506 ±  0.025 ·10⁺⁰³ (1.24mi) ┃       0 ±      0        ( 148ms) ┃Vegas input parameters:
  ndim 10
  ncomp 1
  nvec 1
  epsrel 0
  epsabs 0
  flags 10
  seed 123456
  mineval 50000000
  maxeval 50000000
  nstart 1000000
  nincrease 1000000
  nbatch 5000
  gridno 0
  statefile ""

Iteration 1:  1000000 integrand evaluations so far
[1] -81678.1 +- 38576.3  	chisq 0 (0 df)

Iteration 2:  3000000 integrand evaluations so far
[1] -62961.5 +- 9844.27  	chisq 0.251801 (1 df)

Iteration 3:  6000000 integrand evaluations so far
[1] -66415.9 +- 5683.35  	chisq 0.436493 (2 df)

Iteration 4:  10000000 integrand evaluations so far
[1] -67219.2 +- 2219.02  	chisq 0.460065 (3 df)

Iteration 5:  15000000 integrand evaluations so far
[1] -67472.2 +- 1821.93  	chisq 0.499926 (4 df)

Iteration 6:  21000000 integrand evaluations so far
[1] -68774.7 +- 1598.73  	chisq 2.7222 (5 df)

Iteration 7:  28000000 integrand evaluations so far
[1] -70545 +- 1430.63  	chisq 8.87667 (6 df)

Iteration 8:  36000000 integrand evaluations so far
[1] -70777.7 +- 1128.26  	chisq 8.94666 (7 df)

Iteration 9:  45000000 integrand evaluations so far
[1] -71122.6 +- 964.556  	chisq 9.29375 (8 df)

Iteration 10:  55000000 integrand evaluations so far
[1] -71638.3 +- 865.572  	chisq 10.7619 (9 df)
  -71.64 ±   0.87 ·10⁺⁰³ (2.65mi) ┃Vegas input parameters:
  ndim 8
  ncomp 1
  nvec 1
  epsrel 0
  epsabs 0
  flags 10
  seed 123456
  mineval 5000000
  maxeval 50000000
  nstart 1000000
  nincrease 1000000
  nbatch 5000
  gridno 0
  statefile ""

Iteration 1:  1000000 integrand evaluations so far
[1] 126506 +- 19353.7  	chisq 0 (0 df)

Iteration 2:  3000000 integrand evaluations so far
[1] 116242 +- 5310.83  	chisq 0.30415 (1 df)

Iteration 3:  6000000 integrand evaluations so far
[1] 116639 +- 1850.6  	chisq 0.310523 (2 df)

Iteration 4:  10000000 integrand evaluations so far
[1] 114004 +- 745.921  	chisq 2.7312 (3 df)

Iteration 5:  15000000 integrand evaluations so far
[1] 113101 +- 394.872  	chisq 4.7682 (4 df)

Iteration 6:  21000000 integrand evaluations so far
[1] 113021 +- 270.12  	chisq 4.8459 (5 df)

Iteration 7:  28000000 integrand evaluations so far
[1] 112754 +- 210.496  	chisq 7.33639 (6 df)

Iteration 8:  36000000 integrand evaluations so far
[1] 112783 +- 178.395  	chisq 7.40566 (7 df)

Iteration 9:  45000000 integrand evaluations so far
[1] 112879 +- 154.802  	chisq 8.56367 (8 df)

Iteration 10:  55000000 integrand evaluations so far
[1] 112916 +- 135.821  	chisq 8.81102 (9 df)
  112.92 ±   0.14 ·10⁺⁰³ ( 59.5s) ┃   73.78 ±   0.88 ·10⁺⁰³ (4.88mi) ┃
┃  1.9 -     2 ┃  28.905 ±  0.024 ·10⁺⁰³ ( 10.7s) ┃       0 ±      0        ( 148ms) ┃Vegas input parameters:
  ndim 10
  ncomp 1
  nvec 1
  epsrel 0
  epsabs 0
  flags 10
  seed 123456
  mineval 50000000
  maxeval 50000000
  nstart 1000000
  nincrease 1000000
  nbatch 5000
  gridno 0
  statefile ""

Iteration 1:  1000000 integrand evaluations so far
[1] -35947.2 +- 5352.56  	chisq 0 (0 df)

Iteration 2:  3000000 integrand evaluations so far
[1] -38649.8 +- 5115.11  	chisq 2.93849 (1 df)

Iteration 3:  6000000 integrand evaluations so far
[1] -48547.5 +- 4445.73  	chisq 18.2459 (2 df)

Iteration 4:  10000000 integrand evaluations so far
[1] -60268.9 +- 2523.35  	chisq 28.5012 (3 df)

Iteration 5:  15000000 integrand evaluations so far
[1] -64309.6 +- 2055.63  	chisq 36.1246 (4 df)

Iteration 6:  21000000 integrand evaluations so far
[1] -64785.8 +- 1385.04  	chisq 36.2229 (5 df)

Iteration 7:  28000000 integrand evaluations so far
[1] -65917.5 +- 1227.46  	chisq 39.3338 (6 df)

Iteration 8:  36000000 integrand evaluations so far
[1] -65894.2 +- 1033.99  	chisq 39.335 (7 df)

Iteration 9:  45000000 integrand evaluations so far
[1] -66084.4 +- 829.731  	chisq 39.4301 (8 df)

Iteration 10:  55000000 integrand evaluations so far
[1] -66487.8 +- 675.41  	chisq 40.1306 (9 df)
  -66.49 ±   0.68 ·10⁺⁰³ (2.69mi) ┃Vegas input parameters:
  ndim 8
  ncomp 1
  nvec 1
  epsrel 0
  epsabs 0
  flags 10
  seed 123456
  mineval 5000000
  maxeval 50000000
  nstart 1000000
  nincrease 1000000
  nbatch 5000
  gridno 0
  statefile ""

Iteration 1:  1000000 integrand evaluations so far
[1] 92701.6 +- 11411.7  	chisq 0 (0 df)

Iteration 2:  3000000 integrand evaluations so far
[1] 98913.3 +- 2007.59  	chisq 0.305755 (1 df)

Iteration 3:  6000000 integrand evaluations so far
[1] 103825 +- 822.894  	chisq 7.50044 (2 df)

Iteration 4:  10000000 integrand evaluations so far
[1] 105490 +- 502.547  	chisq 14.0291 (3 df)

Iteration 5:  15000000 integrand evaluations so far
[1] 106073 +- 329.408  	chisq 16.3895 (4 df)

Iteration 6:  21000000 integrand evaluations so far
[1] 105968 +- 241.716  	chisq 16.6112 (5 df)

Iteration 7:  28000000 integrand evaluations so far
[1] 105987 +- 192.836  	chisq 16.6279 (6 df)

Iteration 8:  36000000 integrand evaluations so far
[1] 105962 +- 160.085  	chisq 16.6821 (7 df)

Iteration 9:  45000000 integrand evaluations so far
[1] 106008 +- 149.98  	chisq 17.3717 (8 df)

Iteration 10:  55000000 integrand evaluations so far
[1] 105960 +- 136.755  	chisq 17.9908 (9 df)
  105.96 ±   0.14 ·10⁺⁰³ ( 59.5s) ┃   68.38 ±   0.69 ·10⁺⁰³ (3.86mi) ┃
┃    2 -   2.1 ┃   26.23 ±  0.024 ·10⁺⁰³ ( 10.7s) ┃       0 ±      0        ( 146ms) ┃Vegas input parameters:
  ndim 10
  ncomp 1
  nvec 1
  epsrel 0
  epsabs 0
  flags 10
  seed 123456
  mineval 50000000
  maxeval 50000000
  nstart 1000000
  nincrease 1000000
  nbatch 5000
  gridno 0
  statefile ""

Iteration 1:  1000000 integrand evaluations so far
[1] -49529.7 +- 6911.65  	chisq 0 (0 df)

Iteration 2:  3000000 integrand evaluations so far
[1] -51998.9 +- 6715.4  	chisq 2.27993 (1 df)

Iteration 3:  6000000 integrand evaluations so far
[1] -59080.4 +- 4811.15  	chisq 4.56458 (2 df)

Iteration 4:  10000000 integrand evaluations so far
[1] -59253.9 +- 3296.79  	chisq 4.56703 (3 df)

Iteration 5:  15000000 integrand evaluations so far
[1] -59982 +- 2172.7  	chisq 4.65325 (4 df)

Iteration 6:  21000000 integrand evaluations so far
[1] -61751 +- 1542.65  	chisq 5.99007 (5 df)

Iteration 7:  28000000 integrand evaluations so far
[1] -61094.5 +- 1058.73  	chisq 6.33238 (6 df)

Iteration 8:  36000000 integrand evaluations so far
[1] -62368.3 +- 794.931  	chisq 9.6501 (7 df)

Iteration 9:  45000000 integrand evaluations so far
[1] -62855.5 +- 680.483  	chisq 11.0562 (8 df)

Iteration 10:  55000000 integrand evaluations so far
[1] -62384.8 +- 539.261  	chisq 12.3426 (9 df)
  -62.38 ±   0.54 ·10⁺⁰³ (2.69mi) ┃Vegas input parameters:
  ndim 8
  ncomp 1
  nvec 1
  epsrel 0
  epsabs 0
  flags 10
  seed 123456
  mineval 5000000
  maxeval 50000000
  nstart 1000000
  nincrease 1000000
  nbatch 5000
  gridno 0
  statefile ""

Iteration 1:  1000000 integrand evaluations so far
[1] 79777.3 +- 9652.36  	chisq 0 (0 df)

Iteration 2:  3000000 integrand evaluations so far
[1] 98075.9 +- 4593.3  	chisq 4.64606 (1 df)

Iteration 3:  6000000 integrand evaluations so far
[1] 97924.9 +- 1141.33  	chisq 4.64722 (2 df)

Iteration 4:  10000000 integrand evaluations so far
[1] 98291.8 +- 512.309  	chisq 4.77662 (3 df)

Iteration 5:  15000000 integrand evaluations so far
[1] 98917.9 +- 312.407  	chisq 7.15404 (4 df)

Iteration 6:  21000000 integrand evaluations so far
[1] 98969.4 +- 242.548  	chisq 7.22251 (5 df)

Iteration 7:  28000000 integrand evaluations so far
[1] 98998.9 +- 193.764  	chisq 7.26349 (6 df)

Iteration 8:  36000000 integrand evaluations so far
[1] 99001.7 +- 158.415  	chisq 7.26413 (7 df)

Iteration 9:  45000000 integrand evaluations so far
[1] 99070.5 +- 135.066  	chisq 7.95337 (8 df)

Iteration 10:  55000000 integrand evaluations so far
[1] 99098.3 +- 117.611  	chisq 8.12849 (9 df)
    99.1 ±   0.12 ·10⁺⁰³ ( 59.4s) ┃   62.94 ±   0.55 ·10⁺⁰³ (3.86mi) ┃
┃  2.1 -   2.2 ┃  26.213 ±  0.025 ·10⁺⁰³ (1.18mi) ┃       0 ±      0        ( 148ms) ┃Vegas input parameters:
  ndim 10
  ncomp 1
  nvec 1
  epsrel 0
  epsabs 0
  flags 10
  seed 123456
  mineval 50000000
  maxeval 50000000
  nstart 1000000
  nincrease 1000000
  nbatch 5000
  gridno 0
  statefile ""

Iteration 1:  1000000 integrand evaluations so far
[1] -91646.9 +- 45777.8  	chisq 0 (0 df)

Iteration 2:  3000000 integrand evaluations so far
[1] -55408.9 +- 8318.68  	chisq 0.648041 (1 df)

Iteration 3:  6000000 integrand evaluations so far
[1] -53380.9 +- 2693.25  	chisq 0.714434 (2 df)

Iteration 4:  10000000 integrand evaluations so far
[1] -53807.6 +- 2674.92  	chisq 2.56551 (3 df)

Iteration 5:  15000000 integrand evaluations so far
[1] -55457.9 +- 2314.91  	chisq 4.08161 (4 df)

Iteration 6:  21000000 integrand evaluations so far
[1] -57430.4 +- 1971.14  	chisq 6.7223 (5 df)

Iteration 7:  28000000 integrand evaluations so far
[1] -58069.3 +- 1713.16  	chisq 7.15171 (6 df)

Iteration 8:  36000000 integrand evaluations so far
[1] -57134.4 +- 1240.26  	chisq 7.77751 (7 df)

Iteration 9:  45000000 integrand evaluations so far
[1] -57405.4 +- 1200.12  	chisq 8.52718 (8 df)

Iteration 10:  55000000 integrand evaluations so far
[1] -57781.6 +- 1112.03  	chisq 9.22207 (9 df)
   -57.8 ±    1.1 ·10⁺⁰³ (2.72mi) ┃Vegas input parameters:
  ndim 8
  ncomp 1
  nvec 1
  epsrel 0
  epsabs 0
  flags 10
  seed 123456
  mineval 5000000
  maxeval 50000000
  nstart 1000000
  nincrease 1000000
  nbatch 5000
  gridno 0
  statefile ""

Iteration 1:  1000000 integrand evaluations so far
[1] 90565.2 +- 13564.6  	chisq 0 (0 df)

Iteration 2:  3000000 integrand evaluations so far
[1] 87021.1 +- 2703.91  	chisq 0.07109 (1 df)

Iteration 3:  6000000 integrand evaluations so far
[1] 92051.3 +- 1055.66  	chisq 4.15435 (2 df)

Iteration 4:  10000000 integrand evaluations so far
[1] 92589.8 +- 597.258  	chisq 4.53718 (3 df)

Iteration 5:  15000000 integrand evaluations so far
[1] 92612.2 +- 344.435  	chisq 4.53927 (4 df)

Iteration 6:  21000000 integrand evaluations so far
[1] 92178.8 +- 229.403  	chisq 7.38381 (5 df)

Iteration 7:  28000000 integrand evaluations so far
[1] 91960.1 +- 175.164  	chisq 9.56319 (6 df)

Iteration 8:  36000000 integrand evaluations so far
[1] 92047.3 +- 145.148  	chisq 10.3529 (7 df)

Iteration 9:  45000000 integrand evaluations so far
[1] 92109.7 +- 124.76  	chisq 11.0612 (8 df)

Iteration 10:  55000000 integrand evaluations so far
[1] 92124.8 +- 109.201  	chisq 11.1234 (9 df)
   92.12 ±   0.11 ·10⁺⁰³ (1.02mi) ┃    60.6 ±    1.1 ·10⁺⁰³ (4.92mi) ┃
┃  2.2 -   2.3 ┃  25.078 ±  0.019 ·10⁺⁰³ (1.23mi) ┃       0 ±      0        ( 147ms) ┃Vegas input parameters:
  ndim 10
  ncomp 1
  nvec 1
  epsrel 0
  epsabs 0
  flags 10
  seed 123456
  mineval 50000000
  maxeval 50000000
  nstart 1000000
  nincrease 1000000
  nbatch 5000
  gridno 0
  statefile ""

Iteration 1:  1000000 integrand evaluations so far
[1] -20106.5 +- 9968.55  	chisq 0 (0 df)

Iteration 2:  3000000 integrand evaluations so far
[1] -40604 +- 5260.05  	chisq 5.85949 (1 df)

Iteration 3:  6000000 integrand evaluations so far
[1] -42016.2 +- 5127.89  	chisq 7.31215 (2 df)

Iteration 4:  10000000 integrand evaluations so far
[1] -45992.2 +- 4495.51  	chisq 9.90989 (3 df)

Iteration 5:  15000000 integrand evaluations so far
[1] -46884.9 +- 3697.14  	chisq 10.0317 (4 df)

Iteration 6:  21000000 integrand evaluations so far
[1] -52238.2 +- 2919.21  	chisq 15.5994 (5 df)

Iteration 7:  28000000 integrand evaluations so far
[1] -53584.6 +- 2539.33  	chisq 16.4736 (6 df)

Iteration 8:  36000000 integrand evaluations so far
[1] -54185.9 +- 1498.5  	chisq 16.5596 (7 df)

Iteration 9:  45000000 integrand evaluations so far
[1] -53355.5 +- 1288.12  	chisq 17.7359 (8 df)

Iteration 10:  55000000 integrand evaluations so far
[1] -53549.3 +- 865.639  	chisq 17.7772 (9 df)
  -53.55 ±   0.87 ·10⁺⁰³ (2.71mi) ┃Vegas input parameters:
  ndim 8
  ncomp 1
  nvec 1
  epsrel 0
  epsabs 0
  flags 10
  seed 123456
  mineval 5000000
  maxeval 50000000
  nstart 1000000
  nincrease 1000000
  nbatch 5000
  gridno 0
  statefile ""

Iteration 1:  1000000 integrand evaluations so far
[1] 73169.8 +- 16423.4  	chisq 0 (0 df)

Iteration 2:  3000000 integrand evaluations so far
[1] 90832 +- 7357.38  	chisq 1.44692 (1 df)

Iteration 3:  6000000 integrand evaluations so far
[1] 84770.1 +- 1397.12  	chisq 2.15115 (2 df)

Iteration 4:  10000000 integrand evaluations so far
[1] 85657.9 +- 587.125  	chisq 2.6415 (3 df)

Iteration 5:  15000000 integrand evaluations so far
[1] 85274.7 +- 320.313  	chisq 3.24793 (4 df)

Iteration 6:  21000000 integrand evaluations so far
[1] 85030.7 +- 212.128  	chisq 4.28122 (5 df)

Iteration 7:  28000000 integrand evaluations so far
[1] 85085.7 +- 160.761  	chisq 4.43913 (6 df)

Iteration 8:  36000000 integrand evaluations so far
[1] 85179 +- 131.821  	chisq 5.46673 (7 df)

Iteration 9:  45000000 integrand evaluations so far
[1] 85219.6 +- 113.043  	chisq 5.82462 (8 df)

Iteration 10:  55000000 integrand evaluations so far
[1] 85220.2 +- 99.0267  	chisq 5.82473 (9 df)
   85.22 ±  0.099 ·10⁺⁰³ ( 59.3s) ┃   56.75 ±   0.87 ·10⁺⁰³ (4.93mi) ┃
┃  2.3 -   2.4 ┃ 21.6009 ±  0.008 ·10⁺⁰³ ( 20.7s) ┃       0 ±      0        ( 146ms) ┃Vegas input parameters:
  ndim 10
  ncomp 1
  nvec 1
  epsrel 0
  epsabs 0
  flags 10
  seed 123456
  mineval 50000000
  maxeval 50000000
  nstart 1000000
  nincrease 1000000
  nbatch 5000
  gridno 0
  statefile ""

Iteration 1:  1000000 integrand evaluations so far
[1] -22058.6 +- 3678.73  	chisq 0 (0 df)

Iteration 2:  3000000 integrand evaluations so far
[1] -23572.2 +- 3518.28  	chisq 1.98405 (1 df)

Iteration 3:  6000000 integrand evaluations so far
[1] -34062.9 +- 2797.17  	chisq 26.1498 (2 df)

Iteration 4:  10000000 integrand evaluations so far
[1] -40319.6 +- 1835.1  	chisq 34.9338 (3 df)

Iteration 5:  15000000 integrand evaluations so far
[1] -42528.2 +- 1653.87  	chisq 42.6478 (4 df)

Iteration 6:  21000000 integrand evaluations so far
[1] -45943 +- 1145.93  	chisq 50.8476 (5 df)

Iteration 7:  28000000 integrand evaluations so far
[1] -47173.3 +- 726.428  	chisq 52.7747 (6 df)

Iteration 8:  36000000 integrand evaluations so far
[1] -48308.5 +- 601.999  	chisq 60.5715 (7 df)

Iteration 9:  45000000 integrand evaluations so far
[1] -48569 +- 548.216  	chisq 61.6683 (8 df)

Iteration 10:  55000000 integrand evaluations so far
[1] -49014.9 +- 489.327  	chisq 64.9227 (9 df)
  -49.01 ±   0.49 ·10⁺⁰³ (2.68mi) ┃Vegas input parameters:
  ndim 8
  ncomp 1
  nvec 1
  epsrel 0
  epsabs 0
  flags 10
  seed 123456
  mineval 5000000
  maxeval 50000000
  nstart 1000000
  nincrease 1000000
  nbatch 5000
  gridno 0
  statefile ""

Iteration 1:  1000000 integrand evaluations so far
[1] 91793.8 +- 18178.9  	chisq 0 (0 df)

Iteration 2:  3000000 integrand evaluations so far
[1] 73816.5 +- 1616.32  	chisq 0.985735 (1 df)

Iteration 3:  6000000 integrand evaluations so far
[1] 77377.2 +- 954.834  	chisq 8.44023 (2 df)

Iteration 4:  10000000 integrand evaluations so far
[1] 77843.7 +- 428.839  	chisq 8.73932 (3 df)

Iteration 5:  15000000 integrand evaluations so far
[1] 78206.7 +- 376.876  	chisq 11.8866 (4 df)

Iteration 6:  21000000 integrand evaluations so far
[1] 78435.6 +- 278.839  	chisq 12.7014 (5 df)

Iteration 7:  28000000 integrand evaluations so far
[1] 78472.2 +- 188.845  	chisq 12.7332 (6 df)

Iteration 8:  36000000 integrand evaluations so far
[1] 78395 +- 142.504  	chisq 13.1205 (7 df)

Iteration 9:  45000000 integrand evaluations so far
[1] 78325.1 +- 116.112  	chisq 13.8374 (8 df)

Iteration 10:  55000000 integrand evaluations so far
[1] 78377.1 +- 99.1484  	chisq 14.5793 (9 df)
  78.377 ±  0.099 ·10⁺⁰³ (   1mi) ┃   50.96 ±    0.5 ·10⁺⁰³ (4.02mi) ┃
┣━━━━━━━━━━━━━━╋━━━━━━━━━━━━━━━━━━━━━━━━━━━━━━━━━━╋━━━━━━━━━━━━━━━━━━━━━━━━━━━━━━━━━━╋━━━━━━━━━━━━━━━━━━━━━━━━━━━━━━━━━━╋━━━━━━━━━━━━━━━━━━━━━━━━━━━━━━━━━━╋━━━━━━━━━━━━━━━━━━━━━━━━━━━━━━━━━━┫
┃ -2.4 -   2.4 ┃ 1.98831 ± 0.0002 ·10⁺⁰⁶ (46.6mi) ┃-1.80002 ± 0.00016 ·10⁺⁰⁶ (55.4mi) ┃ -4.5869 ± 0.0081 ·10⁺⁰⁶ (2.65hr) ┃   7.154 ± 0.0013 ·10⁺⁰⁶ (59.6mi) ┃  2.7554 ± 0.0082 ·10⁺⁰⁶ (5.34hr) ┃
┗━━━━━━━━━━━━━━┻━━━━━━━━━━━━━━━━━━━━━━━━━━━━━━━━━━┻━━━━━━━━━━━━━━━━━━━━━━━━━━━━━━━━━━┻━━━━━━━━━━━━━━━━━━━━━━━━━━━━━━━━━━┻━━━━━━━━━━━━━━━━━━━━━━━━━━━━━━━━━━┻━━━━━━━━━━━━━━━━━━━━━━━━━━━━━━━━━━┛

╍╍╍╍╍╍╍╍╍╍╍╍╍╍╍╍╍╍╍╍╍╍╍╍╍╍╍╍╍╍╍╍ Summary ╍╍╍╍╍╍╍╍╍╍╍╍╍╍╍╍╍╍╍╍╍╍╍╍╍╍╍╍╍╍╍
      Total cross section                    2.7554 ± 0.0082          nb
         Calculation time                               5.34       hours
              Output file                    outputs/etal_NNLL_muR1.0_muF0.5.root            
      Result in text file                    outputs/etal_NNLL_muR1.0_muF0.5.txt            

╍╍╍╍╍╍╍╍╍╍╍╍╍╍╍╍╍╍╍╍╍╍╍╍╍╍╍╍╍╍╍╍╍╍╍╍╍╍╍╍╍╍╍╍╍╍╍╍╍╍╍╍╍╍╍╍╍╍╍╍╍╍╍╍╍╍╍╍╍╍╍╍

