
╍╍╍╍╍╍╍╍╍╍╍╍╍╍╍╍╍╍╍╍╍╍╍╍╍╍╍ Process settings ╍╍╍╍╍╍╍╍╍╍╍╍╍╍╍╍╍╍╍╍╍╍╍╍╍╍╍
   proton-proton collisions at sqrt(s) = 13000 GeV 
   Computing NNLO+NNLL resummed cross section
   Z/gamma* ->  e-(p3)+e+(p4) production 

╍╍╍╍╍╍╍╍╍╍╍╍╍╍╍╍╍╍╍╍╍╍╍╍╍╍╍╍╍ EW parameters ╍╍╍╍╍╍╍╍╍╍╍╍╍╍╍╍╍╍╍╍╍╍╍╍╍╍╍╍
                                         Gf =  1.1663787e-05      GeV^-2
                                    1/alpha =  132.233229791            
                                 sin(thW)^2 = 0.222897222524            
                                     W mass =         80.385         GeV
                                     Z mass =        91.1876         GeV
                                    W width =          2.091         GeV
                                    Z width =          2.495         GeV

╍╍╍╍╍╍╍╍╍╍╍╍╍╍╍╍╍╍╍╍╍╍╍╍╍╍╍╍╍ QCD settings ╍╍╍╍╍╍╍╍╍╍╍╍╍╍╍╍╍╍╍╍╍╍╍╍╍╍╍╍╍
   Renormalization scale:     dynamic muren =            0.5      * m_ll
     Factorization scale:     dynamic mufac =              1      * m_ll
       Resummation scale:     dynamic mures =              1      * m_ll
          Strong coupling       alpha_s(MZ) =       0.118001            
                              running order =              3       -loop
         Non-perturbative     form factor g =            0.7       GeV^2

╍╍╍╍╍╍╍╍╍╍╍╍╍╍╍╍╍╍╍╍╍╍╍╍╍╍╍╍╍ PDF settings ╍╍╍╍╍╍╍╍╍╍╍╍╍╍╍╍╍╍╍╍╍╍╍╍╍╍╍╍╍
                                     PDF set:MSHT20nnlo_as118            
                                  PDF member:              0            
  Mellin moments of PDFs:                    Numerical integration            
                         nodes for the quadrature:            200            
                         Intervals for the quadrature:              1            

╍╍╍╍╍╍╍╍╍╍╍╍╍╍╍╍╍╍╍╍╍╍╍╍╍╍╍╍╍╍╍ qT recoil ╍╍╍╍╍╍╍╍╍╍╍╍╍╍╍╍╍╍╍╍╍╍╍╍╍╍╍╍╍╍
  qt-recoil prescription:       Collins-Soper kt1 = p_V(x)/2; kt2 = p_V(y)/2            

╍╍╍╍╍╍╍╍╍╍╍╍╍╍╍╍╍╍╍╍╍╍╍╍╍╍╍╍╍╍╍╍╍ Cuts ╍╍╍╍╍╍╍╍╍╍╍╍╍╍╍╍╍╍╍╍╍╍╍╍╍╍╍╍╍╍╍╍╍
                                  apply cuts:           true            
                                      pt_l >               0            
                                   |eta_l| <            1000            
                                    pt_lep >              25            
                                 |eta_lep| <             2.4            
                                   pt_alep >              25            
                                |eta_alep| <             2.4            
                                  user cuts:            true            

╍╍╍╍╍╍╍╍╍╍╍╍╍╍╍╍╍╍╍╍╍╍╍╍╍╍╍╍ ResummationDamp ╍╍╍╍╍╍╍╍╍╍╍╍╍╍╍╍╍╍╍╍╍╍╍╍╍╍╍
                                    damping :             on            
                                damping mode:              1            
                                  damp above:        68.3907         GeV
                               damping width:        22.7969         GeV
                          resummation cutoff:             20         MeV

╍╍╍╍╍╍╍╍╍╍╍╍╍╍╍╍╍╍╍╍╍╍╍╍╍╍╍╍ Debug settings ╍╍╍╍╍╍╍╍╍╍╍╍╍╍╍╍╍╍╍╍╍╍╍╍╍╍╍╍
                                 timeprofile:          false            
                                     verbose:          false            
                               cubaverbosity:              2            

╍╍╍╍╍╍╍╍╍╍╍╍╍╍╍╍╍╍╍╍╍╍╍╍╍╍╍╍╍╍╍╍╍╍╍╍╍╍╍╍╍╍╍╍╍╍╍╍╍╍╍╍╍╍╍╍╍╍╍╍╍╍╍╍╍╍╍╍╍╍╍╍

Warning: Histogram `a1_qt` contains non-integrable observable and will be deleted 
Warning: Histogram `a1_qt_vs_y` contains non-integrable observable and will be deleted 
Warning: Histogram `s_biganswer` contains non-integrable observable and will be deleted 
Warning: Histogram `wgt_a1_qt` contains non-integrable observable and will be deleted 

╍╍╍╍╍╍╍╍╍╍╍╍╍╍╍╍╍╍╍╍╍╍╍╍╍ Integration settings ╍╍╍╍╍╍╍╍╍╍╍╍╍╍╍╍╍╍╍╍╍╍╍╍╍
             Random seeds              123456                           
           Parallel cores                   1                           

             Resummation:     cuhre (dm, dpt)         iter =           5
                                   gauss (dy)        nodes =          64
                                                 intervals =           1
            Counter term:      cuhre (dm, dy)         iter =           5
                                  gauss (dpt)        nodes =          20
                                                 intervals =           5
                V+J Real:               vegas       ncalls =    50000000
             V+J Virtual:               vegas       ncalls =     5000000

Mellin inverse transform:           gaussian         nodes =          30
                                                 intervals =           1
                               imaginary axis         zmax =           2
  Angular variable costh:     semi-analytical      ncstart =         100
   Angular variables phi:            gaussian    intervals =          20

      Constant boundaries                  q2          low =          80
                                                      high =         100
                                            y          low =          -6
                                                      high =           6
                                           qT          low =           0
                                                      high =         100
                                        costh          low =          -1
                                                      high =           1
                                        pT(l)          low =           0
                                                      high =       13000

┏━━━━━━━━━━━━━━┰━━━━━━━━━━━━━━━━━━━━━━━━━━━━━━━━━━┰━━━━━━━━━━━━━━━━━━━━━━━━━━━━━━━━━━┰━━━━━━━━━━━━━━━━━━━━━━━━━━━━━━━━━━┰━━━━━━━━━━━━━━━━━━━━━━━━━━━━━━━━━━┰━━━━━━━━━━━━━━━━━━━━━━━━━━━━━━━━━━┓
┃       eta(l) ┃                      Resummation ┃                     Counter term ┃                         V+J Real ┃                      V+J Virtual ┃                            TOTAL ┃
┣━━━━━━━━━━━━━━╋━━━━━━━━━━━━━━━━━━━━━━━━━━━━━━━━━━╋━━━━━━━━━━━━━━━━━━━━━━━━━━━━━━━━━━╋━━━━━━━━━━━━━━━━━━━━━━━━━━━━━━━━━━╋━━━━━━━━━━━━━━━━━━━━━━━━━━━━━━━━━━╋━━━━━━━━━━━━━━━━━━━━━━━━━━━━━━━━━━┫
┃ -2.4 -  -2.3 ┃  663.47 ±   0.14 ·10⁺⁰³ (1.52mi) ┃ -638.81 ±   0.51 ·10⁺⁰³ (1.05mi) ┃Vegas input parameters:
  ndim 10
  ncomp 1
  nvec 1
  epsrel 0
  epsabs 0
  flags 10
  seed 123456
  mineval 50000000
  maxeval 50000000
  nstart 1000000
  nincrease 1000000
  nbatch 5000
  gridno 0
  statefile ""

Iteration 1:  1000000 integrand evaluations so far
[1] -1.8212e+06 +- 173826  	chisq 0 (0 df)

Iteration 2:  3000000 integrand evaluations so far
[1] -1.819e+06 +- 71754.4  	chisq 0.000192725 (1 df)

Iteration 3:  6000000 integrand evaluations so far
[1] -1.93237e+06 +- 35671.5  	chisq 3.31581 (2 df)

Iteration 4:  10000000 integrand evaluations so far
[1] -1.95961e+06 +- 16802.9  	chisq 4.06544 (3 df)

Iteration 5:  15000000 integrand evaluations so far
[1] -1.96885e+06 +- 11751.3  	chisq 4.65666 (4 df)

Iteration 6:  21000000 integrand evaluations so far
[1] -1.95991e+06 +- 7268.18  	chisq 5.59382 (5 df)

Iteration 7:  28000000 integrand evaluations so far
[1] -1.96366e+06 +- 5499.47  	chisq 6.21731 (6 df)

Iteration 8:  36000000 integrand evaluations so far
[1] -1.95596e+06 +- 4374.6  	chisq 11.5555 (7 df)

Iteration 9:  45000000 integrand evaluations so far
[1] -1.95767e+06 +- 3490.9  	chisq 11.9763 (8 df)

Iteration 10:  55000000 integrand evaluations so far
[1] -1.96136e+06 +- 3075.88  	chisq 16.9717 (9 df)
 -1.9614 ± 0.0031 ·10⁺⁰⁶ (19.2mi) ┃Vegas input parameters:
  ndim 8
  ncomp 1
  nvec 1
  epsrel 0
  epsabs 0
  flags 10
  seed 123456
  mineval 5000000
  maxeval 50000000
  nstart 1000000
  nincrease 1000000
  nbatch 5000
  gridno 0
  statefile ""

Iteration 1:  1000000 integrand evaluations so far
[1] 2.58726e+06 +- 67880.6  	chisq 0 (0 df)

Iteration 2:  3000000 integrand evaluations so far
[1] 2.59696e+06 +- 9205.48  	chisq 0.0207965 (1 df)

Iteration 3:  6000000 integrand evaluations so far
[1] 2.60589e+06 +- 3296.34  	chisq 1.10106 (2 df)

Iteration 4:  10000000 integrand evaluations so far
[1] 2.6073e+06 +- 1968.58  	chisq 1.3841 (3 df)

Iteration 5:  15000000 integrand evaluations so far
[1] 2.60673e+06 +- 1325  	chisq 1.53453 (4 df)

Iteration 6:  21000000 integrand evaluations so far
[1] 2.6067e+06 +- 966.306  	chisq 1.53596 (5 df)

Iteration 7:  28000000 integrand evaluations so far
[1] 2.60763e+06 +- 763.038  	chisq 4.00961 (6 df)

Iteration 8:  36000000 integrand evaluations so far
[1] 2.60752e+06 +- 635.539  	chisq 4.08085 (7 df)

Iteration 9:  45000000 integrand evaluations so far
[1] 2.60762e+06 +- 547.268  	chisq 4.17972 (8 df)

Iteration 10:  55000000 integrand evaluations so far
[1] 2.60754e+06 +- 482.175  	chisq 4.27997 (9 df)
 2.60754 ± 0.00048 ·10⁺⁰⁶ (16.3mi) ┃   670.8 ±    3.2 ·10⁺⁰³ (  38mi) ┃
┃ -2.3 -  -2.2 ┃  663.47 ±   0.14 ·10⁺⁰³ (2.06mi) ┃ -638.81 ±   0.51 ·10⁺⁰³ (   60s) ┃Vegas input parameters:
  ndim 10
  ncomp 1
  nvec 1
  epsrel 0
  epsabs 0
  flags 10
  seed 123456
  mineval 50000000
  maxeval 50000000
  nstart 1000000
  nincrease 1000000
  nbatch 5000
  gridno 0
  statefile ""

Iteration 1:  1000000 integrand evaluations so far
[1] -1.8212e+06 +- 173826  	chisq 0 (0 df)

Iteration 2:  3000000 integrand evaluations so far
[1] -1.819e+06 +- 71754.4  	chisq 0.000192725 (1 df)

Iteration 3:  6000000 integrand evaluations so far
[1] -1.93237e+06 +- 35671.5  	chisq 3.31581 (2 df)

Iteration 4:  10000000 integrand evaluations so far
[1] -1.95961e+06 +- 16802.9  	chisq 4.06544 (3 df)

Iteration 5:  15000000 integrand evaluations so far
[1] -1.96885e+06 +- 11751.3  	chisq 4.65666 (4 df)

Iteration 6:  21000000 integrand evaluations so far
[1] -1.95991e+06 +- 7268.18  	chisq 5.59382 (5 df)

Iteration 7:  28000000 integrand evaluations so far
[1] -1.96366e+06 +- 5499.47  	chisq 6.21731 (6 df)

Iteration 8:  36000000 integrand evaluations so far
[1] -1.95596e+06 +- 4374.6  	chisq 11.5555 (7 df)

Iteration 9:  45000000 integrand evaluations so far
[1] -1.95767e+06 +- 3490.9  	chisq 11.9763 (8 df)

Iteration 10:  55000000 integrand evaluations so far
[1] -1.96136e+06 +- 3075.88  	chisq 16.9717 (9 df)
 -1.9614 ± 0.0031 ·10⁺⁰⁶ (18.9mi) ┃Vegas input parameters:
  ndim 8
  ncomp 1
  nvec 1
  epsrel 0
  epsabs 0
  flags 10
  seed 123456
  mineval 5000000
  maxeval 50000000
  nstart 1000000
  nincrease 1000000
  nbatch 5000
  gridno 0
  statefile ""

Iteration 1:  1000000 integrand evaluations so far
[1] 2.58726e+06 +- 67880.6  	chisq 0 (0 df)

Iteration 2:  3000000 integrand evaluations so far
[1] 2.59696e+06 +- 9205.48  	chisq 0.0207965 (1 df)

Iteration 3:  6000000 integrand evaluations so far
[1] 2.60589e+06 +- 3296.34  	chisq 1.10106 (2 df)

Iteration 4:  10000000 integrand evaluations so far
[1] 2.6073e+06 +- 1968.58  	chisq 1.3841 (3 df)

Iteration 5:  15000000 integrand evaluations so far
[1] 2.60673e+06 +- 1325  	chisq 1.53453 (4 df)

Iteration 6:  21000000 integrand evaluations so far
[1] 2.6067e+06 +- 966.306  	chisq 1.53596 (5 df)

Iteration 7:  28000000 integrand evaluations so far
[1] 2.60763e+06 +- 763.038  	chisq 4.00961 (6 df)

Iteration 8:  36000000 integrand evaluations so far
[1] 2.60752e+06 +- 635.539  	chisq 4.08085 (7 df)

Iteration 9:  45000000 integrand evaluations so far
[1] 2.60762e+06 +- 547.268  	chisq 4.17972 (8 df)

Iteration 10:  55000000 integrand evaluations so far
[1] 2.60754e+06 +- 482.175  	chisq 4.27997 (9 df)
 2.60754 ± 0.00048 ·10⁺⁰⁶ (16.2mi) ┃   670.8 ±    3.2 ·10⁺⁰³ (38.2mi) ┃
┃ -2.2 -  -2.1 ┃  663.47 ±   0.14 ·10⁺⁰³ (2.14mi) ┃ -638.81 ±   0.51 ·10⁺⁰³ (1.04mi) ┃Vegas input parameters:
  ndim 10
  ncomp 1
  nvec 1
  epsrel 0
  epsabs 0
  flags 10
  seed 123456
  mineval 50000000
  maxeval 50000000
  nstart 1000000
  nincrease 1000000
  nbatch 5000
  gridno 0
  statefile ""

Iteration 1:  1000000 integrand evaluations so far
[1] -1.8212e+06 +- 173826  	chisq 0 (0 df)

Iteration 2:  3000000 integrand evaluations so far
[1] -1.819e+06 +- 71754.4  	chisq 0.000192725 (1 df)

Iteration 3:  6000000 integrand evaluations so far
[1] -1.93237e+06 +- 35671.5  	chisq 3.31581 (2 df)

Iteration 4:  10000000 integrand evaluations so far
[1] -1.95961e+06 +- 16802.9  	chisq 4.06544 (3 df)

Iteration 5:  15000000 integrand evaluations so far
[1] -1.96885e+06 +- 11751.3  	chisq 4.65666 (4 df)

Iteration 6:  21000000 integrand evaluations so far
[1] -1.95991e+06 +- 7268.18  	chisq 5.59382 (5 df)

Iteration 7:  28000000 integrand evaluations so far
[1] -1.96366e+06 +- 5499.47  	chisq 6.21731 (6 df)

Iteration 8:  36000000 integrand evaluations so far
[1] -1.95596e+06 +- 4374.6  	chisq 11.5555 (7 df)

Iteration 9:  45000000 integrand evaluations so far
[1] -1.95767e+06 +- 3490.9  	chisq 11.9763 (8 df)

Iteration 10:  55000000 integrand evaluations so far
[1] -1.96136e+06 +- 3075.88  	chisq 16.9717 (9 df)
 -1.9614 ± 0.0031 ·10⁺⁰⁶ (  19mi) ┃Vegas input parameters:
  ndim 8
  ncomp 1
  nvec 1
  epsrel 0
  epsabs 0
  flags 10
  seed 123456
  mineval 5000000
  maxeval 50000000
  nstart 1000000
  nincrease 1000000
  nbatch 5000
  gridno 0
  statefile ""

Iteration 1:  1000000 integrand evaluations so far
[1] 2.58726e+06 +- 67880.6  	chisq 0 (0 df)

Iteration 2:  3000000 integrand evaluations so far
[1] 2.59696e+06 +- 9205.48  	chisq 0.0207965 (1 df)

Iteration 3:  6000000 integrand evaluations so far
[1] 2.60589e+06 +- 3296.34  	chisq 1.10106 (2 df)

Iteration 4:  10000000 integrand evaluations so far
[1] 2.6073e+06 +- 1968.58  	chisq 1.3841 (3 df)

Iteration 5:  15000000 integrand evaluations so far
[1] 2.60673e+06 +- 1325  	chisq 1.53453 (4 df)

Iteration 6:  21000000 integrand evaluations so far
[1] 2.6067e+06 +- 966.306  	chisq 1.53596 (5 df)

Iteration 7:  28000000 integrand evaluations so far
[1] 2.60763e+06 +- 763.038  	chisq 4.00961 (6 df)

Iteration 8:  36000000 integrand evaluations so far
[1] 2.60752e+06 +- 635.539  	chisq 4.08085 (7 df)

Iteration 9:  45000000 integrand evaluations so far
[1] 2.60762e+06 +- 547.268  	chisq 4.17972 (8 df)

Iteration 10:  55000000 integrand evaluations so far
[1] 2.60754e+06 +- 482.175  	chisq 4.27997 (9 df)
 2.60754 ± 0.00048 ·10⁺⁰⁶ (16.3mi) ┃   670.8 ±    3.2 ·10⁺⁰³ (38.5mi) ┃
┃ -2.1 -    -2 ┃  663.47 ±   0.14 ·10⁺⁰³ (2.03mi) ┃ -638.81 ±   0.51 ·10⁺⁰³ (1.06mi) ┃Vegas input parameters:
  ndim 10
  ncomp 1
  nvec 1
  epsrel 0
  epsabs 0
  flags 10
  seed 123456
  mineval 50000000
  maxeval 50000000
  nstart 1000000
  nincrease 1000000
  nbatch 5000
  gridno 0
  statefile ""

Iteration 1:  1000000 integrand evaluations so far
[1] -1.8212e+06 +- 173826  	chisq 0 (0 df)

Iteration 2:  3000000 integrand evaluations so far
[1] -1.819e+06 +- 71754.4  	chisq 0.000192725 (1 df)

Iteration 3:  6000000 integrand evaluations so far
[1] -1.93237e+06 +- 35671.5  	chisq 3.31581 (2 df)

Iteration 4:  10000000 integrand evaluations so far
[1] -1.95961e+06 +- 16802.9  	chisq 4.06544 (3 df)

Iteration 5:  15000000 integrand evaluations so far
[1] -1.96885e+06 +- 11751.3  	chisq 4.65666 (4 df)

Iteration 6:  21000000 integrand evaluations so far
[1] -1.95991e+06 +- 7268.18  	chisq 5.59382 (5 df)

Iteration 7:  28000000 integrand evaluations so far
[1] -1.96366e+06 +- 5499.47  	chisq 6.21731 (6 df)

Iteration 8:  36000000 integrand evaluations so far
[1] -1.95596e+06 +- 4374.6  	chisq 11.5555 (7 df)

Iteration 9:  45000000 integrand evaluations so far
[1] -1.95767e+06 +- 3490.9  	chisq 11.9763 (8 df)

Iteration 10:  55000000 integrand evaluations so far
[1] -1.96136e+06 +- 3075.88  	chisq 16.9717 (9 df)
 -1.9614 ± 0.0031 ·10⁺⁰⁶ (19.1mi) ┃Vegas input parameters:
  ndim 8
  ncomp 1
  nvec 1
  epsrel 0
  epsabs 0
  flags 10
  seed 123456
  mineval 5000000
  maxeval 50000000
  nstart 1000000
  nincrease 1000000
  nbatch 5000
  gridno 0
  statefile ""

Iteration 1:  1000000 integrand evaluations so far
[1] 2.58726e+06 +- 67880.6  	chisq 0 (0 df)

Iteration 2:  3000000 integrand evaluations so far
[1] 2.59696e+06 +- 9205.48  	chisq 0.0207965 (1 df)

Iteration 3:  6000000 integrand evaluations so far
[1] 2.60589e+06 +- 3296.34  	chisq 1.10106 (2 df)

Iteration 4:  10000000 integrand evaluations so far
[1] 2.6073e+06 +- 1968.58  	chisq 1.3841 (3 df)

Iteration 5:  15000000 integrand evaluations so far
[1] 2.60673e+06 +- 1325  	chisq 1.53453 (4 df)

Iteration 6:  21000000 integrand evaluations so far
[1] 2.6067e+06 +- 966.306  	chisq 1.53596 (5 df)

Iteration 7:  28000000 integrand evaluations so far
[1] 2.60763e+06 +- 763.038  	chisq 4.00961 (6 df)

Iteration 8:  36000000 integrand evaluations so far
[1] 2.60752e+06 +- 635.539  	chisq 4.08085 (7 df)

Iteration 9:  45000000 integrand evaluations so far
[1] 2.60762e+06 +- 547.268  	chisq 4.17972 (8 df)

Iteration 10:  55000000 integrand evaluations so far
[1] 2.60754e+06 +- 482.175  	chisq 4.27997 (9 df)
 2.60754 ± 0.00048 ·10⁺⁰⁶ (15.9mi) ┃   670.8 ±    3.2 ·10⁺⁰³ (38.1mi) ┃
┃   -2 -  -1.9 ┃  663.47 ±   0.14 ·10⁺⁰³ (1.76mi) ┃ -638.81 ±   0.51 ·10⁺⁰³ (1.02mi) ┃Vegas input parameters:
  ndim 10
  ncomp 1
  nvec 1
  epsrel 0
  epsabs 0
  flags 10
  seed 123456
  mineval 50000000
  maxeval 50000000
  nstart 1000000
  nincrease 1000000
  nbatch 5000
  gridno 0
  statefile ""

Iteration 1:  1000000 integrand evaluations so far
[1] -1.8212e+06 +- 173826  	chisq 0 (0 df)

Iteration 2:  3000000 integrand evaluations so far
[1] -1.819e+06 +- 71754.4  	chisq 0.000192725 (1 df)

Iteration 3:  6000000 integrand evaluations so far
[1] -1.93237e+06 +- 35671.5  	chisq 3.31581 (2 df)

Iteration 4:  10000000 integrand evaluations so far
[1] -1.95961e+06 +- 16802.9  	chisq 4.06544 (3 df)

Iteration 5:  15000000 integrand evaluations so far
[1] -1.96885e+06 +- 11751.3  	chisq 4.65666 (4 df)

Iteration 6:  21000000 integrand evaluations so far
[1] -1.95991e+06 +- 7268.18  	chisq 5.59382 (5 df)

Iteration 7:  28000000 integrand evaluations so far
[1] -1.96366e+06 +- 5499.47  	chisq 6.21731 (6 df)

Iteration 8:  36000000 integrand evaluations so far
[1] -1.95596e+06 +- 4374.6  	chisq 11.5555 (7 df)

Iteration 9:  45000000 integrand evaluations so far
[1] -1.95767e+06 +- 3490.9  	chisq 11.9763 (8 df)

Iteration 10:  55000000 integrand evaluations so far
[1] -1.96136e+06 +- 3075.88  	chisq 16.9717 (9 df)
 -1.9614 ± 0.0031 ·10⁺⁰⁶ (17.9mi) ┃Vegas input parameters:
  ndim 8
  ncomp 1
  nvec 1
  epsrel 0
  epsabs 0
  flags 10
  seed 123456
  mineval 5000000
  maxeval 50000000
  nstart 1000000
  nincrease 1000000
  nbatch 5000
  gridno 0
  statefile ""

Iteration 1:  1000000 integrand evaluations so far
[1] 2.58726e+06 +- 67880.6  	chisq 0 (0 df)

Iteration 2:  3000000 integrand evaluations so far
[1] 2.59696e+06 +- 9205.48  	chisq 0.0207965 (1 df)

Iteration 3:  6000000 integrand evaluations so far
[1] 2.60589e+06 +- 3296.34  	chisq 1.10106 (2 df)

Iteration 4:  10000000 integrand evaluations so far
[1] 2.6073e+06 +- 1968.58  	chisq 1.3841 (3 df)

Iteration 5:  15000000 integrand evaluations so far
[1] 2.60673e+06 +- 1325  	chisq 1.53453 (4 df)

Iteration 6:  21000000 integrand evaluations so far
[1] 2.6067e+06 +- 966.306  	chisq 1.53596 (5 df)

Iteration 7:  28000000 integrand evaluations so far
[1] 2.60763e+06 +- 763.038  	chisq 4.00961 (6 df)

Iteration 8:  36000000 integrand evaluations so far
[1] 2.60752e+06 +- 635.539  	chisq 4.08085 (7 df)

Iteration 9:  45000000 integrand evaluations so far
[1] 2.60762e+06 +- 547.268  	chisq 4.17972 (8 df)

Iteration 10:  55000000 integrand evaluations so far
[1] 2.60754e+06 +- 482.175  	chisq 4.27997 (9 df)
 2.60754 ± 0.00048 ·10⁺⁰⁶ (  14mi) ┃   670.8 ±    3.2 ·10⁺⁰³ (34.7mi) ┃
┃ -1.9 -  -1.8 ┃  663.47 ±   0.14 ·10⁺⁰³ (1.54mi) ┃ -638.81 ±   0.51 ·10⁺⁰³ ( 49.2s) ┃Vegas input parameters:
  ndim 10
  ncomp 1
  nvec 1
  epsrel 0
  epsabs 0
  flags 10
  seed 123456
  mineval 50000000
  maxeval 50000000
  nstart 1000000
  nincrease 1000000
  nbatch 5000
  gridno 0
  statefile ""

Iteration 1:  1000000 integrand evaluations so far
[1] -1.8212e+06 +- 173826  	chisq 0 (0 df)

Iteration 2:  3000000 integrand evaluations so far
[1] -1.819e+06 +- 71754.4  	chisq 0.000192725 (1 df)

Iteration 3:  6000000 integrand evaluations so far
[1] -1.93237e+06 +- 35671.5  	chisq 3.31581 (2 df)

Iteration 4:  10000000 integrand evaluations so far
[1] -1.95961e+06 +- 16802.9  	chisq 4.06544 (3 df)

Iteration 5:  15000000 integrand evaluations so far
[1] -1.96885e+06 +- 11751.3  	chisq 4.65666 (4 df)

Iteration 6:  21000000 integrand evaluations so far
[1] -1.95991e+06 +- 7268.18  	chisq 5.59382 (5 df)

Iteration 7:  28000000 integrand evaluations so far
[1] -1.96366e+06 +- 5499.47  	chisq 6.21731 (6 df)

Iteration 8:  36000000 integrand evaluations so far
[1] -1.95596e+06 +- 4374.6  	chisq 11.5555 (7 df)

Iteration 9:  45000000 integrand evaluations so far
[1] -1.95767e+06 +- 3490.9  	chisq 11.9763 (8 df)

Iteration 10:  55000000 integrand evaluations so far
[1] -1.96136e+06 +- 3075.88  	chisq 16.9717 (9 df)
 -1.9614 ± 0.0031 ·10⁺⁰⁶ (15.7mi) ┃Vegas input parameters:
  ndim 8
  ncomp 1
  nvec 1
  epsrel 0
  epsabs 0
  flags 10
  seed 123456
  mineval 5000000
  maxeval 50000000
  nstart 1000000
  nincrease 1000000
  nbatch 5000
  gridno 0
  statefile ""

Iteration 1:  1000000 integrand evaluations so far
[1] 2.58726e+06 +- 67880.6  	chisq 0 (0 df)

Iteration 2:  3000000 integrand evaluations so far
[1] 2.59696e+06 +- 9205.48  	chisq 0.0207965 (1 df)

Iteration 3:  6000000 integrand evaluations so far
[1] 2.60589e+06 +- 3296.34  	chisq 1.10106 (2 df)

Iteration 4:  10000000 integrand evaluations so far
[1] 2.6073e+06 +- 1968.58  	chisq 1.3841 (3 df)

Iteration 5:  15000000 integrand evaluations so far
[1] 2.60673e+06 +- 1325  	chisq 1.53453 (4 df)

Iteration 6:  21000000 integrand evaluations so far
[1] 2.6067e+06 +- 966.306  	chisq 1.53596 (5 df)

Iteration 7:  28000000 integrand evaluations so far
[1] 2.60763e+06 +- 763.038  	chisq 4.00961 (6 df)

Iteration 8:  36000000 integrand evaluations so far
[1] 2.60752e+06 +- 635.539  	chisq 4.08085 (7 df)

Iteration 9:  45000000 integrand evaluations so far
[1] 2.60762e+06 +- 547.268  	chisq 4.17972 (8 df)

Iteration 10:  55000000 integrand evaluations so far
[1] 2.60754e+06 +- 482.175  	chisq 4.27997 (9 df)
 2.60754 ± 0.00048 ·10⁺⁰⁶ (12.7mi) ┃   670.8 ±    3.2 ·10⁺⁰³ (30.7mi) ┃
┃ -1.8 -  -1.7 ┃  663.47 ±   0.14 ·10⁺⁰³ (1.34mi) ┃ -638.81 ±   0.51 ·10⁺⁰³ ( 49.1s) ┃Vegas input parameters:
  ndim 10
  ncomp 1
  nvec 1
  epsrel 0
  epsabs 0
  flags 10
  seed 123456
  mineval 50000000
  maxeval 50000000
  nstart 1000000
  nincrease 1000000
  nbatch 5000
  gridno 0
  statefile ""

Iteration 1:  1000000 integrand evaluations so far
[1] -1.8212e+06 +- 173826  	chisq 0 (0 df)

Iteration 2:  3000000 integrand evaluations so far
[1] -1.819e+06 +- 71754.4  	chisq 0.000192725 (1 df)

Iteration 3:  6000000 integrand evaluations so far
[1] -1.93237e+06 +- 35671.5  	chisq 3.31581 (2 df)

Iteration 4:  10000000 integrand evaluations so far
[1] -1.95961e+06 +- 16802.9  	chisq 4.06544 (3 df)

Iteration 5:  15000000 integrand evaluations so far
[1] -1.96885e+06 +- 11751.3  	chisq 4.65666 (4 df)

Iteration 6:  21000000 integrand evaluations so far
[1] -1.95991e+06 +- 7268.18  	chisq 5.59382 (5 df)

Iteration 7:  28000000 integrand evaluations so far
[1] -1.96366e+06 +- 5499.47  	chisq 6.21731 (6 df)

Iteration 8:  36000000 integrand evaluations so far
[1] -1.95596e+06 +- 4374.6  	chisq 11.5555 (7 df)

Iteration 9:  45000000 integrand evaluations so far
[1] -1.95767e+06 +- 3490.9  	chisq 11.9763 (8 df)

Iteration 10:  55000000 integrand evaluations so far
[1] -1.96136e+06 +- 3075.88  	chisq 16.9717 (9 df)
 -1.9614 ± 0.0031 ·10⁺⁰⁶ (15.3mi) ┃Vegas input parameters:
  ndim 8
  ncomp 1
  nvec 1
  epsrel 0
  epsabs 0
  flags 10
  seed 123456
  mineval 5000000
  maxeval 50000000
  nstart 1000000
  nincrease 1000000
  nbatch 5000
  gridno 0
  statefile ""

Iteration 1:  1000000 integrand evaluations so far
[1] 2.58726e+06 +- 67880.6  	chisq 0 (0 df)

Iteration 2:  3000000 integrand evaluations so far
[1] 2.59696e+06 +- 9205.48  	chisq 0.0207965 (1 df)

Iteration 3:  6000000 integrand evaluations so far
[1] 2.60589e+06 +- 3296.34  	chisq 1.10106 (2 df)

Iteration 4:  10000000 integrand evaluations so far
[1] 2.6073e+06 +- 1968.58  	chisq 1.3841 (3 df)

Iteration 5:  15000000 integrand evaluations so far
[1] 2.60673e+06 +- 1325  	chisq 1.53453 (4 df)

Iteration 6:  21000000 integrand evaluations so far
[1] 2.6067e+06 +- 966.306  	chisq 1.53596 (5 df)

Iteration 7:  28000000 integrand evaluations so far
[1] 2.60763e+06 +- 763.038  	chisq 4.00961 (6 df)

Iteration 8:  36000000 integrand evaluations so far
[1] 2.60752e+06 +- 635.539  	chisq 4.08085 (7 df)

Iteration 9:  45000000 integrand evaluations so far
[1] 2.60762e+06 +- 547.268  	chisq 4.17972 (8 df)

Iteration 10:  55000000 integrand evaluations so far
[1] 2.60754e+06 +- 482.175  	chisq 4.27997 (9 df)
 2.60754 ± 0.00048 ·10⁺⁰⁶ (12.7mi) ┃   670.8 ±    3.2 ·10⁺⁰³ (30.2mi) ┃
┃ -1.7 -  -1.6 ┃  663.47 ±   0.14 ·10⁺⁰³ (1.37mi) ┃ -638.81 ±   0.51 ·10⁺⁰³ ( 50.2s) ┃Vegas input parameters:
  ndim 10
  ncomp 1
  nvec 1
  epsrel 0
  epsabs 0
  flags 10
  seed 123456
  mineval 50000000
  maxeval 50000000
  nstart 1000000
  nincrease 1000000
  nbatch 5000
  gridno 0
  statefile ""

Iteration 1:  1000000 integrand evaluations so far
[1] -1.8212e+06 +- 173826  	chisq 0 (0 df)

Iteration 2:  3000000 integrand evaluations so far
[1] -1.819e+06 +- 71754.4  	chisq 0.000192725 (1 df)

Iteration 3:  6000000 integrand evaluations so far
[1] -1.93237e+06 +- 35671.5  	chisq 3.31581 (2 df)

Iteration 4:  10000000 integrand evaluations so far
[1] -1.95961e+06 +- 16802.9  	chisq 4.06544 (3 df)

Iteration 5:  15000000 integrand evaluations so far
[1] -1.96885e+06 +- 11751.3  	chisq 4.65666 (4 df)

Iteration 6:  21000000 integrand evaluations so far
[1] -1.95991e+06 +- 7268.18  	chisq 5.59382 (5 df)

Iteration 7:  28000000 integrand evaluations so far
[1] -1.96366e+06 +- 5499.47  	chisq 6.21731 (6 df)

Iteration 8:  36000000 integrand evaluations so far
[1] -1.95596e+06 +- 4374.6  	chisq 11.5555 (7 df)

Iteration 9:  45000000 integrand evaluations so far
[1] -1.95767e+06 +- 3490.9  	chisq 11.9763 (8 df)

Iteration 10:  55000000 integrand evaluations so far
[1] -1.96136e+06 +- 3075.88  	chisq 16.9717 (9 df)
 -1.9614 ± 0.0031 ·10⁺⁰⁶ (14.9mi) ┃Vegas input parameters:
  ndim 8
  ncomp 1
  nvec 1
  epsrel 0
  epsabs 0
  flags 10
  seed 123456
  mineval 5000000
  maxeval 50000000
  nstart 1000000
  nincrease 1000000
  nbatch 5000
  gridno 0
  statefile ""

Iteration 1:  1000000 integrand evaluations so far
[1] 2.58726e+06 +- 67880.6  	chisq 0 (0 df)

Iteration 2:  3000000 integrand evaluations so far
[1] 2.59696e+06 +- 9205.48  	chisq 0.0207965 (1 df)

Iteration 3:  6000000 integrand evaluations so far
[1] 2.60589e+06 +- 3296.34  	chisq 1.10106 (2 df)

Iteration 4:  10000000 integrand evaluations so far
[1] 2.6073e+06 +- 1968.58  	chisq 1.3841 (3 df)

Iteration 5:  15000000 integrand evaluations so far
[1] 2.60673e+06 +- 1325  	chisq 1.53453 (4 df)

Iteration 6:  21000000 integrand evaluations so far
[1] 2.6067e+06 +- 966.306  	chisq 1.53596 (5 df)

Iteration 7:  28000000 integrand evaluations so far
[1] 2.60763e+06 +- 763.038  	chisq 4.00961 (6 df)

Iteration 8:  36000000 integrand evaluations so far
[1] 2.60752e+06 +- 635.539  	chisq 4.08085 (7 df)

Iteration 9:  45000000 integrand evaluations so far
[1] 2.60762e+06 +- 547.268  	chisq 4.17972 (8 df)

Iteration 10:  55000000 integrand evaluations so far
[1] 2.60754e+06 +- 482.175  	chisq 4.27997 (9 df)
 2.60754 ± 0.00048 ·10⁺⁰⁶ (12.7mi) ┃   670.8 ±    3.2 ·10⁺⁰³ (29.8mi) ┃
┃ -1.6 -  -1.5 ┃  663.47 ±   0.14 ·10⁺⁰³ (1.38mi) ┃ -638.81 ±   0.51 ·10⁺⁰³ ( 48.9s) ┃Vegas input parameters:
  ndim 10
  ncomp 1
  nvec 1
  epsrel 0
  epsabs 0
  flags 10
  seed 123456
  mineval 50000000
  maxeval 50000000
  nstart 1000000
  nincrease 1000000
  nbatch 5000
  gridno 0
  statefile ""

Iteration 1:  1000000 integrand evaluations so far
[1] -1.8212e+06 +- 173826  	chisq 0 (0 df)

Iteration 2:  3000000 integrand evaluations so far
[1] -1.819e+06 +- 71754.4  	chisq 0.000192725 (1 df)

Iteration 3:  6000000 integrand evaluations so far
[1] -1.93237e+06 +- 35671.5  	chisq 3.31581 (2 df)

Iteration 4:  10000000 integrand evaluations so far
[1] -1.95961e+06 +- 16802.9  	chisq 4.06544 (3 df)

Iteration 5:  15000000 integrand evaluations so far
[1] -1.96885e+06 +- 11751.3  	chisq 4.65666 (4 df)

Iteration 6:  21000000 integrand evaluations so far
[1] -1.95991e+06 +- 7268.18  	chisq 5.59382 (5 df)

Iteration 7:  28000000 integrand evaluations so far
[1] -1.96366e+06 +- 5499.47  	chisq 6.21731 (6 df)

Iteration 8:  36000000 integrand evaluations so far
[1] -1.95596e+06 +- 4374.6  	chisq 11.5555 (7 df)

Iteration 9:  45000000 integrand evaluations so far
[1] -1.95767e+06 +- 3490.9  	chisq 11.9763 (8 df)

Iteration 10:  55000000 integrand evaluations so far
[1] -1.96136e+06 +- 3075.88  	chisq 16.9717 (9 df)
 -1.9614 ± 0.0031 ·10⁺⁰⁶ (15.7mi) ┃Vegas input parameters:
  ndim 8
  ncomp 1
  nvec 1
  epsrel 0
  epsabs 0
  flags 10
  seed 123456
  mineval 5000000
  maxeval 50000000
  nstart 1000000
  nincrease 1000000
  nbatch 5000
  gridno 0
  statefile ""

Iteration 1:  1000000 integrand evaluations so far
[1] 2.58726e+06 +- 67880.6  	chisq 0 (0 df)

Iteration 2:  3000000 integrand evaluations so far
[1] 2.59696e+06 +- 9205.48  	chisq 0.0207965 (1 df)

Iteration 3:  6000000 integrand evaluations so far
[1] 2.60589e+06 +- 3296.34  	chisq 1.10106 (2 df)

Iteration 4:  10000000 integrand evaluations so far
[1] 2.6073e+06 +- 1968.58  	chisq 1.3841 (3 df)

Iteration 5:  15000000 integrand evaluations so far
[1] 2.60673e+06 +- 1325  	chisq 1.53453 (4 df)

Iteration 6:  21000000 integrand evaluations so far
[1] 2.6067e+06 +- 966.306  	chisq 1.53596 (5 df)

Iteration 7:  28000000 integrand evaluations so far
[1] 2.60763e+06 +- 763.038  	chisq 4.00961 (6 df)

Iteration 8:  36000000 integrand evaluations so far
[1] 2.60752e+06 +- 635.539  	chisq 4.08085 (7 df)

Iteration 9:  45000000 integrand evaluations so far
[1] 2.60762e+06 +- 547.268  	chisq 4.17972 (8 df)

Iteration 10:  55000000 integrand evaluations so far
[1] 2.60754e+06 +- 482.175  	chisq 4.27997 (9 df)
 2.60754 ± 0.00048 ·10⁺⁰⁶ (12.8mi) ┃   670.8 ±    3.2 ·10⁺⁰³ (30.6mi) ┃
┃ -1.5 -  -1.4 ┃  663.47 ±   0.14 ·10⁺⁰³ (1.62mi) ┃ -638.81 ±   0.51 ·10⁺⁰³ ( 46.8s) ┃Vegas input parameters:
  ndim 10
  ncomp 1
  nvec 1
  epsrel 0
  epsabs 0
  flags 10
  seed 123456
  mineval 50000000
  maxeval 50000000
  nstart 1000000
  nincrease 1000000
  nbatch 5000
  gridno 0
  statefile ""

Iteration 1:  1000000 integrand evaluations so far
[1] -1.8212e+06 +- 173826  	chisq 0 (0 df)

Iteration 2:  3000000 integrand evaluations so far
[1] -1.819e+06 +- 71754.4  	chisq 0.000192725 (1 df)

Iteration 3:  6000000 integrand evaluations so far
[1] -1.93237e+06 +- 35671.5  	chisq 3.31581 (2 df)

Iteration 4:  10000000 integrand evaluations so far
[1] -1.95961e+06 +- 16802.9  	chisq 4.06544 (3 df)

Iteration 5:  15000000 integrand evaluations so far
[1] -1.96885e+06 +- 11751.3  	chisq 4.65666 (4 df)

Iteration 6:  21000000 integrand evaluations so far
[1] -1.95991e+06 +- 7268.18  	chisq 5.59382 (5 df)

Iteration 7:  28000000 integrand evaluations so far
[1] -1.96366e+06 +- 5499.47  	chisq 6.21731 (6 df)

Iteration 8:  36000000 integrand evaluations so far
[1] -1.95596e+06 +- 4374.6  	chisq 11.5555 (7 df)

Iteration 9:  45000000 integrand evaluations so far
[1] -1.95767e+06 +- 3490.9  	chisq 11.9763 (8 df)

Iteration 10:  55000000 integrand evaluations so far
[1] -1.96136e+06 +- 3075.88  	chisq 16.9717 (9 df)
 -1.9614 ± 0.0031 ·10⁺⁰⁶ (14.8mi) ┃Vegas input parameters:
  ndim 8
  ncomp 1
  nvec 1
  epsrel 0
  epsabs 0
  flags 10
  seed 123456
  mineval 5000000
  maxeval 50000000
  nstart 1000000
  nincrease 1000000
  nbatch 5000
  gridno 0
  statefile ""

Iteration 1:  1000000 integrand evaluations so far
[1] 2.58726e+06 +- 67880.6  	chisq 0 (0 df)

Iteration 2:  3000000 integrand evaluations so far
[1] 2.59696e+06 +- 9205.48  	chisq 0.0207965 (1 df)

Iteration 3:  6000000 integrand evaluations so far
[1] 2.60589e+06 +- 3296.34  	chisq 1.10106 (2 df)

Iteration 4:  10000000 integrand evaluations so far
[1] 2.6073e+06 +- 1968.58  	chisq 1.3841 (3 df)

Iteration 5:  15000000 integrand evaluations so far
[1] 2.60673e+06 +- 1325  	chisq 1.53453 (4 df)

Iteration 6:  21000000 integrand evaluations so far
[1] 2.6067e+06 +- 966.306  	chisq 1.53596 (5 df)

Iteration 7:  28000000 integrand evaluations so far
[1] 2.60763e+06 +- 763.038  	chisq 4.00961 (6 df)

Iteration 8:  36000000 integrand evaluations so far
[1] 2.60752e+06 +- 635.539  	chisq 4.08085 (7 df)

Iteration 9:  45000000 integrand evaluations so far
[1] 2.60762e+06 +- 547.268  	chisq 4.17972 (8 df)

Iteration 10:  55000000 integrand evaluations so far
[1] 2.60754e+06 +- 482.175  	chisq 4.27997 (9 df)
 2.60754 ± 0.00048 ·10⁺⁰⁶ (12.9mi) ┃   670.8 ±    3.2 ·10⁺⁰³ (30.2mi) ┃
┃ -1.4 -  -1.3 ┃  663.47 ±   0.14 ·10⁺⁰³ (1.29mi) ┃ -638.81 ±   0.51 ·10⁺⁰³ ( 44.4s) ┃Vegas input parameters:
  ndim 10
  ncomp 1
  nvec 1
  epsrel 0
  epsabs 0
  flags 10
  seed 123456
  mineval 50000000
  maxeval 50000000
  nstart 1000000
  nincrease 1000000
  nbatch 5000
  gridno 0
  statefile ""

Iteration 1:  1000000 integrand evaluations so far
[1] -1.8212e+06 +- 173826  	chisq 0 (0 df)

Iteration 2:  3000000 integrand evaluations so far
[1] -1.819e+06 +- 71754.4  	chisq 0.000192725 (1 df)

Iteration 3:  6000000 integrand evaluations so far
[1] -1.93237e+06 +- 35671.5  	chisq 3.31581 (2 df)

Iteration 4:  10000000 integrand evaluations so far
[1] -1.95961e+06 +- 16802.9  	chisq 4.06544 (3 df)

Iteration 5:  15000000 integrand evaluations so far
[1] -1.96885e+06 +- 11751.3  	chisq 4.65666 (4 df)

Iteration 6:  21000000 integrand evaluations so far
[1] -1.95991e+06 +- 7268.18  	chisq 5.59382 (5 df)

Iteration 7:  28000000 integrand evaluations so far
[1] -1.96366e+06 +- 5499.47  	chisq 6.21731 (6 df)

Iteration 8:  36000000 integrand evaluations so far
[1] -1.95596e+06 +- 4374.6  	chisq 11.5555 (7 df)

Iteration 9:  45000000 integrand evaluations so far
[1] -1.95767e+06 +- 3490.9  	chisq 11.9763 (8 df)

Iteration 10:  55000000 integrand evaluations so far
[1] -1.96136e+06 +- 3075.88  	chisq 16.9717 (9 df)
 -1.9614 ± 0.0031 ·10⁺⁰⁶ (13.9mi) ┃Vegas input parameters:
  ndim 8
  ncomp 1
  nvec 1
  epsrel 0
  epsabs 0
  flags 10
  seed 123456
  mineval 5000000
  maxeval 50000000
  nstart 1000000
  nincrease 1000000
  nbatch 5000
  gridno 0
  statefile ""

Iteration 1:  1000000 integrand evaluations so far
[1] 2.58726e+06 +- 67880.6  	chisq 0 (0 df)

Iteration 2:  3000000 integrand evaluations so far
[1] 2.59696e+06 +- 9205.48  	chisq 0.0207965 (1 df)

Iteration 3:  6000000 integrand evaluations so far
[1] 2.60589e+06 +- 3296.34  	chisq 1.10106 (2 df)

Iteration 4:  10000000 integrand evaluations so far
[1] 2.6073e+06 +- 1968.58  	chisq 1.3841 (3 df)

Iteration 5:  15000000 integrand evaluations so far
[1] 2.60673e+06 +- 1325  	chisq 1.53453 (4 df)

Iteration 6:  21000000 integrand evaluations so far
[1] 2.6067e+06 +- 966.306  	chisq 1.53596 (5 df)

Iteration 7:  28000000 integrand evaluations so far
[1] 2.60763e+06 +- 763.038  	chisq 4.00961 (6 df)

Iteration 8:  36000000 integrand evaluations so far
[1] 2.60752e+06 +- 635.539  	chisq 4.08085 (7 df)

Iteration 9:  45000000 integrand evaluations so far
[1] 2.60762e+06 +- 547.268  	chisq 4.17972 (8 df)

Iteration 10:  55000000 integrand evaluations so far
[1] 2.60754e+06 +- 482.175  	chisq 4.27997 (9 df)
 2.60754 ± 0.00048 ·10⁺⁰⁶ (11.1mi) ┃   670.8 ±    3.2 ·10⁺⁰³ (27.1mi) ┃
┃ -1.3 -  -1.2 ┃  663.47 ±   0.14 ·10⁺⁰³ (1.22mi) ┃ -638.81 ±   0.51 ·10⁺⁰³ ( 48.2s) ┃Vegas input parameters:
  ndim 10
  ncomp 1
  nvec 1
  epsrel 0
  epsabs 0
  flags 10
  seed 123456
  mineval 50000000
  maxeval 50000000
  nstart 1000000
  nincrease 1000000
  nbatch 5000
  gridno 0
  statefile ""

Iteration 1:  1000000 integrand evaluations so far
[1] -1.8212e+06 +- 173826  	chisq 0 (0 df)

Iteration 2:  3000000 integrand evaluations so far
[1] -1.819e+06 +- 71754.4  	chisq 0.000192725 (1 df)

Iteration 3:  6000000 integrand evaluations so far
[1] -1.93237e+06 +- 35671.5  	chisq 3.31581 (2 df)

Iteration 4:  10000000 integrand evaluations so far
[1] -1.95961e+06 +- 16802.9  	chisq 4.06544 (3 df)

Iteration 5:  15000000 integrand evaluations so far
[1] -1.96885e+06 +- 11751.3  	chisq 4.65666 (4 df)

Iteration 6:  21000000 integrand evaluations so far
[1] -1.95991e+06 +- 7268.18  	chisq 5.59382 (5 df)

Iteration 7:  28000000 integrand evaluations so far
[1] -1.96366e+06 +- 5499.47  	chisq 6.21731 (6 df)

Iteration 8:  36000000 integrand evaluations so far
[1] -1.95596e+06 +- 4374.6  	chisq 11.5555 (7 df)

Iteration 9:  45000000 integrand evaluations so far
[1] -1.95767e+06 +- 3490.9  	chisq 11.9763 (8 df)

Iteration 10:  55000000 integrand evaluations so far
[1] -1.96136e+06 +- 3075.88  	chisq 16.9717 (9 df)
 -1.9614 ± 0.0031 ·10⁺⁰⁶ (12.5mi) ┃Vegas input parameters:
  ndim 8
  ncomp 1
  nvec 1
  epsrel 0
  epsabs 0
  flags 10
  seed 123456
  mineval 5000000
  maxeval 50000000
  nstart 1000000
  nincrease 1000000
  nbatch 5000
  gridno 0
  statefile ""

Iteration 1:  1000000 integrand evaluations so far
[1] 2.58726e+06 +- 67880.6  	chisq 0 (0 df)

Iteration 2:  3000000 integrand evaluations so far
[1] 2.59696e+06 +- 9205.48  	chisq 0.0207965 (1 df)

Iteration 3:  6000000 integrand evaluations so far
[1] 2.60589e+06 +- 3296.34  	chisq 1.10106 (2 df)

Iteration 4:  10000000 integrand evaluations so far
[1] 2.6073e+06 +- 1968.58  	chisq 1.3841 (3 df)

Iteration 5:  15000000 integrand evaluations so far
[1] 2.60673e+06 +- 1325  	chisq 1.53453 (4 df)

Iteration 6:  21000000 integrand evaluations so far
[1] 2.6067e+06 +- 966.306  	chisq 1.53596 (5 df)

Iteration 7:  28000000 integrand evaluations so far
[1] 2.60763e+06 +- 763.038  	chisq 4.00961 (6 df)

Iteration 8:  36000000 integrand evaluations so far
[1] 2.60752e+06 +- 635.539  	chisq 4.08085 (7 df)

Iteration 9:  45000000 integrand evaluations so far
[1] 2.60762e+06 +- 547.268  	chisq 4.17972 (8 df)

Iteration 10:  55000000 integrand evaluations so far
[1] 2.60754e+06 +- 482.175  	chisq 4.27997 (9 df)
 2.60754 ± 0.00048 ·10⁺⁰⁶ (9.87mi) ┃   670.8 ±    3.2 ·10⁺⁰³ (24.4mi) ┃
┃ -1.2 -  -1.1 ┃  663.47 ±   0.14 ·10⁺⁰³ (1.15mi) ┃ -638.81 ±   0.51 ·10⁺⁰³ ( 42.1s) ┃Vegas input parameters:
  ndim 10
  ncomp 1
  nvec 1
  epsrel 0
  epsabs 0
  flags 10
  seed 123456
  mineval 50000000
  maxeval 50000000
  nstart 1000000
  nincrease 1000000
  nbatch 5000
  gridno 0
  statefile ""

Iteration 1:  1000000 integrand evaluations so far
[1] -1.8212e+06 +- 173826  	chisq 0 (0 df)

Iteration 2:  3000000 integrand evaluations so far
[1] -1.819e+06 +- 71754.4  	chisq 0.000192725 (1 df)

Iteration 3:  6000000 integrand evaluations so far
[1] -1.93237e+06 +- 35671.5  	chisq 3.31581 (2 df)

Iteration 4:  10000000 integrand evaluations so far
[1] -1.95961e+06 +- 16802.9  	chisq 4.06544 (3 df)

Iteration 5:  15000000 integrand evaluations so far
[1] -1.96885e+06 +- 11751.3  	chisq 4.65666 (4 df)

Iteration 6:  21000000 integrand evaluations so far
[1] -1.95991e+06 +- 7268.18  	chisq 5.59382 (5 df)

Iteration 7:  28000000 integrand evaluations so far
[1] -1.96366e+06 +- 5499.47  	chisq 6.21731 (6 df)

Iteration 8:  36000000 integrand evaluations so far
[1] -1.95596e+06 +- 4374.6  	chisq 11.5555 (7 df)

Iteration 9:  45000000 integrand evaluations so far
[1] -1.95767e+06 +- 3490.9  	chisq 11.9763 (8 df)

Iteration 10:  55000000 integrand evaluations so far
[1] -1.96136e+06 +- 3075.88  	chisq 16.9717 (9 df)
 -1.9614 ± 0.0031 ·10⁺⁰⁶ (11.7mi) ┃Vegas input parameters:
  ndim 8
  ncomp 1
  nvec 1
  epsrel 0
  epsabs 0
  flags 10
  seed 123456
  mineval 5000000
  maxeval 50000000
  nstart 1000000
  nincrease 1000000
  nbatch 5000
  gridno 0
  statefile ""

Iteration 1:  1000000 integrand evaluations so far
[1] 2.58726e+06 +- 67880.6  	chisq 0 (0 df)

Iteration 2:  3000000 integrand evaluations so far
[1] 2.59696e+06 +- 9205.48  	chisq 0.0207965 (1 df)

Iteration 3:  6000000 integrand evaluations so far
[1] 2.60589e+06 +- 3296.34  	chisq 1.10106 (2 df)

Iteration 4:  10000000 integrand evaluations so far
[1] 2.6073e+06 +- 1968.58  	chisq 1.3841 (3 df)

Iteration 5:  15000000 integrand evaluations so far
[1] 2.60673e+06 +- 1325  	chisq 1.53453 (4 df)

Iteration 6:  21000000 integrand evaluations so far
[1] 2.6067e+06 +- 966.306  	chisq 1.53596 (5 df)

Iteration 7:  28000000 integrand evaluations so far
[1] 2.60763e+06 +- 763.038  	chisq 4.00961 (6 df)

Iteration 8:  36000000 integrand evaluations so far
[1] 2.60752e+06 +- 635.539  	chisq 4.08085 (7 df)

Iteration 9:  45000000 integrand evaluations so far
[1] 2.60762e+06 +- 547.268  	chisq 4.17972 (8 df)

Iteration 10:  55000000 integrand evaluations so far
[1] 2.60754e+06 +- 482.175  	chisq 4.27997 (9 df)
 2.60754 ± 0.00048 ·10⁺⁰⁶ (9.78mi) ┃   670.8 ±    3.2 ·10⁺⁰³ (23.4mi) ┃
┃ -1.1 -    -1 ┃  663.47 ±   0.14 ·10⁺⁰³ (1.16mi) ┃ -638.81 ±   0.51 ·10⁺⁰³ ( 41.6s) ┃Vegas input parameters:
  ndim 10
  ncomp 1
  nvec 1
  epsrel 0
  epsabs 0
  flags 10
  seed 123456
  mineval 50000000
  maxeval 50000000
  nstart 1000000
  nincrease 1000000
  nbatch 5000
  gridno 0
  statefile ""

Iteration 1:  1000000 integrand evaluations so far
[1] -1.8212e+06 +- 173826  	chisq 0 (0 df)

Iteration 2:  3000000 integrand evaluations so far
[1] -1.819e+06 +- 71754.4  	chisq 0.000192725 (1 df)

Iteration 3:  6000000 integrand evaluations so far
[1] -1.93237e+06 +- 35671.5  	chisq 3.31581 (2 df)

Iteration 4:  10000000 integrand evaluations so far
[1] -1.95961e+06 +- 16802.9  	chisq 4.06544 (3 df)

Iteration 5:  15000000 integrand evaluations so far
[1] -1.96885e+06 +- 11751.3  	chisq 4.65666 (4 df)

Iteration 6:  21000000 integrand evaluations so far
[1] -1.95991e+06 +- 7268.18  	chisq 5.59382 (5 df)

Iteration 7:  28000000 integrand evaluations so far
[1] -1.96366e+06 +- 5499.47  	chisq 6.21731 (6 df)

Iteration 8:  36000000 integrand evaluations so far
[1] -1.95596e+06 +- 4374.6  	chisq 11.5555 (7 df)

Iteration 9:  45000000 integrand evaluations so far
[1] -1.95767e+06 +- 3490.9  	chisq 11.9763 (8 df)

Iteration 10:  55000000 integrand evaluations so far
[1] -1.96136e+06 +- 3075.88  	chisq 16.9717 (9 df)
 -1.9614 ± 0.0031 ·10⁺⁰⁶ (11.7mi) ┃Vegas input parameters:
  ndim 8
  ncomp 1
  nvec 1
  epsrel 0
  epsabs 0
  flags 10
  seed 123456
  mineval 5000000
  maxeval 50000000
  nstart 1000000
  nincrease 1000000
  nbatch 5000
  gridno 0
  statefile ""

Iteration 1:  1000000 integrand evaluations so far
[1] 2.58726e+06 +- 67880.6  	chisq 0 (0 df)

Iteration 2:  3000000 integrand evaluations so far
[1] 2.59696e+06 +- 9205.48  	chisq 0.0207965 (1 df)

Iteration 3:  6000000 integrand evaluations so far
[1] 2.60589e+06 +- 3296.34  	chisq 1.10106 (2 df)

Iteration 4:  10000000 integrand evaluations so far
[1] 2.6073e+06 +- 1968.58  	chisq 1.3841 (3 df)

Iteration 5:  15000000 integrand evaluations so far
[1] 2.60673e+06 +- 1325  	chisq 1.53453 (4 df)

Iteration 6:  21000000 integrand evaluations so far
[1] 2.6067e+06 +- 966.306  	chisq 1.53596 (5 df)

Iteration 7:  28000000 integrand evaluations so far
[1] 2.60763e+06 +- 763.038  	chisq 4.00961 (6 df)

Iteration 8:  36000000 integrand evaluations so far
[1] 2.60752e+06 +- 635.539  	chisq 4.08085 (7 df)

Iteration 9:  45000000 integrand evaluations so far
[1] 2.60762e+06 +- 547.268  	chisq 4.17972 (8 df)

Iteration 10:  55000000 integrand evaluations so far
[1] 2.60754e+06 +- 482.175  	chisq 4.27997 (9 df)
 2.60754 ± 0.00048 ·10⁺⁰⁶ (9.74mi) ┃   670.8 ±    3.2 ·10⁺⁰³ (23.3mi) ┃
┃   -1 -  -0.9 ┃  663.47 ±   0.14 ·10⁺⁰³ (1.14mi) ┃ -638.81 ±   0.51 ·10⁺⁰³ ( 40.9s) ┃Vegas input parameters:
  ndim 10
  ncomp 1
  nvec 1
  epsrel 0
  epsabs 0
  flags 10
  seed 123456
  mineval 50000000
  maxeval 50000000
  nstart 1000000
  nincrease 1000000
  nbatch 5000
  gridno 0
  statefile ""

Iteration 1:  1000000 integrand evaluations so far
[1] -1.8212e+06 +- 173826  	chisq 0 (0 df)

Iteration 2:  3000000 integrand evaluations so far
[1] -1.819e+06 +- 71754.4  	chisq 0.000192725 (1 df)

Iteration 3:  6000000 integrand evaluations so far
[1] -1.93237e+06 +- 35671.5  	chisq 3.31581 (2 df)

Iteration 4:  10000000 integrand evaluations so far
[1] -1.95961e+06 +- 16802.9  	chisq 4.06544 (3 df)

Iteration 5:  15000000 integrand evaluations so far
[1] -1.96885e+06 +- 11751.3  	chisq 4.65666 (4 df)

Iteration 6:  21000000 integrand evaluations so far
[1] -1.95991e+06 +- 7268.18  	chisq 5.59382 (5 df)

Iteration 7:  28000000 integrand evaluations so far
[1] -1.96366e+06 +- 5499.47  	chisq 6.21731 (6 df)

Iteration 8:  36000000 integrand evaluations so far
[1] -1.95596e+06 +- 4374.6  	chisq 11.5555 (7 df)

Iteration 9:  45000000 integrand evaluations so far
[1] -1.95767e+06 +- 3490.9  	chisq 11.9763 (8 df)

Iteration 10:  55000000 integrand evaluations so far
[1] -1.96136e+06 +- 3075.88  	chisq 16.9717 (9 df)
 -1.9614 ± 0.0031 ·10⁺⁰⁶ (11.6mi) ┃Vegas input parameters:
  ndim 8
  ncomp 1
  nvec 1
  epsrel 0
  epsabs 0
  flags 10
  seed 123456
  mineval 5000000
  maxeval 50000000
  nstart 1000000
  nincrease 1000000
  nbatch 5000
  gridno 0
  statefile ""

Iteration 1:  1000000 integrand evaluations so far
[1] 2.58726e+06 +- 67880.6  	chisq 0 (0 df)

Iteration 2:  3000000 integrand evaluations so far
[1] 2.59696e+06 +- 9205.48  	chisq 0.0207965 (1 df)

Iteration 3:  6000000 integrand evaluations so far
[1] 2.60589e+06 +- 3296.34  	chisq 1.10106 (2 df)

Iteration 4:  10000000 integrand evaluations so far
[1] 2.6073e+06 +- 1968.58  	chisq 1.3841 (3 df)

Iteration 5:  15000000 integrand evaluations so far
[1] 2.60673e+06 +- 1325  	chisq 1.53453 (4 df)

Iteration 6:  21000000 integrand evaluations so far
[1] 2.6067e+06 +- 966.306  	chisq 1.53596 (5 df)

Iteration 7:  28000000 integrand evaluations so far
[1] 2.60763e+06 +- 763.038  	chisq 4.00961 (6 df)

Iteration 8:  36000000 integrand evaluations so far
[1] 2.60752e+06 +- 635.539  	chisq 4.08085 (7 df)

Iteration 9:  45000000 integrand evaluations so far
[1] 2.60762e+06 +- 547.268  	chisq 4.17972 (8 df)

Iteration 10:  55000000 integrand evaluations so far
[1] 2.60754e+06 +- 482.175  	chisq 4.27997 (9 df)
 2.60754 ± 0.00048 ·10⁺⁰⁶ (9.71mi) ┃   670.8 ±    3.2 ·10⁺⁰³ (23.2mi) ┃
┃ -0.9 -  -0.8 ┃  663.47 ±   0.14 ·10⁺⁰³ (1.14mi) ┃ -638.81 ±   0.51 ·10⁺⁰³ ( 42.1s) ┃Vegas input parameters:
  ndim 10
  ncomp 1
  nvec 1
  epsrel 0
  epsabs 0
  flags 10
  seed 123456
  mineval 50000000
  maxeval 50000000
  nstart 1000000
  nincrease 1000000
  nbatch 5000
  gridno 0
  statefile ""

Iteration 1:  1000000 integrand evaluations so far
[1] -1.8212e+06 +- 173826  	chisq 0 (0 df)

Iteration 2:  3000000 integrand evaluations so far
[1] -1.819e+06 +- 71754.4  	chisq 0.000192725 (1 df)

Iteration 3:  6000000 integrand evaluations so far
[1] -1.93237e+06 +- 35671.5  	chisq 3.31581 (2 df)

Iteration 4:  10000000 integrand evaluations so far
[1] -1.95961e+06 +- 16802.9  	chisq 4.06544 (3 df)

Iteration 5:  15000000 integrand evaluations so far
[1] -1.96885e+06 +- 11751.3  	chisq 4.65666 (4 df)

Iteration 6:  21000000 integrand evaluations so far
[1] -1.95991e+06 +- 7268.18  	chisq 5.59382 (5 df)

Iteration 7:  28000000 integrand evaluations so far
[1] -1.96366e+06 +- 5499.47  	chisq 6.21731 (6 df)

Iteration 8:  36000000 integrand evaluations so far
[1] -1.95596e+06 +- 4374.6  	chisq 11.5555 (7 df)

Iteration 9:  45000000 integrand evaluations so far
[1] -1.95767e+06 +- 3490.9  	chisq 11.9763 (8 df)

Iteration 10:  55000000 integrand evaluations so far
[1] -1.96136e+06 +- 3075.88  	chisq 16.9717 (9 df)
 -1.9614 ± 0.0031 ·10⁺⁰⁶ (11.6mi) ┃Vegas input parameters:
  ndim 8
  ncomp 1
  nvec 1
  epsrel 0
  epsabs 0
  flags 10
  seed 123456
  mineval 5000000
  maxeval 50000000
  nstart 1000000
  nincrease 1000000
  nbatch 5000
  gridno 0
  statefile ""

Iteration 1:  1000000 integrand evaluations so far
[1] 2.58726e+06 +- 67880.6  	chisq 0 (0 df)

Iteration 2:  3000000 integrand evaluations so far
[1] 2.59696e+06 +- 9205.48  	chisq 0.0207965 (1 df)

Iteration 3:  6000000 integrand evaluations so far
[1] 2.60589e+06 +- 3296.34  	chisq 1.10106 (2 df)

Iteration 4:  10000000 integrand evaluations so far
[1] 2.6073e+06 +- 1968.58  	chisq 1.3841 (3 df)

Iteration 5:  15000000 integrand evaluations so far
[1] 2.60673e+06 +- 1325  	chisq 1.53453 (4 df)

Iteration 6:  21000000 integrand evaluations so far
[1] 2.6067e+06 +- 966.306  	chisq 1.53596 (5 df)

Iteration 7:  28000000 integrand evaluations so far
[1] 2.60763e+06 +- 763.038  	chisq 4.00961 (6 df)

Iteration 8:  36000000 integrand evaluations so far
[1] 2.60752e+06 +- 635.539  	chisq 4.08085 (7 df)

Iteration 9:  45000000 integrand evaluations so far
[1] 2.60762e+06 +- 547.268  	chisq 4.17972 (8 df)

Iteration 10:  55000000 integrand evaluations so far
[1] 2.60754e+06 +- 482.175  	chisq 4.27997 (9 df)
 2.60754 ± 0.00048 ·10⁺⁰⁶ (9.72mi) ┃   670.8 ±    3.2 ·10⁺⁰³ (23.2mi) ┃
┃ -0.8 -  -0.7 ┃  663.47 ±   0.14 ·10⁺⁰³ (1.15mi) ┃ -638.81 ±   0.51 ·10⁺⁰³ ( 41.6s) ┃Vegas input parameters:
  ndim 10
  ncomp 1
  nvec 1
  epsrel 0
  epsabs 0
  flags 10
  seed 123456
  mineval 50000000
  maxeval 50000000
  nstart 1000000
  nincrease 1000000
  nbatch 5000
  gridno 0
  statefile ""

Iteration 1:  1000000 integrand evaluations so far
[1] -1.8212e+06 +- 173826  	chisq 0 (0 df)

Iteration 2:  3000000 integrand evaluations so far
[1] -1.819e+06 +- 71754.4  	chisq 0.000192725 (1 df)

Iteration 3:  6000000 integrand evaluations so far
[1] -1.93237e+06 +- 35671.5  	chisq 3.31581 (2 df)

Iteration 4:  10000000 integrand evaluations so far
[1] -1.95961e+06 +- 16802.9  	chisq 4.06544 (3 df)

Iteration 5:  15000000 integrand evaluations so far
[1] -1.96885e+06 +- 11751.3  	chisq 4.65666 (4 df)

Iteration 6:  21000000 integrand evaluations so far
[1] -1.95991e+06 +- 7268.18  	chisq 5.59382 (5 df)

Iteration 7:  28000000 integrand evaluations so far
[1] -1.96366e+06 +- 5499.47  	chisq 6.21731 (6 df)

Iteration 8:  36000000 integrand evaluations so far
[1] -1.95596e+06 +- 4374.6  	chisq 11.5555 (7 df)

Iteration 9:  45000000 integrand evaluations so far
[1] -1.95767e+06 +- 3490.9  	chisq 11.9763 (8 df)

Iteration 10:  55000000 integrand evaluations so far
[1] -1.96136e+06 +- 3075.88  	chisq 16.9717 (9 df)
 -1.9614 ± 0.0031 ·10⁺⁰⁶ (11.8mi) ┃Vegas input parameters:
  ndim 8
  ncomp 1
  nvec 1
  epsrel 0
  epsabs 0
  flags 10
  seed 123456
  mineval 5000000
  maxeval 50000000
  nstart 1000000
  nincrease 1000000
  nbatch 5000
  gridno 0
  statefile ""

Iteration 1:  1000000 integrand evaluations so far
[1] 2.58726e+06 +- 67880.6  	chisq 0 (0 df)

Iteration 2:  3000000 integrand evaluations so far
[1] 2.59696e+06 +- 9205.48  	chisq 0.0207965 (1 df)

Iteration 3:  6000000 integrand evaluations so far
[1] 2.60589e+06 +- 3296.34  	chisq 1.10106 (2 df)

Iteration 4:  10000000 integrand evaluations so far
[1] 2.6073e+06 +- 1968.58  	chisq 1.3841 (3 df)

Iteration 5:  15000000 integrand evaluations so far
[1] 2.60673e+06 +- 1325  	chisq 1.53453 (4 df)

Iteration 6:  21000000 integrand evaluations so far
[1] 2.6067e+06 +- 966.306  	chisq 1.53596 (5 df)

Iteration 7:  28000000 integrand evaluations so far
[1] 2.60763e+06 +- 763.038  	chisq 4.00961 (6 df)

Iteration 8:  36000000 integrand evaluations so far
[1] 2.60752e+06 +- 635.539  	chisq 4.08085 (7 df)

Iteration 9:  45000000 integrand evaluations so far
[1] 2.60762e+06 +- 547.268  	chisq 4.17972 (8 df)

Iteration 10:  55000000 integrand evaluations so far
[1] 2.60754e+06 +- 482.175  	chisq 4.27997 (9 df)
 2.60754 ± 0.00048 ·10⁺⁰⁶ (9.66mi) ┃   670.8 ±    3.2 ·10⁺⁰³ (23.3mi) ┃
┃ -0.7 -  -0.6 ┃  663.47 ±   0.14 ·10⁺⁰³ (1.15mi) ┃ -638.81 ±   0.51 ·10⁺⁰³ ( 41.6s) ┃Vegas input parameters:
  ndim 10
  ncomp 1
  nvec 1
  epsrel 0
  epsabs 0
  flags 10
  seed 123456
  mineval 50000000
  maxeval 50000000
  nstart 1000000
  nincrease 1000000
  nbatch 5000
  gridno 0
  statefile ""

Iteration 1:  1000000 integrand evaluations so far
[1] -1.8212e+06 +- 173826  	chisq 0 (0 df)

Iteration 2:  3000000 integrand evaluations so far
[1] -1.819e+06 +- 71754.4  	chisq 0.000192725 (1 df)

Iteration 3:  6000000 integrand evaluations so far
[1] -1.93237e+06 +- 35671.5  	chisq 3.31581 (2 df)

Iteration 4:  10000000 integrand evaluations so far
[1] -1.95961e+06 +- 16802.9  	chisq 4.06544 (3 df)

Iteration 5:  15000000 integrand evaluations so far
[1] -1.96885e+06 +- 11751.3  	chisq 4.65666 (4 df)

Iteration 6:  21000000 integrand evaluations so far
[1] -1.95991e+06 +- 7268.18  	chisq 5.59382 (5 df)

Iteration 7:  28000000 integrand evaluations so far
[1] -1.96366e+06 +- 5499.47  	chisq 6.21731 (6 df)

Iteration 8:  36000000 integrand evaluations so far
[1] -1.95596e+06 +- 4374.6  	chisq 11.5555 (7 df)

Iteration 9:  45000000 integrand evaluations so far
[1] -1.95767e+06 +- 3490.9  	chisq 11.9763 (8 df)

Iteration 10:  55000000 integrand evaluations so far
[1] -1.96136e+06 +- 3075.88  	chisq 16.9717 (9 df)
 -1.9614 ± 0.0031 ·10⁺⁰⁶ (11.6mi) ┃Vegas input parameters:
  ndim 8
  ncomp 1
  nvec 1
  epsrel 0
  epsabs 0
  flags 10
  seed 123456
  mineval 5000000
  maxeval 50000000
  nstart 1000000
  nincrease 1000000
  nbatch 5000
  gridno 0
  statefile ""

Iteration 1:  1000000 integrand evaluations so far
[1] 2.58726e+06 +- 67880.6  	chisq 0 (0 df)

Iteration 2:  3000000 integrand evaluations so far
[1] 2.59696e+06 +- 9205.48  	chisq 0.0207965 (1 df)

Iteration 3:  6000000 integrand evaluations so far
[1] 2.60589e+06 +- 3296.34  	chisq 1.10106 (2 df)

Iteration 4:  10000000 integrand evaluations so far
[1] 2.6073e+06 +- 1968.58  	chisq 1.3841 (3 df)

Iteration 5:  15000000 integrand evaluations so far
[1] 2.60673e+06 +- 1325  	chisq 1.53453 (4 df)

Iteration 6:  21000000 integrand evaluations so far
[1] 2.6067e+06 +- 966.306  	chisq 1.53596 (5 df)

Iteration 7:  28000000 integrand evaluations so far
[1] 2.60763e+06 +- 763.038  	chisq 4.00961 (6 df)

Iteration 8:  36000000 integrand evaluations so far
[1] 2.60752e+06 +- 635.539  	chisq 4.08085 (7 df)

Iteration 9:  45000000 integrand evaluations so far
[1] 2.60762e+06 +- 547.268  	chisq 4.17972 (8 df)

Iteration 10:  55000000 integrand evaluations so far
[1] 2.60754e+06 +- 482.175  	chisq 4.27997 (9 df)
 2.60754 ± 0.00048 ·10⁺⁰⁶ (9.75mi) ┃   670.8 ±    3.2 ·10⁺⁰³ (23.2mi) ┃
┃ -0.6 -  -0.5 ┃  663.47 ±   0.14 ·10⁺⁰³ (1.14mi) ┃ -638.81 ±   0.51 ·10⁺⁰³ ( 41.5s) ┃Vegas input parameters:
  ndim 10
  ncomp 1
  nvec 1
  epsrel 0
  epsabs 0
  flags 10
  seed 123456
  mineval 50000000
  maxeval 50000000
  nstart 1000000
  nincrease 1000000
  nbatch 5000
  gridno 0
  statefile ""

Iteration 1:  1000000 integrand evaluations so far
[1] -1.8212e+06 +- 173826  	chisq 0 (0 df)

Iteration 2:  3000000 integrand evaluations so far
[1] -1.819e+06 +- 71754.4  	chisq 0.000192725 (1 df)

Iteration 3:  6000000 integrand evaluations so far
[1] -1.93237e+06 +- 35671.5  	chisq 3.31581 (2 df)

Iteration 4:  10000000 integrand evaluations so far
[1] -1.95961e+06 +- 16802.9  	chisq 4.06544 (3 df)

Iteration 5:  15000000 integrand evaluations so far
[1] -1.96885e+06 +- 11751.3  	chisq 4.65666 (4 df)

Iteration 6:  21000000 integrand evaluations so far
[1] -1.95991e+06 +- 7268.18  	chisq 5.59382 (5 df)

Iteration 7:  28000000 integrand evaluations so far
[1] -1.96366e+06 +- 5499.47  	chisq 6.21731 (6 df)

Iteration 8:  36000000 integrand evaluations so far
[1] -1.95596e+06 +- 4374.6  	chisq 11.5555 (7 df)

Iteration 9:  45000000 integrand evaluations so far
[1] -1.95767e+06 +- 3490.9  	chisq 11.9763 (8 df)

Iteration 10:  55000000 integrand evaluations so far
[1] -1.96136e+06 +- 3075.88  	chisq 16.9717 (9 df)
 -1.9614 ± 0.0031 ·10⁺⁰⁶ (11.7mi) ┃Vegas input parameters:
  ndim 8
  ncomp 1
  nvec 1
  epsrel 0
  epsabs 0
  flags 10
  seed 123456
  mineval 5000000
  maxeval 50000000
  nstart 1000000
  nincrease 1000000
  nbatch 5000
  gridno 0
  statefile ""

Iteration 1:  1000000 integrand evaluations so far
[1] 2.58726e+06 +- 67880.6  	chisq 0 (0 df)

Iteration 2:  3000000 integrand evaluations so far
[1] 2.59696e+06 +- 9205.48  	chisq 0.0207965 (1 df)

Iteration 3:  6000000 integrand evaluations so far
[1] 2.60589e+06 +- 3296.34  	chisq 1.10106 (2 df)

Iteration 4:  10000000 integrand evaluations so far
[1] 2.6073e+06 +- 1968.58  	chisq 1.3841 (3 df)

Iteration 5:  15000000 integrand evaluations so far
[1] 2.60673e+06 +- 1325  	chisq 1.53453 (4 df)

Iteration 6:  21000000 integrand evaluations so far
[1] 2.6067e+06 +- 966.306  	chisq 1.53596 (5 df)

Iteration 7:  28000000 integrand evaluations so far
[1] 2.60763e+06 +- 763.038  	chisq 4.00961 (6 df)

Iteration 8:  36000000 integrand evaluations so far
[1] 2.60752e+06 +- 635.539  	chisq 4.08085 (7 df)

Iteration 9:  45000000 integrand evaluations so far
[1] 2.60762e+06 +- 547.268  	chisq 4.17972 (8 df)

Iteration 10:  55000000 integrand evaluations so far
[1] 2.60754e+06 +- 482.175  	chisq 4.27997 (9 df)
 2.60754 ± 0.00048 ·10⁺⁰⁶ (9.74mi) ┃   670.8 ±    3.2 ·10⁺⁰³ (23.3mi) ┃
┃ -0.5 -  -0.4 ┃  663.47 ±   0.14 ·10⁺⁰³ (1.15mi) ┃ -638.81 ±   0.51 ·10⁺⁰³ ( 41.4s) ┃Vegas input parameters:
  ndim 10
  ncomp 1
  nvec 1
  epsrel 0
  epsabs 0
  flags 10
  seed 123456
  mineval 50000000
  maxeval 50000000
  nstart 1000000
  nincrease 1000000
  nbatch 5000
  gridno 0
  statefile ""

Iteration 1:  1000000 integrand evaluations so far
[1] -1.8212e+06 +- 173826  	chisq 0 (0 df)

Iteration 2:  3000000 integrand evaluations so far
[1] -1.819e+06 +- 71754.4  	chisq 0.000192725 (1 df)

Iteration 3:  6000000 integrand evaluations so far
[1] -1.93237e+06 +- 35671.5  	chisq 3.31581 (2 df)

Iteration 4:  10000000 integrand evaluations so far
[1] -1.95961e+06 +- 16802.9  	chisq 4.06544 (3 df)

Iteration 5:  15000000 integrand evaluations so far
[1] -1.96885e+06 +- 11751.3  	chisq 4.65666 (4 df)

Iteration 6:  21000000 integrand evaluations so far
[1] -1.95991e+06 +- 7268.18  	chisq 5.59382 (5 df)

Iteration 7:  28000000 integrand evaluations so far
[1] -1.96366e+06 +- 5499.47  	chisq 6.21731 (6 df)

Iteration 8:  36000000 integrand evaluations so far
[1] -1.95596e+06 +- 4374.6  	chisq 11.5555 (7 df)

Iteration 9:  45000000 integrand evaluations so far
[1] -1.95767e+06 +- 3490.9  	chisq 11.9763 (8 df)

Iteration 10:  55000000 integrand evaluations so far
[1] -1.96136e+06 +- 3075.88  	chisq 16.9717 (9 df)
 -1.9614 ± 0.0031 ·10⁺⁰⁶ (11.6mi) ┃Vegas input parameters:
  ndim 8
  ncomp 1
  nvec 1
  epsrel 0
  epsabs 0
  flags 10
  seed 123456
  mineval 5000000
  maxeval 50000000
  nstart 1000000
  nincrease 1000000
  nbatch 5000
  gridno 0
  statefile ""

Iteration 1:  1000000 integrand evaluations so far
[1] 2.58726e+06 +- 67880.6  	chisq 0 (0 df)

Iteration 2:  3000000 integrand evaluations so far
[1] 2.59696e+06 +- 9205.48  	chisq 0.0207965 (1 df)

Iteration 3:  6000000 integrand evaluations so far
[1] 2.60589e+06 +- 3296.34  	chisq 1.10106 (2 df)

Iteration 4:  10000000 integrand evaluations so far
[1] 2.6073e+06 +- 1968.58  	chisq 1.3841 (3 df)

Iteration 5:  15000000 integrand evaluations so far
[1] 2.60673e+06 +- 1325  	chisq 1.53453 (4 df)

Iteration 6:  21000000 integrand evaluations so far
[1] 2.6067e+06 +- 966.306  	chisq 1.53596 (5 df)

Iteration 7:  28000000 integrand evaluations so far
[1] 2.60763e+06 +- 763.038  	chisq 4.00961 (6 df)

Iteration 8:  36000000 integrand evaluations so far
[1] 2.60752e+06 +- 635.539  	chisq 4.08085 (7 df)

Iteration 9:  45000000 integrand evaluations so far
[1] 2.60762e+06 +- 547.268  	chisq 4.17972 (8 df)

Iteration 10:  55000000 integrand evaluations so far
[1] 2.60754e+06 +- 482.175  	chisq 4.27997 (9 df)
 2.60754 ± 0.00048 ·10⁺⁰⁶ ( 9.7mi) ┃   670.8 ±    3.2 ·10⁺⁰³ (23.2mi) ┃
┃ -0.4 -  -0.3 ┃  663.47 ±   0.14 ·10⁺⁰³ (1.15mi) ┃ -638.81 ±   0.51 ·10⁺⁰³ ( 41.7s) ┃Vegas input parameters:
  ndim 10
  ncomp 1
  nvec 1
  epsrel 0
  epsabs 0
  flags 10
  seed 123456
  mineval 50000000
  maxeval 50000000
  nstart 1000000
  nincrease 1000000
  nbatch 5000
  gridno 0
  statefile ""

Iteration 1:  1000000 integrand evaluations so far
[1] -1.8212e+06 +- 173826  	chisq 0 (0 df)

Iteration 2:  3000000 integrand evaluations so far
[1] -1.819e+06 +- 71754.4  	chisq 0.000192725 (1 df)

Iteration 3:  6000000 integrand evaluations so far
[1] -1.93237e+06 +- 35671.5  	chisq 3.31581 (2 df)

Iteration 4:  10000000 integrand evaluations so far
[1] -1.95961e+06 +- 16802.9  	chisq 4.06544 (3 df)

Iteration 5:  15000000 integrand evaluations so far
[1] -1.96885e+06 +- 11751.3  	chisq 4.65666 (4 df)

Iteration 6:  21000000 integrand evaluations so far
[1] -1.95991e+06 +- 7268.18  	chisq 5.59382 (5 df)

Iteration 7:  28000000 integrand evaluations so far
[1] -1.96366e+06 +- 5499.47  	chisq 6.21731 (6 df)

Iteration 8:  36000000 integrand evaluations so far
[1] -1.95596e+06 +- 4374.6  	chisq 11.5555 (7 df)

Iteration 9:  45000000 integrand evaluations so far
[1] -1.95767e+06 +- 3490.9  	chisq 11.9763 (8 df)

Iteration 10:  55000000 integrand evaluations so far
[1] -1.96136e+06 +- 3075.88  	chisq 16.9717 (9 df)
 -1.9614 ± 0.0031 ·10⁺⁰⁶ (11.7mi) ┃Vegas input parameters:
  ndim 8
  ncomp 1
  nvec 1
  epsrel 0
  epsabs 0
  flags 10
  seed 123456
  mineval 5000000
  maxeval 50000000
  nstart 1000000
  nincrease 1000000
  nbatch 5000
  gridno 0
  statefile ""

Iteration 1:  1000000 integrand evaluations so far
[1] 2.58726e+06 +- 67880.6  	chisq 0 (0 df)

Iteration 2:  3000000 integrand evaluations so far
[1] 2.59696e+06 +- 9205.48  	chisq 0.0207965 (1 df)

Iteration 3:  6000000 integrand evaluations so far
[1] 2.60589e+06 +- 3296.34  	chisq 1.10106 (2 df)

Iteration 4:  10000000 integrand evaluations so far
[1] 2.6073e+06 +- 1968.58  	chisq 1.3841 (3 df)

Iteration 5:  15000000 integrand evaluations so far
[1] 2.60673e+06 +- 1325  	chisq 1.53453 (4 df)

Iteration 6:  21000000 integrand evaluations so far
[1] 2.6067e+06 +- 966.306  	chisq 1.53596 (5 df)

Iteration 7:  28000000 integrand evaluations so far
[1] 2.60763e+06 +- 763.038  	chisq 4.00961 (6 df)

Iteration 8:  36000000 integrand evaluations so far
[1] 2.60752e+06 +- 635.539  	chisq 4.08085 (7 df)

Iteration 9:  45000000 integrand evaluations so far
[1] 2.60762e+06 +- 547.268  	chisq 4.17972 (8 df)

Iteration 10:  55000000 integrand evaluations so far
[1] 2.60754e+06 +- 482.175  	chisq 4.27997 (9 df)
 2.60754 ± 0.00048 ·10⁺⁰⁶ (9.68mi) ┃   670.8 ±    3.2 ·10⁺⁰³ (23.2mi) ┃
┃ -0.3 -  -0.2 ┃  663.47 ±   0.14 ·10⁺⁰³ (1.14mi) ┃ -638.81 ±   0.51 ·10⁺⁰³ ( 41.6s) ┃Vegas input parameters:
  ndim 10
  ncomp 1
  nvec 1
  epsrel 0
  epsabs 0
  flags 10
  seed 123456
  mineval 50000000
  maxeval 50000000
  nstart 1000000
  nincrease 1000000
  nbatch 5000
  gridno 0
  statefile ""

Iteration 1:  1000000 integrand evaluations so far
[1] -1.8212e+06 +- 173826  	chisq 0 (0 df)

Iteration 2:  3000000 integrand evaluations so far
[1] -1.819e+06 +- 71754.4  	chisq 0.000192725 (1 df)

Iteration 3:  6000000 integrand evaluations so far
[1] -1.93237e+06 +- 35671.5  	chisq 3.31581 (2 df)

Iteration 4:  10000000 integrand evaluations so far
[1] -1.95961e+06 +- 16802.9  	chisq 4.06544 (3 df)

Iteration 5:  15000000 integrand evaluations so far
[1] -1.96885e+06 +- 11751.3  	chisq 4.65666 (4 df)

Iteration 6:  21000000 integrand evaluations so far
[1] -1.95991e+06 +- 7268.18  	chisq 5.59382 (5 df)

Iteration 7:  28000000 integrand evaluations so far
[1] -1.96366e+06 +- 5499.47  	chisq 6.21731 (6 df)

Iteration 8:  36000000 integrand evaluations so far
[1] -1.95596e+06 +- 4374.6  	chisq 11.5555 (7 df)

Iteration 9:  45000000 integrand evaluations so far
[1] -1.95767e+06 +- 3490.9  	chisq 11.9763 (8 df)

Iteration 10:  55000000 integrand evaluations so far
[1] -1.96136e+06 +- 3075.88  	chisq 16.9717 (9 df)
 -1.9614 ± 0.0031 ·10⁺⁰⁶ (11.6mi) ┃Vegas input parameters:
  ndim 8
  ncomp 1
  nvec 1
  epsrel 0
  epsabs 0
  flags 10
  seed 123456
  mineval 5000000
  maxeval 50000000
  nstart 1000000
  nincrease 1000000
  nbatch 5000
  gridno 0
  statefile ""

Iteration 1:  1000000 integrand evaluations so far
[1] 2.58726e+06 +- 67880.6  	chisq 0 (0 df)

Iteration 2:  3000000 integrand evaluations so far
[1] 2.59696e+06 +- 9205.48  	chisq 0.0207965 (1 df)

Iteration 3:  6000000 integrand evaluations so far
[1] 2.60589e+06 +- 3296.34  	chisq 1.10106 (2 df)

Iteration 4:  10000000 integrand evaluations so far
[1] 2.6073e+06 +- 1968.58  	chisq 1.3841 (3 df)

Iteration 5:  15000000 integrand evaluations so far
[1] 2.60673e+06 +- 1325  	chisq 1.53453 (4 df)

Iteration 6:  21000000 integrand evaluations so far
[1] 2.6067e+06 +- 966.306  	chisq 1.53596 (5 df)

Iteration 7:  28000000 integrand evaluations so far
[1] 2.60763e+06 +- 763.038  	chisq 4.00961 (6 df)

Iteration 8:  36000000 integrand evaluations so far
[1] 2.60752e+06 +- 635.539  	chisq 4.08085 (7 df)

Iteration 9:  45000000 integrand evaluations so far
[1] 2.60762e+06 +- 547.268  	chisq 4.17972 (8 df)

Iteration 10:  55000000 integrand evaluations so far
[1] 2.60754e+06 +- 482.175  	chisq 4.27997 (9 df)
 2.60754 ± 0.00048 ·10⁺⁰⁶ (9.73mi) ┃   670.8 ±    3.2 ·10⁺⁰³ (23.2mi) ┃
┃ -0.2 -  -0.1 ┃  663.47 ±   0.14 ·10⁺⁰³ (1.14mi) ┃ -638.81 ±   0.51 ·10⁺⁰³ ( 41.4s) ┃Vegas input parameters:
  ndim 10
  ncomp 1
  nvec 1
  epsrel 0
  epsabs 0
  flags 10
  seed 123456
  mineval 50000000
  maxeval 50000000
  nstart 1000000
  nincrease 1000000
  nbatch 5000
  gridno 0
  statefile ""

Iteration 1:  1000000 integrand evaluations so far
[1] -1.8212e+06 +- 173826  	chisq 0 (0 df)

Iteration 2:  3000000 integrand evaluations so far
[1] -1.819e+06 +- 71754.4  	chisq 0.000192725 (1 df)

Iteration 3:  6000000 integrand evaluations so far
[1] -1.93237e+06 +- 35671.5  	chisq 3.31581 (2 df)

Iteration 4:  10000000 integrand evaluations so far
[1] -1.95961e+06 +- 16802.9  	chisq 4.06544 (3 df)

Iteration 5:  15000000 integrand evaluations so far
[1] -1.96885e+06 +- 11751.3  	chisq 4.65666 (4 df)

Iteration 6:  21000000 integrand evaluations so far
[1] -1.95991e+06 +- 7268.18  	chisq 5.59382 (5 df)

Iteration 7:  28000000 integrand evaluations so far
[1] -1.96366e+06 +- 5499.47  	chisq 6.21731 (6 df)

Iteration 8:  36000000 integrand evaluations so far
[1] -1.95596e+06 +- 4374.6  	chisq 11.5555 (7 df)

Iteration 9:  45000000 integrand evaluations so far
[1] -1.95767e+06 +- 3490.9  	chisq 11.9763 (8 df)

Iteration 10:  55000000 integrand evaluations so far
[1] -1.96136e+06 +- 3075.88  	chisq 16.9717 (9 df)
 -1.9614 ± 0.0031 ·10⁺⁰⁶ (11.6mi) ┃Vegas input parameters:
  ndim 8
  ncomp 1
  nvec 1
  epsrel 0
  epsabs 0
  flags 10
  seed 123456
  mineval 5000000
  maxeval 50000000
  nstart 1000000
  nincrease 1000000
  nbatch 5000
  gridno 0
  statefile ""

Iteration 1:  1000000 integrand evaluations so far
[1] 2.58726e+06 +- 67880.6  	chisq 0 (0 df)

Iteration 2:  3000000 integrand evaluations so far
[1] 2.59696e+06 +- 9205.48  	chisq 0.0207965 (1 df)

Iteration 3:  6000000 integrand evaluations so far
[1] 2.60589e+06 +- 3296.34  	chisq 1.10106 (2 df)

Iteration 4:  10000000 integrand evaluations so far
[1] 2.6073e+06 +- 1968.58  	chisq 1.3841 (3 df)

Iteration 5:  15000000 integrand evaluations so far
[1] 2.60673e+06 +- 1325  	chisq 1.53453 (4 df)

Iteration 6:  21000000 integrand evaluations so far
[1] 2.6067e+06 +- 966.306  	chisq 1.53596 (5 df)

Iteration 7:  28000000 integrand evaluations so far
[1] 2.60763e+06 +- 763.038  	chisq 4.00961 (6 df)

Iteration 8:  36000000 integrand evaluations so far
[1] 2.60752e+06 +- 635.539  	chisq 4.08085 (7 df)

Iteration 9:  45000000 integrand evaluations so far
[1] 2.60762e+06 +- 547.268  	chisq 4.17972 (8 df)

Iteration 10:  55000000 integrand evaluations so far
[1] 2.60754e+06 +- 482.175  	chisq 4.27997 (9 df)
 2.60754 ± 0.00048 ·10⁺⁰⁶ (9.55mi) ┃   670.8 ±    3.2 ·10⁺⁰³ (  23mi) ┃
┃ -0.1 -     0 ┃  663.47 ±   0.14 ·10⁺⁰³ (1.13mi) ┃ -638.81 ±   0.51 ·10⁺⁰³ ( 40.7s) ┃Vegas input parameters:
  ndim 10
  ncomp 1
  nvec 1
  epsrel 0
  epsabs 0
  flags 10
  seed 123456
  mineval 50000000
  maxeval 50000000
  nstart 1000000
  nincrease 1000000
  nbatch 5000
  gridno 0
  statefile ""

Iteration 1:  1000000 integrand evaluations so far
[1] -1.8212e+06 +- 173826  	chisq 0 (0 df)

Iteration 2:  3000000 integrand evaluations so far
[1] -1.819e+06 +- 71754.4  	chisq 0.000192725 (1 df)

Iteration 3:  6000000 integrand evaluations so far
[1] -1.93237e+06 +- 35671.5  	chisq 3.31581 (2 df)

Iteration 4:  10000000 integrand evaluations so far
[1] -1.95961e+06 +- 16802.9  	chisq 4.06544 (3 df)

Iteration 5:  15000000 integrand evaluations so far
[1] -1.96885e+06 +- 11751.3  	chisq 4.65666 (4 df)

Iteration 6:  21000000 integrand evaluations so far
[1] -1.95991e+06 +- 7268.18  	chisq 5.59382 (5 df)

Iteration 7:  28000000 integrand evaluations so far
[1] -1.96366e+06 +- 5499.47  	chisq 6.21731 (6 df)

Iteration 8:  36000000 integrand evaluations so far
[1] -1.95596e+06 +- 4374.6  	chisq 11.5555 (7 df)

Iteration 9:  45000000 integrand evaluations so far
[1] -1.95767e+06 +- 3490.9  	chisq 11.9763 (8 df)

Iteration 10:  55000000 integrand evaluations so far
[1] -1.96136e+06 +- 3075.88  	chisq 16.9717 (9 df)
 -1.9614 ± 0.0031 ·10⁺⁰⁶ (11.6mi) ┃Vegas input parameters:
  ndim 8
  ncomp 1
  nvec 1
  epsrel 0
  epsabs 0
  flags 10
  seed 123456
  mineval 5000000
  maxeval 50000000
  nstart 1000000
  nincrease 1000000
  nbatch 5000
  gridno 0
  statefile ""

Iteration 1:  1000000 integrand evaluations so far
[1] 2.58726e+06 +- 67880.6  	chisq 0 (0 df)

Iteration 2:  3000000 integrand evaluations so far
[1] 2.59696e+06 +- 9205.48  	chisq 0.0207965 (1 df)

Iteration 3:  6000000 integrand evaluations so far
[1] 2.60589e+06 +- 3296.34  	chisq 1.10106 (2 df)

Iteration 4:  10000000 integrand evaluations so far
[1] 2.6073e+06 +- 1968.58  	chisq 1.3841 (3 df)

Iteration 5:  15000000 integrand evaluations so far
[1] 2.60673e+06 +- 1325  	chisq 1.53453 (4 df)

Iteration 6:  21000000 integrand evaluations so far
[1] 2.6067e+06 +- 966.306  	chisq 1.53596 (5 df)

Iteration 7:  28000000 integrand evaluations so far
[1] 2.60763e+06 +- 763.038  	chisq 4.00961 (6 df)

Iteration 8:  36000000 integrand evaluations so far
[1] 2.60752e+06 +- 635.539  	chisq 4.08085 (7 df)

Iteration 9:  45000000 integrand evaluations so far
[1] 2.60762e+06 +- 547.268  	chisq 4.17972 (8 df)

Iteration 10:  55000000 integrand evaluations so far
[1] 2.60754e+06 +- 482.175  	chisq 4.27997 (9 df)
 2.60754 ± 0.00048 ·10⁺⁰⁶ (9.67mi) ┃   670.8 ±    3.2 ·10⁺⁰³ (23.1mi) ┃
┃    0 -   0.1 ┃  663.47 ±   0.14 ·10⁺⁰³ (1.13mi) ┃ -638.81 ±   0.51 ·10⁺⁰³ ( 40.8s) ┃Vegas input parameters:
  ndim 10
  ncomp 1
  nvec 1
  epsrel 0
  epsabs 0
  flags 10
  seed 123456
  mineval 50000000
  maxeval 50000000
  nstart 1000000
  nincrease 1000000
  nbatch 5000
  gridno 0
  statefile ""

Iteration 1:  1000000 integrand evaluations so far
[1] -1.8212e+06 +- 173826  	chisq 0 (0 df)

Iteration 2:  3000000 integrand evaluations so far
[1] -1.819e+06 +- 71754.4  	chisq 0.000192725 (1 df)

Iteration 3:  6000000 integrand evaluations so far
[1] -1.93237e+06 +- 35671.5  	chisq 3.31581 (2 df)

Iteration 4:  10000000 integrand evaluations so far
[1] -1.95961e+06 +- 16802.9  	chisq 4.06544 (3 df)

Iteration 5:  15000000 integrand evaluations so far
[1] -1.96885e+06 +- 11751.3  	chisq 4.65666 (4 df)

Iteration 6:  21000000 integrand evaluations so far
[1] -1.95991e+06 +- 7268.18  	chisq 5.59382 (5 df)

Iteration 7:  28000000 integrand evaluations so far
[1] -1.96366e+06 +- 5499.47  	chisq 6.21731 (6 df)

Iteration 8:  36000000 integrand evaluations so far
[1] -1.95596e+06 +- 4374.6  	chisq 11.5555 (7 df)

Iteration 9:  45000000 integrand evaluations so far
[1] -1.95767e+06 +- 3490.9  	chisq 11.9763 (8 df)

Iteration 10:  55000000 integrand evaluations so far
[1] -1.96136e+06 +- 3075.88  	chisq 16.9717 (9 df)
 -1.9614 ± 0.0031 ·10⁺⁰⁶ (11.6mi) ┃Vegas input parameters:
  ndim 8
  ncomp 1
  nvec 1
  epsrel 0
  epsabs 0
  flags 10
  seed 123456
  mineval 5000000
  maxeval 50000000
  nstart 1000000
  nincrease 1000000
  nbatch 5000
  gridno 0
  statefile ""

Iteration 1:  1000000 integrand evaluations so far
[1] 2.58726e+06 +- 67880.6  	chisq 0 (0 df)

Iteration 2:  3000000 integrand evaluations so far
[1] 2.59696e+06 +- 9205.48  	chisq 0.0207965 (1 df)

Iteration 3:  6000000 integrand evaluations so far
[1] 2.60589e+06 +- 3296.34  	chisq 1.10106 (2 df)

Iteration 4:  10000000 integrand evaluations so far
[1] 2.6073e+06 +- 1968.58  	chisq 1.3841 (3 df)

Iteration 5:  15000000 integrand evaluations so far
[1] 2.60673e+06 +- 1325  	chisq 1.53453 (4 df)

Iteration 6:  21000000 integrand evaluations so far
[1] 2.6067e+06 +- 966.306  	chisq 1.53596 (5 df)

Iteration 7:  28000000 integrand evaluations so far
[1] 2.60763e+06 +- 763.038  	chisq 4.00961 (6 df)

Iteration 8:  36000000 integrand evaluations so far
[1] 2.60752e+06 +- 635.539  	chisq 4.08085 (7 df)

Iteration 9:  45000000 integrand evaluations so far
[1] 2.60762e+06 +- 547.268  	chisq 4.17972 (8 df)

Iteration 10:  55000000 integrand evaluations so far
[1] 2.60754e+06 +- 482.175  	chisq 4.27997 (9 df)
 2.60754 ± 0.00048 ·10⁺⁰⁶ (9.61mi) ┃   670.8 ±    3.2 ·10⁺⁰³ (  23mi) ┃
┃  0.1 -   0.2 ┃  663.47 ±   0.14 ·10⁺⁰³ (1.14mi) ┃ -638.81 ±   0.51 ·10⁺⁰³ ( 41.4s) ┃Vegas input parameters:
  ndim 10
  ncomp 1
  nvec 1
  epsrel 0
  epsabs 0
  flags 10
  seed 123456
  mineval 50000000
  maxeval 50000000
  nstart 1000000
  nincrease 1000000
  nbatch 5000
  gridno 0
  statefile ""

Iteration 1:  1000000 integrand evaluations so far
[1] -1.8212e+06 +- 173826  	chisq 0 (0 df)

Iteration 2:  3000000 integrand evaluations so far
[1] -1.819e+06 +- 71754.4  	chisq 0.000192725 (1 df)

Iteration 3:  6000000 integrand evaluations so far
[1] -1.93237e+06 +- 35671.5  	chisq 3.31581 (2 df)

Iteration 4:  10000000 integrand evaluations so far
[1] -1.95961e+06 +- 16802.9  	chisq 4.06544 (3 df)

Iteration 5:  15000000 integrand evaluations so far
[1] -1.96885e+06 +- 11751.3  	chisq 4.65666 (4 df)

Iteration 6:  21000000 integrand evaluations so far
[1] -1.95991e+06 +- 7268.18  	chisq 5.59382 (5 df)

Iteration 7:  28000000 integrand evaluations so far
[1] -1.96366e+06 +- 5499.47  	chisq 6.21731 (6 df)

Iteration 8:  36000000 integrand evaluations so far
[1] -1.95596e+06 +- 4374.6  	chisq 11.5555 (7 df)

Iteration 9:  45000000 integrand evaluations so far
[1] -1.95767e+06 +- 3490.9  	chisq 11.9763 (8 df)

Iteration 10:  55000000 integrand evaluations so far
[1] -1.96136e+06 +- 3075.88  	chisq 16.9717 (9 df)
 -1.9614 ± 0.0031 ·10⁺⁰⁶ (11.6mi) ┃Vegas input parameters:
  ndim 8
  ncomp 1
  nvec 1
  epsrel 0
  epsabs 0
  flags 10
  seed 123456
  mineval 5000000
  maxeval 50000000
  nstart 1000000
  nincrease 1000000
  nbatch 5000
  gridno 0
  statefile ""

Iteration 1:  1000000 integrand evaluations so far
[1] 2.58726e+06 +- 67880.6  	chisq 0 (0 df)

Iteration 2:  3000000 integrand evaluations so far
[1] 2.59696e+06 +- 9205.48  	chisq 0.0207965 (1 df)

Iteration 3:  6000000 integrand evaluations so far
[1] 2.60589e+06 +- 3296.34  	chisq 1.10106 (2 df)

Iteration 4:  10000000 integrand evaluations so far
[1] 2.6073e+06 +- 1968.58  	chisq 1.3841 (3 df)

Iteration 5:  15000000 integrand evaluations so far
[1] 2.60673e+06 +- 1325  	chisq 1.53453 (4 df)

Iteration 6:  21000000 integrand evaluations so far
[1] 2.6067e+06 +- 966.306  	chisq 1.53596 (5 df)

Iteration 7:  28000000 integrand evaluations so far
[1] 2.60763e+06 +- 763.038  	chisq 4.00961 (6 df)

Iteration 8:  36000000 integrand evaluations so far
[1] 2.60752e+06 +- 635.539  	chisq 4.08085 (7 df)

Iteration 9:  45000000 integrand evaluations so far
[1] 2.60762e+06 +- 547.268  	chisq 4.17972 (8 df)

Iteration 10:  55000000 integrand evaluations so far
[1] 2.60754e+06 +- 482.175  	chisq 4.27997 (9 df)
 2.60754 ± 0.00048 ·10⁺⁰⁶ (9.57mi) ┃   670.8 ±    3.2 ·10⁺⁰³ (  23mi) ┃
┃  0.2 -   0.3 ┃  663.47 ±   0.14 ·10⁺⁰³ (1.11mi) ┃ -638.81 ±   0.51 ·10⁺⁰³ ( 40.4s) ┃Vegas input parameters:
  ndim 10
  ncomp 1
  nvec 1
  epsrel 0
  epsabs 0
  flags 10
  seed 123456
  mineval 50000000
  maxeval 50000000
  nstart 1000000
  nincrease 1000000
  nbatch 5000
  gridno 0
  statefile ""

Iteration 1:  1000000 integrand evaluations so far
[1] -1.8212e+06 +- 173826  	chisq 0 (0 df)

Iteration 2:  3000000 integrand evaluations so far
[1] -1.819e+06 +- 71754.4  	chisq 0.000192725 (1 df)

Iteration 3:  6000000 integrand evaluations so far
[1] -1.93237e+06 +- 35671.5  	chisq 3.31581 (2 df)

Iteration 4:  10000000 integrand evaluations so far
[1] -1.95961e+06 +- 16802.9  	chisq 4.06544 (3 df)

Iteration 5:  15000000 integrand evaluations so far
[1] -1.96885e+06 +- 11751.3  	chisq 4.65666 (4 df)

Iteration 6:  21000000 integrand evaluations so far
[1] -1.95991e+06 +- 7268.18  	chisq 5.59382 (5 df)

Iteration 7:  28000000 integrand evaluations so far
[1] -1.96366e+06 +- 5499.47  	chisq 6.21731 (6 df)

Iteration 8:  36000000 integrand evaluations so far
[1] -1.95596e+06 +- 4374.6  	chisq 11.5555 (7 df)

Iteration 9:  45000000 integrand evaluations so far
[1] -1.95767e+06 +- 3490.9  	chisq 11.9763 (8 df)

Iteration 10:  55000000 integrand evaluations so far
[1] -1.96136e+06 +- 3075.88  	chisq 16.9717 (9 df)
 -1.9614 ± 0.0031 ·10⁺⁰⁶ (11.5mi) ┃Vegas input parameters:
  ndim 8
  ncomp 1
  nvec 1
  epsrel 0
  epsabs 0
  flags 10
  seed 123456
  mineval 5000000
  maxeval 50000000
  nstart 1000000
  nincrease 1000000
  nbatch 5000
  gridno 0
  statefile ""

Iteration 1:  1000000 integrand evaluations so far
[1] 2.58726e+06 +- 67880.6  	chisq 0 (0 df)

Iteration 2:  3000000 integrand evaluations so far
[1] 2.59696e+06 +- 9205.48  	chisq 0.0207965 (1 df)

Iteration 3:  6000000 integrand evaluations so far
[1] 2.60589e+06 +- 3296.34  	chisq 1.10106 (2 df)

Iteration 4:  10000000 integrand evaluations so far
[1] 2.6073e+06 +- 1968.58  	chisq 1.3841 (3 df)

Iteration 5:  15000000 integrand evaluations so far
[1] 2.60673e+06 +- 1325  	chisq 1.53453 (4 df)

Iteration 6:  21000000 integrand evaluations so far
[1] 2.6067e+06 +- 966.306  	chisq 1.53596 (5 df)

Iteration 7:  28000000 integrand evaluations so far
[1] 2.60763e+06 +- 763.038  	chisq 4.00961 (6 df)

Iteration 8:  36000000 integrand evaluations so far
[1] 2.60752e+06 +- 635.539  	chisq 4.08085 (7 df)

Iteration 9:  45000000 integrand evaluations so far
[1] 2.60762e+06 +- 547.268  	chisq 4.17972 (8 df)

Iteration 10:  55000000 integrand evaluations so far
[1] 2.60754e+06 +- 482.175  	chisq 4.27997 (9 df)
 2.60754 ± 0.00048 ·10⁺⁰⁶ (9.58mi) ┃   670.8 ±    3.2 ·10⁺⁰³ (22.9mi) ┃
┃  0.3 -   0.4 ┃  663.47 ±   0.14 ·10⁺⁰³ (1.12mi) ┃ -638.81 ±   0.51 ·10⁺⁰³ ( 40.7s) ┃Vegas input parameters:
  ndim 10
  ncomp 1
  nvec 1
  epsrel 0
  epsabs 0
  flags 10
  seed 123456
  mineval 50000000
  maxeval 50000000
  nstart 1000000
  nincrease 1000000
  nbatch 5000
  gridno 0
  statefile ""

Iteration 1:  1000000 integrand evaluations so far
[1] -1.8212e+06 +- 173826  	chisq 0 (0 df)

Iteration 2:  3000000 integrand evaluations so far
[1] -1.819e+06 +- 71754.4  	chisq 0.000192725 (1 df)

Iteration 3:  6000000 integrand evaluations so far
[1] -1.93237e+06 +- 35671.5  	chisq 3.31581 (2 df)

Iteration 4:  10000000 integrand evaluations so far
[1] -1.95961e+06 +- 16802.9  	chisq 4.06544 (3 df)

Iteration 5:  15000000 integrand evaluations so far
[1] -1.96885e+06 +- 11751.3  	chisq 4.65666 (4 df)

Iteration 6:  21000000 integrand evaluations so far
[1] -1.95991e+06 +- 7268.18  	chisq 5.59382 (5 df)

Iteration 7:  28000000 integrand evaluations so far
[1] -1.96366e+06 +- 5499.47  	chisq 6.21731 (6 df)

Iteration 8:  36000000 integrand evaluations so far
[1] -1.95596e+06 +- 4374.6  	chisq 11.5555 (7 df)

Iteration 9:  45000000 integrand evaluations so far
[1] -1.95767e+06 +- 3490.9  	chisq 11.9763 (8 df)

Iteration 10:  55000000 integrand evaluations so far
[1] -1.96136e+06 +- 3075.88  	chisq 16.9717 (9 df)
 -1.9614 ± 0.0031 ·10⁺⁰⁶ (11.4mi) ┃Vegas input parameters:
  ndim 8
  ncomp 1
  nvec 1
  epsrel 0
  epsabs 0
  flags 10
  seed 123456
  mineval 5000000
  maxeval 50000000
  nstart 1000000
  nincrease 1000000
  nbatch 5000
  gridno 0
  statefile ""

Iteration 1:  1000000 integrand evaluations so far
[1] 2.58726e+06 +- 67880.6  	chisq 0 (0 df)

Iteration 2:  3000000 integrand evaluations so far
[1] 2.59696e+06 +- 9205.48  	chisq 0.0207965 (1 df)

Iteration 3:  6000000 integrand evaluations so far
[1] 2.60589e+06 +- 3296.34  	chisq 1.10106 (2 df)

Iteration 4:  10000000 integrand evaluations so far
[1] 2.6073e+06 +- 1968.58  	chisq 1.3841 (3 df)

Iteration 5:  15000000 integrand evaluations so far
[1] 2.60673e+06 +- 1325  	chisq 1.53453 (4 df)

Iteration 6:  21000000 integrand evaluations so far
[1] 2.6067e+06 +- 966.306  	chisq 1.53596 (5 df)

Iteration 7:  28000000 integrand evaluations so far
[1] 2.60763e+06 +- 763.038  	chisq 4.00961 (6 df)

Iteration 8:  36000000 integrand evaluations so far
[1] 2.60752e+06 +- 635.539  	chisq 4.08085 (7 df)

Iteration 9:  45000000 integrand evaluations so far
[1] 2.60762e+06 +- 547.268  	chisq 4.17972 (8 df)

Iteration 10:  55000000 integrand evaluations so far
[1] 2.60754e+06 +- 482.175  	chisq 4.27997 (9 df)
 2.60754 ± 0.00048 ·10⁺⁰⁶ (9.55mi) ┃   670.8 ±    3.2 ·10⁺⁰³ (22.8mi) ┃
┃  0.4 -   0.5 ┃  663.47 ±   0.14 ·10⁺⁰³ (1.11mi) ┃ -638.81 ±   0.51 ·10⁺⁰³ ( 40.4s) ┃Vegas input parameters:
  ndim 10
  ncomp 1
  nvec 1
  epsrel 0
  epsabs 0
  flags 10
  seed 123456
  mineval 50000000
  maxeval 50000000
  nstart 1000000
  nincrease 1000000
  nbatch 5000
  gridno 0
  statefile ""

Iteration 1:  1000000 integrand evaluations so far
[1] -1.8212e+06 +- 173826  	chisq 0 (0 df)

Iteration 2:  3000000 integrand evaluations so far
[1] -1.819e+06 +- 71754.4  	chisq 0.000192725 (1 df)

Iteration 3:  6000000 integrand evaluations so far
[1] -1.93237e+06 +- 35671.5  	chisq 3.31581 (2 df)

Iteration 4:  10000000 integrand evaluations so far
[1] -1.95961e+06 +- 16802.9  	chisq 4.06544 (3 df)

Iteration 5:  15000000 integrand evaluations so far
[1] -1.96885e+06 +- 11751.3  	chisq 4.65666 (4 df)

Iteration 6:  21000000 integrand evaluations so far
[1] -1.95991e+06 +- 7268.18  	chisq 5.59382 (5 df)

Iteration 7:  28000000 integrand evaluations so far
[1] -1.96366e+06 +- 5499.47  	chisq 6.21731 (6 df)

Iteration 8:  36000000 integrand evaluations so far
[1] -1.95596e+06 +- 4374.6  	chisq 11.5555 (7 df)

Iteration 9:  45000000 integrand evaluations so far
[1] -1.95767e+06 +- 3490.9  	chisq 11.9763 (8 df)

Iteration 10:  55000000 integrand evaluations so far
[1] -1.96136e+06 +- 3075.88  	chisq 16.9717 (9 df)
 -1.9614 ± 0.0031 ·10⁺⁰⁶ (11.6mi) ┃Vegas input parameters:
  ndim 8
  ncomp 1
  nvec 1
  epsrel 0
  epsabs 0
  flags 10
  seed 123456
  mineval 5000000
  maxeval 50000000
  nstart 1000000
  nincrease 1000000
  nbatch 5000
  gridno 0
  statefile ""

Iteration 1:  1000000 integrand evaluations so far
[1] 2.58726e+06 +- 67880.6  	chisq 0 (0 df)

Iteration 2:  3000000 integrand evaluations so far
[1] 2.59696e+06 +- 9205.48  	chisq 0.0207965 (1 df)

Iteration 3:  6000000 integrand evaluations so far
[1] 2.60589e+06 +- 3296.34  	chisq 1.10106 (2 df)

Iteration 4:  10000000 integrand evaluations so far
[1] 2.6073e+06 +- 1968.58  	chisq 1.3841 (3 df)

Iteration 5:  15000000 integrand evaluations so far
[1] 2.60673e+06 +- 1325  	chisq 1.53453 (4 df)

Iteration 6:  21000000 integrand evaluations so far
[1] 2.6067e+06 +- 966.306  	chisq 1.53596 (5 df)

Iteration 7:  28000000 integrand evaluations so far
[1] 2.60763e+06 +- 763.038  	chisq 4.00961 (6 df)

Iteration 8:  36000000 integrand evaluations so far
[1] 2.60752e+06 +- 635.539  	chisq 4.08085 (7 df)

Iteration 9:  45000000 integrand evaluations so far
[1] 2.60762e+06 +- 547.268  	chisq 4.17972 (8 df)

Iteration 10:  55000000 integrand evaluations so far
[1] 2.60754e+06 +- 482.175  	chisq 4.27997 (9 df)
 2.60754 ± 0.00048 ·10⁺⁰⁶ (9.58mi) ┃   670.8 ±    3.2 ·10⁺⁰³ (22.9mi) ┃
┃  0.5 -   0.6 ┃  663.47 ±   0.14 ·10⁺⁰³ (1.13mi) ┃ -638.81 ±   0.51 ·10⁺⁰³ ( 41.2s) ┃Vegas input parameters:
  ndim 10
  ncomp 1
  nvec 1
  epsrel 0
  epsabs 0
  flags 10
  seed 123456
  mineval 50000000
  maxeval 50000000
  nstart 1000000
  nincrease 1000000
  nbatch 5000
  gridno 0
  statefile ""

Iteration 1:  1000000 integrand evaluations so far
[1] -1.8212e+06 +- 173826  	chisq 0 (0 df)

Iteration 2:  3000000 integrand evaluations so far
[1] -1.819e+06 +- 71754.4  	chisq 0.000192725 (1 df)

Iteration 3:  6000000 integrand evaluations so far
[1] -1.93237e+06 +- 35671.5  	chisq 3.31581 (2 df)

Iteration 4:  10000000 integrand evaluations so far
[1] -1.95961e+06 +- 16802.9  	chisq 4.06544 (3 df)

Iteration 5:  15000000 integrand evaluations so far
[1] -1.96885e+06 +- 11751.3  	chisq 4.65666 (4 df)

Iteration 6:  21000000 integrand evaluations so far
[1] -1.95991e+06 +- 7268.18  	chisq 5.59382 (5 df)

Iteration 7:  28000000 integrand evaluations so far
[1] -1.96366e+06 +- 5499.47  	chisq 6.21731 (6 df)

Iteration 8:  36000000 integrand evaluations so far
[1] -1.95596e+06 +- 4374.6  	chisq 11.5555 (7 df)

Iteration 9:  45000000 integrand evaluations so far
[1] -1.95767e+06 +- 3490.9  	chisq 11.9763 (8 df)

Iteration 10:  55000000 integrand evaluations so far
[1] -1.96136e+06 +- 3075.88  	chisq 16.9717 (9 df)
 -1.9614 ± 0.0031 ·10⁺⁰⁶ (11.4mi) ┃Vegas input parameters:
  ndim 8
  ncomp 1
  nvec 1
  epsrel 0
  epsabs 0
  flags 10
  seed 123456
  mineval 5000000
  maxeval 50000000
  nstart 1000000
  nincrease 1000000
  nbatch 5000
  gridno 0
  statefile ""

Iteration 1:  1000000 integrand evaluations so far
[1] 2.58726e+06 +- 67880.6  	chisq 0 (0 df)

Iteration 2:  3000000 integrand evaluations so far
[1] 2.59696e+06 +- 9205.48  	chisq 0.0207965 (1 df)

Iteration 3:  6000000 integrand evaluations so far
[1] 2.60589e+06 +- 3296.34  	chisq 1.10106 (2 df)

Iteration 4:  10000000 integrand evaluations so far
[1] 2.6073e+06 +- 1968.58  	chisq 1.3841 (3 df)

Iteration 5:  15000000 integrand evaluations so far
[1] 2.60673e+06 +- 1325  	chisq 1.53453 (4 df)

Iteration 6:  21000000 integrand evaluations so far
[1] 2.6067e+06 +- 966.306  	chisq 1.53596 (5 df)

Iteration 7:  28000000 integrand evaluations so far
[1] 2.60763e+06 +- 763.038  	chisq 4.00961 (6 df)

Iteration 8:  36000000 integrand evaluations so far
[1] 2.60752e+06 +- 635.539  	chisq 4.08085 (7 df)

Iteration 9:  45000000 integrand evaluations so far
[1] 2.60762e+06 +- 547.268  	chisq 4.17972 (8 df)

Iteration 10:  55000000 integrand evaluations so far
[1] 2.60754e+06 +- 482.175  	chisq 4.27997 (9 df)
 2.60754 ± 0.00048 ·10⁺⁰⁶ (9.58mi) ┃   670.8 ±    3.2 ·10⁺⁰³ (22.8mi) ┃
┃  0.6 -   0.7 ┃  663.47 ±   0.14 ·10⁺⁰³ (1.12mi) ┃ -638.81 ±   0.51 ·10⁺⁰³ ( 40.3s) ┃Vegas input parameters:
  ndim 10
  ncomp 1
  nvec 1
  epsrel 0
  epsabs 0
  flags 10
  seed 123456
  mineval 50000000
  maxeval 50000000
  nstart 1000000
  nincrease 1000000
  nbatch 5000
  gridno 0
  statefile ""

Iteration 1:  1000000 integrand evaluations so far
[1] -1.8212e+06 +- 173826  	chisq 0 (0 df)

Iteration 2:  3000000 integrand evaluations so far
[1] -1.819e+06 +- 71754.4  	chisq 0.000192725 (1 df)

Iteration 3:  6000000 integrand evaluations so far
[1] -1.93237e+06 +- 35671.5  	chisq 3.31581 (2 df)

Iteration 4:  10000000 integrand evaluations so far
[1] -1.95961e+06 +- 16802.9  	chisq 4.06544 (3 df)

Iteration 5:  15000000 integrand evaluations so far
[1] -1.96885e+06 +- 11751.3  	chisq 4.65666 (4 df)

Iteration 6:  21000000 integrand evaluations so far
[1] -1.95991e+06 +- 7268.18  	chisq 5.59382 (5 df)

Iteration 7:  28000000 integrand evaluations so far
[1] -1.96366e+06 +- 5499.47  	chisq 6.21731 (6 df)

Iteration 8:  36000000 integrand evaluations so far
[1] -1.95596e+06 +- 4374.6  	chisq 11.5555 (7 df)

Iteration 9:  45000000 integrand evaluations so far
[1] -1.95767e+06 +- 3490.9  	chisq 11.9763 (8 df)

Iteration 10:  55000000 integrand evaluations so far
[1] -1.96136e+06 +- 3075.88  	chisq 16.9717 (9 df)
 -1.9614 ± 0.0031 ·10⁺⁰⁶ (11.6mi) ┃Vegas input parameters:
  ndim 8
  ncomp 1
  nvec 1
  epsrel 0
  epsabs 0
  flags 10
  seed 123456
  mineval 5000000
  maxeval 50000000
  nstart 1000000
  nincrease 1000000
  nbatch 5000
  gridno 0
  statefile ""

Iteration 1:  1000000 integrand evaluations so far
[1] 2.58726e+06 +- 67880.6  	chisq 0 (0 df)

Iteration 2:  3000000 integrand evaluations so far
[1] 2.59696e+06 +- 9205.48  	chisq 0.0207965 (1 df)

Iteration 3:  6000000 integrand evaluations so far
[1] 2.60589e+06 +- 3296.34  	chisq 1.10106 (2 df)

Iteration 4:  10000000 integrand evaluations so far
[1] 2.6073e+06 +- 1968.58  	chisq 1.3841 (3 df)

Iteration 5:  15000000 integrand evaluations so far
[1] 2.60673e+06 +- 1325  	chisq 1.53453 (4 df)

Iteration 6:  21000000 integrand evaluations so far
[1] 2.6067e+06 +- 966.306  	chisq 1.53596 (5 df)

Iteration 7:  28000000 integrand evaluations so far
[1] 2.60763e+06 +- 763.038  	chisq 4.00961 (6 df)

Iteration 8:  36000000 integrand evaluations so far
[1] 2.60752e+06 +- 635.539  	chisq 4.08085 (7 df)

Iteration 9:  45000000 integrand evaluations so far
[1] 2.60762e+06 +- 547.268  	chisq 4.17972 (8 df)

Iteration 10:  55000000 integrand evaluations so far
[1] 2.60754e+06 +- 482.175  	chisq 4.27997 (9 df)
 2.60754 ± 0.00048 ·10⁺⁰⁶ (9.57mi) ┃   670.8 ±    3.2 ·10⁺⁰³ (22.9mi) ┃
┃  0.7 -   0.8 ┃  663.47 ±   0.14 ·10⁺⁰³ (1.13mi) ┃ -638.81 ±   0.51 ·10⁺⁰³ ( 41.2s) ┃Vegas input parameters:
  ndim 10
  ncomp 1
  nvec 1
  epsrel 0
  epsabs 0
  flags 10
  seed 123456
  mineval 50000000
  maxeval 50000000
  nstart 1000000
  nincrease 1000000
  nbatch 5000
  gridno 0
  statefile ""

Iteration 1:  1000000 integrand evaluations so far
[1] -1.8212e+06 +- 173826  	chisq 0 (0 df)

Iteration 2:  3000000 integrand evaluations so far
[1] -1.819e+06 +- 71754.4  	chisq 0.000192725 (1 df)

Iteration 3:  6000000 integrand evaluations so far
[1] -1.93237e+06 +- 35671.5  	chisq 3.31581 (2 df)

Iteration 4:  10000000 integrand evaluations so far
[1] -1.95961e+06 +- 16802.9  	chisq 4.06544 (3 df)

Iteration 5:  15000000 integrand evaluations so far
[1] -1.96885e+06 +- 11751.3  	chisq 4.65666 (4 df)

Iteration 6:  21000000 integrand evaluations so far
[1] -1.95991e+06 +- 7268.18  	chisq 5.59382 (5 df)

Iteration 7:  28000000 integrand evaluations so far
[1] -1.96366e+06 +- 5499.47  	chisq 6.21731 (6 df)

Iteration 8:  36000000 integrand evaluations so far
[1] -1.95596e+06 +- 4374.6  	chisq 11.5555 (7 df)

Iteration 9:  45000000 integrand evaluations so far
[1] -1.95767e+06 +- 3490.9  	chisq 11.9763 (8 df)

Iteration 10:  55000000 integrand evaluations so far
[1] -1.96136e+06 +- 3075.88  	chisq 16.9717 (9 df)
 -1.9614 ± 0.0031 ·10⁺⁰⁶ (11.8mi) ┃Vegas input parameters:
  ndim 8
  ncomp 1
  nvec 1
  epsrel 0
  epsabs 0
  flags 10
  seed 123456
  mineval 5000000
  maxeval 50000000
  nstart 1000000
  nincrease 1000000
  nbatch 5000
  gridno 0
  statefile ""

Iteration 1:  1000000 integrand evaluations so far
[1] 2.58726e+06 +- 67880.6  	chisq 0 (0 df)

Iteration 2:  3000000 integrand evaluations so far
[1] 2.59696e+06 +- 9205.48  	chisq 0.0207965 (1 df)

Iteration 3:  6000000 integrand evaluations so far
[1] 2.60589e+06 +- 3296.34  	chisq 1.10106 (2 df)

Iteration 4:  10000000 integrand evaluations so far
[1] 2.6073e+06 +- 1968.58  	chisq 1.3841 (3 df)

Iteration 5:  15000000 integrand evaluations so far
[1] 2.60673e+06 +- 1325  	chisq 1.53453 (4 df)

Iteration 6:  21000000 integrand evaluations so far
[1] 2.6067e+06 +- 966.306  	chisq 1.53596 (5 df)

Iteration 7:  28000000 integrand evaluations so far
[1] 2.60763e+06 +- 763.038  	chisq 4.00961 (6 df)

Iteration 8:  36000000 integrand evaluations so far
[1] 2.60752e+06 +- 635.539  	chisq 4.08085 (7 df)

Iteration 9:  45000000 integrand evaluations so far
[1] 2.60762e+06 +- 547.268  	chisq 4.17972 (8 df)

Iteration 10:  55000000 integrand evaluations so far
[1] 2.60754e+06 +- 482.175  	chisq 4.27997 (9 df)
 2.60754 ± 0.00048 ·10⁺⁰⁶ ( 9.6mi) ┃   670.8 ±    3.2 ·10⁺⁰³ (23.2mi) ┃
┃  0.8 -   0.9 ┃  663.47 ±   0.14 ·10⁺⁰³ (1.12mi) ┃ -638.81 ±   0.51 ·10⁺⁰³ ( 40.6s) ┃Vegas input parameters:
  ndim 10
  ncomp 1
  nvec 1
  epsrel 0
  epsabs 0
  flags 10
  seed 123456
  mineval 50000000
  maxeval 50000000
  nstart 1000000
  nincrease 1000000
  nbatch 5000
  gridno 0
  statefile ""

Iteration 1:  1000000 integrand evaluations so far
[1] -1.8212e+06 +- 173826  	chisq 0 (0 df)

Iteration 2:  3000000 integrand evaluations so far
[1] -1.819e+06 +- 71754.4  	chisq 0.000192725 (1 df)

Iteration 3:  6000000 integrand evaluations so far
[1] -1.93237e+06 +- 35671.5  	chisq 3.31581 (2 df)

Iteration 4:  10000000 integrand evaluations so far
[1] -1.95961e+06 +- 16802.9  	chisq 4.06544 (3 df)

Iteration 5:  15000000 integrand evaluations so far
[1] -1.96885e+06 +- 11751.3  	chisq 4.65666 (4 df)

Iteration 6:  21000000 integrand evaluations so far
[1] -1.95991e+06 +- 7268.18  	chisq 5.59382 (5 df)

Iteration 7:  28000000 integrand evaluations so far
[1] -1.96366e+06 +- 5499.47  	chisq 6.21731 (6 df)

Iteration 8:  36000000 integrand evaluations so far
[1] -1.95596e+06 +- 4374.6  	chisq 11.5555 (7 df)

Iteration 9:  45000000 integrand evaluations so far
[1] -1.95767e+06 +- 3490.9  	chisq 11.9763 (8 df)

Iteration 10:  55000000 integrand evaluations so far
[1] -1.96136e+06 +- 3075.88  	chisq 16.9717 (9 df)
 -1.9614 ± 0.0031 ·10⁺⁰⁶ (11.5mi) ┃Vegas input parameters:
  ndim 8
  ncomp 1
  nvec 1
  epsrel 0
  epsabs 0
  flags 10
  seed 123456
  mineval 5000000
  maxeval 50000000
  nstart 1000000
  nincrease 1000000
  nbatch 5000
  gridno 0
  statefile ""

Iteration 1:  1000000 integrand evaluations so far
[1] 2.58726e+06 +- 67880.6  	chisq 0 (0 df)

Iteration 2:  3000000 integrand evaluations so far
[1] 2.59696e+06 +- 9205.48  	chisq 0.0207965 (1 df)

Iteration 3:  6000000 integrand evaluations so far
[1] 2.60589e+06 +- 3296.34  	chisq 1.10106 (2 df)

Iteration 4:  10000000 integrand evaluations so far
[1] 2.6073e+06 +- 1968.58  	chisq 1.3841 (3 df)

Iteration 5:  15000000 integrand evaluations so far
[1] 2.60673e+06 +- 1325  	chisq 1.53453 (4 df)

Iteration 6:  21000000 integrand evaluations so far
[1] 2.6067e+06 +- 966.306  	chisq 1.53596 (5 df)

Iteration 7:  28000000 integrand evaluations so far
[1] 2.60763e+06 +- 763.038  	chisq 4.00961 (6 df)

Iteration 8:  36000000 integrand evaluations so far
[1] 2.60752e+06 +- 635.539  	chisq 4.08085 (7 df)

Iteration 9:  45000000 integrand evaluations so far
[1] 2.60762e+06 +- 547.268  	chisq 4.17972 (8 df)

Iteration 10:  55000000 integrand evaluations so far
[1] 2.60754e+06 +- 482.175  	chisq 4.27997 (9 df)
 2.60754 ± 0.00048 ·10⁺⁰⁶ (9.48mi) ┃   670.8 ±    3.2 ·10⁺⁰³ (22.8mi) ┃
┃  0.9 -     1 ┃  663.47 ±   0.14 ·10⁺⁰³ (1.11mi) ┃ -638.81 ±   0.51 ·10⁺⁰³ ( 40.6s) ┃Vegas input parameters:
  ndim 10
  ncomp 1
  nvec 1
  epsrel 0
  epsabs 0
  flags 10
  seed 123456
  mineval 50000000
  maxeval 50000000
  nstart 1000000
  nincrease 1000000
  nbatch 5000
  gridno 0
  statefile ""

Iteration 1:  1000000 integrand evaluations so far
[1] -1.8212e+06 +- 173826  	chisq 0 (0 df)

Iteration 2:  3000000 integrand evaluations so far
[1] -1.819e+06 +- 71754.4  	chisq 0.000192725 (1 df)

Iteration 3:  6000000 integrand evaluations so far
[1] -1.93237e+06 +- 35671.5  	chisq 3.31581 (2 df)

Iteration 4:  10000000 integrand evaluations so far
[1] -1.95961e+06 +- 16802.9  	chisq 4.06544 (3 df)

Iteration 5:  15000000 integrand evaluations so far
[1] -1.96885e+06 +- 11751.3  	chisq 4.65666 (4 df)

Iteration 6:  21000000 integrand evaluations so far
[1] -1.95991e+06 +- 7268.18  	chisq 5.59382 (5 df)

Iteration 7:  28000000 integrand evaluations so far
[1] -1.96366e+06 +- 5499.47  	chisq 6.21731 (6 df)

Iteration 8:  36000000 integrand evaluations so far
[1] -1.95596e+06 +- 4374.6  	chisq 11.5555 (7 df)

Iteration 9:  45000000 integrand evaluations so far
[1] -1.95767e+06 +- 3490.9  	chisq 11.9763 (8 df)

Iteration 10:  55000000 integrand evaluations so far
[1] -1.96136e+06 +- 3075.88  	chisq 16.9717 (9 df)
 -1.9614 ± 0.0031 ·10⁺⁰⁶ (11.4mi) ┃Vegas input parameters:
  ndim 8
  ncomp 1
  nvec 1
  epsrel 0
  epsabs 0
  flags 10
  seed 123456
  mineval 5000000
  maxeval 50000000
  nstart 1000000
  nincrease 1000000
  nbatch 5000
  gridno 0
  statefile ""

Iteration 1:  1000000 integrand evaluations so far
[1] 2.58726e+06 +- 67880.6  	chisq 0 (0 df)

Iteration 2:  3000000 integrand evaluations so far
[1] 2.59696e+06 +- 9205.48  	chisq 0.0207965 (1 df)

Iteration 3:  6000000 integrand evaluations so far
[1] 2.60589e+06 +- 3296.34  	chisq 1.10106 (2 df)

Iteration 4:  10000000 integrand evaluations so far
[1] 2.6073e+06 +- 1968.58  	chisq 1.3841 (3 df)

Iteration 5:  15000000 integrand evaluations so far
[1] 2.60673e+06 +- 1325  	chisq 1.53453 (4 df)

Iteration 6:  21000000 integrand evaluations so far
[1] 2.6067e+06 +- 966.306  	chisq 1.53596 (5 df)

Iteration 7:  28000000 integrand evaluations so far
[1] 2.60763e+06 +- 763.038  	chisq 4.00961 (6 df)

Iteration 8:  36000000 integrand evaluations so far
[1] 2.60752e+06 +- 635.539  	chisq 4.08085 (7 df)

Iteration 9:  45000000 integrand evaluations so far
[1] 2.60762e+06 +- 547.268  	chisq 4.17972 (8 df)

Iteration 10:  55000000 integrand evaluations so far
[1] 2.60754e+06 +- 482.175  	chisq 4.27997 (9 df)
 2.60754 ± 0.00048 ·10⁺⁰⁶ (9.38mi) ┃   670.8 ±    3.2 ·10⁺⁰³ (22.5mi) ┃
┃    1 -   1.1 ┃  663.47 ±   0.14 ·10⁺⁰³ (1.08mi) ┃ -638.81 ±   0.51 ·10⁺⁰³ ( 39.7s) ┃Vegas input parameters:
  ndim 10
  ncomp 1
  nvec 1
  epsrel 0
  epsabs 0
  flags 10
  seed 123456
  mineval 50000000
  maxeval 50000000
  nstart 1000000
  nincrease 1000000
  nbatch 5000
  gridno 0
  statefile ""

Iteration 1:  1000000 integrand evaluations so far
[1] -1.8212e+06 +- 173826  	chisq 0 (0 df)

Iteration 2:  3000000 integrand evaluations so far
[1] -1.819e+06 +- 71754.4  	chisq 0.000192725 (1 df)

Iteration 3:  6000000 integrand evaluations so far
[1] -1.93237e+06 +- 35671.5  	chisq 3.31581 (2 df)

Iteration 4:  10000000 integrand evaluations so far
[1] -1.95961e+06 +- 16802.9  	chisq 4.06544 (3 df)

Iteration 5:  15000000 integrand evaluations so far
[1] -1.96885e+06 +- 11751.3  	chisq 4.65666 (4 df)

Iteration 6:  21000000 integrand evaluations so far
[1] -1.95991e+06 +- 7268.18  	chisq 5.59382 (5 df)

Iteration 7:  28000000 integrand evaluations so far
[1] -1.96366e+06 +- 5499.47  	chisq 6.21731 (6 df)

Iteration 8:  36000000 integrand evaluations so far
[1] -1.95596e+06 +- 4374.6  	chisq 11.5555 (7 df)

Iteration 9:  45000000 integrand evaluations so far
[1] -1.95767e+06 +- 3490.9  	chisq 11.9763 (8 df)

Iteration 10:  55000000 integrand evaluations so far
[1] -1.96136e+06 +- 3075.88  	chisq 16.9717 (9 df)
 -1.9614 ± 0.0031 ·10⁺⁰⁶ (11.3mi) ┃Vegas input parameters:
  ndim 8
  ncomp 1
  nvec 1
  epsrel 0
  epsabs 0
  flags 10
  seed 123456
  mineval 5000000
  maxeval 50000000
  nstart 1000000
  nincrease 1000000
  nbatch 5000
  gridno 0
  statefile ""

Iteration 1:  1000000 integrand evaluations so far
[1] 2.58726e+06 +- 67880.6  	chisq 0 (0 df)

Iteration 2:  3000000 integrand evaluations so far
[1] 2.59696e+06 +- 9205.48  	chisq 0.0207965 (1 df)

Iteration 3:  6000000 integrand evaluations so far
[1] 2.60589e+06 +- 3296.34  	chisq 1.10106 (2 df)

Iteration 4:  10000000 integrand evaluations so far
[1] 2.6073e+06 +- 1968.58  	chisq 1.3841 (3 df)

Iteration 5:  15000000 integrand evaluations so far
[1] 2.60673e+06 +- 1325  	chisq 1.53453 (4 df)

Iteration 6:  21000000 integrand evaluations so far
[1] 2.6067e+06 +- 966.306  	chisq 1.53596 (5 df)

Iteration 7:  28000000 integrand evaluations so far
[1] 2.60763e+06 +- 763.038  	chisq 4.00961 (6 df)

Iteration 8:  36000000 integrand evaluations so far
[1] 2.60752e+06 +- 635.539  	chisq 4.08085 (7 df)

Iteration 9:  45000000 integrand evaluations so far
[1] 2.60762e+06 +- 547.268  	chisq 4.17972 (8 df)

Iteration 10:  55000000 integrand evaluations so far
[1] 2.60754e+06 +- 482.175  	chisq 4.27997 (9 df)
 2.60754 ± 0.00048 ·10⁺⁰⁶ (9.43mi) ┃   670.8 ±    3.2 ·10⁺⁰³ (22.4mi) ┃
┃  1.1 -   1.2 ┃  663.47 ±   0.14 ·10⁺⁰³ (1.07mi) ┃ -638.81 ±   0.51 ·10⁺⁰³ (   39s) ┃Vegas input parameters:
  ndim 10
  ncomp 1
  nvec 1
  epsrel 0
  epsabs 0
  flags 10
  seed 123456
  mineval 50000000
  maxeval 50000000
  nstart 1000000
  nincrease 1000000
  nbatch 5000
  gridno 0
  statefile ""

Iteration 1:  1000000 integrand evaluations so far
[1] -1.8212e+06 +- 173826  	chisq 0 (0 df)

Iteration 2:  3000000 integrand evaluations so far
[1] -1.819e+06 +- 71754.4  	chisq 0.000192725 (1 df)

Iteration 3:  6000000 integrand evaluations so far
[1] -1.93237e+06 +- 35671.5  	chisq 3.31581 (2 df)

Iteration 4:  10000000 integrand evaluations so far
[1] -1.95961e+06 +- 16802.9  	chisq 4.06544 (3 df)

Iteration 5:  15000000 integrand evaluations so far
[1] -1.96885e+06 +- 11751.3  	chisq 4.65666 (4 df)

Iteration 6:  21000000 integrand evaluations so far
[1] -1.95991e+06 +- 7268.18  	chisq 5.59382 (5 df)

Iteration 7:  28000000 integrand evaluations so far
[1] -1.96366e+06 +- 5499.47  	chisq 6.21731 (6 df)

Iteration 8:  36000000 integrand evaluations so far
[1] -1.95596e+06 +- 4374.6  	chisq 11.5555 (7 df)

Iteration 9:  45000000 integrand evaluations so far
[1] -1.95767e+06 +- 3490.9  	chisq 11.9763 (8 df)

Iteration 10:  55000000 integrand evaluations so far
[1] -1.96136e+06 +- 3075.88  	chisq 16.9717 (9 df)
 -1.9614 ± 0.0031 ·10⁺⁰⁶ (11.1mi) ┃Vegas input parameters:
  ndim 8
  ncomp 1
  nvec 1
  epsrel 0
  epsabs 0
  flags 10
  seed 123456
  mineval 5000000
  maxeval 50000000
  nstart 1000000
  nincrease 1000000
  nbatch 5000
  gridno 0
  statefile ""

Iteration 1:  1000000 integrand evaluations so far
[1] 2.58726e+06 +- 67880.6  	chisq 0 (0 df)

Iteration 2:  3000000 integrand evaluations so far
[1] 2.59696e+06 +- 9205.48  	chisq 0.0207965 (1 df)

Iteration 3:  6000000 integrand evaluations so far
[1] 2.60589e+06 +- 3296.34  	chisq 1.10106 (2 df)

Iteration 4:  10000000 integrand evaluations so far
[1] 2.6073e+06 +- 1968.58  	chisq 1.3841 (3 df)

Iteration 5:  15000000 integrand evaluations so far
[1] 2.60673e+06 +- 1325  	chisq 1.53453 (4 df)

Iteration 6:  21000000 integrand evaluations so far
[1] 2.6067e+06 +- 966.306  	chisq 1.53596 (5 df)

Iteration 7:  28000000 integrand evaluations so far
[1] 2.60763e+06 +- 763.038  	chisq 4.00961 (6 df)

Iteration 8:  36000000 integrand evaluations so far
[1] 2.60752e+06 +- 635.539  	chisq 4.08085 (7 df)

Iteration 9:  45000000 integrand evaluations so far
[1] 2.60762e+06 +- 547.268  	chisq 4.17972 (8 df)

Iteration 10:  55000000 integrand evaluations so far
[1] 2.60754e+06 +- 482.175  	chisq 4.27997 (9 df)
 2.60754 ± 0.00048 ·10⁺⁰⁶ (9.12mi) ┃   670.8 ±    3.2 ·10⁺⁰³ (  22mi) ┃
┃  1.2 -   1.3 ┃  663.47 ±   0.14 ·10⁺⁰³ (1.07mi) ┃ -638.81 ±   0.51 ·10⁺⁰³ (   39s) ┃Vegas input parameters:
  ndim 10
  ncomp 1
  nvec 1
  epsrel 0
  epsabs 0
  flags 10
  seed 123456
  mineval 50000000
  maxeval 50000000
  nstart 1000000
  nincrease 1000000
  nbatch 5000
  gridno 0
  statefile ""

Iteration 1:  1000000 integrand evaluations so far
[1] -1.8212e+06 +- 173826  	chisq 0 (0 df)

Iteration 2:  3000000 integrand evaluations so far
[1] -1.819e+06 +- 71754.4  	chisq 0.000192725 (1 df)

Iteration 3:  6000000 integrand evaluations so far
[1] -1.93237e+06 +- 35671.5  	chisq 3.31581 (2 df)

Iteration 4:  10000000 integrand evaluations so far
[1] -1.95961e+06 +- 16802.9  	chisq 4.06544 (3 df)

Iteration 5:  15000000 integrand evaluations so far
[1] -1.96885e+06 +- 11751.3  	chisq 4.65666 (4 df)

Iteration 6:  21000000 integrand evaluations so far
[1] -1.95991e+06 +- 7268.18  	chisq 5.59382 (5 df)

Iteration 7:  28000000 integrand evaluations so far
[1] -1.96366e+06 +- 5499.47  	chisq 6.21731 (6 df)

Iteration 8:  36000000 integrand evaluations so far
[1] -1.95596e+06 +- 4374.6  	chisq 11.5555 (7 df)

Iteration 9:  45000000 integrand evaluations so far
[1] -1.95767e+06 +- 3490.9  	chisq 11.9763 (8 df)

Iteration 10:  55000000 integrand evaluations so far
[1] -1.96136e+06 +- 3075.88  	chisq 16.9717 (9 df)
 -1.9614 ± 0.0031 ·10⁺⁰⁶ (10.9mi) ┃Vegas input parameters:
  ndim 8
  ncomp 1
  nvec 1
  epsrel 0
  epsabs 0
  flags 10
  seed 123456
  mineval 5000000
  maxeval 50000000
  nstart 1000000
  nincrease 1000000
  nbatch 5000
  gridno 0
  statefile ""

Iteration 1:  1000000 integrand evaluations so far
[1] 2.58726e+06 +- 67880.6  	chisq 0 (0 df)

Iteration 2:  3000000 integrand evaluations so far
[1] 2.59696e+06 +- 9205.48  	chisq 0.0207965 (1 df)

Iteration 3:  6000000 integrand evaluations so far
[1] 2.60589e+06 +- 3296.34  	chisq 1.10106 (2 df)

Iteration 4:  10000000 integrand evaluations so far
[1] 2.6073e+06 +- 1968.58  	chisq 1.3841 (3 df)

Iteration 5:  15000000 integrand evaluations so far
[1] 2.60673e+06 +- 1325  	chisq 1.53453 (4 df)

Iteration 6:  21000000 integrand evaluations so far
[1] 2.6067e+06 +- 966.306  	chisq 1.53596 (5 df)

Iteration 7:  28000000 integrand evaluations so far
[1] 2.60763e+06 +- 763.038  	chisq 4.00961 (6 df)

Iteration 8:  36000000 integrand evaluations so far
[1] 2.60752e+06 +- 635.539  	chisq 4.08085 (7 df)

Iteration 9:  45000000 integrand evaluations so far
[1] 2.60762e+06 +- 547.268  	chisq 4.17972 (8 df)

Iteration 10:  55000000 integrand evaluations so far
[1] 2.60754e+06 +- 482.175  	chisq 4.27997 (9 df)
 2.60754 ± 0.00048 ·10⁺⁰⁶ (9.12mi) ┃   670.8 ±    3.2 ·10⁺⁰³ (21.8mi) ┃
┃  1.3 -   1.4 ┃  663.47 ±   0.14 ·10⁺⁰³ (1.07mi) ┃ -638.81 ±   0.51 ·10⁺⁰³ ( 38.9s) ┃Vegas input parameters:
  ndim 10
  ncomp 1
  nvec 1
  epsrel 0
  epsabs 0
  flags 10
  seed 123456
  mineval 50000000
  maxeval 50000000
  nstart 1000000
  nincrease 1000000
  nbatch 5000
  gridno 0
  statefile ""

Iteration 1:  1000000 integrand evaluations so far
[1] -1.8212e+06 +- 173826  	chisq 0 (0 df)

Iteration 2:  3000000 integrand evaluations so far
[1] -1.819e+06 +- 71754.4  	chisq 0.000192725 (1 df)

Iteration 3:  6000000 integrand evaluations so far
[1] -1.93237e+06 +- 35671.5  	chisq 3.31581 (2 df)

Iteration 4:  10000000 integrand evaluations so far
[1] -1.95961e+06 +- 16802.9  	chisq 4.06544 (3 df)

Iteration 5:  15000000 integrand evaluations so far
[1] -1.96885e+06 +- 11751.3  	chisq 4.65666 (4 df)

Iteration 6:  21000000 integrand evaluations so far
[1] -1.95991e+06 +- 7268.18  	chisq 5.59382 (5 df)

Iteration 7:  28000000 integrand evaluations so far
[1] -1.96366e+06 +- 5499.47  	chisq 6.21731 (6 df)

Iteration 8:  36000000 integrand evaluations so far
[1] -1.95596e+06 +- 4374.6  	chisq 11.5555 (7 df)

Iteration 9:  45000000 integrand evaluations so far
[1] -1.95767e+06 +- 3490.9  	chisq 11.9763 (8 df)

Iteration 10:  55000000 integrand evaluations so far
[1] -1.96136e+06 +- 3075.88  	chisq 16.9717 (9 df)
 -1.9614 ± 0.0031 ·10⁺⁰⁶ (10.9mi) ┃Vegas input parameters:
  ndim 8
  ncomp 1
  nvec 1
  epsrel 0
  epsabs 0
  flags 10
  seed 123456
  mineval 5000000
  maxeval 50000000
  nstart 1000000
  nincrease 1000000
  nbatch 5000
  gridno 0
  statefile ""

Iteration 1:  1000000 integrand evaluations so far
[1] 2.58726e+06 +- 67880.6  	chisq 0 (0 df)

Iteration 2:  3000000 integrand evaluations so far
[1] 2.59696e+06 +- 9205.48  	chisq 0.0207965 (1 df)

Iteration 3:  6000000 integrand evaluations so far
[1] 2.60589e+06 +- 3296.34  	chisq 1.10106 (2 df)

Iteration 4:  10000000 integrand evaluations so far
[1] 2.6073e+06 +- 1968.58  	chisq 1.3841 (3 df)

Iteration 5:  15000000 integrand evaluations so far
[1] 2.60673e+06 +- 1325  	chisq 1.53453 (4 df)

Iteration 6:  21000000 integrand evaluations so far
[1] 2.6067e+06 +- 966.306  	chisq 1.53596 (5 df)

Iteration 7:  28000000 integrand evaluations so far
[1] 2.60763e+06 +- 763.038  	chisq 4.00961 (6 df)

Iteration 8:  36000000 integrand evaluations so far
[1] 2.60752e+06 +- 635.539  	chisq 4.08085 (7 df)

Iteration 9:  45000000 integrand evaluations so far
[1] 2.60762e+06 +- 547.268  	chisq 4.17972 (8 df)

Iteration 10:  55000000 integrand evaluations so far
[1] 2.60754e+06 +- 482.175  	chisq 4.27997 (9 df)
 2.60754 ± 0.00048 ·10⁺⁰⁶ (9.18mi) ┃   670.8 ±    3.2 ·10⁺⁰³ (21.8mi) ┃
┃  1.4 -   1.5 ┃  663.47 ±   0.14 ·10⁺⁰³ (1.08mi) ┃ -638.81 ±   0.51 ·10⁺⁰³ ( 39.1s) ┃Vegas input parameters:
  ndim 10
  ncomp 1
  nvec 1
  epsrel 0
  epsabs 0
  flags 10
  seed 123456
  mineval 50000000
  maxeval 50000000
  nstart 1000000
  nincrease 1000000
  nbatch 5000
  gridno 0
  statefile ""

Iteration 1:  1000000 integrand evaluations so far
[1] -1.8212e+06 +- 173826  	chisq 0 (0 df)

Iteration 2:  3000000 integrand evaluations so far
[1] -1.819e+06 +- 71754.4  	chisq 0.000192725 (1 df)

Iteration 3:  6000000 integrand evaluations so far
[1] -1.93237e+06 +- 35671.5  	chisq 3.31581 (2 df)

Iteration 4:  10000000 integrand evaluations so far
[1] -1.95961e+06 +- 16802.9  	chisq 4.06544 (3 df)

Iteration 5:  15000000 integrand evaluations so far
[1] -1.96885e+06 +- 11751.3  	chisq 4.65666 (4 df)

Iteration 6:  21000000 integrand evaluations so far
[1] -1.95991e+06 +- 7268.18  	chisq 5.59382 (5 df)

Iteration 7:  28000000 integrand evaluations so far
[1] -1.96366e+06 +- 5499.47  	chisq 6.21731 (6 df)

Iteration 8:  36000000 integrand evaluations so far
[1] -1.95596e+06 +- 4374.6  	chisq 11.5555 (7 df)

Iteration 9:  45000000 integrand evaluations so far
[1] -1.95767e+06 +- 3490.9  	chisq 11.9763 (8 df)

Iteration 10:  55000000 integrand evaluations so far
[1] -1.96136e+06 +- 3075.88  	chisq 16.9717 (9 df)
 -1.9614 ± 0.0031 ·10⁺⁰⁶ (10.9mi) ┃Vegas input parameters:
  ndim 8
  ncomp 1
  nvec 1
  epsrel 0
  epsabs 0
  flags 10
  seed 123456
  mineval 5000000
  maxeval 50000000
  nstart 1000000
  nincrease 1000000
  nbatch 5000
  gridno 0
  statefile ""

Iteration 1:  1000000 integrand evaluations so far
[1] 2.58726e+06 +- 67880.6  	chisq 0 (0 df)

Iteration 2:  3000000 integrand evaluations so far
[1] 2.59696e+06 +- 9205.48  	chisq 0.0207965 (1 df)

Iteration 3:  6000000 integrand evaluations so far
[1] 2.60589e+06 +- 3296.34  	chisq 1.10106 (2 df)

Iteration 4:  10000000 integrand evaluations so far
[1] 2.6073e+06 +- 1968.58  	chisq 1.3841 (3 df)

Iteration 5:  15000000 integrand evaluations so far
[1] 2.60673e+06 +- 1325  	chisq 1.53453 (4 df)

Iteration 6:  21000000 integrand evaluations so far
[1] 2.6067e+06 +- 966.306  	chisq 1.53596 (5 df)

Iteration 7:  28000000 integrand evaluations so far
[1] 2.60763e+06 +- 763.038  	chisq 4.00961 (6 df)

Iteration 8:  36000000 integrand evaluations so far
[1] 2.60752e+06 +- 635.539  	chisq 4.08085 (7 df)

Iteration 9:  45000000 integrand evaluations so far
[1] 2.60762e+06 +- 547.268  	chisq 4.17972 (8 df)

Iteration 10:  55000000 integrand evaluations so far
[1] 2.60754e+06 +- 482.175  	chisq 4.27997 (9 df)
 2.60754 ± 0.00048 ·10⁺⁰⁶ (9.27mi) ┃   670.8 ±    3.2 ·10⁺⁰³ (21.9mi) ┃
┃  1.5 -   1.6 ┃  663.47 ±   0.14 ·10⁺⁰³ (1.07mi) ┃ -638.81 ±   0.51 ·10⁺⁰³ ( 39.1s) ┃Vegas input parameters:
  ndim 10
  ncomp 1
  nvec 1
  epsrel 0
  epsabs 0
  flags 10
  seed 123456
  mineval 50000000
  maxeval 50000000
  nstart 1000000
  nincrease 1000000
  nbatch 5000
  gridno 0
  statefile ""

Iteration 1:  1000000 integrand evaluations so far
[1] -1.8212e+06 +- 173826  	chisq 0 (0 df)

Iteration 2:  3000000 integrand evaluations so far
[1] -1.819e+06 +- 71754.4  	chisq 0.000192725 (1 df)

Iteration 3:  6000000 integrand evaluations so far
[1] -1.93237e+06 +- 35671.5  	chisq 3.31581 (2 df)

Iteration 4:  10000000 integrand evaluations so far
[1] -1.95961e+06 +- 16802.9  	chisq 4.06544 (3 df)

Iteration 5:  15000000 integrand evaluations so far
[1] -1.96885e+06 +- 11751.3  	chisq 4.65666 (4 df)

Iteration 6:  21000000 integrand evaluations so far
[1] -1.95991e+06 +- 7268.18  	chisq 5.59382 (5 df)

Iteration 7:  28000000 integrand evaluations so far
[1] -1.96366e+06 +- 5499.47  	chisq 6.21731 (6 df)

Iteration 8:  36000000 integrand evaluations so far
[1] -1.95596e+06 +- 4374.6  	chisq 11.5555 (7 df)

Iteration 9:  45000000 integrand evaluations so far
[1] -1.95767e+06 +- 3490.9  	chisq 11.9763 (8 df)

Iteration 10:  55000000 integrand evaluations so far
[1] -1.96136e+06 +- 3075.88  	chisq 16.9717 (9 df)
 -1.9614 ± 0.0031 ·10⁺⁰⁶ (10.8mi) ┃Vegas input parameters:
  ndim 8
  ncomp 1
  nvec 1
  epsrel 0
  epsabs 0
  flags 10
  seed 123456
  mineval 5000000
  maxeval 50000000
  nstart 1000000
  nincrease 1000000
  nbatch 5000
  gridno 0
  statefile ""

Iteration 1:  1000000 integrand evaluations so far
[1] 2.58726e+06 +- 67880.6  	chisq 0 (0 df)

Iteration 2:  3000000 integrand evaluations so far
[1] 2.59696e+06 +- 9205.48  	chisq 0.0207965 (1 df)

Iteration 3:  6000000 integrand evaluations so far
[1] 2.60589e+06 +- 3296.34  	chisq 1.10106 (2 df)

Iteration 4:  10000000 integrand evaluations so far
[1] 2.6073e+06 +- 1968.58  	chisq 1.3841 (3 df)

Iteration 5:  15000000 integrand evaluations so far
[1] 2.60673e+06 +- 1325  	chisq 1.53453 (4 df)
